ubigeo,region,provincia,distrito,organizacion_politica,total_votos
010102,AMAZONAS,CHACHAPOYAS,ASUNCION,MOVIMIENTO DE INTEGRACION REGIONAL AMAZONICO,31
010102,AMAZONAS,CHACHAPOYAS,ASUNCION,MOVIMIENTO INDEPENDIENTE SURGE AMAZONAS,115
010102,AMAZONAS,CHACHAPOYAS,ASUNCION,MOVIMIENTO REGIONAL AMAZONENSE UNIDOS AL CAMPO,49
010103,AMAZONAS,CHACHAPOYAS,BALSAS,ALIANZA REGIONAL JUNTOS POR AMAZONAS,207
010103,AMAZONAS,CHACHAPOYAS,BALSAS,MOVIMIENTO REGIONAL AMAZONENSE UNIDOS AL CAMPO,98
010103,AMAZONAS,CHACHAPOYAS,BALSAS,MOVIMIENTO REGIONAL FUERZA AMAZONENSE,348
010104,AMAZONAS,CHACHAPOYAS,CHETO,ALIANZA REGIONAL JUNTOS POR AMAZONAS,134
010104,AMAZONAS,CHACHAPOYAS,CHETO,MOVIMIENTO REGIONAL AMAZONENSE UNIDOS AL CAMPO,106
010104,AMAZONAS,CHACHAPOYAS,CHETO,MOVIMIENTO REGIONAL FUERZA AMAZONENSE,135
010104,AMAZONAS,CHACHAPOYAS,CHETO,UNIDAD Y DEMOCRACIA DE AMAZONAS,33
010105,AMAZONAS,CHACHAPOYAS,CHILIQUIN,ALIANZA REGIONAL JUNTOS POR AMAZONAS,212
010105,AMAZONAS,CHACHAPOYAS,CHILIQUIN,MOVIMIENTO DE INTEGRACION REGIONAL AMAZONICO,30
010105,AMAZONAS,CHACHAPOYAS,CHILIQUIN,MOVIMIENTO INDEPENDIENTE SURGE AMAZONAS,89
010105,AMAZONAS,CHACHAPOYAS,CHILIQUIN,MOVIMIENTO REGIONAL AMAZONENSE UNIDOS AL CAMPO,50
010105,AMAZONAS,CHACHAPOYAS,CHILIQUIN,MOVIMIENTO REGIONAL FUERZA AMAZONENSE,83
010106,AMAZONAS,CHACHAPOYAS,CHUQUIBAMBA,ALIANZA PARA EL PROGRESO,26
010106,AMAZONAS,CHACHAPOYAS,CHUQUIBAMBA,ALIANZA REGIONAL JUNTOS POR AMAZONAS,238
010106,AMAZONAS,CHACHAPOYAS,CHUQUIBAMBA,MOVIMIENTO DE INTEGRACION REGIONAL AMAZONICO,62
010106,AMAZONAS,CHACHAPOYAS,CHUQUIBAMBA,MOVIMIENTO INDEPENDIENTE SURGE AMAZONAS,13
010106,AMAZONAS,CHACHAPOYAS,CHUQUIBAMBA,MOVIMIENTO REGIONAL FUERZA AMAZONENSE,242
010106,AMAZONAS,CHACHAPOYAS,CHUQUIBAMBA,PARTIDO APRISTA PERUANO,162
010106,AMAZONAS,CHACHAPOYAS,CHUQUIBAMBA,UNIDAD Y DEMOCRACIA DE AMAZONAS,105
010107,AMAZONAS,CHACHAPOYAS,GRANADA,ALIANZA REGIONAL JUNTOS POR AMAZONAS,104
010107,AMAZONAS,CHACHAPOYAS,GRANADA,MOVIMIENTO INDEPENDIENTE SURGE AMAZONAS,33
010107,AMAZONAS,CHACHAPOYAS,GRANADA,MOVIMIENTO REGIONAL AMAZONENSE UNIDOS AL CAMPO,34
010107,AMAZONAS,CHACHAPOYAS,GRANADA,MOVIMIENTO REGIONAL FUERZA AMAZONENSE,143
010108,AMAZONAS,CHACHAPOYAS,HUANCAS,MOVIMIENTO DE INTEGRACION REGIONAL AMAZONICO,14
010108,AMAZONAS,CHACHAPOYAS,HUANCAS,MOVIMIENTO INDEPENDIENTE SURGE AMAZONAS,35
010108,AMAZONAS,CHACHAPOYAS,HUANCAS,MOVIMIENTO REGIONAL AMAZONENSE UNIDOS AL CAMPO,58
010108,AMAZONAS,CHACHAPOYAS,HUANCAS,MOVIMIENTO REGIONAL FUERZA AMAZONENSE,105
010108,AMAZONAS,CHACHAPOYAS,HUANCAS,PARTIDO APRISTA PERUANO,24
010108,AMAZONAS,CHACHAPOYAS,HUANCAS,UNIDAD Y DEMOCRACIA DE AMAZONAS,17
010108,AMAZONAS,CHACHAPOYAS,HUANCAS,UNION POR EL PERU,37
010109,AMAZONAS,CHACHAPOYAS,LA JALCA,ACCION POPULAR,37
010109,AMAZONAS,CHACHAPOYAS,LA JALCA,ALIANZA PARA EL PROGRESO,405
010109,AMAZONAS,CHACHAPOYAS,LA JALCA,ALIANZA REGIONAL JUNTOS POR AMAZONAS,128
010109,AMAZONAS,CHACHAPOYAS,LA JALCA,MOVIMIENTO DE INTEGRACION REGIONAL AMAZONICO,149
010109,AMAZONAS,CHACHAPOYAS,LA JALCA,MOVIMIENTO INDEPENDIENTE SURGE AMAZONAS,286
010109,AMAZONAS,CHACHAPOYAS,LA JALCA,MOVIMIENTO REGIONAL AMAZONENSE UNIDOS AL CAMPO,321
010109,AMAZONAS,CHACHAPOYAS,LA JALCA,MOVIMIENTO REGIONAL FUERZA AMAZONENSE,273
010109,AMAZONAS,CHACHAPOYAS,LA JALCA,PARTIDO APRISTA PERUANO,215
010109,AMAZONAS,CHACHAPOYAS,LA JALCA,UNIDAD Y DEMOCRACIA DE AMAZONAS,316
010110,AMAZONAS,CHACHAPOYAS,LEIMEBAMBA,ALIANZA PARA EL PROGRESO,197
010110,AMAZONAS,CHACHAPOYAS,LEIMEBAMBA,ALIANZA REGIONAL JUNTOS POR AMAZONAS,214
010110,AMAZONAS,CHACHAPOYAS,LEIMEBAMBA,MOVIMIENTO DE INTEGRACION REGIONAL AMAZONICO,280
010110,AMAZONAS,CHACHAPOYAS,LEIMEBAMBA,MOVIMIENTO REGIONAL AMAZONENSE UNIDOS AL CAMPO,220
010110,AMAZONAS,CHACHAPOYAS,LEIMEBAMBA,MOVIMIENTO REGIONAL FUERZA AMAZONENSE,295
010110,AMAZONAS,CHACHAPOYAS,LEIMEBAMBA,PARTIDO APRISTA PERUANO,373
010111,AMAZONAS,CHACHAPOYAS,LEVANTO,ALIANZA REGIONAL JUNTOS POR AMAZONAS,168
010111,AMAZONAS,CHACHAPOYAS,LEVANTO,MOVIMIENTO DE INTEGRACION REGIONAL AMAZONICO,62
010111,AMAZONAS,CHACHAPOYAS,LEVANTO,MOVIMIENTO REGIONAL AMAZONENSE UNIDOS AL CAMPO,126
010111,AMAZONAS,CHACHAPOYAS,LEVANTO,MOVIMIENTO REGIONAL FUERZA AMAZONENSE,40
010111,AMAZONAS,CHACHAPOYAS,LEVANTO,UNIDAD Y DEMOCRACIA DE AMAZONAS,149
010112,AMAZONAS,CHACHAPOYAS,MAGDALENA,ALIANZA PARA EL PROGRESO,113
010112,AMAZONAS,CHACHAPOYAS,MAGDALENA,ALIANZA REGIONAL JUNTOS POR AMAZONAS,13
010112,AMAZONAS,CHACHAPOYAS,MAGDALENA,MOVIMIENTO INDEPENDIENTE SURGE AMAZONAS,19
010112,AMAZONAS,CHACHAPOYAS,MAGDALENA,MOVIMIENTO REGIONAL AMAZONENSE UNIDOS AL CAMPO,103
010112,AMAZONAS,CHACHAPOYAS,MAGDALENA,MOVIMIENTO REGIONAL FUERZA AMAZONENSE,175
010112,AMAZONAS,CHACHAPOYAS,MAGDALENA,PARTIDO APRISTA PERUANO,23
010112,AMAZONAS,CHACHAPOYAS,MAGDALENA,UNIDAD Y DEMOCRACIA DE AMAZONAS,27
010113,AMAZONAS,CHACHAPOYAS,MARISCAL CASTILLA,ALIANZA REGIONAL JUNTOS POR AMAZONAS,136
010113,AMAZONAS,CHACHAPOYAS,MARISCAL CASTILLA,MOVIMIENTO REGIONAL AMAZONENSE UNIDOS AL CAMPO,39
010113,AMAZONAS,CHACHAPOYAS,MARISCAL CASTILLA,MOVIMIENTO REGIONAL FUERZA AMAZONENSE,351
010113,AMAZONAS,CHACHAPOYAS,MARISCAL CASTILLA,UNIDAD Y DEMOCRACIA DE AMAZONAS,13
010114,AMAZONAS,CHACHAPOYAS,MOLINOPAMPA,ALIANZA REGIONAL JUNTOS POR AMAZONAS,314
010114,AMAZONAS,CHACHAPOYAS,MOLINOPAMPA,MOVIMIENTO INDEPENDIENTE SURGE AMAZONAS,67
010114,AMAZONAS,CHACHAPOYAS,MOLINOPAMPA,MOVIMIENTO REGIONAL FUERZA AMAZONENSE,239
010114,AMAZONAS,CHACHAPOYAS,MOLINOPAMPA,UNIDAD Y DEMOCRACIA DE AMAZONAS,350
010115,AMAZONAS,CHACHAPOYAS,MONTEVIDEO,ALIANZA PARA EL PROGRESO,49
010115,AMAZONAS,CHACHAPOYAS,MONTEVIDEO,ALIANZA REGIONAL JUNTOS POR AMAZONAS,33
010115,AMAZONAS,CHACHAPOYAS,MONTEVIDEO,MOVIMIENTO INDEPENDIENTE SURGE AMAZONAS,15
010115,AMAZONAS,CHACHAPOYAS,MONTEVIDEO,MOVIMIENTO REGIONAL AMAZONENSE UNIDOS AL CAMPO,35
010115,AMAZONAS,CHACHAPOYAS,MONTEVIDEO,MOVIMIENTO REGIONAL FUERZA AMAZONENSE,39
010115,AMAZONAS,CHACHAPOYAS,MONTEVIDEO,PARTIDO APRISTA PERUANO,120
010115,AMAZONAS,CHACHAPOYAS,MONTEVIDEO,UNIDAD Y DEMOCRACIA DE AMAZONAS,62
010116,AMAZONAS,CHACHAPOYAS,OLLEROS,ALIANZA REGIONAL JUNTOS POR AMAZONAS,124
010116,AMAZONAS,CHACHAPOYAS,OLLEROS,MOVIMIENTO INDEPENDIENTE SURGE AMAZONAS,36
010116,AMAZONAS,CHACHAPOYAS,OLLEROS,MOVIMIENTO REGIONAL AMAZONENSE UNIDOS AL CAMPO,53
010116,AMAZONAS,CHACHAPOYAS,OLLEROS,MOVIMIENTO REGIONAL FUERZA AMAZONENSE,53
010117,AMAZONAS,CHACHAPOYAS,QUINJALCA,ALIANZA REGIONAL JUNTOS POR AMAZONAS,132
010117,AMAZONAS,CHACHAPOYAS,QUINJALCA,MOVIMIENTO DE INTEGRACION REGIONAL AMAZONICO,87
010117,AMAZONAS,CHACHAPOYAS,QUINJALCA,MOVIMIENTO INDEPENDIENTE SURGE AMAZONAS,107
010117,AMAZONAS,CHACHAPOYAS,QUINJALCA,MOVIMIENTO REGIONAL AMAZONENSE UNIDOS AL CAMPO,37
010117,AMAZONAS,CHACHAPOYAS,QUINJALCA,MOVIMIENTO REGIONAL FUERZA AMAZONENSE,125
010117,AMAZONAS,CHACHAPOYAS,QUINJALCA,PARTIDO APRISTA PERUANO,22
010118,AMAZONAS,CHACHAPOYAS,SAN FRANCISCO DE DAGUAS,ALIANZA REGIONAL JUNTOS POR AMAZONAS,64
010118,AMAZONAS,CHACHAPOYAS,SAN FRANCISCO DE DAGUAS,MOVIMIENTO INDEPENDIENTE SURGE AMAZONAS,79
010118,AMAZONAS,CHACHAPOYAS,SAN FRANCISCO DE DAGUAS,MOVIMIENTO REGIONAL AMAZONENSE UNIDOS AL CAMPO,65
010118,AMAZONAS,CHACHAPOYAS,SAN FRANCISCO DE DAGUAS,MOVIMIENTO REGIONAL FUERZA AMAZONENSE,22
010119,AMAZONAS,CHACHAPOYAS,SAN ISIDRO DE MAINO,ALIANZA REGIONAL JUNTOS POR AMAZONAS,80
010119,AMAZONAS,CHACHAPOYAS,SAN ISIDRO DE MAINO,MOVIMIENTO INDEPENDIENTE SURGE AMAZONAS,46
010119,AMAZONAS,CHACHAPOYAS,SAN ISIDRO DE MAINO,MOVIMIENTO REGIONAL FUERZA AMAZONENSE,230
010120,AMAZONAS,CHACHAPOYAS,SOLOCO,ACCION POPULAR,77
010120,AMAZONAS,CHACHAPOYAS,SOLOCO,ALIANZA PARA EL PROGRESO,65
010120,AMAZONAS,CHACHAPOYAS,SOLOCO,ALIANZA REGIONAL JUNTOS POR AMAZONAS,140
010120,AMAZONAS,CHACHAPOYAS,SOLOCO,MOVIMIENTO DE INTEGRACION REGIONAL AMAZONICO,43
010120,AMAZONAS,CHACHAPOYAS,SOLOCO,MOVIMIENTO INDEPENDIENTE SURGE AMAZONAS,39
010120,AMAZONAS,CHACHAPOYAS,SOLOCO,MOVIMIENTO REGIONAL AMAZONENSE UNIDOS AL CAMPO,190
010120,AMAZONAS,CHACHAPOYAS,SOLOCO,MOVIMIENTO REGIONAL FUERZA AMAZONENSE,207
010120,AMAZONAS,CHACHAPOYAS,SOLOCO,UNIDAD Y DEMOCRACIA DE AMAZONAS,7
010121,AMAZONAS,CHACHAPOYAS,SONCHE,ALIANZA REGIONAL JUNTOS POR AMAZONAS,80
010121,AMAZONAS,CHACHAPOYAS,SONCHE,MOVIMIENTO REGIONAL FUERZA AMAZONENSE,101
010201,AMAZONAS,BAGUA,LA PECA,ACCION POPULAR,577
010201,AMAZONAS,BAGUA,LA PECA,ALIANZA REGIONAL JUNTOS POR AMAZONAS,1726
010201,AMAZONAS,BAGUA,LA PECA,DESARROLLO SOCIAL AMAZONENSE,237
010201,AMAZONAS,BAGUA,LA PECA,MOVIMIENTO DE INTEGRACION REGIONAL AMAZONICO,444
010201,AMAZONAS,BAGUA,LA PECA,MOVIMIENTO INDEPENDIENTE SURGE AMAZONAS,858
010201,AMAZONAS,BAGUA,LA PECA,MOVIMIENTO REGIONAL AMAZONENSE UNIDOS AL CAMPO,1381
010201,AMAZONAS,BAGUA,LA PECA,MOVIMIENTO REGIONAL FUERZA AMAZONENSE,551
010201,AMAZONAS,BAGUA,LA PECA,PARTIDO APRISTA PERUANO,214
010201,AMAZONAS,BAGUA,LA PECA,UNIDAD Y DEMOCRACIA DE AMAZONAS,143
010202,AMAZONAS,BAGUA,ARAMANGO,ACCION POPULAR,117
010202,AMAZONAS,BAGUA,ARAMANGO,ALIANZA REGIONAL JUNTOS POR AMAZONAS,1668
010202,AMAZONAS,BAGUA,ARAMANGO,MOVIMIENTO DE INTEGRACION REGIONAL AMAZONICO,248
010202,AMAZONAS,BAGUA,ARAMANGO,MOVIMIENTO INDEPENDIENTE SURGE AMAZONAS,290
010202,AMAZONAS,BAGUA,ARAMANGO,MOVIMIENTO REGIONAL AMAZONENSE UNIDOS AL CAMPO,1566
010202,AMAZONAS,BAGUA,ARAMANGO,MOVIMIENTO REGIONAL FUERZA AMAZONENSE,1047
010202,AMAZONAS,BAGUA,ARAMANGO,PARTIDO APRISTA PERUANO,234
010202,AMAZONAS,BAGUA,ARAMANGO,UNIDAD Y DEMOCRACIA DE AMAZONAS,42
010203,AMAZONAS,BAGUA,COPALLIN,ACCION POPULAR,661
010203,AMAZONAS,BAGUA,COPALLIN,ALIANZA REGIONAL JUNTOS POR AMAZONAS,649
010203,AMAZONAS,BAGUA,COPALLIN,DESARROLLO SOCIAL AMAZONENSE,480
010203,AMAZONAS,BAGUA,COPALLIN,MOVIMIENTO DE INTEGRACION REGIONAL AMAZONICO,49
010203,AMAZONAS,BAGUA,COPALLIN,MOVIMIENTO INDEPENDIENTE SURGE AMAZONAS,46
010203,AMAZONAS,BAGUA,COPALLIN,MOVIMIENTO REGIONAL AMAZONENSE UNIDOS AL CAMPO,77
010203,AMAZONAS,BAGUA,COPALLIN,MOVIMIENTO REGIONAL FUERZA AMAZONENSE,707
010203,AMAZONAS,BAGUA,COPALLIN,PARTIDO APRISTA PERUANO,88
010203,AMAZONAS,BAGUA,COPALLIN,UNIDAD Y DEMOCRACIA DE AMAZONAS,41
010204,AMAZONAS,BAGUA,EL PARCO,ACCION POPULAR,176
010204,AMAZONAS,BAGUA,EL PARCO,ALIANZA REGIONAL JUNTOS POR AMAZONAS,184
010204,AMAZONAS,BAGUA,EL PARCO,MOVIMIENTO DE INTEGRACION REGIONAL AMAZONICO,346
010204,AMAZONAS,BAGUA,EL PARCO,MOVIMIENTO INDEPENDIENTE SURGE AMAZONAS,28
010204,AMAZONAS,BAGUA,EL PARCO,MOVIMIENTO REGIONAL AMAZONENSE UNIDOS AL CAMPO,6
010204,AMAZONAS,BAGUA,EL PARCO,MOVIMIENTO REGIONAL FUERZA AMAZONENSE,155
010204,AMAZONAS,BAGUA,EL PARCO,PARTIDO APRISTA PERUANO,37
010206,AMAZONAS,BAGUA,IMAZA,ACCION POPULAR,1292
010206,AMAZONAS,BAGUA,IMAZA,ALIANZA PARA EL PROGRESO,1139
010206,AMAZONAS,BAGUA,IMAZA,ALIANZA REGIONAL JUNTOS POR AMAZONAS,233
010206,AMAZONAS,BAGUA,IMAZA,DESARROLLO SOCIAL AMAZONENSE,113
010206,AMAZONAS,BAGUA,IMAZA,MOVIMIENTO DE INTEGRACION REGIONAL AMAZONICO,505
010206,AMAZONAS,BAGUA,IMAZA,MOVIMIENTO INDEPENDIENTE SURGE AMAZONAS,1006
010206,AMAZONAS,BAGUA,IMAZA,MOVIMIENTO REGIONAL AMAZONENSE UNIDOS AL CAMPO,1035
010206,AMAZONAS,BAGUA,IMAZA,MOVIMIENTO REGIONAL FUERZA AMAZONENSE,927
010206,AMAZONAS,BAGUA,IMAZA,PARTIDO APRISTA PERUANO,117
010206,AMAZONAS,BAGUA,IMAZA,PERU POSIBLE,385
010206,AMAZONAS,BAGUA,IMAZA,UNIDAD Y DEMOCRACIA DE AMAZONAS,559
010302,AMAZONAS,BONGARA,COROSHA,ALIANZA REGIONAL JUNTOS POR AMAZONAS,164
010302,AMAZONAS,BONGARA,COROSHA,MOVIMIENTO DE INTEGRACION REGIONAL AMAZONICO,38
010302,AMAZONAS,BONGARA,COROSHA,MOVIMIENTO INDEPENDIENTE SURGE AMAZONAS,96
010302,AMAZONAS,BONGARA,COROSHA,MOVIMIENTO REGIONAL AMAZONENSE UNIDOS AL CAMPO,46
010302,AMAZONAS,BONGARA,COROSHA,MOVIMIENTO REGIONAL FUERZA AMAZONENSE,73
010302,AMAZONAS,BONGARA,COROSHA,UNIDAD Y DEMOCRACIA DE AMAZONAS,59
010303,AMAZONAS,BONGARA,CUISPES,MOVIMIENTO INDEPENDIENTE SURGE AMAZONAS,151
010303,AMAZONAS,BONGARA,CUISPES,MOVIMIENTO REGIONAL FUERZA AMAZONENSE,286
010304,AMAZONAS,BONGARA,CHISQUILLA,ALIANZA REGIONAL JUNTOS POR AMAZONAS,37
010304,AMAZONAS,BONGARA,CHISQUILLA,MOVIMIENTO DE INTEGRACION REGIONAL AMAZONICO,9
010304,AMAZONAS,BONGARA,CHISQUILLA,MOVIMIENTO INDEPENDIENTE SURGE AMAZONAS,77
010304,AMAZONAS,BONGARA,CHISQUILLA,MOVIMIENTO REGIONAL AMAZONENSE UNIDOS AL CAMPO,41
010304,AMAZONAS,BONGARA,CHISQUILLA,MOVIMIENTO REGIONAL FUERZA AMAZONENSE,93
010305,AMAZONAS,BONGARA,CHURUJA,MOVIMIENTO INDEPENDIENTE SURGE AMAZONAS,29
010305,AMAZONAS,BONGARA,CHURUJA,MOVIMIENTO REGIONAL AMAZONENSE UNIDOS AL CAMPO,116
010305,AMAZONAS,BONGARA,CHURUJA,MOVIMIENTO REGIONAL FUERZA AMAZONENSE,96
010305,AMAZONAS,BONGARA,CHURUJA,PARTIDO APRISTA PERUANO,37
010306,AMAZONAS,BONGARA,FLORIDA,ACCION POPULAR,66
010306,AMAZONAS,BONGARA,FLORIDA,ALIANZA REGIONAL JUNTOS POR AMAZONAS,600
010306,AMAZONAS,BONGARA,FLORIDA,MOVIMIENTO DE INTEGRACION REGIONAL AMAZONICO,240
010306,AMAZONAS,BONGARA,FLORIDA,MOVIMIENTO INDEPENDIENTE SURGE AMAZONAS,311
010306,AMAZONAS,BONGARA,FLORIDA,MOVIMIENTO REGIONAL AMAZONENSE UNIDOS AL CAMPO,213
010306,AMAZONAS,BONGARA,FLORIDA,MOVIMIENTO REGIONAL FUERZA AMAZONENSE,490
010306,AMAZONAS,BONGARA,FLORIDA,UNIDAD Y DEMOCRACIA DE AMAZONAS,263
010307,AMAZONAS,BONGARA,RECTA,MOVIMIENTO INDEPENDIENTE SURGE AMAZONAS,128
010307,AMAZONAS,BONGARA,RECTA,MOVIMIENTO REGIONAL AMAZONENSE UNIDOS AL CAMPO,71
010307,AMAZONAS,BONGARA,RECTA,MOVIMIENTO REGIONAL FUERZA AMAZONENSE,36
010307,AMAZONAS,BONGARA,RECTA,PARTIDO APRISTA PERUANO,51
010308,AMAZONAS,BONGARA,SAN CARLOS,ALIANZA REGIONAL JUNTOS POR AMAZONAS,115
010308,AMAZONAS,BONGARA,SAN CARLOS,MOVIMIENTO DE INTEGRACION REGIONAL AMAZONICO,15
010308,AMAZONAS,BONGARA,SAN CARLOS,MOVIMIENTO INDEPENDIENTE SURGE AMAZONAS,69
010308,AMAZONAS,BONGARA,SAN CARLOS,MOVIMIENTO REGIONAL FUERZA AMAZONENSE,58
010309,AMAZONAS,BONGARA,SHIPASBAMBA,ALIANZA REGIONAL JUNTOS POR AMAZONAS,40
010309,AMAZONAS,BONGARA,SHIPASBAMBA,MOVIMIENTO DE INTEGRACION REGIONAL AMAZONICO,79
010309,AMAZONAS,BONGARA,SHIPASBAMBA,MOVIMIENTO INDEPENDIENTE SURGE AMAZONAS,249
010309,AMAZONAS,BONGARA,SHIPASBAMBA,MOVIMIENTO REGIONAL AMAZONENSE UNIDOS AL CAMPO,71
010309,AMAZONAS,BONGARA,SHIPASBAMBA,MOVIMIENTO REGIONAL FUERZA AMAZONENSE,122
010309,AMAZONAS,BONGARA,SHIPASBAMBA,PARTIDO APRISTA PERUANO,11
010309,AMAZONAS,BONGARA,SHIPASBAMBA,UNIDAD Y DEMOCRACIA DE AMAZONAS,138
010310,AMAZONAS,BONGARA,VALERA,ALIANZA REGIONAL JUNTOS POR AMAZONAS,29
010310,AMAZONAS,BONGARA,VALERA,MOVIMIENTO DE INTEGRACION REGIONAL AMAZONICO,57
010310,AMAZONAS,BONGARA,VALERA,MOVIMIENTO INDEPENDIENTE SURGE AMAZONAS,103
010310,AMAZONAS,BONGARA,VALERA,MOVIMIENTO REGIONAL AMAZONENSE UNIDOS AL CAMPO,158
010310,AMAZONAS,BONGARA,VALERA,MOVIMIENTO REGIONAL FUERZA AMAZONENSE,89
010310,AMAZONAS,BONGARA,VALERA,UNIDAD Y DEMOCRACIA DE AMAZONAS,76
010311,AMAZONAS,BONGARA,YAMBRASBAMBA,ALIANZA PARA EL PROGRESO,256
010311,AMAZONAS,BONGARA,YAMBRASBAMBA,ALIANZA REGIONAL JUNTOS POR AMAZONAS,646
010311,AMAZONAS,BONGARA,YAMBRASBAMBA,MOVIMIENTO DE INTEGRACION REGIONAL AMAZONICO,45
010311,AMAZONAS,BONGARA,YAMBRASBAMBA,MOVIMIENTO INDEPENDIENTE SURGE AMAZONAS,547
010311,AMAZONAS,BONGARA,YAMBRASBAMBA,MOVIMIENTO REGIONAL AMAZONENSE UNIDOS AL CAMPO,146
010311,AMAZONAS,BONGARA,YAMBRASBAMBA,MOVIMIENTO REGIONAL FUERZA AMAZONENSE,222
010311,AMAZONAS,BONGARA,YAMBRASBAMBA,UNIDAD Y DEMOCRACIA DE AMAZONAS,556
010312,AMAZONAS,BONGARA,JAZAN,ALIANZA PARA EL PROGRESO,96
010312,AMAZONAS,BONGARA,JAZAN,ALIANZA REGIONAL JUNTOS POR AMAZONAS,253
010312,AMAZONAS,BONGARA,JAZAN,MOVIMIENTO DE INTEGRACION REGIONAL AMAZONICO,173
010312,AMAZONAS,BONGARA,JAZAN,MOVIMIENTO INDEPENDIENTE SURGE AMAZONAS,1212
010312,AMAZONAS,BONGARA,JAZAN,MOVIMIENTO REGIONAL AMAZONENSE UNIDOS AL CAMPO,1101
010312,AMAZONAS,BONGARA,JAZAN,MOVIMIENTO REGIONAL FUERZA AMAZONENSE,226
010402,AMAZONAS,LUYA,CAMPORREDONDO,ALIANZA REGIONAL JUNTOS POR AMAZONAS,944
010402,AMAZONAS,LUYA,CAMPORREDONDO,MOVIMIENTO REGIONAL AMAZONENSE UNIDOS AL CAMPO,650
010402,AMAZONAS,LUYA,CAMPORREDONDO,MOVIMIENTO REGIONAL FUERZA AMAZONENSE,770
010403,AMAZONAS,LUYA,COCABAMBA,MOVIMIENTO DE INTEGRACION REGIONAL AMAZONICO,72
010403,AMAZONAS,LUYA,COCABAMBA,MOVIMIENTO REGIONAL AMAZONENSE UNIDOS AL CAMPO,192
010403,AMAZONAS,LUYA,COCABAMBA,MOVIMIENTO REGIONAL FUERZA AMAZONENSE,360
010403,AMAZONAS,LUYA,COCABAMBA,UNIDAD Y DEMOCRACIA DE AMAZONAS,203
010404,AMAZONAS,LUYA,COLCAMAR,ALIANZA REGIONAL JUNTOS POR AMAZONAS,94
010404,AMAZONAS,LUYA,COLCAMAR,MOVIMIENTO INDEPENDIENTE SURGE AMAZONAS,128
010404,AMAZONAS,LUYA,COLCAMAR,MOVIMIENTO REGIONAL AMAZONENSE UNIDOS AL CAMPO,208
010404,AMAZONAS,LUYA,COLCAMAR,MOVIMIENTO REGIONAL FUERZA AMAZONENSE,171
010404,AMAZONAS,LUYA,COLCAMAR,PARTIDO APRISTA PERUANO,60
010404,AMAZONAS,LUYA,COLCAMAR,UNIDAD Y DEMOCRACIA DE AMAZONAS,385
010405,AMAZONAS,LUYA,CONILA,ALIANZA REGIONAL JUNTOS POR AMAZONAS,69
010405,AMAZONAS,LUYA,CONILA,MOVIMIENTO INDEPENDIENTE SURGE AMAZONAS,335
010405,AMAZONAS,LUYA,CONILA,MOVIMIENTO REGIONAL AMAZONENSE UNIDOS AL CAMPO,179
010405,AMAZONAS,LUYA,CONILA,MOVIMIENTO REGIONAL FUERZA AMAZONENSE,325
010406,AMAZONAS,LUYA,INGUILPATA,MOVIMIENTO DE INTEGRACION REGIONAL AMAZONICO,30
010406,AMAZONAS,LUYA,INGUILPATA,MOVIMIENTO REGIONAL AMAZONENSE UNIDOS AL CAMPO,63
010406,AMAZONAS,LUYA,INGUILPATA,MOVIMIENTO REGIONAL FUERZA AMAZONENSE,183
010406,AMAZONAS,LUYA,INGUILPATA,PARTIDO APRISTA PERUANO,76
010407,AMAZONAS,LUYA,LONGUITA,ALIANZA REGIONAL JUNTOS POR AMAZONAS,228
010407,AMAZONAS,LUYA,LONGUITA,MOVIMIENTO INDEPENDIENTE SURGE AMAZONAS,2
010407,AMAZONAS,LUYA,LONGUITA,MOVIMIENTO REGIONAL FUERZA AMAZONENSE,308
010408,AMAZONAS,LUYA,LONYA CHICO,ALIANZA REGIONAL JUNTOS POR AMAZONAS,213
010408,AMAZONAS,LUYA,LONYA CHICO,MOVIMIENTO REGIONAL AMAZONENSE UNIDOS AL CAMPO,128
010408,AMAZONAS,LUYA,LONYA CHICO,MOVIMIENTO REGIONAL FUERZA AMAZONENSE,186
010409,AMAZONAS,LUYA,LUYA,ALIANZA PARA EL PROGRESO,45
010409,AMAZONAS,LUYA,LUYA,ALIANZA REGIONAL JUNTOS POR AMAZONAS,920
010409,AMAZONAS,LUYA,LUYA,MOVIMIENTO DE INTEGRACION REGIONAL AMAZONICO,20
010409,AMAZONAS,LUYA,LUYA,MOVIMIENTO INDEPENDIENTE SURGE AMAZONAS,68
010409,AMAZONAS,LUYA,LUYA,MOVIMIENTO REGIONAL AMAZONENSE UNIDOS AL CAMPO,28
010409,AMAZONAS,LUYA,LUYA,MOVIMIENTO REGIONAL FUERZA AMAZONENSE,638
010409,AMAZONAS,LUYA,LUYA,PARTIDO APRISTA PERUANO,92
010410,AMAZONAS,LUYA,LUYA VIEJO,MOVIMIENTO INDEPENDIENTE SURGE AMAZONAS,160
010410,AMAZONAS,LUYA,LUYA VIEJO,MOVIMIENTO REGIONAL FUERZA AMAZONENSE,92
010411,AMAZONAS,LUYA,MARIA,ALIANZA REGIONAL JUNTOS POR AMAZONAS,120
010411,AMAZONAS,LUYA,MARIA,MOVIMIENTO INDEPENDIENTE SURGE AMAZONAS,122
010411,AMAZONAS,LUYA,MARIA,MOVIMIENTO REGIONAL AMAZONENSE UNIDOS AL CAMPO,86
010411,AMAZONAS,LUYA,MARIA,MOVIMIENTO REGIONAL FUERZA AMAZONENSE,129
010412,AMAZONAS,LUYA,OCALLI,ALIANZA REGIONAL JUNTOS POR AMAZONAS,154
010412,AMAZONAS,LUYA,OCALLI,MOVIMIENTO DE INTEGRACION REGIONAL AMAZONICO,36
010412,AMAZONAS,LUYA,OCALLI,MOVIMIENTO INDEPENDIENTE SURGE AMAZONAS,452
010412,AMAZONAS,LUYA,OCALLI,MOVIMIENTO REGIONAL AMAZONENSE UNIDOS AL CAMPO,386
010412,AMAZONAS,LUYA,OCALLI,MOVIMIENTO REGIONAL FUERZA AMAZONENSE,431
010413,AMAZONAS,LUYA,OCUMAL,ALIANZA REGIONAL JUNTOS POR AMAZONAS,345
010413,AMAZONAS,LUYA,OCUMAL,MOVIMIENTO INDEPENDIENTE SURGE AMAZONAS,247
010413,AMAZONAS,LUYA,OCUMAL,MOVIMIENTO REGIONAL FUERZA AMAZONENSE,590
010414,AMAZONAS,LUYA,PISUQUIA,ALIANZA PARA EL PROGRESO,118
010414,AMAZONAS,LUYA,PISUQUIA,ALIANZA REGIONAL JUNTOS POR AMAZONAS,239
010414,AMAZONAS,LUYA,PISUQUIA,MOVIMIENTO DE INTEGRACION REGIONAL AMAZONICO,129
010414,AMAZONAS,LUYA,PISUQUIA,MOVIMIENTO INDEPENDIENTE SURGE AMAZONAS,97
010414,AMAZONAS,LUYA,PISUQUIA,MOVIMIENTO REGIONAL AMAZONENSE UNIDOS AL CAMPO,317
010414,AMAZONAS,LUYA,PISUQUIA,MOVIMIENTO REGIONAL FUERZA AMAZONENSE,687
010414,AMAZONAS,LUYA,PISUQUIA,UNION POR EL PERU,128
010415,AMAZONAS,LUYA,SAN CRISTOBAL,ACCION POPULAR,31
010415,AMAZONAS,LUYA,SAN CRISTOBAL,ALIANZA REGIONAL JUNTOS POR AMAZONAS,70
010415,AMAZONAS,LUYA,SAN CRISTOBAL,MOVIMIENTO DE INTEGRACION REGIONAL AMAZONICO,22
010415,AMAZONAS,LUYA,SAN CRISTOBAL,MOVIMIENTO INDEPENDIENTE SURGE AMAZONAS,86
010415,AMAZONAS,LUYA,SAN CRISTOBAL,MOVIMIENTO REGIONAL AMAZONENSE UNIDOS AL CAMPO,44
010415,AMAZONAS,LUYA,SAN CRISTOBAL,MOVIMIENTO REGIONAL FUERZA AMAZONENSE,59
010415,AMAZONAS,LUYA,SAN CRISTOBAL,UNIDAD Y DEMOCRACIA DE AMAZONAS,45
010416,AMAZONAS,LUYA,SAN FRANCISCO DEL YESO,ALIANZA REGIONAL JUNTOS POR AMAZONAS,66
010416,AMAZONAS,LUYA,SAN FRANCISCO DEL YESO,MOVIMIENTO INDEPENDIENTE SURGE AMAZONAS,93
010416,AMAZONAS,LUYA,SAN FRANCISCO DEL YESO,MOVIMIENTO REGIONAL AMAZONENSE UNIDOS AL CAMPO,113
010416,AMAZONAS,LUYA,SAN FRANCISCO DEL YESO,MOVIMIENTO REGIONAL FUERZA AMAZONENSE,69
010416,AMAZONAS,LUYA,SAN FRANCISCO DEL YESO,PARTIDO APRISTA PERUANO,61
010417,AMAZONAS,LUYA,SAN JERONIMO,ALIANZA REGIONAL JUNTOS POR AMAZONAS,128
010417,AMAZONAS,LUYA,SAN JERONIMO,MOVIMIENTO INDEPENDIENTE SURGE AMAZONAS,206
010417,AMAZONAS,LUYA,SAN JERONIMO,MOVIMIENTO REGIONAL FUERZA AMAZONENSE,139
010418,AMAZONAS,LUYA,SAN JUAN DE LOPECANCHA,ALIANZA REGIONAL JUNTOS POR AMAZONAS,81
010418,AMAZONAS,LUYA,SAN JUAN DE LOPECANCHA,MOVIMIENTO DE INTEGRACION REGIONAL AMAZONICO,15
010418,AMAZONAS,LUYA,SAN JUAN DE LOPECANCHA,MOVIMIENTO INDEPENDIENTE SURGE AMAZONAS,102
010418,AMAZONAS,LUYA,SAN JUAN DE LOPECANCHA,MOVIMIENTO REGIONAL FUERZA AMAZONENSE,68
010418,AMAZONAS,LUYA,SAN JUAN DE LOPECANCHA,UNION POR EL PERU,26
010419,AMAZONAS,LUYA,SANTA CATALINA,ALIANZA REGIONAL JUNTOS POR AMAZONAS,228
010419,AMAZONAS,LUYA,SANTA CATALINA,MOVIMIENTO DE INTEGRACION REGIONAL AMAZONICO,107
010419,AMAZONAS,LUYA,SANTA CATALINA,MOVIMIENTO INDEPENDIENTE SURGE AMAZONAS,74
010419,AMAZONAS,LUYA,SANTA CATALINA,MOVIMIENTO REGIONAL AMAZONENSE UNIDOS AL CAMPO,101
010419,AMAZONAS,LUYA,SANTA CATALINA,MOVIMIENTO REGIONAL FUERZA AMAZONENSE,223
010420,AMAZONAS,LUYA,SANTO TOMAS,ALIANZA REGIONAL JUNTOS POR AMAZONAS,726
010420,AMAZONAS,LUYA,SANTO TOMAS,MOVIMIENTO INDEPENDIENTE SURGE AMAZONAS,70
010420,AMAZONAS,LUYA,SANTO TOMAS,MOVIMIENTO REGIONAL AMAZONENSE UNIDOS AL CAMPO,356
010420,AMAZONAS,LUYA,SANTO TOMAS,MOVIMIENTO REGIONAL FUERZA AMAZONENSE,349
010420,AMAZONAS,LUYA,SANTO TOMAS,UNIDAD Y DEMOCRACIA DE AMAZONAS,55
010421,AMAZONAS,LUYA,TINGO,ACCION POPULAR,77
010421,AMAZONAS,LUYA,TINGO,ALIANZA PARA EL PROGRESO,50
010421,AMAZONAS,LUYA,TINGO,ALIANZA REGIONAL JUNTOS POR AMAZONAS,192
010421,AMAZONAS,LUYA,TINGO,MOVIMIENTO DE INTEGRACION REGIONAL AMAZONICO,55
010421,AMAZONAS,LUYA,TINGO,MOVIMIENTO INDEPENDIENTE SURGE AMAZONAS,35
010421,AMAZONAS,LUYA,TINGO,MOVIMIENTO REGIONAL AMAZONENSE UNIDOS AL CAMPO,23
010421,AMAZONAS,LUYA,TINGO,MOVIMIENTO REGIONAL FUERZA AMAZONENSE,275
010422,AMAZONAS,LUYA,TRITA,ALIANZA REGIONAL JUNTOS POR AMAZONAS,101
010422,AMAZONAS,LUYA,TRITA,MOVIMIENTO INDEPENDIENTE SURGE AMAZONAS,290
010422,AMAZONAS,LUYA,TRITA,MOVIMIENTO REGIONAL AMAZONENSE UNIDOS AL CAMPO,62
010422,AMAZONAS,LUYA,TRITA,MOVIMIENTO REGIONAL FUERZA AMAZONENSE,224
010423,AMAZONAS,LUYA,PROVIDENCIA,ALIANZA REGIONAL JUNTOS POR AMAZONAS,102
010423,AMAZONAS,LUYA,PROVIDENCIA,MOVIMIENTO DE INTEGRACION REGIONAL AMAZONICO,38
010423,AMAZONAS,LUYA,PROVIDENCIA,MOVIMIENTO INDEPENDIENTE SURGE AMAZONAS,146
010423,AMAZONAS,LUYA,PROVIDENCIA,MOVIMIENTO REGIONAL FUERZA AMAZONENSE,123
010502,AMAZONAS,RODRIGUEZ DE MENDOZA,COCHAMAL,ALIANZA REGIONAL JUNTOS POR AMAZONAS,102
010502,AMAZONAS,RODRIGUEZ DE MENDOZA,COCHAMAL,MOVIMIENTO REGIONAL FUERZA AMAZONENSE,106
010502,AMAZONAS,RODRIGUEZ DE MENDOZA,COCHAMAL,PARTIDO APRISTA PERUANO,74
010503,AMAZONAS,RODRIGUEZ DE MENDOZA,CHIRIMOTO,ALIANZA REGIONAL JUNTOS POR AMAZONAS,185
010503,AMAZONAS,RODRIGUEZ DE MENDOZA,CHIRIMOTO,MOVIMIENTO DE INTEGRACION REGIONAL AMAZONICO,161
010503,AMAZONAS,RODRIGUEZ DE MENDOZA,CHIRIMOTO,MOVIMIENTO INDEPENDIENTE SURGE AMAZONAS,82
010503,AMAZONAS,RODRIGUEZ DE MENDOZA,CHIRIMOTO,MOVIMIENTO REGIONAL AMAZONENSE UNIDOS AL CAMPO,75
010503,AMAZONAS,RODRIGUEZ DE MENDOZA,CHIRIMOTO,MOVIMIENTO REGIONAL FUERZA AMAZONENSE,226
010503,AMAZONAS,RODRIGUEZ DE MENDOZA,CHIRIMOTO,PARTIDO APRISTA PERUANO,75
010504,AMAZONAS,RODRIGUEZ DE MENDOZA,HUAMBO,ACCION POPULAR,23
010504,AMAZONAS,RODRIGUEZ DE MENDOZA,HUAMBO,ALIANZA REGIONAL JUNTOS POR AMAZONAS,843
010504,AMAZONAS,RODRIGUEZ DE MENDOZA,HUAMBO,MOVIMIENTO DE INTEGRACION REGIONAL AMAZONICO,44
010504,AMAZONAS,RODRIGUEZ DE MENDOZA,HUAMBO,MOVIMIENTO INDEPENDIENTE SURGE AMAZONAS,195
010504,AMAZONAS,RODRIGUEZ DE MENDOZA,HUAMBO,MOVIMIENTO REGIONAL AMAZONENSE UNIDOS AL CAMPO,58
010504,AMAZONAS,RODRIGUEZ DE MENDOZA,HUAMBO,MOVIMIENTO REGIONAL FUERZA AMAZONENSE,58
010504,AMAZONAS,RODRIGUEZ DE MENDOZA,HUAMBO,PARTIDO APRISTA PERUANO,468
010505,AMAZONAS,RODRIGUEZ DE MENDOZA,LIMABAMBA,ALIANZA REGIONAL JUNTOS POR AMAZONAS,437
010505,AMAZONAS,RODRIGUEZ DE MENDOZA,LIMABAMBA,MOVIMIENTO REGIONAL AMAZONENSE UNIDOS AL CAMPO,468
010505,AMAZONAS,RODRIGUEZ DE MENDOZA,LIMABAMBA,PARTIDO APRISTA PERUANO,16
010506,AMAZONAS,RODRIGUEZ DE MENDOZA,LONGAR,ALIANZA REGIONAL JUNTOS POR AMAZONAS,199
010506,AMAZONAS,RODRIGUEZ DE MENDOZA,LONGAR,MOVIMIENTO INDEPENDIENTE SURGE AMAZONAS,222
010506,AMAZONAS,RODRIGUEZ DE MENDOZA,LONGAR,MOVIMIENTO REGIONAL FUERZA AMAZONENSE,463
010506,AMAZONAS,RODRIGUEZ DE MENDOZA,LONGAR,PARTIDO APRISTA PERUANO,51
010507,AMAZONAS,RODRIGUEZ DE MENDOZA,MILPUCC,MOVIMIENTO REGIONAL FUERZA AMAZONENSE,339
010507,AMAZONAS,RODRIGUEZ DE MENDOZA,MILPUCC,PARTIDO APRISTA PERUANO,219
010508,AMAZONAS,RODRIGUEZ DE MENDOZA,MARISCAL BENAVIDES,ALIANZA REGIONAL JUNTOS POR AMAZONAS,525
010508,AMAZONAS,RODRIGUEZ DE MENDOZA,MARISCAL BENAVIDES,MOVIMIENTO REGIONAL AMAZONENSE UNIDOS AL CAMPO,105
010508,AMAZONAS,RODRIGUEZ DE MENDOZA,MARISCAL BENAVIDES,MOVIMIENTO REGIONAL FUERZA AMAZONENSE,265
010508,AMAZONAS,RODRIGUEZ DE MENDOZA,MARISCAL BENAVIDES,PARTIDO APRISTA PERUANO,90
010509,AMAZONAS,RODRIGUEZ DE MENDOZA,OMIA,ALIANZA REGIONAL JUNTOS POR AMAZONAS,547
010509,AMAZONAS,RODRIGUEZ DE MENDOZA,OMIA,MOVIMIENTO DE INTEGRACION REGIONAL AMAZONICO,359
010509,AMAZONAS,RODRIGUEZ DE MENDOZA,OMIA,MOVIMIENTO INDEPENDIENTE SURGE AMAZONAS,397
010509,AMAZONAS,RODRIGUEZ DE MENDOZA,OMIA,MOVIMIENTO REGIONAL AMAZONENSE UNIDOS AL CAMPO,311
010509,AMAZONAS,RODRIGUEZ DE MENDOZA,OMIA,MOVIMIENTO REGIONAL FUERZA AMAZONENSE,308
010509,AMAZONAS,RODRIGUEZ DE MENDOZA,OMIA,PARTIDO APRISTA PERUANO,405
010509,AMAZONAS,RODRIGUEZ DE MENDOZA,OMIA,UNIDAD Y DEMOCRACIA DE AMAZONAS,257
010510,AMAZONAS,RODRIGUEZ DE MENDOZA,SANTA ROSA,ALIANZA REGIONAL JUNTOS POR AMAZONAS,252
010510,AMAZONAS,RODRIGUEZ DE MENDOZA,SANTA ROSA,MOVIMIENTO INDEPENDIENTE SURGE AMAZONAS,17
010510,AMAZONAS,RODRIGUEZ DE MENDOZA,SANTA ROSA,PARTIDO APRISTA PERUANO,135
010511,AMAZONAS,RODRIGUEZ DE MENDOZA,TOTORA,ALIANZA REGIONAL JUNTOS POR AMAZONAS,54
010511,AMAZONAS,RODRIGUEZ DE MENDOZA,TOTORA,MOVIMIENTO REGIONAL AMAZONENSE UNIDOS AL CAMPO,19
010511,AMAZONAS,RODRIGUEZ DE MENDOZA,TOTORA,MOVIMIENTO REGIONAL FUERZA AMAZONENSE,150
010511,AMAZONAS,RODRIGUEZ DE MENDOZA,TOTORA,PARTIDO APRISTA PERUANO,149
010512,AMAZONAS,RODRIGUEZ DE MENDOZA,VISTA ALEGRE,ALIANZA REGIONAL JUNTOS POR AMAZONAS,80
010512,AMAZONAS,RODRIGUEZ DE MENDOZA,VISTA ALEGRE,MOVIMIENTO DE INTEGRACION REGIONAL AMAZONICO,44
010512,AMAZONAS,RODRIGUEZ DE MENDOZA,VISTA ALEGRE,MOVIMIENTO INDEPENDIENTE SURGE AMAZONAS,31
010512,AMAZONAS,RODRIGUEZ DE MENDOZA,VISTA ALEGRE,MOVIMIENTO REGIONAL FUERZA AMAZONENSE,152
010512,AMAZONAS,RODRIGUEZ DE MENDOZA,VISTA ALEGRE,PARTIDO APRISTA PERUANO,154
010602,AMAZONAS,CONDORCANQUI,RIO SANTIAGO,ACCION POPULAR,885
010602,AMAZONAS,CONDORCANQUI,RIO SANTIAGO,ALIANZA PARA EL PROGRESO,271
010602,AMAZONAS,CONDORCANQUI,RIO SANTIAGO,ALIANZA REGIONAL JUNTOS POR AMAZONAS,129
010602,AMAZONAS,CONDORCANQUI,RIO SANTIAGO,ENERGIA COMUNAL AMAZONICA,309
010602,AMAZONAS,CONDORCANQUI,RIO SANTIAGO,MOVIMIENTO DE INTEGRACION REGIONAL AMAZONICO,68
010602,AMAZONAS,CONDORCANQUI,RIO SANTIAGO,MOVIMIENTO INDEPENDIENTE SURGE AMAZONAS,507
010602,AMAZONAS,CONDORCANQUI,RIO SANTIAGO,MOVIMIENTO REGIONAL AMAZONENSE UNIDOS AL CAMPO,195
010602,AMAZONAS,CONDORCANQUI,RIO SANTIAGO,MOVIMIENTO REGIONAL FUERZA AMAZONENSE,636
010602,AMAZONAS,CONDORCANQUI,RIO SANTIAGO,UNIDAD Y DEMOCRACIA DE AMAZONAS,717
010602,AMAZONAS,CONDORCANQUI,RIO SANTIAGO,UNION POR EL PERU,39
010603,AMAZONAS,CONDORCANQUI,EL CENEPA,ACCION POPULAR,764
010603,AMAZONAS,CONDORCANQUI,EL CENEPA,ALIANZA PARA EL PROGRESO,289
010603,AMAZONAS,CONDORCANQUI,EL CENEPA,ALIANZA REGIONAL JUNTOS POR AMAZONAS,123
010603,AMAZONAS,CONDORCANQUI,EL CENEPA,DESARROLLO SOCIAL AMAZONENSE,35
010603,AMAZONAS,CONDORCANQUI,EL CENEPA,MOVIMIENTO DE INTEGRACION REGIONAL AMAZONICO,321
010603,AMAZONAS,CONDORCANQUI,EL CENEPA,MOVIMIENTO INDEPENDIENTE SURGE AMAZONAS,423
010603,AMAZONAS,CONDORCANQUI,EL CENEPA,MOVIMIENTO REGIONAL AMAZONENSE UNIDOS AL CAMPO,217
010603,AMAZONAS,CONDORCANQUI,EL CENEPA,MOVIMIENTO REGIONAL FUERZA AMAZONENSE,688
010603,AMAZONAS,CONDORCANQUI,EL CENEPA,UNIDAD Y DEMOCRACIA DE AMAZONAS,733
010603,AMAZONAS,CONDORCANQUI,EL CENEPA,UNION POR EL PERU,59
010702,AMAZONAS,UTCUBAMBA,CAJARURO,ACCION POPULAR,791
010702,AMAZONAS,UTCUBAMBA,CAJARURO,ALIANZA REGIONAL JUNTOS POR AMAZONAS,1475
010702,AMAZONAS,UTCUBAMBA,CAJARURO,DESARROLLO SOCIAL AMAZONENSE,230
010702,AMAZONAS,UTCUBAMBA,CAJARURO,ENERGIA COMUNAL AMAZONICA,2797
010702,AMAZONAS,UTCUBAMBA,CAJARURO,FRENTE DE CONCERTACION DISTRITAL DE CAJARURO,436
010702,AMAZONAS,UTCUBAMBA,CAJARURO,MOVIMIENTO DE INTEGRACION REGIONAL AMAZONICO,617
010702,AMAZONAS,UTCUBAMBA,CAJARURO,MOVIMIENTO INDEPENDIENTE SURGE AMAZONAS,2163
010702,AMAZONAS,UTCUBAMBA,CAJARURO,MOVIMIENTO REGIONAL FUERZA AMAZONENSE,563
010702,AMAZONAS,UTCUBAMBA,CAJARURO,PARTIDO APRISTA PERUANO,85
010702,AMAZONAS,UTCUBAMBA,CAJARURO,UNIDAD Y DEMOCRACIA DE AMAZONAS,735
010703,AMAZONAS,UTCUBAMBA,CUMBA,ALIANZA REGIONAL JUNTOS POR AMAZONAS,996
010703,AMAZONAS,UTCUBAMBA,CUMBA,ENERGIA COMUNAL AMAZONICA,769
010703,AMAZONAS,UTCUBAMBA,CUMBA,MOVIMIENTO DE INTEGRACION REGIONAL AMAZONICO,339
010703,AMAZONAS,UTCUBAMBA,CUMBA,MOVIMIENTO INDEPENDIENTE SURGE AMAZONAS,554
010703,AMAZONAS,UTCUBAMBA,CUMBA,MOVIMIENTO REGIONAL AMAZONENSE UNIDOS AL CAMPO,384
010703,AMAZONAS,UTCUBAMBA,CUMBA,MOVIMIENTO REGIONAL FUERZA AMAZONENSE,483
010703,AMAZONAS,UTCUBAMBA,CUMBA,PARTIDO APRISTA PERUANO,69
010704,AMAZONAS,UTCUBAMBA,EL MILAGRO,ACCION POPULAR,49
010704,AMAZONAS,UTCUBAMBA,EL MILAGRO,ALIANZA REGIONAL JUNTOS POR AMAZONAS,157
010704,AMAZONAS,UTCUBAMBA,EL MILAGRO,ENERGIA COMUNAL AMAZONICA,21
010704,AMAZONAS,UTCUBAMBA,EL MILAGRO,MOVIMIENTO DE INTEGRACION REGIONAL AMAZONICO,337
010704,AMAZONAS,UTCUBAMBA,EL MILAGRO,MOVIMIENTO INDEPENDIENTE SURGE AMAZONAS,506
010704,AMAZONAS,UTCUBAMBA,EL MILAGRO,MOVIMIENTO REGIONAL AMAZONENSE UNIDOS AL CAMPO,250
010704,AMAZONAS,UTCUBAMBA,EL MILAGRO,MOVIMIENTO REGIONAL FUERZA AMAZONENSE,761
010704,AMAZONAS,UTCUBAMBA,EL MILAGRO,PARTIDO APRISTA PERUANO,39
010704,AMAZONAS,UTCUBAMBA,EL MILAGRO,UNIDAD Y DEMOCRACIA DE AMAZONAS,54
010705,AMAZONAS,UTCUBAMBA,JAMALCA,ALIANZA REGIONAL JUNTOS POR AMAZONAS,418
010705,AMAZONAS,UTCUBAMBA,JAMALCA,MOVIMIENTO DE INTEGRACION REGIONAL AMAZONICO,329
010705,AMAZONAS,UTCUBAMBA,JAMALCA,MOVIMIENTO INDEPENDIENTE SURGE AMAZONAS,1168
010705,AMAZONAS,UTCUBAMBA,JAMALCA,MOVIMIENTO REGIONAL AMAZONENSE UNIDOS AL CAMPO,44
010705,AMAZONAS,UTCUBAMBA,JAMALCA,MOVIMIENTO REGIONAL FUERZA AMAZONENSE,391
010705,AMAZONAS,UTCUBAMBA,JAMALCA,PARTIDO APRISTA PERUANO,484
010705,AMAZONAS,UTCUBAMBA,JAMALCA,UNIDAD Y DEMOCRACIA DE AMAZONAS,50
010706,AMAZONAS,UTCUBAMBA,LONYA GRANDE,ALIANZA REGIONAL JUNTOS POR AMAZONAS,73
010706,AMAZONAS,UTCUBAMBA,LONYA GRANDE,MOVIMIENTO DE INTEGRACION REGIONAL AMAZONICO,24
010706,AMAZONAS,UTCUBAMBA,LONYA GRANDE,MOVIMIENTO INDEPENDIENTE SURGE AMAZONAS,579
010706,AMAZONAS,UTCUBAMBA,LONYA GRANDE,MOVIMIENTO REGIONAL AMAZONENSE UNIDOS AL CAMPO,1718
010706,AMAZONAS,UTCUBAMBA,LONYA GRANDE,MOVIMIENTO REGIONAL FUERZA AMAZONENSE,209
010706,AMAZONAS,UTCUBAMBA,LONYA GRANDE,PARTIDO APRISTA PERUANO,1010
010707,AMAZONAS,UTCUBAMBA,YAMON,ACCION POPULAR,77
010707,AMAZONAS,UTCUBAMBA,YAMON,ALIANZA REGIONAL JUNTOS POR AMAZONAS,368
010707,AMAZONAS,UTCUBAMBA,YAMON,DESARROLLO SOCIAL AMAZONENSE,37
010707,AMAZONAS,UTCUBAMBA,YAMON,MOVIMIENTO DE INTEGRACION REGIONAL AMAZONICO,32
010707,AMAZONAS,UTCUBAMBA,YAMON,MOVIMIENTO INDEPENDIENTE SURGE AMAZONAS,369
010707,AMAZONAS,UTCUBAMBA,YAMON,MOVIMIENTO REGIONAL AMAZONENSE UNIDOS AL CAMPO,250
010707,AMAZONAS,UTCUBAMBA,YAMON,MOVIMIENTO REGIONAL FUERZA AMAZONENSE,30
010707,AMAZONAS,UTCUBAMBA,YAMON,PARTIDO APRISTA PERUANO,269
020102,ANCASH,HUARAZ,INDEPENDENCIA,ANCASH DIGNIDAD,498
020102,ANCASH,HUARAZ,INDEPENDENCIA,CORAZON HUARACINO,7739
020102,ANCASH,HUARAZ,INDEPENDENCIA,FUERZA 2011,287
020102,ANCASH,HUARAZ,INDEPENDENCIA,MOVIMIENTO ACCION CRISTIANA DEMOCRATICA,1516
020102,ANCASH,HUARAZ,INDEPENDENCIA,MOVIMIENTO ACCION NACIONALISTA PERUANO,1384
020102,ANCASH,HUARAZ,INDEPENDENCIA,"MOVIMIENTO INDEPENDIENTE NUEVA ESPERANZA REGIONAL ANCASHINA ""NUEVA ERA""",7478
020102,ANCASH,HUARAZ,INDEPENDENCIA,MOVIMIENTO INDEPENDIENTE NUEVO DESTINO,183
020102,ANCASH,HUARAZ,INDEPENDENCIA,MOVIMIENTO INDEPENDIENTE RECONSTRUYAMOS ANCASH,9399
020102,ANCASH,HUARAZ,INDEPENDENCIA,MOVIMIENTO REGIONAL INDEPENDIENTE CUENTA CONMIGO,414
020102,ANCASH,HUARAZ,INDEPENDENCIA,RESTAURACION NACIONAL,494
020103,ANCASH,HUARAZ,COCHABAMBA,ALIANZA PARA EL PROGRESO,59
020103,ANCASH,HUARAZ,COCHABAMBA,CORAZON HUARACINO,39
020103,ANCASH,HUARAZ,COCHABAMBA,MOVIMIENTO ACCION NACIONALISTA PERUANO,67
020103,ANCASH,HUARAZ,COCHABAMBA,"MOVIMIENTO INDEPENDIENTE NUEVA ESPERANZA REGIONAL ANCASHINA ""NUEVA ERA""",61
020103,ANCASH,HUARAZ,COCHABAMBA,MOVIMIENTO INDEPENDIENTE RECONSTRUYAMOS ANCASH,4
020103,ANCASH,HUARAZ,COCHABAMBA,MOVIMIENTO REGIONAL INDEPENDIENTE CUENTA CONMIGO,22
020103,ANCASH,HUARAZ,COCHABAMBA,PARTIDO APRISTA PERUANO,288
020103,ANCASH,HUARAZ,COCHABAMBA,PERU POSIBLE,106
020103,ANCASH,HUARAZ,COCHABAMBA,UNION POR EL PERU,332
020104,ANCASH,HUARAZ,COLCABAMBA,ALIANZA PARA EL PROGRESO,35
020104,ANCASH,HUARAZ,COLCABAMBA,MOVIMIENTO ACCION NACIONALISTA PERUANO,109
020104,ANCASH,HUARAZ,COLCABAMBA,"MOVIMIENTO INDEPENDIENTE NUEVA ESPERANZA REGIONAL ANCASHINA ""NUEVA ERA""",16
020104,ANCASH,HUARAZ,COLCABAMBA,PARTIDO APRISTA PERUANO,125
020104,ANCASH,HUARAZ,COLCABAMBA,PERU POSIBLE,26
020105,ANCASH,HUARAZ,HUANCHAY,ANCASH DIGNIDAD,54
020105,ANCASH,HUARAZ,HUANCHAY,FUERZA 2011,3
020105,ANCASH,HUARAZ,HUANCHAY,"MOVIMIENTO INDEPENDIENTE NUEVA ESPERANZA REGIONAL ANCASHINA ""NUEVA ERA""",418
020105,ANCASH,HUARAZ,HUANCHAY,MOVIMIENTO INDEPENDIENTE NUEVO DESTINO,386
020105,ANCASH,HUARAZ,HUANCHAY,MOVIMIENTO INDEPENDIENTE REGIONAL RIO SANTA CAUDALOSO,18
020105,ANCASH,HUARAZ,HUANCHAY,MOVIMIENTO REGIONAL INDEPENDIENTE CUENTA CONMIGO,202
020105,ANCASH,HUARAZ,HUANCHAY,PARTIDO APRISTA PERUANO,7
020105,ANCASH,HUARAZ,HUANCHAY,PERU POSIBLE,0
020105,ANCASH,HUARAZ,HUANCHAY,UNION POR EL PERU,53
020105,ANCASH,HUARAZ,HUANCHAY,VIVE HUANCHAY,4
020106,ANCASH,HUARAZ,JANGAS,ALIANZA PARA EL PROGRESO,46
020106,ANCASH,HUARAZ,JANGAS,"MOVIMIENTO INDEPENDIENTE NUEVA ESPERANZA REGIONAL ANCASHINA ""NUEVA ERA""",764
020106,ANCASH,HUARAZ,JANGAS,MOVIMIENTO INDEPENDIENTE RECONSTRUYAMOS ANCASH,508
020106,ANCASH,HUARAZ,JANGAS,MOVIMIENTO REGIONAL INDEPENDIENTE CUENTA CONMIGO,169
020106,ANCASH,HUARAZ,JANGAS,ORGANIZACION POLITICA LOCAL SALVEMOS JANGAS,1219
020106,ANCASH,HUARAZ,JANGAS,PERU POSIBLE,36
020106,ANCASH,HUARAZ,JANGAS,SIEMPRE UNIDOS,7
020107,ANCASH,HUARAZ,LA LIBERTAD,CORAZON HUARACINO,53
020107,ANCASH,HUARAZ,LA LIBERTAD,"MOVIMIENTO INDEPENDIENTE NUEVA ESPERANZA REGIONAL ANCASHINA ""NUEVA ERA""",319
020107,ANCASH,HUARAZ,LA LIBERTAD,MOVIMIENTO INDEPENDIENTE RECONSTRUYAMOS ANCASH,345
020108,ANCASH,HUARAZ,OLLEROS,ALIANZA PARA EL PROGRESO,0
020108,ANCASH,HUARAZ,OLLEROS,CORAZON HUARACINO,0
020108,ANCASH,HUARAZ,OLLEROS,MOVIMIENTO ACCION CRISTIANA DEMOCRATICA,0
020108,ANCASH,HUARAZ,OLLEROS,MOVIMIENTO ACCION NACIONALISTA PERUANO,0
020108,ANCASH,HUARAZ,OLLEROS,"MOVIMIENTO INDEPENDIENTE NUEVA ESPERANZA REGIONAL ANCASHINA ""NUEVA ERA""",0
020108,ANCASH,HUARAZ,OLLEROS,MOVIMIENTO INDEPENDIENTE RECONSTRUYAMOS ANCASH,0
020108,ANCASH,HUARAZ,OLLEROS,MOVIMIENTO NUEVA IZQUIERDA,0
020108,ANCASH,HUARAZ,OLLEROS,MOVIMIENTO REGIONAL INDEPENDIENTE CUENTA CONMIGO,0
020108,ANCASH,HUARAZ,OLLEROS,PARTIDO APRISTA PERUANO,0
020108,ANCASH,HUARAZ,OLLEROS,PERU POSIBLE,0
020108,ANCASH,HUARAZ,OLLEROS,UNION POR EL PERU,0
020109,ANCASH,HUARAZ,PAMPAS,ALIANZA PARA EL PROGRESO,23
020109,ANCASH,HUARAZ,PAMPAS,"MOVIMIENTO INDEPENDIENTE NUEVA ESPERANZA REGIONAL ANCASHINA ""NUEVA ERA""",65
020109,ANCASH,HUARAZ,PAMPAS,MOVIMIENTO INDEPENDIENTE NUEVO DESTINO,117
020109,ANCASH,HUARAZ,PAMPAS,MOVIMIENTO INDEPENDIENTE RECONSTRUYAMOS ANCASH,20
020109,ANCASH,HUARAZ,PAMPAS,MOVIMIENTO INDEPENDIENTE REGIONAL RIO SANTA CAUDALOSO,26
020109,ANCASH,HUARAZ,PAMPAS,PAMPAS SEA,97
020109,ANCASH,HUARAZ,PAMPAS,PARTIDO DEMOCRATICO SOMOS PERU,65
020109,ANCASH,HUARAZ,PAMPAS,PERU POSIBLE,24
020109,ANCASH,HUARAZ,PAMPAS,TODOS CON PAMPAS GRANDE,292
020109,ANCASH,HUARAZ,PAMPAS,TODOS POR EL PERU,28
020110,ANCASH,HUARAZ,PARIACOTO,MOVIMIENTO ACCION NACIONALISTA PERUANO,457
020110,ANCASH,HUARAZ,PARIACOTO,"MOVIMIENTO INDEPENDIENTE NUEVA ESPERANZA REGIONAL ANCASHINA ""NUEVA ERA""",553
020110,ANCASH,HUARAZ,PARIACOTO,MOVIMIENTO INDEPENDIENTE REGIONAL RIO SANTA CAUDALOSO,656
020110,ANCASH,HUARAZ,PARIACOTO,MOVIMIENTO REGIONAL INDEPENDIENTE CUENTA CONMIGO,40
020110,ANCASH,HUARAZ,PARIACOTO,PARTIDO APRISTA PERUANO,182
020110,ANCASH,HUARAZ,PARIACOTO,PERU POSIBLE,56
020111,ANCASH,HUARAZ,PIRA,ALIANZA PARA EL PROGRESO,18
020111,ANCASH,HUARAZ,PIRA,ANCASH DIGNIDAD,1
020111,ANCASH,HUARAZ,PIRA,CORAZON HUARACINO,0
020111,ANCASH,HUARAZ,PIRA,MOVIMIENTO ACCION NACIONALISTA PERUANO,8
020111,ANCASH,HUARAZ,PIRA,"MOVIMIENTO INDEPENDIENTE NUEVA ESPERANZA REGIONAL ANCASHINA ""NUEVA ERA""",13
020111,ANCASH,HUARAZ,PIRA,MOVIMIENTO INDEPENDIENTE NUEVO DESTINO,0
020111,ANCASH,HUARAZ,PIRA,MOVIMIENTO INDEPENDIENTE RECONSTRUYAMOS ANCASH,0
020111,ANCASH,HUARAZ,PIRA,MOVIMIENTO INDEPENDIENTE REGIONAL RIO SANTA CAUDALOSO,0
020111,ANCASH,HUARAZ,PIRA,MOVIMIENTO INDEPENDIENTE REGIONAL UNIDOS POR ANCASH,2
020111,ANCASH,HUARAZ,PIRA,MOVIMIENTO REGIONAL INDEPENDIENTE CUENTA CONMIGO,5
020111,ANCASH,HUARAZ,PIRA,PARTIDO DEMOCRATICO SOMOS PERU,19
020111,ANCASH,HUARAZ,PIRA,UNION POR EL PERU,0
020112,ANCASH,HUARAZ,TARICA,MOVIMIENTO ACCION NACIONALISTA PERUANO,440
020112,ANCASH,HUARAZ,TARICA,"MOVIMIENTO INDEPENDIENTE NUEVA ESPERANZA REGIONAL ANCASHINA ""NUEVA ERA""",1099
020112,ANCASH,HUARAZ,TARICA,MOVIMIENTO INDEPENDIENTE RECONSTRUYAMOS ANCASH,242
020112,ANCASH,HUARAZ,TARICA,MOVIMIENTO INDEPENDIENTE REGIONAL UNIDOS POR ANCASH,112
020112,ANCASH,HUARAZ,TARICA,MOVIMIENTO REGIONAL INDEPENDIENTE CUENTA CONMIGO,700
020112,ANCASH,HUARAZ,TARICA,PARTIDO APRISTA PERUANO,98
020112,ANCASH,HUARAZ,TARICA,PERU POSIBLE,141
020112,ANCASH,HUARAZ,TARICA,TODOS POR EL PERU,26
020203,ANCASH,AIJA,CORIS,MOVIMIENTO ACCION CRISTIANA DEMOCRATICA,134
020203,ANCASH,AIJA,CORIS,MOVIMIENTO ACCION NACIONALISTA PERUANO,10
020203,ANCASH,AIJA,CORIS,MOVIMIENTO INDEPENDIENTE NUEVO DESTINO,7
020203,ANCASH,AIJA,CORIS,MOVIMIENTO INDEPENDIENTE RECONSTRUYAMOS ANCASH,256
020203,ANCASH,AIJA,CORIS,MOVIMIENTO INDEPENDIENTE REGIONAL RIO SANTA CAUDALOSO,36
020203,ANCASH,AIJA,CORIS,MOVIMIENTO NUEVA IZQUIERDA,18
020203,ANCASH,AIJA,CORIS,MOVIMIENTO REGIONAL INDEPENDIENTE CUENTA CONMIGO,42
020203,ANCASH,AIJA,CORIS,PARTIDO APRISTA PERUANO,336
020203,ANCASH,AIJA,CORIS,PERU POSIBLE,40
020203,ANCASH,AIJA,CORIS,UNION POR EL PERU,46
020205,ANCASH,AIJA,HUACLLAN,ALIANZA PARA EL PROGRESO,54
020205,ANCASH,AIJA,HUACLLAN,MOVIMIENTO INDEPENDIENTE NUEVO DESTINO,90
020205,ANCASH,AIJA,HUACLLAN,MOVIMIENTO INDEPENDIENTE RECONSTRUYAMOS ANCASH,17
020205,ANCASH,AIJA,HUACLLAN,MOVIMIENTO INDEPENDIENTE REGIONAL RIO SANTA CAUDALOSO,21
020205,ANCASH,AIJA,HUACLLAN,MOVIMIENTO REGIONAL INDEPENDIENTE CUENTA CONMIGO,80
020205,ANCASH,AIJA,HUACLLAN,PARTIDO APRISTA PERUANO,50
020206,ANCASH,AIJA,LA MERCED,ALIANZA PARA EL PROGRESO,195
020206,ANCASH,AIJA,LA MERCED,FUERZA 2011,55
020206,ANCASH,AIJA,LA MERCED,MOVIMIENTO ACCION NACIONALISTA PERUANO,100
020206,ANCASH,AIJA,LA MERCED,MOVIMIENTO INDEPENDIENTE NUEVO DESTINO,4
020206,ANCASH,AIJA,LA MERCED,MOVIMIENTO INDEPENDIENTE RECONSTRUYAMOS ANCASH,148
020206,ANCASH,AIJA,LA MERCED,MOVIMIENTO INDEPENDIENTE REGIONAL RIO SANTA CAUDALOSO,68
020206,ANCASH,AIJA,LA MERCED,MOVIMIENTO NUEVA IZQUIERDA,221
020206,ANCASH,AIJA,LA MERCED,MOVIMIENTO REGIONAL INDEPENDIENTE CUENTA CONMIGO,123
020206,ANCASH,AIJA,LA MERCED,PERU POSIBLE,47
020208,ANCASH,AIJA,SUCCHA,ALIANZA PARA EL PROGRESO,27
020208,ANCASH,AIJA,SUCCHA,MOVIMIENTO ACCION NACIONALISTA PERUANO,102
020208,ANCASH,AIJA,SUCCHA,MOVIMIENTO INDEPENDIENTE NUEVO DESTINO,38
020208,ANCASH,AIJA,SUCCHA,MOVIMIENTO INDEPENDIENTE RECONSTRUYAMOS ANCASH,57
020208,ANCASH,AIJA,SUCCHA,MOVIMIENTO INDEPENDIENTE REGIONAL RIO SANTA CAUDALOSO,80
020208,ANCASH,AIJA,SUCCHA,MOVIMIENTO NUEVA IZQUIERDA,34
020208,ANCASH,AIJA,SUCCHA,MOVIMIENTO REGIONAL INDEPENDIENTE CUENTA CONMIGO,15
020208,ANCASH,AIJA,SUCCHA,PARTIDO APRISTA PERUANO,33
020208,ANCASH,AIJA,SUCCHA,PERU POSIBLE,33
020208,ANCASH,AIJA,SUCCHA,TODOS POR EL PERU,94
020302,ANCASH,BOLOGNESI,ABELARDO PARDO LEZAMETA,"MOVIMIENTO INDEPENDIENTE NUEVA ESPERANZA REGIONAL ANCASHINA ""NUEVA ERA""",5
020302,ANCASH,BOLOGNESI,ABELARDO PARDO LEZAMETA,MOVIMIENTO REGIONAL INDEPENDIENTE CUENTA CONMIGO,104
020302,ANCASH,BOLOGNESI,ABELARDO PARDO LEZAMETA,PARTIDO APRISTA PERUANO,1
020302,ANCASH,BOLOGNESI,ABELARDO PARDO LEZAMETA,PERU POSIBLE,135
020304,ANCASH,BOLOGNESI,AQUIA,ALIANZA PARA EL PROGRESO,43
020304,ANCASH,BOLOGNESI,AQUIA,"MOVIMIENTO INDEPENDIENTE NUEVA ESPERANZA REGIONAL ANCASHINA ""NUEVA ERA""",292
020304,ANCASH,BOLOGNESI,AQUIA,MOVIMIENTO INDEPENDIENTE NUEVO DESTINO,71
020304,ANCASH,BOLOGNESI,AQUIA,MOVIMIENTO INDEPENDIENTE REGIONAL RIO SANTA CAUDALOSO,130
020304,ANCASH,BOLOGNESI,AQUIA,PARTIDO APRISTA PERUANO,117
020304,ANCASH,BOLOGNESI,AQUIA,PARTIDO DEMOCRATICO SOMOS PERU,91
020304,ANCASH,BOLOGNESI,AQUIA,PERU POSIBLE,93
020304,ANCASH,BOLOGNESI,AQUIA,SIEMPRE UNIDOS,251
020305,ANCASH,BOLOGNESI,CAJACAY,"MOVIMIENTO INDEPENDIENTE NUEVA ESPERANZA REGIONAL ANCASHINA ""NUEVA ERA""",184
020305,ANCASH,BOLOGNESI,CAJACAY,MOVIMIENTO INDEPENDIENTE REGIONAL RIO SANTA CAUDALOSO,171
020305,ANCASH,BOLOGNESI,CAJACAY,PARTIDO APRISTA PERUANO,7
020305,ANCASH,BOLOGNESI,CAJACAY,PARTIDO DEMOCRATICO SOMOS PERU,213
020305,ANCASH,BOLOGNESI,CAJACAY,PARTIDO HUMANISTA PERUANO,134
020305,ANCASH,BOLOGNESI,CAJACAY,PERU POSIBLE,109
020310,ANCASH,BOLOGNESI,HUAYLLACAYAN,ALIANZA PARA EL PROGRESO,32
020310,ANCASH,BOLOGNESI,HUAYLLACAYAN,"MOVIMIENTO INDEPENDIENTE NUEVA ESPERANZA REGIONAL ANCASHINA ""NUEVA ERA""",130
020310,ANCASH,BOLOGNESI,HUAYLLACAYAN,MOVIMIENTO INDEPENDIENTE REGIONAL RIO SANTA CAUDALOSO,90
020310,ANCASH,BOLOGNESI,HUAYLLACAYAN,MOVIMIENTO REGIONAL INDEPENDIENTE CUENTA CONMIGO,16
020310,ANCASH,BOLOGNESI,HUAYLLACAYAN,PARTIDO APRISTA PERUANO,84
020310,ANCASH,BOLOGNESI,HUAYLLACAYAN,PARTIDO DEMOCRATICO SOMOS PERU,56
020310,ANCASH,BOLOGNESI,HUAYLLACAYAN,PERU POSIBLE,43
020310,ANCASH,BOLOGNESI,HUAYLLACAYAN,SIEMPRE UNIDOS,123
020311,ANCASH,BOLOGNESI,HUASTA,ALIANZA PARA EL PROGRESO,160
020311,ANCASH,BOLOGNESI,HUASTA,"MOVIMIENTO INDEPENDIENTE NUEVA ESPERANZA REGIONAL ANCASHINA ""NUEVA ERA""",87
020311,ANCASH,BOLOGNESI,HUASTA,MOVIMIENTO INDEPENDIENTE REGIONAL RIO SANTA CAUDALOSO,168
020311,ANCASH,BOLOGNESI,HUASTA,MOVIMIENTO REGIONAL INDEPENDIENTE CUENTA CONMIGO,62
020311,ANCASH,BOLOGNESI,HUASTA,PARTIDO APRISTA PERUANO,30
020311,ANCASH,BOLOGNESI,HUASTA,PARTIDO DEMOCRATICO SOMOS PERU,148
020311,ANCASH,BOLOGNESI,HUASTA,PERU POSIBLE,118
020313,ANCASH,BOLOGNESI,MANGAS,"MOVIMIENTO INDEPENDIENTE NUEVA ESPERANZA REGIONAL ANCASHINA ""NUEVA ERA""",0
020313,ANCASH,BOLOGNESI,MANGAS,MOVIMIENTO INDEPENDIENTE REGIONAL RIO SANTA CAUDALOSO,0
020313,ANCASH,BOLOGNESI,MANGAS,MOVIMIENTO REGIONAL INDEPENDIENTE CUENTA CONMIGO,0
020315,ANCASH,BOLOGNESI,PACLLON,ALIANZA PARA EL PROGRESO,18
020315,ANCASH,BOLOGNESI,PACLLON,"MOVIMIENTO INDEPENDIENTE NUEVA ESPERANZA REGIONAL ANCASHINA ""NUEVA ERA""",3
020315,ANCASH,BOLOGNESI,PACLLON,MOVIMIENTO INDEPENDIENTE NUEVO DESTINO,200
020315,ANCASH,BOLOGNESI,PACLLON,MOVIMIENTO INDEPENDIENTE REGIONAL RIO SANTA CAUDALOSO,295
020315,ANCASH,BOLOGNESI,PACLLON,PERU POSIBLE,12
020317,ANCASH,BOLOGNESI,SAN MIGUEL DE CORPANQUI,"MOVIMIENTO INDEPENDIENTE NUEVA ESPERANZA REGIONAL ANCASHINA ""NUEVA ERA""",75
020317,ANCASH,BOLOGNESI,SAN MIGUEL DE CORPANQUI,MOVIMIENTO INDEPENDIENTE REGIONAL RIO SANTA CAUDALOSO,53
020317,ANCASH,BOLOGNESI,SAN MIGUEL DE CORPANQUI,PARTIDO APRISTA PERUANO,56
020317,ANCASH,BOLOGNESI,SAN MIGUEL DE CORPANQUI,PERU POSIBLE,38
020320,ANCASH,BOLOGNESI,TICLLOS,ALIANZA PARA EL PROGRESO,36
020320,ANCASH,BOLOGNESI,TICLLOS,"MOVIMIENTO INDEPENDIENTE NUEVA ESPERANZA REGIONAL ANCASHINA ""NUEVA ERA""",154
020320,ANCASH,BOLOGNESI,TICLLOS,MOVIMIENTO INDEPENDIENTE RECONSTRUYAMOS ANCASH,62
020320,ANCASH,BOLOGNESI,TICLLOS,MOVIMIENTO INDEPENDIENTE REGIONAL RIO SANTA CAUDALOSO,49
020320,ANCASH,BOLOGNESI,TICLLOS,PARTIDO APRISTA PERUANO,145
020321,ANCASH,BOLOGNESI,ANTONIO RAYMONDI,ALIANZA PARA EL PROGRESO,18
020321,ANCASH,BOLOGNESI,ANTONIO RAYMONDI,ANCASH DIGNIDAD,8
020321,ANCASH,BOLOGNESI,ANTONIO RAYMONDI,MOVIMIENTO ACCION NACIONALISTA PERUANO,46
020321,ANCASH,BOLOGNESI,ANTONIO RAYMONDI,"MOVIMIENTO INDEPENDIENTE NUEVA ESPERANZA REGIONAL ANCASHINA ""NUEVA ERA""",44
020321,ANCASH,BOLOGNESI,ANTONIO RAYMONDI,MOVIMIENTO INDEPENDIENTE NUEVO DESTINO,13
020321,ANCASH,BOLOGNESI,ANTONIO RAYMONDI,MOVIMIENTO INDEPENDIENTE REGIONAL RIO SANTA CAUDALOSO,118
020321,ANCASH,BOLOGNESI,ANTONIO RAYMONDI,MOVIMIENTO REGIONAL INDEPENDIENTE CUENTA CONMIGO,117
020321,ANCASH,BOLOGNESI,ANTONIO RAYMONDI,PARTIDO APRISTA PERUANO,190
020321,ANCASH,BOLOGNESI,ANTONIO RAYMONDI,PARTIDO DEMOCRATICO SOMOS PERU,31
020321,ANCASH,BOLOGNESI,ANTONIO RAYMONDI,PERU POSIBLE,151
020321,ANCASH,BOLOGNESI,ANTONIO RAYMONDI,UNION POR EL PERU,81
020322,ANCASH,BOLOGNESI,CANIS,"MOVIMIENTO INDEPENDIENTE NUEVA ESPERANZA REGIONAL ANCASHINA ""NUEVA ERA""",0
020322,ANCASH,BOLOGNESI,CANIS,MOVIMIENTO INDEPENDIENTE REGIONAL RIO SANTA CAUDALOSO,0
020322,ANCASH,BOLOGNESI,CANIS,PARTIDO APRISTA PERUANO,0
020322,ANCASH,BOLOGNESI,CANIS,PERU POSIBLE,0
020323,ANCASH,BOLOGNESI,COLQUIOC,FUERZA 2011,75
020323,ANCASH,BOLOGNESI,COLQUIOC,"MOVIMIENTO INDEPENDIENTE NUEVA ESPERANZA REGIONAL ANCASHINA ""NUEVA ERA""",291
020323,ANCASH,BOLOGNESI,COLQUIOC,MOVIMIENTO INDEPENDIENTE REGIONAL RIO SANTA CAUDALOSO,164
020323,ANCASH,BOLOGNESI,COLQUIOC,MOVIMIENTO REGIONAL INDEPENDIENTE CUENTA CONMIGO,406
020323,ANCASH,BOLOGNESI,COLQUIOC,PARTIDO APRISTA PERUANO,209
020323,ANCASH,BOLOGNESI,COLQUIOC,PARTIDO DEMOCRATICO SOMOS PERU,16
020324,ANCASH,BOLOGNESI,LA PRIMAVERA,"MOVIMIENTO INDEPENDIENTE NUEVA ESPERANZA REGIONAL ANCASHINA ""NUEVA ERA""",135
020324,ANCASH,BOLOGNESI,LA PRIMAVERA,MOVIMIENTO INDEPENDIENTE REGIONAL RIO SANTA CAUDALOSO,3
020324,ANCASH,BOLOGNESI,LA PRIMAVERA,PERU POSIBLE,168
020325,ANCASH,BOLOGNESI,HUALLANCA,ALIANZA PARA EL PROGRESO,439
020325,ANCASH,BOLOGNESI,HUALLANCA,"MOVIMIENTO INDEPENDIENTE NUEVA ESPERANZA REGIONAL ANCASHINA ""NUEVA ERA""",1096
020325,ANCASH,BOLOGNESI,HUALLANCA,MOVIMIENTO INDEPENDIENTE REGIONAL RIO SANTA CAUDALOSO,26
020325,ANCASH,BOLOGNESI,HUALLANCA,MOVIMIENTO REGIONAL INDEPENDIENTE CUENTA CONMIGO,32
020325,ANCASH,BOLOGNESI,HUALLANCA,PARTIDO APRISTA PERUANO,44
020325,ANCASH,BOLOGNESI,HUALLANCA,PARTIDO DEMOCRATICO SOMOS PERU,859
020325,ANCASH,BOLOGNESI,HUALLANCA,RESTAURACION NACIONAL,176
020402,ANCASH,CARHUAZ,ACOPAMPA,FUERZA 2011,57
020402,ANCASH,CARHUAZ,ACOPAMPA,MOVIMIENTO ACCION NACIONALISTA PERUANO,76
020402,ANCASH,CARHUAZ,ACOPAMPA,"MOVIMIENTO INDEPENDIENTE NUEVA ESPERANZA REGIONAL ANCASHINA ""NUEVA ERA""",225
020402,ANCASH,CARHUAZ,ACOPAMPA,MOVIMIENTO INDEPENDIENTE REGIONAL RIO SANTA CAUDALOSO,80
020402,ANCASH,CARHUAZ,ACOPAMPA,MOVIMIENTO REGIONAL INDEPENDIENTE CUENTA CONMIGO,20
020402,ANCASH,CARHUAZ,ACOPAMPA,PARTIDO DEMOCRATICO SOMOS PERU,357
020402,ANCASH,CARHUAZ,ACOPAMPA,PERU POSIBLE,190
020402,ANCASH,CARHUAZ,ACOPAMPA,SIEMPRE UNIDOS,289
020402,ANCASH,CARHUAZ,ACOPAMPA,UNION POR EL PERU,9
020403,ANCASH,CARHUAZ,AMASHCA,MOVIMIENTO ACCION NACIONALISTA PERUANO,42
020403,ANCASH,CARHUAZ,AMASHCA,MOVIMIENTO INDEPENDIENTE NUEVO DESTINO,174
020403,ANCASH,CARHUAZ,AMASHCA,PARTIDO DEMOCRATICO SOMOS PERU,422
020403,ANCASH,CARHUAZ,AMASHCA,PERU POSIBLE,291
020403,ANCASH,CARHUAZ,AMASHCA,SIEMPRE UNIDOS,397
020404,ANCASH,CARHUAZ,ANTA,MOVIMIENTO ACCION NACIONALISTA PERUANO,0
020404,ANCASH,CARHUAZ,ANTA,"MOVIMIENTO INDEPENDIENTE NUEVA ESPERANZA REGIONAL ANCASHINA ""NUEVA ERA""",0
020404,ANCASH,CARHUAZ,ANTA,MOVIMIENTO INDEPENDIENTE NUEVO DESTINO,0
020404,ANCASH,CARHUAZ,ANTA,MOVIMIENTO INDEPENDIENTE REGIONAL RIO SANTA CAUDALOSO,0
020404,ANCASH,CARHUAZ,ANTA,PARTIDO DEMOCRATICO SOMOS PERU,0
020404,ANCASH,CARHUAZ,ANTA,PERU POSIBLE,0
020404,ANCASH,CARHUAZ,ANTA,SIEMPRE UNIDOS,0
020404,ANCASH,CARHUAZ,ANTA,UNION POR EL PERU,0
020405,ANCASH,CARHUAZ,ATAQUERO,"MOVIMIENTO INDEPENDIENTE NUEVA ESPERANZA REGIONAL ANCASHINA ""NUEVA ERA""",73
020405,ANCASH,CARHUAZ,ATAQUERO,MOVIMIENTO INDEPENDIENTE NUEVO DESTINO,74
020405,ANCASH,CARHUAZ,ATAQUERO,MOVIMIENTO INDEPENDIENTE REGIONAL RIO SANTA CAUDALOSO,9
020405,ANCASH,CARHUAZ,ATAQUERO,PARTIDO DEMOCRATICO SOMOS PERU,357
020405,ANCASH,CARHUAZ,ATAQUERO,PERU POSIBLE,88
020405,ANCASH,CARHUAZ,ATAQUERO,SIEMPRE UNIDOS,326
020406,ANCASH,CARHUAZ,MARCARA,ALIANZA PARA EL PROGRESO,997
020406,ANCASH,CARHUAZ,MARCARA,FUERZA 2011,113
020406,ANCASH,CARHUAZ,MARCARA,MOVIMIENTO ACCION NACIONALISTA PERUANO,1169
020406,ANCASH,CARHUAZ,MARCARA,"MOVIMIENTO INDEPENDIENTE NUEVA ESPERANZA REGIONAL ANCASHINA ""NUEVA ERA""",504
020406,ANCASH,CARHUAZ,MARCARA,MOVIMIENTO INDEPENDIENTE NUEVO DESTINO,278
020406,ANCASH,CARHUAZ,MARCARA,MOVIMIENTO INDEPENDIENTE REGIONAL RIO SANTA CAUDALOSO,85
020406,ANCASH,CARHUAZ,MARCARA,MOVIMIENTO REGIONAL INDEPENDIENTE CUENTA CONMIGO,75
020406,ANCASH,CARHUAZ,MARCARA,PARTIDO DEMOCRATICO SOMOS PERU,989
020406,ANCASH,CARHUAZ,MARCARA,PERU POSIBLE,153
020406,ANCASH,CARHUAZ,MARCARA,SIEMPRE UNIDOS,69
020406,ANCASH,CARHUAZ,MARCARA,UNION POR EL PERU,172
020407,ANCASH,CARHUAZ,PARIAHUANCA,ALIANZA PARA EL PROGRESO,172
020407,ANCASH,CARHUAZ,PARIAHUANCA,MOVIMIENTO ACCION NACIONALISTA PERUANO,44
020407,ANCASH,CARHUAZ,PARIAHUANCA,MOVIMIENTO INDEPENDIENTE NUEVO DESTINO,19
020407,ANCASH,CARHUAZ,PARIAHUANCA,MOVIMIENTO INDEPENDIENTE RECONSTRUYAMOS ANCASH,27
020407,ANCASH,CARHUAZ,PARIAHUANCA,MOVIMIENTO INDEPENDIENTE REGIONAL RIO SANTA CAUDALOSO,24
020407,ANCASH,CARHUAZ,PARIAHUANCA,MOVIMIENTO REGIONAL INDEPENDIENTE CUENTA CONMIGO,11
020407,ANCASH,CARHUAZ,PARIAHUANCA,PARTIDO DEMOCRATICO SOMOS PERU,237
020407,ANCASH,CARHUAZ,PARIAHUANCA,PERU POSIBLE,96
020407,ANCASH,CARHUAZ,PARIAHUANCA,SIEMPRE UNIDOS,66
020407,ANCASH,CARHUAZ,PARIAHUANCA,UNION POR EL PERU,146
020408,ANCASH,CARHUAZ,SAN MIGUEL DE ACO,ALIANZA PARA EL PROGRESO,274
020408,ANCASH,CARHUAZ,SAN MIGUEL DE ACO,MOVIMIENTO ACCION NACIONALISTA PERUANO,332
020408,ANCASH,CARHUAZ,SAN MIGUEL DE ACO,"MOVIMIENTO INDEPENDIENTE NUEVA ESPERANZA REGIONAL ANCASHINA ""NUEVA ERA""",35
020408,ANCASH,CARHUAZ,SAN MIGUEL DE ACO,MOVIMIENTO INDEPENDIENTE NUEVO DESTINO,28
020408,ANCASH,CARHUAZ,SAN MIGUEL DE ACO,MOVIMIENTO INDEPENDIENTE REGIONAL RIO SANTA CAUDALOSO,15
020408,ANCASH,CARHUAZ,SAN MIGUEL DE ACO,MOVIMIENTO REGIONAL INDEPENDIENTE CUENTA CONMIGO,245
020408,ANCASH,CARHUAZ,SAN MIGUEL DE ACO,PARTIDO DEMOCRATICO SOMOS PERU,205
020408,ANCASH,CARHUAZ,SAN MIGUEL DE ACO,PERU POSIBLE,17
020408,ANCASH,CARHUAZ,SAN MIGUEL DE ACO,SIEMPRE UNIDOS,43
020408,ANCASH,CARHUAZ,SAN MIGUEL DE ACO,UNION POR EL PERU,54
020409,ANCASH,CARHUAZ,SHILLA,MOVIMIENTO ACCION NACIONALISTA PERUANO,61
020409,ANCASH,CARHUAZ,SHILLA,"MOVIMIENTO INDEPENDIENTE NUEVA ESPERANZA REGIONAL ANCASHINA ""NUEVA ERA""",74
020409,ANCASH,CARHUAZ,SHILLA,MOVIMIENTO INDEPENDIENTE NUEVO DESTINO,80
020409,ANCASH,CARHUAZ,SHILLA,MOVIMIENTO INDEPENDIENTE REGIONAL RIO SANTA CAUDALOSO,37
020409,ANCASH,CARHUAZ,SHILLA,MOVIMIENTO REGIONAL INDEPENDIENTE CUENTA CONMIGO,27
020409,ANCASH,CARHUAZ,SHILLA,PARTIDO DEMOCRATICO SOMOS PERU,812
020409,ANCASH,CARHUAZ,SHILLA,PERU POSIBLE,721
020409,ANCASH,CARHUAZ,SHILLA,SIEMPRE UNIDOS,183
020409,ANCASH,CARHUAZ,SHILLA,UNION POR EL PERU,199
020410,ANCASH,CARHUAZ,TINCO,ALIANZA PARA EL PROGRESO,115
020410,ANCASH,CARHUAZ,TINCO,MOVIMIENTO ACCION NACIONALISTA PERUANO,173
020410,ANCASH,CARHUAZ,TINCO,"MOVIMIENTO INDEPENDIENTE NUEVA ESPERANZA REGIONAL ANCASHINA ""NUEVA ERA""",251
020410,ANCASH,CARHUAZ,TINCO,MOVIMIENTO INDEPENDIENTE NUEVO DESTINO,153
020410,ANCASH,CARHUAZ,TINCO,MOVIMIENTO INDEPENDIENTE REGIONAL RIO SANTA CAUDALOSO,23
020410,ANCASH,CARHUAZ,TINCO,MOVIMIENTO REGIONAL INDEPENDIENTE CUENTA CONMIGO,62
020410,ANCASH,CARHUAZ,TINCO,PARTIDO DEMOCRATICO SOMOS PERU,250
020410,ANCASH,CARHUAZ,TINCO,PERU POSIBLE,295
020410,ANCASH,CARHUAZ,TINCO,SIEMPRE UNIDOS,57
020410,ANCASH,CARHUAZ,TINCO,UNION POR EL PERU,6
020411,ANCASH,CARHUAZ,YUNGAR,FUERZA 2011,81
020411,ANCASH,CARHUAZ,YUNGAR,MOVIMIENTO ACCION NACIONALISTA PERUANO,89
020411,ANCASH,CARHUAZ,YUNGAR,"MOVIMIENTO INDEPENDIENTE NUEVA ESPERANZA REGIONAL ANCASHINA ""NUEVA ERA""",240
020411,ANCASH,CARHUAZ,YUNGAR,MOVIMIENTO INDEPENDIENTE NUEVO DESTINO,90
020411,ANCASH,CARHUAZ,YUNGAR,MOVIMIENTO INDEPENDIENTE REGIONAL RIO SANTA CAUDALOSO,147
020411,ANCASH,CARHUAZ,YUNGAR,PARTIDO DEMOCRATICO SOMOS PERU,137
020411,ANCASH,CARHUAZ,YUNGAR,PERU POSIBLE,263
020411,ANCASH,CARHUAZ,YUNGAR,RESTAURACION NACIONAL,207
020411,ANCASH,CARHUAZ,YUNGAR,SIEMPRE UNIDOS,232
020411,ANCASH,CARHUAZ,YUNGAR,UNION POR EL PERU,18
020502,ANCASH,CASMA,BUENA VISTA ALTA,ANCASH DIGNIDAD,432
020502,ANCASH,CASMA,BUENA VISTA ALTA,FUERZA 2011,42
020502,ANCASH,CASMA,BUENA VISTA ALTA,MOVIMIENTO ACCION NACIONALISTA PERUANO,663
020502,ANCASH,CASMA,BUENA VISTA ALTA,MOVIMIENTO INDEPENDIENTE REGIONAL RIO SANTA CAUDALOSO,530
020502,ANCASH,CASMA,BUENA VISTA ALTA,MOVIMIENTO NUEVA IZQUIERDA,6
020502,ANCASH,CASMA,BUENA VISTA ALTA,MOVIMIENTO REGIONAL INDEPENDIENTE CUENTA CONMIGO,39
020502,ANCASH,CASMA,BUENA VISTA ALTA,PARTIDO APRISTA PERUANO,125
020502,ANCASH,CASMA,BUENA VISTA ALTA,PARTIDO DEMOCRATICO SOMOS PERU,85
020502,ANCASH,CASMA,BUENA VISTA ALTA,TODOS POR EL PERU,57
020503,ANCASH,CASMA,COMANDANTE NOEL,ALIANZA PARA EL PROGRESO,10
020503,ANCASH,CASMA,COMANDANTE NOEL,ANCASH DIGNIDAD,33
020503,ANCASH,CASMA,COMANDANTE NOEL,FUERZA 2011,87
020503,ANCASH,CASMA,COMANDANTE NOEL,MOVIMIENTO ACCION NACIONALISTA PERUANO,166
020503,ANCASH,CASMA,COMANDANTE NOEL,MOVIMIENTO INDEPENDIENTE REGIONAL RIO SANTA CAUDALOSO,335
020503,ANCASH,CASMA,COMANDANTE NOEL,MOVIMIENTO NUEVA IZQUIERDA,137
020503,ANCASH,CASMA,COMANDANTE NOEL,MOVIMIENTO REGIONAL INDEPENDIENTE CUENTA CONMIGO,267
020503,ANCASH,CASMA,COMANDANTE NOEL,PARTIDO APRISTA PERUANO,128
020503,ANCASH,CASMA,COMANDANTE NOEL,PARTIDO DEMOCRATICO SOMOS PERU,50
020503,ANCASH,CASMA,COMANDANTE NOEL,TODOS POR EL PERU,20
020505,ANCASH,CASMA,YAUTAN,ALIANZA PARA EL PROGRESO,1012
020505,ANCASH,CASMA,YAUTAN,ANCASH DIGNIDAD,663
020505,ANCASH,CASMA,YAUTAN,FUERZA 2011,18
020505,ANCASH,CASMA,YAUTAN,MOVIMIENTO ACCION NACIONALISTA PERUANO,245
020505,ANCASH,CASMA,YAUTAN,MOVIMIENTO INDEPENDIENTE REGIONAL RIO SANTA CAUDALOSO,846
020505,ANCASH,CASMA,YAUTAN,MOVIMIENTO NUEVA IZQUIERDA,26
020505,ANCASH,CASMA,YAUTAN,MOVIMIENTO REGIONAL INDEPENDIENTE CUENTA CONMIGO,128
020505,ANCASH,CASMA,YAUTAN,PARTIDO APRISTA PERUANO,602
020505,ANCASH,CASMA,YAUTAN,PARTIDO DEMOCRATICO SOMOS PERU,100
020505,ANCASH,CASMA,YAUTAN,PERU POSIBLE,24
020602,ANCASH,CORONGO,ACO,PARTIDO APRISTA PERUANO,137
020602,ANCASH,CORONGO,ACO,PARTIDO DEMOCRATICO SOMOS PERU,148
020603,ANCASH,CORONGO,BAMBAS,ALIANZA PARA EL PROGRESO,50
020603,ANCASH,CORONGO,BAMBAS,FUERZA 2011,38
020603,ANCASH,CORONGO,BAMBAS,MOVIMIENTO ACCION NACIONALISTA PERUANO,34
020603,ANCASH,CORONGO,BAMBAS,MOVIMIENTO INDEPENDIENTE REGIONAL RIO SANTA CAUDALOSO,54
020603,ANCASH,CORONGO,BAMBAS,MOVIMIENTO REGIONAL INDEPENDIENTE CUENTA CONMIGO,71
020603,ANCASH,CORONGO,BAMBAS,PARTIDO APRISTA PERUANO,9
020603,ANCASH,CORONGO,BAMBAS,PERU POSIBLE,7
020604,ANCASH,CORONGO,CUSCA,ALIANZA PARA EL PROGRESO,3
020604,ANCASH,CORONGO,CUSCA,MOVIMIENTO INDEPENDIENTE REGIONAL RIO SANTA CAUDALOSO,458
020604,ANCASH,CORONGO,CUSCA,MOVIMIENTO REGIONAL INDEPENDIENTE CUENTA CONMIGO,228
020604,ANCASH,CORONGO,CUSCA,PARTIDO APRISTA PERUANO,111
020604,ANCASH,CORONGO,CUSCA,PARTIDO DEMOCRATICO SOMOS PERU,280
020604,ANCASH,CORONGO,CUSCA,UNIDOS POR EL PROGRESO DE CUSCA,10
020604,ANCASH,CORONGO,CUSCA,UNION POR EL PERU,82
020605,ANCASH,CORONGO,LA PAMPA,ALIANZA PARA EL PROGRESO,149
020605,ANCASH,CORONGO,LA PAMPA,MOVIMIENTO INDEPENDIENTE REGIONAL RIO SANTA CAUDALOSO,196
020605,ANCASH,CORONGO,LA PAMPA,MOVIMIENTO REGIONAL INDEPENDIENTE CUENTA CONMIGO,69
020605,ANCASH,CORONGO,LA PAMPA,PARTIDO APRISTA PERUANO,34
020606,ANCASH,CORONGO,YANAC,MOVIMIENTO INDEPENDIENTE REGIONAL RIO SANTA CAUDALOSO,151
020606,ANCASH,CORONGO,YANAC,MOVIMIENTO REGIONAL INDEPENDIENTE CUENTA CONMIGO,72
020606,ANCASH,CORONGO,YANAC,PARTIDO APRISTA PERUANO,5
020606,ANCASH,CORONGO,YANAC,PARTIDO DEMOCRATICO SOMOS PERU,193
020607,ANCASH,CORONGO,YUPAN,PARTIDO APRISTA PERUANO,96
020607,ANCASH,CORONGO,YUPAN,PARTIDO DEMOCRATICO SOMOS PERU,57
020607,ANCASH,CORONGO,YUPAN,PERU POSIBLE,23
020607,ANCASH,CORONGO,YUPAN,UNION POR EL PERU,87
020702,ANCASH,HUAYLAS,HUALLANCA,MOVIMIENTO ACCION NACIONALISTA PERUANO,30
020702,ANCASH,HUAYLAS,HUALLANCA,MOVIMIENTO INDEPENDIENTE REGIONAL RIO SANTA CAUDALOSO,157
020702,ANCASH,HUAYLAS,HUALLANCA,MOVIMIENTO NUEVA IZQUIERDA,153
020702,ANCASH,HUAYLAS,HUALLANCA,MOVIMIENTO REGIONAL INDEPENDIENTE CUENTA CONMIGO,262
020702,ANCASH,HUAYLAS,HUALLANCA,PARTIDO APRISTA PERUANO,35
020703,ANCASH,HUAYLAS,HUATA,ALIANZA PARA EL PROGRESO,24
020703,ANCASH,HUAYLAS,HUATA,FUERZA 2011,3
020703,ANCASH,HUAYLAS,HUATA,MOVIMIENTO INDEPENDIENTE NUEVO DESTINO,34
020703,ANCASH,HUAYLAS,HUATA,MOVIMIENTO INDEPENDIENTE RECONSTRUYAMOS ANCASH,30
020703,ANCASH,HUAYLAS,HUATA,MOVIMIENTO REGIONAL INDEPENDIENTE CUENTA CONMIGO,26
020703,ANCASH,HUAYLAS,HUATA,PARTIDO APRISTA PERUANO,7
020703,ANCASH,HUAYLAS,HUATA,PERU POSIBLE,25
020704,ANCASH,HUAYLAS,HUAYLAS,ACCION POPULAR,279
020704,ANCASH,HUAYLAS,HUAYLAS,MOVIMIENTO INDEPENDIENTE NUEVO DESTINO,583
020704,ANCASH,HUAYLAS,HUAYLAS,PARTIDO APRISTA PERUANO,17
020705,ANCASH,HUAYLAS,MATO,FUERZA 2011,35
020705,ANCASH,HUAYLAS,MATO,MOVIMIENTO ACCION NACIONALISTA PERUANO,29
020705,ANCASH,HUAYLAS,MATO,MOVIMIENTO INDEPENDIENTE NUEVO DESTINO,375
020705,ANCASH,HUAYLAS,MATO,MOVIMIENTO INDEPENDIENTE RECONSTRUYAMOS ANCASH,99
020705,ANCASH,HUAYLAS,MATO,MOVIMIENTO INDEPENDIENTE REGIONAL RIO SANTA CAUDALOSO,327
020705,ANCASH,HUAYLAS,MATO,MOVIMIENTO REGIONAL INDEPENDIENTE CUENTA CONMIGO,138
020705,ANCASH,HUAYLAS,MATO,PARTIDO APRISTA PERUANO,65
020706,ANCASH,HUAYLAS,PAMPAROMAS,ALIANZA PARA EL PROGRESO,220
020706,ANCASH,HUAYLAS,PAMPAROMAS,FUERZA 2011,33
020706,ANCASH,HUAYLAS,PAMPAROMAS,MOVIMIENTO INDEPENDIENTE NUEVO DESTINO,83
020706,ANCASH,HUAYLAS,PAMPAROMAS,MOVIMIENTO INDEPENDIENTE RECONSTRUYAMOS ANCASH,688
020706,ANCASH,HUAYLAS,PAMPAROMAS,MOVIMIENTO INDEPENDIENTE REGIONAL RIO SANTA CAUDALOSO,575
020706,ANCASH,HUAYLAS,PAMPAROMAS,MOVIMIENTO NUEVA IZQUIERDA,58
020706,ANCASH,HUAYLAS,PAMPAROMAS,MOVIMIENTO REGIONAL INDEPENDIENTE CUENTA CONMIGO,637
020706,ANCASH,HUAYLAS,PAMPAROMAS,PARTIDO APRISTA PERUANO,480
020706,ANCASH,HUAYLAS,PAMPAROMAS,PERU POSIBLE,159
020707,ANCASH,HUAYLAS,PUEBLO LIBRE,ALIANZA PARA EL PROGRESO,120
020707,ANCASH,HUAYLAS,PUEBLO LIBRE,FUERZA 2011,167
020707,ANCASH,HUAYLAS,PUEBLO LIBRE,MOVIMIENTO ACCION NACIONALISTA PERUANO,228
020707,ANCASH,HUAYLAS,PUEBLO LIBRE,MOVIMIENTO INDEPENDIENTE NUEVO DESTINO,130
020707,ANCASH,HUAYLAS,PUEBLO LIBRE,MOVIMIENTO INDEPENDIENTE RECONSTRUYAMOS ANCASH,1082
020707,ANCASH,HUAYLAS,PUEBLO LIBRE,MOVIMIENTO INDEPENDIENTE REGIONAL RIO SANTA CAUDALOSO,612
020707,ANCASH,HUAYLAS,PUEBLO LIBRE,MOVIMIENTO REGIONAL INDEPENDIENTE CUENTA CONMIGO,1009
020707,ANCASH,HUAYLAS,PUEBLO LIBRE,PARTIDO APRISTA PERUANO,52
020707,ANCASH,HUAYLAS,PUEBLO LIBRE,PERU POSIBLE,30
020708,ANCASH,HUAYLAS,SANTA CRUZ,ALIANZA PARA EL PROGRESO,0
020708,ANCASH,HUAYLAS,SANTA CRUZ,ANCASH DIGNIDAD,0
020708,ANCASH,HUAYLAS,SANTA CRUZ,FONAVISTAS DEL PERU,0
020708,ANCASH,HUAYLAS,SANTA CRUZ,FUERZA 2011,0
020708,ANCASH,HUAYLAS,SANTA CRUZ,MOVIMIENTO ACCION NACIONALISTA PERUANO,0
020708,ANCASH,HUAYLAS,SANTA CRUZ,"MOVIMIENTO INDEPENDIENTE NUEVA ESPERANZA REGIONAL ANCASHINA ""NUEVA ERA""",0
020708,ANCASH,HUAYLAS,SANTA CRUZ,MOVIMIENTO INDEPENDIENTE NUEVO DESTINO,0
020708,ANCASH,HUAYLAS,SANTA CRUZ,MOVIMIENTO INDEPENDIENTE RECONSTRUYAMOS ANCASH,0
020708,ANCASH,HUAYLAS,SANTA CRUZ,MOVIMIENTO INDEPENDIENTE REGIONAL RIO SANTA CAUDALOSO,0
020708,ANCASH,HUAYLAS,SANTA CRUZ,MOVIMIENTO REGIONAL INDEPENDIENTE CUENTA CONMIGO,0
020708,ANCASH,HUAYLAS,SANTA CRUZ,PARTIDO APRISTA PERUANO,0
020708,ANCASH,HUAYLAS,SANTA CRUZ,PERU POSIBLE,0
020709,ANCASH,HUAYLAS,YURACMARCA,ALIANZA PARA EL PROGRESO,15
020709,ANCASH,HUAYLAS,YURACMARCA,FUERZA 2011,122
020709,ANCASH,HUAYLAS,YURACMARCA,MOVIMIENTO ACCION NACIONALISTA PERUANO,266
020709,ANCASH,HUAYLAS,YURACMARCA,MOVIMIENTO INDEPENDIENTE NUEVO DESTINO,133
020709,ANCASH,HUAYLAS,YURACMARCA,MOVIMIENTO INDEPENDIENTE RECONSTRUYAMOS ANCASH,85
020709,ANCASH,HUAYLAS,YURACMARCA,MOVIMIENTO INDEPENDIENTE REGIONAL RIO SANTA CAUDALOSO,101
020709,ANCASH,HUAYLAS,YURACMARCA,MOVIMIENTO NUEVA IZQUIERDA,6
020709,ANCASH,HUAYLAS,YURACMARCA,MOVIMIENTO REGIONAL INDEPENDIENTE CUENTA CONMIGO,111
020709,ANCASH,HUAYLAS,YURACMARCA,PARTIDO APRISTA PERUANO,71
020709,ANCASH,HUAYLAS,YURACMARCA,PERU POSIBLE,26
020709,ANCASH,HUAYLAS,YURACMARCA,TODOS POR EL PERU,22
020710,ANCASH,HUAYLAS,SANTO TORIBIO,FONAVISTAS DEL PERU,12
020710,ANCASH,HUAYLAS,SANTO TORIBIO,FUERZA 2011,292
020710,ANCASH,HUAYLAS,SANTO TORIBIO,MOVIMIENTO ACCION NACIONALISTA PERUANO,20
020710,ANCASH,HUAYLAS,SANTO TORIBIO,MOVIMIENTO INDEPENDIENTE NUEVO DESTINO,38
020710,ANCASH,HUAYLAS,SANTO TORIBIO,MOVIMIENTO INDEPENDIENTE REGIONAL RIO SANTA CAUDALOSO,159
020710,ANCASH,HUAYLAS,SANTO TORIBIO,MOVIMIENTO REGIONAL INDEPENDIENTE CUENTA CONMIGO,114
020710,ANCASH,HUAYLAS,SANTO TORIBIO,PARTIDO APRISTA PERUANO,16
020802,ANCASH,HUARI,CAJAY,ALIANZA PARA EL PROGRESO,233
020802,ANCASH,HUARI,CAJAY,CAJAY AVANZA,335
020802,ANCASH,HUARI,CAJAY,MOVIMIENTO ACCION NACIONALISTA PERUANO,623
020802,ANCASH,HUARI,CAJAY,"MOVIMIENTO INDEPENDIENTE NUEVA ESPERANZA REGIONAL ANCASHINA ""NUEVA ERA""",30
020802,ANCASH,HUARI,CAJAY,PARTIDO APRISTA PERUANO,14
020802,ANCASH,HUARI,CAJAY,PARTIDO DEMOCRATICO SOMOS PERU,78
020802,ANCASH,HUARI,CAJAY,PERU POSIBLE,6
020802,ANCASH,HUARI,CAJAY,SIEMPRE UNIDOS,72
020802,ANCASH,HUARI,CAJAY,UNION POR EL PERU,175
020803,ANCASH,HUARI,CHAVIN DE HUANTAR,ALIANZA PARA EL PROGRESO,942
020803,ANCASH,HUARI,CHAVIN DE HUANTAR,MOVIMIENTO ACCION NACIONALISTA PERUANO,1080
020803,ANCASH,HUARI,CHAVIN DE HUANTAR,MOVIMIENTO INDEPENDIENTE RECONSTRUYAMOS ANCASH,38
020803,ANCASH,HUARI,CHAVIN DE HUANTAR,MOVIMIENTO REGIONAL INDEPENDIENTE CUENTA CONMIGO,77
020803,ANCASH,HUARI,CHAVIN DE HUANTAR,PARTIDO APRISTA PERUANO,10
020803,ANCASH,HUARI,CHAVIN DE HUANTAR,PARTIDO DEMOCRATICO SOMOS PERU,550
020803,ANCASH,HUARI,CHAVIN DE HUANTAR,PERU POSIBLE,248
020803,ANCASH,HUARI,CHAVIN DE HUANTAR,UNION POR EL PERU,1159
020804,ANCASH,HUARI,HUACACHI,MOVIMIENTO ACCION NACIONALISTA PERUANO,5
020804,ANCASH,HUARI,HUACACHI,MOVIMIENTO REGIONAL INDEPENDIENTE CUENTA CONMIGO,1
020804,ANCASH,HUARI,HUACACHI,PARTIDO DEMOCRATICO SOMOS PERU,303
020804,ANCASH,HUARI,HUACACHI,UNION POR EL PERU,307
020805,ANCASH,HUARI,HUACHIS,ALIANZA PARA EL PROGRESO,669
020805,ANCASH,HUARI,HUACHIS,MOVIMIENTO ACCION NACIONALISTA PERUANO,387
020805,ANCASH,HUARI,HUACHIS,MOVIMIENTO INDEPENDIENTE REGIONAL RIO SANTA CAUDALOSO,6
020805,ANCASH,HUARI,HUACHIS,MOVIMIENTO REGIONAL INDEPENDIENTE CUENTA CONMIGO,37
020805,ANCASH,HUARI,HUACHIS,PARTIDO DEMOCRATICO SOMOS PERU,390
020805,ANCASH,HUARI,HUACHIS,PERU POSIBLE,46
020805,ANCASH,HUARI,HUACHIS,UNION POR EL PERU,559
020806,ANCASH,HUARI,HUACCHIS,ALIANZA PARA EL PROGRESO,492
020806,ANCASH,HUARI,HUACCHIS,MOVIMIENTO INDEPENDIENTE REGIONAL RIO SANTA CAUDALOSO,150
020806,ANCASH,HUARI,HUACCHIS,MOVIMIENTO REGIONAL INDEPENDIENTE CUENTA CONMIGO,36
020806,ANCASH,HUARI,HUACCHIS,UNION POR EL PERU,430
020807,ANCASH,HUARI,HUANTAR,ALIANZA PARA EL PROGRESO,141
020807,ANCASH,HUARI,HUANTAR,MOVIMIENTO ACCION NACIONALISTA PERUANO,116
020807,ANCASH,HUARI,HUANTAR,MOVIMIENTO INDEPENDIENTE REGIONAL RIO SANTA CAUDALOSO,39
020807,ANCASH,HUARI,HUANTAR,MOVIMIENTO REGIONAL INDEPENDIENTE CUENTA CONMIGO,653
020807,ANCASH,HUARI,HUANTAR,PARTIDO DEMOCRATICO SOMOS PERU,72
020807,ANCASH,HUARI,HUANTAR,PERU POSIBLE,459
020807,ANCASH,HUARI,HUANTAR,UNION POR EL PERU,221
020808,ANCASH,HUARI,MASIN,ALIANZA PARA EL PROGRESO,238
020808,ANCASH,HUARI,MASIN,MOVIMIENTO ACCION NACIONALISTA PERUANO,98
020808,ANCASH,HUARI,MASIN,"MOVIMIENTO INDEPENDIENTE NUEVA ESPERANZA REGIONAL ANCASHINA ""NUEVA ERA""",19
020808,ANCASH,HUARI,MASIN,MOVIMIENTO INDEPENDIENTE REGIONAL RIO SANTA CAUDALOSO,308
020808,ANCASH,HUARI,MASIN,MOVIMIENTO REGIONAL INDEPENDIENTE CUENTA CONMIGO,15
020808,ANCASH,HUARI,MASIN,PARTIDO APRISTA PERUANO,35
020808,ANCASH,HUARI,MASIN,PARTIDO DEMOCRATICO SOMOS PERU,113
020808,ANCASH,HUARI,MASIN,PERU POSIBLE,22
020808,ANCASH,HUARI,MASIN,UNION POR EL PERU,374
020809,ANCASH,HUARI,PAUCAS,ACCION POPULAR,0
020809,ANCASH,HUARI,PAUCAS,ALIANZA PARA EL PROGRESO,8
020809,ANCASH,HUARI,PAUCAS,FUERZA 2011,301
020809,ANCASH,HUARI,PAUCAS,MOVIMIENTO ACCION NACIONALISTA PERUANO,484
020809,ANCASH,HUARI,PAUCAS,MOVIMIENTO INDEPENDIENTE REGIONAL RIO SANTA CAUDALOSO,87
020809,ANCASH,HUARI,PAUCAS,PARTIDO APRISTA PERUANO,5
020809,ANCASH,HUARI,PAUCAS,PARTIDO DEMOCRATICO SOMOS PERU,1
020809,ANCASH,HUARI,PAUCAS,PERU POSIBLE,1
020809,ANCASH,HUARI,PAUCAS,UNION POR EL PERU,480
020810,ANCASH,HUARI,PONTO,ALIANZA PARA EL PROGRESO,28
020810,ANCASH,HUARI,PONTO,BUENA ACCION EN PONTO,43
020810,ANCASH,HUARI,PONTO,MOVIMIENTO ACCION NACIONALISTA PERUANO,709
020810,ANCASH,HUARI,PONTO,"MOVIMIENTO INDEPENDIENTE NUEVA ESPERANZA REGIONAL ANCASHINA ""NUEVA ERA""",487
020810,ANCASH,HUARI,PONTO,MOVIMIENTO INDEPENDIENTE REGIONAL RIO SANTA CAUDALOSO,1
020810,ANCASH,HUARI,PONTO,PARTIDO DEMOCRATICO SOMOS PERU,15
020810,ANCASH,HUARI,PONTO,PERU POSIBLE,18
020810,ANCASH,HUARI,PONTO,RESTAURACION NACIONAL,34
020810,ANCASH,HUARI,PONTO,UNION POR EL PERU,573
020811,ANCASH,HUARI,RAHUAPAMPA,ALIANZA PARA EL PROGRESO,211
020811,ANCASH,HUARI,RAHUAPAMPA,MOVIMIENTO ACCION NACIONALISTA PERUANO,168
020811,ANCASH,HUARI,RAHUAPAMPA,"MOVIMIENTO INDEPENDIENTE NUEVA ESPERANZA REGIONAL ANCASHINA ""NUEVA ERA""",29
020811,ANCASH,HUARI,RAHUAPAMPA,MOVIMIENTO INDEPENDIENTE RECONSTRUYAMOS ANCASH,25
020811,ANCASH,HUARI,RAHUAPAMPA,PARTIDO DEMOCRATICO SOMOS PERU,139
020811,ANCASH,HUARI,RAHUAPAMPA,UNION POR EL PERU,128
020812,ANCASH,HUARI,RAPAYAN,ALIANZA PARA EL PROGRESO,0
020812,ANCASH,HUARI,RAPAYAN,MOVIMIENTO INDEPENDIENTE REGIONAL RIO SANTA CAUDALOSO,0
020812,ANCASH,HUARI,RAPAYAN,PARTIDO DEMOCRATICO SOMOS PERU,0
020812,ANCASH,HUARI,RAPAYAN,UNION POR EL PERU,0
020813,ANCASH,HUARI,SAN MARCOS,ALIANZA PARA EL PROGRESO,1881
020813,ANCASH,HUARI,SAN MARCOS,ANCASH DIGNIDAD,134
020813,ANCASH,HUARI,SAN MARCOS,FRENTE PROGRESISTA GOLLANA PINKUSH,99
020813,ANCASH,HUARI,SAN MARCOS,FUERZA 2011,86
020813,ANCASH,HUARI,SAN MARCOS,FUERZA NACIONAL,215
020813,ANCASH,HUARI,SAN MARCOS,MOVIMIENTO ACCION NACIONALISTA PERUANO,1078
020813,ANCASH,HUARI,SAN MARCOS,"MOVIMIENTO INDEPENDIENTE NUEVA ESPERANZA REGIONAL ANCASHINA ""NUEVA ERA""",50
020813,ANCASH,HUARI,SAN MARCOS,MOVIMIENTO INDEPENDIENTE RECONSTRUYAMOS ANCASH,140
020813,ANCASH,HUARI,SAN MARCOS,MOVIMIENTO NUEVA IZQUIERDA,47
020813,ANCASH,HUARI,SAN MARCOS,MOVIMIENTO REGIONAL INDEPENDIENTE CUENTA CONMIGO,68
020813,ANCASH,HUARI,SAN MARCOS,PARTIDO APRISTA PERUANO,121
020813,ANCASH,HUARI,SAN MARCOS,PARTIDO DEMOCRATICO SOMOS PERU,451
020813,ANCASH,HUARI,SAN MARCOS,PERU POSIBLE,430
020813,ANCASH,HUARI,SAN MARCOS,RESTAURACION NACIONAL,1066
020813,ANCASH,HUARI,SAN MARCOS,SIEMPRE UNIDOS,753
020813,ANCASH,HUARI,SAN MARCOS,TODOS POR EL PERU,29
020813,ANCASH,HUARI,SAN MARCOS,UNION POR EL PERU,999
020814,ANCASH,HUARI,SAN PEDRO DE CHANA,ALIANZA PARA EL PROGRESO,146
020814,ANCASH,HUARI,SAN PEDRO DE CHANA,CHANA AL DESARROLLO,12
020814,ANCASH,HUARI,SAN PEDRO DE CHANA,MOVIMIENTO ACCION NACIONALISTA PERUANO,348
020814,ANCASH,HUARI,SAN PEDRO DE CHANA,MOVIMIENTO REGIONAL INDEPENDIENTE CUENTA CONMIGO,4
020814,ANCASH,HUARI,SAN PEDRO DE CHANA,PARTIDO DEMOCRATICO SOMOS PERU,121
020814,ANCASH,HUARI,SAN PEDRO DE CHANA,UNION POR EL PERU,425
020815,ANCASH,HUARI,UCO,MOVIMIENTO REGIONAL INDEPENDIENTE CUENTA CONMIGO,2
020815,ANCASH,HUARI,UCO,PARTIDO APRISTA PERUANO,476
020815,ANCASH,HUARI,UCO,PARTIDO DEMOCRATICO SOMOS PERU,107
020815,ANCASH,HUARI,UCO,UNION POR EL PERU,520
020816,ANCASH,HUARI,ANRA,ALIANZA PARA EL PROGRESO,48
020816,ANCASH,HUARI,ANRA,ANRA GLOBAL,5
020816,ANCASH,HUARI,ANRA,MOVIMIENTO ACCION NACIONALISTA PERUANO,350
020816,ANCASH,HUARI,ANRA,MOVIMIENTO INDEPENDIENTE NUEVO DESTINO,11
020816,ANCASH,HUARI,ANRA,MOVIMIENTO REGIONAL INDEPENDIENTE CUENTA CONMIGO,53
020816,ANCASH,HUARI,ANRA,PARTIDO DEMOCRATICO SOMOS PERU,313
020816,ANCASH,HUARI,ANRA,PERU POSIBLE,3
020816,ANCASH,HUARI,ANRA,UNION POR EL PERU,412
020902,ANCASH,MARISCAL LUZURIAGA,CASCA,ALIANZA PARA EL PROGRESO,180
020902,ANCASH,MARISCAL LUZURIAGA,CASCA,MOVIMIENTO INDEPENDIENTE NUEVO DESTINO,332
020902,ANCASH,MARISCAL LUZURIAGA,CASCA,MOVIMIENTO INDEPENDIENTE REGIONAL RIO SANTA CAUDALOSO,568
020902,ANCASH,MARISCAL LUZURIAGA,CASCA,MOVIMIENTO REGIONAL INDEPENDIENTE CUENTA CONMIGO,448
020902,ANCASH,MARISCAL LUZURIAGA,CASCA,PERU POSIBLE,16
020902,ANCASH,MARISCAL LUZURIAGA,CASCA,UNION POR EL PERU,141
020903,ANCASH,MARISCAL LUZURIAGA,LUCMA,ALIANZA PARA EL PROGRESO,32
020903,ANCASH,MARISCAL LUZURIAGA,LUCMA,MOVIMIENTO ACCION NACIONALISTA PERUANO,142
020903,ANCASH,MARISCAL LUZURIAGA,LUCMA,MOVIMIENTO INDEPENDIENTE NUEVO DESTINO,172
020903,ANCASH,MARISCAL LUZURIAGA,LUCMA,MOVIMIENTO INDEPENDIENTE REGIONAL RIO SANTA CAUDALOSO,407
020903,ANCASH,MARISCAL LUZURIAGA,LUCMA,MOVIMIENTO REGIONAL INDEPENDIENTE CUENTA CONMIGO,319
020903,ANCASH,MARISCAL LUZURIAGA,LUCMA,PERU POSIBLE,89
020903,ANCASH,MARISCAL LUZURIAGA,LUCMA,UNION POR EL PERU,288
020904,ANCASH,MARISCAL LUZURIAGA,FIDEL OLIVAS ESCUDERO,ALIANZA PARA EL PROGRESO,19
020904,ANCASH,MARISCAL LUZURIAGA,FIDEL OLIVAS ESCUDERO,MOVIMIENTO INDEPENDIENTE NUEVO DESTINO,32
020904,ANCASH,MARISCAL LUZURIAGA,FIDEL OLIVAS ESCUDERO,MOVIMIENTO INDEPENDIENTE REGIONAL RIO SANTA CAUDALOSO,227
020904,ANCASH,MARISCAL LUZURIAGA,FIDEL OLIVAS ESCUDERO,MOVIMIENTO REGIONAL INDEPENDIENTE CUENTA CONMIGO,504
020904,ANCASH,MARISCAL LUZURIAGA,FIDEL OLIVAS ESCUDERO,PERU POSIBLE,24
020904,ANCASH,MARISCAL LUZURIAGA,FIDEL OLIVAS ESCUDERO,UNION POR EL PERU,144
020905,ANCASH,MARISCAL LUZURIAGA,LLAMA,ANCASH DIGNIDAD,6
020905,ANCASH,MARISCAL LUZURIAGA,LLAMA,FONAVISTAS DEL PERU,51
020905,ANCASH,MARISCAL LUZURIAGA,LLAMA,MOVIMIENTO INDEPENDIENTE NUEVO DESTINO,142
020905,ANCASH,MARISCAL LUZURIAGA,LLAMA,MOVIMIENTO INDEPENDIENTE REGIONAL RIO SANTA CAUDALOSO,119
020905,ANCASH,MARISCAL LUZURIAGA,LLAMA,MOVIMIENTO REGIONAL INDEPENDIENTE CUENTA CONMIGO,118
020905,ANCASH,MARISCAL LUZURIAGA,LLAMA,PARTIDO APRISTA PERUANO,44
020905,ANCASH,MARISCAL LUZURIAGA,LLAMA,PERU POSIBLE,93
020905,ANCASH,MARISCAL LUZURIAGA,LLAMA,UNION POR EL PERU,111
020906,ANCASH,MARISCAL LUZURIAGA,LLUMPA,ALIANZA PARA EL PROGRESO,175
020906,ANCASH,MARISCAL LUZURIAGA,LLUMPA,MOVIMIENTO ACCION NACIONALISTA PERUANO,27
020906,ANCASH,MARISCAL LUZURIAGA,LLUMPA,MOVIMIENTO INDEPENDIENTE NUEVO DESTINO,773
020906,ANCASH,MARISCAL LUZURIAGA,LLUMPA,MOVIMIENTO INDEPENDIENTE REGIONAL RIO SANTA CAUDALOSO,136
020906,ANCASH,MARISCAL LUZURIAGA,LLUMPA,MOVIMIENTO REGIONAL INDEPENDIENTE CUENTA CONMIGO,370
020906,ANCASH,MARISCAL LUZURIAGA,LLUMPA,PERU POSIBLE,192
020906,ANCASH,MARISCAL LUZURIAGA,LLUMPA,UNION POR EL PERU,345
020907,ANCASH,MARISCAL LUZURIAGA,MUSGA,MOVIMIENTO INDEPENDIENTE NUEVO DESTINO,112
020907,ANCASH,MARISCAL LUZURIAGA,MUSGA,MOVIMIENTO INDEPENDIENTE REGIONAL RIO SANTA CAUDALOSO,191
020907,ANCASH,MARISCAL LUZURIAGA,MUSGA,MOVIMIENTO REGIONAL INDEPENDIENTE CUENTA CONMIGO,38
020907,ANCASH,MARISCAL LUZURIAGA,MUSGA,PERU POSIBLE,28
020907,ANCASH,MARISCAL LUZURIAGA,MUSGA,UNION POR EL PERU,332
020908,ANCASH,MARISCAL LUZURIAGA,ELEAZAR GUZMAN BARRON,MOVIMIENTO INDEPENDIENTE NUEVO DESTINO,137
020908,ANCASH,MARISCAL LUZURIAGA,ELEAZAR GUZMAN BARRON,MOVIMIENTO INDEPENDIENTE REGIONAL RIO SANTA CAUDALOSO,188
020908,ANCASH,MARISCAL LUZURIAGA,ELEAZAR GUZMAN BARRON,MOVIMIENTO REGIONAL INDEPENDIENTE CUENTA CONMIGO,108
020908,ANCASH,MARISCAL LUZURIAGA,ELEAZAR GUZMAN BARRON,UNION POR EL PERU,53
021002,ANCASH,PALLASCA,BOLOGNESI,ALIANZA PARA EL PROGRESO,24
021002,ANCASH,PALLASCA,BOLOGNESI,ANCASH DIGNIDAD,10
021002,ANCASH,PALLASCA,BOLOGNESI,FUERZA 2011,29
021002,ANCASH,PALLASCA,BOLOGNESI,MOVIMIENTO INDEPENDIENTE REGIONAL RIO SANTA CAUDALOSO,6
021002,ANCASH,PALLASCA,BOLOGNESI,MOVIMIENTO REGIONAL INDEPENDIENTE CUENTA CONMIGO,236
021002,ANCASH,PALLASCA,BOLOGNESI,PARTIDO APRISTA PERUANO,146
021002,ANCASH,PALLASCA,BOLOGNESI,PERU POSIBLE,31
021003,ANCASH,PALLASCA,CONCHUCOS,ALIANZA PARA EL PROGRESO,298
021003,ANCASH,PALLASCA,CONCHUCOS,ANCASH DIGNIDAD,78
021003,ANCASH,PALLASCA,CONCHUCOS,FUERZA 2011,13
021003,ANCASH,PALLASCA,CONCHUCOS,MOVIMIENTO INDEPENDIENTE REGIONAL RIO SANTA CAUDALOSO,565
021003,ANCASH,PALLASCA,CONCHUCOS,MOVIMIENTO REGIONAL INDEPENDIENTE CUENTA CONMIGO,799
021003,ANCASH,PALLASCA,CONCHUCOS,PERU POSIBLE,834
021004,ANCASH,PALLASCA,HUACASCHUQUE,ALIANZA PARA EL PROGRESO,28
021004,ANCASH,PALLASCA,HUACASCHUQUE,FUERZA 2011,94
021004,ANCASH,PALLASCA,HUACASCHUQUE,MOVIMIENTO INDEPENDIENTE REGIONAL RIO SANTA CAUDALOSO,54
021004,ANCASH,PALLASCA,HUACASCHUQUE,MOVIMIENTO REGIONAL INDEPENDIENTE CUENTA CONMIGO,65
021004,ANCASH,PALLASCA,HUACASCHUQUE,PARTIDO HUMANISTA PERUANO,21
021004,ANCASH,PALLASCA,HUACASCHUQUE,PERU POSIBLE,66
021005,ANCASH,PALLASCA,HUANDOVAL,MOVIMIENTO INDEPENDIENTE REGIONAL RIO SANTA CAUDALOSO,51
021005,ANCASH,PALLASCA,HUANDOVAL,MOVIMIENTO REGIONAL INDEPENDIENTE CUENTA CONMIGO,145
021005,ANCASH,PALLASCA,HUANDOVAL,PARTIDO APRISTA PERUANO,200
021005,ANCASH,PALLASCA,HUANDOVAL,PERU POSIBLE,122
021006,ANCASH,PALLASCA,LACABAMBA,ALIANZA PARA EL PROGRESO,51
021006,ANCASH,PALLASCA,LACABAMBA,ANCASH DIGNIDAD,23
021006,ANCASH,PALLASCA,LACABAMBA,MOVIMIENTO INDEPENDIENTE REGIONAL RIO SANTA CAUDALOSO,55
021006,ANCASH,PALLASCA,LACABAMBA,MOVIMIENTO REGIONAL INDEPENDIENTE CUENTA CONMIGO,62
021006,ANCASH,PALLASCA,LACABAMBA,PARTIDO APRISTA PERUANO,58
021006,ANCASH,PALLASCA,LACABAMBA,PARTIDO HUMANISTA PERUANO,24
021006,ANCASH,PALLASCA,LACABAMBA,PERU POSIBLE,31
021007,ANCASH,PALLASCA,LLAPO,ALIANZA PARA EL PROGRESO,47
021007,ANCASH,PALLASCA,LLAPO,MOVIMIENTO REGIONAL INDEPENDIENTE CUENTA CONMIGO,142
021007,ANCASH,PALLASCA,LLAPO,PERU POSIBLE,91
021008,ANCASH,PALLASCA,PALLASCA,ALIANZA PARA EL PROGRESO,61
021008,ANCASH,PALLASCA,PALLASCA,FUERZA 2011,116
021008,ANCASH,PALLASCA,PALLASCA,MOVIMIENTO INDEPENDIENTE REGIONAL RIO SANTA CAUDALOSO,285
021008,ANCASH,PALLASCA,PALLASCA,MOVIMIENTO REGIONAL INDEPENDIENTE CUENTA CONMIGO,353
021008,ANCASH,PALLASCA,PALLASCA,PARTIDO APRISTA PERUANO,93
021008,ANCASH,PALLASCA,PALLASCA,PARTIDO DEMOCRATICO SOMOS PERU,87
021008,ANCASH,PALLASCA,PALLASCA,PERU POSIBLE,111
021009,ANCASH,PALLASCA,PAMPAS,ALIANZA PARA EL PROGRESO,122
021009,ANCASH,PALLASCA,PAMPAS,MOVIMIENTO INDEPENDIENTE REGIONAL RIO SANTA CAUDALOSO,396
021009,ANCASH,PALLASCA,PAMPAS,MOVIMIENTO REGIONAL INDEPENDIENTE CUENTA CONMIGO,856
021009,ANCASH,PALLASCA,PAMPAS,PARTIDO APRISTA PERUANO,30
021009,ANCASH,PALLASCA,PAMPAS,PERU POSIBLE,448
021010,ANCASH,PALLASCA,SANTA ROSA,ACCION POPULAR,223
021010,ANCASH,PALLASCA,SANTA ROSA,MOVIMIENTO REGIONAL INDEPENDIENTE CUENTA CONMIGO,221
021010,ANCASH,PALLASCA,SANTA ROSA,PERU POSIBLE,27
021011,ANCASH,PALLASCA,TAUCA,MOVIMIENTO INDEPENDIENTE REGIONAL RIO SANTA CAUDALOSO,86
021011,ANCASH,PALLASCA,TAUCA,MOVIMIENTO REGIONAL INDEPENDIENTE CUENTA CONMIGO,214
021011,ANCASH,PALLASCA,TAUCA,PARTIDO APRISTA PERUANO,355
021011,ANCASH,PALLASCA,TAUCA,PERU POSIBLE,479
021102,ANCASH,POMABAMBA,HUAYLLAN,ALIANZA PARA EL PROGRESO,29
021102,ANCASH,POMABAMBA,HUAYLLAN,FONAVISTAS DEL PERU,75
021102,ANCASH,POMABAMBA,HUAYLLAN,"MOVIMIENTO INDEPENDIENTE NUEVA ESPERANZA REGIONAL ANCASHINA ""NUEVA ERA""",65
021102,ANCASH,POMABAMBA,HUAYLLAN,MOVIMIENTO INDEPENDIENTE REGIONAL RIO SANTA CAUDALOSO,18
021102,ANCASH,POMABAMBA,HUAYLLAN,MOVIMIENTO INDEPENDIENTE REGIONAL UNIDOS POR ANCASH,773
021102,ANCASH,POMABAMBA,HUAYLLAN,MOVIMIENTO REGIONAL INDEPENDIENTE CUENTA CONMIGO,632
021102,ANCASH,POMABAMBA,HUAYLLAN,PARTIDO APRISTA PERUANO,10
021102,ANCASH,POMABAMBA,HUAYLLAN,PERU POSIBLE,11
021103,ANCASH,POMABAMBA,PAROBAMBA,ALIANZA PARA EL PROGRESO,45
021103,ANCASH,POMABAMBA,PAROBAMBA,FONAVISTAS DEL PERU,61
021103,ANCASH,POMABAMBA,PAROBAMBA,LLAPANTZICK POMABAMBA,246
021103,ANCASH,POMABAMBA,PAROBAMBA,"MOVIMIENTO INDEPENDIENTE NUEVA ESPERANZA REGIONAL ANCASHINA ""NUEVA ERA""",662
021103,ANCASH,POMABAMBA,PAROBAMBA,MOVIMIENTO INDEPENDIENTE REGIONAL RIO SANTA CAUDALOSO,54
021103,ANCASH,POMABAMBA,PAROBAMBA,MOVIMIENTO INDEPENDIENTE REGIONAL UNIDOS POR ANCASH,394
021103,ANCASH,POMABAMBA,PAROBAMBA,MOVIMIENTO REGIONAL INDEPENDIENTE CUENTA CONMIGO,34
021103,ANCASH,POMABAMBA,PAROBAMBA,PARTIDO APRISTA PERUANO,63
021103,ANCASH,POMABAMBA,PAROBAMBA,PARTIDO DEMOCRATICO SOMOS PERU,791
021103,ANCASH,POMABAMBA,PAROBAMBA,PERU POSIBLE,84
021104,ANCASH,POMABAMBA,QUINUABAMBA,ALIANZA PARA EL PROGRESO,342
021104,ANCASH,POMABAMBA,QUINUABAMBA,MOVIMIENTO INDEPENDIENTE REGIONAL RIO SANTA CAUDALOSO,117
021104,ANCASH,POMABAMBA,QUINUABAMBA,MOVIMIENTO INDEPENDIENTE REGIONAL UNIDOS POR ANCASH,124
021104,ANCASH,POMABAMBA,QUINUABAMBA,MOVIMIENTO REGIONAL INDEPENDIENTE CUENTA CONMIGO,8
021104,ANCASH,POMABAMBA,QUINUABAMBA,PARTIDO DEMOCRATICO SOMOS PERU,89
021104,ANCASH,POMABAMBA,QUINUABAMBA,PERU POSIBLE,164
021202,ANCASH,RECUAY,COTAPARACO,MOVIMIENTO ACCION NACIONALISTA PERUANO,60
021202,ANCASH,RECUAY,COTAPARACO,MOVIMIENTO INDEPENDIENTE RECONSTRUYAMOS ANCASH,129
021202,ANCASH,RECUAY,COTAPARACO,MOVIMIENTO INDEPENDIENTE REGIONAL RIO SANTA CAUDALOSO,152
021202,ANCASH,RECUAY,COTAPARACO,PERU POSIBLE,126
021203,ANCASH,RECUAY,HUAYLLAPAMPA,ALIANZA PARA EL PROGRESO,47
021203,ANCASH,RECUAY,HUAYLLAPAMPA,FUERZA 2011,62
021203,ANCASH,RECUAY,HUAYLLAPAMPA,MOVIMIENTO ACCION NACIONALISTA PERUANO,22
021203,ANCASH,RECUAY,HUAYLLAPAMPA,MOVIMIENTO INDEPENDIENTE RECONSTRUYAMOS ANCASH,113
021203,ANCASH,RECUAY,HUAYLLAPAMPA,MOVIMIENTO INDEPENDIENTE REGIONAL RIO SANTA CAUDALOSO,104
021203,ANCASH,RECUAY,HUAYLLAPAMPA,PARTIDO APRISTA PERUANO,128
021203,ANCASH,RECUAY,HUAYLLAPAMPA,PARTIDO DEMOCRATICO SOMOS PERU,32
021203,ANCASH,RECUAY,HUAYLLAPAMPA,PERU POSIBLE,20
021204,ANCASH,RECUAY,MARCA,ALIANZA PARA EL PROGRESO,42
021204,ANCASH,RECUAY,MARCA,MOVIMIENTO INDEPENDIENTE RECONSTRUYAMOS ANCASH,552
021204,ANCASH,RECUAY,MARCA,MOVIMIENTO INDEPENDIENTE REGIONAL RIO SANTA CAUDALOSO,385
021204,ANCASH,RECUAY,MARCA,PARTIDO APRISTA PERUANO,20
021205,ANCASH,RECUAY,PAMPAS CHICO,ALIANZA PARA EL PROGRESO,18
021205,ANCASH,RECUAY,PAMPAS CHICO,FUERZA 2011,237
021205,ANCASH,RECUAY,PAMPAS CHICO,MOVIMIENTO INDEPENDIENTE REGIONAL RIO SANTA CAUDALOSO,290
021205,ANCASH,RECUAY,PAMPAS CHICO,PERU POSIBLE,102
021205,ANCASH,RECUAY,PAMPAS CHICO,SIEMPRE UNIDOS,30
021206,ANCASH,RECUAY,PARARIN,ALIANZA PARA EL PROGRESO,66
021206,ANCASH,RECUAY,PARARIN,FUERZA 2011,25
021206,ANCASH,RECUAY,PARARIN,MOVIMIENTO ACCION CRISTIANA DEMOCRATICA,77
021206,ANCASH,RECUAY,PARARIN,MOVIMIENTO ACCION NACIONALISTA PERUANO,155
021206,ANCASH,RECUAY,PARARIN,"MOVIMIENTO INDEPENDIENTE NUEVA ESPERANZA REGIONAL ANCASHINA ""NUEVA ERA""",161
021206,ANCASH,RECUAY,PARARIN,MOVIMIENTO INDEPENDIENTE RECONSTRUYAMOS ANCASH,85
021206,ANCASH,RECUAY,PARARIN,MOVIMIENTO INDEPENDIENTE REGIONAL RIO SANTA CAUDALOSO,146
021206,ANCASH,RECUAY,PARARIN,PERU POSIBLE,27
021206,ANCASH,RECUAY,PARARIN,UNION POR EL PERU,12
021207,ANCASH,RECUAY,TAPACOCHA,ACCION POPULAR,86
021207,ANCASH,RECUAY,TAPACOCHA,MOVIMIENTO ACCION NACIONALISTA PERUANO,13
021207,ANCASH,RECUAY,TAPACOCHA,"MOVIMIENTO INDEPENDIENTE NUEVA ESPERANZA REGIONAL ANCASHINA ""NUEVA ERA""",23
021207,ANCASH,RECUAY,TAPACOCHA,MOVIMIENTO INDEPENDIENTE NUEVO DESTINO,12
021207,ANCASH,RECUAY,TAPACOCHA,MOVIMIENTO INDEPENDIENTE RECONSTRUYAMOS ANCASH,117
021207,ANCASH,RECUAY,TAPACOCHA,MOVIMIENTO INDEPENDIENTE REGIONAL RIO SANTA CAUDALOSO,8
021207,ANCASH,RECUAY,TAPACOCHA,MOVIMIENTO REGIONAL INDEPENDIENTE CUENTA CONMIGO,28
021207,ANCASH,RECUAY,TAPACOCHA,PERU POSIBLE,47
021207,ANCASH,RECUAY,TAPACOCHA,RESTAURACION NACIONAL,72
021208,ANCASH,RECUAY,TICAPAMPA,ALIANZA PARA EL PROGRESO,340
021208,ANCASH,RECUAY,TICAPAMPA,FONAVISTAS DEL PERU,40
021208,ANCASH,RECUAY,TICAPAMPA,MOVIMIENTO ACCION NACIONALISTA PERUANO,26
021208,ANCASH,RECUAY,TICAPAMPA,MOVIMIENTO INDEPENDIENTE RECONSTRUYAMOS ANCASH,374
021208,ANCASH,RECUAY,TICAPAMPA,MOVIMIENTO INDEPENDIENTE REGIONAL RIO SANTA CAUDALOSO,588
021208,ANCASH,RECUAY,TICAPAMPA,PARTIDO DEMOCRATICO SOMOS PERU,86
021208,ANCASH,RECUAY,TICAPAMPA,UNION POR EL PERU,114
021209,ANCASH,RECUAY,LLACLLIN,FONAVISTAS DEL PERU,65
021209,ANCASH,RECUAY,LLACLLIN,FUERZA 2011,1
021209,ANCASH,RECUAY,LLACLLIN,MOVIMIENTO INDEPENDIENTE RECONSTRUYAMOS ANCASH,49
021209,ANCASH,RECUAY,LLACLLIN,MOVIMIENTO INDEPENDIENTE REGIONAL RIO SANTA CAUDALOSO,128
021209,ANCASH,RECUAY,LLACLLIN,PARTIDO APRISTA PERUANO,98
021209,ANCASH,RECUAY,LLACLLIN,PERU POSIBLE,53
021210,ANCASH,RECUAY,CATAC,ACCION POPULAR,414
021210,ANCASH,RECUAY,CATAC,ALIANZA PARA EL PROGRESO,367
021210,ANCASH,RECUAY,CATAC,MOVIMIENTO INDEPENDIENTE RECONSTRUYAMOS ANCASH,572
021210,ANCASH,RECUAY,CATAC,MOVIMIENTO INDEPENDIENTE REGIONAL RIO SANTA CAUDALOSO,306
021210,ANCASH,RECUAY,CATAC,PARTIDO APRISTA PERUANO,179
021210,ANCASH,RECUAY,CATAC,PERU POSIBLE,266
021302,ANCASH,SANTA,CACERES DEL PERU,ALIANZA PARA EL PROGRESO,29
021302,ANCASH,SANTA,CACERES DEL PERU,MOVIMIENTO ACCION NACIONALISTA PERUANO,49
021302,ANCASH,SANTA,CACERES DEL PERU,MOVIMIENTO INDEPENDIENTE REGIONAL RIO SANTA CAUDALOSO,772
021302,ANCASH,SANTA,CACERES DEL PERU,MOVIMIENTO INDEPENDIENTE REGIONAL UNIDOS POR ANCASH,19
021302,ANCASH,SANTA,CACERES DEL PERU,MOVIMIENTO REGIONAL INDEPENDIENTE CUENTA CONMIGO,770
021302,ANCASH,SANTA,CACERES DEL PERU,PARTIDO APRISTA PERUANO,758
021302,ANCASH,SANTA,CACERES DEL PERU,RESTAURACION NACIONAL,12
021303,ANCASH,SANTA,MACATE,ACCION POPULAR,100
021303,ANCASH,SANTA,MACATE,ANCASH DIGNIDAD,120
021303,ANCASH,SANTA,MACATE,FRENTE INDEPENDIENTE MACATE UNIDO,97
021303,ANCASH,SANTA,MACATE,MACATE RUMBO A LA MODERNIDAD,52
021303,ANCASH,SANTA,MACATE,MOVIMIENTO ACCION NACIONALISTA PERUANO,251
021303,ANCASH,SANTA,MACATE,MOVIMIENTO INDEPENDIENTE REGIONAL RIO SANTA CAUDALOSO,33
021303,ANCASH,SANTA,MACATE,MOVIMIENTO REGIONAL INDEPENDIENTE CUENTA CONMIGO,154
021303,ANCASH,SANTA,MACATE,PARTIDO APRISTA PERUANO,24
021303,ANCASH,SANTA,MACATE,PARTIDO DEMOCRATICO SOMOS PERU,337
021303,ANCASH,SANTA,MACATE,PARTIDO HUMANISTA PERUANO,27
021303,ANCASH,SANTA,MACATE,PERU POSIBLE,66
021303,ANCASH,SANTA,MACATE,POR LA ORDEN DE MACATE,85
021303,ANCASH,SANTA,MACATE,RESTAURACION NACIONAL,103
021304,ANCASH,SANTA,MORO,FUERZA 2011,123
021304,ANCASH,SANTA,MORO,MOVIMIENTO INDEPENDIENTE REGIONAL RIO SANTA CAUDALOSO,1588
021304,ANCASH,SANTA,MORO,MOVIMIENTO REGIONAL INDEPENDIENTE CUENTA CONMIGO,1494
021304,ANCASH,SANTA,MORO,PARTIDO APRISTA PERUANO,247
021304,ANCASH,SANTA,MORO,PARTIDO DEMOCRATICO SOMOS PERU,279
021304,ANCASH,SANTA,MORO,PERU POSIBLE,488
021305,ANCASH,SANTA,NEPEÑA,ACCION POPULAR,128
021305,ANCASH,SANTA,NEPEÑA,ALIANZA PARA EL PROGRESO,269
021305,ANCASH,SANTA,NEPEÑA,ANCASH DIGNIDAD,2176
021305,ANCASH,SANTA,NEPEÑA,FONAVISTAS DEL PERU,1809
021305,ANCASH,SANTA,NEPEÑA,INGENIERIA PARA EL DISTRITO,71
021305,ANCASH,SANTA,NEPEÑA,"MOVIMIENTO INDEPENDIENTE NUEVA ESPERANZA REGIONAL ANCASHINA ""NUEVA ERA""",29
021305,ANCASH,SANTA,NEPEÑA,MOVIMIENTO INDEPENDIENTE REGIONAL RIO SANTA CAUDALOSO,211
021305,ANCASH,SANTA,NEPEÑA,MOVIMIENTO INDEPENDIENTE REGIONAL UNIDOS POR ANCASH,257
021305,ANCASH,SANTA,NEPEÑA,MOVIMIENTO NUEVA IZQUIERDA,11
021305,ANCASH,SANTA,NEPEÑA,NEPEÑA QUERIDO,1168
021305,ANCASH,SANTA,NEPEÑA,PARTIDO APRISTA PERUANO,72
021305,ANCASH,SANTA,NEPEÑA,PARTIDO DEMOCRATICO SOMOS PERU,357
021305,ANCASH,SANTA,NEPEÑA,PARTIDO HUMANISTA PERUANO,14
021305,ANCASH,SANTA,NEPEÑA,PERU POSIBLE,213
021305,ANCASH,SANTA,NEPEÑA,RESTAURACION NACIONAL,165
021305,ANCASH,SANTA,NEPEÑA,SOCIAL PROGRESISTA ANCASH,260
021306,ANCASH,SANTA,SAMANCO,ALIANZA PARA EL PROGRESO,477
021306,ANCASH,SANTA,SAMANCO,ANCASH DIGNIDAD,59
021306,ANCASH,SANTA,SAMANCO,MOVIMIENTO INDEPENDIENTE REGIONAL RIO SANTA CAUDALOSO,723
021306,ANCASH,SANTA,SAMANCO,MOVIMIENTO REGIONAL INDEPENDIENTE CUENTA CONMIGO,66
021306,ANCASH,SANTA,SAMANCO,PARTIDO APRISTA PERUANO,63
021306,ANCASH,SANTA,SAMANCO,PARTIDO DEMOCRATICO SOMOS PERU,643
021306,ANCASH,SANTA,SAMANCO,PARTIDO HUMANISTA PERUANO,72
021306,ANCASH,SANTA,SAMANCO,PERU POSIBLE,84
021306,ANCASH,SANTA,SAMANCO,SOCIAL PROGRESISTA ANCASH,75
021307,ANCASH,SANTA,SANTA,ALIANZA PARA EL PROGRESO,2283
021307,ANCASH,SANTA,SANTA,FUERZA 2011,2809
021307,ANCASH,SANTA,SANTA,MOVIMIENTO ACCION NACIONALISTA PERUANO,353
021307,ANCASH,SANTA,SANTA,MOVIMIENTO NUEVA IZQUIERDA,211
021307,ANCASH,SANTA,SANTA,MOVIMIENTO REGIONAL INDEPENDIENTE CUENTA CONMIGO,1872
021307,ANCASH,SANTA,SANTA,PARTIDO APRISTA PERUANO,1928
021307,ANCASH,SANTA,SANTA,PARTIDO DEMOCRATICO SOMOS PERU,1559
021307,ANCASH,SANTA,SANTA,PARTIDO HUMANISTA PERUANO,1220
021307,ANCASH,SANTA,SANTA,PERU POSIBLE,826
021307,ANCASH,SANTA,SANTA,RESTAURACION NACIONAL,530
021308,ANCASH,SANTA,COISHCO,ALIANZA PARA EL PROGRESO,187
021308,ANCASH,SANTA,COISHCO,ANCASH DIGNIDAD,130
021308,ANCASH,SANTA,COISHCO,COISHCO TE QUIERO UNIDO,2540
021308,ANCASH,SANTA,COISHCO,FUERZA 2011,146
021308,ANCASH,SANTA,COISHCO,MOVIMIENTO INDEPENDIENTE REGIONAL RIO SANTA CAUDALOSO,3041
021308,ANCASH,SANTA,COISHCO,MOVIMIENTO REGIONAL INDEPENDIENTE CUENTA CONMIGO,661
021308,ANCASH,SANTA,COISHCO,PARTIDO APRISTA PERUANO,315
021308,ANCASH,SANTA,COISHCO,PARTIDO DEMOCRATICO SOMOS PERU,1108
021308,ANCASH,SANTA,COISHCO,PERU POSIBLE,161
021309,ANCASH,SANTA,NUEVO CHIMBOTE,AGRUPACION CIUDADANA UNETE,201
021309,ANCASH,SANTA,NUEVO CHIMBOTE,ALIANZA PARA EL PROGRESO,1906
021309,ANCASH,SANTA,NUEVO CHIMBOTE,FRENTE INDEPENDIENTE VIVE,1675
021309,ANCASH,SANTA,NUEVO CHIMBOTE,MOVIMIENTO ACCION NACIONALISTA PERUANO,793
021309,ANCASH,SANTA,NUEVO CHIMBOTE,MOVIMIENTO INDEPENDIENTE REGIONAL RIO SANTA CAUDALOSO,1535
021309,ANCASH,SANTA,NUEVO CHIMBOTE,MOVIMIENTO NUEVA IZQUIERDA,307
021309,ANCASH,SANTA,NUEVO CHIMBOTE,MOVIMIENTO REGIONAL INDEPENDIENTE CUENTA CONMIGO,23554
021309,ANCASH,SANTA,NUEVO CHIMBOTE,PARTIDO APRISTA PERUANO,18512
021309,ANCASH,SANTA,NUEVO CHIMBOTE,PARTIDO DEMOCRATICO SOMOS PERU,669
021309,ANCASH,SANTA,NUEVO CHIMBOTE,PARTIDO DESCENTRALISTA FUERZA SOCIAL,297
021309,ANCASH,SANTA,NUEVO CHIMBOTE,PERU POSIBLE,1976
021402,ANCASH,SIHUAS,ALFONSO UGARTE,FRENTE AMPLIO DEMOCRATICO SIHUASINO,110
021402,ANCASH,SIHUAS,ALFONSO UGARTE,MIRO,144
021402,ANCASH,SIHUAS,ALFONSO UGARTE,MOVILIZACION INDEPENDIENTE CAMPESINO ATUSPARIA,78
021402,ANCASH,SIHUAS,ALFONSO UGARTE,PARTIDO APRISTA PERUANO,2
021403,ANCASH,SIHUAS,CHINGALPO,ALIANZA PARA EL PROGRESO,92
021403,ANCASH,SIHUAS,CHINGALPO,FRENTE AMPLIO DEMOCRATICO SIHUASINO,117
021403,ANCASH,SIHUAS,CHINGALPO,FUERZA 2011,4
021403,ANCASH,SIHUAS,CHINGALPO,MIRO,43
021403,ANCASH,SIHUAS,CHINGALPO,MOVILIZACION INDEPENDIENTE CAMPESINO ATUSPARIA,91
021403,ANCASH,SIHUAS,CHINGALPO,PARTIDO APRISTA PERUANO,129
021403,ANCASH,SIHUAS,CHINGALPO,PERU POSIBLE,16
021404,ANCASH,SIHUAS,HUAYLLABAMBA,ALIANZA PARA EL PROGRESO,403
021404,ANCASH,SIHUAS,HUAYLLABAMBA,FRENTE AMPLIO DEMOCRATICO SIHUASINO,342
021404,ANCASH,SIHUAS,HUAYLLABAMBA,FUERZA 2011,11
021404,ANCASH,SIHUAS,HUAYLLABAMBA,LISTA INDEPENDIENTE UNIDAD HUAYLLABAMBA,659
021405,ANCASH,SIHUAS,QUICHES,FRENTE AMPLIO DEMOCRATICO SIHUASINO,218
021405,ANCASH,SIHUAS,QUICHES,FUERZA 2011,114
021405,ANCASH,SIHUAS,QUICHES,MIRO,220
021405,ANCASH,SIHUAS,QUICHES,MOVILIZACION INDEPENDIENTE CAMPESINO ATUSPARIA,199
021405,ANCASH,SIHUAS,QUICHES,PARTIDO APRISTA PERUANO,32
021405,ANCASH,SIHUAS,QUICHES,PERU POSIBLE,290
021406,ANCASH,SIHUAS,SICSIBAMBA,ALIANZA PARA EL PROGRESO,51
021406,ANCASH,SIHUAS,SICSIBAMBA,FRENTE AMPLIO DEMOCRATICO SIHUASINO,200
021406,ANCASH,SIHUAS,SICSIBAMBA,FUERZA 2011,71
021406,ANCASH,SIHUAS,SICSIBAMBA,MOVILIZACION INDEPENDIENTE CAMPESINO ATUSPARIA,111
021406,ANCASH,SIHUAS,SICSIBAMBA,MOVIMIENTO INDEPENDIENTE REGIONAL RIO SANTA CAUDALOSO,5
021406,ANCASH,SIHUAS,SICSIBAMBA,PARTIDO APRISTA PERUANO,11
021406,ANCASH,SIHUAS,SICSIBAMBA,PERU POSIBLE,145
021407,ANCASH,SIHUAS,ACOBAMBA,ALIANZA PARA EL PROGRESO,36
021407,ANCASH,SIHUAS,ACOBAMBA,FRENTE AMPLIO DEMOCRATICO SIHUASINO,27
021407,ANCASH,SIHUAS,ACOBAMBA,FUERZA 2011,11
021407,ANCASH,SIHUAS,ACOBAMBA,MIRO,217
021407,ANCASH,SIHUAS,ACOBAMBA,MOVILIZACION INDEPENDIENTE CAMPESINO ATUSPARIA,59
021407,ANCASH,SIHUAS,ACOBAMBA,PARTIDO APRISTA PERUANO,42
021407,ANCASH,SIHUAS,ACOBAMBA,PERU POSIBLE,188
021408,ANCASH,SIHUAS,CASHAPAMPA,FUERZA 2011,26
021408,ANCASH,SIHUAS,CASHAPAMPA,LISTA INDEPENDIENTE ALIANZA CASHAPAMPINA,132
021408,ANCASH,SIHUAS,CASHAPAMPA,MIRO,548
021408,ANCASH,SIHUAS,CASHAPAMPA,MOVILIZACION INDEPENDIENTE CAMPESINO ATUSPARIA,488
021409,ANCASH,SIHUAS,RAGASH,FRENTE AMPLIO DEMOCRATICO SIHUASINO,34
021409,ANCASH,SIHUAS,RAGASH,FUERZA 2011,37
021409,ANCASH,SIHUAS,RAGASH,MIRO,421
021409,ANCASH,SIHUAS,RAGASH,MOVILIZACION INDEPENDIENTE CAMPESINO ATUSPARIA,180
021409,ANCASH,SIHUAS,RAGASH,PARTIDO APRISTA PERUANO,63
021409,ANCASH,SIHUAS,RAGASH,PARTIDO DEMOCRATICO SOMOS PERU,370
021409,ANCASH,SIHUAS,RAGASH,PERU POSIBLE,66
021410,ANCASH,SIHUAS,SAN JUAN,ALIANZA PARA EL PROGRESO,141
021410,ANCASH,SIHUAS,SAN JUAN,FRENTE AMPLIO DEMOCRATICO SIHUASINO,1106
021410,ANCASH,SIHUAS,SAN JUAN,FUERZA 2011,99
021410,ANCASH,SIHUAS,SAN JUAN,MOVILIZACION INDEPENDIENTE CAMPESINO ATUSPARIA,800
021410,ANCASH,SIHUAS,SAN JUAN,NUEVO SAN JUAN DE CHULLIN,190
021410,ANCASH,SIHUAS,SAN JUAN,PARTIDO APRISTA PERUANO,21
021410,ANCASH,SIHUAS,SAN JUAN,PARTIDO DEMOCRATICO SOMOS PERU,143
021410,ANCASH,SIHUAS,SAN JUAN,PERU POSIBLE,95
021502,ANCASH,YUNGAY,CASCAPARA,ACCION POPULAR,139
021502,ANCASH,YUNGAY,CASCAPARA,ALIANZA PARA EL PROGRESO,136
021502,ANCASH,YUNGAY,CASCAPARA,MOVIMIENTO ACCION NACIONALISTA PERUANO,119
021502,ANCASH,YUNGAY,CASCAPARA,MOVIMIENTO INDEPENDIENTE NUEVO DESTINO,119
021502,ANCASH,YUNGAY,CASCAPARA,MOVIMIENTO REGIONAL INDEPENDIENTE CUENTA CONMIGO,81
021502,ANCASH,YUNGAY,CASCAPARA,UNION POR EL PERU,243
021503,ANCASH,YUNGAY,MANCOS,ACCION POPULAR,770
021503,ANCASH,YUNGAY,MANCOS,ALIANZA PARA EL PROGRESO,101
021503,ANCASH,YUNGAY,MANCOS,FUERZA 2011,81
021503,ANCASH,YUNGAY,MANCOS,MOVIMIENTO ACCION NACIONALISTA PERUANO,165
021503,ANCASH,YUNGAY,MANCOS,"MOVIMIENTO INDEPENDIENTE NUEVA ESPERANZA REGIONAL ANCASHINA ""NUEVA ERA""",212
021503,ANCASH,YUNGAY,MANCOS,MOVIMIENTO INDEPENDIENTE NUEVO DESTINO,196
021503,ANCASH,YUNGAY,MANCOS,MOVIMIENTO INDEPENDIENTE REGIONAL RIO SANTA CAUDALOSO,541
021503,ANCASH,YUNGAY,MANCOS,MOVIMIENTO REGIONAL INDEPENDIENTE CUENTA CONMIGO,129
021503,ANCASH,YUNGAY,MANCOS,PARTIDO DEMOCRATICO SOMOS PERU,236
021503,ANCASH,YUNGAY,MANCOS,PARTIDO HUMANISTA PERUANO,10
021503,ANCASH,YUNGAY,MANCOS,UNION POR EL PERU,774
021504,ANCASH,YUNGAY,MATACOTO,ALIANZA PARA EL PROGRESO,268
021504,ANCASH,YUNGAY,MATACOTO,FUERZA 2011,55
021504,ANCASH,YUNGAY,MATACOTO,MOVIMIENTO ACCION NACIONALISTA PERUANO,132
021504,ANCASH,YUNGAY,MATACOTO,MOVIMIENTO INDEPENDIENTE NUEVO DESTINO,78
021504,ANCASH,YUNGAY,MATACOTO,MOVIMIENTO REGIONAL INDEPENDIENTE CUENTA CONMIGO,112
021504,ANCASH,YUNGAY,MATACOTO,PARTIDO APRISTA PERUANO,36
021504,ANCASH,YUNGAY,MATACOTO,PARTIDO DEMOCRATICO SOMOS PERU,9
021504,ANCASH,YUNGAY,MATACOTO,UNION POR EL PERU,189
021505,ANCASH,YUNGAY,QUILLO,ACCION POPULAR,516
021505,ANCASH,YUNGAY,QUILLO,ALIANZA PARA EL PROGRESO,758
021505,ANCASH,YUNGAY,QUILLO,MOVIMIENTO ACCION NACIONALISTA PERUANO,220
021505,ANCASH,YUNGAY,QUILLO,MOVIMIENTO INDEPENDIENTE NUEVO DESTINO,569
021505,ANCASH,YUNGAY,QUILLO,MOVIMIENTO INDEPENDIENTE REGIONAL RIO SANTA CAUDALOSO,672
021505,ANCASH,YUNGAY,QUILLO,MOVIMIENTO REGIONAL INDEPENDIENTE CUENTA CONMIGO,133
021505,ANCASH,YUNGAY,QUILLO,PARTIDO APRISTA PERUANO,54
021505,ANCASH,YUNGAY,QUILLO,PARTIDO DEMOCRATICO SOMOS PERU,73
021505,ANCASH,YUNGAY,QUILLO,PARTIDO HUMANISTA PERUANO,258
021505,ANCASH,YUNGAY,QUILLO,UNION POR EL PERU,1153
021506,ANCASH,YUNGAY,RANRAHIRCA,ALIANZA PARA EL PROGRESO,143
021506,ANCASH,YUNGAY,RANRAHIRCA,MOVIMIENTO ACCION NACIONALISTA PERUANO,370
021506,ANCASH,YUNGAY,RANRAHIRCA,MOVIMIENTO INDEPENDIENTE NUEVO DESTINO,211
021506,ANCASH,YUNGAY,RANRAHIRCA,MOVIMIENTO INDEPENDIENTE REGIONAL RIO SANTA CAUDALOSO,123
021506,ANCASH,YUNGAY,RANRAHIRCA,MOVIMIENTO NUEVA IZQUIERDA,74
021506,ANCASH,YUNGAY,RANRAHIRCA,MOVIMIENTO REGIONAL INDEPENDIENTE CUENTA CONMIGO,197
021506,ANCASH,YUNGAY,RANRAHIRCA,PARTIDO APRISTA PERUANO,74
021506,ANCASH,YUNGAY,RANRAHIRCA,PARTIDO DEMOCRATICO SOMOS PERU,125
021506,ANCASH,YUNGAY,RANRAHIRCA,UNION POR EL PERU,153
021507,ANCASH,YUNGAY,SHUPLUY,ALIANZA PARA EL PROGRESO,230
021507,ANCASH,YUNGAY,SHUPLUY,MOVIMIENTO ACCION NACIONALISTA PERUANO,353
021507,ANCASH,YUNGAY,SHUPLUY,MOVIMIENTO INDEPENDIENTE NUEVO DESTINO,50
021507,ANCASH,YUNGAY,SHUPLUY,MOVIMIENTO REGIONAL INDEPENDIENTE CUENTA CONMIGO,125
021507,ANCASH,YUNGAY,SHUPLUY,PARTIDO DEMOCRATICO SOMOS PERU,43
021507,ANCASH,YUNGAY,SHUPLUY,UNION POR EL PERU,197
021508,ANCASH,YUNGAY,YANAMA,ACCION POPULAR,168
021508,ANCASH,YUNGAY,YANAMA,ALIANZA PARA EL PROGRESO,273
021508,ANCASH,YUNGAY,YANAMA,MOVIMIENTO INDEPENDIENTE NUEVO DESTINO,325
021508,ANCASH,YUNGAY,YANAMA,MOVIMIENTO INDEPENDIENTE REGIONAL RIO SANTA CAUDALOSO,469
021508,ANCASH,YUNGAY,YANAMA,MOVIMIENTO REGIONAL INDEPENDIENTE CUENTA CONMIGO,263
021508,ANCASH,YUNGAY,YANAMA,PARTIDO DEMOCRATICO SOMOS PERU,360
021508,ANCASH,YUNGAY,YANAMA,PARTIDO HUMANISTA PERUANO,7
021508,ANCASH,YUNGAY,YANAMA,PERU POSIBLE,265
021508,ANCASH,YUNGAY,YANAMA,UNION POR EL PERU,801
021602,ANCASH,ANTONIO RAIMONDI,ACZO,ACCION POPULAR,79
021602,ANCASH,ANTONIO RAIMONDI,ACZO,ALIANZA PARA EL PROGRESO,30
021602,ANCASH,ANTONIO RAIMONDI,ACZO,MOVIMIENTO INDEPENDIENTE REGIONAL RIO SANTA CAUDALOSO,41
021602,ANCASH,ANTONIO RAIMONDI,ACZO,MOVIMIENTO REGIONAL INDEPENDIENTE CUENTA CONMIGO,145
021602,ANCASH,ANTONIO RAIMONDI,ACZO,PARTIDO APRISTA PERUANO,22
021602,ANCASH,ANTONIO RAIMONDI,ACZO,PARTIDO DEMOCRATICO SOMOS PERU,177
021602,ANCASH,ANTONIO RAIMONDI,ACZO,PERU POSIBLE,107
021602,ANCASH,ANTONIO RAIMONDI,ACZO,RESTAURACION NACIONAL,230
021602,ANCASH,ANTONIO RAIMONDI,ACZO,UNION POR EL PERU,69
021603,ANCASH,ANTONIO RAIMONDI,CHACCHO,ALIANZA PARA EL PROGRESO,71
021603,ANCASH,ANTONIO RAIMONDI,CHACCHO,FUERZA 2011,35
021603,ANCASH,ANTONIO RAIMONDI,CHACCHO,MOVIMIENTO INDEPENDIENTE NUEVO DESTINO,52
021603,ANCASH,ANTONIO RAIMONDI,CHACCHO,MOVIMIENTO INDEPENDIENTE REGIONAL RIO SANTA CAUDALOSO,58
021603,ANCASH,ANTONIO RAIMONDI,CHACCHO,MOVIMIENTO REGIONAL INDEPENDIENTE CUENTA CONMIGO,115
021603,ANCASH,ANTONIO RAIMONDI,CHACCHO,PARTIDO APRISTA PERUANO,46
021603,ANCASH,ANTONIO RAIMONDI,CHACCHO,PARTIDO DEMOCRATICO SOMOS PERU,134
021603,ANCASH,ANTONIO RAIMONDI,CHACCHO,RESTAURACION NACIONAL,220
021603,ANCASH,ANTONIO RAIMONDI,CHACCHO,UNION POR EL PERU,49
021604,ANCASH,ANTONIO RAIMONDI,CHINGAS,ACCION POPULAR,24
021604,ANCASH,ANTONIO RAIMONDI,CHINGAS,ALIANZA PARA EL PROGRESO,97
021604,ANCASH,ANTONIO RAIMONDI,CHINGAS,MOVIMIENTO INDEPENDIENTE REGIONAL RIO SANTA CAUDALOSO,146
021604,ANCASH,ANTONIO RAIMONDI,CHINGAS,MOVIMIENTO REGIONAL INDEPENDIENTE CUENTA CONMIGO,107
021604,ANCASH,ANTONIO RAIMONDI,CHINGAS,PARTIDO APRISTA PERUANO,149
021604,ANCASH,ANTONIO RAIMONDI,CHINGAS,PARTIDO DEMOCRATICO SOMOS PERU,54
021604,ANCASH,ANTONIO RAIMONDI,CHINGAS,PERU POSIBLE,49
021604,ANCASH,ANTONIO RAIMONDI,CHINGAS,RESTAURACION NACIONAL,209
021605,ANCASH,ANTONIO RAIMONDI,MIRGAS,ACCION POPULAR,162
021605,ANCASH,ANTONIO RAIMONDI,MIRGAS,ALIANZA PARA EL PROGRESO,241
021605,ANCASH,ANTONIO RAIMONDI,MIRGAS,MOVIMIENTO ACCION NACIONALISTA PERUANO,12
021605,ANCASH,ANTONIO RAIMONDI,MIRGAS,"MOVIMIENTO INDEPENDIENTE NUEVA ESPERANZA REGIONAL ANCASHINA ""NUEVA ERA""",37
021605,ANCASH,ANTONIO RAIMONDI,MIRGAS,MOVIMIENTO INDEPENDIENTE REGIONAL RIO SANTA CAUDALOSO,14
021605,ANCASH,ANTONIO RAIMONDI,MIRGAS,MOVIMIENTO INDEPENDIENTE REGIONAL UNIDOS POR ANCASH,42
021605,ANCASH,ANTONIO RAIMONDI,MIRGAS,MOVIMIENTO REGIONAL INDEPENDIENTE CUENTA CONMIGO,208
021605,ANCASH,ANTONIO RAIMONDI,MIRGAS,PARTIDO APRISTA PERUANO,132
021605,ANCASH,ANTONIO RAIMONDI,MIRGAS,PARTIDO DEMOCRATICO SOMOS PERU,57
021605,ANCASH,ANTONIO RAIMONDI,MIRGAS,PERU POSIBLE,127
021605,ANCASH,ANTONIO RAIMONDI,MIRGAS,RESTAURACION NACIONAL,254
021605,ANCASH,ANTONIO RAIMONDI,MIRGAS,UNION POR EL PERU,24
021606,ANCASH,ANTONIO RAIMONDI,SAN JUAN DE RONTOY,ACCION POPULAR,54
021606,ANCASH,ANTONIO RAIMONDI,SAN JUAN DE RONTOY,ANCASH DIGNIDAD,4
021606,ANCASH,ANTONIO RAIMONDI,SAN JUAN DE RONTOY,MOVIMIENTO REGIONAL INDEPENDIENTE CUENTA CONMIGO,40
021606,ANCASH,ANTONIO RAIMONDI,SAN JUAN DE RONTOY,PARTIDO APRISTA PERUANO,128
021606,ANCASH,ANTONIO RAIMONDI,SAN JUAN DE RONTOY,PARTIDO DEMOCRATICO SOMOS PERU,24
021606,ANCASH,ANTONIO RAIMONDI,SAN JUAN DE RONTOY,PERU POSIBLE,116
021606,ANCASH,ANTONIO RAIMONDI,SAN JUAN DE RONTOY,RESTAURACION NACIONAL,145
021606,ANCASH,ANTONIO RAIMONDI,SAN JUAN DE RONTOY,UNION POR EL PERU,12
021702,ANCASH,CARLOS FERMIN FITZCARRALD,YAUYA,ACCION POPULAR,16
021702,ANCASH,CARLOS FERMIN FITZCARRALD,YAUYA,ALIANZA PARA EL PROGRESO,166
021702,ANCASH,CARLOS FERMIN FITZCARRALD,YAUYA,MOVIMIENTO INDEPENDIENTE NUEVO DESTINO,26
021702,ANCASH,CARLOS FERMIN FITZCARRALD,YAUYA,MOVIMIENTO INDEPENDIENTE REGIONAL RIO SANTA CAUDALOSO,427
021702,ANCASH,CARLOS FERMIN FITZCARRALD,YAUYA,MOVIMIENTO REGIONAL INDEPENDIENTE CUENTA CONMIGO,60
021702,ANCASH,CARLOS FERMIN FITZCARRALD,YAUYA,PERU POSIBLE,91
021702,ANCASH,CARLOS FERMIN FITZCARRALD,YAUYA,UNION POR EL PERU,1411
021703,ANCASH,CARLOS FERMIN FITZCARRALD,SAN NICOLAS,ALIANZA PARA EL PROGRESO,313
021703,ANCASH,CARLOS FERMIN FITZCARRALD,SAN NICOLAS,MOVIMIENTO ACCION NACIONALISTA PERUANO,49
021703,ANCASH,CARLOS FERMIN FITZCARRALD,SAN NICOLAS,MOVIMIENTO INDEPENDIENTE NUEVO DESTINO,47
021703,ANCASH,CARLOS FERMIN FITZCARRALD,SAN NICOLAS,MOVIMIENTO INDEPENDIENTE RECONSTRUYAMOS ANCASH,81
021703,ANCASH,CARLOS FERMIN FITZCARRALD,SAN NICOLAS,MOVIMIENTO INDEPENDIENTE REGIONAL RIO SANTA CAUDALOSO,184
021703,ANCASH,CARLOS FERMIN FITZCARRALD,SAN NICOLAS,MOVIMIENTO REGIONAL INDEPENDIENTE CUENTA CONMIGO,26
021703,ANCASH,CARLOS FERMIN FITZCARRALD,SAN NICOLAS,PERU POSIBLE,338
021703,ANCASH,CARLOS FERMIN FITZCARRALD,SAN NICOLAS,UNION POR EL PERU,397
021802,ANCASH,ASUNCION,ACOCHACA,ALIANZA PARA EL PROGRESO,108
021802,ANCASH,ASUNCION,ACOCHACA,FONAVISTAS DEL PERU,6
021802,ANCASH,ASUNCION,ACOCHACA,MOVIMIENTO INDEPENDIENTE NUEVO DESTINO,38
021802,ANCASH,ASUNCION,ACOCHACA,PARTIDO DEMOCRATICO SOMOS PERU,91
021902,ANCASH,HUARMEY,COCHAPETI,ALIANZA PARA EL PROGRESO,55
021902,ANCASH,HUARMEY,COCHAPETI,MOVIMIENTO ACCION NACIONALISTA PERUANO,135
021902,ANCASH,HUARMEY,COCHAPETI,"MOVIMIENTO INDEPENDIENTE NUEVA ESPERANZA REGIONAL ANCASHINA ""NUEVA ERA""",96
021902,ANCASH,HUARMEY,COCHAPETI,MOVIMIENTO INDEPENDIENTE REGIONAL UNIDOS POR ANCASH,192
021903,ANCASH,HUARMEY,HUAYAN,ACCION POPULAR,20
021903,ANCASH,HUARMEY,HUAYAN,ALIANZA PARA EL PROGRESO,54
021903,ANCASH,HUARMEY,HUAYAN,ANCASH DIGNIDAD,67
021903,ANCASH,HUARMEY,HUAYAN,FUERZA 2011,24
021903,ANCASH,HUARMEY,HUAYAN,MOVIMIENTO ACCION NACIONALISTA PERUANO,5
021903,ANCASH,HUARMEY,HUAYAN,"MOVIMIENTO INDEPENDIENTE NUEVA ESPERANZA REGIONAL ANCASHINA ""NUEVA ERA""",23
021903,ANCASH,HUARMEY,HUAYAN,MOVIMIENTO INDEPENDIENTE NUEVO DESTINO,10
021903,ANCASH,HUARMEY,HUAYAN,MOVIMIENTO INDEPENDIENTE REGIONAL RIO SANTA CAUDALOSO,27
021903,ANCASH,HUARMEY,HUAYAN,MOVIMIENTO REGIONAL INDEPENDIENTE CUENTA CONMIGO,46
021903,ANCASH,HUARMEY,HUAYAN,PARTIDO APRISTA PERUANO,2
021903,ANCASH,HUARMEY,HUAYAN,PARTIDO DEMOCRATICO SOMOS PERU,10
021903,ANCASH,HUARMEY,HUAYAN,SIEMPRE UNIDOS,13
021904,ANCASH,HUARMEY,MALVAS,FUERZA 2011,102
021904,ANCASH,HUARMEY,MALVAS,MOVIMIENTO ACCION NACIONALISTA PERUANO,142
021904,ANCASH,HUARMEY,MALVAS,MOVIMIENTO INDEPENDIENTE NUEVO DESTINO,52
021904,ANCASH,HUARMEY,MALVAS,MOVIMIENTO INDEPENDIENTE REGIONAL RIO SANTA CAUDALOSO,162
021904,ANCASH,HUARMEY,MALVAS,PARTIDO HUMANISTA PERUANO,57
021904,ANCASH,HUARMEY,MALVAS,PERU POSIBLE,9
021904,ANCASH,HUARMEY,MALVAS,SIEMPRE UNIDOS,5
021905,ANCASH,HUARMEY,CULEBRAS,ANCASH DIGNIDAD,35
021905,ANCASH,HUARMEY,CULEBRAS,MOVIMIENTO ACCION NACIONALISTA PERUANO,0
021905,ANCASH,HUARMEY,CULEBRAS,MOVIMIENTO INDEPENDIENTE REGIONAL RIO SANTA CAUDALOSO,28
021905,ANCASH,HUARMEY,CULEBRAS,MOVIMIENTO REGIONAL INDEPENDIENTE CUENTA CONMIGO,38
021905,ANCASH,HUARMEY,CULEBRAS,PARTIDO APRISTA PERUANO,4
021905,ANCASH,HUARMEY,CULEBRAS,SIEMPRE UNIDOS,24
022001,ANCASH,OCROS,ACAS,ALIANZA PARA EL PROGRESO,66
022001,ANCASH,OCROS,ACAS,FUERZA 2011,126
022001,ANCASH,OCROS,ACAS,MOVIMIENTO INDEPENDIENTE REGIONAL RIO SANTA CAUDALOSO,8
022001,ANCASH,OCROS,ACAS,MOVIMIENTO REGIONAL INDEPENDIENTE CUENTA CONMIGO,69
022002,ANCASH,OCROS,CAJAMARQUILLA,ACCION POPULAR,9
022002,ANCASH,OCROS,CAJAMARQUILLA,ALIANZA PARA EL PROGRESO,26
022002,ANCASH,OCROS,CAJAMARQUILLA,FUERZA 2011,60
022002,ANCASH,OCROS,CAJAMARQUILLA,MOVIMIENTO REGIONAL INDEPENDIENTE CUENTA CONMIGO,40
022002,ANCASH,OCROS,CAJAMARQUILLA,PARTIDO DEMOCRATICO SOMOS PERU,34
022003,ANCASH,OCROS,CARHUAPAMPA,ALIANZA PARA EL PROGRESO,214
022003,ANCASH,OCROS,CARHUAPAMPA,FUERZA 2011,10
022003,ANCASH,OCROS,CARHUAPAMPA,MOVIMIENTO REGIONAL INDEPENDIENTE CUENTA CONMIGO,207
022004,ANCASH,OCROS,COCHAS,AGRUPACION POLITICA DEMOCRATICA COCHAS-HUANCHAY,189
022004,ANCASH,OCROS,COCHAS,ALIANZA PARA EL PROGRESO,180
022004,ANCASH,OCROS,COCHAS,FUERZA 2011,61
022004,ANCASH,OCROS,COCHAS,MOVIMIENTO INDEPENDIENTE REGIONAL RIO SANTA CAUDALOSO,38
022004,ANCASH,OCROS,COCHAS,MOVIMIENTO REGIONAL INDEPENDIENTE CUENTA CONMIGO,75
022004,ANCASH,OCROS,COCHAS,PARTIDO APRISTA PERUANO,79
022004,ANCASH,OCROS,COCHAS,PARTIDO DEMOCRATICO SOMOS PERU,81
022004,ANCASH,OCROS,COCHAS,SIEMPRE UNIDOS,88
022005,ANCASH,OCROS,CONGAS,ALIANZA PARA EL PROGRESO,173
022005,ANCASH,OCROS,CONGAS,MOVIMIENTO ACCION NACIONALISTA PERUANO,19
022005,ANCASH,OCROS,CONGAS,MOVIMIENTO REGIONAL INDEPENDIENTE CUENTA CONMIGO,282
022005,ANCASH,OCROS,CONGAS,PARTIDO DEMOCRATICO SOMOS PERU,112
022005,ANCASH,OCROS,CONGAS,PERU POSIBLE,59
022005,ANCASH,OCROS,CONGAS,TODOS POR EL PERU,20
022006,ANCASH,OCROS,LLIPA,FUERZA 2011,74
022006,ANCASH,OCROS,LLIPA,MOVIMIENTO REGIONAL INDEPENDIENTE CUENTA CONMIGO,90
022008,ANCASH,OCROS,SAN CRISTOBAL DE RAJAN,ACCION POPULAR,2
022008,ANCASH,OCROS,SAN CRISTOBAL DE RAJAN,ALIANZA PARA EL PROGRESO,36
022008,ANCASH,OCROS,SAN CRISTOBAL DE RAJAN,FUERZA 2011,168
022008,ANCASH,OCROS,SAN CRISTOBAL DE RAJAN,MOVIMIENTO ACCION NACIONALISTA PERUANO,76
022008,ANCASH,OCROS,SAN CRISTOBAL DE RAJAN,PARTIDO APRISTA PERUANO,42
022008,ANCASH,OCROS,SAN CRISTOBAL DE RAJAN,PARTIDO DEMOCRATICO SOMOS PERU,33
022008,ANCASH,OCROS,SAN CRISTOBAL DE RAJAN,PERU POSIBLE,4
022009,ANCASH,OCROS,SAN PEDRO,ALIANZA PARA EL PROGRESO,260
022009,ANCASH,OCROS,SAN PEDRO,FUERZA 2011,59
022009,ANCASH,OCROS,SAN PEDRO,MOVIMIENTO ACCION NACIONALISTA PERUANO,76
022009,ANCASH,OCROS,SAN PEDRO,MOVIMIENTO INDEPENDIENTE REGIONAL RIO SANTA CAUDALOSO,17
022009,ANCASH,OCROS,SAN PEDRO,MOVIMIENTO REGIONAL INDEPENDIENTE CUENTA CONMIGO,174
022009,ANCASH,OCROS,SAN PEDRO,PARTIDO DEMOCRATICO SOMOS PERU,72
022010,ANCASH,OCROS,SANTIAGO DE CHILCAS,ALIANZA PARA EL PROGRESO,114
022010,ANCASH,OCROS,SANTIAGO DE CHILCAS,FUERZA 2011,95
022010,ANCASH,OCROS,SANTIAGO DE CHILCAS,PARTIDO APRISTA PERUANO,18
022010,ANCASH,OCROS,SANTIAGO DE CHILCAS,PARTIDO DEMOCRATICO SOMOS PERU,0
022010,ANCASH,OCROS,SANTIAGO DE CHILCAS,PERU POSIBLE,55
030102,APURIMAC,ABANCAY,CIRCA,ALIANZA PARA EL PROGRESO,205
030102,APURIMAC,ABANCAY,CIRCA,FRENTE POPULAR LLAPANCHIK,71
030102,APURIMAC,ABANCAY,CIRCA,FUERZA 2011,14
030102,APURIMAC,ABANCAY,CIRCA,MOVIMIENTO MACROREGIONAL TODAS LAS SANGRES - APURIMAC,54
030102,APURIMAC,ABANCAY,CIRCA,MOVIMIENTO NUEVA IZQUIERDA,29
030102,APURIMAC,ABANCAY,CIRCA,MOVIMIENTO POPULAR KALLPA,323
030102,APURIMAC,ABANCAY,CIRCA,PARTIDO APRISTA PERUANO,36
030102,APURIMAC,ABANCAY,CIRCA,PERU POSIBLE,115
030102,APURIMAC,ABANCAY,CIRCA,PODER POPULAR ANDINO,405
030102,APURIMAC,ABANCAY,CIRCA,TUPAY-TODOS UNIDOS POR ABANCAY,45
030103,APURIMAC,ABANCAY,CURAHUASI,ALIANZA PARA EL PROGRESO,1014
030103,APURIMAC,ABANCAY,CURAHUASI,FUERZA 2011,364
030103,APURIMAC,ABANCAY,CURAHUASI,MOVIMIENTO MACROREGIONAL TODAS LAS SANGRES - APURIMAC,72
030103,APURIMAC,ABANCAY,CURAHUASI,MOVIMIENTO POPULAR KALLPA,137
030103,APURIMAC,ABANCAY,CURAHUASI,PARTIDO APRISTA PERUANO,50
030103,APURIMAC,ABANCAY,CURAHUASI,PODER POPULAR ANDINO,2689
030103,APURIMAC,ABANCAY,CURAHUASI,TUPAY-TODOS UNIDOS POR ABANCAY,123
030103,APURIMAC,ABANCAY,CURAHUASI,UNION POR EL PERU,1416
030104,APURIMAC,ABANCAY,CHACOCHE,ALIANZA PARA EL PROGRESO,11
030104,APURIMAC,ABANCAY,CHACOCHE,FRENTE POPULAR LLAPANCHIK,32
030104,APURIMAC,ABANCAY,CHACOCHE,MOVIMIENTO POPULAR KALLPA,208
030104,APURIMAC,ABANCAY,CHACOCHE,PARTIDO APRISTA PERUANO,109
030104,APURIMAC,ABANCAY,CHACOCHE,PODER POPULAR ANDINO,163
030105,APURIMAC,ABANCAY,HUANIPACA,ALIANZA PARA EL PROGRESO,79
030105,APURIMAC,ABANCAY,HUANIPACA,"MOVIMIENTO ETNOCACERISTA REGIONAL AMA SUA, AMA LLULLA, AMA QUELLA",16
030105,APURIMAC,ABANCAY,HUANIPACA,MOVIMIENTO NUEVA IZQUIERDA,383
030105,APURIMAC,ABANCAY,HUANIPACA,MOVIMIENTO POPULAR KALLPA,474
030105,APURIMAC,ABANCAY,HUANIPACA,PARTIDO APRISTA PERUANO,26
030105,APURIMAC,ABANCAY,HUANIPACA,PODER POPULAR ANDINO,490
030105,APURIMAC,ABANCAY,HUANIPACA,TUPAY-TODOS UNIDOS POR ABANCAY,438
030106,APURIMAC,ABANCAY,LAMBRAMA,ALIANZA PARA EL PROGRESO,29
030106,APURIMAC,ABANCAY,LAMBRAMA,MOVIMIENTO DE INTEGRACION KECHWA APURIMAC,2
030106,APURIMAC,ABANCAY,LAMBRAMA,"MOVIMIENTO ETNOCACERISTA REGIONAL AMA SUA, AMA LLULLA, AMA QUELLA",168
030106,APURIMAC,ABANCAY,LAMBRAMA,MOVIMIENTO NUEVA IZQUIERDA,87
030106,APURIMAC,ABANCAY,LAMBRAMA,MOVIMIENTO POPULAR KALLPA,110
030106,APURIMAC,ABANCAY,LAMBRAMA,PARTIDO APRISTA PERUANO,13
030106,APURIMAC,ABANCAY,LAMBRAMA,PODER POPULAR ANDINO,693
030106,APURIMAC,ABANCAY,LAMBRAMA,TUPAY-TODOS UNIDOS POR ABANCAY,461
030107,APURIMAC,ABANCAY,PICHIRHUA,ALIANZA PARA EL PROGRESO,211
030107,APURIMAC,ABANCAY,PICHIRHUA,FRENTE POPULAR LLAPANCHIK,403
030107,APURIMAC,ABANCAY,PICHIRHUA,MOVIMIENTO POPULAR KALLPA,294
030107,APURIMAC,ABANCAY,PICHIRHUA,PARTIDO APRISTA PERUANO,159
030107,APURIMAC,ABANCAY,PICHIRHUA,PODER POPULAR ANDINO,189
030107,APURIMAC,ABANCAY,PICHIRHUA,TUPAY-TODOS UNIDOS POR ABANCAY,250
030108,APURIMAC,ABANCAY,SAN PEDRO DE CACHORA,ALIANZA PARA EL PROGRESO,560
030108,APURIMAC,ABANCAY,SAN PEDRO DE CACHORA,FRENTE POPULAR LLAPANCHIK,110
030108,APURIMAC,ABANCAY,SAN PEDRO DE CACHORA,"MOVIMIENTO ETNOCACERISTA REGIONAL AMA SUA, AMA LLULLA, AMA QUELLA",15
030108,APURIMAC,ABANCAY,SAN PEDRO DE CACHORA,MOVIMIENTO POPULAR KALLPA,701
030108,APURIMAC,ABANCAY,SAN PEDRO DE CACHORA,PARTIDO APRISTA PERUANO,27
030108,APURIMAC,ABANCAY,SAN PEDRO DE CACHORA,PERU POSIBLE,75
030109,APURIMAC,ABANCAY,TAMBURCO,ALIANZA PARA EL PROGRESO,157
030109,APURIMAC,ABANCAY,TAMBURCO,FRENTE POPULAR LLAPANCHIK,24
030109,APURIMAC,ABANCAY,TAMBURCO,MOVIMIENTO INDEPENDIENTE REGIONAL APURIMAC UNIDO,1123
030109,APURIMAC,ABANCAY,TAMBURCO,MOVIMIENTO NUEVA IZQUIERDA,78
030109,APURIMAC,ABANCAY,TAMBURCO,MOVIMIENTO POPULAR KALLPA,47
030109,APURIMAC,ABANCAY,TAMBURCO,PARTIDO APRISTA PERUANO,164
030109,APURIMAC,ABANCAY,TAMBURCO,PODER POPULAR ANDINO,1047
030109,APURIMAC,ABANCAY,TAMBURCO,TUPAY-TODOS UNIDOS POR ABANCAY,686
030202,APURIMAC,AYMARAES,CAPAYA,ALIANZA PARA EL PROGRESO,126
030202,APURIMAC,AYMARAES,CAPAYA,FRENTE POPULAR LLAPANCHIK,12
030202,APURIMAC,AYMARAES,CAPAYA,MOVIMIENTO INDEPENDIENTE REGIONAL APURIMAC UNIDO,4
030202,APURIMAC,AYMARAES,CAPAYA,MOVIMIENTO POPULAR KALLPA,105
030202,APURIMAC,AYMARAES,CAPAYA,PARTIDO APRISTA PERUANO,2
030202,APURIMAC,AYMARAES,CAPAYA,PODER POPULAR ANDINO,105
030203,APURIMAC,AYMARAES,CARAYBAMBA,ALIANZA PARA EL PROGRESO,126
030203,APURIMAC,AYMARAES,CARAYBAMBA,MOVIMIENTO INDEPENDIENTE REGIONAL APURIMAC UNIDO,179
030203,APURIMAC,AYMARAES,CARAYBAMBA,MOVIMIENTO POPULAR KALLPA,156
030203,APURIMAC,AYMARAES,CARAYBAMBA,PARTIDO APRISTA PERUANO,54
030203,APURIMAC,AYMARAES,CARAYBAMBA,PODER POPULAR ANDINO,157
030204,APURIMAC,AYMARAES,COLCABAMBA,ALIANZA PARA EL PROGRESO,48
030204,APURIMAC,AYMARAES,COLCABAMBA,FRENTE POPULAR LLAPANCHIK,145
030204,APURIMAC,AYMARAES,COLCABAMBA,MOVIMIENTO POPULAR KALLPA,43
030204,APURIMAC,AYMARAES,COLCABAMBA,PODER POPULAR ANDINO,127
030205,APURIMAC,AYMARAES,COTARUSE,MOVIMIENTO INDEPENDIENTE REGIONAL APURIMAC UNIDO,137
030205,APURIMAC,AYMARAES,COTARUSE,MOVIMIENTO MACROREGIONAL TODAS LAS SANGRES - APURIMAC,23
030205,APURIMAC,AYMARAES,COTARUSE,MOVIMIENTO POPULAR KALLPA,515
030205,APURIMAC,AYMARAES,COTARUSE,PARTIDO APRISTA PERUANO,17
030205,APURIMAC,AYMARAES,COTARUSE,PODER POPULAR ANDINO,482
030206,APURIMAC,AYMARAES,CHAPIMARCA,FRENTE POPULAR LLAPANCHIK,158
030206,APURIMAC,AYMARAES,CHAPIMARCA,KAYPI PROGRESO,12
030206,APURIMAC,AYMARAES,CHAPIMARCA,MOVIMIENTO INDEPENDIENTE REGIONAL APURIMAC UNIDO,302
030206,APURIMAC,AYMARAES,CHAPIMARCA,MOVIMIENTO MACROREGIONAL TODAS LAS SANGRES - APURIMAC,15
030206,APURIMAC,AYMARAES,CHAPIMARCA,MOVIMIENTO POPULAR KALLPA,171
030206,APURIMAC,AYMARAES,CHAPIMARCA,PARTIDO APRISTA PERUANO,244
030206,APURIMAC,AYMARAES,CHAPIMARCA,PODER POPULAR ANDINO,129
030207,APURIMAC,AYMARAES,HUAYLLO,ALIANZA PARA EL PROGRESO,57
030207,APURIMAC,AYMARAES,HUAYLLO,KAYPI PROGRESO,20
030207,APURIMAC,AYMARAES,HUAYLLO,MOVIMIENTO INDEPENDIENTE REGIONAL APURIMAC UNIDO,2
030207,APURIMAC,AYMARAES,HUAYLLO,MOVIMIENTO POPULAR KALLPA,117
030207,APURIMAC,AYMARAES,HUAYLLO,PARTIDO APRISTA PERUANO,35
030207,APURIMAC,AYMARAES,HUAYLLO,PODER POPULAR ANDINO,134
030208,APURIMAC,AYMARAES,LUCRE,ALIANZA PARA EL PROGRESO,338
030208,APURIMAC,AYMARAES,LUCRE,MOVIMIENTO INDEPENDIENTE REGIONAL APURIMAC UNIDO,156
030208,APURIMAC,AYMARAES,LUCRE,MOVIMIENTO MACROREGIONAL TODAS LAS SANGRES - APURIMAC,16
030208,APURIMAC,AYMARAES,LUCRE,MOVIMIENTO POPULAR KALLPA,208
030208,APURIMAC,AYMARAES,LUCRE,PARTIDO APRISTA PERUANO,10
030208,APURIMAC,AYMARAES,LUCRE,PODER POPULAR ANDINO,246
030209,APURIMAC,AYMARAES,POCOHUANCA,MOVIMIENTO INDEPENDIENTE REGIONAL APURIMAC UNIDO,256
030209,APURIMAC,AYMARAES,POCOHUANCA,MOVIMIENTO POPULAR KALLPA,152
030209,APURIMAC,AYMARAES,POCOHUANCA,PARTIDO APRISTA PERUANO,2
030209,APURIMAC,AYMARAES,POCOHUANCA,PODER POPULAR ANDINO,241
030210,APURIMAC,AYMARAES,SAÑAYCA,MOVIMIENTO POPULAR KALLPA,209
030210,APURIMAC,AYMARAES,SAÑAYCA,NUEVA FUERZA REGIONAL ANDINA,94
030210,APURIMAC,AYMARAES,SAÑAYCA,PARTIDO APRISTA PERUANO,38
030210,APURIMAC,AYMARAES,SAÑAYCA,PODER POPULAR ANDINO,126
030211,APURIMAC,AYMARAES,SORAYA,FRENTE POPULAR LLAPANCHIK,69
030211,APURIMAC,AYMARAES,SORAYA,MOVIMIENTO INDEPENDIENTE REGIONAL APURIMAC UNIDO,17
030211,APURIMAC,AYMARAES,SORAYA,MOVIMIENTO POPULAR KALLPA,66
030211,APURIMAC,AYMARAES,SORAYA,PARTIDO APRISTA PERUANO,104
030211,APURIMAC,AYMARAES,SORAYA,PODER POPULAR ANDINO,82
030212,APURIMAC,AYMARAES,TAPAIRIHUA,ALIANZA PARA EL PROGRESO,100
030212,APURIMAC,AYMARAES,TAPAIRIHUA,FRENTE POPULAR LLAPANCHIK,172
030212,APURIMAC,AYMARAES,TAPAIRIHUA,MOVIMIENTO INDEPENDIENTE REGIONAL APURIMAC UNIDO,223
030212,APURIMAC,AYMARAES,TAPAIRIHUA,MOVIMIENTO POPULAR KALLPA,352
030212,APURIMAC,AYMARAES,TAPAIRIHUA,PARTIDO APRISTA PERUANO,7
030212,APURIMAC,AYMARAES,TAPAIRIHUA,PODER POPULAR ANDINO,202
030213,APURIMAC,AYMARAES,TINTAY,ALIANZA PARA EL PROGRESO,512
030213,APURIMAC,AYMARAES,TINTAY,FRENTE POPULAR LLAPANCHIK,15
030213,APURIMAC,AYMARAES,TINTAY,"MOVIMIENTO ETNOCACERISTA REGIONAL AMA SUA, AMA LLULLA, AMA QUELLA",25
030213,APURIMAC,AYMARAES,TINTAY,MOVIMIENTO INDEPENDIENTE REGIONAL APURIMAC UNIDO,91
030213,APURIMAC,AYMARAES,TINTAY,MOVIMIENTO MACROREGIONAL TODAS LAS SANGRES - APURIMAC,35
030213,APURIMAC,AYMARAES,TINTAY,MOVIMIENTO POPULAR KALLPA,471
030213,APURIMAC,AYMARAES,TINTAY,PARTIDO APRISTA PERUANO,193
030213,APURIMAC,AYMARAES,TINTAY,PERU POSIBLE,8
030213,APURIMAC,AYMARAES,TINTAY,PODER POPULAR ANDINO,451
030214,APURIMAC,AYMARAES,TORAYA,ALIANZA PARA EL PROGRESO,68
030214,APURIMAC,AYMARAES,TORAYA,FRENTE POPULAR LLAPANCHIK,119
030214,APURIMAC,AYMARAES,TORAYA,MOVIMIENTO INDEPENDIENTE REGIONAL APURIMAC UNIDO,149
030214,APURIMAC,AYMARAES,TORAYA,MOVIMIENTO POPULAR KALLPA,73
030214,APURIMAC,AYMARAES,TORAYA,PARTIDO APRISTA PERUANO,151
030214,APURIMAC,AYMARAES,TORAYA,PODER POPULAR ANDINO,66
030215,APURIMAC,AYMARAES,YANACA,FRENTE POPULAR LLAPANCHIK,49
030215,APURIMAC,AYMARAES,YANACA,FUERZA 2011,113
030215,APURIMAC,AYMARAES,YANACA,MOVIMIENTO INDEPENDIENTE REGIONAL APURIMAC UNIDO,14
030215,APURIMAC,AYMARAES,YANACA,MOVIMIENTO MACROREGIONAL TODAS LAS SANGRES - APURIMAC,80
030215,APURIMAC,AYMARAES,YANACA,MOVIMIENTO POPULAR KALLPA,83
030215,APURIMAC,AYMARAES,YANACA,PARTIDO APRISTA PERUANO,3
030215,APURIMAC,AYMARAES,YANACA,PODER POPULAR ANDINO,202
030216,APURIMAC,AYMARAES,SAN JUAN DE CHACÑA,ALIANZA PARA EL PROGRESO,63
030216,APURIMAC,AYMARAES,SAN JUAN DE CHACÑA,MOVIMIENTO DE INTEGRACION KECHWA APURIMAC,78
030216,APURIMAC,AYMARAES,SAN JUAN DE CHACÑA,MOVIMIENTO POPULAR KALLPA,142
030216,APURIMAC,AYMARAES,SAN JUAN DE CHACÑA,PARTIDO APRISTA PERUANO,118
030216,APURIMAC,AYMARAES,SAN JUAN DE CHACÑA,PODER POPULAR ANDINO,88
030217,APURIMAC,AYMARAES,JUSTO APU SAHUARAURA,ALIANZA PARA EL PROGRESO,77
030217,APURIMAC,AYMARAES,JUSTO APU SAHUARAURA,KAYPI PROGRESO,26
030217,APURIMAC,AYMARAES,JUSTO APU SAHUARAURA,MOVIMIENTO INDEPENDIENTE REGIONAL APURIMAC UNIDO,24
030217,APURIMAC,AYMARAES,JUSTO APU SAHUARAURA,MOVIMIENTO MACROREGIONAL TODAS LAS SANGRES - APURIMAC,78
030217,APURIMAC,AYMARAES,JUSTO APU SAHUARAURA,MOVIMIENTO POPULAR KALLPA,58
030217,APURIMAC,AYMARAES,JUSTO APU SAHUARAURA,PARTIDO APRISTA PERUANO,66
030217,APURIMAC,AYMARAES,JUSTO APU SAHUARAURA,PODER POPULAR ANDINO,70
030302,APURIMAC,ANDAHUAYLAS,ANDARAPA,FRENTE POPULAR LLAPANCHIK,23
030302,APURIMAC,ANDAHUAYLAS,ANDARAPA,KAYPI PROGRESO,579
030302,APURIMAC,ANDAHUAYLAS,ANDARAPA,MOVIMIENTO DE INTEGRACION KECHWA APURIMAC,899
030302,APURIMAC,ANDAHUAYLAS,ANDARAPA,"MOVIMIENTO ETNOCACERISTA REGIONAL AMA SUA, AMA LLULLA, AMA QUELLA",145
030302,APURIMAC,ANDAHUAYLAS,ANDARAPA,MOVIMIENTO MACROREGIONAL TODAS LAS SANGRES - APURIMAC,192
030302,APURIMAC,ANDAHUAYLAS,ANDARAPA,MOVIMIENTO POPULAR KALLPA,557
030302,APURIMAC,ANDAHUAYLAS,ANDARAPA,PARTIDO APRISTA PERUANO,244
030302,APURIMAC,ANDAHUAYLAS,ANDARAPA,PODER POPULAR ANDINO,243
030303,APURIMAC,ANDAHUAYLAS,CHIARA,KAYPI PROGRESO,13
030303,APURIMAC,ANDAHUAYLAS,CHIARA,MOVIMIENTO DE INTEGRACION KECHWA APURIMAC,177
030303,APURIMAC,ANDAHUAYLAS,CHIARA,MOVIMIENTO MACROREGIONAL TODAS LAS SANGRES - APURIMAC,33
030303,APURIMAC,ANDAHUAYLAS,CHIARA,MOVIMIENTO POPULAR KALLPA,187
030303,APURIMAC,ANDAHUAYLAS,CHIARA,PARTIDO APRISTA PERUANO,72
030303,APURIMAC,ANDAHUAYLAS,CHIARA,PODER POPULAR ANDINO,121
030304,APURIMAC,ANDAHUAYLAS,HUANCARAMA,ALIANZA PARA EL PROGRESO,345
030304,APURIMAC,ANDAHUAYLAS,HUANCARAMA,FRENTE POPULAR LLAPANCHIK,185
030304,APURIMAC,ANDAHUAYLAS,HUANCARAMA,FUERZA 2011,157
030304,APURIMAC,ANDAHUAYLAS,HUANCARAMA,KAYPI PROGRESO,25
030304,APURIMAC,ANDAHUAYLAS,HUANCARAMA,MOVIMIENTO DE INTEGRACION KECHWA APURIMAC,55
030304,APURIMAC,ANDAHUAYLAS,HUANCARAMA,"MOVIMIENTO ETNOCACERISTA REGIONAL AMA SUA, AMA LLULLA, AMA QUELLA",322
030304,APURIMAC,ANDAHUAYLAS,HUANCARAMA,MOVIMIENTO MACROREGIONAL TODAS LAS SANGRES - APURIMAC,119
030304,APURIMAC,ANDAHUAYLAS,HUANCARAMA,MOVIMIENTO NUEVA IZQUIERDA,139
030304,APURIMAC,ANDAHUAYLAS,HUANCARAMA,MOVIMIENTO POPULAR KALLPA,317
030304,APURIMAC,ANDAHUAYLAS,HUANCARAMA,NUEVA FUERZA REGIONAL ANDINA,55
030304,APURIMAC,ANDAHUAYLAS,HUANCARAMA,PARTIDO APRISTA PERUANO,56
030304,APURIMAC,ANDAHUAYLAS,HUANCARAMA,PODER POPULAR ANDINO,231
030304,APURIMAC,ANDAHUAYLAS,HUANCARAMA,UNION POR EL PERU,518
030305,APURIMAC,ANDAHUAYLAS,HUANCARAY,FRENTE POPULAR LLAPANCHIK,43
030305,APURIMAC,ANDAHUAYLAS,HUANCARAY,KAYPI PROGRESO,95
030305,APURIMAC,ANDAHUAYLAS,HUANCARAY,MOVIMIENTO DE INTEGRACION KECHWA APURIMAC,579
030305,APURIMAC,ANDAHUAYLAS,HUANCARAY,MOVIMIENTO MACROREGIONAL TODAS LAS SANGRES - APURIMAC,278
030305,APURIMAC,ANDAHUAYLAS,HUANCARAY,MOVIMIENTO POPULAR KALLPA,632
030305,APURIMAC,ANDAHUAYLAS,HUANCARAY,PARTIDO APRISTA PERUANO,175
030305,APURIMAC,ANDAHUAYLAS,HUANCARAY,PODER POPULAR ANDINO,38
030306,APURIMAC,ANDAHUAYLAS,KISHUARA,FRENTE POPULAR LLAPANCHIK,345
030306,APURIMAC,ANDAHUAYLAS,KISHUARA,KAYPI PROGRESO,27
030306,APURIMAC,ANDAHUAYLAS,KISHUARA,MOVIMIENTO DE INTEGRACION KECHWA APURIMAC,165
030306,APURIMAC,ANDAHUAYLAS,KISHUARA,MOVIMIENTO INDEPENDIENTE REGIONAL APURIMAC UNIDO,268
030306,APURIMAC,ANDAHUAYLAS,KISHUARA,MOVIMIENTO MACROREGIONAL TODAS LAS SANGRES - APURIMAC,19
030306,APURIMAC,ANDAHUAYLAS,KISHUARA,MOVIMIENTO POPULAR KALLPA,740
030306,APURIMAC,ANDAHUAYLAS,KISHUARA,PARTIDO APRISTA PERUANO,964
030306,APURIMAC,ANDAHUAYLAS,KISHUARA,PODER POPULAR ANDINO,574
030307,APURIMAC,ANDAHUAYLAS,PACOBAMBA,ALIANZA PARA EL PROGRESO,25
030307,APURIMAC,ANDAHUAYLAS,PACOBAMBA,FRENTE POPULAR LLAPANCHIK,326
030307,APURIMAC,ANDAHUAYLAS,PACOBAMBA,KAYPI PROGRESO,464
030307,APURIMAC,ANDAHUAYLAS,PACOBAMBA,MOVIMIENTO DE INTEGRACION KECHWA APURIMAC,792
030307,APURIMAC,ANDAHUAYLAS,PACOBAMBA,MOVIMIENTO MACROREGIONAL TODAS LAS SANGRES - APURIMAC,260
030307,APURIMAC,ANDAHUAYLAS,PACOBAMBA,MOVIMIENTO POPULAR KALLPA,213
030307,APURIMAC,ANDAHUAYLAS,PACOBAMBA,PARTIDO APRISTA PERUANO,42
030307,APURIMAC,ANDAHUAYLAS,PACOBAMBA,PODER POPULAR ANDINO,129
030308,APURIMAC,ANDAHUAYLAS,PAMPACHIRI,FRENTE POPULAR LLAPANCHIK,61
030308,APURIMAC,ANDAHUAYLAS,PAMPACHIRI,KAYPI PROGRESO,82
030308,APURIMAC,ANDAHUAYLAS,PAMPACHIRI,MOVIMIENTO DE INTEGRACION KECHWA APURIMAC,327
030308,APURIMAC,ANDAHUAYLAS,PAMPACHIRI,MOVIMIENTO MACROREGIONAL TODAS LAS SANGRES - APURIMAC,51
030308,APURIMAC,ANDAHUAYLAS,PAMPACHIRI,MOVIMIENTO POPULAR KALLPA,414
030308,APURIMAC,ANDAHUAYLAS,PAMPACHIRI,PARTIDO APRISTA PERUANO,21
030309,APURIMAC,ANDAHUAYLAS,SAN ANTONIO DE CACHI,FRENTE POPULAR LLAPANCHIK,13
030309,APURIMAC,ANDAHUAYLAS,SAN ANTONIO DE CACHI,MOVIMIENTO INDEPENDIENTE REGIONAL APURIMAC UNIDO,38
030309,APURIMAC,ANDAHUAYLAS,SAN ANTONIO DE CACHI,MOVIMIENTO MACROREGIONAL TODAS LAS SANGRES - APURIMAC,616
030309,APURIMAC,ANDAHUAYLAS,SAN ANTONIO DE CACHI,MOVIMIENTO POPULAR KALLPA,448
030309,APURIMAC,ANDAHUAYLAS,SAN ANTONIO DE CACHI,PARTIDO APRISTA PERUANO,211
030309,APURIMAC,ANDAHUAYLAS,SAN ANTONIO DE CACHI,PODER POPULAR ANDINO,46
030310,APURIMAC,ANDAHUAYLAS,SAN JERONIMO,FRENTE POPULAR LLAPANCHIK,1987
030310,APURIMAC,ANDAHUAYLAS,SAN JERONIMO,KAYPI PROGRESO,55
030310,APURIMAC,ANDAHUAYLAS,SAN JERONIMO,MOVIMIENTO DE INTEGRACION KECHWA APURIMAC,143
030310,APURIMAC,ANDAHUAYLAS,SAN JERONIMO,MOVIMIENTO INDEPENDIENTE REGIONAL APURIMAC UNIDO,2490
030310,APURIMAC,ANDAHUAYLAS,SAN JERONIMO,MOVIMIENTO MACROREGIONAL TODAS LAS SANGRES - APURIMAC,122
030310,APURIMAC,ANDAHUAYLAS,SAN JERONIMO,MOVIMIENTO POPULAR KALLPA,1800
030310,APURIMAC,ANDAHUAYLAS,SAN JERONIMO,PARTIDO APRISTA PERUANO,702
030310,APURIMAC,ANDAHUAYLAS,SAN JERONIMO,PODER POPULAR ANDINO,363
030311,APURIMAC,ANDAHUAYLAS,TALAVERA,ALIANZA PARA EL PROGRESO,96
030311,APURIMAC,ANDAHUAYLAS,TALAVERA,FRENTE POPULAR LLAPANCHIK,217
030311,APURIMAC,ANDAHUAYLAS,TALAVERA,KAYPI PROGRESO,203
030311,APURIMAC,ANDAHUAYLAS,TALAVERA,MOVIMIENTO DE INTEGRACION KECHWA APURIMAC,768
030311,APURIMAC,ANDAHUAYLAS,TALAVERA,"MOVIMIENTO ETNOCACERISTA REGIONAL AMA SUA, AMA LLULLA, AMA QUELLA",239
030311,APURIMAC,ANDAHUAYLAS,TALAVERA,MOVIMIENTO INDEPENDIENTE REGIONAL APURIMAC UNIDO,806
030311,APURIMAC,ANDAHUAYLAS,TALAVERA,MOVIMIENTO MACROREGIONAL TODAS LAS SANGRES - APURIMAC,314
030311,APURIMAC,ANDAHUAYLAS,TALAVERA,MOVIMIENTO POPULAR KALLPA,1511
030311,APURIMAC,ANDAHUAYLAS,TALAVERA,PARTIDO APRISTA PERUANO,867
030311,APURIMAC,ANDAHUAYLAS,TALAVERA,PODER POPULAR ANDINO,267
030311,APURIMAC,ANDAHUAYLAS,TALAVERA,UNION POR EL PERU,2270
030312,APURIMAC,ANDAHUAYLAS,TURPO,FRENTE POPULAR LLAPANCHIK,53
030312,APURIMAC,ANDAHUAYLAS,TURPO,MOVIMIENTO DE INTEGRACION KECHWA APURIMAC,505
030312,APURIMAC,ANDAHUAYLAS,TURPO,MOVIMIENTO MACROREGIONAL TODAS LAS SANGRES - APURIMAC,331
030312,APURIMAC,ANDAHUAYLAS,TURPO,MOVIMIENTO POPULAR KALLPA,500
030312,APURIMAC,ANDAHUAYLAS,TURPO,PARTIDO APRISTA PERUANO,312
030312,APURIMAC,ANDAHUAYLAS,TURPO,PODER POPULAR ANDINO,347
030313,APURIMAC,ANDAHUAYLAS,PACUCHA,FRENTE INDEPENDIENTE REVOLUCION CIUDADANA,300
030313,APURIMAC,ANDAHUAYLAS,PACUCHA,FRENTE POPULAR LLAPANCHIK,535
030313,APURIMAC,ANDAHUAYLAS,PACUCHA,KAYPI PROGRESO,122
030313,APURIMAC,ANDAHUAYLAS,PACUCHA,MOVIMIENTO DE INTEGRACION KECHWA APURIMAC,48
030313,APURIMAC,ANDAHUAYLAS,PACUCHA,"MOVIMIENTO ETNOCACERISTA REGIONAL AMA SUA, AMA LLULLA, AMA QUELLA",729
030313,APURIMAC,ANDAHUAYLAS,PACUCHA,MOVIMIENTO MACROREGIONAL TODAS LAS SANGRES - APURIMAC,230
030313,APURIMAC,ANDAHUAYLAS,PACUCHA,MOVIMIENTO POPULAR KALLPA,1267
030313,APURIMAC,ANDAHUAYLAS,PACUCHA,PARTIDO APRISTA PERUANO,400
030313,APURIMAC,ANDAHUAYLAS,PACUCHA,PODER POPULAR ANDINO,577
030314,APURIMAC,ANDAHUAYLAS,POMACOCHA,FRENTE POPULAR LLAPANCHIK,145
030314,APURIMAC,ANDAHUAYLAS,POMACOCHA,MOVIMIENTO DE INTEGRACION KECHWA APURIMAC,27
030314,APURIMAC,ANDAHUAYLAS,POMACOCHA,MOVIMIENTO MACROREGIONAL TODAS LAS SANGRES - APURIMAC,16
030314,APURIMAC,ANDAHUAYLAS,POMACOCHA,MOVIMIENTO POPULAR KALLPA,251
030314,APURIMAC,ANDAHUAYLAS,POMACOCHA,PARTIDO APRISTA PERUANO,5
030315,APURIMAC,ANDAHUAYLAS,SANTA MARIA DE CHICMO,FRENTE POPULAR LLAPANCHIK,527
030315,APURIMAC,ANDAHUAYLAS,SANTA MARIA DE CHICMO,KAYPI PROGRESO,273
030315,APURIMAC,ANDAHUAYLAS,SANTA MARIA DE CHICMO,MOVIMIENTO DE INTEGRACION KECHWA APURIMAC,410
030315,APURIMAC,ANDAHUAYLAS,SANTA MARIA DE CHICMO,"MOVIMIENTO ETNOCACERISTA REGIONAL AMA SUA, AMA LLULLA, AMA QUELLA",39
030315,APURIMAC,ANDAHUAYLAS,SANTA MARIA DE CHICMO,MOVIMIENTO INDEPENDIENTE REGIONAL APURIMAC UNIDO,359
030315,APURIMAC,ANDAHUAYLAS,SANTA MARIA DE CHICMO,MOVIMIENTO MACROREGIONAL TODAS LAS SANGRES - APURIMAC,90
030315,APURIMAC,ANDAHUAYLAS,SANTA MARIA DE CHICMO,MOVIMIENTO POPULAR KALLPA,806
030315,APURIMAC,ANDAHUAYLAS,SANTA MARIA DE CHICMO,NUEVA FUERZA REGIONAL ANDINA,320
030315,APURIMAC,ANDAHUAYLAS,SANTA MARIA DE CHICMO,PARTIDO APRISTA PERUANO,397
030315,APURIMAC,ANDAHUAYLAS,SANTA MARIA DE CHICMO,PODER POPULAR ANDINO,418
030316,APURIMAC,ANDAHUAYLAS,TUMAY HUARACA,FRENTE POPULAR LLAPANCHIK,17
030316,APURIMAC,ANDAHUAYLAS,TUMAY HUARACA,KAYPI PROGRESO,172
030316,APURIMAC,ANDAHUAYLAS,TUMAY HUARACA,MOVIMIENTO DE INTEGRACION KECHWA APURIMAC,46
030316,APURIMAC,ANDAHUAYLAS,TUMAY HUARACA,MOVIMIENTO MACROREGIONAL TODAS LAS SANGRES - APURIMAC,28
030316,APURIMAC,ANDAHUAYLAS,TUMAY HUARACA,MOVIMIENTO POPULAR KALLPA,333
030316,APURIMAC,ANDAHUAYLAS,TUMAY HUARACA,PARTIDO APRISTA PERUANO,151
030316,APURIMAC,ANDAHUAYLAS,TUMAY HUARACA,PODER POPULAR ANDINO,126
030317,APURIMAC,ANDAHUAYLAS,HUAYANA,FRENTE POPULAR LLAPANCHIK,41
030317,APURIMAC,ANDAHUAYLAS,HUAYANA,MOVIMIENTO DE INTEGRACION KECHWA APURIMAC,234
030317,APURIMAC,ANDAHUAYLAS,HUAYANA,MOVIMIENTO POPULAR KALLPA,229
030318,APURIMAC,ANDAHUAYLAS,SAN MIGUEL DE CHACCRAMPA,FRENTE POPULAR LLAPANCHIK,218
030318,APURIMAC,ANDAHUAYLAS,SAN MIGUEL DE CHACCRAMPA,KAYPI PROGRESO,43
030318,APURIMAC,ANDAHUAYLAS,SAN MIGUEL DE CHACCRAMPA,MOVIMIENTO DE INTEGRACION KECHWA APURIMAC,159
030318,APURIMAC,ANDAHUAYLAS,SAN MIGUEL DE CHACCRAMPA,MOVIMIENTO MACROREGIONAL TODAS LAS SANGRES - APURIMAC,43
030318,APURIMAC,ANDAHUAYLAS,SAN MIGUEL DE CHACCRAMPA,MOVIMIENTO POPULAR KALLPA,154
030318,APURIMAC,ANDAHUAYLAS,SAN MIGUEL DE CHACCRAMPA,PARTIDO APRISTA PERUANO,95
030318,APURIMAC,ANDAHUAYLAS,SAN MIGUEL DE CHACCRAMPA,PODER POPULAR ANDINO,110
030319,APURIMAC,ANDAHUAYLAS,KAQUIABAMBA,FRENTE POPULAR LLAPANCHIK,444
030319,APURIMAC,ANDAHUAYLAS,KAQUIABAMBA,KAYPI PROGRESO,1
030319,APURIMAC,ANDAHUAYLAS,KAQUIABAMBA,MOVIMIENTO MACROREGIONAL TODAS LAS SANGRES - APURIMAC,272
030319,APURIMAC,ANDAHUAYLAS,KAQUIABAMBA,MOVIMIENTO POPULAR KALLPA,347
030319,APURIMAC,ANDAHUAYLAS,KAQUIABAMBA,PARTIDO APRISTA PERUANO,153
030402,APURIMAC,ANTABAMBA,EL ORO,ALIANZA PARA EL PROGRESO,100
030402,APURIMAC,ANTABAMBA,EL ORO,FRENTE POPULAR LLAPANCHIK,55
030402,APURIMAC,ANTABAMBA,EL ORO,MOVIMIENTO POPULAR KALLPA,64
030402,APURIMAC,ANTABAMBA,EL ORO,PARTIDO APRISTA PERUANO,40
030402,APURIMAC,ANTABAMBA,EL ORO,PODER POPULAR ANDINO,137
030403,APURIMAC,ANTABAMBA,HUAQUIRCA,FRENTE POPULAR LLAPANCHIK,15
030403,APURIMAC,ANTABAMBA,HUAQUIRCA,MOVIMIENTO NUEVA IZQUIERDA,60
030403,APURIMAC,ANTABAMBA,HUAQUIRCA,MOVIMIENTO POPULAR KALLPA,268
030403,APURIMAC,ANTABAMBA,HUAQUIRCA,PARTIDO APRISTA PERUANO,125
030403,APURIMAC,ANTABAMBA,HUAQUIRCA,PODER POPULAR ANDINO,34
030404,APURIMAC,ANTABAMBA,JUAN ESPINOZA MEDRANO,ALIANZA PARA EL PROGRESO,19
030404,APURIMAC,ANTABAMBA,JUAN ESPINOZA MEDRANO,FRENTE POPULAR LLAPANCHIK,236
030404,APURIMAC,ANTABAMBA,JUAN ESPINOZA MEDRANO,MOVIMIENTO DE INTEGRACION KECHWA APURIMAC,124
030404,APURIMAC,ANTABAMBA,JUAN ESPINOZA MEDRANO,MOVIMIENTO NUEVA IZQUIERDA,135
030404,APURIMAC,ANTABAMBA,JUAN ESPINOZA MEDRANO,MOVIMIENTO POPULAR KALLPA,254
030404,APURIMAC,ANTABAMBA,JUAN ESPINOZA MEDRANO,PARTIDO APRISTA PERUANO,118
030404,APURIMAC,ANTABAMBA,JUAN ESPINOZA MEDRANO,PODER POPULAR ANDINO,65
030405,APURIMAC,ANTABAMBA,OROPESA,ALIANZA PARA EL PROGRESO,100
030405,APURIMAC,ANTABAMBA,OROPESA,FRENTE POPULAR LLAPANCHIK,186
030405,APURIMAC,ANTABAMBA,OROPESA,MOVIMIENTO MACROREGIONAL TODAS LAS SANGRES - APURIMAC,82
030405,APURIMAC,ANTABAMBA,OROPESA,MOVIMIENTO POPULAR KALLPA,269
030405,APURIMAC,ANTABAMBA,OROPESA,PARTIDO APRISTA PERUANO,22
030405,APURIMAC,ANTABAMBA,OROPESA,PODER POPULAR ANDINO,201
030406,APURIMAC,ANTABAMBA,PACHACONAS,ALIANZA PARA EL PROGRESO,85
030406,APURIMAC,ANTABAMBA,PACHACONAS,MOVIMIENTO MACROREGIONAL TODAS LAS SANGRES - APURIMAC,93
030406,APURIMAC,ANTABAMBA,PACHACONAS,MOVIMIENTO NUEVA IZQUIERDA,22
030406,APURIMAC,ANTABAMBA,PACHACONAS,MOVIMIENTO POPULAR KALLPA,131
030406,APURIMAC,ANTABAMBA,PACHACONAS,PARTIDO APRISTA PERUANO,92
030406,APURIMAC,ANTABAMBA,PACHACONAS,PODER POPULAR ANDINO,46
030407,APURIMAC,ANTABAMBA,SABAINO,ALIANZA PARA EL PROGRESO,50
030407,APURIMAC,ANTABAMBA,SABAINO,FRENTE POPULAR LLAPANCHIK,74
030407,APURIMAC,ANTABAMBA,SABAINO,KAYPI PROGRESO,36
030407,APURIMAC,ANTABAMBA,SABAINO,MOVIMIENTO NUEVA IZQUIERDA,16
030407,APURIMAC,ANTABAMBA,SABAINO,MOVIMIENTO POPULAR KALLPA,45
030407,APURIMAC,ANTABAMBA,SABAINO,PARTIDO APRISTA PERUANO,282
030407,APURIMAC,ANTABAMBA,SABAINO,PODER POPULAR ANDINO,137
030502,APURIMAC,COTABAMBAS,COYLLURQUI,ALIANZA PARA EL PROGRESO,15
030502,APURIMAC,COTABAMBAS,COYLLURQUI,MOVIMIENTO NUEVA IZQUIERDA,834
030502,APURIMAC,COTABAMBAS,COYLLURQUI,MOVIMIENTO POPULAR KALLPA,1185
030502,APURIMAC,COTABAMBAS,COYLLURQUI,PODER POPULAR ANDINO,282
030503,APURIMAC,COTABAMBAS,COTABAMBAS,ACCION POPULAR,394
030503,APURIMAC,COTABAMBAS,COTABAMBAS,ALIANZA PARA EL PROGRESO,42
030503,APURIMAC,COTABAMBAS,COTABAMBAS,FRENTE POPULAR LLAPANCHIK,57
030503,APURIMAC,COTABAMBAS,COTABAMBAS,MOVIMIENTO DE INTEGRACION KECHWA APURIMAC,173
030503,APURIMAC,COTABAMBAS,COTABAMBAS,MOVIMIENTO NUEVA IZQUIERDA,28
030503,APURIMAC,COTABAMBAS,COTABAMBAS,MOVIMIENTO POPULAR KALLPA,233
030503,APURIMAC,COTABAMBAS,COTABAMBAS,NUEVA FUERZA REGIONAL ANDINA,95
030503,APURIMAC,COTABAMBAS,COTABAMBAS,PARTIDO APRISTA PERUANO,28
030503,APURIMAC,COTABAMBAS,COTABAMBAS,PODER POPULAR ANDINO,283
030503,APURIMAC,COTABAMBAS,COTABAMBAS,UNION POR EL PERU,290
030504,APURIMAC,COTABAMBAS,HAQUIRA,ALIANZA PARA EL PROGRESO,131
030504,APURIMAC,COTABAMBAS,HAQUIRA,FRENTE POPULAR LLAPANCHIK,338
030504,APURIMAC,COTABAMBAS,HAQUIRA,MOVIMIENTO DE INTEGRACION KECHWA APURIMAC,88
030504,APURIMAC,COTABAMBAS,HAQUIRA,"MOVIMIENTO ETNOCACERISTA REGIONAL AMA SUA, AMA LLULLA, AMA QUELLA",353
030504,APURIMAC,COTABAMBAS,HAQUIRA,MOVIMIENTO MACROREGIONAL TODAS LAS SANGRES - APURIMAC,786
030504,APURIMAC,COTABAMBAS,HAQUIRA,MOVIMIENTO NUEVA IZQUIERDA,249
030504,APURIMAC,COTABAMBAS,HAQUIRA,MOVIMIENTO POPULAR KALLPA,425
030504,APURIMAC,COTABAMBAS,HAQUIRA,NUEVA FUERZA REGIONAL ANDINA,232
030504,APURIMAC,COTABAMBAS,HAQUIRA,PARTIDO APRISTA PERUANO,34
030504,APURIMAC,COTABAMBAS,HAQUIRA,PODER POPULAR ANDINO,258
030505,APURIMAC,COTABAMBAS,MARA,FRENTE POPULAR LLAPANCHIK,390
030505,APURIMAC,COTABAMBAS,MARA,MOVIMIENTO DE INTEGRACION KECHWA APURIMAC,30
030505,APURIMAC,COTABAMBAS,MARA,MOVIMIENTO NUEVA IZQUIERDA,190
030505,APURIMAC,COTABAMBAS,MARA,MOVIMIENTO POPULAR KALLPA,550
030505,APURIMAC,COTABAMBAS,MARA,PARTIDO APRISTA PERUANO,24
030505,APURIMAC,COTABAMBAS,MARA,PODER POPULAR ANDINO,692
030506,APURIMAC,COTABAMBAS,CHALLHUAHUACHO,ALIANZA PARA EL PROGRESO,37
030506,APURIMAC,COTABAMBAS,CHALLHUAHUACHO,FRENTE POPULAR LLAPANCHIK,50
030506,APURIMAC,COTABAMBAS,CHALLHUAHUACHO,MOVIMIENTO NUEVA IZQUIERDA,363
030506,APURIMAC,COTABAMBAS,CHALLHUAHUACHO,MOVIMIENTO POPULAR KALLPA,555
030506,APURIMAC,COTABAMBAS,CHALLHUAHUACHO,PARTIDO APRISTA PERUANO,27
030506,APURIMAC,COTABAMBAS,CHALLHUAHUACHO,PODER POPULAR ANDINO,1413
030602,APURIMAC,GRAU,CURPAHUASI,ALIANZA PARA EL PROGRESO,134
030602,APURIMAC,GRAU,CURPAHUASI,FRENTE POPULAR LLAPANCHIK,107
030602,APURIMAC,GRAU,CURPAHUASI,"MOVIMIENTO ETNOCACERISTA REGIONAL AMA SUA, AMA LLULLA, AMA QUELLA",63
030602,APURIMAC,GRAU,CURPAHUASI,MOVIMIENTO INDEPENDIENTE REGIONAL APURIMAC UNIDO,110
030602,APURIMAC,GRAU,CURPAHUASI,MOVIMIENTO MACROREGIONAL TODAS LAS SANGRES - APURIMAC,53
030602,APURIMAC,GRAU,CURPAHUASI,MOVIMIENTO POPULAR KALLPA,153
030602,APURIMAC,GRAU,CURPAHUASI,PARTIDO APRISTA PERUANO,46
030602,APURIMAC,GRAU,CURPAHUASI,PODER POPULAR ANDINO,293
030603,APURIMAC,GRAU,HUAYLLATI,ALIANZA PARA EL PROGRESO,192
030603,APURIMAC,GRAU,HUAYLLATI,FRENTE POPULAR LLAPANCHIK,140
030603,APURIMAC,GRAU,HUAYLLATI,MOVIMIENTO POPULAR KALLPA,161
030603,APURIMAC,GRAU,HUAYLLATI,PARTIDO APRISTA PERUANO,29
030603,APURIMAC,GRAU,HUAYLLATI,PODER POPULAR ANDINO,176
030604,APURIMAC,GRAU,MAMARA,ALIANZA PARA EL PROGRESO,140
030604,APURIMAC,GRAU,MAMARA,FRENTE POPULAR LLAPANCHIK,17
030604,APURIMAC,GRAU,MAMARA,MOVIMIENTO POPULAR KALLPA,127
030604,APURIMAC,GRAU,MAMARA,PARTIDO APRISTA PERUANO,87
030604,APURIMAC,GRAU,MAMARA,PODER POPULAR ANDINO,56
030605,APURIMAC,GRAU,MARISCAL GAMARRA,ACCION POPULAR,55
030605,APURIMAC,GRAU,MARISCAL GAMARRA,ALIANZA PARA EL PROGRESO,463
030605,APURIMAC,GRAU,MARISCAL GAMARRA,FRENTE POPULAR LLAPANCHIK,111
030605,APURIMAC,GRAU,MARISCAL GAMARRA,MOVIMIENTO MACROREGIONAL TODAS LAS SANGRES - APURIMAC,111
030605,APURIMAC,GRAU,MARISCAL GAMARRA,MOVIMIENTO NUEVA IZQUIERDA,22
030605,APURIMAC,GRAU,MARISCAL GAMARRA,MOVIMIENTO POPULAR KALLPA,368
030605,APURIMAC,GRAU,MARISCAL GAMARRA,PARTIDO APRISTA PERUANO,89
030605,APURIMAC,GRAU,MARISCAL GAMARRA,PODER POPULAR ANDINO,475
030606,APURIMAC,GRAU,MICAELA BASTIDAS,ALIANZA PARA EL PROGRESO,37
030606,APURIMAC,GRAU,MICAELA BASTIDAS,MOVIMIENTO MACROREGIONAL TODAS LAS SANGRES - APURIMAC,36
030606,APURIMAC,GRAU,MICAELA BASTIDAS,MOVIMIENTO POPULAR KALLPA,124
030606,APURIMAC,GRAU,MICAELA BASTIDAS,PODER POPULAR ANDINO,243
030607,APURIMAC,GRAU,PROGRESO,ALIANZA PARA EL PROGRESO,301
030607,APURIMAC,GRAU,PROGRESO,FRENTE POPULAR LLAPANCHIK,304
030607,APURIMAC,GRAU,PROGRESO,"MOVIMIENTO ETNOCACERISTA REGIONAL AMA SUA, AMA LLULLA, AMA QUELLA",107
030607,APURIMAC,GRAU,PROGRESO,MOVIMIENTO POPULAR KALLPA,162
030607,APURIMAC,GRAU,PROGRESO,PARTIDO APRISTA PERUANO,54
030607,APURIMAC,GRAU,PROGRESO,PODER POPULAR ANDINO,195
030608,APURIMAC,GRAU,PATAYPAMPA,ALIANZA PARA EL PROGRESO,38
030608,APURIMAC,GRAU,PATAYPAMPA,FRENTE POPULAR LLAPANCHIK,130
030608,APURIMAC,GRAU,PATAYPAMPA,MOVIMIENTO POPULAR KALLPA,108
030608,APURIMAC,GRAU,PATAYPAMPA,PARTIDO APRISTA PERUANO,71
030608,APURIMAC,GRAU,PATAYPAMPA,PODER POPULAR ANDINO,140
030609,APURIMAC,GRAU,SAN ANTONIO,ALIANZA PARA EL PROGRESO,140
030609,APURIMAC,GRAU,SAN ANTONIO,FRENTE POPULAR LLAPANCHIK,13
030609,APURIMAC,GRAU,SAN ANTONIO,MOVIMIENTO POPULAR KALLPA,44
030609,APURIMAC,GRAU,SAN ANTONIO,PARTIDO APRISTA PERUANO,5
030609,APURIMAC,GRAU,SAN ANTONIO,PODER POPULAR ANDINO,21
030610,APURIMAC,GRAU,TURPAY,ALIANZA PARA EL PROGRESO,57
030610,APURIMAC,GRAU,TURPAY,FRENTE POPULAR LLAPANCHIK,94
030610,APURIMAC,GRAU,TURPAY,MOVIMIENTO POPULAR KALLPA,97
030610,APURIMAC,GRAU,TURPAY,PARTIDO APRISTA PERUANO,6
030610,APURIMAC,GRAU,TURPAY,PODER POPULAR ANDINO,94
030611,APURIMAC,GRAU,VILCABAMBA,FRENTE POPULAR LLAPANCHIK,41
030611,APURIMAC,GRAU,VILCABAMBA,MOVIMIENTO POPULAR KALLPA,199
030611,APURIMAC,GRAU,VILCABAMBA,PARTIDO APRISTA PERUANO,9
030611,APURIMAC,GRAU,VILCABAMBA,PODER POPULAR ANDINO,187
030612,APURIMAC,GRAU,VIRUNDO,ALIANZA PARA EL PROGRESO,127
030612,APURIMAC,GRAU,VIRUNDO,FRENTE POPULAR LLAPANCHIK,105
030612,APURIMAC,GRAU,VIRUNDO,MOVIMIENTO POPULAR KALLPA,100
030612,APURIMAC,GRAU,VIRUNDO,PARTIDO APRISTA PERUANO,36
030612,APURIMAC,GRAU,VIRUNDO,PODER POPULAR ANDINO,58
030613,APURIMAC,GRAU,SANTA ROSA,ALIANZA PARA EL PROGRESO,145
030613,APURIMAC,GRAU,SANTA ROSA,FRENTE POPULAR LLAPANCHIK,15
030613,APURIMAC,GRAU,SANTA ROSA,MOVIMIENTO POPULAR KALLPA,29
030613,APURIMAC,GRAU,SANTA ROSA,PARTIDO APRISTA PERUANO,87
030613,APURIMAC,GRAU,SANTA ROSA,PODER POPULAR ANDINO,153
030614,APURIMAC,GRAU,CURASCO,ALIANZA PARA EL PROGRESO,27
030614,APURIMAC,GRAU,CURASCO,FRENTE POPULAR LLAPANCHIK,95
030614,APURIMAC,GRAU,CURASCO,MOVIMIENTO POPULAR KALLPA,174
030614,APURIMAC,GRAU,CURASCO,PARTIDO APRISTA PERUANO,64
030614,APURIMAC,GRAU,CURASCO,PODER POPULAR ANDINO,94
030614,APURIMAC,GRAU,CURASCO,UNION POR EL PERU,49
030702,APURIMAC,CHINCHEROS,ONGOY,ALIANZA PARA EL PROGRESO,105
030702,APURIMAC,CHINCHEROS,ONGOY,FRENTE POPULAR LLAPANCHIK,483
030702,APURIMAC,CHINCHEROS,ONGOY,MOVIMIENTO DE INTEGRACION KECHWA APURIMAC,419
030702,APURIMAC,CHINCHEROS,ONGOY,"MOVIMIENTO ETNOCACERISTA REGIONAL AMA SUA, AMA LLULLA, AMA QUELLA",18
030702,APURIMAC,CHINCHEROS,ONGOY,MOVIMIENTO MACROREGIONAL TODAS LAS SANGRES - APURIMAC,210
030702,APURIMAC,CHINCHEROS,ONGOY,MOVIMIENTO POPULAR KALLPA,710
030702,APURIMAC,CHINCHEROS,ONGOY,PARTIDO APRISTA PERUANO,715
030702,APURIMAC,CHINCHEROS,ONGOY,PODER POPULAR ANDINO,352
030703,APURIMAC,CHINCHEROS,OCOBAMBA,ALIANZA PARA EL PROGRESO,186
030703,APURIMAC,CHINCHEROS,OCOBAMBA,FRENTE POPULAR LLAPANCHIK,1205
030703,APURIMAC,CHINCHEROS,OCOBAMBA,MOVIMIENTO DE INTEGRACION KECHWA APURIMAC,107
030703,APURIMAC,CHINCHEROS,OCOBAMBA,"MOVIMIENTO ETNOCACERISTA REGIONAL AMA SUA, AMA LLULLA, AMA QUELLA",19
030703,APURIMAC,CHINCHEROS,OCOBAMBA,MOVIMIENTO MACROREGIONAL TODAS LAS SANGRES - APURIMAC,61
030703,APURIMAC,CHINCHEROS,OCOBAMBA,MOVIMIENTO POPULAR KALLPA,666
030703,APURIMAC,CHINCHEROS,OCOBAMBA,PARTIDO APRISTA PERUANO,26
030703,APURIMAC,CHINCHEROS,OCOBAMBA,PODER POPULAR ANDINO,324
030704,APURIMAC,CHINCHEROS,COCHARCAS,ALIANZA PARA EL PROGRESO,13
030704,APURIMAC,CHINCHEROS,COCHARCAS,FRENTE POPULAR LLAPANCHIK,300
030704,APURIMAC,CHINCHEROS,COCHARCAS,MOVIMIENTO MACROREGIONAL TODAS LAS SANGRES - APURIMAC,4
030704,APURIMAC,CHINCHEROS,COCHARCAS,MOVIMIENTO POPULAR KALLPA,352
030704,APURIMAC,CHINCHEROS,COCHARCAS,PARTIDO APRISTA PERUANO,10
030704,APURIMAC,CHINCHEROS,COCHARCAS,PODER POPULAR ANDINO,250
030705,APURIMAC,CHINCHEROS,ANCO-HUALLO,ALIANZA PARA EL PROGRESO,144
030705,APURIMAC,CHINCHEROS,ANCO-HUALLO,FRENTE POPULAR LLAPANCHIK,927
030705,APURIMAC,CHINCHEROS,ANCO-HUALLO,MOVIMIENTO DE INTEGRACION KECHWA APURIMAC,169
030705,APURIMAC,CHINCHEROS,ANCO-HUALLO,MOVIMIENTO POPULAR KALLPA,258
030705,APURIMAC,CHINCHEROS,ANCO-HUALLO,PARTIDO APRISTA PERUANO,1670
030705,APURIMAC,CHINCHEROS,ANCO-HUALLO,PODER POPULAR ANDINO,828
030706,APURIMAC,CHINCHEROS,HUACCANA,ALIANZA PARA EL PROGRESO,307
030706,APURIMAC,CHINCHEROS,HUACCANA,FRENTE POPULAR LLAPANCHIK,145
030706,APURIMAC,CHINCHEROS,HUACCANA,MOVIMIENTO DE INTEGRACION KECHWA APURIMAC,389
030706,APURIMAC,CHINCHEROS,HUACCANA,"MOVIMIENTO ETNOCACERISTA REGIONAL AMA SUA, AMA LLULLA, AMA QUELLA",46
030706,APURIMAC,CHINCHEROS,HUACCANA,MOVIMIENTO MACROREGIONAL TODAS LAS SANGRES - APURIMAC,608
030706,APURIMAC,CHINCHEROS,HUACCANA,MOVIMIENTO POPULAR KALLPA,1347
030706,APURIMAC,CHINCHEROS,HUACCANA,PARTIDO APRISTA PERUANO,268
030706,APURIMAC,CHINCHEROS,HUACCANA,PODER POPULAR ANDINO,72
030707,APURIMAC,CHINCHEROS,URANMARCA,ALIANZA PARA EL PROGRESO,167
030707,APURIMAC,CHINCHEROS,URANMARCA,FRENTE POPULAR LLAPANCHIK,384
030707,APURIMAC,CHINCHEROS,URANMARCA,MOVIMIENTO DE INTEGRACION KECHWA APURIMAC,16
030707,APURIMAC,CHINCHEROS,URANMARCA,"MOVIMIENTO ETNOCACERISTA REGIONAL AMA SUA, AMA LLULLA, AMA QUELLA",4
030707,APURIMAC,CHINCHEROS,URANMARCA,MOVIMIENTO MACROREGIONAL TODAS LAS SANGRES - APURIMAC,1
030707,APURIMAC,CHINCHEROS,URANMARCA,MOVIMIENTO POPULAR KALLPA,180
030707,APURIMAC,CHINCHEROS,URANMARCA,PARTIDO APRISTA PERUANO,84
030707,APURIMAC,CHINCHEROS,URANMARCA,PODER POPULAR ANDINO,387
030708,APURIMAC,CHINCHEROS,RANRACANCHA,ALIANZA PARA EL PROGRESO,130
030708,APURIMAC,CHINCHEROS,RANRACANCHA,FRENTE POPULAR LLAPANCHIK,438
030708,APURIMAC,CHINCHEROS,RANRACANCHA,"MOVIMIENTO ETNOCACERISTA REGIONAL AMA SUA, AMA LLULLA, AMA QUELLA",27
030708,APURIMAC,CHINCHEROS,RANRACANCHA,MOVIMIENTO NUEVA IZQUIERDA,362
030708,APURIMAC,CHINCHEROS,RANRACANCHA,MOVIMIENTO POPULAR KALLPA,265
030708,APURIMAC,CHINCHEROS,RANRACANCHA,PARTIDO APRISTA PERUANO,335
030708,APURIMAC,CHINCHEROS,RANRACANCHA,PERU POSIBLE,43
030708,APURIMAC,CHINCHEROS,RANRACANCHA,PODER POPULAR ANDINO,23
040102,AREQUIPA,AREQUIPA,CAYMA,AGRUPACION INDEPENDIENTE SI CUMPLE,809
040102,AREQUIPA,AREQUIPA,CAYMA,AREQUIPA PRIMERO,1479
040102,AREQUIPA,AREQUIPA,CAYMA,AREQUIPA RENACE,15977
040102,AREQUIPA,AREQUIPA,CAYMA,DECIDE,2455
040102,AREQUIPA,AREQUIPA,CAYMA,FRENTE DE MOVILIZACION SOCIAL,461
040102,AREQUIPA,AREQUIPA,CAYMA,INTEGRACION CAYMA,6072
040102,AREQUIPA,AREQUIPA,CAYMA,JUNTOS POR CAYMA,4415
040102,AREQUIPA,AREQUIPA,CAYMA,JUNTOS POR EL SUR,1380
040102,AREQUIPA,AREQUIPA,CAYMA,MOVIMIENTO ETNOCACERISTA AREQUIPA,628
040102,AREQUIPA,AREQUIPA,CAYMA,ORGANIZACION VECINAL HECHOS Y NO PALABRAS,6693
040102,AREQUIPA,AREQUIPA,CAYMA,PARTIDO APRISTA PERUANO,722
040103,AREQUIPA,AREQUIPA,CERRO COLORADO,AGRUPACION INDEPENDIENTE SI CUMPLE,414
040103,AREQUIPA,AREQUIPA,CERRO COLORADO,ALIANZA PARA EL PROGRESO,471
040103,AREQUIPA,AREQUIPA,CERRO COLORADO,AREQUIPA AVANCEMOS,9527
040103,AREQUIPA,AREQUIPA,CERRO COLORADO,AREQUIPA RENACE,14835
040103,AREQUIPA,AREQUIPA,CERRO COLORADO,DECIDE,2823
040103,AREQUIPA,AREQUIPA,CERRO COLORADO,FONAVISTAS DEL PERU,1262
040103,AREQUIPA,AREQUIPA,CERRO COLORADO,JUNTOS POR EL DESARROLLO DE CERRO COLORADO,1372
040103,AREQUIPA,AREQUIPA,CERRO COLORADO,PARTIDO DEMOCRATICO SOMOS PERU,674
040103,AREQUIPA,AREQUIPA,CERRO COLORADO,PERU POSIBLE,637
040103,AREQUIPA,AREQUIPA,CERRO COLORADO,RESTAURACION NACIONAL,1271
040103,AREQUIPA,AREQUIPA,CERRO COLORADO,SE DEMOSTRO CON OBRAS,24246
040104,AREQUIPA,AREQUIPA,CHARACATO,ALIANZA PARA EL PROGRESO,140
040104,AREQUIPA,AREQUIPA,CHARACATO,ALIANZA POR AREQUIPA,164
040104,AREQUIPA,AREQUIPA,CHARACATO,AREQUIPA RENACE,801
040104,AREQUIPA,AREQUIPA,CHARACATO,CHARACATO AL PROGRESO Y DESARROLLO,326
040104,AREQUIPA,AREQUIPA,CHARACATO,CHARACATO TRABAJO Y CORAJE,524
040104,AREQUIPA,AREQUIPA,CHARACATO,DECIDE,479
040104,AREQUIPA,AREQUIPA,CHARACATO,FUERZA AREQUIPEÑA,488
040104,AREQUIPA,AREQUIPA,CHARACATO,PARTIDO APRISTA PERUANO,181
040104,AREQUIPA,AREQUIPA,CHARACATO,UNIDOS POR CHARACATO,292
040105,AREQUIPA,AREQUIPA,CHIGUATA,ACCION POPULAR,46
040105,AREQUIPA,AREQUIPA,CHIGUATA,AREQUIPA AVANCEMOS,617
040105,AREQUIPA,AREQUIPA,CHIGUATA,AREQUIPA RENACE,382
040105,AREQUIPA,AREQUIPA,CHIGUATA,DECIDE,168
040105,AREQUIPA,AREQUIPA,CHIGUATA,PERU POSIBLE,34
040105,AREQUIPA,AREQUIPA,CHIGUATA,RESTAURACION NACIONAL,276
040106,AREQUIPA,AREQUIPA,LA JOYA,ALIANZA PARA EL PROGRESO,76
040106,AREQUIPA,AREQUIPA,LA JOYA,ALIANZA POR AREQUIPA,1288
040106,AREQUIPA,AREQUIPA,LA JOYA,AREQUIPA RENACE,3069
040106,AREQUIPA,AREQUIPA,LA JOYA,DECIDE,560
040106,AREQUIPA,AREQUIPA,LA JOYA,FRENTE DE MOVILIZACION SOCIAL,342
040106,AREQUIPA,AREQUIPA,LA JOYA,FUERZA AREQUIPEÑA,2327
040106,AREQUIPA,AREQUIPA,LA JOYA,JUNTOS POR EL SUR,216
040106,AREQUIPA,AREQUIPA,LA JOYA,MOVIMIENTO ETNOCACERISTA AREQUIPA,296
040106,AREQUIPA,AREQUIPA,LA JOYA,MOVIMIENTO NUEVA IZQUIERDA,532
040106,AREQUIPA,AREQUIPA,LA JOYA,PARTIDO APRISTA PERUANO,181
040106,AREQUIPA,AREQUIPA,LA JOYA,RESTAURACION NACIONAL,1530
040107,AREQUIPA,AREQUIPA,MIRAFLORES,ALIANZA PARA EL PROGRESO,774
040107,AREQUIPA,AREQUIPA,MIRAFLORES,ALIANZA POR AREQUIPA,1360
040107,AREQUIPA,AREQUIPA,MIRAFLORES,AREQUIPA RENACE,3539
040107,AREQUIPA,AREQUIPA,MIRAFLORES,DECIDE,682
040107,AREQUIPA,AREQUIPA,MIRAFLORES,FRENTE DE MOVILIZACION SOCIAL,341
040107,AREQUIPA,AREQUIPA,MIRAFLORES,FUERZA AREQUIPEÑA,13966
040107,AREQUIPA,AREQUIPA,MIRAFLORES,JUNTOS POR EL SUR,1725
040107,AREQUIPA,AREQUIPA,MIRAFLORES,PARTIDO APRISTA PERUANO,7858
040107,AREQUIPA,AREQUIPA,MIRAFLORES,PERU POSIBLE,297
040107,AREQUIPA,AREQUIPA,MIRAFLORES,RESTAURACION NACIONAL,1272
040108,AREQUIPA,AREQUIPA,MOLLEBAYA,ALIANZA POR AREQUIPA,98
040108,AREQUIPA,AREQUIPA,MOLLEBAYA,AREQUIPA RENACE,256
040108,AREQUIPA,AREQUIPA,MOLLEBAYA,FONAVISTAS DEL PERU,118
040108,AREQUIPA,AREQUIPA,MOLLEBAYA,FUERZA AREQUIPEÑA,270
040109,AREQUIPA,AREQUIPA,PAUCARPATA,AGRUPACION INDEPENDIENTE SI CUMPLE,619
040109,AREQUIPA,AREQUIPA,PAUCARPATA,ALIANZA PARA EL PROGRESO,8980
040109,AREQUIPA,AREQUIPA,PAUCARPATA,ALIANZA POR AREQUIPA,1858
040109,AREQUIPA,AREQUIPA,PAUCARPATA,AREQUIPA AVANCEMOS,8170
040109,AREQUIPA,AREQUIPA,PAUCARPATA,AREQUIPA PRIMERO,955
040109,AREQUIPA,AREQUIPA,PAUCARPATA,AREQUIPA RENACE,6873
040109,AREQUIPA,AREQUIPA,PAUCARPATA,DECIDE,1002
040109,AREQUIPA,AREQUIPA,PAUCARPATA,FONAVISTAS DEL PERU,1414
040109,AREQUIPA,AREQUIPA,PAUCARPATA,JUNTOS POR EL SUR,16631
040109,AREQUIPA,AREQUIPA,PAUCARPATA,MOVIMIENTO ETNOCACERISTA AREQUIPA,740
040109,AREQUIPA,AREQUIPA,PAUCARPATA,PAUCARPATA DESARROLLO TOTAL,17859
040109,AREQUIPA,AREQUIPA,PAUCARPATA,PERU POSIBLE,595
040109,AREQUIPA,AREQUIPA,PAUCARPATA,RESTAURACION NACIONAL,910
040109,AREQUIPA,AREQUIPA,PAUCARPATA,UNION POR EL PERU,1946
040109,AREQUIPA,AREQUIPA,PAUCARPATA,VOZ DE PAUCARPATA,994
040110,AREQUIPA,AREQUIPA,POCSI,ALIANZA POR AREQUIPA,55
040110,AREQUIPA,AREQUIPA,POCSI,AREQUIPA PRIMERO,25
040110,AREQUIPA,AREQUIPA,POCSI,DECIDE,23
040110,AREQUIPA,AREQUIPA,POCSI,FRENTE DE MOVILIZACION SOCIAL,10
040110,AREQUIPA,AREQUIPA,POCSI,FUERZA AREQUIPEÑA,131
040110,AREQUIPA,AREQUIPA,POCSI,JUNTOS POR EL SUR,46
040110,AREQUIPA,AREQUIPA,POCSI,PARTIDO APRISTA PERUANO,100
040110,AREQUIPA,AREQUIPA,POCSI,PARTIDO DEMOCRATICO SOMOS PERU,25
040111,AREQUIPA,AREQUIPA,POLOBAYA,AREQUIPA RENACE,257
040111,AREQUIPA,AREQUIPA,POLOBAYA,DECIDE,99
040111,AREQUIPA,AREQUIPA,POLOBAYA,FUERZA AREQUIPEÑA,31
040111,AREQUIPA,AREQUIPA,POLOBAYA,JUNTOS POR EL SUR,180
040111,AREQUIPA,AREQUIPA,POLOBAYA,PARTIDO APRISTA PERUANO,43
040111,AREQUIPA,AREQUIPA,POLOBAYA,UNION POR EL PERU,2
040112,AREQUIPA,AREQUIPA,QUEQUEÑA,ALIANZA POR AREQUIPA,58
040112,AREQUIPA,AREQUIPA,QUEQUEÑA,AREQUIPA RENACE,371
040112,AREQUIPA,AREQUIPA,QUEQUEÑA,DECIDE,247
040112,AREQUIPA,AREQUIPA,QUEQUEÑA,PARTIDO APRISTA PERUANO,65
040112,AREQUIPA,AREQUIPA,QUEQUEÑA,PERU POSIBLE,107
040113,AREQUIPA,AREQUIPA,SABANDIA,ALIANZA PARA EL PROGRESO,328
040113,AREQUIPA,AREQUIPA,SABANDIA,ALIANZA POR AREQUIPA,230
040113,AREQUIPA,AREQUIPA,SABANDIA,AREQUIPA RENACE,655
040113,AREQUIPA,AREQUIPA,SABANDIA,DECIDE,499
040113,AREQUIPA,AREQUIPA,SABANDIA,FONAVISTAS DEL PERU,84
040113,AREQUIPA,AREQUIPA,SABANDIA,FUERZA AREQUIPEÑA,187
040113,AREQUIPA,AREQUIPA,SABANDIA,JUNTOS POR EL SUR,128
040113,AREQUIPA,AREQUIPA,SABANDIA,TRABAJEMOS JUNTOS POR SABANDIA,125
040114,AREQUIPA,AREQUIPA,SACHACA,AREQUIPA AVANCEMOS,1179
040114,AREQUIPA,AREQUIPA,SACHACA,AREQUIPA RENACE,2509
040114,AREQUIPA,AREQUIPA,SACHACA,DECIDE,426
040114,AREQUIPA,AREQUIPA,SACHACA,FONAVISTAS DEL PERU,439
040114,AREQUIPA,AREQUIPA,SACHACA,FRENTE DE MOVILIZACION SOCIAL,173
040114,AREQUIPA,AREQUIPA,SACHACA,FUERZA AREQUIPEÑA,2007
040114,AREQUIPA,AREQUIPA,SACHACA,REVOLUCION Y DESARROLLO,202
040114,AREQUIPA,AREQUIPA,SACHACA,SACHACA CON TRABAJO LIBERTAD Y PROGRESO,2606
040114,AREQUIPA,AREQUIPA,SACHACA,SACHACA POR EL CAMBIO,2529
040114,AREQUIPA,AREQUIPA,SACHACA,UNIDOS AL CALOR DEL PUEBLO,1323
040115,AREQUIPA,AREQUIPA,SAN JUAN DE SIGUAS,ACCION POPULAR,139
040115,AREQUIPA,AREQUIPA,SAN JUAN DE SIGUAS,ALIANZA POR AREQUIPA,134
040115,AREQUIPA,AREQUIPA,SAN JUAN DE SIGUAS,FUERZA AREQUIPEÑA,120
040115,AREQUIPA,AREQUIPA,SAN JUAN DE SIGUAS,MOVIMIENTO NUEVA IZQUIERDA,81
040115,AREQUIPA,AREQUIPA,SAN JUAN DE SIGUAS,PARTIDO APRISTA PERUANO,89
040115,AREQUIPA,AREQUIPA,SAN JUAN DE SIGUAS,RESTAURACION NACIONAL,18
040116,AREQUIPA,AREQUIPA,SAN JUAN DE TARUCANI,ACCION POPULAR,248
040116,AREQUIPA,AREQUIPA,SAN JUAN DE TARUCANI,ALIANZA POR AREQUIPA,125
040116,AREQUIPA,AREQUIPA,SAN JUAN DE TARUCANI,AREQUIPA RENACE,58
040116,AREQUIPA,AREQUIPA,SAN JUAN DE TARUCANI,DECIDE,94
040116,AREQUIPA,AREQUIPA,SAN JUAN DE TARUCANI,FUERZA AREQUIPEÑA,38
040116,AREQUIPA,AREQUIPA,SAN JUAN DE TARUCANI,PARTIDO APRISTA PERUANO,9
040116,AREQUIPA,AREQUIPA,SAN JUAN DE TARUCANI,RESTAURACION NACIONAL,319
040117,AREQUIPA,AREQUIPA,SANTA ISABEL DE SIGUAS,ACCION POPULAR,123
040117,AREQUIPA,AREQUIPA,SANTA ISABEL DE SIGUAS,DECIDE,111
040117,AREQUIPA,AREQUIPA,SANTA ISABEL DE SIGUAS,FUERZA AREQUIPEÑA,138
040117,AREQUIPA,AREQUIPA,SANTA ISABEL DE SIGUAS,PARTIDO APRISTA PERUANO,34
040117,AREQUIPA,AREQUIPA,SANTA ISABEL DE SIGUAS,RESTAURACION NACIONAL,71
040118,AREQUIPA,AREQUIPA,SANTA RITA DE SIHUAS,ACCION POPULAR,180
040118,AREQUIPA,AREQUIPA,SANTA RITA DE SIHUAS,ALIANZA PARA EL PROGRESO,41
040118,AREQUIPA,AREQUIPA,SANTA RITA DE SIHUAS,ALIANZA POR AREQUIPA,991
040118,AREQUIPA,AREQUIPA,SANTA RITA DE SIHUAS,AREQUIPA RENACE,829
040118,AREQUIPA,AREQUIPA,SANTA RITA DE SIHUAS,DECIDE,170
040118,AREQUIPA,AREQUIPA,SANTA RITA DE SIHUAS,FUERZA AREQUIPEÑA,41
040118,AREQUIPA,AREQUIPA,SANTA RITA DE SIHUAS,PERU POSIBLE,117
040119,AREQUIPA,AREQUIPA,SOCABAYA,ALIANZA PARA EL PROGRESO,454
040119,AREQUIPA,AREQUIPA,SOCABAYA,ALIANZA POR AREQUIPA,2881
040119,AREQUIPA,AREQUIPA,SOCABAYA,AREQUIPA PRIMERO,623
040119,AREQUIPA,AREQUIPA,SOCABAYA,AREQUIPA RENACE,11958
040119,AREQUIPA,AREQUIPA,SOCABAYA,DECIDE,1700
040119,AREQUIPA,AREQUIPA,SOCABAYA,FRENTE DE MOVILIZACION SOCIAL,430
040119,AREQUIPA,AREQUIPA,SOCABAYA,FUERZA AREQUIPEÑA,10014
040119,AREQUIPA,AREQUIPA,SOCABAYA,MOVIMIENTO ETNOCACERISTA AREQUIPA,756
040120,AREQUIPA,AREQUIPA,TIABAYA,DECIDE,136
040120,AREQUIPA,AREQUIPA,TIABAYA,FRENTE DE MOVILIZACION SOCIAL,150
040120,AREQUIPA,AREQUIPA,TIABAYA,FUERZA AREQUIPEÑA,3702
040120,AREQUIPA,AREQUIPA,TIABAYA,MOVIMIENTO ETNOCACERISTA AREQUIPA,86
040120,AREQUIPA,AREQUIPA,TIABAYA,PERU POSIBLE,1162
040120,AREQUIPA,AREQUIPA,TIABAYA,"SIEMPRE A TU SERVICIO, TIABAYA",91
040120,AREQUIPA,AREQUIPA,TIABAYA,TIABAYA EN ACCION,3193
040121,AREQUIPA,AREQUIPA,UCHUMAYO,ALIANZA PARA EL PROGRESO,76
040121,AREQUIPA,AREQUIPA,UCHUMAYO,ALIANZA POR AREQUIPA,192
040121,AREQUIPA,AREQUIPA,UCHUMAYO,AREQUIPA AVANCEMOS,245
040121,AREQUIPA,AREQUIPA,UCHUMAYO,AREQUIPA PRIMERO,1432
040121,AREQUIPA,AREQUIPA,UCHUMAYO,AREQUIPA RENACE,353
040121,AREQUIPA,AREQUIPA,UCHUMAYO,AVANCEMOS JUVENTUD DE UCHUMAYO,88
040121,AREQUIPA,AREQUIPA,UCHUMAYO,DECIDE,93
040121,AREQUIPA,AREQUIPA,UCHUMAYO,FUERZA AREQUIPEÑA,460
040121,AREQUIPA,AREQUIPA,UCHUMAYO,JUNTOS POR EL SUR,540
040121,AREQUIPA,AREQUIPA,UCHUMAYO,PARTIDO APRISTA PERUANO,209
040121,AREQUIPA,AREQUIPA,UCHUMAYO,PERU POSIBLE,112
040121,AREQUIPA,AREQUIPA,UCHUMAYO,UCHUMAYO MODELO,777
040121,AREQUIPA,AREQUIPA,UCHUMAYO,"UCHUMAYO, ECOLOGICA Y TRADICIONAL",751
040121,AREQUIPA,AREQUIPA,UCHUMAYO,UN GOBIERNO PARA TODOS EN UCHUMAYO,1359
040122,AREQUIPA,AREQUIPA,VITOR,DECIDE,67
040122,AREQUIPA,AREQUIPA,VITOR,FRENTE DE MOVILIZACION SOCIAL,22
040122,AREQUIPA,AREQUIPA,VITOR,MOVIMIENTO INDEPENDIENTE LEON DEL SUR,35
040122,AREQUIPA,AREQUIPA,VITOR,PARTIDO APRISTA PERUANO,843
040122,AREQUIPA,AREQUIPA,VITOR,PARTIDO DEMOCRATICO SOMOS PERU,93
040122,AREQUIPA,AREQUIPA,VITOR,PARTIDO DESCENTRALISTA FUERZA SOCIAL,40
040122,AREQUIPA,AREQUIPA,VITOR,PERU POSIBLE,456
040123,AREQUIPA,AREQUIPA,YANAHUARA,ACCION POPULAR,306
040123,AREQUIPA,AREQUIPA,YANAHUARA,ALIANZA POR AREQUIPA,1681
040123,AREQUIPA,AREQUIPA,YANAHUARA,AREQUIPA RENACE,4706
040123,AREQUIPA,AREQUIPA,YANAHUARA,DECIDE,1087
040123,AREQUIPA,AREQUIPA,YANAHUARA,FUERZA AREQUIPEÑA,1272
040123,AREQUIPA,AREQUIPA,YANAHUARA,MOVIMIENTO INDEPENDIENTE LEON DEL SUR,376
040123,AREQUIPA,AREQUIPA,YANAHUARA,PARTIDO APRISTA PERUANO,630
040123,AREQUIPA,AREQUIPA,YANAHUARA,POR MI YANAHUARA,944
040123,AREQUIPA,AREQUIPA,YANAHUARA,RESTAURACION NACIONAL,515
040123,AREQUIPA,AREQUIPA,YANAHUARA,SEÑORIO Y MODERNIDAD,3617
040123,AREQUIPA,AREQUIPA,YANAHUARA,YANAHUARA GENIO Y FIGURA,762
040124,AREQUIPA,AREQUIPA,YARABAMBA,ALIANZA PARA EL PROGRESO,231
040124,AREQUIPA,AREQUIPA,YARABAMBA,ALIANZA POR AREQUIPA,200
040124,AREQUIPA,AREQUIPA,YARABAMBA,AREQUIPA RENACE,311
040124,AREQUIPA,AREQUIPA,YARABAMBA,DECIDE,38
040124,AREQUIPA,AREQUIPA,YARABAMBA,FUERZA AREQUIPEÑA,47
040124,AREQUIPA,AREQUIPA,YARABAMBA,GRUPO INDEPENDIENTE YARABAMBA 2010,80
040124,AREQUIPA,AREQUIPA,YARABAMBA,PARTIDO APRISTA PERUANO,52
040125,AREQUIPA,AREQUIPA,YURA,ALIANZA POR AREQUIPA,1147
040125,AREQUIPA,AREQUIPA,YURA,AREQUIPA AVANCEMOS,2234
040125,AREQUIPA,AREQUIPA,YURA,AREQUIPA RENACE,466
040125,AREQUIPA,AREQUIPA,YURA,DECIDE,318
040125,AREQUIPA,AREQUIPA,YURA,FONAVISTAS DEL PERU,216
040125,AREQUIPA,AREQUIPA,YURA,JUNTOS POR EL SUR,120
040125,AREQUIPA,AREQUIPA,YURA,JUNTOS POR YURA,1776
040125,AREQUIPA,AREQUIPA,YURA,PARTIDO APRISTA PERUANO,1711
040126,AREQUIPA,AREQUIPA,MARIANO MELGAR,ACCION POPULAR,5644
040126,AREQUIPA,AREQUIPA,MARIANO MELGAR,AGRUPACION INDEPENDIENTE SI CUMPLE,226
040126,AREQUIPA,AREQUIPA,MARIANO MELGAR,ALIANZA PARA EL PROGRESO,1365
040126,AREQUIPA,AREQUIPA,MARIANO MELGAR,ALIANZA POR AREQUIPA,4892
040126,AREQUIPA,AREQUIPA,MARIANO MELGAR,AREQUIPA PRIMERO,637
040126,AREQUIPA,AREQUIPA,MARIANO MELGAR,AREQUIPA RENACE,5515
040126,AREQUIPA,AREQUIPA,MARIANO MELGAR,DECIDE,502
040126,AREQUIPA,AREQUIPA,MARIANO MELGAR,FUERZA AREQUIPEÑA,9630
040126,AREQUIPA,AREQUIPA,MARIANO MELGAR,JUNTOS POR EL SUR,1861
040126,AREQUIPA,AREQUIPA,MARIANO MELGAR,MOVIMIENTO ETNOCACERISTA AREQUIPA,496
040126,AREQUIPA,AREQUIPA,MARIANO MELGAR,PARTIDO APRISTA PERUANO,987
040126,AREQUIPA,AREQUIPA,MARIANO MELGAR,RESTAURACION NACIONAL,346
040127,AREQUIPA,AREQUIPA,JACOBO HUNTER,ALIANZA POR AREQUIPA,3541
040127,AREQUIPA,AREQUIPA,JACOBO HUNTER,AREQUIPA 2010,827
040127,AREQUIPA,AREQUIPA,JACOBO HUNTER,AREQUIPA AVANCEMOS,7770
040127,AREQUIPA,AREQUIPA,JACOBO HUNTER,AREQUIPA RENACE,5838
040127,AREQUIPA,AREQUIPA,JACOBO HUNTER,DECIDE,1534
040127,AREQUIPA,AREQUIPA,JACOBO HUNTER,FONAVISTAS DEL PERU,351
040127,AREQUIPA,AREQUIPA,JACOBO HUNTER,FUERZA AREQUIPEÑA,1445
040127,AREQUIPA,AREQUIPA,JACOBO HUNTER,JUNTOS POR EL SUR,1042
040127,AREQUIPA,AREQUIPA,JACOBO HUNTER,PROYECTO HUNTER 2010,761
040127,AREQUIPA,AREQUIPA,JACOBO HUNTER,RESTAURACION NACIONAL,2094
040127,AREQUIPA,AREQUIPA,JACOBO HUNTER,UNION POR EL PERU,846
040128,AREQUIPA,AREQUIPA,ALTO SELVA ALEGRE,AREQUIPA 2010,306
040128,AREQUIPA,AREQUIPA,ALTO SELVA ALEGRE,AREQUIPA RENACE,16127
040128,AREQUIPA,AREQUIPA,ALTO SELVA ALEGRE,DECIDE,3854
040128,AREQUIPA,AREQUIPA,ALTO SELVA ALEGRE,FRENTE DE MOVILIZACION SOCIAL,295
040128,AREQUIPA,AREQUIPA,ALTO SELVA ALEGRE,FUERZA AREQUIPEÑA,3011
040128,AREQUIPA,AREQUIPA,ALTO SELVA ALEGRE,JUNTOS POR EL SUR,8719
040128,AREQUIPA,AREQUIPA,ALTO SELVA ALEGRE,MOVIMIENTO ETNOCACERISTA AREQUIPA,823
040128,AREQUIPA,AREQUIPA,ALTO SELVA ALEGRE,PARTIDO APRISTA PERUANO,7163
040128,AREQUIPA,AREQUIPA,ALTO SELVA ALEGRE,PARTIDO DEMOCRATICO SOMOS PERU,285
040128,AREQUIPA,AREQUIPA,ALTO SELVA ALEGRE,PERU POSIBLE,442
040128,AREQUIPA,AREQUIPA,ALTO SELVA ALEGRE,RESTAURACION NACIONAL,633
040129,AREQUIPA,AREQUIPA,JOSE LUIS BUSTAMANTE Y RIVERO,AGRUPACION INDEPENDIENTE SI CUMPLE,215
040129,AREQUIPA,AREQUIPA,JOSE LUIS BUSTAMANTE Y RIVERO,ALIANZA PARA EL PROGRESO,2356
040129,AREQUIPA,AREQUIPA,JOSE LUIS BUSTAMANTE Y RIVERO,ALIANZA POR AREQUIPA,1268
040129,AREQUIPA,AREQUIPA,JOSE LUIS BUSTAMANTE Y RIVERO,AREQUIPA AVANCEMOS,409
040129,AREQUIPA,AREQUIPA,JOSE LUIS BUSTAMANTE Y RIVERO,AREQUIPA RENACE,17560
040129,AREQUIPA,AREQUIPA,JOSE LUIS BUSTAMANTE Y RIVERO,COMPROMETIDOS POR BUSTAMANTE,5154
040129,AREQUIPA,AREQUIPA,JOSE LUIS BUSTAMANTE Y RIVERO,DECIDE,2424
040129,AREQUIPA,AREQUIPA,JOSE LUIS BUSTAMANTE Y RIVERO,FONAVISTAS DEL PERU,412
040129,AREQUIPA,AREQUIPA,JOSE LUIS BUSTAMANTE Y RIVERO,FRENTE DE MOVILIZACION SOCIAL,304
040129,AREQUIPA,AREQUIPA,JOSE LUIS BUSTAMANTE Y RIVERO,FUERZA AREQUIPEÑA,2524
040129,AREQUIPA,AREQUIPA,JOSE LUIS BUSTAMANTE Y RIVERO,HONESTIDAD Y EXPERIENCIA,4346
040129,AREQUIPA,AREQUIPA,JOSE LUIS BUSTAMANTE Y RIVERO,JUNTOS POR EL SUR,2969
040129,AREQUIPA,AREQUIPA,JOSE LUIS BUSTAMANTE Y RIVERO,PARTIDO APRISTA PERUANO,872
040129,AREQUIPA,AREQUIPA,JOSE LUIS BUSTAMANTE Y RIVERO,PERU POSIBLE,433
040202,AREQUIPA,CAYLLOMA,ACHOMA,ALIANZA POR AREQUIPA,234
040202,AREQUIPA,CAYLLOMA,ACHOMA,AREQUIPA AVANCEMOS,188
040202,AREQUIPA,CAYLLOMA,ACHOMA,AREQUIPA RENACE,75
040202,AREQUIPA,CAYLLOMA,ACHOMA,DECIDE,51
040202,AREQUIPA,CAYLLOMA,ACHOMA,PARTIDO APRISTA PERUANO,115
040203,AREQUIPA,CAYLLOMA,CABANACONDE,ALIANZA PARA EL PROGRESO,87
040203,AREQUIPA,CAYLLOMA,CABANACONDE,ALIANZA POR AREQUIPA,110
040203,AREQUIPA,CAYLLOMA,CABANACONDE,AREQUIPA AVANCEMOS,265
040203,AREQUIPA,CAYLLOMA,CABANACONDE,DECIDE,434
040203,AREQUIPA,CAYLLOMA,CABANACONDE,PARTIDO APRISTA PERUANO,108
040204,AREQUIPA,CAYLLOMA,CAYLLOMA,ALIANZA POR AREQUIPA,117
040204,AREQUIPA,CAYLLOMA,CAYLLOMA,AREQUIPA 2010,48
040204,AREQUIPA,CAYLLOMA,CAYLLOMA,AREQUIPA AVANCEMOS,468
040204,AREQUIPA,CAYLLOMA,CAYLLOMA,AREQUIPA RENACE,291
040204,AREQUIPA,CAYLLOMA,CAYLLOMA,DECIDE,276
040204,AREQUIPA,CAYLLOMA,CAYLLOMA,JUNTOS POR EL SUR,40
040204,AREQUIPA,CAYLLOMA,CAYLLOMA,PARTIDO APRISTA PERUANO,299
040205,AREQUIPA,CAYLLOMA,CALLALLI,ALIANZA PARA EL PROGRESO,43
040205,AREQUIPA,CAYLLOMA,CALLALLI,ALIANZA POR AREQUIPA,265
040205,AREQUIPA,CAYLLOMA,CALLALLI,AREQUIPA AVANCEMOS,326
040205,AREQUIPA,CAYLLOMA,CALLALLI,DECIDE,238
040205,AREQUIPA,CAYLLOMA,CALLALLI,FONAVISTAS DEL PERU,58
040205,AREQUIPA,CAYLLOMA,CALLALLI,FUERZA AREQUIPEÑA,77
040205,AREQUIPA,CAYLLOMA,CALLALLI,PARTIDO APRISTA PERUANO,18
040206,AREQUIPA,CAYLLOMA,COPORAQUE,ALIANZA PARA EL PROGRESO,31
040206,AREQUIPA,CAYLLOMA,COPORAQUE,ALIANZA POR AREQUIPA,32
040206,AREQUIPA,CAYLLOMA,COPORAQUE,AREQUIPA AVANCEMOS,80
040206,AREQUIPA,CAYLLOMA,COPORAQUE,DECIDE,140
040206,AREQUIPA,CAYLLOMA,COPORAQUE,FRENTE DE MOVILIZACION SOCIAL,23
040206,AREQUIPA,CAYLLOMA,COPORAQUE,PARTIDO APRISTA PERUANO,285
040207,AREQUIPA,CAYLLOMA,HUAMBO,ALIANZA POR AREQUIPA,19
040207,AREQUIPA,CAYLLOMA,HUAMBO,AREQUIPA AVANCEMOS,173
040207,AREQUIPA,CAYLLOMA,HUAMBO,AREQUIPA RENACE,5
040207,AREQUIPA,CAYLLOMA,HUAMBO,DECIDE,110
040207,AREQUIPA,CAYLLOMA,HUAMBO,FONAVISTAS DEL PERU,35
040207,AREQUIPA,CAYLLOMA,HUAMBO,PARTIDO APRISTA PERUANO,49
040208,AREQUIPA,CAYLLOMA,HUANCA,AREQUIPA AVANCEMOS,198
040208,AREQUIPA,CAYLLOMA,HUANCA,AREQUIPA RENACE,274
040208,AREQUIPA,CAYLLOMA,HUANCA,DECIDE,339
040209,AREQUIPA,CAYLLOMA,ICHUPAMPA,ALIANZA POR AREQUIPA,179
040209,AREQUIPA,CAYLLOMA,ICHUPAMPA,AREQUIPA AVANCEMOS,78
040209,AREQUIPA,CAYLLOMA,ICHUPAMPA,DECIDE,85
040209,AREQUIPA,CAYLLOMA,ICHUPAMPA,PARTIDO APRISTA PERUANO,33
040210,AREQUIPA,CAYLLOMA,LARI,ALIANZA POR AREQUIPA,63
040210,AREQUIPA,CAYLLOMA,LARI,AREQUIPA AVANCEMOS,227
040210,AREQUIPA,CAYLLOMA,LARI,DECIDE,138
040210,AREQUIPA,CAYLLOMA,LARI,FRENTE DE MOVILIZACION SOCIAL,108
040210,AREQUIPA,CAYLLOMA,LARI,PARTIDO APRISTA PERUANO,35
040211,AREQUIPA,CAYLLOMA,LLUTA,AREQUIPA RENACE,424
040211,AREQUIPA,CAYLLOMA,LLUTA,DECIDE,520
040212,AREQUIPA,CAYLLOMA,MACA,ALIANZA PARA EL PROGRESO,58
040212,AREQUIPA,CAYLLOMA,MACA,ALIANZA POR AREQUIPA,46
040212,AREQUIPA,CAYLLOMA,MACA,AREQUIPA RENACE,84
040212,AREQUIPA,CAYLLOMA,MACA,DECIDE,82
040212,AREQUIPA,CAYLLOMA,MACA,FUERZA AREQUIPEÑA,55
040212,AREQUIPA,CAYLLOMA,MACA,PARTIDO APRISTA PERUANO,45
040213,AREQUIPA,CAYLLOMA,MADRIGAL,ALIANZA POR AREQUIPA,45
040213,AREQUIPA,CAYLLOMA,MADRIGAL,AREQUIPA AVANCEMOS,72
040213,AREQUIPA,CAYLLOMA,MADRIGAL,DECIDE,134
040213,AREQUIPA,CAYLLOMA,MADRIGAL,PARTIDO APRISTA PERUANO,140
040214,AREQUIPA,CAYLLOMA,SAN ANTONIO DE CHUCA,ACCION POPULAR,59
040214,AREQUIPA,CAYLLOMA,SAN ANTONIO DE CHUCA,ALIANZA POR AREQUIPA,162
040214,AREQUIPA,CAYLLOMA,SAN ANTONIO DE CHUCA,AREQUIPA AVANCEMOS,55
040214,AREQUIPA,CAYLLOMA,SAN ANTONIO DE CHUCA,DECIDE,135
040214,AREQUIPA,CAYLLOMA,SAN ANTONIO DE CHUCA,PARTIDO APRISTA PERUANO,83
040214,AREQUIPA,CAYLLOMA,SAN ANTONIO DE CHUCA,PERU POSIBLE,79
040215,AREQUIPA,CAYLLOMA,SIBAYO,ALIANZA POR AREQUIPA,36
040215,AREQUIPA,CAYLLOMA,SIBAYO,AREQUIPA AVANCEMOS,183
040215,AREQUIPA,CAYLLOMA,SIBAYO,AREQUIPA RENACE,65
040215,AREQUIPA,CAYLLOMA,SIBAYO,PARTIDO APRISTA PERUANO,231
040216,AREQUIPA,CAYLLOMA,TAPAY,ALIANZA PARA EL PROGRESO,118
040216,AREQUIPA,CAYLLOMA,TAPAY,AREQUIPA AVANCEMOS,11
040216,AREQUIPA,CAYLLOMA,TAPAY,DECIDE,57
040216,AREQUIPA,CAYLLOMA,TAPAY,PARTIDO APRISTA PERUANO,106
040217,AREQUIPA,CAYLLOMA,TISCO,ACCION POPULAR,41
040217,AREQUIPA,CAYLLOMA,TISCO,AREQUIPA AVANCEMOS,162
040217,AREQUIPA,CAYLLOMA,TISCO,AREQUIPA RENACE,34
040217,AREQUIPA,CAYLLOMA,TISCO,DECIDE,178
040217,AREQUIPA,CAYLLOMA,TISCO,FUERZA AREQUIPEÑA,19
040217,AREQUIPA,CAYLLOMA,TISCO,JUNTOS POR EL SUR,79
040217,AREQUIPA,CAYLLOMA,TISCO,PARTIDO APRISTA PERUANO,85
040218,AREQUIPA,CAYLLOMA,TUTI,ALIANZA PARA EL PROGRESO,50
040218,AREQUIPA,CAYLLOMA,TUTI,ALIANZA POR AREQUIPA,86
040218,AREQUIPA,CAYLLOMA,TUTI,AREQUIPA AVANCEMOS,101
040218,AREQUIPA,CAYLLOMA,TUTI,DECIDE,94
040218,AREQUIPA,CAYLLOMA,TUTI,PARTIDO APRISTA PERUANO,149
040219,AREQUIPA,CAYLLOMA,YANQUE,AREQUIPA AVANCEMOS,670
040219,AREQUIPA,CAYLLOMA,YANQUE,DECIDE,368
040220,AREQUIPA,CAYLLOMA,MAJES,ALIANZA PARA EL PROGRESO,873
040220,AREQUIPA,CAYLLOMA,MAJES,ALIANZA POR AREQUIPA,3603
040220,AREQUIPA,CAYLLOMA,MAJES,AREQUIPA AVANCEMOS,1911
040220,AREQUIPA,CAYLLOMA,MAJES,AREQUIPA RENACE,6796
040220,AREQUIPA,CAYLLOMA,MAJES,DECIDE,4796
040220,AREQUIPA,CAYLLOMA,MAJES,FRENTE DE MOVILIZACION SOCIAL,208
040220,AREQUIPA,CAYLLOMA,MAJES,MOVIMIENTO ETNOCACERISTA AREQUIPA,766
040220,AREQUIPA,CAYLLOMA,MAJES,PARTIDO APRISTA PERUANO,174
040302,AREQUIPA,CAMANA,JOSE MARIA QUIMPER,ALIANZA PARA EL PROGRESO,276
040302,AREQUIPA,CAMANA,JOSE MARIA QUIMPER,ALIANZA POR AREQUIPA,541
040302,AREQUIPA,CAMANA,JOSE MARIA QUIMPER,FRENTE CIVICO POR CAMANA,720
040302,AREQUIPA,CAMANA,JOSE MARIA QUIMPER,FUERZA AREQUIPEÑA,879
040303,AREQUIPA,CAMANA,MARIANO NICOLAS VALCARCEL,ALIANZA POR AREQUIPA,273
040303,AREQUIPA,CAMANA,MARIANO NICOLAS VALCARCEL,DECIDE,5
040303,AREQUIPA,CAMANA,MARIANO NICOLAS VALCARCEL,FRENTE CIVICO POR CAMANA,45
040303,AREQUIPA,CAMANA,MARIANO NICOLAS VALCARCEL,FUERZA AREQUIPEÑA,228
040304,AREQUIPA,CAMANA,MARISCAL CACERES,ALIANZA PARA EL PROGRESO,266
040304,AREQUIPA,CAMANA,MARISCAL CACERES,ALIANZA POR AREQUIPA,729
040304,AREQUIPA,CAMANA,MARISCAL CACERES,AREQUIPA PRIMERO,89
040304,AREQUIPA,CAMANA,MARISCAL CACERES,FUERZA AREQUIPEÑA,1211
040304,AREQUIPA,CAMANA,MARISCAL CACERES,PERU POSIBLE,255
040305,AREQUIPA,CAMANA,NICOLAS DE PIEROLA,ALIANZA PARA EL PROGRESO,233
040305,AREQUIPA,CAMANA,NICOLAS DE PIEROLA,ALIANZA POR AREQUIPA,534
040305,AREQUIPA,CAMANA,NICOLAS DE PIEROLA,AREQUIPA PRIMERO,42
040305,AREQUIPA,CAMANA,NICOLAS DE PIEROLA,DECIDE,307
040305,AREQUIPA,CAMANA,NICOLAS DE PIEROLA,FRENTE CIVICO POR CAMANA,1030
040305,AREQUIPA,CAMANA,NICOLAS DE PIEROLA,FUERZA AREQUIPEÑA,1426
040306,AREQUIPA,CAMANA,OCOÑA,ALIANZA POR AREQUIPA,757
040306,AREQUIPA,CAMANA,OCOÑA,AREQUIPA PRIMERO,240
040306,AREQUIPA,CAMANA,OCOÑA,FRENTE CIVICO POR CAMANA,410
040306,AREQUIPA,CAMANA,OCOÑA,FUERZA AREQUIPEÑA,805
040306,AREQUIPA,CAMANA,OCOÑA,JUNTOS POR EL SUR,204
040307,AREQUIPA,CAMANA,QUILCA,ACCION POPULAR,243
040307,AREQUIPA,CAMANA,QUILCA,ALIANZA POR AREQUIPA,11
040307,AREQUIPA,CAMANA,QUILCA,FUERZA AREQUIPEÑA,203
040308,AREQUIPA,CAMANA,SAMUEL PASTOR,ALIANZA PARA EL PROGRESO,180
040308,AREQUIPA,CAMANA,SAMUEL PASTOR,ALIANZA POR AREQUIPA,2423
040308,AREQUIPA,CAMANA,SAMUEL PASTOR,AREQUIPA AVANCEMOS,134
040308,AREQUIPA,CAMANA,SAMUEL PASTOR,AREQUIPA PRIMERO,104
040308,AREQUIPA,CAMANA,SAMUEL PASTOR,DECIDE,187
040308,AREQUIPA,CAMANA,SAMUEL PASTOR,FRENTE CIVICO POR CAMANA,1975
040308,AREQUIPA,CAMANA,SAMUEL PASTOR,FUERZA AREQUIPEÑA,1898
040308,AREQUIPA,CAMANA,SAMUEL PASTOR,JUNTOS POR EL SUR,102
040308,AREQUIPA,CAMANA,SAMUEL PASTOR,PERU POSIBLE,189
040402,AREQUIPA,CARAVELI,ACARI,ALIANZA POR AREQUIPA,76
040402,AREQUIPA,CARAVELI,ACARI,DECIDE,29
040402,AREQUIPA,CARAVELI,ACARI,FUERZA 2011,263
040402,AREQUIPA,CARAVELI,ACARI,FUERZA AREQUIPEÑA,126
040402,AREQUIPA,CARAVELI,ACARI,JUNTOS POR EL SUR,819
040402,AREQUIPA,CARAVELI,ACARI,PARTICIPA ACARI,375
040402,AREQUIPA,CARAVELI,ACARI,PARTIDO APRISTA PERUANO,346
040402,AREQUIPA,CARAVELI,ACARI,PERU POSIBLE,69
040403,AREQUIPA,CARAVELI,ATICO,ALIANZA POR AREQUIPA,712
040403,AREQUIPA,CARAVELI,ATICO,FUERZA 2011,240
040403,AREQUIPA,CARAVELI,ATICO,FUERZA AREQUIPEÑA,1110
040404,AREQUIPA,CARAVELI,ATIQUIPA,ACCION POPULAR,46
040404,AREQUIPA,CARAVELI,ATIQUIPA,ALIANZA POR AREQUIPA,77
040404,AREQUIPA,CARAVELI,ATIQUIPA,FUERZA 2011,134
040404,AREQUIPA,CARAVELI,ATIQUIPA,FUERZA AREQUIPEÑA,137
040405,AREQUIPA,CARAVELI,BELLA UNION,FUERZA 2011,125
040405,AREQUIPA,CARAVELI,BELLA UNION,FUERZA AREQUIPEÑA,346
040405,AREQUIPA,CARAVELI,BELLA UNION,PARTIDO APRISTA PERUANO,389
040406,AREQUIPA,CARAVELI,CAHUACHO,ALIANZA POR AREQUIPA,135
040406,AREQUIPA,CARAVELI,CAHUACHO,DECIDE,88
040406,AREQUIPA,CARAVELI,CAHUACHO,FUERZA AREQUIPEÑA,198
040407,AREQUIPA,CARAVELI,CHALA,ALIANZA POR AREQUIPA,87
040407,AREQUIPA,CARAVELI,CHALA,FUERZA 2011,776
040407,AREQUIPA,CARAVELI,CHALA,FUERZA AREQUIPEÑA,500
040407,AREQUIPA,CARAVELI,CHALA,JUNTOS POR EL SUR,107
040407,AREQUIPA,CARAVELI,CHALA,PARTIDO APRISTA PERUANO,630
040408,AREQUIPA,CARAVELI,CHAPARRA,ALIANZA POR AREQUIPA,113
040408,AREQUIPA,CARAVELI,CHAPARRA,FUERZA 2011,250
040408,AREQUIPA,CARAVELI,CHAPARRA,FUERZA AREQUIPEÑA,385
040408,AREQUIPA,CARAVELI,CHAPARRA,JUNTOS POR EL SUR,51
040408,AREQUIPA,CARAVELI,CHAPARRA,PARTIDO APRISTA PERUANO,251
040409,AREQUIPA,CARAVELI,HUANUHUANU,ALIANZA POR AREQUIPA,242
040409,AREQUIPA,CARAVELI,HUANUHUANU,FUERZA 2011,123
040409,AREQUIPA,CARAVELI,HUANUHUANU,FUERZA AREQUIPEÑA,92
040410,AREQUIPA,CARAVELI,JAQUI,PARTIDO APRISTA PERUANO,365
040410,AREQUIPA,CARAVELI,JAQUI,PARTIDO DEMOCRATICO SOMOS PERU,601
040411,AREQUIPA,CARAVELI,LOMAS,ACCION POPULAR,153
040411,AREQUIPA,CARAVELI,LOMAS,ALIANZA PARA EL PROGRESO,51
040411,AREQUIPA,CARAVELI,LOMAS,ALIANZA POR AREQUIPA,93
040411,AREQUIPA,CARAVELI,LOMAS,AREQUIPA RENACE,111
040411,AREQUIPA,CARAVELI,LOMAS,FUERZA 2011,113
040411,AREQUIPA,CARAVELI,LOMAS,FUERZA AREQUIPEÑA,85
040411,AREQUIPA,CARAVELI,LOMAS,PARTIDO APRISTA PERUANO,18
040412,AREQUIPA,CARAVELI,QUICACHA,ALIANZA POR AREQUIPA,238
040412,AREQUIPA,CARAVELI,QUICACHA,FUERZA 2011,191
040412,AREQUIPA,CARAVELI,QUICACHA,FUERZA AREQUIPEÑA,145
040413,AREQUIPA,CARAVELI,YAUCA,ALIANZA POR AREQUIPA,404
040413,AREQUIPA,CARAVELI,YAUCA,FUERZA 2011,178
040413,AREQUIPA,CARAVELI,YAUCA,FUERZA AREQUIPEÑA,313
040502,AREQUIPA,CASTILLA,ANDAGUA,AREQUIPA 2010,27
040502,AREQUIPA,CASTILLA,ANDAGUA,AREQUIPA RENACE,45
040502,AREQUIPA,CASTILLA,ANDAGUA,FUERZA AREQUIPEÑA,155
040502,AREQUIPA,CASTILLA,ANDAGUA,JUNTOS POR EL SUR,22
040502,AREQUIPA,CASTILLA,ANDAGUA,LISTA INDEPENDIENTE CASTILLA AVANZA,378
040502,AREQUIPA,CASTILLA,ANDAGUA,PARTIDO APRISTA PERUANO,75
040503,AREQUIPA,CASTILLA,AYO,ACCION POPULAR,72
040503,AREQUIPA,CASTILLA,AYO,AREQUIPA RENACE,37
040503,AREQUIPA,CASTILLA,AYO,FUERZA AREQUIPEÑA,67
040503,AREQUIPA,CASTILLA,AYO,JUNTOS POR EL SUR,26
040503,AREQUIPA,CASTILLA,AYO,LISTA INDEPENDIENTE CASTILLA AVANZA,56
040504,AREQUIPA,CASTILLA,CHACHAS,AREQUIPA RENACE,63
040504,AREQUIPA,CASTILLA,CHACHAS,DECIDE,78
040504,AREQUIPA,CASTILLA,CHACHAS,FUERZA AREQUIPEÑA,225
040504,AREQUIPA,CASTILLA,CHACHAS,JUNTOS POR EL SUR,51
040504,AREQUIPA,CASTILLA,CHACHAS,LISTA INDEPENDIENTE CASTILLA AVANZA,25
040504,AREQUIPA,CASTILLA,CHACHAS,MOVIMIENTO INDEPENDIENTE LEON DEL SUR,85
040504,AREQUIPA,CASTILLA,CHACHAS,PERU POSIBLE,72
040505,AREQUIPA,CASTILLA,CHILCAYMARCA,ACCION POPULAR,39
040505,AREQUIPA,CASTILLA,CHILCAYMARCA,AREQUIPA RENACE,130
040505,AREQUIPA,CASTILLA,CHILCAYMARCA,FUERZA AREQUIPEÑA,83
040505,AREQUIPA,CASTILLA,CHILCAYMARCA,LISTA INDEPENDIENTE CASTILLA AVANZA,109
040505,AREQUIPA,CASTILLA,CHILCAYMARCA,MOVIMIENTO ETNOCACERISTA AREQUIPA,128
040505,AREQUIPA,CASTILLA,CHILCAYMARCA,PARTIDO APRISTA PERUANO,29
040506,AREQUIPA,CASTILLA,CHOCO,ALIANZA POR AREQUIPA,75
040506,AREQUIPA,CASTILLA,CHOCO,DECIDE,40
040506,AREQUIPA,CASTILLA,CHOCO,LISTA INDEPENDIENTE CASTILLA AVANZA,107
040506,AREQUIPA,CASTILLA,CHOCO,PARTIDO APRISTA PERUANO,99
040507,AREQUIPA,CASTILLA,HUANCARQUI,ALIANZA PARA EL PROGRESO,90
040507,AREQUIPA,CASTILLA,HUANCARQUI,AREQUIPA RENACE,372
040507,AREQUIPA,CASTILLA,HUANCARQUI,FUERZA AREQUIPEÑA,45
040507,AREQUIPA,CASTILLA,HUANCARQUI,LISTA INDEPENDIENTE CASTILLA AVANZA,159
040507,AREQUIPA,CASTILLA,HUANCARQUI,PARTIDO APRISTA PERUANO,253
040508,AREQUIPA,CASTILLA,MACHAGUAY,ALIANZA POR AREQUIPA,36
040508,AREQUIPA,CASTILLA,MACHAGUAY,AREQUIPA RENACE,96
040508,AREQUIPA,CASTILLA,MACHAGUAY,FUERZA AREQUIPEÑA,29
040508,AREQUIPA,CASTILLA,MACHAGUAY,JUNTOS POR EL SUR,56
040508,AREQUIPA,CASTILLA,MACHAGUAY,LISTA INDEPENDIENTE CASTILLA AVANZA,69
040508,AREQUIPA,CASTILLA,MACHAGUAY,MOVIMIENTO NUEVA IZQUIERDA,19
040508,AREQUIPA,CASTILLA,MACHAGUAY,PARTIDO APRISTA PERUANO,40
040508,AREQUIPA,CASTILLA,MACHAGUAY,PERU POSIBLE,43
040509,AREQUIPA,CASTILLA,ORCOPAMPA,AREQUIPA RENACE,833
040509,AREQUIPA,CASTILLA,ORCOPAMPA,DECIDE,208
040509,AREQUIPA,CASTILLA,ORCOPAMPA,FUERZA AREQUIPEÑA,753
040509,AREQUIPA,CASTILLA,ORCOPAMPA,LISTA INDEPENDIENTE CASTILLA AVANZA,461
040510,AREQUIPA,CASTILLA,PAMPACOLCA,AREQUIPA RENACE,204
040510,AREQUIPA,CASTILLA,PAMPACOLCA,LISTA INDEPENDIENTE CASTILLA AVANZA,461
040510,AREQUIPA,CASTILLA,PAMPACOLCA,PARTIDO APRISTA PERUANO,482
040510,AREQUIPA,CASTILLA,PAMPACOLCA,PERU POSIBLE,345
040511,AREQUIPA,CASTILLA,TIPAN,DECIDE,68
040511,AREQUIPA,CASTILLA,TIPAN,FUERZA AREQUIPEÑA,55
040511,AREQUIPA,CASTILLA,TIPAN,JUNTOS POR EL SUR,71
040511,AREQUIPA,CASTILLA,TIPAN,PARTIDO APRISTA PERUANO,49
040511,AREQUIPA,CASTILLA,TIPAN,PERU POSIBLE,46
040512,AREQUIPA,CASTILLA,URACA,AREQUIPA RENACE,1675
040512,AREQUIPA,CASTILLA,URACA,FUERZA AREQUIPEÑA,1014
040512,AREQUIPA,CASTILLA,URACA,JUNTOS POR EL SUR,48
040512,AREQUIPA,CASTILLA,URACA,MOVIMIENTO INDEPENDIENTE LEON DEL SUR,705
040512,AREQUIPA,CASTILLA,URACA,PARTIDO APRISTA PERUANO,452
040513,AREQUIPA,CASTILLA,UÑON,AREQUIPA RENACE,55
040513,AREQUIPA,CASTILLA,UÑON,LISTA INDEPENDIENTE CASTILLA AVANZA,57
040513,AREQUIPA,CASTILLA,UÑON,PARTIDO APRISTA PERUANO,36
040514,AREQUIPA,CASTILLA,VIRACO,AGRUPACION INDEPENDIENTE SI CUMPLE,42
040514,AREQUIPA,CASTILLA,VIRACO,AREQUIPA RENACE,160
040514,AREQUIPA,CASTILLA,VIRACO,FUERZA AREQUIPEÑA,42
040514,AREQUIPA,CASTILLA,VIRACO,JUNTOS POR EL SUR,29
040514,AREQUIPA,CASTILLA,VIRACO,LISTA INDEPENDIENTE CASTILLA AVANZA,238
040514,AREQUIPA,CASTILLA,VIRACO,PARTIDO APRISTA PERUANO,205
040514,AREQUIPA,CASTILLA,VIRACO,PERU POSIBLE,150
040602,AREQUIPA,CONDESUYOS,ANDARAY,ALIANZA POR AREQUIPA,28
040602,AREQUIPA,CONDESUYOS,ANDARAY,AREQUIPA AVANCEMOS,39
040602,AREQUIPA,CONDESUYOS,ANDARAY,CONDESUYOS PROGRESA,123
040602,AREQUIPA,CONDESUYOS,ANDARAY,DECIDE,31
040602,AREQUIPA,CONDESUYOS,ANDARAY,FUERZA AREQUIPEÑA,104
040602,AREQUIPA,CONDESUYOS,ANDARAY,MOVIMIENTO NUEVA IZQUIERDA,26
040602,AREQUIPA,CONDESUYOS,ANDARAY,PARTIDO APRISTA PERUANO,8
040603,AREQUIPA,CONDESUYOS,CAYARANI,ACCION POPULAR,251
040603,AREQUIPA,CONDESUYOS,CAYARANI,AREQUIPA AVANCEMOS,211
040603,AREQUIPA,CONDESUYOS,CAYARANI,AREQUIPA RENACE,70
040603,AREQUIPA,CONDESUYOS,CAYARANI,CONDESUYOS PROGRESA,157
040603,AREQUIPA,CONDESUYOS,CAYARANI,FUERZA AREQUIPEÑA,286
040603,AREQUIPA,CONDESUYOS,CAYARANI,JUNTOS POR EL SUR,88
040603,AREQUIPA,CONDESUYOS,CAYARANI,MOVIMIENTO NUEVA IZQUIERDA,47
040603,AREQUIPA,CONDESUYOS,CAYARANI,PARTIDO APRISTA PERUANO,62
040604,AREQUIPA,CONDESUYOS,CHICHAS,ALIANZA PARA EL PROGRESO,18
040604,AREQUIPA,CONDESUYOS,CHICHAS,AREQUIPA AVANCEMOS,38
040604,AREQUIPA,CONDESUYOS,CHICHAS,CONDESUYOS PROGRESA,163
040604,AREQUIPA,CONDESUYOS,CHICHAS,FUERZA AREQUIPEÑA,154
040604,AREQUIPA,CONDESUYOS,CHICHAS,PARTIDO APRISTA PERUANO,20
040605,AREQUIPA,CONDESUYOS,IRAY,ALIANZA PARA EL PROGRESO,184
040605,AREQUIPA,CONDESUYOS,IRAY,AREQUIPA AVANCEMOS,27
040605,AREQUIPA,CONDESUYOS,IRAY,AREQUIPA RENACE,52
040605,AREQUIPA,CONDESUYOS,IRAY,CONDESUYOS PROGRESA,115
040605,AREQUIPA,CONDESUYOS,IRAY,FUERZA AREQUIPEÑA,25
040605,AREQUIPA,CONDESUYOS,IRAY,PARTIDO APRISTA PERUANO,8
040606,AREQUIPA,CONDESUYOS,SALAMANCA,ACCION POPULAR,94
040606,AREQUIPA,CONDESUYOS,SALAMANCA,AREQUIPA AVANCEMOS,45
040606,AREQUIPA,CONDESUYOS,SALAMANCA,AREQUIPA RENACE,41
040606,AREQUIPA,CONDESUYOS,SALAMANCA,CONDESUYOS PROGRESA,127
040606,AREQUIPA,CONDESUYOS,SALAMANCA,DECIDE,52
040606,AREQUIPA,CONDESUYOS,SALAMANCA,FUERZA AREQUIPEÑA,64
040606,AREQUIPA,CONDESUYOS,SALAMANCA,PARTIDO APRISTA PERUANO,19
040607,AREQUIPA,CONDESUYOS,YANAQUIHUA,ALIANZA POR AREQUIPA,746
040607,AREQUIPA,CONDESUYOS,YANAQUIHUA,AREQUIPA AVANCEMOS,272
040607,AREQUIPA,CONDESUYOS,YANAQUIHUA,AREQUIPA RENACE,111
040607,AREQUIPA,CONDESUYOS,YANAQUIHUA,CONDESUYOS PROGRESA,189
040607,AREQUIPA,CONDESUYOS,YANAQUIHUA,FUERZA AREQUIPEÑA,112
040608,AREQUIPA,CONDESUYOS,RIO GRANDE,ALIANZA PARA EL PROGRESO,55
040608,AREQUIPA,CONDESUYOS,RIO GRANDE,ALIANZA POR AREQUIPA,221
040608,AREQUIPA,CONDESUYOS,RIO GRANDE,AREQUIPA AVANCEMOS,169
040608,AREQUIPA,CONDESUYOS,RIO GRANDE,AREQUIPA PRIMERO,45
040608,AREQUIPA,CONDESUYOS,RIO GRANDE,CONDESUYOS PROGRESA,424
040608,AREQUIPA,CONDESUYOS,RIO GRANDE,FUERZA AREQUIPEÑA,123
040608,AREQUIPA,CONDESUYOS,RIO GRANDE,PARTIDO APRISTA PERUANO,118
040702,AREQUIPA,ISLAY,COCACHACRA,ACCION POPULAR,1160
040702,AREQUIPA,ISLAY,COCACHACRA,ALIANZA PARA EL PROGRESO,784
040702,AREQUIPA,ISLAY,COCACHACRA,ALIANZA POR AREQUIPA,1320
040702,AREQUIPA,ISLAY,COCACHACRA,FONAVISTAS DEL PERU,176
040702,AREQUIPA,ISLAY,COCACHACRA,FRENTE DE MOVILIZACION SOCIAL,85
040702,AREQUIPA,ISLAY,COCACHACRA,JUNTOS POR EL SUR,163
040702,AREQUIPA,ISLAY,COCACHACRA,ORGANIZACION INTEGRACION NACIONALISTA COCACHACRA,307
040702,AREQUIPA,ISLAY,COCACHACRA,PARTIDO APRISTA PERUANO,189
040702,AREQUIPA,ISLAY,COCACHACRA,PARTIDO DESCENTRALISTA FUERZA SOCIAL,821
040702,AREQUIPA,ISLAY,COCACHACRA,PERU POSIBLE,264
040703,AREQUIPA,ISLAY,DEAN VALDIVIA,ACCION POPULAR,627
040703,AREQUIPA,ISLAY,DEAN VALDIVIA,FUERZA AREQUIPEÑA,539
040703,AREQUIPA,ISLAY,DEAN VALDIVIA,JUNTOS POR EL SUR,2082
040703,AREQUIPA,ISLAY,DEAN VALDIVIA,PARTIDO APRISTA PERUANO,306
040704,AREQUIPA,ISLAY,ISLAY,ACCION POPULAR,719
040704,AREQUIPA,ISLAY,ISLAY,ALIANZA PARA EL PROGRESO,651
040704,AREQUIPA,ISLAY,ISLAY,ALIANZA POR AREQUIPA,107
040704,AREQUIPA,ISLAY,ISLAY,AREQUIPA AVANCEMOS,55
040704,AREQUIPA,ISLAY,ISLAY,FUERZA AREQUIPEÑA,425
040704,AREQUIPA,ISLAY,ISLAY,JUNTOS POR EL SUR,153
040705,AREQUIPA,ISLAY,MEJIA,ACCION POPULAR,265
040705,AREQUIPA,ISLAY,MEJIA,ALIANZA PARA EL PROGRESO,223
040705,AREQUIPA,ISLAY,MEJIA,AREQUIPA PRIMERO,193
040705,AREQUIPA,ISLAY,MEJIA,FUERZA AREQUIPEÑA,161
040705,AREQUIPA,ISLAY,MEJIA,PARTIDO APRISTA PERUANO,75
040706,AREQUIPA,ISLAY,PUNTA DE BOMBON,ACCION POPULAR,1009
040706,AREQUIPA,ISLAY,PUNTA DE BOMBON,ALIANZA PARA EL PROGRESO,209
040706,AREQUIPA,ISLAY,PUNTA DE BOMBON,ALIANZA POR AREQUIPA,663
040706,AREQUIPA,ISLAY,PUNTA DE BOMBON,AREQUIPA 2010,53
040706,AREQUIPA,ISLAY,PUNTA DE BOMBON,DECIDE,122
040706,AREQUIPA,ISLAY,PUNTA DE BOMBON,FONAVISTAS DEL PERU,696
040706,AREQUIPA,ISLAY,PUNTA DE BOMBON,JUNTOS POR EL SUR,680
040706,AREQUIPA,ISLAY,PUNTA DE BOMBON,MOVIMIENTO ETNOCACERISTA AREQUIPA,247
040802,AREQUIPA,LA UNION,ALCA,ACCION POPULAR,54
040802,AREQUIPA,LA UNION,ALCA,ALIANZA POR AREQUIPA,125
040802,AREQUIPA,LA UNION,ALCA,DECIDE,16
040802,AREQUIPA,LA UNION,ALCA,FUERZA AREQUIPEÑA,168
040802,AREQUIPA,LA UNION,ALCA,JUNTOS POR EL SUR,104
040802,AREQUIPA,LA UNION,ALCA,PARTIDO APRISTA PERUANO,180
040803,AREQUIPA,LA UNION,CHARCANA,ALIANZA POR AREQUIPA,122
040803,AREQUIPA,LA UNION,CHARCANA,FUERZA AREQUIPEÑA,109
040803,AREQUIPA,LA UNION,CHARCANA,PARTIDO APRISTA PERUANO,88
040804,AREQUIPA,LA UNION,HUAYNACOTAS,ACCION POPULAR,150
040804,AREQUIPA,LA UNION,HUAYNACOTAS,FUERZA AREQUIPEÑA,252
040804,AREQUIPA,LA UNION,HUAYNACOTAS,JUNTOS POR EL SUR,107
040804,AREQUIPA,LA UNION,HUAYNACOTAS,PARTIDO APRISTA PERUANO,288
040805,AREQUIPA,LA UNION,PAMPAMARCA,ACCION POPULAR,120
040805,AREQUIPA,LA UNION,PAMPAMARCA,ALIANZA PARA EL PROGRESO,63
040805,AREQUIPA,LA UNION,PAMPAMARCA,ALIANZA POR AREQUIPA,100
040805,AREQUIPA,LA UNION,PAMPAMARCA,FUERZA AREQUIPEÑA,184
040805,AREQUIPA,LA UNION,PAMPAMARCA,JUNTOS POR EL SUR,13
040805,AREQUIPA,LA UNION,PAMPAMARCA,PARTIDO APRISTA PERUANO,61
040806,AREQUIPA,LA UNION,PUYCA,ACCION POPULAR,201
040806,AREQUIPA,LA UNION,PUYCA,ALIANZA POR AREQUIPA,109
040806,AREQUIPA,LA UNION,PUYCA,DECIDE,37
040806,AREQUIPA,LA UNION,PUYCA,FUERZA AREQUIPEÑA,107
040806,AREQUIPA,LA UNION,PUYCA,UNION POR EL PERU,192
040807,AREQUIPA,LA UNION,QUECHUALLA,ACCION POPULAR,32
040807,AREQUIPA,LA UNION,QUECHUALLA,ALIANZA POR AREQUIPA,116
040807,AREQUIPA,LA UNION,QUECHUALLA,PARTIDO APRISTA PERUANO,126
040808,AREQUIPA,LA UNION,SAYLA,ACCION POPULAR,31
040808,AREQUIPA,LA UNION,SAYLA,ALIANZA POR AREQUIPA,112
040808,AREQUIPA,LA UNION,SAYLA,FUERZA AREQUIPEÑA,27
040809,AREQUIPA,LA UNION,TAURIA,ACCION POPULAR,50
040809,AREQUIPA,LA UNION,TAURIA,DECIDE,63
040809,AREQUIPA,LA UNION,TAURIA,FUERZA AREQUIPEÑA,48
040810,AREQUIPA,LA UNION,TOMEPAMPA,ACCION POPULAR,177
040810,AREQUIPA,LA UNION,TOMEPAMPA,FUERZA AREQUIPEÑA,111
040810,AREQUIPA,LA UNION,TOMEPAMPA,PARTIDO APRISTA PERUANO,117
040811,AREQUIPA,LA UNION,TORO,ALIANZA POR AREQUIPA,52
040811,AREQUIPA,LA UNION,TORO,FUERZA AREQUIPEÑA,147
040811,AREQUIPA,LA UNION,TORO,JUNTOS POR EL SUR,110
040811,AREQUIPA,LA UNION,TORO,PARTIDO APRISTA PERUANO,40
050102,AYACUCHO,HUAMANGA,ACOS-VINCHOS,ALIANZA PARA EL PROGRESO,60
050102,AYACUCHO,HUAMANGA,ACOS-VINCHOS,FRENTE REGIONAL TUNA,309
050102,AYACUCHO,HUAMANGA,ACOS-VINCHOS,JUNTOS SI SE PUEDE,342
050102,AYACUCHO,HUAMANGA,ACOS-VINCHOS,MOVIMIENTO INDEPENDIENTE REGIONAL TODOS CON AYACUCHO,568
050102,AYACUCHO,HUAMANGA,ACOS-VINCHOS,PARTIDO APRISTA PERUANO,629
050102,AYACUCHO,HUAMANGA,ACOS-VINCHOS,UNIDOS POR EL DESARROLLO DE AYACUCHO,62
050103,AYACUCHO,HUAMANGA,CARMEN ALTO,ALIANZA PARA EL PROGRESO,849
050103,AYACUCHO,HUAMANGA,CARMEN ALTO,FRENTE REGIONAL TUNA,1939
050103,AYACUCHO,HUAMANGA,CARMEN ALTO,JUNTOS SI SE PUEDE,74
050103,AYACUCHO,HUAMANGA,CARMEN ALTO,MIVA - CARMEN ALTO,678
050103,AYACUCHO,HUAMANGA,CARMEN ALTO,MOVIMIENTO INDEPENDIENTE INNOVACION REGIONAL,2778
050103,AYACUCHO,HUAMANGA,CARMEN ALTO,MOVIMIENTO INDEPENDIENTE REGIONAL TODOS CON AYACUCHO,748
050103,AYACUCHO,HUAMANGA,CARMEN ALTO,MUSUQ ÑAN,52
050103,AYACUCHO,HUAMANGA,CARMEN ALTO,PARTIDO APRISTA PERUANO,35
050103,AYACUCHO,HUAMANGA,CARMEN ALTO,UNIDOS POR EL DESARROLLO DE AYACUCHO,368
050104,AYACUCHO,HUAMANGA,CHIARA,ALIANZA PARA EL PROGRESO,157
050104,AYACUCHO,HUAMANGA,CHIARA,JUNTOS SI SE PUEDE,208
050104,AYACUCHO,HUAMANGA,CHIARA,MOVIMIENTO INDEPENDIENTE INNOVACION REGIONAL,360
050104,AYACUCHO,HUAMANGA,CHIARA,MOVIMIENTO INDEPENDIENTE REGIONAL TODOS CON AYACUCHO,733
050104,AYACUCHO,HUAMANGA,CHIARA,PARTIDO APRISTA PERUANO,36
050104,AYACUCHO,HUAMANGA,CHIARA,UNIDOS POR EL DESARROLLO DE AYACUCHO,724
050105,AYACUCHO,HUAMANGA,QUINUA,ALIANZA PARA EL PROGRESO,257
050105,AYACUCHO,HUAMANGA,QUINUA,FRENTE REGIONAL TUNA,209
050105,AYACUCHO,HUAMANGA,QUINUA,JUNTOS SI SE PUEDE,49
050105,AYACUCHO,HUAMANGA,QUINUA,MOVIMIENTO DE IDENTIDAD REGIONAL DE AYACUCHO,111
050105,AYACUCHO,HUAMANGA,QUINUA,MOVIMIENTO INDEPENDIENTE REGIONAL TODOS CON AYACUCHO,1086
050105,AYACUCHO,HUAMANGA,QUINUA,PARTIDO APRISTA PERUANO,40
050105,AYACUCHO,HUAMANGA,QUINUA,PARTIDO DEMOCRATICO SOMOS PERU,476
050105,AYACUCHO,HUAMANGA,QUINUA,PERU POSIBLE,616
050105,AYACUCHO,HUAMANGA,QUINUA,QATUN TARPUY,150
050105,AYACUCHO,HUAMANGA,QUINUA,UNIDOS POR EL DESARROLLO DE AYACUCHO,155
050106,AYACUCHO,HUAMANGA,SAN JOSE DE TICLLAS,ALIANZA PARA EL PROGRESO,243
050106,AYACUCHO,HUAMANGA,SAN JOSE DE TICLLAS,FRENTE REGIONAL TUNA,252
050106,AYACUCHO,HUAMANGA,SAN JOSE DE TICLLAS,JUNTOS SI SE PUEDE,60
050106,AYACUCHO,HUAMANGA,SAN JOSE DE TICLLAS,MOVIMIENTO INDEPENDIENTE INNOVACION REGIONAL,45
050106,AYACUCHO,HUAMANGA,SAN JOSE DE TICLLAS,MOVIMIENTO INDEPENDIENTE REGIONAL TODOS CON AYACUCHO,77
050106,AYACUCHO,HUAMANGA,SAN JOSE DE TICLLAS,MUSUQ ÑAN,173
050106,AYACUCHO,HUAMANGA,SAN JOSE DE TICLLAS,PARTIDO DEMOCRATICO SOMOS PERU,75
050106,AYACUCHO,HUAMANGA,SAN JOSE DE TICLLAS,PERU POSIBLE,35
050106,AYACUCHO,HUAMANGA,SAN JOSE DE TICLLAS,QATUN TARPUY,147
050106,AYACUCHO,HUAMANGA,SAN JOSE DE TICLLAS,UNIDOS POR EL DESARROLLO DE AYACUCHO,39
050107,AYACUCHO,HUAMANGA,SAN JUAN BAUTISTA,ALIANZA PARA EL PROGRESO,1915
050107,AYACUCHO,HUAMANGA,SAN JUAN BAUTISTA,FRENTE REGIONAL TUNA,3353
050107,AYACUCHO,HUAMANGA,SAN JUAN BAUTISTA,JUNTOS SI SE PUEDE,187
050107,AYACUCHO,HUAMANGA,SAN JUAN BAUTISTA,MOVIMIENTO INDEPENDIENTE INNOVACION REGIONAL,1186
050107,AYACUCHO,HUAMANGA,SAN JUAN BAUTISTA,MOVIMIENTO INDEPENDIENTE REGIONAL TODOS CON AYACUCHO,3010
050107,AYACUCHO,HUAMANGA,SAN JUAN BAUTISTA,MUSUQ ÑAN,488
050107,AYACUCHO,HUAMANGA,SAN JUAN BAUTISTA,ORGANIZACION INDEPENDIENTE FUERZA SAN JUAN BAUTISTA,122
050107,AYACUCHO,HUAMANGA,SAN JUAN BAUTISTA,PARTIDO APRISTA PERUANO,203
050107,AYACUCHO,HUAMANGA,SAN JUAN BAUTISTA,PERU POSIBLE,1902
050107,AYACUCHO,HUAMANGA,SAN JUAN BAUTISTA,UNIDOS POR EL DESARROLLO DE AYACUCHO,3644
050108,AYACUCHO,HUAMANGA,SANTIAGO DE PISCHA,ALIANZA PARA EL PROGRESO,24
050108,AYACUCHO,HUAMANGA,SANTIAGO DE PISCHA,FRENTE REGIONAL TUNA,299
050108,AYACUCHO,HUAMANGA,SANTIAGO DE PISCHA,MOVIMIENTO INDEPENDIENTE REGIONAL TODOS CON AYACUCHO,107
050108,AYACUCHO,HUAMANGA,SANTIAGO DE PISCHA,PARTIDO APRISTA PERUANO,15
050108,AYACUCHO,HUAMANGA,SANTIAGO DE PISCHA,QATUN TARPUY,19
050108,AYACUCHO,HUAMANGA,SANTIAGO DE PISCHA,UNIDOS POR EL DESARROLLO DE AYACUCHO,123
050109,AYACUCHO,HUAMANGA,VINCHOS,ALIANZA PARA EL PROGRESO,497
050109,AYACUCHO,HUAMANGA,VINCHOS,FRENTE REGIONAL TUNA,79
050109,AYACUCHO,HUAMANGA,VINCHOS,FUERZA REGIONAL,48
050109,AYACUCHO,HUAMANGA,VINCHOS,MOVIMIENTO INDEPENDIENTE INNOVACION REGIONAL,1504
050109,AYACUCHO,HUAMANGA,VINCHOS,MOVIMIENTO INDEPENDIENTE REGIONAL TODOS CON AYACUCHO,1192
050109,AYACUCHO,HUAMANGA,VINCHOS,MUSUQ ÑAN,683
050109,AYACUCHO,HUAMANGA,VINCHOS,PARTIDO APRISTA PERUANO,167
050109,AYACUCHO,HUAMANGA,VINCHOS,PERU POSIBLE,709
050109,AYACUCHO,HUAMANGA,VINCHOS,QATUN TARPUY,345
050109,AYACUCHO,HUAMANGA,VINCHOS,RESTAURACION NACIONAL,419
050109,AYACUCHO,HUAMANGA,VINCHOS,UNIDOS POR EL DESARROLLO DE AYACUCHO,504
050110,AYACUCHO,HUAMANGA,TAMBILLO,ALIANZA PARA EL PROGRESO,49
050110,AYACUCHO,HUAMANGA,TAMBILLO,DESPERTAR NACIONAL,57
050110,AYACUCHO,HUAMANGA,TAMBILLO,FRENTE REGIONAL TUNA,384
050110,AYACUCHO,HUAMANGA,TAMBILLO,JUNTOS SI SE PUEDE,542
050110,AYACUCHO,HUAMANGA,TAMBILLO,MOVIMIENTO INDEPENDIENTE REGIONAL TODOS CON AYACUCHO,477
050110,AYACUCHO,HUAMANGA,TAMBILLO,MUSUQ ÑAN,126
050110,AYACUCHO,HUAMANGA,TAMBILLO,PARTIDO APRISTA PERUANO,18
050110,AYACUCHO,HUAMANGA,TAMBILLO,PERU POSIBLE,565
050110,AYACUCHO,HUAMANGA,TAMBILLO,QATUN TARPUY,212
050110,AYACUCHO,HUAMANGA,TAMBILLO,UNIDOS POR EL DESARROLLO DE AYACUCHO,97
050111,AYACUCHO,HUAMANGA,ACOCRO,ALIANZA PARA EL PROGRESO,700
050111,AYACUCHO,HUAMANGA,ACOCRO,DESPERTAR NACIONAL,11
050111,AYACUCHO,HUAMANGA,ACOCRO,FRENTE REGIONAL TUNA,257
050111,AYACUCHO,HUAMANGA,ACOCRO,JUNTOS SI SE PUEDE,391
050111,AYACUCHO,HUAMANGA,ACOCRO,MOVIMIENTO INDEPENDIENTE INNOVACION REGIONAL,493
050111,AYACUCHO,HUAMANGA,ACOCRO,QATUN TARPUY,358
050111,AYACUCHO,HUAMANGA,ACOCRO,RESTAURACION NACIONAL,498
050111,AYACUCHO,HUAMANGA,ACOCRO,UNIDOS POR EL DESARROLLO DE AYACUCHO,303
050112,AYACUCHO,HUAMANGA,SOCOS,ALIANZA PARA EL PROGRESO,657
050112,AYACUCHO,HUAMANGA,SOCOS,FRENTE REGIONAL TUNA,60
050112,AYACUCHO,HUAMANGA,SOCOS,MOVIMIENTO INDEPENDIENTE REGIONAL TODOS CON AYACUCHO,871
050112,AYACUCHO,HUAMANGA,SOCOS,PARTIDO APRISTA PERUANO,307
050112,AYACUCHO,HUAMANGA,SOCOS,QATUN TARPUY,779
050112,AYACUCHO,HUAMANGA,SOCOS,UNIDOS POR EL DESARROLLO DE AYACUCHO,660
050113,AYACUCHO,HUAMANGA,OCROS,ACCION POPULAR,170
050113,AYACUCHO,HUAMANGA,OCROS,ALIANZA PARA EL PROGRESO,279
050113,AYACUCHO,HUAMANGA,OCROS,FRENTE REGIONAL TUNA,591
050113,AYACUCHO,HUAMANGA,OCROS,FUERZA REGIONAL,21
050113,AYACUCHO,HUAMANGA,OCROS,JUNTOS SI SE PUEDE,55
050113,AYACUCHO,HUAMANGA,OCROS,MOVIMIENTO INDEPENDIENTE INNOVACION REGIONAL,186
050113,AYACUCHO,HUAMANGA,OCROS,MOVIMIENTO INDEPENDIENTE REGIONAL TODOS CON AYACUCHO,327
050113,AYACUCHO,HUAMANGA,OCROS,MUSUQ ÑAN,204
050113,AYACUCHO,HUAMANGA,OCROS,PARTIDO APRISTA PERUANO,12
050113,AYACUCHO,HUAMANGA,OCROS,PERU POSIBLE,273
050113,AYACUCHO,HUAMANGA,OCROS,QATUN TARPUY,110
050113,AYACUCHO,HUAMANGA,OCROS,UNIDOS POR EL DESARROLLO DE AYACUCHO,299
050114,AYACUCHO,HUAMANGA,PACAYCASA,ALIANZA PARA EL PROGRESO,96
050114,AYACUCHO,HUAMANGA,PACAYCASA,FRENTE REGIONAL TUNA,122
050114,AYACUCHO,HUAMANGA,PACAYCASA,JUNTOS SI SE PUEDE,235
050114,AYACUCHO,HUAMANGA,PACAYCASA,MOVIMIENTO INDEPENDIENTE INNOVACION REGIONAL,266
050114,AYACUCHO,HUAMANGA,PACAYCASA,MOVIMIENTO INDEPENDIENTE REGIONAL TODOS CON AYACUCHO,497
050114,AYACUCHO,HUAMANGA,PACAYCASA,QATUN TARPUY,93
050114,AYACUCHO,HUAMANGA,PACAYCASA,UNIDOS POR EL DESARROLLO DE AYACUCHO,114
050115,AYACUCHO,HUAMANGA,JESUS NAZARENO,ALIANZA PARA EL PROGRESO,777
050115,AYACUCHO,HUAMANGA,JESUS NAZARENO,FRENTE REGIONAL TUNA,537
050115,AYACUCHO,HUAMANGA,JESUS NAZARENO,JUNTOS SI SE PUEDE,255
050115,AYACUCHO,HUAMANGA,JESUS NAZARENO,MOVIMIENTO INDEPENDIENTE INNOVACION REGIONAL,152
050115,AYACUCHO,HUAMANGA,JESUS NAZARENO,MOVIMIENTO INDEPENDIENTE REGIONAL TODOS CON AYACUCHO,1324
050115,AYACUCHO,HUAMANGA,JESUS NAZARENO,PARTIDO APRISTA PERUANO,122
050115,AYACUCHO,HUAMANGA,JESUS NAZARENO,PARTIDO DEMOCRATICO SOMOS PERU,170
050115,AYACUCHO,HUAMANGA,JESUS NAZARENO,PERU POSIBLE,62
050115,AYACUCHO,HUAMANGA,JESUS NAZARENO,QATUN TARPUY,1608
050115,AYACUCHO,HUAMANGA,JESUS NAZARENO,RESTAURACION NACIONAL,169
050115,AYACUCHO,HUAMANGA,JESUS NAZARENO,UNIDOS POR EL DESARROLLO DE AYACUCHO,1081
050204,AYACUCHO,CANGALLO,CHUSCHI,ALIANZA PARA EL PROGRESO,719
050204,AYACUCHO,CANGALLO,CHUSCHI,JUNTOS SI SE PUEDE,30
050204,AYACUCHO,CANGALLO,CHUSCHI,MOVIMIENTO INDEPENDIENTE REGIONAL TODOS CON AYACUCHO,1290
050204,AYACUCHO,CANGALLO,CHUSCHI,MUSUQ ÑAN,253
050204,AYACUCHO,CANGALLO,CHUSCHI,PARTIDO DEMOCRATICO SOMOS PERU,22
050204,AYACUCHO,CANGALLO,CHUSCHI,QATUN TARPUY,165
050204,AYACUCHO,CANGALLO,CHUSCHI,RESTAURACION NACIONAL,971
050206,AYACUCHO,CANGALLO,LOS MOROCHUCOS,ACCION POPULAR,36
050206,AYACUCHO,CANGALLO,LOS MOROCHUCOS,ALIANZA PARA EL PROGRESO,250
050206,AYACUCHO,CANGALLO,LOS MOROCHUCOS,FRENTE REGIONAL TUNA,83
050206,AYACUCHO,CANGALLO,LOS MOROCHUCOS,JUNTOS SI SE PUEDE,921
050206,AYACUCHO,CANGALLO,LOS MOROCHUCOS,MOVIMIENTO INDEPENDIENTE REGIONAL TODOS CON AYACUCHO,518
050206,AYACUCHO,CANGALLO,LOS MOROCHUCOS,MUSUQ ÑAN,582
050206,AYACUCHO,CANGALLO,LOS MOROCHUCOS,PARTIDO APRISTA PERUANO,39
050206,AYACUCHO,CANGALLO,LOS MOROCHUCOS,PARTIDO DEMOCRATICO SOMOS PERU,83
050206,AYACUCHO,CANGALLO,LOS MOROCHUCOS,PERU POSIBLE,97
050206,AYACUCHO,CANGALLO,LOS MOROCHUCOS,QATUN TARPUY,525
050206,AYACUCHO,CANGALLO,LOS MOROCHUCOS,RESTAURACION NACIONAL,281
050206,AYACUCHO,CANGALLO,LOS MOROCHUCOS,UNIDOS POR EL DESARROLLO DE AYACUCHO,198
050207,AYACUCHO,CANGALLO,PARAS,ALIANZA PARA EL PROGRESO,373
050207,AYACUCHO,CANGALLO,PARAS,JUNTOS SI SE PUEDE,17
050207,AYACUCHO,CANGALLO,PARAS,MOVIMIENTO INDEPENDIENTE INNOVACION REGIONAL,16
050207,AYACUCHO,CANGALLO,PARAS,MOVIMIENTO INDEPENDIENTE REGIONAL TODOS CON AYACUCHO,286
050207,AYACUCHO,CANGALLO,PARAS,MUSUQ ÑAN,331
050207,AYACUCHO,CANGALLO,PARAS,QATUN TARPUY,472
050207,AYACUCHO,CANGALLO,PARAS,RESTAURACION NACIONAL,525
050208,AYACUCHO,CANGALLO,TOTOS,ACCION POPULAR,370
050208,AYACUCHO,CANGALLO,TOTOS,ALIANZA PARA EL PROGRESO,45
050208,AYACUCHO,CANGALLO,TOTOS,FRENTE REGIONAL TUNA,28
050208,AYACUCHO,CANGALLO,TOTOS,JUNTOS SI SE PUEDE,107
050208,AYACUCHO,CANGALLO,TOTOS,MOVIMIENTO INDEPENDIENTE REGIONAL TODOS CON AYACUCHO,575
050208,AYACUCHO,CANGALLO,TOTOS,MUSUQ ÑAN,536
050208,AYACUCHO,CANGALLO,TOTOS,QATUN TARPUY,36
050208,AYACUCHO,CANGALLO,TOTOS,RESTAURACION NACIONAL,94
050211,AYACUCHO,CANGALLO,MARIA PARADO DE BELLIDO,ALIANZA PARA EL PROGRESO,241
050211,AYACUCHO,CANGALLO,MARIA PARADO DE BELLIDO,MOVIMIENTO INDEPENDIENTE REGIONAL TODOS CON AYACUCHO,315
050211,AYACUCHO,CANGALLO,MARIA PARADO DE BELLIDO,MUSUQ ÑAN,245
050211,AYACUCHO,CANGALLO,MARIA PARADO DE BELLIDO,QATUN TARPUY,85
050302,AYACUCHO,HUANTA,AYAHUANCO,ALIANZA PARA EL PROGRESO,19
050302,AYACUCHO,HUANTA,AYAHUANCO,MOVIMIENTO INDEPENDIENTE REGIONAL TODOS CON AYACUCHO,897
050302,AYACUCHO,HUANTA,AYAHUANCO,MUSUQ ÑAN,636
050302,AYACUCHO,HUANTA,AYAHUANCO,QATUN TARPUY,127
050302,AYACUCHO,HUANTA,AYAHUANCO,UNION POR EL PERU,6
050303,AYACUCHO,HUANTA,HUAMANGUILLA,ALIANZA PARA EL PROGRESO,68
050303,AYACUCHO,HUANTA,HUAMANGUILLA,FRENTE REGIONAL TUNA,210
050303,AYACUCHO,HUANTA,HUAMANGUILLA,JUNTOS SI SE PUEDE,495
050303,AYACUCHO,HUANTA,HUAMANGUILLA,MOVIMIENTO INDEPENDIENTE REGIONAL TODOS CON AYACUCHO,476
050303,AYACUCHO,HUANTA,HUAMANGUILLA,MUSUQ ÑAN,37
050303,AYACUCHO,HUANTA,HUAMANGUILLA,PARTIDO APRISTA PERUANO,349
050303,AYACUCHO,HUANTA,HUAMANGUILLA,QATUN TARPUY,381
050303,AYACUCHO,HUANTA,HUAMANGUILLA,UNION POR EL PERU,54
050304,AYACUCHO,HUANTA,IGUAIN,ALIANZA PARA EL PROGRESO,85
050304,AYACUCHO,HUANTA,IGUAIN,MOVIMIENTO INDEPENDIENTE INNOVACION REGIONAL,147
050304,AYACUCHO,HUANTA,IGUAIN,MOVIMIENTO INDEPENDIENTE REGIONAL TODOS CON AYACUCHO,250
050304,AYACUCHO,HUANTA,IGUAIN,MUSUQ ÑAN,261
050304,AYACUCHO,HUANTA,IGUAIN,PARTIDO APRISTA PERUANO,642
050304,AYACUCHO,HUANTA,IGUAIN,QATUN TARPUY,45
050305,AYACUCHO,HUANTA,LURICOCHA,ALIANZA PARA EL PROGRESO,134
050305,AYACUCHO,HUANTA,LURICOCHA,FRENTE REGIONAL TUNA,61
050305,AYACUCHO,HUANTA,LURICOCHA,JUNTOS SI SE PUEDE,49
050305,AYACUCHO,HUANTA,LURICOCHA,MOVIMIENTO INDEPENDIENTE INNOVACION REGIONAL,229
050305,AYACUCHO,HUANTA,LURICOCHA,MOVIMIENTO INDEPENDIENTE REGIONAL TODOS CON AYACUCHO,808
050305,AYACUCHO,HUANTA,LURICOCHA,MUSUQ ÑAN,1037
050305,AYACUCHO,HUANTA,LURICOCHA,PERU POSIBLE,58
050305,AYACUCHO,HUANTA,LURICOCHA,QATUN TARPUY,64
050307,AYACUCHO,HUANTA,SANTILLANA,ALIANZA PARA EL PROGRESO,16
050307,AYACUCHO,HUANTA,SANTILLANA,JUNTOS SI SE PUEDE,6
050307,AYACUCHO,HUANTA,SANTILLANA,MOVIMIENTO INDEPENDIENTE REGIONAL TODOS CON AYACUCHO,36
050307,AYACUCHO,HUANTA,SANTILLANA,MUSUQ ÑAN,1294
050307,AYACUCHO,HUANTA,SANTILLANA,QATUN TARPUY,1734
050308,AYACUCHO,HUANTA,SIVIA,ALIANZA PARA EL PROGRESO,590
050308,AYACUCHO,HUANTA,SIVIA,FRENTE REGIONAL TUNA,883
050308,AYACUCHO,HUANTA,SIVIA,FUERZA REGIONAL,285
050308,AYACUCHO,HUANTA,SIVIA,JUNTOS SI SE PUEDE,305
050308,AYACUCHO,HUANTA,SIVIA,MOVIMIENTO INDEPENDIENTE REGIONAL TODOS CON AYACUCHO,825
050308,AYACUCHO,HUANTA,SIVIA,MUSUQ ÑAN,534
050308,AYACUCHO,HUANTA,SIVIA,PARTIDO APRISTA PERUANO,44
050308,AYACUCHO,HUANTA,SIVIA,PERU POSIBLE,28
050308,AYACUCHO,HUANTA,SIVIA,QATUN TARPUY,147
050309,AYACUCHO,HUANTA,LLOCHEGUA,ALIANZA PARA EL PROGRESO,268
050309,AYACUCHO,HUANTA,LLOCHEGUA,FRENTE REGIONAL TUNA,423
050309,AYACUCHO,HUANTA,LLOCHEGUA,JUNTOS SI SE PUEDE,776
050309,AYACUCHO,HUANTA,LLOCHEGUA,MOVIMIENTO INDEPENDIENTE INNOVACION REGIONAL,309
050309,AYACUCHO,HUANTA,LLOCHEGUA,MOVIMIENTO INDEPENDIENTE REGIONAL TODOS CON AYACUCHO,372
050309,AYACUCHO,HUANTA,LLOCHEGUA,MUSUQ ÑAN,581
050309,AYACUCHO,HUANTA,LLOCHEGUA,PARTIDO APRISTA PERUANO,283
050309,AYACUCHO,HUANTA,LLOCHEGUA,PERU POSIBLE,25
050309,AYACUCHO,HUANTA,LLOCHEGUA,QATUN TARPUY,439
050309,AYACUCHO,HUANTA,LLOCHEGUA,RESTAURACION NACIONAL,81
050402,AYACUCHO,LA MAR,ANCO,ALIANZA PARA EL PROGRESO,983
050402,AYACUCHO,LA MAR,ANCO,MOVIMIENTO INDEPENDIENTE REGIONAL TODOS CON AYACUCHO,507
050402,AYACUCHO,LA MAR,ANCO,MUSUQ ÑAN,1447
050402,AYACUCHO,LA MAR,ANCO,PERU POSIBLE,305
050402,AYACUCHO,LA MAR,ANCO,QATUN TARPUY,908
050402,AYACUCHO,LA MAR,ANCO,UNIDOS POR EL DESARROLLO DE AYACUCHO,173
050403,AYACUCHO,LA MAR,AYNA,ALIANZA PARA EL PROGRESO,355
050403,AYACUCHO,LA MAR,AYNA,FRENTE REGIONAL TUNA,63
050403,AYACUCHO,LA MAR,AYNA,JUNTOS SI SE PUEDE,68
050403,AYACUCHO,LA MAR,AYNA,MOVIMIENTO INDEPENDIENTE INNOVACION REGIONAL,15
050403,AYACUCHO,LA MAR,AYNA,MOVIMIENTO INDEPENDIENTE REGIONAL TODOS CON AYACUCHO,746
050403,AYACUCHO,LA MAR,AYNA,MUSUQ ÑAN,1298
050403,AYACUCHO,LA MAR,AYNA,PERU POSIBLE,34
050403,AYACUCHO,LA MAR,AYNA,QATUN TARPUY,784
050403,AYACUCHO,LA MAR,AYNA,RESTAURACION NACIONAL,126
050404,AYACUCHO,LA MAR,CHILCAS,ALIANZA PARA EL PROGRESO,67
050404,AYACUCHO,LA MAR,CHILCAS,MOVIMIENTO INDEPENDIENTE INNOVACION REGIONAL,38
050404,AYACUCHO,LA MAR,CHILCAS,MOVIMIENTO INDEPENDIENTE REGIONAL TODOS CON AYACUCHO,335
050404,AYACUCHO,LA MAR,CHILCAS,MUSUQ ÑAN,49
050404,AYACUCHO,LA MAR,CHILCAS,PERU POSIBLE,19
050404,AYACUCHO,LA MAR,CHILCAS,QATUN TARPUY,442
050405,AYACUCHO,LA MAR,CHUNGUI,ALIANZA PARA EL PROGRESO,414
050405,AYACUCHO,LA MAR,CHUNGUI,MOVIMIENTO INDEPENDIENTE REGIONAL TODOS CON AYACUCHO,749
050405,AYACUCHO,LA MAR,CHUNGUI,PARTIDO DEMOCRATICO SOMOS PERU,581
050406,AYACUCHO,LA MAR,TAMBO,ALIANZA PARA EL PROGRESO,882
050406,AYACUCHO,LA MAR,TAMBO,MOVIMIENTO INDEPENDIENTE INNOVACION REGIONAL,63
050406,AYACUCHO,LA MAR,TAMBO,MOVIMIENTO INDEPENDIENTE REGIONAL TODOS CON AYACUCHO,1611
050406,AYACUCHO,LA MAR,TAMBO,MUSUQ ÑAN,891
050406,AYACUCHO,LA MAR,TAMBO,PERU POSIBLE,520
050406,AYACUCHO,LA MAR,TAMBO,QATUN TARPUY,1441
050406,AYACUCHO,LA MAR,TAMBO,UNIDOS POR EL DESARROLLO DE AYACUCHO,101
050407,AYACUCHO,LA MAR,LUIS CARRANZA,ALIANZA PARA EL PROGRESO,17
050407,AYACUCHO,LA MAR,LUIS CARRANZA,FRENTE REGIONAL TUNA,34
050407,AYACUCHO,LA MAR,LUIS CARRANZA,JUNTOS SI SE PUEDE,23
050407,AYACUCHO,LA MAR,LUIS CARRANZA,MOVIMIENTO INDEPENDIENTE INNOVACION REGIONAL,17
050407,AYACUCHO,LA MAR,LUIS CARRANZA,MOVIMIENTO INDEPENDIENTE REGIONAL TODOS CON AYACUCHO,154
050407,AYACUCHO,LA MAR,LUIS CARRANZA,MUSUQ ÑAN,74
050407,AYACUCHO,LA MAR,LUIS CARRANZA,PERU POSIBLE,26
050407,AYACUCHO,LA MAR,LUIS CARRANZA,QATUN TARPUY,193
050407,AYACUCHO,LA MAR,LUIS CARRANZA,UNIDOS POR EL DESARROLLO DE AYACUCHO,27
050408,AYACUCHO,LA MAR,SANTA ROSA,ALIANZA PARA EL PROGRESO,305
050408,AYACUCHO,LA MAR,SANTA ROSA,JUNTOS SI SE PUEDE,98
050408,AYACUCHO,LA MAR,SANTA ROSA,MOVIMIENTO INDEPENDIENTE INNOVACION REGIONAL,37
050408,AYACUCHO,LA MAR,SANTA ROSA,MOVIMIENTO INDEPENDIENTE REGIONAL TODOS CON AYACUCHO,908
050408,AYACUCHO,LA MAR,SANTA ROSA,MUSUQ ÑAN,1480
050408,AYACUCHO,LA MAR,SANTA ROSA,PARTIDO APRISTA PERUANO,9
050408,AYACUCHO,LA MAR,SANTA ROSA,PARTIDO DEMOCRATICO SOMOS PERU,21
050408,AYACUCHO,LA MAR,SANTA ROSA,PERU POSIBLE,100
050408,AYACUCHO,LA MAR,SANTA ROSA,QATUN TARPUY,1074
050502,AYACUCHO,LUCANAS,AUCARA,ALIANZA PARA EL PROGRESO,94
050502,AYACUCHO,LUCANAS,AUCARA,FRENTE REGIONAL TUNA,22
050502,AYACUCHO,LUCANAS,AUCARA,JUNTOS SI SE PUEDE,5
050502,AYACUCHO,LUCANAS,AUCARA,MOVIMIENTO INDEPENDIENTE INNOVACION REGIONAL,150
050502,AYACUCHO,LUCANAS,AUCARA,MOVIMIENTO INDEPENDIENTE REGIONAL TODOS CON AYACUCHO,149
050502,AYACUCHO,LUCANAS,AUCARA,PARTIDO APRISTA PERUANO,30
050502,AYACUCHO,LUCANAS,AUCARA,PERU POSIBLE,196
050502,AYACUCHO,LUCANAS,AUCARA,QATUN TARPUY,69
050502,AYACUCHO,LUCANAS,AUCARA,RESTAURACION NACIONAL,182
050502,AYACUCHO,LUCANAS,AUCARA,UNION POR EL PERU,114
050503,AYACUCHO,LUCANAS,CABANA,ALIANZA PARA EL PROGRESO,38
050503,AYACUCHO,LUCANAS,CABANA,FRENTE REGIONAL TUNA,142
050503,AYACUCHO,LUCANAS,CABANA,JUNTOS SI SE PUEDE,52
050503,AYACUCHO,LUCANAS,CABANA,MOVIMIENTO INDEPENDIENTE REGIONAL TODOS CON AYACUCHO,271
050503,AYACUCHO,LUCANAS,CABANA,PARTIDO APRISTA PERUANO,16
050503,AYACUCHO,LUCANAS,CABANA,QATUN TARPUY,14
050504,AYACUCHO,LUCANAS,CARMEN SALCEDO,FRENTE REGIONAL TUNA,143
050504,AYACUCHO,LUCANAS,CARMEN SALCEDO,MOVIMIENTO INDEPENDIENTE INNOVACION REGIONAL,91
050504,AYACUCHO,LUCANAS,CARMEN SALCEDO,MOVIMIENTO INDEPENDIENTE REGIONAL TODOS CON AYACUCHO,238
050504,AYACUCHO,LUCANAS,CARMEN SALCEDO,PARTIDO APRISTA PERUANO,120
050504,AYACUCHO,LUCANAS,CARMEN SALCEDO,PERU POSIBLE,8
050504,AYACUCHO,LUCANAS,CARMEN SALCEDO,QATUN TARPUY,25
050506,AYACUCHO,LUCANAS,CHAVIÑA,ALIANZA PARA EL PROGRESO,144
050506,AYACUCHO,LUCANAS,CHAVIÑA,JUNTOS SI SE PUEDE,47
050506,AYACUCHO,LUCANAS,CHAVIÑA,MOVIMIENTO INDEPENDIENTE REGIONAL TODOS CON AYACUCHO,433
050506,AYACUCHO,LUCANAS,CHAVIÑA,PARTIDO APRISTA PERUANO,182
050506,AYACUCHO,LUCANAS,CHAVIÑA,QATUN TARPUY,45
050508,AYACUCHO,LUCANAS,CHIPAO,ACCION POPULAR,4
050508,AYACUCHO,LUCANAS,CHIPAO,ALIANZA PARA EL PROGRESO,41
050508,AYACUCHO,LUCANAS,CHIPAO,FRENTE REGIONAL TUNA,121
050508,AYACUCHO,LUCANAS,CHIPAO,JUNTOS SI SE PUEDE,122
050508,AYACUCHO,LUCANAS,CHIPAO,MOVIMIENTO INDEPENDIENTE INNOVACION REGIONAL,44
050508,AYACUCHO,LUCANAS,CHIPAO,MOVIMIENTO INDEPENDIENTE REGIONAL TODOS CON AYACUCHO,138
050508,AYACUCHO,LUCANAS,CHIPAO,PARTIDO APRISTA PERUANO,330
050508,AYACUCHO,LUCANAS,CHIPAO,QATUN TARPUY,487
050510,AYACUCHO,LUCANAS,HUAC-HUAS,JUNTOS SI SE PUEDE,292
050510,AYACUCHO,LUCANAS,HUAC-HUAS,MOVIMIENTO INDEPENDIENTE INNOVACION REGIONAL,55
050510,AYACUCHO,LUCANAS,HUAC-HUAS,MOVIMIENTO INDEPENDIENTE REGIONAL TODOS CON AYACUCHO,35
050510,AYACUCHO,LUCANAS,HUAC-HUAS,PARTIDO APRISTA PERUANO,245
050510,AYACUCHO,LUCANAS,HUAC-HUAS,QATUN TARPUY,34
050511,AYACUCHO,LUCANAS,LARAMATE,ALIANZA PARA EL PROGRESO,124
050511,AYACUCHO,LUCANAS,LARAMATE,MOVIMIENTO INDEPENDIENTE REGIONAL TODOS CON AYACUCHO,229
050511,AYACUCHO,LUCANAS,LARAMATE,PARTIDO APRISTA PERUANO,156
050511,AYACUCHO,LUCANAS,LARAMATE,PERU POSIBLE,248
050511,AYACUCHO,LUCANAS,LARAMATE,QATUN TARPUY,63
050512,AYACUCHO,LUCANAS,LEONCIO PRADO,MOVIMIENTO INDEPENDIENTE INNOVACION REGIONAL,262
050512,AYACUCHO,LUCANAS,LEONCIO PRADO,MOVIMIENTO INDEPENDIENTE REGIONAL TODOS CON AYACUCHO,131
050512,AYACUCHO,LUCANAS,LEONCIO PRADO,PARTIDO APRISTA PERUANO,166
050513,AYACUCHO,LUCANAS,LUCANAS,ALIANZA PARA EL PROGRESO,383
050513,AYACUCHO,LUCANAS,LUCANAS,FRENTE REGIONAL TUNA,26
050513,AYACUCHO,LUCANAS,LUCANAS,JUNTOS SI SE PUEDE,242
050513,AYACUCHO,LUCANAS,LUCANAS,PARTIDO APRISTA PERUANO,170
050513,AYACUCHO,LUCANAS,LUCANAS,PERU POSIBLE,317
050513,AYACUCHO,LUCANAS,LUCANAS,QATUN TARPUY,51
050514,AYACUCHO,LUCANAS,LLAUTA,FRENTE REGIONAL TUNA,8
050514,AYACUCHO,LUCANAS,LLAUTA,MOVIMIENTO INDEPENDIENTE INNOVACION REGIONAL,270
050514,AYACUCHO,LUCANAS,LLAUTA,MOVIMIENTO INDEPENDIENTE REGIONAL TODOS CON AYACUCHO,206
050514,AYACUCHO,LUCANAS,LLAUTA,PARTIDO DEMOCRATICO SOMOS PERU,168
050516,AYACUCHO,LUCANAS,OCAÑA,JUNTOS SI SE PUEDE,110
050516,AYACUCHO,LUCANAS,OCAÑA,MOVIMIENTO INDEPENDIENTE INNOVACION REGIONAL,288
050516,AYACUCHO,LUCANAS,OCAÑA,MOVIMIENTO INDEPENDIENTE REGIONAL TODOS CON AYACUCHO,246
050516,AYACUCHO,LUCANAS,OCAÑA,UNION POR EL PERU,467
050517,AYACUCHO,LUCANAS,OTOCA,FRENTE REGIONAL TUNA,172
050517,AYACUCHO,LUCANAS,OTOCA,MOVIMIENTO INDEPENDIENTE INNOVACION REGIONAL,225
050517,AYACUCHO,LUCANAS,OTOCA,MOVIMIENTO INDEPENDIENTE REGIONAL TODOS CON AYACUCHO,217
050517,AYACUCHO,LUCANAS,OTOCA,PARTIDO APRISTA PERUANO,25
050517,AYACUCHO,LUCANAS,OTOCA,QATUN TARPUY,19
050520,AYACUCHO,LUCANAS,SANCOS,ACCION POPULAR,55
050520,AYACUCHO,LUCANAS,SANCOS,ALIANZA PARA EL PROGRESO,55
050520,AYACUCHO,LUCANAS,SANCOS,FRENTE REGIONAL TUNA,121
050520,AYACUCHO,LUCANAS,SANCOS,JUNTOS SI SE PUEDE,254
050520,AYACUCHO,LUCANAS,SANCOS,MOVIMIENTO INDEPENDIENTE INNOVACION REGIONAL,85
050520,AYACUCHO,LUCANAS,SANCOS,MOVIMIENTO INDEPENDIENTE REGIONAL TODOS CON AYACUCHO,320
050520,AYACUCHO,LUCANAS,SANCOS,MOVIMIENTO NUEVA IZQUIERDA,307
050520,AYACUCHO,LUCANAS,SANCOS,PARTIDO APRISTA PERUANO,35
050520,AYACUCHO,LUCANAS,SANCOS,QATUN TARPUY,85
050521,AYACUCHO,LUCANAS,SAN JUAN,ACCION POPULAR,126
050521,AYACUCHO,LUCANAS,SAN JUAN,ALIANZA PARA EL PROGRESO,31
050521,AYACUCHO,LUCANAS,SAN JUAN,FRENTE REGIONAL TUNA,15
050521,AYACUCHO,LUCANAS,SAN JUAN,MOVIMIENTO INDEPENDIENTE INNOVACION REGIONAL,70
050521,AYACUCHO,LUCANAS,SAN JUAN,PARTIDO APRISTA PERUANO,58
050521,AYACUCHO,LUCANAS,SAN JUAN,PERU POSIBLE,61
050522,AYACUCHO,LUCANAS,SAN PEDRO,ACCION POPULAR,372
050522,AYACUCHO,LUCANAS,SAN PEDRO,ALIANZA PARA EL PROGRESO,344
050522,AYACUCHO,LUCANAS,SAN PEDRO,FRENTE REGIONAL TUNA,35
050522,AYACUCHO,LUCANAS,SAN PEDRO,JUNTOS SI SE PUEDE,49
050522,AYACUCHO,LUCANAS,SAN PEDRO,MOVIMIENTO INDEPENDIENTE INNOVACION REGIONAL,41
050522,AYACUCHO,LUCANAS,SAN PEDRO,MOVIMIENTO INDEPENDIENTE REGIONAL TODOS CON AYACUCHO,84
050522,AYACUCHO,LUCANAS,SAN PEDRO,PARTIDO APRISTA PERUANO,190
050522,AYACUCHO,LUCANAS,SAN PEDRO,PERU POSIBLE,57
050524,AYACUCHO,LUCANAS,SANTA ANA DE HUAYCAHUACHO,FRENTE REGIONAL TUNA,87
050524,AYACUCHO,LUCANAS,SANTA ANA DE HUAYCAHUACHO,MOVIMIENTO INDEPENDIENTE INNOVACION REGIONAL,117
050524,AYACUCHO,LUCANAS,SANTA ANA DE HUAYCAHUACHO,MOVIMIENTO INDEPENDIENTE REGIONAL TODOS CON AYACUCHO,29
050524,AYACUCHO,LUCANAS,SANTA ANA DE HUAYCAHUACHO,PARTIDO APRISTA PERUANO,6
050524,AYACUCHO,LUCANAS,SANTA ANA DE HUAYCAHUACHO,QATUN TARPUY,12
050524,AYACUCHO,LUCANAS,SANTA ANA DE HUAYCAHUACHO,SIEMPRE UNIDOS,45
050525,AYACUCHO,LUCANAS,SANTA LUCIA,MOVIMIENTO INDEPENDIENTE INNOVACION REGIONAL,250
050525,AYACUCHO,LUCANAS,SANTA LUCIA,MOVIMIENTO INDEPENDIENTE REGIONAL TODOS CON AYACUCHO,161
050525,AYACUCHO,LUCANAS,SANTA LUCIA,PARTIDO APRISTA PERUANO,2
050525,AYACUCHO,LUCANAS,SANTA LUCIA,PERU POSIBLE,10
050525,AYACUCHO,LUCANAS,SANTA LUCIA,QATUN TARPUY,138
050529,AYACUCHO,LUCANAS,SAISA,FRENTE REGIONAL TUNA,23
050529,AYACUCHO,LUCANAS,SAISA,MOVIMIENTO INDEPENDIENTE INNOVACION REGIONAL,126
050529,AYACUCHO,LUCANAS,SAISA,MOVIMIENTO INDEPENDIENTE REGIONAL TODOS CON AYACUCHO,68
050531,AYACUCHO,LUCANAS,SAN PEDRO DE PALCO,JUNTOS SI SE PUEDE,83
050531,AYACUCHO,LUCANAS,SAN PEDRO DE PALCO,MOVIMIENTO INDEPENDIENTE INNOVACION REGIONAL,94
050531,AYACUCHO,LUCANAS,SAN PEDRO DE PALCO,MOVIMIENTO INDEPENDIENTE REGIONAL TODOS CON AYACUCHO,218
050531,AYACUCHO,LUCANAS,SAN PEDRO DE PALCO,PARTIDO APRISTA PERUANO,128
050531,AYACUCHO,LUCANAS,SAN PEDRO DE PALCO,PERU POSIBLE,40
050531,AYACUCHO,LUCANAS,SAN PEDRO DE PALCO,QATUN TARPUY,18
050531,AYACUCHO,LUCANAS,SAN PEDRO DE PALCO,UNION POR EL PERU,54
050532,AYACUCHO,LUCANAS,SAN CRISTOBAL,ACCION POPULAR,44
050532,AYACUCHO,LUCANAS,SAN CRISTOBAL,ALIANZA PARA EL PROGRESO,164
050532,AYACUCHO,LUCANAS,SAN CRISTOBAL,JUNTOS SI SE PUEDE,190
050532,AYACUCHO,LUCANAS,SAN CRISTOBAL,MOVIMIENTO INDEPENDIENTE INNOVACION REGIONAL,33
050532,AYACUCHO,LUCANAS,SAN CRISTOBAL,MOVIMIENTO INDEPENDIENTE REGIONAL TODOS CON AYACUCHO,187
050532,AYACUCHO,LUCANAS,SAN CRISTOBAL,PARTIDO APRISTA PERUANO,88
050604,AYACUCHO,PARINACOCHAS,CORONEL CASTAÑEDA,MOVIMIENTO INDEPENDIENTE INNOVACION REGIONAL,53
050604,AYACUCHO,PARINACOCHAS,CORONEL CASTAÑEDA,MOVIMIENTO INDEPENDIENTE REGIONAL TODOS CON AYACUCHO,219
050604,AYACUCHO,PARINACOCHAS,CORONEL CASTAÑEDA,QATUN TARPUY,61
050605,AYACUCHO,PARINACOCHAS,CHUMPI,ACCION POPULAR,265
050605,AYACUCHO,PARINACOCHAS,CHUMPI,ALIANZA PARA EL PROGRESO,72
050605,AYACUCHO,PARINACOCHAS,CHUMPI,MOVIMIENTO INDEPENDIENTE INNOVACION REGIONAL,151
050605,AYACUCHO,PARINACOCHAS,CHUMPI,MOVIMIENTO INDEPENDIENTE REGIONAL TODOS CON AYACUCHO,412
050605,AYACUCHO,PARINACOCHAS,CHUMPI,PERU POSIBLE,73
050608,AYACUCHO,PARINACOCHAS,PACAPAUSA,MOVIMIENTO INDEPENDIENTE INNOVACION REGIONAL,125
050608,AYACUCHO,PARINACOCHAS,PACAPAUSA,MOVIMIENTO INDEPENDIENTE REGIONAL TODOS CON AYACUCHO,96
050608,AYACUCHO,PARINACOCHAS,PACAPAUSA,QATUN TARPUY,64
050611,AYACUCHO,PARINACOCHAS,PULLO,ALIANZA PARA EL PROGRESO,44
050611,AYACUCHO,PARINACOCHAS,PULLO,MOVIMIENTO INDEPENDIENTE INNOVACION REGIONAL,572
050611,AYACUCHO,PARINACOCHAS,PULLO,MOVIMIENTO INDEPENDIENTE REGIONAL TODOS CON AYACUCHO,552
050611,AYACUCHO,PARINACOCHAS,PULLO,PERU POSIBLE,38
050612,AYACUCHO,PARINACOCHAS,PUYUSCA,ALIANZA PARA EL PROGRESO,76
050612,AYACUCHO,PARINACOCHAS,PUYUSCA,MOVIMIENTO INDEPENDIENTE INNOVACION REGIONAL,400
050612,AYACUCHO,PARINACOCHAS,PUYUSCA,MOVIMIENTO INDEPENDIENTE REGIONAL TODOS CON AYACUCHO,583
050612,AYACUCHO,PARINACOCHAS,PUYUSCA,PARTIDO APRISTA PERUANO,70
050615,AYACUCHO,PARINACOCHAS,SAN FRANCISCO DE RAVACAYCO,MOVIMIENTO INDEPENDIENTE INNOVACION REGIONAL,180
050615,AYACUCHO,PARINACOCHAS,SAN FRANCISCO DE RAVACAYCO,MOVIMIENTO INDEPENDIENTE REGIONAL TODOS CON AYACUCHO,129
050615,AYACUCHO,PARINACOCHAS,SAN FRANCISCO DE RAVACAYCO,QATUN TARPUY,52
050616,AYACUCHO,PARINACOCHAS,UPAHUACHO,JUNTOS SI SE PUEDE,36
050616,AYACUCHO,PARINACOCHAS,UPAHUACHO,MOVIMIENTO INDEPENDIENTE INNOVACION REGIONAL,278
050616,AYACUCHO,PARINACOCHAS,UPAHUACHO,MOVIMIENTO INDEPENDIENTE REGIONAL TODOS CON AYACUCHO,238
050616,AYACUCHO,PARINACOCHAS,UPAHUACHO,PARTIDO APRISTA PERUANO,37
050702,AYACUCHO,VICTOR FAJARDO,ALCAMENCA,ALIANZA PARA EL PROGRESO,235
050702,AYACUCHO,VICTOR FAJARDO,ALCAMENCA,FRENTE REGIONAL TUNA,158
050702,AYACUCHO,VICTOR FAJARDO,ALCAMENCA,JUNTOS SI SE PUEDE,50
050702,AYACUCHO,VICTOR FAJARDO,ALCAMENCA,MOVIMIENTO INDEPENDIENTE INNOVACION REGIONAL,43
050702,AYACUCHO,VICTOR FAJARDO,ALCAMENCA,MOVIMIENTO INDEPENDIENTE REGIONAL TODOS CON AYACUCHO,129
050702,AYACUCHO,VICTOR FAJARDO,ALCAMENCA,MUSUQ ÑAN,58
050702,AYACUCHO,VICTOR FAJARDO,ALCAMENCA,QATUN TARPUY,215
050703,AYACUCHO,VICTOR FAJARDO,APONGO,ALIANZA PARA EL PROGRESO,87
050703,AYACUCHO,VICTOR FAJARDO,APONGO,FRENTE REGIONAL TUNA,188
050703,AYACUCHO,VICTOR FAJARDO,APONGO,MUSUQ ÑAN,91
050703,AYACUCHO,VICTOR FAJARDO,APONGO,PERU POSIBLE,19
050703,AYACUCHO,VICTOR FAJARDO,APONGO,UNIDOS POR EL DESARROLLO DE AYACUCHO,75
050704,AYACUCHO,VICTOR FAJARDO,CANARIA,ALIANZA PARA EL PROGRESO,96
050704,AYACUCHO,VICTOR FAJARDO,CANARIA,FRENTE REGIONAL TUNA,166
050704,AYACUCHO,VICTOR FAJARDO,CANARIA,MOVIMIENTO INDEPENDIENTE INNOVACION REGIONAL,393
050704,AYACUCHO,VICTOR FAJARDO,CANARIA,MOVIMIENTO INDEPENDIENTE REGIONAL TODOS CON AYACUCHO,224
050704,AYACUCHO,VICTOR FAJARDO,CANARIA,MUSUQ ÑAN,73
050704,AYACUCHO,VICTOR FAJARDO,CANARIA,UNIDOS POR EL DESARROLLO DE AYACUCHO,69
050706,AYACUCHO,VICTOR FAJARDO,CAYARA,ALIANZA PARA EL PROGRESO,115
050706,AYACUCHO,VICTOR FAJARDO,CAYARA,FRENTE REGIONAL TUNA,62
050706,AYACUCHO,VICTOR FAJARDO,CAYARA,MOVIMIENTO INDEPENDIENTE INNOVACION REGIONAL,112
050706,AYACUCHO,VICTOR FAJARDO,CAYARA,PARTIDO APRISTA PERUANO,209
050707,AYACUCHO,VICTOR FAJARDO,COLCA,ALIANZA PARA EL PROGRESO,22
050707,AYACUCHO,VICTOR FAJARDO,COLCA,FRENTE REGIONAL TUNA,69
050707,AYACUCHO,VICTOR FAJARDO,COLCA,MOVIMIENTO INDEPENDIENTE INNOVACION REGIONAL,8
050707,AYACUCHO,VICTOR FAJARDO,COLCA,MOVIMIENTO INDEPENDIENTE REGIONAL TODOS CON AYACUCHO,225
050707,AYACUCHO,VICTOR FAJARDO,COLCA,QATUN TARPUY,287
050707,AYACUCHO,VICTOR FAJARDO,COLCA,UNIDOS POR EL DESARROLLO DE AYACUCHO,221
050708,AYACUCHO,VICTOR FAJARDO,HUALLA,ALIANZA PARA EL PROGRESO,71
050708,AYACUCHO,VICTOR FAJARDO,HUALLA,FRENTE REGIONAL TUNA,157
050708,AYACUCHO,VICTOR FAJARDO,HUALLA,MOVIMIENTO INDEPENDIENTE INNOVACION REGIONAL,114
050708,AYACUCHO,VICTOR FAJARDO,HUALLA,MOVIMIENTO INDEPENDIENTE REGIONAL TODOS CON AYACUCHO,39
050708,AYACUCHO,VICTOR FAJARDO,HUALLA,MUSUQ ÑAN,168
050708,AYACUCHO,VICTOR FAJARDO,HUALLA,QATUN TARPUY,113
050708,AYACUCHO,VICTOR FAJARDO,HUALLA,UNIDOS POR EL DESARROLLO DE AYACUCHO,98
050709,AYACUCHO,VICTOR FAJARDO,HUAMANQUIQUIA,ALIANZA PARA EL PROGRESO,92
050709,AYACUCHO,VICTOR FAJARDO,HUAMANQUIQUIA,FRENTE REGIONAL TUNA,138
050709,AYACUCHO,VICTOR FAJARDO,HUAMANQUIQUIA,MOVIMIENTO INDEPENDIENTE INNOVACION REGIONAL,64
050709,AYACUCHO,VICTOR FAJARDO,HUAMANQUIQUIA,MOVIMIENTO INDEPENDIENTE REGIONAL TODOS CON AYACUCHO,38
050709,AYACUCHO,VICTOR FAJARDO,HUAMANQUIQUIA,PARTIDO APRISTA PERUANO,41
050709,AYACUCHO,VICTOR FAJARDO,HUAMANQUIQUIA,QATUN TARPUY,111
050710,AYACUCHO,VICTOR FAJARDO,HUANCARAYLLA,ALIANZA PARA EL PROGRESO,280
050710,AYACUCHO,VICTOR FAJARDO,HUANCARAYLLA,FRENTE REGIONAL TUNA,191
050710,AYACUCHO,VICTOR FAJARDO,HUANCARAYLLA,MOVIMIENTO INDEPENDIENTE INNOVACION REGIONAL,35
050710,AYACUCHO,VICTOR FAJARDO,HUANCARAYLLA,MOVIMIENTO INDEPENDIENTE REGIONAL TODOS CON AYACUCHO,14
050710,AYACUCHO,VICTOR FAJARDO,HUANCARAYLLA,MUSUQ ÑAN,128
050710,AYACUCHO,VICTOR FAJARDO,HUANCARAYLLA,PARTIDO APRISTA PERUANO,9
050710,AYACUCHO,VICTOR FAJARDO,HUANCARAYLLA,UNIDOS POR EL DESARROLLO DE AYACUCHO,19
050713,AYACUCHO,VICTOR FAJARDO,SARHUA,ALIANZA PARA EL PROGRESO,199
050713,AYACUCHO,VICTOR FAJARDO,SARHUA,FRENTE REGIONAL TUNA,299
050713,AYACUCHO,VICTOR FAJARDO,SARHUA,MOVIMIENTO INDEPENDIENTE REGIONAL TODOS CON AYACUCHO,116
050713,AYACUCHO,VICTOR FAJARDO,SARHUA,MUSUQ ÑAN,74
050713,AYACUCHO,VICTOR FAJARDO,SARHUA,PERU POSIBLE,137
050713,AYACUCHO,VICTOR FAJARDO,SARHUA,QATUN TARPUY,212
050713,AYACUCHO,VICTOR FAJARDO,SARHUA,UNIDOS POR EL DESARROLLO DE AYACUCHO,35
050714,AYACUCHO,VICTOR FAJARDO,VILCANCHOS,ALIANZA PARA EL PROGRESO,140
050714,AYACUCHO,VICTOR FAJARDO,VILCANCHOS,FRENTE REGIONAL TUNA,158
050714,AYACUCHO,VICTOR FAJARDO,VILCANCHOS,MOVIMIENTO INDEPENDIENTE INNOVACION REGIONAL,126
050714,AYACUCHO,VICTOR FAJARDO,VILCANCHOS,MOVIMIENTO INDEPENDIENTE REGIONAL TODOS CON AYACUCHO,243
050714,AYACUCHO,VICTOR FAJARDO,VILCANCHOS,MUSUQ ÑAN,114
050714,AYACUCHO,VICTOR FAJARDO,VILCANCHOS,PARTIDO APRISTA PERUANO,71
050714,AYACUCHO,VICTOR FAJARDO,VILCANCHOS,PERU POSIBLE,55
050714,AYACUCHO,VICTOR FAJARDO,VILCANCHOS,QATUN TARPUY,61
050714,AYACUCHO,VICTOR FAJARDO,VILCANCHOS,RESTAURACION NACIONAL,25
050715,AYACUCHO,VICTOR FAJARDO,ASQUIPATA,ALIANZA PARA EL PROGRESO,182
050715,AYACUCHO,VICTOR FAJARDO,ASQUIPATA,MOVIMIENTO INDEPENDIENTE INNOVACION REGIONAL,96
050715,AYACUCHO,VICTOR FAJARDO,ASQUIPATA,MUSUQ ÑAN,12
050802,AYACUCHO,HUANCA SANCOS,SACSAMARCA,ALIANZA PARA EL PROGRESO,84
050802,AYACUCHO,HUANCA SANCOS,SACSAMARCA,FRENTE REGIONAL TUNA,272
050802,AYACUCHO,HUANCA SANCOS,SACSAMARCA,MOVIMIENTO INDEPENDIENTE INNOVACION REGIONAL,117
050802,AYACUCHO,HUANCA SANCOS,SACSAMARCA,MOVIMIENTO INDEPENDIENTE REGIONAL TODOS CON AYACUCHO,185
050802,AYACUCHO,HUANCA SANCOS,SACSAMARCA,QATUN TARPUY,147
050803,AYACUCHO,HUANCA SANCOS,SANTIAGO DE LUCANAMARCA,ALIANZA PARA EL PROGRESO,117
050803,AYACUCHO,HUANCA SANCOS,SANTIAGO DE LUCANAMARCA,FRENTE REGIONAL TUNA,44
050803,AYACUCHO,HUANCA SANCOS,SANTIAGO DE LUCANAMARCA,MOVIMIENTO INDEPENDIENTE INNOVACION REGIONAL,335
050803,AYACUCHO,HUANCA SANCOS,SANTIAGO DE LUCANAMARCA,MOVIMIENTO INDEPENDIENTE REGIONAL TODOS CON AYACUCHO,332
050803,AYACUCHO,HUANCA SANCOS,SANTIAGO DE LUCANAMARCA,QATUN TARPUY,167
050804,AYACUCHO,HUANCA SANCOS,CARAPO,ALIANZA PARA EL PROGRESO,186
050804,AYACUCHO,HUANCA SANCOS,CARAPO,FRENTE REGIONAL TUNA,237
050804,AYACUCHO,HUANCA SANCOS,CARAPO,MOVIMIENTO INDEPENDIENTE INNOVACION REGIONAL,318
050804,AYACUCHO,HUANCA SANCOS,CARAPO,MOVIMIENTO INDEPENDIENTE REGIONAL TODOS CON AYACUCHO,357
050902,AYACUCHO,VILCAS HUAMAN,VISCHONGO,ALIANZA PARA EL PROGRESO,167
050902,AYACUCHO,VILCAS HUAMAN,VISCHONGO,FRENTE REGIONAL TUNA,82
050902,AYACUCHO,VILCAS HUAMAN,VISCHONGO,MOVIMIENTO INDEPENDIENTE INNOVACION REGIONAL,303
050902,AYACUCHO,VILCAS HUAMAN,VISCHONGO,MOVIMIENTO INDEPENDIENTE REGIONAL TODOS CON AYACUCHO,364
050902,AYACUCHO,VILCAS HUAMAN,VISCHONGO,PARTIDO DEMOCRATICO SOMOS PERU,1
050902,AYACUCHO,VILCAS HUAMAN,VISCHONGO,PERU POSIBLE,24
050902,AYACUCHO,VILCAS HUAMAN,VISCHONGO,QATUN TARPUY,195
050902,AYACUCHO,VILCAS HUAMAN,VISCHONGO,RESTAURACION NACIONAL,252
050902,AYACUCHO,VILCAS HUAMAN,VISCHONGO,UNIDOS POR EL DESARROLLO DE AYACUCHO,451
050903,AYACUCHO,VILCAS HUAMAN,ACCOMARCA,FRENTE REGIONAL TUNA,305
050903,AYACUCHO,VILCAS HUAMAN,ACCOMARCA,JUNTOS SI SE PUEDE,32
050903,AYACUCHO,VILCAS HUAMAN,ACCOMARCA,MOVIMIENTO INDEPENDIENTE INNOVACION REGIONAL,329
050903,AYACUCHO,VILCAS HUAMAN,ACCOMARCA,PARTIDO APRISTA PERUANO,5
050903,AYACUCHO,VILCAS HUAMAN,ACCOMARCA,PERU POSIBLE,18
050904,AYACUCHO,VILCAS HUAMAN,CARHUANCA,ALIANZA PARA EL PROGRESO,78
050904,AYACUCHO,VILCAS HUAMAN,CARHUANCA,FRENTE REGIONAL TUNA,7
050904,AYACUCHO,VILCAS HUAMAN,CARHUANCA,JUNTOS SI SE PUEDE,44
050904,AYACUCHO,VILCAS HUAMAN,CARHUANCA,MOVIMIENTO INDEPENDIENTE INNOVACION REGIONAL,64
050904,AYACUCHO,VILCAS HUAMAN,CARHUANCA,MOVIMIENTO INDEPENDIENTE REGIONAL TODOS CON AYACUCHO,21
050904,AYACUCHO,VILCAS HUAMAN,CARHUANCA,PARTIDO APRISTA PERUANO,81
050904,AYACUCHO,VILCAS HUAMAN,CARHUANCA,PERU POSIBLE,12
050904,AYACUCHO,VILCAS HUAMAN,CARHUANCA,RESTAURACION NACIONAL,225
050904,AYACUCHO,VILCAS HUAMAN,CARHUANCA,UNIDOS POR EL DESARROLLO DE AYACUCHO,31
050905,AYACUCHO,VILCAS HUAMAN,CONCEPCION,ALIANZA PARA EL PROGRESO,14
050905,AYACUCHO,VILCAS HUAMAN,CONCEPCION,MOVIMIENTO INDEPENDIENTE INNOVACION REGIONAL,5
050905,AYACUCHO,VILCAS HUAMAN,CONCEPCION,MOVIMIENTO INDEPENDIENTE REGIONAL TODOS CON AYACUCHO,474
050905,AYACUCHO,VILCAS HUAMAN,CONCEPCION,PERU POSIBLE,63
050905,AYACUCHO,VILCAS HUAMAN,CONCEPCION,RESTAURACION NACIONAL,424
050906,AYACUCHO,VILCAS HUAMAN,HUAMBALPA,FRENTE REGIONAL TUNA,98
050906,AYACUCHO,VILCAS HUAMAN,HUAMBALPA,MOVIMIENTO INDEPENDIENTE INNOVACION REGIONAL,1
050906,AYACUCHO,VILCAS HUAMAN,HUAMBALPA,MOVIMIENTO INDEPENDIENTE REGIONAL TODOS CON AYACUCHO,228
050906,AYACUCHO,VILCAS HUAMAN,HUAMBALPA,PARTIDO APRISTA PERUANO,75
050906,AYACUCHO,VILCAS HUAMAN,HUAMBALPA,PERU POSIBLE,53
050906,AYACUCHO,VILCAS HUAMAN,HUAMBALPA,RESTAURACION NACIONAL,173
050906,AYACUCHO,VILCAS HUAMAN,HUAMBALPA,UNIDOS POR EL DESARROLLO DE AYACUCHO,257
050907,AYACUCHO,VILCAS HUAMAN,SAURAMA,JUNTOS SI SE PUEDE,85
050907,AYACUCHO,VILCAS HUAMAN,SAURAMA,MOVIMIENTO INDEPENDIENTE INNOVACION REGIONAL,40
050907,AYACUCHO,VILCAS HUAMAN,SAURAMA,MOVIMIENTO INDEPENDIENTE REGIONAL TODOS CON AYACUCHO,101
050907,AYACUCHO,VILCAS HUAMAN,SAURAMA,PERU POSIBLE,19
050907,AYACUCHO,VILCAS HUAMAN,SAURAMA,QATUN TARPUY,107
050907,AYACUCHO,VILCAS HUAMAN,SAURAMA,RESTAURACION NACIONAL,92
050907,AYACUCHO,VILCAS HUAMAN,SAURAMA,UNIDOS POR EL DESARROLLO DE AYACUCHO,20
050908,AYACUCHO,VILCAS HUAMAN,INDEPENDENCIA,FRENTE REGIONAL TUNA,51
050908,AYACUCHO,VILCAS HUAMAN,INDEPENDENCIA,MOVIMIENTO INDEPENDIENTE INNOVACION REGIONAL,169
050908,AYACUCHO,VILCAS HUAMAN,INDEPENDENCIA,MOVIMIENTO INDEPENDIENTE REGIONAL TODOS CON AYACUCHO,244
050908,AYACUCHO,VILCAS HUAMAN,INDEPENDENCIA,RESTAURACION NACIONAL,153
051002,AYACUCHO,PAUCAR DEL SARA SARA,COLTA,ALIANZA PARA EL PROGRESO,42
051002,AYACUCHO,PAUCAR DEL SARA SARA,COLTA,FRENTE REGIONAL TUNA,65
051002,AYACUCHO,PAUCAR DEL SARA SARA,COLTA,JUNTOS SI SE PUEDE,25
051002,AYACUCHO,PAUCAR DEL SARA SARA,COLTA,MOVIMIENTO INDEPENDIENTE REGIONAL TODOS CON AYACUCHO,71
051003,AYACUCHO,PAUCAR DEL SARA SARA,CORCULLA,FRENTE REGIONAL TUNA,39
051003,AYACUCHO,PAUCAR DEL SARA SARA,CORCULLA,JUNTOS SI SE PUEDE,73
051003,AYACUCHO,PAUCAR DEL SARA SARA,CORCULLA,MOVIMIENTO INDEPENDIENTE REGIONAL TODOS CON AYACUCHO,68
051004,AYACUCHO,PAUCAR DEL SARA SARA,LAMPA,ACCION POPULAR,57
051004,AYACUCHO,PAUCAR DEL SARA SARA,LAMPA,ALIANZA PARA EL PROGRESO,299
051004,AYACUCHO,PAUCAR DEL SARA SARA,LAMPA,FRENTE REGIONAL TUNA,40
051004,AYACUCHO,PAUCAR DEL SARA SARA,LAMPA,JUNTOS SI SE PUEDE,170
051004,AYACUCHO,PAUCAR DEL SARA SARA,LAMPA,MOVIMIENTO INDEPENDIENTE REGIONAL TODOS CON AYACUCHO,216
051004,AYACUCHO,PAUCAR DEL SARA SARA,LAMPA,PARTIDO APRISTA PERUANO,26
051004,AYACUCHO,PAUCAR DEL SARA SARA,LAMPA,PERU POSIBLE,41
051005,AYACUCHO,PAUCAR DEL SARA SARA,MARCABAMBA,ALIANZA PARA EL PROGRESO,118
051005,AYACUCHO,PAUCAR DEL SARA SARA,MARCABAMBA,JUNTOS SI SE PUEDE,42
051005,AYACUCHO,PAUCAR DEL SARA SARA,MARCABAMBA,MOVIMIENTO INDEPENDIENTE REGIONAL TODOS CON AYACUCHO,125
051005,AYACUCHO,PAUCAR DEL SARA SARA,MARCABAMBA,PARTIDO APRISTA PERUANO,29
051006,AYACUCHO,PAUCAR DEL SARA SARA,OYOLO,ACCION POPULAR,36
051006,AYACUCHO,PAUCAR DEL SARA SARA,OYOLO,FRENTE REGIONAL TUNA,71
051006,AYACUCHO,PAUCAR DEL SARA SARA,OYOLO,JUNTOS SI SE PUEDE,131
051006,AYACUCHO,PAUCAR DEL SARA SARA,OYOLO,MOVIMIENTO INDEPENDIENTE REGIONAL TODOS CON AYACUCHO,27
051006,AYACUCHO,PAUCAR DEL SARA SARA,OYOLO,PARTIDO APRISTA PERUANO,88
051007,AYACUCHO,PAUCAR DEL SARA SARA,PARARCA,ACCION POPULAR,27
051007,AYACUCHO,PAUCAR DEL SARA SARA,PARARCA,ALIANZA PARA EL PROGRESO,79
051007,AYACUCHO,PAUCAR DEL SARA SARA,PARARCA,JUNTOS SI SE PUEDE,76
051007,AYACUCHO,PAUCAR DEL SARA SARA,PARARCA,MOVIMIENTO INDEPENDIENTE INNOVACION REGIONAL,18
051007,AYACUCHO,PAUCAR DEL SARA SARA,PARARCA,MOVIMIENTO INDEPENDIENTE REGIONAL TODOS CON AYACUCHO,71
051007,AYACUCHO,PAUCAR DEL SARA SARA,PARARCA,PARTIDO APRISTA PERUANO,13
051008,AYACUCHO,PAUCAR DEL SARA SARA,SAN JAVIER DE ALPABAMBA,ACCION POPULAR,47
051008,AYACUCHO,PAUCAR DEL SARA SARA,SAN JAVIER DE ALPABAMBA,FRENTE REGIONAL TUNA,124
051008,AYACUCHO,PAUCAR DEL SARA SARA,SAN JAVIER DE ALPABAMBA,JUNTOS SI SE PUEDE,9
051008,AYACUCHO,PAUCAR DEL SARA SARA,SAN JAVIER DE ALPABAMBA,PARTIDO APRISTA PERUANO,8
051008,AYACUCHO,PAUCAR DEL SARA SARA,SAN JAVIER DE ALPABAMBA,PERU POSIBLE,36
051009,AYACUCHO,PAUCAR DEL SARA SARA,SAN JOSE DE USHUA,FRENTE REGIONAL TUNA,26
051009,AYACUCHO,PAUCAR DEL SARA SARA,SAN JOSE DE USHUA,JUNTOS SI SE PUEDE,49
051009,AYACUCHO,PAUCAR DEL SARA SARA,SAN JOSE DE USHUA,PARTIDO APRISTA PERUANO,31
051010,AYACUCHO,PAUCAR DEL SARA SARA,SARA SARA,ALIANZA PARA EL PROGRESO,57
051010,AYACUCHO,PAUCAR DEL SARA SARA,SARA SARA,FRENTE REGIONAL TUNA,48
051010,AYACUCHO,PAUCAR DEL SARA SARA,SARA SARA,JUNTOS SI SE PUEDE,19
051010,AYACUCHO,PAUCAR DEL SARA SARA,SARA SARA,MOVIMIENTO INDEPENDIENTE REGIONAL TODOS CON AYACUCHO,77
051010,AYACUCHO,PAUCAR DEL SARA SARA,SARA SARA,PARTIDO APRISTA PERUANO,47
051010,AYACUCHO,PAUCAR DEL SARA SARA,SARA SARA,PERU POSIBLE,61
051102,AYACUCHO,SUCRE,BELEN,ALIANZA PARA EL PROGRESO,17
051102,AYACUCHO,SUCRE,BELEN,FRENTE REGIONAL TUNA,29
051102,AYACUCHO,SUCRE,BELEN,MOVIMIENTO INDEPENDIENTE REGIONAL TODOS CON AYACUCHO,79
051102,AYACUCHO,SUCRE,BELEN,PARTIDO APRISTA PERUANO,70
051102,AYACUCHO,SUCRE,BELEN,QATUN TARPUY,7
051103,AYACUCHO,SUCRE,CHALCOS,ALIANZA PARA EL PROGRESO,81
051103,AYACUCHO,SUCRE,CHALCOS,FRENTE REGIONAL TUNA,22
051103,AYACUCHO,SUCRE,CHALCOS,MOVIMIENTO INDEPENDIENTE INNOVACION REGIONAL,33
051103,AYACUCHO,SUCRE,CHALCOS,MOVIMIENTO INDEPENDIENTE REGIONAL TODOS CON AYACUCHO,67
051103,AYACUCHO,SUCRE,CHALCOS,QATUN TARPUY,69
051104,AYACUCHO,SUCRE,SAN SALVADOR DE QUIJE,ALIANZA PARA EL PROGRESO,50
051104,AYACUCHO,SUCRE,SAN SALVADOR DE QUIJE,FRENTE REGIONAL TUNA,29
051104,AYACUCHO,SUCRE,SAN SALVADOR DE QUIJE,MOVIMIENTO INDEPENDIENTE INNOVACION REGIONAL,97
051104,AYACUCHO,SUCRE,SAN SALVADOR DE QUIJE,MOVIMIENTO INDEPENDIENTE REGIONAL TODOS CON AYACUCHO,124
051104,AYACUCHO,SUCRE,SAN SALVADOR DE QUIJE,PARTIDO APRISTA PERUANO,17
051104,AYACUCHO,SUCRE,SAN SALVADOR DE QUIJE,QATUN TARPUY,207
051104,AYACUCHO,SUCRE,SAN SALVADOR DE QUIJE,UNIDOS POR EL DESARROLLO DE AYACUCHO,13
051105,AYACUCHO,SUCRE,PAICO,FRENTE REGIONAL TUNA,13
051105,AYACUCHO,SUCRE,PAICO,MOVIMIENTO INDEPENDIENTE INNOVACION REGIONAL,191
051105,AYACUCHO,SUCRE,PAICO,MOVIMIENTO INDEPENDIENTE REGIONAL TODOS CON AYACUCHO,160
051106,AYACUCHO,SUCRE,SANTIAGO DE PAUCARAY,FRENTE REGIONAL TUNA,51
051106,AYACUCHO,SUCRE,SANTIAGO DE PAUCARAY,MOVIMIENTO INDEPENDIENTE INNOVACION REGIONAL,74
051106,AYACUCHO,SUCRE,SANTIAGO DE PAUCARAY,MOVIMIENTO INDEPENDIENTE REGIONAL TODOS CON AYACUCHO,86
051106,AYACUCHO,SUCRE,SANTIAGO DE PAUCARAY,PARTIDO APRISTA PERUANO,17
051106,AYACUCHO,SUCRE,SANTIAGO DE PAUCARAY,QATUN TARPUY,31
051106,AYACUCHO,SUCRE,SANTIAGO DE PAUCARAY,UNIDOS POR EL DESARROLLO DE AYACUCHO,77
051107,AYACUCHO,SUCRE,SAN PEDRO DE LARCAY,ALIANZA PARA EL PROGRESO,76
051107,AYACUCHO,SUCRE,SAN PEDRO DE LARCAY,FRENTE REGIONAL TUNA,54
051107,AYACUCHO,SUCRE,SAN PEDRO DE LARCAY,MOVIMIENTO INDEPENDIENTE INNOVACION REGIONAL,71
051107,AYACUCHO,SUCRE,SAN PEDRO DE LARCAY,MOVIMIENTO INDEPENDIENTE REGIONAL TODOS CON AYACUCHO,124
051108,AYACUCHO,SUCRE,SORAS,ALIANZA PARA EL PROGRESO,68
051108,AYACUCHO,SUCRE,SORAS,FRENTE REGIONAL TUNA,7
051108,AYACUCHO,SUCRE,SORAS,MOVIMIENTO INDEPENDIENTE INNOVACION REGIONAL,168
051108,AYACUCHO,SUCRE,SORAS,MOVIMIENTO INDEPENDIENTE REGIONAL TODOS CON AYACUCHO,143
051109,AYACUCHO,SUCRE,HUACAÑA,ALIANZA PARA EL PROGRESO,9
051109,AYACUCHO,SUCRE,HUACAÑA,FRENTE REGIONAL TUNA,80
051109,AYACUCHO,SUCRE,HUACAÑA,MOVIMIENTO INDEPENDIENTE INNOVACION REGIONAL,28
051109,AYACUCHO,SUCRE,HUACAÑA,MOVIMIENTO INDEPENDIENTE REGIONAL TODOS CON AYACUCHO,41
051109,AYACUCHO,SUCRE,HUACAÑA,PARTIDO APRISTA PERUANO,21
051109,AYACUCHO,SUCRE,HUACAÑA,QATUN TARPUY,55
051110,AYACUCHO,SUCRE,CHILCAYOC,ALIANZA PARA EL PROGRESO,7
051110,AYACUCHO,SUCRE,CHILCAYOC,FRENTE REGIONAL TUNA,94
051110,AYACUCHO,SUCRE,CHILCAYOC,MOVIMIENTO INDEPENDIENTE INNOVACION REGIONAL,31
051110,AYACUCHO,SUCRE,CHILCAYOC,MOVIMIENTO INDEPENDIENTE REGIONAL TODOS CON AYACUCHO,87
051110,AYACUCHO,SUCRE,CHILCAYOC,PARTIDO APRISTA PERUANO,14
051110,AYACUCHO,SUCRE,CHILCAYOC,QATUN TARPUY,37
051111,AYACUCHO,SUCRE,MORCOLLA,FRENTE REGIONAL TUNA,96
051111,AYACUCHO,SUCRE,MORCOLLA,MOVIMIENTO INDEPENDIENTE INNOVACION REGIONAL,95
051111,AYACUCHO,SUCRE,MORCOLLA,MOVIMIENTO INDEPENDIENTE REGIONAL TODOS CON AYACUCHO,132
051111,AYACUCHO,SUCRE,MORCOLLA,PARTIDO APRISTA PERUANO,2
051111,AYACUCHO,SUCRE,MORCOLLA,QATUN TARPUY,312
060102,CAJAMARCA,CAJAMARCA,ASUNCION,ACCION POPULAR,104
060102,CAJAMARCA,CAJAMARCA,ASUNCION,ALIANZA PARA EL PROGRESO,3
060102,CAJAMARCA,CAJAMARCA,ASUNCION,EL AGRO A LA REGION,1
060102,CAJAMARCA,CAJAMARCA,ASUNCION,FRENTE INDEPENDIENTE REGIONAL,3
060102,CAJAMARCA,CAJAMARCA,ASUNCION,FRENTE REGIONAL DE CAJAMARCA,147
060102,CAJAMARCA,CAJAMARCA,ASUNCION,MOVIMIENTO REGIONAL FUERZA SOCIAL CAJAMARCA,7
060102,CAJAMARCA,CAJAMARCA,ASUNCION,PARTIDO APRISTA PERUANO,223
060102,CAJAMARCA,CAJAMARCA,ASUNCION,RESTAURACION NACIONAL,38
060102,CAJAMARCA,CAJAMARCA,ASUNCION,UNION POR EL PERU,147
060103,CAJAMARCA,CAJAMARCA,COSPAN,ACCION POPULAR,1663
060103,CAJAMARCA,CAJAMARCA,COSPAN,ALIANZA CAJAMARCA SIEMPRE VERDE - FUERZA 2011,18
060103,CAJAMARCA,CAJAMARCA,COSPAN,ALIANZA PARA EL PROGRESO,315
060103,CAJAMARCA,CAJAMARCA,COSPAN,FRENTE REGIONAL DE CAJAMARCA,48
060103,CAJAMARCA,CAJAMARCA,COSPAN,MOVIMIENTO REGIONAL FUERZA SOCIAL CAJAMARCA,2
060103,CAJAMARCA,CAJAMARCA,COSPAN,PARTIDO APRISTA PERUANO,827
060103,CAJAMARCA,CAJAMARCA,COSPAN,RESTAURACION NACIONAL,107
060104,CAJAMARCA,CAJAMARCA,CHETILLA,ALIANZA CAJAMARCA SIEMPRE VERDE - FUERZA 2011,132
060104,CAJAMARCA,CAJAMARCA,CHETILLA,FRENTE INDEPENDIENTE REGIONAL,203
060104,CAJAMARCA,CAJAMARCA,CHETILLA,FRENTE REGIONAL DE CAJAMARCA,379
060104,CAJAMARCA,CAJAMARCA,CHETILLA,MOVIMIENTO REGIONAL FUERZA SOCIAL CAJAMARCA,135
060104,CAJAMARCA,CAJAMARCA,CHETILLA,PARTIDO APRISTA PERUANO,607
060104,CAJAMARCA,CAJAMARCA,CHETILLA,RESTAURACION NACIONAL,95
060104,CAJAMARCA,CAJAMARCA,CHETILLA,UNION POR EL PERU,230
060105,CAJAMARCA,CAJAMARCA,ENCAÑADA,ACCION POPULAR,46
060105,CAJAMARCA,CAJAMARCA,ENCAÑADA,ALIANZA CAJAMARCA SIEMPRE VERDE - FUERZA 2011,1768
060105,CAJAMARCA,CAJAMARCA,ENCAÑADA,ALIANZA PARA EL PROGRESO,550
060105,CAJAMARCA,CAJAMARCA,ENCAÑADA,COMPROMISO CAMPESINO,778
060105,CAJAMARCA,CAJAMARCA,ENCAÑADA,EL AGRO A LA REGION,56
060105,CAJAMARCA,CAJAMARCA,ENCAÑADA,FONAVISTAS DEL PERU,24
060105,CAJAMARCA,CAJAMARCA,ENCAÑADA,FRENTE INDEPENDIENTE REGIONAL,69
060105,CAJAMARCA,CAJAMARCA,ENCAÑADA,FRENTE REGIONAL DE CAJAMARCA,2600
060105,CAJAMARCA,CAJAMARCA,ENCAÑADA,MOVIMIENTO DE INNOVACION CAJAMARCA,58
060105,CAJAMARCA,CAJAMARCA,ENCAÑADA,MOVIMIENTO REGIONAL FUERZA SOCIAL CAJAMARCA,631
060105,CAJAMARCA,CAJAMARCA,ENCAÑADA,PARTIDO APRISTA PERUANO,632
060105,CAJAMARCA,CAJAMARCA,ENCAÑADA,PERU POSIBLE,1751
060105,CAJAMARCA,CAJAMARCA,ENCAÑADA,RESTAURACION NACIONAL,2376
060105,CAJAMARCA,CAJAMARCA,ENCAÑADA,SIEMPRE UNIDOS,988
060105,CAJAMARCA,CAJAMARCA,ENCAÑADA,UNION POR EL PERU,184
060106,CAJAMARCA,CAJAMARCA,JESUS,ACCION POPULAR,1960
060106,CAJAMARCA,CAJAMARCA,JESUS,ALIANZA PARA EL PROGRESO,117
060106,CAJAMARCA,CAJAMARCA,JESUS,EL AGRO A LA REGION,246
060106,CAJAMARCA,CAJAMARCA,JESUS,FRENTE INDEPENDIENTE REGIONAL,71
060106,CAJAMARCA,CAJAMARCA,JESUS,FRENTE REGIONAL DE CAJAMARCA,643
060106,CAJAMARCA,CAJAMARCA,JESUS,MOVIMIENTO REGIONAL FUERZA SOCIAL CAJAMARCA,111
060106,CAJAMARCA,CAJAMARCA,JESUS,PARTIDO APRISTA PERUANO,1523
060106,CAJAMARCA,CAJAMARCA,JESUS,PERU POSIBLE,21
060106,CAJAMARCA,CAJAMARCA,JESUS,RESTAURACION NACIONAL,759
060107,CAJAMARCA,CAJAMARCA,LOS BAÑOS DEL INCA,ALIANZA CAJAMARCA SIEMPRE VERDE - FUERZA 2011,290
060107,CAJAMARCA,CAJAMARCA,LOS BAÑOS DEL INCA,BAÑOSINOS EN ACCION,4956
060107,CAJAMARCA,CAJAMARCA,LOS BAÑOS DEL INCA,EL AGRO A LA REGION,709
060107,CAJAMARCA,CAJAMARCA,LOS BAÑOS DEL INCA,FRENTE INDEPENDIENTE REGIONAL,3326
060107,CAJAMARCA,CAJAMARCA,LOS BAÑOS DEL INCA,FRENTE REGIONAL DE CAJAMARCA,1003
060107,CAJAMARCA,CAJAMARCA,LOS BAÑOS DEL INCA,MOVIMIENTO REGIONAL FUERZA SOCIAL CAJAMARCA,2959
060107,CAJAMARCA,CAJAMARCA,LOS BAÑOS DEL INCA,PARTIDO APRISTA PERUANO,385
060107,CAJAMARCA,CAJAMARCA,LOS BAÑOS DEL INCA,PERU POSIBLE,241
060107,CAJAMARCA,CAJAMARCA,LOS BAÑOS DEL INCA,RESTAURACION NACIONAL,1035
060107,CAJAMARCA,CAJAMARCA,LOS BAÑOS DEL INCA,SIEMPRE UNIDOS,179
060108,CAJAMARCA,CAJAMARCA,LLACANORA,ALIANZA CAJAMARCA SIEMPRE VERDE - FUERZA 2011,259
060108,CAJAMARCA,CAJAMARCA,LLACANORA,ALIANZA PARA EL PROGRESO,73
060108,CAJAMARCA,CAJAMARCA,LLACANORA,EL AGRO A LA REGION,45
060108,CAJAMARCA,CAJAMARCA,LLACANORA,FRENTE INDEPENDIENTE REGIONAL,223
060108,CAJAMARCA,CAJAMARCA,LLACANORA,FRENTE REGIONAL DE CAJAMARCA,534
060108,CAJAMARCA,CAJAMARCA,LLACANORA,MOVIMIENTO DE AFIRMACION  SOCIAL,339
060108,CAJAMARCA,CAJAMARCA,LLACANORA,MOVIMIENTO REGIONAL FUERZA SOCIAL CAJAMARCA,438
060108,CAJAMARCA,CAJAMARCA,LLACANORA,PARTIDO APRISTA PERUANO,355
060108,CAJAMARCA,CAJAMARCA,LLACANORA,PERU POSIBLE,33
060108,CAJAMARCA,CAJAMARCA,LLACANORA,RESTAURACION NACIONAL,225
060109,CAJAMARCA,CAJAMARCA,MAGDALENA,ACCION POPULAR,5
060109,CAJAMARCA,CAJAMARCA,MAGDALENA,ALIANZA CAJAMARCA SIEMPRE VERDE - FUERZA 2011,97
060109,CAJAMARCA,CAJAMARCA,MAGDALENA,ALIANZA PARA EL PROGRESO,20
060109,CAJAMARCA,CAJAMARCA,MAGDALENA,EL AGRO A LA REGION,17
060109,CAJAMARCA,CAJAMARCA,MAGDALENA,FRENTE INDEPENDIENTE REGIONAL,159
060109,CAJAMARCA,CAJAMARCA,MAGDALENA,FRENTE REGIONAL DE CAJAMARCA,134
060109,CAJAMARCA,CAJAMARCA,MAGDALENA,MOVIMIENTO REGIONAL FUERZA SOCIAL CAJAMARCA,37
060109,CAJAMARCA,CAJAMARCA,MAGDALENA,PARTIDO APRISTA PERUANO,20
060109,CAJAMARCA,CAJAMARCA,MAGDALENA,PERU POSIBLE,200
060109,CAJAMARCA,CAJAMARCA,MAGDALENA,RESTAURACION NACIONAL,37
060109,CAJAMARCA,CAJAMARCA,MAGDALENA,TIERRA Y LIBERTAD,2
060109,CAJAMARCA,CAJAMARCA,MAGDALENA,UNION POR EL PERU,164
060110,CAJAMARCA,CAJAMARCA,MATARA,ALIANZA PARA EL PROGRESO,120
060110,CAJAMARCA,CAJAMARCA,MATARA,FRENTE INDEPENDIENTE REGIONAL,32
060110,CAJAMARCA,CAJAMARCA,MATARA,MOVIMIENTO REGIONAL FUERZA SOCIAL CAJAMARCA,556
060110,CAJAMARCA,CAJAMARCA,MATARA,PARTIDO APRISTA PERUANO,866
060110,CAJAMARCA,CAJAMARCA,MATARA,RESTAURACION NACIONAL,820
060111,CAJAMARCA,CAJAMARCA,NAMORA,ACCION POPULAR,773
060111,CAJAMARCA,CAJAMARCA,NAMORA,ALIANZA CAJAMARCA SIEMPRE VERDE - FUERZA 2011,314
060111,CAJAMARCA,CAJAMARCA,NAMORA,ALIANZA PARA EL PROGRESO,31
060111,CAJAMARCA,CAJAMARCA,NAMORA,FRENTE INDEPENDIENTE REGIONAL,137
060111,CAJAMARCA,CAJAMARCA,NAMORA,FRENTE REGIONAL DE CAJAMARCA,447
060111,CAJAMARCA,CAJAMARCA,NAMORA,MOVIMIENTO DE AFIRMACION  SOCIAL,173
060111,CAJAMARCA,CAJAMARCA,NAMORA,MOVIMIENTO REGIONAL FUERZA SOCIAL CAJAMARCA,453
060111,CAJAMARCA,CAJAMARCA,NAMORA,PARTIDO APRISTA PERUANO,907
060111,CAJAMARCA,CAJAMARCA,NAMORA,PARTIDO DEMOCRATICO SOMOS PERU,861
060111,CAJAMARCA,CAJAMARCA,NAMORA,RESTAURACION NACIONAL,246
060112,CAJAMARCA,CAJAMARCA,SAN JUAN,ALIANZA CAJAMARCA SIEMPRE VERDE - FUERZA 2011,209
060112,CAJAMARCA,CAJAMARCA,SAN JUAN,ALIANZA PARA EL PROGRESO,44
060112,CAJAMARCA,CAJAMARCA,SAN JUAN,FRENTE INDEPENDIENTE REGIONAL,130
060112,CAJAMARCA,CAJAMARCA,SAN JUAN,FRENTE REGIONAL DE CAJAMARCA,1031
060112,CAJAMARCA,CAJAMARCA,SAN JUAN,MOVIMIENTO REGIONAL FUERZA SOCIAL CAJAMARCA,42
060112,CAJAMARCA,CAJAMARCA,SAN JUAN,PARTIDO APRISTA PERUANO,91
060112,CAJAMARCA,CAJAMARCA,SAN JUAN,PERU POSIBLE,177
060112,CAJAMARCA,CAJAMARCA,SAN JUAN,RESTAURACION NACIONAL,483
060202,CAJAMARCA,CAJABAMBA,CACHACHI,ACCION POPULAR,1385
060202,CAJAMARCA,CAJABAMBA,CACHACHI,ALIANZA CAJAMARCA SIEMPRE VERDE - FUERZA 2011,183
060202,CAJAMARCA,CAJABAMBA,CACHACHI,ALIANZA PARA EL PROGRESO,85
060202,CAJAMARCA,CAJABAMBA,CACHACHI,EL AGRO A LA REGION,124
060202,CAJAMARCA,CAJABAMBA,CACHACHI,GLORIABAMBA,274
060202,CAJAMARCA,CAJABAMBA,CACHACHI,MOVIMIENTO DE AFIRMACION  SOCIAL,141
060202,CAJAMARCA,CAJABAMBA,CACHACHI,MOVIMIENTO REGIONAL FUERZA SOCIAL CAJAMARCA,790
060202,CAJAMARCA,CAJABAMBA,CACHACHI,PARTIDO APRISTA PERUANO,2032
060203,CAJAMARCA,CAJABAMBA,CONDEBAMBA,ALIANZA CAJAMARCA SIEMPRE VERDE - FUERZA 2011,953
060203,CAJAMARCA,CAJABAMBA,CONDEBAMBA,ALIANZA PARA EL PROGRESO,326
060203,CAJAMARCA,CAJABAMBA,CONDEBAMBA,EL AGRO A LA REGION,422
060203,CAJAMARCA,CAJABAMBA,CONDEBAMBA,GLORIABAMBA,1178
060203,CAJAMARCA,CAJABAMBA,CONDEBAMBA,MOVIMIENTO DE AFIRMACION  SOCIAL,363
060203,CAJAMARCA,CAJABAMBA,CONDEBAMBA,MOVIMIENTO REGIONAL FUERZA SOCIAL CAJAMARCA,541
060203,CAJAMARCA,CAJABAMBA,CONDEBAMBA,PARTIDO APRISTA PERUANO,172
060205,CAJAMARCA,CAJABAMBA,SITACOCHA,ACCION POPULAR,79
060205,CAJAMARCA,CAJABAMBA,SITACOCHA,ALIANZA CAJAMARCA SIEMPRE VERDE - FUERZA 2011,17
060205,CAJAMARCA,CAJABAMBA,SITACOCHA,ALIANZA PARA EL PROGRESO,70
060205,CAJAMARCA,CAJABAMBA,SITACOCHA,GLORIABAMBA,881
060205,CAJAMARCA,CAJABAMBA,SITACOCHA,MOVIMIENTO DE AFIRMACION  SOCIAL,587
060205,CAJAMARCA,CAJABAMBA,SITACOCHA,MOVIMIENTO REGIONAL FUERZA SOCIAL CAJAMARCA,574
060205,CAJAMARCA,CAJABAMBA,SITACOCHA,PARTIDO APRISTA PERUANO,68
060205,CAJAMARCA,CAJABAMBA,SITACOCHA,PARTIDO HUMANISTA PERUANO,55
060302,CAJAMARCA,CELENDIN,CORTEGANA,ALIANZA PARA EL PROGRESO,153
060302,CAJAMARCA,CELENDIN,CORTEGANA,FRENTE REGIONAL DE CAJAMARCA,684
060302,CAJAMARCA,CELENDIN,CORTEGANA,MOVIMIENTO DE AFIRMACION  SOCIAL,228
060302,CAJAMARCA,CELENDIN,CORTEGANA,MOVIMIENTO REGIONAL FUERZA SOCIAL CAJAMARCA,1172
060302,CAJAMARCA,CELENDIN,CORTEGANA,PERU POSIBLE,664
060303,CAJAMARCA,CELENDIN,CHUMUCH,FRENTE REGIONAL DE CAJAMARCA,400
060303,CAJAMARCA,CELENDIN,CHUMUCH,MOVIMIENTO DE AFIRMACION  SOCIAL,371
060303,CAJAMARCA,CELENDIN,CHUMUCH,MOVIMIENTO REGIONAL FUERZA SOCIAL CAJAMARCA,82
060303,CAJAMARCA,CELENDIN,CHUMUCH,PARTIDO APRISTA PERUANO,66
060303,CAJAMARCA,CELENDIN,CHUMUCH,PERU POSIBLE,263
060303,CAJAMARCA,CELENDIN,CHUMUCH,UNION POR EL PERU,56
060304,CAJAMARCA,CELENDIN,HUASMIN,ALIANZA PARA EL PROGRESO,196
060304,CAJAMARCA,CELENDIN,HUASMIN,FRENTE REGIONAL DE CAJAMARCA,1800
060304,CAJAMARCA,CELENDIN,HUASMIN,MOVIMIENTO DE AFIRMACION  SOCIAL,1967
060304,CAJAMARCA,CELENDIN,HUASMIN,MOVIMIENTO REGIONAL FUERZA SOCIAL CAJAMARCA,38
060304,CAJAMARCA,CELENDIN,HUASMIN,PERU POSIBLE,947
060304,CAJAMARCA,CELENDIN,HUASMIN,UNION POR EL PERU,38
060305,CAJAMARCA,CELENDIN,JORGE CHAVEZ,ACCION POPULAR,9
060305,CAJAMARCA,CELENDIN,JORGE CHAVEZ,FRENTE REGIONAL DE CAJAMARCA,102
060305,CAJAMARCA,CELENDIN,JORGE CHAVEZ,MOVIMIENTO DE AFIRMACION  SOCIAL,87
060305,CAJAMARCA,CELENDIN,JORGE CHAVEZ,MOVIMIENTO REGIONAL FUERZA SOCIAL CAJAMARCA,13
060305,CAJAMARCA,CELENDIN,JORGE CHAVEZ,PARTIDO APRISTA PERUANO,99
060305,CAJAMARCA,CELENDIN,JORGE CHAVEZ,PERU POSIBLE,60
060305,CAJAMARCA,CELENDIN,JORGE CHAVEZ,TODOS POR EL PERU,177
060306,CAJAMARCA,CELENDIN,JOSE GALVEZ,ACCION POPULAR,57
060306,CAJAMARCA,CELENDIN,JOSE GALVEZ,ALIANZA PARA EL PROGRESO,152
060306,CAJAMARCA,CELENDIN,JOSE GALVEZ,FRENTE REGIONAL DE CAJAMARCA,419
060306,CAJAMARCA,CELENDIN,JOSE GALVEZ,MOVIMIENTO DE AFIRMACION  SOCIAL,81
060306,CAJAMARCA,CELENDIN,JOSE GALVEZ,MOVIMIENTO REGIONAL FUERZA SOCIAL CAJAMARCA,409
060306,CAJAMARCA,CELENDIN,JOSE GALVEZ,PARTIDO APRISTA PERUANO,188
060306,CAJAMARCA,CELENDIN,JOSE GALVEZ,PERU POSIBLE,82
060307,CAJAMARCA,CELENDIN,MIGUEL IGLESIAS,ALIANZA PARA EL PROGRESO,498
060307,CAJAMARCA,CELENDIN,MIGUEL IGLESIAS,FRENTE REGIONAL DE CAJAMARCA,38
060307,CAJAMARCA,CELENDIN,MIGUEL IGLESIAS,MOVIMIENTO DE AFIRMACION  SOCIAL,166
060307,CAJAMARCA,CELENDIN,MIGUEL IGLESIAS,MOVIMIENTO REGIONAL FUERZA SOCIAL CAJAMARCA,137
060307,CAJAMARCA,CELENDIN,MIGUEL IGLESIAS,PARTIDO APRISTA PERUANO,179
060307,CAJAMARCA,CELENDIN,MIGUEL IGLESIAS,PERU POSIBLE,918
060308,CAJAMARCA,CELENDIN,OXAMARCA,ALIANZA CAJAMARCA SIEMPRE VERDE - FUERZA 2011,20
060308,CAJAMARCA,CELENDIN,OXAMARCA,ALIANZA PARA EL PROGRESO,500
060308,CAJAMARCA,CELENDIN,OXAMARCA,FRENTE REGIONAL DE CAJAMARCA,329
060308,CAJAMARCA,CELENDIN,OXAMARCA,MOVIMIENTO DE AFIRMACION  SOCIAL,637
060308,CAJAMARCA,CELENDIN,OXAMARCA,MOVIMIENTO REGIONAL FUERZA SOCIAL CAJAMARCA,686
060308,CAJAMARCA,CELENDIN,OXAMARCA,PARTIDO APRISTA PERUANO,66
060308,CAJAMARCA,CELENDIN,OXAMARCA,PERU POSIBLE,499
060309,CAJAMARCA,CELENDIN,SOROCHUCO,ACCION POPULAR,55
060309,CAJAMARCA,CELENDIN,SOROCHUCO,ALIANZA PARA EL PROGRESO,49
060309,CAJAMARCA,CELENDIN,SOROCHUCO,CAJAMARCA SIEMPRE VERDE,447
060309,CAJAMARCA,CELENDIN,SOROCHUCO,FRENTE REGIONAL DE CAJAMARCA,154
060309,CAJAMARCA,CELENDIN,SOROCHUCO,MOVIMIENTO DE AFIRMACION  SOCIAL,1811
060309,CAJAMARCA,CELENDIN,SOROCHUCO,MOVIMIENTO REGIONAL FUERZA SOCIAL CAJAMARCA,95
060309,CAJAMARCA,CELENDIN,SOROCHUCO,PARTIDO APRISTA PERUANO,1848
060309,CAJAMARCA,CELENDIN,SOROCHUCO,PERU POSIBLE,340
060309,CAJAMARCA,CELENDIN,SOROCHUCO,UNION POR EL PERU,16
060310,CAJAMARCA,CELENDIN,SUCRE,ACCION POPULAR,378
060310,CAJAMARCA,CELENDIN,SUCRE,ALIANZA PARA EL PROGRESO,141
060310,CAJAMARCA,CELENDIN,SUCRE,EL AGRO A LA REGION,68
060310,CAJAMARCA,CELENDIN,SUCRE,FRENTE REGIONAL DE CAJAMARCA,294
060310,CAJAMARCA,CELENDIN,SUCRE,MOVIMIENTO DE AFIRMACION  SOCIAL,259
060310,CAJAMARCA,CELENDIN,SUCRE,MOVIMIENTO DE INNOVACION CAJAMARCA,147
060310,CAJAMARCA,CELENDIN,SUCRE,MOVIMIENTO REGIONAL FUERZA SOCIAL CAJAMARCA,447
060310,CAJAMARCA,CELENDIN,SUCRE,PARTIDO APRISTA PERUANO,21
060310,CAJAMARCA,CELENDIN,SUCRE,PERU POSIBLE,320
060311,CAJAMARCA,CELENDIN,UTCO,ALIANZA PARA EL PROGRESO,13
060311,CAJAMARCA,CELENDIN,UTCO,COMPROMISO CAMPESINO,231
060311,CAJAMARCA,CELENDIN,UTCO,FRENTE REGIONAL DE CAJAMARCA,70
060311,CAJAMARCA,CELENDIN,UTCO,MOVIMIENTO DE AFIRMACION  SOCIAL,263
060311,CAJAMARCA,CELENDIN,UTCO,MOVIMIENTO REGIONAL FUERZA SOCIAL CAJAMARCA,10
060311,CAJAMARCA,CELENDIN,UTCO,PARTIDO APRISTA PERUANO,95
060311,CAJAMARCA,CELENDIN,UTCO,PERU POSIBLE,28
060311,CAJAMARCA,CELENDIN,UTCO,UNION POR EL PERU,5
060312,CAJAMARCA,CELENDIN,LA LIBERTAD DE PALLAN,ALIANZA PARA EL PROGRESO,110
060312,CAJAMARCA,CELENDIN,LA LIBERTAD DE PALLAN,FRENTE REGIONAL DE CAJAMARCA,1441
060312,CAJAMARCA,CELENDIN,LA LIBERTAD DE PALLAN,MOVIMIENTO DE AFIRMACION  SOCIAL,117
060312,CAJAMARCA,CELENDIN,LA LIBERTAD DE PALLAN,MOVIMIENTO REGIONAL FUERZA SOCIAL CAJAMARCA,39
060312,CAJAMARCA,CELENDIN,LA LIBERTAD DE PALLAN,PERU POSIBLE,1333
060403,CAJAMARCA,CONTUMAZA,CHILETE,ALIANZA CAJAMARCA SIEMPRE VERDE - FUERZA 2011,334
060403,CAJAMARCA,CONTUMAZA,CHILETE,ALIANZA PARA EL PROGRESO,670
060403,CAJAMARCA,CONTUMAZA,CHILETE,EL AGRO A LA REGION,270
060403,CAJAMARCA,CONTUMAZA,CHILETE,MOVIMIENTO DE AFIRMACION  SOCIAL,183
060403,CAJAMARCA,CONTUMAZA,CHILETE,MOVIMIENTO REGIONAL FUERZA SOCIAL CAJAMARCA,183
060403,CAJAMARCA,CONTUMAZA,CHILETE,PARTIDO APRISTA PERUANO,95
060403,CAJAMARCA,CONTUMAZA,CHILETE,UNION POR EL PERU,117
060404,CAJAMARCA,CONTUMAZA,GUZMANGO,ACCION POPULAR,115
060404,CAJAMARCA,CONTUMAZA,GUZMANGO,ALIANZA CAJAMARCA SIEMPRE VERDE - FUERZA 2011,304
060404,CAJAMARCA,CONTUMAZA,GUZMANGO,ALIANZA PARA EL PROGRESO,35
060404,CAJAMARCA,CONTUMAZA,GUZMANGO,MOVIMIENTO DE AFIRMACION  SOCIAL,170
060404,CAJAMARCA,CONTUMAZA,GUZMANGO,MOVIMIENTO REGIONAL FUERZA SOCIAL CAJAMARCA,254
060404,CAJAMARCA,CONTUMAZA,GUZMANGO,PARTIDO APRISTA PERUANO,358
060404,CAJAMARCA,CONTUMAZA,GUZMANGO,PERU POSIBLE,23
060405,CAJAMARCA,CONTUMAZA,SAN BENITO,ACCION POPULAR,61
060405,CAJAMARCA,CONTUMAZA,SAN BENITO,ALIANZA CAJAMARCA SIEMPRE VERDE - FUERZA 2011,226
060405,CAJAMARCA,CONTUMAZA,SAN BENITO,ALIANZA PARA EL PROGRESO,229
060405,CAJAMARCA,CONTUMAZA,SAN BENITO,MOVIMIENTO DE AFIRMACION  SOCIAL,319
060405,CAJAMARCA,CONTUMAZA,SAN BENITO,MOVIMIENTO REGIONAL FUERZA SOCIAL CAJAMARCA,414
060405,CAJAMARCA,CONTUMAZA,SAN BENITO,PARTIDO APRISTA PERUANO,291
060405,CAJAMARCA,CONTUMAZA,SAN BENITO,UNIDOS POR EL PROGRESO Y DEFENSA DE SAN BENITO,36
060405,CAJAMARCA,CONTUMAZA,SAN BENITO,UNION POR EL PERU,47
060406,CAJAMARCA,CONTUMAZA,CUPISNIQUE,ALIANZA CAJAMARCA SIEMPRE VERDE - FUERZA 2011,22
060406,CAJAMARCA,CONTUMAZA,CUPISNIQUE,ALIANZA PARA EL PROGRESO,270
060406,CAJAMARCA,CONTUMAZA,CUPISNIQUE,MOVIMIENTO DE AFIRMACION  SOCIAL,214
060406,CAJAMARCA,CONTUMAZA,CUPISNIQUE,MOVIMIENTO REGIONAL FUERZA SOCIAL CAJAMARCA,399
060407,CAJAMARCA,CONTUMAZA,TANTARICA,ALIANZA CAJAMARCA SIEMPRE VERDE - FUERZA 2011,217
060407,CAJAMARCA,CONTUMAZA,TANTARICA,ALIANZA PARA EL PROGRESO,414
060407,CAJAMARCA,CONTUMAZA,TANTARICA,MOVIMIENTO DE AFIRMACION  SOCIAL,61
060407,CAJAMARCA,CONTUMAZA,TANTARICA,MOVIMIENTO REGIONAL FUERZA SOCIAL CAJAMARCA,185
060407,CAJAMARCA,CONTUMAZA,TANTARICA,PARTIDO APRISTA PERUANO,19
060407,CAJAMARCA,CONTUMAZA,TANTARICA,UNION POR EL PERU,627
060408,CAJAMARCA,CONTUMAZA,YONAN,ALIANZA CAJAMARCA SIEMPRE VERDE - FUERZA 2011,267
060408,CAJAMARCA,CONTUMAZA,YONAN,ALIANZA PARA EL PROGRESO,990
060408,CAJAMARCA,CONTUMAZA,YONAN,MOVIMIENTO DE AFIRMACION  SOCIAL,199
060408,CAJAMARCA,CONTUMAZA,YONAN,MOVIMIENTO REGIONAL FUERZA SOCIAL CAJAMARCA,572
060408,CAJAMARCA,CONTUMAZA,YONAN,PARTIDO APRISTA PERUANO,1329
060408,CAJAMARCA,CONTUMAZA,YONAN,TIERRA Y LIBERTAD,345
060409,CAJAMARCA,CONTUMAZA,SANTA CRUZ DE TOLED,ALIANZA CAJAMARCA SIEMPRE VERDE - FUERZA 2011,176
060409,CAJAMARCA,CONTUMAZA,SANTA CRUZ DE TOLED,ALIANZA PARA EL PROGRESO,98
060409,CAJAMARCA,CONTUMAZA,SANTA CRUZ DE TOLED,MOVIMIENTO DE AFIRMACION  SOCIAL,7
060409,CAJAMARCA,CONTUMAZA,SANTA CRUZ DE TOLED,MOVIMIENTO REGIONAL FUERZA SOCIAL CAJAMARCA,131
060409,CAJAMARCA,CONTUMAZA,SANTA CRUZ DE TOLED,PARTIDO APRISTA PERUANO,50
060409,CAJAMARCA,CONTUMAZA,SANTA CRUZ DE TOLED,UNION POR EL PERU,248
060502,CAJAMARCA,CUTERVO,CALLAYUC,ALIANZA CAJAMARCA SIEMPRE VERDE - FUERZA 2011,1607
060502,CAJAMARCA,CUTERVO,CALLAYUC,ALIANZA PARA EL PROGRESO,64
060502,CAJAMARCA,CUTERVO,CALLAYUC,FRENTE REGIONAL DE CAJAMARCA,184
060502,CAJAMARCA,CUTERVO,CALLAYUC,MOVIMIENTO DE AFIRMACION  SOCIAL,324
060502,CAJAMARCA,CUTERVO,CALLAYUC,MOVIMIENTO REGIONAL FUERZA SOCIAL CAJAMARCA,306
060502,CAJAMARCA,CUTERVO,CALLAYUC,PARTIDO APRISTA PERUANO,313
060502,CAJAMARCA,CUTERVO,CALLAYUC,UNION POR EL PERU,794
060503,CAJAMARCA,CUTERVO,CUJILLO,ALIANZA CAJAMARCA SIEMPRE VERDE - FUERZA 2011,0
060503,CAJAMARCA,CUTERVO,CUJILLO,FRENTE REGIONAL DE CAJAMARCA,0
060503,CAJAMARCA,CUTERVO,CUJILLO,MOVIMIENTO DE AFIRMACION  SOCIAL,0
060503,CAJAMARCA,CUTERVO,CUJILLO,MOVIMIENTO REGIONAL FUERZA SOCIAL CAJAMARCA,0
060503,CAJAMARCA,CUTERVO,CUJILLO,PARTIDO APRISTA PERUANO,0
060504,CAJAMARCA,CUTERVO,CHOROS,ACCION POPULAR,333
060504,CAJAMARCA,CUTERVO,CHOROS,ALIANZA CAJAMARCA SIEMPRE VERDE - FUERZA 2011,552
060504,CAJAMARCA,CUTERVO,CHOROS,ALIANZA PARA EL PROGRESO,32
060504,CAJAMARCA,CUTERVO,CHOROS,FRENTE REGIONAL DE CAJAMARCA,32
060504,CAJAMARCA,CUTERVO,CHOROS,MOVIMIENTO DE AFIRMACION  SOCIAL,366
060504,CAJAMARCA,CUTERVO,CHOROS,MOVIMIENTO DE INNOVACION CAJAMARCA,54
060504,CAJAMARCA,CUTERVO,CHOROS,MOVIMIENTO REGIONAL FUERZA SOCIAL CAJAMARCA,225
060504,CAJAMARCA,CUTERVO,CHOROS,PARTIDO APRISTA PERUANO,28
060505,CAJAMARCA,CUTERVO,LA RAMADA,ALIANZA CAJAMARCA SIEMPRE VERDE - FUERZA 2011,297
060505,CAJAMARCA,CUTERVO,LA RAMADA,EL AGRO A LA REGION,282
060505,CAJAMARCA,CUTERVO,LA RAMADA,FRENTE REGIONAL DE CAJAMARCA,1070
060506,CAJAMARCA,CUTERVO,PIMPINGOS,ACCION POPULAR,32
060506,CAJAMARCA,CUTERVO,PIMPINGOS,ALIANZA CAJAMARCA SIEMPRE VERDE - FUERZA 2011,695
060506,CAJAMARCA,CUTERVO,PIMPINGOS,FRENTE REGIONAL DE CAJAMARCA,60
060506,CAJAMARCA,CUTERVO,PIMPINGOS,MOVIMIENTO DE AFIRMACION  SOCIAL,623
060506,CAJAMARCA,CUTERVO,PIMPINGOS,MOVIMIENTO DE INNOVACION CAJAMARCA,293
060506,CAJAMARCA,CUTERVO,PIMPINGOS,MOVIMIENTO REGIONAL FUERZA SOCIAL CAJAMARCA,555
060506,CAJAMARCA,CUTERVO,PIMPINGOS,PARTIDO APRISTA PERUANO,294
060506,CAJAMARCA,CUTERVO,PIMPINGOS,UNION POR EL PERU,103
060507,CAJAMARCA,CUTERVO,QUEROCOTILLO,ALIANZA CAJAMARCA SIEMPRE VERDE - FUERZA 2011,187
060507,CAJAMARCA,CUTERVO,QUEROCOTILLO,FRENTE REGIONAL DE CAJAMARCA,14
060507,CAJAMARCA,CUTERVO,QUEROCOTILLO,MOVIMIENTO REGIONAL FUERZA SOCIAL CAJAMARCA,2459
060507,CAJAMARCA,CUTERVO,QUEROCOTILLO,PARTIDO APRISTA PERUANO,2925
060508,CAJAMARCA,CUTERVO,SAN ANDRES DE CUTERVO,ALIANZA CAJAMARCA SIEMPRE VERDE - FUERZA 2011,70
060508,CAJAMARCA,CUTERVO,SAN ANDRES DE CUTERVO,FRENTE REGIONAL DE CAJAMARCA,453
060508,CAJAMARCA,CUTERVO,SAN ANDRES DE CUTERVO,MOVIMIENTO DE AFIRMACION  SOCIAL,654
060508,CAJAMARCA,CUTERVO,SAN ANDRES DE CUTERVO,MOVIMIENTO DE INNOVACION CAJAMARCA,19
060508,CAJAMARCA,CUTERVO,SAN ANDRES DE CUTERVO,MOVIMIENTO REGIONAL FUERZA SOCIAL CAJAMARCA,747
060508,CAJAMARCA,CUTERVO,SAN ANDRES DE CUTERVO,PARTIDO APRISTA PERUANO,61
060509,CAJAMARCA,CUTERVO,SAN JUAN DE CUTERVO,ALIANZA CAJAMARCA SIEMPRE VERDE - FUERZA 2011,456
060509,CAJAMARCA,CUTERVO,SAN JUAN DE CUTERVO,FRENTE REGIONAL DE CAJAMARCA,124
060509,CAJAMARCA,CUTERVO,SAN JUAN DE CUTERVO,MOVIMIENTO DE AFIRMACION  SOCIAL,447
060509,CAJAMARCA,CUTERVO,SAN JUAN DE CUTERVO,MOVIMIENTO REGIONAL FUERZA SOCIAL CAJAMARCA,106
060509,CAJAMARCA,CUTERVO,SAN JUAN DE CUTERVO,PARTIDO APRISTA PERUANO,8
060510,CAJAMARCA,CUTERVO,SAN LUIS DE LUCMA,ALIANZA CAJAMARCA SIEMPRE VERDE - FUERZA 2011,1008
060510,CAJAMARCA,CUTERVO,SAN LUIS DE LUCMA,FRENTE REGIONAL DE CAJAMARCA,185
060510,CAJAMARCA,CUTERVO,SAN LUIS DE LUCMA,MOVIMIENTO DE AFIRMACION  SOCIAL,646
060511,CAJAMARCA,CUTERVO,SANTA CRUZ,ACCION POPULAR,442
060511,CAJAMARCA,CUTERVO,SANTA CRUZ,ALIANZA CAJAMARCA SIEMPRE VERDE - FUERZA 2011,36
060511,CAJAMARCA,CUTERVO,SANTA CRUZ,MOVIMIENTO DE AFIRMACION  SOCIAL,124
060511,CAJAMARCA,CUTERVO,SANTA CRUZ,MOVIMIENTO DE INNOVACION CAJAMARCA,128
060511,CAJAMARCA,CUTERVO,SANTA CRUZ,MOVIMIENTO REGIONAL FUERZA SOCIAL CAJAMARCA,834
060511,CAJAMARCA,CUTERVO,SANTA CRUZ,PARTIDO APRISTA PERUANO,13
060512,CAJAMARCA,CUTERVO,SANTO DOMINGO DE LA CAPILLA,ALIANZA CAJAMARCA SIEMPRE VERDE - FUERZA 2011,318
060512,CAJAMARCA,CUTERVO,SANTO DOMINGO DE LA CAPILLA,FRENTE REGIONAL DE CAJAMARCA,248
060512,CAJAMARCA,CUTERVO,SANTO DOMINGO DE LA CAPILLA,MOVIMIENTO DE AFIRMACION  SOCIAL,686
060512,CAJAMARCA,CUTERVO,SANTO DOMINGO DE LA CAPILLA,MOVIMIENTO DE INNOVACION CAJAMARCA,35
060512,CAJAMARCA,CUTERVO,SANTO DOMINGO DE LA CAPILLA,MOVIMIENTO REGIONAL FUERZA SOCIAL CAJAMARCA,513
060512,CAJAMARCA,CUTERVO,SANTO DOMINGO DE LA CAPILLA,PARTIDO APRISTA PERUANO,615
060512,CAJAMARCA,CUTERVO,SANTO DOMINGO DE LA CAPILLA,UNION POR EL PERU,153
060513,CAJAMARCA,CUTERVO,SANTO TOMAS,ALIANZA CAJAMARCA SIEMPRE VERDE - FUERZA 2011,536
060513,CAJAMARCA,CUTERVO,SANTO TOMAS,FRENTE REGIONAL DE CAJAMARCA,608
060513,CAJAMARCA,CUTERVO,SANTO TOMAS,MOVIMIENTO DE AFIRMACION  SOCIAL,175
060513,CAJAMARCA,CUTERVO,SANTO TOMAS,MOVIMIENTO REGIONAL FUERZA SOCIAL CAJAMARCA,280
060513,CAJAMARCA,CUTERVO,SANTO TOMAS,PARTIDO APRISTA PERUANO,1054
060514,CAJAMARCA,CUTERVO,SOCOTA,ALIANZA CAJAMARCA SIEMPRE VERDE - FUERZA 2011,2035
060514,CAJAMARCA,CUTERVO,SOCOTA,FRENTE REGIONAL DE CAJAMARCA,26
060514,CAJAMARCA,CUTERVO,SOCOTA,MOVIMIENTO DE AFIRMACION  SOCIAL,907
060514,CAJAMARCA,CUTERVO,SOCOTA,MOVIMIENTO REGIONAL FUERZA SOCIAL CAJAMARCA,1788
060514,CAJAMARCA,CUTERVO,SOCOTA,PARTIDO APRISTA PERUANO,41
060515,CAJAMARCA,CUTERVO,TORIBIO CASANOVA,ALIANZA CAJAMARCA SIEMPRE VERDE - FUERZA 2011,428
060515,CAJAMARCA,CUTERVO,TORIBIO CASANOVA,MOVIMIENTO DE AFIRMACION  SOCIAL,27
060515,CAJAMARCA,CUTERVO,TORIBIO CASANOVA,MOVIMIENTO REGIONAL FUERZA SOCIAL CAJAMARCA,317
060515,CAJAMARCA,CUTERVO,TORIBIO CASANOVA,PARTIDO APRISTA PERUANO,11
060602,CAJAMARCA,CHOTA,ANGUIA,COMPROMISO CAMPESINO,68
060602,CAJAMARCA,CHOTA,ANGUIA,MOVIMIENTO DE AFIRMACION  SOCIAL,12
060602,CAJAMARCA,CHOTA,ANGUIA,MOVIMIENTO REGIONAL FUERZA SOCIAL CAJAMARCA,748
060602,CAJAMARCA,CHOTA,ANGUIA,TIERRA Y LIBERTAD,931
060603,CAJAMARCA,CHOTA,COCHABAMBA,ALIANZA CAJAMARCA SIEMPRE VERDE - FUERZA 2011,435
060603,CAJAMARCA,CHOTA,COCHABAMBA,ALIANZA PARA EL PROGRESO,1624
060603,CAJAMARCA,CHOTA,COCHABAMBA,COMPROMISO CAMPESINO,625
060603,CAJAMARCA,CHOTA,COCHABAMBA,MOVIMIENTO REGIONAL FUERZA SOCIAL CAJAMARCA,104
060603,CAJAMARCA,CHOTA,COCHABAMBA,RESTAURACION NACIONAL,41
060604,CAJAMARCA,CHOTA,CONCHAN,ALIANZA PARA EL PROGRESO,351
060604,CAJAMARCA,CHOTA,CONCHAN,COMPROMISO CAMPESINO,421
060604,CAJAMARCA,CHOTA,CONCHAN,EL AGRO A LA REGION,20
060604,CAJAMARCA,CHOTA,CONCHAN,MOVIMIENTO DE AFIRMACION  SOCIAL,43
060604,CAJAMARCA,CHOTA,CONCHAN,MOVIMIENTO REGIONAL FUERZA SOCIAL CAJAMARCA,767
060604,CAJAMARCA,CHOTA,CONCHAN,PARTIDO APRISTA PERUANO,35
060604,CAJAMARCA,CHOTA,CONCHAN,PERU POSIBLE,171
060604,CAJAMARCA,CHOTA,CONCHAN,TIERRA Y LIBERTAD,546
060605,CAJAMARCA,CHOTA,CHADIN,ALIANZA CAJAMARCA SIEMPRE VERDE - FUERZA 2011,256
060605,CAJAMARCA,CHOTA,CHADIN,ALIANZA PARA EL PROGRESO,112
060605,CAJAMARCA,CHOTA,CHADIN,COMPROMISO CAMPESINO,246
060605,CAJAMARCA,CHOTA,CHADIN,FRENTE REGIONAL DE CAJAMARCA,40
060605,CAJAMARCA,CHOTA,CHADIN,MOVIMIENTO DE AFIRMACION  SOCIAL,130
060605,CAJAMARCA,CHOTA,CHADIN,MOVIMIENTO REGIONAL FUERZA SOCIAL CAJAMARCA,116
060605,CAJAMARCA,CHOTA,CHADIN,PARTIDO APRISTA PERUANO,326
060605,CAJAMARCA,CHOTA,CHADIN,TIERRA Y LIBERTAD,370
060606,CAJAMARCA,CHOTA,CHIGUIRIP,ALIANZA PARA EL PROGRESO,349
060606,CAJAMARCA,CHOTA,CHIGUIRIP,COMPROMISO CAMPESINO,709
060606,CAJAMARCA,CHOTA,CHIGUIRIP,MOVIMIENTO REGIONAL FUERZA SOCIAL CAJAMARCA,598
060606,CAJAMARCA,CHOTA,CHIGUIRIP,PARTIDO APRISTA PERUANO,23
060606,CAJAMARCA,CHOTA,CHIGUIRIP,RESTAURACION NACIONAL,46
060606,CAJAMARCA,CHOTA,CHIGUIRIP,TIERRA Y LIBERTAD,531
060607,CAJAMARCA,CHOTA,CHIMBAN,ALIANZA PARA EL PROGRESO,110
060607,CAJAMARCA,CHOTA,CHIMBAN,COMPROMISO CAMPESINO,218
060607,CAJAMARCA,CHOTA,CHIMBAN,EL AGRO A LA REGION,57
060607,CAJAMARCA,CHOTA,CHIMBAN,FRENTE REGIONAL DE CAJAMARCA,109
060607,CAJAMARCA,CHOTA,CHIMBAN,MOVIMIENTO DE AFIRMACION  SOCIAL,130
060607,CAJAMARCA,CHOTA,CHIMBAN,MOVIMIENTO DE INNOVACION CAJAMARCA,34
060607,CAJAMARCA,CHOTA,CHIMBAN,MOVIMIENTO REGIONAL FUERZA SOCIAL CAJAMARCA,315
060607,CAJAMARCA,CHOTA,CHIMBAN,TIERRA Y LIBERTAD,125
060608,CAJAMARCA,CHOTA,HUAMBOS,ALIANZA CAJAMARCA SIEMPRE VERDE - FUERZA 2011,92
060608,CAJAMARCA,CHOTA,HUAMBOS,ALIANZA PARA EL PROGRESO,52
060608,CAJAMARCA,CHOTA,HUAMBOS,COMPROMISO CAMPESINO,348
060608,CAJAMARCA,CHOTA,HUAMBOS,EL AGRO A LA REGION,76
060608,CAJAMARCA,CHOTA,HUAMBOS,FRENTE REGIONAL DE CAJAMARCA,35
060608,CAJAMARCA,CHOTA,HUAMBOS,MOVIMIENTO DE AFIRMACION  SOCIAL,195
060608,CAJAMARCA,CHOTA,HUAMBOS,MOVIMIENTO REGIONAL FUERZA SOCIAL CAJAMARCA,968
060608,CAJAMARCA,CHOTA,HUAMBOS,PARTIDO APRISTA PERUANO,40
060608,CAJAMARCA,CHOTA,HUAMBOS,PERU POSIBLE,958
060608,CAJAMARCA,CHOTA,HUAMBOS,RESTAURACION NACIONAL,19
060608,CAJAMARCA,CHOTA,HUAMBOS,TIERRA Y LIBERTAD,848
060609,CAJAMARCA,CHOTA,LAJAS,ALIANZA CAJAMARCA SIEMPRE VERDE - FUERZA 2011,644
060609,CAJAMARCA,CHOTA,LAJAS,ALIANZA PARA EL PROGRESO,411
060609,CAJAMARCA,CHOTA,LAJAS,COMPROMISO CAMPESINO,933
060609,CAJAMARCA,CHOTA,LAJAS,COMUNIDADES Y PUEBLOS UNIDOS POR LAJAS,106
060609,CAJAMARCA,CHOTA,LAJAS,EL AGRO A LA REGION,32
060609,CAJAMARCA,CHOTA,LAJAS,FRENTE REGIONAL DE CAJAMARCA,276
060609,CAJAMARCA,CHOTA,LAJAS,MOVIMIENTO DE AFIRMACION  SOCIAL,296
060609,CAJAMARCA,CHOTA,LAJAS,MOVIMIENTO REGIONAL FUERZA SOCIAL CAJAMARCA,1030
060609,CAJAMARCA,CHOTA,LAJAS,PARTIDO DEMOCRATICO SOMOS PERU,921
060609,CAJAMARCA,CHOTA,LAJAS,PERU POSIBLE,453
060609,CAJAMARCA,CHOTA,LAJAS,TIERRA Y LIBERTAD,1421
060609,CAJAMARCA,CHOTA,LAJAS,UNION POR EL PERU,53
060610,CAJAMARCA,CHOTA,LLAMA,ALIANZA CAJAMARCA SIEMPRE VERDE - FUERZA 2011,402
060610,CAJAMARCA,CHOTA,LLAMA,ALIANZA PARA EL PROGRESO,49
060610,CAJAMARCA,CHOTA,LLAMA,COMPROMISO CAMPESINO,642
060610,CAJAMARCA,CHOTA,LLAMA,MOVIMIENTO DE AFIRMACION  SOCIAL,25
060610,CAJAMARCA,CHOTA,LLAMA,MOVIMIENTO REGIONAL FUERZA SOCIAL CAJAMARCA,495
060610,CAJAMARCA,CHOTA,LLAMA,PARTIDO APRISTA PERUANO,76
060610,CAJAMARCA,CHOTA,LLAMA,TIERRA Y LIBERTAD,669
060611,CAJAMARCA,CHOTA,MIRACOSTA,ALIANZA PARA EL PROGRESO,180
060611,CAJAMARCA,CHOTA,MIRACOSTA,COMPROMISO CAMPESINO,463
060611,CAJAMARCA,CHOTA,MIRACOSTA,FRENTE REGIONAL DE CAJAMARCA,233
060611,CAJAMARCA,CHOTA,MIRACOSTA,MOVIMIENTO DE AFIRMACION  SOCIAL,138
060611,CAJAMARCA,CHOTA,MIRACOSTA,MOVIMIENTO REGIONAL FUERZA SOCIAL CAJAMARCA,612
060611,CAJAMARCA,CHOTA,MIRACOSTA,PARTIDO APRISTA PERUANO,61
060611,CAJAMARCA,CHOTA,MIRACOSTA,RESTAURACION NACIONAL,2
060611,CAJAMARCA,CHOTA,MIRACOSTA,TIERRA Y LIBERTAD,93
060612,CAJAMARCA,CHOTA,PACCHA,COMPROMISO CAMPESINO,841
060612,CAJAMARCA,CHOTA,PACCHA,FRENTE REGIONAL DE CAJAMARCA,322
060612,CAJAMARCA,CHOTA,PACCHA,MOVIMIENTO DE AFIRMACION  SOCIAL,109
060612,CAJAMARCA,CHOTA,PACCHA,MOVIMIENTO REGIONAL FUERZA SOCIAL CAJAMARCA,653
060612,CAJAMARCA,CHOTA,PACCHA,PARTIDO APRISTA PERUANO,41
060612,CAJAMARCA,CHOTA,PACCHA,TIERRA Y LIBERTAD,218
060613,CAJAMARCA,CHOTA,PION,ACCION POPULAR,238
060613,CAJAMARCA,CHOTA,PION,MOVIMIENTO REGIONAL FUERZA SOCIAL CAJAMARCA,233
060613,CAJAMARCA,CHOTA,PION,PARTIDO APRISTA PERUANO,116
060613,CAJAMARCA,CHOTA,PION,PERU POSIBLE,199
060614,CAJAMARCA,CHOTA,QUEROCOTO,ALIANZA PARA EL PROGRESO,143
060614,CAJAMARCA,CHOTA,QUEROCOTO,COMPROMISO CAMPESINO,453
060614,CAJAMARCA,CHOTA,QUEROCOTO,MOVIMIENTO DE AFIRMACION  SOCIAL,792
060614,CAJAMARCA,CHOTA,QUEROCOTO,MOVIMIENTO REGIONAL FUERZA SOCIAL CAJAMARCA,1014
060614,CAJAMARCA,CHOTA,QUEROCOTO,PERU POSIBLE,775
060614,CAJAMARCA,CHOTA,QUEROCOTO,TIERRA Y LIBERTAD,336
060615,CAJAMARCA,CHOTA,TACABAMBA,AGRUPACION INDEPENDIENTE PLATANISTA TACABAMBA,2134
060615,CAJAMARCA,CHOTA,TACABAMBA,ALIANZA PARA EL PROGRESO,547
060615,CAJAMARCA,CHOTA,TACABAMBA,COMPROMISO CAMPESINO,992
060615,CAJAMARCA,CHOTA,TACABAMBA,EL AGRO A LA REGION,205
060615,CAJAMARCA,CHOTA,TACABAMBA,MOVIMIENTO DE AFIRMACION  SOCIAL,237
060615,CAJAMARCA,CHOTA,TACABAMBA,MOVIMIENTO REGIONAL FUERZA SOCIAL CAJAMARCA,1771
060615,CAJAMARCA,CHOTA,TACABAMBA,PARTIDO APRISTA PERUANO,12
060615,CAJAMARCA,CHOTA,TACABAMBA,PERU POSIBLE,504
060616,CAJAMARCA,CHOTA,TOCMOCHE,ALIANZA PARA EL PROGRESO,168
060616,CAJAMARCA,CHOTA,TOCMOCHE,COMPROMISO CAMPESINO,237
060616,CAJAMARCA,CHOTA,TOCMOCHE,MOVIMIENTO REGIONAL FUERZA SOCIAL CAJAMARCA,118
060617,CAJAMARCA,CHOTA,SAN JUAN DE LICUPIS,ALIANZA PARA EL PROGRESO,65
060617,CAJAMARCA,CHOTA,SAN JUAN DE LICUPIS,COMPROMISO CAMPESINO,245
060617,CAJAMARCA,CHOTA,SAN JUAN DE LICUPIS,MOVIMIENTO DE AFIRMACION  SOCIAL,136
060617,CAJAMARCA,CHOTA,SAN JUAN DE LICUPIS,MOVIMIENTO REGIONAL FUERZA SOCIAL CAJAMARCA,288
060617,CAJAMARCA,CHOTA,SAN JUAN DE LICUPIS,PARTIDO APRISTA PERUANO,64
060618,CAJAMARCA,CHOTA,CHOROPAMPA,ALIANZA PARA EL PROGRESO,305
060618,CAJAMARCA,CHOTA,CHOROPAMPA,COMPROMISO CAMPESINO,79
060618,CAJAMARCA,CHOTA,CHOROPAMPA,MOVIMIENTO DE AFIRMACION  SOCIAL,192
060618,CAJAMARCA,CHOTA,CHOROPAMPA,MOVIMIENTO REGIONAL FUERZA SOCIAL CAJAMARCA,420
060618,CAJAMARCA,CHOTA,CHOROPAMPA,PARTIDO APRISTA PERUANO,74
060618,CAJAMARCA,CHOTA,CHOROPAMPA,PERU POSIBLE,151
060618,CAJAMARCA,CHOTA,CHOROPAMPA,TIERRA Y LIBERTAD,94
060619,CAJAMARCA,CHOTA,CHALAMARCA,COMPROMISO CAMPESINO,1609
060619,CAJAMARCA,CHOTA,CHALAMARCA,MOVIMIENTO DE AFIRMACION  SOCIAL,93
060619,CAJAMARCA,CHOTA,CHALAMARCA,MOVIMIENTO REGIONAL FUERZA SOCIAL CAJAMARCA,484
060619,CAJAMARCA,CHOTA,CHALAMARCA,PARTIDO APRISTA PERUANO,221
060619,CAJAMARCA,CHOTA,CHALAMARCA,PERU POSIBLE,12
060619,CAJAMARCA,CHOTA,CHALAMARCA,TIERRA Y LIBERTAD,1424
060702,CAJAMARCA,HUALGAYOC,CHUGUR,CONTIGO CHUGUR,152
060702,CAJAMARCA,HUALGAYOC,CHUGUR,FRENTE INDEPENDIENTE DE DEFENSA Y DESARROLLO DE CAJAMARCA,8
060702,CAJAMARCA,HUALGAYOC,CHUGUR,FRENTE REGIONAL DE CAJAMARCA,400
060702,CAJAMARCA,HUALGAYOC,CHUGUR,MOVIMIENTO DE AFIRMACION  SOCIAL,465
060702,CAJAMARCA,HUALGAYOC,CHUGUR,MOVIMIENTO REGIONAL FUERZA SOCIAL CAJAMARCA,92
060702,CAJAMARCA,HUALGAYOC,CHUGUR,PARTIDO APRISTA PERUANO,129
060702,CAJAMARCA,HUALGAYOC,CHUGUR,TIERRA Y LIBERTAD,27
060703,CAJAMARCA,HUALGAYOC,HUALGAYOC,ALIANZA PARA EL PROGRESO,343
060703,CAJAMARCA,HUALGAYOC,HUALGAYOC,COMPROMISO CAMPESINO,2768
060703,CAJAMARCA,HUALGAYOC,HUALGAYOC,FRENTE INDEPENDIENTE DE DEFENSA Y DESARROLLO DE CAJAMARCA,305
060703,CAJAMARCA,HUALGAYOC,HUALGAYOC,FRENTE REGIONAL DE CAJAMARCA,2346
060703,CAJAMARCA,HUALGAYOC,HUALGAYOC,MOVIMIENTO REGIONAL FUERZA SOCIAL CAJAMARCA,691
060802,CAJAMARCA,JAEN,BELLAVISTA,ACCION POPULAR,0
060802,CAJAMARCA,JAEN,BELLAVISTA,ALIANZA PARA EL PROGRESO,0
060802,CAJAMARCA,JAEN,BELLAVISTA,EL AGRO A LA REGION,0
060802,CAJAMARCA,JAEN,BELLAVISTA,FRENTE REGIONAL DE CAJAMARCA,0
060802,CAJAMARCA,JAEN,BELLAVISTA,MOVIMIENTO DE AFIRMACION  SOCIAL,0
060802,CAJAMARCA,JAEN,BELLAVISTA,MOVIMIENTO DE INNOVACION CAJAMARCA,0
060802,CAJAMARCA,JAEN,BELLAVISTA,MOVIMIENTO REGIONAL FUERZA SOCIAL CAJAMARCA,0
060802,CAJAMARCA,JAEN,BELLAVISTA,PARTIDO DEMOCRATICO SOMOS PERU,0
060803,CAJAMARCA,JAEN,COLASAY,ACCION POPULAR,804
060803,CAJAMARCA,JAEN,COLASAY,ALIANZA CAJAMARCA SIEMPRE VERDE - FUERZA 2011,893
060803,CAJAMARCA,JAEN,COLASAY,ALIANZA PARA EL PROGRESO,175
060803,CAJAMARCA,JAEN,COLASAY,EL AGRO A LA REGION,260
060803,CAJAMARCA,JAEN,COLASAY,FRENTE REGIONAL DE CAJAMARCA,957
060803,CAJAMARCA,JAEN,COLASAY,MOVIMIENTO DE AFIRMACION  SOCIAL,77
060803,CAJAMARCA,JAEN,COLASAY,MOVIMIENTO DE INNOVACION CAJAMARCA,275
060803,CAJAMARCA,JAEN,COLASAY,MOVIMIENTO REGIONAL FUERZA SOCIAL CAJAMARCA,85
060803,CAJAMARCA,JAEN,COLASAY,PARTIDO APRISTA PERUANO,23
060803,CAJAMARCA,JAEN,COLASAY,PARTIDO DEMOCRATICO SOMOS PERU,159
060803,CAJAMARCA,JAEN,COLASAY,UNION POR EL PERU,1107
060804,CAJAMARCA,JAEN,CHONTALI,ACCION POPULAR,1090
060804,CAJAMARCA,JAEN,CHONTALI,ALIANZA PARA EL PROGRESO,473
060804,CAJAMARCA,JAEN,CHONTALI,EL AGRO A LA REGION,41
060804,CAJAMARCA,JAEN,CHONTALI,FRENTE REGIONAL DE CAJAMARCA,1155
060804,CAJAMARCA,JAEN,CHONTALI,MOVIMIENTO DE AFIRMACION  SOCIAL,221
060804,CAJAMARCA,JAEN,CHONTALI,MOVIMIENTO DE INNOVACION CAJAMARCA,1433
060804,CAJAMARCA,JAEN,CHONTALI,MOVIMIENTO REGIONAL FUERZA SOCIAL CAJAMARCA,403
060805,CAJAMARCA,JAEN,POMAHUACA,ACCION POPULAR,1047
060805,CAJAMARCA,JAEN,POMAHUACA,FRENTE REGIONAL DE CAJAMARCA,124
060805,CAJAMARCA,JAEN,POMAHUACA,MOVIMIENTO DE AFIRMACION  SOCIAL,44
060805,CAJAMARCA,JAEN,POMAHUACA,MOVIMIENTO DE INNOVACION CAJAMARCA,1432
060805,CAJAMARCA,JAEN,POMAHUACA,PARTIDO APRISTA PERUANO,1019
060806,CAJAMARCA,JAEN,PUCARA,ACCION POPULAR,1088
060806,CAJAMARCA,JAEN,PUCARA,ALIANZA PARA EL PROGRESO,214
060806,CAJAMARCA,JAEN,PUCARA,FRENTE REGIONAL DE CAJAMARCA,257
060806,CAJAMARCA,JAEN,PUCARA,MOVIMIENTO DE AFIRMACION  SOCIAL,993
060806,CAJAMARCA,JAEN,PUCARA,MOVIMIENTO DE INNOVACION CAJAMARCA,1228
060806,CAJAMARCA,JAEN,PUCARA,PARTIDO APRISTA PERUANO,550
060807,CAJAMARCA,JAEN,SALLIQUE,ACCION POPULAR,955
060807,CAJAMARCA,JAEN,SALLIQUE,ALIANZA PARA EL PROGRESO,33
060807,CAJAMARCA,JAEN,SALLIQUE,FRENTE REGIONAL DE CAJAMARCA,1150
060807,CAJAMARCA,JAEN,SALLIQUE,MOVIMIENTO DE AFIRMACION  SOCIAL,461
060807,CAJAMARCA,JAEN,SALLIQUE,MOVIMIENTO DE INNOVACION CAJAMARCA,241
060807,CAJAMARCA,JAEN,SALLIQUE,MOVIMIENTO REGIONAL FUERZA SOCIAL CAJAMARCA,1
060808,CAJAMARCA,JAEN,SAN FELIPE,ACCION POPULAR,463
060808,CAJAMARCA,JAEN,SAN FELIPE,EL AGRO A LA REGION,141
060808,CAJAMARCA,JAEN,SAN FELIPE,FRENTE REGIONAL DE CAJAMARCA,791
060808,CAJAMARCA,JAEN,SAN FELIPE,MOVIMIENTO DE INNOVACION CAJAMARCA,842
060808,CAJAMARCA,JAEN,SAN FELIPE,MOVIMIENTO REGIONAL FUERZA SOCIAL CAJAMARCA,87
060809,CAJAMARCA,JAEN,SAN JOSE DEL ALTO,ACCION POPULAR,626
060809,CAJAMARCA,JAEN,SAN JOSE DEL ALTO,FRENTE REGIONAL DE CAJAMARCA,486
060809,CAJAMARCA,JAEN,SAN JOSE DEL ALTO,MOVIMIENTO DE AFIRMACION  SOCIAL,811
060809,CAJAMARCA,JAEN,SAN JOSE DEL ALTO,MOVIMIENTO DE INNOVACION CAJAMARCA,924
060810,CAJAMARCA,JAEN,SANTA ROSA,FRENTE REGIONAL DE CAJAMARCA,1618
060810,CAJAMARCA,JAEN,SANTA ROSA,MOVIMIENTO DE AFIRMACION  SOCIAL,193
060810,CAJAMARCA,JAEN,SANTA ROSA,MOVIMIENTO DE INNOVACION CAJAMARCA,1520
060810,CAJAMARCA,JAEN,SANTA ROSA,MOVIMIENTO REGIONAL FUERZA SOCIAL CAJAMARCA,1153
060811,CAJAMARCA,JAEN,LAS PIRIAS,ACCION POPULAR,82
060811,CAJAMARCA,JAEN,LAS PIRIAS,FRENTE REGIONAL DE CAJAMARCA,1155
060811,CAJAMARCA,JAEN,LAS PIRIAS,MOVIMIENTO DE AFIRMACION  SOCIAL,79
060811,CAJAMARCA,JAEN,LAS PIRIAS,MOVIMIENTO DE INNOVACION CAJAMARCA,806
060811,CAJAMARCA,JAEN,LAS PIRIAS,MOVIMIENTO REGIONAL FUERZA SOCIAL CAJAMARCA,777
060812,CAJAMARCA,JAEN,HUABAL,ACCION POPULAR,1052
060812,CAJAMARCA,JAEN,HUABAL,MOVIMIENTO DE AFIRMACION  SOCIAL,110
060812,CAJAMARCA,JAEN,HUABAL,MOVIMIENTO DE INNOVACION CAJAMARCA,931
060812,CAJAMARCA,JAEN,HUABAL,MOVIMIENTO REGIONAL FUERZA SOCIAL CAJAMARCA,898
060812,CAJAMARCA,JAEN,HUABAL,PARTIDO APRISTA PERUANO,53
060812,CAJAMARCA,JAEN,HUABAL,PARTIDO DEMOCRATICO SOMOS PERU,866
060902,CAJAMARCA,SANTA CRUZ,CATACHE,ACCION POPULAR,74
060902,CAJAMARCA,SANTA CRUZ,CATACHE,AGRUPACION POLITICA INDEPENDIENTE CATACHE HERMOSO,1042
060902,CAJAMARCA,SANTA CRUZ,CATACHE,ALIANZA CAJAMARCA SIEMPRE VERDE - FUERZA 2011,161
060902,CAJAMARCA,SANTA CRUZ,CATACHE,ALIANZA PARA EL PROGRESO,37
060902,CAJAMARCA,SANTA CRUZ,CATACHE,MOVIMIENTO DE AFIRMACION  SOCIAL,1300
060902,CAJAMARCA,SANTA CRUZ,CATACHE,MOVIMIENTO REGIONAL FUERZA SOCIAL CAJAMARCA,1007
060902,CAJAMARCA,SANTA CRUZ,CATACHE,PARTIDO APRISTA PERUANO,37
060903,CAJAMARCA,SANTA CRUZ,CHANCAYBAÑOS,ACCION POPULAR,99
060903,CAJAMARCA,SANTA CRUZ,CHANCAYBAÑOS,ALIANZA PARA EL PROGRESO,180
060903,CAJAMARCA,SANTA CRUZ,CHANCAYBAÑOS,EL AGRO A LA REGION,57
060903,CAJAMARCA,SANTA CRUZ,CHANCAYBAÑOS,FUERZA CHANCAY BAÑOS,367
060903,CAJAMARCA,SANTA CRUZ,CHANCAYBAÑOS,MOVIMIENTO DE AFIRMACION  SOCIAL,672
060903,CAJAMARCA,SANTA CRUZ,CHANCAYBAÑOS,MOVIMIENTO REGIONAL FUERZA SOCIAL CAJAMARCA,219
060903,CAJAMARCA,SANTA CRUZ,CHANCAYBAÑOS,PARTIDO APRISTA PERUANO,34
060903,CAJAMARCA,SANTA CRUZ,CHANCAYBAÑOS,PARTIDO DEMOCRATICO SOMOS PERU,53
060903,CAJAMARCA,SANTA CRUZ,CHANCAYBAÑOS,PERU POSIBLE,53
060903,CAJAMARCA,SANTA CRUZ,CHANCAYBAÑOS,TIERRA Y LIBERTAD,163
060904,CAJAMARCA,SANTA CRUZ,LA ESPERANZA,ALIANZA CAJAMARCA SIEMPRE VERDE - FUERZA 2011,480
060904,CAJAMARCA,SANTA CRUZ,LA ESPERANZA,ALIANZA PARA EL PROGRESO,206
060904,CAJAMARCA,SANTA CRUZ,LA ESPERANZA,MOVIMIENTO DE AFIRMACION  SOCIAL,33
060904,CAJAMARCA,SANTA CRUZ,LA ESPERANZA,MOVIMIENTO REGIONAL FUERZA SOCIAL CAJAMARCA,299
060904,CAJAMARCA,SANTA CRUZ,LA ESPERANZA,PARTIDO APRISTA PERUANO,106
060904,CAJAMARCA,SANTA CRUZ,LA ESPERANZA,PERU POSIBLE,113
060905,CAJAMARCA,SANTA CRUZ,NINABAMBA,ALIANZA CAJAMARCA SIEMPRE VERDE - FUERZA 2011,343
060905,CAJAMARCA,SANTA CRUZ,NINABAMBA,ALIANZA PARA EL PROGRESO,70
060905,CAJAMARCA,SANTA CRUZ,NINABAMBA,MOVIMIENTO REGIONAL FUERZA SOCIAL CAJAMARCA,38
060905,CAJAMARCA,SANTA CRUZ,NINABAMBA,PARTIDO APRISTA PERUANO,448
060905,CAJAMARCA,SANTA CRUZ,NINABAMBA,PERU POSIBLE,568
060906,CAJAMARCA,SANTA CRUZ,PULAN,ALIANZA CAJAMARCA SIEMPRE VERDE - FUERZA 2011,294
060906,CAJAMARCA,SANTA CRUZ,PULAN,ALIANZA PARA EL PROGRESO,149
060906,CAJAMARCA,SANTA CRUZ,PULAN,EL AGRO A LA REGION,80
060906,CAJAMARCA,SANTA CRUZ,PULAN,MOVIMIENTO DE AFIRMACION  SOCIAL,615
060906,CAJAMARCA,SANTA CRUZ,PULAN,MOVIMIENTO REGIONAL FUERZA SOCIAL CAJAMARCA,662
060906,CAJAMARCA,SANTA CRUZ,PULAN,PARTIDO APRISTA PERUANO,193
060906,CAJAMARCA,SANTA CRUZ,PULAN,PERU POSIBLE,109
060906,CAJAMARCA,SANTA CRUZ,PULAN,TIERRA Y LIBERTAD,68
060907,CAJAMARCA,SANTA CRUZ,SEXI,ALIANZA CAJAMARCA SIEMPRE VERDE - FUERZA 2011,111
060907,CAJAMARCA,SANTA CRUZ,SEXI,MOVIMIENTO DE AFIRMACION  SOCIAL,15
060907,CAJAMARCA,SANTA CRUZ,SEXI,MOVIMIENTO REGIONAL FUERZA SOCIAL CAJAMARCA,118
060907,CAJAMARCA,SANTA CRUZ,SEXI,PARTIDO APRISTA PERUANO,5
060908,CAJAMARCA,SANTA CRUZ,UTICYACU,ALIANZA CAJAMARCA SIEMPRE VERDE - FUERZA 2011,268
060908,CAJAMARCA,SANTA CRUZ,UTICYACU,ALIANZA PARA EL PROGRESO,21
060908,CAJAMARCA,SANTA CRUZ,UTICYACU,MOVIMIENTO DE AFIRMACION  SOCIAL,24
060908,CAJAMARCA,SANTA CRUZ,UTICYACU,MOVIMIENTO REGIONAL FUERZA SOCIAL CAJAMARCA,431
060908,CAJAMARCA,SANTA CRUZ,UTICYACU,PARTIDO APRISTA PERUANO,3
060908,CAJAMARCA,SANTA CRUZ,UTICYACU,PERU POSIBLE,157
060909,CAJAMARCA,SANTA CRUZ,YAUYUCAN,ALIANZA PARA EL PROGRESO,8
060909,CAJAMARCA,SANTA CRUZ,YAUYUCAN,MOVIMIENTO DE AFIRMACION  SOCIAL,29
060909,CAJAMARCA,SANTA CRUZ,YAUYUCAN,MOVIMIENTO REGIONAL FUERZA SOCIAL CAJAMARCA,38
060909,CAJAMARCA,SANTA CRUZ,YAUYUCAN,PARTIDO APRISTA PERUANO,760
060909,CAJAMARCA,SANTA CRUZ,YAUYUCAN,PERU POSIBLE,1022
060910,CAJAMARCA,SANTA CRUZ,ANDABAMBA,ALIANZA CAJAMARCA SIEMPRE VERDE - FUERZA 2011,387
060910,CAJAMARCA,SANTA CRUZ,ANDABAMBA,MOVIMIENTO DE AFIRMACION  SOCIAL,42
060910,CAJAMARCA,SANTA CRUZ,ANDABAMBA,MOVIMIENTO REGIONAL FUERZA SOCIAL CAJAMARCA,49
060910,CAJAMARCA,SANTA CRUZ,ANDABAMBA,PARTIDO APRISTA PERUANO,332
060910,CAJAMARCA,SANTA CRUZ,ANDABAMBA,PERU POSIBLE,167
060911,CAJAMARCA,SANTA CRUZ,SAUCEPAMPA,ALIANZA CAJAMARCA SIEMPRE VERDE - FUERZA 2011,60
060911,CAJAMARCA,SANTA CRUZ,SAUCEPAMPA,MOVIMIENTO REGIONAL FUERZA SOCIAL CAJAMARCA,423
060911,CAJAMARCA,SANTA CRUZ,SAUCEPAMPA,PARTIDO APRISTA PERUANO,261
060911,CAJAMARCA,SANTA CRUZ,SAUCEPAMPA,PERU POSIBLE,417
061002,CAJAMARCA,SAN MIGUEL,CALQUIS,COMPROMISO CAMPESINO,97
061002,CAJAMARCA,SAN MIGUEL,CALQUIS,FRENTE REGIONAL DE CAJAMARCA,19
061002,CAJAMARCA,SAN MIGUEL,CALQUIS,MOVIMIENTO DE AFIRMACION  SOCIAL,557
061002,CAJAMARCA,SAN MIGUEL,CALQUIS,MOVIMIENTO REGIONAL FUERZA SOCIAL CAJAMARCA,282
061002,CAJAMARCA,SAN MIGUEL,CALQUIS,UNION POR EL PERU,1110
061003,CAJAMARCA,SAN MIGUEL,LA FLORIDA,ACCION POPULAR,236
061003,CAJAMARCA,SAN MIGUEL,LA FLORIDA,ALIANZA CAJAMARCA SIEMPRE VERDE - FUERZA 2011,47
061003,CAJAMARCA,SAN MIGUEL,LA FLORIDA,ALIANZA PARA EL PROGRESO,36
061003,CAJAMARCA,SAN MIGUEL,LA FLORIDA,COMPROMISO CAMPESINO,65
061003,CAJAMARCA,SAN MIGUEL,LA FLORIDA,MOVIMIENTO DE AFIRMACION  SOCIAL,362
061003,CAJAMARCA,SAN MIGUEL,LA FLORIDA,MOVIMIENTO REGIONAL FUERZA SOCIAL CAJAMARCA,580
061003,CAJAMARCA,SAN MIGUEL,LA FLORIDA,PARTIDO APRISTA PERUANO,360
061003,CAJAMARCA,SAN MIGUEL,LA FLORIDA,UNION POR EL PERU,30
061004,CAJAMARCA,SAN MIGUEL,LLAPA,ALIANZA CAJAMARCA SIEMPRE VERDE - FUERZA 2011,30
061004,CAJAMARCA,SAN MIGUEL,LLAPA,ALIANZA PARA EL PROGRESO,216
061004,CAJAMARCA,SAN MIGUEL,LLAPA,COMPROMISO CAMPESINO,304
061004,CAJAMARCA,SAN MIGUEL,LLAPA,FRENTE REGIONAL DE CAJAMARCA,207
061004,CAJAMARCA,SAN MIGUEL,LLAPA,MOVIMIENTO DE AFIRMACION  SOCIAL,544
061004,CAJAMARCA,SAN MIGUEL,LLAPA,MOVIMIENTO REGIONAL FUERZA SOCIAL CAJAMARCA,822
061004,CAJAMARCA,SAN MIGUEL,LLAPA,UNION POR EL PERU,686
061005,CAJAMARCA,SAN MIGUEL,NANCHOC,ALIANZA PARA EL PROGRESO,215
061005,CAJAMARCA,SAN MIGUEL,NANCHOC,COMPROMISO CAMPESINO,190
061005,CAJAMARCA,SAN MIGUEL,NANCHOC,MOVIMIENTO REGIONAL FUERZA SOCIAL CAJAMARCA,292
061006,CAJAMARCA,SAN MIGUEL,NIEPOS,ALIANZA PARA EL PROGRESO,611
061006,CAJAMARCA,SAN MIGUEL,NIEPOS,COMPROMISO CAMPESINO,543
061006,CAJAMARCA,SAN MIGUEL,NIEPOS,MOVIMIENTO DE AFIRMACION  SOCIAL,36
061006,CAJAMARCA,SAN MIGUEL,NIEPOS,MOVIMIENTO REGIONAL FUERZA SOCIAL CAJAMARCA,138
061006,CAJAMARCA,SAN MIGUEL,NIEPOS,PARTIDO APRISTA PERUANO,31
061006,CAJAMARCA,SAN MIGUEL,NIEPOS,UNION POR EL PERU,217
061007,CAJAMARCA,SAN MIGUEL,SAN GREGORIO,ALIANZA CAJAMARCA SIEMPRE VERDE - FUERZA 2011,533
061007,CAJAMARCA,SAN MIGUEL,SAN GREGORIO,ALIANZA PARA EL PROGRESO,192
061007,CAJAMARCA,SAN MIGUEL,SAN GREGORIO,COMPROMISO CAMPESINO,9
061007,CAJAMARCA,SAN MIGUEL,SAN GREGORIO,MOVIMIENTO REGIONAL FUERZA SOCIAL CAJAMARCA,429
061007,CAJAMARCA,SAN MIGUEL,SAN GREGORIO,PARTIDO DEMOCRATICO SOMOS PERU,17
061007,CAJAMARCA,SAN MIGUEL,SAN GREGORIO,UNION POR EL PERU,80
061008,CAJAMARCA,SAN MIGUEL,SAN SILVESTRE DE COCHAN,ACCION POPULAR,83
061008,CAJAMARCA,SAN MIGUEL,SAN SILVESTRE DE COCHAN,ALIANZA CAJAMARCA SIEMPRE VERDE - FUERZA 2011,30
061008,CAJAMARCA,SAN MIGUEL,SAN SILVESTRE DE COCHAN,ALIANZA PARA EL PROGRESO,40
061008,CAJAMARCA,SAN MIGUEL,SAN SILVESTRE DE COCHAN,COMPROMISO CAMPESINO,60
061008,CAJAMARCA,SAN MIGUEL,SAN SILVESTRE DE COCHAN,FRENTE REGIONAL DE CAJAMARCA,103
061008,CAJAMARCA,SAN MIGUEL,SAN SILVESTRE DE COCHAN,MOVIMIENTO DE AFIRMACION  SOCIAL,200
061008,CAJAMARCA,SAN MIGUEL,SAN SILVESTRE DE COCHAN,MOVIMIENTO REGIONAL FUERZA SOCIAL CAJAMARCA,851
061008,CAJAMARCA,SAN MIGUEL,SAN SILVESTRE DE COCHAN,PARTIDO APRISTA PERUANO,908
061008,CAJAMARCA,SAN MIGUEL,SAN SILVESTRE DE COCHAN,UNION POR EL PERU,26
061009,CAJAMARCA,SAN MIGUEL,EL PRADO,ALIANZA CAJAMARCA SIEMPRE VERDE - FUERZA 2011,401
061009,CAJAMARCA,SAN MIGUEL,EL PRADO,ALIANZA PARA EL PROGRESO,40
061009,CAJAMARCA,SAN MIGUEL,EL PRADO,COMPROMISO CAMPESINO,535
061009,CAJAMARCA,SAN MIGUEL,EL PRADO,FRENTE REGIONAL DE CAJAMARCA,188
061009,CAJAMARCA,SAN MIGUEL,EL PRADO,MOVIMIENTO DE AFIRMACION  SOCIAL,370
061009,CAJAMARCA,SAN MIGUEL,EL PRADO,MOVIMIENTO REGIONAL FUERZA SOCIAL CAJAMARCA,203
061009,CAJAMARCA,SAN MIGUEL,EL PRADO,PARTIDO APRISTA PERUANO,127
061009,CAJAMARCA,SAN MIGUEL,EL PRADO,PARTIDO DEMOCRATICO SOMOS PERU,99
061009,CAJAMARCA,SAN MIGUEL,EL PRADO,UNION POR EL PERU,39
061010,CAJAMARCA,SAN MIGUEL,UNION AGUA BLANCA,ALIANZA CAJAMARCA SIEMPRE VERDE - FUERZA 2011,37
061010,CAJAMARCA,SAN MIGUEL,UNION AGUA BLANCA,ALIANZA PARA EL PROGRESO,94
061010,CAJAMARCA,SAN MIGUEL,UNION AGUA BLANCA,FRENTE REGIONAL DE CAJAMARCA,20
061010,CAJAMARCA,SAN MIGUEL,UNION AGUA BLANCA,MOVIMIENTO DE AFIRMACION  SOCIAL,101
061010,CAJAMARCA,SAN MIGUEL,UNION AGUA BLANCA,MOVIMIENTO REGIONAL FUERZA SOCIAL CAJAMARCA,359
061010,CAJAMARCA,SAN MIGUEL,UNION AGUA BLANCA,PARTIDO APRISTA PERUANO,377
061010,CAJAMARCA,SAN MIGUEL,UNION AGUA BLANCA,PARTIDO DEMOCRATICO SOMOS PERU,418
061011,CAJAMARCA,SAN MIGUEL,TONGOD,COMPROMISO CAMPESINO,15
061011,CAJAMARCA,SAN MIGUEL,TONGOD,MOVIMIENTO DE AFIRMACION  SOCIAL,50
061011,CAJAMARCA,SAN MIGUEL,TONGOD,MOVIMIENTO REGIONAL FUERZA SOCIAL CAJAMARCA,573
061011,CAJAMARCA,SAN MIGUEL,TONGOD,PARTIDO APRISTA PERUANO,794
061011,CAJAMARCA,SAN MIGUEL,TONGOD,UNION POR EL PERU,45
061012,CAJAMARCA,SAN MIGUEL,CATILLUC,ALIANZA CAJAMARCA SIEMPRE VERDE - FUERZA 2011,58
061012,CAJAMARCA,SAN MIGUEL,CATILLUC,COMPROMISO CAMPESINO,482
061012,CAJAMARCA,SAN MIGUEL,CATILLUC,MOVIMIENTO DE AFIRMACION  SOCIAL,642
061012,CAJAMARCA,SAN MIGUEL,CATILLUC,MOVIMIENTO REGIONAL FUERZA SOCIAL CAJAMARCA,587
061013,CAJAMARCA,SAN MIGUEL,BOLIVAR,ALIANZA CAJAMARCA SIEMPRE VERDE - FUERZA 2011,248
061013,CAJAMARCA,SAN MIGUEL,BOLIVAR,ALIANZA PARA EL PROGRESO,53
061013,CAJAMARCA,SAN MIGUEL,BOLIVAR,COMPROMISO CAMPESINO,94
061013,CAJAMARCA,SAN MIGUEL,BOLIVAR,FRENTE REGIONAL DE CAJAMARCA,105
061013,CAJAMARCA,SAN MIGUEL,BOLIVAR,MOVIMIENTO DE AFIRMACION  SOCIAL,49
061013,CAJAMARCA,SAN MIGUEL,BOLIVAR,MOVIMIENTO REGIONAL FUERZA SOCIAL CAJAMARCA,182
061013,CAJAMARCA,SAN MIGUEL,BOLIVAR,UNION POR EL PERU,190
061102,CAJAMARCA,SAN IGNACIO,CHIRINOS,ACCION POPULAR,92
061102,CAJAMARCA,SAN IGNACIO,CHIRINOS,ALIANZA CAJAMARCA SIEMPRE VERDE - FUERZA 2011,122
061102,CAJAMARCA,SAN IGNACIO,CHIRINOS,ALIANZA PARA EL PROGRESO,750
061102,CAJAMARCA,SAN IGNACIO,CHIRINOS,EL AGRO A LA REGION,344
061102,CAJAMARCA,SAN IGNACIO,CHIRINOS,FRENTE REGIONAL DE CAJAMARCA,58
061102,CAJAMARCA,SAN IGNACIO,CHIRINOS,FUERZA CAMPESINA,1289
061102,CAJAMARCA,SAN IGNACIO,CHIRINOS,MOVIMIENTO DE AFIRMACION  SOCIAL,848
061102,CAJAMARCA,SAN IGNACIO,CHIRINOS,MOVIMIENTO DE INNOVACION CAJAMARCA,496
061102,CAJAMARCA,SAN IGNACIO,CHIRINOS,MOVIMIENTO REGIONAL FUERZA SOCIAL CAJAMARCA,1309
061103,CAJAMARCA,SAN IGNACIO,HUARANGO,ACCION POPULAR,1889
061103,CAJAMARCA,SAN IGNACIO,HUARANGO,ALIANZA CAJAMARCA SIEMPRE VERDE - FUERZA 2011,75
061103,CAJAMARCA,SAN IGNACIO,HUARANGO,ALIANZA PARA EL PROGRESO,785
061103,CAJAMARCA,SAN IGNACIO,HUARANGO,FRENTE REGIONAL DE CAJAMARCA,20
061103,CAJAMARCA,SAN IGNACIO,HUARANGO,FUERZA CAMPESINA,1975
061103,CAJAMARCA,SAN IGNACIO,HUARANGO,MOVIMIENTO DE AFIRMACION  SOCIAL,242
061103,CAJAMARCA,SAN IGNACIO,HUARANGO,MOVIMIENTO DE INNOVACION CAJAMARCA,58
061103,CAJAMARCA,SAN IGNACIO,HUARANGO,MOVIMIENTO REGIONAL FUERZA SOCIAL CAJAMARCA,1899
061103,CAJAMARCA,SAN IGNACIO,HUARANGO,PARTIDO APRISTA PERUANO,48
061103,CAJAMARCA,SAN IGNACIO,HUARANGO,UNION POR EL PERU,814
061104,CAJAMARCA,SAN IGNACIO,NAMBALLE,ALIANZA CAJAMARCA SIEMPRE VERDE - FUERZA 2011,389
061104,CAJAMARCA,SAN IGNACIO,NAMBALLE,FUERZA CAMPESINA,724
061104,CAJAMARCA,SAN IGNACIO,NAMBALLE,MOVIMIENTO DE AFIRMACION  SOCIAL,874
061104,CAJAMARCA,SAN IGNACIO,NAMBALLE,MOVIMIENTO REGIONAL FUERZA SOCIAL CAJAMARCA,999
061105,CAJAMARCA,SAN IGNACIO,LA COIPA,ALIANZA CAJAMARCA SIEMPRE VERDE - FUERZA 2011,13
061105,CAJAMARCA,SAN IGNACIO,LA COIPA,ALIANZA PARA EL PROGRESO,115
061105,CAJAMARCA,SAN IGNACIO,LA COIPA,FRENTE REGIONAL DE CAJAMARCA,2450
061105,CAJAMARCA,SAN IGNACIO,LA COIPA,FUERZA CAMPESINA,1874
061105,CAJAMARCA,SAN IGNACIO,LA COIPA,MOVIMIENTO DE AFIRMACION  SOCIAL,726
061105,CAJAMARCA,SAN IGNACIO,LA COIPA,MOVIMIENTO REGIONAL FUERZA SOCIAL CAJAMARCA,1735
061106,CAJAMARCA,SAN IGNACIO,SAN JOSE DE LOURDES,ACCION POPULAR,764
061106,CAJAMARCA,SAN IGNACIO,SAN JOSE DE LOURDES,ALIANZA CAJAMARCA SIEMPRE VERDE - FUERZA 2011,388
061106,CAJAMARCA,SAN IGNACIO,SAN JOSE DE LOURDES,ALIANZA PARA EL PROGRESO,10
061106,CAJAMARCA,SAN IGNACIO,SAN JOSE DE LOURDES,FRENTE REGIONAL DE CAJAMARCA,333
061106,CAJAMARCA,SAN IGNACIO,SAN JOSE DE LOURDES,FUERZA CAMPESINA,705
061106,CAJAMARCA,SAN IGNACIO,SAN JOSE DE LOURDES,MOVIMIENTO DE AFIRMACION  SOCIAL,2166
061106,CAJAMARCA,SAN IGNACIO,SAN JOSE DE LOURDES,MOVIMIENTO REGIONAL FUERZA SOCIAL CAJAMARCA,1347
061106,CAJAMARCA,SAN IGNACIO,SAN JOSE DE LOURDES,UNION POR EL PERU,457
061107,CAJAMARCA,SAN IGNACIO,TABACONAS,ACCION POPULAR,2518
061107,CAJAMARCA,SAN IGNACIO,TABACONAS,ALIANZA PARA EL PROGRESO,35
061107,CAJAMARCA,SAN IGNACIO,TABACONAS,FRENTE REGIONAL DE CAJAMARCA,65
061107,CAJAMARCA,SAN IGNACIO,TABACONAS,FUERZA CAMPESINA,1259
061107,CAJAMARCA,SAN IGNACIO,TABACONAS,MOVIMIENTO DE AFIRMACION  SOCIAL,1782
061107,CAJAMARCA,SAN IGNACIO,TABACONAS,MOVIMIENTO REGIONAL FUERZA SOCIAL CAJAMARCA,759
061202,CAJAMARCA,SAN MARCOS,ICHOCAN,ALIANZA PARA EL PROGRESO,493
061202,CAJAMARCA,SAN MARCOS,ICHOCAN,EL AGRO A LA REGION,99
061202,CAJAMARCA,SAN MARCOS,ICHOCAN,MOVIMIENTO DE AFIRMACION  SOCIAL,274
061202,CAJAMARCA,SAN MARCOS,ICHOCAN,MOVIMIENTO REGIONAL FUERZA SOCIAL CAJAMARCA,142
061202,CAJAMARCA,SAN MARCOS,ICHOCAN,PARTIDO APRISTA PERUANO,58
061203,CAJAMARCA,SAN MARCOS,GREGORIO PITA,ALIANZA CAJAMARCA SIEMPRE VERDE - FUERZA 2011,109
061203,CAJAMARCA,SAN MARCOS,GREGORIO PITA,ALIANZA PARA EL PROGRESO,1159
061203,CAJAMARCA,SAN MARCOS,GREGORIO PITA,EL AGRO A LA REGION,262
061203,CAJAMARCA,SAN MARCOS,GREGORIO PITA,MOVIMIENTO DE AFIRMACION  SOCIAL,394
061203,CAJAMARCA,SAN MARCOS,GREGORIO PITA,MOVIMIENTO REGIONAL FUERZA SOCIAL CAJAMARCA,438
061203,CAJAMARCA,SAN MARCOS,GREGORIO PITA,PARTIDO APRISTA PERUANO,67
061203,CAJAMARCA,SAN MARCOS,GREGORIO PITA,PERU POSIBLE,249
061204,CAJAMARCA,SAN MARCOS,JOSE MANUEL QUIROZ,ACCION POPULAR,85
061204,CAJAMARCA,SAN MARCOS,JOSE MANUEL QUIROZ,ALIANZA CAJAMARCA SIEMPRE VERDE - FUERZA 2011,467
061204,CAJAMARCA,SAN MARCOS,JOSE MANUEL QUIROZ,ALIANZA PARA EL PROGRESO,270
061204,CAJAMARCA,SAN MARCOS,JOSE MANUEL QUIROZ,EL AGRO A LA REGION,135
061204,CAJAMARCA,SAN MARCOS,JOSE MANUEL QUIROZ,MOVIMIENTO DE AFIRMACION  SOCIAL,332
061204,CAJAMARCA,SAN MARCOS,JOSE MANUEL QUIROZ,MOVIMIENTO REGIONAL FUERZA SOCIAL CAJAMARCA,389
061205,CAJAMARCA,SAN MARCOS,EDUARDO VILLANUEVA,ALIANZA PARA EL PROGRESO,302
061205,CAJAMARCA,SAN MARCOS,EDUARDO VILLANUEVA,EL AGRO A LA REGION,110
061205,CAJAMARCA,SAN MARCOS,EDUARDO VILLANUEVA,FRENTE REGIONAL DE CAJAMARCA,199
061205,CAJAMARCA,SAN MARCOS,EDUARDO VILLANUEVA,MOVIMIENTO DE AFIRMACION  SOCIAL,46
061205,CAJAMARCA,SAN MARCOS,EDUARDO VILLANUEVA,MOVIMIENTO DE INNOVACION CAJAMARCA,147
061205,CAJAMARCA,SAN MARCOS,EDUARDO VILLANUEVA,MOVIMIENTO REGIONAL FUERZA SOCIAL CAJAMARCA,169
061205,CAJAMARCA,SAN MARCOS,EDUARDO VILLANUEVA,PARTIDO APRISTA PERUANO,118
061206,CAJAMARCA,SAN MARCOS,JOSE SABOGAL,ALIANZA CAJAMARCA SIEMPRE VERDE - FUERZA 2011,773
061206,CAJAMARCA,SAN MARCOS,JOSE SABOGAL,ALIANZA PARA EL PROGRESO,844
061206,CAJAMARCA,SAN MARCOS,JOSE SABOGAL,FRENTE REGIONAL DE CAJAMARCA,496
061206,CAJAMARCA,SAN MARCOS,JOSE SABOGAL,MOVIMIENTO REGIONAL FUERZA SOCIAL CAJAMARCA,284
061206,CAJAMARCA,SAN MARCOS,JOSE SABOGAL,PARTIDO APRISTA PERUANO,107
061206,CAJAMARCA,SAN MARCOS,JOSE SABOGAL,PERU POSIBLE,31
061206,CAJAMARCA,SAN MARCOS,JOSE SABOGAL,RESTAURACION NACIONAL,1930
061207,CAJAMARCA,SAN MARCOS,CHANCAY,ALIANZA CAJAMARCA SIEMPRE VERDE - FUERZA 2011,105
061207,CAJAMARCA,SAN MARCOS,CHANCAY,ALIANZA PARA EL PROGRESO,186
061207,CAJAMARCA,SAN MARCOS,CHANCAY,MOVIMIENTO DE AFIRMACION  SOCIAL,615
061207,CAJAMARCA,SAN MARCOS,CHANCAY,MOVIMIENTO REGIONAL FUERZA SOCIAL CAJAMARCA,434
061207,CAJAMARCA,SAN MARCOS,CHANCAY,PARTIDO APRISTA PERUANO,48
061302,CAJAMARCA,SAN PABLO,SAN BERNARDINO,ACCION POPULAR,20
061302,CAJAMARCA,SAN PABLO,SAN BERNARDINO,ALIANZA CAJAMARCA SIEMPRE VERDE - FUERZA 2011,396
061302,CAJAMARCA,SAN PABLO,SAN BERNARDINO,ALIANZA PARA EL PROGRESO,201
061302,CAJAMARCA,SAN PABLO,SAN BERNARDINO,COMPROMISO CAMPESINO,408
061302,CAJAMARCA,SAN PABLO,SAN BERNARDINO,EL AGRO A LA REGION,79
061302,CAJAMARCA,SAN PABLO,SAN BERNARDINO,FRENTE REGIONAL DE CAJAMARCA,171
061302,CAJAMARCA,SAN PABLO,SAN BERNARDINO,MOVIMIENTO DE AFIRMACION  SOCIAL,22
061302,CAJAMARCA,SAN PABLO,SAN BERNARDINO,MOVIMIENTO REGIONAL FUERZA SOCIAL CAJAMARCA,321
061302,CAJAMARCA,SAN PABLO,SAN BERNARDINO,PARTIDO APRISTA PERUANO,271
061302,CAJAMARCA,SAN PABLO,SAN BERNARDINO,PERU POSIBLE,31
061302,CAJAMARCA,SAN PABLO,SAN BERNARDINO,UNION POR EL PERU,30
061303,CAJAMARCA,SAN PABLO,SAN LUIS,ALIANZA CAJAMARCA SIEMPRE VERDE - FUERZA 2011,254
061303,CAJAMARCA,SAN PABLO,SAN LUIS,ALIANZA PARA EL PROGRESO,299
061303,CAJAMARCA,SAN PABLO,SAN LUIS,COMPROMISO CAMPESINO,52
061303,CAJAMARCA,SAN PABLO,SAN LUIS,FRENTE REGIONAL DE CAJAMARCA,248
061303,CAJAMARCA,SAN PABLO,SAN LUIS,MOVIMIENTO DE AFIRMACION  SOCIAL,36
061303,CAJAMARCA,SAN PABLO,SAN LUIS,MOVIMIENTO REGIONAL FUERZA SOCIAL CAJAMARCA,10
061303,CAJAMARCA,SAN PABLO,SAN LUIS,PARTIDO APRISTA PERUANO,22
061303,CAJAMARCA,SAN PABLO,SAN LUIS,UNION POR EL PERU,0
061304,CAJAMARCA,SAN PABLO,TUMBADEN,ACCION POPULAR,130
061304,CAJAMARCA,SAN PABLO,TUMBADEN,ALIANZA CAJAMARCA SIEMPRE VERDE - FUERZA 2011,467
061304,CAJAMARCA,SAN PABLO,TUMBADEN,ALIANZA PARA EL PROGRESO,42
061304,CAJAMARCA,SAN PABLO,TUMBADEN,COMPROMISO CAMPESINO,422
061304,CAJAMARCA,SAN PABLO,TUMBADEN,EL AGRO A LA REGION,57
061304,CAJAMARCA,SAN PABLO,TUMBADEN,FRENTE REGIONAL DE CAJAMARCA,382
061304,CAJAMARCA,SAN PABLO,TUMBADEN,MOVIMIENTO DE AFIRMACION  SOCIAL,74
061304,CAJAMARCA,SAN PABLO,TUMBADEN,MOVIMIENTO REGIONAL FUERZA SOCIAL CAJAMARCA,43
061304,CAJAMARCA,SAN PABLO,TUMBADEN,PARTIDO APRISTA PERUANO,241
061304,CAJAMARCA,SAN PABLO,TUMBADEN,RESTAURACION NACIONAL,58
061304,CAJAMARCA,SAN PABLO,TUMBADEN,UNION POR EL PERU,41
070102,CUSCO,CUSCO,CCORCA,ACCION POPULAR,226
070102,CUSCO,CUSCO,CCORCA,AUTOGOBIERNO AYLLU,64
070102,CUSCO,CUSCO,CCORCA,FUERZA 2011,63
070102,CUSCO,CUSCO,CCORCA,FUERZA CUSCO,21
070102,CUSCO,CUSCO,CCORCA,GRAN ALIANZA NACIONALISTA CUSCO,42
070102,CUSCO,CUSCO,CCORCA,MOVIMIENTO REGIONAL INKA PACHAKUTEQ,201
070102,CUSCO,CUSCO,CCORCA,PARTIDO APRISTA PERUANO,2
070102,CUSCO,CUSCO,CCORCA,QOSQOLLAY,69
070102,CUSCO,CUSCO,CCORCA,TIERRA Y LIBERTAD CUSCO,241
070103,CUSCO,CUSCO,POROY,AUTOGOBIERNO AYLLU,118
070103,CUSCO,CUSCO,POROY,FUERZA 2011,83
070103,CUSCO,CUSCO,POROY,GRAN ALIANZA NACIONALISTA CUSCO,129
070103,CUSCO,CUSCO,POROY,PARTIDO APRISTA PERUANO,688
070103,CUSCO,CUSCO,POROY,PARTIDO DEMOCRATICO SOMOS PERU,464
070103,CUSCO,CUSCO,POROY,PATRIA ARRIBA PERU ADELANTE,203
070104,CUSCO,CUSCO,SAN JERONIMO,ACUERDO REGIONAL DE INTEGRACION,164
070104,CUSCO,CUSCO,SAN JERONIMO,GRAN ALIANZA NACIONALISTA CUSCO,1826
070104,CUSCO,CUSCO,SAN JERONIMO,MOVIMIENTO REGIONAL ACUERDO POPULAR UNIFICADO,429
070104,CUSCO,CUSCO,SAN JERONIMO,MOVIMIENTO REGIONAL PAN,1871
070104,CUSCO,CUSCO,SAN JERONIMO,PARTIDO APRISTA PERUANO,387
070104,CUSCO,CUSCO,SAN JERONIMO,PARTIDO DEMOCRATICO SOMOS PERU,4518
070104,CUSCO,CUSCO,SAN JERONIMO,QOSQOLLAY,2194
070104,CUSCO,CUSCO,SAN JERONIMO,TIERRA Y LIBERTAD CUSCO,1459
070105,CUSCO,CUSCO,SAN SEBASTIAN,ACUERDO REGIONAL DE INTEGRACION,11152
070105,CUSCO,CUSCO,SAN SEBASTIAN,GRAN ALIANZA NACIONALISTA CUSCO,12338
070105,CUSCO,CUSCO,SAN SEBASTIAN,MOVIMIENTO REGIONAL ACUERDO POPULAR UNIFICADO,468
070105,CUSCO,CUSCO,SAN SEBASTIAN,MOVIMIENTO REGIONAL INKA PACHAKUTEQ,1355
070105,CUSCO,CUSCO,SAN SEBASTIAN,MOVIMIENTO REGIONAL PAN,1801
070105,CUSCO,CUSCO,SAN SEBASTIAN,PARTIDO APRISTA PERUANO,736
070105,CUSCO,CUSCO,SAN SEBASTIAN,QOSQOLLAY,1253
070105,CUSCO,CUSCO,SAN SEBASTIAN,RESTAURACION NACIONAL,999
070106,CUSCO,CUSCO,SANTIAGO,ACUERDO REGIONAL DE INTEGRACION,2462
070106,CUSCO,CUSCO,SANTIAGO,GRAN ALIANZA NACIONALISTA CUSCO,12811
070106,CUSCO,CUSCO,SANTIAGO,MOVIMIENTO REGIONAL ACUERDO POPULAR UNIFICADO,568
070106,CUSCO,CUSCO,SANTIAGO,PARTIDO APRISTA PERUANO,719
070106,CUSCO,CUSCO,SANTIAGO,PATRIA ARRIBA PERU ADELANTE,12073
070106,CUSCO,CUSCO,SANTIAGO,PERU POSIBLE,861
070106,CUSCO,CUSCO,SANTIAGO,QOSQOLLAY,7975
070106,CUSCO,CUSCO,SANTIAGO,RESTAURACION NACIONAL,1405
070106,CUSCO,CUSCO,SANTIAGO,TIERRA Y LIBERTAD CUSCO,1094
070107,CUSCO,CUSCO,SAYLLA,AUTOGOBIERNO AYLLU,87
070107,CUSCO,CUSCO,SAYLLA,GRAN ALIANZA NACIONALISTA CUSCO,203
070107,CUSCO,CUSCO,SAYLLA,MOVIMIENTO REGIONAL ACUERDO POPULAR UNIFICADO,84
070107,CUSCO,CUSCO,SAYLLA,MOVIMIENTO REGIONAL INKA PACHAKUTEQ,194
070107,CUSCO,CUSCO,SAYLLA,MOVIMIENTO REGIONAL PAN,60
070107,CUSCO,CUSCO,SAYLLA,PARTIDO DEMOCRATICO SOMOS PERU,173
070107,CUSCO,CUSCO,SAYLLA,QOSQOLLAY,402
070108,CUSCO,CUSCO,WANCHAQ,ACUERDO REGIONAL DE INTEGRACION,834
070108,CUSCO,CUSCO,WANCHAQ,FUERZA 2011,941
070108,CUSCO,CUSCO,WANCHAQ,FUERZA REGIONAL INKA,1008
070108,CUSCO,CUSCO,WANCHAQ,GRAN ALIANZA NACIONALISTA CUSCO,2915
070108,CUSCO,CUSCO,WANCHAQ,MOVIMIENTO REGIONAL PAN,14259
070108,CUSCO,CUSCO,WANCHAQ,PARTIDO APRISTA PERUANO,1956
070108,CUSCO,CUSCO,WANCHAQ,PARTIDO DEMOCRATICO SOMOS PERU,660
070108,CUSCO,CUSCO,WANCHAQ,PATRIA ARRIBA PERU ADELANTE,4860
070108,CUSCO,CUSCO,WANCHAQ,PERU POSIBLE,998
070108,CUSCO,CUSCO,WANCHAQ,QOSQOLLAY,6419
070202,CUSCO,ACOMAYO,ACOPIA,GRAN ALIANZA NACIONALISTA CUSCO,226
070202,CUSCO,ACOMAYO,ACOPIA,MOVIMIENTO REGIONAL ACUERDO POPULAR UNIFICADO,38
070202,CUSCO,ACOMAYO,ACOPIA,MOVIMIENTO REGIONAL PAN,328
070202,CUSCO,ACOMAYO,ACOPIA,PARTIDO APRISTA PERUANO,88
070202,CUSCO,ACOMAYO,ACOPIA,PERU POSIBLE,182
070202,CUSCO,ACOMAYO,ACOPIA,RESTAURACION NACIONAL,275
070202,CUSCO,ACOMAYO,ACOPIA,TIERRA Y LIBERTAD CUSCO,37
070203,CUSCO,ACOMAYO,ACOS,AUTOGOBIERNO AYLLU,28
070203,CUSCO,ACOMAYO,ACOS,GRAN ALIANZA NACIONALISTA CUSCO,158
070203,CUSCO,ACOMAYO,ACOS,MOVIMIENTO REGIONAL ACUERDO POPULAR UNIFICADO,130
070203,CUSCO,ACOMAYO,ACOS,MOVIMIENTO REGIONAL PAN,48
070203,CUSCO,ACOMAYO,ACOS,PARTIDO APRISTA PERUANO,50
070203,CUSCO,ACOMAYO,ACOS,PARTIDO DEMOCRATICO SOMOS PERU,162
070203,CUSCO,ACOMAYO,ACOS,RESTAURACION NACIONAL,193
070203,CUSCO,ACOMAYO,ACOS,TIERRA Y LIBERTAD CUSCO,102
070204,CUSCO,ACOMAYO,POMACANCHI,AUTOGOBIERNO AYLLU,86
070204,CUSCO,ACOMAYO,POMACANCHI,GRAN ALIANZA NACIONALISTA CUSCO,875
070204,CUSCO,ACOMAYO,POMACANCHI,MOVIMIENTO ETNOCACERISTA REGIONAL DEL CUSCO,102
070204,CUSCO,ACOMAYO,POMACANCHI,MOVIMIENTO REGIONAL ACUERDO POPULAR UNIFICADO,560
070204,CUSCO,ACOMAYO,POMACANCHI,MOVIMIENTO REGIONAL PAN,536
070204,CUSCO,ACOMAYO,POMACANCHI,PARTIDO DEMOCRATICO SOMOS PERU,45
070204,CUSCO,ACOMAYO,POMACANCHI,RESTAURACION NACIONAL,499
070204,CUSCO,ACOMAYO,POMACANCHI,UNION POR EL PERU,113
070205,CUSCO,ACOMAYO,RONDOCAN,ACUERDO REGIONAL DE INTEGRACION,64
070205,CUSCO,ACOMAYO,RONDOCAN,AUTOGOBIERNO AYLLU,211
070205,CUSCO,ACOMAYO,RONDOCAN,GRAN ALIANZA NACIONALISTA CUSCO,369
070205,CUSCO,ACOMAYO,RONDOCAN,MOVIMIENTO REGIONAL ACUERDO POPULAR UNIFICADO,108
070205,CUSCO,ACOMAYO,RONDOCAN,MOVIMIENTO REGIONAL PAN,142
070205,CUSCO,ACOMAYO,RONDOCAN,PARTIDO DEMOCRATICO SOMOS PERU,37
070205,CUSCO,ACOMAYO,RONDOCAN,RESTAURACION NACIONAL,286
070206,CUSCO,ACOMAYO,SANGARARA,GRAN ALIANZA NACIONALISTA CUSCO,564
070206,CUSCO,ACOMAYO,SANGARARA,MOVIMIENTO REGIONAL ACUERDO POPULAR UNIFICADO,65
070206,CUSCO,ACOMAYO,SANGARARA,MOVIMIENTO REGIONAL PAN,237
070206,CUSCO,ACOMAYO,SANGARARA,RESTAURACION NACIONAL,564
070207,CUSCO,ACOMAYO,MOSOC LLACTA,ACUERDO REGIONAL DE INTEGRACION,156
070207,CUSCO,ACOMAYO,MOSOC LLACTA,GRAN ALIANZA NACIONALISTA CUSCO,160
070207,CUSCO,ACOMAYO,MOSOC LLACTA,MOVIMIENTO REGIONAL PAN,106
070207,CUSCO,ACOMAYO,MOSOC LLACTA,PARTIDO DEMOCRATICO SOMOS PERU,19
070207,CUSCO,ACOMAYO,MOSOC LLACTA,RESTAURACION NACIONAL,127
070302,CUSCO,ANTA,CHINCHAYPUJIO,ALIANZA PARA EL PROGRESO,12
070302,CUSCO,ANTA,CHINCHAYPUJIO,FONAVISTAS DEL PERU,38
070302,CUSCO,ANTA,CHINCHAYPUJIO,GRAN ALIANZA NACIONALISTA CUSCO,319
070302,CUSCO,ANTA,CHINCHAYPUJIO,MOVIMIENTO REGIONAL INKA PACHAKUTEQ,23
070302,CUSCO,ANTA,CHINCHAYPUJIO,MOVIMIENTO REGIONAL PAN,428
070302,CUSCO,ANTA,CHINCHAYPUJIO,PARTIDO APRISTA PERUANO,172
070302,CUSCO,ANTA,CHINCHAYPUJIO,PARTIDO DEMOCRATICO SOMOS PERU,425
070302,CUSCO,ANTA,CHINCHAYPUJIO,RESTAURACION NACIONAL,59
070302,CUSCO,ANTA,CHINCHAYPUJIO,TIERRA Y LIBERTAD CUSCO,624
070303,CUSCO,ANTA,HUAROCONDO,FUERZA 2011,38
070303,CUSCO,ANTA,HUAROCONDO,GRAN ALIANZA NACIONALISTA CUSCO,194
070303,CUSCO,ANTA,HUAROCONDO,MOSOQ LLAQTA,96
070303,CUSCO,ANTA,HUAROCONDO,MOVIMIENTO REGIONAL PAN,349
070303,CUSCO,ANTA,HUAROCONDO,PARTIDO APRISTA PERUANO,497
070303,CUSCO,ANTA,HUAROCONDO,RESTAURACION NACIONAL,402
070303,CUSCO,ANTA,HUAROCONDO,TIERRA Y LIBERTAD CUSCO,463
070303,CUSCO,ANTA,HUAROCONDO,UNION POR EL PERU,364
070304,CUSCO,ANTA,LIMATAMBO,ACCION POPULAR,49
070304,CUSCO,ANTA,LIMATAMBO,ALIANZA PARA EL PROGRESO,37
070304,CUSCO,ANTA,LIMATAMBO,FUERZA 2011,19
070304,CUSCO,ANTA,LIMATAMBO,GRAN ALIANZA NACIONALISTA CUSCO,255
070304,CUSCO,ANTA,LIMATAMBO,MOVIMIENTO REGIONAL PAN,1375
070304,CUSCO,ANTA,LIMATAMBO,PARTIDO APRISTA PERUANO,1229
070304,CUSCO,ANTA,LIMATAMBO,RESTAURACION NACIONAL,372
070304,CUSCO,ANTA,LIMATAMBO,TIERRA Y LIBERTAD CUSCO,64
070305,CUSCO,ANTA,MOLLEPATA,ACCION POPULAR,40
070305,CUSCO,ANTA,MOLLEPATA,ACUERDO REGIONAL DE INTEGRACION,156
070305,CUSCO,ANTA,MOLLEPATA,FUERZA 2011,45
070305,CUSCO,ANTA,MOLLEPATA,GRAN ALIANZA NACIONALISTA CUSCO,132
070305,CUSCO,ANTA,MOLLEPATA,MOVIMIENTO REGIONAL PAN,268
070305,CUSCO,ANTA,MOLLEPATA,PARTIDO APRISTA PERUANO,395
070305,CUSCO,ANTA,MOLLEPATA,RESTAURACION NACIONAL,100
070305,CUSCO,ANTA,MOLLEPATA,TIERRA Y LIBERTAD CUSCO,202
070306,CUSCO,ANTA,PUCYURA,GRAN ALIANZA NACIONALISTA CUSCO,66
070306,CUSCO,ANTA,PUCYURA,MOVIMIENTO REGIONAL ACUERDO POPULAR UNIFICADO,185
070306,CUSCO,ANTA,PUCYURA,MOVIMIENTO REGIONAL PAN,312
070306,CUSCO,ANTA,PUCYURA,PARTIDO APRISTA PERUANO,253
070306,CUSCO,ANTA,PUCYURA,PERU POSIBLE,7
070306,CUSCO,ANTA,PUCYURA,RESTAURACION NACIONAL,142
070306,CUSCO,ANTA,PUCYURA,TIERRA Y LIBERTAD CUSCO,347
070307,CUSCO,ANTA,ZURITE,ALIANZA PARA EL PROGRESO,70
070307,CUSCO,ANTA,ZURITE,FUERZA 2011,39
070307,CUSCO,ANTA,ZURITE,GRAN ALIANZA NACIONALISTA CUSCO,160
070307,CUSCO,ANTA,ZURITE,MOVIMIENTO REGIONAL PAN,474
070307,CUSCO,ANTA,ZURITE,PARTIDO APRISTA PERUANO,133
070307,CUSCO,ANTA,ZURITE,PARTIDO DEMOCRATICO SOMOS PERU,165
070307,CUSCO,ANTA,ZURITE,PERU POSIBLE,39
070307,CUSCO,ANTA,ZURITE,RESTAURACION NACIONAL,221
070307,CUSCO,ANTA,ZURITE,TIERRA Y LIBERTAD CUSCO,464
070308,CUSCO,ANTA,CACHIMAYO,MOVIMIENTO REGIONAL PAN,267
070308,CUSCO,ANTA,CACHIMAYO,PARTIDO APRISTA PERUANO,337
070308,CUSCO,ANTA,CACHIMAYO,PERU POSIBLE,27
070308,CUSCO,ANTA,CACHIMAYO,RESTAURACION NACIONAL,103
070308,CUSCO,ANTA,CACHIMAYO,TIERRA Y LIBERTAD CUSCO,290
070308,CUSCO,ANTA,CACHIMAYO,UNION POR EL PERU,31
070309,CUSCO,ANTA,ANCAHUASI,FUERZA 2011,530
070309,CUSCO,ANTA,ANCAHUASI,GRAN ALIANZA NACIONALISTA CUSCO,103
070309,CUSCO,ANTA,ANCAHUASI,MOVIMIENTO REGIONAL PAN,677
070309,CUSCO,ANTA,ANCAHUASI,PARTIDO APRISTA PERUANO,191
070309,CUSCO,ANTA,ANCAHUASI,RESTAURACION NACIONAL,808
070309,CUSCO,ANTA,ANCAHUASI,TIERRA Y LIBERTAD CUSCO,506
070402,CUSCO,CALCA,COYA,ACCION POPULAR,347
070402,CUSCO,CALCA,COYA,AUTOGOBIERNO AYLLU,80
070402,CUSCO,CALCA,COYA,GRAN ALIANZA NACIONALISTA CUSCO,93
070402,CUSCO,CALCA,COYA,MOVIMIENTO REGIONAL INKA PACHAKUTEQ,240
070402,CUSCO,CALCA,COYA,MOVIMIENTO REGIONAL PAN,585
070402,CUSCO,CALCA,COYA,PERU POSIBLE,256
070402,CUSCO,CALCA,COYA,TIERRA Y LIBERTAD CUSCO,24
070403,CUSCO,CALCA,LAMAY,ACCION POPULAR,652
070403,CUSCO,CALCA,LAMAY,AUTOGOBIERNO AYLLU,97
070403,CUSCO,CALCA,LAMAY,GRAN ALIANZA NACIONALISTA CUSCO,292
070403,CUSCO,CALCA,LAMAY,MOVIMIENTO REGIONAL INKA PACHAKUTEQ,429
070403,CUSCO,CALCA,LAMAY,MOVIMIENTO REGIONAL PAN,137
070403,CUSCO,CALCA,LAMAY,PERU POSIBLE,774
070404,CUSCO,CALCA,LARES,GRAN ALIANZA NACIONALISTA CUSCO,882
070404,CUSCO,CALCA,LARES,MOVIMIENTO REGIONAL PAN,816
070404,CUSCO,CALCA,LARES,PERU POSIBLE,155
070404,CUSCO,CALCA,LARES,RESTAURACION NACIONAL,190
070404,CUSCO,CALCA,LARES,TIERRA Y LIBERTAD CUSCO,240
070405,CUSCO,CALCA,PISAC,ACCION POPULAR,880
070405,CUSCO,CALCA,PISAC,AUTOGOBIERNO AYLLU,439
070405,CUSCO,CALCA,PISAC,GRAN ALIANZA NACIONALISTA CUSCO,721
070405,CUSCO,CALCA,PISAC,MOVIMIENTO REGIONAL PAN,1171
070405,CUSCO,CALCA,PISAC,PARTIDO APRISTA PERUANO,52
070405,CUSCO,CALCA,PISAC,PARTIDO DEMOCRATICO SOMOS PERU,356
070405,CUSCO,CALCA,PISAC,PERU POSIBLE,125
070405,CUSCO,CALCA,PISAC,TIERRA Y LIBERTAD CUSCO,261
070405,CUSCO,CALCA,PISAC,UNION POR EL PERU,161
070406,CUSCO,CALCA,SAN SALVADOR,ACCION POPULAR,479
070406,CUSCO,CALCA,SAN SALVADOR,AUTOGOBIERNO AYLLU,678
070406,CUSCO,CALCA,SAN SALVADOR,GRAN ALIANZA NACIONALISTA CUSCO,600
070406,CUSCO,CALCA,SAN SALVADOR,PARTIDO APRISTA PERUANO,155
070406,CUSCO,CALCA,SAN SALVADOR,PERU POSIBLE,287
070406,CUSCO,CALCA,SAN SALVADOR,TIERRA Y LIBERTAD CUSCO,39
070407,CUSCO,CALCA,TARAY,ACCION POPULAR,295
070407,CUSCO,CALCA,TARAY,AUTOGOBIERNO AYLLU,419
070407,CUSCO,CALCA,TARAY,FUERZA 2011,147
070407,CUSCO,CALCA,TARAY,GRAN ALIANZA NACIONALISTA CUSCO,109
070407,CUSCO,CALCA,TARAY,MOVIMIENTO REGIONAL INKA PACHAKUTEQ,282
070407,CUSCO,CALCA,TARAY,MOVIMIENTO REGIONAL PAN,489
070407,CUSCO,CALCA,TARAY,PARTIDO APRISTA PERUANO,39
070407,CUSCO,CALCA,TARAY,PERU POSIBLE,33
070407,CUSCO,CALCA,TARAY,RESTAURACION NACIONAL,215
070407,CUSCO,CALCA,TARAY,TIERRA Y LIBERTAD CUSCO,20
070408,CUSCO,CALCA,YANATILE,ACCION POPULAR,430
070408,CUSCO,CALCA,YANATILE,ALIANZA PARA EL PROGRESO,76
070408,CUSCO,CALCA,YANATILE,GRAN ALIANZA NACIONALISTA CUSCO,1024
070408,CUSCO,CALCA,YANATILE,MOVIMIENTO REGIONAL INKA PACHAKUTEQ,565
070408,CUSCO,CALCA,YANATILE,MOVIMIENTO REGIONAL PAN,1021
070408,CUSCO,CALCA,YANATILE,PERU POSIBLE,224
070408,CUSCO,CALCA,YANATILE,RESTAURACION NACIONAL,364
070408,CUSCO,CALCA,YANATILE,UNION POR EL PERU,206
070502,CUSCO,CANAS,CHECCA,GRAN ALIANZA NACIONALISTA CUSCO,312
070502,CUSCO,CANAS,CHECCA,MOVIMIENTO ETNOCACERISTA REGIONAL DEL CUSCO,695
070502,CUSCO,CANAS,CHECCA,MOVIMIENTO REGIONAL PAN,78
070502,CUSCO,CANAS,CHECCA,RESTAURACION NACIONAL,943
070502,CUSCO,CANAS,CHECCA,TIERRA Y LIBERTAD CUSCO,116
070502,CUSCO,CANAS,CHECCA,UNION POR EL PERU,204
070503,CUSCO,CANAS,KUNTURKANKI,GRAN ALIANZA NACIONALISTA CUSCO,782
070503,CUSCO,CANAS,KUNTURKANKI,MOVIMIENTO ETNOCACERISTA REGIONAL DEL CUSCO,55
070503,CUSCO,CANAS,KUNTURKANKI,MOVIMIENTO REGIONAL ACUERDO POPULAR UNIFICADO,139
070503,CUSCO,CANAS,KUNTURKANKI,MOVIMIENTO REGIONAL PAN,54
070503,CUSCO,CANAS,KUNTURKANKI,PARTIDO APRISTA PERUANO,32
070503,CUSCO,CANAS,KUNTURKANKI,RESTAURACION NACIONAL,791
070503,CUSCO,CANAS,KUNTURKANKI,TIERRA Y LIBERTAD CUSCO,310
070503,CUSCO,CANAS,KUNTURKANKI,UNION POR EL PERU,642
070504,CUSCO,CANAS,LANGUI,GRAN ALIANZA NACIONALISTA CUSCO,28
070504,CUSCO,CANAS,LANGUI,MOVIMIENTO ETNOCACERISTA REGIONAL DEL CUSCO,395
070504,CUSCO,CANAS,LANGUI,MOVIMIENTO REGIONAL ACUERDO POPULAR UNIFICADO,222
070504,CUSCO,CANAS,LANGUI,MOVIMIENTO REGIONAL INKA PACHAKUTEQ,97
070504,CUSCO,CANAS,LANGUI,MOVIMIENTO REGIONAL PAN,122
070504,CUSCO,CANAS,LANGUI,RESTAURACION NACIONAL,448
070504,CUSCO,CANAS,LANGUI,TIERRA Y LIBERTAD CUSCO,16
070504,CUSCO,CANAS,LANGUI,UNION POR EL PERU,77
070505,CUSCO,CANAS,LAYO,ACUERDO REGIONAL DE INTEGRACION,590
070505,CUSCO,CANAS,LAYO,FONAVISTAS DEL PERU,11
070505,CUSCO,CANAS,LAYO,FUERZA 2011,33
070505,CUSCO,CANAS,LAYO,GRAN ALIANZA NACIONALISTA CUSCO,96
070505,CUSCO,CANAS,LAYO,MOVIMIENTO ETNOCACERISTA REGIONAL DEL CUSCO,165
070505,CUSCO,CANAS,LAYO,MOVIMIENTO REGIONAL ACUERDO POPULAR UNIFICADO,404
070505,CUSCO,CANAS,LAYO,MOVIMIENTO REGIONAL INKA PACHAKUTEQ,194
070505,CUSCO,CANAS,LAYO,MOVIMIENTO REGIONAL PAN,95
070505,CUSCO,CANAS,LAYO,RESTAURACION NACIONAL,385
070505,CUSCO,CANAS,LAYO,TIERRA Y LIBERTAD CUSCO,391
070505,CUSCO,CANAS,LAYO,UNION POR EL PERU,339
070506,CUSCO,CANAS,PAMPAMARCA,ACUERDO REGIONAL DE INTEGRACION,41
070506,CUSCO,CANAS,PAMPAMARCA,GRAN ALIANZA NACIONALISTA CUSCO,101
070506,CUSCO,CANAS,PAMPAMARCA,MOVIMIENTO ETNOCACERISTA REGIONAL DEL CUSCO,84
070506,CUSCO,CANAS,PAMPAMARCA,MOVIMIENTO REGIONAL ACUERDO POPULAR UNIFICADO,99
070506,CUSCO,CANAS,PAMPAMARCA,MOVIMIENTO REGIONAL PAN,115
070506,CUSCO,CANAS,PAMPAMARCA,PARTIDO APRISTA PERUANO,324
070506,CUSCO,CANAS,PAMPAMARCA,RESTAURACION NACIONAL,97
070506,CUSCO,CANAS,PAMPAMARCA,UNION POR EL PERU,5
070507,CUSCO,CANAS,QUEHUE,ACUERDO REGIONAL DE INTEGRACION,201
070507,CUSCO,CANAS,QUEHUE,GRAN ALIANZA NACIONALISTA CUSCO,111
070507,CUSCO,CANAS,QUEHUE,MOVIMIENTO ETNOCACERISTA REGIONAL DEL CUSCO,49
070507,CUSCO,CANAS,QUEHUE,MOVIMIENTO REGIONAL ACUERDO POPULAR UNIFICADO,381
070507,CUSCO,CANAS,QUEHUE,MOVIMIENTO REGIONAL PAN,16
070507,CUSCO,CANAS,QUEHUE,RESTAURACION NACIONAL,274
070507,CUSCO,CANAS,QUEHUE,TIERRA Y LIBERTAD CUSCO,27
070507,CUSCO,CANAS,QUEHUE,UNION POR EL PERU,381
070508,CUSCO,CANAS,TUPAC AMARU,GRAN ALIANZA NACIONALISTA CUSCO,220
070508,CUSCO,CANAS,TUPAC AMARU,MOVIMIENTO ETNOCACERISTA REGIONAL DEL CUSCO,111
070508,CUSCO,CANAS,TUPAC AMARU,MOVIMIENTO REGIONAL ACUERDO POPULAR UNIFICADO,259
070508,CUSCO,CANAS,TUPAC AMARU,MOVIMIENTO REGIONAL PAN,231
070508,CUSCO,CANAS,TUPAC AMARU,RESTAURACION NACIONAL,315
070508,CUSCO,CANAS,TUPAC AMARU,TIERRA Y LIBERTAD CUSCO,88
070508,CUSCO,CANAS,TUPAC AMARU,UNION POR EL PERU,409
070602,CUSCO,CANCHIS,COMBAPATA,GRAN ALIANZA NACIONALISTA CUSCO,745
070602,CUSCO,CANCHIS,COMBAPATA,MOVIMIENTO ETNOCACERISTA REGIONAL DEL CUSCO,323
070602,CUSCO,CANCHIS,COMBAPATA,MOVIMIENTO REGIONAL ACUERDO POPULAR UNIFICADO,319
070602,CUSCO,CANCHIS,COMBAPATA,MOVIMIENTO REGIONAL PAN,281
070602,CUSCO,CANCHIS,COMBAPATA,PERU POSIBLE,151
070602,CUSCO,CANCHIS,COMBAPATA,RESTAURACION NACIONAL,446
070603,CUSCO,CANCHIS,CHECACUPE,GRAN ALIANZA NACIONALISTA CUSCO,397
070603,CUSCO,CANCHIS,CHECACUPE,MOVIMIENTO ETNOCACERISTA REGIONAL DEL CUSCO,692
070603,CUSCO,CANCHIS,CHECACUPE,MOVIMIENTO REGIONAL ACUERDO POPULAR UNIFICADO,304
070603,CUSCO,CANCHIS,CHECACUPE,MOVIMIENTO REGIONAL PAN,686
070603,CUSCO,CANCHIS,CHECACUPE,PARTIDO APRISTA PERUANO,36
070603,CUSCO,CANCHIS,CHECACUPE,PARTIDO POLITICO ADELANTE,56
070603,CUSCO,CANCHIS,CHECACUPE,RESTAURACION NACIONAL,268
070604,CUSCO,CANCHIS,MARANGANI,ALIANZA PARA EL PROGRESO,73
070604,CUSCO,CANCHIS,MARANGANI,AUTOGOBIERNO AYLLU,317
070604,CUSCO,CANCHIS,MARANGANI,FUERZA 2011,43
070604,CUSCO,CANCHIS,MARANGANI,GRAN ALIANZA NACIONALISTA CUSCO,292
070604,CUSCO,CANCHIS,MARANGANI,MOVILIZACION DE INTEGRACION NACIONAL KECHUA ANDINO,113
070604,CUSCO,CANCHIS,MARANGANI,MOVIMIENTO ETNOCACERISTA REGIONAL DEL CUSCO,65
070604,CUSCO,CANCHIS,MARANGANI,MOVIMIENTO REGIONAL ACUERDO POPULAR UNIFICADO,694
070604,CUSCO,CANCHIS,MARANGANI,MOVIMIENTO REGIONAL PAN,1533
070604,CUSCO,CANCHIS,MARANGANI,PARTIDO POLITICO ADELANTE,442
070604,CUSCO,CANCHIS,MARANGANI,PERU POSIBLE,354
070604,CUSCO,CANCHIS,MARANGANI,RESTAURACION NACIONAL,1358
070604,CUSCO,CANCHIS,MARANGANI,UNION POR EL PERU,90
070605,CUSCO,CANCHIS,PITUMARCA,ALIANZA PARA EL PROGRESO,30
070605,CUSCO,CANCHIS,PITUMARCA,AUTOGOBIERNO AYLLU,569
070605,CUSCO,CANCHIS,PITUMARCA,FUERZA 2011,19
070605,CUSCO,CANCHIS,PITUMARCA,GRAN ALIANZA NACIONALISTA CUSCO,55
070605,CUSCO,CANCHIS,PITUMARCA,MOVIMIENTO REGIONAL ACUERDO POPULAR UNIFICADO,1494
070605,CUSCO,CANCHIS,PITUMARCA,MOVIMIENTO REGIONAL PAN,949
070605,CUSCO,CANCHIS,PITUMARCA,PARTIDO POLITICO ADELANTE,53
070605,CUSCO,CANCHIS,PITUMARCA,RESTAURACION NACIONAL,132
070606,CUSCO,CANCHIS,SAN PABLO,FUERZA 2011,30
070606,CUSCO,CANCHIS,SAN PABLO,GRAN ALIANZA NACIONALISTA CUSCO,738
070606,CUSCO,CANCHIS,SAN PABLO,MOVIMIENTO ETNOCACERISTA REGIONAL DEL CUSCO,50
070606,CUSCO,CANCHIS,SAN PABLO,MOVIMIENTO REGIONAL ACUERDO POPULAR UNIFICADO,192
070606,CUSCO,CANCHIS,SAN PABLO,MOVIMIENTO REGIONAL PAN,192
070606,CUSCO,CANCHIS,SAN PABLO,RESTAURACION NACIONAL,862
070606,CUSCO,CANCHIS,SAN PABLO,UNION POR EL PERU,360
070607,CUSCO,CANCHIS,SAN PEDRO,ACCION POPULAR,77
070607,CUSCO,CANCHIS,SAN PEDRO,ALIANZA PARA EL PROGRESO,13
070607,CUSCO,CANCHIS,SAN PEDRO,FUERZA REGIONAL INKA,355
070607,CUSCO,CANCHIS,SAN PEDRO,GRAN ALIANZA NACIONALISTA CUSCO,267
070607,CUSCO,CANCHIS,SAN PEDRO,MOVIMIENTO REGIONAL ACUERDO POPULAR UNIFICADO,150
070607,CUSCO,CANCHIS,SAN PEDRO,MOVIMIENTO REGIONAL PAN,591
070607,CUSCO,CANCHIS,SAN PEDRO,PARTIDO APRISTA PERUANO,19
070607,CUSCO,CANCHIS,SAN PEDRO,PERU POSIBLE,31
070607,CUSCO,CANCHIS,SAN PEDRO,RESTAURACION NACIONAL,253
070608,CUSCO,CANCHIS,TINTA,ACUERDO REGIONAL DE INTEGRACION,264
070608,CUSCO,CANCHIS,TINTA,GRAN ALIANZA NACIONALISTA CUSCO,145
070608,CUSCO,CANCHIS,TINTA,MOVIMIENTO REGIONAL ACUERDO POPULAR UNIFICADO,953
070608,CUSCO,CANCHIS,TINTA,MOVIMIENTO REGIONAL PAN,1151
070608,CUSCO,CANCHIS,TINTA,PARTIDO APRISTA PERUANO,48
070608,CUSCO,CANCHIS,TINTA,RESTAURACION NACIONAL,78
070702,CUSCO,CHUMBIVILCAS,CAPACMARCA,ACUERDO REGIONAL DE INTEGRACION,68
070702,CUSCO,CHUMBIVILCAS,CAPACMARCA,CAPACMARCA CORAZON,224
070702,CUSCO,CHUMBIVILCAS,CAPACMARCA,GRAN ALIANZA NACIONALISTA CUSCO,516
070702,CUSCO,CHUMBIVILCAS,CAPACMARCA,MOVIMIENTO REGIONAL ACUERDO POPULAR UNIFICADO,79
070702,CUSCO,CHUMBIVILCAS,CAPACMARCA,MOVIMIENTO REGIONAL INKA PACHAKUTEQ,533
070702,CUSCO,CHUMBIVILCAS,CAPACMARCA,MOVIMIENTO REGIONAL PAN,241
070702,CUSCO,CHUMBIVILCAS,CAPACMARCA,PARTIDO APRISTA PERUANO,10
070702,CUSCO,CHUMBIVILCAS,CAPACMARCA,TIERRA Y LIBERTAD CUSCO,26
070702,CUSCO,CHUMBIVILCAS,CAPACMARCA,UNION POR EL PERU,106
070703,CUSCO,CHUMBIVILCAS,COLQUEMARCA,ACUERDO REGIONAL DE INTEGRACION,63
070703,CUSCO,CHUMBIVILCAS,COLQUEMARCA,AUTOGOBIERNO AYLLU,614
070703,CUSCO,CHUMBIVILCAS,COLQUEMARCA,GRAN ALIANZA NACIONALISTA CUSCO,297
070703,CUSCO,CHUMBIVILCAS,COLQUEMARCA,JUNTOS CONTRA LA POBREZA DE COLQUEMARCA,43
070703,CUSCO,CHUMBIVILCAS,COLQUEMARCA,MOVIMIENTO REGIONAL ACUERDO POPULAR UNIFICADO,379
070703,CUSCO,CHUMBIVILCAS,COLQUEMARCA,MOVIMIENTO REGIONAL INKA PACHAKUTEQ,724
070703,CUSCO,CHUMBIVILCAS,COLQUEMARCA,MOVIMIENTO REGIONAL PAN,113
070703,CUSCO,CHUMBIVILCAS,COLQUEMARCA,TIERRA Y LIBERTAD CUSCO,240
070703,CUSCO,CHUMBIVILCAS,COLQUEMARCA,UNION POR EL PERU,908
070704,CUSCO,CHUMBIVILCAS,CHAMACA,ACUERDO REGIONAL DE INTEGRACION,274
070704,CUSCO,CHUMBIVILCAS,CHAMACA,AUTOGOBIERNO AYLLU,696
070704,CUSCO,CHUMBIVILCAS,CHAMACA,MOVIMIENTO ETNOCACERISTA REGIONAL DEL CUSCO,134
070704,CUSCO,CHUMBIVILCAS,CHAMACA,MOVIMIENTO REGIONAL INKA PACHAKUTEQ,426
070704,CUSCO,CHUMBIVILCAS,CHAMACA,MOVIMIENTO REGIONAL PAN,64
070704,CUSCO,CHUMBIVILCAS,CHAMACA,PARTIDO APRISTA PERUANO,251
070704,CUSCO,CHUMBIVILCAS,CHAMACA,UNION POR EL PERU,642
070705,CUSCO,CHUMBIVILCAS,LIVITACA,ACUERDO REGIONAL DE INTEGRACION,1688
070705,CUSCO,CHUMBIVILCAS,LIVITACA,AUTOGOBIERNO AYLLU,54
070705,CUSCO,CHUMBIVILCAS,LIVITACA,GRAN ALIANZA NACIONALISTA CUSCO,165
070705,CUSCO,CHUMBIVILCAS,LIVITACA,MOVIMIENTO REGIONAL INKA PACHAKUTEQ,707
070705,CUSCO,CHUMBIVILCAS,LIVITACA,MOVIMIENTO REGIONAL PAN,68
070705,CUSCO,CHUMBIVILCAS,LIVITACA,RESTAURACION NACIONAL,125
070706,CUSCO,CHUMBIVILCAS,LLUSCO,ACUERDO REGIONAL DE INTEGRACION,370
070706,CUSCO,CHUMBIVILCAS,LLUSCO,AUTOGOBIERNO AYLLU,18
070706,CUSCO,CHUMBIVILCAS,LLUSCO,GRAN ALIANZA NACIONALISTA CUSCO,394
070706,CUSCO,CHUMBIVILCAS,LLUSCO,MOVIMIENTO REGIONAL ACUERDO POPULAR UNIFICADO,153
070706,CUSCO,CHUMBIVILCAS,LLUSCO,MOVIMIENTO REGIONAL INKA PACHAKUTEQ,350
070706,CUSCO,CHUMBIVILCAS,LLUSCO,MOVIMIENTO REGIONAL PAN,338
070706,CUSCO,CHUMBIVILCAS,LLUSCO,UNION POR EL PERU,384
070707,CUSCO,CHUMBIVILCAS,QUIÑOTA,FUERZA REGIONAL INKA,23
070707,CUSCO,CHUMBIVILCAS,QUIÑOTA,GRAN ALIANZA NACIONALISTA CUSCO,98
070707,CUSCO,CHUMBIVILCAS,QUIÑOTA,MOVIMIENTO REGIONAL ACUERDO POPULAR UNIFICADO,29
070707,CUSCO,CHUMBIVILCAS,QUIÑOTA,MOVIMIENTO REGIONAL INKA PACHAKUTEQ,957
070707,CUSCO,CHUMBIVILCAS,QUIÑOTA,MOVIMIENTO REGIONAL PAN,30
070707,CUSCO,CHUMBIVILCAS,QUIÑOTA,UNION POR EL PERU,708
070708,CUSCO,CHUMBIVILCAS,VELILLE,ACUERDO REGIONAL DE INTEGRACION,759
070708,CUSCO,CHUMBIVILCAS,VELILLE,AUTOGOBIERNO AYLLU,1047
070708,CUSCO,CHUMBIVILCAS,VELILLE,GRAN ALIANZA NACIONALISTA CUSCO,94
070708,CUSCO,CHUMBIVILCAS,VELILLE,MOVIMIENTO REGIONAL INKA PACHAKUTEQ,814
070708,CUSCO,CHUMBIVILCAS,VELILLE,MOVIMIENTO REGIONAL PAN,121
070708,CUSCO,CHUMBIVILCAS,VELILLE,UNION POR EL PERU,673
070802,CUSCO,ESPINAR,CONDOROMA,AUTOGOBIERNO AYLLU,97
070802,CUSCO,ESPINAR,CONDOROMA,GRAN ALIANZA NACIONALISTA CUSCO,58
070802,CUSCO,ESPINAR,CONDOROMA,MOVIMIENTO REGIONAL INKA PACHAKUTEQ,99
070802,CUSCO,ESPINAR,CONDOROMA,MOVIMIENTO REGIONAL PAN,105
070802,CUSCO,ESPINAR,CONDOROMA,PARTIDO APRISTA PERUANO,12
070802,CUSCO,ESPINAR,CONDOROMA,PERU POSIBLE,77
070802,CUSCO,ESPINAR,CONDOROMA,TIERRA Y LIBERTAD CUSCO,87
070803,CUSCO,ESPINAR,COPORAQUE,ALIANZA PARA EL PROGRESO,50
070803,CUSCO,ESPINAR,COPORAQUE,AUTOGOBIERNO AYLLU,95
070803,CUSCO,ESPINAR,COPORAQUE,FUERZA 2011,49
070803,CUSCO,ESPINAR,COPORAQUE,GRAN ALIANZA NACIONALISTA CUSCO,401
070803,CUSCO,ESPINAR,COPORAQUE,MOVIMIENTO ETNOCACERISTA REGIONAL DEL CUSCO,330
070803,CUSCO,ESPINAR,COPORAQUE,MOVIMIENTO REGIONAL ACUERDO POPULAR UNIFICADO,256
070803,CUSCO,ESPINAR,COPORAQUE,MOVIMIENTO REGIONAL INKA PACHAKUTEQ,2497
070803,CUSCO,ESPINAR,COPORAQUE,MOVIMIENTO REGIONAL PAN,474
070803,CUSCO,ESPINAR,COPORAQUE,PARTIDO APRISTA PERUANO,124
070803,CUSCO,ESPINAR,COPORAQUE,PERU POSIBLE,40
070803,CUSCO,ESPINAR,COPORAQUE,TIERRA Y LIBERTAD CUSCO,1271
070804,CUSCO,ESPINAR,OCORURO,AUTOGOBIERNO AYLLU,57
070804,CUSCO,ESPINAR,OCORURO,FUERZA 2011,49
070804,CUSCO,ESPINAR,OCORURO,GRAN ALIANZA NACIONALISTA CUSCO,285
070804,CUSCO,ESPINAR,OCORURO,MOVIMIENTO REGIONAL PAN,63
070804,CUSCO,ESPINAR,OCORURO,PARTIDO APRISTA PERUANO,4
070804,CUSCO,ESPINAR,OCORURO,PERU POSIBLE,50
070804,CUSCO,ESPINAR,OCORURO,TIERRA Y LIBERTAD CUSCO,286
070805,CUSCO,ESPINAR,PALLPATA,ALIANZA PARA EL PROGRESO,33
070805,CUSCO,ESPINAR,PALLPATA,AUTOGOBIERNO AYLLU,68
070805,CUSCO,ESPINAR,PALLPATA,FUERZA 2011,145
070805,CUSCO,ESPINAR,PALLPATA,GRAN ALIANZA NACIONALISTA CUSCO,1142
070805,CUSCO,ESPINAR,PALLPATA,MOVIMIENTO REGIONAL INKA PACHAKUTEQ,326
070805,CUSCO,ESPINAR,PALLPATA,MOVIMIENTO REGIONAL PAN,494
070805,CUSCO,ESPINAR,PALLPATA,PARTIDO APRISTA PERUANO,50
070805,CUSCO,ESPINAR,PALLPATA,PERU POSIBLE,127
070805,CUSCO,ESPINAR,PALLPATA,TIERRA Y LIBERTAD CUSCO,448
070806,CUSCO,ESPINAR,PICHIGUA,ALIANZA PARA EL PROGRESO,32
070806,CUSCO,ESPINAR,PICHIGUA,FUERZA 2011,75
070806,CUSCO,ESPINAR,PICHIGUA,GRAN ALIANZA NACIONALISTA CUSCO,322
070806,CUSCO,ESPINAR,PICHIGUA,MOVIMIENTO REGIONAL INKA PACHAKUTEQ,790
070806,CUSCO,ESPINAR,PICHIGUA,MOVIMIENTO REGIONAL PAN,119
070806,CUSCO,ESPINAR,PICHIGUA,PARTIDO APRISTA PERUANO,552
070806,CUSCO,ESPINAR,PICHIGUA,TIERRA Y LIBERTAD CUSCO,214
070807,CUSCO,ESPINAR,SUYCKUTAMBO,ALIANZA PARA EL PROGRESO,51
070807,CUSCO,ESPINAR,SUYCKUTAMBO,AUTOGOBIERNO AYLLU,95
070807,CUSCO,ESPINAR,SUYCKUTAMBO,GRAN ALIANZA NACIONALISTA CUSCO,240
070807,CUSCO,ESPINAR,SUYCKUTAMBO,MOVIMIENTO REGIONAL INKA PACHAKUTEQ,270
070807,CUSCO,ESPINAR,SUYCKUTAMBO,MOVIMIENTO REGIONAL PAN,153
070807,CUSCO,ESPINAR,SUYCKUTAMBO,PARTIDO APRISTA PERUANO,329
070807,CUSCO,ESPINAR,SUYCKUTAMBO,TIERRA Y LIBERTAD CUSCO,321
070808,CUSCO,ESPINAR,ALTO PICHIGUA,ALIANZA PARA EL PROGRESO,31
070808,CUSCO,ESPINAR,ALTO PICHIGUA,AUTOGOBIERNO AYLLU,24
070808,CUSCO,ESPINAR,ALTO PICHIGUA,GRAN ALIANZA NACIONALISTA CUSCO,215
070808,CUSCO,ESPINAR,ALTO PICHIGUA,MOVIMIENTO REGIONAL INKA PACHAKUTEQ,372
070808,CUSCO,ESPINAR,ALTO PICHIGUA,MOVIMIENTO REGIONAL PAN,414
070808,CUSCO,ESPINAR,ALTO PICHIGUA,PARTIDO APRISTA PERUANO,79
070808,CUSCO,ESPINAR,ALTO PICHIGUA,TIERRA Y LIBERTAD CUSCO,234
070902,CUSCO,LA CONVENCION,ECHARATE,ALIANZA PARA EL PROGRESO,177
070902,CUSCO,LA CONVENCION,ECHARATE,FRENTE AGRARIO SOCIALISTA DE ECHARATE,99
070902,CUSCO,LA CONVENCION,ECHARATE,FUERZA 2011,106
070902,CUSCO,LA CONVENCION,ECHARATE,GRAN ALIANZA NACIONALISTA CUSCO,597
070902,CUSCO,LA CONVENCION,ECHARATE,MOVIMIENTO ETNOCACERISTA REGIONAL DEL CUSCO,362
070902,CUSCO,LA CONVENCION,ECHARATE,MOVIMIENTO REGIONAL ACUERDO POPULAR UNIFICADO,3793
070902,CUSCO,LA CONVENCION,ECHARATE,MOVIMIENTO REGIONAL PAN,3338
070902,CUSCO,LA CONVENCION,ECHARATE,PARTIDO DEMOCRATICO SOMOS PERU,5200
070902,CUSCO,LA CONVENCION,ECHARATE,PERU POSIBLE,1687
070903,CUSCO,LA CONVENCION,HUAYOPATA,ACCION POPULAR,90
070903,CUSCO,LA CONVENCION,HUAYOPATA,ACUERDO REGIONAL DE INTEGRACION,74
070903,CUSCO,LA CONVENCION,HUAYOPATA,ALIANZA PARA EL PROGRESO,548
070903,CUSCO,LA CONVENCION,HUAYOPATA,AUTOGOBIERNO AYLLU,42
070903,CUSCO,LA CONVENCION,HUAYOPATA,FUERZA 2011,750
070903,CUSCO,LA CONVENCION,HUAYOPATA,GRAN ALIANZA NACIONALISTA CUSCO,1003
070903,CUSCO,LA CONVENCION,HUAYOPATA,MOVIMIENTO REGIONAL ACUERDO POPULAR UNIFICADO,120
070903,CUSCO,LA CONVENCION,HUAYOPATA,MOVIMIENTO REGIONAL INKA PACHAKUTEQ,131
070903,CUSCO,LA CONVENCION,HUAYOPATA,MOVIMIENTO REGIONAL PAN,234
070903,CUSCO,LA CONVENCION,HUAYOPATA,PARTIDO DEMOCRATICO SOMOS PERU,65
070903,CUSCO,LA CONVENCION,HUAYOPATA,UNION POR EL PERU,77
070904,CUSCO,LA CONVENCION,MARANURA,ACUERDO REGIONAL DE INTEGRACION,616
070904,CUSCO,LA CONVENCION,MARANURA,ALIANZA PARA EL PROGRESO,143
070904,CUSCO,LA CONVENCION,MARANURA,GRAN ALIANZA NACIONALISTA CUSCO,204
070904,CUSCO,LA CONVENCION,MARANURA,MOVIMIENTO REGIONAL ACUERDO POPULAR UNIFICADO,718
070904,CUSCO,LA CONVENCION,MARANURA,MOVIMIENTO REGIONAL PAN,563
070904,CUSCO,LA CONVENCION,MARANURA,PARTIDO DEMOCRATICO SOMOS PERU,1299
070904,CUSCO,LA CONVENCION,MARANURA,PERU POSIBLE,361
070905,CUSCO,LA CONVENCION,OCOBAMBA,ACCION POPULAR,1000
070905,CUSCO,LA CONVENCION,OCOBAMBA,AUTOGOBIERNO AYLLU,31
070905,CUSCO,LA CONVENCION,OCOBAMBA,GRAN ALIANZA NACIONALISTA CUSCO,476
070905,CUSCO,LA CONVENCION,OCOBAMBA,MOVIMIENTO REGIONAL PAN,74
070905,CUSCO,LA CONVENCION,OCOBAMBA,PARTIDO DEMOCRATICO SOMOS PERU,908
070905,CUSCO,LA CONVENCION,OCOBAMBA,RESTAURACION NACIONAL,80
070906,CUSCO,LA CONVENCION,SANTA TERESA,ALIANZA PARA EL PROGRESO,59
070906,CUSCO,LA CONVENCION,SANTA TERESA,GRAN ALIANZA NACIONALISTA CUSCO,110
070906,CUSCO,LA CONVENCION,SANTA TERESA,MOVIMIENTO REGIONAL ACUERDO POPULAR UNIFICADO,1155
070906,CUSCO,LA CONVENCION,SANTA TERESA,MOVIMIENTO REGIONAL PAN,821
070906,CUSCO,LA CONVENCION,SANTA TERESA,PARTIDO DEMOCRATICO SOMOS PERU,1270
070906,CUSCO,LA CONVENCION,SANTA TERESA,SANTA TERESA AL DESARROLLO,25
070907,CUSCO,LA CONVENCION,VILCABAMBA,ACUERDO REGIONAL DE INTEGRACION,37
070907,CUSCO,LA CONVENCION,VILCABAMBA,AUTOGOBIERNO AYLLU,1340
070907,CUSCO,LA CONVENCION,VILCABAMBA,FUERZA 2011,168
070907,CUSCO,LA CONVENCION,VILCABAMBA,GRAN ALIANZA NACIONALISTA CUSCO,2084
070907,CUSCO,LA CONVENCION,VILCABAMBA,MOVIMIENTO ETNOCACERISTA REGIONAL DEL CUSCO,34
070907,CUSCO,LA CONVENCION,VILCABAMBA,MOVIMIENTO REGIONAL ACUERDO POPULAR UNIFICADO,1104
070907,CUSCO,LA CONVENCION,VILCABAMBA,MOVIMIENTO REGIONAL INKA PACHAKUTEQ,839
070907,CUSCO,LA CONVENCION,VILCABAMBA,MOVIMIENTO REGIONAL PAN,93
070907,CUSCO,LA CONVENCION,VILCABAMBA,PARTIDO APRISTA PERUANO,8
070907,CUSCO,LA CONVENCION,VILCABAMBA,PARTIDO DEMOCRATICO SOMOS PERU,297
070907,CUSCO,LA CONVENCION,VILCABAMBA,PERU POSIBLE,35
070907,CUSCO,LA CONVENCION,VILCABAMBA,TIERRA Y LIBERTAD CUSCO,54
070908,CUSCO,LA CONVENCION,QUELLOUNO,ACUERDO REGIONAL DE INTEGRACION,206
070908,CUSCO,LA CONVENCION,QUELLOUNO,GRAN ALIANZA NACIONALISTA CUSCO,321
070908,CUSCO,LA CONVENCION,QUELLOUNO,MOVIMIENTO ETNOCACERISTA REGIONAL DEL CUSCO,91
070908,CUSCO,LA CONVENCION,QUELLOUNO,MOVIMIENTO REGIONAL ACUERDO POPULAR UNIFICADO,786
070908,CUSCO,LA CONVENCION,QUELLOUNO,PARTIDO DEMOCRATICO SOMOS PERU,1268
070908,CUSCO,LA CONVENCION,QUELLOUNO,PERU POSIBLE,1036
070908,CUSCO,LA CONVENCION,QUELLOUNO,QOSQOLLAY,1193
070908,CUSCO,LA CONVENCION,QUELLOUNO,RESTAURACION NACIONAL,105
070909,CUSCO,LA CONVENCION,KIMBIRI,ALIANZA PARA EL PROGRESO,1222
070909,CUSCO,LA CONVENCION,KIMBIRI,FUERZA 2011,637
070909,CUSCO,LA CONVENCION,KIMBIRI,GRAN ALIANZA NACIONALISTA CUSCO,118
070909,CUSCO,LA CONVENCION,KIMBIRI,MOVIMIENTO ETNOCACERISTA REGIONAL DEL CUSCO,1290
070909,CUSCO,LA CONVENCION,KIMBIRI,MOVIMIENTO REGIONAL ACUERDO POPULAR UNIFICADO,947
070909,CUSCO,LA CONVENCION,KIMBIRI,MOVIMIENTO REGIONAL PAN,2211
070909,CUSCO,LA CONVENCION,KIMBIRI,PARTIDO DEMOCRATICO SOMOS PERU,416
070909,CUSCO,LA CONVENCION,KIMBIRI,PERU POSIBLE,58
070909,CUSCO,LA CONVENCION,KIMBIRI,RESTAURACION NACIONAL,33
070910,CUSCO,LA CONVENCION,PICHARI,ACUERDO REGIONAL DE INTEGRACION,33
070910,CUSCO,LA CONVENCION,PICHARI,AGRUPACION VECINAL POR EL AGRO Y PROGRESO DE PICHARI,292
070910,CUSCO,LA CONVENCION,PICHARI,ALIANZA PARA EL PROGRESO,180
070910,CUSCO,LA CONVENCION,PICHARI,DESPERTAR NACIONAL,485
070910,CUSCO,LA CONVENCION,PICHARI,FUERZA 2011,96
070910,CUSCO,LA CONVENCION,PICHARI,GRAN ALIANZA NACIONALISTA CUSCO,126
070910,CUSCO,LA CONVENCION,PICHARI,MOVIMIENTO ETNOCACERISTA REGIONAL DEL CUSCO,553
070910,CUSCO,LA CONVENCION,PICHARI,MOVIMIENTO REGIONAL ACUERDO POPULAR UNIFICADO,712
070910,CUSCO,LA CONVENCION,PICHARI,MOVIMIENTO REGIONAL PAN,149
070910,CUSCO,LA CONVENCION,PICHARI,PARTIDO DEMOCRATICO SOMOS PERU,1851
070910,CUSCO,LA CONVENCION,PICHARI,PERU POSIBLE,2045
070910,CUSCO,LA CONVENCION,PICHARI,RESTAURACION NACIONAL,69
071002,CUSCO,PARURO,ACCHA,GRAN ALIANZA NACIONALISTA CUSCO,446
071002,CUSCO,PARURO,ACCHA,MOVIMIENTO REGIONAL PAN,171
071002,CUSCO,PARURO,ACCHA,PARTIDO APRISTA PERUANO,312
071002,CUSCO,PARURO,ACCHA,PARTIDO DEMOCRATICO SOMOS PERU,259
071003,CUSCO,PARURO,CCAPI,ACCION POPULAR,16
071003,CUSCO,PARURO,CCAPI,AUTOGOBIERNO AYLLU,270
071003,CUSCO,PARURO,CCAPI,GRAN ALIANZA NACIONALISTA CUSCO,634
071003,CUSCO,PARURO,CCAPI,MOVIMIENTO REGIONAL INKA PACHAKUTEQ,40
071003,CUSCO,PARURO,CCAPI,MOVIMIENTO REGIONAL PAN,307
071003,CUSCO,PARURO,CCAPI,PARTIDO DEMOCRATICO SOMOS PERU,317
071004,CUSCO,PARURO,COLCHA,GRAN ALIANZA NACIONALISTA CUSCO,92
071004,CUSCO,PARURO,COLCHA,MOVIMIENTO REGIONAL INKA PACHAKUTEQ,103
071004,CUSCO,PARURO,COLCHA,PARTIDO APRISTA PERUANO,95
071004,CUSCO,PARURO,COLCHA,PARTIDO DEMOCRATICO SOMOS PERU,55
071004,CUSCO,PARURO,COLCHA,PERU POSIBLE,25
071004,CUSCO,PARURO,COLCHA,RESTAURACION NACIONAL,61
071004,CUSCO,PARURO,COLCHA,UNION POR EL PERU,139
071005,CUSCO,PARURO,HUANOQUITE,ACCION POPULAR,44
071005,CUSCO,PARURO,HUANOQUITE,AUTOGOBIERNO AYLLU,108
071005,CUSCO,PARURO,HUANOQUITE,GRAN ALIANZA NACIONALISTA CUSCO,971
071005,CUSCO,PARURO,HUANOQUITE,PARTIDO APRISTA PERUANO,634
071005,CUSCO,PARURO,HUANOQUITE,PARTIDO DEMOCRATICO SOMOS PERU,294
071005,CUSCO,PARURO,HUANOQUITE,RESTAURACION NACIONAL,92
071006,CUSCO,PARURO,OMACHA,AUTOGOBIERNO AYLLU,16
071006,CUSCO,PARURO,OMACHA,GRAN ALIANZA NACIONALISTA CUSCO,189
071006,CUSCO,PARURO,OMACHA,MOVIMIENTO ETNOCACERISTA REGIONAL DEL CUSCO,73
071006,CUSCO,PARURO,OMACHA,MOVIMIENTO REGIONAL PAN,139
071006,CUSCO,PARURO,OMACHA,PARTIDO APRISTA PERUANO,368
071006,CUSCO,PARURO,OMACHA,PARTIDO DEMOCRATICO SOMOS PERU,674
071006,CUSCO,PARURO,OMACHA,PERU POSIBLE,203
071006,CUSCO,PARURO,OMACHA,QOSQOLLAY,27
071006,CUSCO,PARURO,OMACHA,RESTAURACION NACIONAL,87
071006,CUSCO,PARURO,OMACHA,UNION POR EL PERU,202
071007,CUSCO,PARURO,YAURISQUE,FUERZA 2011,202
071007,CUSCO,PARURO,YAURISQUE,GRAN ALIANZA NACIONALISTA CUSCO,430
071007,CUSCO,PARURO,YAURISQUE,MOVIMIENTO REGIONAL PAN,45
071007,CUSCO,PARURO,YAURISQUE,PARTIDO APRISTA PERUANO,55
071007,CUSCO,PARURO,YAURISQUE,PARTIDO DEMOCRATICO SOMOS PERU,253
071007,CUSCO,PARURO,YAURISQUE,RESTAURACION NACIONAL,79
071007,CUSCO,PARURO,YAURISQUE,UNION POR EL PERU,182
071008,CUSCO,PARURO,PACCARITAMBO,GRAN ALIANZA NACIONALISTA CUSCO,303
071008,CUSCO,PARURO,PACCARITAMBO,MOVIMIENTO REGIONAL PAN,37
071008,CUSCO,PARURO,PACCARITAMBO,PARTIDO APRISTA PERUANO,211
071008,CUSCO,PARURO,PACCARITAMBO,PARTIDO DEMOCRATICO SOMOS PERU,166
071008,CUSCO,PARURO,PACCARITAMBO,RESTAURACION NACIONAL,401
071009,CUSCO,PARURO,PILLPINTO,GRAN ALIANZA NACIONALISTA CUSCO,300
071009,CUSCO,PARURO,PILLPINTO,MOVIMIENTO REGIONAL PAN,76
071009,CUSCO,PARURO,PILLPINTO,PARTIDO DEMOCRATICO SOMOS PERU,70
071009,CUSCO,PARURO,PILLPINTO,UNION POR EL PERU,230
071102,CUSCO,PAUCARTAMBO,CAICAY,ACCION POPULAR,140
071102,CUSCO,PAUCARTAMBO,CAICAY,AUTOGOBIERNO AYLLU,158
071102,CUSCO,PAUCARTAMBO,CAICAY,GRAN ALIANZA NACIONALISTA CUSCO,120
071102,CUSCO,PAUCARTAMBO,CAICAY,MOVIMIENTO REGIONAL PAN,246
071102,CUSCO,PAUCARTAMBO,CAICAY,RESTAURACION NACIONAL,401
071103,CUSCO,PAUCARTAMBO,COLQUEPATA,ACCION POPULAR,448
071103,CUSCO,PAUCARTAMBO,COLQUEPATA,AUTOGOBIERNO AYLLU,478
071103,CUSCO,PAUCARTAMBO,COLQUEPATA,FONAVISTAS DEL PERU,83
071103,CUSCO,PAUCARTAMBO,COLQUEPATA,GRAN ALIANZA NACIONALISTA CUSCO,470
071103,CUSCO,PAUCARTAMBO,COLQUEPATA,MOVIMIENTO REGIONAL ACUERDO POPULAR UNIFICADO,115
071103,CUSCO,PAUCARTAMBO,COLQUEPATA,MOVIMIENTO REGIONAL PAN,552
071103,CUSCO,PAUCARTAMBO,COLQUEPATA,PARTIDO DEMOCRATICO SOMOS PERU,138
071103,CUSCO,PAUCARTAMBO,COLQUEPATA,QOSQOLLAY,743
071103,CUSCO,PAUCARTAMBO,COLQUEPATA,RESTAURACION NACIONAL,674
071104,CUSCO,PAUCARTAMBO,CHALLABAMBA,ACCION POPULAR,566
071104,CUSCO,PAUCARTAMBO,CHALLABAMBA,AUTOGOBIERNO AYLLU,787
071104,CUSCO,PAUCARTAMBO,CHALLABAMBA,GRAN ALIANZA NACIONALISTA CUSCO,175
071104,CUSCO,PAUCARTAMBO,CHALLABAMBA,MOVIMIENTO ETNOCACERISTA REGIONAL DEL CUSCO,187
071104,CUSCO,PAUCARTAMBO,CHALLABAMBA,MOVIMIENTO REGIONAL ACUERDO POPULAR UNIFICADO,109
071104,CUSCO,PAUCARTAMBO,CHALLABAMBA,MOVIMIENTO REGIONAL PAN,174
071104,CUSCO,PAUCARTAMBO,CHALLABAMBA,PARTIDO APRISTA PERUANO,54
071104,CUSCO,PAUCARTAMBO,CHALLABAMBA,PARTIDO DEMOCRATICO SOMOS PERU,266
071104,CUSCO,PAUCARTAMBO,CHALLABAMBA,RESTAURACION NACIONAL,231
071104,CUSCO,PAUCARTAMBO,CHALLABAMBA,TIERRA Y LIBERTAD CUSCO,76
071105,CUSCO,PAUCARTAMBO,KOSÑIPATA,AUTOGOBIERNO AYLLU,558
071105,CUSCO,PAUCARTAMBO,KOSÑIPATA,GRAN ALIANZA NACIONALISTA CUSCO,203
071105,CUSCO,PAUCARTAMBO,KOSÑIPATA,MOVIMIENTO REGIONAL ACUERDO POPULAR UNIFICADO,59
071105,CUSCO,PAUCARTAMBO,KOSÑIPATA,MOVIMIENTO REGIONAL INKA PACHAKUTEQ,292
071105,CUSCO,PAUCARTAMBO,KOSÑIPATA,MOVIMIENTO REGIONAL PAN,152
071105,CUSCO,PAUCARTAMBO,KOSÑIPATA,PARTIDO APRISTA PERUANO,18
071105,CUSCO,PAUCARTAMBO,KOSÑIPATA,PARTIDO DEMOCRATICO SOMOS PERU,271
071105,CUSCO,PAUCARTAMBO,KOSÑIPATA,RESTAURACION NACIONAL,171
071105,CUSCO,PAUCARTAMBO,KOSÑIPATA,UNION POR EL PERU,98
071106,CUSCO,PAUCARTAMBO,HUANCARANI,AUTOGOBIERNO AYLLU,723
071106,CUSCO,PAUCARTAMBO,HUANCARANI,GRAN ALIANZA NACIONALISTA CUSCO,641
071106,CUSCO,PAUCARTAMBO,HUANCARANI,PARTIDO DEMOCRATICO SOMOS PERU,47
071106,CUSCO,PAUCARTAMBO,HUANCARANI,RESTAURACION NACIONAL,1055
071106,CUSCO,PAUCARTAMBO,HUANCARANI,UNION POR EL PERU,320
071202,CUSCO,QUISPICANCHI,ANDAHUAYLILLAS,ACCION POPULAR,92
071202,CUSCO,QUISPICANCHI,ANDAHUAYLILLAS,ACUERDO REGIONAL DE INTEGRACION,23
071202,CUSCO,QUISPICANCHI,ANDAHUAYLILLAS,AUTOGOBIERNO AYLLU,227
071202,CUSCO,QUISPICANCHI,ANDAHUAYLILLAS,GRAN ALIANZA NACIONALISTA CUSCO,909
071202,CUSCO,QUISPICANCHI,ANDAHUAYLILLAS,MOVIMIENTO REGIONAL ACUERDO POPULAR UNIFICADO,89
071202,CUSCO,QUISPICANCHI,ANDAHUAYLILLAS,RESTAURACION NACIONAL,100
071202,CUSCO,QUISPICANCHI,ANDAHUAYLILLAS,UNION POR EL PERU,946
071203,CUSCO,QUISPICANCHI,CAMANTI,ACCION POPULAR,171
071203,CUSCO,QUISPICANCHI,CAMANTI,ACUERDO REGIONAL DE INTEGRACION,80
071203,CUSCO,QUISPICANCHI,CAMANTI,GRAN ALIANZA NACIONALISTA CUSCO,68
071203,CUSCO,QUISPICANCHI,CAMANTI,MOVIMIENTO REGIONAL ACUERDO POPULAR UNIFICADO,72
071203,CUSCO,QUISPICANCHI,CAMANTI,MOVIMIENTO REGIONAL PAN,241
071203,CUSCO,QUISPICANCHI,CAMANTI,PERU POSIBLE,179
071203,CUSCO,QUISPICANCHI,CAMANTI,RESTAURACION NACIONAL,70
071203,CUSCO,QUISPICANCHI,CAMANTI,UNION POR EL PERU,42
071204,CUSCO,QUISPICANCHI,CCARHUAYO,ACCION POPULAR,69
071204,CUSCO,QUISPICANCHI,CCARHUAYO,AUTOGOBIERNO AYLLU,29
071204,CUSCO,QUISPICANCHI,CCARHUAYO,GRAN ALIANZA NACIONALISTA CUSCO,110
071204,CUSCO,QUISPICANCHI,CCARHUAYO,MOVIMIENTO REGIONAL ACUERDO POPULAR UNIFICADO,80
071204,CUSCO,QUISPICANCHI,CCARHUAYO,MOVIMIENTO REGIONAL PAN,129
071204,CUSCO,QUISPICANCHI,CCARHUAYO,PERU POSIBLE,314
071204,CUSCO,QUISPICANCHI,CCARHUAYO,RESTAURACION NACIONAL,365
071205,CUSCO,QUISPICANCHI,CCATCA,ACCION POPULAR,330
071205,CUSCO,QUISPICANCHI,CCATCA,AUTOGOBIERNO AYLLU,162
071205,CUSCO,QUISPICANCHI,CCATCA,GRAN ALIANZA NACIONALISTA CUSCO,199
071205,CUSCO,QUISPICANCHI,CCATCA,MOVIMIENTO REGIONAL ACUERDO POPULAR UNIFICADO,100
071205,CUSCO,QUISPICANCHI,CCATCA,MOVIMIENTO REGIONAL PAN,878
071205,CUSCO,QUISPICANCHI,CCATCA,PARTIDO APRISTA PERUANO,81
071205,CUSCO,QUISPICANCHI,CCATCA,PERU POSIBLE,812
071205,CUSCO,QUISPICANCHI,CCATCA,RESTAURACION NACIONAL,838
071205,CUSCO,QUISPICANCHI,CCATCA,TIERRA Y LIBERTAD CUSCO,88
071205,CUSCO,QUISPICANCHI,CCATCA,UNION POR EL PERU,720
071206,CUSCO,QUISPICANCHI,CUSIPATA,ACCION POPULAR,315
071206,CUSCO,QUISPICANCHI,CUSIPATA,AUTOGOBIERNO AYLLU,82
071206,CUSCO,QUISPICANCHI,CUSIPATA,GRAN ALIANZA NACIONALISTA CUSCO,518
071206,CUSCO,QUISPICANCHI,CUSIPATA,MOVIMIENTO REGIONAL ACUERDO POPULAR UNIFICADO,518
071206,CUSCO,QUISPICANCHI,CUSIPATA,MOVIMIENTO REGIONAL PAN,387
071206,CUSCO,QUISPICANCHI,CUSIPATA,PARTIDO DEMOCRATICO SOMOS PERU,43
071206,CUSCO,QUISPICANCHI,CUSIPATA,PERU POSIBLE,31
071206,CUSCO,QUISPICANCHI,CUSIPATA,RESTAURACION NACIONAL,375
071207,CUSCO,QUISPICANCHI,HUARO,AUTOGOBIERNO AYLLU,643
071207,CUSCO,QUISPICANCHI,HUARO,GRAN ALIANZA NACIONALISTA CUSCO,727
071207,CUSCO,QUISPICANCHI,HUARO,MOVIMIENTO REGIONAL ACUERDO POPULAR UNIFICADO,146
071207,CUSCO,QUISPICANCHI,HUARO,PERU POSIBLE,196
071208,CUSCO,QUISPICANCHI,LUCRE,ACCION POPULAR,79
071208,CUSCO,QUISPICANCHI,LUCRE,AUTOGOBIERNO AYLLU,305
071208,CUSCO,QUISPICANCHI,LUCRE,MOVIMIENTO REGIONAL ACUERDO POPULAR UNIFICADO,38
071208,CUSCO,QUISPICANCHI,LUCRE,MOVIMIENTO REGIONAL PAN,617
071208,CUSCO,QUISPICANCHI,LUCRE,PERU POSIBLE,194
071208,CUSCO,QUISPICANCHI,LUCRE,RESTAURACION NACIONAL,650
071209,CUSCO,QUISPICANCHI,MARCAPATA,ACCION POPULAR,66
071209,CUSCO,QUISPICANCHI,MARCAPATA,ALIANZA PARA EL PROGRESO,123
071209,CUSCO,QUISPICANCHI,MARCAPATA,AUTOGOBIERNO AYLLU,84
071209,CUSCO,QUISPICANCHI,MARCAPATA,GRAN ALIANZA NACIONALISTA CUSCO,210
071209,CUSCO,QUISPICANCHI,MARCAPATA,MARCAPATA PRESENTE EN LA INTEROCEANICA TRAMO 2,18
071209,CUSCO,QUISPICANCHI,MARCAPATA,MOVIMIENTO ETNOCACERISTA REGIONAL DEL CUSCO,30
071209,CUSCO,QUISPICANCHI,MARCAPATA,MOVIMIENTO REGIONAL ACUERDO POPULAR UNIFICADO,555
071209,CUSCO,QUISPICANCHI,MARCAPATA,MOVIMIENTO REGIONAL PAN,519
071209,CUSCO,QUISPICANCHI,MARCAPATA,PERU POSIBLE,307
071209,CUSCO,QUISPICANCHI,MARCAPATA,RESTAURACION NACIONAL,94
071209,CUSCO,QUISPICANCHI,MARCAPATA,TIERRA Y LIBERTAD CUSCO,31
071210,CUSCO,QUISPICANCHI,OCONGATE,ACCION POPULAR,132
071210,CUSCO,QUISPICANCHI,OCONGATE,AUTOGOBIERNO AYLLU,218
071210,CUSCO,QUISPICANCHI,OCONGATE,GRAN ALIANZA NACIONALISTA CUSCO,2262
071210,CUSCO,QUISPICANCHI,OCONGATE,PERU POSIBLE,2530
071211,CUSCO,QUISPICANCHI,OROPESA,ACCION POPULAR,84
071211,CUSCO,QUISPICANCHI,OROPESA,AUTOGOBIERNO AYLLU,381
071211,CUSCO,QUISPICANCHI,OROPESA,GRAN ALIANZA NACIONALISTA CUSCO,757
071211,CUSCO,QUISPICANCHI,OROPESA,MOVIMIENTO REGIONAL ACUERDO POPULAR UNIFICADO,407
071211,CUSCO,QUISPICANCHI,OROPESA,MOVIMIENTO REGIONAL INKA PACHAKUTEQ,607
071211,CUSCO,QUISPICANCHI,OROPESA,MOVIMIENTO REGIONAL PAN,605
071211,CUSCO,QUISPICANCHI,OROPESA,PARTIDO APRISTA PERUANO,49
071212,CUSCO,QUISPICANCHI,QUIQUIJANA,ACCION POPULAR,1014
071212,CUSCO,QUISPICANCHI,QUIQUIJANA,AUTOGOBIERNO AYLLU,964
071212,CUSCO,QUISPICANCHI,QUIQUIJANA,FUERZA 2011,72
071212,CUSCO,QUISPICANCHI,QUIQUIJANA,GRAN ALIANZA NACIONALISTA CUSCO,81
071212,CUSCO,QUISPICANCHI,QUIQUIJANA,MOVIMIENTO REGIONAL ACUERDO POPULAR UNIFICADO,73
071212,CUSCO,QUISPICANCHI,QUIQUIJANA,MOVIMIENTO REGIONAL PAN,166
071212,CUSCO,QUISPICANCHI,QUIQUIJANA,RESTAURACION NACIONAL,736
071212,CUSCO,QUISPICANCHI,QUIQUIJANA,TIERRA Y LIBERTAD CUSCO,431
071212,CUSCO,QUISPICANCHI,QUIQUIJANA,UNION POR EL PERU,44
071302,CUSCO,URUBAMBA,CHINCHERO,ACCION POPULAR,34
071302,CUSCO,URUBAMBA,CHINCHERO,GRAN ALIANZA NACIONALISTA CUSCO,224
071302,CUSCO,URUBAMBA,CHINCHERO,MOVIMIENTO REGIONAL ACUERDO POPULAR UNIFICADO,1119
071302,CUSCO,URUBAMBA,CHINCHERO,MOVIMIENTO REGIONAL PAN,1139
071302,CUSCO,URUBAMBA,CHINCHERO,PARTIDO APRISTA PERUANO,30
071302,CUSCO,URUBAMBA,CHINCHERO,PERU POSIBLE,518
071302,CUSCO,URUBAMBA,CHINCHERO,TIERRA Y LIBERTAD CUSCO,840
071303,CUSCO,URUBAMBA,HUAYLLABAMBA,ACCION POPULAR,29
071303,CUSCO,URUBAMBA,HUAYLLABAMBA,GRAN ALIANZA NACIONALISTA CUSCO,96
071303,CUSCO,URUBAMBA,HUAYLLABAMBA,MOVIMIENTO REGIONAL ACUERDO POPULAR UNIFICADO,589
071303,CUSCO,URUBAMBA,HUAYLLABAMBA,MOVIMIENTO REGIONAL PAN,744
071303,CUSCO,URUBAMBA,HUAYLLABAMBA,PARTIDO APRISTA PERUANO,19
071303,CUSCO,URUBAMBA,HUAYLLABAMBA,PERU POSIBLE,82
071303,CUSCO,URUBAMBA,HUAYLLABAMBA,TIERRA Y LIBERTAD CUSCO,791
071304,CUSCO,URUBAMBA,MACHUPICCHU,ACCION POPULAR,142
071304,CUSCO,URUBAMBA,MACHUPICCHU,GRAN ALIANZA NACIONALISTA CUSCO,299
071304,CUSCO,URUBAMBA,MACHUPICCHU,MOVIMIENTO REGIONAL ACUERDO POPULAR UNIFICADO,552
071304,CUSCO,URUBAMBA,MACHUPICCHU,MOVIMIENTO REGIONAL PAN,114
071304,CUSCO,URUBAMBA,MACHUPICCHU,PARTIDO APRISTA PERUANO,360
071304,CUSCO,URUBAMBA,MACHUPICCHU,PERU POSIBLE,940
071304,CUSCO,URUBAMBA,MACHUPICCHU,TIERRA Y LIBERTAD CUSCO,619
071305,CUSCO,URUBAMBA,MARAS,ACCION POPULAR,145
071305,CUSCO,URUBAMBA,MARAS,ACUERDO REGIONAL DE INTEGRACION,40
071305,CUSCO,URUBAMBA,MARAS,ALIANZA PARA EL PROGRESO,19
071305,CUSCO,URUBAMBA,MARAS,ALTERNATIVA DE REAFIRMACION DEMOCRATICA Y ECOLOGICA DE MARAS,49
071305,CUSCO,URUBAMBA,MARAS,GRAN ALIANZA NACIONALISTA CUSCO,115
071305,CUSCO,URUBAMBA,MARAS,MOVIMIENTO REGIONAL ACUERDO POPULAR UNIFICADO,905
071305,CUSCO,URUBAMBA,MARAS,MOVIMIENTO REGIONAL PAN,655
071305,CUSCO,URUBAMBA,MARAS,PERU POSIBLE,429
071305,CUSCO,URUBAMBA,MARAS,TIERRA Y LIBERTAD CUSCO,438
071306,CUSCO,URUBAMBA,OLLANTAYTAMBO,ACCION POPULAR,873
071306,CUSCO,URUBAMBA,OLLANTAYTAMBO,GRAN ALIANZA NACIONALISTA CUSCO,81
071306,CUSCO,URUBAMBA,OLLANTAYTAMBO,MOVIMIENTO REGIONAL ACUERDO POPULAR UNIFICADO,1446
071306,CUSCO,URUBAMBA,OLLANTAYTAMBO,MOVIMIENTO REGIONAL PAN,520
071306,CUSCO,URUBAMBA,OLLANTAYTAMBO,PERU POSIBLE,149
071306,CUSCO,URUBAMBA,OLLANTAYTAMBO,TIERRA Y LIBERTAD CUSCO,1160
071307,CUSCO,URUBAMBA,YUCAY,MOVIMIENTO REGIONAL ACUERDO POPULAR UNIFICADO,781
071307,CUSCO,URUBAMBA,YUCAY,MOVIMIENTO REGIONAL PAN,692
080102,HUANCAVELICA,HUANCAVELICA,ACOBAMBILLA,ALIANZA PARA EL PROGRESO,10
080102,HUANCAVELICA,HUANCAVELICA,ACOBAMBILLA,FRENTE DESCENTRALISTA DE PUEBLOS ANDINOS,103
080102,HUANCAVELICA,HUANCAVELICA,ACOBAMBILLA,MOVIMIENTO DESCENTRALISTA POPULAR RIKCHARISUN LLAQTA YUYAYCHANAKUNAPAQ,218
080102,HUANCAVELICA,HUANCAVELICA,ACOBAMBILLA,MOVIMIENTO INDEPENDIENTE DE CAMPESINOS Y PROFESIONALES,68
080102,HUANCAVELICA,HUANCAVELICA,ACOBAMBILLA,MOVIMIENTO INDEPENDIENTE REGIONAL UNIDOS POR HUANCAVELICA,200
080102,HUANCAVELICA,HUANCAVELICA,ACOBAMBILLA,MOVIMIENTO INDEPENDIENTE TRABAJANDO PARA TODOS,171
080102,HUANCAVELICA,HUANCAVELICA,ACOBAMBILLA,MOVIMIENTO REGIONAL AYNI,253
080102,HUANCAVELICA,HUANCAVELICA,ACOBAMBILLA,PARTIDO APRISTA PERUANO,181
080102,HUANCAVELICA,HUANCAVELICA,ACOBAMBILLA,PERU POSIBLE,28
080102,HUANCAVELICA,HUANCAVELICA,ACOBAMBILLA,PROYECTO INTEGRACIONISTA DE COMUNIDADES ORGANIZADAS,51
080103,HUANCAVELICA,HUANCAVELICA,ACORIA,ACCION POPULAR,121
080103,HUANCAVELICA,HUANCAVELICA,ACORIA,ALIANZA PARA EL PROGRESO,112
080103,HUANCAVELICA,HUANCAVELICA,ACORIA,FONAVISTAS DEL PERU,489
080103,HUANCAVELICA,HUANCAVELICA,ACORIA,FRENTE DESCENTRALISTA DE PUEBLOS ANDINOS,101
080103,HUANCAVELICA,HUANCAVELICA,ACORIA,FRENTE INDEPENDIENTE KALLPA,1212
080103,HUANCAVELICA,HUANCAVELICA,ACORIA,MOVIMIENTO DESCENTRALISTA POPULAR RIKCHARISUN LLAQTA YUYAYCHANAKUNAPAQ,213
080103,HUANCAVELICA,HUANCAVELICA,ACORIA,MOVIMIENTO INDEPENDIENTE REGIONAL UNIDOS POR HUANCAVELICA,741
080103,HUANCAVELICA,HUANCAVELICA,ACORIA,MOVIMIENTO INDEPENDIENTE TRABAJANDO PARA TODOS,2353
080103,HUANCAVELICA,HUANCAVELICA,ACORIA,MOVIMIENTO REGIONAL AYNI,1081
080103,HUANCAVELICA,HUANCAVELICA,ACORIA,PARTIDO APRISTA PERUANO,147
080103,HUANCAVELICA,HUANCAVELICA,ACORIA,PARTIDO DEMOCRATICO SOMOS PERU,2625
080103,HUANCAVELICA,HUANCAVELICA,ACORIA,PERU POSIBLE,94
080103,HUANCAVELICA,HUANCAVELICA,ACORIA,PROYECTO INTEGRACIONISTA DE COMUNIDADES ORGANIZADAS,351
080103,HUANCAVELICA,HUANCAVELICA,ACORIA,REVOLUCION REGIONAL,56
080104,HUANCAVELICA,HUANCAVELICA,CONAYCA,MOVIMIENTO INDEPENDIENTE REGIONAL UNIDOS POR HUANCAVELICA,141
080104,HUANCAVELICA,HUANCAVELICA,CONAYCA,MOVIMIENTO INDEPENDIENTE TRABAJANDO PARA TODOS,176
080104,HUANCAVELICA,HUANCAVELICA,CONAYCA,MOVIMIENTO REGIONAL AYNI,362
080104,HUANCAVELICA,HUANCAVELICA,CONAYCA,PARTIDO APRISTA PERUANO,19
080105,HUANCAVELICA,HUANCAVELICA,CUENCA,ACCION POPULAR,99
080105,HUANCAVELICA,HUANCAVELICA,CUENCA,LLAMKAY,159
080105,HUANCAVELICA,HUANCAVELICA,CUENCA,MOVIMIENTO INDEPENDIENTE DE CAMPESINOS Y PROFESIONALES,229
080105,HUANCAVELICA,HUANCAVELICA,CUENCA,MOVIMIENTO INDEPENDIENTE REGIONAL UNIDOS POR HUANCAVELICA,78
080105,HUANCAVELICA,HUANCAVELICA,CUENCA,MOVIMIENTO INDEPENDIENTE TRABAJANDO PARA TODOS,250
080105,HUANCAVELICA,HUANCAVELICA,CUENCA,MOVIMIENTO REGIONAL AYNI,16
080105,HUANCAVELICA,HUANCAVELICA,CUENCA,PROYECTO INTEGRACIONISTA DE COMUNIDADES ORGANIZADAS,183
080106,HUANCAVELICA,HUANCAVELICA,HUACHOCOLPA,FONAVISTAS DEL PERU,19
080106,HUANCAVELICA,HUANCAVELICA,HUACHOCOLPA,MOVIMIENTO INDEPENDIENTE REGIONAL UNIDOS POR HUANCAVELICA,290
080106,HUANCAVELICA,HUANCAVELICA,HUACHOCOLPA,MOVIMIENTO INDEPENDIENTE TRABAJANDO PARA TODOS,36
080106,HUANCAVELICA,HUANCAVELICA,HUACHOCOLPA,MOVIMIENTO REGIONAL AYNI,281
080106,HUANCAVELICA,HUANCAVELICA,HUACHOCOLPA,PARTIDO APRISTA PERUANO,176
080108,HUANCAVELICA,HUANCAVELICA,HUAYLLAHUARA,MOVIMIENTO DESCENTRALISTA POPULAR RIKCHARISUN LLAQTA YUYAYCHANAKUNAPAQ,103
080108,HUANCAVELICA,HUANCAVELICA,HUAYLLAHUARA,MOVIMIENTO INDEPENDIENTE DE CAMPESINOS Y PROFESIONALES,38
080108,HUANCAVELICA,HUANCAVELICA,HUAYLLAHUARA,MOVIMIENTO INDEPENDIENTE REGIONAL UNIDOS POR HUANCAVELICA,155
080108,HUANCAVELICA,HUANCAVELICA,HUAYLLAHUARA,MOVIMIENTO INDEPENDIENTE TRABAJANDO PARA TODOS,131
080108,HUANCAVELICA,HUANCAVELICA,HUAYLLAHUARA,PROYECTO INTEGRACIONISTA DE COMUNIDADES ORGANIZADAS,77
080109,HUANCAVELICA,HUANCAVELICA,IZCUCHACA,FONAVISTAS DEL PERU,40
080109,HUANCAVELICA,HUANCAVELICA,IZCUCHACA,MOVIMIENTO INDEPENDIENTE DE CAMPESINOS Y PROFESIONALES,44
080109,HUANCAVELICA,HUANCAVELICA,IZCUCHACA,MOVIMIENTO INDEPENDIENTE REGIONAL UNIDOS POR HUANCAVELICA,95
080109,HUANCAVELICA,HUANCAVELICA,IZCUCHACA,MOVIMIENTO INDEPENDIENTE TRABAJANDO PARA TODOS,335
080109,HUANCAVELICA,HUANCAVELICA,IZCUCHACA,MOVIMIENTO REGIONAL AYNI,21
080109,HUANCAVELICA,HUANCAVELICA,IZCUCHACA,PARTIDO APRISTA PERUANO,71
080109,HUANCAVELICA,HUANCAVELICA,IZCUCHACA,PROYECTO INTEGRACIONISTA DE COMUNIDADES ORGANIZADAS,113
080110,HUANCAVELICA,HUANCAVELICA,LARIA,ALIANZA PARA EL PROGRESO,113
080110,HUANCAVELICA,HUANCAVELICA,LARIA,FRENTE DESCENTRALISTA DE PUEBLOS ANDINOS,61
080110,HUANCAVELICA,HUANCAVELICA,LARIA,MOVIMIENTO INDEPENDIENTE DE CAMPESINOS Y PROFESIONALES,99
080110,HUANCAVELICA,HUANCAVELICA,LARIA,MOVIMIENTO INDEPENDIENTE REGIONAL UNIDOS POR HUANCAVELICA,127
080110,HUANCAVELICA,HUANCAVELICA,LARIA,MOVIMIENTO INDEPENDIENTE TRABAJANDO PARA TODOS,193
080110,HUANCAVELICA,HUANCAVELICA,LARIA,MOVIMIENTO REGIONAL AYNI,177
080111,HUANCAVELICA,HUANCAVELICA,MANTA,ACCION POPULAR,67
080111,HUANCAVELICA,HUANCAVELICA,MANTA,MOVIMIENTO INDEPENDIENTE DE CAMPESINOS Y PROFESIONALES,82
080111,HUANCAVELICA,HUANCAVELICA,MANTA,MOVIMIENTO INDEPENDIENTE TRABAJANDO PARA TODOS,101
080111,HUANCAVELICA,HUANCAVELICA,MANTA,PARTIDO APRISTA PERUANO,36
080111,HUANCAVELICA,HUANCAVELICA,MANTA,PROYECTO INTEGRACIONISTA DE COMUNIDADES ORGANIZADAS,195
080112,HUANCAVELICA,HUANCAVELICA,MARISCAL CACERES,MOVIMIENTO INDEPENDIENTE DE CAMPESINOS Y PROFESIONALES,79
080112,HUANCAVELICA,HUANCAVELICA,MARISCAL CACERES,MOVIMIENTO INDEPENDIENTE REGIONAL UNIDOS POR HUANCAVELICA,29
080112,HUANCAVELICA,HUANCAVELICA,MARISCAL CACERES,MOVIMIENTO INDEPENDIENTE TRABAJANDO PARA TODOS,352
080112,HUANCAVELICA,HUANCAVELICA,MARISCAL CACERES,MOVIMIENTO REGIONAL AYNI,177
080112,HUANCAVELICA,HUANCAVELICA,MARISCAL CACERES,PARTIDO APRISTA PERUANO,11
080112,HUANCAVELICA,HUANCAVELICA,MARISCAL CACERES,PROYECTO INTEGRACIONISTA DE COMUNIDADES ORGANIZADAS,127
080113,HUANCAVELICA,HUANCAVELICA,MOYA,MOVIMIENTO INDEPENDIENTE TRABAJANDO PARA TODOS,359
080113,HUANCAVELICA,HUANCAVELICA,MOYA,MOVIMIENTO REGIONAL AYNI,1
080113,HUANCAVELICA,HUANCAVELICA,MOYA,PROYECTO INTEGRACIONISTA DE COMUNIDADES ORGANIZADAS,446
080114,HUANCAVELICA,HUANCAVELICA,NUEVO OCCORO,ACCION POPULAR,64
080114,HUANCAVELICA,HUANCAVELICA,NUEVO OCCORO,MOVIMIENTO INDEPENDIENTE DE CAMPESINOS Y PROFESIONALES,127
080114,HUANCAVELICA,HUANCAVELICA,NUEVO OCCORO,MOVIMIENTO INDEPENDIENTE REGIONAL UNIDOS POR HUANCAVELICA,186
080114,HUANCAVELICA,HUANCAVELICA,NUEVO OCCORO,MOVIMIENTO INDEPENDIENTE TRABAJANDO PARA TODOS,350
080114,HUANCAVELICA,HUANCAVELICA,NUEVO OCCORO,MOVIMIENTO REGIONAL AYNI,266
080114,HUANCAVELICA,HUANCAVELICA,NUEVO OCCORO,PARTIDO APRISTA PERUANO,81
080114,HUANCAVELICA,HUANCAVELICA,NUEVO OCCORO,PROYECTO INTEGRACIONISTA DE COMUNIDADES ORGANIZADAS,140
080115,HUANCAVELICA,HUANCAVELICA,PALCA,FONAVISTAS DEL PERU,109
080115,HUANCAVELICA,HUANCAVELICA,PALCA,FRENTE DESCENTRALISTA DE PUEBLOS ANDINOS,122
080115,HUANCAVELICA,HUANCAVELICA,PALCA,LLAMKAY,25
080115,HUANCAVELICA,HUANCAVELICA,PALCA,MOVIMIENTO DESCENTRALISTA POPULAR RIKCHARISUN LLAQTA YUYAYCHANAKUNAPAQ,99
080115,HUANCAVELICA,HUANCAVELICA,PALCA,MOVIMIENTO INDEPENDIENTE DE CAMPESINOS Y PROFESIONALES,104
080115,HUANCAVELICA,HUANCAVELICA,PALCA,MOVIMIENTO INDEPENDIENTE REGIONAL UNIDOS POR HUANCAVELICA,152
080115,HUANCAVELICA,HUANCAVELICA,PALCA,MOVIMIENTO INDEPENDIENTE TRABAJANDO PARA TODOS,449
080115,HUANCAVELICA,HUANCAVELICA,PALCA,MOVIMIENTO NUEVA IZQUIERDA,136
080115,HUANCAVELICA,HUANCAVELICA,PALCA,MOVIMIENTO REGIONAL AYNI,220
080115,HUANCAVELICA,HUANCAVELICA,PALCA,PERU POSIBLE,80
080115,HUANCAVELICA,HUANCAVELICA,PALCA,PROYECTO INTEGRACIONISTA DE COMUNIDADES ORGANIZADAS,109
080116,HUANCAVELICA,HUANCAVELICA,PILCHACA,MOVIMIENTO INDEPENDIENTE REGIONAL UNIDOS POR HUANCAVELICA,74
080116,HUANCAVELICA,HUANCAVELICA,PILCHACA,MOVIMIENTO INDEPENDIENTE TRABAJANDO PARA TODOS,202
080116,HUANCAVELICA,HUANCAVELICA,PILCHACA,MOVIMIENTO REGIONAL AYNI,146
080116,HUANCAVELICA,HUANCAVELICA,PILCHACA,PERU POSIBLE,39
080117,HUANCAVELICA,HUANCAVELICA,VILCA,MOVIMIENTO DESCENTRALISTA POPULAR RIKCHARISUN LLAQTA YUYAYCHANAKUNAPAQ,0
080117,HUANCAVELICA,HUANCAVELICA,VILCA,MOVIMIENTO INDEPENDIENTE DE CAMPESINOS Y PROFESIONALES,0
080117,HUANCAVELICA,HUANCAVELICA,VILCA,MOVIMIENTO INDEPENDIENTE REGIONAL UNIDOS POR HUANCAVELICA,0
080117,HUANCAVELICA,HUANCAVELICA,VILCA,MOVIMIENTO INDEPENDIENTE TRABAJANDO PARA TODOS,0
080117,HUANCAVELICA,HUANCAVELICA,VILCA,MOVIMIENTO REGIONAL AYNI,0
080117,HUANCAVELICA,HUANCAVELICA,VILCA,PROYECTO INTEGRACIONISTA DE COMUNIDADES ORGANIZADAS,0
080118,HUANCAVELICA,HUANCAVELICA,YAULI,FRENTE DESCENTRALISTA DE PUEBLOS ANDINOS,3553
080118,HUANCAVELICA,HUANCAVELICA,YAULI,MOVIMIENTO INDEPENDIENTE REGIONAL UNIDOS POR HUANCAVELICA,148
080118,HUANCAVELICA,HUANCAVELICA,YAULI,MOVIMIENTO INDEPENDIENTE TRABAJANDO PARA TODOS,1202
080118,HUANCAVELICA,HUANCAVELICA,YAULI,MOVIMIENTO REGIONAL AYNI,4881
080119,HUANCAVELICA,HUANCAVELICA,ASCENSION,FONAVISTAS DEL PERU,164
080119,HUANCAVELICA,HUANCAVELICA,ASCENSION,FRENTE DESCENTRALISTA DE PUEBLOS ANDINOS,117
080119,HUANCAVELICA,HUANCAVELICA,ASCENSION,LLAMKAY,501
080119,HUANCAVELICA,HUANCAVELICA,ASCENSION,MOVIMIENTO INDEPENDIENTE DE CAMPESINOS Y PROFESIONALES,1279
080119,HUANCAVELICA,HUANCAVELICA,ASCENSION,MOVIMIENTO INDEPENDIENTE REGIONAL UNIDOS POR HUANCAVELICA,276
080119,HUANCAVELICA,HUANCAVELICA,ASCENSION,MOVIMIENTO INDEPENDIENTE TRABAJANDO PARA TODOS,1227
080119,HUANCAVELICA,HUANCAVELICA,ASCENSION,MOVIMIENTO REGIONAL AYNI,756
080119,HUANCAVELICA,HUANCAVELICA,ASCENSION,PERU POSIBLE,168
080120,HUANCAVELICA,HUANCAVELICA,HUANDO,FONAVISTAS DEL PERU,76
080120,HUANCAVELICA,HUANCAVELICA,HUANDO,FRENTE DESCENTRALISTA DE PUEBLOS ANDINOS,35
080120,HUANCAVELICA,HUANCAVELICA,HUANDO,LLAMKAY,257
080120,HUANCAVELICA,HUANCAVELICA,HUANDO,MOVIMIENTO INDEPENDIENTE DE CAMPESINOS Y PROFESIONALES,139
080120,HUANCAVELICA,HUANCAVELICA,HUANDO,MOVIMIENTO INDEPENDIENTE REGIONAL UNIDOS POR HUANCAVELICA,117
080120,HUANCAVELICA,HUANCAVELICA,HUANDO,MOVIMIENTO INDEPENDIENTE TRABAJANDO PARA TODOS,904
080120,HUANCAVELICA,HUANCAVELICA,HUANDO,MOVIMIENTO REGIONAL AYNI,279
080120,HUANCAVELICA,HUANCAVELICA,HUANDO,PERU POSIBLE,433
080120,HUANCAVELICA,HUANCAVELICA,HUANDO,PROYECTO INTEGRACIONISTA DE COMUNIDADES ORGANIZADAS,839
080202,HUANCAVELICA,ACOBAMBA,ANTA,MOVIMIENTO INDEPENDIENTE TRABAJANDO PARA TODOS,529
080202,HUANCAVELICA,ACOBAMBA,ANTA,MOVIMIENTO REGIONAL AYNI,1500
080202,HUANCAVELICA,ACOBAMBA,ANTA,PARTIDO APRISTA PERUANO,4
080202,HUANCAVELICA,ACOBAMBA,ANTA,PROYECTO INTEGRACIONISTA DE COMUNIDADES ORGANIZADAS,950
080203,HUANCAVELICA,ACOBAMBA,ANDABAMBA,MOVIMIENTO INDEPENDIENTE REGIONAL UNIDOS POR HUANCAVELICA,38
080203,HUANCAVELICA,ACOBAMBA,ANDABAMBA,MOVIMIENTO INDEPENDIENTE TRABAJANDO PARA TODOS,456
080203,HUANCAVELICA,ACOBAMBA,ANDABAMBA,MOVIMIENTO REGIONAL AYNI,1042
080203,HUANCAVELICA,ACOBAMBA,ANDABAMBA,PROYECTO INTEGRACIONISTA DE COMUNIDADES ORGANIZADAS,210
080204,HUANCAVELICA,ACOBAMBA,CAJA,MOVIMIENTO INDEPENDIENTE DE CAMPESINOS Y PROFESIONALES,5
080204,HUANCAVELICA,ACOBAMBA,CAJA,MOVIMIENTO INDEPENDIENTE REGIONAL UNIDOS POR HUANCAVELICA,504
080204,HUANCAVELICA,ACOBAMBA,CAJA,MOVIMIENTO INDEPENDIENTE TRABAJANDO PARA TODOS,124
080204,HUANCAVELICA,ACOBAMBA,CAJA,MOVIMIENTO REGIONAL AYNI,377
080204,HUANCAVELICA,ACOBAMBA,CAJA,PROYECTO INTEGRACIONISTA DE COMUNIDADES ORGANIZADAS,296
080205,HUANCAVELICA,ACOBAMBA,MARCAS,MOVIMIENTO INDEPENDIENTE DE CAMPESINOS Y PROFESIONALES,18
080205,HUANCAVELICA,ACOBAMBA,MARCAS,MOVIMIENTO INDEPENDIENTE REGIONAL UNIDOS POR HUANCAVELICA,58
080205,HUANCAVELICA,ACOBAMBA,MARCAS,MOVIMIENTO INDEPENDIENTE TRABAJANDO PARA TODOS,393
080205,HUANCAVELICA,ACOBAMBA,MARCAS,MOVIMIENTO REGIONAL AYNI,400
080205,HUANCAVELICA,ACOBAMBA,MARCAS,PROYECTO INTEGRACIONISTA DE COMUNIDADES ORGANIZADAS,144
080206,HUANCAVELICA,ACOBAMBA,PAUCARA,MOVIMIENTO INDEPENDIENTE REGIONAL UNIDOS POR HUANCAVELICA,118
080206,HUANCAVELICA,ACOBAMBA,PAUCARA,MOVIMIENTO INDEPENDIENTE TRABAJANDO PARA TODOS,2340
080206,HUANCAVELICA,ACOBAMBA,PAUCARA,MOVIMIENTO REGIONAL AYNI,2265
080206,HUANCAVELICA,ACOBAMBA,PAUCARA,PROYECTO INTEGRACIONISTA DE COMUNIDADES ORGANIZADAS,1072
080207,HUANCAVELICA,ACOBAMBA,POMACOCHA,MOVIMIENTO INDEPENDIENTE DE CAMPESINOS Y PROFESIONALES,46
080207,HUANCAVELICA,ACOBAMBA,POMACOCHA,MOVIMIENTO INDEPENDIENTE TRABAJANDO PARA TODOS,194
080207,HUANCAVELICA,ACOBAMBA,POMACOCHA,MOVIMIENTO REGIONAL AYNI,802
080207,HUANCAVELICA,ACOBAMBA,POMACOCHA,PROYECTO INTEGRACIONISTA DE COMUNIDADES ORGANIZADAS,694
080208,HUANCAVELICA,ACOBAMBA,ROSARIO,MOVIMIENTO INDEPENDIENTE DE CAMPESINOS Y PROFESIONALES,161
080208,HUANCAVELICA,ACOBAMBA,ROSARIO,MOVIMIENTO INDEPENDIENTE REGIONAL UNIDOS POR HUANCAVELICA,396
080208,HUANCAVELICA,ACOBAMBA,ROSARIO,MOVIMIENTO INDEPENDIENTE TRABAJANDO PARA TODOS,1028
080208,HUANCAVELICA,ACOBAMBA,ROSARIO,MOVIMIENTO REGIONAL AYNI,804
080208,HUANCAVELICA,ACOBAMBA,ROSARIO,PARTIDO APRISTA PERUANO,3
080208,HUANCAVELICA,ACOBAMBA,ROSARIO,PROYECTO INTEGRACIONISTA DE COMUNIDADES ORGANIZADAS,569
080302,HUANCAVELICA,ANGARAES,ANCHONGA,MOVIMIENTO INDEPENDIENTE DE CAMPESINOS Y PROFESIONALES,794
080302,HUANCAVELICA,ANGARAES,ANCHONGA,MOVIMIENTO INDEPENDIENTE REGIONAL UNIDOS POR HUANCAVELICA,612
080302,HUANCAVELICA,ANGARAES,ANCHONGA,MOVIMIENTO INDEPENDIENTE TRABAJANDO PARA TODOS,429
080302,HUANCAVELICA,ANGARAES,ANCHONGA,MOVIMIENTO REGIONAL AYNI,688
080302,HUANCAVELICA,ANGARAES,ANCHONGA,PARTIDO APRISTA PERUANO,7
080302,HUANCAVELICA,ANGARAES,ANCHONGA,PROYECTO INTEGRACIONISTA DE COMUNIDADES ORGANIZADAS,585
080303,HUANCAVELICA,ANGARAES,CALLANMARCA,MOVIMIENTO INDEPENDIENTE DE CAMPESINOS Y PROFESIONALES,34
080303,HUANCAVELICA,ANGARAES,CALLANMARCA,MOVIMIENTO INDEPENDIENTE TRABAJANDO PARA TODOS,206
080303,HUANCAVELICA,ANGARAES,CALLANMARCA,MOVIMIENTO REGIONAL AYNI,193
080303,HUANCAVELICA,ANGARAES,CALLANMARCA,PROYECTO INTEGRACIONISTA DE COMUNIDADES ORGANIZADAS,60
080304,HUANCAVELICA,ANGARAES,CONGALLA,FRENTE DESCENTRALISTA DE PUEBLOS ANDINOS,34
080304,HUANCAVELICA,ANGARAES,CONGALLA,MOVIMIENTO DESCENTRALISTA POPULAR RIKCHARISUN LLAQTA YUYAYCHANAKUNAPAQ,90
080304,HUANCAVELICA,ANGARAES,CONGALLA,MOVIMIENTO INDEPENDIENTE DE CAMPESINOS Y PROFESIONALES,104
080304,HUANCAVELICA,ANGARAES,CONGALLA,MOVIMIENTO INDEPENDIENTE REGIONAL INTI,14
080304,HUANCAVELICA,ANGARAES,CONGALLA,MOVIMIENTO INDEPENDIENTE REGIONAL UNIDOS POR HUANCAVELICA,320
080304,HUANCAVELICA,ANGARAES,CONGALLA,MOVIMIENTO INDEPENDIENTE TRABAJANDO PARA TODOS,364
080304,HUANCAVELICA,ANGARAES,CONGALLA,MOVIMIENTO REGIONAL AYNI,334
080304,HUANCAVELICA,ANGARAES,CONGALLA,PARTIDO APRISTA PERUANO,41
080304,HUANCAVELICA,ANGARAES,CONGALLA,PROYECTO INTEGRACIONISTA DE COMUNIDADES ORGANIZADAS,487
080305,HUANCAVELICA,ANGARAES,CHINCHO,MOVIMIENTO INDEPENDIENTE DE CAMPESINOS Y PROFESIONALES,14
080305,HUANCAVELICA,ANGARAES,CHINCHO,MOVIMIENTO INDEPENDIENTE REGIONAL UNIDOS POR HUANCAVELICA,97
080305,HUANCAVELICA,ANGARAES,CHINCHO,MOVIMIENTO INDEPENDIENTE TRABAJANDO PARA TODOS,157
080305,HUANCAVELICA,ANGARAES,CHINCHO,MOVIMIENTO REGIONAL AYNI,81
080305,HUANCAVELICA,ANGARAES,CHINCHO,PROYECTO INTEGRACIONISTA DE COMUNIDADES ORGANIZADAS,53
080306,HUANCAVELICA,ANGARAES,HUALLAY-GRANDE,MOVIMIENTO INDEPENDIENTE DE CAMPESINOS Y PROFESIONALES,240
080306,HUANCAVELICA,ANGARAES,HUALLAY-GRANDE,MOVIMIENTO INDEPENDIENTE REGIONAL UNIDOS POR HUANCAVELICA,209
080306,HUANCAVELICA,ANGARAES,HUALLAY-GRANDE,MOVIMIENTO INDEPENDIENTE TRABAJANDO PARA TODOS,14
080306,HUANCAVELICA,ANGARAES,HUALLAY-GRANDE,MOVIMIENTO REGIONAL AYNI,233
080306,HUANCAVELICA,ANGARAES,HUALLAY-GRANDE,PROYECTO INTEGRACIONISTA DE COMUNIDADES ORGANIZADAS,62
080307,HUANCAVELICA,ANGARAES,HUANCA-HUANCA,MOVIMIENTO INDEPENDIENTE DE CAMPESINOS Y PROFESIONALES,152
080307,HUANCAVELICA,ANGARAES,HUANCA-HUANCA,MOVIMIENTO INDEPENDIENTE TRABAJANDO PARA TODOS,18
080307,HUANCAVELICA,ANGARAES,HUANCA-HUANCA,MOVIMIENTO REGIONAL AYNI,325
080307,HUANCAVELICA,ANGARAES,HUANCA-HUANCA,PARTIDO APRISTA PERUANO,123
080307,HUANCAVELICA,ANGARAES,HUANCA-HUANCA,PROYECTO INTEGRACIONISTA DE COMUNIDADES ORGANIZADAS,29
080308,HUANCAVELICA,ANGARAES,JULCAMARCA,MOVIMIENTO INDEPENDIENTE DE CAMPESINOS Y PROFESIONALES,21
080308,HUANCAVELICA,ANGARAES,JULCAMARCA,MOVIMIENTO INDEPENDIENTE TRABAJANDO PARA TODOS,137
080308,HUANCAVELICA,ANGARAES,JULCAMARCA,MOVIMIENTO REGIONAL AYNI,186
080308,HUANCAVELICA,ANGARAES,JULCAMARCA,PROYECTO INTEGRACIONISTA DE COMUNIDADES ORGANIZADAS,283
080309,HUANCAVELICA,ANGARAES,SAN ANTONIO DE ANTAPARCO,MOVIMIENTO INDEPENDIENTE REGIONAL UNIDOS POR HUANCAVELICA,196
080309,HUANCAVELICA,ANGARAES,SAN ANTONIO DE ANTAPARCO,MOVIMIENTO INDEPENDIENTE TRABAJANDO PARA TODOS,105
080309,HUANCAVELICA,ANGARAES,SAN ANTONIO DE ANTAPARCO,MOVIMIENTO REGIONAL AYNI,124
080309,HUANCAVELICA,ANGARAES,SAN ANTONIO DE ANTAPARCO,PROYECTO INTEGRACIONISTA DE COMUNIDADES ORGANIZADAS,129
080310,HUANCAVELICA,ANGARAES,SANTO TOMAS DE PATA,MOVIMIENTO REGIONAL AYNI,247
080310,HUANCAVELICA,ANGARAES,SANTO TOMAS DE PATA,PROYECTO INTEGRACIONISTA DE COMUNIDADES ORGANIZADAS,365
080311,HUANCAVELICA,ANGARAES,SECCLLA,MOVIMIENTO DESCENTRALISTA POPULAR RIKCHARISUN LLAQTA YUYAYCHANAKUNAPAQ,39
080311,HUANCAVELICA,ANGARAES,SECCLLA,MOVIMIENTO INDEPENDIENTE DE CAMPESINOS Y PROFESIONALES,166
080311,HUANCAVELICA,ANGARAES,SECCLLA,MOVIMIENTO INDEPENDIENTE REGIONAL UNIDOS POR HUANCAVELICA,387
080311,HUANCAVELICA,ANGARAES,SECCLLA,MOVIMIENTO INDEPENDIENTE TRABAJANDO PARA TODOS,526
080311,HUANCAVELICA,ANGARAES,SECCLLA,PROYECTO INTEGRACIONISTA DE COMUNIDADES ORGANIZADAS,315
080312,HUANCAVELICA,ANGARAES,CCOCHACCASA,MOVIMIENTO INDEPENDIENTE DE CAMPESINOS Y PROFESIONALES,42
080312,HUANCAVELICA,ANGARAES,CCOCHACCASA,MOVIMIENTO INDEPENDIENTE REGIONAL UNIDOS POR HUANCAVELICA,306
080312,HUANCAVELICA,ANGARAES,CCOCHACCASA,MOVIMIENTO INDEPENDIENTE TRABAJANDO PARA TODOS,429
080312,HUANCAVELICA,ANGARAES,CCOCHACCASA,MOVIMIENTO REGIONAL AYNI,413
080312,HUANCAVELICA,ANGARAES,CCOCHACCASA,PARTIDO APRISTA PERUANO,3
080312,HUANCAVELICA,ANGARAES,CCOCHACCASA,PROYECTO INTEGRACIONISTA DE COMUNIDADES ORGANIZADAS,277
080402,HUANCAVELICA,CASTROVIRREYNA,ARMA,MOVIMIENTO INDEPENDIENTE REGIONAL UNIDOS POR HUANCAVELICA,446
080402,HUANCAVELICA,CASTROVIRREYNA,ARMA,MOVIMIENTO REGIONAL AYNI,49
080402,HUANCAVELICA,CASTROVIRREYNA,ARMA,PARTIDO APRISTA PERUANO,26
080402,HUANCAVELICA,CASTROVIRREYNA,ARMA,PERU POSIBLE,100
080402,HUANCAVELICA,CASTROVIRREYNA,ARMA,PROYECTO INTEGRACIONISTA DE COMUNIDADES ORGANIZADAS,260
080403,HUANCAVELICA,CASTROVIRREYNA,AURAHUA,ACCION POPULAR,110
080403,HUANCAVELICA,CASTROVIRREYNA,AURAHUA,ALIANZA PARA EL PROGRESO,67
080403,HUANCAVELICA,CASTROVIRREYNA,AURAHUA,MOVIMIENTO INDEPENDIENTE DE CAMPESINOS Y PROFESIONALES,28
080403,HUANCAVELICA,CASTROVIRREYNA,AURAHUA,MOVIMIENTO INDEPENDIENTE REGIONAL UNIDOS POR HUANCAVELICA,76
080403,HUANCAVELICA,CASTROVIRREYNA,AURAHUA,MOVIMIENTO INDEPENDIENTE TRABAJANDO PARA TODOS,131
080403,HUANCAVELICA,CASTROVIRREYNA,AURAHUA,MOVIMIENTO REGIONAL AYNI,25
080403,HUANCAVELICA,CASTROVIRREYNA,AURAHUA,PROYECTO INTEGRACIONISTA DE COMUNIDADES ORGANIZADAS,124
080405,HUANCAVELICA,CASTROVIRREYNA,CAPILLAS,MOVIMIENTO INDEPENDIENTE REGIONAL UNIDOS POR HUANCAVELICA,194
080405,HUANCAVELICA,CASTROVIRREYNA,CAPILLAS,MOVIMIENTO INDEPENDIENTE TRABAJANDO PARA TODOS,85
080405,HUANCAVELICA,CASTROVIRREYNA,CAPILLAS,MOVIMIENTO REGIONAL AYNI,55
080405,HUANCAVELICA,CASTROVIRREYNA,CAPILLAS,PARTIDO APRISTA PERUANO,10
080405,HUANCAVELICA,CASTROVIRREYNA,CAPILLAS,PROYECTO INTEGRACIONISTA DE COMUNIDADES ORGANIZADAS,195
080406,HUANCAVELICA,CASTROVIRREYNA,COCAS,MOVIMIENTO INDEPENDIENTE REGIONAL UNIDOS POR HUANCAVELICA,15
080406,HUANCAVELICA,CASTROVIRREYNA,COCAS,MOVIMIENTO INDEPENDIENTE TRABAJANDO PARA TODOS,242
080406,HUANCAVELICA,CASTROVIRREYNA,COCAS,MOVIMIENTO REGIONAL AYNI,37
080406,HUANCAVELICA,CASTROVIRREYNA,COCAS,PARTIDO APRISTA PERUANO,58
080406,HUANCAVELICA,CASTROVIRREYNA,COCAS,PROYECTO INTEGRACIONISTA DE COMUNIDADES ORGANIZADAS,198
080408,HUANCAVELICA,CASTROVIRREYNA,CHUPAMARCA,MOVIMIENTO INDEPENDIENTE REGIONAL UNIDOS POR HUANCAVELICA,42
080408,HUANCAVELICA,CASTROVIRREYNA,CHUPAMARCA,MOVIMIENTO INDEPENDIENTE TRABAJANDO PARA TODOS,231
080408,HUANCAVELICA,CASTROVIRREYNA,CHUPAMARCA,MOVIMIENTO REGIONAL AYNI,51
080408,HUANCAVELICA,CASTROVIRREYNA,CHUPAMARCA,PROYECTO INTEGRACIONISTA DE COMUNIDADES ORGANIZADAS,18
080409,HUANCAVELICA,CASTROVIRREYNA,HUACHOS,MOVIMIENTO INDEPENDIENTE DE CAMPESINOS Y PROFESIONALES,37
080409,HUANCAVELICA,CASTROVIRREYNA,HUACHOS,MOVIMIENTO INDEPENDIENTE TRABAJANDO PARA TODOS,501
080409,HUANCAVELICA,CASTROVIRREYNA,HUACHOS,PROYECTO INTEGRACIONISTA DE COMUNIDADES ORGANIZADAS,49
080410,HUANCAVELICA,CASTROVIRREYNA,HUAMATAMBO,MOVIMIENTO INDEPENDIENTE REGIONAL UNIDOS POR HUANCAVELICA,200
080410,HUANCAVELICA,CASTROVIRREYNA,HUAMATAMBO,MOVIMIENTO INDEPENDIENTE TRABAJANDO PARA TODOS,24
080410,HUANCAVELICA,CASTROVIRREYNA,HUAMATAMBO,PARTIDO APRISTA PERUANO,124
080414,HUANCAVELICA,CASTROVIRREYNA,MOLLEPAMPA,ACCION POPULAR,59
080414,HUANCAVELICA,CASTROVIRREYNA,MOLLEPAMPA,MOVIMIENTO INDEPENDIENTE REGIONAL UNIDOS POR HUANCAVELICA,144
080414,HUANCAVELICA,CASTROVIRREYNA,MOLLEPAMPA,MOVIMIENTO INDEPENDIENTE TRABAJANDO PARA TODOS,262
080414,HUANCAVELICA,CASTROVIRREYNA,MOLLEPAMPA,PROYECTO INTEGRACIONISTA DE COMUNIDADES ORGANIZADAS,5
080422,HUANCAVELICA,CASTROVIRREYNA,SAN JUAN,ACCION POPULAR,1
080422,HUANCAVELICA,CASTROVIRREYNA,SAN JUAN,MOVIMIENTO INDEPENDIENTE REGIONAL UNIDOS POR HUANCAVELICA,178
080422,HUANCAVELICA,CASTROVIRREYNA,SAN JUAN,MOVIMIENTO INDEPENDIENTE TRABAJANDO PARA TODOS,159
080422,HUANCAVELICA,CASTROVIRREYNA,SAN JUAN,PROYECTO INTEGRACIONISTA DE COMUNIDADES ORGANIZADAS,132
080427,HUANCAVELICA,CASTROVIRREYNA,TANTARA,MOVIMIENTO INDEPENDIENTE REGIONAL UNIDOS POR HUANCAVELICA,131
080427,HUANCAVELICA,CASTROVIRREYNA,TANTARA,MOVIMIENTO INDEPENDIENTE TRABAJANDO PARA TODOS,212
080427,HUANCAVELICA,CASTROVIRREYNA,TANTARA,PARTIDO APRISTA PERUANO,13
080427,HUANCAVELICA,CASTROVIRREYNA,TANTARA,PROYECTO INTEGRACIONISTA DE COMUNIDADES ORGANIZADAS,146
080428,HUANCAVELICA,CASTROVIRREYNA,TICRAPO,MOVIMIENTO INDEPENDIENTE DE CAMPESINOS Y PROFESIONALES,123
080428,HUANCAVELICA,CASTROVIRREYNA,TICRAPO,MOVIMIENTO INDEPENDIENTE REGIONAL UNIDOS POR HUANCAVELICA,153
080428,HUANCAVELICA,CASTROVIRREYNA,TICRAPO,MOVIMIENTO INDEPENDIENTE TRABAJANDO PARA TODOS,461
080428,HUANCAVELICA,CASTROVIRREYNA,TICRAPO,MOVIMIENTO REGIONAL AYNI,38
080428,HUANCAVELICA,CASTROVIRREYNA,TICRAPO,PROYECTO INTEGRACIONISTA DE COMUNIDADES ORGANIZADAS,21
080429,HUANCAVELICA,CASTROVIRREYNA,SANTA ANA,FRENTE DESCENTRALISTA DE PUEBLOS ANDINOS,77
080429,HUANCAVELICA,CASTROVIRREYNA,SANTA ANA,MOVIMIENTO INDEPENDIENTE DE CAMPESINOS Y PROFESIONALES,57
080429,HUANCAVELICA,CASTROVIRREYNA,SANTA ANA,MOVIMIENTO INDEPENDIENTE REGIONAL UNIDOS POR HUANCAVELICA,53
080429,HUANCAVELICA,CASTROVIRREYNA,SANTA ANA,MOVIMIENTO INDEPENDIENTE TRABAJANDO PARA TODOS,63
080429,HUANCAVELICA,CASTROVIRREYNA,SANTA ANA,MOVIMIENTO REGIONAL AYNI,45
080429,HUANCAVELICA,CASTROVIRREYNA,SANTA ANA,PARTIDO APRISTA PERUANO,161
080429,HUANCAVELICA,CASTROVIRREYNA,SANTA ANA,PROYECTO INTEGRACIONISTA DE COMUNIDADES ORGANIZADAS,59
080502,HUANCAVELICA,TAYACAJA,ACOSTAMBO,ACCION POPULAR,183
080502,HUANCAVELICA,TAYACAJA,ACOSTAMBO,FRENTE DESCENTRALISTA DE PUEBLOS ANDINOS,336
080502,HUANCAVELICA,TAYACAJA,ACOSTAMBO,MOVIMIENTO INDEPENDIENTE DE CAMPESINOS Y PROFESIONALES,162
080502,HUANCAVELICA,TAYACAJA,ACOSTAMBO,MOVIMIENTO INDEPENDIENTE REGIONAL UNIDOS POR HUANCAVELICA,383
080502,HUANCAVELICA,TAYACAJA,ACOSTAMBO,MOVIMIENTO INDEPENDIENTE TRABAJANDO PARA TODOS,261
080502,HUANCAVELICA,TAYACAJA,ACOSTAMBO,MOVIMIENTO REGIONAL AYNI,161
080502,HUANCAVELICA,TAYACAJA,ACOSTAMBO,PARTIDO APRISTA PERUANO,17
080502,HUANCAVELICA,TAYACAJA,ACOSTAMBO,PERU POSIBLE,142
080502,HUANCAVELICA,TAYACAJA,ACOSTAMBO,PROYECTO INTEGRACIONISTA DE COMUNIDADES ORGANIZADAS,14
080502,HUANCAVELICA,TAYACAJA,ACOSTAMBO,UNION POR EL PERU,112
080503,HUANCAVELICA,TAYACAJA,ACRAQUIA,ACCION POPULAR,127
080503,HUANCAVELICA,TAYACAJA,ACRAQUIA,FRENTE DESCENTRALISTA DE PUEBLOS ANDINOS,451
080503,HUANCAVELICA,TAYACAJA,ACRAQUIA,MOVIMIENTO INDEPENDIENTE DE CAMPESINOS Y PROFESIONALES,38
080503,HUANCAVELICA,TAYACAJA,ACRAQUIA,MOVIMIENTO INDEPENDIENTE REGIONAL UNIDOS POR HUANCAVELICA,360
080503,HUANCAVELICA,TAYACAJA,ACRAQUIA,MOVIMIENTO INDEPENDIENTE TRABAJANDO PARA TODOS,320
080503,HUANCAVELICA,TAYACAJA,ACRAQUIA,MOVIMIENTO REGIONAL AYNI,613
080503,HUANCAVELICA,TAYACAJA,ACRAQUIA,PARTIDO APRISTA PERUANO,53
080503,HUANCAVELICA,TAYACAJA,ACRAQUIA,PERU POSIBLE,27
080503,HUANCAVELICA,TAYACAJA,ACRAQUIA,PROYECTO INTEGRACIONISTA DE COMUNIDADES ORGANIZADAS,182
080504,HUANCAVELICA,TAYACAJA,AHUAYCHA,FRENTE DESCENTRALISTA DE PUEBLOS ANDINOS,46
080504,HUANCAVELICA,TAYACAJA,AHUAYCHA,MOVIMIENTO INDEPENDIENTE DE CAMPESINOS Y PROFESIONALES,264
080504,HUANCAVELICA,TAYACAJA,AHUAYCHA,MOVIMIENTO INDEPENDIENTE REGIONAL UNIDOS POR HUANCAVELICA,342
080504,HUANCAVELICA,TAYACAJA,AHUAYCHA,MOVIMIENTO INDEPENDIENTE TRABAJANDO PARA TODOS,471
080504,HUANCAVELICA,TAYACAJA,AHUAYCHA,MOVIMIENTO NUEVA IZQUIERDA,23
080504,HUANCAVELICA,TAYACAJA,AHUAYCHA,MOVIMIENTO REGIONAL AYNI,638
080504,HUANCAVELICA,TAYACAJA,AHUAYCHA,PERU POSIBLE,27
080504,HUANCAVELICA,TAYACAJA,AHUAYCHA,PROYECTO INTEGRACIONISTA DE COMUNIDADES ORGANIZADAS,28
080506,HUANCAVELICA,TAYACAJA,COLCABAMBA,FONAVISTAS DEL PERU,160
080506,HUANCAVELICA,TAYACAJA,COLCABAMBA,FRENTE DESCENTRALISTA DE PUEBLOS ANDINOS,1456
080506,HUANCAVELICA,TAYACAJA,COLCABAMBA,MOVIMIENTO INDEPENDIENTE DE CAMPESINOS Y PROFESIONALES,668
080506,HUANCAVELICA,TAYACAJA,COLCABAMBA,MOVIMIENTO INDEPENDIENTE REGIONAL UNIDOS POR HUANCAVELICA,1940
080506,HUANCAVELICA,TAYACAJA,COLCABAMBA,MOVIMIENTO INDEPENDIENTE TRABAJANDO PARA TODOS,2694
080506,HUANCAVELICA,TAYACAJA,COLCABAMBA,MOVIMIENTO REGIONAL AYNI,1075
080506,HUANCAVELICA,TAYACAJA,COLCABAMBA,SONCCO LLACCTA,107
080509,HUANCAVELICA,TAYACAJA,DANIEL HERNANDEZ,FRENTE DESCENTRALISTA DE PUEBLOS ANDINOS,64
080509,HUANCAVELICA,TAYACAJA,DANIEL HERNANDEZ,MOVIMIENTO INDEPENDIENTE DE CAMPESINOS Y PROFESIONALES,203
080509,HUANCAVELICA,TAYACAJA,DANIEL HERNANDEZ,MOVIMIENTO INDEPENDIENTE TRABAJANDO PARA TODOS,1279
080509,HUANCAVELICA,TAYACAJA,DANIEL HERNANDEZ,MOVIMIENTO REGIONAL AYNI,3005
080509,HUANCAVELICA,TAYACAJA,DANIEL HERNANDEZ,PARTIDO APRISTA PERUANO,6
080509,HUANCAVELICA,TAYACAJA,DANIEL HERNANDEZ,PERU POSIBLE,12
080509,HUANCAVELICA,TAYACAJA,DANIEL HERNANDEZ,PROYECTO INTEGRACIONISTA DE COMUNIDADES ORGANIZADAS,202
080511,HUANCAVELICA,TAYACAJA,HUACHOCOLPA,ACCION POPULAR,5
080511,HUANCAVELICA,TAYACAJA,HUACHOCOLPA,FRENTE DESCENTRALISTA DE PUEBLOS ANDINOS,30
080511,HUANCAVELICA,TAYACAJA,HUACHOCOLPA,MOVIMIENTO INDEPENDIENTE DE CAMPESINOS Y PROFESIONALES,487
080511,HUANCAVELICA,TAYACAJA,HUACHOCOLPA,MOVIMIENTO INDEPENDIENTE REGIONAL UNIDOS POR HUANCAVELICA,328
080511,HUANCAVELICA,TAYACAJA,HUACHOCOLPA,MOVIMIENTO INDEPENDIENTE TRABAJANDO PARA TODOS,421
080511,HUANCAVELICA,TAYACAJA,HUACHOCOLPA,MOVIMIENTO REGIONAL AYNI,138
080512,HUANCAVELICA,TAYACAJA,HUARIBAMBA,MOVIMIENTO INDEPENDIENTE DE CAMPESINOS Y PROFESIONALES,25
080512,HUANCAVELICA,TAYACAJA,HUARIBAMBA,MOVIMIENTO INDEPENDIENTE REGIONAL UNIDOS POR HUANCAVELICA,93
080512,HUANCAVELICA,TAYACAJA,HUARIBAMBA,MOVIMIENTO INDEPENDIENTE TRABAJANDO PARA TODOS,930
080512,HUANCAVELICA,TAYACAJA,HUARIBAMBA,MOVIMIENTO REGIONAL AYNI,1078
080512,HUANCAVELICA,TAYACAJA,HUARIBAMBA,PERU POSIBLE,48
080512,HUANCAVELICA,TAYACAJA,HUARIBAMBA,PROYECTO INTEGRACIONISTA DE COMUNIDADES ORGANIZADAS,1055
080515,HUANCAVELICA,TAYACAJA,ÑAHUIMPUQUIO,ACCION POPULAR,56
080515,HUANCAVELICA,TAYACAJA,ÑAHUIMPUQUIO,FRENTE DESCENTRALISTA DE PUEBLOS ANDINOS,74
080515,HUANCAVELICA,TAYACAJA,ÑAHUIMPUQUIO,MOVIMIENTO INDEPENDIENTE DE CAMPESINOS Y PROFESIONALES,70
080515,HUANCAVELICA,TAYACAJA,ÑAHUIMPUQUIO,MOVIMIENTO INDEPENDIENTE REGIONAL UNIDOS POR HUANCAVELICA,46
080515,HUANCAVELICA,TAYACAJA,ÑAHUIMPUQUIO,MOVIMIENTO INDEPENDIENTE TRABAJANDO PARA TODOS,205
080515,HUANCAVELICA,TAYACAJA,ÑAHUIMPUQUIO,MOVIMIENTO REGIONAL AYNI,238
080515,HUANCAVELICA,TAYACAJA,ÑAHUIMPUQUIO,PERU POSIBLE,30
080515,HUANCAVELICA,TAYACAJA,ÑAHUIMPUQUIO,PROYECTO INTEGRACIONISTA DE COMUNIDADES ORGANIZADAS,120
080517,HUANCAVELICA,TAYACAJA,PAZOS,FONAVISTAS DEL PERU,527
080517,HUANCAVELICA,TAYACAJA,PAZOS,FRENTE DESCENTRALISTA DE PUEBLOS ANDINOS,335
080517,HUANCAVELICA,TAYACAJA,PAZOS,MOVIMIENTO DESCENTRALISTA POPULAR RIKCHARISUN LLAQTA YUYAYCHANAKUNAPAQ,245
080517,HUANCAVELICA,TAYACAJA,PAZOS,MOVIMIENTO INDEPENDIENTE DE CAMPESINOS Y PROFESIONALES,86
080517,HUANCAVELICA,TAYACAJA,PAZOS,MOVIMIENTO INDEPENDIENTE REGIONAL UNIDOS POR HUANCAVELICA,136
080517,HUANCAVELICA,TAYACAJA,PAZOS,MOVIMIENTO INDEPENDIENTE TRABAJANDO PARA TODOS,748
080517,HUANCAVELICA,TAYACAJA,PAZOS,MOVIMIENTO REGIONAL AYNI,509
080517,HUANCAVELICA,TAYACAJA,PAZOS,PARTIDO APRISTA PERUANO,51
080517,HUANCAVELICA,TAYACAJA,PAZOS,PERU POSIBLE,97
080517,HUANCAVELICA,TAYACAJA,PAZOS,PROYECTO INTEGRACIONISTA DE COMUNIDADES ORGANIZADAS,333
080518,HUANCAVELICA,TAYACAJA,QUISHUAR,MOVIMIENTO INDEPENDIENTE REGIONAL UNIDOS POR HUANCAVELICA,270
080518,HUANCAVELICA,TAYACAJA,QUISHUAR,MOVIMIENTO INDEPENDIENTE TRABAJANDO PARA TODOS,89
080519,HUANCAVELICA,TAYACAJA,SALCABAMBA,FRENTE DESCENTRALISTA DE PUEBLOS ANDINOS,294
080519,HUANCAVELICA,TAYACAJA,SALCABAMBA,MOVIMIENTO INDEPENDIENTE DE CAMPESINOS Y PROFESIONALES,434
080519,HUANCAVELICA,TAYACAJA,SALCABAMBA,MOVIMIENTO INDEPENDIENTE REGIONAL UNIDOS POR HUANCAVELICA,75
080519,HUANCAVELICA,TAYACAJA,SALCABAMBA,MOVIMIENTO INDEPENDIENTE TRABAJANDO PARA TODOS,585
080519,HUANCAVELICA,TAYACAJA,SALCABAMBA,MOVIMIENTO REGIONAL AYNI,346
080519,HUANCAVELICA,TAYACAJA,SALCABAMBA,PERU POSIBLE,41
080519,HUANCAVELICA,TAYACAJA,SALCABAMBA,PROYECTO INTEGRACIONISTA DE COMUNIDADES ORGANIZADAS,183
080520,HUANCAVELICA,TAYACAJA,SAN MARCOS DE ROCCHAC,FRENTE DESCENTRALISTA DE PUEBLOS ANDINOS,469
080520,HUANCAVELICA,TAYACAJA,SAN MARCOS DE ROCCHAC,MOVIMIENTO INDEPENDIENTE REGIONAL UNIDOS POR HUANCAVELICA,113
080520,HUANCAVELICA,TAYACAJA,SAN MARCOS DE ROCCHAC,MOVIMIENTO INDEPENDIENTE TRABAJANDO PARA TODOS,256
080520,HUANCAVELICA,TAYACAJA,SAN MARCOS DE ROCCHAC,MOVIMIENTO NUEVA IZQUIERDA,63
080520,HUANCAVELICA,TAYACAJA,SAN MARCOS DE ROCCHAC,PROYECTO INTEGRACIONISTA DE COMUNIDADES ORGANIZADAS,346
080523,HUANCAVELICA,TAYACAJA,SURCUBAMBA,MOVIMIENTO INDEPENDIENTE REGIONAL UNIDOS POR HUANCAVELICA,4
080523,HUANCAVELICA,TAYACAJA,SURCUBAMBA,MOVIMIENTO INDEPENDIENTE TRABAJANDO PARA TODOS,1117
080523,HUANCAVELICA,TAYACAJA,SURCUBAMBA,MOVIMIENTO REGIONAL AYNI,847
080525,HUANCAVELICA,TAYACAJA,TINTAY PUNCU,FRENTE DESCENTRALISTA DE PUEBLOS ANDINOS,358
080525,HUANCAVELICA,TAYACAJA,TINTAY PUNCU,MOVIMIENTO INDEPENDIENTE REGIONAL UNIDOS POR HUANCAVELICA,105
080525,HUANCAVELICA,TAYACAJA,TINTAY PUNCU,MOVIMIENTO INDEPENDIENTE TRABAJANDO PARA TODOS,999
080526,HUANCAVELICA,TAYACAJA,SALCAHUASI,FRENTE DESCENTRALISTA DE PUEBLOS ANDINOS,178
080526,HUANCAVELICA,TAYACAJA,SALCAHUASI,MOVIMIENTO INDEPENDIENTE DE CAMPESINOS Y PROFESIONALES,222
080526,HUANCAVELICA,TAYACAJA,SALCAHUASI,MOVIMIENTO INDEPENDIENTE REGIONAL UNIDOS POR HUANCAVELICA,265
080526,HUANCAVELICA,TAYACAJA,SALCAHUASI,MOVIMIENTO INDEPENDIENTE TRABAJANDO PARA TODOS,329
080526,HUANCAVELICA,TAYACAJA,SALCAHUASI,MOVIMIENTO REGIONAL AYNI,47
080526,HUANCAVELICA,TAYACAJA,SALCAHUASI,PARTIDO APRISTA PERUANO,81
080526,HUANCAVELICA,TAYACAJA,SALCAHUASI,PERU POSIBLE,18
080526,HUANCAVELICA,TAYACAJA,SALCAHUASI,PROYECTO INTEGRACIONISTA DE COMUNIDADES ORGANIZADAS,90
080601,HUANCAVELICA,HUAYTARA,AYAVI,ACCION POPULAR,133
080601,HUANCAVELICA,HUAYTARA,AYAVI,MOVIMIENTO INDEPENDIENTE DE CAMPESINOS Y PROFESIONALES,25
080601,HUANCAVELICA,HUAYTARA,AYAVI,MOVIMIENTO INDEPENDIENTE REGIONAL UNIDOS POR HUANCAVELICA,17
080601,HUANCAVELICA,HUAYTARA,AYAVI,MOVIMIENTO INDEPENDIENTE TRABAJANDO PARA TODOS,63
080601,HUANCAVELICA,HUAYTARA,AYAVI,MOVIMIENTO REGIONAL AYNI,90
080601,HUANCAVELICA,HUAYTARA,AYAVI,PROYECTO INTEGRACIONISTA DE COMUNIDADES ORGANIZADAS,37
080601,HUANCAVELICA,HUAYTARA,AYAVI,UNION POR EL PERU,18
080602,HUANCAVELICA,HUAYTARA,CORDOVA,ACCION POPULAR,143
080602,HUANCAVELICA,HUAYTARA,CORDOVA,MOVIMIENTO INDEPENDIENTE DE CAMPESINOS Y PROFESIONALES,4
080602,HUANCAVELICA,HUAYTARA,CORDOVA,MOVIMIENTO INDEPENDIENTE REGIONAL UNIDOS POR HUANCAVELICA,288
080602,HUANCAVELICA,HUAYTARA,CORDOVA,MOVIMIENTO INDEPENDIENTE TRABAJANDO PARA TODOS,202
080602,HUANCAVELICA,HUAYTARA,CORDOVA,MOVIMIENTO REGIONAL AYNI,64
080602,HUANCAVELICA,HUAYTARA,CORDOVA,PARTIDO APRISTA PERUANO,11
080602,HUANCAVELICA,HUAYTARA,CORDOVA,PROYECTO INTEGRACIONISTA DE COMUNIDADES ORGANIZADAS,46
080602,HUANCAVELICA,HUAYTARA,CORDOVA,UNION POR EL PERU,156
080603,HUANCAVELICA,HUAYTARA,HUAYACUNDO ARMA,ACCION POPULAR,57
080603,HUANCAVELICA,HUAYTARA,HUAYACUNDO ARMA,MOVIMIENTO INDEPENDIENTE REGIONAL UNIDOS POR HUANCAVELICA,95
080603,HUANCAVELICA,HUAYTARA,HUAYACUNDO ARMA,MOVIMIENTO INDEPENDIENTE TRABAJANDO PARA TODOS,116
080605,HUANCAVELICA,HUAYTARA,LARAMARCA,ACCION POPULAR,87
080605,HUANCAVELICA,HUAYTARA,LARAMARCA,MOVIMIENTO INDEPENDIENTE DE CAMPESINOS Y PROFESIONALES,36
080605,HUANCAVELICA,HUAYTARA,LARAMARCA,MOVIMIENTO INDEPENDIENTE TRABAJANDO PARA TODOS,58
080605,HUANCAVELICA,HUAYTARA,LARAMARCA,MOVIMIENTO REGIONAL AYNI,26
080605,HUANCAVELICA,HUAYTARA,LARAMARCA,PARTIDO APRISTA PERUANO,87
080605,HUANCAVELICA,HUAYTARA,LARAMARCA,PROYECTO INTEGRACIONISTA DE COMUNIDADES ORGANIZADAS,52
080606,HUANCAVELICA,HUAYTARA,OCOYO,ACCION POPULAR,35
080606,HUANCAVELICA,HUAYTARA,OCOYO,MOVIMIENTO INDEPENDIENTE DE CAMPESINOS Y PROFESIONALES,30
080606,HUANCAVELICA,HUAYTARA,OCOYO,MOVIMIENTO INDEPENDIENTE REGIONAL UNIDOS POR HUANCAVELICA,260
080606,HUANCAVELICA,HUAYTARA,OCOYO,MOVIMIENTO INDEPENDIENTE TRABAJANDO PARA TODOS,73
080606,HUANCAVELICA,HUAYTARA,OCOYO,MOVIMIENTO REGIONAL AYNI,265
080606,HUANCAVELICA,HUAYTARA,OCOYO,PARTIDO APRISTA PERUANO,25
080607,HUANCAVELICA,HUAYTARA,PILPICHACA,MOVIMIENTO INDEPENDIENTE REGIONAL UNIDOS POR HUANCAVELICA,382
080607,HUANCAVELICA,HUAYTARA,PILPICHACA,MOVIMIENTO INDEPENDIENTE TRABAJANDO PARA TODOS,470
080607,HUANCAVELICA,HUAYTARA,PILPICHACA,PARTIDO APRISTA PERUANO,447
080607,HUANCAVELICA,HUAYTARA,PILPICHACA,PROYECTO INTEGRACIONISTA DE COMUNIDADES ORGANIZADAS,414
080608,HUANCAVELICA,HUAYTARA,QUERCO,ACCION POPULAR,47
080608,HUANCAVELICA,HUAYTARA,QUERCO,MOVIMIENTO INDEPENDIENTE REGIONAL UNIDOS POR HUANCAVELICA,170
080608,HUANCAVELICA,HUAYTARA,QUERCO,MOVIMIENTO INDEPENDIENTE TRABAJANDO PARA TODOS,69
080608,HUANCAVELICA,HUAYTARA,QUERCO,MOVIMIENTO REGIONAL AYNI,53
080608,HUANCAVELICA,HUAYTARA,QUERCO,PROYECTO INTEGRACIONISTA DE COMUNIDADES ORGANIZADAS,80
080609,HUANCAVELICA,HUAYTARA,QUITO-ARMA,ACCION POPULAR,121
080609,HUANCAVELICA,HUAYTARA,QUITO-ARMA,MOVIMIENTO INDEPENDIENTE REGIONAL UNIDOS POR HUANCAVELICA,150
080609,HUANCAVELICA,HUAYTARA,QUITO-ARMA,MOVIMIENTO INDEPENDIENTE TRABAJANDO PARA TODOS,218
080609,HUANCAVELICA,HUAYTARA,QUITO-ARMA,PROYECTO INTEGRACIONISTA DE COMUNIDADES ORGANIZADAS,99
080610,HUANCAVELICA,HUAYTARA,SAN ANTONIO DE CUSICANCHA,ACCION POPULAR,45
080610,HUANCAVELICA,HUAYTARA,SAN ANTONIO DE CUSICANCHA,MOVIMIENTO INDEPENDIENTE DE CAMPESINOS Y PROFESIONALES,26
080610,HUANCAVELICA,HUAYTARA,SAN ANTONIO DE CUSICANCHA,MOVIMIENTO INDEPENDIENTE REGIONAL UNIDOS POR HUANCAVELICA,67
080610,HUANCAVELICA,HUAYTARA,SAN ANTONIO DE CUSICANCHA,MOVIMIENTO INDEPENDIENTE TRABAJANDO PARA TODOS,326
080610,HUANCAVELICA,HUAYTARA,SAN ANTONIO DE CUSICANCHA,MOVIMIENTO REGIONAL AYNI,66
080610,HUANCAVELICA,HUAYTARA,SAN ANTONIO DE CUSICANCHA,PARTIDO APRISTA PERUANO,204
080610,HUANCAVELICA,HUAYTARA,SAN ANTONIO DE CUSICANCHA,PROYECTO INTEGRACIONISTA DE COMUNIDADES ORGANIZADAS,44
080611,HUANCAVELICA,HUAYTARA,SAN FRANCISCO DE SANGAYAICO,ACCION POPULAR,65
080611,HUANCAVELICA,HUAYTARA,SAN FRANCISCO DE SANGAYAICO,MOVIMIENTO INDEPENDIENTE REGIONAL UNIDOS POR HUANCAVELICA,25
080611,HUANCAVELICA,HUAYTARA,SAN FRANCISCO DE SANGAYAICO,MOVIMIENTO INDEPENDIENTE TRABAJANDO PARA TODOS,98
080611,HUANCAVELICA,HUAYTARA,SAN FRANCISCO DE SANGAYAICO,MOVIMIENTO REGIONAL AYNI,379
080612,HUANCAVELICA,HUAYTARA,SAN ISIDRO,ACCION POPULAR,168
080612,HUANCAVELICA,HUAYTARA,SAN ISIDRO,MOVIMIENTO INDEPENDIENTE REGIONAL UNIDOS POR HUANCAVELICA,80
080612,HUANCAVELICA,HUAYTARA,SAN ISIDRO,MOVIMIENTO INDEPENDIENTE TRABAJANDO PARA TODOS,77
080612,HUANCAVELICA,HUAYTARA,SAN ISIDRO,PARTIDO APRISTA PERUANO,48
080612,HUANCAVELICA,HUAYTARA,SAN ISIDRO,PROYECTO INTEGRACIONISTA DE COMUNIDADES ORGANIZADAS,174
080613,HUANCAVELICA,HUAYTARA,SANTIAGO DE CHOCORVOS,ACCION POPULAR,537
080613,HUANCAVELICA,HUAYTARA,SANTIAGO DE CHOCORVOS,ALIANZA PARA EL PROGRESO,29
080613,HUANCAVELICA,HUAYTARA,SANTIAGO DE CHOCORVOS,MOVIMIENTO INDEPENDIENTE DE CAMPESINOS Y PROFESIONALES,62
080613,HUANCAVELICA,HUAYTARA,SANTIAGO DE CHOCORVOS,MOVIMIENTO INDEPENDIENTE REGIONAL UNIDOS POR HUANCAVELICA,41
080613,HUANCAVELICA,HUAYTARA,SANTIAGO DE CHOCORVOS,MOVIMIENTO INDEPENDIENTE TRABAJANDO PARA TODOS,655
080613,HUANCAVELICA,HUAYTARA,SANTIAGO DE CHOCORVOS,MOVIMIENTO REGIONAL AYNI,85
080613,HUANCAVELICA,HUAYTARA,SANTIAGO DE CHOCORVOS,PROYECTO INTEGRACIONISTA DE COMUNIDADES ORGANIZADAS,3
080614,HUANCAVELICA,HUAYTARA,SANTIAGO DE QUIRAHUARA,ACCION POPULAR,129
080614,HUANCAVELICA,HUAYTARA,SANTIAGO DE QUIRAHUARA,MOVIMIENTO INDEPENDIENTE DE CAMPESINOS Y PROFESIONALES,96
080614,HUANCAVELICA,HUAYTARA,SANTIAGO DE QUIRAHUARA,MOVIMIENTO INDEPENDIENTE TRABAJANDO PARA TODOS,186
080614,HUANCAVELICA,HUAYTARA,SANTIAGO DE QUIRAHUARA,PARTIDO APRISTA PERUANO,75
080614,HUANCAVELICA,HUAYTARA,SANTIAGO DE QUIRAHUARA,UNION POR EL PERU,196
080615,HUANCAVELICA,HUAYTARA,SANTO DOMINGO DE CAPILLAS,ACCION POPULAR,244
080615,HUANCAVELICA,HUAYTARA,SANTO DOMINGO DE CAPILLAS,MOVIMIENTO INDEPENDIENTE DE CAMPESINOS Y PROFESIONALES,108
080615,HUANCAVELICA,HUAYTARA,SANTO DOMINGO DE CAPILLAS,MOVIMIENTO INDEPENDIENTE REGIONAL UNIDOS POR HUANCAVELICA,111
080615,HUANCAVELICA,HUAYTARA,SANTO DOMINGO DE CAPILLAS,MOVIMIENTO INDEPENDIENTE TRABAJANDO PARA TODOS,279
080615,HUANCAVELICA,HUAYTARA,SANTO DOMINGO DE CAPILLAS,MOVIMIENTO REGIONAL AYNI,56
080615,HUANCAVELICA,HUAYTARA,SANTO DOMINGO DE CAPILLAS,PROYECTO INTEGRACIONISTA DE COMUNIDADES ORGANIZADAS,86
080616,HUANCAVELICA,HUAYTARA,TAMBO,ACCION POPULAR,153
080616,HUANCAVELICA,HUAYTARA,TAMBO,MOVIMIENTO INDEPENDIENTE REGIONAL UNIDOS POR HUANCAVELICA,186
080616,HUANCAVELICA,HUAYTARA,TAMBO,MOVIMIENTO INDEPENDIENTE TRABAJANDO PARA TODOS,182
080616,HUANCAVELICA,HUAYTARA,TAMBO,PROYECTO INTEGRACIONISTA DE COMUNIDADES ORGANIZADAS,62
080702,HUANCAVELICA,CHURCAMPA,ANCO,MOVIMIENTO INDEPENDIENTE DE CAMPESINOS Y PROFESIONALES,60
080702,HUANCAVELICA,CHURCAMPA,ANCO,MOVIMIENTO INDEPENDIENTE REGIONAL UNIDOS POR HUANCAVELICA,197
080702,HUANCAVELICA,CHURCAMPA,ANCO,MOVIMIENTO INDEPENDIENTE TRABAJANDO PARA TODOS,1300
080702,HUANCAVELICA,CHURCAMPA,ANCO,MOVIMIENTO REGIONAL AYNI,1335
080702,HUANCAVELICA,CHURCAMPA,ANCO,PROYECTO INTEGRACIONISTA DE COMUNIDADES ORGANIZADAS,999
080703,HUANCAVELICA,CHURCAMPA,CHINCHIHUASI,MOVIMIENTO INDEPENDIENTE DE CAMPESINOS Y PROFESIONALES,7
080703,HUANCAVELICA,CHURCAMPA,CHINCHIHUASI,MOVIMIENTO INDEPENDIENTE REGIONAL UNIDOS POR HUANCAVELICA,437
080703,HUANCAVELICA,CHURCAMPA,CHINCHIHUASI,MOVIMIENTO INDEPENDIENTE TRABAJANDO PARA TODOS,446
080703,HUANCAVELICA,CHURCAMPA,CHINCHIHUASI,MOVIMIENTO REGIONAL AYNI,413
080703,HUANCAVELICA,CHURCAMPA,CHINCHIHUASI,PARTIDO APRISTA PERUANO,32
080703,HUANCAVELICA,CHURCAMPA,CHINCHIHUASI,PROYECTO INTEGRACIONISTA DE COMUNIDADES ORGANIZADAS,69
080704,HUANCAVELICA,CHURCAMPA,EL CARMEN,MOVIMIENTO INDEPENDIENTE DE CAMPESINOS Y PROFESIONALES,55
080704,HUANCAVELICA,CHURCAMPA,EL CARMEN,MOVIMIENTO INDEPENDIENTE REGIONAL UNIDOS POR HUANCAVELICA,114
080704,HUANCAVELICA,CHURCAMPA,EL CARMEN,MOVIMIENTO INDEPENDIENTE TRABAJANDO PARA TODOS,174
080704,HUANCAVELICA,CHURCAMPA,EL CARMEN,MOVIMIENTO REGIONAL AYNI,318
080704,HUANCAVELICA,CHURCAMPA,EL CARMEN,PARTIDO APRISTA PERUANO,233
080704,HUANCAVELICA,CHURCAMPA,EL CARMEN,PROYECTO INTEGRACIONISTA DE COMUNIDADES ORGANIZADAS,373
080705,HUANCAVELICA,CHURCAMPA,LA MERCED,MOVIMIENTO INDEPENDIENTE REGIONAL UNIDOS POR HUANCAVELICA,181
080705,HUANCAVELICA,CHURCAMPA,LA MERCED,MOVIMIENTO INDEPENDIENTE TRABAJANDO PARA TODOS,236
080705,HUANCAVELICA,CHURCAMPA,LA MERCED,MOVIMIENTO REGIONAL AYNI,26
080706,HUANCAVELICA,CHURCAMPA,LOCROJA,MOVIMIENTO INDEPENDIENTE DE CAMPESINOS Y PROFESIONALES,329
080706,HUANCAVELICA,CHURCAMPA,LOCROJA,MOVIMIENTO INDEPENDIENTE REGIONAL UNIDOS POR HUANCAVELICA,585
080706,HUANCAVELICA,CHURCAMPA,LOCROJA,MOVIMIENTO INDEPENDIENTE TRABAJANDO PARA TODOS,404
080706,HUANCAVELICA,CHURCAMPA,LOCROJA,MOVIMIENTO REGIONAL AYNI,274
080706,HUANCAVELICA,CHURCAMPA,LOCROJA,PARTIDO APRISTA PERUANO,9
080706,HUANCAVELICA,CHURCAMPA,LOCROJA,PROYECTO INTEGRACIONISTA DE COMUNIDADES ORGANIZADAS,337
080707,HUANCAVELICA,CHURCAMPA,PAUCARBAMBA,MOVIMIENTO INDEPENDIENTE DE CAMPESINOS Y PROFESIONALES,18
080707,HUANCAVELICA,CHURCAMPA,PAUCARBAMBA,MOVIMIENTO INDEPENDIENTE REGIONAL UNIDOS POR HUANCAVELICA,582
080707,HUANCAVELICA,CHURCAMPA,PAUCARBAMBA,MOVIMIENTO INDEPENDIENTE TRABAJANDO PARA TODOS,937
080707,HUANCAVELICA,CHURCAMPA,PAUCARBAMBA,MOVIMIENTO REGIONAL AYNI,1071
080707,HUANCAVELICA,CHURCAMPA,PAUCARBAMBA,PROYECTO INTEGRACIONISTA DE COMUNIDADES ORGANIZADAS,37
080708,HUANCAVELICA,CHURCAMPA,SAN MIGUEL DE MAYOCC,MOVIMIENTO INDEPENDIENTE DE CAMPESINOS Y PROFESIONALES,34
080708,HUANCAVELICA,CHURCAMPA,SAN MIGUEL DE MAYOCC,MOVIMIENTO INDEPENDIENTE REGIONAL UNIDOS POR HUANCAVELICA,187
080708,HUANCAVELICA,CHURCAMPA,SAN MIGUEL DE MAYOCC,MOVIMIENTO INDEPENDIENTE TRABAJANDO PARA TODOS,225
080708,HUANCAVELICA,CHURCAMPA,SAN MIGUEL DE MAYOCC,MOVIMIENTO REGIONAL AYNI,70
080708,HUANCAVELICA,CHURCAMPA,SAN MIGUEL DE MAYOCC,PROYECTO INTEGRACIONISTA DE COMUNIDADES ORGANIZADAS,171
080709,HUANCAVELICA,CHURCAMPA,SAN PEDRO DE CORIS,MOVIMIENTO INDEPENDIENTE DE CAMPESINOS Y PROFESIONALES,245
080709,HUANCAVELICA,CHURCAMPA,SAN PEDRO DE CORIS,MOVIMIENTO INDEPENDIENTE REGIONAL UNIDOS POR HUANCAVELICA,431
080709,HUANCAVELICA,CHURCAMPA,SAN PEDRO DE CORIS,MOVIMIENTO INDEPENDIENTE TRABAJANDO PARA TODOS,13
080709,HUANCAVELICA,CHURCAMPA,SAN PEDRO DE CORIS,MOVIMIENTO REGIONAL AYNI,577
080709,HUANCAVELICA,CHURCAMPA,SAN PEDRO DE CORIS,PROYECTO INTEGRACIONISTA DE COMUNIDADES ORGANIZADAS,273
080710,HUANCAVELICA,CHURCAMPA,PACHAMARCA,MOVIMIENTO INDEPENDIENTE DE CAMPESINOS Y PROFESIONALES,114
080710,HUANCAVELICA,CHURCAMPA,PACHAMARCA,MOVIMIENTO INDEPENDIENTE REGIONAL UNIDOS POR HUANCAVELICA,138
080710,HUANCAVELICA,CHURCAMPA,PACHAMARCA,MOVIMIENTO INDEPENDIENTE TRABAJANDO PARA TODOS,475
080710,HUANCAVELICA,CHURCAMPA,PACHAMARCA,MOVIMIENTO REGIONAL AYNI,202
080710,HUANCAVELICA,CHURCAMPA,PACHAMARCA,PROYECTO INTEGRACIONISTA DE COMUNIDADES ORGANIZADAS,127
090102,HUANUCO,HUANUCO,CHINCHAO,ACCION POPULAR,111
090102,HUANUCO,HUANUCO,CHINCHAO,ALIANZA PARA EL PROGRESO,41
090102,HUANUCO,HUANUCO,CHINCHAO,AUTENTICO REGIONAL,1460
090102,HUANUCO,HUANUCO,CHINCHAO,FRENTE AMPLIO REGIONAL,292
090102,HUANUCO,HUANUCO,CHINCHAO,FUERZA 2011,194
090102,HUANUCO,HUANUCO,CHINCHAO,MOVIMIENTO INDEPENDIENTE REGIONAL LUCHEMOS POR HUANUCO,2504
090102,HUANUCO,HUANUCO,CHINCHAO,MOVIMIENTO POLITICO HECHOS Y NO PALABRAS,1585
090102,HUANUCO,HUANUCO,CHINCHAO,PARTIDO APRISTA PERUANO,457
090102,HUANUCO,HUANUCO,CHINCHAO,PARTIDO DEMOCRATICO SOMOS PERU,2052
090102,HUANUCO,HUANUCO,CHINCHAO,PERU POSIBLE,77
090102,HUANUCO,HUANUCO,CHINCHAO,RESTAURACION NACIONAL,130
090103,HUANUCO,HUANUCO,CHURUBAMBA,ACCION POPULAR,1859
090103,HUANUCO,HUANUCO,CHURUBAMBA,ALIANZA PARA EL PROGRESO,22
090103,HUANUCO,HUANUCO,CHURUBAMBA,AUTENTICO REGIONAL,81
090103,HUANUCO,HUANUCO,CHURUBAMBA,FRENTE AMPLIO REGIONAL,805
090103,HUANUCO,HUANUCO,CHURUBAMBA,MOVIMIENTO INDEPENDIENTE REGIONAL LUCHEMOS POR HUANUCO,2348
090103,HUANUCO,HUANUCO,CHURUBAMBA,MOVIMIENTO POLITICO HECHOS Y NO PALABRAS,2834
090103,HUANUCO,HUANUCO,CHURUBAMBA,PARTIDO APRISTA PERUANO,14
090103,HUANUCO,HUANUCO,CHURUBAMBA,PARTIDO DEMOCRATICO SOMOS PERU,124
090103,HUANUCO,HUANUCO,CHURUBAMBA,RESTAURACION NACIONAL,10
090104,HUANUCO,HUANUCO,MARGOS,ACCION POPULAR,1292
090104,HUANUCO,HUANUCO,MARGOS,ALIANZA PARA EL PROGRESO,16
090104,HUANUCO,HUANUCO,MARGOS,AUTENTICO REGIONAL,1452
090104,HUANUCO,HUANUCO,MARGOS,FRENTE AMPLIO REGIONAL,35
090104,HUANUCO,HUANUCO,MARGOS,MOVIMIENTO INDEPENDIENTE REGIONAL LUCHEMOS POR HUANUCO,8
090104,HUANUCO,HUANUCO,MARGOS,MOVIMIENTO NUEVA IZQUIERDA,6
090104,HUANUCO,HUANUCO,MARGOS,MOVIMIENTO POLITICO HECHOS Y NO PALABRAS,97
090104,HUANUCO,HUANUCO,MARGOS,PARTICIPACION POPULAR,10
090104,HUANUCO,HUANUCO,MARGOS,PARTIDO APRISTA PERUANO,14
090104,HUANUCO,HUANUCO,MARGOS,PARTIDO DEMOCRATICO SOMOS PERU,1246
090104,HUANUCO,HUANUCO,MARGOS,PERU POSIBLE,193
090105,HUANUCO,HUANUCO,QUISQUI,ACCION POPULAR,259
090105,HUANUCO,HUANUCO,QUISQUI,FRENTE AMPLIO REGIONAL,57
090105,HUANUCO,HUANUCO,QUISQUI,MOVIMIENTO INDEPENDIENTE REGIONAL LUCHEMOS POR HUANUCO,10
090105,HUANUCO,HUANUCO,QUISQUI,MOVIMIENTO POLITICO HECHOS Y NO PALABRAS,942
090105,HUANUCO,HUANUCO,QUISQUI,PARTIDO APRISTA PERUANO,10
090105,HUANUCO,HUANUCO,QUISQUI,PARTIDO DEMOCRATICO SOMOS PERU,372
090105,HUANUCO,HUANUCO,QUISQUI,PERU POSIBLE,591
090105,HUANUCO,HUANUCO,QUISQUI,RESTAURACION NACIONAL,6
090106,HUANUCO,HUANUCO,SAN FRANCISCO DE CAYRAN,ACCION POPULAR,414
090106,HUANUCO,HUANUCO,SAN FRANCISCO DE CAYRAN,FRENTE AMPLIO REGIONAL,41
090106,HUANUCO,HUANUCO,SAN FRANCISCO DE CAYRAN,MOVIMIENTO INDEPENDIENTE REGIONAL LUCHEMOS POR HUANUCO,591
090106,HUANUCO,HUANUCO,SAN FRANCISCO DE CAYRAN,MOVIMIENTO POLITICO HECHOS Y NO PALABRAS,389
090106,HUANUCO,HUANUCO,SAN FRANCISCO DE CAYRAN,PARTIDO APRISTA PERUANO,37
090106,HUANUCO,HUANUCO,SAN FRANCISCO DE CAYRAN,PARTIDO DEMOCRATICO SOMOS PERU,676
090107,HUANUCO,HUANUCO,SAN PEDRO DE CHAULAN,ACCION POPULAR,81
090107,HUANUCO,HUANUCO,SAN PEDRO DE CHAULAN,ALIANZA PARA EL PROGRESO,38
090107,HUANUCO,HUANUCO,SAN PEDRO DE CHAULAN,AUTENTICO REGIONAL,60
090107,HUANUCO,HUANUCO,SAN PEDRO DE CHAULAN,FRENTE AMPLIO REGIONAL,382
090107,HUANUCO,HUANUCO,SAN PEDRO DE CHAULAN,FUERZA 2011,203
090107,HUANUCO,HUANUCO,SAN PEDRO DE CHAULAN,MOVIMIENTO INDEPENDIENTE JUNTOS POR EL DESARROLLO,5
090107,HUANUCO,HUANUCO,SAN PEDRO DE CHAULAN,MOVIMIENTO INDEPENDIENTE REGIONAL LUCHEMOS POR HUANUCO,30
090107,HUANUCO,HUANUCO,SAN PEDRO DE CHAULAN,MOVIMIENTO POLITICO HECHOS Y NO PALABRAS,560
090107,HUANUCO,HUANUCO,SAN PEDRO DE CHAULAN,PARTIDO APRISTA PERUANO,218
090107,HUANUCO,HUANUCO,SAN PEDRO DE CHAULAN,PARTIDO DEMOCRATICO SOMOS PERU,68
090107,HUANUCO,HUANUCO,SAN PEDRO DE CHAULAN,PERU POSIBLE,113
090108,HUANUCO,HUANUCO,SANTA MARIA DEL VALLE,ACCION POPULAR,76
090108,HUANUCO,HUANUCO,SANTA MARIA DEL VALLE,AUTENTICO REGIONAL,620
090108,HUANUCO,HUANUCO,SANTA MARIA DEL VALLE,FRENTE AMPLIO REGIONAL,843
090108,HUANUCO,HUANUCO,SANTA MARIA DEL VALLE,FUERZA 2011,157
090108,HUANUCO,HUANUCO,SANTA MARIA DEL VALLE,MOVIMIENTO INDEPENDIENTE JUNTOS POR EL DESARROLLO,32
090108,HUANUCO,HUANUCO,SANTA MARIA DEL VALLE,MOVIMIENTO INDEPENDIENTE REGIONAL LUCHEMOS POR HUANUCO,2739
090108,HUANUCO,HUANUCO,SANTA MARIA DEL VALLE,MOVIMIENTO POLITICO HECHOS Y NO PALABRAS,336
090108,HUANUCO,HUANUCO,SANTA MARIA DEL VALLE,PARTIDO APRISTA PERUANO,143
090108,HUANUCO,HUANUCO,SANTA MARIA DEL VALLE,PARTIDO DEMOCRATICO SOMOS PERU,2769
090108,HUANUCO,HUANUCO,SANTA MARIA DEL VALLE,PERU POSIBLE,172
090109,HUANUCO,HUANUCO,YARUMAYO,ACCION POPULAR,180
090109,HUANUCO,HUANUCO,YARUMAYO,AUTENTICO REGIONAL,91
090109,HUANUCO,HUANUCO,YARUMAYO,FRENTE AMPLIO REGIONAL,75
090109,HUANUCO,HUANUCO,YARUMAYO,MOVIMIENTO INDEPENDIENTE REGIONAL LUCHEMOS POR HUANUCO,86
090109,HUANUCO,HUANUCO,YARUMAYO,MOVIMIENTO POLITICO HECHOS Y NO PALABRAS,182
090109,HUANUCO,HUANUCO,YARUMAYO,PARTIDO APRISTA PERUANO,43
090109,HUANUCO,HUANUCO,YARUMAYO,PARTIDO DEMOCRATICO SOMOS PERU,270
090109,HUANUCO,HUANUCO,YARUMAYO,PERU POSIBLE,213
090109,HUANUCO,HUANUCO,YARUMAYO,RESTAURACION NACIONAL,69
090110,HUANUCO,HUANUCO,AMARILIS,ACCION POPULAR,1934
090110,HUANUCO,HUANUCO,AMARILIS,ALIANZA PARA EL PROGRESO,200
090110,HUANUCO,HUANUCO,AMARILIS,AUTENTICO REGIONAL,1800
090110,HUANUCO,HUANUCO,AMARILIS,FONAVISTAS DEL PERU,340
090110,HUANUCO,HUANUCO,AMARILIS,FRENTE AMPLIO REGIONAL,1924
090110,HUANUCO,HUANUCO,AMARILIS,FUERZA 2011,1505
090110,HUANUCO,HUANUCO,AMARILIS,MOVIMIENTO INDEPENDIENTE JUNTOS POR EL DESARROLLO,615
090110,HUANUCO,HUANUCO,AMARILIS,MOVIMIENTO INDEPENDIENTE REGIONAL LUCHEMOS POR HUANUCO,2200
090110,HUANUCO,HUANUCO,AMARILIS,MOVIMIENTO INDEPENDIENTE TRABAJEMOS JUNTOS POR HUANUCO,53
090110,HUANUCO,HUANUCO,AMARILIS,MOVIMIENTO NUEVA IZQUIERDA,307
090110,HUANUCO,HUANUCO,AMARILIS,MOVIMIENTO POLITICO HECHOS Y NO PALABRAS,8470
090110,HUANUCO,HUANUCO,AMARILIS,PARTIDO APRISTA PERUANO,482
090110,HUANUCO,HUANUCO,AMARILIS,PARTIDO DEMOCRATICO SOMOS PERU,6506
090110,HUANUCO,HUANUCO,AMARILIS,PERU POSIBLE,414
090110,HUANUCO,HUANUCO,AMARILIS,PRESENCIA ANDINA NACIONALISTA,2891
090110,HUANUCO,HUANUCO,AMARILIS,UNION POR EL PERU,79
090111,HUANUCO,HUANUCO,PILLCO MARCA,ACCION POPULAR,1114
090111,HUANUCO,HUANUCO,PILLCO MARCA,ALIANZA PARA EL PROGRESO,603
090111,HUANUCO,HUANUCO,PILLCO MARCA,AUTENTICO REGIONAL,177
090111,HUANUCO,HUANUCO,PILLCO MARCA,FONAVISTAS DEL PERU,352
090111,HUANUCO,HUANUCO,PILLCO MARCA,FRENTE AMPLIO REGIONAL,218
090111,HUANUCO,HUANUCO,PILLCO MARCA,FUERZA 2011,560
090111,HUANUCO,HUANUCO,PILLCO MARCA,MOVIMIENTO INDEPENDIENTE REGIONAL LUCHEMOS POR HUANUCO,831
090111,HUANUCO,HUANUCO,PILLCO MARCA,MOVIMIENTO NUEVA IZQUIERDA,65
090111,HUANUCO,HUANUCO,PILLCO MARCA,MOVIMIENTO POLITICO HECHOS Y NO PALABRAS,2244
090111,HUANUCO,HUANUCO,PILLCO MARCA,PARTIDO APRISTA PERUANO,154
090111,HUANUCO,HUANUCO,PILLCO MARCA,PARTIDO DEMOCRATICO SOMOS PERU,1892
090111,HUANUCO,HUANUCO,PILLCO MARCA,PERU POSIBLE,663
090111,HUANUCO,HUANUCO,PILLCO MARCA,PRESENCIA ANDINA NACIONALISTA,450
090202,HUANUCO,AMBO,CAYNA,AUTENTICO REGIONAL,79
090202,HUANUCO,AMBO,CAYNA,MOVIMIENTO INDEPENDIENTE REGIONAL LUCHEMOS POR HUANUCO,47
090202,HUANUCO,AMBO,CAYNA,MOVIMIENTO INDEPENDIENTE TRABAJEMOS JUNTOS POR HUANUCO,600
090202,HUANUCO,AMBO,CAYNA,MOVIMIENTO POLITICO HECHOS Y NO PALABRAS,253
090202,HUANUCO,AMBO,CAYNA,PARTIDO APRISTA PERUANO,6
090202,HUANUCO,AMBO,CAYNA,PARTIDO DEMOCRATICO SOMOS PERU,672
090203,HUANUCO,AMBO,COLPAS,ACCION POPULAR,9
090203,HUANUCO,AMBO,COLPAS,AUTENTICO REGIONAL,294
090203,HUANUCO,AMBO,COLPAS,FRENTE AMPLIO REGIONAL,31
090203,HUANUCO,AMBO,COLPAS,MOVIMIENTO INDEPENDIENTE TRABAJEMOS JUNTOS POR HUANUCO,383
090203,HUANUCO,AMBO,COLPAS,MOVIMIENTO POLITICO HECHOS Y NO PALABRAS,16
090203,HUANUCO,AMBO,COLPAS,PARTIDO APRISTA PERUANO,127
090203,HUANUCO,AMBO,COLPAS,PARTIDO DEMOCRATICO SOMOS PERU,162
090203,HUANUCO,AMBO,COLPAS,PERU POSIBLE,128
090204,HUANUCO,AMBO,CONCHAMARCA,ACCION POPULAR,434
090204,HUANUCO,AMBO,CONCHAMARCA,FRENTE AMPLIO REGIONAL,81
090204,HUANUCO,AMBO,CONCHAMARCA,MOVIMIENTO INDEPENDIENTE REGIONAL LUCHEMOS POR HUANUCO,457
090204,HUANUCO,AMBO,CONCHAMARCA,MOVIMIENTO INDEPENDIENTE TRABAJEMOS JUNTOS POR HUANUCO,536
090204,HUANUCO,AMBO,CONCHAMARCA,MOVIMIENTO POLITICO HECHOS Y NO PALABRAS,386
090204,HUANUCO,AMBO,CONCHAMARCA,PARTIDO APRISTA PERUANO,16
090204,HUANUCO,AMBO,CONCHAMARCA,PARTIDO DEMOCRATICO SOMOS PERU,221
090204,HUANUCO,AMBO,CONCHAMARCA,PERU POSIBLE,53
090205,HUANUCO,AMBO,HUACAR,ACCION POPULAR,119
090205,HUANUCO,AMBO,HUACAR,AUTENTICO REGIONAL,28
090205,HUANUCO,AMBO,HUACAR,FRENTE AMPLIO REGIONAL,60
090205,HUANUCO,AMBO,HUACAR,MOVIMIENTO INDEPENDIENTE REGIONAL LUCHEMOS POR HUANUCO,25
090205,HUANUCO,AMBO,HUACAR,MOVIMIENTO INDEPENDIENTE TRABAJEMOS JUNTOS POR HUANUCO,255
090205,HUANUCO,AMBO,HUACAR,MOVIMIENTO POLITICO HECHOS Y NO PALABRAS,937
090205,HUANUCO,AMBO,HUACAR,PARTIDO APRISTA PERUANO,1537
090205,HUANUCO,AMBO,HUACAR,PARTIDO DEMOCRATICO SOMOS PERU,1022
090205,HUANUCO,AMBO,HUACAR,PERU POSIBLE,11
090206,HUANUCO,AMBO,SAN FRANCISCO,ACCION POPULAR,107
090206,HUANUCO,AMBO,SAN FRANCISCO,AUTENTICO REGIONAL,81
090206,HUANUCO,AMBO,SAN FRANCISCO,FRENTE AMPLIO REGIONAL,186
090206,HUANUCO,AMBO,SAN FRANCISCO,MOVIMIENTO INDEPENDIENTE REGIONAL LUCHEMOS POR HUANUCO,126
090206,HUANUCO,AMBO,SAN FRANCISCO,MOVIMIENTO INDEPENDIENTE TRABAJEMOS JUNTOS POR HUANUCO,291
090206,HUANUCO,AMBO,SAN FRANCISCO,MOVIMIENTO POLITICO HECHOS Y NO PALABRAS,213
090206,HUANUCO,AMBO,SAN FRANCISCO,PARTIDO APRISTA PERUANO,19
090206,HUANUCO,AMBO,SAN FRANCISCO,PARTIDO DEMOCRATICO SOMOS PERU,47
090207,HUANUCO,AMBO,SAN RAFAEL,ACCION POPULAR,184
090207,HUANUCO,AMBO,SAN RAFAEL,ALIANZA PARA EL PROGRESO,105
090207,HUANUCO,AMBO,SAN RAFAEL,AUTENTICO REGIONAL,1061
090207,HUANUCO,AMBO,SAN RAFAEL,FRENTE AMPLIO REGIONAL,43
090207,HUANUCO,AMBO,SAN RAFAEL,MOVIMIENTO INDEPENDIENTE REGIONAL LUCHEMOS POR HUANUCO,43
090207,HUANUCO,AMBO,SAN RAFAEL,MOVIMIENTO INDEPENDIENTE TRABAJEMOS JUNTOS POR HUANUCO,675
090207,HUANUCO,AMBO,SAN RAFAEL,MOVIMIENTO POLITICO HECHOS Y NO PALABRAS,149
090207,HUANUCO,AMBO,SAN RAFAEL,NUEVOS SURCOS 2006,257
090207,HUANUCO,AMBO,SAN RAFAEL,PARTIDO APRISTA PERUANO,31
090207,HUANUCO,AMBO,SAN RAFAEL,PARTIDO DEMOCRATICO SOMOS PERU,1053
090207,HUANUCO,AMBO,SAN RAFAEL,PERU POSIBLE,39
090208,HUANUCO,AMBO,TOMAY-KICHWA,ACCION POPULAR,25
090208,HUANUCO,AMBO,TOMAY-KICHWA,AUTENTICO REGIONAL,362
090208,HUANUCO,AMBO,TOMAY-KICHWA,FRENTE AMPLIO REGIONAL,75
090208,HUANUCO,AMBO,TOMAY-KICHWA,MOVIMIENTO INDEPENDIENTE REGIONAL LUCHEMOS POR HUANUCO,65
090208,HUANUCO,AMBO,TOMAY-KICHWA,MOVIMIENTO INDEPENDIENTE TRABAJEMOS JUNTOS POR HUANUCO,109
090208,HUANUCO,AMBO,TOMAY-KICHWA,MOVIMIENTO POLITICO HECHOS Y NO PALABRAS,416
090208,HUANUCO,AMBO,TOMAY-KICHWA,PARTIDO APRISTA PERUANO,50
090208,HUANUCO,AMBO,TOMAY-KICHWA,PARTIDO DEMOCRATICO SOMOS PERU,470
090307,HUANUCO,DOS DE MAYO,CHUQUIS,ACCION POPULAR,0
090307,HUANUCO,DOS DE MAYO,CHUQUIS,FRENTE AMPLIO REGIONAL,0
090307,HUANUCO,DOS DE MAYO,CHUQUIS,MOVIMIENTO INDEPENDIENTE REGIONAL LUCHEMOS POR HUANUCO,0
090307,HUANUCO,DOS DE MAYO,CHUQUIS,MOVIMIENTO POLITICO HECHOS Y NO PALABRAS,0
090307,HUANUCO,DOS DE MAYO,CHUQUIS,PARTIDO DEMOCRATICO SOMOS PERU,0
090307,HUANUCO,DOS DE MAYO,CHUQUIS,PERU POSIBLE,0
090312,HUANUCO,DOS DE MAYO,MARIAS,ACCION POPULAR,59
090312,HUANUCO,DOS DE MAYO,MARIAS,FRENTE AMPLIO REGIONAL,1
090312,HUANUCO,DOS DE MAYO,MARIAS,MOVIMIENTO INDEPENDIENTE REGIONAL LUCHEMOS POR HUANUCO,30
090312,HUANUCO,DOS DE MAYO,MARIAS,MOVIMIENTO POLITICO HECHOS Y NO PALABRAS,809
090312,HUANUCO,DOS DE MAYO,MARIAS,PARTIDO DEMOCRATICO SOMOS PERU,1107
090312,HUANUCO,DOS DE MAYO,MARIAS,PERU POSIBLE,26
090314,HUANUCO,DOS DE MAYO,PACHAS,ACCION POPULAR,479
090314,HUANUCO,DOS DE MAYO,PACHAS,MOVIMIENTO INDEPENDIENTE REGIONAL LUCHEMOS POR HUANUCO,31
090314,HUANUCO,DOS DE MAYO,PACHAS,MOVIMIENTO POLITICO HECHOS Y NO PALABRAS,785
090314,HUANUCO,DOS DE MAYO,PACHAS,PARTIDO DEMOCRATICO SOMOS PERU,1031
090314,HUANUCO,DOS DE MAYO,PACHAS,PERU POSIBLE,335
090316,HUANUCO,DOS DE MAYO,QUIVILLA,ACCION POPULAR,4
090316,HUANUCO,DOS DE MAYO,QUIVILLA,AUTENTICO REGIONAL,191
090316,HUANUCO,DOS DE MAYO,QUIVILLA,MOVIMIENTO POLITICO HECHOS Y NO PALABRAS,130
090316,HUANUCO,DOS DE MAYO,QUIVILLA,PARTIDO APRISTA PERUANO,285
090316,HUANUCO,DOS DE MAYO,QUIVILLA,PERU POSIBLE,165
090317,HUANUCO,DOS DE MAYO,RIPAN,ACCION POPULAR,57
090317,HUANUCO,DOS DE MAYO,RIPAN,AUTENTICO REGIONAL,249
090317,HUANUCO,DOS DE MAYO,RIPAN,FRENTE AMPLIO REGIONAL,346
090317,HUANUCO,DOS DE MAYO,RIPAN,FUERZA 2011,27
090317,HUANUCO,DOS DE MAYO,RIPAN,MOVIMIENTO INDEPENDIENTE REGIONAL LUCHEMOS POR HUANUCO,397
090317,HUANUCO,DOS DE MAYO,RIPAN,MOVIMIENTO POLITICO HECHOS Y NO PALABRAS,330
090317,HUANUCO,DOS DE MAYO,RIPAN,PARTIDO DEMOCRATICO SOMOS PERU,353
090317,HUANUCO,DOS DE MAYO,RIPAN,PERU POSIBLE,319
090321,HUANUCO,DOS DE MAYO,SHUNQUI,ACCION POPULAR,6
090321,HUANUCO,DOS DE MAYO,SHUNQUI,FRENTE AMPLIO REGIONAL,21
090321,HUANUCO,DOS DE MAYO,SHUNQUI,MOVIMIENTO INDEPENDIENTE REGIONAL LUCHEMOS POR HUANUCO,10
090321,HUANUCO,DOS DE MAYO,SHUNQUI,MOVIMIENTO POLITICO HECHOS Y NO PALABRAS,53
090321,HUANUCO,DOS DE MAYO,SHUNQUI,PARTIDO DEMOCRATICO SOMOS PERU,57
090321,HUANUCO,DOS DE MAYO,SHUNQUI,PERU POSIBLE,41
090322,HUANUCO,DOS DE MAYO,SILLAPATA,ACCION POPULAR,328
090322,HUANUCO,DOS DE MAYO,SILLAPATA,MOVIMIENTO POLITICO HECHOS Y NO PALABRAS,239
090322,HUANUCO,DOS DE MAYO,SILLAPATA,PARTIDO DEMOCRATICO SOMOS PERU,410
090322,HUANUCO,DOS DE MAYO,SILLAPATA,PERU POSIBLE,389
090323,HUANUCO,DOS DE MAYO,YANAS,ACCION POPULAR,94
090323,HUANUCO,DOS DE MAYO,YANAS,AUTENTICO REGIONAL,47
090323,HUANUCO,DOS DE MAYO,YANAS,FRENTE AMPLIO REGIONAL,7
090323,HUANUCO,DOS DE MAYO,YANAS,FUERZA YANASINA,93
090323,HUANUCO,DOS DE MAYO,YANAS,MOVIMIENTO INDEPENDIENTE REGIONAL LUCHEMOS POR HUANUCO,164
090323,HUANUCO,DOS DE MAYO,YANAS,MOVIMIENTO POLITICO HECHOS Y NO PALABRAS,669
090323,HUANUCO,DOS DE MAYO,YANAS,PARTIDO DEMOCRATICO SOMOS PERU,299
090323,HUANUCO,DOS DE MAYO,YANAS,PERU POSIBLE,293
090402,HUANUCO,HUAMALIES,ARANCAY,ACCION POPULAR,48
090402,HUANUCO,HUAMALIES,ARANCAY,AUTENTICO REGIONAL,61
090402,HUANUCO,HUAMALIES,ARANCAY,FRENTE AMPLIO REGIONAL,136
090402,HUANUCO,HUAMALIES,ARANCAY,MOVIMIENTO INDEPENDIENTE REGIONAL LUCHEMOS POR HUANUCO,158
090402,HUANUCO,HUAMALIES,ARANCAY,MOVIMIENTO POLITICO HECHOS Y NO PALABRAS,271
090402,HUANUCO,HUAMALIES,ARANCAY,PARTIDO APRISTA PERUANO,52
090402,HUANUCO,HUAMALIES,ARANCAY,PARTIDO DEMOCRATICO SOMOS PERU,94
090402,HUANUCO,HUAMALIES,ARANCAY,RESTAURACION NACIONAL,35
090402,HUANUCO,HUAMALIES,ARANCAY,SIEMPRE UNIDOS,98
090402,HUANUCO,HUAMALIES,ARANCAY,UNION POR EL PERU,23
090403,HUANUCO,HUAMALIES,CHAVIN DE PARIARCA,ACCION POPULAR,16
090403,HUANUCO,HUAMALIES,CHAVIN DE PARIARCA,AUTENTICO REGIONAL,271
090403,HUANUCO,HUAMALIES,CHAVIN DE PARIARCA,FRENTE AMPLIO REGIONAL,29
090403,HUANUCO,HUAMALIES,CHAVIN DE PARIARCA,MOVIMIENTO INDEPENDIENTE REGIONAL LUCHEMOS POR HUANUCO,294
090403,HUANUCO,HUAMALIES,CHAVIN DE PARIARCA,MOVIMIENTO POLITICO HECHOS Y NO PALABRAS,205
090403,HUANUCO,HUAMALIES,CHAVIN DE PARIARCA,PARTIDO APRISTA PERUANO,31
090403,HUANUCO,HUAMALIES,CHAVIN DE PARIARCA,PARTIDO DEMOCRATICO SOMOS PERU,695
090403,HUANUCO,HUAMALIES,CHAVIN DE PARIARCA,RESTAURACION NACIONAL,99
090404,HUANUCO,HUAMALIES,JACAS GRANDE,ACCION POPULAR,244
090404,HUANUCO,HUAMALIES,JACAS GRANDE,AUTENTICO REGIONAL,59
090404,HUANUCO,HUAMALIES,JACAS GRANDE,FRENTE AMPLIO REGIONAL,13
090404,HUANUCO,HUAMALIES,JACAS GRANDE,MOVIMIENTO INDEPENDIENTE REGIONAL LUCHEMOS POR HUANUCO,344
090404,HUANUCO,HUAMALIES,JACAS GRANDE,MOVIMIENTO POLITICO HECHOS Y NO PALABRAS,933
090404,HUANUCO,HUAMALIES,JACAS GRANDE,PARTIDO APRISTA PERUANO,13
090404,HUANUCO,HUAMALIES,JACAS GRANDE,PARTIDO DEMOCRATICO SOMOS PERU,334
090404,HUANUCO,HUAMALIES,JACAS GRANDE,RESTAURACION NACIONAL,250
090405,HUANUCO,HUAMALIES,JIRCAN,ACCION POPULAR,85
090405,HUANUCO,HUAMALIES,JIRCAN,AUTENTICO REGIONAL,47
090405,HUANUCO,HUAMALIES,JIRCAN,MOVIMIENTO INDEPENDIENTE REGIONAL LUCHEMOS POR HUANUCO,16
090405,HUANUCO,HUAMALIES,JIRCAN,MOVIMIENTO POLITICO HECHOS Y NO PALABRAS,11
090405,HUANUCO,HUAMALIES,JIRCAN,PARTIDO APRISTA PERUANO,162
090405,HUANUCO,HUAMALIES,JIRCAN,PARTIDO DEMOCRATICO SOMOS PERU,361
090405,HUANUCO,HUAMALIES,JIRCAN,PERU POSIBLE,39
090405,HUANUCO,HUAMALIES,JIRCAN,RESTAURACION NACIONAL,20
090406,HUANUCO,HUAMALIES,MIRAFLORES,ACCION POPULAR,38
090406,HUANUCO,HUAMALIES,MIRAFLORES,AUTENTICO REGIONAL,105
090406,HUANUCO,HUAMALIES,MIRAFLORES,FRENTE AMPLIO REGIONAL,42
090406,HUANUCO,HUAMALIES,MIRAFLORES,MOVIMIENTO INDEPENDIENTE REGIONAL LUCHEMOS POR HUANUCO,312
090406,HUANUCO,HUAMALIES,MIRAFLORES,MOVIMIENTO POLITICO HECHOS Y NO PALABRAS,115
090406,HUANUCO,HUAMALIES,MIRAFLORES,PARTIDO APRISTA PERUANO,192
090406,HUANUCO,HUAMALIES,MIRAFLORES,PARTIDO DEMOCRATICO SOMOS PERU,316
090406,HUANUCO,HUAMALIES,MIRAFLORES,RESTAURACION NACIONAL,63
090406,HUANUCO,HUAMALIES,MIRAFLORES,SIEMPRE UNIDOS,73
090407,HUANUCO,HUAMALIES,MONZON,ACCION POPULAR,15
090407,HUANUCO,HUAMALIES,MONZON,AUTENTICO REGIONAL,896
090407,HUANUCO,HUAMALIES,MONZON,FRENTE AMPLIO REGIONAL,102
090407,HUANUCO,HUAMALIES,MONZON,MOVIMIENTO INDEPENDIENTE REGIONAL LUCHEMOS POR HUANUCO,225
090407,HUANUCO,HUAMALIES,MONZON,MOVIMIENTO POLITICO HECHOS Y NO PALABRAS,497
090407,HUANUCO,HUAMALIES,MONZON,PARTIDO DEMOCRATICO SOMOS PERU,1370
090407,HUANUCO,HUAMALIES,MONZON,RESTAURACION NACIONAL,1194
090408,HUANUCO,HUAMALIES,PUNCHAO,AUTENTICO REGIONAL,186
090408,HUANUCO,HUAMALIES,PUNCHAO,MOVIMIENTO INDEPENDIENTE REGIONAL LUCHEMOS POR HUANUCO,191
090408,HUANUCO,HUAMALIES,PUNCHAO,MOVIMIENTO POLITICO HECHOS Y NO PALABRAS,299
090408,HUANUCO,HUAMALIES,PUNCHAO,PARTIDO DEMOCRATICO SOMOS PERU,232
090408,HUANUCO,HUAMALIES,PUNCHAO,RESTAURACION NACIONAL,20
090409,HUANUCO,HUAMALIES,PUÑOS,ACCION POPULAR,44
090409,HUANUCO,HUAMALIES,PUÑOS,AUTENTICO REGIONAL,96
090409,HUANUCO,HUAMALIES,PUÑOS,MOVIMIENTO INDEPENDIENTE JUNTOS POR EL DESARROLLO,83
090409,HUANUCO,HUAMALIES,PUÑOS,MOVIMIENTO INDEPENDIENTE REGIONAL LUCHEMOS POR HUANUCO,83
090409,HUANUCO,HUAMALIES,PUÑOS,MOVIMIENTO POLITICO HECHOS Y NO PALABRAS,305
090409,HUANUCO,HUAMALIES,PUÑOS,PARTIDO APRISTA PERUANO,107
090409,HUANUCO,HUAMALIES,PUÑOS,PARTIDO DEMOCRATICO SOMOS PERU,488
090409,HUANUCO,HUAMALIES,PUÑOS,PERU POSIBLE,224
090409,HUANUCO,HUAMALIES,PUÑOS,RESTAURACION NACIONAL,404
090410,HUANUCO,HUAMALIES,SINGA,AUTENTICO REGIONAL,42
090410,HUANUCO,HUAMALIES,SINGA,MOVIMIENTO INDEPENDIENTE REGIONAL LUCHEMOS POR HUANUCO,730
090410,HUANUCO,HUAMALIES,SINGA,MOVIMIENTO POLITICO HECHOS Y NO PALABRAS,694
090410,HUANUCO,HUAMALIES,SINGA,PARTIDO DEMOCRATICO SOMOS PERU,54
090411,HUANUCO,HUAMALIES,TANTAMAYO,ACCION POPULAR,31
090411,HUANUCO,HUAMALIES,TANTAMAYO,AUTENTICO REGIONAL,12
090411,HUANUCO,HUAMALIES,TANTAMAYO,FRENTE AMPLIO REGIONAL,358
090411,HUANUCO,HUAMALIES,TANTAMAYO,MOVIMIENTO POLITICO HECHOS Y NO PALABRAS,356
090411,HUANUCO,HUAMALIES,TANTAMAYO,PARTIDO APRISTA PERUANO,26
090411,HUANUCO,HUAMALIES,TANTAMAYO,PARTIDO DEMOCRATICO SOMOS PERU,15
090411,HUANUCO,HUAMALIES,TANTAMAYO,RESTAURACION NACIONAL,117
090502,HUANUCO,MARAÑON,CHOLON,ACCION POPULAR,243
090502,HUANUCO,MARAÑON,CHOLON,ALIANZA PARA EL PROGRESO,390
090502,HUANUCO,MARAÑON,CHOLON,FRENTE AMPLIO REGIONAL,233
090502,HUANUCO,MARAÑON,CHOLON,MOVIMIENTO INDEPENDIENTE JUNTOS POR EL DESARROLLO,59
090502,HUANUCO,MARAÑON,CHOLON,MOVIMIENTO INDEPENDIENTE REGIONAL LUCHEMOS POR HUANUCO,492
090502,HUANUCO,MARAÑON,CHOLON,MOVIMIENTO POLITICO HECHOS Y NO PALABRAS,451
090502,HUANUCO,MARAÑON,CHOLON,PARTIDO DEMOCRATICO SOMOS PERU,237
090502,HUANUCO,MARAÑON,CHOLON,PERU POSIBLE,73
090505,HUANUCO,MARAÑON,SAN BUENAVENTURA,ACCION POPULAR,209
090505,HUANUCO,MARAÑON,SAN BUENAVENTURA,FRENTE AMPLIO REGIONAL,277
090505,HUANUCO,MARAÑON,SAN BUENAVENTURA,MOVIMIENTO INDEPENDIENTE REGIONAL LUCHEMOS POR HUANUCO,58
090505,HUANUCO,MARAÑON,SAN BUENAVENTURA,MOVIMIENTO POLITICO HECHOS Y NO PALABRAS,272
090505,HUANUCO,MARAÑON,SAN BUENAVENTURA,PERU POSIBLE,100
090602,HUANUCO,LEONCIO PRADO,DANIEL ALOMIA ROBLES,ACCION POPULAR,524
090602,HUANUCO,LEONCIO PRADO,DANIEL ALOMIA ROBLES,ALIANZA PARA EL PROGRESO,109
090602,HUANUCO,LEONCIO PRADO,DANIEL ALOMIA ROBLES,AUTENTICO REGIONAL,14
090602,HUANUCO,LEONCIO PRADO,DANIEL ALOMIA ROBLES,FRENTE AMPLIO REGIONAL,102
090602,HUANUCO,LEONCIO PRADO,DANIEL ALOMIA ROBLES,FUERZA 2011,40
090602,HUANUCO,LEONCIO PRADO,DANIEL ALOMIA ROBLES,MOVIMIENTO INDEPENDIENTE JUNTOS POR EL DESARROLLO,105
090602,HUANUCO,LEONCIO PRADO,DANIEL ALOMIA ROBLES,MOVIMIENTO INDEPENDIENTE REGIONAL LUCHEMOS POR HUANUCO,100
090602,HUANUCO,LEONCIO PRADO,DANIEL ALOMIA ROBLES,MOVIMIENTO INDEPENDIENTE REGIONAL YO TENGO FE EN HUANUCO,28
090602,HUANUCO,LEONCIO PRADO,DANIEL ALOMIA ROBLES,MOVIMIENTO POLITICO HECHOS Y NO PALABRAS,366
090602,HUANUCO,LEONCIO PRADO,DANIEL ALOMIA ROBLES,PARTIDO DEMOCRATICO SOMOS PERU,350
090602,HUANUCO,LEONCIO PRADO,DANIEL ALOMIA ROBLES,PERU POSIBLE,86
090602,HUANUCO,LEONCIO PRADO,DANIEL ALOMIA ROBLES,RESTAURACION NACIONAL,193
090603,HUANUCO,LEONCIO PRADO,HERMILIO VALDIZAN,ACCION POPULAR,73
090603,HUANUCO,LEONCIO PRADO,HERMILIO VALDIZAN,FUERZA 2011,20
090603,HUANUCO,LEONCIO PRADO,HERMILIO VALDIZAN,MOVIMIENTO INDEPENDIENTE REGIONAL LUCHEMOS POR HUANUCO,228
090603,HUANUCO,LEONCIO PRADO,HERMILIO VALDIZAN,MOVIMIENTO INDEPENDIENTE REGIONAL YO TENGO FE EN HUANUCO,42
090603,HUANUCO,LEONCIO PRADO,HERMILIO VALDIZAN,MOVIMIENTO POLITICO HECHOS Y NO PALABRAS,543
090603,HUANUCO,LEONCIO PRADO,HERMILIO VALDIZAN,PARTIDO APRISTA PERUANO,269
090603,HUANUCO,LEONCIO PRADO,HERMILIO VALDIZAN,PERU POSIBLE,244
090603,HUANUCO,LEONCIO PRADO,HERMILIO VALDIZAN,RESTAURACION NACIONAL,377
090604,HUANUCO,LEONCIO PRADO,LUYANDO,ACCION POPULAR,180
090604,HUANUCO,LEONCIO PRADO,LUYANDO,FRENTE AMPLIO REGIONAL,195
090604,HUANUCO,LEONCIO PRADO,LUYANDO,FUERZA 2011,108
090604,HUANUCO,LEONCIO PRADO,LUYANDO,MOVIMIENTO INDEPENDIENTE JUNTOS POR EL DESARROLLO,252
090604,HUANUCO,LEONCIO PRADO,LUYANDO,MOVIMIENTO INDEPENDIENTE REGIONAL LUCHEMOS POR HUANUCO,722
090604,HUANUCO,LEONCIO PRADO,LUYANDO,MOVIMIENTO INDEPENDIENTE REGIONAL YO TENGO FE EN HUANUCO,188
090604,HUANUCO,LEONCIO PRADO,LUYANDO,MOVIMIENTO POLITICO HECHOS Y NO PALABRAS,951
090604,HUANUCO,LEONCIO PRADO,LUYANDO,PARTIDO APRISTA PERUANO,56
090604,HUANUCO,LEONCIO PRADO,LUYANDO,PARTIDO DEMOCRATICO SOMOS PERU,196
090604,HUANUCO,LEONCIO PRADO,LUYANDO,PERU POSIBLE,196
090604,HUANUCO,LEONCIO PRADO,LUYANDO,RESTAURACION NACIONAL,265
090605,HUANUCO,LEONCIO PRADO,MARIANO DAMASO BERAUN,ACCION POPULAR,428
090605,HUANUCO,LEONCIO PRADO,MARIANO DAMASO BERAUN,ALIANZA PARA EL PROGRESO,27
090605,HUANUCO,LEONCIO PRADO,MARIANO DAMASO BERAUN,FRENTE AMPLIO REGIONAL,660
090605,HUANUCO,LEONCIO PRADO,MARIANO DAMASO BERAUN,FUERZA 2011,68
090605,HUANUCO,LEONCIO PRADO,MARIANO DAMASO BERAUN,MOVIMIENTO INDEPENDIENTE JUNTOS POR EL DESARROLLO,202
090605,HUANUCO,LEONCIO PRADO,MARIANO DAMASO BERAUN,MOVIMIENTO INDEPENDIENTE REGIONAL LUCHEMOS POR HUANUCO,720
090605,HUANUCO,LEONCIO PRADO,MARIANO DAMASO BERAUN,MOVIMIENTO INDEPENDIENTE REGIONAL YO TENGO FE EN HUANUCO,54
090605,HUANUCO,LEONCIO PRADO,MARIANO DAMASO BERAUN,MOVIMIENTO POLITICO HECHOS Y NO PALABRAS,488
090605,HUANUCO,LEONCIO PRADO,MARIANO DAMASO BERAUN,PARTIDO APRISTA PERUANO,36
090605,HUANUCO,LEONCIO PRADO,MARIANO DAMASO BERAUN,PARTIDO DEMOCRATICO SOMOS PERU,489
090605,HUANUCO,LEONCIO PRADO,MARIANO DAMASO BERAUN,RESTAURACION NACIONAL,933
090606,HUANUCO,LEONCIO PRADO,JOSE CRESPO Y CASTILLO,ACCION POPULAR,120
090606,HUANUCO,LEONCIO PRADO,JOSE CRESPO Y CASTILLO,ALIANZA PARA EL PROGRESO,499
090606,HUANUCO,LEONCIO PRADO,JOSE CRESPO Y CASTILLO,AUTENTICO REGIONAL,197
090606,HUANUCO,LEONCIO PRADO,JOSE CRESPO Y CASTILLO,FUERZA 2011,73
090606,HUANUCO,LEONCIO PRADO,JOSE CRESPO Y CASTILLO,MOVIMIENTO INDEPENDIENTE JUNTOS POR EL DESARROLLO,178
090606,HUANUCO,LEONCIO PRADO,JOSE CRESPO Y CASTILLO,MOVIMIENTO INDEPENDIENTE REGIONAL LUCHEMOS POR HUANUCO,1248
090606,HUANUCO,LEONCIO PRADO,JOSE CRESPO Y CASTILLO,MOVIMIENTO INDEPENDIENTE REGIONAL YO TENGO FE EN HUANUCO,52
090606,HUANUCO,LEONCIO PRADO,JOSE CRESPO Y CASTILLO,MOVIMIENTO POLITICO HECHOS Y NO PALABRAS,1996
090606,HUANUCO,LEONCIO PRADO,JOSE CRESPO Y CASTILLO,PARTIDO DEMOCRATICO SOMOS PERU,523
090606,HUANUCO,LEONCIO PRADO,JOSE CRESPO Y CASTILLO,PERU POSIBLE,2102
090606,HUANUCO,LEONCIO PRADO,JOSE CRESPO Y CASTILLO,RESTAURACION NACIONAL,1121
090606,HUANUCO,LEONCIO PRADO,JOSE CRESPO Y CASTILLO,UNION POR EL PERU,1005
090702,HUANUCO,PACHITEA,CHAGLLA,ACCION POPULAR,145
090702,HUANUCO,PACHITEA,CHAGLLA,AUTENTICO REGIONAL,274
090702,HUANUCO,PACHITEA,CHAGLLA,FONAVISTAS DEL PERU,94
090702,HUANUCO,PACHITEA,CHAGLLA,FRENTE AMPLIO REGIONAL,383
090702,HUANUCO,PACHITEA,CHAGLLA,MOVIMIENTO INDEPENDIENTE JUNTOS POR EL DESARROLLO,3
090702,HUANUCO,PACHITEA,CHAGLLA,MOVIMIENTO INDEPENDIENTE REGIONAL LUCHEMOS POR HUANUCO,511
090702,HUANUCO,PACHITEA,CHAGLLA,MOVIMIENTO POLITICO HECHOS Y NO PALABRAS,619
090702,HUANUCO,PACHITEA,CHAGLLA,PARTIDO APRISTA PERUANO,88
090702,HUANUCO,PACHITEA,CHAGLLA,PARTIDO DEMOCRATICO SOMOS PERU,946
090702,HUANUCO,PACHITEA,CHAGLLA,PERU POSIBLE,36
090702,HUANUCO,PACHITEA,CHAGLLA,RESTAURACION NACIONAL,16
090704,HUANUCO,PACHITEA,MOLINO,ACCION POPULAR,290
090704,HUANUCO,PACHITEA,MOLINO,AUTENTICO REGIONAL,722
090704,HUANUCO,PACHITEA,MOLINO,FRENTE AMPLIO REGIONAL,791
090704,HUANUCO,PACHITEA,MOLINO,MOVIMIENTO INDEPENDIENTE REGIONAL LUCHEMOS POR HUANUCO,18
090704,HUANUCO,PACHITEA,MOLINO,MOVIMIENTO POLITICO HECHOS Y NO PALABRAS,1553
090704,HUANUCO,PACHITEA,MOLINO,NUEVOS SURCOS 2006,58
090704,HUANUCO,PACHITEA,MOLINO,PARTIDO APRISTA PERUANO,36
090704,HUANUCO,PACHITEA,MOLINO,PARTIDO DEMOCRATICO SOMOS PERU,1189
090704,HUANUCO,PACHITEA,MOLINO,PERU POSIBLE,19
090706,HUANUCO,PACHITEA,UMARI,ACCION POPULAR,522
090706,HUANUCO,PACHITEA,UMARI,AUTENTICO REGIONAL,49
090706,HUANUCO,PACHITEA,UMARI,FRENTE AMPLIO REGIONAL,587
090706,HUANUCO,PACHITEA,UMARI,MOVIMIENTO INDEPENDIENTE REGIONAL LUCHEMOS POR HUANUCO,28
090706,HUANUCO,PACHITEA,UMARI,MOVIMIENTO POLITICO HECHOS Y NO PALABRAS,1878
090706,HUANUCO,PACHITEA,UMARI,PARTIDO APRISTA PERUANO,662
090706,HUANUCO,PACHITEA,UMARI,PARTIDO DEMOCRATICO SOMOS PERU,149
090706,HUANUCO,PACHITEA,UMARI,PERU POSIBLE,86
090801,HUANUCO,PUERTO INCA,HONORIA,ACCION POPULAR,0
090801,HUANUCO,PUERTO INCA,HONORIA,AGROPECUARIO HONORIA PROGRESO,0
090801,HUANUCO,PUERTO INCA,HONORIA,ALIANZA PARA EL PROGRESO,0
090801,HUANUCO,PUERTO INCA,HONORIA,AUTENTICO REGIONAL,0
090801,HUANUCO,PUERTO INCA,HONORIA,MOVIMIENTO INDEPENDIENTE REGIONAL LUCHEMOS POR HUANUCO,0
090801,HUANUCO,PUERTO INCA,HONORIA,MOVIMIENTO POLITICO HECHOS Y NO PALABRAS,0
090801,HUANUCO,PUERTO INCA,HONORIA,PARTIDO APRISTA PERUANO,0
090801,HUANUCO,PUERTO INCA,HONORIA,PARTIDO DEMOCRATICO SOMOS PERU,0
090801,HUANUCO,PUERTO INCA,HONORIA,RESTAURACION NACIONAL,0
090803,HUANUCO,PUERTO INCA,CODO DEL POZUZO,ACCION POPULAR,128
090803,HUANUCO,PUERTO INCA,CODO DEL POZUZO,ALIANZA PARA EL PROGRESO,215
090803,HUANUCO,PUERTO INCA,CODO DEL POZUZO,FUERZA 2011,36
090803,HUANUCO,PUERTO INCA,CODO DEL POZUZO,MOVIMIENTO INDEPENDIENTE REGIONAL LUCHEMOS POR HUANUCO,472
090803,HUANUCO,PUERTO INCA,CODO DEL POZUZO,MOVIMIENTO POLITICO HECHOS Y NO PALABRAS,645
090803,HUANUCO,PUERTO INCA,CODO DEL POZUZO,PARTIDO APRISTA PERUANO,33
090803,HUANUCO,PUERTO INCA,CODO DEL POZUZO,PARTIDO DEMOCRATICO SOMOS PERU,157
090803,HUANUCO,PUERTO INCA,CODO DEL POZUZO,PERU POSIBLE,253
090804,HUANUCO,PUERTO INCA,TOURNAVISTA,ACCION POPULAR,437
090804,HUANUCO,PUERTO INCA,TOURNAVISTA,FUERZA 2011,10
090804,HUANUCO,PUERTO INCA,TOURNAVISTA,MOVIMIENTO INDEPENDIENTE REGIONAL LUCHEMOS POR HUANUCO,113
090804,HUANUCO,PUERTO INCA,TOURNAVISTA,MOVIMIENTO POLITICO HECHOS Y NO PALABRAS,63
090804,HUANUCO,PUERTO INCA,TOURNAVISTA,PARTIDO APRISTA PERUANO,223
090804,HUANUCO,PUERTO INCA,TOURNAVISTA,PARTIDO DEMOCRATICO SOMOS PERU,193
090804,HUANUCO,PUERTO INCA,TOURNAVISTA,PERU POSIBLE,149
090804,HUANUCO,PUERTO INCA,TOURNAVISTA,TOURNAVISTA EN ACCION,265
090805,HUANUCO,PUERTO INCA,YUYAPICHIS,ACCION POPULAR,98
090805,HUANUCO,PUERTO INCA,YUYAPICHIS,ALIANZA PARA EL PROGRESO,85
090805,HUANUCO,PUERTO INCA,YUYAPICHIS,AUTENTICO REGIONAL,35
090805,HUANUCO,PUERTO INCA,YUYAPICHIS,FUERZA 2011,182
090805,HUANUCO,PUERTO INCA,YUYAPICHIS,MOVIMIENTO INDEPENDIENTE REGIONAL LUCHEMOS POR HUANUCO,188
090805,HUANUCO,PUERTO INCA,YUYAPICHIS,MOVIMIENTO POLITICO HECHOS Y NO PALABRAS,432
090805,HUANUCO,PUERTO INCA,YUYAPICHIS,PARTIDO APRISTA PERUANO,148
090805,HUANUCO,PUERTO INCA,YUYAPICHIS,PARTIDO DEMOCRATICO SOMOS PERU,124
090805,HUANUCO,PUERTO INCA,YUYAPICHIS,PERU POSIBLE,60
090805,HUANUCO,PUERTO INCA,YUYAPICHIS,RESTAURACION NACIONAL,125
090902,HUANUCO,HUACAYBAMBA,PINRA,ALIANZA PARA EL PROGRESO,1361
090902,HUANUCO,HUACAYBAMBA,PINRA,AUTENTICO REGIONAL,73
090902,HUANUCO,HUACAYBAMBA,PINRA,MOVIMIENTO INDEPENDIENTE REGIONAL LUCHEMOS POR HUANUCO,28
090902,HUANUCO,HUACAYBAMBA,PINRA,MOVIMIENTO POLITICO HECHOS Y NO PALABRAS,1033
090902,HUANUCO,HUACAYBAMBA,PINRA,PARTIDO DEMOCRATICO SOMOS PERU,85
090902,HUANUCO,HUACAYBAMBA,PINRA,PERU POSIBLE,32
090902,HUANUCO,HUACAYBAMBA,PINRA,UNION POR EL PERU,356
090903,HUANUCO,HUACAYBAMBA,CANCHABAMBA,ALIANZA PARA EL PROGRESO,299
090903,HUANUCO,HUACAYBAMBA,CANCHABAMBA,AUTENTICO REGIONAL,190
090903,HUANUCO,HUACAYBAMBA,CANCHABAMBA,FRENTE AMPLIO REGIONAL,121
090903,HUANUCO,HUACAYBAMBA,CANCHABAMBA,MOVIMIENTO INDEPENDIENTE REGIONAL LUCHEMOS POR HUANUCO,100
090903,HUANUCO,HUACAYBAMBA,CANCHABAMBA,MOVIMIENTO POLITICO HECHOS Y NO PALABRAS,75
090903,HUANUCO,HUACAYBAMBA,CANCHABAMBA,PARTIDO DEMOCRATICO SOMOS PERU,118
090903,HUANUCO,HUACAYBAMBA,CANCHABAMBA,PERU POSIBLE,80
090903,HUANUCO,HUACAYBAMBA,CANCHABAMBA,UNION POR EL PERU,262
090904,HUANUCO,HUACAYBAMBA,COCHABAMBA,ALIANZA PARA EL PROGRESO,207
090904,HUANUCO,HUACAYBAMBA,COCHABAMBA,AUTENTICO REGIONAL,22
090904,HUANUCO,HUACAYBAMBA,COCHABAMBA,MOVIMIENTO INDEPENDIENTE REGIONAL LUCHEMOS POR HUANUCO,72
090904,HUANUCO,HUACAYBAMBA,COCHABAMBA,MOVIMIENTO POLITICO HECHOS Y NO PALABRAS,178
090904,HUANUCO,HUACAYBAMBA,COCHABAMBA,PARTIDO DEMOCRATICO SOMOS PERU,95
090904,HUANUCO,HUACAYBAMBA,COCHABAMBA,PERU POSIBLE,109
090904,HUANUCO,HUACAYBAMBA,COCHABAMBA,UNION POR EL PERU,110
091002,HUANUCO,LAURICOCHA,BAÑOS,ACCION POPULAR,131
091002,HUANUCO,LAURICOCHA,BAÑOS,ALIANZA PARA EL PROGRESO,17
091002,HUANUCO,LAURICOCHA,BAÑOS,AUTENTICO REGIONAL,133
091002,HUANUCO,LAURICOCHA,BAÑOS,FRENTE AMPLIO REGIONAL,8
091002,HUANUCO,LAURICOCHA,BAÑOS,MOVIMIENTO INDEPENDIENTE REGIONAL LUCHEMOS POR HUANUCO,340
091002,HUANUCO,LAURICOCHA,BAÑOS,MOVIMIENTO POLITICO HECHOS Y NO PALABRAS,163
091002,HUANUCO,LAURICOCHA,BAÑOS,PARTIDO APRISTA PERUANO,21
091002,HUANUCO,LAURICOCHA,BAÑOS,PARTIDO DEMOCRATICO SOMOS PERU,450
091002,HUANUCO,LAURICOCHA,BAÑOS,PERU POSIBLE,51
091003,HUANUCO,LAURICOCHA,SAN FRANCISCO DE ASIS,ACCION POPULAR,226
091003,HUANUCO,LAURICOCHA,SAN FRANCISCO DE ASIS,ALIANZA PARA EL PROGRESO,37
091003,HUANUCO,LAURICOCHA,SAN FRANCISCO DE ASIS,AUTENTICO REGIONAL,56
091003,HUANUCO,LAURICOCHA,SAN FRANCISCO DE ASIS,FRENTE AMPLIO REGIONAL,60
091003,HUANUCO,LAURICOCHA,SAN FRANCISCO DE ASIS,MOVIMIENTO INDEPENDIENTE JUNTOS POR EL DESARROLLO,36
091003,HUANUCO,LAURICOCHA,SAN FRANCISCO DE ASIS,MOVIMIENTO INDEPENDIENTE REGIONAL LUCHEMOS POR HUANUCO,353
091003,HUANUCO,LAURICOCHA,SAN FRANCISCO DE ASIS,MOVIMIENTO POLITICO HECHOS Y NO PALABRAS,271
091003,HUANUCO,LAURICOCHA,SAN FRANCISCO DE ASIS,PARTIDO APRISTA PERUANO,11
091003,HUANUCO,LAURICOCHA,SAN FRANCISCO DE ASIS,PARTIDO DEMOCRATICO SOMOS PERU,49
091003,HUANUCO,LAURICOCHA,SAN FRANCISCO DE ASIS,PERU POSIBLE,112
091004,HUANUCO,LAURICOCHA,QUEROPALCA,ACCION POPULAR,10
091004,HUANUCO,LAURICOCHA,QUEROPALCA,AUTENTICO REGIONAL,57
091004,HUANUCO,LAURICOCHA,QUEROPALCA,FRENTE AMPLIO REGIONAL,145
091004,HUANUCO,LAURICOCHA,QUEROPALCA,MOVIMIENTO POLITICO HECHOS Y NO PALABRAS,112
091004,HUANUCO,LAURICOCHA,QUEROPALCA,PARTIDO APRISTA PERUANO,3
091004,HUANUCO,LAURICOCHA,QUEROPALCA,PARTIDO DEMOCRATICO SOMOS PERU,118
091004,HUANUCO,LAURICOCHA,QUEROPALCA,PERU POSIBLE,41
091005,HUANUCO,LAURICOCHA,SAN MIGUEL DE CAURI,ACCION POPULAR,174
091005,HUANUCO,LAURICOCHA,SAN MIGUEL DE CAURI,ALIANZA PARA EL PROGRESO,48
091005,HUANUCO,LAURICOCHA,SAN MIGUEL DE CAURI,AUTENTICO REGIONAL,554
091005,HUANUCO,LAURICOCHA,SAN MIGUEL DE CAURI,MOVIMIENTO INDEPENDIENTE REGIONAL LUCHEMOS POR HUANUCO,169
091005,HUANUCO,LAURICOCHA,SAN MIGUEL DE CAURI,MOVIMIENTO POLITICO HECHOS Y NO PALABRAS,483
091005,HUANUCO,LAURICOCHA,SAN MIGUEL DE CAURI,PARTIDO DEMOCRATICO SOMOS PERU,353
091005,HUANUCO,LAURICOCHA,SAN MIGUEL DE CAURI,PERU POSIBLE,67
091006,HUANUCO,LAURICOCHA,RONDOS,ACCION POPULAR,140
091006,HUANUCO,LAURICOCHA,RONDOS,ALIANZA PARA EL PROGRESO,138
091006,HUANUCO,LAURICOCHA,RONDOS,AUTENTICO REGIONAL,576
091006,HUANUCO,LAURICOCHA,RONDOS,FRENTE AMPLIO REGIONAL,113
091006,HUANUCO,LAURICOCHA,RONDOS,MOVIMIENTO INDEPENDIENTE REGIONAL LUCHEMOS POR HUANUCO,458
091006,HUANUCO,LAURICOCHA,RONDOS,MOVIMIENTO POLITICO HECHOS Y NO PALABRAS,558
091006,HUANUCO,LAURICOCHA,RONDOS,PARTIDO APRISTA PERUANO,24
091006,HUANUCO,LAURICOCHA,RONDOS,PARTIDO DEMOCRATICO SOMOS PERU,146
091006,HUANUCO,LAURICOCHA,RONDOS,PERU POSIBLE,104
091006,HUANUCO,LAURICOCHA,RONDOS,UNION POR EL PERU,48
091007,HUANUCO,LAURICOCHA,JIVIA,ACCION POPULAR,95
091007,HUANUCO,LAURICOCHA,JIVIA,ALIANZA PARA EL PROGRESO,99
091007,HUANUCO,LAURICOCHA,JIVIA,AUTENTICO REGIONAL,207
091007,HUANUCO,LAURICOCHA,JIVIA,FRENTE AMPLIO REGIONAL,40
091007,HUANUCO,LAURICOCHA,JIVIA,MOVIMIENTO INDEPENDIENTE JUNTOS POR EL DESARROLLO,88
091007,HUANUCO,LAURICOCHA,JIVIA,MOVIMIENTO INDEPENDIENTE REGIONAL LUCHEMOS POR HUANUCO,220
091007,HUANUCO,LAURICOCHA,JIVIA,MOVIMIENTO INDEPENDIENTE TRABAJEMOS JUNTOS POR HUANUCO,43
091007,HUANUCO,LAURICOCHA,JIVIA,MOVIMIENTO POLITICO HECHOS Y NO PALABRAS,170
091007,HUANUCO,LAURICOCHA,JIVIA,PARTIDO APRISTA PERUANO,8
091007,HUANUCO,LAURICOCHA,JIVIA,PARTIDO DEMOCRATICO SOMOS PERU,15
091007,HUANUCO,LAURICOCHA,JIVIA,PERU POSIBLE,55
091102,HUANUCO,YAROWILCA,APARICIO POMARES,ACCION POPULAR,21
091102,HUANUCO,YAROWILCA,APARICIO POMARES,AUTENTICO REGIONAL,817
091102,HUANUCO,YAROWILCA,APARICIO POMARES,FRENTE AMPLIO REGIONAL,402
091102,HUANUCO,YAROWILCA,APARICIO POMARES,MOVIMIENTO INDEPENDIENTE REGIONAL LUCHEMOS POR HUANUCO,430
091102,HUANUCO,YAROWILCA,APARICIO POMARES,MOVIMIENTO POLITICO HECHOS Y NO PALABRAS,1098
091102,HUANUCO,YAROWILCA,APARICIO POMARES,PARTIDO DEMOCRATICO SOMOS PERU,53
091102,HUANUCO,YAROWILCA,APARICIO POMARES,PERU POSIBLE,155
091103,HUANUCO,YAROWILCA,CAHUAC,ACCION POPULAR,81
091103,HUANUCO,YAROWILCA,CAHUAC,AUTENTICO REGIONAL,89
091103,HUANUCO,YAROWILCA,CAHUAC,FRENTE AMPLIO REGIONAL,183
091103,HUANUCO,YAROWILCA,CAHUAC,MOVIMIENTO INDEPENDIENTE REGIONAL LUCHEMOS POR HUANUCO,184
091103,HUANUCO,YAROWILCA,CAHUAC,MOVIMIENTO POLITICO HECHOS Y NO PALABRAS,239
091103,HUANUCO,YAROWILCA,CAHUAC,NUEVOS SURCOS 2006,211
091103,HUANUCO,YAROWILCA,CAHUAC,PARTIDO DEMOCRATICO SOMOS PERU,149
091104,HUANUCO,YAROWILCA,CHACABAMBA,ACCION POPULAR,126
091104,HUANUCO,YAROWILCA,CHACABAMBA,ALIANZA PARA EL PROGRESO,18
091104,HUANUCO,YAROWILCA,CHACABAMBA,AUTENTICO REGIONAL,163
091104,HUANUCO,YAROWILCA,CHACABAMBA,FRENTE AMPLIO REGIONAL,268
091104,HUANUCO,YAROWILCA,CHACABAMBA,MOVIMIENTO INDEPENDIENTE JUNTOS POR EL DESARROLLO,14
091104,HUANUCO,YAROWILCA,CHACABAMBA,MOVIMIENTO INDEPENDIENTE REGIONAL LUCHEMOS POR HUANUCO,86
091104,HUANUCO,YAROWILCA,CHACABAMBA,MOVIMIENTO POLITICO HECHOS Y NO PALABRAS,129
091104,HUANUCO,YAROWILCA,CHACABAMBA,NUEVO CHACABAMBA,29
091104,HUANUCO,YAROWILCA,CHACABAMBA,NUEVOS SURCOS 2006,234
091104,HUANUCO,YAROWILCA,CHACABAMBA,PARTIDO APRISTA PERUANO,60
091104,HUANUCO,YAROWILCA,CHACABAMBA,PARTIDO DEMOCRATICO SOMOS PERU,153
091104,HUANUCO,YAROWILCA,CHACABAMBA,PERU POSIBLE,104
091104,HUANUCO,YAROWILCA,CHACABAMBA,RESTAURACION NACIONAL,83
091104,HUANUCO,YAROWILCA,CHACABAMBA,UNION POR EL PERU,58
091105,HUANUCO,YAROWILCA,JACAS CHICO,ACCION POPULAR,31
091105,HUANUCO,YAROWILCA,JACAS CHICO,ALIANZA PARA EL PROGRESO,35
091105,HUANUCO,YAROWILCA,JACAS CHICO,AUTENTICO REGIONAL,102
091105,HUANUCO,YAROWILCA,JACAS CHICO,FRENTE AMPLIO REGIONAL,30
091105,HUANUCO,YAROWILCA,JACAS CHICO,MOVIMIENTO INDEPENDIENTE REGIONAL LUCHEMOS POR HUANUCO,45
091105,HUANUCO,YAROWILCA,JACAS CHICO,MOVIMIENTO POLITICO HECHOS Y NO PALABRAS,87
091105,HUANUCO,YAROWILCA,JACAS CHICO,NUEVOS SURCOS 2006,64
091105,HUANUCO,YAROWILCA,JACAS CHICO,PARTIDO APRISTA PERUANO,133
091105,HUANUCO,YAROWILCA,JACAS CHICO,PARTIDO DEMOCRATICO SOMOS PERU,75
091105,HUANUCO,YAROWILCA,JACAS CHICO,PERU POSIBLE,58
091106,HUANUCO,YAROWILCA,OBAS,ACCION POPULAR,175
091106,HUANUCO,YAROWILCA,OBAS,ALIANZA PARA EL PROGRESO,20
091106,HUANUCO,YAROWILCA,OBAS,AUTENTICO REGIONAL,226
091106,HUANUCO,YAROWILCA,OBAS,FRENTE AMPLIO REGIONAL,696
091106,HUANUCO,YAROWILCA,OBAS,MOVIMIENTO INDEPENDIENTE JUNTOS POR EL DESARROLLO,35
091106,HUANUCO,YAROWILCA,OBAS,MOVIMIENTO INDEPENDIENTE REGIONAL LUCHEMOS POR HUANUCO,117
091106,HUANUCO,YAROWILCA,OBAS,MOVIMIENTO POLITICO HECHOS Y NO PALABRAS,786
091106,HUANUCO,YAROWILCA,OBAS,PARTIDO APRISTA PERUANO,90
091106,HUANUCO,YAROWILCA,OBAS,PARTIDO DEMOCRATICO SOMOS PERU,93
091106,HUANUCO,YAROWILCA,OBAS,PERU POSIBLE,175
091106,HUANUCO,YAROWILCA,OBAS,PRESENCIA ANDINA NACIONALISTA,25
091106,HUANUCO,YAROWILCA,OBAS,UNION POR EL PERU,7
091107,HUANUCO,YAROWILCA,PAMPAMARCA,AUTENTICO REGIONAL,416
091107,HUANUCO,YAROWILCA,PAMPAMARCA,FRENTE AMPLIO REGIONAL,65
091107,HUANUCO,YAROWILCA,PAMPAMARCA,MOVIMIENTO INDEPENDIENTE REGIONAL LUCHEMOS POR HUANUCO,12
091107,HUANUCO,YAROWILCA,PAMPAMARCA,MOVIMIENTO POLITICO HECHOS Y NO PALABRAS,274
091107,HUANUCO,YAROWILCA,PAMPAMARCA,PERU POSIBLE,93
091107,HUANUCO,YAROWILCA,PAMPAMARCA,UNION POR EL PERU,111
091108,HUANUCO,YAROWILCA,CHORAS,ACCION POPULAR,155
091108,HUANUCO,YAROWILCA,CHORAS,ALIANZA PARA EL PROGRESO,24
091108,HUANUCO,YAROWILCA,CHORAS,AUTENTICO REGIONAL,348
091108,HUANUCO,YAROWILCA,CHORAS,FRENTE AMPLIO REGIONAL,229
091108,HUANUCO,YAROWILCA,CHORAS,MOVIMIENTO INDEPENDIENTE JUNTOS POR EL DESARROLLO,39
091108,HUANUCO,YAROWILCA,CHORAS,MOVIMIENTO INDEPENDIENTE REGIONAL LUCHEMOS POR HUANUCO,49
091108,HUANUCO,YAROWILCA,CHORAS,MOVIMIENTO NUEVA IZQUIERDA,7
091108,HUANUCO,YAROWILCA,CHORAS,MOVIMIENTO POLITICO HECHOS Y NO PALABRAS,320
091108,HUANUCO,YAROWILCA,CHORAS,NUEVOS SURCOS 2006,58
091108,HUANUCO,YAROWILCA,CHORAS,PARTIDO APRISTA PERUANO,219
091108,HUANUCO,YAROWILCA,CHORAS,PARTIDO DEMOCRATICO SOMOS PERU,41
091108,HUANUCO,YAROWILCA,CHORAS,PERU POSIBLE,138
091108,HUANUCO,YAROWILCA,CHORAS,PRESENCIA ANDINA NACIONALISTA,84
091108,HUANUCO,YAROWILCA,CHORAS,RESTAURACION NACIONAL,48
100102,ICA,ICA,LA TINGUIÑA,ALIANZA PARA EL PROGRESO,1622
100102,ICA,ICA,LA TINGUIÑA,ALIANZA UNIDAD REGIONAL,273
100102,ICA,ICA,LA TINGUIÑA,FONAVISTAS DEL PERU,1629
100102,ICA,ICA,LA TINGUIÑA,FRENTE REGIONAL PROGRESISTA IQUEÑO,2181
100102,ICA,ICA,LA TINGUIÑA,PARTIDO APRISTA PERUANO,2711
100102,ICA,ICA,LA TINGUIÑA,PARTIDO REGIONAL DE INTEGRACION,4512
100102,ICA,ICA,LA TINGUIÑA,TINGUIÑA UNIDA,1604
100102,ICA,ICA,LA TINGUIÑA,UNION POR EL PERU,1139
100103,ICA,ICA,LOS AQUIJES,ACCION POPULAR,419
100103,ICA,ICA,LOS AQUIJES,ALIANZA PARA EL PROGRESO,709
100103,ICA,ICA,LOS AQUIJES,FRENTE REGIONAL PROGRESISTA IQUEÑO,618
100103,ICA,ICA,LOS AQUIJES,FUERZA 2011,665
100103,ICA,ICA,LOS AQUIJES,MOVIMIENTO ETNOCACERISTA REGIONAL IQUEÑO,77
100103,ICA,ICA,LOS AQUIJES,PARTIDO APRISTA PERUANO,2660
100103,ICA,ICA,LOS AQUIJES,PARTIDO REGIONAL DE INTEGRACION,2654
100104,ICA,ICA,PARCONA,ACCION POPULAR,303
100104,ICA,ICA,PARCONA,ALIANZA UNIDAD REGIONAL,307
100104,ICA,ICA,PARCONA,FONAVISTAS DEL PERU,419
100104,ICA,ICA,PARCONA,FRENTE REGIONAL PROGRESISTA IQUEÑO,7231
100104,ICA,ICA,PARCONA,FUERZA 2011,4302
100104,ICA,ICA,PARCONA,PARTIDO APRISTA PERUANO,1764
100104,ICA,ICA,PARCONA,PARTIDO REGIONAL DE INTEGRACION,8410
100105,ICA,ICA,PUEBLO NUEVO,FRENTE REGIONAL PROGRESISTA IQUEÑO,228
100105,ICA,ICA,PUEBLO NUEVO,PARTIDO APRISTA PERUANO,1073
100105,ICA,ICA,PUEBLO NUEVO,PARTIDO REGIONAL DE INTEGRACION,1830
100106,ICA,ICA,SALAS,ACCION POPULAR,53
100106,ICA,ICA,SALAS,FRENTE REGIONAL PROGRESISTA IQUEÑO,1143
100106,ICA,ICA,SALAS,FUERZA 2011,1764
100106,ICA,ICA,SALAS,PARTIDO APRISTA PERUANO,447
100106,ICA,ICA,SALAS,PARTIDO REGIONAL DE INTEGRACION,1738
100106,ICA,ICA,SALAS,SALAS IMAGEN Y DESARROLLO,2110
100107,ICA,ICA,SAN JOSE DE LOS MOLINOS,ALIANZA UNIDAD REGIONAL,39
100107,ICA,ICA,SAN JOSE DE LOS MOLINOS,FUERZA 2011,1414
100107,ICA,ICA,SAN JOSE DE LOS MOLINOS,LA HACEMOS MOLINOS,195
100107,ICA,ICA,SAN JOSE DE LOS MOLINOS,PARTIDO APRISTA PERUANO,715
100107,ICA,ICA,SAN JOSE DE LOS MOLINOS,PARTIDO REGIONAL DE INTEGRACION,1217
100108,ICA,ICA,SAN JUAN BAUTISTA,ACCION POPULAR,109
100108,ICA,ICA,SAN JUAN BAUTISTA,ALIANZA UNIDAD REGIONAL,21
100108,ICA,ICA,SAN JUAN BAUTISTA,FRENTE REGIONAL PROGRESISTA IQUEÑO,664
100108,ICA,ICA,SAN JUAN BAUTISTA,FUERZA 2011,1012
100108,ICA,ICA,SAN JUAN BAUTISTA,PARTIDO APRISTA PERUANO,2192
100108,ICA,ICA,SAN JUAN BAUTISTA,PARTIDO REGIONAL DE INTEGRACION,270
100109,ICA,ICA,SANTIAGO,ACCION POPULAR,116
100109,ICA,ICA,SANTIAGO,ALIANZA PARA EL PROGRESO,463
100109,ICA,ICA,SANTIAGO,ALIANZA UNIDAD REGIONAL,1101
100109,ICA,ICA,SANTIAGO,FONAVISTAS DEL PERU,1376
100109,ICA,ICA,SANTIAGO,FRENTE REGIONAL PROGRESISTA IQUEÑO,2934
100109,ICA,ICA,SANTIAGO,FUERZA 2011,712
100109,ICA,ICA,SANTIAGO,PARTIDO APRISTA PERUANO,2903
100109,ICA,ICA,SANTIAGO,PARTIDO DEMOCRATICO SOMOS PERU,169
100109,ICA,ICA,SANTIAGO,PARTIDO REGIONAL DE INTEGRACION,1929
100109,ICA,ICA,SANTIAGO,UNION POR EL PERU,178
100110,ICA,ICA,SUBTANJALLA,ACCION POPULAR,888
100110,ICA,ICA,SUBTANJALLA,FONAVISTAS DEL PERU,208
100110,ICA,ICA,SUBTANJALLA,FRENTE POLITICO DISTRITAL SUBTANJALLA CON PARTICIPACION DE TODOS,285
100110,ICA,ICA,SUBTANJALLA,FRENTE REGIONAL PROGRESISTA IQUEÑO,1352
100110,ICA,ICA,SUBTANJALLA,FUERZA 2011,832
100110,ICA,ICA,SUBTANJALLA,PARTIDO APRISTA PERUANO,2889
100110,ICA,ICA,SUBTANJALLA,PARTIDO REGIONAL DE INTEGRACION,2750
100110,ICA,ICA,SUBTANJALLA,UNION REGIONAL TRANSPARENTE,151
100111,ICA,ICA,YAUCA DEL ROSARIO,ALIANZA PARA EL PROGRESO,216
100111,ICA,ICA,YAUCA DEL ROSARIO,FRENTE REGIONAL PROGRESISTA IQUEÑO,488
100111,ICA,ICA,YAUCA DEL ROSARIO,FUERZA 2011,525
100111,ICA,ICA,YAUCA DEL ROSARIO,PARTIDO APRISTA PERUANO,41
100111,ICA,ICA,YAUCA DEL ROSARIO,PARTIDO REGIONAL DE INTEGRACION,297
100112,ICA,ICA,TATE,ACCION POPULAR,8
100112,ICA,ICA,TATE,ALIANZA PARA EL PROGRESO,48
100112,ICA,ICA,TATE,ALIANZA UNIDAD REGIONAL,94
100112,ICA,ICA,TATE,FRENTE REGIONAL PROGRESISTA IQUEÑO,846
100112,ICA,ICA,TATE,FUERZA 2011,117
100112,ICA,ICA,TATE,PARTICIPACION POPULAR,77
100112,ICA,ICA,TATE,PARTIDO APRISTA PERUANO,739
100112,ICA,ICA,TATE,PARTIDO REGIONAL DE INTEGRACION,806
100113,ICA,ICA,PACHACUTEC,ACCION POPULAR,35
100113,ICA,ICA,PACHACUTEC,ALIANZA PARA EL PROGRESO,250
100113,ICA,ICA,PACHACUTEC,ALIANZA REGIONAL INDEPENDIENTE,51
100113,ICA,ICA,PACHACUTEC,ALIANZA UNIDAD REGIONAL,64
100113,ICA,ICA,PACHACUTEC,FRENTE REGIONAL PROGRESISTA IQUEÑO,838
100113,ICA,ICA,PACHACUTEC,FUERZA 2011,738
100113,ICA,ICA,PACHACUTEC,PARTIDO APRISTA PERUANO,612
100113,ICA,ICA,PACHACUTEC,PARTIDO DEMOCRATICO SOMOS PERU,181
100113,ICA,ICA,PACHACUTEC,PARTIDO REGIONAL DE INTEGRACION,622
100114,ICA,ICA,OCUCAJE,ACCION POPULAR,389
100114,ICA,ICA,OCUCAJE,ALIANZA PARA EL PROGRESO,54
100114,ICA,ICA,OCUCAJE,ALIANZA UNIDAD REGIONAL,30
100114,ICA,ICA,OCUCAJE,FRENTE DE DESARROLLO OCUCAJE,199
100114,ICA,ICA,OCUCAJE,FRENTE REGIONAL PROGRESISTA IQUEÑO,87
100114,ICA,ICA,OCUCAJE,FUERZA 2011,685
100114,ICA,ICA,OCUCAJE,PARTIDO APRISTA PERUANO,230
100114,ICA,ICA,OCUCAJE,PARTIDO REGIONAL DE INTEGRACION,476
100202,ICA,CHINCHA,CHAVIN,ALIANZA PARA EL PROGRESO,147
100202,ICA,CHINCHA,CHAVIN,ALIANZA REGIONAL INDEPENDIENTE,52
100202,ICA,CHINCHA,CHAVIN,ALIANZA UNIDAD REGIONAL,23
100202,ICA,CHINCHA,CHAVIN,FRENTE REGIONAL PROGRESISTA IQUEÑO,279
100202,ICA,CHINCHA,CHAVIN,FUERZA 2011,88
100202,ICA,CHINCHA,CHAVIN,PARTIDO DEMOCRATICO SOMOS PERU,38
100202,ICA,CHINCHA,CHAVIN,PARTIDO POLITICO ADELANTE,51
100202,ICA,CHINCHA,CHAVIN,PARTIDO REGIONAL DE INTEGRACION,81
100202,ICA,CHINCHA,CHAVIN,UNION POR EL PERU,255
100203,ICA,CHINCHA,CHINCHA BAJA,ALIANZA PARA EL PROGRESO,23
100203,ICA,CHINCHA,CHINCHA BAJA,ALIANZA REGIONAL INDEPENDIENTE,1918
100203,ICA,CHINCHA,CHINCHA BAJA,ALIANZA UNIDAD REGIONAL,1198
100203,ICA,CHINCHA,CHINCHA BAJA,FRENTE REGIONAL PROGRESISTA IQUEÑO,1037
100203,ICA,CHINCHA,CHINCHA BAJA,FUERZA 2011,1252
100203,ICA,CHINCHA,CHINCHA BAJA,PARTICIPACION POPULAR,503
100203,ICA,CHINCHA,CHINCHA BAJA,PARTIDO APRISTA PERUANO,801
100203,ICA,CHINCHA,CHINCHA BAJA,PARTIDO REGIONAL DE INTEGRACION,241
100203,ICA,CHINCHA,CHINCHA BAJA,TODOS VUELVEN,134
100203,ICA,CHINCHA,CHINCHA BAJA,UNION POR EL PERU,73
100204,ICA,CHINCHA,EL CARMEN,ALIANZA REGIONAL INDEPENDIENTE,2706
100204,ICA,CHINCHA,EL CARMEN,ALIANZA UNIDAD REGIONAL,2533
100204,ICA,CHINCHA,EL CARMEN,FRENTE REGIONAL PROGRESISTA IQUEÑO,419
100204,ICA,CHINCHA,EL CARMEN,FUERZA 2011,130
100204,ICA,CHINCHA,EL CARMEN,PARTICIPACION POPULAR,482
100204,ICA,CHINCHA,EL CARMEN,PARTIDO DEMOCRATICO SOMOS PERU,51
100204,ICA,CHINCHA,EL CARMEN,PARTIDO REGIONAL DE INTEGRACION,122
100204,ICA,CHINCHA,EL CARMEN,UNION POR EL PERU,69
100205,ICA,CHINCHA,GROCIO PRADO,ALIANZA REGIONAL INDEPENDIENTE,3107
100205,ICA,CHINCHA,GROCIO PRADO,FRENTE REGIONAL PROGRESISTA IQUEÑO,2360
100205,ICA,CHINCHA,GROCIO PRADO,FUERZA 2011,2112
100205,ICA,CHINCHA,GROCIO PRADO,PARTICIPACION POPULAR,117
100205,ICA,CHINCHA,GROCIO PRADO,PARTIDO APRISTA PERUANO,94
100205,ICA,CHINCHA,GROCIO PRADO,PARTIDO POLITICO ADELANTE,590
100205,ICA,CHINCHA,GROCIO PRADO,PARTIDO REGIONAL DE INTEGRACION,253
100205,ICA,CHINCHA,GROCIO PRADO,TODOS POR EL PERU,1322
100206,ICA,CHINCHA,SAN PEDRO DE HUACARPANA,ALIANZA UNIDAD REGIONAL,310
100206,ICA,CHINCHA,SAN PEDRO DE HUACARPANA,FUERZA 2011,397
100206,ICA,CHINCHA,SAN PEDRO DE HUACARPANA,PARTIDO REGIONAL DE INTEGRACION,121
100207,ICA,CHINCHA,SUNAMPE,AGRUPACION INDEPENDIENTE SI CUMPLE,130
100207,ICA,CHINCHA,SUNAMPE,ALIANZA REGIONAL INDEPENDIENTE,4089
100207,ICA,CHINCHA,SUNAMPE,ALIANZA UNIDAD REGIONAL,110
100207,ICA,CHINCHA,SUNAMPE,FRENTE REGIONAL PROGRESISTA IQUEÑO,1739
100207,ICA,CHINCHA,SUNAMPE,FUERZA 2011,682
100207,ICA,CHINCHA,SUNAMPE,PARTICIPACION POPULAR,360
100207,ICA,CHINCHA,SUNAMPE,PARTIDO POLITICO ADELANTE,1922
100207,ICA,CHINCHA,SUNAMPE,PARTIDO REGIONAL DE INTEGRACION,1707
100207,ICA,CHINCHA,SUNAMPE,UNION POR EL PERU,324
100208,ICA,CHINCHA,TAMBO DE MORA,AGRUPACION LUCHEMOS UNIDOS POR TAMBO DE MORA,355
100208,ICA,CHINCHA,TAMBO DE MORA,ALIANZA REGIONAL INDEPENDIENTE,621
100208,ICA,CHINCHA,TAMBO DE MORA,FUERZA 2011,743
100208,ICA,CHINCHA,TAMBO DE MORA,MANOS UNIDAS POR TAMBO DE MORA,355
100208,ICA,CHINCHA,TAMBO DE MORA,PARTIDO APRISTA PERUANO,42
100208,ICA,CHINCHA,TAMBO DE MORA,PARTIDO REGIONAL DE INTEGRACION,182
100208,ICA,CHINCHA,TAMBO DE MORA,UNION POR EL PERU,405
100209,ICA,CHINCHA,ALTO LARAN,ACCION POPULAR,112
100209,ICA,CHINCHA,ALTO LARAN,ALIANZA REGIONAL INDEPENDIENTE,700
100209,ICA,CHINCHA,ALTO LARAN,ALIANZA UNIDAD REGIONAL,291
100209,ICA,CHINCHA,ALTO LARAN,FRENTE INDEPENDIENTE LARAN RUMBO AL CAMBIO,1018
100209,ICA,CHINCHA,ALTO LARAN,FRENTE REGIONAL PROGRESISTA IQUEÑO,274
100209,ICA,CHINCHA,ALTO LARAN,FUERZA 2011,231
100209,ICA,CHINCHA,ALTO LARAN,PARTICIPACION POPULAR,439
100209,ICA,CHINCHA,ALTO LARAN,PARTIDO APRISTA PERUANO,98
100210,ICA,CHINCHA,PUEBLO NUEVO,AGRUPACION INDEPENDIENTE SI CUMPLE,298
100210,ICA,CHINCHA,PUEBLO NUEVO,ALIANZA PARA EL PROGRESO,1145
100210,ICA,CHINCHA,PUEBLO NUEVO,ALIANZA REGIONAL INDEPENDIENTE,6503
100210,ICA,CHINCHA,PUEBLO NUEVO,ALIANZA UNIDAD REGIONAL,579
100210,ICA,CHINCHA,PUEBLO NUEVO,FRENTE REGIONAL PROGRESISTA IQUEÑO,5995
100210,ICA,CHINCHA,PUEBLO NUEVO,FUERZA 2011,4021
100210,ICA,CHINCHA,PUEBLO NUEVO,PARTIDO APRISTA PERUANO,1015
100210,ICA,CHINCHA,PUEBLO NUEVO,PARTIDO DEMOCRATICO SOMOS PERU,957
100210,ICA,CHINCHA,PUEBLO NUEVO,PARTIDO REGIONAL DE INTEGRACION,2056
100210,ICA,CHINCHA,PUEBLO NUEVO,UNION POR EL PERU,516
100210,ICA,CHINCHA,PUEBLO NUEVO,UNION REGIONAL TRANSPARENTE,165
100211,ICA,CHINCHA,SAN JUAN DE YANAC,ALIANZA REGIONAL INDEPENDIENTE,337
100211,ICA,CHINCHA,SAN JUAN DE YANAC,ALIANZA UNIDAD REGIONAL,216
100211,ICA,CHINCHA,SAN JUAN DE YANAC,PARTIDO APRISTA PERUANO,14
100211,ICA,CHINCHA,SAN JUAN DE YANAC,RESTAURACION NACIONAL,175
100211,ICA,CHINCHA,SAN JUAN DE YANAC,UNION POR EL PERU,123
100302,ICA,NAZCA,CHANGUILLO,ACCION POPULAR,153
100302,ICA,NAZCA,CHANGUILLO,ALIANZA PARA EL PROGRESO,71
100302,ICA,NAZCA,CHANGUILLO,ALIANZA UNIDAD REGIONAL,263
100302,ICA,NAZCA,CHANGUILLO,FONAVISTAS DEL PERU,47
100302,ICA,NAZCA,CHANGUILLO,FRENTE REGIONAL PROGRESISTA IQUEÑO,260
100302,ICA,NAZCA,CHANGUILLO,FUERZA 2011,24
100302,ICA,NAZCA,CHANGUILLO,PARTIDO APRISTA PERUANO,70
100302,ICA,NAZCA,CHANGUILLO,PARTIDO REGIONAL DE INTEGRACION,518
100302,ICA,NAZCA,CHANGUILLO,UNIDOS POR NAZCA,52
100303,ICA,NAZCA,EL INGENIO,ACCION POPULAR,499
100303,ICA,NAZCA,EL INGENIO,FRENTE REGIONAL PROGRESISTA IQUEÑO,144
100303,ICA,NAZCA,EL INGENIO,FUERZA 2011,88
100303,ICA,NAZCA,EL INGENIO,PARTIDO APRISTA PERUANO,349
100303,ICA,NAZCA,EL INGENIO,PARTIDO REGIONAL DE INTEGRACION,461
100303,ICA,NAZCA,EL INGENIO,UNIDOS POR NAZCA,18
100303,ICA,NAZCA,EL INGENIO,UNION POR EL PERU,6
100304,ICA,NAZCA,MARCONA,ACCION POPULAR,13
100304,ICA,NAZCA,MARCONA,ALIANZA PARA EL PROGRESO,820
100304,ICA,NAZCA,MARCONA,ALIANZA UNIDAD REGIONAL,336
100304,ICA,NAZCA,MARCONA,FONAVISTAS DEL PERU,23
100304,ICA,NAZCA,MARCONA,FRENTE REGIONAL PROGRESISTA IQUEÑO,1424
100304,ICA,NAZCA,MARCONA,PARTIDO APRISTA PERUANO,508
100304,ICA,NAZCA,MARCONA,PARTIDO REGIONAL DE INTEGRACION,1913
100304,ICA,NAZCA,MARCONA,UNIDOS POR NAZCA,356
100304,ICA,NAZCA,MARCONA,UNION POR EL PERU,2289
100305,ICA,NAZCA,VISTA ALEGRE,ACCION POPULAR,326
100305,ICA,NAZCA,VISTA ALEGRE,ALIANZA PARA EL PROGRESO,252
100305,ICA,NAZCA,VISTA ALEGRE,ALIANZA UNIDAD REGIONAL,234
100305,ICA,NAZCA,VISTA ALEGRE,FRENTE REGIONAL PROGRESISTA IQUEÑO,1433
100305,ICA,NAZCA,VISTA ALEGRE,FUERZA 2011,438
100305,ICA,NAZCA,VISTA ALEGRE,PARTIDO APRISTA PERUANO,678
100305,ICA,NAZCA,VISTA ALEGRE,PARTIDO REGIONAL DE INTEGRACION,3458
100305,ICA,NAZCA,VISTA ALEGRE,UNIDOS POR NAZCA,155
100305,ICA,NAZCA,VISTA ALEGRE,UNION POR EL PERU,477
100305,ICA,NAZCA,VISTA ALEGRE,UNION REGIONAL TRANSPARENTE,61
100402,ICA,PISCO,HUANCANO,ALIANZA PARA EL PROGRESO,0
100402,ICA,PISCO,HUANCANO,FUERZA 2011,0
100402,ICA,PISCO,HUANCANO,PARTIDO APRISTA PERUANO,0
100402,ICA,PISCO,HUANCANO,PISCO NO SE DETIENE,0
100403,ICA,PISCO,HUMAY,ACCION POPULAR,111
100403,ICA,PISCO,HUMAY,ALIANZA PARA EL PROGRESO,124
100403,ICA,PISCO,HUMAY,ALIANZA PARA LA RECONSTRUCCION,835
100403,ICA,PISCO,HUMAY,ATREVETE PISCO,10
100403,ICA,PISCO,HUMAY,FUERZA 2011,266
100403,ICA,PISCO,HUMAY,PARTIDO APRISTA PERUANO,60
100403,ICA,PISCO,HUMAY,PARTIDO REGIONAL DE INTEGRACION,66
100403,ICA,PISCO,HUMAY,PISCO NO SE DETIENE,1626
100404,ICA,PISCO,INDEPENDENCIA,ACCION POPULAR,163
100404,ICA,PISCO,INDEPENDENCIA,ALIANZA PARA EL PROGRESO,107
100404,ICA,PISCO,INDEPENDENCIA,ALIANZA PARA LA RECONSTRUCCION,994
100404,ICA,PISCO,INDEPENDENCIA,FUERZA 2011,60
100404,ICA,PISCO,INDEPENDENCIA,PARTIDO APRISTA PERUANO,734
100404,ICA,PISCO,INDEPENDENCIA,PARTIDO POLITICO ADELANTE,354
100404,ICA,PISCO,INDEPENDENCIA,PARTIDO REGIONAL DE INTEGRACION,1527
100404,ICA,PISCO,INDEPENDENCIA,PISCO NO SE DETIENE,1822
100404,ICA,PISCO,INDEPENDENCIA,UNION POR EL PERU,52
100405,ICA,PISCO,PARACAS,ACCION POPULAR,485
100405,ICA,PISCO,PARACAS,ALIANZA PARA EL PROGRESO,10
100405,ICA,PISCO,PARACAS,ALIANZA PARA LA RECONSTRUCCION,136
100405,ICA,PISCO,PARACAS,FONAVISTAS DEL PERU,10
100405,ICA,PISCO,PARACAS,FUERZA 2011,1088
100405,ICA,PISCO,PARACAS,PARTIDO REGIONAL DE INTEGRACION,341
100405,ICA,PISCO,PARACAS,UNION POR EL PERU,64
100405,ICA,PISCO,PARACAS,UNION REGIONAL TRANSPARENTE,37
100406,ICA,PISCO,SAN ANDRES,ACCION POPULAR,1615
100406,ICA,PISCO,SAN ANDRES,ALIANZA PARA LA RECONSTRUCCION,1816
100406,ICA,PISCO,SAN ANDRES,ATREVETE PISCO,980
100406,ICA,PISCO,SAN ANDRES,FUERZA 2011,323
100406,ICA,PISCO,SAN ANDRES,SAN ANDRES UNIDO POR EL CAMBIO,1132
100406,ICA,PISCO,SAN ANDRES,UNION POR EL PERU,1308
100407,ICA,PISCO,SAN CLEMENTE,ACCION POPULAR,1218
100407,ICA,PISCO,SAN CLEMENTE,ALIANZA PARA EL PROGRESO,234
100407,ICA,PISCO,SAN CLEMENTE,ALIANZA PARA LA RECONSTRUCCION,2374
100407,ICA,PISCO,SAN CLEMENTE,ATREVETE PISCO,1169
100407,ICA,PISCO,SAN CLEMENTE,FUERZA 2011,191
100407,ICA,PISCO,SAN CLEMENTE,MOVIMIENTO ETNOCACERISTA REGIONAL IQUEÑO,255
100407,ICA,PISCO,SAN CLEMENTE,PARTIDO POLITICO ADELANTE,64
100407,ICA,PISCO,SAN CLEMENTE,PARTIDO REGIONAL DE INTEGRACION,839
100407,ICA,PISCO,SAN CLEMENTE,PISCO NO SE DETIENE,3034
100408,ICA,PISCO,TUPAC AMARU INCA,ALIANZA PARA EL PROGRESO,197
100408,ICA,PISCO,TUPAC AMARU INCA,ALIANZA PARA LA RECONSTRUCCION,2574
100408,ICA,PISCO,TUPAC AMARU INCA,FRENTE REGIONAL PROGRESISTA IQUEÑO,628
100408,ICA,PISCO,TUPAC AMARU INCA,FUERZA 2011,363
100408,ICA,PISCO,TUPAC AMARU INCA,PARTIDO REGIONAL DE INTEGRACION,943
100408,ICA,PISCO,TUPAC AMARU INCA,PISCO NO SE DETIENE,1485
100408,ICA,PISCO,TUPAC AMARU INCA,UNION POR EL PERU,295
100502,ICA,PALPA,LLIPATA,ACCION POPULAR,195
100502,ICA,PALPA,LLIPATA,ALIANZA UNIDAD REGIONAL,91
100502,ICA,PALPA,LLIPATA,FRENTE REGIONAL PROGRESISTA IQUEÑO,414
100502,ICA,PALPA,LLIPATA,FUERZA 2011,20
100502,ICA,PALPA,LLIPATA,PARTIDO APRISTA PERUANO,9
100502,ICA,PALPA,LLIPATA,PARTIDO REGIONAL DE INTEGRACION,322
100503,ICA,PALPA,RIO GRANDE,ACCION POPULAR,748
100503,ICA,PALPA,RIO GRANDE,ALIANZA UNIDAD REGIONAL,502
100503,ICA,PALPA,RIO GRANDE,FRENTE REGIONAL PROGRESISTA IQUEÑO,141
100503,ICA,PALPA,RIO GRANDE,FUERZA 2011,44
100503,ICA,PALPA,RIO GRANDE,PARTIDO APRISTA PERUANO,92
100503,ICA,PALPA,RIO GRANDE,PARTIDO REGIONAL DE INTEGRACION,62
100503,ICA,PALPA,RIO GRANDE,UNION POR EL PERU,301
100504,ICA,PALPA,SANTA CRUZ,ACCION POPULAR,171
100504,ICA,PALPA,SANTA CRUZ,ALIANZA UNIDAD REGIONAL,213
100504,ICA,PALPA,SANTA CRUZ,FRENTE REGIONAL PROGRESISTA IQUEÑO,103
100504,ICA,PALPA,SANTA CRUZ,FUERZA 2011,184
100504,ICA,PALPA,SANTA CRUZ,PARTIDO APRISTA PERUANO,16
100504,ICA,PALPA,SANTA CRUZ,PARTIDO REGIONAL DE INTEGRACION,232
100505,ICA,PALPA,TIBILLO,ACCION POPULAR,150
100505,ICA,PALPA,TIBILLO,FRENTE REGIONAL PROGRESISTA IQUEÑO,49
100505,ICA,PALPA,TIBILLO,FUERZA 2011,58
100505,ICA,PALPA,TIBILLO,PARTIDO REGIONAL DE INTEGRACION,138
110103,JUNIN,HUANCAYO,CARHUACALLANGA,ACCION POPULAR,89
110103,JUNIN,HUANCAYO,CARHUACALLANGA,ALIANZA REGIONAL JUNIN SOSTENIBLE,177
110103,JUNIN,HUANCAYO,CARHUACALLANGA,PARTIDO APRISTA PERUANO,112
110104,JUNIN,HUANCAYO,COLCA,ACCION POPULAR,10
110104,JUNIN,HUANCAYO,COLCA,ALIANZA REGIONAL JUNIN SOSTENIBLE,36
110104,JUNIN,HUANCAYO,COLCA,CONVERGENCIA REGIONAL DESCENTRALISTA,200
110104,JUNIN,HUANCAYO,COLCA,FRENTE PATRIOTA PERUANO,78
110104,JUNIN,HUANCAYO,COLCA,FUERZA 2011,39
110104,JUNIN,HUANCAYO,COLCA,MOVIMIENTO POLITICO REGIONAL PERU LIBRE,111
110104,JUNIN,HUANCAYO,COLCA,PARTIDO APRISTA PERUANO,72
110105,JUNIN,HUANCAYO,CULLHUAS,ACCION POPULAR,123
110105,JUNIN,HUANCAYO,CULLHUAS,ALIANZA REGIONAL JUNIN SOSTENIBLE,387
110105,JUNIN,HUANCAYO,CULLHUAS,FUERZA 2011,175
110105,JUNIN,HUANCAYO,CULLHUAS,MOVIMIENTO POLITICO REGIONAL PERU LIBRE,274
110105,JUNIN,HUANCAYO,CULLHUAS,PARTIDO APRISTA PERUANO,16
110105,JUNIN,HUANCAYO,CULLHUAS,PERU POSIBLE,633
110106,JUNIN,HUANCAYO,CHACAPAMPA,ACCION POPULAR,57
110106,JUNIN,HUANCAYO,CHACAPAMPA,BLOQUE POPULAR JUNIN,27
110106,JUNIN,HUANCAYO,CHACAPAMPA,FUERZA 2011,117
110106,JUNIN,HUANCAYO,CHACAPAMPA,MOVIMIENTO POLITICO REGIONAL PERU LIBRE,144
110106,JUNIN,HUANCAYO,CHACAPAMPA,PARTIDO APRISTA PERUANO,122
110106,JUNIN,HUANCAYO,CHACAPAMPA,PERU POSIBLE,94
110107,JUNIN,HUANCAYO,CHICCHE,ACCION POPULAR,69
110107,JUNIN,HUANCAYO,CHICCHE,ALIANZA REGIONAL JUNIN SOSTENIBLE,51
110107,JUNIN,HUANCAYO,CHICCHE,BLOQUE POPULAR JUNIN,138
110107,JUNIN,HUANCAYO,CHICCHE,FUERZA 2011,32
110107,JUNIN,HUANCAYO,CHICCHE,PARTIDO APRISTA PERUANO,153
110108,JUNIN,HUANCAYO,CHILCA,ACCION POPULAR,1179
110108,JUNIN,HUANCAYO,CHILCA,ALIANZA PARA EL PROGRESO,371
110108,JUNIN,HUANCAYO,CHILCA,ALIANZA REGIONAL JUNIN SOSTENIBLE,7202
110108,JUNIN,HUANCAYO,CHILCA,BLOQUE POPULAR JUNIN,572
110108,JUNIN,HUANCAYO,CHILCA,CAMBIO 90,224
110108,JUNIN,HUANCAYO,CHILCA,CONVERGENCIA REGIONAL DESCENTRALISTA,4565
110108,JUNIN,HUANCAYO,CHILCA,FRENTE PATRIOTA PERUANO,454
110108,JUNIN,HUANCAYO,CHILCA,FUERZA 2011,8539
110108,JUNIN,HUANCAYO,CHILCA,MOVIMIENTO INDEPENDIENTE FUERZA CONSTRUCTORA,7185
110108,JUNIN,HUANCAYO,CHILCA,MOVIMIENTO INDEPENDIENTE REGIONAL LA CARITA FELIZ,568
110108,JUNIN,HUANCAYO,CHILCA,"MOVIMIENTO INDEPENDIENTE UNIDOS POR JUNIN, SIERRA Y SELVA",257
110108,JUNIN,HUANCAYO,CHILCA,MOVIMIENTO POLITICO REGIONAL PERU LIBRE,5265
110108,JUNIN,HUANCAYO,CHILCA,PARTIDO APRISTA PERUANO,1034
110108,JUNIN,HUANCAYO,CHILCA,PERU POSIBLE,609
110109,JUNIN,HUANCAYO,CHONGOS ALTO,ACCION POPULAR,308
110109,JUNIN,HUANCAYO,CHONGOS ALTO,ALIANZA REGIONAL JUNIN SOSTENIBLE,95
110109,JUNIN,HUANCAYO,CHONGOS ALTO,FUERZA 2011,31
110109,JUNIN,HUANCAYO,CHONGOS ALTO,MOVIMIENTO POLITICO REGIONAL PERU LIBRE,178
110109,JUNIN,HUANCAYO,CHONGOS ALTO,PARTIDO APRISTA PERUANO,145
110112,JUNIN,HUANCAYO,CHUPURO,ACCION POPULAR,80
110112,JUNIN,HUANCAYO,CHUPURO,ALIANZA REGIONAL JUNIN SOSTENIBLE,70
110112,JUNIN,HUANCAYO,CHUPURO,BLOQUE POPULAR JUNIN,62
110112,JUNIN,HUANCAYO,CHUPURO,CONVERGENCIA REGIONAL DESCENTRALISTA,217
110112,JUNIN,HUANCAYO,CHUPURO,FUERZA 2011,50
110112,JUNIN,HUANCAYO,CHUPURO,MOVIMIENTO INDEPENDIENTE FUERZA CONSTRUCTORA,298
110112,JUNIN,HUANCAYO,CHUPURO,MOVIMIENTO POLITICO REGIONAL PERU LIBRE,130
110112,JUNIN,HUANCAYO,CHUPURO,PARTIDO APRISTA PERUANO,29
110113,JUNIN,HUANCAYO,EL TAMBO,ACCION POPULAR,4552
110113,JUNIN,HUANCAYO,EL TAMBO,ALIANZA PARA EL PROGRESO,1384
110113,JUNIN,HUANCAYO,EL TAMBO,ALIANZA REGIONAL JUNIN SOSTENIBLE,36543
110113,JUNIN,HUANCAYO,EL TAMBO,BLOQUE POPULAR JUNIN,1256
110113,JUNIN,HUANCAYO,EL TAMBO,CAMBIO 90,536
110113,JUNIN,HUANCAYO,EL TAMBO,CONVERGENCIA REGIONAL DESCENTRALISTA,2072
110113,JUNIN,HUANCAYO,EL TAMBO,FONAVISTAS DEL PERU,324
110113,JUNIN,HUANCAYO,EL TAMBO,FRENTE PATRIOTA PERUANO,947
110113,JUNIN,HUANCAYO,EL TAMBO,FUERZA 2011,3719
110113,JUNIN,HUANCAYO,EL TAMBO,MOVIMIENTO INDEPENDIENTE FUERZA CONSTRUCTORA,3632
110113,JUNIN,HUANCAYO,EL TAMBO,MOVIMIENTO INDEPENDIENTE REGIONAL LA CARITA FELIZ,1909
110113,JUNIN,HUANCAYO,EL TAMBO,"MOVIMIENTO INDEPENDIENTE UNIDOS POR JUNIN, SIERRA Y SELVA",1097
110113,JUNIN,HUANCAYO,EL TAMBO,MOVIMIENTO POLITICO REGIONAL PERU LIBRE,12318
110113,JUNIN,HUANCAYO,EL TAMBO,PARTIDO APRISTA PERUANO,3729
110113,JUNIN,HUANCAYO,EL TAMBO,PERU POSIBLE,1159
110114,JUNIN,HUANCAYO,HUACRAPUQUIO,ACCION POPULAR,112
110114,JUNIN,HUANCAYO,HUACRAPUQUIO,ALIANZA REGIONAL JUNIN SOSTENIBLE,138
110114,JUNIN,HUANCAYO,HUACRAPUQUIO,BLOQUE POPULAR JUNIN,32
110114,JUNIN,HUANCAYO,HUACRAPUQUIO,CONVERGENCIA REGIONAL DESCENTRALISTA,119
110114,JUNIN,HUANCAYO,HUACRAPUQUIO,FUERZA 2011,118
110114,JUNIN,HUANCAYO,HUACRAPUQUIO,MOVIMIENTO INDEPENDIENTE FUERZA CONSTRUCTORA,26
110114,JUNIN,HUANCAYO,HUACRAPUQUIO,MOVIMIENTO POLITICO REGIONAL PERU LIBRE,102
110114,JUNIN,HUANCAYO,HUACRAPUQUIO,PARTIDO APRISTA PERUANO,36
110114,JUNIN,HUANCAYO,HUACRAPUQUIO,PERU POSIBLE,33
110116,JUNIN,HUANCAYO,HUALHUAS,ACCION POPULAR,329
110116,JUNIN,HUANCAYO,HUALHUAS,ALIANZA REGIONAL JUNIN SOSTENIBLE,133
110116,JUNIN,HUANCAYO,HUALHUAS,BLOQUE POPULAR JUNIN,99
110116,JUNIN,HUANCAYO,HUALHUAS,CONVERGENCIA REGIONAL DESCENTRALISTA,93
110116,JUNIN,HUANCAYO,HUALHUAS,FUERZA 2011,52
110116,JUNIN,HUANCAYO,HUALHUAS,MOVIMIENTO INDEPENDIENTE FUERZA CONSTRUCTORA,197
110116,JUNIN,HUANCAYO,HUALHUAS,MOVIMIENTO INDEPENDIENTE REGIONAL LA CARITA FELIZ,285
110116,JUNIN,HUANCAYO,HUALHUAS,MOVIMIENTO NUEVA IZQUIERDA,12
110116,JUNIN,HUANCAYO,HUALHUAS,MOVIMIENTO POLITICO REGIONAL PERU LIBRE,239
110116,JUNIN,HUANCAYO,HUALHUAS,PARTIDO APRISTA PERUANO,232
110118,JUNIN,HUANCAYO,HUANCAN,ACCION POPULAR,405
110118,JUNIN,HUANCAYO,HUANCAN,ALIANZA REGIONAL JUNIN SOSTENIBLE,300
110118,JUNIN,HUANCAYO,HUANCAN,BLOQUE POPULAR JUNIN,301
110118,JUNIN,HUANCAYO,HUANCAN,FRENTE PATRIOTA PERUANO,154
110118,JUNIN,HUANCAYO,HUANCAN,MOVIMIENTO INDEPENDIENTE FUERZA CONSTRUCTORA,1719
110118,JUNIN,HUANCAYO,HUANCAN,MOVIMIENTO POLITICO REGIONAL PERU LIBRE,1850
110118,JUNIN,HUANCAYO,HUANCAN,PARTIDO APRISTA PERUANO,37
110119,JUNIN,HUANCAYO,HUASICANCHA,ACCION POPULAR,76
110119,JUNIN,HUANCAYO,HUASICANCHA,BLOQUE POPULAR JUNIN,82
110119,JUNIN,HUANCAYO,HUASICANCHA,FUERZA 2011,42
110119,JUNIN,HUANCAYO,HUASICANCHA,PARTIDO APRISTA PERUANO,86
110119,JUNIN,HUANCAYO,HUASICANCHA,PERU POSIBLE,59
110120,JUNIN,HUANCAYO,HUAYUCACHI,ACCION POPULAR,653
110120,JUNIN,HUANCAYO,HUAYUCACHI,ALIANZA PARA EL PROGRESO,177
110120,JUNIN,HUANCAYO,HUAYUCACHI,ALIANZA REGIONAL JUNIN SOSTENIBLE,186
110120,JUNIN,HUANCAYO,HUAYUCACHI,FRENTE PATRIOTA PERUANO,47
110120,JUNIN,HUANCAYO,HUAYUCACHI,FUERZA 2011,103
110120,JUNIN,HUANCAYO,HUAYUCACHI,MOVIMIENTO INDEPENDIENTE FUERZA CONSTRUCTORA,716
110120,JUNIN,HUANCAYO,HUAYUCACHI,"MOVIMIENTO INDEPENDIENTE UNIDOS POR JUNIN, SIERRA Y SELVA",30
110120,JUNIN,HUANCAYO,HUAYUCACHI,MOVIMIENTO POLITICO REGIONAL PERU LIBRE,1344
110120,JUNIN,HUANCAYO,HUAYUCACHI,PARTIDO APRISTA PERUANO,744
110121,JUNIN,HUANCAYO,INGENIO,ACCION POPULAR,318
110121,JUNIN,HUANCAYO,INGENIO,ALIANZA REGIONAL JUNIN SOSTENIBLE,246
110121,JUNIN,HUANCAYO,INGENIO,CONVERGENCIA REGIONAL DESCENTRALISTA,73
110121,JUNIN,HUANCAYO,INGENIO,FUERZA 2011,78
110121,JUNIN,HUANCAYO,INGENIO,"MOVIMIENTO INDEPENDIENTE UNIDOS POR JUNIN, SIERRA Y SELVA",142
110121,JUNIN,HUANCAYO,INGENIO,MOVIMIENTO POLITICO REGIONAL PERU LIBRE,202
110121,JUNIN,HUANCAYO,INGENIO,PARTIDO APRISTA PERUANO,257
110122,JUNIN,HUANCAYO,PARIAHUANCA,ACCION POPULAR,676
110122,JUNIN,HUANCAYO,PARIAHUANCA,ALIANZA REGIONAL JUNIN SOSTENIBLE,295
110122,JUNIN,HUANCAYO,PARIAHUANCA,BLOQUE POPULAR JUNIN,34
110122,JUNIN,HUANCAYO,PARIAHUANCA,CONVERGENCIA REGIONAL DESCENTRALISTA,15
110122,JUNIN,HUANCAYO,PARIAHUANCA,FRENTE PATRIOTA PERUANO,62
110122,JUNIN,HUANCAYO,PARIAHUANCA,FUERZA 2011,667
110122,JUNIN,HUANCAYO,PARIAHUANCA,MOVIMIENTO INDEPENDIENTE FUERZA CONSTRUCTORA,384
110122,JUNIN,HUANCAYO,PARIAHUANCA,"MOVIMIENTO INDEPENDIENTE UNIDOS POR JUNIN, SIERRA Y SELVA",308
110122,JUNIN,HUANCAYO,PARIAHUANCA,MOVIMIENTO POLITICO REGIONAL PERU LIBRE,169
110122,JUNIN,HUANCAYO,PARIAHUANCA,PARTIDO APRISTA PERUANO,8
110122,JUNIN,HUANCAYO,PARIAHUANCA,PERU POSIBLE,259
110123,JUNIN,HUANCAYO,PILCOMAYO,ACCION POPULAR,1146
110123,JUNIN,HUANCAYO,PILCOMAYO,ALIANZA PARA EL PROGRESO,76
110123,JUNIN,HUANCAYO,PILCOMAYO,ALIANZA REGIONAL JUNIN SOSTENIBLE,800
110123,JUNIN,HUANCAYO,PILCOMAYO,BLOQUE POPULAR JUNIN,281
110123,JUNIN,HUANCAYO,PILCOMAYO,CONVERGENCIA REGIONAL DESCENTRALISTA,81
110123,JUNIN,HUANCAYO,PILCOMAYO,FUERZA 2011,219
110123,JUNIN,HUANCAYO,PILCOMAYO,MOVIMIENTO INDEPENDIENTE FUERZA CONSTRUCTORA,155
110123,JUNIN,HUANCAYO,PILCOMAYO,MOVIMIENTO INDEPENDIENTE REGIONAL LA CARITA FELIZ,201
110123,JUNIN,HUANCAYO,PILCOMAYO,"MOVIMIENTO INDEPENDIENTE UNIDOS POR JUNIN, SIERRA Y SELVA",101
110123,JUNIN,HUANCAYO,PILCOMAYO,MOVIMIENTO POLITICO REGIONAL PERU LIBRE,1354
110123,JUNIN,HUANCAYO,PILCOMAYO,PARTIDO APRISTA PERUANO,270
110123,JUNIN,HUANCAYO,PILCOMAYO,PERU POSIBLE,1209
110124,JUNIN,HUANCAYO,PUCARA,ACCION POPULAR,62
110124,JUNIN,HUANCAYO,PUCARA,ALIANZA REGIONAL JUNIN SOSTENIBLE,391
110124,JUNIN,HUANCAYO,PUCARA,MOVIMIENTO INDEPENDIENTE FUERZA CONSTRUCTORA,604
110124,JUNIN,HUANCAYO,PUCARA,MOVIMIENTO POLITICO REGIONAL PERU LIBRE,1181
110124,JUNIN,HUANCAYO,PUCARA,PERU POSIBLE,151
110125,JUNIN,HUANCAYO,QUICHUAY,ACCION POPULAR,362
110125,JUNIN,HUANCAYO,QUICHUAY,ALIANZA REGIONAL JUNIN SOSTENIBLE,215
110125,JUNIN,HUANCAYO,QUICHUAY,CONVERGENCIA REGIONAL DESCENTRALISTA,72
110125,JUNIN,HUANCAYO,QUICHUAY,FUERZA 2011,107
110125,JUNIN,HUANCAYO,QUICHUAY,MOVIMIENTO POLITICO REGIONAL PERU LIBRE,113
110125,JUNIN,HUANCAYO,QUICHUAY,PARTIDO APRISTA PERUANO,93
110126,JUNIN,HUANCAYO,QUILCAS,ACCION POPULAR,494
110126,JUNIN,HUANCAYO,QUILCAS,ALIANZA REGIONAL JUNIN SOSTENIBLE,219
110126,JUNIN,HUANCAYO,QUILCAS,BLOQUE POPULAR JUNIN,191
110126,JUNIN,HUANCAYO,QUILCAS,CONVERGENCIA REGIONAL DESCENTRALISTA,154
110126,JUNIN,HUANCAYO,QUILCAS,"MOVIMIENTO INDEPENDIENTE UNIDOS POR JUNIN, SIERRA Y SELVA",63
110126,JUNIN,HUANCAYO,QUILCAS,MOVIMIENTO POLITICO REGIONAL PERU LIBRE,636
110126,JUNIN,HUANCAYO,QUILCAS,PARTIDO APRISTA PERUANO,54
110126,JUNIN,HUANCAYO,QUILCAS,PERU POSIBLE,51
110127,JUNIN,HUANCAYO,SAN AGUSTIN,ACCION POPULAR,745
110127,JUNIN,HUANCAYO,SAN AGUSTIN,ALIANZA PARA EL PROGRESO,121
110127,JUNIN,HUANCAYO,SAN AGUSTIN,ALIANZA REGIONAL JUNIN SOSTENIBLE,1088
110127,JUNIN,HUANCAYO,SAN AGUSTIN,BLOQUE POPULAR JUNIN,1123
110127,JUNIN,HUANCAYO,SAN AGUSTIN,CONVERGENCIA REGIONAL DESCENTRALISTA,325
110127,JUNIN,HUANCAYO,SAN AGUSTIN,FUERZA 2011,118
110127,JUNIN,HUANCAYO,SAN AGUSTIN,MOVIMIENTO INDEPENDIENTE FUERZA CONSTRUCTORA,961
110127,JUNIN,HUANCAYO,SAN AGUSTIN,MOVIMIENTO POLITICO REGIONAL PERU LIBRE,256
110127,JUNIN,HUANCAYO,SAN AGUSTIN,PARTIDO APRISTA PERUANO,114
110128,JUNIN,HUANCAYO,SAN JERONIMO DE TUNAN,ACCION POPULAR,233
110128,JUNIN,HUANCAYO,SAN JERONIMO DE TUNAN,ALIANZA PARA EL PROGRESO,421
110128,JUNIN,HUANCAYO,SAN JERONIMO DE TUNAN,ALIANZA REGIONAL JUNIN SOSTENIBLE,1267
110128,JUNIN,HUANCAYO,SAN JERONIMO DE TUNAN,BLOQUE POPULAR JUNIN,36
110128,JUNIN,HUANCAYO,SAN JERONIMO DE TUNAN,CAMBIO 90,46
110128,JUNIN,HUANCAYO,SAN JERONIMO DE TUNAN,CONVERGENCIA REGIONAL DESCENTRALISTA,800
110128,JUNIN,HUANCAYO,SAN JERONIMO DE TUNAN,FUERZA 2011,693
110128,JUNIN,HUANCAYO,SAN JERONIMO DE TUNAN,JUVENTUD UNIDAS POR CHALAY,459
110128,JUNIN,HUANCAYO,SAN JERONIMO DE TUNAN,MOVIMIENTO INDEPENDIENTE FUERZA CONSTRUCTORA,168
110128,JUNIN,HUANCAYO,SAN JERONIMO DE TUNAN,MOVIMIENTO INDEPENDIENTE REGIONAL LA CARITA FELIZ,143
110128,JUNIN,HUANCAYO,SAN JERONIMO DE TUNAN,"MOVIMIENTO INDEPENDIENTE UNIDOS POR JUNIN, SIERRA Y SELVA",148
110128,JUNIN,HUANCAYO,SAN JERONIMO DE TUNAN,MOVIMIENTO POLITICO REGIONAL PERU LIBRE,256
110128,JUNIN,HUANCAYO,SAN JERONIMO DE TUNAN,PARTIDO APRISTA PERUANO,71
110131,JUNIN,HUANCAYO,SANTO DOMINGO DE ACOBAMBA,ACCION POPULAR,48
110131,JUNIN,HUANCAYO,SANTO DOMINGO DE ACOBAMBA,ALIANZA PARA EL PROGRESO,110
110131,JUNIN,HUANCAYO,SANTO DOMINGO DE ACOBAMBA,ALIANZA REGIONAL JUNIN SOSTENIBLE,61
110131,JUNIN,HUANCAYO,SANTO DOMINGO DE ACOBAMBA,CONVERGENCIA REGIONAL DESCENTRALISTA,191
110131,JUNIN,HUANCAYO,SANTO DOMINGO DE ACOBAMBA,FRENTE PATRIOTA PERUANO,70
110131,JUNIN,HUANCAYO,SANTO DOMINGO DE ACOBAMBA,FUERZA 2011,195
110131,JUNIN,HUANCAYO,SANTO DOMINGO DE ACOBAMBA,MOVIMIENTO INDEPENDIENTE FUERZA CONSTRUCTORA,709
110131,JUNIN,HUANCAYO,SANTO DOMINGO DE ACOBAMBA,MOVIMIENTO INDEPENDIENTE REGIONAL LA CARITA FELIZ,305
110131,JUNIN,HUANCAYO,SANTO DOMINGO DE ACOBAMBA,"MOVIMIENTO INDEPENDIENTE UNIDOS POR JUNIN, SIERRA Y SELVA",258
110131,JUNIN,HUANCAYO,SANTO DOMINGO DE ACOBAMBA,MOVIMIENTO POLITICO REGIONAL PERU LIBRE,301
110131,JUNIN,HUANCAYO,SANTO DOMINGO DE ACOBAMBA,PARTIDO APRISTA PERUANO,27
110132,JUNIN,HUANCAYO,SAÑO,ACCION POPULAR,133
110132,JUNIN,HUANCAYO,SAÑO,ALIANZA REGIONAL JUNIN SOSTENIBLE,65
110132,JUNIN,HUANCAYO,SAÑO,BLOQUE POPULAR JUNIN,38
110132,JUNIN,HUANCAYO,SAÑO,CONVERGENCIA REGIONAL DESCENTRALISTA,665
110132,JUNIN,HUANCAYO,SAÑO,FRENTE PATRIOTA PERUANO,114
110132,JUNIN,HUANCAYO,SAÑO,MOVIMIENTO INDEPENDIENTE FUERZA CONSTRUCTORA,369
110132,JUNIN,HUANCAYO,SAÑO,MOVIMIENTO POLITICO REGIONAL PERU LIBRE,157
110132,JUNIN,HUANCAYO,SAÑO,PARTIDO APRISTA PERUANO,105
110132,JUNIN,HUANCAYO,SAÑO,SAÑO AL PROGRESO,470
110133,JUNIN,HUANCAYO,SAPALLANGA,ACCION POPULAR,1862
110133,JUNIN,HUANCAYO,SAPALLANGA,ALIANZA REGIONAL JUNIN SOSTENIBLE,1211
110133,JUNIN,HUANCAYO,SAPALLANGA,BLOQUE POPULAR JUNIN,199
110133,JUNIN,HUANCAYO,SAPALLANGA,CONVERGENCIA REGIONAL DESCENTRALISTA,104
110133,JUNIN,HUANCAYO,SAPALLANGA,FRENTE PATRIOTA PERUANO,58
110133,JUNIN,HUANCAYO,SAPALLANGA,FUERZA 2011,179
110133,JUNIN,HUANCAYO,SAPALLANGA,MOVIMIENTO INDEPENDIENTE FUERZA CONSTRUCTORA,293
110133,JUNIN,HUANCAYO,SAPALLANGA,MOVIMIENTO INDEPENDIENTE REGIONAL LA CARITA FELIZ,193
110133,JUNIN,HUANCAYO,SAPALLANGA,"MOVIMIENTO INDEPENDIENTE UNIDOS POR JUNIN, SIERRA Y SELVA",1554
110133,JUNIN,HUANCAYO,SAPALLANGA,MOVIMIENTO POLITICO REGIONAL PERU LIBRE,426
110133,JUNIN,HUANCAYO,SAPALLANGA,PARTIDO APRISTA PERUANO,262
110133,JUNIN,HUANCAYO,SAPALLANGA,PERU POSIBLE,118
110134,JUNIN,HUANCAYO,SICAYA,ACCION POPULAR,530
110134,JUNIN,HUANCAYO,SICAYA,CONVERGENCIA REGIONAL DESCENTRALISTA,1224
110134,JUNIN,HUANCAYO,SICAYA,MOVIMIENTO POLITICO REGIONAL PERU LIBRE,1221
110134,JUNIN,HUANCAYO,SICAYA,PARTIDO APRISTA PERUANO,177
110136,JUNIN,HUANCAYO,VIQUES,ACCION POPULAR,356
110136,JUNIN,HUANCAYO,VIQUES,CONVERGENCIA REGIONAL DESCENTRALISTA,384
110136,JUNIN,HUANCAYO,VIQUES,FUERZA 2011,35
110136,JUNIN,HUANCAYO,VIQUES,MOVIMIENTO POLITICO REGIONAL PERU LIBRE,35
110136,JUNIN,HUANCAYO,VIQUES,PARTIDO APRISTA PERUANO,5
110202,JUNIN,CONCEPCION,ACO,ALIANZA REGIONAL JUNIN SOSTENIBLE,76
110202,JUNIN,CONCEPCION,ACO,CONVERGENCIA REGIONAL DESCENTRALISTA,226
110202,JUNIN,CONCEPCION,ACO,FUERZA 2011,105
110202,JUNIN,CONCEPCION,ACO,MOVIMIENTO INDEPENDIENTE REGIONAL LA CARITA FELIZ,61
110202,JUNIN,CONCEPCION,ACO,"MOVIMIENTO INDEPENDIENTE UNIDOS POR JUNIN, SIERRA Y SELVA",333
110202,JUNIN,CONCEPCION,ACO,MOVIMIENTO POLITICO REGIONAL PERU LIBRE,72
110202,JUNIN,CONCEPCION,ACO,PERU POSIBLE,32
110203,JUNIN,CONCEPCION,ANDAMARCA,ACCION POPULAR,37
110203,JUNIN,CONCEPCION,ANDAMARCA,ALIANZA REGIONAL JUNIN SOSTENIBLE,130
110203,JUNIN,CONCEPCION,ANDAMARCA,BLOQUE POPULAR JUNIN,555
110203,JUNIN,CONCEPCION,ANDAMARCA,CONVERGENCIA REGIONAL DESCENTRALISTA,260
110203,JUNIN,CONCEPCION,ANDAMARCA,FUERZA 2011,42
110203,JUNIN,CONCEPCION,ANDAMARCA,MOVIMIENTO INDEPENDIENTE REGIONAL LA CARITA FELIZ,196
110203,JUNIN,CONCEPCION,ANDAMARCA,"MOVIMIENTO INDEPENDIENTE UNIDOS POR JUNIN, SIERRA Y SELVA",41
110203,JUNIN,CONCEPCION,ANDAMARCA,MOVIMIENTO POLITICO REGIONAL PERU LIBRE,268
110203,JUNIN,CONCEPCION,ANDAMARCA,PARTIDO APRISTA PERUANO,525
110204,JUNIN,CONCEPCION,COMAS,ACCION POPULAR,786
110204,JUNIN,CONCEPCION,COMAS,ALIANZA REGIONAL JUNIN SOSTENIBLE,68
110204,JUNIN,CONCEPCION,COMAS,BLOQUE POPULAR JUNIN,99
110204,JUNIN,CONCEPCION,COMAS,CONVERGENCIA REGIONAL DESCENTRALISTA,407
110204,JUNIN,CONCEPCION,COMAS,FUERZA 2011,228
110204,JUNIN,CONCEPCION,COMAS,MOVIMIENTO INDEPENDIENTE REGIONAL LA CARITA FELIZ,59
110204,JUNIN,CONCEPCION,COMAS,"MOVIMIENTO INDEPENDIENTE UNIDOS POR JUNIN, SIERRA Y SELVA",560
110204,JUNIN,CONCEPCION,COMAS,MOVIMIENTO POLITICO REGIONAL PERU LIBRE,648
110204,JUNIN,CONCEPCION,COMAS,PARTIDO APRISTA PERUANO,43
110205,JUNIN,CONCEPCION,COCHAS,ALIANZA REGIONAL JUNIN SOSTENIBLE,21
110205,JUNIN,CONCEPCION,COCHAS,CONVERGENCIA REGIONAL DESCENTRALISTA,118
110205,JUNIN,CONCEPCION,COCHAS,FUERZA 2011,81
110205,JUNIN,CONCEPCION,COCHAS,MOVIMIENTO INDEPENDIENTE REGIONAL LA CARITA FELIZ,77
110205,JUNIN,CONCEPCION,COCHAS,"MOVIMIENTO INDEPENDIENTE UNIDOS POR JUNIN, SIERRA Y SELVA",329
110205,JUNIN,CONCEPCION,COCHAS,MOVIMIENTO POLITICO REGIONAL PERU LIBRE,193
110205,JUNIN,CONCEPCION,COCHAS,PARTIDO APRISTA PERUANO,50
110206,JUNIN,CONCEPCION,CHAMBARA,ALIANZA REGIONAL JUNIN SOSTENIBLE,103
110206,JUNIN,CONCEPCION,CHAMBARA,CONVERGENCIA REGIONAL DESCENTRALISTA,72
110206,JUNIN,CONCEPCION,CHAMBARA,FUERZA 2011,380
110206,JUNIN,CONCEPCION,CHAMBARA,"MOVIMIENTO INDEPENDIENTE UNIDOS POR JUNIN, SIERRA Y SELVA",256
110206,JUNIN,CONCEPCION,CHAMBARA,MOVIMIENTO POLITICO REGIONAL PERU LIBRE,375
110206,JUNIN,CONCEPCION,CHAMBARA,PARTIDO APRISTA PERUANO,43
110207,JUNIN,CONCEPCION,HEROINAS TOLEDO,ALIANZA REGIONAL JUNIN SOSTENIBLE,43
110207,JUNIN,CONCEPCION,HEROINAS TOLEDO,CONVERGENCIA REGIONAL DESCENTRALISTA,196
110207,JUNIN,CONCEPCION,HEROINAS TOLEDO,FUERZA 2011,139
110207,JUNIN,CONCEPCION,HEROINAS TOLEDO,"MOVIMIENTO INDEPENDIENTE UNIDOS POR JUNIN, SIERRA Y SELVA",152
110207,JUNIN,CONCEPCION,HEROINAS TOLEDO,MOVIMIENTO POLITICO REGIONAL PERU LIBRE,91
110207,JUNIN,CONCEPCION,HEROINAS TOLEDO,PARTIDO APRISTA PERUANO,33
110207,JUNIN,CONCEPCION,HEROINAS TOLEDO,PERU POSIBLE,171
110208,JUNIN,CONCEPCION,MANZANARES,CONVERGENCIA REGIONAL DESCENTRALISTA,326
110208,JUNIN,CONCEPCION,MANZANARES,FUERZA 2011,289
110208,JUNIN,CONCEPCION,MANZANARES,"MOVIMIENTO INDEPENDIENTE UNIDOS POR JUNIN, SIERRA Y SELVA",73
110208,JUNIN,CONCEPCION,MANZANARES,MOVIMIENTO POLITICO REGIONAL PERU LIBRE,101
110208,JUNIN,CONCEPCION,MANZANARES,PARTIDO APRISTA PERUANO,73
110209,JUNIN,CONCEPCION,MARISCAL CASTILLA,CONVERGENCIA REGIONAL DESCENTRALISTA,192
110209,JUNIN,CONCEPCION,MARISCAL CASTILLA,FUERZA 2011,247
110209,JUNIN,CONCEPCION,MARISCAL CASTILLA,"MOVIMIENTO INDEPENDIENTE UNIDOS POR JUNIN, SIERRA Y SELVA",114
110209,JUNIN,CONCEPCION,MARISCAL CASTILLA,MOVIMIENTO POLITICO REGIONAL PERU LIBRE,148
110210,JUNIN,CONCEPCION,MATAHUASI,ACCION POPULAR,101
110210,JUNIN,CONCEPCION,MATAHUASI,ALIANZA REGIONAL JUNIN SOSTENIBLE,119
110210,JUNIN,CONCEPCION,MATAHUASI,BLOQUE POPULAR JUNIN,84
110210,JUNIN,CONCEPCION,MATAHUASI,CONVERGENCIA REGIONAL DESCENTRALISTA,342
110210,JUNIN,CONCEPCION,MATAHUASI,FUERZA 2011,576
110210,JUNIN,CONCEPCION,MATAHUASI,MOVIMIENTO INDEPENDIENTE FUERZA CONSTRUCTORA,337
110210,JUNIN,CONCEPCION,MATAHUASI,MOVIMIENTO INDEPENDIENTE REGIONAL LA CARITA FELIZ,94
110210,JUNIN,CONCEPCION,MATAHUASI,"MOVIMIENTO INDEPENDIENTE UNIDOS POR JUNIN, SIERRA Y SELVA",545
110210,JUNIN,CONCEPCION,MATAHUASI,MOVIMIENTO POLITICO REGIONAL PERU LIBRE,289
110210,JUNIN,CONCEPCION,MATAHUASI,PARTIDO APRISTA PERUANO,23
110211,JUNIN,CONCEPCION,MITO,ACCION POPULAR,63
110211,JUNIN,CONCEPCION,MITO,CONVERGENCIA REGIONAL DESCENTRALISTA,24
110211,JUNIN,CONCEPCION,MITO,FUERZA 2011,192
110211,JUNIN,CONCEPCION,MITO,"MOVIMIENTO INDEPENDIENTE UNIDOS POR JUNIN, SIERRA Y SELVA",252
110211,JUNIN,CONCEPCION,MITO,MOVIMIENTO POLITICO REGIONAL PERU LIBRE,69
110211,JUNIN,CONCEPCION,MITO,PARTIDO APRISTA PERUANO,46
110211,JUNIN,CONCEPCION,MITO,PERU POSIBLE,27
110212,JUNIN,CONCEPCION,NUEVE DE JULIO,ACCION POPULAR,66
110212,JUNIN,CONCEPCION,NUEVE DE JULIO,ALIANZA REGIONAL JUNIN SOSTENIBLE,19
110212,JUNIN,CONCEPCION,NUEVE DE JULIO,CONVERGENCIA REGIONAL DESCENTRALISTA,84
110212,JUNIN,CONCEPCION,NUEVE DE JULIO,FUERZA 2011,182
110212,JUNIN,CONCEPCION,NUEVE DE JULIO,"MOVIMIENTO INDEPENDIENTE UNIDOS POR JUNIN, SIERRA Y SELVA",169
110212,JUNIN,CONCEPCION,NUEVE DE JULIO,MOVIMIENTO POLITICO REGIONAL PERU LIBRE,105
110212,JUNIN,CONCEPCION,NUEVE DE JULIO,PARTIDO APRISTA PERUANO,92
110213,JUNIN,CONCEPCION,ORCOTUNA,ACCION POPULAR,14
110213,JUNIN,CONCEPCION,ORCOTUNA,ALIANZA PARA EL PROGRESO,19
110213,JUNIN,CONCEPCION,ORCOTUNA,ALIANZA REGIONAL JUNIN SOSTENIBLE,27
110213,JUNIN,CONCEPCION,ORCOTUNA,BLOQUE POPULAR JUNIN,144
110213,JUNIN,CONCEPCION,ORCOTUNA,CONVERGENCIA REGIONAL DESCENTRALISTA,119
110213,JUNIN,CONCEPCION,ORCOTUNA,FRENTE PATRIOTA PERUANO,64
110213,JUNIN,CONCEPCION,ORCOTUNA,FUERZA 2011,257
110213,JUNIN,CONCEPCION,ORCOTUNA,"MOVIMIENTO INDEPENDIENTE UNIDOS POR JUNIN, SIERRA Y SELVA",255
110213,JUNIN,CONCEPCION,ORCOTUNA,MOVIMIENTO POLITICO REGIONAL PERU LIBRE,312
110213,JUNIN,CONCEPCION,ORCOTUNA,PARTIDO APRISTA PERUANO,113
110213,JUNIN,CONCEPCION,ORCOTUNA,PERU POSIBLE,16
110214,JUNIN,CONCEPCION,SANTA ROSA DE OCOPA,ACCION POPULAR,114
110214,JUNIN,CONCEPCION,SANTA ROSA DE OCOPA,ALIANZA REGIONAL JUNIN SOSTENIBLE,31
110214,JUNIN,CONCEPCION,SANTA ROSA DE OCOPA,CONVERGENCIA REGIONAL DESCENTRALISTA,79
110214,JUNIN,CONCEPCION,SANTA ROSA DE OCOPA,FUERZA 2011,231
110214,JUNIN,CONCEPCION,SANTA ROSA DE OCOPA,"MOVIMIENTO INDEPENDIENTE UNIDOS POR JUNIN, SIERRA Y SELVA",134
110214,JUNIN,CONCEPCION,SANTA ROSA DE OCOPA,MOVIMIENTO POLITICO REGIONAL PERU LIBRE,374
110214,JUNIN,CONCEPCION,SANTA ROSA DE OCOPA,PARTIDO APRISTA PERUANO,95
110214,JUNIN,CONCEPCION,SANTA ROSA DE OCOPA,PERU POSIBLE,41
110215,JUNIN,CONCEPCION,SAN JOSE DE QUERO,FUERZA 2011,809
110215,JUNIN,CONCEPCION,SAN JOSE DE QUERO,"MOVIMIENTO INDEPENDIENTE UNIDOS POR JUNIN, SIERRA Y SELVA",317
110215,JUNIN,CONCEPCION,SAN JOSE DE QUERO,MOVIMIENTO POLITICO REGIONAL PERU LIBRE,365
110215,JUNIN,CONCEPCION,SAN JOSE DE QUERO,PARTIDO APRISTA PERUANO,794
110302,JUNIN,JAUJA,ACOLLA,ACCION POPULAR,248
110302,JUNIN,JAUJA,ACOLLA,ALIANZA PARA EL PROGRESO,2052
110302,JUNIN,JAUJA,ACOLLA,BLOQUE POPULAR JUNIN,91
110302,JUNIN,JAUJA,ACOLLA,CONVERGENCIA REGIONAL DESCENTRALISTA,158
110302,JUNIN,JAUJA,ACOLLA,FONAVISTAS DEL PERU,37
110302,JUNIN,JAUJA,ACOLLA,FUERZA 2011,84
110302,JUNIN,JAUJA,ACOLLA,MOVIMIENTO POLITICO REGIONAL PERU LIBRE,1382
110303,JUNIN,JAUJA,APATA,ACCION POPULAR,201
110303,JUNIN,JAUJA,APATA,ALIANZA PARA EL PROGRESO,142
110303,JUNIN,JAUJA,APATA,BLOQUE POPULAR JUNIN,82
110303,JUNIN,JAUJA,APATA,CONVERGENCIA REGIONAL DESCENTRALISTA,379
110303,JUNIN,JAUJA,APATA,FRENTE PATRIOTA PERUANO,45
110303,JUNIN,JAUJA,APATA,FUERZA 2011,543
110303,JUNIN,JAUJA,APATA,"MOVIMIENTO INDEPENDIENTE UNIDOS POR JUNIN, SIERRA Y SELVA",51
110303,JUNIN,JAUJA,APATA,MOVIMIENTO POLITICO REGIONAL PERU LIBRE,403
110303,JUNIN,JAUJA,APATA,PARTIDO APRISTA PERUANO,444
110304,JUNIN,JAUJA,ATAURA,ACCION POPULAR,44
110304,JUNIN,JAUJA,ATAURA,ALIANZA PARA EL PROGRESO,28
110304,JUNIN,JAUJA,ATAURA,CONVERGENCIA REGIONAL DESCENTRALISTA,157
110304,JUNIN,JAUJA,ATAURA,FUERZA 2011,21
110304,JUNIN,JAUJA,ATAURA,"MOVIMIENTO INDEPENDIENTE UNIDOS POR JUNIN, SIERRA Y SELVA",35
110304,JUNIN,JAUJA,ATAURA,MOVIMIENTO POLITICO REGIONAL PERU LIBRE,275
110304,JUNIN,JAUJA,ATAURA,PERU POSIBLE,298
110305,JUNIN,JAUJA,CANCHAYLLO,ALIANZA PARA EL PROGRESO,39
110305,JUNIN,JAUJA,CANCHAYLLO,BLOQUE POPULAR JUNIN,215
110305,JUNIN,JAUJA,CANCHAYLLO,FUERZA 2011,115
110305,JUNIN,JAUJA,CANCHAYLLO,MOVIMIENTO INDEPENDIENTE FUERZA CONSTRUCTORA,250
110305,JUNIN,JAUJA,CANCHAYLLO,MOVIMIENTO POLITICO REGIONAL PERU LIBRE,52
110305,JUNIN,JAUJA,CANCHAYLLO,PARTIDO APRISTA PERUANO,59
110305,JUNIN,JAUJA,CANCHAYLLO,PARTIDO DEMOCRATICO SOMOS PERU,211
110306,JUNIN,JAUJA,EL MANTARO,ACCION POPULAR,70
110306,JUNIN,JAUJA,EL MANTARO,ALIANZA PARA EL PROGRESO,244
110306,JUNIN,JAUJA,EL MANTARO,CONVERGENCIA REGIONAL DESCENTRALISTA,284
110306,JUNIN,JAUJA,EL MANTARO,FUERZA 2011,287
110306,JUNIN,JAUJA,EL MANTARO,"MOVIMIENTO INDEPENDIENTE UNIDOS POR JUNIN, SIERRA Y SELVA",178
110306,JUNIN,JAUJA,EL MANTARO,MOVIMIENTO POLITICO REGIONAL PERU LIBRE,278
110306,JUNIN,JAUJA,EL MANTARO,PARTIDO APRISTA PERUANO,12
110307,JUNIN,JAUJA,HUAMALI,ALIANZA PARA EL PROGRESO,16
110307,JUNIN,JAUJA,HUAMALI,FRENTE PATRIOTA PERUANO,45
110307,JUNIN,JAUJA,HUAMALI,FUERZA 2011,344
110307,JUNIN,JAUJA,HUAMALI,"MOVIMIENTO INDEPENDIENTE UNIDOS POR JUNIN, SIERRA Y SELVA",56
110307,JUNIN,JAUJA,HUAMALI,MOVIMIENTO POLITICO REGIONAL PERU LIBRE,462
110307,JUNIN,JAUJA,HUAMALI,PARTIDO APRISTA PERUANO,47
110308,JUNIN,JAUJA,HUARIPAMPA,ACCION POPULAR,60
110308,JUNIN,JAUJA,HUARIPAMPA,ALIANZA PARA EL PROGRESO,207
110308,JUNIN,JAUJA,HUARIPAMPA,BLOQUE POPULAR JUNIN,17
110308,JUNIN,JAUJA,HUARIPAMPA,CONVERGENCIA REGIONAL DESCENTRALISTA,6
110308,JUNIN,JAUJA,HUARIPAMPA,"MOVIMIENTO INDEPENDIENTE UNIDOS POR JUNIN, SIERRA Y SELVA",82
110308,JUNIN,JAUJA,HUARIPAMPA,MOVIMIENTO POLITICO REGIONAL PERU LIBRE,240
110308,JUNIN,JAUJA,HUARIPAMPA,PARTIDO APRISTA PERUANO,8
110309,JUNIN,JAUJA,HUERTAS,ACCION POPULAR,262
110309,JUNIN,JAUJA,HUERTAS,ALIANZA PARA EL PROGRESO,292
110309,JUNIN,JAUJA,HUERTAS,BLOQUE POPULAR JUNIN,353
110309,JUNIN,JAUJA,HUERTAS,CONVERGENCIA REGIONAL DESCENTRALISTA,70
110309,JUNIN,JAUJA,HUERTAS,FUERZA 2011,24
110309,JUNIN,JAUJA,HUERTAS,MOVIMIENTO POLITICO REGIONAL PERU LIBRE,25
110310,JUNIN,JAUJA,JANJAILLO,ACCION POPULAR,50
110310,JUNIN,JAUJA,JANJAILLO,ALIANZA PARA EL PROGRESO,168
110310,JUNIN,JAUJA,JANJAILLO,BLOQUE POPULAR JUNIN,60
110310,JUNIN,JAUJA,JANJAILLO,FUERZA 2011,39
110310,JUNIN,JAUJA,JANJAILLO,MOVIMIENTO POLITICO REGIONAL PERU LIBRE,180
110311,JUNIN,JAUJA,JULCAN,ACCION POPULAR,304
110311,JUNIN,JAUJA,JULCAN,ALIANZA PARA EL PROGRESO,44
110311,JUNIN,JAUJA,JULCAN,CONVERGENCIA REGIONAL DESCENTRALISTA,141
110311,JUNIN,JAUJA,JULCAN,FUERZA 2011,10
110311,JUNIN,JAUJA,JULCAN,MOVIMIENTO POLITICO REGIONAL PERU LIBRE,109
110311,JUNIN,JAUJA,JULCAN,PARTIDO APRISTA PERUANO,11
110312,JUNIN,JAUJA,LEONOR ORDOÑEZ,ACCION POPULAR,246
110312,JUNIN,JAUJA,LEONOR ORDOÑEZ,ALIANZA PARA EL PROGRESO,96
110312,JUNIN,JAUJA,LEONOR ORDOÑEZ,CONVERGENCIA REGIONAL DESCENTRALISTA,18
110312,JUNIN,JAUJA,LEONOR ORDOÑEZ,FUERZA 2011,67
110312,JUNIN,JAUJA,LEONOR ORDOÑEZ,MOVIMIENTO POLITICO REGIONAL PERU LIBRE,251
110313,JUNIN,JAUJA,LLOCLLAPAMPA,ACCION POPULAR,128
110313,JUNIN,JAUJA,LLOCLLAPAMPA,ALIANZA PARA EL PROGRESO,170
110313,JUNIN,JAUJA,LLOCLLAPAMPA,BLOQUE POPULAR JUNIN,51
110313,JUNIN,JAUJA,LLOCLLAPAMPA,CONVERGENCIA REGIONAL DESCENTRALISTA,227
110313,JUNIN,JAUJA,LLOCLLAPAMPA,MOVIMIENTO INDEPENDIENTE FUERZA CONSTRUCTORA,188
110313,JUNIN,JAUJA,LLOCLLAPAMPA,MOVIMIENTO POLITICO REGIONAL PERU LIBRE,75
110313,JUNIN,JAUJA,LLOCLLAPAMPA,PARTIDO APRISTA PERUANO,56
110314,JUNIN,JAUJA,MARCO,ACCION POPULAR,91
110314,JUNIN,JAUJA,MARCO,ALIANZA PARA EL PROGRESO,157
110314,JUNIN,JAUJA,MARCO,BLOQUE POPULAR JUNIN,98
110314,JUNIN,JAUJA,MARCO,CONVERGENCIA REGIONAL DESCENTRALISTA,149
110314,JUNIN,JAUJA,MARCO,"MOVIMIENTO INDEPENDIENTE UNIDOS POR JUNIN, SIERRA Y SELVA",76
110314,JUNIN,JAUJA,MARCO,MOVIMIENTO POLITICO REGIONAL PERU LIBRE,230
110314,JUNIN,JAUJA,MARCO,PARTIDO APRISTA PERUANO,168
110315,JUNIN,JAUJA,MASMA,ACCION POPULAR,82
110315,JUNIN,JAUJA,MASMA,ALIANZA PARA EL PROGRESO,176
110315,JUNIN,JAUJA,MASMA,BLOQUE POPULAR JUNIN,75
110315,JUNIN,JAUJA,MASMA,CONVERGENCIA REGIONAL DESCENTRALISTA,61
110315,JUNIN,JAUJA,MASMA,FRENTE PATRIOTA PERUANO,27
110315,JUNIN,JAUJA,MASMA,FUERZA 2011,88
110315,JUNIN,JAUJA,MASMA,MOVIMIENTO INDEPENDIENTE FUERZA CONSTRUCTORA,262
110315,JUNIN,JAUJA,MASMA,"MOVIMIENTO INDEPENDIENTE UNIDOS POR JUNIN, SIERRA Y SELVA",124
110315,JUNIN,JAUJA,MASMA,MOVIMIENTO POLITICO REGIONAL PERU LIBRE,106
110316,JUNIN,JAUJA,MOLINOS,ACCION POPULAR,274
110316,JUNIN,JAUJA,MOLINOS,ALIANZA PARA EL PROGRESO,89
110316,JUNIN,JAUJA,MOLINOS,BLOQUE POPULAR JUNIN,56
110316,JUNIN,JAUJA,MOLINOS,CONVERGENCIA REGIONAL DESCENTRALISTA,153
110316,JUNIN,JAUJA,MOLINOS,FUERZA 2011,14
110316,JUNIN,JAUJA,MOLINOS,"MOVIMIENTO INDEPENDIENTE UNIDOS POR JUNIN, SIERRA Y SELVA",41
110316,JUNIN,JAUJA,MOLINOS,MOVIMIENTO POLITICO REGIONAL PERU LIBRE,315
110316,JUNIN,JAUJA,MOLINOS,PARTIDO APRISTA PERUANO,13
110317,JUNIN,JAUJA,MONOBAMBA,ACCION POPULAR,163
110317,JUNIN,JAUJA,MONOBAMBA,ALIANZA PARA EL PROGRESO,36
110317,JUNIN,JAUJA,MONOBAMBA,BLOQUE POPULAR JUNIN,29
110317,JUNIN,JAUJA,MONOBAMBA,CONVERGENCIA REGIONAL DESCENTRALISTA,277
110317,JUNIN,JAUJA,MONOBAMBA,FUERZA 2011,48
110317,JUNIN,JAUJA,MONOBAMBA,"MOVIMIENTO INDEPENDIENTE UNIDOS POR JUNIN, SIERRA Y SELVA",116
110317,JUNIN,JAUJA,MONOBAMBA,MOVIMIENTO POLITICO REGIONAL PERU LIBRE,164
110317,JUNIN,JAUJA,MONOBAMBA,PARTIDO APRISTA PERUANO,5
110318,JUNIN,JAUJA,MUQUI,ACCION POPULAR,318
110318,JUNIN,JAUJA,MUQUI,ALIANZA PARA EL PROGRESO,11
110318,JUNIN,JAUJA,MUQUI,"MOVIMIENTO INDEPENDIENTE UNIDOS POR JUNIN, SIERRA Y SELVA",3
110318,JUNIN,JAUJA,MUQUI,MOVIMIENTO POLITICO REGIONAL PERU LIBRE,153
110318,JUNIN,JAUJA,MUQUI,PARTIDO APRISTA PERUANO,7
110318,JUNIN,JAUJA,MUQUI,PERU POSIBLE,81
110319,JUNIN,JAUJA,MUQUIYAUYO,ACCION POPULAR,89
110319,JUNIN,JAUJA,MUQUIYAUYO,ALIANZA PARA EL PROGRESO,77
110319,JUNIN,JAUJA,MUQUIYAUYO,BLOQUE POPULAR JUNIN,82
110319,JUNIN,JAUJA,MUQUIYAUYO,CONVERGENCIA REGIONAL DESCENTRALISTA,269
110319,JUNIN,JAUJA,MUQUIYAUYO,FUERZA 2011,63
110319,JUNIN,JAUJA,MUQUIYAUYO,MOVIMIENTO INDEPENDIENTE FUERZA CONSTRUCTORA,118
110319,JUNIN,JAUJA,MUQUIYAUYO,"MOVIMIENTO INDEPENDIENTE UNIDOS POR JUNIN, SIERRA Y SELVA",205
110319,JUNIN,JAUJA,MUQUIYAUYO,MOVIMIENTO POLITICO REGIONAL PERU LIBRE,347
110319,JUNIN,JAUJA,MUQUIYAUYO,PARTIDO APRISTA PERUANO,10
110320,JUNIN,JAUJA,PACA,ACCION POPULAR,28
110320,JUNIN,JAUJA,PACA,ALIANZA PARA EL PROGRESO,114
110320,JUNIN,JAUJA,PACA,BLOQUE POPULAR JUNIN,57
110320,JUNIN,JAUJA,PACA,CONVERGENCIA REGIONAL DESCENTRALISTA,132
110320,JUNIN,JAUJA,PACA,FUERZA 2011,53
110320,JUNIN,JAUJA,PACA,"MOVIMIENTO INDEPENDIENTE UNIDOS POR JUNIN, SIERRA Y SELVA",19
110320,JUNIN,JAUJA,PACA,MOVIMIENTO POLITICO REGIONAL PERU LIBRE,141
110320,JUNIN,JAUJA,PACA,PARTIDO APRISTA PERUANO,67
110321,JUNIN,JAUJA,PACCHA,ACCION POPULAR,88
110321,JUNIN,JAUJA,PACCHA,ALIANZA PARA EL PROGRESO,38
110321,JUNIN,JAUJA,PACCHA,BLOQUE POPULAR JUNIN,400
110321,JUNIN,JAUJA,PACCHA,CONVERGENCIA REGIONAL DESCENTRALISTA,35
110321,JUNIN,JAUJA,PACCHA,FONAVISTAS DEL PERU,184
110321,JUNIN,JAUJA,PACCHA,"MOVIMIENTO INDEPENDIENTE UNIDOS POR JUNIN, SIERRA Y SELVA",95
110321,JUNIN,JAUJA,PACCHA,MOVIMIENTO POLITICO REGIONAL PERU LIBRE,223
110322,JUNIN,JAUJA,PANCAN,ACCION POPULAR,74
110322,JUNIN,JAUJA,PANCAN,ALIANZA PARA EL PROGRESO,72
110322,JUNIN,JAUJA,PANCAN,BLOQUE POPULAR JUNIN,56
110322,JUNIN,JAUJA,PANCAN,CONVERGENCIA REGIONAL DESCENTRALISTA,198
110322,JUNIN,JAUJA,PANCAN,FUERZA 2011,19
110322,JUNIN,JAUJA,PANCAN,"MOVIMIENTO INDEPENDIENTE UNIDOS POR JUNIN, SIERRA Y SELVA",9
110322,JUNIN,JAUJA,PANCAN,MOVIMIENTO POLITICO REGIONAL PERU LIBRE,32
110322,JUNIN,JAUJA,PANCAN,PARTIDO APRISTA PERUANO,43
110323,JUNIN,JAUJA,PARCO,ACCION POPULAR,16
110323,JUNIN,JAUJA,PARCO,ALIANZA PARA EL PROGRESO,224
110323,JUNIN,JAUJA,PARCO,BLOQUE POPULAR JUNIN,131
110323,JUNIN,JAUJA,PARCO,CONVERGENCIA REGIONAL DESCENTRALISTA,172
110323,JUNIN,JAUJA,PARCO,MOVIMIENTO POLITICO REGIONAL PERU LIBRE,76
110323,JUNIN,JAUJA,PARCO,PARTIDO APRISTA PERUANO,222
110323,JUNIN,JAUJA,PARCO,PERU POSIBLE,78
110324,JUNIN,JAUJA,POMACANCHA,ALIANZA PARA EL PROGRESO,256
110324,JUNIN,JAUJA,POMACANCHA,BLOQUE POPULAR JUNIN,72
110324,JUNIN,JAUJA,POMACANCHA,CONVERGENCIA REGIONAL DESCENTRALISTA,78
110324,JUNIN,JAUJA,POMACANCHA,MOVIMIENTO POLITICO REGIONAL PERU LIBRE,196
110324,JUNIN,JAUJA,POMACANCHA,PARTIDO APRISTA PERUANO,8
110324,JUNIN,JAUJA,POMACANCHA,RESTAURACION NACIONAL,72
110325,JUNIN,JAUJA,RICRAN,ACCION POPULAR,14
110325,JUNIN,JAUJA,RICRAN,ALIANZA PARA EL PROGRESO,36
110325,JUNIN,JAUJA,RICRAN,BLOQUE POPULAR JUNIN,131
110325,JUNIN,JAUJA,RICRAN,CONVERGENCIA REGIONAL DESCENTRALISTA,189
110325,JUNIN,JAUJA,RICRAN,FUERZA 2011,72
110325,JUNIN,JAUJA,RICRAN,"MOVIMIENTO INDEPENDIENTE UNIDOS POR JUNIN, SIERRA Y SELVA",64
110325,JUNIN,JAUJA,RICRAN,MOVIMIENTO POLITICO REGIONAL PERU LIBRE,73
110325,JUNIN,JAUJA,RICRAN,PARTIDO APRISTA PERUANO,114
110326,JUNIN,JAUJA,SAN LORENZO,ACCION POPULAR,228
110326,JUNIN,JAUJA,SAN LORENZO,BLOQUE POPULAR JUNIN,32
110326,JUNIN,JAUJA,SAN LORENZO,CONVERGENCIA REGIONAL DESCENTRALISTA,40
110326,JUNIN,JAUJA,SAN LORENZO,FUERZA 2011,27
110326,JUNIN,JAUJA,SAN LORENZO,"MOVIMIENTO INDEPENDIENTE UNIDOS POR JUNIN, SIERRA Y SELVA",6
110326,JUNIN,JAUJA,SAN LORENZO,MOVIMIENTO POLITICO REGIONAL PERU LIBRE,245
110326,JUNIN,JAUJA,SAN LORENZO,PARTIDO APRISTA PERUANO,379
110327,JUNIN,JAUJA,SAN PEDRO DE CHUNAN,ALIANZA PARA EL PROGRESO,8
110327,JUNIN,JAUJA,SAN PEDRO DE CHUNAN,CONVERGENCIA REGIONAL DESCENTRALISTA,256
110327,JUNIN,JAUJA,SAN PEDRO DE CHUNAN,FONAVISTAS DEL PERU,2
110327,JUNIN,JAUJA,SAN PEDRO DE CHUNAN,MOVIMIENTO POLITICO REGIONAL PERU LIBRE,217
110328,JUNIN,JAUJA,SINCOS,ACCION POPULAR,76
110328,JUNIN,JAUJA,SINCOS,ALIANZA PARA EL PROGRESO,145
110328,JUNIN,JAUJA,SINCOS,BLOQUE POPULAR JUNIN,95
110328,JUNIN,JAUJA,SINCOS,CONVERGENCIA REGIONAL DESCENTRALISTA,295
110328,JUNIN,JAUJA,SINCOS,FUERZA 2011,109
110328,JUNIN,JAUJA,SINCOS,MOVIMIENTO INDEPENDIENTE FUERZA CONSTRUCTORA,292
110328,JUNIN,JAUJA,SINCOS,"MOVIMIENTO INDEPENDIENTE UNIDOS POR JUNIN, SIERRA Y SELVA",185
110328,JUNIN,JAUJA,SINCOS,MOVIMIENTO POLITICO REGIONAL PERU LIBRE,341
110328,JUNIN,JAUJA,SINCOS,PARTIDO APRISTA PERUANO,47
110329,JUNIN,JAUJA,TUNAN MARCA,ACCION POPULAR,265
110329,JUNIN,JAUJA,TUNAN MARCA,ALIANZA PARA EL PROGRESO,168
110329,JUNIN,JAUJA,TUNAN MARCA,CONVERGENCIA REGIONAL DESCENTRALISTA,129
110329,JUNIN,JAUJA,TUNAN MARCA,FUERZA 2011,48
110329,JUNIN,JAUJA,TUNAN MARCA,MOVIMIENTO POLITICO REGIONAL PERU LIBRE,59
110330,JUNIN,JAUJA,YAULI,ACCION POPULAR,56
110330,JUNIN,JAUJA,YAULI,ALIANZA PARA EL PROGRESO,375
110330,JUNIN,JAUJA,YAULI,BLOQUE POPULAR JUNIN,4
110330,JUNIN,JAUJA,YAULI,CONVERGENCIA REGIONAL DESCENTRALISTA,14
110330,JUNIN,JAUJA,YAULI,FONAVISTAS DEL PERU,2
110330,JUNIN,JAUJA,YAULI,"MOVIMIENTO INDEPENDIENTE UNIDOS POR JUNIN, SIERRA Y SELVA",29
110330,JUNIN,JAUJA,YAULI,MOVIMIENTO POLITICO REGIONAL PERU LIBRE,356
110330,JUNIN,JAUJA,YAULI,PARTIDO APRISTA PERUANO,16
110331,JUNIN,JAUJA,CURICACA,ACCION POPULAR,118
110331,JUNIN,JAUJA,CURICACA,ALIANZA PARA EL PROGRESO,150
110331,JUNIN,JAUJA,CURICACA,CONVERGENCIA REGIONAL DESCENTRALISTA,132
110331,JUNIN,JAUJA,CURICACA,MOVIMIENTO INDEPENDIENTE FUERZA CONSTRUCTORA,132
110331,JUNIN,JAUJA,CURICACA,"MOVIMIENTO INDEPENDIENTE UNIDOS POR JUNIN, SIERRA Y SELVA",10
110331,JUNIN,JAUJA,CURICACA,MOVIMIENTO POLITICO REGIONAL PERU LIBRE,188
110331,JUNIN,JAUJA,CURICACA,PARTIDO APRISTA PERUANO,60
110332,JUNIN,JAUJA,MASMA CHICCHE,BLOQUE POPULAR JUNIN,179
110332,JUNIN,JAUJA,MASMA CHICCHE,CONVERGENCIA REGIONAL DESCENTRALISTA,233
110332,JUNIN,JAUJA,MASMA CHICCHE,FUERZA 2011,41
110332,JUNIN,JAUJA,MASMA CHICCHE,"MOVIMIENTO INDEPENDIENTE UNIDOS POR JUNIN, SIERRA Y SELVA",4
110333,JUNIN,JAUJA,SAUSA,ACCION POPULAR,79
110333,JUNIN,JAUJA,SAUSA,AGRUPACION POLITICA LOCAL RIQCHARY XAUXA,65
110333,JUNIN,JAUJA,SAUSA,ALIANZA PARA EL PROGRESO,21
110333,JUNIN,JAUJA,SAUSA,BLOQUE POPULAR JUNIN,265
110333,JUNIN,JAUJA,SAUSA,CONVERGENCIA REGIONAL DESCENTRALISTA,376
110333,JUNIN,JAUJA,SAUSA,"MOVIMIENTO INDEPENDIENTE UNIDOS POR JUNIN, SIERRA Y SELVA",291
110333,JUNIN,JAUJA,SAUSA,MOVIMIENTO POLITICO REGIONAL PERU LIBRE,63
110333,JUNIN,JAUJA,SAUSA,PARTIDO APRISTA PERUANO,37
110334,JUNIN,JAUJA,YAUYOS,ACCION POPULAR,421
110334,JUNIN,JAUJA,YAUYOS,ALIANZA PARA EL PROGRESO,285
110334,JUNIN,JAUJA,YAUYOS,BLOQUE POPULAR JUNIN,1007
110334,JUNIN,JAUJA,YAUYOS,CONVERGENCIA REGIONAL DESCENTRALISTA,882
110334,JUNIN,JAUJA,YAUYOS,FONAVISTAS DEL PERU,318
110334,JUNIN,JAUJA,YAUYOS,FUERZA 2011,396
110334,JUNIN,JAUJA,YAUYOS,"MOVIMIENTO INDEPENDIENTE UNIDOS POR JUNIN, SIERRA Y SELVA",83
110334,JUNIN,JAUJA,YAUYOS,MOVIMIENTO POLITICO REGIONAL PERU LIBRE,576
110334,JUNIN,JAUJA,YAUYOS,PARTIDO APRISTA PERUANO,110
110402,JUNIN,JUNIN,CARHUAMAYO,ACCION POPULAR,255
110402,JUNIN,JUNIN,CARHUAMAYO,ALIANZA PARA EL PROGRESO,103
110402,JUNIN,JUNIN,CARHUAMAYO,ALIANZA REGIONAL JUNIN SOSTENIBLE,156
110402,JUNIN,JUNIN,CARHUAMAYO,BLOQUE POPULAR JUNIN,124
110402,JUNIN,JUNIN,CARHUAMAYO,CONVERGENCIA REGIONAL DESCENTRALISTA,254
110402,JUNIN,JUNIN,CARHUAMAYO,FUERZA 2011,192
110402,JUNIN,JUNIN,CARHUAMAYO,MOVIMIENTO NUEVA IZQUIERDA,415
110402,JUNIN,JUNIN,CARHUAMAYO,MOVIMIENTO POLITICO REGIONAL PERU LIBRE,143
110402,JUNIN,JUNIN,CARHUAMAYO,PARTIDO APRISTA PERUANO,967
110402,JUNIN,JUNIN,CARHUAMAYO,PERU POSIBLE,58
110403,JUNIN,JUNIN,ONDORES,ACCION POPULAR,173
110403,JUNIN,JUNIN,ONDORES,ALIANZA PARA EL PROGRESO,39
110403,JUNIN,JUNIN,ONDORES,ALIANZA REGIONAL JUNIN SOSTENIBLE,214
110403,JUNIN,JUNIN,ONDORES,BLOQUE POPULAR JUNIN,61
110403,JUNIN,JUNIN,ONDORES,CONVERGENCIA REGIONAL DESCENTRALISTA,81
110403,JUNIN,JUNIN,ONDORES,FUERZA 2011,40
110403,JUNIN,JUNIN,ONDORES,"MOVIMIENTO INDEPENDIENTE UNIDOS POR JUNIN, SIERRA Y SELVA",86
110403,JUNIN,JUNIN,ONDORES,MOVIMIENTO NUEVA IZQUIERDA,159
110403,JUNIN,JUNIN,ONDORES,MOVIMIENTO POLITICO REGIONAL PERU LIBRE,53
110403,JUNIN,JUNIN,ONDORES,PARTIDO APRISTA PERUANO,179
110404,JUNIN,JUNIN,ULCUMAYO,ACCION POPULAR,573
110404,JUNIN,JUNIN,ULCUMAYO,ALIANZA PARA EL PROGRESO,16
110404,JUNIN,JUNIN,ULCUMAYO,ALIANZA REGIONAL JUNIN SOSTENIBLE,523
110404,JUNIN,JUNIN,ULCUMAYO,BLOQUE POPULAR JUNIN,55
110404,JUNIN,JUNIN,ULCUMAYO,CONVERGENCIA REGIONAL DESCENTRALISTA,180
110404,JUNIN,JUNIN,ULCUMAYO,FRENTE PATRIOTA PERUANO,114
110404,JUNIN,JUNIN,ULCUMAYO,FUERZA 2011,20
110404,JUNIN,JUNIN,ULCUMAYO,MOVIMIENTO NUEVA IZQUIERDA,163
110404,JUNIN,JUNIN,ULCUMAYO,MOVIMIENTO POLITICO REGIONAL PERU LIBRE,62
110404,JUNIN,JUNIN,ULCUMAYO,PARTIDO APRISTA PERUANO,312
110404,JUNIN,JUNIN,ULCUMAYO,PERU POSIBLE,210
110502,JUNIN,TARMA,ACOBAMBA,ALIANZA REGIONAL JUNIN SOSTENIBLE,115
110502,JUNIN,TARMA,ACOBAMBA,BLOQUE POPULAR JUNIN,409
110502,JUNIN,TARMA,ACOBAMBA,CONVERGENCIA REGIONAL DESCENTRALISTA,1469
110502,JUNIN,TARMA,ACOBAMBA,FUERZA 2011,694
110502,JUNIN,TARMA,ACOBAMBA,MOVIMIENTO INDEPENDIENTE FUERZA CONSTRUCTORA,392
110502,JUNIN,TARMA,ACOBAMBA,MOVIMIENTO INDEPENDIENTE REGIONAL LA CARITA FELIZ,410
110502,JUNIN,TARMA,ACOBAMBA,MOVIMIENTO POLITICO REGIONAL PERU LIBRE,1127
110502,JUNIN,TARMA,ACOBAMBA,PARTIDO APRISTA PERUANO,155
110502,JUNIN,TARMA,ACOBAMBA,PERU POSIBLE,205
110503,JUNIN,TARMA,HUARICOLCA,BLOQUE POPULAR JUNIN,267
110503,JUNIN,TARMA,HUARICOLCA,CONVERGENCIA REGIONAL DESCENTRALISTA,125
110503,JUNIN,TARMA,HUARICOLCA,FUERZA 2011,88
110503,JUNIN,TARMA,HUARICOLCA,MOVIMIENTO INDEPENDIENTE FUERZA CONSTRUCTORA,13
110503,JUNIN,TARMA,HUARICOLCA,MOVIMIENTO INDEPENDIENTE REGIONAL LA CARITA FELIZ,155
110503,JUNIN,TARMA,HUARICOLCA,MOVIMIENTO POLITICO REGIONAL PERU LIBRE,103
110503,JUNIN,TARMA,HUARICOLCA,PARTIDO APRISTA PERUANO,63
110503,JUNIN,TARMA,HUARICOLCA,PERU POSIBLE,50
110504,JUNIN,TARMA,HUASAHUASI,BLOQUE POPULAR JUNIN,1615
110504,JUNIN,TARMA,HUASAHUASI,CONVERGENCIA REGIONAL DESCENTRALISTA,652
110504,JUNIN,TARMA,HUASAHUASI,FUERZA 2011,1824
110504,JUNIN,TARMA,HUASAHUASI,MOVIMIENTO INDEPENDIENTE FUERZA CONSTRUCTORA,83
110504,JUNIN,TARMA,HUASAHUASI,MOVIMIENTO INDEPENDIENTE REGIONAL LA CARITA FELIZ,418
110504,JUNIN,TARMA,HUASAHUASI,MOVIMIENTO POLITICO REGIONAL PERU LIBRE,90
110504,JUNIN,TARMA,HUASAHUASI,PARTIDO APRISTA PERUANO,74
110504,JUNIN,TARMA,HUASAHUASI,PERU POSIBLE,51
110505,JUNIN,TARMA,LA UNION,ALIANZA REGIONAL JUNIN SOSTENIBLE,55
110505,JUNIN,TARMA,LA UNION,BLOQUE POPULAR JUNIN,63
110505,JUNIN,TARMA,LA UNION,CONVERGENCIA REGIONAL DESCENTRALISTA,208
110505,JUNIN,TARMA,LA UNION,FUERZA 2011,442
110505,JUNIN,TARMA,LA UNION,MOVIMIENTO INDEPENDIENTE FUERZA CONSTRUCTORA,37
110505,JUNIN,TARMA,LA UNION,MOVIMIENTO INDEPENDIENTE REGIONAL LA CARITA FELIZ,135
110505,JUNIN,TARMA,LA UNION,MOVIMIENTO POLITICO REGIONAL PERU LIBRE,437
110505,JUNIN,TARMA,LA UNION,PARTIDO APRISTA PERUANO,77
110505,JUNIN,TARMA,LA UNION,PERU POSIBLE,84
110506,JUNIN,TARMA,PALCA,BLOQUE POPULAR JUNIN,961
110506,JUNIN,TARMA,PALCA,CONVERGENCIA REGIONAL DESCENTRALISTA,655
110506,JUNIN,TARMA,PALCA,FUERZA 2011,217
110506,JUNIN,TARMA,PALCA,MOVIMIENTO INDEPENDIENTE FUERZA CONSTRUCTORA,212
110506,JUNIN,TARMA,PALCA,MOVIMIENTO INDEPENDIENTE REGIONAL LA CARITA FELIZ,48
110506,JUNIN,TARMA,PALCA,MOVIMIENTO POLITICO REGIONAL PERU LIBRE,162
110506,JUNIN,TARMA,PALCA,PARTIDO APRISTA PERUANO,48
110506,JUNIN,TARMA,PALCA,UNION POR EL PERU,115
110507,JUNIN,TARMA,PALCAMAYO,BLOQUE POPULAR JUNIN,79
110507,JUNIN,TARMA,PALCAMAYO,CONVERGENCIA REGIONAL DESCENTRALISTA,271
110507,JUNIN,TARMA,PALCAMAYO,FUERZA 2011,723
110507,JUNIN,TARMA,PALCAMAYO,MOVIMIENTO INDEPENDIENTE REGIONAL LA CARITA FELIZ,151
110507,JUNIN,TARMA,PALCAMAYO,MOVIMIENTO POLITICO REGIONAL PERU LIBRE,614
110507,JUNIN,TARMA,PALCAMAYO,PARTIDO APRISTA PERUANO,445
110508,JUNIN,TARMA,SAN PEDRO DE CAJAS,ALIANZA REGIONAL JUNIN SOSTENIBLE,261
110508,JUNIN,TARMA,SAN PEDRO DE CAJAS,BLOQUE POPULAR JUNIN,263
110508,JUNIN,TARMA,SAN PEDRO DE CAJAS,CONVERGENCIA REGIONAL DESCENTRALISTA,246
110508,JUNIN,TARMA,SAN PEDRO DE CAJAS,FUERZA 2011,498
110508,JUNIN,TARMA,SAN PEDRO DE CAJAS,MOVIMIENTO INDEPENDIENTE FUERZA CONSTRUCTORA,231
110508,JUNIN,TARMA,SAN PEDRO DE CAJAS,MOVIMIENTO INDEPENDIENTE REGIONAL LA CARITA FELIZ,235
110508,JUNIN,TARMA,SAN PEDRO DE CAJAS,MOVIMIENTO POLITICO REGIONAL PERU LIBRE,281
110508,JUNIN,TARMA,SAN PEDRO DE CAJAS,PARTIDO APRISTA PERUANO,61
110509,JUNIN,TARMA,TAPO,BLOQUE POPULAR JUNIN,376
110509,JUNIN,TARMA,TAPO,CONVERGENCIA REGIONAL DESCENTRALISTA,125
110509,JUNIN,TARMA,TAPO,FUERZA 2011,308
110509,JUNIN,TARMA,TAPO,MOVIMIENTO INDEPENDIENTE FUERZA CONSTRUCTORA,1
110509,JUNIN,TARMA,TAPO,MOVIMIENTO INDEPENDIENTE REGIONAL LA CARITA FELIZ,109
110509,JUNIN,TARMA,TAPO,MOVIMIENTO POLITICO REGIONAL PERU LIBRE,253
110509,JUNIN,TARMA,TAPO,PARTIDO APRISTA PERUANO,97
110602,JUNIN,YAULI,CHACAPALPA,ACCION POPULAR,90
110602,JUNIN,YAULI,CHACAPALPA,BLOQUE POPULAR JUNIN,14
110602,JUNIN,YAULI,CHACAPALPA,CONVERGENCIA REGIONAL DESCENTRALISTA,163
110602,JUNIN,YAULI,CHACAPALPA,FUERZA 2011,6
110602,JUNIN,YAULI,CHACAPALPA,MOVIMIENTO INDEPENDIENTE REGIONAL LA CARITA FELIZ,192
110602,JUNIN,YAULI,CHACAPALPA,MOVIMIENTO POLITICO REGIONAL PERU LIBRE,116
110602,JUNIN,YAULI,CHACAPALPA,PARTIDO APRISTA PERUANO,31
110603,JUNIN,YAULI,HUAY-HUAY,ACCION POPULAR,27
110603,JUNIN,YAULI,HUAY-HUAY,BLOQUE POPULAR JUNIN,258
110603,JUNIN,YAULI,HUAY-HUAY,FUERZA 2011,6
110603,JUNIN,YAULI,HUAY-HUAY,MOVIMIENTO INDEPENDIENTE REGIONAL LA CARITA FELIZ,79
110603,JUNIN,YAULI,HUAY-HUAY,MOVIMIENTO POLITICO REGIONAL PERU LIBRE,123
110603,JUNIN,YAULI,HUAY-HUAY,PARTIDO APRISTA PERUANO,23
110604,JUNIN,YAULI,MARCAPOMACOCHA,BLOQUE POPULAR JUNIN,18
110604,JUNIN,YAULI,MARCAPOMACOCHA,CONVERGENCIA REGIONAL DESCENTRALISTA,5
110604,JUNIN,YAULI,MARCAPOMACOCHA,FUERZA 2011,113
110604,JUNIN,YAULI,MARCAPOMACOCHA,MOVIMIENTO INDEPENDIENTE FUERZA CONSTRUCTORA,420
110604,JUNIN,YAULI,MARCAPOMACOCHA,MOVIMIENTO INDEPENDIENTE REGIONAL LA CARITA FELIZ,44
110604,JUNIN,YAULI,MARCAPOMACOCHA,MOVIMIENTO POLITICO REGIONAL PERU LIBRE,163
110604,JUNIN,YAULI,MARCAPOMACOCHA,PARTIDO APRISTA PERUANO,14
110605,JUNIN,YAULI,MOROCOCHA,ACCION POPULAR,77
110605,JUNIN,YAULI,MOROCOCHA,ALIANZA REGIONAL JUNIN SOSTENIBLE,40
110605,JUNIN,YAULI,MOROCOCHA,BLOQUE POPULAR JUNIN,113
110605,JUNIN,YAULI,MOROCOCHA,CONVERGENCIA REGIONAL DESCENTRALISTA,236
110605,JUNIN,YAULI,MOROCOCHA,FRENTE PATRIOTA PERUANO,81
110605,JUNIN,YAULI,MOROCOCHA,FUERZA 2011,191
110605,JUNIN,YAULI,MOROCOCHA,MOVIMIENTO INDEPENDIENTE REGIONAL LA CARITA FELIZ,210
110605,JUNIN,YAULI,MOROCOCHA,MOVIMIENTO POLITICO REGIONAL PERU LIBRE,689
110605,JUNIN,YAULI,MOROCOCHA,PARTIDO APRISTA PERUANO,189
110605,JUNIN,YAULI,MOROCOCHA,PARTIDO HUMANISTA PERUANO,60
110605,JUNIN,YAULI,MOROCOCHA,UNION POR EL PERU,107
110606,JUNIN,YAULI,PACCHA,FUERZA 2011,107
110606,JUNIN,YAULI,PACCHA,MOVIMIENTO INDEPENDIENTE REGIONAL LA CARITA FELIZ,404
110606,JUNIN,YAULI,PACCHA,MOVIMIENTO POLITICO REGIONAL PERU LIBRE,80
110606,JUNIN,YAULI,PACCHA,PARTIDO APRISTA PERUANO,51
110606,JUNIN,YAULI,PACCHA,PARTIDO HUMANISTA PERUANO,36
110607,JUNIN,YAULI,SANTA BARBARA DE CARHUACAYAN,ACCION POPULAR,157
110607,JUNIN,YAULI,SANTA BARBARA DE CARHUACAYAN,FUERZA 2011,21
110607,JUNIN,YAULI,SANTA BARBARA DE CARHUACAYAN,MOVIMIENTO INDEPENDIENTE REGIONAL LA CARITA FELIZ,93
110607,JUNIN,YAULI,SANTA BARBARA DE CARHUACAYAN,MOVIMIENTO POLITICO REGIONAL PERU LIBRE,7
110607,JUNIN,YAULI,SANTA BARBARA DE CARHUACAYAN,PARTIDO APRISTA PERUANO,104
110608,JUNIN,YAULI,SUITUCANCHA,ACCION POPULAR,25
110608,JUNIN,YAULI,SUITUCANCHA,ALIANZA PARA EL PROGRESO,15
110608,JUNIN,YAULI,SUITUCANCHA,ALIANZA REGIONAL JUNIN SOSTENIBLE,32
110608,JUNIN,YAULI,SUITUCANCHA,BLOQUE POPULAR JUNIN,33
110608,JUNIN,YAULI,SUITUCANCHA,CONVERGENCIA REGIONAL DESCENTRALISTA,85
110608,JUNIN,YAULI,SUITUCANCHA,FRENTE PATRIOTA PERUANO,77
110608,JUNIN,YAULI,SUITUCANCHA,FUERZA 2011,8
110608,JUNIN,YAULI,SUITUCANCHA,MOVIMIENTO INDEPENDIENTE FUERZA CONSTRUCTORA,51
110608,JUNIN,YAULI,SUITUCANCHA,MOVIMIENTO INDEPENDIENTE REGIONAL LA CARITA FELIZ,22
110608,JUNIN,YAULI,SUITUCANCHA,MOVIMIENTO POLITICO REGIONAL PERU LIBRE,83
110608,JUNIN,YAULI,SUITUCANCHA,PARTIDO APRISTA PERUANO,33
110609,JUNIN,YAULI,YAULI,ACCION POPULAR,12
110609,JUNIN,YAULI,YAULI,ALIANZA REGIONAL JUNIN SOSTENIBLE,54
110609,JUNIN,YAULI,YAULI,BLOQUE POPULAR JUNIN,212
110609,JUNIN,YAULI,YAULI,CONVERGENCIA REGIONAL DESCENTRALISTA,109
110609,JUNIN,YAULI,YAULI,FRENTE PATRIOTA PERUANO,58
110609,JUNIN,YAULI,YAULI,FUERZA 2011,321
110609,JUNIN,YAULI,YAULI,MOVIMIENTO INDEPENDIENTE FUERZA CONSTRUCTORA,320
110609,JUNIN,YAULI,YAULI,MOVIMIENTO INDEPENDIENTE REGIONAL LA CARITA FELIZ,361
110609,JUNIN,YAULI,YAULI,MOVIMIENTO POLITICO REGIONAL PERU LIBRE,74
110609,JUNIN,YAULI,YAULI,PARTIDO APRISTA PERUANO,61
110610,JUNIN,YAULI,SANTA ROSA DE SACCO,ACCION POPULAR,840
110610,JUNIN,YAULI,SANTA ROSA DE SACCO,ALIANZA REGIONAL JUNIN SOSTENIBLE,282
110610,JUNIN,YAULI,SANTA ROSA DE SACCO,BLOQUE POPULAR JUNIN,251
110610,JUNIN,YAULI,SANTA ROSA DE SACCO,CONVERGENCIA REGIONAL DESCENTRALISTA,1012
110610,JUNIN,YAULI,SANTA ROSA DE SACCO,FUERZA 2011,172
110610,JUNIN,YAULI,SANTA ROSA DE SACCO,MOVIMIENTO INDEPENDIENTE FUERZA CONSTRUCTORA,168
110610,JUNIN,YAULI,SANTA ROSA DE SACCO,MOVIMIENTO INDEPENDIENTE REGIONAL LA CARITA FELIZ,1061
110610,JUNIN,YAULI,SANTA ROSA DE SACCO,MOVIMIENTO POLITICO REGIONAL PERU LIBRE,416
110610,JUNIN,YAULI,SANTA ROSA DE SACCO,PARTIDO APRISTA PERUANO,528
110610,JUNIN,YAULI,SANTA ROSA DE SACCO,PARTIDO HUMANISTA PERUANO,97
110702,JUNIN,SATIPO,COVIRIALI,ALIANZA PARA EL PROGRESO,157
110702,JUNIN,SATIPO,COVIRIALI,BLOQUE POPULAR JUNIN,24
110702,JUNIN,SATIPO,COVIRIALI,CONVERGENCIA REGIONAL DESCENTRALISTA,377
110702,JUNIN,SATIPO,COVIRIALI,FUERZA 2011,553
110702,JUNIN,SATIPO,COVIRIALI,MOVIMIENTO INDEPENDIENTE FUERZA CONSTRUCTORA,119
110702,JUNIN,SATIPO,COVIRIALI,MOVIMIENTO POLITICO REGIONAL PERU LIBRE,124
110702,JUNIN,SATIPO,COVIRIALI,PARTIDO APRISTA PERUANO,109
110702,JUNIN,SATIPO,COVIRIALI,RESTAURACION NACIONAL,84
110703,JUNIN,SATIPO,LLAYLLA,ALIANZA PARA EL PROGRESO,306
110703,JUNIN,SATIPO,LLAYLLA,BLOQUE POPULAR JUNIN,8
110703,JUNIN,SATIPO,LLAYLLA,CONVERGENCIA REGIONAL DESCENTRALISTA,394
110703,JUNIN,SATIPO,LLAYLLA,FUERZA 2011,161
110703,JUNIN,SATIPO,LLAYLLA,MOVIMIENTO INDEPENDIENTE FUERZA CONSTRUCTORA,58
110703,JUNIN,SATIPO,LLAYLLA,MOVIMIENTO INDEPENDIENTE REGIONAL LA CARITA FELIZ,162
110703,JUNIN,SATIPO,LLAYLLA,MOVIMIENTO POLITICO REGIONAL PERU LIBRE,518
110704,JUNIN,SATIPO,MAZAMARI,ACCION POPULAR,745
110704,JUNIN,SATIPO,MAZAMARI,ALIANZA PARA EL PROGRESO,1000
110704,JUNIN,SATIPO,MAZAMARI,BLOQUE POPULAR JUNIN,81
110704,JUNIN,SATIPO,MAZAMARI,CONVERGENCIA REGIONAL DESCENTRALISTA,1329
110704,JUNIN,SATIPO,MAZAMARI,FUERZA 2011,646
110704,JUNIN,SATIPO,MAZAMARI,MOVIMIENTO INDEPENDIENTE FUERZA CONSTRUCTORA,519
110704,JUNIN,SATIPO,MAZAMARI,MOVIMIENTO INDEPENDIENTE REGIONAL LA CARITA FELIZ,288
110704,JUNIN,SATIPO,MAZAMARI,MOVIMIENTO POLITICO REGIONAL PERU LIBRE,1939
110704,JUNIN,SATIPO,MAZAMARI,PARTIDO APRISTA PERUANO,825
110704,JUNIN,SATIPO,MAZAMARI,PARTIDO DEMOCRATICO SOMOS PERU,52
110704,JUNIN,SATIPO,MAZAMARI,PERU POSIBLE,182
110705,JUNIN,SATIPO,PAMPA HERMOSA,ALIANZA PARA EL PROGRESO,222
110705,JUNIN,SATIPO,PAMPA HERMOSA,BLOQUE POPULAR JUNIN,19
110705,JUNIN,SATIPO,PAMPA HERMOSA,CONVERGENCIA REGIONAL DESCENTRALISTA,285
110705,JUNIN,SATIPO,PAMPA HERMOSA,FUERZA 2011,499
110705,JUNIN,SATIPO,PAMPA HERMOSA,MOVIMIENTO INDEPENDIENTE FUERZA CONSTRUCTORA,39
110705,JUNIN,SATIPO,PAMPA HERMOSA,MOVIMIENTO POLITICO REGIONAL PERU LIBRE,439
110705,JUNIN,SATIPO,PAMPA HERMOSA,PARTIDO APRISTA PERUANO,6
110706,JUNIN,SATIPO,PANGOA,ALIANZA PARA EL PROGRESO,2924
110706,JUNIN,SATIPO,PANGOA,BLOQUE POPULAR JUNIN,62
110706,JUNIN,SATIPO,PANGOA,CONVERGENCIA REGIONAL DESCENTRALISTA,676
110706,JUNIN,SATIPO,PANGOA,FRENTE PATRIOTA PERUANO,1784
110706,JUNIN,SATIPO,PANGOA,FUERZA 2011,3241
110706,JUNIN,SATIPO,PANGOA,MOVIMIENTO INDEPENDIENTE REGIONAL LA CARITA FELIZ,308
110706,JUNIN,SATIPO,PANGOA,MOVIMIENTO POLITICO REGIONAL PERU LIBRE,516
110706,JUNIN,SATIPO,PANGOA,RESTAURACION NACIONAL,4378
110707,JUNIN,SATIPO,RIO NEGRO,ALIANZA PARA EL PROGRESO,2204
110707,JUNIN,SATIPO,RIO NEGRO,BLOQUE POPULAR JUNIN,90
110707,JUNIN,SATIPO,RIO NEGRO,CONVERGENCIA REGIONAL DESCENTRALISTA,960
110707,JUNIN,SATIPO,RIO NEGRO,FUERZA 2011,2082
110707,JUNIN,SATIPO,RIO NEGRO,MOVIMIENTO INDEPENDIENTE FUERZA CONSTRUCTORA,313
110707,JUNIN,SATIPO,RIO NEGRO,MOVIMIENTO INDEPENDIENTE REGIONAL LA CARITA FELIZ,141
110707,JUNIN,SATIPO,RIO NEGRO,MOVIMIENTO POLITICO REGIONAL PERU LIBRE,779
110707,JUNIN,SATIPO,RIO NEGRO,PARTIDO APRISTA PERUANO,46
110708,JUNIN,SATIPO,RIO TAMBO,ALIANZA PARA EL PROGRESO,1572
110708,JUNIN,SATIPO,RIO TAMBO,BLOQUE POPULAR JUNIN,105
110708,JUNIN,SATIPO,RIO TAMBO,CONVERGENCIA REGIONAL DESCENTRALISTA,631
110708,JUNIN,SATIPO,RIO TAMBO,FUERZA 2011,751
110708,JUNIN,SATIPO,RIO TAMBO,MOVIMIENTO POLITICO REGIONAL PERU LIBRE,2251
110802,JUNIN,CHANCHAMAYO,SAN RAMON,BLOQUE POPULAR JUNIN,379
110802,JUNIN,CHANCHAMAYO,SAN RAMON,CONVERGENCIA REGIONAL DESCENTRALISTA,1416
110802,JUNIN,CHANCHAMAYO,SAN RAMON,FUERZA 2011,3819
110802,JUNIN,CHANCHAMAYO,SAN RAMON,LISTA INDEPENDIENTE VECINAL,2519
110802,JUNIN,CHANCHAMAYO,SAN RAMON,MOVIMIENTO INDEPENDIENTE REGIONAL LA CARITA FELIZ,1203
110802,JUNIN,CHANCHAMAYO,SAN RAMON,"MOVIMIENTO INDEPENDIENTE UNIDOS POR JUNIN, SIERRA Y SELVA",110
110802,JUNIN,CHANCHAMAYO,SAN RAMON,PARTIDO APRISTA PERUANO,476
110802,JUNIN,CHANCHAMAYO,SAN RAMON,TRABAJANDO POR EL PROGRESO DE SAN RAMON,1859
110803,JUNIN,CHANCHAMAYO,VITOC,AGRUPACION POLITICA INDEPENDIENTE CAMBIEMOS VITOC,73
110803,JUNIN,CHANCHAMAYO,VITOC,BLOQUE POPULAR JUNIN,52
110803,JUNIN,CHANCHAMAYO,VITOC,CONVERGENCIA REGIONAL DESCENTRALISTA,163
110803,JUNIN,CHANCHAMAYO,VITOC,FUERZA 2011,275
110803,JUNIN,CHANCHAMAYO,VITOC,LISTA INDEPENDIENTE VECINAL,84
110803,JUNIN,CHANCHAMAYO,VITOC,MOVIMIENTO INDEPENDIENTE REGIONAL LA CARITA FELIZ,153
110803,JUNIN,CHANCHAMAYO,VITOC,"MOVIMIENTO INDEPENDIENTE UNIDOS POR JUNIN, SIERRA Y SELVA",89
110803,JUNIN,CHANCHAMAYO,VITOC,MOVIMIENTO POLITICO REGIONAL PERU LIBRE,167
110803,JUNIN,CHANCHAMAYO,VITOC,PARTIDO APRISTA PERUANO,141
110804,JUNIN,CHANCHAMAYO,SAN LUIS DE SHUARO,BLOQUE POPULAR JUNIN,31
110804,JUNIN,CHANCHAMAYO,SAN LUIS DE SHUARO,CONVERGENCIA REGIONAL DESCENTRALISTA,64
110804,JUNIN,CHANCHAMAYO,SAN LUIS DE SHUARO,FUERZA 2011,1339
110804,JUNIN,CHANCHAMAYO,SAN LUIS DE SHUARO,LISTA INDEPENDIENTE VECINAL,517
110804,JUNIN,CHANCHAMAYO,SAN LUIS DE SHUARO,MOVIMIENTO INDEPENDIENTE REGIONAL LA CARITA FELIZ,100
110804,JUNIN,CHANCHAMAYO,SAN LUIS DE SHUARO,MOVIMIENTO POLITICO REGIONAL PERU LIBRE,363
110804,JUNIN,CHANCHAMAYO,SAN LUIS DE SHUARO,PARTIDO APRISTA PERUANO,64
110805,JUNIN,CHANCHAMAYO,PICHANAQUI,ALIANZA REGIONAL JUNIN SOSTENIBLE,268
110805,JUNIN,CHANCHAMAYO,PICHANAQUI,BLOQUE POPULAR JUNIN,5436
110805,JUNIN,CHANCHAMAYO,PICHANAQUI,CONVERGENCIA REGIONAL DESCENTRALISTA,3327
110805,JUNIN,CHANCHAMAYO,PICHANAQUI,FRENTE PATRIOTA PERUANO,339
110805,JUNIN,CHANCHAMAYO,PICHANAQUI,FUERZA 2011,1501
110805,JUNIN,CHANCHAMAYO,PICHANAQUI,LISTA INDEPENDIENTE VECINAL,2450
110805,JUNIN,CHANCHAMAYO,PICHANAQUI,MOVIMIENTO POLITICO REGIONAL PERU LIBRE,1513
110805,JUNIN,CHANCHAMAYO,PICHANAQUI,PARTIDO APRISTA PERUANO,1682
110805,JUNIN,CHANCHAMAYO,PICHANAQUI,PERU POSIBLE,119
110806,JUNIN,CHANCHAMAYO,PERENE,ALIANZA PARA EL PROGRESO,684
110806,JUNIN,CHANCHAMAYO,PERENE,BLOQUE POPULAR JUNIN,3301
110806,JUNIN,CHANCHAMAYO,PERENE,CONVERGENCIA REGIONAL DESCENTRALISTA,755
110806,JUNIN,CHANCHAMAYO,PERENE,FUERZA 2011,4672
110806,JUNIN,CHANCHAMAYO,PERENE,LISTA INDEPENDIENTE VECINAL,2329
110806,JUNIN,CHANCHAMAYO,PERENE,MOVIMIENTO INDEPENDIENTE REGIONAL LA CARITA FELIZ,812
110806,JUNIN,CHANCHAMAYO,PERENE,MOVIMIENTO POLITICO REGIONAL PERU LIBRE,1683
110806,JUNIN,CHANCHAMAYO,PERENE,PARTIDO APRISTA PERUANO,2179
110902,JUNIN,CHUPACA,AHUAC,ACCION POPULAR,162
110902,JUNIN,CHUPACA,AHUAC,ALIANZA REGIONAL JUNIN SOSTENIBLE,617
110902,JUNIN,CHUPACA,AHUAC,BLOQUE POPULAR JUNIN,8
110902,JUNIN,CHUPACA,AHUAC,CONVERGENCIA REGIONAL DESCENTRALISTA,70
110902,JUNIN,CHUPACA,AHUAC,FRENTE PATRIOTA PERUANO,40
110902,JUNIN,CHUPACA,AHUAC,FUERZA 2011,227
110902,JUNIN,CHUPACA,AHUAC,MOVIMIENTO INDEPENDIENTE FUERZA CONSTRUCTORA,647
110902,JUNIN,CHUPACA,AHUAC,MOVIMIENTO POLITICO REGIONAL PERU LIBRE,773
110902,JUNIN,CHUPACA,AHUAC,PARTIDO APRISTA PERUANO,556
110902,JUNIN,CHUPACA,AHUAC,PERU POSIBLE,332
110903,JUNIN,CHUPACA,CHONGOS BAJO,ACCION POPULAR,241
110903,JUNIN,CHUPACA,CHONGOS BAJO,ALIANZA REGIONAL JUNIN SOSTENIBLE,326
110903,JUNIN,CHUPACA,CHONGOS BAJO,BLOQUE POPULAR JUNIN,91
110903,JUNIN,CHUPACA,CHONGOS BAJO,FUERZA 2011,182
110903,JUNIN,CHUPACA,CHONGOS BAJO,MOVIMIENTO INDEPENDIENTE FUERZA CONSTRUCTORA,194
110903,JUNIN,CHUPACA,CHONGOS BAJO,MOVIMIENTO POLITICO REGIONAL PERU LIBRE,697
110903,JUNIN,CHUPACA,CHONGOS BAJO,PARTIDO APRISTA PERUANO,67
110903,JUNIN,CHUPACA,CHONGOS BAJO,PERU POSIBLE,160
110904,JUNIN,CHUPACA,HUACHAC,ACCION POPULAR,29
110904,JUNIN,CHUPACA,HUACHAC,ALIANZA REGIONAL JUNIN SOSTENIBLE,65
110904,JUNIN,CHUPACA,HUACHAC,CONVERGENCIA REGIONAL DESCENTRALISTA,87
110904,JUNIN,CHUPACA,HUACHAC,FUERZA 2011,444
110904,JUNIN,CHUPACA,HUACHAC,MOVIMIENTO INDEPENDIENTE FUERZA CONSTRUCTORA,462
110904,JUNIN,CHUPACA,HUACHAC,MOVIMIENTO POLITICO REGIONAL PERU LIBRE,358
110904,JUNIN,CHUPACA,HUACHAC,PARTIDO APRISTA PERUANO,68
110904,JUNIN,CHUPACA,HUACHAC,PERU POSIBLE,27
110905,JUNIN,CHUPACA,HUAMANCACA CHICO,ACCION POPULAR,396
110905,JUNIN,CHUPACA,HUAMANCACA CHICO,ALIANZA PARA EL PROGRESO,36
110905,JUNIN,CHUPACA,HUAMANCACA CHICO,ALIANZA REGIONAL JUNIN SOSTENIBLE,160
110905,JUNIN,CHUPACA,HUAMANCACA CHICO,BLOQUE POPULAR JUNIN,39
110905,JUNIN,CHUPACA,HUAMANCACA CHICO,CAMBIO 90,25
110905,JUNIN,CHUPACA,HUAMANCACA CHICO,FUERZA 2011,91
110905,JUNIN,CHUPACA,HUAMANCACA CHICO,MOVIMIENTO INDEPENDIENTE FUERZA CONSTRUCTORA,404
110905,JUNIN,CHUPACA,HUAMANCACA CHICO,MOVIMIENTO POLITICO REGIONAL PERU LIBRE,147
110905,JUNIN,CHUPACA,HUAMANCACA CHICO,PARTIDO APRISTA PERUANO,147
110905,JUNIN,CHUPACA,HUAMANCACA CHICO,PERU POSIBLE,535
110906,JUNIN,CHUPACA,SAN JUAN DE YSCOS,ALIANZA REGIONAL JUNIN SOSTENIBLE,407
110906,JUNIN,CHUPACA,SAN JUAN DE YSCOS,BLOQUE POPULAR JUNIN,55
110906,JUNIN,CHUPACA,SAN JUAN DE YSCOS,CONVERGENCIA REGIONAL DESCENTRALISTA,29
110906,JUNIN,CHUPACA,SAN JUAN DE YSCOS,FUERZA 2011,93
110906,JUNIN,CHUPACA,SAN JUAN DE YSCOS,MOVIMIENTO INDEPENDIENTE FUERZA CONSTRUCTORA,137
110906,JUNIN,CHUPACA,SAN JUAN DE YSCOS,MOVIMIENTO POLITICO REGIONAL PERU LIBRE,335
110906,JUNIN,CHUPACA,SAN JUAN DE YSCOS,PARTIDO APRISTA PERUANO,74
110906,JUNIN,CHUPACA,SAN JUAN DE YSCOS,PERU POSIBLE,108
110907,JUNIN,CHUPACA,SAN JUAN DE JARPA,ALIANZA REGIONAL JUNIN SOSTENIBLE,222
110907,JUNIN,CHUPACA,SAN JUAN DE JARPA,BLOQUE POPULAR JUNIN,75
110907,JUNIN,CHUPACA,SAN JUAN DE JARPA,CONVERGENCIA REGIONAL DESCENTRALISTA,240
110907,JUNIN,CHUPACA,SAN JUAN DE JARPA,FUERZA 2011,104
110907,JUNIN,CHUPACA,SAN JUAN DE JARPA,MOVIMIENTO INDEPENDIENTE FUERZA CONSTRUCTORA,405
110907,JUNIN,CHUPACA,SAN JUAN DE JARPA,MOVIMIENTO POLITICO REGIONAL PERU LIBRE,227
110907,JUNIN,CHUPACA,SAN JUAN DE JARPA,PARTIDO APRISTA PERUANO,121
110908,JUNIN,CHUPACA,TRES DE DICIEMBRE,ACCION POPULAR,106
110908,JUNIN,CHUPACA,TRES DE DICIEMBRE,ALIANZA REGIONAL JUNIN SOSTENIBLE,309
110908,JUNIN,CHUPACA,TRES DE DICIEMBRE,BLOQUE POPULAR JUNIN,86
110908,JUNIN,CHUPACA,TRES DE DICIEMBRE,FUERZA 2011,32
110908,JUNIN,CHUPACA,TRES DE DICIEMBRE,MOVIMIENTO INDEPENDIENTE FUERZA CONSTRUCTORA,256
110908,JUNIN,CHUPACA,TRES DE DICIEMBRE,MOVIMIENTO POLITICO REGIONAL PERU LIBRE,164
110908,JUNIN,CHUPACA,TRES DE DICIEMBRE,PARTIDO APRISTA PERUANO,16
110909,JUNIN,CHUPACA,YANACANCHA,ALIANZA REGIONAL JUNIN SOSTENIBLE,203
110909,JUNIN,CHUPACA,YANACANCHA,BLOQUE POPULAR JUNIN,37
110909,JUNIN,CHUPACA,YANACANCHA,CONVERGENCIA REGIONAL DESCENTRALISTA,129
110909,JUNIN,CHUPACA,YANACANCHA,FUERZA 2011,255
110909,JUNIN,CHUPACA,YANACANCHA,MOVIMIENTO INDEPENDIENTE FUERZA CONSTRUCTORA,95
110909,JUNIN,CHUPACA,YANACANCHA,MOVIMIENTO POLITICO REGIONAL PERU LIBRE,59
110909,JUNIN,CHUPACA,YANACANCHA,PARTIDO APRISTA PERUANO,216
110909,JUNIN,CHUPACA,YANACANCHA,PERU POSIBLE,189
120102,LA LIBERTAD,TRUJILLO,HUANCHACO,ALIANZA PARA EL PROGRESO,5428
120102,LA LIBERTAD,TRUJILLO,HUANCHACO,CAMBIO 90,63
120102,LA LIBERTAD,TRUJILLO,HUANCHACO,FONAVISTAS DEL PERU,359
120102,LA LIBERTAD,TRUJILLO,HUANCHACO,FUERZA 2011,352
120102,LA LIBERTAD,TRUJILLO,HUANCHACO,HUANCHACO Y SUS SECTORES,5847
120102,LA LIBERTAD,TRUJILLO,HUANCHACO,PARTIDO APRISTA PERUANO,4638
120102,LA LIBERTAD,TRUJILLO,HUANCHACO,PARTIDO DESCENTRALISTA FUERZA SOCIAL,355
120102,LA LIBERTAD,TRUJILLO,HUANCHACO,PARTIDO HUMANISTA PERUANO,185
120102,LA LIBERTAD,TRUJILLO,HUANCHACO,SUMATE - PERU POSIBLE,2462
120103,LA LIBERTAD,TRUJILLO,LAREDO,ALIANZA PARA EL PROGRESO,6059
120103,LA LIBERTAD,TRUJILLO,LAREDO,CAMBIO 90,116
120103,LA LIBERTAD,TRUJILLO,LAREDO,CONTIGO LAREDO,4456
120103,LA LIBERTAD,TRUJILLO,LAREDO,FONAVISTAS DEL PERU,452
120103,LA LIBERTAD,TRUJILLO,LAREDO,FUERZA 2011,140
120103,LA LIBERTAD,TRUJILLO,LAREDO,PARTIDO APRISTA PERUANO,2348
120103,LA LIBERTAD,TRUJILLO,LAREDO,PARTIDO DESCENTRALISTA FUERZA SOCIAL,164
120103,LA LIBERTAD,TRUJILLO,LAREDO,PARTIDO HUMANISTA PERUANO,231
120103,LA LIBERTAD,TRUJILLO,LAREDO,SUMATE - PERU POSIBLE,2759
120103,LA LIBERTAD,TRUJILLO,LAREDO,UNION POR EL PERU,161
120104,LA LIBERTAD,TRUJILLO,MOCHE,ALIANZA PARA EL PROGRESO,8865
120104,LA LIBERTAD,TRUJILLO,MOCHE,FONAVISTAS DEL PERU,1303
120104,LA LIBERTAD,TRUJILLO,MOCHE,PARTIDO APRISTA PERUANO,5951
120104,LA LIBERTAD,TRUJILLO,MOCHE,SUMATE - PERU POSIBLE,299
120105,LA LIBERTAD,TRUJILLO,SALAVERRY,ALIANZA PARA EL PROGRESO,3111
120105,LA LIBERTAD,TRUJILLO,SALAVERRY,FRENTE INDEPENDIENTE DE DEFENSA Y DESARROLLO,795
120105,LA LIBERTAD,TRUJILLO,SALAVERRY,PARTIDO APRISTA PERUANO,2852
120106,LA LIBERTAD,TRUJILLO,SIMBAL,ALIANZA PARA EL PROGRESO,687
120106,LA LIBERTAD,TRUJILLO,SIMBAL,CAMBIO 90,49
120106,LA LIBERTAD,TRUJILLO,SIMBAL,FONAVISTAS DEL PERU,37
120106,LA LIBERTAD,TRUJILLO,SIMBAL,PARTIDO APRISTA PERUANO,1596
120106,LA LIBERTAD,TRUJILLO,SIMBAL,SUMATE - PERU POSIBLE,84
120107,LA LIBERTAD,TRUJILLO,VICTOR LARCO HERRERA,ALIANZA PARA EL PROGRESO,14082
120107,LA LIBERTAD,TRUJILLO,VICTOR LARCO HERRERA,FONAVISTAS DEL PERU,325
120107,LA LIBERTAD,TRUJILLO,VICTOR LARCO HERRERA,FRENTE INDEPENDIENTE DE DEFENSA Y DESARROLLO,2536
120107,LA LIBERTAD,TRUJILLO,VICTOR LARCO HERRERA,FUERZA 2011,543
120107,LA LIBERTAD,TRUJILLO,VICTOR LARCO HERRERA,PARTIDO APRISTA PERUANO,9324
120107,LA LIBERTAD,TRUJILLO,VICTOR LARCO HERRERA,PARTIDO DESCENTRALISTA FUERZA SOCIAL,433
120107,LA LIBERTAD,TRUJILLO,VICTOR LARCO HERRERA,PARTIDO HUMANISTA PERUANO,709
120107,LA LIBERTAD,TRUJILLO,VICTOR LARCO HERRERA,RECUPEREMOS VICTOR LARCO,533
120107,LA LIBERTAD,TRUJILLO,VICTOR LARCO HERRERA,SUMATE - PERU POSIBLE,2653
120109,LA LIBERTAD,TRUJILLO,POROTO,ALIANZA PARA EL PROGRESO,550
120109,LA LIBERTAD,TRUJILLO,POROTO,CAMBIO 90,79
120109,LA LIBERTAD,TRUJILLO,POROTO,FRENTE INDEPENDIENTE DE DEFENSA Y DESARROLLO,31
120109,LA LIBERTAD,TRUJILLO,POROTO,FRENTE INDEPENDIENTE REVELACION SOCIAL,169
120109,LA LIBERTAD,TRUJILLO,POROTO,FUERZA 2011,28
120109,LA LIBERTAD,TRUJILLO,POROTO,PARTIDO APRISTA PERUANO,752
120109,LA LIBERTAD,TRUJILLO,POROTO,PARTIDO DESCENTRALISTA FUERZA SOCIAL,255
120109,LA LIBERTAD,TRUJILLO,POROTO,SUMATE - PERU POSIBLE,202
120110,LA LIBERTAD,TRUJILLO,EL PORVENIR,ALIANZA PARA EL PROGRESO,13146
120110,LA LIBERTAD,TRUJILLO,EL PORVENIR,FONAVISTAS DEL PERU,2661
120110,LA LIBERTAD,TRUJILLO,EL PORVENIR,FRENTE INDEPENDIENTE DE DEFENSA Y DESARROLLO,1746
120110,LA LIBERTAD,TRUJILLO,EL PORVENIR,FUERZA 2011,1686
120110,LA LIBERTAD,TRUJILLO,EL PORVENIR,PARTIDO APRISTA PERUANO,19389
120110,LA LIBERTAD,TRUJILLO,EL PORVENIR,PARTIDO DESCENTRALISTA FUERZA SOCIAL,1852
120110,LA LIBERTAD,TRUJILLO,EL PORVENIR,SUMATE - PERU POSIBLE,14652
120111,LA LIBERTAD,TRUJILLO,LA ESPERANZA,ALIANZA PARA EL PROGRESO,34387
120111,LA LIBERTAD,TRUJILLO,LA ESPERANZA,FONAVISTAS DEL PERU,1466
120111,LA LIBERTAD,TRUJILLO,LA ESPERANZA,FUERZA 2011,1475
120111,LA LIBERTAD,TRUJILLO,LA ESPERANZA,PARTIDO APRISTA PERUANO,27342
120111,LA LIBERTAD,TRUJILLO,LA ESPERANZA,PARTIDO DESCENTRALISTA FUERZA SOCIAL,1140
120111,LA LIBERTAD,TRUJILLO,LA ESPERANZA,SUMATE - PERU POSIBLE,9370
120112,LA LIBERTAD,TRUJILLO,FLORENCIA DE MORA,ALIANZA PARA EL PROGRESO,3664
120112,LA LIBERTAD,TRUJILLO,FLORENCIA DE MORA,FUERZA 2011,486
120112,LA LIBERTAD,TRUJILLO,FLORENCIA DE MORA,PARTIDO APRISTA PERUANO,15870
120112,LA LIBERTAD,TRUJILLO,FLORENCIA DE MORA,SUMATE - PERU POSIBLE,7995
120202,LA LIBERTAD,BOLIVAR,BAMBAMARCA,ALIANZA PARA EL PROGRESO,285
120202,LA LIBERTAD,BOLIVAR,BAMBAMARCA,CAMBIO 90,16
120202,LA LIBERTAD,BOLIVAR,BAMBAMARCA,FUERZA 2011,23
120202,LA LIBERTAD,BOLIVAR,BAMBAMARCA,PARTIDO APRISTA PERUANO,348
120202,LA LIBERTAD,BOLIVAR,BAMBAMARCA,PARTIDO NACIONALISTA PERUANO,62
120202,LA LIBERTAD,BOLIVAR,BAMBAMARCA,SUMATE - PERU POSIBLE,52
120202,LA LIBERTAD,BOLIVAR,BAMBAMARCA,UNION POR EL PERU,164
120203,LA LIBERTAD,BOLIVAR,CONDORMARCA,ALIANZA PARA EL PROGRESO,252
120203,LA LIBERTAD,BOLIVAR,CONDORMARCA,FUERZA 2011,84
120203,LA LIBERTAD,BOLIVAR,CONDORMARCA,PARTIDO APRISTA PERUANO,284
120203,LA LIBERTAD,BOLIVAR,CONDORMARCA,SUMATE - PERU POSIBLE,206
120203,LA LIBERTAD,BOLIVAR,CONDORMARCA,UNION POR EL PERU,11
120204,LA LIBERTAD,BOLIVAR,LONGOTEA,ALIANZA PARA EL PROGRESO,66
120204,LA LIBERTAD,BOLIVAR,LONGOTEA,PARTIDO APRISTA PERUANO,463
120205,LA LIBERTAD,BOLIVAR,UCUNCHA,ALIANZA PARA EL PROGRESO,188
120205,LA LIBERTAD,BOLIVAR,UCUNCHA,PARTIDO APRISTA PERUANO,113
120206,LA LIBERTAD,BOLIVAR,UCHUMARCA,ALIANZA PARA EL PROGRESO,243
120206,LA LIBERTAD,BOLIVAR,UCHUMARCA,PARTIDO APRISTA PERUANO,548
120206,LA LIBERTAD,BOLIVAR,UCHUMARCA,SUMATE - PERU POSIBLE,112
120302,LA LIBERTAD,SANCHEZ CARRION,COCHORCO,ALIANZA PARA EL PROGRESO,158
120302,LA LIBERTAD,SANCHEZ CARRION,COCHORCO,CAMBIO TOTAL SANCHEZ CARRION,985
120302,LA LIBERTAD,SANCHEZ CARRION,COCHORCO,FONAVISTAS DEL PERU,260
120302,LA LIBERTAD,SANCHEZ CARRION,COCHORCO,FUERZA 2011,141
120302,LA LIBERTAD,SANCHEZ CARRION,COCHORCO,PARTIDO APRISTA PERUANO,274
120302,LA LIBERTAD,SANCHEZ CARRION,COCHORCO,PARTIDO DEMOCRATICO SOMOS PERU,110
120302,LA LIBERTAD,SANCHEZ CARRION,COCHORCO,PARTIDO NACIONALISTA PERUANO,220
120302,LA LIBERTAD,SANCHEZ CARRION,COCHORCO,SUMATE - PERU POSIBLE,344
120302,LA LIBERTAD,SANCHEZ CARRION,COCHORCO,UNION POR EL PERU,310
120303,LA LIBERTAD,SANCHEZ CARRION,CURGOS,ALIANZA PARA EL PROGRESO,0
120303,LA LIBERTAD,SANCHEZ CARRION,CURGOS,CAMBIO TOTAL SANCHEZ CARRION,0
120303,LA LIBERTAD,SANCHEZ CARRION,CURGOS,FONAVISTAS DEL PERU,0
120303,LA LIBERTAD,SANCHEZ CARRION,CURGOS,FUERZA 2011,0
120303,LA LIBERTAD,SANCHEZ CARRION,CURGOS,MOVIMIENTO NUEVA IZQUIERDA,0
120303,LA LIBERTAD,SANCHEZ CARRION,CURGOS,PARTIDO APRISTA PERUANO,0
120303,LA LIBERTAD,SANCHEZ CARRION,CURGOS,PARTIDO DESCENTRALISTA FUERZA SOCIAL,0
120303,LA LIBERTAD,SANCHEZ CARRION,CURGOS,PARTIDO NACIONALISTA PERUANO,0
120303,LA LIBERTAD,SANCHEZ CARRION,CURGOS,SUMATE - PERU POSIBLE,0
120303,LA LIBERTAD,SANCHEZ CARRION,CURGOS,UNION POR EL PERU,0
120304,LA LIBERTAD,SANCHEZ CARRION,CHUGAY,ALIANZA PARA EL PROGRESO,247
120304,LA LIBERTAD,SANCHEZ CARRION,CHUGAY,ALTERNATIVA CHUGAY,2177
120304,LA LIBERTAD,SANCHEZ CARRION,CHUGAY,CAMBIO TOTAL SANCHEZ CARRION,648
120304,LA LIBERTAD,SANCHEZ CARRION,CHUGAY,FONAVISTAS DEL PERU,258
120304,LA LIBERTAD,SANCHEZ CARRION,CHUGAY,PARTIDO APRISTA PERUANO,432
120304,LA LIBERTAD,SANCHEZ CARRION,CHUGAY,SUMATE - PERU POSIBLE,2207
120304,LA LIBERTAD,SANCHEZ CARRION,CHUGAY,UNION POR EL PERU,47
120305,LA LIBERTAD,SANCHEZ CARRION,MARCABAL,ALIANZA PARA EL PROGRESO,1239
120305,LA LIBERTAD,SANCHEZ CARRION,MARCABAL,CAMBIO TOTAL SANCHEZ CARRION,899
120305,LA LIBERTAD,SANCHEZ CARRION,MARCABAL,FUERZA 2011,41
120305,LA LIBERTAD,SANCHEZ CARRION,MARCABAL,PARTIDO APRISTA PERUANO,1391
120305,LA LIBERTAD,SANCHEZ CARRION,MARCABAL,SUMATE - PERU POSIBLE,489
120305,LA LIBERTAD,SANCHEZ CARRION,MARCABAL,UNION POR EL PERU,19
120306,LA LIBERTAD,SANCHEZ CARRION,SANAGORAN,ALIANZA PARA EL PROGRESO,53
120306,LA LIBERTAD,SANCHEZ CARRION,SANAGORAN,CAMBIO TOTAL SANCHEZ CARRION,46
120306,LA LIBERTAD,SANCHEZ CARRION,SANAGORAN,FONAVISTAS DEL PERU,17
120306,LA LIBERTAD,SANCHEZ CARRION,SANAGORAN,FUERZA 2011,178
120306,LA LIBERTAD,SANCHEZ CARRION,SANAGORAN,MOVIMIENTO NUEVA IZQUIERDA,1346
120306,LA LIBERTAD,SANCHEZ CARRION,SANAGORAN,PARTIDO APRISTA PERUANO,127
120306,LA LIBERTAD,SANCHEZ CARRION,SANAGORAN,PARTIDO NACIONALISTA PERUANO,806
120306,LA LIBERTAD,SANCHEZ CARRION,SANAGORAN,SUMATE - PERU POSIBLE,803
120306,LA LIBERTAD,SANCHEZ CARRION,SANAGORAN,UNION POR EL PERU,273
120307,LA LIBERTAD,SANCHEZ CARRION,SARIN,CAMBIO TOTAL SANCHEZ CARRION,201
120307,LA LIBERTAD,SANCHEZ CARRION,SARIN,FONAVISTAS DEL PERU,957
120307,LA LIBERTAD,SANCHEZ CARRION,SARIN,FUERZA 2011,43
120307,LA LIBERTAD,SANCHEZ CARRION,SARIN,PARTIDO DEMOCRATICO SOMOS PERU,824
120307,LA LIBERTAD,SANCHEZ CARRION,SARIN,PARTIDO NACIONALISTA PERUANO,43
120307,LA LIBERTAD,SANCHEZ CARRION,SARIN,SUMATE - PERU POSIBLE,1298
120308,LA LIBERTAD,SANCHEZ CARRION,SARTIMBAMBA,ALIANZA PARA EL PROGRESO,347
120308,LA LIBERTAD,SANCHEZ CARRION,SARTIMBAMBA,CAMBIO TOTAL SANCHEZ CARRION,1877
120308,LA LIBERTAD,SANCHEZ CARRION,SARTIMBAMBA,FONAVISTAS DEL PERU,304
120308,LA LIBERTAD,SANCHEZ CARRION,SARTIMBAMBA,PARTIDO APRISTA PERUANO,1054
120308,LA LIBERTAD,SANCHEZ CARRION,SARTIMBAMBA,SUMATE - PERU POSIBLE,742
120402,LA LIBERTAD,OTUZCO,AGALLPAMPA,ALIANZA PARA EL PROGRESO,823
120402,LA LIBERTAD,OTUZCO,AGALLPAMPA,FONAVISTAS DEL PERU,513
120402,LA LIBERTAD,OTUZCO,AGALLPAMPA,FUERZA 2011,64
120402,LA LIBERTAD,OTUZCO,AGALLPAMPA,MOVIMIENTO NUEVA IZQUIERDA,30
120402,LA LIBERTAD,OTUZCO,AGALLPAMPA,PARTIDO APRISTA PERUANO,192
120402,LA LIBERTAD,OTUZCO,AGALLPAMPA,PARTIDO HUMANISTA PERUANO,611
120402,LA LIBERTAD,OTUZCO,AGALLPAMPA,RETO: REFORMA TOTAL,24
120402,LA LIBERTAD,OTUZCO,AGALLPAMPA,SUMATE - PERU POSIBLE,311
120403,LA LIBERTAD,OTUZCO,CHARAT,ALIANZA PARA EL PROGRESO,208
120403,LA LIBERTAD,OTUZCO,CHARAT,FUERZA 2011,144
120403,LA LIBERTAD,OTUZCO,CHARAT,PARTIDO APRISTA PERUANO,240
120403,LA LIBERTAD,OTUZCO,CHARAT,PARTIDO HUMANISTA PERUANO,337
120403,LA LIBERTAD,OTUZCO,CHARAT,SUMATE - PERU POSIBLE,201
120404,LA LIBERTAD,OTUZCO,HUARANCHAL,ALIANZA PARA EL PROGRESO,246
120404,LA LIBERTAD,OTUZCO,HUARANCHAL,CAMBIO 90,21
120404,LA LIBERTAD,OTUZCO,HUARANCHAL,FUERZA 2011,201
120404,LA LIBERTAD,OTUZCO,HUARANCHAL,PARTIDO APRISTA PERUANO,640
120404,LA LIBERTAD,OTUZCO,HUARANCHAL,PARTIDO HUMANISTA PERUANO,733
120404,LA LIBERTAD,OTUZCO,HUARANCHAL,RETO: REFORMA TOTAL,69
120404,LA LIBERTAD,OTUZCO,HUARANCHAL,SUMATE - PERU POSIBLE,607
120405,LA LIBERTAD,OTUZCO,LA CUESTA,ALIANZA PARA EL PROGRESO,221
120405,LA LIBERTAD,OTUZCO,LA CUESTA,PARTIDO APRISTA PERUANO,220
120405,LA LIBERTAD,OTUZCO,LA CUESTA,SUMATE - PERU POSIBLE,137
120408,LA LIBERTAD,OTUZCO,PARANDAY,ALIANZA PARA EL PROGRESO,318
120408,LA LIBERTAD,OTUZCO,PARANDAY,SUMATE - PERU POSIBLE,250
120409,LA LIBERTAD,OTUZCO,SALPO,ALIANZA PARA EL PROGRESO,39
120409,LA LIBERTAD,OTUZCO,SALPO,FUERZA 2011,6
120409,LA LIBERTAD,OTUZCO,SALPO,PARTIDO APRISTA PERUANO,1751
120409,LA LIBERTAD,OTUZCO,SALPO,PARTIDO HUMANISTA PERUANO,163
120409,LA LIBERTAD,OTUZCO,SALPO,RETO: REFORMA TOTAL,19
120409,LA LIBERTAD,OTUZCO,SALPO,SUMATE - PERU POSIBLE,1101
120410,LA LIBERTAD,OTUZCO,SINSICAP,ALIANZA PARA EL PROGRESO,286
120410,LA LIBERTAD,OTUZCO,SINSICAP,FUERZA 2011,6
120410,LA LIBERTAD,OTUZCO,SINSICAP,PARTIDO APRISTA PERUANO,1049
120410,LA LIBERTAD,OTUZCO,SINSICAP,PARTIDO HUMANISTA PERUANO,186
120410,LA LIBERTAD,OTUZCO,SINSICAP,SUMATE - PERU POSIBLE,1704
120410,LA LIBERTAD,OTUZCO,SINSICAP,UNION POR EL PERU,13
120411,LA LIBERTAD,OTUZCO,USQUIL,ALIANZA PARA EL PROGRESO,810
120411,LA LIBERTAD,OTUZCO,USQUIL,FRENTE INDEPENDIENTE DE DEFENSA Y DESARROLLO,1345
120411,LA LIBERTAD,OTUZCO,USQUIL,PARTIDO APRISTA PERUANO,993
120411,LA LIBERTAD,OTUZCO,USQUIL,PARTIDO HUMANISTA PERUANO,3599
120411,LA LIBERTAD,OTUZCO,USQUIL,RETO: REFORMA TOTAL,239
120411,LA LIBERTAD,OTUZCO,USQUIL,SUMATE - PERU POSIBLE,1489
120413,LA LIBERTAD,OTUZCO,MACHE,ALIANZA PARA EL PROGRESO,331
120413,LA LIBERTAD,OTUZCO,MACHE,FUERZA 2011,29
120413,LA LIBERTAD,OTUZCO,MACHE,PARTIDO APRISTA PERUANO,60
120413,LA LIBERTAD,OTUZCO,MACHE,PARTIDO HUMANISTA PERUANO,479
120413,LA LIBERTAD,OTUZCO,MACHE,RETO: REFORMA TOTAL,439
120413,LA LIBERTAD,OTUZCO,MACHE,SUMATE - PERU POSIBLE,806
120503,LA LIBERTAD,PACASMAYO,GUADALUPE,ALIANZA PARA EL PROGRESO,1409
120503,LA LIBERTAD,PACASMAYO,GUADALUPE,FUERZA 2011,2824
120503,LA LIBERTAD,PACASMAYO,GUADALUPE,MOVIMIENTO NUEVA IZQUIERDA,382
120503,LA LIBERTAD,PACASMAYO,GUADALUPE,PARTIDO APRISTA PERUANO,3605
120503,LA LIBERTAD,PACASMAYO,GUADALUPE,PARTIDO NACIONALISTA PERUANO,299
120503,LA LIBERTAD,PACASMAYO,GUADALUPE,RESTAURACION NACIONAL,897
120503,LA LIBERTAD,PACASMAYO,GUADALUPE,TODOS POR EL PERU,726
120503,LA LIBERTAD,PACASMAYO,GUADALUPE,UNIDAD Y DESARROLLO,1564
120504,LA LIBERTAD,PACASMAYO,JEQUETEPEQUE,ALIANZA PARA EL PROGRESO,205
120504,LA LIBERTAD,PACASMAYO,JEQUETEPEQUE,FONAVISTAS DEL PERU,715
120504,LA LIBERTAD,PACASMAYO,JEQUETEPEQUE,FUERZA 2011,77
120504,LA LIBERTAD,PACASMAYO,JEQUETEPEQUE,MOVIMIENTO NUEVA IZQUIERDA,111
120504,LA LIBERTAD,PACASMAYO,JEQUETEPEQUE,PARTIDO APRISTA PERUANO,776
120506,LA LIBERTAD,PACASMAYO,PACASMAYO,ALIANZA PARA EL PROGRESO,4814
120506,LA LIBERTAD,PACASMAYO,PACASMAYO,FUERZA 2011,615
120506,LA LIBERTAD,PACASMAYO,PACASMAYO,JUNTOS POR UN NUEVO PACASMAYO,156
120506,LA LIBERTAD,PACASMAYO,PACASMAYO,MOVIMIENTO NUEVA IZQUIERDA,366
120506,LA LIBERTAD,PACASMAYO,PACASMAYO,PARTIDO APRISTA PERUANO,2362
120506,LA LIBERTAD,PACASMAYO,PACASMAYO,PARTIDO DEMOCRATICO SOMOS PERU,193
120506,LA LIBERTAD,PACASMAYO,PACASMAYO,PARTIDO HUMANISTA PERUANO,1077
120506,LA LIBERTAD,PACASMAYO,PACASMAYO,PARTIDO NACIONALISTA PERUANO,175
120506,LA LIBERTAD,PACASMAYO,PACASMAYO,RESTAURACION NACIONAL,459
120506,LA LIBERTAD,PACASMAYO,PACASMAYO,SIEMPRE UNIDOS,312
120506,LA LIBERTAD,PACASMAYO,PACASMAYO,SUMATE - PERU POSIBLE,2025
120508,LA LIBERTAD,PACASMAYO,SAN JOSE,ALIANZA PARA EL PROGRESO,2052
120508,LA LIBERTAD,PACASMAYO,SAN JOSE,FRENTE INDEPENDIENTE DE DEFENSA Y DESARROLLO,1729
120508,LA LIBERTAD,PACASMAYO,SAN JOSE,FRENTE INDEPENDIENTE UNETE AL GRAN CAMBIO,1950
120508,LA LIBERTAD,PACASMAYO,SAN JOSE,PARTIDO APRISTA PERUANO,297
120508,LA LIBERTAD,PACASMAYO,SAN JOSE,PARTIDO NACIONALISTA PERUANO,16
120602,LA LIBERTAD,PATAZ,BULDIBUYO,ACCION POPULAR,161
120602,LA LIBERTAD,PATAZ,BULDIBUYO,ALIANZA PARA EL PROGRESO,88
120602,LA LIBERTAD,PATAZ,BULDIBUYO,FRENTE INDEPENDIENTE DE DEFENSA Y DESARROLLO,52
120602,LA LIBERTAD,PATAZ,BULDIBUYO,FUERZA 2011,70
120602,LA LIBERTAD,PATAZ,BULDIBUYO,PARTIDO APRISTA PERUANO,550
120602,LA LIBERTAD,PATAZ,BULDIBUYO,SUMATE - PERU POSIBLE,426
120602,LA LIBERTAD,PATAZ,BULDIBUYO,UNION POR EL PERU,18
120603,LA LIBERTAD,PATAZ,CHILLIA,ACCION POPULAR,756
120603,LA LIBERTAD,PATAZ,CHILLIA,ALIANZA PARA EL PROGRESO,928
120603,LA LIBERTAD,PATAZ,CHILLIA,FONAVISTAS DEL PERU,506
120603,LA LIBERTAD,PATAZ,CHILLIA,FRENTE INDEPENDIENTE DE DEFENSA Y DESARROLLO,159
120603,LA LIBERTAD,PATAZ,CHILLIA,PARTIDO APRISTA PERUANO,147
120603,LA LIBERTAD,PATAZ,CHILLIA,PARTIDO HUMANISTA PERUANO,293
120603,LA LIBERTAD,PATAZ,CHILLIA,RESTAURACION NACIONAL,31
120603,LA LIBERTAD,PATAZ,CHILLIA,SUMATE - PERU POSIBLE,435
120603,LA LIBERTAD,PATAZ,CHILLIA,UNION POR EL PERU,123
120604,LA LIBERTAD,PATAZ,HUAYLILLAS,ALIANZA PARA EL PROGRESO,211
120604,LA LIBERTAD,PATAZ,HUAYLILLAS,FRENTE INDEPENDIENTE DE DEFENSA Y DESARROLLO,11
120604,LA LIBERTAD,PATAZ,HUAYLILLAS,PARTIDO APRISTA PERUANO,333
120604,LA LIBERTAD,PATAZ,HUAYLILLAS,RESTAURACION NACIONAL,1
120605,LA LIBERTAD,PATAZ,HUANCASPATA,ACCION POPULAR,223
120605,LA LIBERTAD,PATAZ,HUANCASPATA,ALIANZA PARA EL PROGRESO,240
120605,LA LIBERTAD,PATAZ,HUANCASPATA,CAMBIO 90,72
120605,LA LIBERTAD,PATAZ,HUANCASPATA,FONAVISTAS DEL PERU,77
120605,LA LIBERTAD,PATAZ,HUANCASPATA,FRENTE INDEPENDIENTE DE DEFENSA Y DESARROLLO,88
120605,LA LIBERTAD,PATAZ,HUANCASPATA,FUERZA 2011,41
120605,LA LIBERTAD,PATAZ,HUANCASPATA,PARTIDO APRISTA PERUANO,465
120605,LA LIBERTAD,PATAZ,HUANCASPATA,PARTIDO HUMANISTA PERUANO,102
120605,LA LIBERTAD,PATAZ,HUANCASPATA,RESTAURACION NACIONAL,105
120605,LA LIBERTAD,PATAZ,HUANCASPATA,SUMATE - PERU POSIBLE,259
120605,LA LIBERTAD,PATAZ,HUANCASPATA,UNION POR EL PERU,52
120606,LA LIBERTAD,PATAZ,HUAYO,ACCION POPULAR,56
120606,LA LIBERTAD,PATAZ,HUAYO,ALIANZA PARA EL PROGRESO,727
120606,LA LIBERTAD,PATAZ,HUAYO,FONAVISTAS DEL PERU,24
120606,LA LIBERTAD,PATAZ,HUAYO,PARTIDO APRISTA PERUANO,154
120606,LA LIBERTAD,PATAZ,HUAYO,PARTIDO HUMANISTA PERUANO,428
120606,LA LIBERTAD,PATAZ,HUAYO,RESTAURACION NACIONAL,7
120606,LA LIBERTAD,PATAZ,HUAYO,SUMATE - PERU POSIBLE,63
120607,LA LIBERTAD,PATAZ,ONGON,ACCION POPULAR,231
120607,LA LIBERTAD,PATAZ,ONGON,ALIANZA PARA EL PROGRESO,211
120607,LA LIBERTAD,PATAZ,ONGON,RESTAURACION NACIONAL,47
120607,LA LIBERTAD,PATAZ,ONGON,SUMATE - PERU POSIBLE,66
120608,LA LIBERTAD,PATAZ,PARCOY,ACCION POPULAR,118
120608,LA LIBERTAD,PATAZ,PARCOY,ALIANZA PARA EL PROGRESO,550
120608,LA LIBERTAD,PATAZ,PARCOY,FONAVISTAS DEL PERU,947
120608,LA LIBERTAD,PATAZ,PARCOY,FRENTE INDEPENDIENTE DE DEFENSA Y DESARROLLO,117
120608,LA LIBERTAD,PATAZ,PARCOY,FUERZA 2011,80
120608,LA LIBERTAD,PATAZ,PARCOY,PARTIDO APRISTA PERUANO,83
120608,LA LIBERTAD,PATAZ,PARCOY,PARTIDO HUMANISTA PERUANO,58
120608,LA LIBERTAD,PATAZ,PARCOY,RESTAURACION NACIONAL,131
120608,LA LIBERTAD,PATAZ,PARCOY,SUMATE - PERU POSIBLE,1051
120608,LA LIBERTAD,PATAZ,PARCOY,UNION POR EL PERU,48
120609,LA LIBERTAD,PATAZ,PATAZ,ACCION POPULAR,1066
120609,LA LIBERTAD,PATAZ,PATAZ,ALIANZA PARA EL PROGRESO,193
120609,LA LIBERTAD,PATAZ,PATAZ,PARTIDO APRISTA PERUANO,402
120609,LA LIBERTAD,PATAZ,PATAZ,SUMATE - PERU POSIBLE,116
120609,LA LIBERTAD,PATAZ,PATAZ,UNION POR EL PERU,55
120610,LA LIBERTAD,PATAZ,PIAS,ACCION POPULAR,76
120610,LA LIBERTAD,PATAZ,PIAS,ALIANZA PARA EL PROGRESO,134
120610,LA LIBERTAD,PATAZ,PIAS,FUERZA 2011,162
120610,LA LIBERTAD,PATAZ,PIAS,PARTIDO APRISTA PERUANO,129
120610,LA LIBERTAD,PATAZ,PIAS,SUMATE - PERU POSIBLE,123
120611,LA LIBERTAD,PATAZ,TAURIJA,ACCION POPULAR,85
120611,LA LIBERTAD,PATAZ,TAURIJA,ALIANZA PARA EL PROGRESO,197
120611,LA LIBERTAD,PATAZ,TAURIJA,FRENTE INDEPENDIENTE DE DEFENSA Y DESARROLLO,230
120611,LA LIBERTAD,PATAZ,TAURIJA,PARTIDO APRISTA PERUANO,105
120611,LA LIBERTAD,PATAZ,TAURIJA,SUMATE - PERU POSIBLE,306
120612,LA LIBERTAD,PATAZ,URPAY,ACCION POPULAR,715
120612,LA LIBERTAD,PATAZ,URPAY,ALIANZA PARA EL PROGRESO,487
120612,LA LIBERTAD,PATAZ,URPAY,FONAVISTAS DEL PERU,51
120612,LA LIBERTAD,PATAZ,URPAY,PARTIDO APRISTA PERUANO,12
120612,LA LIBERTAD,PATAZ,URPAY,SUMATE - PERU POSIBLE,9
120613,LA LIBERTAD,PATAZ,SANTIAGO DE CHALLAS,ACCION POPULAR,18
120613,LA LIBERTAD,PATAZ,SANTIAGO DE CHALLAS,ALIANZA PARA EL PROGRESO,108
120613,LA LIBERTAD,PATAZ,SANTIAGO DE CHALLAS,FRENTE INDEPENDIENTE DE DEFENSA Y DESARROLLO,82
120613,LA LIBERTAD,PATAZ,SANTIAGO DE CHALLAS,FUERZA 2011,0
120613,LA LIBERTAD,PATAZ,SANTIAGO DE CHALLAS,PARTIDO APRISTA PERUANO,47
120613,LA LIBERTAD,PATAZ,SANTIAGO DE CHALLAS,PARTIDO HUMANISTA PERUANO,76
120613,LA LIBERTAD,PATAZ,SANTIAGO DE CHALLAS,PARTIDO NACIONALISTA PERUANO,82
120613,LA LIBERTAD,PATAZ,SANTIAGO DE CHALLAS,RESTAURACION NACIONAL,61
120613,LA LIBERTAD,PATAZ,SANTIAGO DE CHALLAS,SUMATE - PERU POSIBLE,134
120613,LA LIBERTAD,PATAZ,SANTIAGO DE CHALLAS,UNION POR EL PERU,115
120702,LA LIBERTAD,SANTIAGO DE CHUCO,CACHICADAN,ALIANZA PARA EL PROGRESO,396
120702,LA LIBERTAD,SANTIAGO DE CHUCO,CACHICADAN,FONAVISTAS DEL PERU,13
120702,LA LIBERTAD,SANTIAGO DE CHUCO,CACHICADAN,FUERZA DEL PUEBLO,47
120702,LA LIBERTAD,SANTIAGO DE CHUCO,CACHICADAN,PARTIDO APRISTA PERUANO,304
120702,LA LIBERTAD,SANTIAGO DE CHUCO,CACHICADAN,PARTIDO DESCENTRALISTA FUERZA SOCIAL,63
120702,LA LIBERTAD,SANTIAGO DE CHUCO,CACHICADAN,RESTAURACION NACIONAL,743
120702,LA LIBERTAD,SANTIAGO DE CHUCO,CACHICADAN,SUMATE - PERU POSIBLE,8
120702,LA LIBERTAD,SANTIAGO DE CHUCO,CACHICADAN,UN AMIGO A TU SERVICIO,242
120702,LA LIBERTAD,SANTIAGO DE CHUCO,CACHICADAN,UNION POR EL PERU,661
120703,LA LIBERTAD,SANTIAGO DE CHUCO,MOLLEBAMBA,ALIANZA PARA EL PROGRESO,176
120703,LA LIBERTAD,SANTIAGO DE CHUCO,MOLLEBAMBA,POR EL DESARROLLO DE MOLLEBAMBA,628
120704,LA LIBERTAD,SANTIAGO DE CHUCO,MOLLEPATA,ALIANZA PARA EL PROGRESO,250
120704,LA LIBERTAD,SANTIAGO DE CHUCO,MOLLEPATA,CAMBIO 90,38
120704,LA LIBERTAD,SANTIAGO DE CHUCO,MOLLEPATA,CASERIOS PARA EL TRABAJO,459
120704,LA LIBERTAD,SANTIAGO DE CHUCO,MOLLEPATA,FUERZA 2011,48
120704,LA LIBERTAD,SANTIAGO DE CHUCO,MOLLEPATA,FUERZA DEL PUEBLO,38
120704,LA LIBERTAD,SANTIAGO DE CHUCO,MOLLEPATA,PARTIDO APRISTA PERUANO,115
120704,LA LIBERTAD,SANTIAGO DE CHUCO,MOLLEPATA,UNION POR EL PERU,119
120705,LA LIBERTAD,SANTIAGO DE CHUCO,QUIRUVILCA,ALIANZA PARA EL PROGRESO,592
120705,LA LIBERTAD,SANTIAGO DE CHUCO,QUIRUVILCA,CAMBIO 90,48
120705,LA LIBERTAD,SANTIAGO DE CHUCO,QUIRUVILCA,FONAVISTAS DEL PERU,334
120705,LA LIBERTAD,SANTIAGO DE CHUCO,QUIRUVILCA,FUERZA DEL PUEBLO,61
120705,LA LIBERTAD,SANTIAGO DE CHUCO,QUIRUVILCA,PARTIDO APRISTA PERUANO,2723
120705,LA LIBERTAD,SANTIAGO DE CHUCO,QUIRUVILCA,PARTIDO DESCENTRALISTA FUERZA SOCIAL,140
120705,LA LIBERTAD,SANTIAGO DE CHUCO,QUIRUVILCA,SUMATE - PERU POSIBLE,45
120705,LA LIBERTAD,SANTIAGO DE CHUCO,QUIRUVILCA,UN AMIGO A TU SERVICIO,13
120705,LA LIBERTAD,SANTIAGO DE CHUCO,QUIRUVILCA,UNION POR EL PERU,184
120706,LA LIBERTAD,SANTIAGO DE CHUCO,SANTA CRUZ DE CHUCA,ALIANZA PARA EL PROGRESO,179
120706,LA LIBERTAD,SANTIAGO DE CHUCO,SANTA CRUZ DE CHUCA,FONAVISTAS DEL PERU,36
120706,LA LIBERTAD,SANTIAGO DE CHUCO,SANTA CRUZ DE CHUCA,FUERZA DEL PUEBLO,467
120706,LA LIBERTAD,SANTIAGO DE CHUCO,SANTA CRUZ DE CHUCA,RESTAURACION NACIONAL,235
120706,LA LIBERTAD,SANTIAGO DE CHUCO,SANTA CRUZ DE CHUCA,SUMATE - PERU POSIBLE,5
120706,LA LIBERTAD,SANTIAGO DE CHUCO,SANTA CRUZ DE CHUCA,UN AMIGO A TU SERVICIO,102
120706,LA LIBERTAD,SANTIAGO DE CHUCO,SANTA CRUZ DE CHUCA,UNION POR EL PERU,67
120707,LA LIBERTAD,SANTIAGO DE CHUCO,SITABAMBA,ACCION POPULAR,23
120707,LA LIBERTAD,SANTIAGO DE CHUCO,SITABAMBA,ALIANZA PARA EL PROGRESO,494
120707,LA LIBERTAD,SANTIAGO DE CHUCO,SITABAMBA,FUERZA 2011,167
120707,LA LIBERTAD,SANTIAGO DE CHUCO,SITABAMBA,FUERZA DEL PUEBLO,350
120707,LA LIBERTAD,SANTIAGO DE CHUCO,SITABAMBA,PARTIDO APRISTA PERUANO,12
120707,LA LIBERTAD,SANTIAGO DE CHUCO,SITABAMBA,RESTAURACION NACIONAL,180
120707,LA LIBERTAD,SANTIAGO DE CHUCO,SITABAMBA,SUMATE - PERU POSIBLE,56
120707,LA LIBERTAD,SANTIAGO DE CHUCO,SITABAMBA,UN AMIGO A TU SERVICIO,36
120708,LA LIBERTAD,SANTIAGO DE CHUCO,ANGASMARCA,ACCION POPULAR,493
120708,LA LIBERTAD,SANTIAGO DE CHUCO,ANGASMARCA,ALIANZA PARA EL PROGRESO,203
120708,LA LIBERTAD,SANTIAGO DE CHUCO,ANGASMARCA,CAMBIO 90,68
120708,LA LIBERTAD,SANTIAGO DE CHUCO,ANGASMARCA,FONAVISTAS DEL PERU,117
120708,LA LIBERTAD,SANTIAGO DE CHUCO,ANGASMARCA,FRENTE INDEPENDIENTE DE DEFENSA Y DESARROLLO,80
120708,LA LIBERTAD,SANTIAGO DE CHUCO,ANGASMARCA,FUERZA DEL PUEBLO,72
120708,LA LIBERTAD,SANTIAGO DE CHUCO,ANGASMARCA,PARTIDO APRISTA PERUANO,159
120708,LA LIBERTAD,SANTIAGO DE CHUCO,ANGASMARCA,PARTIDO DESCENTRALISTA FUERZA SOCIAL,38
120708,LA LIBERTAD,SANTIAGO DE CHUCO,ANGASMARCA,PARTIDO NACIONALISTA PERUANO,144
120708,LA LIBERTAD,SANTIAGO DE CHUCO,ANGASMARCA,RESTAURACION NACIONAL,98
120708,LA LIBERTAD,SANTIAGO DE CHUCO,ANGASMARCA,SUMATE - PERU POSIBLE,144
120708,LA LIBERTAD,SANTIAGO DE CHUCO,ANGASMARCA,UN AMIGO A TU SERVICIO,157
120708,LA LIBERTAD,SANTIAGO DE CHUCO,ANGASMARCA,UNION POR EL PERU,175
120802,LA LIBERTAD,ASCOPE,CHICAMA,ALIANZA PARA EL PROGRESO,1720
120802,LA LIBERTAD,ASCOPE,CHICAMA,FONAVISTAS DEL PERU,630
120802,LA LIBERTAD,ASCOPE,CHICAMA,FUERZA 2011,430
120802,LA LIBERTAD,ASCOPE,CHICAMA,PARTIDO APRISTA PERUANO,1718
120802,LA LIBERTAD,ASCOPE,CHICAMA,PARTIDO HUMANISTA PERUANO,61
120802,LA LIBERTAD,ASCOPE,CHICAMA,RESTAURACION NACIONAL,59
120802,LA LIBERTAD,ASCOPE,CHICAMA,SIEMPRE UNIDOS,1401
120802,LA LIBERTAD,ASCOPE,CHICAMA,SUMATE - PERU POSIBLE,1775
120803,LA LIBERTAD,ASCOPE,CHOCOPE,ALIANZA PARA EL PROGRESO,1127
120803,LA LIBERTAD,ASCOPE,CHOCOPE,FONAVISTAS DEL PERU,128
120803,LA LIBERTAD,ASCOPE,CHOCOPE,FUERZA DE INTEGRACION Y DESARROLLO- CHOCOPE,712
120803,LA LIBERTAD,ASCOPE,CHOCOPE,PARTIDO APRISTA PERUANO,1966
120803,LA LIBERTAD,ASCOPE,CHOCOPE,PARTIDO NACIONALISTA PERUANO,179
120803,LA LIBERTAD,ASCOPE,CHOCOPE,SUMATE - PERU POSIBLE,682
120804,LA LIBERTAD,ASCOPE,SANTIAGO DE CAO,ACCION POR EL BIENESTAR,488
120804,LA LIBERTAD,ASCOPE,SANTIAGO DE CAO,ALIANZA PARA EL PROGRESO,3923
120804,LA LIBERTAD,ASCOPE,SANTIAGO DE CAO,PARTIDO APRISTA PERUANO,2170
120804,LA LIBERTAD,ASCOPE,SANTIAGO DE CAO,SUMATE - PERU POSIBLE,1097
120805,LA LIBERTAD,ASCOPE,MAGDALENA DE CAO,ALIANZA PARA EL PROGRESO,403
120805,LA LIBERTAD,ASCOPE,MAGDALENA DE CAO,FONAVISTAS DEL PERU,681
120805,LA LIBERTAD,ASCOPE,MAGDALENA DE CAO,PARTIDO APRISTA PERUANO,87
120805,LA LIBERTAD,ASCOPE,MAGDALENA DE CAO,SIEMPRE UNIDOS,187
120805,LA LIBERTAD,ASCOPE,MAGDALENA DE CAO,SUMATE - PERU POSIBLE,450
120806,LA LIBERTAD,ASCOPE,PAIJAN,ALIANZA PARA EL PROGRESO,976
120806,LA LIBERTAD,ASCOPE,PAIJAN,PARTIDO APRISTA PERUANO,6159
120806,LA LIBERTAD,ASCOPE,PAIJAN,PARTIDO DESCENTRALISTA FUERZA SOCIAL,367
120806,LA LIBERTAD,ASCOPE,PAIJAN,TRABAJANDO DE LA MANO CON MI PUEBLO,3587
120807,LA LIBERTAD,ASCOPE,RAZURI,ALIANZA PARA EL PROGRESO,370
120807,LA LIBERTAD,ASCOPE,RAZURI,FONAVISTAS DEL PERU,143
120807,LA LIBERTAD,ASCOPE,RAZURI,PARTIDO APRISTA PERUANO,1538
120807,LA LIBERTAD,ASCOPE,RAZURI,PORTEÑOS AL PROGRESO,1119
120808,LA LIBERTAD,ASCOPE,CASA GRANDE,ALIANZA PARA EL PROGRESO,1611
120808,LA LIBERTAD,ASCOPE,CASA GRANDE,CAMBIO 90,371
120808,LA LIBERTAD,ASCOPE,CASA GRANDE,FONAVISTAS DEL PERU,1461
120808,LA LIBERTAD,ASCOPE,CASA GRANDE,FUERZA 2011,3133
120808,LA LIBERTAD,ASCOPE,CASA GRANDE,FUERZA NACIONAL,118
120808,LA LIBERTAD,ASCOPE,CASA GRANDE,PARTIDO APRISTA PERUANO,2393
120808,LA LIBERTAD,ASCOPE,CASA GRANDE,PARTIDO HUMANISTA PERUANO,54
120808,LA LIBERTAD,ASCOPE,CASA GRANDE,PARTIDO NACIONALISTA PERUANO,3483
120808,LA LIBERTAD,ASCOPE,CASA GRANDE,SUMATE - PERU POSIBLE,308
120808,LA LIBERTAD,ASCOPE,CASA GRANDE,UNETE CASA GRANDE,2379
120902,LA LIBERTAD,CHEPEN,PACANGA,ALIANZA PARA EL PROGRESO,722
120902,LA LIBERTAD,CHEPEN,PACANGA,CONTIGO PACANGA POR UN GOBIERNO DESCENTRALISTA,3212
120902,LA LIBERTAD,CHEPEN,PACANGA,DE LA MANO CON PACANGA,3016
120902,LA LIBERTAD,CHEPEN,PACANGA,SUMATE - PERU POSIBLE,86
120903,LA LIBERTAD,CHEPEN,PUEBLO NUEVO,ALIANZA PARA EL PROGRESO,2571
120903,LA LIBERTAD,CHEPEN,PUEBLO NUEVO,PARTIDO APRISTA PERUANO,998
120903,LA LIBERTAD,CHEPEN,PUEBLO NUEVO,SUMATE - PERU POSIBLE,369
120903,LA LIBERTAD,CHEPEN,PUEBLO NUEVO,TODOS POR CHEPEN,175
120903,LA LIBERTAD,CHEPEN,PUEBLO NUEVO,TRABAJO + TRABAJO,2664
121002,LA LIBERTAD,JULCAN,CARABAMBA,ALIANZA PARA EL PROGRESO,1496
121002,LA LIBERTAD,JULCAN,CARABAMBA,PARTIDO APRISTA PERUANO,1768
121003,LA LIBERTAD,JULCAN,CALAMARCA,ALIANZA PARA EL PROGRESO,453
121003,LA LIBERTAD,JULCAN,CALAMARCA,CAMBIO 90,178
121003,LA LIBERTAD,JULCAN,CALAMARCA,FONAVISTAS DEL PERU,41
121003,LA LIBERTAD,JULCAN,CALAMARCA,FUERZA 2011,510
121003,LA LIBERTAD,JULCAN,CALAMARCA,PARTIDO APRISTA PERUANO,116
121003,LA LIBERTAD,JULCAN,CALAMARCA,PARTIDO HUMANISTA PERUANO,560
121003,LA LIBERTAD,JULCAN,CALAMARCA,RESTAURACION NACIONAL,900
121003,LA LIBERTAD,JULCAN,CALAMARCA,SUMATE - PERU POSIBLE,124
121004,LA LIBERTAD,JULCAN,HUASO,ALIANZA PARA EL PROGRESO,295
121004,LA LIBERTAD,JULCAN,HUASO,FONAVISTAS DEL PERU,63
121004,LA LIBERTAD,JULCAN,HUASO,FUERZA 2011,59
121004,LA LIBERTAD,JULCAN,HUASO,PARTIDO APRISTA PERUANO,473
121004,LA LIBERTAD,JULCAN,HUASO,PARTIDO DESCENTRALISTA FUERZA SOCIAL,160
121004,LA LIBERTAD,JULCAN,HUASO,PARTIDO NACIONALISTA PERUANO,1047
121004,LA LIBERTAD,JULCAN,HUASO,SUMATE - PERU POSIBLE,121
121102,LA LIBERTAD,GRAN CHIMU,LUCMA,ALIANZA PARA EL PROGRESO,783
121102,LA LIBERTAD,GRAN CHIMU,LUCMA,FONAVISTAS DEL PERU,291
121102,LA LIBERTAD,GRAN CHIMU,LUCMA,FUERZA 2011,255
121102,LA LIBERTAD,GRAN CHIMU,LUCMA,PARTIDO APRISTA PERUANO,377
121102,LA LIBERTAD,GRAN CHIMU,LUCMA,SUMATE - PERU POSIBLE,85
121103,LA LIBERTAD,GRAN CHIMU,MARMOT,AGRUPACION INDEPENDIENTE SI CUMPLE,79
121103,LA LIBERTAD,GRAN CHIMU,MARMOT,ALIANZA PARA EL PROGRESO,88
121103,LA LIBERTAD,GRAN CHIMU,MARMOT,CAMBIO 90,194
121103,LA LIBERTAD,GRAN CHIMU,MARMOT,FONAVISTAS DEL PERU,23
121103,LA LIBERTAD,GRAN CHIMU,MARMOT,FUERZA 2011,183
121103,LA LIBERTAD,GRAN CHIMU,MARMOT,PARTIDO APRISTA PERUANO,206
121103,LA LIBERTAD,GRAN CHIMU,MARMOT,SUMATE - PERU POSIBLE,207
121104,LA LIBERTAD,GRAN CHIMU,SAYAPULLO,ALIANZA PARA EL PROGRESO,749
121104,LA LIBERTAD,GRAN CHIMU,SAYAPULLO,FONAVISTAS DEL PERU,386
121104,LA LIBERTAD,GRAN CHIMU,SAYAPULLO,FUERZA 2011,107
121104,LA LIBERTAD,GRAN CHIMU,SAYAPULLO,PARTIDO APRISTA PERUANO,333
121104,LA LIBERTAD,GRAN CHIMU,SAYAPULLO,PARTIDO HUMANISTA PERUANO,113
121104,LA LIBERTAD,GRAN CHIMU,SAYAPULLO,SUMATE - PERU POSIBLE,894
121202,LA LIBERTAD,VIRU,CHAO,ALIANZA PARA EL PROGRESO,1202
121202,LA LIBERTAD,VIRU,CHAO,FONAVISTAS DEL PERU,405
121202,LA LIBERTAD,VIRU,CHAO,FUERZA 2011,476
121202,LA LIBERTAD,VIRU,CHAO,PARTIDO APRISTA PERUANO,3948
121202,LA LIBERTAD,VIRU,CHAO,SUMATE - PERU POSIBLE,1353
121203,LA LIBERTAD,VIRU,GUADALUPITO,ALIANZA PARA EL PROGRESO,48
121203,LA LIBERTAD,VIRU,GUADALUPITO,FONAVISTAS DEL PERU,22
121203,LA LIBERTAD,VIRU,GUADALUPITO,FUERZA 2011,467
121203,LA LIBERTAD,VIRU,GUADALUPITO,PARTIDO APRISTA PERUANO,1166
121203,LA LIBERTAD,VIRU,GUADALUPITO,PARTIDO DESCENTRALISTA FUERZA SOCIAL,42
121203,LA LIBERTAD,VIRU,GUADALUPITO,SUMATE - PERU POSIBLE,1303
130102,LAMBAYEQUE,CHICLAYO,CHONGOYAPE,ACCION POPULAR,132
130102,LAMBAYEQUE,CHICLAYO,CHONGOYAPE,ALIANZA PARA EL PROGRESO,3873
130102,LAMBAYEQUE,CHICLAYO,CHONGOYAPE,AMISTAD SOLIDARIA INDEPENDIENTE,2102
130102,LAMBAYEQUE,CHICLAYO,CHONGOYAPE,FONAVISTAS DEL PERU,150
130102,LAMBAYEQUE,CHICLAYO,CHONGOYAPE,FUERZA 2011,580
130102,LAMBAYEQUE,CHICLAYO,CHONGOYAPE,FUERZA SOCIAL PROGRESISTA,623
130102,LAMBAYEQUE,CHICLAYO,CHONGOYAPE,MOVIMIENTO INDEPENDIENTE TODOS POR LAMBAYEQUE,149
130102,LAMBAYEQUE,CHICLAYO,CHONGOYAPE,MOVIMIENTO REGIONAL DE LAS MANOS LIMPIAS,134
130102,LAMBAYEQUE,CHICLAYO,CHONGOYAPE,PARTIDO APRISTA PERUANO,2552
130103,LAMBAYEQUE,CHICLAYO,ETEN,ALIANZA PARA EL PROGRESO,280
130103,LAMBAYEQUE,CHICLAYO,ETEN,FUERZA 2011,217
130103,LAMBAYEQUE,CHICLAYO,ETEN,MOVIMIENTO INDEPENDIENTE TODOS POR LAMBAYEQUE,1351
130103,LAMBAYEQUE,CHICLAYO,ETEN,PARTIDO APRISTA PERUANO,2131
130103,LAMBAYEQUE,CHICLAYO,ETEN,PARTIDO HUMANISTA PERUANO,2302
130104,LAMBAYEQUE,CHICLAYO,ETEN PUERTO,ALIANZA PARA EL PROGRESO,207
130104,LAMBAYEQUE,CHICLAYO,ETEN PUERTO,MOVIMIENTO REGIONAL DE LAS MANOS LIMPIAS,605
130104,LAMBAYEQUE,CHICLAYO,ETEN PUERTO,PARTIDO APRISTA PERUANO,500
130104,LAMBAYEQUE,CHICLAYO,ETEN PUERTO,PARTIDO HUMANISTA PERUANO,295
130105,LAMBAYEQUE,CHICLAYO,LAGUNAS,ALIANZA PARA EL PROGRESO,1294
130105,LAMBAYEQUE,CHICLAYO,LAGUNAS,CONTIGO LAMBAYEQUE,737
130105,LAMBAYEQUE,CHICLAYO,LAGUNAS,FUERZA 2011,173
130105,LAMBAYEQUE,CHICLAYO,LAGUNAS,MOVIMIENTO REGIONAL DE LAS MANOS LIMPIAS,924
130105,LAMBAYEQUE,CHICLAYO,LAGUNAS,PARTIDO APRISTA PERUANO,997
130105,LAMBAYEQUE,CHICLAYO,LAGUNAS,TODOS POR EL PERU,189
130106,LAMBAYEQUE,CHICLAYO,MONSEFU,ACCION POPULAR,545
130106,LAMBAYEQUE,CHICLAYO,MONSEFU,ALIANZA PARA EL PROGRESO,1118
130106,LAMBAYEQUE,CHICLAYO,MONSEFU,FONAVISTAS DEL PERU,100
130106,LAMBAYEQUE,CHICLAYO,MONSEFU,FUERZA 2011,3148
130106,LAMBAYEQUE,CHICLAYO,MONSEFU,MOVIMIENTO INDEPENDIENTE TODOS POR LAMBAYEQUE,3623
130106,LAMBAYEQUE,CHICLAYO,MONSEFU,MOVIMIENTO REGIONAL DE LAS MANOS LIMPIAS,970
130106,LAMBAYEQUE,CHICLAYO,MONSEFU,MOVIMIENTO REGIONAL POR TI LAMBAYEQUE,1935
130106,LAMBAYEQUE,CHICLAYO,MONSEFU,PARTIDO APRISTA PERUANO,3153
130106,LAMBAYEQUE,CHICLAYO,MONSEFU,PARTIDO HUMANISTA PERUANO,765
130106,LAMBAYEQUE,CHICLAYO,MONSEFU,PERU POSIBLE,1366
130107,LAMBAYEQUE,CHICLAYO,NUEVA ARICA,ALIANZA PARA EL PROGRESO,237
130107,LAMBAYEQUE,CHICLAYO,NUEVA ARICA,AMISTAD SOLIDARIA INDEPENDIENTE,105
130107,LAMBAYEQUE,CHICLAYO,NUEVA ARICA,FONAVISTAS DEL PERU,13
130107,LAMBAYEQUE,CHICLAYO,NUEVA ARICA,FUERZA SOCIAL PROGRESISTA,181
130107,LAMBAYEQUE,CHICLAYO,NUEVA ARICA,MOVIMIENTO INDEPENDIENTE TODOS POR LAMBAYEQUE,17
130107,LAMBAYEQUE,CHICLAYO,NUEVA ARICA,MOVIMIENTO REGIONAL DE LAS MANOS LIMPIAS,378
130107,LAMBAYEQUE,CHICLAYO,NUEVA ARICA,PARTIDO APRISTA PERUANO,510
130107,LAMBAYEQUE,CHICLAYO,NUEVA ARICA,PARTIDO HUMANISTA PERUANO,34
130108,LAMBAYEQUE,CHICLAYO,OYOTUN,ALIANZA PARA EL PROGRESO,1619
130108,LAMBAYEQUE,CHICLAYO,OYOTUN,AMISTAD SOLIDARIA INDEPENDIENTE,319
130108,LAMBAYEQUE,CHICLAYO,OYOTUN,FUERZA 2011,629
130108,LAMBAYEQUE,CHICLAYO,OYOTUN,FUERZA SOCIAL PROGRESISTA,96
130108,LAMBAYEQUE,CHICLAYO,OYOTUN,MOVIMIENTO REGIONAL DE LAS MANOS LIMPIAS,997
130108,LAMBAYEQUE,CHICLAYO,OYOTUN,PARTIDO APRISTA PERUANO,878
130109,LAMBAYEQUE,CHICLAYO,PICSI,ALIANZA PARA EL PROGRESO,705
130109,LAMBAYEQUE,CHICLAYO,PICSI,FUERZA 2011,77
130109,LAMBAYEQUE,CHICLAYO,PICSI,FUERZA PICSI,1508
130109,LAMBAYEQUE,CHICLAYO,PICSI,FUERZA SOCIAL PROGRESISTA,92
130109,LAMBAYEQUE,CHICLAYO,PICSI,MOVIMIENTO REGIONAL DE LAS MANOS LIMPIAS,911
130109,LAMBAYEQUE,CHICLAYO,PICSI,PARTIDO APRISTA PERUANO,1750
130110,LAMBAYEQUE,CHICLAYO,PIMENTEL,ALIANZA PARA EL PROGRESO,814
130110,LAMBAYEQUE,CHICLAYO,PIMENTEL,DESPERTAR PIMENTEL,255
130110,LAMBAYEQUE,CHICLAYO,PIMENTEL,FONAVISTAS DEL PERU,77
130110,LAMBAYEQUE,CHICLAYO,PIMENTEL,FUERZA 2011,1798
130110,LAMBAYEQUE,CHICLAYO,PIMENTEL,FUERZA SOCIAL PROGRESISTA,3575
130110,LAMBAYEQUE,CHICLAYO,PIMENTEL,PARTIDO APRISTA PERUANO,355
130110,LAMBAYEQUE,CHICLAYO,PIMENTEL,SIGAMOS MODERNIZANDO PIMENTEL,3527
130111,LAMBAYEQUE,CHICLAYO,REQUE,ACCION POPULAR,1517
130111,LAMBAYEQUE,CHICLAYO,REQUE,ALIANZA PARA EL PROGRESO,1758
130111,LAMBAYEQUE,CHICLAYO,REQUE,AMISTAD SOLIDARIA INDEPENDIENTE,176
130111,LAMBAYEQUE,CHICLAYO,REQUE,FUERZA 2011,264
130111,LAMBAYEQUE,CHICLAYO,REQUE,FUERZA SOCIAL PROGRESISTA,1017
130111,LAMBAYEQUE,CHICLAYO,REQUE,MOVIMIENTO INDEPENDIENTE TODOS POR LAMBAYEQUE,280
130111,LAMBAYEQUE,CHICLAYO,REQUE,MOVIMIENTO REGIONAL DE LAS MANOS LIMPIAS,160
130111,LAMBAYEQUE,CHICLAYO,REQUE,PARTIDO APRISTA PERUANO,895
130111,LAMBAYEQUE,CHICLAYO,REQUE,PARTIDO HUMANISTA PERUANO,843
130111,LAMBAYEQUE,CHICLAYO,REQUE,PERU POSIBLE,41
130112,LAMBAYEQUE,CHICLAYO,JOSE LEONARDO ORTIZ,ACCION POPULAR,1105
130112,LAMBAYEQUE,CHICLAYO,JOSE LEONARDO ORTIZ,ALIANZA PARA EL PROGRESO,15335
130112,LAMBAYEQUE,CHICLAYO,JOSE LEONARDO ORTIZ,BLOQUE POPULAR LAMBAYEQUE,1430
130112,LAMBAYEQUE,CHICLAYO,JOSE LEONARDO ORTIZ,FUERZA 2011,2230
130112,LAMBAYEQUE,CHICLAYO,JOSE LEONARDO ORTIZ,MOVIMIENTO INDEPENDIENTE TODOS POR LAMBAYEQUE,7603
130112,LAMBAYEQUE,CHICLAYO,JOSE LEONARDO ORTIZ,MOVIMIENTO REGIONAL DE LAS MANOS LIMPIAS,10839
130112,LAMBAYEQUE,CHICLAYO,JOSE LEONARDO ORTIZ,MOVIMIENTO REGIONAL LAMBAYECANO PODER PARA TODOS,511
130112,LAMBAYEQUE,CHICLAYO,JOSE LEONARDO ORTIZ,PARTIDO APRISTA PERUANO,10797
130112,LAMBAYEQUE,CHICLAYO,JOSE LEONARDO ORTIZ,PARTIDO DEMOCRATICO SOMOS PERU,522
130112,LAMBAYEQUE,CHICLAYO,JOSE LEONARDO ORTIZ,PARTIDO HUMANISTA PERUANO,20213
130112,LAMBAYEQUE,CHICLAYO,JOSE LEONARDO ORTIZ,PERU POSIBLE,3255
130112,LAMBAYEQUE,CHICLAYO,JOSE LEONARDO ORTIZ,RESTAURACION NACIONAL,638
130113,LAMBAYEQUE,CHICLAYO,SANTA ROSA,ALIANZA PARA EL PROGRESO,1720
130113,LAMBAYEQUE,CHICLAYO,SANTA ROSA,FUERZA 2011,2277
130113,LAMBAYEQUE,CHICLAYO,SANTA ROSA,FUERZA SOCIAL PROGRESISTA,85
130113,LAMBAYEQUE,CHICLAYO,SANTA ROSA,PARTIDO APRISTA PERUANO,232
130113,LAMBAYEQUE,CHICLAYO,SANTA ROSA,PARTIDO HUMANISTA PERUANO,1435
130113,LAMBAYEQUE,CHICLAYO,SANTA ROSA,PERU POSIBLE,79
130114,LAMBAYEQUE,CHICLAYO,SAÑA,ALIANZA PARA EL PROGRESO,1168
130114,LAMBAYEQUE,CHICLAYO,SAÑA,FUERZA 2011,137
130114,LAMBAYEQUE,CHICLAYO,SAÑA,MOVIMIENTO REGIONAL DE LAS MANOS LIMPIAS,1548
130114,LAMBAYEQUE,CHICLAYO,SAÑA,PARTIDO APRISTA PERUANO,1484
130115,LAMBAYEQUE,CHICLAYO,LA VICTORIA,ALIANZA PARA EL PROGRESO,6727
130115,LAMBAYEQUE,CHICLAYO,LA VICTORIA,AMISTAD SOLIDARIA INDEPENDIENTE,7009
130115,LAMBAYEQUE,CHICLAYO,LA VICTORIA,FUERZA 2011,896
130115,LAMBAYEQUE,CHICLAYO,LA VICTORIA,FUERZA SOCIAL PROGRESISTA,969
130115,LAMBAYEQUE,CHICLAYO,LA VICTORIA,MOVIMIENTO INDEPENDIENTE TODOS POR LAMBAYEQUE,16529
130115,LAMBAYEQUE,CHICLAYO,LA VICTORIA,MOVIMIENTO REGIONAL DE LAS MANOS LIMPIAS,2324
130115,LAMBAYEQUE,CHICLAYO,LA VICTORIA,PARTIDO APRISTA PERUANO,2065
130115,LAMBAYEQUE,CHICLAYO,LA VICTORIA,PERU POSIBLE,468
130116,LAMBAYEQUE,CHICLAYO,CAYALTI,ALIANZA PARA EL PROGRESO,1189
130116,LAMBAYEQUE,CHICLAYO,CAYALTI,AVANZA CAYALTI,1045
130116,LAMBAYEQUE,CHICLAYO,CAYALTI,FUERZA 2011,101
130116,LAMBAYEQUE,CHICLAYO,CAYALTI,FUERZA SOCIAL PROGRESISTA,106
130116,LAMBAYEQUE,CHICLAYO,CAYALTI,MAYORIA AUTONOMA CAYALTI AL DESARROLLO,1795
130116,LAMBAYEQUE,CHICLAYO,CAYALTI,MOVIMIENTO REGIONAL DE LAS MANOS LIMPIAS,1685
130116,LAMBAYEQUE,CHICLAYO,CAYALTI,MOVIMIENTO TIERRA Y LIBERTAD LAMBAYEQUE,434
130116,LAMBAYEQUE,CHICLAYO,CAYALTI,PARTIDO APRISTA PERUANO,625
130117,LAMBAYEQUE,CHICLAYO,PATAPO,ALIANZA PARA EL PROGRESO,105
130117,LAMBAYEQUE,CHICLAYO,PATAPO,AMISTAD SOLIDARIA INDEPENDIENTE,132
130117,LAMBAYEQUE,CHICLAYO,PATAPO,BLOQUE POPULAR LAMBAYEQUE,16
130117,LAMBAYEQUE,CHICLAYO,PATAPO,FONAVISTAS DEL PERU,6
130117,LAMBAYEQUE,CHICLAYO,PATAPO,MOVIMIENTO REGIONAL DE LAS MANOS LIMPIAS,130
130117,LAMBAYEQUE,CHICLAYO,PATAPO,PARTIDO APRISTA PERUANO,228
130118,LAMBAYEQUE,CHICLAYO,POMALCA,ALIANZA PARA EL PROGRESO,817
130118,LAMBAYEQUE,CHICLAYO,POMALCA,AMISTAD SOLIDARIA INDEPENDIENTE,3727
130118,LAMBAYEQUE,CHICLAYO,POMALCA,FONAVISTAS DEL PERU,642
130118,LAMBAYEQUE,CHICLAYO,POMALCA,FUERZA 2011,673
130118,LAMBAYEQUE,CHICLAYO,POMALCA,FUERZA SOCIAL PROGRESISTA,376
130118,LAMBAYEQUE,CHICLAYO,POMALCA,MOVIMIENTO REGIONAL DE LAS MANOS LIMPIAS,2592
130118,LAMBAYEQUE,CHICLAYO,POMALCA,PARTIDO APRISTA PERUANO,2248
130118,LAMBAYEQUE,CHICLAYO,POMALCA,PARTIDO HUMANISTA PERUANO,662
130119,LAMBAYEQUE,CHICLAYO,PUCALA,ALIANZA PARA EL PROGRESO,292
130119,LAMBAYEQUE,CHICLAYO,PUCALA,AMISTAD SOLIDARIA INDEPENDIENTE,275
130119,LAMBAYEQUE,CHICLAYO,PUCALA,CONTIGO LAMBAYEQUE,470
130119,LAMBAYEQUE,CHICLAYO,PUCALA,FUERZA 2011,607
130119,LAMBAYEQUE,CHICLAYO,PUCALA,FUERZA SOCIAL PROGRESISTA,156
130119,LAMBAYEQUE,CHICLAYO,PUCALA,MOVIMIENTO INDEPENDIENTE TODOS POR LAMBAYEQUE,370
130119,LAMBAYEQUE,CHICLAYO,PUCALA,MOVIMIENTO REGIONAL DE LAS MANOS LIMPIAS,345
130119,LAMBAYEQUE,CHICLAYO,PUCALA,PARTIDO APRISTA PERUANO,699
130119,LAMBAYEQUE,CHICLAYO,PUCALA,PARTIDO HUMANISTA PERUANO,97
130120,LAMBAYEQUE,CHICLAYO,TUMAN,ACCION POPULAR,145
130120,LAMBAYEQUE,CHICLAYO,TUMAN,ALIANZA PARA EL PROGRESO,1149
130120,LAMBAYEQUE,CHICLAYO,TUMAN,FONAVISTAS DEL PERU,110
130120,LAMBAYEQUE,CHICLAYO,TUMAN,FUERZA 2011,565
130120,LAMBAYEQUE,CHICLAYO,TUMAN,FUERZA SOCIAL PROGRESISTA,404
130120,LAMBAYEQUE,CHICLAYO,TUMAN,INTEGREMOS TUMAN,3466
130120,LAMBAYEQUE,CHICLAYO,TUMAN,MOVIMIENTO INDEPENDIENTE TODOS POR LAMBAYEQUE,5705
130120,LAMBAYEQUE,CHICLAYO,TUMAN,TUMAN GENERACION AL CAMBIO,313
130120,LAMBAYEQUE,CHICLAYO,TUMAN,UNIDOS POR TUMAN,2952
130202,LAMBAYEQUE,FERREÑAFE,INCAHUASI,ACCION POPULAR,1192
130202,LAMBAYEQUE,FERREÑAFE,INCAHUASI,ALIANZA PARA EL PROGRESO,726
130202,LAMBAYEQUE,FERREÑAFE,INCAHUASI,AMISTAD SOLIDARIA INDEPENDIENTE,105
130202,LAMBAYEQUE,FERREÑAFE,INCAHUASI,CONTIGO LAMBAYEQUE,87
130202,LAMBAYEQUE,FERREÑAFE,INCAHUASI,FUERZA 2011,27
130202,LAMBAYEQUE,FERREÑAFE,INCAHUASI,MOVIMIENTO REGIONAL DE LAS MANOS LIMPIAS,31
130202,LAMBAYEQUE,FERREÑAFE,INCAHUASI,PARTIDO APRISTA PERUANO,199
130202,LAMBAYEQUE,FERREÑAFE,INCAHUASI,PARTIDO HUMANISTA PERUANO,1612
130202,LAMBAYEQUE,FERREÑAFE,INCAHUASI,SIEMPRE INTEGRACION,1565
130203,LAMBAYEQUE,FERREÑAFE,CAÑARIS,ACCION POPULAR,1790
130203,LAMBAYEQUE,FERREÑAFE,CAÑARIS,ALIANZA PARA EL PROGRESO,1275
130203,LAMBAYEQUE,FERREÑAFE,CAÑARIS,AMISTAD SOLIDARIA INDEPENDIENTE,82
130203,LAMBAYEQUE,FERREÑAFE,CAÑARIS,FUERZA 2011,26
130203,LAMBAYEQUE,FERREÑAFE,CAÑARIS,PARTIDO APRISTA PERUANO,1027
130203,LAMBAYEQUE,FERREÑAFE,CAÑARIS,PULLA KAÑARISPAQ,816
130204,LAMBAYEQUE,FERREÑAFE,PITIPO,ACCION POPULAR,1939
130204,LAMBAYEQUE,FERREÑAFE,PITIPO,ALIANZA PARA EL PROGRESO,3150
130204,LAMBAYEQUE,FERREÑAFE,PITIPO,FUERZA 2011,170
130204,LAMBAYEQUE,FERREÑAFE,PITIPO,FUERZA SOCIAL PROGRESISTA,519
130204,LAMBAYEQUE,FERREÑAFE,PITIPO,PARTIDO APRISTA PERUANO,2306
130204,LAMBAYEQUE,FERREÑAFE,PITIPO,PARTIDO HUMANISTA PERUANO,133
130204,LAMBAYEQUE,FERREÑAFE,PITIPO,PERU POSIBLE,46
130205,LAMBAYEQUE,FERREÑAFE,PUEBLO NUEVO,ACCION POPULAR,2071
130205,LAMBAYEQUE,FERREÑAFE,PUEBLO NUEVO,FUERZA 2011,294
130205,LAMBAYEQUE,FERREÑAFE,PUEBLO NUEVO,FUERZA SOCIAL PROGRESISTA,142
130205,LAMBAYEQUE,FERREÑAFE,PUEBLO NUEVO,MOVIMIENTO INDEPENDIENTE TODOS POR LAMBAYEQUE,1920
130205,LAMBAYEQUE,FERREÑAFE,PUEBLO NUEVO,PARTIDO APRISTA PERUANO,972
130205,LAMBAYEQUE,FERREÑAFE,PUEBLO NUEVO,PRIMERO PUEBLO NUEVO,1058
130206,LAMBAYEQUE,FERREÑAFE,MANUEL ANTONIO MESONES MURO,ACCION POPULAR,614
130206,LAMBAYEQUE,FERREÑAFE,MANUEL ANTONIO MESONES MURO,ALIANZA PARA EL PROGRESO,561
130206,LAMBAYEQUE,FERREÑAFE,MANUEL ANTONIO MESONES MURO,FUERZA 2011,296
130206,LAMBAYEQUE,FERREÑAFE,MANUEL ANTONIO MESONES MURO,PARTIDO APRISTA PERUANO,514
130206,LAMBAYEQUE,FERREÑAFE,MANUEL ANTONIO MESONES MURO,PARTIDO HUMANISTA PERUANO,111
130302,LAMBAYEQUE,LAMBAYEQUE,CHOCHOPE,ALIANZA PARA EL PROGRESO,249
130302,LAMBAYEQUE,LAMBAYEQUE,CHOCHOPE,AMISTAD SOLIDARIA INDEPENDIENTE,148
130302,LAMBAYEQUE,LAMBAYEQUE,CHOCHOPE,FUERZA 2011,19
130302,LAMBAYEQUE,LAMBAYEQUE,CHOCHOPE,FUERZA SOCIAL PROGRESISTA,2
130302,LAMBAYEQUE,LAMBAYEQUE,CHOCHOPE,PARTIDO APRISTA PERUANO,55
130302,LAMBAYEQUE,LAMBAYEQUE,CHOCHOPE,PARTIDO HUMANISTA PERUANO,276
130302,LAMBAYEQUE,LAMBAYEQUE,CHOCHOPE,PERU POSIBLE,99
130303,LAMBAYEQUE,LAMBAYEQUE,ILLIMO,ALIANZA PARA EL PROGRESO,921
130303,LAMBAYEQUE,LAMBAYEQUE,ILLIMO,FUERZA 2011,1090
130303,LAMBAYEQUE,LAMBAYEQUE,ILLIMO,PARTIDO APRISTA PERUANO,1102
130303,LAMBAYEQUE,LAMBAYEQUE,ILLIMO,PARTIDO HUMANISTA PERUANO,1953
130304,LAMBAYEQUE,LAMBAYEQUE,JAYANCA,ACCION POPULAR,419
130304,LAMBAYEQUE,LAMBAYEQUE,JAYANCA,ALIANZA PARA EL PROGRESO,3014
130304,LAMBAYEQUE,LAMBAYEQUE,JAYANCA,AMISTAD SOLIDARIA INDEPENDIENTE,1049
130304,LAMBAYEQUE,LAMBAYEQUE,JAYANCA,FUERZA SOCIAL PROGRESISTA,41
130304,LAMBAYEQUE,LAMBAYEQUE,JAYANCA,PARTIDO APRISTA PERUANO,2548
130304,LAMBAYEQUE,LAMBAYEQUE,JAYANCA,PARTIDO HUMANISTA PERUANO,177
130304,LAMBAYEQUE,LAMBAYEQUE,JAYANCA,UNIDAD JAYANCANA,65
130305,LAMBAYEQUE,LAMBAYEQUE,MOCHUMI,ACCION POPULAR,705
130305,LAMBAYEQUE,LAMBAYEQUE,MOCHUMI,ALIANZA PARA EL PROGRESO,2264
130305,LAMBAYEQUE,LAMBAYEQUE,MOCHUMI,AMISTAD SOLIDARIA INDEPENDIENTE,357
130305,LAMBAYEQUE,LAMBAYEQUE,MOCHUMI,FUERZA 2011,1103
130305,LAMBAYEQUE,LAMBAYEQUE,MOCHUMI,PAN CON LIBERTAD,1973
130305,LAMBAYEQUE,LAMBAYEQUE,MOCHUMI,PARTIDO APRISTA PERUANO,1034
130305,LAMBAYEQUE,LAMBAYEQUE,MOCHUMI,PARTIDO HUMANISTA PERUANO,1473
130305,LAMBAYEQUE,LAMBAYEQUE,MOCHUMI,RESTAURACION NACIONAL,404
130306,LAMBAYEQUE,LAMBAYEQUE,MORROPE,ACCION POPULAR,1115
130306,LAMBAYEQUE,LAMBAYEQUE,MORROPE,ALIANZA PARA EL PROGRESO,1983
130306,LAMBAYEQUE,LAMBAYEQUE,MORROPE,FUERZA 2011,2215
130306,LAMBAYEQUE,LAMBAYEQUE,MORROPE,PARTIDO APRISTA PERUANO,7354
130306,LAMBAYEQUE,LAMBAYEQUE,MORROPE,PARTIDO HUMANISTA PERUANO,5930
130307,LAMBAYEQUE,LAMBAYEQUE,MOTUPE,ALIANZA PARA EL PROGRESO,718
130307,LAMBAYEQUE,LAMBAYEQUE,MOTUPE,AMISTAD SOLIDARIA INDEPENDIENTE,647
130307,LAMBAYEQUE,LAMBAYEQUE,MOTUPE,CONVERGENCIA CAMPESINA MOTUPANA,78
130307,LAMBAYEQUE,LAMBAYEQUE,MOTUPE,FUERZA 2011,209
130307,LAMBAYEQUE,LAMBAYEQUE,MOTUPE,FUERZA SOCIAL PROGRESISTA,2410
130307,LAMBAYEQUE,LAMBAYEQUE,MOTUPE,PARTIDO APRISTA PERUANO,4248
130307,LAMBAYEQUE,LAMBAYEQUE,MOTUPE,PARTIDO HUMANISTA PERUANO,3614
130308,LAMBAYEQUE,LAMBAYEQUE,OLMOS,ACCION POPULAR,989
130308,LAMBAYEQUE,LAMBAYEQUE,OLMOS,ALIANZA PARA EL PROGRESO,5151
130308,LAMBAYEQUE,LAMBAYEQUE,OLMOS,AMISTAD SOLIDARIA INDEPENDIENTE,2046
130308,LAMBAYEQUE,LAMBAYEQUE,OLMOS,FUERZA 2011,917
130308,LAMBAYEQUE,LAMBAYEQUE,OLMOS,FUERZA OLMOS,384
130308,LAMBAYEQUE,LAMBAYEQUE,OLMOS,MOVIMIENTO REGIONAL POR TI LAMBAYEQUE,422
130308,LAMBAYEQUE,LAMBAYEQUE,OLMOS,OLMOS UNIFICADO,408
130308,LAMBAYEQUE,LAMBAYEQUE,OLMOS,PARTIDO APRISTA PERUANO,3748
130308,LAMBAYEQUE,LAMBAYEQUE,OLMOS,PARTIDO HUMANISTA PERUANO,4819
130308,LAMBAYEQUE,LAMBAYEQUE,OLMOS,PERU POSIBLE,91
130309,LAMBAYEQUE,LAMBAYEQUE,PACORA,ACCION POPULAR,124
130309,LAMBAYEQUE,LAMBAYEQUE,PACORA,ALIANZA PARA EL PROGRESO,232
130309,LAMBAYEQUE,LAMBAYEQUE,PACORA,CONTIGO LAMBAYEQUE,395
130309,LAMBAYEQUE,LAMBAYEQUE,PACORA,FONAVISTAS DEL PERU,80
130309,LAMBAYEQUE,LAMBAYEQUE,PACORA,PARTIDO APRISTA PERUANO,1520
130309,LAMBAYEQUE,LAMBAYEQUE,PACORA,PARTIDO HUMANISTA PERUANO,1323
130310,LAMBAYEQUE,LAMBAYEQUE,SALAS,ACCION POPULAR,522
130310,LAMBAYEQUE,LAMBAYEQUE,SALAS,ALIANZA PARA EL PROGRESO,1581
130310,LAMBAYEQUE,LAMBAYEQUE,SALAS,FUERZA 2011,23
130310,LAMBAYEQUE,LAMBAYEQUE,SALAS,PARTIDO APRISTA PERUANO,1846
130310,LAMBAYEQUE,LAMBAYEQUE,SALAS,PARTIDO DEMOCRATICO SOMOS PERU,2068
130310,LAMBAYEQUE,LAMBAYEQUE,SALAS,PERU POSIBLE,31
130311,LAMBAYEQUE,LAMBAYEQUE,SAN JOSE,ACCION POPULAR,334
130311,LAMBAYEQUE,LAMBAYEQUE,SAN JOSE,ALIANZA PARA EL PROGRESO,1351
130311,LAMBAYEQUE,LAMBAYEQUE,SAN JOSE,AMISTAD SOLIDARIA INDEPENDIENTE,1349
130311,LAMBAYEQUE,LAMBAYEQUE,SAN JOSE,BLOQUE POPULAR LAMBAYEQUE,390
130311,LAMBAYEQUE,LAMBAYEQUE,SAN JOSE,FUERZA 2011,678
130311,LAMBAYEQUE,LAMBAYEQUE,SAN JOSE,MOVIMIENTO INDEPENDIENTE TODOS POR LAMBAYEQUE,1122
130311,LAMBAYEQUE,LAMBAYEQUE,SAN JOSE,PARTIDO APRISTA PERUANO,1460
130312,LAMBAYEQUE,LAMBAYEQUE,TUCUME,ALIANZA PARA EL PROGRESO,0
130312,LAMBAYEQUE,LAMBAYEQUE,TUCUME,FUERZA 2011,0
130312,LAMBAYEQUE,LAMBAYEQUE,TUCUME,PARTIDO APRISTA PERUANO,0
140102,LIMA,LIMA,ANCON,ALIANZA ANCONERA,249
140102,LIMA,LIMA,ANCON,DE ANCON PARA EL PERU,1324
140102,LIMA,LIMA,ANCON,PARTIDO APRISTA PERUANO,1233
140102,LIMA,LIMA,ANCON,PERU POSIBLE,3285
140102,LIMA,LIMA,ANCON,RESTAURACION NACIONAL,1059
140102,LIMA,LIMA,ANCON,SIEMPRE UNIDOS,4118
140102,LIMA,LIMA,ANCON,UNION POR EL PERU,5490
140103,LIMA,LIMA,ATE,ACCION POPULAR,1931
140103,LIMA,LIMA,ATE,AGRUPACION INDEPENDIENTE SI CUMPLE,1290
140103,LIMA,LIMA,ATE,ALIANZA PARA EL PROGRESO,2791
140103,LIMA,LIMA,ATE,CAMBIO 90,2758
140103,LIMA,LIMA,ATE,CAMBIO RADICAL,59134
140103,LIMA,LIMA,ATE,FONAVISTAS DEL PERU,2137
140103,LIMA,LIMA,ATE,PARTIDO APRISTA PERUANO,1661
140103,LIMA,LIMA,ATE,PARTIDO DEMOCRATICO SOMOS PERU,75812
140103,LIMA,LIMA,ATE,PARTIDO DESCENTRALISTA FUERZA SOCIAL,29260
140103,LIMA,LIMA,ATE,PERU POSIBLE,12201
140103,LIMA,LIMA,ATE,RESTAURACION NACIONAL,11121
140103,LIMA,LIMA,ATE,SIEMPRE UNIDOS,5303
140104,LIMA,LIMA,BREÑA,ACCION POPULAR,1663
140104,LIMA,LIMA,BREÑA,ALIANZA PARA EL PROGRESO,986
140104,LIMA,LIMA,BREÑA,CAMBIO 90,422
140104,LIMA,LIMA,BREÑA,CAMBIO RADICAL,3573
140104,LIMA,LIMA,BREÑA,FONAVISTAS DEL PERU,814
140104,LIMA,LIMA,BREÑA,FUERZA VECINAL DE BREÑA,676
140104,LIMA,LIMA,BREÑA,PARTIDO APRISTA PERUANO,20284
140104,LIMA,LIMA,BREÑA,PARTIDO DEMOCRATICO SOMOS PERU,8181
140104,LIMA,LIMA,BREÑA,PARTIDO DESCENTRALISTA FUERZA SOCIAL,10664
140104,LIMA,LIMA,BREÑA,PARTIDO HUMANISTA PERUANO,395
140104,LIMA,LIMA,BREÑA,RESTAURACION NACIONAL,3527
140104,LIMA,LIMA,BREÑA,SIEMPRE UNIDOS,1684
140105,LIMA,LIMA,CARABAYLLO,ACCION ETNONACIONALISTA DE CARABAYLLO,2072
140105,LIMA,LIMA,CARABAYLLO,ACCION POPULAR,1373
140105,LIMA,LIMA,CARABAYLLO,ALIANZA PARA EL PROGRESO,2399
140105,LIMA,LIMA,CARABAYLLO,CAMBIEMOS LA VIDA EN SAN PEDRO DE CARABAYLLO,555
140105,LIMA,LIMA,CARABAYLLO,CAMBIO 90,2349
140105,LIMA,LIMA,CARABAYLLO,CAMBIO RADICAL,9497
140105,LIMA,LIMA,CARABAYLLO,FONAVISTAS DEL PERU,1351
140105,LIMA,LIMA,CARABAYLLO,JOVENES EN ACCION,660
140105,LIMA,LIMA,CARABAYLLO,MOVIMIENTO NUEVA IZQUIERDA,1161
140105,LIMA,LIMA,CARABAYLLO,PARTIDO APRISTA PERUANO,3257
140105,LIMA,LIMA,CARABAYLLO,PARTIDO DEMOCRATICO SOMOS PERU,2018
140105,LIMA,LIMA,CARABAYLLO,PARTIDO HUMANISTA PERUANO,1195
140105,LIMA,LIMA,CARABAYLLO,PERU POSIBLE,15981
140105,LIMA,LIMA,CARABAYLLO,RESTAURACION NACIONAL,6605
140105,LIMA,LIMA,CARABAYLLO,SIEMPRE UNIDOS,11927
140105,LIMA,LIMA,CARABAYLLO,SOMOS ACCION VECINAL,10994
140105,LIMA,LIMA,CARABAYLLO,UNION POR EL PERU,1872
140106,LIMA,LIMA,COMAS,ACCION POPULAR,2370
140106,LIMA,LIMA,COMAS,ALIANZA PARA EL PROGRESO,2417
140106,LIMA,LIMA,COMAS,CAMBIO RADICAL,3711
140106,LIMA,LIMA,COMAS,COMAS AL ENCUENTRO CON CRISTO,3164
140106,LIMA,LIMA,COMAS,DESPERTAR NACIONAL,1656
140106,LIMA,LIMA,COMAS,FONAVISTAS DEL PERU,2772
140106,LIMA,LIMA,COMAS,PARTIDO APRISTA PERUANO,3829
140106,LIMA,LIMA,COMAS,PARTIDO DEMOCRATICO SOMOS PERU,4980
140106,LIMA,LIMA,COMAS,PARTIDO DESCENTRALISTA FUERZA SOCIAL,33344
140106,LIMA,LIMA,COMAS,PARTIDO HUMANISTA PERUANO,760
140106,LIMA,LIMA,COMAS,PERU POSIBLE,3365
140106,LIMA,LIMA,COMAS,RESTAURACION NACIONAL,14569
140106,LIMA,LIMA,COMAS,SIEMPRE UNIDOS,121051
140106,LIMA,LIMA,COMAS,UNION POR EL PERU,4156
140107,LIMA,LIMA,CHACLACAYO,ACCION POPULAR,1218
140107,LIMA,LIMA,CHACLACAYO,ALIANZA PARA EL PROGRESO,1142
140107,LIMA,LIMA,CHACLACAYO,CAMBIO RADICAL,7456
140107,LIMA,LIMA,CHACLACAYO,DESPERTAR NACIONAL,210
140107,LIMA,LIMA,CHACLACAYO,FONAVISTAS DEL PERU,320
140107,LIMA,LIMA,CHACLACAYO,LOBOBRAS...VUELVE,5921
140107,LIMA,LIMA,CHACLACAYO,PARTIDO APRISTA PERUANO,500
140107,LIMA,LIMA,CHACLACAYO,PARTIDO DEMOCRATICO SOMOS PERU,1837
140107,LIMA,LIMA,CHACLACAYO,PARTIDO DESCENTRALISTA FUERZA SOCIAL,1935
140107,LIMA,LIMA,CHACLACAYO,VAMOS CHACLACAYO,2104
140108,LIMA,LIMA,CHORRILLOS,ACCION POPULAR,4699
140108,LIMA,LIMA,CHORRILLOS,ALIANZA PARA EL PROGRESO,3002
140108,LIMA,LIMA,CHORRILLOS,FONAVISTAS DEL PERU,1508
140108,LIMA,LIMA,CHORRILLOS,MAS OBRAS Y DESARROLLO SOCIAL,96377
140108,LIMA,LIMA,CHORRILLOS,PARTIDO APRISTA PERUANO,4694
140108,LIMA,LIMA,CHORRILLOS,PARTIDO DESCENTRALISTA FUERZA SOCIAL,14493
140108,LIMA,LIMA,CHORRILLOS,PARTIDO HUMANISTA PERUANO,611
140108,LIMA,LIMA,CHORRILLOS,PERU POSIBLE,2818
140108,LIMA,LIMA,CHORRILLOS,RESTAURACION NACIONAL,5518
140108,LIMA,LIMA,CHORRILLOS,SIEMPRE UNIDOS,2217
140108,LIMA,LIMA,CHORRILLOS,UNIDAD DISTRITAL CHORRILLANA,13338
140109,LIMA,LIMA,LA VICTORIA,ACCION POPULAR,6520
140109,LIMA,LIMA,LA VICTORIA,ALIANZA PARA EL PROGRESO,3464
140109,LIMA,LIMA,LA VICTORIA,CAMBIO RADICAL,18999
140109,LIMA,LIMA,LA VICTORIA,FONAVISTAS DEL PERU,11159
140109,LIMA,LIMA,LA VICTORIA,PARTIDO APRISTA PERUANO,6921
140109,LIMA,LIMA,LA VICTORIA,PARTIDO DEMOCRATICO SOMOS PERU,14482
140109,LIMA,LIMA,LA VICTORIA,PARTIDO HUMANISTA PERUANO,782
140109,LIMA,LIMA,LA VICTORIA,PERU POSIBLE,3649
140109,LIMA,LIMA,LA VICTORIA,RESTAURACION NACIONAL,15597
140109,LIMA,LIMA,LA VICTORIA,SIEMPRE UNIDOS,5454
140110,LIMA,LIMA,LA MOLINA,ACCION POPULAR,2508
140110,LIMA,LIMA,LA MOLINA,CAMBIO RADICAL,19372
140110,LIMA,LIMA,LA MOLINA,JUNTOS POR LA MOLINA,6482
140110,LIMA,LIMA,LA MOLINA,LA MOLINA BELLA Y SEGURA,1021
140110,LIMA,LIMA,LA MOLINA,LA MOLINA HACIA EL GRAN CAMBIO,1135
140110,LIMA,LIMA,LA MOLINA,PARTIDO APRISTA PERUANO,1885
140110,LIMA,LIMA,LA MOLINA,PARTIDO DEMOCRATICO SOMOS PERU,36546
140110,LIMA,LIMA,LA MOLINA,RESTAURACION NACIONAL,7657
140110,LIMA,LIMA,LA MOLINA,TODOS POR EL PERU,452
140110,LIMA,LIMA,LA MOLINA,U.T. VIVA LA MOLINA,2735
140111,LIMA,LIMA,LINCE,ACCION POPULAR,1506
140111,LIMA,LIMA,LINCE,AGRUPACION VECINAL ALTERNATIVA LINCEÑA,743
140111,LIMA,LIMA,LINCE,ALIANZA PARA EL PROGRESO,403
140111,LIMA,LIMA,LINCE,CAMBIO 90,531
140111,LIMA,LIMA,LINCE,CAMBIO RADICAL,8695
140111,LIMA,LIMA,LINCE,FONAVISTAS DEL PERU,510
140111,LIMA,LIMA,LINCE,PARTIDO APRISTA PERUANO,1688
140111,LIMA,LIMA,LINCE,PARTIDO DEMOCRATICO SOMOS PERU,3169
140111,LIMA,LIMA,LINCE,PARTIDO DESCENTRALISTA FUERZA SOCIAL,8289
140111,LIMA,LIMA,LINCE,PERU POSIBLE,1524
140111,LIMA,LIMA,LINCE,TODOS POR EL PERU,1720
140111,LIMA,LIMA,LINCE,UNION POR EL PERU,322
140111,LIMA,LIMA,LINCE,VOCES DE LINCE,5083
140112,LIMA,LIMA,LURIGANCHO,ACCION POPULAR,10496
140112,LIMA,LIMA,LURIGANCHO,ALIANZA PARA EL PROGRESO,7460
140112,LIMA,LIMA,LURIGANCHO,CAMBIO RADICAL,21812
140112,LIMA,LIMA,LURIGANCHO,FONAVISTAS DEL PERU,815
140112,LIMA,LIMA,LURIGANCHO,PARTIDO APRISTA PERUANO,722
140112,LIMA,LIMA,LURIGANCHO,PARTIDO DEMOCRATICO SOMOS PERU,3269
140112,LIMA,LIMA,LURIGANCHO,PARTIDO DESCENTRALISTA FUERZA SOCIAL,7119
140112,LIMA,LIMA,LURIGANCHO,PERU POSIBLE,1684
140112,LIMA,LIMA,LURIGANCHO,RESTAURACION NACIONAL,4779
140112,LIMA,LIMA,LURIGANCHO,SIEMPRE UNIDOS,1396
140113,LIMA,LIMA,LURIN,ALIANZA PARA EL PROGRESO,658
140113,LIMA,LIMA,LURIN,CAMBIO RADICAL,1763
140113,LIMA,LIMA,LURIN,PARTIDO APRISTA PERUANO,12504
140113,LIMA,LIMA,LURIN,PARTIDO DEMOCRATICO SOMOS PERU,876
140113,LIMA,LIMA,LURIN,PARTIDO DESCENTRALISTA FUERZA SOCIAL,2815
140113,LIMA,LIMA,LURIN,RESTAURACION NACIONAL,2439
140114,LIMA,LIMA,MAGDALENA DEL MAR,ACCION POPULAR,1384
140114,LIMA,LIMA,MAGDALENA DEL MAR,ALIANZA PARA EL PROGRESO,1100
140114,LIMA,LIMA,MAGDALENA DEL MAR,CAMBIO RADICAL,1297
140114,LIMA,LIMA,MAGDALENA DEL MAR,FONAVISTAS DEL PERU,468
140114,LIMA,LIMA,MAGDALENA DEL MAR,MAGDALENA AVANZA,21983
140114,LIMA,LIMA,MAGDALENA DEL MAR,MAGDALENA UNIDA,1063
140114,LIMA,LIMA,MAGDALENA DEL MAR,PARTIDO APRISTA PERUANO,1329
140114,LIMA,LIMA,MAGDALENA DEL MAR,PARTIDO DEMOCRATICO SOMOS PERU,3904
140115,LIMA,LIMA,MIRAFLORES,ACCION POPULAR,1861
140115,LIMA,LIMA,MIRAFLORES,CAMBIO RADICAL,1145
140115,LIMA,LIMA,MIRAFLORES,PARTIDO APRISTA PERUANO,1977
140115,LIMA,LIMA,MIRAFLORES,PARTIDO DEMOCRATICO SOMOS PERU,35798
140115,LIMA,LIMA,MIRAFLORES,PARTIDO DESCENTRALISTA FUERZA SOCIAL,8066
140115,LIMA,LIMA,MIRAFLORES,PERU POSIBLE,1183
140115,LIMA,LIMA,MIRAFLORES,RESTAURACION NACIONAL,3731
140115,LIMA,LIMA,MIRAFLORES,SIEMPRE UNIDOS,796
140115,LIMA,LIMA,MIRAFLORES,UNION POR EL PERU,562
140116,LIMA,LIMA,PACHACAMAC,ACCION POPULAR,520
140116,LIMA,LIMA,PACHACAMAC,ALIANZA PARA EL PROGRESO,2171
140116,LIMA,LIMA,PACHACAMAC,CAMBIO 90,1963
140116,LIMA,LIMA,PACHACAMAC,CAMBIO RADICAL,1314
140116,LIMA,LIMA,PACHACAMAC,FONAVISTAS DEL PERU,1149
140116,LIMA,LIMA,PACHACAMAC,FRENTE PROGRESISTA PACHACAMAC,745
140116,LIMA,LIMA,PACHACAMAC,PARTIDO APRISTA PERUANO,2987
140116,LIMA,LIMA,PACHACAMAC,PARTIDO DEMOCRATICO SOMOS PERU,3423
140116,LIMA,LIMA,PACHACAMAC,PARTIDO HUMANISTA PERUANO,1565
140116,LIMA,LIMA,PACHACAMAC,PERU POSIBLE,447
140116,LIMA,LIMA,PACHACAMAC,RESTAURACION NACIONAL,6230
140116,LIMA,LIMA,PACHACAMAC,SIEMPRE UNIDOS,668
140116,LIMA,LIMA,PACHACAMAC,TRABAJEMOS POR PACHACAMAC,631
140116,LIMA,LIMA,PACHACAMAC,UNION POR EL PERU,793
140117,LIMA,LIMA,PUEBLO LIBRE,CAMBIO RADICAL,11843
140117,LIMA,LIMA,PUEBLO LIBRE,FONAVISTAS DEL PERU,745
140117,LIMA,LIMA,PUEBLO LIBRE,PARTIDO APRISTA PERUANO,2414
140117,LIMA,LIMA,PUEBLO LIBRE,PARTIDO DEMOCRATICO SOMOS PERU,3377
140117,LIMA,LIMA,PUEBLO LIBRE,PARTIDO DESCENTRALISTA FUERZA SOCIAL,14081
140117,LIMA,LIMA,PUEBLO LIBRE,RESTAURACION NACIONAL,4102
140118,LIMA,LIMA,PUCUSANA,ACCION POPULAR,305
140118,LIMA,LIMA,PUCUSANA,ALIANZA PARA EL PROGRESO,359
140118,LIMA,LIMA,PUCUSANA,CAMBIO RADICAL,1984
140118,LIMA,LIMA,PUCUSANA,FORJANDO PUCUSANA,1537
140118,LIMA,LIMA,PUCUSANA,PARTIDO APRISTA PERUANO,317
140118,LIMA,LIMA,PUCUSANA,PERU POSIBLE,117
140119,LIMA,LIMA,PUENTE PIEDRA,ACCION POPULAR,917
140119,LIMA,LIMA,PUENTE PIEDRA,ALIANZA PARA EL PROGRESO,1130
140119,LIMA,LIMA,PUENTE PIEDRA,CAMBIO RADICAL,15299
140119,LIMA,LIMA,PUENTE PIEDRA,DESPERTAR NACIONAL,885
140119,LIMA,LIMA,PUENTE PIEDRA,FONAVISTAS DEL PERU,898
140119,LIMA,LIMA,PUENTE PIEDRA,FUERZA NACIONAL,765
140119,LIMA,LIMA,PUENTE PIEDRA,PARTIDO APRISTA PERUANO,1347
140119,LIMA,LIMA,PUENTE PIEDRA,PARTIDO DESCENTRALISTA FUERZA SOCIAL,9227
140119,LIMA,LIMA,PUENTE PIEDRA,PARTIDO HUMANISTA PERUANO,2889
140119,LIMA,LIMA,PUENTE PIEDRA,PERU POSIBLE,28114
140119,LIMA,LIMA,PUENTE PIEDRA,SIEMPRE UNIDOS,36893
140120,LIMA,LIMA,PUNTA HERMOSA,ALIANZA PARA EL PROGRESO,622
140120,LIMA,LIMA,PUNTA HERMOSA,PARTIDO APRISTA PERUANO,231
140120,LIMA,LIMA,PUNTA HERMOSA,PARTIDO DEMOCRATICO SOMOS PERU,400
140120,LIMA,LIMA,PUNTA HERMOSA,PUNTA HERMOSA UNIDO,1199
140121,LIMA,LIMA,PUNTA NEGRA,ACCION POPULAR,142
140121,LIMA,LIMA,PUNTA NEGRA,ALIANZA PARA EL PROGRESO,1010
140121,LIMA,LIMA,PUNTA NEGRA,CAMBIO RADICAL,1196
140121,LIMA,LIMA,PUNTA NEGRA,PARTIDO APRISTA PERUANO,69
140121,LIMA,LIMA,PUNTA NEGRA,PARTIDO HUMANISTA PERUANO,256
140121,LIMA,LIMA,PUNTA NEGRA,SIEMPRE UNIDOS,36
140122,LIMA,LIMA,RIMAC,ACCION POPULAR,1905
140122,LIMA,LIMA,RIMAC,ALIANZA PARA EL PROGRESO,1632
140122,LIMA,LIMA,RIMAC,CAMBIO RADICAL,15867
140122,LIMA,LIMA,RIMAC,FONAVISTAS DEL PERU,1771
140122,LIMA,LIMA,RIMAC,PARTIDO APRISTA PERUANO,10585
140122,LIMA,LIMA,RIMAC,PARTIDO DEMOCRATICO SOMOS PERU,26676
140122,LIMA,LIMA,RIMAC,PARTIDO DESCENTRALISTA FUERZA SOCIAL,19896
140122,LIMA,LIMA,RIMAC,PERU POSIBLE,2306
140122,LIMA,LIMA,RIMAC,RESTAURACION NACIONAL,12728
140122,LIMA,LIMA,RIMAC,UNION POR EL PERU,5244
140123,LIMA,LIMA,SAN BARTOLO,ACCION POPULAR,69
140123,LIMA,LIMA,SAN BARTOLO,ALIANZA PARA EL PROGRESO,47
140123,LIMA,LIMA,SAN BARTOLO,CAMBIO RADICAL,239
140123,LIMA,LIMA,SAN BARTOLO,DE SAN BARTOLO PARA EL PERU,30
140123,LIMA,LIMA,SAN BARTOLO,DESPERTAR NACIONAL,170
140123,LIMA,LIMA,SAN BARTOLO,FONAVISTAS DEL PERU,66
140123,LIMA,LIMA,SAN BARTOLO,PARTIDO APRISTA PERUANO,83
140123,LIMA,LIMA,SAN BARTOLO,PARTIDO DEMOCRATICO SOMOS PERU,764
140123,LIMA,LIMA,SAN BARTOLO,PARTIDO HUMANISTA PERUANO,697
140123,LIMA,LIMA,SAN BARTOLO,RESTAURACION NACIONAL,54
140123,LIMA,LIMA,SAN BARTOLO,SAN BARTOLO SOLIDARIO,1211
140124,LIMA,LIMA,SAN ISIDRO,ACCION BUENOS CIUDADANOS,617
140124,LIMA,LIMA,SAN ISIDRO,CAMBIO RADICAL,1433
140124,LIMA,LIMA,SAN ISIDRO,INDEPENDIENTES DE ACCION,4248
140124,LIMA,LIMA,SAN ISIDRO,PARTIDO APRISTA PERUANO,910
140124,LIMA,LIMA,SAN ISIDRO,PARTIDO DEMOCRATICO SOMOS PERU,17446
140124,LIMA,LIMA,SAN ISIDRO,PARTIDO HUMANISTA PERUANO,401
140124,LIMA,LIMA,SAN ISIDRO,PARTIDO POLITICO ADELANTE,375
140124,LIMA,LIMA,SAN ISIDRO,PERU POSIBLE,1174
140124,LIMA,LIMA,SAN ISIDRO,TODOS POR EL PERU,821
140125,LIMA,LIMA,BARRANCO,ACCION POPULAR,667
140125,LIMA,LIMA,BARRANCO,ALIANZA PARA EL PROGRESO,1805
140125,LIMA,LIMA,BARRANCO,BARRANCO SOMOS TODOS,659
140125,LIMA,LIMA,BARRANCO,CAMBIO RADICAL,7950
140125,LIMA,LIMA,BARRANCO,DECISION CIUDADANA,4810
140125,LIMA,LIMA,BARRANCO,FONAVISTAS DEL PERU,236
140125,LIMA,LIMA,BARRANCO,PARTIDO APRISTA PERUANO,3717
140125,LIMA,LIMA,BARRANCO,PARTIDO DEMOCRATICO SOMOS PERU,1316
140125,LIMA,LIMA,BARRANCO,PARTIDO DESCENTRALISTA FUERZA SOCIAL,3123
140125,LIMA,LIMA,BARRANCO,RESTAURACION NACIONAL,1354
140125,LIMA,LIMA,BARRANCO,UNION POR EL PERU,263
140126,LIMA,LIMA,SAN MARTIN DE PORRES,ACCION POPULAR,4924
140126,LIMA,LIMA,SAN MARTIN DE PORRES,ALIANZA PARA EL PROGRESO,4294
140126,LIMA,LIMA,SAN MARTIN DE PORRES,CAMBIO 90,3791
140126,LIMA,LIMA,SAN MARTIN DE PORRES,CAMBIO RADICAL,69864
140126,LIMA,LIMA,SAN MARTIN DE PORRES,FONAVISTAS DEL PERU,3878
140126,LIMA,LIMA,SAN MARTIN DE PORRES,PARTIDO APRISTA PERUANO,12519
140126,LIMA,LIMA,SAN MARTIN DE PORRES,PARTIDO DEMOCRATICO SOMOS PERU,14348
140126,LIMA,LIMA,SAN MARTIN DE PORRES,PARTIDO DESCENTRALISTA FUERZA SOCIAL,53683
140126,LIMA,LIMA,SAN MARTIN DE PORRES,PARTIDO HUMANISTA PERUANO,4021
140126,LIMA,LIMA,SAN MARTIN DE PORRES,PERU POSIBLE,8117
140126,LIMA,LIMA,SAN MARTIN DE PORRES,RESTAURACION NACIONAL,15514
140126,LIMA,LIMA,SAN MARTIN DE PORRES,SIEMPRE UNIDOS,20802
140126,LIMA,LIMA,SAN MARTIN DE PORRES,UNION POR EL PERU,3251
140127,LIMA,LIMA,SAN MIGUEL,ACCION POPULAR,2864
140127,LIMA,LIMA,SAN MIGUEL,CAMBIO RADICAL,40531
140127,LIMA,LIMA,SAN MIGUEL,CUENTA CONMIGO SAN MIGUEL,4540
140127,LIMA,LIMA,SAN MIGUEL,FONAVISTAS DEL PERU,1003
140127,LIMA,LIMA,SAN MIGUEL,NUEVO IMPULSO VECINAL SAN MIGUEL,1087
140127,LIMA,LIMA,SAN MIGUEL,PARTIDO APRISTA PERUANO,1954
140127,LIMA,LIMA,SAN MIGUEL,PARTIDO DEMOCRATICO SOMOS PERU,17866
140127,LIMA,LIMA,SAN MIGUEL,PARTIDO HUMANISTA PERUANO,1297
140127,LIMA,LIMA,SAN MIGUEL,PERU POSIBLE,1988
140127,LIMA,LIMA,SAN MIGUEL,RESTAURACION NACIONAL,3744
140128,LIMA,LIMA,SANTA MARIA DEL MAR,ACCION POPULAR,469
140128,LIMA,LIMA,SANTA MARIA DEL MAR,CAMBIO RADICAL,80
140128,LIMA,LIMA,SANTA MARIA DEL MAR,PARTIDO APRISTA PERUANO,50
140128,LIMA,LIMA,SANTA MARIA DEL MAR,TODOS POR EL PERU,311
140129,LIMA,LIMA,SANTA ROSA,ACCION POPULAR,176
140129,LIMA,LIMA,SANTA ROSA,ALIANZA PARA EL PROGRESO,637
140129,LIMA,LIMA,SANTA ROSA,CAMBIO RADICAL,332
140129,LIMA,LIMA,SANTA ROSA,FONAVISTAS DEL PERU,114
140129,LIMA,LIMA,SANTA ROSA,FRENTE INDEPENDIENTE SANTARROSINO,174
140129,LIMA,LIMA,SANTA ROSA,PARTIDO APRISTA PERUANO,447
140129,LIMA,LIMA,SANTA ROSA,PARTIDO DEMOCRATICO SOMOS PERU,992
140129,LIMA,LIMA,SANTA ROSA,SANTA ROSA 2010,898
140129,LIMA,LIMA,SANTA ROSA,SIEMPRE UNIDOS,1189
140130,LIMA,LIMA,SANTIAGO DE SURCO,ACCION POPULAR,2873
140130,LIMA,LIMA,SANTIAGO DE SURCO,CAMBIO RADICAL,38520
140130,LIMA,LIMA,SANTIAGO DE SURCO,DESPERTAR NACIONAL,315
140130,LIMA,LIMA,SANTIAGO DE SURCO,FONAVISTAS DEL PERU,1423
140130,LIMA,LIMA,SANTIAGO DE SURCO,PARTIDO APRISTA PERUANO,4051
140130,LIMA,LIMA,SANTIAGO DE SURCO,PARTIDO DEMOCRATICO SOMOS PERU,63600
140130,LIMA,LIMA,SANTIAGO DE SURCO,PARTIDO DESCENTRALISTA FUERZA SOCIAL,17092
140130,LIMA,LIMA,SANTIAGO DE SURCO,PARTIDO HUMANISTA PERUANO,743
140130,LIMA,LIMA,SANTIAGO DE SURCO,RESTAURACION NACIONAL,10306
140130,LIMA,LIMA,SANTIAGO DE SURCO,SURCO SOLIDARIO,7024
140130,LIMA,LIMA,SANTIAGO DE SURCO,TODOS POR EL PERU,538
140131,LIMA,LIMA,SURQUILLO,ACCION POPULAR,1180
140131,LIMA,LIMA,SURQUILLO,ALIANZA PARA EL PROGRESO,362
140131,LIMA,LIMA,SURQUILLO,CAMBIO RADICAL,13759
140131,LIMA,LIMA,SURQUILLO,FONAVISTAS DEL PERU,664
140131,LIMA,LIMA,SURQUILLO,PARTIDO APRISTA PERUANO,5541
140131,LIMA,LIMA,SURQUILLO,PARTIDO DEMOCRATICO SOMOS PERU,2421
140131,LIMA,LIMA,SURQUILLO,PARTIDO DESCENTRALISTA FUERZA SOCIAL,7913
140131,LIMA,LIMA,SURQUILLO,PARTIDO HUMANISTA PERUANO,644
140131,LIMA,LIMA,SURQUILLO,RESTAURACION NACIONAL,4311
140131,LIMA,LIMA,SURQUILLO,SURQUILLO INNOVADOR,1821
140132,LIMA,LIMA,VILLA MARIA DEL TRIUNFO,ACCION POPULAR,1704
140132,LIMA,LIMA,VILLA MARIA DEL TRIUNFO,AGRUPACION INDEPENDIENTE SI CUMPLE,694
140132,LIMA,LIMA,VILLA MARIA DEL TRIUNFO,ALIANZA PARA EL PROGRESO,25605
140132,LIMA,LIMA,VILLA MARIA DEL TRIUNFO,CAMBIO 90,1182
140132,LIMA,LIMA,VILLA MARIA DEL TRIUNFO,CAMBIO RADICAL,4458
140132,LIMA,LIMA,VILLA MARIA DEL TRIUNFO,FONAVISTAS DEL PERU,1920
140132,LIMA,LIMA,VILLA MARIA DEL TRIUNFO,PARTICIPACION POPULAR,631
140132,LIMA,LIMA,VILLA MARIA DEL TRIUNFO,PARTIDO APRISTA PERUANO,4034
140132,LIMA,LIMA,VILLA MARIA DEL TRIUNFO,PARTIDO DEMOCRATICO SOMOS PERU,10544
140132,LIMA,LIMA,VILLA MARIA DEL TRIUNFO,PARTIDO DESCENTRALISTA FUERZA SOCIAL,23256
140132,LIMA,LIMA,VILLA MARIA DEL TRIUNFO,PARTIDO HUMANISTA PERUANO,21984
140132,LIMA,LIMA,VILLA MARIA DEL TRIUNFO,PERU POSIBLE,45089
140132,LIMA,LIMA,VILLA MARIA DEL TRIUNFO,RESTAURACION NACIONAL,9566
140132,LIMA,LIMA,VILLA MARIA DEL TRIUNFO,SIEMPRE UNIDOS,7585
140132,LIMA,LIMA,VILLA MARIA DEL TRIUNFO,UNION POR EL PERU,5433
140132,LIMA,LIMA,VILLA MARIA DEL TRIUNFO,VILLA MARIA PROGRESA,3580
140133,LIMA,LIMA,JESUS MARIA,ACCION POPULAR,1908
140133,LIMA,LIMA,JESUS MARIA,ALIANZA PARA EL PROGRESO,457
140133,LIMA,LIMA,JESUS MARIA,CAMBIO RADICAL,11071
140133,LIMA,LIMA,JESUS MARIA,FONAVISTAS DEL PERU,639
140133,LIMA,LIMA,JESUS MARIA,PARTIDO APRISTA PERUANO,1953
140133,LIMA,LIMA,JESUS MARIA,PARTIDO DEMOCRATICO SOMOS PERU,5834
140133,LIMA,LIMA,JESUS MARIA,PARTIDO DESCENTRALISTA FUERZA SOCIAL,10833
140133,LIMA,LIMA,JESUS MARIA,PARTIDO HUMANISTA PERUANO,412
140133,LIMA,LIMA,JESUS MARIA,RESTAURACION NACIONAL,3298
140133,LIMA,LIMA,JESUS MARIA,SIEMPRE UNIDOS,1094
140134,LIMA,LIMA,INDEPENDENCIA,ACCION POPULAR,1905
140134,LIMA,LIMA,INDEPENDENCIA,ALIANZA PARA EL PROGRESO,912
140134,LIMA,LIMA,INDEPENDENCIA,AVANZA VECINO,694
140134,LIMA,LIMA,INDEPENDENCIA,CAMBIO RADICAL,22328
140134,LIMA,LIMA,INDEPENDENCIA,DESPERTAR NACIONAL,708
140134,LIMA,LIMA,INDEPENDENCIA,FONAVISTAS DEL PERU,1923
140134,LIMA,LIMA,INDEPENDENCIA,PARTIDO APRISTA PERUANO,3550
140134,LIMA,LIMA,INDEPENDENCIA,PARTIDO DEMOCRATICO SOMOS PERU,16288
140134,LIMA,LIMA,INDEPENDENCIA,PARTIDO DESCENTRALISTA FUERZA SOCIAL,16851
140134,LIMA,LIMA,INDEPENDENCIA,PERU POSIBLE,13622
140134,LIMA,LIMA,INDEPENDENCIA,RESTAURACION NACIONAL,5408
140134,LIMA,LIMA,INDEPENDENCIA,SIEMPRE UNIDOS,2586
140134,LIMA,LIMA,INDEPENDENCIA,UNION POR EL PERU,1230
140135,LIMA,LIMA,EL AGUSTINO,ACCION POPULAR,1438
140135,LIMA,LIMA,EL AGUSTINO,CAMBIO RADICAL,24228
140135,LIMA,LIMA,EL AGUSTINO,FONAVISTAS DEL PERU,1369
140135,LIMA,LIMA,EL AGUSTINO,PARTIDO APRISTA PERUANO,2791
140135,LIMA,LIMA,EL AGUSTINO,PARTIDO DEMOCRATICO SOMOS PERU,5463
140135,LIMA,LIMA,EL AGUSTINO,PARTIDO DESCENTRALISTA FUERZA SOCIAL,17078
140135,LIMA,LIMA,EL AGUSTINO,RESTAURACION NACIONAL,11621
140135,LIMA,LIMA,EL AGUSTINO,TODOS POR EL PERU,3150
140135,LIMA,LIMA,EL AGUSTINO,UNION POR EL PERU,2821
140136,LIMA,LIMA,SAN JUAN DE MIRAFLORES,ACCION POPULAR,5338
140136,LIMA,LIMA,SAN JUAN DE MIRAFLORES,AGRUPACION CONOCEMOS SAN JUAN DE MIRAFLORES,1254
140136,LIMA,LIMA,SAN JUAN DE MIRAFLORES,ALIANZA PARA EL PROGRESO,9402
140136,LIMA,LIMA,SAN JUAN DE MIRAFLORES,CAMBIEMOS SAN JUAN,11181
140136,LIMA,LIMA,SAN JUAN DE MIRAFLORES,CAMBIO 90,3418
140136,LIMA,LIMA,SAN JUAN DE MIRAFLORES,CAMBIO RADICAL,58121
140136,LIMA,LIMA,SAN JUAN DE MIRAFLORES,FONAVISTAS DEL PERU,2066
140136,LIMA,LIMA,SAN JUAN DE MIRAFLORES,PARTICIPACION POPULAR,3534
140136,LIMA,LIMA,SAN JUAN DE MIRAFLORES,PARTIDO APRISTA PERUANO,6139
140136,LIMA,LIMA,SAN JUAN DE MIRAFLORES,PARTIDO DEMOCRATICO SOMOS PERU,10201
140136,LIMA,LIMA,SAN JUAN DE MIRAFLORES,PARTIDO DESCENTRALISTA FUERZA SOCIAL,34363
140136,LIMA,LIMA,SAN JUAN DE MIRAFLORES,PARTIDO HUMANISTA PERUANO,934
140136,LIMA,LIMA,SAN JUAN DE MIRAFLORES,PARTIDO POLITICO ADELANTE,335
140136,LIMA,LIMA,SAN JUAN DE MIRAFLORES,PERU POSIBLE,2548
140136,LIMA,LIMA,SAN JUAN DE MIRAFLORES,RESTAURACION NACIONAL,18684
140136,LIMA,LIMA,SAN JUAN DE MIRAFLORES,SIEMPRE UNIDOS,3110
140137,LIMA,LIMA,SAN JUAN DE LURIGANCHO,ACCION POPULAR,5355
140137,LIMA,LIMA,SAN JUAN DE LURIGANCHO,AGRUPACION INDEPENDIENTE SI CUMPLE,2759
140137,LIMA,LIMA,SAN JUAN DE LURIGANCHO,ALIANZA PARA EL PROGRESO,3779
140137,LIMA,LIMA,SAN JUAN DE LURIGANCHO,CAMBIO RADICAL,42751
140137,LIMA,LIMA,SAN JUAN DE LURIGANCHO,DESPERTAR NACIONAL,953
140137,LIMA,LIMA,SAN JUAN DE LURIGANCHO,FONAVISTAS DEL PERU,4866
140137,LIMA,LIMA,SAN JUAN DE LURIGANCHO,FRENTE INDEPENDIENTE EL PUEBLO ORGANIZADO,6171
140137,LIMA,LIMA,SAN JUAN DE LURIGANCHO,PARTIDO APRISTA PERUANO,7254
140137,LIMA,LIMA,SAN JUAN DE LURIGANCHO,PARTIDO DEMOCRATICO SOMOS PERU,13759
140137,LIMA,LIMA,SAN JUAN DE LURIGANCHO,PARTIDO DESCENTRALISTA FUERZA SOCIAL,68686
140137,LIMA,LIMA,SAN JUAN DE LURIGANCHO,PARTIDO POLITICO ADELANTE,558
140137,LIMA,LIMA,SAN JUAN DE LURIGANCHO,PERU POSIBLE,65269
140137,LIMA,LIMA,SAN JUAN DE LURIGANCHO,RESTAURACION NACIONAL,24136
140137,LIMA,LIMA,SAN JUAN DE LURIGANCHO,SIEMPRE UNIDOS,68216
140138,LIMA,LIMA,SAN LUIS,ACCION POPULAR,959
140138,LIMA,LIMA,SAN LUIS,ALIANZA PARA EL PROGRESO,517
140138,LIMA,LIMA,SAN LUIS,CAMBIO RADICAL,13619
140138,LIMA,LIMA,SAN LUIS,FUERTES EN SAN LUIS,3467
140138,LIMA,LIMA,SAN LUIS,JUSTICIA PARA SAN LUIS,419
140138,LIMA,LIMA,SAN LUIS,PARTIDO APRISTA PERUANO,1231
140138,LIMA,LIMA,SAN LUIS,PARTIDO DEMOCRATICO SOMOS PERU,2808
140138,LIMA,LIMA,SAN LUIS,RESTAURACION NACIONAL,4362
140138,LIMA,LIMA,SAN LUIS,SAN LUIS CAMBIA,432
140138,LIMA,LIMA,SAN LUIS,SIEMPRE UNIDOS,4063
140139,LIMA,LIMA,CIENEGUILLA,ACCION POPULAR,84
140139,LIMA,LIMA,CIENEGUILLA,CAMBIO RADICAL,1236
140139,LIMA,LIMA,CIENEGUILLA,DIGNIDAD CIENEGUILLANA,346
140139,LIMA,LIMA,CIENEGUILLA,FONAVISTAS DEL PERU,96
140139,LIMA,LIMA,CIENEGUILLA,FRENTE CIENEGUILLANO,3099
140139,LIMA,LIMA,CIENEGUILLA,ORGANIZACION PARA EL DESARROLLO E INTEGRACION ECOLOGICO Y TURISTICO DE CIENEGUILLA,110
140139,LIMA,LIMA,CIENEGUILLA,ORGANIZACION POLITICA INDEPENDIENTE LOCAL AYNI,332
140140,LIMA,LIMA,SAN BORJA,ACCION POPULAR,1747
140140,LIMA,LIMA,SAN BORJA,ALIANZA PARA EL PROGRESO,1195
140140,LIMA,LIMA,SAN BORJA,ANGELES DE SAN BORJA,7072
140140,LIMA,LIMA,SAN BORJA,CAMBIO RADICAL,1933
140140,LIMA,LIMA,SAN BORJA,FONAVISTAS DEL PERU,692
140140,LIMA,LIMA,SAN BORJA,PARTIDO APRISTA PERUANO,1569
140140,LIMA,LIMA,SAN BORJA,PARTIDO DEMOCRATICO SOMOS PERU,12847
140140,LIMA,LIMA,SAN BORJA,PERU POSIBLE,3385
140140,LIMA,LIMA,SAN BORJA,RESTAURACION NACIONAL,3032
140140,LIMA,LIMA,SAN BORJA,TODOS POR EL PERU,630
140140,LIMA,LIMA,SAN BORJA,TODOS POR SAN BORJA,11920
140141,LIMA,LIMA,VILLA EL SALVADOR,ACCION POPULAR,1605
140141,LIMA,LIMA,VILLA EL SALVADOR,AGRUPACION INDEPENDIENTE SI CUMPLE,889
140141,LIMA,LIMA,VILLA EL SALVADOR,ALIANZA PARA EL PROGRESO,34527
140141,LIMA,LIMA,VILLA EL SALVADOR,CAMBIO 90,2120
140141,LIMA,LIMA,VILLA EL SALVADOR,CAMBIO RADICAL,3065
140141,LIMA,LIMA,VILLA EL SALVADOR,DESPERTAR NACIONAL,651
140141,LIMA,LIMA,VILLA EL SALVADOR,FONAVISTAS DEL PERU,1588
140141,LIMA,LIMA,VILLA EL SALVADOR,FUERZA NACIONAL,870
140141,LIMA,LIMA,VILLA EL SALVADOR,PARTIDO APRISTA PERUANO,8593
140141,LIMA,LIMA,VILLA EL SALVADOR,PARTIDO DEMOCRATICO SOMOS PERU,7977
140141,LIMA,LIMA,VILLA EL SALVADOR,PARTIDO DESCENTRALISTA FUERZA SOCIAL,20090
140141,LIMA,LIMA,VILLA EL SALVADOR,PARTIDO HUMANISTA PERUANO,7905
140141,LIMA,LIMA,VILLA EL SALVADOR,PERU POSIBLE,50996
140141,LIMA,LIMA,VILLA EL SALVADOR,RESTAURACION NACIONAL,12324
140141,LIMA,LIMA,VILLA EL SALVADOR,SIEMPRE UNIDOS,7243
140141,LIMA,LIMA,VILLA EL SALVADOR,TODOS POR EL PERU,484
140141,LIMA,LIMA,VILLA EL SALVADOR,UNION POR EL PERU,2762
140142,LIMA,LIMA,LOS OLIVOS,ALIANZA PARA EL PROGRESO,3222
140142,LIMA,LIMA,LOS OLIVOS,CAMBIO RADICAL,5997
140142,LIMA,LIMA,LOS OLIVOS,DESPERTAR NACIONAL,2344
140142,LIMA,LIMA,LOS OLIVOS,FONAVISTAS DEL PERU,1674
140142,LIMA,LIMA,LOS OLIVOS,PARTIDO APRISTA PERUANO,3937
140142,LIMA,LIMA,LOS OLIVOS,PARTIDO DESCENTRALISTA FUERZA SOCIAL,21318
140142,LIMA,LIMA,LOS OLIVOS,PARTIDO HUMANISTA PERUANO,650
140142,LIMA,LIMA,LOS OLIVOS,PERU POSIBLE,30342
140142,LIMA,LIMA,LOS OLIVOS,RESTAURACION NACIONAL,6791
140142,LIMA,LIMA,LOS OLIVOS,SIEMPRE UNIDOS,75250
140142,LIMA,LIMA,LOS OLIVOS,TODOS POR EL PERU,4145
140142,LIMA,LIMA,LOS OLIVOS,UNIDAD OLIVENSE,3007
140143,LIMA,LIMA,SANTA ANITA,ACCION POPULAR,2192
140143,LIMA,LIMA,SANTA ANITA,ACCION SANTA ANITA,355
140143,LIMA,LIMA,SANTA ANITA,ALIANZA PARA EL PROGRESO,724
140143,LIMA,LIMA,SANTA ANITA,CAMBIO 90,15027
140143,LIMA,LIMA,SANTA ANITA,CAMBIO RADICAL,6159
140143,LIMA,LIMA,SANTA ANITA,DESARROLLO Y CAMBIO SANTA ANITA,424
140143,LIMA,LIMA,SANTA ANITA,FONAVISTAS DEL PERU,1720
140143,LIMA,LIMA,SANTA ANITA,PARTIDO APRISTA PERUANO,1439
140143,LIMA,LIMA,SANTA ANITA,PARTIDO DEMOCRATICO SOMOS PERU,10507
140143,LIMA,LIMA,SANTA ANITA,PARTIDO DESCENTRALISTA FUERZA SOCIAL,13917
140143,LIMA,LIMA,SANTA ANITA,PERU POSIBLE,2831
140143,LIMA,LIMA,SANTA ANITA,RESTAURACION NACIONAL,8707
140143,LIMA,LIMA,SANTA ANITA,SIEMPRE UNIDOS,30849
140143,LIMA,LIMA,SANTA ANITA,TODOS POR EL PERU,2394
140143,LIMA,LIMA,SANTA ANITA,UNION POR EL PERU,1849
140205,LIMA,CAJATAMBO,COPA,CONCERTACION PARA EL DESARROLLO REGIONAL - LIMA,61
140205,LIMA,CAJATAMBO,COPA,FUERZA 2011,98
140205,LIMA,CAJATAMBO,COPA,INTEGRACION REGIONAL,33
140205,LIMA,CAJATAMBO,COPA,PARTIDO APRISTA PERUANO,159
140205,LIMA,CAJATAMBO,COPA,RESTAURACION NACIONAL,159
140205,LIMA,CAJATAMBO,COPA,"SOLIDARIDAD, ORGANIZACION Y LIDERAZGO",83
140206,LIMA,CAJATAMBO,GORGOR,ACCION POPULAR,96
140206,LIMA,CAJATAMBO,GORGOR,CONCERTACION PARA EL DESARROLLO REGIONAL - LIMA,317
140206,LIMA,CAJATAMBO,GORGOR,FUERZA 2011,43
140206,LIMA,CAJATAMBO,GORGOR,PADIN - MOVIMIENTO INDEPENDIENTE REGIONAL,20
140206,LIMA,CAJATAMBO,GORGOR,PARTIDO APRISTA PERUANO,65
140206,LIMA,CAJATAMBO,GORGOR,RESTAURACION NACIONAL,231
140207,LIMA,CAJATAMBO,HUANCAPON,CONCERTACION PARA EL DESARROLLO REGIONAL - LIMA,163
140207,LIMA,CAJATAMBO,HUANCAPON,FUERZA 2011,140
140207,LIMA,CAJATAMBO,HUANCAPON,INTEGRACION REGIONAL,59
140207,LIMA,CAJATAMBO,HUANCAPON,PADIN - MOVIMIENTO INDEPENDIENTE REGIONAL,92
140207,LIMA,CAJATAMBO,HUANCAPON,PARTIDO APRISTA PERUANO,54
140207,LIMA,CAJATAMBO,HUANCAPON,UNIDOS PARA EL CAMBIO DE HUANCAPON,160
140208,LIMA,CAJATAMBO,MANAS,CONCERTACION PARA EL DESARROLLO REGIONAL - LIMA,377
140208,LIMA,CAJATAMBO,MANAS,FUERZA 2011,289
140208,LIMA,CAJATAMBO,MANAS,PARTIDO APRISTA PERUANO,5
140208,LIMA,CAJATAMBO,MANAS,RESTAURACION NACIONAL,70
140302,LIMA,CANTA,ARAHUAY,ACCION POPULAR,88
140302,LIMA,CANTA,ARAHUAY,CONCERTACION PARA EL DESARROLLO REGIONAL - LIMA,138
140302,LIMA,CANTA,ARAHUAY,FUERZA 2011,22
140302,LIMA,CANTA,ARAHUAY,IDENTIDAD CANTEÑA,46
140302,LIMA,CANTA,ARAHUAY,SIEMPRE UNIDOS,111
140302,LIMA,CANTA,ARAHUAY,UNION POR EL PERU,7
140303,LIMA,CANTA,HUAMANTANGA,CONCERTACION PARA EL DESARROLLO REGIONAL - LIMA,232
140303,LIMA,CANTA,HUAMANTANGA,FUERZA 2011,38
140303,LIMA,CANTA,HUAMANTANGA,IDENTIDAD CANTEÑA,44
140303,LIMA,CANTA,HUAMANTANGA,PADIN - MOVIMIENTO INDEPENDIENTE REGIONAL,43
140303,LIMA,CANTA,HUAMANTANGA,PARTIDO APRISTA PERUANO,42
140303,LIMA,CANTA,HUAMANTANGA,SIEMPRE UNIDOS,246
140304,LIMA,CANTA,HUAROS,CONCERTACION PARA EL DESARROLLO REGIONAL - LIMA,125
140304,LIMA,CANTA,HUAROS,FUERZA 2011,19
140304,LIMA,CANTA,HUAROS,PADIN - MOVIMIENTO INDEPENDIENTE REGIONAL,98
140304,LIMA,CANTA,HUAROS,PARTIDO APRISTA PERUANO,66
140304,LIMA,CANTA,HUAROS,PATRIA JOVEN,192
140304,LIMA,CANTA,HUAROS,SIEMPRE UNIDOS,132
140305,LIMA,CANTA,LACHAQUI,CONCERTACION PARA EL DESARROLLO REGIONAL - LIMA,28
140305,LIMA,CANTA,LACHAQUI,FUERZA 2011,197
140305,LIMA,CANTA,LACHAQUI,FUERZA REGIONAL,25
140305,LIMA,CANTA,LACHAQUI,LACHAQUI PARA TODOS,274
140305,LIMA,CANTA,LACHAQUI,PARTIDO APRISTA PERUANO,43
140305,LIMA,CANTA,LACHAQUI,SIEMPRE UNIDOS,93
140306,LIMA,CANTA,SAN BUENAVENTURA,CONCERTACION PARA EL DESARROLLO REGIONAL - LIMA,103
140306,LIMA,CANTA,SAN BUENAVENTURA,FUERZA 2011,40
140306,LIMA,CANTA,SAN BUENAVENTURA,IDENTIDAD CANTEÑA,23
140306,LIMA,CANTA,SAN BUENAVENTURA,PARTIDO APRISTA PERUANO,78
140306,LIMA,CANTA,SAN BUENAVENTURA,PATRIA JOVEN,70
140306,LIMA,CANTA,SAN BUENAVENTURA,PERU POSIBLE,12
140306,LIMA,CANTA,SAN BUENAVENTURA,SIEMPRE UNIDOS,40
140307,LIMA,CANTA,SANTA ROSA DE QUIVES,ALIANZA PARA EL PROGRESO,97
140307,LIMA,CANTA,SANTA ROSA DE QUIVES,CONCERTACION PARA EL DESARROLLO REGIONAL - LIMA,763
140307,LIMA,CANTA,SANTA ROSA DE QUIVES,FUERZA 2011,332
140307,LIMA,CANTA,SANTA ROSA DE QUIVES,IDENTIDAD CANTEÑA,241
140307,LIMA,CANTA,SANTA ROSA DE QUIVES,PARTIDO HUMANISTA PERUANO,41
140307,LIMA,CANTA,SANTA ROSA DE QUIVES,PATRIA JOVEN,403
140307,LIMA,CANTA,SANTA ROSA DE QUIVES,SIEMPRE UNIDOS,606
140402,LIMA,CAÑETE,CALANGO,CONCERTACION PARA EL DESARROLLO REGIONAL - LIMA,275
140402,LIMA,CAÑETE,CALANGO,FUERZA 2011,143
140402,LIMA,CAÑETE,CALANGO,PADIN - MOVIMIENTO INDEPENDIENTE REGIONAL,84
140402,LIMA,CAÑETE,CALANGO,PARTIDO APRISTA PERUANO,455
140402,LIMA,CAÑETE,CALANGO,PATRIA JOVEN,202
140402,LIMA,CAÑETE,CALANGO,PERU POSIBLE,209
140403,LIMA,CAÑETE,CERRO AZUL,ACCION POPULAR,810
140403,LIMA,CAÑETE,CERRO AZUL,CERRO AZUL OPORTUNIDAD PARA TODOS,944
140403,LIMA,CAÑETE,CERRO AZUL,COLECTIVO CIUDADANO CONFIANZA PERU,72
140403,LIMA,CAÑETE,CERRO AZUL,CONCERTACION PARA EL DESARROLLO REGIONAL - LIMA,64
140403,LIMA,CAÑETE,CERRO AZUL,FUERZA 2011,83
140403,LIMA,CAÑETE,CERRO AZUL,PADIN - MOVIMIENTO INDEPENDIENTE REGIONAL,177
140403,LIMA,CAÑETE,CERRO AZUL,PARTIDO APRISTA PERUANO,170
140403,LIMA,CAÑETE,CERRO AZUL,PATRIA JOVEN,456
140403,LIMA,CAÑETE,CERRO AZUL,POR EL DESARROLLO DE CERRO AZUL,800
140404,LIMA,CAÑETE,COAYLLO,COLECTIVO CIUDADANO CONFIANZA PERU,216
140404,LIMA,CAÑETE,COAYLLO,CONCERTACION PARA EL DESARROLLO REGIONAL - LIMA,246
140404,LIMA,CAÑETE,COAYLLO,FUERZA REGIONAL,189
140404,LIMA,CAÑETE,COAYLLO,PATRIA JOVEN,415
140405,LIMA,CAÑETE,CHILCA,ACCION POPULAR,1457
140405,LIMA,CAÑETE,CHILCA,COLECTIVO CIUDADANO CONFIANZA PERU,977
140405,LIMA,CAÑETE,CHILCA,CONCERTACION PARA EL DESARROLLO REGIONAL - LIMA,967
140405,LIMA,CAÑETE,CHILCA,FORJEMOS CHILCA,1538
140405,LIMA,CAÑETE,CHILCA,FUERZA 2011,296
140405,LIMA,CAÑETE,CHILCA,FUERZA NACIONAL,98
140405,LIMA,CAÑETE,CHILCA,FUERZA REGIONAL,56
140405,LIMA,CAÑETE,CHILCA,PADIN - MOVIMIENTO INDEPENDIENTE REGIONAL,97
140405,LIMA,CAÑETE,CHILCA,PARTIDO APRISTA PERUANO,321
140405,LIMA,CAÑETE,CHILCA,PERU POSIBLE,487
140405,LIMA,CAÑETE,CHILCA,RESTAURACION NACIONAL,501
140405,LIMA,CAÑETE,CHILCA,TODOS POR EL PERU,55
140406,LIMA,CAÑETE,IMPERIAL,ACCION POPULAR,395
140406,LIMA,CAÑETE,IMPERIAL,AGRUPACION NUEVA FUERZA IMPERIALINA,1755
140406,LIMA,CAÑETE,IMPERIAL,COLECTIVO CIUDADANO CONFIANZA PERU,4395
140406,LIMA,CAÑETE,IMPERIAL,CONCERTACION PARA EL DESARROLLO REGIONAL - LIMA,4932
140406,LIMA,CAÑETE,IMPERIAL,FONAVISTAS DEL PERU,397
140406,LIMA,CAÑETE,IMPERIAL,FUERZA 2011,1586
140406,LIMA,CAÑETE,IMPERIAL,FUERZA MANOS INDEPENDIENTES RECONSTRUCCION CAÑETANA,1373
140406,LIMA,CAÑETE,IMPERIAL,FUERZA REGIONAL,167
140406,LIMA,CAÑETE,IMPERIAL,PADIN - MOVIMIENTO INDEPENDIENTE REGIONAL,1426
140406,LIMA,CAÑETE,IMPERIAL,PARTIDO APRISTA PERUANO,1576
140406,LIMA,CAÑETE,IMPERIAL,PATRIA JOVEN,2140
140406,LIMA,CAÑETE,IMPERIAL,PERU POSIBLE,682
140407,LIMA,CAÑETE,LUNAHUANA,ACCION POPULAR,227
140407,LIMA,CAÑETE,LUNAHUANA,COLECTIVO CIUDADANO CONFIANZA PERU,204
140407,LIMA,CAÑETE,LUNAHUANA,CONCERTACION PARA EL DESARROLLO REGIONAL - LIMA,116
140407,LIMA,CAÑETE,LUNAHUANA,FUERZA 2011,635
140407,LIMA,CAÑETE,LUNAHUANA,PADIN - MOVIMIENTO INDEPENDIENTE REGIONAL,421
140407,LIMA,CAÑETE,LUNAHUANA,PARTIDO APRISTA PERUANO,257
140407,LIMA,CAÑETE,LUNAHUANA,PATRIA JOVEN,390
140407,LIMA,CAÑETE,LUNAHUANA,PERU POSIBLE,49
140408,LIMA,CAÑETE,MALA,ALIANZA PARA EL PROGRESO,2479
140408,LIMA,CAÑETE,MALA,CONCERTACION PARA EL DESARROLLO REGIONAL - LIMA,883
140408,LIMA,CAÑETE,MALA,FUERZA 2011,4324
140408,LIMA,CAÑETE,MALA,FUERZA REGIONAL,491
140408,LIMA,CAÑETE,MALA,PADIN - MOVIMIENTO INDEPENDIENTE REGIONAL,827
140408,LIMA,CAÑETE,MALA,PARTIDO APRISTA PERUANO,1420
140408,LIMA,CAÑETE,MALA,PATRIA JOVEN,2728
140408,LIMA,CAÑETE,MALA,SIEMPRE UNIDOS,726
140409,LIMA,CAÑETE,NUEVO IMPERIAL,ACCION POPULAR,385
140409,LIMA,CAÑETE,NUEVO IMPERIAL,ALIANZA PARA EL PROGRESO,319
140409,LIMA,CAÑETE,NUEVO IMPERIAL,CONCERTACION PARA EL DESARROLLO REGIONAL - LIMA,2636
140409,LIMA,CAÑETE,NUEVO IMPERIAL,FUERZA 2011,531
140409,LIMA,CAÑETE,NUEVO IMPERIAL,PADIN - MOVIMIENTO INDEPENDIENTE REGIONAL,1632
140409,LIMA,CAÑETE,NUEVO IMPERIAL,PARTIDO APRISTA PERUANO,211
140409,LIMA,CAÑETE,NUEVO IMPERIAL,PATRIA JOVEN,1982
140409,LIMA,CAÑETE,NUEVO IMPERIAL,RESTAURACION NACIONAL,136
140409,LIMA,CAÑETE,NUEVO IMPERIAL,UNION POR EL PERU,1090
140410,LIMA,CAÑETE,PACARAN,ACCION POPULAR,66
140410,LIMA,CAÑETE,PACARAN,COLECTIVO CIUDADANO CONFIANZA PERU,93
140410,LIMA,CAÑETE,PACARAN,CONCERTACION PARA EL DESARROLLO REGIONAL - LIMA,230
140410,LIMA,CAÑETE,PACARAN,FUERZA 2011,255
140410,LIMA,CAÑETE,PACARAN,FUERZA REGIONAL,161
140410,LIMA,CAÑETE,PACARAN,PADIN - MOVIMIENTO INDEPENDIENTE REGIONAL,50
140410,LIMA,CAÑETE,PACARAN,PATRIA JOVEN,160
140410,LIMA,CAÑETE,PACARAN,PERU POSIBLE,26
140411,LIMA,CAÑETE,QUILMANA,ACCION POPULAR,2335
140411,LIMA,CAÑETE,QUILMANA,COLECTIVO CIUDADANO CONFIANZA PERU,635
140411,LIMA,CAÑETE,QUILMANA,CONCERTACION PARA EL DESARROLLO REGIONAL - LIMA,2009
140411,LIMA,CAÑETE,QUILMANA,FUERZA 2011,305
140411,LIMA,CAÑETE,QUILMANA,PADIN - MOVIMIENTO INDEPENDIENTE REGIONAL,103
140411,LIMA,CAÑETE,QUILMANA,PARTIDO APRISTA PERUANO,157
140411,LIMA,CAÑETE,QUILMANA,PERU POSIBLE,116
140411,LIMA,CAÑETE,QUILMANA,UNION POR EL PERU,1843
140411,LIMA,CAÑETE,QUILMANA,UNION POR EL PROGRESO DE QUILMANA,124
140412,LIMA,CAÑETE,SAN ANTONIO,ACCION POPULAR,741
140412,LIMA,CAÑETE,SAN ANTONIO,CONCERTACION PARA EL DESARROLLO REGIONAL - LIMA,197
140412,LIMA,CAÑETE,SAN ANTONIO,PADIN - MOVIMIENTO INDEPENDIENTE REGIONAL,98
140412,LIMA,CAÑETE,SAN ANTONIO,PARTIDO APRISTA PERUANO,151
140412,LIMA,CAÑETE,SAN ANTONIO,PATRIA JOVEN,728
140413,LIMA,CAÑETE,SAN LUIS,ACCION POPULAR,490
140413,LIMA,CAÑETE,SAN LUIS,COLECTIVO CIUDADANO CONFIANZA PERU,1294
140413,LIMA,CAÑETE,SAN LUIS,CONCERTACION PARA EL DESARROLLO REGIONAL - LIMA,1144
140413,LIMA,CAÑETE,SAN LUIS,FUERZA 2011,1275
140413,LIMA,CAÑETE,SAN LUIS,FUERZA REGIONAL,539
140413,LIMA,CAÑETE,SAN LUIS,PADIN - MOVIMIENTO INDEPENDIENTE REGIONAL,209
140413,LIMA,CAÑETE,SAN LUIS,PARTIDO APRISTA PERUANO,99
140413,LIMA,CAÑETE,SAN LUIS,PATRIA JOVEN,1673
140414,LIMA,CAÑETE,SANTA CRUZ DE FLORES,CONCERTACION PARA EL DESARROLLO REGIONAL - LIMA,382
140414,LIMA,CAÑETE,SANTA CRUZ DE FLORES,FUERZA 2011,160
140414,LIMA,CAÑETE,SANTA CRUZ DE FLORES,PARTIDO APRISTA PERUANO,258
140414,LIMA,CAÑETE,SANTA CRUZ DE FLORES,PATRIA JOVEN,490
140415,LIMA,CAÑETE,ZUÑIGA,ACCION POPULAR,76
140415,LIMA,CAÑETE,ZUÑIGA,CONCERTACION PARA EL DESARROLLO REGIONAL - LIMA,340
140415,LIMA,CAÑETE,ZUÑIGA,FUERZA 2011,28
140415,LIMA,CAÑETE,ZUÑIGA,PADIN - MOVIMIENTO INDEPENDIENTE REGIONAL,17
140415,LIMA,CAÑETE,ZUÑIGA,PARTIDO DEMOCRATICO SOMOS PERU,38
140415,LIMA,CAÑETE,ZUÑIGA,PATRIA JOVEN,139
140416,LIMA,CAÑETE,ASIA,ACCION POPULAR,691
140416,LIMA,CAÑETE,ASIA,ALIANZA PARA EL PROGRESO,353
140416,LIMA,CAÑETE,ASIA,COLECTIVO CIUDADANO CONFIANZA PERU,270
140416,LIMA,CAÑETE,ASIA,CONCERTACION PARA EL DESARROLLO REGIONAL - LIMA,566
140416,LIMA,CAÑETE,ASIA,FUERZA 2011,103
140416,LIMA,CAÑETE,ASIA,FUERZA REGIONAL,94
140416,LIMA,CAÑETE,ASIA,INTEGRACION REGIONAL,434
140416,LIMA,CAÑETE,ASIA,PADIN - MOVIMIENTO INDEPENDIENTE REGIONAL,168
140416,LIMA,CAÑETE,ASIA,PARTIDO APRISTA PERUANO,265
140416,LIMA,CAÑETE,ASIA,PATRIA JOVEN,799
140416,LIMA,CAÑETE,ASIA,PERU POSIBLE,679
140502,LIMA,HUAURA,AMBAR,ALIANZA PARA EL PROGRESO,134
140502,LIMA,HUAURA,AMBAR,COLECTIVO CIUDADANO CONFIANZA PERU,16
140502,LIMA,HUAURA,AMBAR,CONCERTACION PARA EL DESARROLLO REGIONAL - LIMA,213
140502,LIMA,HUAURA,AMBAR,FONAVISTAS DEL PERU,79
140502,LIMA,HUAURA,AMBAR,FUERZA 2011,184
140502,LIMA,HUAURA,AMBAR,MILITANTES ORGANIZADOS PARA EL DESARROLLO PROVINCIAL,179
140502,LIMA,HUAURA,AMBAR,PARTIDO APRISTA PERUANO,4
140502,LIMA,HUAURA,AMBAR,PATRIA JOVEN,128
140504,LIMA,HUAURA,CALETA DE CARQUIN,ALIANZA PARA EL PROGRESO,111
140504,LIMA,HUAURA,CALETA DE CARQUIN,COLECTIVO CIUDADANO CONFIANZA PERU,228
140504,LIMA,HUAURA,CALETA DE CARQUIN,CONCERTACION PARA EL DESARROLLO REGIONAL - LIMA,353
140504,LIMA,HUAURA,CALETA DE CARQUIN,FONAVISTAS DEL PERU,219
140504,LIMA,HUAURA,CALETA DE CARQUIN,MILITANTES ORGANIZADOS PARA EL DESARROLLO PROVINCIAL,423
140504,LIMA,HUAURA,CALETA DE CARQUIN,PADIN - MOVIMIENTO INDEPENDIENTE REGIONAL,868
140504,LIMA,HUAURA,CALETA DE CARQUIN,PARTIDO APRISTA PERUANO,303
140504,LIMA,HUAURA,CALETA DE CARQUIN,RESTAURACION NACIONAL,434
140505,LIMA,HUAURA,CHECRAS,ALIANZA PARA EL PROGRESO,5
140505,LIMA,HUAURA,CHECRAS,COLECTIVO CIUDADANO CONFIANZA PERU,72
140505,LIMA,HUAURA,CHECRAS,CONCERTACION PARA EL DESARROLLO REGIONAL - LIMA,43
140505,LIMA,HUAURA,CHECRAS,PARTIDO APRISTA PERUANO,105
140505,LIMA,HUAURA,CHECRAS,PATRIA JOVEN,30
140505,LIMA,HUAURA,CHECRAS,RESTAURACION NACIONAL,63
140506,LIMA,HUAURA,HUALMAY,ALIANZA PARA EL PROGRESO,1404
140506,LIMA,HUAURA,HUALMAY,COLECTIVO CIUDADANO CONFIANZA PERU,508
140506,LIMA,HUAURA,HUALMAY,CONCERTACION PARA EL DESARROLLO REGIONAL - LIMA,4403
140506,LIMA,HUAURA,HUALMAY,FONAVISTAS DEL PERU,1788
140506,LIMA,HUAURA,HUALMAY,FUERZA 2011,502
140506,LIMA,HUAURA,HUALMAY,FUERZA REGIONAL,348
140506,LIMA,HUAURA,HUALMAY,MILITANTES ORGANIZADOS PARA EL DESARROLLO PROVINCIAL,622
140506,LIMA,HUAURA,HUALMAY,MOVIMIENTO NUEVA IZQUIERDA,171
140506,LIMA,HUAURA,HUALMAY,PADIN - MOVIMIENTO INDEPENDIENTE REGIONAL,727
140506,LIMA,HUAURA,HUALMAY,PARTIDO APRISTA PERUANO,1234
140506,LIMA,HUAURA,HUALMAY,PATRIA JOVEN,378
140506,LIMA,HUAURA,HUALMAY,PERU POSIBLE,163
140506,LIMA,HUAURA,HUALMAY,RESTAURACION NACIONAL,219
140506,LIMA,HUAURA,HUALMAY,SIEMPRE UNIDOS,614
140507,LIMA,HUAURA,HUAURA,ALIANZA PARA EL PROGRESO,1046
140507,LIMA,HUAURA,HUAURA,COLECTIVO CIUDADANO CONFIANZA PERU,3040
140507,LIMA,HUAURA,HUAURA,CONCERTACION PARA EL DESARROLLO REGIONAL - LIMA,4655
140507,LIMA,HUAURA,HUAURA,FONAVISTAS DEL PERU,424
140507,LIMA,HUAURA,HUAURA,FUERZA 2011,510
140507,LIMA,HUAURA,HUAURA,FUERZA REGIONAL,1307
140507,LIMA,HUAURA,HUAURA,MILITANTES ORGANIZADOS PARA EL DESARROLLO PROVINCIAL,2830
140507,LIMA,HUAURA,HUAURA,PADIN - MOVIMIENTO INDEPENDIENTE REGIONAL,1703
140507,LIMA,HUAURA,HUAURA,PARTIDO APRISTA PERUANO,465
140507,LIMA,HUAURA,HUAURA,PATRIA JOVEN,407
140507,LIMA,HUAURA,HUAURA,RESTAURACION NACIONAL,118
140507,LIMA,HUAURA,HUAURA,UNION POR EL PERU,185
140508,LIMA,HUAURA,LEONCIO PRADO,CONCERTACION PARA EL DESARROLLO REGIONAL - LIMA,493
140508,LIMA,HUAURA,LEONCIO PRADO,MILITANTES ORGANIZADOS PARA EL DESARROLLO PROVINCIAL,603
140509,LIMA,HUAURA,PACCHO,ALIANZA PARA EL PROGRESO,0
140509,LIMA,HUAURA,PACCHO,COLECTIVO CIUDADANO CONFIANZA PERU,0
140509,LIMA,HUAURA,PACCHO,CONCERTACION PARA EL DESARROLLO REGIONAL - LIMA,0
140509,LIMA,HUAURA,PACCHO,FUERZA 2011,0
140509,LIMA,HUAURA,PACCHO,MILITANTES ORGANIZADOS PARA EL DESARROLLO PROVINCIAL,0
140509,LIMA,HUAURA,PACCHO,PADIN - MOVIMIENTO INDEPENDIENTE REGIONAL,0
140509,LIMA,HUAURA,PACCHO,PARTIDO APRISTA PERUANO,0
140509,LIMA,HUAURA,PACCHO,PATRIA JOVEN,0
140509,LIMA,HUAURA,PACCHO,PERU POSIBLE,0
140511,LIMA,HUAURA,SANTA LEONOR,ALIANZA PARA EL PROGRESO,184
140511,LIMA,HUAURA,SANTA LEONOR,CONCERTACION PARA EL DESARROLLO REGIONAL - LIMA,122
140511,LIMA,HUAURA,SANTA LEONOR,FUERZA 2011,48
140511,LIMA,HUAURA,SANTA LEONOR,FUERZA REGIONAL,26
140511,LIMA,HUAURA,SANTA LEONOR,MILITANTES ORGANIZADOS PARA EL DESARROLLO PROVINCIAL,29
140511,LIMA,HUAURA,SANTA LEONOR,MOVIMIENTO INDEPENDIENTE CAMBIO REGIONAL,13
140511,LIMA,HUAURA,SANTA LEONOR,PADIN - MOVIMIENTO INDEPENDIENTE REGIONAL,31
140511,LIMA,HUAURA,SANTA LEONOR,PARTIDO APRISTA PERUANO,13
140511,LIMA,HUAURA,SANTA LEONOR,SANTA LEONOR EN ACCION,133
140512,LIMA,HUAURA,SANTA MARIA,ACCION POPULAR,705
140512,LIMA,HUAURA,SANTA MARIA,ALIANZA PARA EL PROGRESO,1318
140512,LIMA,HUAURA,SANTA MARIA,CAMBIO 90,855
140512,LIMA,HUAURA,SANTA MARIA,COLECTIVO CIUDADANO CONFIANZA PERU,2635
140512,LIMA,HUAURA,SANTA MARIA,CONCERTACION PARA EL DESARROLLO REGIONAL - LIMA,1804
140512,LIMA,HUAURA,SANTA MARIA,FONAVISTAS DEL PERU,602
140512,LIMA,HUAURA,SANTA MARIA,FUERZA 2011,1168
140512,LIMA,HUAURA,SANTA MARIA,FUERZA REGIONAL,410
140512,LIMA,HUAURA,SANTA MARIA,MILITANTES ORGANIZADOS PARA EL DESARROLLO PROVINCIAL,852
140512,LIMA,HUAURA,SANTA MARIA,MOVIMIENTO INDEPENDIENTE CAMBIO REGIONAL,189
140512,LIMA,HUAURA,SANTA MARIA,PADIN - MOVIMIENTO INDEPENDIENTE REGIONAL,754
140512,LIMA,HUAURA,SANTA MARIA,PARTIDO APRISTA PERUANO,2168
140512,LIMA,HUAURA,SANTA MARIA,PARTIDO HUMANISTA PERUANO,102
140512,LIMA,HUAURA,SANTA MARIA,PATRIA JOVEN,158
140512,LIMA,HUAURA,SANTA MARIA,PERU POSIBLE,191
140512,LIMA,HUAURA,SANTA MARIA,RESTAURACION NACIONAL,230
140512,LIMA,HUAURA,SANTA MARIA,SANTA MARIA EN ACCION,523
140512,LIMA,HUAURA,SANTA MARIA,SIEMPRE UNIDOS,280
140512,LIMA,HUAURA,SANTA MARIA,UNION POR EL PERU,229
140513,LIMA,HUAURA,SAYAN,ALIANZA PARA EL PROGRESO,1161
140513,LIMA,HUAURA,SAYAN,CONCERTACION PARA EL DESARROLLO REGIONAL - LIMA,2022
140513,LIMA,HUAURA,SAYAN,FONAVISTAS DEL PERU,142
140513,LIMA,HUAURA,SAYAN,FUERZA 2011,742
140513,LIMA,HUAURA,SAYAN,FUERZA REGIONAL,49
140513,LIMA,HUAURA,SAYAN,PADIN - MOVIMIENTO INDEPENDIENTE REGIONAL,75
140513,LIMA,HUAURA,SAYAN,PARTIDO APRISTA PERUANO,2191
140513,LIMA,HUAURA,SAYAN,RESTAURACION NACIONAL,564
140513,LIMA,HUAURA,SAYAN,SAYAN CAMINO AL PROGRESO Y DESARROLLO,1399
140513,LIMA,HUAURA,SAYAN,TRABAJEMOS POR SAYAN,1198
140516,LIMA,HUAURA,VEGUETA,ALIANZA PARA EL PROGRESO,649
140516,LIMA,HUAURA,VEGUETA,CAMBIO 90,166
140516,LIMA,HUAURA,VEGUETA,CONCERTACION PARA EL DESARROLLO REGIONAL - LIMA,2032
140516,LIMA,HUAURA,VEGUETA,FONAVISTAS DEL PERU,862
140516,LIMA,HUAURA,VEGUETA,FUERZA 2011,1047
140516,LIMA,HUAURA,VEGUETA,FUERZA REGIONAL,57
140516,LIMA,HUAURA,VEGUETA,MILITANTES ORGANIZADOS PARA EL DESARROLLO PROVINCIAL,1091
140516,LIMA,HUAURA,VEGUETA,PADIN - MOVIMIENTO INDEPENDIENTE REGIONAL,203
140516,LIMA,HUAURA,VEGUETA,PARTIDO APRISTA PERUANO,440
140516,LIMA,HUAURA,VEGUETA,PATRIA JOVEN,270
140516,LIMA,HUAURA,VEGUETA,PERU POSIBLE,2190
140516,LIMA,HUAURA,VEGUETA,RESTAURACION NACIONAL,179
140602,LIMA,HUAROCHIRI,ANTIOQUIA,ACCION POPULAR,61
140602,LIMA,HUAROCHIRI,ANTIOQUIA,ALTERNATIVA HUAROCHIRANA,13
140602,LIMA,HUAROCHIRI,ANTIOQUIA,CAPAC ÑAM DEMOCRATICO ANTIOQUIA,194
140602,LIMA,HUAROCHIRI,ANTIOQUIA,COLECTIVO CIUDADANO CONFIANZA PERU,12
140602,LIMA,HUAROCHIRI,ANTIOQUIA,CONCERTACION PARA EL DESARROLLO REGIONAL - LIMA,328
140602,LIMA,HUAROCHIRI,ANTIOQUIA,MOVIMIENTO NUEVA IZQUIERDA,67
140602,LIMA,HUAROCHIRI,ANTIOQUIA,PARTIDO APRISTA PERUANO,65
140602,LIMA,HUAROCHIRI,ANTIOQUIA,PARTIDO DEMOCRATICO SOMOS PERU,254
140603,LIMA,HUAROCHIRI,CALLAHUANCA,ACCION POPULAR,352
140603,LIMA,HUAROCHIRI,CALLAHUANCA,CONCERTACION PARA EL DESARROLLO REGIONAL - LIMA,34
140603,LIMA,HUAROCHIRI,CALLAHUANCA,PARTIDO APRISTA PERUANO,217
140604,LIMA,HUAROCHIRI,CARAMPOMA,ALTERNATIVA HUAROCHIRANA,116
140604,LIMA,HUAROCHIRI,CARAMPOMA,COLECTIVO CIUDADANO CONFIANZA PERU,16
140604,LIMA,HUAROCHIRI,CARAMPOMA,CONCERTACION PARA EL DESARROLLO REGIONAL - LIMA,141
140604,LIMA,HUAROCHIRI,CARAMPOMA,PARTIDO APRISTA PERUANO,28
140604,LIMA,HUAROCHIRI,CARAMPOMA,PERU POSIBLE,13
140605,LIMA,HUAROCHIRI,SAN PEDRO DE CASTA,ACCION POPULAR,28
140605,LIMA,HUAROCHIRI,SAN PEDRO DE CASTA,ALTERNATIVA HUAROCHIRANA,162
140605,LIMA,HUAROCHIRI,SAN PEDRO DE CASTA,COLECTIVO CIUDADANO CONFIANZA PERU,185
140605,LIMA,HUAROCHIRI,SAN PEDRO DE CASTA,CONCERTACION PARA EL DESARROLLO REGIONAL - LIMA,89
140605,LIMA,HUAROCHIRI,SAN PEDRO DE CASTA,FUERZA 2011,22
140605,LIMA,HUAROCHIRI,SAN PEDRO DE CASTA,FUERZA REGIONAL,49
140605,LIMA,HUAROCHIRI,SAN PEDRO DE CASTA,PARTIDO DEMOCRATICO SOMOS PERU,62
140605,LIMA,HUAROCHIRI,SAN PEDRO DE CASTA,PERU POSIBLE,142
140606,LIMA,HUAROCHIRI,CUENCA,CONCERTACION PARA EL DESARROLLO REGIONAL - LIMA,0
140606,LIMA,HUAROCHIRI,CUENCA,PARTIDO APRISTA PERUANO,0
140607,LIMA,HUAROCHIRI,CHICLA,ACCION POPULAR,0
140607,LIMA,HUAROCHIRI,CHICLA,ALTERNATIVA HUAROCHIRANA,0
140607,LIMA,HUAROCHIRI,CHICLA,COLECTIVO CIUDADANO CONFIANZA PERU,0
140607,LIMA,HUAROCHIRI,CHICLA,CONCERTACION PARA EL DESARROLLO REGIONAL - LIMA,0
140607,LIMA,HUAROCHIRI,CHICLA,FUERZA 2011,0
140607,LIMA,HUAROCHIRI,CHICLA,FUERZA REGIONAL,0
140607,LIMA,HUAROCHIRI,CHICLA,MOVIMIENTO NUEVA IZQUIERDA,0
140607,LIMA,HUAROCHIRI,CHICLA,PADIN - MOVIMIENTO INDEPENDIENTE REGIONAL,0
140607,LIMA,HUAROCHIRI,CHICLA,PARTIDO APRISTA PERUANO,0
140608,LIMA,HUAROCHIRI,HUANZA,ALTERNATIVA HUAROCHIRANA,164
140608,LIMA,HUAROCHIRI,HUANZA,COLECTIVO CIUDADANO CONFIANZA PERU,61
140608,LIMA,HUAROCHIRI,HUANZA,CONCERTACION PARA EL DESARROLLO REGIONAL - LIMA,109
140608,LIMA,HUAROCHIRI,HUANZA,PARTIDO APRISTA PERUANO,127
140609,LIMA,HUAROCHIRI,HUAROCHIRI,ACCION POPULAR,18
140609,LIMA,HUAROCHIRI,HUAROCHIRI,ALTERNATIVA HUAROCHIRANA,120
140609,LIMA,HUAROCHIRI,HUAROCHIRI,CONCERTACION PARA EL DESARROLLO REGIONAL - LIMA,156
140609,LIMA,HUAROCHIRI,HUAROCHIRI,FUERZA 2011,183
140609,LIMA,HUAROCHIRI,HUAROCHIRI,FUERZA REGIONAL,73
140609,LIMA,HUAROCHIRI,HUAROCHIRI,PARTIDO APRISTA PERUANO,98
140609,LIMA,HUAROCHIRI,HUAROCHIRI,PARTIDO DEMOCRATICO SOMOS PERU,16
140609,LIMA,HUAROCHIRI,HUAROCHIRI,PERU POSIBLE,126
140610,LIMA,HUAROCHIRI,LAHUAYTAMBO,ALTERNATIVA HUAROCHIRANA,3
140610,LIMA,HUAROCHIRI,LAHUAYTAMBO,CONCERTACION PARA EL DESARROLLO REGIONAL - LIMA,240
140610,LIMA,HUAROCHIRI,LAHUAYTAMBO,PARTIDO APRISTA PERUANO,10
140610,LIMA,HUAROCHIRI,LAHUAYTAMBO,PARTIDO DEMOCRATICO SOMOS PERU,119
140611,LIMA,HUAROCHIRI,LANGA,ACCION POPULAR,176
140611,LIMA,HUAROCHIRI,LANGA,ALTERNATIVA HUAROCHIRANA,9
140611,LIMA,HUAROCHIRI,LANGA,CONCERTACION PARA EL DESARROLLO REGIONAL - LIMA,200
140611,LIMA,HUAROCHIRI,LANGA,MOVIMIENTO NUEVA IZQUIERDA,60
140611,LIMA,HUAROCHIRI,LANGA,PADIN - MOVIMIENTO INDEPENDIENTE REGIONAL,11
140611,LIMA,HUAROCHIRI,LANGA,PARTIDO DEMOCRATICO SOMOS PERU,80
140611,LIMA,HUAROCHIRI,LANGA,PARTIDO HUMANISTA PERUANO,14
140612,LIMA,HUAROCHIRI,MARIATANA,ACCION POPULAR,242
140612,LIMA,HUAROCHIRI,MARIATANA,CONCERTACION PARA EL DESARROLLO REGIONAL - LIMA,406
140612,LIMA,HUAROCHIRI,MARIATANA,PARTIDO APRISTA PERUANO,321
140612,LIMA,HUAROCHIRI,MARIATANA,PATRIA JOVEN,42
140613,LIMA,HUAROCHIRI,RICARDO PALMA,COLECTIVO CIUDADANO CONFIANZA PERU,760
140613,LIMA,HUAROCHIRI,RICARDO PALMA,FUERZA 2011,136
140613,LIMA,HUAROCHIRI,RICARDO PALMA,PADIN - MOVIMIENTO INDEPENDIENTE REGIONAL,182
140613,LIMA,HUAROCHIRI,RICARDO PALMA,PARTIDO APRISTA PERUANO,365
140613,LIMA,HUAROCHIRI,RICARDO PALMA,UNIDOS POR EL PUEBLO,2069
140614,LIMA,HUAROCHIRI,SAN ANDRES DE TUPICOCHA,ALIANZA PARA EL PROGRESO,108
140614,LIMA,HUAROCHIRI,SAN ANDRES DE TUPICOCHA,ALTERNATIVA HUAROCHIRANA,51
140614,LIMA,HUAROCHIRI,SAN ANDRES DE TUPICOCHA,COLECTIVO CIUDADANO CONFIANZA PERU,204
140614,LIMA,HUAROCHIRI,SAN ANDRES DE TUPICOCHA,CONCERTACION PARA EL DESARROLLO REGIONAL - LIMA,209
140614,LIMA,HUAROCHIRI,SAN ANDRES DE TUPICOCHA,PARTIDO DEMOCRATICO SOMOS PERU,406
140615,LIMA,HUAROCHIRI,SAN ANTONIO,ACCION POPULAR,578
140615,LIMA,HUAROCHIRI,SAN ANTONIO,ALIANZA PARA EL PROGRESO,164
140615,LIMA,HUAROCHIRI,SAN ANTONIO,ALTERNATIVA HUAROCHIRANA,528
140615,LIMA,HUAROCHIRI,SAN ANTONIO,COLECTIVO CIUDADANO CONFIANZA PERU,382
140615,LIMA,HUAROCHIRI,SAN ANTONIO,CONCERTACION PARA EL DESARROLLO REGIONAL - LIMA,2640
140615,LIMA,HUAROCHIRI,SAN ANTONIO,FONAVISTAS DEL PERU,216
140615,LIMA,HUAROCHIRI,SAN ANTONIO,FUERZA 2011,407
140615,LIMA,HUAROCHIRI,SAN ANTONIO,FUERZA REGIONAL,418
140615,LIMA,HUAROCHIRI,SAN ANTONIO,PARTIDO APRISTA PERUANO,1112
140615,LIMA,HUAROCHIRI,SAN ANTONIO,PARTIDO HUMANISTA PERUANO,81
140615,LIMA,HUAROCHIRI,SAN ANTONIO,PERU POSIBLE,785
140615,LIMA,HUAROCHIRI,SAN ANTONIO,SIEMPRE UNIDOS,2209
140616,LIMA,HUAROCHIRI,SAN BARTOLOME,ACCION POPULAR,227
140616,LIMA,HUAROCHIRI,SAN BARTOLOME,ALTERNATIVA HUAROCHIRANA,95
140616,LIMA,HUAROCHIRI,SAN BARTOLOME,COLECTIVO CIUDADANO CONFIANZA PERU,122
140616,LIMA,HUAROCHIRI,SAN BARTOLOME,CONCERTACION PARA EL DESARROLLO REGIONAL - LIMA,253
140617,LIMA,HUAROCHIRI,SAN DAMIAN,ACCION POPULAR,94
140617,LIMA,HUAROCHIRI,SAN DAMIAN,ALTERNATIVA HUAROCHIRANA,63
140617,LIMA,HUAROCHIRI,SAN DAMIAN,COLECTIVO CIUDADANO CONFIANZA PERU,175
140617,LIMA,HUAROCHIRI,SAN DAMIAN,CONCERTACION PARA EL DESARROLLO REGIONAL - LIMA,266
140617,LIMA,HUAROCHIRI,SAN DAMIAN,FUERZA 2011,50
140617,LIMA,HUAROCHIRI,SAN DAMIAN,FUERZA REGIONAL,58
140617,LIMA,HUAROCHIRI,SAN DAMIAN,PADIN - MOVIMIENTO INDEPENDIENTE REGIONAL,119
140617,LIMA,HUAROCHIRI,SAN DAMIAN,PARTIDO APRISTA PERUANO,40
140617,LIMA,HUAROCHIRI,SAN DAMIAN,PARTIDO DEMOCRATICO SOMOS PERU,56
140617,LIMA,HUAROCHIRI,SAN DAMIAN,PERU POSIBLE,57
140618,LIMA,HUAROCHIRI,SANGALLAYA,ACCION POPULAR,11
140618,LIMA,HUAROCHIRI,SANGALLAYA,ALTERNATIVA HUAROCHIRANA,15
140618,LIMA,HUAROCHIRI,SANGALLAYA,CONCERTACION PARA EL DESARROLLO REGIONAL - LIMA,101
140618,LIMA,HUAROCHIRI,SANGALLAYA,FUERZA REGIONAL,80
140618,LIMA,HUAROCHIRI,SANGALLAYA,PARTIDO APRISTA PERUANO,99
140619,LIMA,HUAROCHIRI,SAN JUAN DE TANTARANCHE,ACCION POPULAR,45
140619,LIMA,HUAROCHIRI,SAN JUAN DE TANTARANCHE,COLECTIVO CIUDADANO CONFIANZA PERU,81
140619,LIMA,HUAROCHIRI,SAN JUAN DE TANTARANCHE,CONCERTACION PARA EL DESARROLLO REGIONAL - LIMA,33
140619,LIMA,HUAROCHIRI,SAN JUAN DE TANTARANCHE,PERU POSIBLE,39
140620,LIMA,HUAROCHIRI,SAN LORENZO DE QUINTI,ACCION POPULAR,56
140620,LIMA,HUAROCHIRI,SAN LORENZO DE QUINTI,ALTERNATIVA HUAROCHIRANA,29
140620,LIMA,HUAROCHIRI,SAN LORENZO DE QUINTI,CONCERTACION PARA EL DESARROLLO REGIONAL - LIMA,195
140620,LIMA,HUAROCHIRI,SAN LORENZO DE QUINTI,FUERZA 2011,51
140620,LIMA,HUAROCHIRI,SAN LORENZO DE QUINTI,PARTIDO APRISTA PERUANO,203
140620,LIMA,HUAROCHIRI,SAN LORENZO DE QUINTI,PERU POSIBLE,66
140620,LIMA,HUAROCHIRI,SAN LORENZO DE QUINTI,UNION POR EL PERU,200
140621,LIMA,HUAROCHIRI,SAN MATEO,ALTERNATIVA HUAROCHIRANA,632
140621,LIMA,HUAROCHIRI,SAN MATEO,COLECTIVO CIUDADANO CONFIANZA PERU,96
140621,LIMA,HUAROCHIRI,SAN MATEO,CONCERTACION PARA EL DESARROLLO REGIONAL - LIMA,1218
140621,LIMA,HUAROCHIRI,SAN MATEO,FUERZA 2011,45
140621,LIMA,HUAROCHIRI,SAN MATEO,MOVIMIENTO NUEVA IZQUIERDA,473
140621,LIMA,HUAROCHIRI,SAN MATEO,PARTIDO APRISTA PERUANO,98
140621,LIMA,HUAROCHIRI,SAN MATEO,PARTIDO DEMOCRATICO SOMOS PERU,515
140621,LIMA,HUAROCHIRI,SAN MATEO,PERU POSIBLE,43
140622,LIMA,HUAROCHIRI,SAN MATEO DE OTAO,ACCION POPULAR,271
140622,LIMA,HUAROCHIRI,SAN MATEO DE OTAO,ALTERNATIVA HUAROCHIRANA,274
140622,LIMA,HUAROCHIRI,SAN MATEO DE OTAO,COLECTIVO CIUDADANO CONFIANZA PERU,209
140622,LIMA,HUAROCHIRI,SAN MATEO DE OTAO,CONCERTACION PARA EL DESARROLLO REGIONAL - LIMA,200
140622,LIMA,HUAROCHIRI,SAN MATEO DE OTAO,PADIN - MOVIMIENTO INDEPENDIENTE REGIONAL,127
140622,LIMA,HUAROCHIRI,SAN MATEO DE OTAO,PARTIDO APRISTA PERUANO,94
140622,LIMA,HUAROCHIRI,SAN MATEO DE OTAO,PARTIDO DEMOCRATICO SOMOS PERU,53
140623,LIMA,HUAROCHIRI,SAN PEDRO DE HUANCAYRE,ALTERNATIVA HUAROCHIRANA,18
140623,LIMA,HUAROCHIRI,SAN PEDRO DE HUANCAYRE,COLECTIVO CIUDADANO CONFIANZA PERU,11
140623,LIMA,HUAROCHIRI,SAN PEDRO DE HUANCAYRE,CONCERTACION PARA EL DESARROLLO REGIONAL - LIMA,26
140623,LIMA,HUAROCHIRI,SAN PEDRO DE HUANCAYRE,PADIN - MOVIMIENTO INDEPENDIENTE REGIONAL,27
140623,LIMA,HUAROCHIRI,SAN PEDRO DE HUANCAYRE,PARTIDO APRISTA PERUANO,60
140623,LIMA,HUAROCHIRI,SAN PEDRO DE HUANCAYRE,PARTIDO DEMOCRATICO SOMOS PERU,26
140624,LIMA,HUAROCHIRI,SANTA CRUZ DE COCACHACRA,ACCION POPULAR,75
140624,LIMA,HUAROCHIRI,SANTA CRUZ DE COCACHACRA,COLECTIVO CIUDADANO CONFIANZA PERU,216
140624,LIMA,HUAROCHIRI,SANTA CRUZ DE COCACHACRA,CONCERTACION PARA EL DESARROLLO REGIONAL - LIMA,348
140624,LIMA,HUAROCHIRI,SANTA CRUZ DE COCACHACRA,PARTIDO APRISTA PERUANO,537
140624,LIMA,HUAROCHIRI,SANTA CRUZ DE COCACHACRA,PARTIDO DEMOCRATICO SOMOS PERU,67
140624,LIMA,HUAROCHIRI,SANTA CRUZ DE COCACHACRA,PERU POSIBLE,119
140625,LIMA,HUAROCHIRI,SANTA EULALIA,ACCION POPULAR,192
140625,LIMA,HUAROCHIRI,SANTA EULALIA,ALTERNATIVA HUAROCHIRANA,1030
140625,LIMA,HUAROCHIRI,SANTA EULALIA,COLECTIVO CIUDADANO CONFIANZA PERU,171
140625,LIMA,HUAROCHIRI,SANTA EULALIA,CONCERTACION PARA EL DESARROLLO REGIONAL - LIMA,1224
140625,LIMA,HUAROCHIRI,SANTA EULALIA,FRENTE HUAROCHIRANO H.L.J. HAS LO JUSTO,786
140625,LIMA,HUAROCHIRI,SANTA EULALIA,FUERZA 2011,1362
140625,LIMA,HUAROCHIRI,SANTA EULALIA,MOVIMIENTO NUEVA IZQUIERDA,62
140625,LIMA,HUAROCHIRI,SANTA EULALIA,PADIN - MOVIMIENTO INDEPENDIENTE REGIONAL,65
140625,LIMA,HUAROCHIRI,SANTA EULALIA,PARTIDO APRISTA PERUANO,317
140625,LIMA,HUAROCHIRI,SANTA EULALIA,SIEMPRE UNIDOS,163
140626,LIMA,HUAROCHIRI,SANTIAGO DE ANCHUCAYA,ACCION POPULAR,55
140626,LIMA,HUAROCHIRI,SANTIAGO DE ANCHUCAYA,COLECTIVO CIUDADANO CONFIANZA PERU,39
140626,LIMA,HUAROCHIRI,SANTIAGO DE ANCHUCAYA,CONCERTACION PARA EL DESARROLLO REGIONAL - LIMA,90
140626,LIMA,HUAROCHIRI,SANTIAGO DE ANCHUCAYA,FUERZA 2011,33
140626,LIMA,HUAROCHIRI,SANTIAGO DE ANCHUCAYA,PARTIDO APRISTA PERUANO,102
140627,LIMA,HUAROCHIRI,SANTIAGO DE TUNA,ACCION POPULAR,115
140627,LIMA,HUAROCHIRI,SANTIAGO DE TUNA,CONCERTACION PARA EL DESARROLLO REGIONAL - LIMA,229
140627,LIMA,HUAROCHIRI,SANTIAGO DE TUNA,SANTIAGO DE TUNA UNIDO AL PROGRESO,122
140628,LIMA,HUAROCHIRI,SANTO DOMINGO DE LOS OLLEROS,ACCION POPULAR,89
140628,LIMA,HUAROCHIRI,SANTO DOMINGO DE LOS OLLEROS,ALTERNATIVA HUAROCHIRANA,291
140628,LIMA,HUAROCHIRI,SANTO DOMINGO DE LOS OLLEROS,CONCERTACION PARA EL DESARROLLO REGIONAL - LIMA,132
140628,LIMA,HUAROCHIRI,SANTO DOMINGO DE LOS OLLEROS,FUERZA 2011,151
140628,LIMA,HUAROCHIRI,SANTO DOMINGO DE LOS OLLEROS,FUERZA REGIONAL,63
140628,LIMA,HUAROCHIRI,SANTO DOMINGO DE LOS OLLEROS,MOVIMIENTO NUEVA IZQUIERDA,40
140628,LIMA,HUAROCHIRI,SANTO DOMINGO DE LOS OLLEROS,PADIN - MOVIMIENTO INDEPENDIENTE REGIONAL,78
140628,LIMA,HUAROCHIRI,SANTO DOMINGO DE LOS OLLEROS,PARTIDO APRISTA PERUANO,321
140629,LIMA,HUAROCHIRI,SURCO,ACCION POPULAR,94
140629,LIMA,HUAROCHIRI,SURCO,ALTERNATIVA HUAROCHIRANA,328
140629,LIMA,HUAROCHIRI,SURCO,COLECTIVO CIUDADANO CONFIANZA PERU,153
140629,LIMA,HUAROCHIRI,SURCO,CONCERTACION PARA EL DESARROLLO REGIONAL - LIMA,383
140629,LIMA,HUAROCHIRI,SURCO,PARTIDO APRISTA PERUANO,34
140629,LIMA,HUAROCHIRI,SURCO,PARTIDO DEMOCRATICO SOMOS PERU,56
140630,LIMA,HUAROCHIRI,HUACHUPAMPA,ACCION POPULAR,117
140630,LIMA,HUAROCHIRI,HUACHUPAMPA,ALTERNATIVA HUAROCHIRANA,107
140630,LIMA,HUAROCHIRI,HUACHUPAMPA,CONCERTACION PARA EL DESARROLLO REGIONAL - LIMA,50
140630,LIMA,HUAROCHIRI,HUACHUPAMPA,FUERZA 2011,12
140630,LIMA,HUAROCHIRI,HUACHUPAMPA,FUERZA REGIONAL,90
140630,LIMA,HUAROCHIRI,HUACHUPAMPA,PADIN - MOVIMIENTO INDEPENDIENTE REGIONAL,8
140630,LIMA,HUAROCHIRI,HUACHUPAMPA,PARTIDO DEMOCRATICO SOMOS PERU,4
140631,LIMA,HUAROCHIRI,LARAOS,ALTERNATIVA HUAROCHIRANA,108
140631,LIMA,HUAROCHIRI,LARAOS,CONCERTACION PARA EL DESARROLLO REGIONAL - LIMA,159
140631,LIMA,HUAROCHIRI,LARAOS,MOVIMIENTO NUEVA IZQUIERDA,23
140632,LIMA,HUAROCHIRI,SAN JUAN DE IRIS,ACCION POPULAR,125
140632,LIMA,HUAROCHIRI,SAN JUAN DE IRIS,ALTERNATIVA HUAROCHIRANA,107
140632,LIMA,HUAROCHIRI,SAN JUAN DE IRIS,CONCERTACION PARA EL DESARROLLO REGIONAL - LIMA,26
140632,LIMA,HUAROCHIRI,SAN JUAN DE IRIS,PARTIDO APRISTA PERUANO,134
140702,LIMA,YAUYOS,ALIS,CONCERTACION PARA EL DESARROLLO REGIONAL - LIMA,131
140702,LIMA,YAUYOS,ALIS,PARTIDO APRISTA PERUANO,155
140703,LIMA,YAUYOS,AYAUCA,ACCION POPULAR,3
140703,LIMA,YAUYOS,AYAUCA,CONCERTACION PARA EL DESARROLLO REGIONAL - LIMA,76
140703,LIMA,YAUYOS,AYAUCA,FUERZA 2011,41
140703,LIMA,YAUYOS,AYAUCA,PADIN - MOVIMIENTO INDEPENDIENTE REGIONAL,51
140703,LIMA,YAUYOS,AYAUCA,PARTIDO APRISTA PERUANO,86
140703,LIMA,YAUYOS,AYAUCA,PATRIA JOVEN,21
140703,LIMA,YAUYOS,AYAUCA,RESTAURACION NACIONAL,39
140704,LIMA,YAUYOS,AYAVIRI,CONCERTACION PARA EL DESARROLLO REGIONAL - LIMA,151
140704,LIMA,YAUYOS,AYAVIRI,FUERZA 2011,14
140704,LIMA,YAUYOS,AYAVIRI,FUERZA REGIONAL,31
140704,LIMA,YAUYOS,AYAVIRI,PARTIDO APRISTA PERUANO,36
140704,LIMA,YAUYOS,AYAVIRI,PARTIDO DEMOCRATICO SOMOS PERU,79
140704,LIMA,YAUYOS,AYAVIRI,PATRIA JOVEN,20
140705,LIMA,YAUYOS,AZANGARO,COLECTIVO CIUDADANO CONFIANZA PERU,40
140705,LIMA,YAUYOS,AZANGARO,CONCERTACION PARA EL DESARROLLO REGIONAL - LIMA,93
140705,LIMA,YAUYOS,AZANGARO,FUERZA 2011,50
140705,LIMA,YAUYOS,AZANGARO,PADIN - MOVIMIENTO INDEPENDIENTE REGIONAL,62
140705,LIMA,YAUYOS,AZANGARO,PARTIDO APRISTA PERUANO,2
140705,LIMA,YAUYOS,AZANGARO,PARTIDO DEMOCRATICO SOMOS PERU,72
140705,LIMA,YAUYOS,AZANGARO,PATRIA JOVEN,82
140705,LIMA,YAUYOS,AZANGARO,PERU POSIBLE,34
140706,LIMA,YAUYOS,CACRA,CONCERTACION PARA EL DESARROLLO REGIONAL - LIMA,153
140706,LIMA,YAUYOS,CACRA,FUERZA 2011,69
140706,LIMA,YAUYOS,CACRA,FUERZA REGIONAL,54
140706,LIMA,YAUYOS,CACRA,PATRIA JOVEN,82
140706,LIMA,YAUYOS,CACRA,RESTAURACION NACIONAL,41
140707,LIMA,YAUYOS,CARANIA,ALIANZA PARA EL PROGRESO,23
140707,LIMA,YAUYOS,CARANIA,CONCERTACION PARA EL DESARROLLO REGIONAL - LIMA,32
140707,LIMA,YAUYOS,CARANIA,PARTIDO APRISTA PERUANO,1
140707,LIMA,YAUYOS,CARANIA,PARTIDO DEMOCRATICO SOMOS PERU,66
140707,LIMA,YAUYOS,CARANIA,PARTIDO HUMANISTA PERUANO,33
140707,LIMA,YAUYOS,CARANIA,PATRIA JOVEN,20
140707,LIMA,YAUYOS,CARANIA,PERU POSIBLE,0
140708,LIMA,YAUYOS,COCHAS,CONCERTACION PARA EL DESARROLLO REGIONAL - LIMA,36
140708,LIMA,YAUYOS,COCHAS,PERU POSIBLE,2
140709,LIMA,YAUYOS,COLONIA,ALIANZA PARA EL PROGRESO,54
140709,LIMA,YAUYOS,COLONIA,COLECTIVO CIUDADANO CONFIANZA PERU,92
140709,LIMA,YAUYOS,COLONIA,CONCERTACION PARA EL DESARROLLO REGIONAL - LIMA,124
140709,LIMA,YAUYOS,COLONIA,FUERZA 2011,139
140709,LIMA,YAUYOS,COLONIA,PARTIDO APRISTA PERUANO,130
140709,LIMA,YAUYOS,COLONIA,PATRIA JOVEN,126
140709,LIMA,YAUYOS,COLONIA,RESTAURACION NACIONAL,17
140710,LIMA,YAUYOS,CHOCOS,COLECTIVO CIUDADANO CONFIANZA PERU,307
140710,LIMA,YAUYOS,CHOCOS,CONCERTACION PARA EL DESARROLLO REGIONAL - LIMA,304
140710,LIMA,YAUYOS,CHOCOS,FUERZA 2011,8
140710,LIMA,YAUYOS,CHOCOS,PARTIDO APRISTA PERUANO,12
140710,LIMA,YAUYOS,CHOCOS,PATRIA JOVEN,227
140711,LIMA,YAUYOS,HUAMPARA,COLECTIVO CIUDADANO CONFIANZA PERU,8
140711,LIMA,YAUYOS,HUAMPARA,CONCERTACION PARA EL DESARROLLO REGIONAL - LIMA,266
140711,LIMA,YAUYOS,HUAMPARA,PARTIDO APRISTA PERUANO,31
140712,LIMA,YAUYOS,HUANCAYA,COLECTIVO CIUDADANO CONFIANZA PERU,50
140712,LIMA,YAUYOS,HUANCAYA,CONCERTACION PARA EL DESARROLLO REGIONAL - LIMA,176
140712,LIMA,YAUYOS,HUANCAYA,PERU POSIBLE,146
140712,LIMA,YAUYOS,HUANCAYA,RESTAURACION NACIONAL,1
140713,LIMA,YAUYOS,HUANGASCAR,COLECTIVO CIUDADANO CONFIANZA PERU,91
140713,LIMA,YAUYOS,HUANGASCAR,CONCERTACION PARA EL DESARROLLO REGIONAL - LIMA,164
140713,LIMA,YAUYOS,HUANGASCAR,FUERZA 2011,109
140713,LIMA,YAUYOS,HUANGASCAR,FUERZA REGIONAL,53
140713,LIMA,YAUYOS,HUANGASCAR,PATRIA JOVEN,245
140713,LIMA,YAUYOS,HUANGASCAR,RESTAURACION NACIONAL,43
140714,LIMA,YAUYOS,HUANTAN,ACCION POPULAR,35
140714,LIMA,YAUYOS,HUANTAN,COLECTIVO CIUDADANO CONFIANZA PERU,34
140714,LIMA,YAUYOS,HUANTAN,CONCERTACION PARA EL DESARROLLO REGIONAL - LIMA,65
140714,LIMA,YAUYOS,HUANTAN,FUERZA 2011,46
140714,LIMA,YAUYOS,HUANTAN,PARTIDO APRISTA PERUANO,120
140714,LIMA,YAUYOS,HUANTAN,PATRIA JOVEN,99
140714,LIMA,YAUYOS,HUANTAN,RESTAURACION NACIONAL,79
140715,LIMA,YAUYOS,HUAÑEC,COLECTIVO CIUDADANO CONFIANZA PERU,93
140715,LIMA,YAUYOS,HUAÑEC,CONCERTACION PARA EL DESARROLLO REGIONAL - LIMA,69
140715,LIMA,YAUYOS,HUAÑEC,PATRIA JOVEN,11
140715,LIMA,YAUYOS,HUAÑEC,PERU POSIBLE,106
140716,LIMA,YAUYOS,LARAOS,CONCERTACION PARA EL DESARROLLO REGIONAL - LIMA,146
140716,LIMA,YAUYOS,LARAOS,FUERZA 2011,32
140716,LIMA,YAUYOS,LARAOS,PARTIDO APRISTA PERUANO,95
140716,LIMA,YAUYOS,LARAOS,PARTIDO DEMOCRATICO SOMOS PERU,87
140717,LIMA,YAUYOS,LINCHA,ACCION POPULAR,59
140717,LIMA,YAUYOS,LINCHA,ALIANZA PARA EL PROGRESO,114
140717,LIMA,YAUYOS,LINCHA,CONCERTACION PARA EL DESARROLLO REGIONAL - LIMA,146
140717,LIMA,YAUYOS,LINCHA,FUERZA 2011,30
140717,LIMA,YAUYOS,LINCHA,PADIN - MOVIMIENTO INDEPENDIENTE REGIONAL,6
140717,LIMA,YAUYOS,LINCHA,PERU POSIBLE,47
140717,LIMA,YAUYOS,LINCHA,UNION POR EL PERU,17
140718,LIMA,YAUYOS,MIRAFLORES,CONCERTACION PARA EL DESARROLLO REGIONAL - LIMA,63
140718,LIMA,YAUYOS,MIRAFLORES,FUERZA 2011,32
140718,LIMA,YAUYOS,MIRAFLORES,PARTIDO APRISTA PERUANO,83
140718,LIMA,YAUYOS,MIRAFLORES,PERU POSIBLE,32
140719,LIMA,YAUYOS,OMAS,CONCERTACION PARA EL DESARROLLO REGIONAL - LIMA,293
140719,LIMA,YAUYOS,OMAS,PARTIDO APRISTA PERUANO,27
140719,LIMA,YAUYOS,OMAS,PERU POSIBLE,292
140720,LIMA,YAUYOS,QUINCHES,ACCION POPULAR,102
140720,LIMA,YAUYOS,QUINCHES,ALIANZA PARA EL PROGRESO,77
140720,LIMA,YAUYOS,QUINCHES,CONCERTACION PARA EL DESARROLLO REGIONAL - LIMA,100
140720,LIMA,YAUYOS,QUINCHES,FUERZA 2011,116
140720,LIMA,YAUYOS,QUINCHES,PATRIA JOVEN,77
140721,LIMA,YAUYOS,QUINOCAY,CONCERTACION PARA EL DESARROLLO REGIONAL - LIMA,77
140721,LIMA,YAUYOS,QUINOCAY,PERU POSIBLE,7
140722,LIMA,YAUYOS,SAN JOAQUIN,CONCERTACION PARA EL DESARROLLO REGIONAL - LIMA,45
140722,LIMA,YAUYOS,SAN JOAQUIN,PERU POSIBLE,64
140723,LIMA,YAUYOS,SAN PEDRO DE PILAS,CONCERTACION PARA EL DESARROLLO REGIONAL - LIMA,114
140723,LIMA,YAUYOS,SAN PEDRO DE PILAS,PARTIDO APRISTA PERUANO,129
140724,LIMA,YAUYOS,TANTA,COLECTIVO CIUDADANO CONFIANZA PERU,70
140724,LIMA,YAUYOS,TANTA,CONCERTACION PARA EL DESARROLLO REGIONAL - LIMA,131
140724,LIMA,YAUYOS,TANTA,PARTIDO APRISTA PERUANO,93
140724,LIMA,YAUYOS,TANTA,PERU POSIBLE,13
140725,LIMA,YAUYOS,TAURIPAMPA,COLECTIVO CIUDADANO CONFIANZA PERU,1
140725,LIMA,YAUYOS,TAURIPAMPA,CONCERTACION PARA EL DESARROLLO REGIONAL - LIMA,64
140725,LIMA,YAUYOS,TAURIPAMPA,FUERZA 2011,148
140725,LIMA,YAUYOS,TAURIPAMPA,PADIN - MOVIMIENTO INDEPENDIENTE REGIONAL,52
140725,LIMA,YAUYOS,TAURIPAMPA,PARTIDO APRISTA PERUANO,50
140725,LIMA,YAUYOS,TAURIPAMPA,RESTAURACION NACIONAL,75
140726,LIMA,YAUYOS,TUPE,CONCERTACION PARA EL DESARROLLO REGIONAL - LIMA,79
140726,LIMA,YAUYOS,TUPE,PARTIDO APRISTA PERUANO,106
140726,LIMA,YAUYOS,TUPE,PATRIA JOVEN,41
140726,LIMA,YAUYOS,TUPE,PERU POSIBLE,123
140726,LIMA,YAUYOS,TUPE,RESTAURACION NACIONAL,5
140727,LIMA,YAUYOS,TOMAS,CONCERTACION PARA EL DESARROLLO REGIONAL - LIMA,104
140727,LIMA,YAUYOS,TOMAS,FUERZA 2011,12
140727,LIMA,YAUYOS,TOMAS,PARTIDO APRISTA PERUANO,135
140727,LIMA,YAUYOS,TOMAS,PATRIA JOVEN,130
140728,LIMA,YAUYOS,VIÑAC,ALIANZA PARA EL PROGRESO,48
140728,LIMA,YAUYOS,VIÑAC,COLECTIVO CIUDADANO CONFIANZA PERU,214
140728,LIMA,YAUYOS,VIÑAC,CONCERTACION PARA EL DESARROLLO REGIONAL - LIMA,201
140728,LIMA,YAUYOS,VIÑAC,FUERZA 2011,73
140728,LIMA,YAUYOS,VIÑAC,FUERZA REGIONAL,61
140728,LIMA,YAUYOS,VIÑAC,PADIN - MOVIMIENTO INDEPENDIENTE REGIONAL,18
140728,LIMA,YAUYOS,VIÑAC,PARTIDO APRISTA PERUANO,28
140728,LIMA,YAUYOS,VIÑAC,PARTIDO DEMOCRATICO SOMOS PERU,60
140728,LIMA,YAUYOS,VIÑAC,PATRIA JOVEN,46
140728,LIMA,YAUYOS,VIÑAC,PERU POSIBLE,186
140728,LIMA,YAUYOS,VIÑAC,RESTAURACION NACIONAL,89
140729,LIMA,YAUYOS,VITIS,CONCERTACION PARA EL DESARROLLO REGIONAL - LIMA,121
140729,LIMA,YAUYOS,VITIS,PARTIDO APRISTA PERUANO,5
140729,LIMA,YAUYOS,VITIS,PATRIA JOVEN,45
140730,LIMA,YAUYOS,HONGOS,COLECTIVO CIUDADANO CONFIANZA PERU,13
140730,LIMA,YAUYOS,HONGOS,CONCERTACION PARA EL DESARROLLO REGIONAL - LIMA,80
140730,LIMA,YAUYOS,HONGOS,HONGOS XXI,123
140730,LIMA,YAUYOS,HONGOS,PARTIDO APRISTA PERUANO,38
140730,LIMA,YAUYOS,HONGOS,PATRIA JOVEN,14
140730,LIMA,YAUYOS,HONGOS,RESTAURACION NACIONAL,15
140731,LIMA,YAUYOS,MADEAN,COLECTIVO CIUDADANO CONFIANZA PERU,158
140731,LIMA,YAUYOS,MADEAN,CONCERTACION PARA EL DESARROLLO REGIONAL - LIMA,101
140731,LIMA,YAUYOS,MADEAN,FUERZA 2011,11
140731,LIMA,YAUYOS,MADEAN,PARTIDO APRISTA PERUANO,11
140731,LIMA,YAUYOS,MADEAN,PATRIA JOVEN,218
140732,LIMA,YAUYOS,PUTINZA,CONCERTACION PARA EL DESARROLLO REGIONAL - LIMA,180
140732,LIMA,YAUYOS,PUTINZA,FUERZA 2011,69
140732,LIMA,YAUYOS,PUTINZA,FUERZA REGIONAL,89
140732,LIMA,YAUYOS,PUTINZA,PARTIDO APRISTA PERUANO,3
140732,LIMA,YAUYOS,PUTINZA,PATRIA JOVEN,216
140732,LIMA,YAUYOS,PUTINZA,RESTAURACION NACIONAL,101
140733,LIMA,YAUYOS,CATAHUASI,CONCERTACION PARA EL DESARROLLO REGIONAL - LIMA,85
140733,LIMA,YAUYOS,CATAHUASI,FUERZA 2011,254
140733,LIMA,YAUYOS,CATAHUASI,PARTIDO APRISTA PERUANO,115
140733,LIMA,YAUYOS,CATAHUASI,PATRIA JOVEN,215
140733,LIMA,YAUYOS,CATAHUASI,PERU POSIBLE,126
140733,LIMA,YAUYOS,CATAHUASI,RESTAURACION NACIONAL,107
140802,LIMA,HUARAL,ATAVILLOS ALTO,ACCION POPULAR,115
140802,LIMA,HUARAL,ATAVILLOS ALTO,ALIANZA PARA EL PROGRESO,19
140802,LIMA,HUARAL,ATAVILLOS ALTO,FUERZA REGIONAL,152
140802,LIMA,HUARAL,ATAVILLOS ALTO,PARTIDO APRISTA PERUANO,61
140802,LIMA,HUARAL,ATAVILLOS ALTO,PATRIA JOVEN,33
140802,LIMA,HUARAL,ATAVILLOS ALTO,PERU POSIBLE,37
140803,LIMA,HUARAL,ATAVILLOS BAJO,CONCERTACION PARA EL DESARROLLO REGIONAL - LIMA,124
140803,LIMA,HUARAL,ATAVILLOS BAJO,FUERZA REGIONAL,260
140803,LIMA,HUARAL,ATAVILLOS BAJO,PARTIDO APRISTA PERUANO,124
140803,LIMA,HUARAL,ATAVILLOS BAJO,PATRIA JOVEN,123
140804,LIMA,HUARAL,AUCALLAMA,ALIANZA PARA EL PROGRESO,659
140804,LIMA,HUARAL,AUCALLAMA,COLECTIVO CIUDADANO CONFIANZA PERU,29
140804,LIMA,HUARAL,AUCALLAMA,CONCERTACION PARA EL DESARROLLO REGIONAL - LIMA,2196
140804,LIMA,HUARAL,AUCALLAMA,FUERZA 2011,1097
140804,LIMA,HUARAL,AUCALLAMA,FUERZA REGIONAL,1447
140804,LIMA,HUARAL,AUCALLAMA,PADIN - MOVIMIENTO INDEPENDIENTE REGIONAL,47
140804,LIMA,HUARAL,AUCALLAMA,PARTIDO APRISTA PERUANO,517
140804,LIMA,HUARAL,AUCALLAMA,PATRIA JOVEN,55
140804,LIMA,HUARAL,AUCALLAMA,PERU POSIBLE,118
140805,LIMA,HUARAL,CHANCAY,ALIANZA PARA EL PROGRESO,301
140805,LIMA,HUARAL,CHANCAY,COLECTIVO CIUDADANO CONFIANZA PERU,101
140805,LIMA,HUARAL,CHANCAY,CONCERTACION PARA EL DESARROLLO REGIONAL - LIMA,1022
140805,LIMA,HUARAL,CHANCAY,FONAVISTAS DEL PERU,212
140805,LIMA,HUARAL,CHANCAY,FUERZA REGIONAL,8011
140805,LIMA,HUARAL,CHANCAY,PADIN - MOVIMIENTO INDEPENDIENTE REGIONAL,3168
140805,LIMA,HUARAL,CHANCAY,PARTIDO APRISTA PERUANO,11051
140805,LIMA,HUARAL,CHANCAY,PARTIDO HUMANISTA PERUANO,88
140805,LIMA,HUARAL,CHANCAY,PATRIA JOVEN,921
140805,LIMA,HUARAL,CHANCAY,RESTAURACION NACIONAL,342
140806,LIMA,HUARAL,IHUARI,ALIANZA PARA EL PROGRESO,202
140806,LIMA,HUARAL,IHUARI,COLECTIVO CIUDADANO CONFIANZA PERU,18
140806,LIMA,HUARAL,IHUARI,CONCERTACION PARA EL DESARROLLO REGIONAL - LIMA,179
140806,LIMA,HUARAL,IHUARI,FUERZA REGIONAL,68
140806,LIMA,HUARAL,IHUARI,PADIN - MOVIMIENTO INDEPENDIENTE REGIONAL,1
140806,LIMA,HUARAL,IHUARI,PARTIDO APRISTA PERUANO,284
140806,LIMA,HUARAL,IHUARI,PARTIDO HUMANISTA PERUANO,70
140806,LIMA,HUARAL,IHUARI,PATRIA JOVEN,324
140806,LIMA,HUARAL,IHUARI,PERU POSIBLE,93
140807,LIMA,HUARAL,LAMPIAN,COLECTIVO CIUDADANO CONFIANZA PERU,40
140807,LIMA,HUARAL,LAMPIAN,CONCERTACION PARA EL DESARROLLO REGIONAL - LIMA,46
140807,LIMA,HUARAL,LAMPIAN,FUERZA 2011,121
140807,LIMA,HUARAL,LAMPIAN,FUERZA REGIONAL,25
140807,LIMA,HUARAL,LAMPIAN,INTEGRACION REGIONAL,76
140807,LIMA,HUARAL,LAMPIAN,PARTIDO APRISTA PERUANO,17
140807,LIMA,HUARAL,LAMPIAN,PATRIA JOVEN,101
140807,LIMA,HUARAL,LAMPIAN,PERU POSIBLE,15
140808,LIMA,HUARAL,PACARAOS,ALIANZA PARA EL PROGRESO,112
140808,LIMA,HUARAL,PACARAOS,CONCERTACION PARA EL DESARROLLO REGIONAL - LIMA,99
140808,LIMA,HUARAL,PACARAOS,FUERZA REGIONAL,62
140808,LIMA,HUARAL,PACARAOS,PARTIDO APRISTA PERUANO,21
140808,LIMA,HUARAL,PACARAOS,PATRIA JOVEN,188
140809,LIMA,HUARAL,SAN MIGUEL DE ACOS,CONCERTACION PARA EL DESARROLLO REGIONAL - LIMA,124
140809,LIMA,HUARAL,SAN MIGUEL DE ACOS,FUERZA REGIONAL,147
140809,LIMA,HUARAL,SAN MIGUEL DE ACOS,PARTIDO APRISTA PERUANO,139
140810,LIMA,HUARAL,VEINTISIETE DE NOVIEMBRE,ALIANZA PARA EL PROGRESO,27
140810,LIMA,HUARAL,VEINTISIETE DE NOVIEMBRE,CONCERTACION PARA EL DESARROLLO REGIONAL - LIMA,217
140810,LIMA,HUARAL,VEINTISIETE DE NOVIEMBRE,FUERZA REGIONAL,38
140810,LIMA,HUARAL,VEINTISIETE DE NOVIEMBRE,PARTIDO APRISTA PERUANO,166
140811,LIMA,HUARAL,SANTA CRUZ DE ANDAMARCA,CONCERTACION PARA EL DESARROLLO REGIONAL - LIMA,65
140811,LIMA,HUARAL,SANTA CRUZ DE ANDAMARCA,FUERZA REGIONAL,62
140811,LIMA,HUARAL,SANTA CRUZ DE ANDAMARCA,PARTIDO APRISTA PERUANO,34
140811,LIMA,HUARAL,SANTA CRUZ DE ANDAMARCA,PERU POSIBLE,60
140812,LIMA,HUARAL,SUMBILCA,CONCERTACION PARA EL DESARROLLO REGIONAL - LIMA,138
140812,LIMA,HUARAL,SUMBILCA,FUERZA REGIONAL,244
140812,LIMA,HUARAL,SUMBILCA,PADIN - MOVIMIENTO INDEPENDIENTE REGIONAL,32
140812,LIMA,HUARAL,SUMBILCA,PARTIDO APRISTA PERUANO,171
140812,LIMA,HUARAL,SUMBILCA,PATRIA JOVEN,27
140902,LIMA,BARRANCA,PARAMONGA,AGRUPACION VECINAL RECUPEREMOS PARAMONGA,3149
140902,LIMA,BARRANCA,PARAMONGA,ALIANZA PARA EL PROGRESO,371
140902,LIMA,BARRANCA,PARAMONGA,COLECTIVO CIUDADANO CONFIANZA PERU,1800
140902,LIMA,BARRANCA,PARAMONGA,DESARROLLO Y TECNOLOGIA,495
140902,LIMA,BARRANCA,PARAMONGA,FONAVISTAS DEL PERU,361
140902,LIMA,BARRANCA,PARAMONGA,FUERZA REGIONAL,269
140902,LIMA,BARRANCA,PARAMONGA,INTEGRACION REGIONAL,685
140902,LIMA,BARRANCA,PARAMONGA,PADIN - MOVIMIENTO INDEPENDIENTE REGIONAL,389
140902,LIMA,BARRANCA,PARAMONGA,PARAMONGA RENACE,907
140902,LIMA,BARRANCA,PARAMONGA,PARTIDO APRISTA PERUANO,648
140902,LIMA,BARRANCA,PARAMONGA,PARTIDO HUMANISTA PERUANO,143
140902,LIMA,BARRANCA,PARAMONGA,PATRIA JOVEN,184
140902,LIMA,BARRANCA,PARAMONGA,PERU POSIBLE,160
140902,LIMA,BARRANCA,PARAMONGA,PLAN PARAMONGA,1040
140902,LIMA,BARRANCA,PARAMONGA,RESTAURACION NACIONAL,105
140902,LIMA,BARRANCA,PARAMONGA,SALVAKUSHUN PARAMONGA,2662
140902,LIMA,BARRANCA,PARAMONGA,SIEMPRE UNIDOS,278
140903,LIMA,BARRANCA,PATIVILCA,ACCION POPULAR,2384
140903,LIMA,BARRANCA,PATIVILCA,COLECTIVO CIUDADANO CONFIANZA PERU,1776
140903,LIMA,BARRANCA,PATIVILCA,CONCERTACION PARA EL DESARROLLO REGIONAL - LIMA,1519
140903,LIMA,BARRANCA,PATIVILCA,FONAVISTAS DEL PERU,185
140903,LIMA,BARRANCA,PATIVILCA,FUERZA 2011,440
140903,LIMA,BARRANCA,PATIVILCA,FUERZA REGIONAL,165
140903,LIMA,BARRANCA,PATIVILCA,INTEGRACION REGIONAL,136
140903,LIMA,BARRANCA,PATIVILCA,PADIN - MOVIMIENTO INDEPENDIENTE REGIONAL,931
140903,LIMA,BARRANCA,PATIVILCA,PARTIDO APRISTA PERUANO,279
140903,LIMA,BARRANCA,PATIVILCA,PATRIA JOVEN,253
140903,LIMA,BARRANCA,PATIVILCA,PERU POSIBLE,55
140903,LIMA,BARRANCA,PATIVILCA,SIEMPRE UNIDOS,425
140903,LIMA,BARRANCA,PATIVILCA,UNION POR EL PERU,205
140904,LIMA,BARRANCA,SUPE,ALIANZA PARA EL PROGRESO,78
140904,LIMA,BARRANCA,SUPE,COLECTIVO CIUDADANO CONFIANZA PERU,1398
140904,LIMA,BARRANCA,SUPE,CONCERTACION PARA EL DESARROLLO REGIONAL - LIMA,945
140904,LIMA,BARRANCA,SUPE,FONAVISTAS DEL PERU,95
140904,LIMA,BARRANCA,SUPE,FUERZA 2011,942
140904,LIMA,BARRANCA,SUPE,FUERZA REGIONAL,78
140904,LIMA,BARRANCA,SUPE,INTEGRACION REGIONAL,84
140904,LIMA,BARRANCA,SUPE,PADIN - MOVIMIENTO INDEPENDIENTE REGIONAL,428
140904,LIMA,BARRANCA,SUPE,PARTIDO APRISTA PERUANO,1940
140904,LIMA,BARRANCA,SUPE,PARTIDO HUMANISTA PERUANO,30
140904,LIMA,BARRANCA,SUPE,PATRIA JOVEN,802
140904,LIMA,BARRANCA,SUPE,PERU POSIBLE,58
140904,LIMA,BARRANCA,SUPE,SIEMPRE UNIDOS,207
140905,LIMA,BARRANCA,SUPE PUERTO,ALIANZA PARA EL PROGRESO,25
140905,LIMA,BARRANCA,SUPE PUERTO,COLECTIVO CIUDADANO CONFIANZA PERU,354
140905,LIMA,BARRANCA,SUPE PUERTO,CONCERTACION PARA EL DESARROLLO REGIONAL - LIMA,302
140905,LIMA,BARRANCA,SUPE PUERTO,FONAVISTAS DEL PERU,398
140905,LIMA,BARRANCA,SUPE PUERTO,FUERZA 2011,232
140905,LIMA,BARRANCA,SUPE PUERTO,FUERZA REGIONAL,291
140905,LIMA,BARRANCA,SUPE PUERTO,INTEGRACION REGIONAL,64
140905,LIMA,BARRANCA,SUPE PUERTO,MOVIMIENTO INDEPENDIENTE CAMBIO REGIONAL,12
140905,LIMA,BARRANCA,SUPE PUERTO,PADIN - MOVIMIENTO INDEPENDIENTE REGIONAL,986
140905,LIMA,BARRANCA,SUPE PUERTO,PARTIDO APRISTA PERUANO,477
140905,LIMA,BARRANCA,SUPE PUERTO,PARTIDO HUMANISTA PERUANO,22
140905,LIMA,BARRANCA,SUPE PUERTO,PATRIA JOVEN,154
140905,LIMA,BARRANCA,SUPE PUERTO,SIEMPRE UNIDOS,97
140905,LIMA,BARRANCA,SUPE PUERTO,UNION POR EL PERU,41
141002,LIMA,OYON,NAVAN,CONCERTACION PARA EL DESARROLLO REGIONAL - LIMA,99
141002,LIMA,OYON,NAVAN,FUERZA 2011,48
141002,LIMA,OYON,NAVAN,PADIN - MOVIMIENTO INDEPENDIENTE REGIONAL,15
141002,LIMA,OYON,NAVAN,PARTIDO APRISTA PERUANO,147
141002,LIMA,OYON,NAVAN,UNION POR EL PERU,206
141003,LIMA,OYON,CAUJUL,CONCERTACION PARA EL DESARROLLO REGIONAL - LIMA,151
141003,LIMA,OYON,CAUJUL,FUERZA 2011,52
141003,LIMA,OYON,CAUJUL,PADIN - MOVIMIENTO INDEPENDIENTE REGIONAL,56
141003,LIMA,OYON,CAUJUL,PARTIDO APRISTA PERUANO,12
141004,LIMA,OYON,ANDAJES,ACCION POPULAR,51
141004,LIMA,OYON,ANDAJES,CONCERTACION PARA EL DESARROLLO REGIONAL - LIMA,68
141004,LIMA,OYON,ANDAJES,FUERZA 2011,22
141004,LIMA,OYON,ANDAJES,FUERZA REGIONAL,3
141004,LIMA,OYON,ANDAJES,INTEGRACION REGIONAL,38
141004,LIMA,OYON,ANDAJES,PADIN - MOVIMIENTO INDEPENDIENTE REGIONAL,22
141004,LIMA,OYON,ANDAJES,PARTIDO APRISTA PERUANO,57
141005,LIMA,OYON,PACHANGARA,ACCION POPULAR,59
141005,LIMA,OYON,PACHANGARA,CONCERTACION PARA EL DESARROLLO REGIONAL - LIMA,344
141005,LIMA,OYON,PACHANGARA,FUERZA 2011,127
141005,LIMA,OYON,PACHANGARA,MOVIMIENTO INDEPENDIENTE CAMBIO REGIONAL,179
141005,LIMA,OYON,PACHANGARA,PADIN - MOVIMIENTO INDEPENDIENTE REGIONAL,272
141005,LIMA,OYON,PACHANGARA,PARTIDO APRISTA PERUANO,51
141005,LIMA,OYON,PACHANGARA,SIEMPRE UNIDOS,204
141006,LIMA,OYON,COCHAMARCA,ACCION POPULAR,2
141006,LIMA,OYON,COCHAMARCA,COLECTIVO CIUDADANO CONFIANZA PERU,48
141006,LIMA,OYON,COCHAMARCA,CONCERTACION PARA EL DESARROLLO REGIONAL - LIMA,46
141006,LIMA,OYON,COCHAMARCA,FUERZA 2011,51
141006,LIMA,OYON,COCHAMARCA,FUERZA REGIONAL,16
141006,LIMA,OYON,COCHAMARCA,MOVIMIENTO INDEPENDIENTE CAMBIO REGIONAL,22
141006,LIMA,OYON,COCHAMARCA,PARTIDO APRISTA PERUANO,111
141006,LIMA,OYON,COCHAMARCA,PERU POSIBLE,6
141006,LIMA,OYON,COCHAMARCA,RESTAURACION NACIONAL,3
141006,LIMA,OYON,COCHAMARCA,UNION POR EL PERU,7
150102,LORETO,MAYNAS,ALTO NANAY,FUERZA LORETANA,760
150102,LORETO,MAYNAS,ALTO NANAY,LORETO RESTAURADO,134
150102,LORETO,MAYNAS,ALTO NANAY,MOVIMIENTO ESPERANZA REGION AMAZONICA,69
150102,LORETO,MAYNAS,ALTO NANAY,MOVIMIENTO INDEPENDIENTE INTEGRACION LORETANA,9
150102,LORETO,MAYNAS,ALTO NANAY,MOVIMIENTO INDEPENDIENTE LORETO - MI LORETO,321
150102,LORETO,MAYNAS,ALTO NANAY,MOVIMIENTO INDEPENDIENTE REGIONAL VAMOS LORETO,519
150102,LORETO,MAYNAS,ALTO NANAY,MOVIMIENTO POLITICO REGIONAL UNIPOL,73
150102,LORETO,MAYNAS,ALTO NANAY,RESTAURACION NACIONAL,34
150103,LORETO,MAYNAS,FERNANDO LORES,ACCION POPULAR,1998
150103,LORETO,MAYNAS,FERNANDO LORES,FUERZA LORETANA,1043
150103,LORETO,MAYNAS,FERNANDO LORES,MOVIMIENTO ESPERANZA REGION AMAZONICA,779
150103,LORETO,MAYNAS,FERNANDO LORES,MOVIMIENTO INDEPENDIENTE INTEGRACION LORETANA,198
150103,LORETO,MAYNAS,FERNANDO LORES,MOVIMIENTO INDEPENDIENTE REGIONAL VAMOS LORETO,1899
150103,LORETO,MAYNAS,FERNANDO LORES,MOVIMIENTO POLITICO REGIONAL UNIPOL,95
150103,LORETO,MAYNAS,FERNANDO LORES,PARTIDO APRISTA PERUANO,29
150104,LORETO,MAYNAS,LAS AMAZONAS,FUERZA LORETANA,2258
150104,LORETO,MAYNAS,LAS AMAZONAS,MOVIMIENTO INDEPENDIENTE LORETO - MI LORETO,1508
150104,LORETO,MAYNAS,LAS AMAZONAS,MOVIMIENTO INDEPENDIENTE REGIONAL VAMOS LORETO,1217
150105,LORETO,MAYNAS,MAZAN,ALIANZA PARA EL PROGRESO,31
150105,LORETO,MAYNAS,MAZAN,FRENTE INDEPENDIENTE DE LORETO,2384
150105,LORETO,MAYNAS,MAZAN,FUERZA LORETANA,1143
150105,LORETO,MAYNAS,MAZAN,MOVIMIENTO INDEPENDIENTE INTEGRACION LORETANA,126
150105,LORETO,MAYNAS,MAZAN,MOVIMIENTO INDEPENDIENTE LORETO - MI LORETO,1270
150105,LORETO,MAYNAS,MAZAN,MOVIMIENTO INDEPENDIENTE REGIONAL VAMOS LORETO,422
150105,LORETO,MAYNAS,MAZAN,PARTIDO APRISTA PERUANO,13
150106,LORETO,MAYNAS,NAPO,ACCION POPULAR,104
150106,LORETO,MAYNAS,NAPO,FUERZA LORETANA,1143
150106,LORETO,MAYNAS,NAPO,MOVIMIENTO INDEPENDIENTE INTEGRACION LORETANA,121
150106,LORETO,MAYNAS,NAPO,MOVIMIENTO INDEPENDIENTE LORETO - MI LORETO,1647
150106,LORETO,MAYNAS,NAPO,MOVIMIENTO INDEPENDIENTE REGIONAL VAMOS LORETO,1584
150106,LORETO,MAYNAS,NAPO,MOVIMIENTO POLITICO REGIONAL UNIPOL,117
150106,LORETO,MAYNAS,NAPO,PARTIDO APRISTA PERUANO,11
150107,LORETO,MAYNAS,PUTUMAYO,ACCION POPULAR,906
150107,LORETO,MAYNAS,PUTUMAYO,FUERZA LORETANA,61
150107,LORETO,MAYNAS,PUTUMAYO,LORETO RESTAURADO,2
150107,LORETO,MAYNAS,PUTUMAYO,MOVIMIENTO INDEPENDIENTE INTEGRACION LORETANA,4
150107,LORETO,MAYNAS,PUTUMAYO,MOVIMIENTO INDEPENDIENTE LORETO - MI LORETO,975
150107,LORETO,MAYNAS,PUTUMAYO,MOVIMIENTO INDEPENDIENTE REGIONAL VAMOS LORETO,318
150108,LORETO,MAYNAS,TORRES CAUSANA,FUERZA LORETANA,771
150108,LORETO,MAYNAS,TORRES CAUSANA,MOVIMIENTO INDEPENDIENTE REGIONAL VAMOS LORETO,281
150108,LORETO,MAYNAS,TORRES CAUSANA,PARTIDO APRISTA PERUANO,354
150110,LORETO,MAYNAS,INDIANA,ACCION POPULAR,102
150110,LORETO,MAYNAS,INDIANA,ALIANZA PARA EL PROGRESO,74
150110,LORETO,MAYNAS,INDIANA,FRENTE INDEPENDIENTE DE LORETO,29
150110,LORETO,MAYNAS,INDIANA,FUERZA LORETANA,1129
150110,LORETO,MAYNAS,INDIANA,MOVIMIENTO ESPERANZA REGION AMAZONICA,870
150110,LORETO,MAYNAS,INDIANA,MOVIMIENTO INDEPENDIENTE INTEGRACION LORETANA,235
150110,LORETO,MAYNAS,INDIANA,MOVIMIENTO INDEPENDIENTE LORETO - MI LORETO,1752
150110,LORETO,MAYNAS,INDIANA,MOVIMIENTO INDEPENDIENTE REGIONAL VAMOS LORETO,938
150110,LORETO,MAYNAS,INDIANA,PARTIDO APRISTA PERUANO,15
150111,LORETO,MAYNAS,PUNCHANA,ACCION POPULAR,3968
150111,LORETO,MAYNAS,PUNCHANA,ALIANZA PARA EL PROGRESO,286
150111,LORETO,MAYNAS,PUNCHANA,BLOQUE POPULAR AMAZONICO,236
150111,LORETO,MAYNAS,PUNCHANA,FUERZA LORETANA,11145
150111,LORETO,MAYNAS,PUNCHANA,LORETO RESTAURADO,431
150111,LORETO,MAYNAS,PUNCHANA,MOVIMIENTO ESPERANZA REGION AMAZONICA,4696
150111,LORETO,MAYNAS,PUNCHANA,MOVIMIENTO INDEPENDIENTE INTEGRACION LORETANA,5673
150111,LORETO,MAYNAS,PUNCHANA,MOVIMIENTO INDEPENDIENTE LORETO - MI LORETO,1379
150111,LORETO,MAYNAS,PUNCHANA,MOVIMIENTO INDEPENDIENTE REGIONAL VAMOS LORETO,2934
150111,LORETO,MAYNAS,PUNCHANA,MOVIMIENTO POLITICO INDEPENDIENTE REGIONAL MOTOR DEL DESARROLLO,214
150111,LORETO,MAYNAS,PUNCHANA,MOVIMIENTO POLITICO REGIONAL UNIPOL,2614
150111,LORETO,MAYNAS,PUNCHANA,PARTIDO APRISTA PERUANO,383
150111,LORETO,MAYNAS,PUNCHANA,RESTAURACION NACIONAL,433
150112,LORETO,MAYNAS,BELEN,ACCION POPULAR,702
150112,LORETO,MAYNAS,BELEN,ALIANZA PARA EL PROGRESO,141
150112,LORETO,MAYNAS,BELEN,CAMBIO 90,58
150112,LORETO,MAYNAS,BELEN,FUERZA LORETANA,5407
150112,LORETO,MAYNAS,BELEN,LORETO RESTAURADO,266
150112,LORETO,MAYNAS,BELEN,MOVIMIENTO ESPERANZA REGION AMAZONICA,2050
150112,LORETO,MAYNAS,BELEN,MOVIMIENTO INDEPENDIENTE LORETO - MI LORETO,829
150112,LORETO,MAYNAS,BELEN,MOVIMIENTO POLITICO INDEPENDIENTE REGIONAL MOTOR DEL DESARROLLO,10264
150112,LORETO,MAYNAS,BELEN,MOVIMIENTO POLITICO REGIONAL UNIPOL,4191
150112,LORETO,MAYNAS,BELEN,RESTAURACION NACIONAL,313
150112,LORETO,MAYNAS,BELEN,TODOS POR BELEN,1249
150113,LORETO,MAYNAS,SAN JUAN BAUTISTA,ALIANZA PARA EL PROGRESO,433
150113,LORETO,MAYNAS,SAN JUAN BAUTISTA,FUERZA LORETANA,8078
150113,LORETO,MAYNAS,SAN JUAN BAUTISTA,LORETO RESTAURADO,371
150113,LORETO,MAYNAS,SAN JUAN BAUTISTA,MOVIMIENTO ESPERANZA REGION AMAZONICA,3505
150113,LORETO,MAYNAS,SAN JUAN BAUTISTA,MOVIMIENTO INDEPENDIENTE INTEGRACION LORETANA,9649
150113,LORETO,MAYNAS,SAN JUAN BAUTISTA,MOVIMIENTO INDEPENDIENTE LORETO - MI LORETO,3547
150113,LORETO,MAYNAS,SAN JUAN BAUTISTA,MOVIMIENTO INDEPENDIENTE REGIONAL VAMOS LORETO,769
150113,LORETO,MAYNAS,SAN JUAN BAUTISTA,MOVIMIENTO POLITICO REGIONAL UNIPOL,4929
150113,LORETO,MAYNAS,SAN JUAN BAUTISTA,PARTIDO APRISTA PERUANO,813
150113,LORETO,MAYNAS,SAN JUAN BAUTISTA,RESTAURACION NACIONAL,496
150114,LORETO,MAYNAS,TENIENTE MANUEL CLAVERO,FUERZA LORETANA,154
150114,LORETO,MAYNAS,TENIENTE MANUEL CLAVERO,LORETO RESTAURADO,71
150114,LORETO,MAYNAS,TENIENTE MANUEL CLAVERO,MOVIMIENTO INDEPENDIENTE INTEGRACION LORETANA,123
150114,LORETO,MAYNAS,TENIENTE MANUEL CLAVERO,MOVIMIENTO INDEPENDIENTE REGIONAL VAMOS LORETO,221
150114,LORETO,MAYNAS,TENIENTE MANUEL CLAVERO,MOVIMIENTO POLITICO REGIONAL UNIPOL,32
150202,LORETO,ALTO AMAZONAS,BALSAPUERTO,ACCION POPULAR,36
150202,LORETO,ALTO AMAZONAS,BALSAPUERTO,ALIANZA PARA EL PROGRESO,518
150202,LORETO,ALTO AMAZONAS,BALSAPUERTO,FUERZA LORETANA,1182
150202,LORETO,ALTO AMAZONAS,BALSAPUERTO,LORETO RESTAURADO,330
150202,LORETO,ALTO AMAZONAS,BALSAPUERTO,MOVIMIENTO ESPERANZA REGION AMAZONICA,47
150202,LORETO,ALTO AMAZONAS,BALSAPUERTO,MOVIMIENTO INDEPENDIENTE INTEGRACION LORETANA,323
150202,LORETO,ALTO AMAZONAS,BALSAPUERTO,MOVIMIENTO INDEPENDIENTE LORETO - MI LORETO,572
150202,LORETO,ALTO AMAZONAS,BALSAPUERTO,MOVIMIENTO POLITICO REGIONAL UNIPOL,814
150202,LORETO,ALTO AMAZONAS,BALSAPUERTO,RESTAURACION NACIONAL,22
150205,LORETO,ALTO AMAZONAS,JEBEROS,ACCION POPULAR,416
150205,LORETO,ALTO AMAZONAS,JEBEROS,ALIANZA PARA EL PROGRESO,18
150205,LORETO,ALTO AMAZONAS,JEBEROS,FUERZA LORETANA,437
150205,LORETO,ALTO AMAZONAS,JEBEROS,LORETO RESTAURADO,66
150205,LORETO,ALTO AMAZONAS,JEBEROS,MOVIMIENTO INDEPENDIENTE LORETO - MI LORETO,548
150205,LORETO,ALTO AMAZONAS,JEBEROS,PARTIDO APRISTA PERUANO,35
150206,LORETO,ALTO AMAZONAS,LAGUNAS,ACCION POPULAR,268
150206,LORETO,ALTO AMAZONAS,LAGUNAS,FUERZA LORETANA,1501
150206,LORETO,ALTO AMAZONAS,LAGUNAS,LORETO RESTAURADO,1170
150206,LORETO,ALTO AMAZONAS,LAGUNAS,MOVIMIENTO ESPERANZA REGION AMAZONICA,126
150206,LORETO,ALTO AMAZONAS,LAGUNAS,MOVIMIENTO INDEPENDIENTE INTEGRACION LORETANA,431
150206,LORETO,ALTO AMAZONAS,LAGUNAS,MOVIMIENTO INDEPENDIENTE LORETO - MI LORETO,1488
150206,LORETO,ALTO AMAZONAS,LAGUNAS,MOVIMIENTO POLITICO REGIONAL UNIPOL,20
150206,LORETO,ALTO AMAZONAS,LAGUNAS,PARTIDO APRISTA PERUANO,43
150210,LORETO,ALTO AMAZONAS,SANTA CRUZ,ACCION POPULAR,627
150210,LORETO,ALTO AMAZONAS,SANTA CRUZ,FUERZA LORETANA,484
150210,LORETO,ALTO AMAZONAS,SANTA CRUZ,MOVIMIENTO ESPERANZA REGION AMAZONICA,27
150210,LORETO,ALTO AMAZONAS,SANTA CRUZ,MOVIMIENTO INDEPENDIENTE INTEGRACION LORETANA,79
150210,LORETO,ALTO AMAZONAS,SANTA CRUZ,MOVIMIENTO INDEPENDIENTE LORETO - MI LORETO,647
150211,LORETO,ALTO AMAZONAS,TENIENTE CESAR LOPEZ ROJAS,ACCION POPULAR,711
150211,LORETO,ALTO AMAZONAS,TENIENTE CESAR LOPEZ ROJAS,FUERZA LORETANA,987
150211,LORETO,ALTO AMAZONAS,TENIENTE CESAR LOPEZ ROJAS,MOVIMIENTO INDEPENDIENTE INTEGRACION LORETANA,50
150211,LORETO,ALTO AMAZONAS,TENIENTE CESAR LOPEZ ROJAS,MOVIMIENTO INDEPENDIENTE LORETO - MI LORETO,741
150302,LORETO,LORETO,PARINARI,ACCION POPULAR,520
150302,LORETO,LORETO,PARINARI,ALIANZA PARA EL PROGRESO,792
150302,LORETO,LORETO,PARINARI,FUERZA LORETANA,161
150302,LORETO,LORETO,PARINARI,LORETO RESTAURADO,18
150302,LORETO,LORETO,PARINARI,MOVIMIENTO ESPERANZA REGION AMAZONICA,163
150302,LORETO,LORETO,PARINARI,MOVIMIENTO INDEPENDIENTE LORETO - MI LORETO,662
150302,LORETO,LORETO,PARINARI,MOVIMIENTO POLITICO INDEPENDIENTE REGIONAL MOTOR DEL DESARROLLO,4
150302,LORETO,LORETO,PARINARI,MOVIMIENTO POLITICO REGIONAL UNIPOL,372
150302,LORETO,LORETO,PARINARI,PARTIDO APRISTA PERUANO,21
150302,LORETO,LORETO,PARINARI,PARTIDO DEMOCRATICO SOMOS PERU,51
150303,LORETO,LORETO,TIGRE,ACCION POPULAR,788
150303,LORETO,LORETO,TIGRE,FUERZA LORETANA,1019
150303,LORETO,LORETO,TIGRE,LORETO RESTAURADO,340
150303,LORETO,LORETO,TIGRE,MOVIMIENTO ESPERANZA REGION AMAZONICA,69
150303,LORETO,LORETO,TIGRE,MOVIMIENTO INDEPENDIENTE LORETO - MI LORETO,166
150303,LORETO,LORETO,TIGRE,MOVIMIENTO POLITICO REGIONAL UNIPOL,23
150303,LORETO,LORETO,TIGRE,PARTIDO APRISTA PERUANO,82
150304,LORETO,LORETO,URARINAS,FUERZA LORETANA,1381
150304,LORETO,LORETO,URARINAS,MOVIMIENTO ESPERANZA REGION AMAZONICA,71
150304,LORETO,LORETO,URARINAS,MOVIMIENTO INDEPENDIENTE LORETO - MI LORETO,1031
150304,LORETO,LORETO,URARINAS,PARTIDO APRISTA PERUANO,1215
150305,LORETO,LORETO,TROMPETEROS,ACCION POPULAR,30
150305,LORETO,LORETO,TROMPETEROS,FUERZA LORETANA,174
150305,LORETO,LORETO,TROMPETEROS,LORETO RESTAURADO,519
150305,LORETO,LORETO,TROMPETEROS,MOVIMIENTO ESPERANZA REGION AMAZONICA,12
150305,LORETO,LORETO,TROMPETEROS,MOVIMIENTO INDEPENDIENTE INTEGRACION LORETANA,272
150305,LORETO,LORETO,TROMPETEROS,MOVIMIENTO INDEPENDIENTE LORETO - MI LORETO,666
150305,LORETO,LORETO,TROMPETEROS,MOVIMIENTO INDEPENDIENTE REGIONAL VAMOS LORETO,6
150305,LORETO,LORETO,TROMPETEROS,MOVIMIENTO POLITICO REGIONAL UNIPOL,448
150305,LORETO,LORETO,TROMPETEROS,PARTIDO APRISTA PERUANO,170
150402,LORETO,REQUENA,ALTO TAPICHE,FUERZA LORETANA,228
150402,LORETO,REQUENA,ALTO TAPICHE,MOVIMIENTO ESPERANZA REGION AMAZONICA,168
150402,LORETO,REQUENA,ALTO TAPICHE,MOVIMIENTO INDEPENDIENTE INTEGRACION LORETANA,110
150402,LORETO,REQUENA,ALTO TAPICHE,MOVIMIENTO INDEPENDIENTE LORETO - MI LORETO,25
150402,LORETO,REQUENA,ALTO TAPICHE,MOVIMIENTO POLITICO REGIONAL UNIPOL,196
150402,LORETO,REQUENA,ALTO TAPICHE,PARTIDO APRISTA PERUANO,123
150403,LORETO,REQUENA,CAPELO,FUERZA LORETANA,633
150403,LORETO,REQUENA,CAPELO,LORETO RESTAURADO,246
150403,LORETO,REQUENA,CAPELO,MOVIMIENTO ESPERANZA REGION AMAZONICA,121
150403,LORETO,REQUENA,CAPELO,MOVIMIENTO INDEPENDIENTE INTEGRACION LORETANA,24
150403,LORETO,REQUENA,CAPELO,MOVIMIENTO INDEPENDIENTE LORETO - MI LORETO,696
150404,LORETO,REQUENA,EMILIO SAN MARTIN,FUERZA LORETANA,1177
150404,LORETO,REQUENA,EMILIO SAN MARTIN,MOVIMIENTO INDEPENDIENTE INTEGRACION LORETANA,24
150404,LORETO,REQUENA,EMILIO SAN MARTIN,MOVIMIENTO INDEPENDIENTE LORETO - MI LORETO,516
150404,LORETO,REQUENA,EMILIO SAN MARTIN,MOVIMIENTO POLITICO REGIONAL UNIPOL,1167
150404,LORETO,REQUENA,EMILIO SAN MARTIN,PARTIDO APRISTA PERUANO,13
150405,LORETO,REQUENA,MAQUIA,ACCION POPULAR,276
150405,LORETO,REQUENA,MAQUIA,FUERZA LORETANA,547
150405,LORETO,REQUENA,MAQUIA,MOVIMIENTO ESPERANZA REGION AMAZONICA,826
150405,LORETO,REQUENA,MAQUIA,MOVIMIENTO INDEPENDIENTE INTEGRACION LORETANA,75
150405,LORETO,REQUENA,MAQUIA,MOVIMIENTO INDEPENDIENTE LORETO - MI LORETO,903
150405,LORETO,REQUENA,MAQUIA,PARTIDO APRISTA PERUANO,226
150406,LORETO,REQUENA,PUINAHUA,FUERZA LORETANA,1026
150406,LORETO,REQUENA,PUINAHUA,MOVIMIENTO ESPERANZA REGION AMAZONICA,109
150406,LORETO,REQUENA,PUINAHUA,MOVIMIENTO INDEPENDIENTE LORETO - MI LORETO,807
150406,LORETO,REQUENA,PUINAHUA,MOVIMIENTO POLITICO REGIONAL UNIPOL,378
150406,LORETO,REQUENA,PUINAHUA,PARTIDO APRISTA PERUANO,5
150407,LORETO,REQUENA,SAQUENA,ACCION POPULAR,245
150407,LORETO,REQUENA,SAQUENA,ALIANZA PARA EL PROGRESO,55
150407,LORETO,REQUENA,SAQUENA,FUERZA LORETANA,324
150407,LORETO,REQUENA,SAQUENA,MOVIMIENTO ESPERANZA REGION AMAZONICA,158
150407,LORETO,REQUENA,SAQUENA,MOVIMIENTO INDEPENDIENTE INTEGRACION LORETANA,548
150407,LORETO,REQUENA,SAQUENA,MOVIMIENTO INDEPENDIENTE LORETO - MI LORETO,319
150407,LORETO,REQUENA,SAQUENA,PARTIDO APRISTA PERUANO,115
150408,LORETO,REQUENA,SOPLIN,FUERZA LORETANA,105
150408,LORETO,REQUENA,SOPLIN,MOVIMIENTO INDEPENDIENTE INTEGRACION LORETANA,70
150408,LORETO,REQUENA,SOPLIN,MOVIMIENTO INDEPENDIENTE LORETO - MI LORETO,176
150408,LORETO,REQUENA,SOPLIN,MOVIMIENTO POLITICO REGIONAL UNIPOL,3
150408,LORETO,REQUENA,SOPLIN,PARTIDO APRISTA PERUANO,146
150409,LORETO,REQUENA,TAPICHE,FUERZA LORETANA,235
150409,LORETO,REQUENA,TAPICHE,MOVIMIENTO ESPERANZA REGION AMAZONICA,348
150409,LORETO,REQUENA,TAPICHE,MOVIMIENTO INDEPENDIENTE LORETO - MI LORETO,40
150409,LORETO,REQUENA,TAPICHE,PARTIDO APRISTA PERUANO,26
150410,LORETO,REQUENA,JENARO HERRERA,ACCION POPULAR,6
150410,LORETO,REQUENA,JENARO HERRERA,FUERZA LORETANA,710
150410,LORETO,REQUENA,JENARO HERRERA,LORETO RESTAURADO,258
150410,LORETO,REQUENA,JENARO HERRERA,MOVIMIENTO ESPERANZA REGION AMAZONICA,528
150410,LORETO,REQUENA,JENARO HERRERA,MOVIMIENTO INDEPENDIENTE INTEGRACION LORETANA,8
150410,LORETO,REQUENA,JENARO HERRERA,MOVIMIENTO INDEPENDIENTE LORETO - MI LORETO,564
150410,LORETO,REQUENA,JENARO HERRERA,MOVIMIENTO POLITICO REGIONAL UNIPOL,159
150411,LORETO,REQUENA,YAQUERANA,ACCION POPULAR,139
150411,LORETO,REQUENA,YAQUERANA,FUERZA LORETANA,205
150411,LORETO,REQUENA,YAQUERANA,MOVIMIENTO ESPERANZA REGION AMAZONICA,137
150411,LORETO,REQUENA,YAQUERANA,MOVIMIENTO INDEPENDIENTE LORETO - MI LORETO,186
150411,LORETO,REQUENA,YAQUERANA,MOVIMIENTO INDEPENDIENTE REGIONAL VAMOS LORETO,11
150411,LORETO,REQUENA,YAQUERANA,PARTIDO APRISTA PERUANO,97
150502,LORETO,UCAYALI,VARGAS GUERRA,FUERZA LORETANA,1574
150502,LORETO,UCAYALI,VARGAS GUERRA,LORETO RESTAURADO,1716
150502,LORETO,UCAYALI,VARGAS GUERRA,MOVIMIENTO INDEPENDIENTE INTEGRACION LORETANA,22
150502,LORETO,UCAYALI,VARGAS GUERRA,MOVIMIENTO INDEPENDIENTE LORETO - MI LORETO,585
150502,LORETO,UCAYALI,VARGAS GUERRA,PARTIDO APRISTA PERUANO,157
150503,LORETO,UCAYALI,PADRE MARQUEZ,ACCION POPULAR,128
150503,LORETO,UCAYALI,PADRE MARQUEZ,FUERZA LORETANA,330
150503,LORETO,UCAYALI,PADRE MARQUEZ,LORETO RESTAURADO,635
150503,LORETO,UCAYALI,PADRE MARQUEZ,MOVIMIENTO INDEPENDIENTE LORETO - MI LORETO,683
150503,LORETO,UCAYALI,PADRE MARQUEZ,MOVIMIENTO POLITICO REGIONAL UNIPOL,284
150503,LORETO,UCAYALI,PADRE MARQUEZ,PARTIDO APRISTA PERUANO,525
150504,LORETO,UCAYALI,PAMPA HERMOSA,ACCION POPULAR,68
150504,LORETO,UCAYALI,PAMPA HERMOSA,FUERZA LORETANA,264
150504,LORETO,UCAYALI,PAMPA HERMOSA,LORETO RESTAURADO,392
150504,LORETO,UCAYALI,PAMPA HERMOSA,MOVIMIENTO ESPERANZA REGION AMAZONICA,47
150504,LORETO,UCAYALI,PAMPA HERMOSA,MOVIMIENTO INDEPENDIENTE INTEGRACION LORETANA,45
150504,LORETO,UCAYALI,PAMPA HERMOSA,MOVIMIENTO INDEPENDIENTE LORETO - MI LORETO,258
150504,LORETO,UCAYALI,PAMPA HERMOSA,MOVIMIENTO POLITICO REGIONAL UNIPOL,202
150504,LORETO,UCAYALI,PAMPA HERMOSA,RESTAURACION NACIONAL,24
150505,LORETO,UCAYALI,SARAYACU,ACCION POPULAR,59
150505,LORETO,UCAYALI,SARAYACU,FUERZA LORETANA,590
150505,LORETO,UCAYALI,SARAYACU,LORETO RESTAURADO,1867
150505,LORETO,UCAYALI,SARAYACU,MOVIMIENTO INDEPENDIENTE LORETO - MI LORETO,2361
150505,LORETO,UCAYALI,SARAYACU,MOVIMIENTO POLITICO REGIONAL UNIPOL,198
150506,LORETO,UCAYALI,INAHUAYA,FUERZA LORETANA,781
150506,LORETO,UCAYALI,INAHUAYA,LORETO RESTAURADO,339
150506,LORETO,UCAYALI,INAHUAYA,MOVIMIENTO INDEPENDIENTE LORETO - MI LORETO,246
150602,LORETO,MARISCAL RAMON CASTILLA,PEBAS,ACCION POPULAR,1326
150602,LORETO,MARISCAL RAMON CASTILLA,PEBAS,FUERZA LORETANA,1344
150602,LORETO,MARISCAL RAMON CASTILLA,PEBAS,MOVIMIENTO ESPERANZA REGION AMAZONICA,785
150602,LORETO,MARISCAL RAMON CASTILLA,PEBAS,MOVIMIENTO INDEPENDIENTE INTEGRACION LORETANA,26
150602,LORETO,MARISCAL RAMON CASTILLA,PEBAS,MOVIMIENTO INDEPENDIENTE LORETO - MI LORETO,643
150602,LORETO,MARISCAL RAMON CASTILLA,PEBAS,MOVIMIENTO POLITICO REGIONAL UNIPOL,583
150602,LORETO,MARISCAL RAMON CASTILLA,PEBAS,PARTIDO APRISTA PERUANO,10
150603,LORETO,MARISCAL RAMON CASTILLA,YAVARI,ACCION POPULAR,631
150603,LORETO,MARISCAL RAMON CASTILLA,YAVARI,FUERZA LORETANA,1834
150603,LORETO,MARISCAL RAMON CASTILLA,YAVARI,MOVIMIENTO ESPERANZA REGION AMAZONICA,397
150604,LORETO,MARISCAL RAMON CASTILLA,SAN PABLO,ACCION POPULAR,824
150604,LORETO,MARISCAL RAMON CASTILLA,SAN PABLO,FUERZA LORETANA,1264
150604,LORETO,MARISCAL RAMON CASTILLA,SAN PABLO,MOVIMIENTO ESPERANZA REGION AMAZONICA,1230
150702,LORETO,DATEM DEL MARAÑON,ANDOAS,FUERZA LORETANA,721
150702,LORETO,DATEM DEL MARAÑON,ANDOAS,LORETO RESTAURADO,96
150702,LORETO,DATEM DEL MARAÑON,ANDOAS,MOVIMIENTO ESPERANZA REGION AMAZONICA,378
150702,LORETO,DATEM DEL MARAÑON,ANDOAS,MOVIMIENTO INDEPENDIENTE INTEGRACION LORETANA,141
150702,LORETO,DATEM DEL MARAÑON,ANDOAS,MOVIMIENTO INDEPENDIENTE LORETO - MI LORETO,343
150702,LORETO,DATEM DEL MARAÑON,ANDOAS,RESTAURACION NACIONAL,322
150703,LORETO,DATEM DEL MARAÑON,CAHUAPANAS,ALIANZA PARA EL PROGRESO,170
150703,LORETO,DATEM DEL MARAÑON,CAHUAPANAS,FUERZA LORETANA,279
150703,LORETO,DATEM DEL MARAÑON,CAHUAPANAS,LORETO RESTAURADO,547
150703,LORETO,DATEM DEL MARAÑON,CAHUAPANAS,MOVIMIENTO ESPERANZA REGION AMAZONICA,159
150703,LORETO,DATEM DEL MARAÑON,CAHUAPANAS,MOVIMIENTO INDEPENDIENTE INTEGRACION LORETANA,418
150703,LORETO,DATEM DEL MARAÑON,CAHUAPANAS,MOVIMIENTO INDEPENDIENTE LORETO - MI LORETO,481
150703,LORETO,DATEM DEL MARAÑON,CAHUAPANAS,RESTAURACION NACIONAL,135
150704,LORETO,DATEM DEL MARAÑON,MANSERICHE,FUERZA LORETANA,843
150704,LORETO,DATEM DEL MARAÑON,MANSERICHE,MOVIMIENTO ESPERANZA REGION AMAZONICA,701
150704,LORETO,DATEM DEL MARAÑON,MANSERICHE,MOVIMIENTO INDEPENDIENTE INTEGRACION LORETANA,404
150704,LORETO,DATEM DEL MARAÑON,MANSERICHE,MOVIMIENTO INDEPENDIENTE LORETO - MI LORETO,544
150704,LORETO,DATEM DEL MARAÑON,MANSERICHE,MOVIMIENTO INDEPENDIENTE REGIONAL VAMOS LORETO,110
150705,LORETO,DATEM DEL MARAÑON,MORONA,ALIANZA PARA EL PROGRESO,37
150705,LORETO,DATEM DEL MARAÑON,MORONA,FUERZA LORETANA,340
150705,LORETO,DATEM DEL MARAÑON,MORONA,LORETO RESTAURADO,44
150705,LORETO,DATEM DEL MARAÑON,MORONA,MOVIMIENTO ESPERANZA REGION AMAZONICA,141
150705,LORETO,DATEM DEL MARAÑON,MORONA,MOVIMIENTO INDEPENDIENTE INTEGRACION LORETANA,450
150705,LORETO,DATEM DEL MARAÑON,MORONA,MOVIMIENTO INDEPENDIENTE LORETO - MI LORETO,391
150705,LORETO,DATEM DEL MARAÑON,MORONA,MOVIMIENTO INDEPENDIENTE REGIONAL VAMOS LORETO,136
150705,LORETO,DATEM DEL MARAÑON,MORONA,MOVIMIENTO POLITICO REGIONAL UNIPOL,19
150705,LORETO,DATEM DEL MARAÑON,MORONA,RESTAURACION NACIONAL,22
150706,LORETO,DATEM DEL MARAÑON,PASTAZA,FUERZA LORETANA,394
150706,LORETO,DATEM DEL MARAÑON,PASTAZA,LORETO RESTAURADO,96
150706,LORETO,DATEM DEL MARAÑON,PASTAZA,MOVIMIENTO ESPERANZA REGION AMAZONICA,313
150706,LORETO,DATEM DEL MARAÑON,PASTAZA,MOVIMIENTO INDEPENDIENTE INTEGRACION LORETANA,881
150706,LORETO,DATEM DEL MARAÑON,PASTAZA,MOVIMIENTO INDEPENDIENTE LORETO - MI LORETO,889
150706,LORETO,DATEM DEL MARAÑON,PASTAZA,PARTIDO APRISTA PERUANO,77
160102,MADRE DE DIOS,TAMBOPATA,INAMBARI,GRAN ALIANZA NACIONALISTA DE MADRE DE DIOS,414
160102,MADRE DE DIOS,TAMBOPATA,INAMBARI,JUSTICIA REGIONAL,252
160102,MADRE DE DIOS,TAMBOPATA,INAMBARI,MOVIMIENTO INDEPENDIENTE OBRAS SIEMPRE OBRAS,783
160102,MADRE DE DIOS,TAMBOPATA,INAMBARI,PERU POSIBLE,157
160102,MADRE DE DIOS,TAMBOPATA,INAMBARI,VOLUNTAD INDEPENDIENTE DE DESARROLLO AMAZONICO,152
160103,MADRE DE DIOS,TAMBOPATA,LAS PIEDRAS,ACCION POPULAR,20
160103,MADRE DE DIOS,TAMBOPATA,LAS PIEDRAS,BLOQUE POPULAR MADRE DE DIOS,343
160103,MADRE DE DIOS,TAMBOPATA,LAS PIEDRAS,GRAN ALIANZA NACIONALISTA DE MADRE DE DIOS,168
160103,MADRE DE DIOS,TAMBOPATA,LAS PIEDRAS,JUSTICIA REGIONAL,120
160103,MADRE DE DIOS,TAMBOPATA,LAS PIEDRAS,MOVIMIENTO ETNOCACERISTA REGIONAL DE MADRE DE DIOS,44
160103,MADRE DE DIOS,TAMBOPATA,LAS PIEDRAS,MOVIMIENTO INDEPENDIENTE AMOR POR MADRE DE DIOS,79
160103,MADRE DE DIOS,TAMBOPATA,LAS PIEDRAS,MOVIMIENTO INDEPENDIENTE OBRAS SIEMPRE OBRAS,279
160103,MADRE DE DIOS,TAMBOPATA,LAS PIEDRAS,MOVIMIENTO NUEVA IZQUIERDA,16
160103,MADRE DE DIOS,TAMBOPATA,LAS PIEDRAS,MOVIMIENTO PRODUCTIVO REGIONAL,54
160103,MADRE DE DIOS,TAMBOPATA,LAS PIEDRAS,PERU POSIBLE,327
160103,MADRE DE DIOS,TAMBOPATA,LAS PIEDRAS,TODOS POR EL PERU,313
160104,MADRE DE DIOS,TAMBOPATA,LABERINTO,ALIANZA PARA EL PROGRESO,112
160104,MADRE DE DIOS,TAMBOPATA,LABERINTO,JUSTICIA REGIONAL,114
160104,MADRE DE DIOS,TAMBOPATA,LABERINTO,MOVIMIENTO ETNOCACERISTA REGIONAL DE MADRE DE DIOS,50
160104,MADRE DE DIOS,TAMBOPATA,LABERINTO,MOVIMIENTO INDEPENDIENTE AMOR POR MADRE DE DIOS,285
160104,MADRE DE DIOS,TAMBOPATA,LABERINTO,PARTIDO APRISTA PERUANO,33
160104,MADRE DE DIOS,TAMBOPATA,LABERINTO,PERU POSIBLE,103
160202,MADRE DE DIOS,MANU,FITZCARRALD,MOVIMIENTO INDEPENDIENTE AMOR POR MADRE DE DIOS,90
160202,MADRE DE DIOS,MANU,FITZCARRALD,MOVIMIENTO INDEPENDIENTE OBRAS SIEMPRE OBRAS,126
160202,MADRE DE DIOS,MANU,FITZCARRALD,MOVIMIENTO PRODUCTIVO REGIONAL,18
160202,MADRE DE DIOS,MANU,FITZCARRALD,VOLUNTAD INDEPENDIENTE DE DESARROLLO AMAZONICO,38
160203,MADRE DE DIOS,MANU,MADRE DE DIOS,GRAN ALIANZA NACIONALISTA DE MADRE DE DIOS,331
160203,MADRE DE DIOS,MANU,MADRE DE DIOS,JUSTICIA REGIONAL,113
160203,MADRE DE DIOS,MANU,MADRE DE DIOS,MOVIMIENTO INDEPENDIENTE AMOR POR MADRE DE DIOS,48
160203,MADRE DE DIOS,MANU,MADRE DE DIOS,MOVIMIENTO INDEPENDIENTE OBRAS SIEMPRE OBRAS,291
160203,MADRE DE DIOS,MANU,MADRE DE DIOS,MOVIMIENTO PRODUCTIVO REGIONAL,127
160203,MADRE DE DIOS,MANU,MADRE DE DIOS,PERU POSIBLE,252
160203,MADRE DE DIOS,MANU,MADRE DE DIOS,VOLUNTAD INDEPENDIENTE DE DESARROLLO AMAZONICO,139
160204,MADRE DE DIOS,MANU,HUEPETUHE,GRAN ALIANZA NACIONALISTA DE MADRE DE DIOS,124
160204,MADRE DE DIOS,MANU,HUEPETUHE,JUSTICIA REGIONAL,134
160204,MADRE DE DIOS,MANU,HUEPETUHE,MOVIMIENTO INDEPENDIENTE OBRAS SIEMPRE OBRAS,223
160204,MADRE DE DIOS,MANU,HUEPETUHE,PARTIDO APRISTA PERUANO,681
160204,MADRE DE DIOS,MANU,HUEPETUHE,PERU POSIBLE,505
160204,MADRE DE DIOS,MANU,HUEPETUHE,VOLUNTAD INDEPENDIENTE DE DESARROLLO AMAZONICO,252
160302,MADRE DE DIOS,TAHUAMANU,IBERIA,GRAN ALIANZA NACIONALISTA DE MADRE DE DIOS,681
160302,MADRE DE DIOS,TAHUAMANU,IBERIA,MOVIMIENTO INDEPENDIENTE AMOR POR MADRE DE DIOS,292
160302,MADRE DE DIOS,TAHUAMANU,IBERIA,MOVIMIENTO INDEPENDIENTE OBRAS SIEMPRE OBRAS,219
160302,MADRE DE DIOS,TAHUAMANU,IBERIA,MOVIMIENTO NUEVA IZQUIERDA,20
160302,MADRE DE DIOS,TAHUAMANU,IBERIA,PARTIDO APRISTA PERUANO,464
160302,MADRE DE DIOS,TAHUAMANU,IBERIA,PERU POSIBLE,481
160303,MADRE DE DIOS,TAHUAMANU,TAHUAMANU,BLOQUE POPULAR MADRE DE DIOS,33
160303,MADRE DE DIOS,TAHUAMANU,TAHUAMANU,GRAN ALIANZA NACIONALISTA DE MADRE DE DIOS,158
160303,MADRE DE DIOS,TAHUAMANU,TAHUAMANU,MOVIMIENTO INDEPENDIENTE AMOR POR MADRE DE DIOS,98
160303,MADRE DE DIOS,TAHUAMANU,TAHUAMANU,MOVIMIENTO INDEPENDIENTE OBRAS SIEMPRE OBRAS,98
160303,MADRE DE DIOS,TAHUAMANU,TAHUAMANU,PARTIDO APRISTA PERUANO,52
160303,MADRE DE DIOS,TAHUAMANU,TAHUAMANU,PERU POSIBLE,173
170102,MOQUEGUA,MARISCAL NIETO,CARUMAS,AVANCEMOS POR LA UNIDAD Y LA GRANDEZA,1059
170102,MOQUEGUA,MARISCAL NIETO,CARUMAS,INTEGRACION REGIONAL POR TI,33
170102,MOQUEGUA,MARISCAL NIETO,CARUMAS,MOVIMIENTO INDEPENDIENTE UNIDOS VAMOS ADELANTE,544
170102,MOQUEGUA,MARISCAL NIETO,CARUMAS,MOVIMIENTO POLITICO REGIONAL YO SOY MOQUEGUA,75
170102,MOQUEGUA,MARISCAL NIETO,CARUMAS,PARTIDO DEMOCRATICO SOMOS PERU,812
170103,MOQUEGUA,MARISCAL NIETO,CUCHUMBAYA,AVANCEMOS POR LA UNIDAD Y LA GRANDEZA,688
170103,MOQUEGUA,MARISCAL NIETO,CUCHUMBAYA,FRENTE INDEPENDIENTE DISTRITAL  POR EL DESARROLLO DE CUCHUMBAYA,642
170103,MOQUEGUA,MARISCAL NIETO,CUCHUMBAYA,MOVIMIENTO INDEPENDIENTE UNIDOS VAMOS ADELANTE,43
170104,MOQUEGUA,MARISCAL NIETO,SAN CRISTOBAL,FRENTE DE INTEGRACION REGIONAL MOQUEGUA EMPRENDEDORA FIRME,76
170104,MOQUEGUA,MARISCAL NIETO,SAN CRISTOBAL,INTEGRACION REGIONAL POR TI,949
170104,MOQUEGUA,MARISCAL NIETO,SAN CRISTOBAL,MOVIMIENTO LISTA DE INTEGRACION PARA EL DESARROLLO REGIONAL,454
170104,MOQUEGUA,MARISCAL NIETO,SAN CRISTOBAL,PARTIDO DEMOCRATICO SOMOS PERU,797
170105,MOQUEGUA,MARISCAL NIETO,TORATA,INTEGRACION REGIONAL POR TI,280
170105,MOQUEGUA,MARISCAL NIETO,TORATA,LISTA INDEPENDIENTE NUEVA TORATA,2124
170105,MOQUEGUA,MARISCAL NIETO,TORATA,MOVIMIENTO INDEPENDIENTE UNIDOS VAMOS ADELANTE,1473
170105,MOQUEGUA,MARISCAL NIETO,TORATA,PARTIDO DEMOCRATICO SOMOS PERU,47
170105,MOQUEGUA,MARISCAL NIETO,TORATA,SOMOS INDEPENDIENTES,70
170105,MOQUEGUA,MARISCAL NIETO,TORATA,"TORATA, TRABAJO Y TRANSPARENCIA",1131
170106,MOQUEGUA,MARISCAL NIETO,SAMEGUA,DIGNIDAD SAMEGUANA,835
170106,MOQUEGUA,MARISCAL NIETO,SAMEGUA,FUERZA UNIDAD MOQUEGUA,428
170106,MOQUEGUA,MARISCAL NIETO,SAMEGUA,INTEGRACION REGIONAL POR TI,1318
170106,MOQUEGUA,MARISCAL NIETO,SAMEGUA,SAMEGUA SIGUE AVANZANDO,1286
170106,MOQUEGUA,MARISCAL NIETO,SAMEGUA,UNION POR EL PERU,31
170106,MOQUEGUA,MARISCAL NIETO,SAMEGUA,VISION SAMEGUANA,687
170202,MOQUEGUA,GENERAL SANCHEZ CERRO,COALAQUE,AVANCEMOS POR LA UNIDAD Y LA GRANDEZA,189
170202,MOQUEGUA,GENERAL SANCHEZ CERRO,COALAQUE,FRENTE DE INTEGRACION REGIONAL MOQUEGUA EMPRENDEDORA FIRME,271
170202,MOQUEGUA,GENERAL SANCHEZ CERRO,COALAQUE,FUERZA UNIDAD MOQUEGUA,64
170202,MOQUEGUA,GENERAL SANCHEZ CERRO,COALAQUE,INTEGRACION REGIONAL POR TI,118
170202,MOQUEGUA,GENERAL SANCHEZ CERRO,COALAQUE,MOVIMIENTO LISTA DE INTEGRACION PARA EL DESARROLLO REGIONAL,13
170202,MOQUEGUA,GENERAL SANCHEZ CERRO,COALAQUE,PARTIDO APRISTA PERUANO,19
170202,MOQUEGUA,GENERAL SANCHEZ CERRO,COALAQUE,PARTIDO DEMOCRATICO SOMOS PERU,90
170202,MOQUEGUA,GENERAL SANCHEZ CERRO,COALAQUE,PERU POSIBLE,11
170202,MOQUEGUA,GENERAL SANCHEZ CERRO,COALAQUE,SOMOS INDEPENDIENTES,19
170203,MOQUEGUA,GENERAL SANCHEZ CERRO,CHOJATA,AVANCEMOS POR LA UNIDAD Y LA GRANDEZA,25
170203,MOQUEGUA,GENERAL SANCHEZ CERRO,CHOJATA,FRENTE DE INTEGRACION REGIONAL MOQUEGUA EMPRENDEDORA FIRME,53
170203,MOQUEGUA,GENERAL SANCHEZ CERRO,CHOJATA,INTEGRACION REGIONAL POR TI,245
170203,MOQUEGUA,GENERAL SANCHEZ CERRO,CHOJATA,MOVIMIENTO LISTA DE INTEGRACION PARA EL DESARROLLO REGIONAL,103
170203,MOQUEGUA,GENERAL SANCHEZ CERRO,CHOJATA,PARTIDO APRISTA PERUANO,115
170203,MOQUEGUA,GENERAL SANCHEZ CERRO,CHOJATA,PARTIDO DEMOCRATICO SOMOS PERU,155
170203,MOQUEGUA,GENERAL SANCHEZ CERRO,CHOJATA,PERU POSIBLE,137
170204,MOQUEGUA,GENERAL SANCHEZ CERRO,ICHUÑA,AVANCEMOS POR LA UNIDAD Y LA GRANDEZA,82
170204,MOQUEGUA,GENERAL SANCHEZ CERRO,ICHUÑA,FRENTE DE INTEGRACION REGIONAL MOQUEGUA EMPRENDEDORA FIRME,307
170204,MOQUEGUA,GENERAL SANCHEZ CERRO,ICHUÑA,INTEGRACION REGIONAL POR TI,272
170204,MOQUEGUA,GENERAL SANCHEZ CERRO,ICHUÑA,MOVIMIENTO INDEPENDIENTE NUESTRO ILO-MOQUEGUA,88
170204,MOQUEGUA,GENERAL SANCHEZ CERRO,ICHUÑA,PARTIDO APRISTA PERUANO,39
170204,MOQUEGUA,GENERAL SANCHEZ CERRO,ICHUÑA,PARTIDO DEMOCRATICO SOMOS PERU,167
170204,MOQUEGUA,GENERAL SANCHEZ CERRO,ICHUÑA,PERU POSIBLE,89
170205,MOQUEGUA,GENERAL SANCHEZ CERRO,LA CAPILLA,AVANCEMOS POR LA UNIDAD Y LA GRANDEZA,51
170205,MOQUEGUA,GENERAL SANCHEZ CERRO,LA CAPILLA,INTEGRACION REGIONAL POR TI,5
170205,MOQUEGUA,GENERAL SANCHEZ CERRO,LA CAPILLA,PARTIDO APRISTA PERUANO,77
170205,MOQUEGUA,GENERAL SANCHEZ CERRO,LA CAPILLA,PARTIDO DEMOCRATICO SOMOS PERU,347
170205,MOQUEGUA,GENERAL SANCHEZ CERRO,LA CAPILLA,PARTIDO DESCENTRALISTA FUERZA SOCIAL,233
170206,MOQUEGUA,GENERAL SANCHEZ CERRO,LLOQUE,FRENTE DE INTEGRACION REGIONAL MOQUEGUA EMPRENDEDORA FIRME,25
170206,MOQUEGUA,GENERAL SANCHEZ CERRO,LLOQUE,INTEGRACION REGIONAL POR TI,171
170206,MOQUEGUA,GENERAL SANCHEZ CERRO,LLOQUE,MOVIMIENTO LISTA DE INTEGRACION PARA EL DESARROLLO REGIONAL,211
170206,MOQUEGUA,GENERAL SANCHEZ CERRO,LLOQUE,PERU POSIBLE,81
170207,MOQUEGUA,GENERAL SANCHEZ CERRO,MATALAQUE,AVANCEMOS POR LA UNIDAD Y LA GRANDEZA,199
170207,MOQUEGUA,GENERAL SANCHEZ CERRO,MATALAQUE,FRENTE DE INTEGRACION REGIONAL MOQUEGUA EMPRENDEDORA FIRME,63
170207,MOQUEGUA,GENERAL SANCHEZ CERRO,MATALAQUE,INTEGRACION REGIONAL POR TI,8
170207,MOQUEGUA,GENERAL SANCHEZ CERRO,MATALAQUE,MOVIMIENTO LISTA DE INTEGRACION PARA EL DESARROLLO REGIONAL,2
170207,MOQUEGUA,GENERAL SANCHEZ CERRO,MATALAQUE,PARTIDO APRISTA PERUANO,205
170208,MOQUEGUA,GENERAL SANCHEZ CERRO,PUQUINA,ALIANZA PARA EL PROGRESO,8
170208,MOQUEGUA,GENERAL SANCHEZ CERRO,PUQUINA,AVANCEMOS POR LA UNIDAD Y LA GRANDEZA,114
170208,MOQUEGUA,GENERAL SANCHEZ CERRO,PUQUINA,FRENTE DE INTEGRACION REGIONAL MOQUEGUA EMPRENDEDORA FIRME,42
170208,MOQUEGUA,GENERAL SANCHEZ CERRO,PUQUINA,INTEGRACION REGIONAL POR TI,474
170208,MOQUEGUA,GENERAL SANCHEZ CERRO,PUQUINA,MOVIMIENTO INDEPENDIENTE UNIDOS VAMOS ADELANTE,176
170208,MOQUEGUA,GENERAL SANCHEZ CERRO,PUQUINA,MOVIMIENTO LISTA DE INTEGRACION PARA EL DESARROLLO REGIONAL,135
170208,MOQUEGUA,GENERAL SANCHEZ CERRO,PUQUINA,PARTIDO DEMOCRATICO SOMOS PERU,579
170208,MOQUEGUA,GENERAL SANCHEZ CERRO,PUQUINA,PERU POSIBLE,63
170208,MOQUEGUA,GENERAL SANCHEZ CERRO,PUQUINA,"RESPONSABILIDAD, ACCION Y ORGANIZACION POR PUQUINA",156
170208,MOQUEGUA,GENERAL SANCHEZ CERRO,PUQUINA,SOMOS INDEPENDIENTES,4
170208,MOQUEGUA,GENERAL SANCHEZ CERRO,PUQUINA,UNION POR EL PERU,6
170209,MOQUEGUA,GENERAL SANCHEZ CERRO,QUINISTAQUILLAS,INTEGRACION REGIONAL POR TI,135
170209,MOQUEGUA,GENERAL SANCHEZ CERRO,QUINISTAQUILLAS,PARTIDO DEMOCRATICO SOMOS PERU,246
170210,MOQUEGUA,GENERAL SANCHEZ CERRO,UBINAS,ACCION POPULAR,27
170210,MOQUEGUA,GENERAL SANCHEZ CERRO,UBINAS,FRENTE DE INTEGRACION REGIONAL MOQUEGUA EMPRENDEDORA FIRME,129
170210,MOQUEGUA,GENERAL SANCHEZ CERRO,UBINAS,INTEGRACION REGIONAL POR TI,114
170210,MOQUEGUA,GENERAL SANCHEZ CERRO,UBINAS,KAUSACHUN UBINAS,543
170210,MOQUEGUA,GENERAL SANCHEZ CERRO,UBINAS,PARTIDO APRISTA PERUANO,66
170210,MOQUEGUA,GENERAL SANCHEZ CERRO,UBINAS,PARTIDO DEMOCRATICO SOMOS PERU,344
170210,MOQUEGUA,GENERAL SANCHEZ CERRO,UBINAS,PERU POSIBLE,265
170210,MOQUEGUA,GENERAL SANCHEZ CERRO,UBINAS,RIJCHARIY LLACTA,325
170211,MOQUEGUA,GENERAL SANCHEZ CERRO,YUNGA,AVANCEMOS POR LA UNIDAD Y LA GRANDEZA,152
170211,MOQUEGUA,GENERAL SANCHEZ CERRO,YUNGA,FRENTE DE INTEGRACION REGIONAL MOQUEGUA EMPRENDEDORA FIRME,91
170211,MOQUEGUA,GENERAL SANCHEZ CERRO,YUNGA,MOVIMIENTO LISTA DE INTEGRACION PARA EL DESARROLLO REGIONAL,47
170211,MOQUEGUA,GENERAL SANCHEZ CERRO,YUNGA,PARTIDO APRISTA PERUANO,120
170211,MOQUEGUA,GENERAL SANCHEZ CERRO,YUNGA,PARTIDO DEMOCRATICO SOMOS PERU,41
170211,MOQUEGUA,GENERAL SANCHEZ CERRO,YUNGA,PARTIDO DESCENTRALISTA FUERZA SOCIAL,27
170302,MOQUEGUA,ILO,EL ALGARROBAL,INTEGRACION REGIONAL POR TI,383
170302,MOQUEGUA,ILO,EL ALGARROBAL,SOMOS INDEPENDIENTES,199
170303,MOQUEGUA,ILO,PACOCHA,COMPROMISO Y DESARROLLO,105
170303,MOQUEGUA,ILO,PACOCHA,FRENTE DE INTEGRACION REGIONAL MOQUEGUA EMPRENDEDORA FIRME,619
170303,MOQUEGUA,ILO,PACOCHA,INTEGRACION REGIONAL POR TI,732
170303,MOQUEGUA,ILO,PACOCHA,MOVIMIENTO INDEPENDIENTE NUESTRO ILO-MOQUEGUA,1051
170303,MOQUEGUA,ILO,PACOCHA,PARTIDO APRISTA PERUANO,123
170303,MOQUEGUA,ILO,PACOCHA,PERU POSIBLE,662
170303,MOQUEGUA,ILO,PACOCHA,SOMOS INDEPENDIENTES,301
180103,PASCO,PASCO,HUACHON,ALIANZA PERU POSIBLE,100
180103,PASCO,PASCO,HUACHON,ALIANZA REGIONAL TODOS POR PASCO,138
180103,PASCO,PASCO,HUACHON,BLOQUE POPULAR PASCO,49
180103,PASCO,PASCO,HUACHON,CONCERTACION EN LA REGION,265
180103,PASCO,PASCO,HUACHON,FUERZA 2011,636
180103,PASCO,PASCO,HUACHON,PARTIDO APRISTA PERUANO,11
180103,PASCO,PASCO,HUACHON,PARTIDO DEMOCRATICO SOMOS PERU,821
180104,PASCO,PASCO,HUARIACA,ACCION POPULAR,94
180104,PASCO,PASCO,HUARIACA,ALIANZA PERU POSIBLE,61
180104,PASCO,PASCO,HUARIACA,CONCERTACION EN LA REGION,535
180104,PASCO,PASCO,HUARIACA,MOVIMIENTO NUEVA IZQUIERDA,154
180104,PASCO,PASCO,HUARIACA,PARTIDO APRISTA PERUANO,76
180104,PASCO,PASCO,HUARIACA,PARTIDO DEMOCRATICO SOMOS PERU,1436
180104,PASCO,PASCO,HUARIACA,PARTIDO HUMANISTA PERUANO,785
180104,PASCO,PASCO,HUARIACA,RESTAURACION NACIONAL,98
180105,PASCO,PASCO,HUAYLLAY,ALIANZA PERU POSIBLE,82
180105,PASCO,PASCO,HUAYLLAY,ALIANZA REGIONAL TODOS POR PASCO,185
180105,PASCO,PASCO,HUAYLLAY,CONCERTACION EN LA REGION,784
180105,PASCO,PASCO,HUAYLLAY,FUERZA 2011,700
180105,PASCO,PASCO,HUAYLLAY,MOVIMIENTO NUEVA IZQUIERDA,417
180105,PASCO,PASCO,HUAYLLAY,PARTIDO APRISTA PERUANO,114
180105,PASCO,PASCO,HUAYLLAY,PARTIDO DEMOCRATICO SOMOS PERU,622
180105,PASCO,PASCO,HUAYLLAY,RESTAURACION NACIONAL,589
180105,PASCO,PASCO,HUAYLLAY,UNION POR EL PERU,138
180106,PASCO,PASCO,NINACACA,ALIANZA PERU POSIBLE,168
180106,PASCO,PASCO,NINACACA,ALIANZA REGIONAL TODOS POR PASCO,407
180106,PASCO,PASCO,NINACACA,BLOQUE POPULAR PASCO,119
180106,PASCO,PASCO,NINACACA,CAMBIO 90,44
180106,PASCO,PASCO,NINACACA,CONCERTACION EN LA REGION,592
180106,PASCO,PASCO,NINACACA,MOVIMIENTO NUEVA IZQUIERDA,68
180106,PASCO,PASCO,NINACACA,PARTIDO DEMOCRATICO SOMOS PERU,807
180107,PASCO,PASCO,PALLANCHACRA,ALIANZA PERU POSIBLE,35
180107,PASCO,PASCO,PALLANCHACRA,ALIANZA REGIONAL TODOS POR PASCO,156
180107,PASCO,PASCO,PALLANCHACRA,CONCERTACION EN LA REGION,132
180107,PASCO,PASCO,PALLANCHACRA,FUERZA 2011,37
180107,PASCO,PASCO,PALLANCHACRA,MOVIMIENTO NUEVA IZQUIERDA,467
180107,PASCO,PASCO,PALLANCHACRA,PARTIDO DEMOCRATICO SOMOS PERU,209
180107,PASCO,PASCO,PALLANCHACRA,PARTIDO HUMANISTA PERUANO,98
180107,PASCO,PASCO,PALLANCHACRA,RESTAURACION NACIONAL,39
180107,PASCO,PASCO,PALLANCHACRA,UNION POR EL PERU,206
180108,PASCO,PASCO,PAUCARTAMBO,AGRUPACION INDEPENDIENTE SI CUMPLE,2246
180108,PASCO,PASCO,PAUCARTAMBO,ALIANZA PERU POSIBLE,55
180108,PASCO,PASCO,PAUCARTAMBO,CONCERTACION EN LA REGION,613
180108,PASCO,PASCO,PAUCARTAMBO,FONAVISTAS DEL PERU,117
180108,PASCO,PASCO,PAUCARTAMBO,MOVIMIENTO PASCO DESARROLLO,36
180108,PASCO,PASCO,PAUCARTAMBO,PARTIDO APRISTA PERUANO,250
180108,PASCO,PASCO,PAUCARTAMBO,PARTIDO DEMOCRATICO SOMOS PERU,2014
180108,PASCO,PASCO,PAUCARTAMBO,UNION POR EL PERU,1089
180109,PASCO,PASCO,SAN FRANCISCO DE ASIS DE YARUSYACAN,ACCION POPULAR,922
180109,PASCO,PASCO,SAN FRANCISCO DE ASIS DE YARUSYACAN,ALIANZA PERU POSIBLE,26
180109,PASCO,PASCO,SAN FRANCISCO DE ASIS DE YARUSYACAN,ALIANZA REGIONAL TODOS POR PASCO,27
180109,PASCO,PASCO,SAN FRANCISCO DE ASIS DE YARUSYACAN,CONCERTACION EN LA REGION,95
180109,PASCO,PASCO,SAN FRANCISCO DE ASIS DE YARUSYACAN,FUERZA 2011,177
180109,PASCO,PASCO,SAN FRANCISCO DE ASIS DE YARUSYACAN,MOVIMIENTO NUEVA IZQUIERDA,24
180109,PASCO,PASCO,SAN FRANCISCO DE ASIS DE YARUSYACAN,PARTIDO DEMOCRATICO SOMOS PERU,547
180109,PASCO,PASCO,SAN FRANCISCO DE ASIS DE YARUSYACAN,PARTIDO HUMANISTA PERUANO,347
180109,PASCO,PASCO,SAN FRANCISCO DE ASIS DE YARUSYACAN,UNION POR EL PERU,903
180110,PASCO,PASCO,SIMON BOLIVAR,ALIANZA PERU POSIBLE,199
180110,PASCO,PASCO,SIMON BOLIVAR,ALIANZA REGIONAL TODOS POR PASCO,1569
180110,PASCO,PASCO,SIMON BOLIVAR,CONCERTACION EN LA REGION,1959
180110,PASCO,PASCO,SIMON BOLIVAR,FUERZA 2011,156
180110,PASCO,PASCO,SIMON BOLIVAR,MOVIMIENTO NUEVA IZQUIERDA,69
180110,PASCO,PASCO,SIMON BOLIVAR,PARTIDO DEMOCRATICO SOMOS PERU,1445
180110,PASCO,PASCO,SIMON BOLIVAR,PARTIDO HUMANISTA PERUANO,537
180111,PASCO,PASCO,TICLACAYAN,ALIANZA PERU POSIBLE,156
180111,PASCO,PASCO,TICLACAYAN,ALIANZA REGIONAL TODOS POR PASCO,376
180111,PASCO,PASCO,TICLACAYAN,CONCERTACION EN LA REGION,23
180111,PASCO,PASCO,TICLACAYAN,FUERZA 2011,504
180111,PASCO,PASCO,TICLACAYAN,MOVIMIENTO NUEVA IZQUIERDA,124
180111,PASCO,PASCO,TICLACAYAN,PARTIDO APRISTA PERUANO,70
180111,PASCO,PASCO,TICLACAYAN,PARTIDO DEMOCRATICO SOMOS PERU,780
180111,PASCO,PASCO,TICLACAYAN,PARTIDO HUMANISTA PERUANO,105
180112,PASCO,PASCO,TINYAHUARCO,ALIANZA PERU POSIBLE,37
180112,PASCO,PASCO,TINYAHUARCO,ALIANZA REGIONAL TODOS POR PASCO,208
180112,PASCO,PASCO,TINYAHUARCO,CONCERTACION EN LA REGION,218
180112,PASCO,PASCO,TINYAHUARCO,FUERZA 2011,133
180112,PASCO,PASCO,TINYAHUARCO,JUNTOS GOBERNEMOS,801
180112,PASCO,PASCO,TINYAHUARCO,MOVIMIENTO NUEVA IZQUIERDA,14
180112,PASCO,PASCO,TINYAHUARCO,PARTIDO APRISTA PERUANO,912
180112,PASCO,PASCO,TINYAHUARCO,PARTIDO DEMOCRATICO SOMOS PERU,895
180113,PASCO,PASCO,VICCO,ALIANZA PERU POSIBLE,268
180113,PASCO,PASCO,VICCO,ALIANZA REGIONAL TODOS POR PASCO,218
180113,PASCO,PASCO,VICCO,CAMBIO 90,28
180113,PASCO,PASCO,VICCO,CONCERTACION EN LA REGION,257
180113,PASCO,PASCO,VICCO,FONAVISTAS DEL PERU,231
180113,PASCO,PASCO,VICCO,MOVIMIENTO NUEVA IZQUIERDA,149
180113,PASCO,PASCO,VICCO,PARTIDO APRISTA PERUANO,285
180113,PASCO,PASCO,VICCO,PARTIDO DEMOCRATICO SOMOS PERU,551
180114,PASCO,PASCO,YANACANCHA,ACCION POPULAR,171
180114,PASCO,PASCO,YANACANCHA,ALIANZA PERU POSIBLE,957
180114,PASCO,PASCO,YANACANCHA,ALIANZA REGIONAL TODOS POR PASCO,2583
180114,PASCO,PASCO,YANACANCHA,CAMBIO 90,117
180114,PASCO,PASCO,YANACANCHA,CONCERTACION EN LA REGION,3726
180114,PASCO,PASCO,YANACANCHA,FONAVISTAS DEL PERU,561
180114,PASCO,PASCO,YANACANCHA,FRENTE INDEPENDIENTE YANACANCHINO,468
180114,PASCO,PASCO,YANACANCHA,FUERZA 2011,1023
180114,PASCO,PASCO,YANACANCHA,MOVIMIENTO NUEVA IZQUIERDA,207
180114,PASCO,PASCO,YANACANCHA,MOVIMIENTO PASCO DESARROLLO,109
180114,PASCO,PASCO,YANACANCHA,ORGANIZACION INDEPENDIENTE LEALTAD CRISTIANA,224
180114,PASCO,PASCO,YANACANCHA,PARTIDO APRISTA PERUANO,272
180114,PASCO,PASCO,YANACANCHA,PARTIDO DEMOCRATICO SOMOS PERU,4168
180114,PASCO,PASCO,YANACANCHA,PARTIDO HUMANISTA PERUANO,216
180114,PASCO,PASCO,YANACANCHA,RESTAURACION NACIONAL,147
180202,PASCO,DANIEL ALCIDES CARRION,CHACAYAN,ALIANZA PERU POSIBLE,293
180202,PASCO,DANIEL ALCIDES CARRION,CHACAYAN,ALIANZA REGIONAL TODOS POR PASCO,267
180202,PASCO,DANIEL ALCIDES CARRION,CHACAYAN,CONCERTACION EN LA REGION,179
180202,PASCO,DANIEL ALCIDES CARRION,CHACAYAN,MOVIMIENTO NUEVA IZQUIERDA,74
180202,PASCO,DANIEL ALCIDES CARRION,CHACAYAN,PARTIDO APRISTA PERUANO,184
180202,PASCO,DANIEL ALCIDES CARRION,CHACAYAN,PARTIDO DEMOCRATICO SOMOS PERU,91
180202,PASCO,DANIEL ALCIDES CARRION,CHACAYAN,RESTAURACION NACIONAL,22
180202,PASCO,DANIEL ALCIDES CARRION,CHACAYAN,UNION CARRIONINA,57
180203,PASCO,DANIEL ALCIDES CARRION,GOYLLARISQUIZGA,ALIANZA PERU POSIBLE,181
180203,PASCO,DANIEL ALCIDES CARRION,GOYLLARISQUIZGA,ALIANZA REGIONAL TODOS POR PASCO,135
180203,PASCO,DANIEL ALCIDES CARRION,GOYLLARISQUIZGA,BLOQUE POPULAR PASCO,23
180203,PASCO,DANIEL ALCIDES CARRION,GOYLLARISQUIZGA,CONCERTACION EN LA REGION,78
180203,PASCO,DANIEL ALCIDES CARRION,GOYLLARISQUIZGA,MOVIMIENTO NUEVA IZQUIERDA,67
180203,PASCO,DANIEL ALCIDES CARRION,GOYLLARISQUIZGA,PARTIDO APRISTA PERUANO,21
180203,PASCO,DANIEL ALCIDES CARRION,GOYLLARISQUIZGA,PARTIDO DEMOCRATICO SOMOS PERU,43
180203,PASCO,DANIEL ALCIDES CARRION,GOYLLARISQUIZGA,UNION CARRIONINA,23
180204,PASCO,DANIEL ALCIDES CARRION,PAUCAR,CONCERTACION EN LA REGION,216
180204,PASCO,DANIEL ALCIDES CARRION,PAUCAR,MOVIMIENTO NUEVA IZQUIERDA,430
180204,PASCO,DANIEL ALCIDES CARRION,PAUCAR,PARTIDO APRISTA PERUANO,229
180204,PASCO,DANIEL ALCIDES CARRION,PAUCAR,PARTIDO DEMOCRATICO SOMOS PERU,302
180205,PASCO,DANIEL ALCIDES CARRION,SAN PEDRO DE PILLAO,ALIANZA PERU POSIBLE,28
180205,PASCO,DANIEL ALCIDES CARRION,SAN PEDRO DE PILLAO,ALIANZA REGIONAL TODOS POR PASCO,195
180205,PASCO,DANIEL ALCIDES CARRION,SAN PEDRO DE PILLAO,MOVIMIENTO NUEVA IZQUIERDA,209
180205,PASCO,DANIEL ALCIDES CARRION,SAN PEDRO DE PILLAO,PARTIDO DEMOCRATICO SOMOS PERU,200
180205,PASCO,DANIEL ALCIDES CARRION,SAN PEDRO DE PILLAO,RESTAURACION NACIONAL,61
180206,PASCO,DANIEL ALCIDES CARRION,SANTA ANA DE TUSI,ACCION POPULAR,23
180206,PASCO,DANIEL ALCIDES CARRION,SANTA ANA DE TUSI,ALIANZA PERU POSIBLE,237
180206,PASCO,DANIEL ALCIDES CARRION,SANTA ANA DE TUSI,ALIANZA REGIONAL TODOS POR PASCO,932
180206,PASCO,DANIEL ALCIDES CARRION,SANTA ANA DE TUSI,BLOQUE POPULAR PASCO,199
180206,PASCO,DANIEL ALCIDES CARRION,SANTA ANA DE TUSI,CONCERTACION EN LA REGION,192
180206,PASCO,DANIEL ALCIDES CARRION,SANTA ANA DE TUSI,MOVIMIENTO NUEVA IZQUIERDA,391
180206,PASCO,DANIEL ALCIDES CARRION,SANTA ANA DE TUSI,MOVIMIENTO PASCO DESARROLLO,390
180206,PASCO,DANIEL ALCIDES CARRION,SANTA ANA DE TUSI,PARTIDO APRISTA PERUANO,476
180206,PASCO,DANIEL ALCIDES CARRION,SANTA ANA DE TUSI,PARTIDO DEMOCRATICO SOMOS PERU,424
180207,PASCO,DANIEL ALCIDES CARRION,TAPUC,ALIANZA REGIONAL TODOS POR PASCO,403
180207,PASCO,DANIEL ALCIDES CARRION,TAPUC,CONCERTACION EN LA REGION,84
180207,PASCO,DANIEL ALCIDES CARRION,TAPUC,MOVIMIENTO NUEVA IZQUIERDA,123
180207,PASCO,DANIEL ALCIDES CARRION,TAPUC,PARTIDO APRISTA PERUANO,484
180207,PASCO,DANIEL ALCIDES CARRION,TAPUC,PARTIDO DEMOCRATICO SOMOS PERU,63
180207,PASCO,DANIEL ALCIDES CARRION,TAPUC,UNION CARRIONINA,15
180208,PASCO,DANIEL ALCIDES CARRION,VILCABAMBA,ALIANZA PERU POSIBLE,64
180208,PASCO,DANIEL ALCIDES CARRION,VILCABAMBA,ALIANZA REGIONAL TODOS POR PASCO,238
180208,PASCO,DANIEL ALCIDES CARRION,VILCABAMBA,CONCERTACION EN LA REGION,25
180208,PASCO,DANIEL ALCIDES CARRION,VILCABAMBA,PARTIDO APRISTA PERUANO,262
180208,PASCO,DANIEL ALCIDES CARRION,VILCABAMBA,PARTIDO DEMOCRATICO SOMOS PERU,110
180208,PASCO,DANIEL ALCIDES CARRION,VILCABAMBA,RESTAURACION NACIONAL,146
180208,PASCO,DANIEL ALCIDES CARRION,VILCABAMBA,UNION CARRIONINA,28
180302,PASCO,OXAPAMPA,CHONTABAMBA,ALIANZA PERU POSIBLE,335
180302,PASCO,OXAPAMPA,CHONTABAMBA,ALIANZA REGIONAL TODOS POR PASCO,151
180302,PASCO,OXAPAMPA,CHONTABAMBA,CAMBIO 90,33
180302,PASCO,OXAPAMPA,CHONTABAMBA,CONCERTACION EN LA REGION,227
180302,PASCO,OXAPAMPA,CHONTABAMBA,FUERZA 2011,170
180302,PASCO,OXAPAMPA,CHONTABAMBA,MOVIMIENTO NUEVA IZQUIERDA,50
180302,PASCO,OXAPAMPA,CHONTABAMBA,MOVIMIENTO PASCO DESARROLLO,264
180302,PASCO,OXAPAMPA,CHONTABAMBA,PARTIDO APRISTA PERUANO,47
180302,PASCO,OXAPAMPA,CHONTABAMBA,PARTIDO DEMOCRATICO SOMOS PERU,290
180303,PASCO,OXAPAMPA,HUANCABAMBA,ALIANZA REGIONAL TODOS POR PASCO,140
180303,PASCO,OXAPAMPA,HUANCABAMBA,CONCERTACION EN LA REGION,1245
180303,PASCO,OXAPAMPA,HUANCABAMBA,FUERZA 2011,76
180303,PASCO,OXAPAMPA,HUANCABAMBA,MOVIMIENTO NUEVA IZQUIERDA,16
180303,PASCO,OXAPAMPA,HUANCABAMBA,PARTIDO APRISTA PERUANO,827
180303,PASCO,OXAPAMPA,HUANCABAMBA,PARTIDO DEMOCRATICO SOMOS PERU,308
180303,PASCO,OXAPAMPA,HUANCABAMBA,PARTIDO DESCENTRALISTA FUERZA SOCIAL,227
180304,PASCO,OXAPAMPA,PUERTO BERMUDEZ,ALIANZA PERU POSIBLE,682
180304,PASCO,OXAPAMPA,PUERTO BERMUDEZ,ALIANZA REGIONAL TODOS POR PASCO,1978
180304,PASCO,OXAPAMPA,PUERTO BERMUDEZ,CONCERTACION EN LA REGION,844
180304,PASCO,OXAPAMPA,PUERTO BERMUDEZ,FUERZA 2011,891
180304,PASCO,OXAPAMPA,PUERTO BERMUDEZ,MOVIMIENTO NUEVA IZQUIERDA,552
180304,PASCO,OXAPAMPA,PUERTO BERMUDEZ,MOVIMIENTO PASCO DESARROLLO,77
180304,PASCO,OXAPAMPA,PUERTO BERMUDEZ,PARTIDO APRISTA PERUANO,154
180304,PASCO,OXAPAMPA,PUERTO BERMUDEZ,PARTIDO DEMOCRATICO SOMOS PERU,1598
180305,PASCO,OXAPAMPA,VILLA RICA,ALIANZA PERU POSIBLE,60
180305,PASCO,OXAPAMPA,VILLA RICA,ALIANZA REGIONAL TODOS POR PASCO,73
180305,PASCO,OXAPAMPA,VILLA RICA,BLOQUE POPULAR PASCO,93
180305,PASCO,OXAPAMPA,VILLA RICA,CONCERTACION EN LA REGION,138
180305,PASCO,OXAPAMPA,VILLA RICA,FUERZA 2011,3417
180305,PASCO,OXAPAMPA,VILLA RICA,MOVIMIENTO NUEVA IZQUIERDA,14
180305,PASCO,OXAPAMPA,VILLA RICA,MOVIMIENTO PASCO DESARROLLO,30
180305,PASCO,OXAPAMPA,VILLA RICA,PARTIDO APRISTA PERUANO,79
180305,PASCO,OXAPAMPA,VILLA RICA,PARTIDO DEMOCRATICO SOMOS PERU,3810
180306,PASCO,OXAPAMPA,POZUZO,ALIANZA REGIONAL TODOS POR PASCO,55
180306,PASCO,OXAPAMPA,POZUZO,CONCERTACION EN LA REGION,955
180306,PASCO,OXAPAMPA,POZUZO,FUERZA 2011,682
180306,PASCO,OXAPAMPA,POZUZO,PARTIDO DEMOCRATICO SOMOS PERU,1065
180307,PASCO,OXAPAMPA,PALCAZU,ALIANZA REGIONAL TODOS POR PASCO,404
180307,PASCO,OXAPAMPA,PALCAZU,BLOQUE POPULAR PASCO,293
180307,PASCO,OXAPAMPA,PALCAZU,CAMBIO 90,159
180307,PASCO,OXAPAMPA,PALCAZU,CONCERTACION EN LA REGION,638
180307,PASCO,OXAPAMPA,PALCAZU,FUERZA 2011,437
180307,PASCO,OXAPAMPA,PALCAZU,MOVIMIENTO NUEVA IZQUIERDA,138
180307,PASCO,OXAPAMPA,PALCAZU,PARTIDO APRISTA PERUANO,320
180307,PASCO,OXAPAMPA,PALCAZU,PARTIDO DEMOCRATICO SOMOS PERU,379
190103,PIURA,PIURA,CASTILLA,ACCION POPULAR,5453
190103,PIURA,PIURA,CASTILLA,ALIANZA PARA EL PROGRESO,4429
190103,PIURA,PIURA,CASTILLA,FUERZA 2011,4081
190103,PIURA,PIURA,CASTILLA,LLEGUEMOS TODOS,1278
190103,PIURA,PIURA,CASTILLA,MOVIMIENTO DE DESARROLLO LOCAL,274
190103,PIURA,PIURA,CASTILLA,MOVIMIENTO INDEPENDIENTE FUERZA REGIONAL,2581
190103,PIURA,PIURA,CASTILLA,MOVIMIENTO REGIONAL OBRAS + OBRAS,10561
190103,PIURA,PIURA,CASTILLA,PARTIDO APRISTA PERUANO,6166
190103,PIURA,PIURA,CASTILLA,PARTIDO DEMOCRATICO SOMOS PERU,6165
190103,PIURA,PIURA,CASTILLA,PERU POSIBLE,2147
190103,PIURA,PIURA,CASTILLA,RESTAURACION NACIONAL,2146
190103,PIURA,PIURA,CASTILLA,SIEMPRE UNIDOS,678
190103,PIURA,PIURA,CASTILLA,UNIDAD REGIONAL,3585
190103,PIURA,PIURA,CASTILLA,UNIDOS CONSTRUYENDO,10634
190104,PIURA,PIURA,CATACAOS,ALIANZA PARA EL PROGRESO,361
190104,PIURA,PIURA,CATACAOS,CATACAOS HACIA UN NUEVO FUTURO,302
190104,PIURA,PIURA,CATACAOS,FRENTE INDEPENDIENTE CATACAOS UNIDO,235
190104,PIURA,PIURA,CATACAOS,FRENTE INNOVADOR CATAQUENSE,4546
190104,PIURA,PIURA,CATACAOS,FUERZA 2011,598
190104,PIURA,PIURA,CATACAOS,MOPAV,2841
190104,PIURA,PIURA,CATACAOS,MOVIMIENTO REGIONAL OBRAS + OBRAS,2460
190104,PIURA,PIURA,CATACAOS,PARTIDO APRISTA PERUANO,1576
190104,PIURA,PIURA,CATACAOS,PARTIDO DEMOCRATICO SOMOS PERU,9597
190104,PIURA,PIURA,CATACAOS,PERU POSIBLE,200
190104,PIURA,PIURA,CATACAOS,UNIDAD REGIONAL,1684
190104,PIURA,PIURA,CATACAOS,UNIDOS CONSTRUYENDO,6239
190105,PIURA,PIURA,LA ARENA,ALTERNATIVA DE RENOVACION ARENENSE,4915
190105,PIURA,PIURA,LA ARENA,FUERZA 2011,112
190105,PIURA,PIURA,LA ARENA,MOVIMIENTO REGIONAL OBRAS + OBRAS,2314
190105,PIURA,PIURA,LA ARENA,PARTIDO APRISTA PERUANO,3327
190106,PIURA,PIURA,LA UNION,ALIANZA PARA EL PROGRESO,3830
190106,PIURA,PIURA,LA UNION,FUERZA 2011,824
190106,PIURA,PIURA,LA UNION,LA UNION CORAZON,2288
190106,PIURA,PIURA,LA UNION,MOVIMIENTO DE DESARROLLO LOCAL,2182
190106,PIURA,PIURA,LA UNION,MOVIMIENTO REGIONAL OBRAS + OBRAS,1534
190106,PIURA,PIURA,LA UNION,PARTIDO APRISTA PERUANO,1041
190106,PIURA,PIURA,LA UNION,PARTIDO DEMOCRATICO SOMOS PERU,129
190106,PIURA,PIURA,LA UNION,PARTIDO HUMANISTA PERUANO,1287
190106,PIURA,PIURA,LA UNION,SENTIMIENTO PIURANO,41
190106,PIURA,PIURA,LA UNION,"UNIDAD, FUERZA Y DESARROLLO",815
190106,PIURA,PIURA,LA UNION,UNIDOS CONSTRUYENDO,1596
190106,PIURA,PIURA,LA UNION,UNION POR EL PERU,676
190107,PIURA,PIURA,LAS LOMAS,MOVIMIENTO INDEPENDIENTE FUERZA REGIONAL,750
190107,PIURA,PIURA,LAS LOMAS,MOVIMIENTO REGIONAL OBRAS + OBRAS,2183
190107,PIURA,PIURA,LAS LOMAS,PARTIDO APRISTA PERUANO,1081
190107,PIURA,PIURA,LAS LOMAS,PARTIDO DEMOCRATICO SOMOS PERU,1027
190107,PIURA,PIURA,LAS LOMAS,PARTIDO HUMANISTA PERUANO,117
190107,PIURA,PIURA,LAS LOMAS,UNIDAD REGIONAL,479
190107,PIURA,PIURA,LAS LOMAS,UNIDOS CONSTRUYENDO,1067
190109,PIURA,PIURA,TAMBO GRANDE,ACCION POPULAR,722
190109,PIURA,PIURA,TAMBO GRANDE,AGRO SI,9419
190109,PIURA,PIURA,TAMBO GRANDE,MOVIMIENTO INDEPENDIENTE FUERZA REGIONAL,585
190109,PIURA,PIURA,TAMBO GRANDE,MOVIMIENTO NUEVA IZQUIERDA,2034
190109,PIURA,PIURA,TAMBO GRANDE,MOVIMIENTO REGIONAL OBRAS + OBRAS,8462
190109,PIURA,PIURA,TAMBO GRANDE,PARTIDO APRISTA PERUANO,1399
190109,PIURA,PIURA,TAMBO GRANDE,"TAMBOGRANDE, SI",7869
190109,PIURA,PIURA,TAMBO GRANDE,UPA-TCU UNIDOS PUEBLO AGRO TAMBOGRANDE CASERIOS UNIDOS,6447
190113,PIURA,PIURA,CURA MORI,FUERZA 2011,156
190113,PIURA,PIURA,CURA MORI,MOVIMIENTO DE DESARROLLO LOCAL,81
190113,PIURA,PIURA,CURA MORI,MOVIMIENTO REGIONAL OBRAS + OBRAS,257
190113,PIURA,PIURA,CURA MORI,PARTICIPACION POPULAR,81
190113,PIURA,PIURA,CURA MORI,PARTIDO APRISTA PERUANO,2907
190113,PIURA,PIURA,CURA MORI,UNIDAD REGIONAL,3614
190113,PIURA,PIURA,CURA MORI,UNIDOS CONSTRUYENDO,139
190114,PIURA,PIURA,EL TALLAN,FUERZA 2011,560
190114,PIURA,PIURA,EL TALLAN,MOVIMIENTO INDEPENDIENTE FUERZA REGIONAL,134
190114,PIURA,PIURA,EL TALLAN,PARTIDO APRISTA PERUANO,540
190114,PIURA,PIURA,EL TALLAN,PARTIDO DEMOCRATICO SOMOS PERU,315
190114,PIURA,PIURA,EL TALLAN,UNIDOS CONSTRUYENDO,541
190202,PIURA,AYABACA,FRIAS,MOVIMIENTO INDEPENDIENTE FUERZA REGIONAL,2169
190202,PIURA,AYABACA,FRIAS,PARTIDO APRISTA PERUANO,31
190202,PIURA,AYABACA,FRIAS,PARTIDO DEMOCRATICO SOMOS PERU,1795
190202,PIURA,AYABACA,FRIAS,UNIDAD POPULAR REGIONAL PIURA,2807
190202,PIURA,AYABACA,FRIAS,UNION POR EL PERU,74
190203,PIURA,AYABACA,LAGUNAS,MOVIMIENTO INDEPENDIENTE FUERZA REGIONAL,800
190203,PIURA,AYABACA,LAGUNAS,MOVIMIENTO REGIONAL OBRAS + OBRAS,125
190203,PIURA,AYABACA,LAGUNAS,UNIDAD POPULAR REGIONAL PIURA,1776
190203,PIURA,AYABACA,LAGUNAS,UNION POR EL PERU,8
190204,PIURA,AYABACA,MONTERO,AGRO SI,76
190204,PIURA,AYABACA,MONTERO,ALIANZA PARA EL PROGRESO,39
190204,PIURA,AYABACA,MONTERO,MOVIMIENTO DE DESARROLLO LOCAL,65
190204,PIURA,AYABACA,MONTERO,MOVIMIENTO INDEPENDIENTE FUERZA REGIONAL,888
190204,PIURA,AYABACA,MONTERO,MOVIMIENTO REGIONAL OBRAS + OBRAS,730
190204,PIURA,AYABACA,MONTERO,UNIDAD POPULAR REGIONAL PIURA,1464
190204,PIURA,AYABACA,MONTERO,UNION POR EL PERU,40
190205,PIURA,AYABACA,PACAIPAMPA,MOVIMIENTO INDEPENDIENTE FUERZA REGIONAL,3951
190205,PIURA,AYABACA,PACAIPAMPA,PARTIDO APRISTA PERUANO,9
190205,PIURA,AYABACA,PACAIPAMPA,UNIDAD POPULAR REGIONAL PIURA,3561
190205,PIURA,AYABACA,PACAIPAMPA,UNION POR EL PERU,760
190206,PIURA,AYABACA,SAPILLICA,MOVIMIENTO INDEPENDIENTE FUERZA REGIONAL,93
190206,PIURA,AYABACA,SAPILLICA,MOVIMIENTO REGIONAL OBRAS + OBRAS,5
190206,PIURA,AYABACA,SAPILLICA,PARTIDO DEMOCRATICO SOMOS PERU,2148
190206,PIURA,AYABACA,SAPILLICA,UNIDAD POPULAR REGIONAL PIURA,1835
190206,PIURA,AYABACA,SAPILLICA,UNION POR EL PERU,377
190207,PIURA,AYABACA,SICCHEZ,MOVIMIENTO INDEPENDIENTE FUERZA REGIONAL,519
190207,PIURA,AYABACA,SICCHEZ,PARTIDO DEMOCRATICO SOMOS PERU,238
190207,PIURA,AYABACA,SICCHEZ,UNIDAD POPULAR REGIONAL PIURA,518
190207,PIURA,AYABACA,SICCHEZ,UNION POR EL PERU,276
190208,PIURA,AYABACA,SUYO,FONAVISTAS DEL PERU,325
190208,PIURA,AYABACA,SUYO,MOVIMIENTO DE DESARROLLO LOCAL,12
190208,PIURA,AYABACA,SUYO,MOVIMIENTO INDEPENDIENTE FUERZA REGIONAL,1127
190208,PIURA,AYABACA,SUYO,MOVIMIENTO REGIONAL OBRAS + OBRAS,488
190208,PIURA,AYABACA,SUYO,UNIDAD POPULAR REGIONAL PIURA,2658
190208,PIURA,AYABACA,SUYO,UNION POR EL PERU,177
190209,PIURA,AYABACA,JILILI,MOVIMIENTO INDEPENDIENTE FUERZA REGIONAL,336
190209,PIURA,AYABACA,JILILI,MOVIMIENTO REGIONAL OBRAS + OBRAS,98
190209,PIURA,AYABACA,JILILI,PERU POSIBLE,59
190209,PIURA,AYABACA,JILILI,UNIDAD POPULAR REGIONAL PIURA,681
190209,PIURA,AYABACA,JILILI,UNION POR EL PERU,202
190210,PIURA,AYABACA,PAIMAS,ALIANZA PARA EL PROGRESO,37
190210,PIURA,AYABACA,PAIMAS,FUERZA 2011,39
190210,PIURA,AYABACA,PAIMAS,MOVIMIENTO DE DESARROLLO LOCAL,509
190210,PIURA,AYABACA,PAIMAS,MOVIMIENTO INDEPENDIENTE FUERZA REGIONAL,692
190210,PIURA,AYABACA,PAIMAS,MOVIMIENTO REGIONAL OBRAS + OBRAS,746
190210,PIURA,AYABACA,PAIMAS,PARTIDO APRISTA PERUANO,58
190210,PIURA,AYABACA,PAIMAS,UNIDAD POPULAR REGIONAL PIURA,1079
190302,PIURA,HUANCABAMBA,CANCHAQUE,AGRO SI,722
190302,PIURA,HUANCABAMBA,CANCHAQUE,FRENTE AMPLIO CAMPESINO URBANO,1273
190302,PIURA,HUANCABAMBA,CANCHAQUE,MOVIMIENTO INDEPENDIENTE FUERZA REGIONAL,1183
190302,PIURA,HUANCABAMBA,CANCHAQUE,MOVIMIENTO REGIONAL OBRAS + OBRAS,30
190302,PIURA,HUANCABAMBA,CANCHAQUE,PARTIDO APRISTA PERUANO,48
190302,PIURA,HUANCABAMBA,CANCHAQUE,PARTIDO DEMOCRATICO SOMOS PERU,56
190302,PIURA,HUANCABAMBA,CANCHAQUE,UNIDAD POPULAR REGIONAL PIURA,146
190302,PIURA,HUANCABAMBA,CANCHAQUE,UNIDAD REGIONAL,67
190303,PIURA,HUANCABAMBA,HUARMACA,AGRO SI,1411
190303,PIURA,HUANCABAMBA,HUARMACA,ALIANZA PARA EL PROGRESO,4432
190303,PIURA,HUANCABAMBA,HUARMACA,FRENTE AMPLIO CAMPESINO URBANO,1097
190303,PIURA,HUANCABAMBA,HUARMACA,MOVIMIENTO INDEPENDIENTE FUERZA REGIONAL,5579
190303,PIURA,HUANCABAMBA,HUARMACA,MOVIMIENTO NUEVA IZQUIERDA,257
190303,PIURA,HUANCABAMBA,HUARMACA,MOVIMIENTO REGIONAL OBRAS + OBRAS,254
190303,PIURA,HUANCABAMBA,HUARMACA,PARTIDO APRISTA PERUANO,124
190303,PIURA,HUANCABAMBA,HUARMACA,PARTIDO DEMOCRATICO SOMOS PERU,14
190303,PIURA,HUANCABAMBA,HUARMACA,UNIDAD REGIONAL,111
190304,PIURA,HUANCABAMBA,SONDOR,AGRO SI,929
190304,PIURA,HUANCABAMBA,SONDOR,FRENTE AMPLIO CAMPESINO URBANO,194
190304,PIURA,HUANCABAMBA,SONDOR,MOVIMIENTO INDEPENDIENTE FUERZA REGIONAL,1058
190304,PIURA,HUANCABAMBA,SONDOR,PARTIDO APRISTA PERUANO,99
190304,PIURA,HUANCABAMBA,SONDOR,PARTIDO DEMOCRATICO SOMOS PERU,655
190304,PIURA,HUANCABAMBA,SONDOR,UNIDAD REGIONAL,43
190305,PIURA,HUANCABAMBA,SONDORILLO,ACCION POPULAR,7
190305,PIURA,HUANCABAMBA,SONDORILLO,AGRO SI,763
190305,PIURA,HUANCABAMBA,SONDORILLO,ALIANZA PARA EL PROGRESO,514
190305,PIURA,HUANCABAMBA,SONDORILLO,FRENTE AMPLIO CAMPESINO URBANO,1025
190305,PIURA,HUANCABAMBA,SONDORILLO,MOVIMIENTO INDEPENDIENTE FUERZA REGIONAL,521
190305,PIURA,HUANCABAMBA,SONDORILLO,MOVIMIENTO REGIONAL OBRAS + OBRAS,44
190305,PIURA,HUANCABAMBA,SONDORILLO,PARTIDO APRISTA PERUANO,95
190305,PIURA,HUANCABAMBA,SONDORILLO,PARTIDO DEMOCRATICO SOMOS PERU,1134
190305,PIURA,HUANCABAMBA,SONDORILLO,UNIDAD REGIONAL,61
190306,PIURA,HUANCABAMBA,EL CARMEN DE LA FRONTERA,AGRO SI,2727
190306,PIURA,HUANCABAMBA,EL CARMEN DE LA FRONTERA,FRENTE AMPLIO CAMPESINO URBANO,47
190306,PIURA,HUANCABAMBA,EL CARMEN DE LA FRONTERA,MOVIMIENTO INDEPENDIENTE FUERZA REGIONAL,924
190306,PIURA,HUANCABAMBA,EL CARMEN DE LA FRONTERA,PARTIDO APRISTA PERUANO,37
190306,PIURA,HUANCABAMBA,EL CARMEN DE LA FRONTERA,PARTIDO DEMOCRATICO SOMOS PERU,1041
190306,PIURA,HUANCABAMBA,EL CARMEN DE LA FRONTERA,UNIDAD REGIONAL,111
190307,PIURA,HUANCABAMBA,SAN MIGUEL DE EL FAIQUE,AGRO SI,949
190307,PIURA,HUANCABAMBA,SAN MIGUEL DE EL FAIQUE,FONAVISTAS DEL PERU,9
190307,PIURA,HUANCABAMBA,SAN MIGUEL DE EL FAIQUE,FRENTE AMPLIO CAMPESINO URBANO,856
190307,PIURA,HUANCABAMBA,SAN MIGUEL DE EL FAIQUE,MOVIMIENTO INDEPENDIENTE FUERZA REGIONAL,470
190307,PIURA,HUANCABAMBA,SAN MIGUEL DE EL FAIQUE,MOVIMIENTO REGIONAL OBRAS + OBRAS,1295
190307,PIURA,HUANCABAMBA,SAN MIGUEL DE EL FAIQUE,PARTIDO APRISTA PERUANO,95
190307,PIURA,HUANCABAMBA,SAN MIGUEL DE EL FAIQUE,UNIDAD REGIONAL,79
190308,PIURA,HUANCABAMBA,LALAQUIZ,AGRO SI,560
190308,PIURA,HUANCABAMBA,LALAQUIZ,ALIANZA PARA EL PROGRESO,227
190308,PIURA,HUANCABAMBA,LALAQUIZ,FRENTE AMPLIO CAMPESINO URBANO,237
190308,PIURA,HUANCABAMBA,LALAQUIZ,MOVIMIENTO INDEPENDIENTE FUERZA REGIONAL,479
190308,PIURA,HUANCABAMBA,LALAQUIZ,MOVIMIENTO REGIONAL OBRAS + OBRAS,193
190308,PIURA,HUANCABAMBA,LALAQUIZ,PARTIDO APRISTA PERUANO,48
190308,PIURA,HUANCABAMBA,LALAQUIZ,PARTIDO DEMOCRATICO SOMOS PERU,399
190308,PIURA,HUANCABAMBA,LALAQUIZ,UNIDAD REGIONAL,92
190402,PIURA,MORROPON,BUENOS AIRES,ACCION POPULAR,16
190402,PIURA,MORROPON,BUENOS AIRES,MOVIMIENTO INDEPENDIENTE FUERZA REGIONAL,31
190402,PIURA,MORROPON,BUENOS AIRES,PARTIDO APRISTA PERUANO,617
190402,PIURA,MORROPON,BUENOS AIRES,PARTIDO DEMOCRATICO SOMOS PERU,1364
190402,PIURA,MORROPON,BUENOS AIRES,UNIDAD REGIONAL,2095
190402,PIURA,MORROPON,BUENOS AIRES,UNIDOS CONSTRUYENDO,425
190403,PIURA,MORROPON,CHALACO,MOVIMIENTO DE DESARROLLO LOCAL,931
190403,PIURA,MORROPON,CHALACO,MOVIMIENTO INDEPENDIENTE FUERZA REGIONAL,89
190403,PIURA,MORROPON,CHALACO,PARTIDO APRISTA PERUANO,302
190403,PIURA,MORROPON,CHALACO,PARTIDO DEMOCRATICO SOMOS PERU,1260
190403,PIURA,MORROPON,CHALACO,UNIDAD REGIONAL,511
190403,PIURA,MORROPON,CHALACO,UNIDOS CONSTRUYENDO,351
190404,PIURA,MORROPON,MORROPON,ALIANZA PARA EL PROGRESO,174
190404,PIURA,MORROPON,MORROPON,FUERZA 2011,33
190404,PIURA,MORROPON,MORROPON,MOVIMIENTO DE DESARROLLO LOCAL,1376
190404,PIURA,MORROPON,MORROPON,PARTIDO APRISTA PERUANO,1114
190404,PIURA,MORROPON,MORROPON,PARTIDO DEMOCRATICO SOMOS PERU,1469
190404,PIURA,MORROPON,MORROPON,UNIDAD REGIONAL,893
190404,PIURA,MORROPON,MORROPON,UNIDOS CONSTRUYENDO,1303
190405,PIURA,MORROPON,SALITRAL,ACCION POPULAR,43
190405,PIURA,MORROPON,SALITRAL,ALIANZA PARA EL PROGRESO,15
190405,PIURA,MORROPON,SALITRAL,MOVIMIENTO DE DESARROLLO LOCAL,481
190405,PIURA,MORROPON,SALITRAL,MOVIMIENTO INDEPENDIENTE FUERZA REGIONAL,234
190405,PIURA,MORROPON,SALITRAL,MOVIMIENTO REGIONAL OBRAS + OBRAS,103
190405,PIURA,MORROPON,SALITRAL,PARTIDO APRISTA PERUANO,247
190405,PIURA,MORROPON,SALITRAL,PARTIDO DEMOCRATICO SOMOS PERU,1372
190405,PIURA,MORROPON,SALITRAL,UNIDAD REGIONAL,724
190405,PIURA,MORROPON,SALITRAL,UNIDOS CONSTRUYENDO,808
190406,PIURA,MORROPON,SANTA CATALINA DE MOSSA,ALIANZA PARA EL PROGRESO,91
190406,PIURA,MORROPON,SANTA CATALINA DE MOSSA,PARTIDO APRISTA PERUANO,629
190406,PIURA,MORROPON,SANTA CATALINA DE MOSSA,PARTIDO DEMOCRATICO SOMOS PERU,376
190406,PIURA,MORROPON,SANTA CATALINA DE MOSSA,UNIDAD REGIONAL,23
190406,PIURA,MORROPON,SANTA CATALINA DE MOSSA,UNIDOS CONSTRUYENDO,727
190407,PIURA,MORROPON,SANTO DOMINGO,ALIANZA PARA EL PROGRESO,267
190407,PIURA,MORROPON,SANTO DOMINGO,MOVIMIENTO DE DESARROLLO LOCAL,1270
190407,PIURA,MORROPON,SANTO DOMINGO,PARTIDO DEMOCRATICO SOMOS PERU,509
190407,PIURA,MORROPON,SANTO DOMINGO,PARTIDO HUMANISTA PERUANO,66
190407,PIURA,MORROPON,SANTO DOMINGO,UNIDAD REGIONAL,309
190407,PIURA,MORROPON,SANTO DOMINGO,UNIDOS CONSTRUYENDO,631
190408,PIURA,MORROPON,LA MATANZA,ALIANZA PARA EL PROGRESO,54
190408,PIURA,MORROPON,LA MATANZA,MOVIMIENTO REGIONAL OBRAS + OBRAS,2518
190408,PIURA,MORROPON,LA MATANZA,PARTIDO DEMOCRATICO SOMOS PERU,3578
190408,PIURA,MORROPON,LA MATANZA,UNIDAD REGIONAL,759
190409,PIURA,MORROPON,YAMANGO,ACCION POPULAR,1432
190409,PIURA,MORROPON,YAMANGO,MOVIMIENTO DE DESARROLLO LOCAL,1673
190409,PIURA,MORROPON,YAMANGO,MOVIMIENTO INDEPENDIENTE FUERZA REGIONAL,221
190409,PIURA,MORROPON,YAMANGO,PARTIDO APRISTA PERUANO,126
190409,PIURA,MORROPON,YAMANGO,UNIDAD REGIONAL,72
190410,PIURA,MORROPON,SAN JUAN DE BIGOTE,MOVIMIENTO INDEPENDIENTE FUERZA REGIONAL,635
190410,PIURA,MORROPON,SAN JUAN DE BIGOTE,PARTIDO APRISTA PERUANO,598
190410,PIURA,MORROPON,SAN JUAN DE BIGOTE,PARTIDO DEMOCRATICO SOMOS PERU,1326
190410,PIURA,MORROPON,SAN JUAN DE BIGOTE,UNIDAD REGIONAL,148
190410,PIURA,MORROPON,SAN JUAN DE BIGOTE,UNIDOS CONSTRUYENDO,805
190502,PIURA,PAITA,AMOTAPE,ACCION POPULAR,288
190502,PIURA,PAITA,AMOTAPE,ALIANZA PARA EL PROGRESO,96
190502,PIURA,PAITA,AMOTAPE,FUERZA PROVINCIAL PAITEÑA,605
190502,PIURA,PAITA,AMOTAPE,MOVIMIENTO REGIONAL OBRAS + OBRAS,7
190502,PIURA,PAITA,AMOTAPE,PARTIDO APRISTA PERUANO,15
190502,PIURA,PAITA,AMOTAPE,UNIDOS CONSTRUYENDO,444
190503,PIURA,PAITA,ARENAL,ALIANZA PARA EL PROGRESO,79
190503,PIURA,PAITA,ARENAL,FUERZA PROVINCIAL PAITEÑA,263
190503,PIURA,PAITA,ARENAL,PARTIDO APRISTA PERUANO,267
190503,PIURA,PAITA,ARENAL,PARTIDO DEMOCRATICO SOMOS PERU,192
190504,PIURA,PAITA,LA HUACA,ACCION POPULAR,530
190504,PIURA,PAITA,LA HUACA,ALIANZA PARA EL PROGRESO,954
190504,PIURA,PAITA,LA HUACA,FUERZA 2011,621
190504,PIURA,PAITA,LA HUACA,FUERZA PROVINCIAL PAITEÑA,1757
190504,PIURA,PAITA,LA HUACA,MOVIMIENTO REGIONAL OBRAS + OBRAS,22
190504,PIURA,PAITA,LA HUACA,PARTIDO APRISTA PERUANO,1608
190504,PIURA,PAITA,LA HUACA,PARTIDO DEMOCRATICO SOMOS PERU,214
190504,PIURA,PAITA,LA HUACA,UNIDOS CONSTRUYENDO,425
190505,PIURA,PAITA,COLAN,ACCION POPULAR,259
190505,PIURA,PAITA,COLAN,ALIANZA PARA EL PROGRESO,239
190505,PIURA,PAITA,COLAN,FUERZA 2011,26
190505,PIURA,PAITA,COLAN,FUERZA PROVINCIAL PAITEÑA,2592
190505,PIURA,PAITA,COLAN,MOVIMIENTO REGIONAL OBRAS + OBRAS,22
190505,PIURA,PAITA,COLAN,PARTIDO APRISTA PERUANO,942
190505,PIURA,PAITA,COLAN,PARTIDO DEMOCRATICO SOMOS PERU,2631
190506,PIURA,PAITA,TAMARINDO,ACCION POPULAR,1268
190506,PIURA,PAITA,TAMARINDO,ALIANZA PARA EL PROGRESO,94
190506,PIURA,PAITA,TAMARINDO,FUERZA PROVINCIAL PAITEÑA,1119
190506,PIURA,PAITA,TAMARINDO,MOVIMIENTO REGIONAL OBRAS + OBRAS,33
190506,PIURA,PAITA,TAMARINDO,PARTIDO APRISTA PERUANO,53
190506,PIURA,PAITA,TAMARINDO,PARTIDO DEMOCRATICO SOMOS PERU,27
190506,PIURA,PAITA,TAMARINDO,UNIDAD REGIONAL,84
190506,PIURA,PAITA,TAMARINDO,UNIDOS CONSTRUYENDO,166
190507,PIURA,PAITA,VICHAYAL,ACCION POPULAR,995
190507,PIURA,PAITA,VICHAYAL,ALIANZA PARA EL PROGRESO,137
190507,PIURA,PAITA,VICHAYAL,FUERZA PROVINCIAL PAITEÑA,368
190507,PIURA,PAITA,VICHAYAL,MOVIMIENTO REGIONAL OBRAS + OBRAS,112
190507,PIURA,PAITA,VICHAYAL,PARTIDO APRISTA PERUANO,644
190507,PIURA,PAITA,VICHAYAL,UNIDOS CONSTRUYENDO,288
190602,PIURA,SULLANA,BELLAVISTA,ACCION POPULAR,244
190602,PIURA,SULLANA,BELLAVISTA,AGRO SI,4458
190602,PIURA,SULLANA,BELLAVISTA,MOVIMIENTO DE DESARROLLO LOCAL,1275
190602,PIURA,SULLANA,BELLAVISTA,MOVIMIENTO INDEPENDIENTE FUERZA REGIONAL,1016
190602,PIURA,SULLANA,BELLAVISTA,MOVIMIENTO REGIONAL OBRAS + OBRAS,4147
190602,PIURA,SULLANA,BELLAVISTA,PARTIDO APRISTA PERUANO,521
190602,PIURA,SULLANA,BELLAVISTA,UNIDAD REGIONAL,3542
190602,PIURA,SULLANA,BELLAVISTA,UNIDOS CONSTRUYENDO,5330
190603,PIURA,SULLANA,LANCONES,ACCION POPULAR,12
190603,PIURA,SULLANA,LANCONES,AGRO SI,119
190603,PIURA,SULLANA,LANCONES,FUERZA 2011,446
190603,PIURA,SULLANA,LANCONES,MOVIMIENTO DE DESARROLLO LOCAL,1296
190603,PIURA,SULLANA,LANCONES,MOVIMIENTO REGIONAL OBRAS + OBRAS,2718
190603,PIURA,SULLANA,LANCONES,PARTIDO APRISTA PERUANO,104
190603,PIURA,SULLANA,LANCONES,UNIDOS CONSTRUYENDO,229
190604,PIURA,SULLANA,MARCAVELICA,AGRO SI,3823
190604,PIURA,SULLANA,MARCAVELICA,ALIANZA PARA EL PROGRESO,1084
190604,PIURA,SULLANA,MARCAVELICA,FUERZA 2011,1255
190604,PIURA,SULLANA,MARCAVELICA,MOVIMIENTO INDEPENDIENTE FUERZA REGIONAL,332
190604,PIURA,SULLANA,MARCAVELICA,MOVIMIENTO REGIONAL OBRAS + OBRAS,2775
190604,PIURA,SULLANA,MARCAVELICA,RESTAURACION NACIONAL,350
190604,PIURA,SULLANA,MARCAVELICA,UNIDOS CONSTRUYENDO,3746
190605,PIURA,SULLANA,MIGUEL CHECA,MOVIMIENTO REGIONAL OBRAS + OBRAS,2123
190605,PIURA,SULLANA,MIGUEL CHECA,PARTIDO APRISTA PERUANO,1479
190606,PIURA,SULLANA,QUERECOTILLO,ACCION POPULAR,159
190606,PIURA,SULLANA,QUERECOTILLO,AGRO SI,689
190606,PIURA,SULLANA,QUERECOTILLO,FUERZA 2011,86
190606,PIURA,SULLANA,QUERECOTILLO,MOVIMIENTO DE DESARROLLO LOCAL,4427
190606,PIURA,SULLANA,QUERECOTILLO,MOVIMIENTO INDEPENDIENTE FUERZA REGIONAL,169
190606,PIURA,SULLANA,QUERECOTILLO,MOVIMIENTO REGIONAL OBRAS + OBRAS,1875
190606,PIURA,SULLANA,QUERECOTILLO,PARTIDO APRISTA PERUANO,366
190606,PIURA,SULLANA,QUERECOTILLO,PARTIDO DEMOCRATICO SOMOS PERU,1020
190606,PIURA,SULLANA,QUERECOTILLO,UNIDAD REGIONAL,193
190606,PIURA,SULLANA,QUERECOTILLO,UNIDOS CONSTRUYENDO,3504
190607,PIURA,SULLANA,SALITRAL,ACCION POPULAR,1010
190607,PIURA,SULLANA,SALITRAL,AGRO SI,251
190607,PIURA,SULLANA,SALITRAL,FUERZA 2011,12
190607,PIURA,SULLANA,SALITRAL,MOVIMIENTO REGIONAL OBRAS + OBRAS,716
190607,PIURA,SULLANA,SALITRAL,PARTIDO APRISTA PERUANO,1735
190608,PIURA,SULLANA,IGNACIO ESCUDERO,ACCION POPULAR,238
190608,PIURA,SULLANA,IGNACIO ESCUDERO,AGRO SI,1059
190608,PIURA,SULLANA,IGNACIO ESCUDERO,ALIANZA PARA EL PROGRESO,529
190608,PIURA,SULLANA,IGNACIO ESCUDERO,FUERZA 2011,548
190608,PIURA,SULLANA,IGNACIO ESCUDERO,MOVIMIENTO DE DESARROLLO LOCAL,84
190608,PIURA,SULLANA,IGNACIO ESCUDERO,MOVIMIENTO INDEPENDIENTE FUERZA REGIONAL,828
190608,PIURA,SULLANA,IGNACIO ESCUDERO,MOVIMIENTO REGIONAL OBRAS + OBRAS,1577
190608,PIURA,SULLANA,IGNACIO ESCUDERO,PARTIDO APRISTA PERUANO,1233
190608,PIURA,SULLANA,IGNACIO ESCUDERO,PARTIDO DEMOCRATICO SOMOS PERU,220
190608,PIURA,SULLANA,IGNACIO ESCUDERO,PARTIDO HUMANISTA PERUANO,343
190608,PIURA,SULLANA,IGNACIO ESCUDERO,RESTAURACION NACIONAL,53
190608,PIURA,SULLANA,IGNACIO ESCUDERO,UNIDAD REGIONAL,195
190608,PIURA,SULLANA,IGNACIO ESCUDERO,UNIDOS CONSTRUYENDO,2250
190702,PIURA,TALARA,EL ALTO,ACCION POPULAR,156
190702,PIURA,TALARA,EL ALTO,MOVIMIENTO REGIONAL OBRAS + OBRAS,151
190702,PIURA,TALARA,EL ALTO,MOVIMIENTO SOCIALISTA DEL PERU,63
190702,PIURA,TALARA,EL ALTO,PARTIDO APRISTA PERUANO,1925
190702,PIURA,TALARA,EL ALTO,SIEMPRE UNIDOS,147
190702,PIURA,TALARA,EL ALTO,UNIDOS CONSTRUYENDO,1420
190703,PIURA,TALARA,LA BREA,ALIANZA PARA EL PROGRESO,178
190703,PIURA,TALARA,LA BREA,FUERZA NACIONAL,2533
190703,PIURA,TALARA,LA BREA,MOVIMIENTO REGIONAL OBRAS + OBRAS,375
190703,PIURA,TALARA,LA BREA,PARTIDO APRISTA PERUANO,260
190703,PIURA,TALARA,LA BREA,SIEMPRE UNIDOS,1752
190703,PIURA,TALARA,LA BREA,UNIDAD REGIONAL,225
190704,PIURA,TALARA,LOBITOS,CONTINUEMOS CON EL PROGRESO,212
190704,PIURA,TALARA,LOBITOS,SIEMPRE UNIDOS,18
190704,PIURA,TALARA,LOBITOS,UNIDAD REGIONAL,197
190704,PIURA,TALARA,LOBITOS,UNIDOS CONSTRUYENDO,322
190705,PIURA,TALARA,MANCORA,ACCION POPULAR,216
190705,PIURA,TALARA,MANCORA,ALIANZA PARA EL PROGRESO,105
190705,PIURA,TALARA,MANCORA,MOVIMIENTO INDEPENDIENTE FUERZA REGIONAL,503
190705,PIURA,TALARA,MANCORA,MOVIMIENTO REGIONAL OBRAS + OBRAS,42
190705,PIURA,TALARA,MANCORA,MOVIMIENTO SOCIALISTA DEL PERU,137
190705,PIURA,TALARA,MANCORA,PARTIDO APRISTA PERUANO,1228
190705,PIURA,TALARA,MANCORA,RENACE MANCORA,552
190705,PIURA,TALARA,MANCORA,UNIDAD REGIONAL,1029
190705,PIURA,TALARA,MANCORA,UNIDOS CONSTRUYENDO,1183
190706,PIURA,TALARA,LOS ORGANOS,ALIANZA PARA EL PROGRESO,149
190706,PIURA,TALARA,LOS ORGANOS,MOVIMIENTO REGIONAL OBRAS + OBRAS,52
190706,PIURA,TALARA,LOS ORGANOS,MOVIMIENTO SOCIALISTA DEL PERU,1570
190706,PIURA,TALARA,LOS ORGANOS,PARTIDO APRISTA PERUANO,82
190706,PIURA,TALARA,LOS ORGANOS,PARTIDO DEMOCRATICO SOMOS PERU,1937
190706,PIURA,TALARA,LOS ORGANOS,UNIDAD REGIONAL,754
190802,PIURA,SECHURA,VICE,JUNTOS POR VICE,1656
190802,PIURA,SECHURA,VICE,MOVIMIENTO REGIONAL OBRAS + OBRAS,1868
190802,PIURA,SECHURA,VICE,ORGANIZACION POLITICA PROVINCIAL MAR SECHURANO,1722
190802,PIURA,SECHURA,VICE,PARTIDO HUMANISTA PERUANO,938
190802,PIURA,SECHURA,VICE,UNIDAD REGIONAL,468
190803,PIURA,SECHURA,BERNAL,ADELANTE BERNAL,58
190803,PIURA,SECHURA,BERNAL,SEGUIMOS AVANZANDO HACIA LA MODERNIDAD,1556
190803,PIURA,SECHURA,BERNAL,UNIDAD REGIONAL,378
190803,PIURA,SECHURA,BERNAL,UNIDAD Y DESARROLLO - BERNAL,1269
190804,PIURA,SECHURA,BELLAVISTA DE LA UNION,AGRO SI,648
190804,PIURA,SECHURA,BELLAVISTA DE LA UNION,ALIANZA PARA EL PROGRESO,250
190804,PIURA,SECHURA,BELLAVISTA DE LA UNION,MOVIMIENTO REGIONAL OBRAS + OBRAS,394
190804,PIURA,SECHURA,BELLAVISTA DE LA UNION,PARTIDO HUMANISTA PERUANO,509
190804,PIURA,SECHURA,BELLAVISTA DE LA UNION,UNIDOS CONSTRUYENDO,429
190805,PIURA,SECHURA,CRISTO NOS VALGA,MOVIMIENTO DE DESARROLLO LOCAL,223
190805,PIURA,SECHURA,CRISTO NOS VALGA,PARTIDO APRISTA PERUANO,620
190805,PIURA,SECHURA,CRISTO NOS VALGA,UNIDOS CONSTRUYENDO,1005
190806,PIURA,SECHURA,RINCONADA-LLICUAR,MOVIMIENTO INDEPENDIENTE FUERZA REGIONAL,229
190806,PIURA,SECHURA,RINCONADA-LLICUAR,MOVIMIENTO REGIONAL OBRAS + OBRAS,734
190806,PIURA,SECHURA,RINCONADA-LLICUAR,UNIDOS CONSTRUYENDO,946
200102,PUNO,PUNO,ACORA,ACORA HACIA EL 2015,606
200102,PUNO,PUNO,ACORA,FRENTE AMPLIO PARA EL DESARROLLO DEL PUEBLO,791
200102,PUNO,PUNO,ACORA,GRAN ALIANZA NACIONALISTA - POPULAR - PODER DEMOCRATICO REGIONAL,317
200102,PUNO,PUNO,ACORA,MANDAMIENTO DE LOS PUEBLOS ORIGINARIOS DEL PERU,803
200102,PUNO,PUNO,ACORA,MOVIMIENTO AGRARIO PUNEÑO,661
200102,PUNO,PUNO,ACORA,MOVIMIENTO ANDINO SOCIALISTA,832
200102,PUNO,PUNO,ACORA,MOVIMIENTO NUEVA IZQUIERDA,697
200102,PUNO,PUNO,ACORA,PARTIDO APRISTA PERUANO,338
200102,PUNO,PUNO,ACORA,PERU POSIBLE,636
200102,PUNO,PUNO,ACORA,PROYECTO POLITICO AQUI,1352
200102,PUNO,PUNO,ACORA,"REFORMA REGIONAL ANDINA INTEGRACION, PARTICIPACION ECONOMICA Y SOCIAL PUNO",2298
200102,PUNO,PUNO,ACORA,RESTAURACION NACIONAL,2223
200102,PUNO,PUNO,ACORA,SI TRABAJA,315
200103,PUNO,PUNO,ATUNCOLLA,ACCION POPULAR,163
200103,PUNO,PUNO,ATUNCOLLA,FRENTE AMPLIO PARA EL DESARROLLO DEL PUEBLO,280
200103,PUNO,PUNO,ATUNCOLLA,FRENTE NACIONAL DE TRABAJADORES Y CAMPESINOS,108
200103,PUNO,PUNO,ATUNCOLLA,GRAN ALIANZA NACIONALISTA - POPULAR - PODER DEMOCRATICO REGIONAL,111
200103,PUNO,PUNO,ATUNCOLLA,MOVIMIENTO ANDINO SOCIALISTA,302
200103,PUNO,PUNO,ATUNCOLLA,PARTIDO APRISTA PERUANO,250
200103,PUNO,PUNO,ATUNCOLLA,PROYECTO POLITICO AQUI,110
200103,PUNO,PUNO,ATUNCOLLA,"REFORMA REGIONAL ANDINA INTEGRACION, PARTICIPACION ECONOMICA Y SOCIAL PUNO",367
200103,PUNO,PUNO,ATUNCOLLA,RESTAURACION NACIONAL,259
200103,PUNO,PUNO,ATUNCOLLA,SI TRABAJA,44
200103,PUNO,PUNO,ATUNCOLLA,UNION POR EL PERU,327
200104,PUNO,PUNO,CAPACHICA,AGRUPACION INDEPENDIENTE CAPACHICA UNIDA,328
200104,PUNO,PUNO,CAPACHICA,FRENTE AMPLIO DE PUNO,362
200104,PUNO,PUNO,CAPACHICA,FRENTE AMPLIO PARA EL DESARROLLO DEL PUEBLO,420
200104,PUNO,PUNO,CAPACHICA,GRAN ALIANZA NACIONALISTA - POPULAR - PODER DEMOCRATICO REGIONAL,1069
200104,PUNO,PUNO,CAPACHICA,MORAL Y DESARROLLO,202
200104,PUNO,PUNO,CAPACHICA,PARTIDO APRISTA PERUANO,93
200104,PUNO,PUNO,CAPACHICA,PERU POSIBLE,47
200104,PUNO,PUNO,CAPACHICA,PROYECTO POLITICO AQUI,292
200104,PUNO,PUNO,CAPACHICA,SI TRABAJA,941
200104,PUNO,PUNO,CAPACHICA,UNION POR EL PERU,658
200105,PUNO,PUNO,COATA,ACCION POPULAR,478
200105,PUNO,PUNO,COATA,ALIANZA PARA EL PROGRESO,56
200105,PUNO,PUNO,COATA,FONAVISTAS DEL PERU,104
200105,PUNO,PUNO,COATA,FRENTE AMPLIO PARA EL DESARROLLO DEL PUEBLO,459
200105,PUNO,PUNO,COATA,MORAL Y DESARROLLO,1149
200105,PUNO,PUNO,COATA,MOVIMIENTO POR LA AUTONOMIA REGIONAL QUECHUA-AYMARA,721
200105,PUNO,PUNO,COATA,PROYECTO POLITICO AQUI,544
200105,PUNO,PUNO,COATA,"REFORMA REGIONAL ANDINA INTEGRACION, PARTICIPACION ECONOMICA Y SOCIAL PUNO",66
200106,PUNO,PUNO,CHUCUITO,DESPERTAR NACIONAL,167
200106,PUNO,PUNO,CHUCUITO,GRAN ALIANZA NACIONALISTA - POPULAR - PODER DEMOCRATICO REGIONAL,400
200106,PUNO,PUNO,CHUCUITO,MOVIMIENTO ANDINO SOCIALISTA,216
200106,PUNO,PUNO,CHUCUITO,PARTIDO APRISTA PERUANO,906
200106,PUNO,PUNO,CHUCUITO,PROYECTO POLITICO AQUI,1187
200106,PUNO,PUNO,CHUCUITO,"REFORMA REGIONAL ANDINA INTEGRACION, PARTICIPACION ECONOMICA Y SOCIAL PUNO",639
200106,PUNO,PUNO,CHUCUITO,RESTAURACION NACIONAL,307
200106,PUNO,PUNO,CHUCUITO,SI TRABAJA,220
200107,PUNO,PUNO,HUATA,GRAN ALIANZA NACIONALISTA - POPULAR - PODER DEMOCRATICO REGIONAL,407
200107,PUNO,PUNO,HUATA,PARTIDO APRISTA PERUANO,312
200107,PUNO,PUNO,HUATA,PROYECTO POLITICO AQUI,563
200107,PUNO,PUNO,HUATA,"REFORMA REGIONAL ANDINA INTEGRACION, PARTICIPACION ECONOMICA Y SOCIAL PUNO",236
200108,PUNO,PUNO,MAÑAZO,ACCION POPULAR,69
200108,PUNO,PUNO,MAÑAZO,GRAN ALIANZA NACIONALISTA - POPULAR - PODER DEMOCRATICO REGIONAL,271
200108,PUNO,PUNO,MAÑAZO,PARTIDO APRISTA PERUANO,1395
200108,PUNO,PUNO,MAÑAZO,PROYECTO POLITICO AQUI,864
200109,PUNO,PUNO,PAUCARCOLLA,FRENTE AMPLIO PARA EL DESARROLLO DEL PUEBLO,963
200109,PUNO,PUNO,PAUCARCOLLA,GRAN ALIANZA NACIONALISTA - POPULAR - PODER DEMOCRATICO REGIONAL,489
200109,PUNO,PUNO,PAUCARCOLLA,PROYECTO POLITICO AQUI,139
200109,PUNO,PUNO,PAUCARCOLLA,"REFORMA REGIONAL ANDINA INTEGRACION, PARTICIPACION ECONOMICA Y SOCIAL PUNO",49
200109,PUNO,PUNO,PAUCARCOLLA,UNION POR EL PERU,496
200110,PUNO,PUNO,PICHACANI,FRENTE AMPLIO PARA EL DESARROLLO DEL PUEBLO,219
200110,PUNO,PUNO,PICHACANI,MOVIMIENTO ANDINO SOCIALISTA,747
200110,PUNO,PUNO,PICHACANI,MOVIMIENTO POLITICO CONSTRUYENDO POR LA REGION SUR,103
200110,PUNO,PUNO,PICHACANI,PROYECTO POLITICO AQUI,1026
200110,PUNO,PUNO,PICHACANI,"REFORMA REGIONAL ANDINA INTEGRACION, PARTICIPACION ECONOMICA Y SOCIAL PUNO",897
200110,PUNO,PUNO,PICHACANI,UNION POR EL PERU,199
200111,PUNO,PUNO,SAN ANTONIO,PARTIDO APRISTA PERUANO,194
200111,PUNO,PUNO,SAN ANTONIO,PROYECTO POLITICO AQUI,443
200112,PUNO,PUNO,TIQUILLACA,FRENTE AMPLIO PARA EL DESARROLLO DEL PUEBLO,82
200112,PUNO,PUNO,TIQUILLACA,GRAN ALIANZA NACIONALISTA - POPULAR - PODER DEMOCRATICO REGIONAL,33
200112,PUNO,PUNO,TIQUILLACA,MORAL Y DESARROLLO,53
200112,PUNO,PUNO,TIQUILLACA,PARTIDO APRISTA PERUANO,471
200112,PUNO,PUNO,TIQUILLACA,PROYECTO POLITICO AQUI,125
200112,PUNO,PUNO,TIQUILLACA,"REFORMA REGIONAL ANDINA INTEGRACION, PARTICIPACION ECONOMICA Y SOCIAL PUNO",484
200112,PUNO,PUNO,TIQUILLACA,RESTAURACION NACIONAL,77
200113,PUNO,PUNO,VILQUE,FRENTE AMPLIO PARA EL DESARROLLO DEL PUEBLO,330
200113,PUNO,PUNO,VILQUE,GRAN ALIANZA NACIONALISTA - POPULAR - PODER DEMOCRATICO REGIONAL,163
200113,PUNO,PUNO,VILQUE,MOVIMIENTO ANDINO SOCIALISTA,58
200113,PUNO,PUNO,VILQUE,MOVIMIENTO INDEPENDIENTE UNION Y CAMBIO,49
200113,PUNO,PUNO,VILQUE,PARTIDO APRISTA PERUANO,276
200113,PUNO,PUNO,VILQUE,PROYECTO POLITICO AQUI,139
200113,PUNO,PUNO,VILQUE,"REFORMA REGIONAL ANDINA INTEGRACION, PARTICIPACION ECONOMICA Y SOCIAL PUNO",181
200113,PUNO,PUNO,VILQUE,UNION POR EL PERU,161
200114,PUNO,PUNO,PLATERIA,ACCION POPULAR,50
200114,PUNO,PUNO,PLATERIA,DESPERTAR NACIONAL,40
200114,PUNO,PUNO,PLATERIA,FRENTE AMPLIO PARA EL DESARROLLO DEL PUEBLO,208
200114,PUNO,PUNO,PLATERIA,MORAL Y DESARROLLO,477
200114,PUNO,PUNO,PLATERIA,MOVIMIENTO ANDINO SOCIALISTA,340
200114,PUNO,PUNO,PLATERIA,PARTIDO APRISTA PERUANO,54
200114,PUNO,PUNO,PLATERIA,PROYECTO POLITICO AQUI,1695
200114,PUNO,PUNO,PLATERIA,"REFORMA REGIONAL ANDINA INTEGRACION, PARTICIPACION ECONOMICA Y SOCIAL PUNO",1364
200115,PUNO,PUNO,AMANTANI,ACCION POPULAR,452
200115,PUNO,PUNO,AMANTANI,FRENTE AMPLIO PARA EL DESARROLLO DEL PUEBLO,353
200115,PUNO,PUNO,AMANTANI,FRENTE NACIONAL DE TRABAJADORES Y CAMPESINOS,152
200115,PUNO,PUNO,AMANTANI,GRAN ALIANZA NACIONALISTA - POPULAR - PODER DEMOCRATICO REGIONAL,598
200115,PUNO,PUNO,AMANTANI,PARTIDO APRISTA PERUANO,355
200115,PUNO,PUNO,AMANTANI,PERU POSIBLE,186
200115,PUNO,PUNO,AMANTANI,PROYECTO POLITICO AQUI,249
200115,PUNO,PUNO,AMANTANI,"REFORMA REGIONAL ANDINA INTEGRACION, PARTICIPACION ECONOMICA Y SOCIAL PUNO",87
200115,PUNO,PUNO,AMANTANI,UNION POR EL PERU,124
200202,PUNO,AZANGARO,ACHAYA,MORAL Y DESARROLLO,401
200202,PUNO,AZANGARO,ACHAYA,MOVIMIENTO AGRARIO PUNEÑO,322
200202,PUNO,AZANGARO,ACHAYA,PARTIDO APRISTA PERUANO,573
200202,PUNO,AZANGARO,ACHAYA,UNION POR EL PERU,603
200203,PUNO,AZANGARO,ARAPA,MORAL Y DESARROLLO,285
200203,PUNO,AZANGARO,ARAPA,PARTIDO APRISTA PERUANO,1436
200203,PUNO,AZANGARO,ARAPA,PERU POSIBLE,509
200203,PUNO,AZANGARO,ARAPA,PROYECTO POLITICO AQUI,968
200203,PUNO,AZANGARO,ARAPA,"REFORMA REGIONAL ANDINA INTEGRACION, PARTICIPACION ECONOMICA Y SOCIAL PUNO",449
200204,PUNO,AZANGARO,ASILLO,ALIANZA INDEPENDIENTE - ASILEÑO,986
200204,PUNO,AZANGARO,ASILLO,DESPERTAR NACIONAL,102
200204,PUNO,AZANGARO,ASILLO,FRENTE AMPLIO DE PUNO,223
200204,PUNO,AZANGARO,ASILLO,FRENTE NACIONAL DE TRABAJADORES Y CAMPESINOS,110
200204,PUNO,AZANGARO,ASILLO,GRAN ALIANZA NACIONALISTA - POPULAR - PODER DEMOCRATICO REGIONAL,153
200204,PUNO,AZANGARO,ASILLO,MORAL Y DESARROLLO,531
200204,PUNO,AZANGARO,ASILLO,MOVIMIENTO ANDINO SOCIALISTA,984
200204,PUNO,AZANGARO,ASILLO,MOVIMIENTO INDEPENDIENTE UNION Y CAMBIO,1149
200204,PUNO,AZANGARO,ASILLO,PROYECTO POLITICO AQUI,1072
200204,PUNO,AZANGARO,ASILLO,"REFORMA REGIONAL ANDINA INTEGRACION, PARTICIPACION ECONOMICA Y SOCIAL PUNO",1457
200204,PUNO,AZANGARO,ASILLO,RESTAURACION NACIONAL,798
200205,PUNO,AZANGARO,CAMINACA,FRENTE AMPLIO DE PUNO,905
200205,PUNO,AZANGARO,CAMINACA,GRAN ALIANZA NACIONALISTA - POPULAR - PODER DEMOCRATICO REGIONAL,451
200205,PUNO,AZANGARO,CAMINACA,MORAL Y DESARROLLO,356
200205,PUNO,AZANGARO,CAMINACA,MOVIMIENTO INDEPENDIENTE UNION Y CAMBIO,184
200205,PUNO,AZANGARO,CAMINACA,PARTIDO APRISTA PERUANO,609
200205,PUNO,AZANGARO,CAMINACA,PROYECTO POLITICO AQUI,105
200205,PUNO,AZANGARO,CAMINACA,"REFORMA REGIONAL ANDINA INTEGRACION, PARTICIPACION ECONOMICA Y SOCIAL PUNO",377
200206,PUNO,AZANGARO,CHUPA,ACCION POPULAR,401
200206,PUNO,AZANGARO,CHUPA,FRENTE AMPLIO DE PUNO,467
200206,PUNO,AZANGARO,CHUPA,GRAN ALIANZA NACIONALISTA - POPULAR - PODER DEMOCRATICO REGIONAL,205
200206,PUNO,AZANGARO,CHUPA,MORAL Y DESARROLLO,160
200206,PUNO,AZANGARO,CHUPA,MOVIMIENTO AGRARIO PUNEÑO,611
200206,PUNO,AZANGARO,CHUPA,MOVIMIENTO ANDINO SOCIALISTA,74
200206,PUNO,AZANGARO,CHUPA,MOVIMIENTO INDEPENDIENTE UNION Y CAMBIO,75
200206,PUNO,AZANGARO,CHUPA,PARTIDO APRISTA PERUANO,313
200206,PUNO,AZANGARO,CHUPA,PERU POSIBLE,76
200206,PUNO,AZANGARO,CHUPA,PROYECTO POLITICO AQUI,962
200206,PUNO,AZANGARO,CHUPA,"REFORMA REGIONAL ANDINA INTEGRACION, PARTICIPACION ECONOMICA Y SOCIAL PUNO",659
200206,PUNO,AZANGARO,CHUPA,RESTAURACION NACIONAL,20
200206,PUNO,AZANGARO,CHUPA,SI TRABAJA,324
200207,PUNO,AZANGARO,JOSE DOMINGO CHOQUEHUANCA,GRAN ALIANZA NACIONALISTA - POPULAR - PODER DEMOCRATICO REGIONAL,637
200207,PUNO,AZANGARO,JOSE DOMINGO CHOQUEHUANCA,MORAL Y DESARROLLO,90
200207,PUNO,AZANGARO,JOSE DOMINGO CHOQUEHUANCA,MOVIMIENTO ANDINO SOCIALISTA,81
200207,PUNO,AZANGARO,JOSE DOMINGO CHOQUEHUANCA,PARTIDO APRISTA PERUANO,48
200207,PUNO,AZANGARO,JOSE DOMINGO CHOQUEHUANCA,PERU POSIBLE,523
200207,PUNO,AZANGARO,JOSE DOMINGO CHOQUEHUANCA,PROYECTO POLITICO AQUI,597
200207,PUNO,AZANGARO,JOSE DOMINGO CHOQUEHUANCA,"REFORMA REGIONAL ANDINA INTEGRACION, PARTICIPACION ECONOMICA Y SOCIAL PUNO",412
200208,PUNO,AZANGARO,MUÑANI,FRENTE AMPLIO DE PUNO,291
200208,PUNO,AZANGARO,MUÑANI,FRENTE AMPLIO PARA EL DESARROLLO DEL PUEBLO,435
200208,PUNO,AZANGARO,MUÑANI,MORAL Y DESARROLLO,92
200208,PUNO,AZANGARO,MUÑANI,MOVIMIENTO ANDINO SOCIALISTA,1010
200208,PUNO,AZANGARO,MUÑANI,MOVIMIENTO INDEPENDIENTE UNION Y CAMBIO,245
200208,PUNO,AZANGARO,MUÑANI,PROYECTO POLITICO AQUI,207
200208,PUNO,AZANGARO,MUÑANI,"REFORMA REGIONAL ANDINA INTEGRACION, PARTICIPACION ECONOMICA Y SOCIAL PUNO",664
200208,PUNO,AZANGARO,MUÑANI,UNION POR EL PERU,134
200210,PUNO,AZANGARO,POTONI,ACCION POPULAR,51
200210,PUNO,AZANGARO,POTONI,MORAL Y DESARROLLO,707
200210,PUNO,AZANGARO,POTONI,PROYECTO POLITICO AQUI,732
200210,PUNO,AZANGARO,POTONI,"REFORMA REGIONAL ANDINA INTEGRACION, PARTICIPACION ECONOMICA Y SOCIAL PUNO",129
200212,PUNO,AZANGARO,SAMAN,ACCION POPULAR,943
200212,PUNO,AZANGARO,SAMAN,MORAL Y DESARROLLO,539
200212,PUNO,AZANGARO,SAMAN,MOVIMIENTO AGRARIO PUNEÑO,1231
200212,PUNO,AZANGARO,SAMAN,PARTIDO APRISTA PERUANO,1020
200212,PUNO,AZANGARO,SAMAN,"REFORMA REGIONAL ANDINA INTEGRACION, PARTICIPACION ECONOMICA Y SOCIAL PUNO",1968
200212,PUNO,AZANGARO,SAMAN,UNION POR EL PERU,811
200213,PUNO,AZANGARO,SAN ANTON,GRAN ALIANZA NACIONALISTA - POPULAR - PODER DEMOCRATICO REGIONAL,626
200213,PUNO,AZANGARO,SAN ANTON,MORAL Y DESARROLLO,762
200213,PUNO,AZANGARO,SAN ANTON,MOVIMIENTO ANDINO SOCIALISTA,447
200213,PUNO,AZANGARO,SAN ANTON,MOVIMIENTO INDEPENDIENTE UNION Y CAMBIO,169
200213,PUNO,AZANGARO,SAN ANTON,PARTIDO APRISTA PERUANO,1177
200213,PUNO,AZANGARO,SAN ANTON,UNION POR EL PERU,290
200214,PUNO,AZANGARO,SAN JOSE,ACCION POPULAR,147
200214,PUNO,AZANGARO,SAN JOSE,FRENTE AMPLIO PARA EL DESARROLLO DEL PUEBLO,112
200214,PUNO,AZANGARO,SAN JOSE,GRAN ALIANZA NACIONALISTA - POPULAR - PODER DEMOCRATICO REGIONAL,136
200214,PUNO,AZANGARO,SAN JOSE,MORAL Y DESARROLLO,389
200214,PUNO,AZANGARO,SAN JOSE,MOVIMIENTO ANDINO SOCIALISTA,373
200214,PUNO,AZANGARO,SAN JOSE,MOVIMIENTO INDEPENDIENTE UNION Y CAMBIO,215
200214,PUNO,AZANGARO,SAN JOSE,PROYECTO POLITICO AQUI,202
200214,PUNO,AZANGARO,SAN JOSE,"REFORMA REGIONAL ANDINA INTEGRACION, PARTICIPACION ECONOMICA Y SOCIAL PUNO",483
200214,PUNO,AZANGARO,SAN JOSE,RESTAURACION NACIONAL,177
200214,PUNO,AZANGARO,SAN JOSE,UNION POR EL PERU,49
200215,PUNO,AZANGARO,SAN JUAN DE SALINAS,FRENTE AMPLIO PARA EL DESARROLLO DEL PUEBLO,170
200215,PUNO,AZANGARO,SAN JUAN DE SALINAS,MORAL Y DESARROLLO,66
200215,PUNO,AZANGARO,SAN JUAN DE SALINAS,MOVIMIENTO ANDINO SOCIALISTA,17
200215,PUNO,AZANGARO,SAN JUAN DE SALINAS,PARTIDO APRISTA PERUANO,337
200215,PUNO,AZANGARO,SAN JUAN DE SALINAS,PERU POSIBLE,62
200215,PUNO,AZANGARO,SAN JUAN DE SALINAS,PROYECTO POLITICO AQUI,203
200215,PUNO,AZANGARO,SAN JUAN DE SALINAS,"REFORMA REGIONAL ANDINA INTEGRACION, PARTICIPACION ECONOMICA Y SOCIAL PUNO",572
200215,PUNO,AZANGARO,SAN JUAN DE SALINAS,UNION POR EL PERU,595
200216,PUNO,AZANGARO,SANTIAGO DE PUPUJA,ACCION POPULAR,178
200216,PUNO,AZANGARO,SANTIAGO DE PUPUJA,FONAVISTAS DEL PERU,16
200216,PUNO,AZANGARO,SANTIAGO DE PUPUJA,FRENTE AMPLIO PARA EL DESARROLLO DEL PUEBLO,19
200216,PUNO,AZANGARO,SANTIAGO DE PUPUJA,FRENTE NACIONAL DE TRABAJADORES Y CAMPESINOS,29
200216,PUNO,AZANGARO,SANTIAGO DE PUPUJA,MORAL Y DESARROLLO,290
200216,PUNO,AZANGARO,SANTIAGO DE PUPUJA,MOVIMIENTO AGRARIO PUNEÑO,36
200216,PUNO,AZANGARO,SANTIAGO DE PUPUJA,MOVIMIENTO ANDINO SOCIALISTA,17
200216,PUNO,AZANGARO,SANTIAGO DE PUPUJA,MOVIMIENTO INDEPENDIENTE UNION Y CAMBIO,121
200216,PUNO,AZANGARO,SANTIAGO DE PUPUJA,PARTIDO APRISTA PERUANO,136
200216,PUNO,AZANGARO,SANTIAGO DE PUPUJA,PROYECTO POLITICO AQUI,145
200216,PUNO,AZANGARO,SANTIAGO DE PUPUJA,"REFORMA REGIONAL ANDINA INTEGRACION, PARTICIPACION ECONOMICA Y SOCIAL PUNO",101
200216,PUNO,AZANGARO,SANTIAGO DE PUPUJA,UNION POR EL PERU,142
200217,PUNO,AZANGARO,TIRAPATA,ACCION POPULAR,175
200217,PUNO,AZANGARO,TIRAPATA,GRAN ALIANZA NACIONALISTA - POPULAR - PODER DEMOCRATICO REGIONAL,100
200217,PUNO,AZANGARO,TIRAPATA,MORAL Y DESARROLLO,62
200217,PUNO,AZANGARO,TIRAPATA,MOVIMIENTO ANDINO SOCIALISTA,32
200217,PUNO,AZANGARO,TIRAPATA,MOVIMIENTO INDEPENDIENTE UNION Y CAMBIO,123
200217,PUNO,AZANGARO,TIRAPATA,PARTIDO APRISTA PERUANO,140
200217,PUNO,AZANGARO,TIRAPATA,PERU POSIBLE,219
200217,PUNO,AZANGARO,TIRAPATA,PROYECTO POLITICO AQUI,199
200217,PUNO,AZANGARO,TIRAPATA,"REFORMA REGIONAL ANDINA INTEGRACION, PARTICIPACION ECONOMICA Y SOCIAL PUNO",97
200217,PUNO,AZANGARO,TIRAPATA,UNION POR EL PERU,48
200302,PUNO,CARABAYA,AJOYANI,FRENTE AMPLIO PARA EL DESARROLLO DEL PUEBLO,20
200302,PUNO,CARABAYA,AJOYANI,GRAN ALIANZA NACIONALISTA - POPULAR - PODER DEMOCRATICO REGIONAL,539
200302,PUNO,CARABAYA,AJOYANI,MORAL Y DESARROLLO,300
200302,PUNO,CARABAYA,AJOYANI,MOVIMIENTO NUEVA IZQUIERDA,22
200302,PUNO,CARABAYA,AJOYANI,PERU POSIBLE,53
200302,PUNO,CARABAYA,AJOYANI,PROYECTO POLITICO AQUI,93
200302,PUNO,CARABAYA,AJOYANI,"REFORMA REGIONAL ANDINA INTEGRACION, PARTICIPACION ECONOMICA Y SOCIAL PUNO",90
200303,PUNO,CARABAYA,AYAPATA,FUERZA NACIONAL,130
200303,PUNO,CARABAYA,AYAPATA,GRAN ALIANZA NACIONALISTA - POPULAR - PODER DEMOCRATICO REGIONAL,122
200303,PUNO,CARABAYA,AYAPATA,MORAL Y DESARROLLO,426
200303,PUNO,CARABAYA,AYAPATA,PROYECTO POLITICO AQUI,272
200303,PUNO,CARABAYA,AYAPATA,"REFORMA REGIONAL ANDINA INTEGRACION, PARTICIPACION ECONOMICA Y SOCIAL PUNO",326
200303,PUNO,CARABAYA,AYAPATA,RESTAURACION NACIONAL,292
200303,PUNO,CARABAYA,AYAPATA,SI TRABAJA,267
200303,PUNO,CARABAYA,AYAPATA,UNION POR EL PERU,618
200304,PUNO,CARABAYA,COASA,FRENTE AMPLIO DE PUNO,292
200304,PUNO,CARABAYA,COASA,FRENTE NACIONAL DE TRABAJADORES Y CAMPESINOS,288
200304,PUNO,CARABAYA,COASA,GRAN ALIANZA NACIONALISTA - POPULAR - PODER DEMOCRATICO REGIONAL,90
200304,PUNO,CARABAYA,COASA,MORAL Y DESARROLLO,431
200304,PUNO,CARABAYA,COASA,MOVIMIENTO ANDINO SOCIALISTA,52
200304,PUNO,CARABAYA,COASA,MOVIMIENTO INDEPENDIENTE UNION Y CAMBIO,52
200304,PUNO,CARABAYA,COASA,PARTIDO APRISTA PERUANO,396
200304,PUNO,CARABAYA,COASA,PERU POSIBLE,45
200304,PUNO,CARABAYA,COASA,PROYECTO POLITICO AQUI,37
200304,PUNO,CARABAYA,COASA,"REFORMA REGIONAL ANDINA INTEGRACION, PARTICIPACION ECONOMICA Y SOCIAL PUNO",95
200304,PUNO,CARABAYA,COASA,SI TRABAJA,104
200305,PUNO,CARABAYA,CORANI,FRENTE NACIONAL DE TRABAJADORES Y CAMPESINOS,184
200305,PUNO,CARABAYA,CORANI,MORAL Y DESARROLLO,323
200305,PUNO,CARABAYA,CORANI,MOVIMIENTO ANDINO SOCIALISTA,155
200305,PUNO,CARABAYA,CORANI,PROYECTO POLITICO AQUI,416
200305,PUNO,CARABAYA,CORANI,"REFORMA REGIONAL ANDINA INTEGRACION, PARTICIPACION ECONOMICA Y SOCIAL PUNO",293
200306,PUNO,CARABAYA,CRUCERO,GRAN ALIANZA NACIONALISTA - POPULAR - PODER DEMOCRATICO REGIONAL,1093
200306,PUNO,CARABAYA,CRUCERO,MORAL Y DESARROLLO,1032
200306,PUNO,CARABAYA,CRUCERO,MOVIMIENTO ANDINO SOCIALISTA,197
200306,PUNO,CARABAYA,CRUCERO,PARTIDO APRISTA PERUANO,543
200306,PUNO,CARABAYA,CRUCERO,PROYECTO POLITICO AQUI,683
200307,PUNO,CARABAYA,ITUATA,ACCION POPULAR,402
200307,PUNO,CARABAYA,ITUATA,MORAL Y DESARROLLO,124
200307,PUNO,CARABAYA,ITUATA,MOVIMIENTO AGRARIO PUNEÑO,544
200307,PUNO,CARABAYA,ITUATA,MOVIMIENTO ANDINO SOCIALISTA,631
200307,PUNO,CARABAYA,ITUATA,MOVIMIENTO INDEPENDIENTE UNION Y CAMBIO,4
200307,PUNO,CARABAYA,ITUATA,PROYECTO POLITICO AQUI,64
200307,PUNO,CARABAYA,ITUATA,"REFORMA REGIONAL ANDINA INTEGRACION, PARTICIPACION ECONOMICA Y SOCIAL PUNO",39
200307,PUNO,CARABAYA,ITUATA,SI TRABAJA,218
200308,PUNO,CARABAYA,OLLACHEA,GRAN ALIANZA NACIONALISTA - POPULAR - PODER DEMOCRATICO REGIONAL,444
200308,PUNO,CARABAYA,OLLACHEA,MORAL Y DESARROLLO,204
200308,PUNO,CARABAYA,OLLACHEA,MOVIMIENTO INDEPENDIENTE UNION Y CAMBIO,752
200308,PUNO,CARABAYA,OLLACHEA,PROYECTO POLITICO AQUI,481
200309,PUNO,CARABAYA,SAN GABAN,FUERZA NACIONAL,621
200309,PUNO,CARABAYA,SAN GABAN,GRAN ALIANZA NACIONALISTA - POPULAR - PODER DEMOCRATICO REGIONAL,545
200309,PUNO,CARABAYA,SAN GABAN,MOVIMIENTO ANDINO SOCIALISTA,397
200309,PUNO,CARABAYA,SAN GABAN,MOVIMIENTO INDEPENDIENTE UNION Y CAMBIO,26
200309,PUNO,CARABAYA,SAN GABAN,PERU POSIBLE,25
200309,PUNO,CARABAYA,SAN GABAN,PROYECTO POLITICO AQUI,61
200309,PUNO,CARABAYA,SAN GABAN,"REFORMA REGIONAL ANDINA INTEGRACION, PARTICIPACION ECONOMICA Y SOCIAL PUNO",63
200309,PUNO,CARABAYA,SAN GABAN,RESTAURACION NACIONAL,37
200310,PUNO,CARABAYA,USICAYOS,FRENTE NACIONAL DE TRABAJADORES Y CAMPESINOS,71
200310,PUNO,CARABAYA,USICAYOS,GRAN ALIANZA NACIONALISTA - POPULAR - PODER DEMOCRATICO REGIONAL,70
200310,PUNO,CARABAYA,USICAYOS,MORAL Y DESARROLLO,37
200310,PUNO,CARABAYA,USICAYOS,MOVIMIENTO ANDINO SOCIALISTA,16
200310,PUNO,CARABAYA,USICAYOS,MOVIMIENTO INDEPENDIENTE UNION Y CAMBIO,20
200310,PUNO,CARABAYA,USICAYOS,PARTIDO APRISTA PERUANO,95
200310,PUNO,CARABAYA,USICAYOS,PERU POSIBLE,23
200402,PUNO,CHUCUITO,DESAGUADERO,GRAN ALIANZA NACIONALISTA - POPULAR - PODER DEMOCRATICO REGIONAL,578
200402,PUNO,CHUCUITO,DESAGUADERO,MOVIMIENTO INDEPENDIENTE UNION Y CAMBIO,1376
200402,PUNO,CHUCUITO,DESAGUADERO,"REFORMA REGIONAL ANDINA INTEGRACION, PARTICIPACION ECONOMICA Y SOCIAL PUNO",1727
200402,PUNO,CHUCUITO,DESAGUADERO,RESTAURACION NACIONAL,1411
200403,PUNO,CHUCUITO,HUACULLANI,FRENTE AMPLIO DE PUNO,403
200403,PUNO,CHUCUITO,HUACULLANI,FRENTE AMPLIO PARA EL DESARROLLO DEL PUEBLO,159
200403,PUNO,CHUCUITO,HUACULLANI,FRENTE NACIONAL DE TRABAJADORES Y CAMPESINOS,109
200403,PUNO,CHUCUITO,HUACULLANI,GRAN ALIANZA NACIONALISTA - POPULAR - PODER DEMOCRATICO REGIONAL,109
200403,PUNO,CHUCUITO,HUACULLANI,MORAL Y DESARROLLO,447
200403,PUNO,CHUCUITO,HUACULLANI,MOVIMIENTO POR LA AUTONOMIA REGIONAL QUECHUA-AYMARA,91
200403,PUNO,CHUCUITO,HUACULLANI,PERU POSIBLE,60
200403,PUNO,CHUCUITO,HUACULLANI,PROYECTO POLITICO AQUI,133
200403,PUNO,CHUCUITO,HUACULLANI,PUEBLO ORIGINARIO DEMOCRATICO REVOLUCIONARIO,199
200403,PUNO,CHUCUITO,HUACULLANI,RESTAURACION NACIONAL,252
200403,PUNO,CHUCUITO,HUACULLANI,SI TRABAJA,106
200403,PUNO,CHUCUITO,HUACULLANI,UNION POR EL PERU,535
200406,PUNO,CHUCUITO,PISACOMA,GRAN ALIANZA NACIONALISTA - POPULAR - PODER DEMOCRATICO REGIONAL,557
200406,PUNO,CHUCUITO,PISACOMA,MORAL Y DESARROLLO,124
200406,PUNO,CHUCUITO,PISACOMA,RESTAURACION NACIONAL,354
200406,PUNO,CHUCUITO,PISACOMA,UNION POR EL PERU,374
200407,PUNO,CHUCUITO,POMATA,FRENTE AMPLIO DE PUNO,57
200407,PUNO,CHUCUITO,POMATA,GRAN ALIANZA NACIONALISTA - POPULAR - PODER DEMOCRATICO REGIONAL,1733
200407,PUNO,CHUCUITO,POMATA,MORAL Y DESARROLLO,155
200407,PUNO,CHUCUITO,POMATA,MOVIMIENTO ANDINO SOCIALISTA,2002
200407,PUNO,CHUCUITO,POMATA,ORGANIZACION INDEPENDIENTE NUEVA POMATA,1519
200407,PUNO,CHUCUITO,POMATA,PROYECTO POLITICO AQUI,377
200407,PUNO,CHUCUITO,POMATA,RESTAURACION NACIONAL,958
200407,PUNO,CHUCUITO,POMATA,SI TRABAJA,102
200407,PUNO,CHUCUITO,POMATA,UNION POR EL PERU,865
200410,PUNO,CHUCUITO,ZEPITA,FRENTE AMPLIO DE PUNO,1981
200410,PUNO,CHUCUITO,ZEPITA,GRAN ALIANZA NACIONALISTA - POPULAR - PODER DEMOCRATICO REGIONAL,2208
200410,PUNO,CHUCUITO,ZEPITA,MOVIMIENTO REGIONAL DE INTEGRACION ANDINA,111
200410,PUNO,CHUCUITO,ZEPITA,PROYECTO POLITICO AQUI,597
200410,PUNO,CHUCUITO,ZEPITA,UNION POR EL PERU,3099
200412,PUNO,CHUCUITO,KELLUYO,ACCION POPULAR,585
200412,PUNO,CHUCUITO,KELLUYO,FRENTE AMPLIO DE PUNO,39
200412,PUNO,CHUCUITO,KELLUYO,FRENTE AMPLIO PARA EL DESARROLLO DEL PUEBLO,47
200412,PUNO,CHUCUITO,KELLUYO,MOVIMIENTO ANDINO SOCIALISTA,573
200412,PUNO,CHUCUITO,KELLUYO,PERU POSIBLE,172
200412,PUNO,CHUCUITO,KELLUYO,PROYECTO POLITICO AQUI,135
200412,PUNO,CHUCUITO,KELLUYO,PUEBLO ORIGINARIO DEMOCRATICO REVOLUCIONARIO,385
200412,PUNO,CHUCUITO,KELLUYO,"REFORMA REGIONAL ANDINA INTEGRACION, PARTICIPACION ECONOMICA Y SOCIAL PUNO",121
200412,PUNO,CHUCUITO,KELLUYO,UNION POR EL PERU,58
200502,PUNO,HUANCANE,COJATA,ALIANZA PARA EL PROGRESO,72
200502,PUNO,HUANCANE,COJATA,GRAN ALIANZA NACIONALISTA - POPULAR - PODER DEMOCRATICO REGIONAL,199
200502,PUNO,HUANCANE,COJATA,MORAL Y DESARROLLO,203
200502,PUNO,HUANCANE,COJATA,MOVIMIENTO ANDINO SOCIALISTA,215
200502,PUNO,HUANCANE,COJATA,MOVIMIENTO INDEPENDIENTE UNION Y CAMBIO,45
200502,PUNO,HUANCANE,COJATA,PARTIDO APRISTA PERUANO,22
200502,PUNO,HUANCANE,COJATA,PERU POSIBLE,70
200502,PUNO,HUANCANE,COJATA,PROYECTO POLITICO AQUI,583
200502,PUNO,HUANCANE,COJATA,"REFORMA REGIONAL ANDINA INTEGRACION, PARTICIPACION ECONOMICA Y SOCIAL PUNO",616
200502,PUNO,HUANCANE,COJATA,UNION POR EL PERU,236
200504,PUNO,HUANCANE,INCHUPALLA,GRAN ALIANZA NACIONALISTA - POPULAR - PODER DEMOCRATICO REGIONAL,455
200504,PUNO,HUANCANE,INCHUPALLA,MORAL Y DESARROLLO,428
200504,PUNO,HUANCANE,INCHUPALLA,MOVIMIENTO INDEPENDIENTE UNION Y CAMBIO,321
200504,PUNO,HUANCANE,INCHUPALLA,PROYECTO POLITICO AQUI,330
200504,PUNO,HUANCANE,INCHUPALLA,"REFORMA REGIONAL ANDINA INTEGRACION, PARTICIPACION ECONOMICA Y SOCIAL PUNO",73
200506,PUNO,HUANCANE,PUSI,ALIANZA PARA EL PROGRESO,51
200506,PUNO,HUANCANE,PUSI,FONAVISTAS DEL PERU,164
200506,PUNO,HUANCANE,PUSI,GRAN ALIANZA NACIONALISTA - POPULAR - PODER DEMOCRATICO REGIONAL,184
200506,PUNO,HUANCANE,PUSI,MOVIMIENTO ANDINO SOCIALISTA,585
200506,PUNO,HUANCANE,PUSI,MOVIMIENTO INDEPENDIENTE UNION Y CAMBIO,545
200506,PUNO,HUANCANE,PUSI,PARTIDO APRISTA PERUANO,37
200506,PUNO,HUANCANE,PUSI,PROYECTO POLITICO AQUI,210
200506,PUNO,HUANCANE,PUSI,"REFORMA REGIONAL ANDINA INTEGRACION, PARTICIPACION ECONOMICA Y SOCIAL PUNO",521
200506,PUNO,HUANCANE,PUSI,RESTAURACION NACIONAL,115
200506,PUNO,HUANCANE,PUSI,UNION POR EL PERU,488
200507,PUNO,HUANCANE,ROSASPATA,ACCION POPULAR,156
200507,PUNO,HUANCANE,ROSASPATA,ALIANZA PARA EL PROGRESO,151
200507,PUNO,HUANCANE,ROSASPATA,FONAVISTAS DEL PERU,149
200507,PUNO,HUANCANE,ROSASPATA,FRENTE AMPLIO DE PUNO,90
200507,PUNO,HUANCANE,ROSASPATA,FRENTE AMPLIO PARA EL DESARROLLO DEL PUEBLO,75
200507,PUNO,HUANCANE,ROSASPATA,GRAN ALIANZA NACIONALISTA - POPULAR - PODER DEMOCRATICO REGIONAL,793
200507,PUNO,HUANCANE,ROSASPATA,MORAL Y DESARROLLO,232
200507,PUNO,HUANCANE,ROSASPATA,MOVIMIENTO ANDINO SOCIALISTA,279
200507,PUNO,HUANCANE,ROSASPATA,MOVIMIENTO INDEPENDIENTE UNION Y CAMBIO,192
200507,PUNO,HUANCANE,ROSASPATA,PARTIDO APRISTA PERUANO,137
200507,PUNO,HUANCANE,ROSASPATA,PERU POSIBLE,58
200507,PUNO,HUANCANE,ROSASPATA,PROYECTO POLITICO AQUI,51
200507,PUNO,HUANCANE,ROSASPATA,"REFORMA REGIONAL ANDINA INTEGRACION, PARTICIPACION ECONOMICA Y SOCIAL PUNO",230
200507,PUNO,HUANCANE,ROSASPATA,UNION POR EL PERU,153
200508,PUNO,HUANCANE,TARACO,FONAVISTAS DEL PERU,71
200508,PUNO,HUANCANE,TARACO,GRAN ALIANZA NACIONALISTA - POPULAR - PODER DEMOCRATICO REGIONAL,844
200508,PUNO,HUANCANE,TARACO,MORAL Y DESARROLLO,1993
200508,PUNO,HUANCANE,TARACO,MOVIMIENTO ANDINO SOCIALISTA,2731
200508,PUNO,HUANCANE,TARACO,MOVIMIENTO INDEPENDIENTE UNION Y CAMBIO,249
200508,PUNO,HUANCANE,TARACO,PROYECTO POLITICO AQUI,116
200508,PUNO,HUANCANE,TARACO,"REFORMA REGIONAL ANDINA INTEGRACION, PARTICIPACION ECONOMICA Y SOCIAL PUNO",1828
200508,PUNO,HUANCANE,TARACO,RESTAURACION NACIONAL,79
200509,PUNO,HUANCANE,VILQUE CHICO,FONAVISTAS DEL PERU,68
200509,PUNO,HUANCANE,VILQUE CHICO,FRENTE AMPLIO DE PUNO,308
200509,PUNO,HUANCANE,VILQUE CHICO,GRAN ALIANZA NACIONALISTA - POPULAR - PODER DEMOCRATICO REGIONAL,600
200509,PUNO,HUANCANE,VILQUE CHICO,MORAL Y DESARROLLO,469
200509,PUNO,HUANCANE,VILQUE CHICO,MOVIMIENTO ANDINO SOCIALISTA,157
200509,PUNO,HUANCANE,VILQUE CHICO,MOVIMIENTO INDEPENDIENTE UNION Y CAMBIO,907
200509,PUNO,HUANCANE,VILQUE CHICO,PARTIDO APRISTA PERUANO,134
200509,PUNO,HUANCANE,VILQUE CHICO,PROYECTO POLITICO AQUI,395
200509,PUNO,HUANCANE,VILQUE CHICO,"REFORMA REGIONAL ANDINA INTEGRACION, PARTICIPACION ECONOMICA Y SOCIAL PUNO",1271
200509,PUNO,HUANCANE,VILQUE CHICO,RESTAURACION NACIONAL,124
200511,PUNO,HUANCANE,HUATASANI,GRAN ALIANZA NACIONALISTA - POPULAR - PODER DEMOCRATICO REGIONAL,506
200511,PUNO,HUANCANE,HUATASANI,MOVIMIENTO INDEPENDIENTE UNION Y CAMBIO,242
200511,PUNO,HUANCANE,HUATASANI,PROYECTO POLITICO AQUI,48
200511,PUNO,HUANCANE,HUATASANI,"REFORMA REGIONAL ANDINA INTEGRACION, PARTICIPACION ECONOMICA Y SOCIAL PUNO",195
200511,PUNO,HUANCANE,HUATASANI,UNION POR EL PERU,490
200602,PUNO,LAMPA,CABANILLA,FONAVISTAS DEL PERU,158
200602,PUNO,LAMPA,CABANILLA,GRAN ALIANZA NACIONALISTA - POPULAR - PODER DEMOCRATICO REGIONAL,878
200602,PUNO,LAMPA,CABANILLA,MORAL Y DESARROLLO,235
200602,PUNO,LAMPA,CABANILLA,MOVIMIENTO INDEPENDIENTE UNION Y CAMBIO,447
200602,PUNO,LAMPA,CABANILLA,PARTIDO APRISTA PERUANO,74
200602,PUNO,LAMPA,CABANILLA,PERU POSIBLE,43
200602,PUNO,LAMPA,CABANILLA,PROYECTO POLITICO AQUI,164
200602,PUNO,LAMPA,CABANILLA,"REFORMA REGIONAL ANDINA INTEGRACION, PARTICIPACION ECONOMICA Y SOCIAL PUNO",619
200602,PUNO,LAMPA,CABANILLA,RESTAURACION NACIONAL,184
200603,PUNO,LAMPA,CALAPUJA,GRAN ALIANZA NACIONALISTA - POPULAR - PODER DEMOCRATICO REGIONAL,414
200603,PUNO,LAMPA,CALAPUJA,MOVIMIENTO REGIONAL DE INTEGRACION ANDINA,124
200603,PUNO,LAMPA,CALAPUJA,PARTIDO APRISTA PERUANO,233
200603,PUNO,LAMPA,CALAPUJA,PROYECTO POLITICO AQUI,98
200603,PUNO,LAMPA,CALAPUJA,"REFORMA REGIONAL ANDINA INTEGRACION, PARTICIPACION ECONOMICA Y SOCIAL PUNO",198
200604,PUNO,LAMPA,NICASIO,ACCION POPULAR,161
200604,PUNO,LAMPA,NICASIO,FONAVISTAS DEL PERU,23
200604,PUNO,LAMPA,NICASIO,MORAL Y DESARROLLO,244
200604,PUNO,LAMPA,NICASIO,MOVIMIENTO ANDINO SOCIALISTA,320
200604,PUNO,LAMPA,NICASIO,PARTIDO APRISTA PERUANO,57
200604,PUNO,LAMPA,NICASIO,PROYECTO POLITICO AQUI,82
200604,PUNO,LAMPA,NICASIO,"REFORMA REGIONAL ANDINA INTEGRACION, PARTICIPACION ECONOMICA Y SOCIAL PUNO",532
200604,PUNO,LAMPA,NICASIO,RESTAURACION NACIONAL,393
200605,PUNO,LAMPA,OCUVIRI,ACCION POPULAR,27
200605,PUNO,LAMPA,OCUVIRI,GRAN ALIANZA NACIONALISTA - POPULAR - PODER DEMOCRATICO REGIONAL,175
200605,PUNO,LAMPA,OCUVIRI,MORAL Y DESARROLLO,105
200605,PUNO,LAMPA,OCUVIRI,MOVIMIENTO ANDINO SOCIALISTA,159
200605,PUNO,LAMPA,OCUVIRI,MOVIMIENTO INDEPENDIENTE UNION Y CAMBIO,50
200605,PUNO,LAMPA,OCUVIRI,PARTIDO APRISTA PERUANO,48
200605,PUNO,LAMPA,OCUVIRI,PERU POSIBLE,40
200605,PUNO,LAMPA,OCUVIRI,PROYECTO POLITICO AQUI,185
200605,PUNO,LAMPA,OCUVIRI,"REFORMA REGIONAL ANDINA INTEGRACION, PARTICIPACION ECONOMICA Y SOCIAL PUNO",24
200605,PUNO,LAMPA,OCUVIRI,RESTAURACION NACIONAL,48
200605,PUNO,LAMPA,OCUVIRI,UNION POR EL PERU,30
200606,PUNO,LAMPA,PALCA,GRAN ALIANZA NACIONALISTA - POPULAR - PODER DEMOCRATICO REGIONAL,410
200606,PUNO,LAMPA,PALCA,MOVIMIENTO ANDINO SOCIALISTA,220
200606,PUNO,LAMPA,PALCA,"REFORMA REGIONAL ANDINA INTEGRACION, PARTICIPACION ECONOMICA Y SOCIAL PUNO",496
200607,PUNO,LAMPA,PARATIA,FONAVISTAS DEL PERU,164
200607,PUNO,LAMPA,PARATIA,GRAN ALIANZA NACIONALISTA - POPULAR - PODER DEMOCRATICO REGIONAL,163
200607,PUNO,LAMPA,PARATIA,PROYECTO POLITICO AQUI,144
200607,PUNO,LAMPA,PARATIA,"REFORMA REGIONAL ANDINA INTEGRACION, PARTICIPACION ECONOMICA Y SOCIAL PUNO",125
200607,PUNO,LAMPA,PARATIA,RESTAURACION NACIONAL,250
200607,PUNO,LAMPA,PARATIA,UNION POR EL PERU,239
200608,PUNO,LAMPA,PUCARA,GRAN ALIANZA NACIONALISTA - POPULAR - PODER DEMOCRATICO REGIONAL,1169
200608,PUNO,LAMPA,PUCARA,MORAL Y DESARROLLO,838
200608,PUNO,LAMPA,PUCARA,MOVIMIENTO ANDINO SOCIALISTA,774
200608,PUNO,LAMPA,PUCARA,MOVIMIENTO INDEPENDIENTE UNION Y CAMBIO,70
200608,PUNO,LAMPA,PUCARA,"REFORMA REGIONAL ANDINA INTEGRACION, PARTICIPACION ECONOMICA Y SOCIAL PUNO",271
200609,PUNO,LAMPA,SANTA LUCIA,ACCION POPULAR,330
200609,PUNO,LAMPA,SANTA LUCIA,FONAVISTAS DEL PERU,283
200609,PUNO,LAMPA,SANTA LUCIA,FRENTE AMPLIO DE PUNO,102
200609,PUNO,LAMPA,SANTA LUCIA,GRAN ALIANZA NACIONALISTA - POPULAR - PODER DEMOCRATICO REGIONAL,683
200609,PUNO,LAMPA,SANTA LUCIA,MORAL Y DESARROLLO,301
200609,PUNO,LAMPA,SANTA LUCIA,MOVIMIENTO ANDINO SOCIALISTA,144
200609,PUNO,LAMPA,SANTA LUCIA,MOVIMIENTO INDEPENDIENTE UNION Y CAMBIO,63
200609,PUNO,LAMPA,SANTA LUCIA,MOVIMIENTO REGIONAL DE INTEGRACION ANDINA,50
200609,PUNO,LAMPA,SANTA LUCIA,PROYECTO POLITICO AQUI,135
200609,PUNO,LAMPA,SANTA LUCIA,"REFORMA REGIONAL ANDINA INTEGRACION, PARTICIPACION ECONOMICA Y SOCIAL PUNO",1343
200610,PUNO,LAMPA,VILAVILA,FONAVISTAS DEL PERU,21
200610,PUNO,LAMPA,VILAVILA,GRAN ALIANZA NACIONALISTA - POPULAR - PODER DEMOCRATICO REGIONAL,170
200610,PUNO,LAMPA,VILAVILA,MORAL Y DESARROLLO,127
200610,PUNO,LAMPA,VILAVILA,MOVIMIENTO INDEPENDIENTE UNION Y CAMBIO,103
200610,PUNO,LAMPA,VILAVILA,RESTAURACION NACIONAL,130
200702,PUNO,MELGAR,ANTAUTA,FRENTE AMPLIO PARA EL DESARROLLO DEL PUEBLO,59
200702,PUNO,MELGAR,ANTAUTA,MORAL Y DESARROLLO,30
200702,PUNO,MELGAR,ANTAUTA,MOVIMIENTO ANDINO SOCIALISTA,102
200702,PUNO,MELGAR,ANTAUTA,PARTIDO APRISTA PERUANO,90
200702,PUNO,MELGAR,ANTAUTA,PROYECTO POLITICO AQUI,210
200702,PUNO,MELGAR,ANTAUTA,"REFORMA REGIONAL ANDINA INTEGRACION, PARTICIPACION ECONOMICA Y SOCIAL PUNO",209
200702,PUNO,MELGAR,ANTAUTA,RESTAURACION NACIONAL,46
200703,PUNO,MELGAR,CUPI,GRAN ALIANZA NACIONALISTA - POPULAR - PODER DEMOCRATICO REGIONAL,85
200703,PUNO,MELGAR,CUPI,MORAL Y DESARROLLO,24
200703,PUNO,MELGAR,CUPI,MOVIMIENTO ANDINO SOCIALISTA,103
200703,PUNO,MELGAR,CUPI,PARTIDO APRISTA PERUANO,145
200703,PUNO,MELGAR,CUPI,PERU POSIBLE,315
200703,PUNO,MELGAR,CUPI,"REFORMA REGIONAL ANDINA INTEGRACION, PARTICIPACION ECONOMICA Y SOCIAL PUNO",157
200703,PUNO,MELGAR,CUPI,RESTAURACION NACIONAL,235
200704,PUNO,MELGAR,LLALLI,ACCION POPULAR,214
200704,PUNO,MELGAR,LLALLI,FRENTE AMPLIO PARA EL DESARROLLO DEL PUEBLO,67
200704,PUNO,MELGAR,LLALLI,GRAN ALIANZA NACIONALISTA - POPULAR - PODER DEMOCRATICO REGIONAL,53
200704,PUNO,MELGAR,LLALLI,MORAL Y DESARROLLO,72
200704,PUNO,MELGAR,LLALLI,PERU POSIBLE,313
200704,PUNO,MELGAR,LLALLI,PROYECTO POLITICO AQUI,63
200704,PUNO,MELGAR,LLALLI,"REFORMA REGIONAL ANDINA INTEGRACION, PARTICIPACION ECONOMICA Y SOCIAL PUNO",75
200704,PUNO,MELGAR,LLALLI,RESTAURACION NACIONAL,698
200705,PUNO,MELGAR,MACARI,ALIANZA PARA EL PROGRESO,26
200705,PUNO,MELGAR,MACARI,FRENTE AMPLIO PARA EL DESARROLLO DEL PUEBLO,158
200705,PUNO,MELGAR,MACARI,MORAL Y DESARROLLO,476
200705,PUNO,MELGAR,MACARI,MOVIMIENTO ANDINO SOCIALISTA,624
200705,PUNO,MELGAR,MACARI,PERU POSIBLE,235
200705,PUNO,MELGAR,MACARI,"REFORMA REGIONAL ANDINA INTEGRACION, PARTICIPACION ECONOMICA Y SOCIAL PUNO",505
200705,PUNO,MELGAR,MACARI,RESTAURACION NACIONAL,1001
200706,PUNO,MELGAR,NUÑOA,FRENTE AMPLIO DE PUNO,275
200706,PUNO,MELGAR,NUÑOA,FRENTE AMPLIO PARA EL DESARROLLO DEL PUEBLO,113
200706,PUNO,MELGAR,NUÑOA,GRAN ALIANZA NACIONALISTA - POPULAR - PODER DEMOCRATICO REGIONAL,190
200706,PUNO,MELGAR,NUÑOA,MORAL Y DESARROLLO,2713
200706,PUNO,MELGAR,NUÑOA,PERU POSIBLE,274
200706,PUNO,MELGAR,NUÑOA,"REFORMA REGIONAL ANDINA INTEGRACION, PARTICIPACION ECONOMICA Y SOCIAL PUNO",650
200706,PUNO,MELGAR,NUÑOA,RESTAURACION NACIONAL,225
200707,PUNO,MELGAR,ORURILLO,GRAN ALIANZA NACIONALISTA - POPULAR - PODER DEMOCRATICO REGIONAL,156
200707,PUNO,MELGAR,ORURILLO,MORAL Y DESARROLLO,1547
200707,PUNO,MELGAR,ORURILLO,PERU POSIBLE,598
200707,PUNO,MELGAR,ORURILLO,"REFORMA REGIONAL ANDINA INTEGRACION, PARTICIPACION ECONOMICA Y SOCIAL PUNO",1875
200707,PUNO,MELGAR,ORURILLO,RESTAURACION NACIONAL,184
200708,PUNO,MELGAR,SANTA ROSA,ACCION POPULAR,353
200708,PUNO,MELGAR,SANTA ROSA,GRAN ALIANZA NACIONALISTA - POPULAR - PODER DEMOCRATICO REGIONAL,231
200708,PUNO,MELGAR,SANTA ROSA,MORAL Y DESARROLLO,806
200708,PUNO,MELGAR,SANTA ROSA,MOVIMIENTO ANDINO SOCIALISTA,735
200708,PUNO,MELGAR,SANTA ROSA,PERU POSIBLE,42
200708,PUNO,MELGAR,SANTA ROSA,PROYECTO POLITICO AQUI,360
200708,PUNO,MELGAR,SANTA ROSA,"REFORMA REGIONAL ANDINA INTEGRACION, PARTICIPACION ECONOMICA Y SOCIAL PUNO",474
200708,PUNO,MELGAR,SANTA ROSA,UNION POR EL PERU,246
200709,PUNO,MELGAR,UMACHIRI,ACCION POPULAR,268
200709,PUNO,MELGAR,UMACHIRI,FRENTE AMPLIO PARA EL DESARROLLO DEL PUEBLO,107
200709,PUNO,MELGAR,UMACHIRI,GRAN ALIANZA NACIONALISTA - POPULAR - PODER DEMOCRATICO REGIONAL,117
200709,PUNO,MELGAR,UMACHIRI,MORAL Y DESARROLLO,163
200709,PUNO,MELGAR,UMACHIRI,MOVIMIENTO ANDINO SOCIALISTA,325
200709,PUNO,MELGAR,UMACHIRI,PARTIDO APRISTA PERUANO,300
200709,PUNO,MELGAR,UMACHIRI,PERU POSIBLE,35
200709,PUNO,MELGAR,UMACHIRI,PROYECTO POLITICO AQUI,56
200709,PUNO,MELGAR,UMACHIRI,"REFORMA REGIONAL ANDINA INTEGRACION, PARTICIPACION ECONOMICA Y SOCIAL PUNO",398
200709,PUNO,MELGAR,UMACHIRI,RESTAURACION NACIONAL,58
200803,PUNO,SANDIA,CUYOCUYO,FRENTE AMPLIO PARA EL DESARROLLO DEL PUEBLO,480
200803,PUNO,SANDIA,CUYOCUYO,FUERZA NACIONAL,71
200803,PUNO,SANDIA,CUYOCUYO,GRAN ALIANZA NACIONALISTA - POPULAR - PODER DEMOCRATICO REGIONAL,510
200803,PUNO,SANDIA,CUYOCUYO,MOVIMIENTO ANDINO SOCIALISTA,648
200803,PUNO,SANDIA,CUYOCUYO,MOVIMIENTO INDEPENDIENTE UNION Y CAMBIO,827
200803,PUNO,SANDIA,CUYOCUYO,RESTAURACION NACIONAL,797
200804,PUNO,SANDIA,LIMBANI,ACCION POPULAR,91
200804,PUNO,SANDIA,LIMBANI,FONAVISTAS DEL PERU,133
200804,PUNO,SANDIA,LIMBANI,FRENTE AMPLIO DE PUNO,61
200804,PUNO,SANDIA,LIMBANI,FRENTE AMPLIO PARA EL DESARROLLO DEL PUEBLO,319
200804,PUNO,SANDIA,LIMBANI,GRAN ALIANZA NACIONALISTA - POPULAR - PODER DEMOCRATICO REGIONAL,152
200804,PUNO,SANDIA,LIMBANI,MORAL Y DESARROLLO,73
200804,PUNO,SANDIA,LIMBANI,MOVIMIENTO INDEPENDIENTE UNION Y CAMBIO,22
200804,PUNO,SANDIA,LIMBANI,PARTIDO APRISTA PERUANO,119
200804,PUNO,SANDIA,LIMBANI,PERU POSIBLE,109
200804,PUNO,SANDIA,LIMBANI,PROYECTO POLITICO AQUI,42
200804,PUNO,SANDIA,LIMBANI,"REFORMA REGIONAL ANDINA INTEGRACION, PARTICIPACION ECONOMICA Y SOCIAL PUNO",173
200805,PUNO,SANDIA,PHARA,ACCION POPULAR,301
200805,PUNO,SANDIA,PHARA,FRENTE AMPLIO DE PUNO,395
200805,PUNO,SANDIA,PHARA,GRAN ALIANZA NACIONALISTA - POPULAR - PODER DEMOCRATICO REGIONAL,176
200805,PUNO,SANDIA,PHARA,MOVIMIENTO ANDINO SOCIALISTA,347
200805,PUNO,SANDIA,PHARA,PERU POSIBLE,329
200805,PUNO,SANDIA,PHARA,PROYECTO POLITICO AQUI,168
200806,PUNO,SANDIA,PATAMBUCO,FRENTE AMPLIO DE PUNO,83
200806,PUNO,SANDIA,PATAMBUCO,FRENTE AMPLIO PARA EL DESARROLLO DEL PUEBLO,131
200806,PUNO,SANDIA,PATAMBUCO,FUERZA NACIONAL,115
200806,PUNO,SANDIA,PATAMBUCO,GRAN ALIANZA NACIONALISTA - POPULAR - PODER DEMOCRATICO REGIONAL,436
200806,PUNO,SANDIA,PATAMBUCO,MOVIMIENTO ANDINO SOCIALISTA,315
200806,PUNO,SANDIA,PATAMBUCO,MOVIMIENTO INDEPENDIENTE UNION Y CAMBIO,343
200806,PUNO,SANDIA,PATAMBUCO,PROYECTO POLITICO AQUI,182
200806,PUNO,SANDIA,PATAMBUCO,"REFORMA REGIONAL ANDINA INTEGRACION, PARTICIPACION ECONOMICA Y SOCIAL PUNO",194
200807,PUNO,SANDIA,QUIACA,GRAN ALIANZA NACIONALISTA - POPULAR - PODER DEMOCRATICO REGIONAL,158
200807,PUNO,SANDIA,QUIACA,MORAL Y DESARROLLO,120
200807,PUNO,SANDIA,QUIACA,MOVIMIENTO ANDINO SOCIALISTA,130
200807,PUNO,SANDIA,QUIACA,RESTAURACION NACIONAL,370
200808,PUNO,SANDIA,SAN JUAN DEL ORO,FRENTE AMPLIO DE PUNO,17
200808,PUNO,SANDIA,SAN JUAN DEL ORO,FRENTE AMPLIO PARA EL DESARROLLO DEL PUEBLO,396
200808,PUNO,SANDIA,SAN JUAN DEL ORO,GRAN ALIANZA NACIONALISTA - POPULAR - PODER DEMOCRATICO REGIONAL,30
200808,PUNO,SANDIA,SAN JUAN DEL ORO,MOVIMIENTO ANDINO SOCIALISTA,81
200808,PUNO,SANDIA,SAN JUAN DEL ORO,PARTIDO DEMOCRATICO SOMOS PERU,615
200808,PUNO,SANDIA,SAN JUAN DEL ORO,PERU POSIBLE,22
200808,PUNO,SANDIA,SAN JUAN DEL ORO,PROYECTO POLITICO AQUI,599
200808,PUNO,SANDIA,SAN JUAN DEL ORO,"REFORMA REGIONAL ANDINA INTEGRACION, PARTICIPACION ECONOMICA Y SOCIAL PUNO",86
200808,PUNO,SANDIA,SAN JUAN DEL ORO,RESTAURACION NACIONAL,434
200810,PUNO,SANDIA,YANAHUAYA,ACCION POPULAR,66
200810,PUNO,SANDIA,YANAHUAYA,DESPERTAR NACIONAL,28
200810,PUNO,SANDIA,YANAHUAYA,FRENTE AMPLIO DE PUNO,67
200810,PUNO,SANDIA,YANAHUAYA,FRENTE AMPLIO PARA EL DESARROLLO DEL PUEBLO,48
200810,PUNO,SANDIA,YANAHUAYA,GRAN ALIANZA NACIONALISTA - POPULAR - PODER DEMOCRATICO REGIONAL,285
200810,PUNO,SANDIA,YANAHUAYA,MOVIMIENTO ANDINO SOCIALISTA,75
200810,PUNO,SANDIA,YANAHUAYA,PERU POSIBLE,203
200810,PUNO,SANDIA,YANAHUAYA,PROYECTO POLITICO AQUI,60
200810,PUNO,SANDIA,YANAHUAYA,RESTAURACION NACIONAL,325
200811,PUNO,SANDIA,ALTO INAMBARI,FRENTE AMPLIO DE PUNO,59
200811,PUNO,SANDIA,ALTO INAMBARI,GRAN ALIANZA NACIONALISTA - POPULAR - PODER DEMOCRATICO REGIONAL,623
200811,PUNO,SANDIA,ALTO INAMBARI,PERU POSIBLE,367
200811,PUNO,SANDIA,ALTO INAMBARI,RESTAURACION NACIONAL,1140
200812,PUNO,SANDIA,SAN PEDRO DE PUTINA PUNCO,ACCION POPULAR,61
200812,PUNO,SANDIA,SAN PEDRO DE PUTINA PUNCO,FRENTE AMPLIO DE PUNO,58
200812,PUNO,SANDIA,SAN PEDRO DE PUTINA PUNCO,GRAN ALIANZA NACIONALISTA - POPULAR - PODER DEMOCRATICO REGIONAL,639
200812,PUNO,SANDIA,SAN PEDRO DE PUTINA PUNCO,PERU POSIBLE,464
200812,PUNO,SANDIA,SAN PEDRO DE PUTINA PUNCO,PROYECTO POLITICO AQUI,273
200812,PUNO,SANDIA,SAN PEDRO DE PUTINA PUNCO,"REFORMA REGIONAL ANDINA INTEGRACION, PARTICIPACION ECONOMICA Y SOCIAL PUNO",505
200812,PUNO,SANDIA,SAN PEDRO DE PUTINA PUNCO,RESTAURACION NACIONAL,358
200812,PUNO,SANDIA,SAN PEDRO DE PUTINA PUNCO,SI TRABAJA,747
200902,PUNO,SAN ROMAN,CABANA,ACCION POPULAR,396
200902,PUNO,SAN ROMAN,CABANA,ALIANZA PARA EL PROGRESO,191
200902,PUNO,SAN ROMAN,CABANA,GRAN ALIANZA NACIONALISTA - POPULAR - PODER DEMOCRATICO REGIONAL,69
200902,PUNO,SAN ROMAN,CABANA,MORAL Y DESARROLLO,79
200902,PUNO,SAN ROMAN,CABANA,MOVIMIENTO ANDINO SOCIALISTA,224
200902,PUNO,SAN ROMAN,CABANA,MOVIMIENTO INDEPENDIENTE UNION Y CAMBIO,216
200902,PUNO,SAN ROMAN,CABANA,PARTIDO APRISTA PERUANO,347
200902,PUNO,SAN ROMAN,CABANA,PROYECTO POLITICO AQUI,81
200902,PUNO,SAN ROMAN,CABANA,"REFORMA REGIONAL ANDINA INTEGRACION, PARTICIPACION ECONOMICA Y SOCIAL PUNO",238
200902,PUNO,SAN ROMAN,CABANA,SIEMPRE UNIDOS,91
200903,PUNO,SAN ROMAN,CABANILLAS,GRAN ALIANZA NACIONALISTA - POPULAR - PODER DEMOCRATICO REGIONAL,202
200903,PUNO,SAN ROMAN,CABANILLAS,PROYECTO POLITICO AQUI,488
200903,PUNO,SAN ROMAN,CABANILLAS,"REFORMA REGIONAL ANDINA INTEGRACION, PARTICIPACION ECONOMICA Y SOCIAL PUNO",186
200903,PUNO,SAN ROMAN,CABANILLAS,RESTAURACION NACIONAL,391
200903,PUNO,SAN ROMAN,CABANILLAS,SIEMPRE UNIDOS,390
200903,PUNO,SAN ROMAN,CABANILLAS,UNION POR EL PERU,552
200904,PUNO,SAN ROMAN,CARACOTO,ACCION POPULAR,223
200904,PUNO,SAN ROMAN,CARACOTO,FONAVISTAS DEL PERU,73
200904,PUNO,SAN ROMAN,CARACOTO,FRENTE AMPLIO DE PUNO,29
200904,PUNO,SAN ROMAN,CARACOTO,FUERZA NACIONAL,546
200904,PUNO,SAN ROMAN,CARACOTO,GRAN ALIANZA NACIONALISTA - POPULAR - PODER DEMOCRATICO REGIONAL,207
200904,PUNO,SAN ROMAN,CARACOTO,MORAL Y DESARROLLO,655
200904,PUNO,SAN ROMAN,CARACOTO,MOVIMIENTO ANDINO SOCIALISTA,204
200904,PUNO,SAN ROMAN,CARACOTO,MOVIMIENTO INDEPENDIENTE UNION Y CAMBIO,49
200904,PUNO,SAN ROMAN,CARACOTO,MOVIMIENTO POLITICO CONSTRUYENDO POR LA REGION SUR,621
200904,PUNO,SAN ROMAN,CARACOTO,"REFORMA REGIONAL ANDINA INTEGRACION, PARTICIPACION ECONOMICA Y SOCIAL PUNO",244
200904,PUNO,SAN ROMAN,CARACOTO,RESTAURACION NACIONAL,256
201002,PUNO,YUNGUYO,UNICACHI,FONAVISTAS DEL PERU,147
201002,PUNO,YUNGUYO,UNICACHI,GRAN ALIANZA NACIONALISTA - POPULAR - PODER DEMOCRATICO REGIONAL,30
201002,PUNO,YUNGUYO,UNICACHI,MORAL Y DESARROLLO,263
201002,PUNO,YUNGUYO,UNICACHI,PARTIDO APRISTA PERUANO,28
201002,PUNO,YUNGUYO,UNICACHI,PROYECTO POLITICO AQUI,108
201002,PUNO,YUNGUYO,UNICACHI,"REFORMA REGIONAL ANDINA INTEGRACION, PARTICIPACION ECONOMICA Y SOCIAL PUNO",56
201002,PUNO,YUNGUYO,UNICACHI,RESTAURACION NACIONAL,167
201003,PUNO,YUNGUYO,ANAPIA,FONAVISTAS DEL PERU,153
201003,PUNO,YUNGUYO,ANAPIA,GRAN ALIANZA NACIONALISTA - POPULAR - PODER DEMOCRATICO REGIONAL,14
201003,PUNO,YUNGUYO,ANAPIA,PARTIDO APRISTA PERUANO,71
201003,PUNO,YUNGUYO,ANAPIA,"REFORMA REGIONAL ANDINA INTEGRACION, PARTICIPACION ECONOMICA Y SOCIAL PUNO",186
201003,PUNO,YUNGUYO,ANAPIA,RESTAURACION NACIONAL,126
201004,PUNO,YUNGUYO,COPANI,ALIANZA PARA EL PROGRESO,557
201004,PUNO,YUNGUYO,COPANI,FRENTE AMPLIO DE PUNO,291
201004,PUNO,YUNGUYO,COPANI,MORAL Y DESARROLLO,108
201004,PUNO,YUNGUYO,COPANI,PROYECTO POLITICO AQUI,468
201004,PUNO,YUNGUYO,COPANI,"REFORMA REGIONAL ANDINA INTEGRACION, PARTICIPACION ECONOMICA Y SOCIAL PUNO",541
201004,PUNO,YUNGUYO,COPANI,RESTAURACION NACIONAL,141
201004,PUNO,YUNGUYO,COPANI,UNION POR EL PERU,507
201005,PUNO,YUNGUYO,CUTURAPI,MORAL Y DESARROLLO,166
201005,PUNO,YUNGUYO,CUTURAPI,MOVIMIENTO ANDINO SOCIALISTA,193
201005,PUNO,YUNGUYO,CUTURAPI,"REFORMA REGIONAL ANDINA INTEGRACION, PARTICIPACION ECONOMICA Y SOCIAL PUNO",226
201005,PUNO,YUNGUYO,CUTURAPI,UNION POR EL PERU,178
201006,PUNO,YUNGUYO,OLLARAYA,FRENTE AMPLIO DE PUNO,136
201006,PUNO,YUNGUYO,OLLARAYA,FRENTE AMPLIO PARA EL DESARROLLO DEL PUEBLO,123
201006,PUNO,YUNGUYO,OLLARAYA,GRAN ALIANZA NACIONALISTA - POPULAR - PODER DEMOCRATICO REGIONAL,136
201006,PUNO,YUNGUYO,OLLARAYA,MORAL Y DESARROLLO,248
201006,PUNO,YUNGUYO,OLLARAYA,MOVIMIENTO INDEPENDIENTE UNION Y CAMBIO,239
201006,PUNO,YUNGUYO,OLLARAYA,PROYECTO POLITICO AQUI,203
201006,PUNO,YUNGUYO,OLLARAYA,"REFORMA REGIONAL ANDINA INTEGRACION, PARTICIPACION ECONOMICA Y SOCIAL PUNO",117
201006,PUNO,YUNGUYO,OLLARAYA,RESTAURACION NACIONAL,83
201007,PUNO,YUNGUYO,TINICACHI,GRAN ALIANZA NACIONALISTA - POPULAR - PODER DEMOCRATICO REGIONAL,94
201007,PUNO,YUNGUYO,TINICACHI,MORAL Y DESARROLLO,80
201007,PUNO,YUNGUYO,TINICACHI,PARTIDO APRISTA PERUANO,101
201007,PUNO,YUNGUYO,TINICACHI,RESTAURACION NACIONAL,111
201102,PUNO,SAN ANTONIO DE PUTINA,PEDRO VILCA APAZA,MORAL Y DESARROLLO,155
201102,PUNO,SAN ANTONIO DE PUTINA,PEDRO VILCA APAZA,PERU POSIBLE,222
201102,PUNO,SAN ANTONIO DE PUTINA,PEDRO VILCA APAZA,PROYECTO POLITICO AQUI,272
201102,PUNO,SAN ANTONIO DE PUTINA,PEDRO VILCA APAZA,"REFORMA REGIONAL ANDINA INTEGRACION, PARTICIPACION ECONOMICA Y SOCIAL PUNO",401
201103,PUNO,SAN ANTONIO DE PUTINA,QUILCAPUNCU,MOVIMIENTO AGRARIO PUNEÑO,478
201103,PUNO,SAN ANTONIO DE PUTINA,QUILCAPUNCU,PERU POSIBLE,558
201103,PUNO,SAN ANTONIO DE PUTINA,QUILCAPUNCU,PROYECTO POLITICO AQUI,646
201103,PUNO,SAN ANTONIO DE PUTINA,QUILCAPUNCU,"REFORMA REGIONAL ANDINA INTEGRACION, PARTICIPACION ECONOMICA Y SOCIAL PUNO",603
201104,PUNO,SAN ANTONIO DE PUTINA,ANANEA,GRAN ALIANZA NACIONALISTA - POPULAR - PODER DEMOCRATICO REGIONAL,630
201104,PUNO,SAN ANTONIO DE PUTINA,ANANEA,PARTIDO APRISTA PERUANO,79
201104,PUNO,SAN ANTONIO DE PUTINA,ANANEA,PROYECTO POLITICO AQUI,508
201104,PUNO,SAN ANTONIO DE PUTINA,ANANEA,"REFORMA REGIONAL ANDINA INTEGRACION, PARTICIPACION ECONOMICA Y SOCIAL PUNO",426
201105,PUNO,SAN ANTONIO DE PUTINA,SINA,ACCION POPULAR,275
201105,PUNO,SAN ANTONIO DE PUTINA,SINA,ALIANZA PARA EL PROGRESO,7
201105,PUNO,SAN ANTONIO DE PUTINA,SINA,GRAN ALIANZA NACIONALISTA - POPULAR - PODER DEMOCRATICO REGIONAL,53
201105,PUNO,SAN ANTONIO DE PUTINA,SINA,MORAL Y DESARROLLO,72
201105,PUNO,SAN ANTONIO DE PUTINA,SINA,PERU POSIBLE,54
201105,PUNO,SAN ANTONIO DE PUTINA,SINA,PROYECTO POLITICO AQUI,63
201105,PUNO,SAN ANTONIO DE PUTINA,SINA,"REFORMA REGIONAL ANDINA INTEGRACION, PARTICIPACION ECONOMICA Y SOCIAL PUNO",183
201202,PUNO,EL COLLAO,PILCUYO,MORAL Y DESARROLLO,1541
201202,PUNO,EL COLLAO,PILCUYO,MOVIMIENTO INDEPENDIENTE UNION Y CAMBIO,918
201202,PUNO,EL COLLAO,PILCUYO,PARTIDO APRISTA PERUANO,173
201202,PUNO,EL COLLAO,PILCUYO,"REFORMA REGIONAL ANDINA INTEGRACION, PARTICIPACION ECONOMICA Y SOCIAL PUNO",3059
201202,PUNO,EL COLLAO,PILCUYO,UNION POR EL PERU,2390
201203,PUNO,EL COLLAO,SANTA ROSA,ACCION POPULAR,505
201203,PUNO,EL COLLAO,SANTA ROSA,GRAN ALIANZA NACIONALISTA - POPULAR - PODER DEMOCRATICO REGIONAL,247
201203,PUNO,EL COLLAO,SANTA ROSA,MORAL Y DESARROLLO,92
201203,PUNO,EL COLLAO,SANTA ROSA,MOVIMIENTO ANDINO SOCIALISTA,111
201203,PUNO,EL COLLAO,SANTA ROSA,PERU POSIBLE,71
201203,PUNO,EL COLLAO,SANTA ROSA,PROYECTO POLITICO AQUI,207
201203,PUNO,EL COLLAO,SANTA ROSA,UNION POR EL PERU,575
201204,PUNO,EL COLLAO,CAPASO,ACCION POPULAR,26
201204,PUNO,EL COLLAO,CAPASO,MOVIMIENTO POR LA AUTONOMIA REGIONAL QUECHUA-AYMARA,115
201204,PUNO,EL COLLAO,CAPASO,PARTIDO APRISTA PERUANO,30
201204,PUNO,EL COLLAO,CAPASO,PERU POSIBLE,102
201204,PUNO,EL COLLAO,CAPASO,PROYECTO POLITICO AQUI,150
201205,PUNO,EL COLLAO,CONDURIRI,ACCION POPULAR,96
201205,PUNO,EL COLLAO,CONDURIRI,GRAN ALIANZA NACIONALISTA - POPULAR - PODER DEMOCRATICO REGIONAL,99
201205,PUNO,EL COLLAO,CONDURIRI,MORAL Y DESARROLLO,196
201205,PUNO,EL COLLAO,CONDURIRI,MOVIMIENTO ANDINO SOCIALISTA,100
201205,PUNO,EL COLLAO,CONDURIRI,MOVIMIENTO NUEVA IZQUIERDA,86
201205,PUNO,EL COLLAO,CONDURIRI,PERU POSIBLE,292
201205,PUNO,EL COLLAO,CONDURIRI,PROYECTO POLITICO AQUI,262
201205,PUNO,EL COLLAO,CONDURIRI,"REFORMA REGIONAL ANDINA INTEGRACION, PARTICIPACION ECONOMICA Y SOCIAL PUNO",111
201205,PUNO,EL COLLAO,CONDURIRI,RESTAURACION NACIONAL,134
201302,PUNO,MOHO,CONIMA,ACCION POPULAR,77
201302,PUNO,MOHO,CONIMA,FRENTE AMPLIO DE PUNO,109
201302,PUNO,MOHO,CONIMA,FRENTE AMPLIO PARA EL DESARROLLO DEL PUEBLO,137
201302,PUNO,MOHO,CONIMA,MORAL Y DESARROLLO,489
201302,PUNO,MOHO,CONIMA,MOVIMIENTO ANDINO SOCIALISTA,114
201302,PUNO,MOHO,CONIMA,MOVIMIENTO INDEPENDIENTE UNION Y CAMBIO,56
201302,PUNO,MOHO,CONIMA,PERU POSIBLE,350
201302,PUNO,MOHO,CONIMA,PROYECTO POLITICO AQUI,257
201302,PUNO,MOHO,CONIMA,"REFORMA REGIONAL ANDINA INTEGRACION, PARTICIPACION ECONOMICA Y SOCIAL PUNO",339
201303,PUNO,MOHO,TILALI,ACCION POPULAR,226
201303,PUNO,MOHO,TILALI,ALIANZA PARA EL PROGRESO,42
201303,PUNO,MOHO,TILALI,FRENTE AMPLIO DE PUNO,465
201303,PUNO,MOHO,TILALI,FRENTE AMPLIO PARA EL DESARROLLO DEL PUEBLO,143
201303,PUNO,MOHO,TILALI,MORAL Y DESARROLLO,81
201303,PUNO,MOHO,TILALI,MOVIMIENTO ANDINO SOCIALISTA,59
201303,PUNO,MOHO,TILALI,MOVIMIENTO INDEPENDIENTE UNION Y CAMBIO,93
201303,PUNO,MOHO,TILALI,"REFORMA REGIONAL ANDINA INTEGRACION, PARTICIPACION ECONOMICA Y SOCIAL PUNO",308
201303,PUNO,MOHO,TILALI,RESTAURACION NACIONAL,259
201304,PUNO,MOHO,HUAYRAPATA,ACCION POPULAR,148
201304,PUNO,MOHO,HUAYRAPATA,ALIANZA PARA EL PROGRESO,67
201304,PUNO,MOHO,HUAYRAPATA,FRENTE AMPLIO PARA EL DESARROLLO DEL PUEBLO,279
201304,PUNO,MOHO,HUAYRAPATA,MORAL Y DESARROLLO,110
201304,PUNO,MOHO,HUAYRAPATA,MOVIMIENTO ANDINO SOCIALISTA,336
201304,PUNO,MOHO,HUAYRAPATA,PROYECTO POLITICO AQUI,98
201304,PUNO,MOHO,HUAYRAPATA,"REFORMA REGIONAL ANDINA INTEGRACION, PARTICIPACION ECONOMICA Y SOCIAL PUNO",372
201304,PUNO,MOHO,HUAYRAPATA,RESTAURACION NACIONAL,217
210102,SAN MARTIN,MOYOBAMBA,CALZADA,ACCION REGIONAL,954
210102,SAN MARTIN,MOYOBAMBA,CALZADA,FUERZA 2011,47
210102,SAN MARTIN,MOYOBAMBA,CALZADA,NUEVA AMAZONIA,583
210102,SAN MARTIN,MOYOBAMBA,CALZADA,PARTIDO APRISTA PERUANO,392
210103,SAN MARTIN,MOYOBAMBA,HABANA,ACCION REGIONAL,176
210103,SAN MARTIN,MOYOBAMBA,HABANA,FUERZA 2011,77
210103,SAN MARTIN,MOYOBAMBA,HABANA,NUEVA AMAZONIA,492
210103,SAN MARTIN,MOYOBAMBA,HABANA,PARTIDO APRISTA PERUANO,380
210104,SAN MARTIN,MOYOBAMBA,JEPELACIO,ACCION REGIONAL,556
210104,SAN MARTIN,MOYOBAMBA,JEPELACIO,ALIANZA PARA EL PROGRESO,1300
210104,SAN MARTIN,MOYOBAMBA,JEPELACIO,FRENTE REGIONAL SANMARTINENSE,55
210104,SAN MARTIN,MOYOBAMBA,JEPELACIO,FUERZA 2011,1160
210104,SAN MARTIN,MOYOBAMBA,JEPELACIO,NUEVA AMAZONIA,1206
210104,SAN MARTIN,MOYOBAMBA,JEPELACIO,PARTIDO APRISTA PERUANO,1351
210105,SAN MARTIN,MOYOBAMBA,SORITOR,ACCION REGIONAL,272
210105,SAN MARTIN,MOYOBAMBA,SORITOR,NUEVA AMAZONIA,4534
210105,SAN MARTIN,MOYOBAMBA,SORITOR,PARTIDO APRISTA PERUANO,621
210105,SAN MARTIN,MOYOBAMBA,SORITOR,PUEBLO AGROPECUARIO SORITORINO,3697
210106,SAN MARTIN,MOYOBAMBA,YANTALO,ACCION REGIONAL,491
210106,SAN MARTIN,MOYOBAMBA,YANTALO,FONAVISTAS DEL PERU,31
210106,SAN MARTIN,MOYOBAMBA,YANTALO,FUERZA 2011,300
210106,SAN MARTIN,MOYOBAMBA,YANTALO,NUEVA AMAZONIA,304
210106,SAN MARTIN,MOYOBAMBA,YANTALO,PARTIDO APRISTA PERUANO,142
210202,SAN MARTIN,HUALLAGA,PISCOYACU,ACCION REGIONAL,711
210202,SAN MARTIN,HUALLAGA,PISCOYACU,ALIANZA PARA EL PROGRESO,48
210202,SAN MARTIN,HUALLAGA,PISCOYACU,FUERZA 2011,34
210202,SAN MARTIN,HUALLAGA,PISCOYACU,NUEVA AMAZONIA,905
210202,SAN MARTIN,HUALLAGA,PISCOYACU,PARTIDO APRISTA PERUANO,42
210203,SAN MARTIN,HUALLAGA,SACANCHE,ACCION REGIONAL,107
210203,SAN MARTIN,HUALLAGA,SACANCHE,ALIANZA PARA EL PROGRESO,150
210203,SAN MARTIN,HUALLAGA,SACANCHE,FUERZA 2011,149
210203,SAN MARTIN,HUALLAGA,SACANCHE,NUEVA AMAZONIA,385
210203,SAN MARTIN,HUALLAGA,SACANCHE,PARTIDO APRISTA PERUANO,414
210204,SAN MARTIN,HUALLAGA,TINGO DE SAPOSOA,ALIANZA PARA EL PROGRESO,46
210204,SAN MARTIN,HUALLAGA,TINGO DE SAPOSOA,FUERZA 2011,238
210204,SAN MARTIN,HUALLAGA,TINGO DE SAPOSOA,NUEVA AMAZONIA,258
210205,SAN MARTIN,HUALLAGA,ALTO SAPOSOA,ACCION REGIONAL,310
210205,SAN MARTIN,HUALLAGA,ALTO SAPOSOA,ALIANZA PARA EL PROGRESO,283
210205,SAN MARTIN,HUALLAGA,ALTO SAPOSOA,FUERZA 2011,354
210205,SAN MARTIN,HUALLAGA,ALTO SAPOSOA,NUEVA AMAZONIA,250
210205,SAN MARTIN,HUALLAGA,ALTO SAPOSOA,PARTIDO APRISTA PERUANO,237
210206,SAN MARTIN,HUALLAGA,EL ESLABON,ACCION REGIONAL,197
210206,SAN MARTIN,HUALLAGA,EL ESLABON,ALIANZA PARA EL PROGRESO,373
210206,SAN MARTIN,HUALLAGA,EL ESLABON,FUERZA 2011,252
210206,SAN MARTIN,HUALLAGA,EL ESLABON,NUEVA AMAZONIA,311
210206,SAN MARTIN,HUALLAGA,EL ESLABON,PARTIDO APRISTA PERUANO,54
210303,SAN MARTIN,LAMAS,BARRANQUITA,ACCION REGIONAL,100
210303,SAN MARTIN,LAMAS,BARRANQUITA,ALIANZA PARA EL PROGRESO,350
210303,SAN MARTIN,LAMAS,BARRANQUITA,FUERZA 2011,177
210303,SAN MARTIN,LAMAS,BARRANQUITA,FUERZA COMUNAL,1060
210303,SAN MARTIN,LAMAS,BARRANQUITA,NUEVA AMAZONIA,379
210303,SAN MARTIN,LAMAS,BARRANQUITA,PARTIDO APRISTA PERUANO,436
210303,SAN MARTIN,LAMAS,BARRANQUITA,PARTIDO NACIONALISTA PERUANO,132
210304,SAN MARTIN,LAMAS,CAYNARACHI,ALIANZA PARA EL PROGRESO,547
210304,SAN MARTIN,LAMAS,CAYNARACHI,FUERZA 2011,275
210304,SAN MARTIN,LAMAS,CAYNARACHI,FUERZA COMUNAL,1078
210304,SAN MARTIN,LAMAS,CAYNARACHI,NUEVA AMAZONIA,825
210304,SAN MARTIN,LAMAS,CAYNARACHI,PARTIDO APRISTA PERUANO,97
210304,SAN MARTIN,LAMAS,CAYNARACHI,PARTIDO NACIONALISTA PERUANO,272
210304,SAN MARTIN,LAMAS,CAYNARACHI,PERU POSIBLE,63
210305,SAN MARTIN,LAMAS,CUÑUMBUQUI,FUERZA COMUNAL,612
210305,SAN MARTIN,LAMAS,CUÑUMBUQUI,NUEVA AMAZONIA,491
210305,SAN MARTIN,LAMAS,CUÑUMBUQUI,PARTIDO APRISTA PERUANO,503
210306,SAN MARTIN,LAMAS,PINTO RECODO,ALIANZA PARA EL PROGRESO,253
210306,SAN MARTIN,LAMAS,PINTO RECODO,FUERZA COMUNAL,1061
210306,SAN MARTIN,LAMAS,PINTO RECODO,MOVIMIENTO NUEVA IZQUIERDA,91
210306,SAN MARTIN,LAMAS,PINTO RECODO,NUEVA AMAZONIA,1007
210306,SAN MARTIN,LAMAS,PINTO RECODO,PARTIDO APRISTA PERUANO,210
210306,SAN MARTIN,LAMAS,PINTO RECODO,PARTIDO NACIONALISTA PERUANO,681
210307,SAN MARTIN,LAMAS,RUMISAPA,ALIANZA PARA EL PROGRESO,329
210307,SAN MARTIN,LAMAS,RUMISAPA,FUERZA COMUNAL,822
210307,SAN MARTIN,LAMAS,RUMISAPA,NUEVA AMAZONIA,394
210307,SAN MARTIN,LAMAS,RUMISAPA,PARTIDO APRISTA PERUANO,22
210311,SAN MARTIN,LAMAS,SHANAO,ALIANZA PARA EL PROGRESO,688
210311,SAN MARTIN,LAMAS,SHANAO,FUERZA COMUNAL,649
210311,SAN MARTIN,LAMAS,SHANAO,NUEVA AMAZONIA,198
210311,SAN MARTIN,LAMAS,SHANAO,PARTIDO APRISTA PERUANO,26
210311,SAN MARTIN,LAMAS,SHANAO,PARTIDO NACIONALISTA PERUANO,4
210313,SAN MARTIN,LAMAS,TABALOSOS,ALIANZA PARA EL PROGRESO,2027
210313,SAN MARTIN,LAMAS,TABALOSOS,FUERZA COMUNAL,2180
210313,SAN MARTIN,LAMAS,TABALOSOS,NUEVA AMAZONIA,1394
210313,SAN MARTIN,LAMAS,TABALOSOS,PARTIDO APRISTA PERUANO,146
210313,SAN MARTIN,LAMAS,TABALOSOS,PARTIDO NACIONALISTA PERUANO,132
210314,SAN MARTIN,LAMAS,ZAPATERO,ALIANZA PARA EL PROGRESO,621
210314,SAN MARTIN,LAMAS,ZAPATERO,FUERZA COMUNAL,301
210314,SAN MARTIN,LAMAS,ZAPATERO,NUEVA AMAZONIA,829
210314,SAN MARTIN,LAMAS,ZAPATERO,PARTIDO APRISTA PERUANO,1401
210315,SAN MARTIN,LAMAS,ALONSO DE ALVARADO,FUERZA 2011,1370
210315,SAN MARTIN,LAMAS,ALONSO DE ALVARADO,FUERZA COMUNAL,934
210315,SAN MARTIN,LAMAS,ALONSO DE ALVARADO,NUEVA AMAZONIA,760
210315,SAN MARTIN,LAMAS,ALONSO DE ALVARADO,PARTIDO APRISTA PERUANO,663
210315,SAN MARTIN,LAMAS,ALONSO DE ALVARADO,PARTIDO NACIONALISTA PERUANO,641
210315,SAN MARTIN,LAMAS,ALONSO DE ALVARADO,PERU POSIBLE,189
210316,SAN MARTIN,LAMAS,SAN ROQUE DE CUMBAZA,ACCION REGIONAL,121
210316,SAN MARTIN,LAMAS,SAN ROQUE DE CUMBAZA,ALIANZA PARA EL PROGRESO,65
210316,SAN MARTIN,LAMAS,SAN ROQUE DE CUMBAZA,FONAVISTAS DEL PERU,234
210316,SAN MARTIN,LAMAS,SAN ROQUE DE CUMBAZA,FUERZA COMUNAL,74
210316,SAN MARTIN,LAMAS,SAN ROQUE DE CUMBAZA,PARTIDO APRISTA PERUANO,19
210402,SAN MARTIN,MARISCAL CACERES,CAMPANILLA,ACCION POPULAR,27
210402,SAN MARTIN,MARISCAL CACERES,CAMPANILLA,ALIANZA PARA EL PROGRESO,47
210402,SAN MARTIN,MARISCAL CACERES,CAMPANILLA,FRENTE REGIONAL SANMARTINENSE,411
210402,SAN MARTIN,MARISCAL CACERES,CAMPANILLA,FUERZA 2011,670
210402,SAN MARTIN,MARISCAL CACERES,CAMPANILLA,NUEVA AMAZONIA,1067
210402,SAN MARTIN,MARISCAL CACERES,CAMPANILLA,PARTIDO NACIONALISTA PERUANO,425
210403,SAN MARTIN,MARISCAL CACERES,HUICUNGO,ACCION POPULAR,390
210403,SAN MARTIN,MARISCAL CACERES,HUICUNGO,ALIANZA PARA EL PROGRESO,85
210403,SAN MARTIN,MARISCAL CACERES,HUICUNGO,FRENTE REGIONAL SANMARTINENSE,148
210403,SAN MARTIN,MARISCAL CACERES,HUICUNGO,FUERZA 2011,121
210403,SAN MARTIN,MARISCAL CACERES,HUICUNGO,MOVIMIENTO NUEVA IZQUIERDA,99
210403,SAN MARTIN,MARISCAL CACERES,HUICUNGO,NUEVA AMAZONIA,715
210403,SAN MARTIN,MARISCAL CACERES,HUICUNGO,PARTIDO APRISTA PERUANO,404
210403,SAN MARTIN,MARISCAL CACERES,HUICUNGO,PARTIDO NACIONALISTA PERUANO,492
210404,SAN MARTIN,MARISCAL CACERES,PACHIZA,ACCION POPULAR,420
210404,SAN MARTIN,MARISCAL CACERES,PACHIZA,ACCION REGIONAL,142
210404,SAN MARTIN,MARISCAL CACERES,PACHIZA,ALIANZA PARA EL PROGRESO,39
210404,SAN MARTIN,MARISCAL CACERES,PACHIZA,FRENTE REGIONAL SANMARTINENSE,68
210404,SAN MARTIN,MARISCAL CACERES,PACHIZA,FUERZA 2011,55
210404,SAN MARTIN,MARISCAL CACERES,PACHIZA,MOVIMIENTO NUEVA IZQUIERDA,328
210404,SAN MARTIN,MARISCAL CACERES,PACHIZA,NUEVA AMAZONIA,170
210404,SAN MARTIN,MARISCAL CACERES,PACHIZA,PARTICIPACION POPULAR,85
210404,SAN MARTIN,MARISCAL CACERES,PACHIZA,PARTIDO HUMANISTA PERUANO,18
210404,SAN MARTIN,MARISCAL CACERES,PACHIZA,PARTIDO NACIONALISTA PERUANO,384
210404,SAN MARTIN,MARISCAL CACERES,PACHIZA,RESTAURACION NACIONAL,62
210405,SAN MARTIN,MARISCAL CACERES,PAJARILLO,ACCION POPULAR,341
210405,SAN MARTIN,MARISCAL CACERES,PAJARILLO,ALIANZA PARA EL PROGRESO,67
210405,SAN MARTIN,MARISCAL CACERES,PAJARILLO,FRENTE REGIONAL SANMARTINENSE,337
210405,SAN MARTIN,MARISCAL CACERES,PAJARILLO,FUERZA 2011,22
210405,SAN MARTIN,MARISCAL CACERES,PAJARILLO,MOVIMIENTO NUEVA IZQUIERDA,87
210405,SAN MARTIN,MARISCAL CACERES,PAJARILLO,NUEVA AMAZONIA,174
210405,SAN MARTIN,MARISCAL CACERES,PAJARILLO,PARTIDO APRISTA PERUANO,519
210405,SAN MARTIN,MARISCAL CACERES,PAJARILLO,PARTIDO NACIONALISTA PERUANO,236
210405,SAN MARTIN,MARISCAL CACERES,PAJARILLO,RESTAURACION NACIONAL,104
210502,SAN MARTIN,RIOJA,POSIC,FUERZA COMUNAL,13
210502,SAN MARTIN,RIOJA,POSIC,NUEVA AMAZONIA,374
210502,SAN MARTIN,RIOJA,POSIC,PARTIDO APRISTA PERUANO,327
210503,SAN MARTIN,RIOJA,YORONGOS,ALIANZA PARA EL PROGRESO,392
210503,SAN MARTIN,RIOJA,YORONGOS,FUERZA COMUNAL,41
210503,SAN MARTIN,RIOJA,YORONGOS,NUEVA AMAZONIA,464
210503,SAN MARTIN,RIOJA,YORONGOS,PARTIDO APRISTA PERUANO,505
210504,SAN MARTIN,RIOJA,YURACYACU,ALIANZA PARA EL PROGRESO,887
210504,SAN MARTIN,RIOJA,YURACYACU,FUERZA COMUNAL,139
210504,SAN MARTIN,RIOJA,YURACYACU,NUEVA AMAZONIA,525
210504,SAN MARTIN,RIOJA,YURACYACU,PARTIDO APRISTA PERUANO,659
210505,SAN MARTIN,RIOJA,NUEVA CAJAMARCA,ACCION POPULAR,1033
210505,SAN MARTIN,RIOJA,NUEVA CAJAMARCA,ACCION REGIONAL,864
210505,SAN MARTIN,RIOJA,NUEVA CAJAMARCA,ALIANZA PARA EL PROGRESO,728
210505,SAN MARTIN,RIOJA,NUEVA CAJAMARCA,FRENTE REGIONAL SANMARTINENSE,587
210505,SAN MARTIN,RIOJA,NUEVA CAJAMARCA,FUERZA COMUNAL,3189
210505,SAN MARTIN,RIOJA,NUEVA CAJAMARCA,NUEVA AMAZONIA,1404
210505,SAN MARTIN,RIOJA,NUEVA CAJAMARCA,PARTIDO APRISTA PERUANO,1222
210505,SAN MARTIN,RIOJA,NUEVA CAJAMARCA,PARTIDO NACIONALISTA PERUANO,2324
210505,SAN MARTIN,RIOJA,NUEVA CAJAMARCA,PERU POSIBLE,934
210505,SAN MARTIN,RIOJA,NUEVA CAJAMARCA,UNIDOS POR EL CAMBIO,2254
210506,SAN MARTIN,RIOJA,ELIAS SOPLIN VARGAS,FUERZA COMUNAL,1499
210506,SAN MARTIN,RIOJA,ELIAS SOPLIN VARGAS,NUEVA AMAZONIA,3157
210507,SAN MARTIN,RIOJA,SAN FERNANDO,FUERZA COMUNAL,576
210507,SAN MARTIN,RIOJA,SAN FERNANDO,NUEVA AMAZONIA,527
210507,SAN MARTIN,RIOJA,SAN FERNANDO,PARTIDO APRISTA PERUANO,624
210508,SAN MARTIN,RIOJA,PARDO MIGUEL,ALIANZA PARA EL PROGRESO,210
210508,SAN MARTIN,RIOJA,PARDO MIGUEL,FRENTE REGIONAL SANMARTINENSE,38
210508,SAN MARTIN,RIOJA,PARDO MIGUEL,FUERZA COMUNAL,1544
210508,SAN MARTIN,RIOJA,PARDO MIGUEL,NUEVA AMAZONIA,1694
210508,SAN MARTIN,RIOJA,PARDO MIGUEL,PARTIDO APRISTA PERUANO,240
210508,SAN MARTIN,RIOJA,PARDO MIGUEL,PERU POSIBLE,1383
210508,SAN MARTIN,RIOJA,PARDO MIGUEL,PROYECTO VECINAL,390
210509,SAN MARTIN,RIOJA,AWAJUN,ACCION REGIONAL,297
210509,SAN MARTIN,RIOJA,AWAJUN,ALIANZA PARA EL PROGRESO,251
210509,SAN MARTIN,RIOJA,AWAJUN,FRENTE REGIONAL SANMARTINENSE,66
210509,SAN MARTIN,RIOJA,AWAJUN,FUERZA COMUNAL,717
210509,SAN MARTIN,RIOJA,AWAJUN,NUEVA AMAZONIA,616
210509,SAN MARTIN,RIOJA,AWAJUN,PARTIDO APRISTA PERUANO,101
210509,SAN MARTIN,RIOJA,AWAJUN,PERU POSIBLE,200
210509,SAN MARTIN,RIOJA,AWAJUN,PROYECTO VECINAL,909
210602,SAN MARTIN,SAN MARTIN,ALBERTO LEVEAU,ACCION POPULAR,92
210602,SAN MARTIN,SAN MARTIN,ALBERTO LEVEAU,FUERZA 2011,216
210602,SAN MARTIN,SAN MARTIN,ALBERTO LEVEAU,NUEVA AMAZONIA,256
210602,SAN MARTIN,SAN MARTIN,ALBERTO LEVEAU,PARTIDO APRISTA PERUANO,219
210602,SAN MARTIN,SAN MARTIN,ALBERTO LEVEAU,PARTIDO NACIONALISTA PERUANO,51
210604,SAN MARTIN,SAN MARTIN,CACATACHI,NUEVA AMAZONIA,864
210604,SAN MARTIN,SAN MARTIN,CACATACHI,PARTIDO APRISTA PERUANO,1036
210606,SAN MARTIN,SAN MARTIN,CHAZUTA,ACCION POPULAR,758
210606,SAN MARTIN,SAN MARTIN,CHAZUTA,ALIANZA PARA EL PROGRESO,410
210606,SAN MARTIN,SAN MARTIN,CHAZUTA,FUERZA 2011,32
210606,SAN MARTIN,SAN MARTIN,CHAZUTA,NUEVA AMAZONIA,627
210606,SAN MARTIN,SAN MARTIN,CHAZUTA,PARTIDO APRISTA PERUANO,250
210606,SAN MARTIN,SAN MARTIN,CHAZUTA,PARTIDO NACIONALISTA PERUANO,1018
210606,SAN MARTIN,SAN MARTIN,CHAZUTA,PERU POSIBLE,802
210607,SAN MARTIN,SAN MARTIN,CHIPURANA,ACCION POPULAR,305
210607,SAN MARTIN,SAN MARTIN,CHIPURANA,ALIANZA PARA EL PROGRESO,46
210607,SAN MARTIN,SAN MARTIN,CHIPURANA,FUERZA 2011,193
210607,SAN MARTIN,SAN MARTIN,CHIPURANA,PARTIDO APRISTA PERUANO,273
210608,SAN MARTIN,SAN MARTIN,EL PORVENIR,ALIANZA PARA EL PROGRESO,53
210608,SAN MARTIN,SAN MARTIN,EL PORVENIR,FUERZA 2011,65
210608,SAN MARTIN,SAN MARTIN,EL PORVENIR,NUEVA AMAZONIA,33
210609,SAN MARTIN,SAN MARTIN,HUIMBAYOC,ALIANZA PARA EL PROGRESO,226
210609,SAN MARTIN,SAN MARTIN,HUIMBAYOC,FRENTE REGIONAL SANMARTINENSE,263
210609,SAN MARTIN,SAN MARTIN,HUIMBAYOC,FUERZA 2011,334
210609,SAN MARTIN,SAN MARTIN,HUIMBAYOC,NUEVA AMAZONIA,465
210609,SAN MARTIN,SAN MARTIN,HUIMBAYOC,PARTIDO APRISTA PERUANO,167
210609,SAN MARTIN,SAN MARTIN,HUIMBAYOC,PARTIDO NACIONALISTA PERUANO,297
210610,SAN MARTIN,SAN MARTIN,JUAN GUERRA,ACCION POPULAR,90
210610,SAN MARTIN,SAN MARTIN,JUAN GUERRA,ALIANZA PARA EL PROGRESO,160
210610,SAN MARTIN,SAN MARTIN,JUAN GUERRA,FRENTE REGIONAL SANMARTINENSE,229
210610,SAN MARTIN,SAN MARTIN,JUAN GUERRA,FUERZA 2011,150
210610,SAN MARTIN,SAN MARTIN,JUAN GUERRA,NUEVA AMAZONIA,504
210610,SAN MARTIN,SAN MARTIN,JUAN GUERRA,PARTIDO APRISTA PERUANO,335
210610,SAN MARTIN,SAN MARTIN,JUAN GUERRA,PARTIDO NACIONALISTA PERUANO,500
210611,SAN MARTIN,SAN MARTIN,MORALES,ACCION POPULAR,1940
210611,SAN MARTIN,SAN MARTIN,MORALES,ALIANZA PARA EL PROGRESO,1261
210611,SAN MARTIN,SAN MARTIN,MORALES,FONAVISTAS DEL PERU,276
210611,SAN MARTIN,SAN MARTIN,MORALES,FRENTE REGIONAL SANMARTINENSE,505
210611,SAN MARTIN,SAN MARTIN,MORALES,FUERZA 2011,436
210611,SAN MARTIN,SAN MARTIN,MORALES,JUSTICIA CRISTIANA DE TRANSFORMACION,375
210611,SAN MARTIN,SAN MARTIN,MORALES,NUEVA AMAZONIA,1607
210611,SAN MARTIN,SAN MARTIN,MORALES,PARTIDO APRISTA PERUANO,864
210611,SAN MARTIN,SAN MARTIN,MORALES,PERU POSIBLE,727
210611,SAN MARTIN,SAN MARTIN,MORALES,PROYECTO INDEPENDIENTE MORALINO,2160
210611,SAN MARTIN,SAN MARTIN,MORALES,RESTAURACION NACIONAL,288
210612,SAN MARTIN,SAN MARTIN,PAPA-PLAYA,ACCION POPULAR,135
210612,SAN MARTIN,SAN MARTIN,PAPA-PLAYA,ALIANZA PARA EL PROGRESO,99
210612,SAN MARTIN,SAN MARTIN,PAPA-PLAYA,FRENTE REGIONAL SANMARTINENSE,159
210612,SAN MARTIN,SAN MARTIN,PAPA-PLAYA,FUERZA 2011,100
210612,SAN MARTIN,SAN MARTIN,PAPA-PLAYA,NUEVA AMAZONIA,229
210612,SAN MARTIN,SAN MARTIN,PAPA-PLAYA,PARTIDO APRISTA PERUANO,3
210612,SAN MARTIN,SAN MARTIN,PAPA-PLAYA,RESTAURACION NACIONAL,264
210616,SAN MARTIN,SAN MARTIN,SAN ANTONIO,ALIANZA PARA EL PROGRESO,210
210616,SAN MARTIN,SAN MARTIN,SAN ANTONIO,FUERZA 2011,275
210616,SAN MARTIN,SAN MARTIN,SAN ANTONIO,NUEVA AMAZONIA,139
210616,SAN MARTIN,SAN MARTIN,SAN ANTONIO,PARTIDO APRISTA PERUANO,394
210619,SAN MARTIN,SAN MARTIN,SAUCE,ACCION POPULAR,35
210619,SAN MARTIN,SAN MARTIN,SAUCE,ALIANZA PARA EL PROGRESO,57
210619,SAN MARTIN,SAN MARTIN,SAUCE,FUERZA 2011,686
210619,SAN MARTIN,SAN MARTIN,SAUCE,FUERZA COMUNAL,319
210619,SAN MARTIN,SAN MARTIN,SAUCE,NUEVA AMAZONIA,1108
210619,SAN MARTIN,SAN MARTIN,SAUCE,PARTIDO APRISTA PERUANO,424
210620,SAN MARTIN,SAN MARTIN,SHAPAJA,ALIANZA PARA EL PROGRESO,682
210620,SAN MARTIN,SAN MARTIN,SHAPAJA,NUEVA AMAZONIA,670
210620,SAN MARTIN,SAN MARTIN,SHAPAJA,PARTIDO APRISTA PERUANO,27
210621,SAN MARTIN,SAN MARTIN,LA BANDA DE SHILCAYO,ACCION POPULAR,1762
210621,SAN MARTIN,SAN MARTIN,LA BANDA DE SHILCAYO,ACCION REGIONAL,302
210621,SAN MARTIN,SAN MARTIN,LA BANDA DE SHILCAYO,ALIANZA PARA EL PROGRESO,3759
210621,SAN MARTIN,SAN MARTIN,LA BANDA DE SHILCAYO,FUERZA 2011,793
210621,SAN MARTIN,SAN MARTIN,LA BANDA DE SHILCAYO,FUERZA COMUNAL,167
210621,SAN MARTIN,SAN MARTIN,LA BANDA DE SHILCAYO,NUEVA AMAZONIA,2855
210621,SAN MARTIN,SAN MARTIN,LA BANDA DE SHILCAYO,PARTIDO APRISTA PERUANO,1534
210621,SAN MARTIN,SAN MARTIN,LA BANDA DE SHILCAYO,PERU POSIBLE,197
210702,SAN MARTIN,BELLAVISTA,SAN RAFAEL,ACCION REGIONAL,921
210702,SAN MARTIN,BELLAVISTA,SAN RAFAEL,ALIANZA PARA EL PROGRESO,8
210702,SAN MARTIN,BELLAVISTA,SAN RAFAEL,FUERZA 2011,258
210702,SAN MARTIN,BELLAVISTA,SAN RAFAEL,NUEVA AMAZONIA,545
210702,SAN MARTIN,BELLAVISTA,SAN RAFAEL,PARTIDO APRISTA PERUANO,487
210703,SAN MARTIN,BELLAVISTA,SAN PABLO,ACCION REGIONAL,0
210703,SAN MARTIN,BELLAVISTA,SAN PABLO,ALIANZA PARA EL PROGRESO,0
210703,SAN MARTIN,BELLAVISTA,SAN PABLO,FUERZA 2011,0
210703,SAN MARTIN,BELLAVISTA,SAN PABLO,NUEVA AMAZONIA,0
210703,SAN MARTIN,BELLAVISTA,SAN PABLO,PARTIDO APRISTA PERUANO,0
210704,SAN MARTIN,BELLAVISTA,ALTO BIAVO,ACCION REGIONAL,986
210704,SAN MARTIN,BELLAVISTA,ALTO BIAVO,ALIANZA PARA EL PROGRESO,175
210704,SAN MARTIN,BELLAVISTA,ALTO BIAVO,FUERZA 2011,290
210704,SAN MARTIN,BELLAVISTA,ALTO BIAVO,NUEVA AMAZONIA,631
210704,SAN MARTIN,BELLAVISTA,ALTO BIAVO,PARTIDO APRISTA PERUANO,468
210705,SAN MARTIN,BELLAVISTA,HUALLAGA,ACCION REGIONAL,374
210705,SAN MARTIN,BELLAVISTA,HUALLAGA,ALIANZA PARA EL PROGRESO,367
210705,SAN MARTIN,BELLAVISTA,HUALLAGA,FUERZA 2011,27
210705,SAN MARTIN,BELLAVISTA,HUALLAGA,NUEVA AMAZONIA,127
210706,SAN MARTIN,BELLAVISTA,BAJO BIAVO,ACCION REGIONAL,943
210706,SAN MARTIN,BELLAVISTA,BAJO BIAVO,ALIANZA PARA EL PROGRESO,476
210706,SAN MARTIN,BELLAVISTA,BAJO BIAVO,FRENTE REGIONAL SANMARTINENSE,307
210706,SAN MARTIN,BELLAVISTA,BAJO BIAVO,FUERZA 2011,586
210706,SAN MARTIN,BELLAVISTA,BAJO BIAVO,NUEVA AMAZONIA,787
210706,SAN MARTIN,BELLAVISTA,BAJO BIAVO,PARTIDO APRISTA PERUANO,454
210802,SAN MARTIN,TOCACHE,NUEVO PROGRESO,ACCION POPULAR,48
210802,SAN MARTIN,TOCACHE,NUEVO PROGRESO,ALIANZA PARA EL PROGRESO,53
210802,SAN MARTIN,TOCACHE,NUEVO PROGRESO,FRENTE DEMOCRATICO TOCACHINO,811
210802,SAN MARTIN,TOCACHE,NUEVO PROGRESO,NUEVA AMAZONIA,1196
210802,SAN MARTIN,TOCACHE,NUEVO PROGRESO,PARTIDO APRISTA PERUANO,117
210802,SAN MARTIN,TOCACHE,NUEVO PROGRESO,PERU POSIBLE,950
210803,SAN MARTIN,TOCACHE,POLVORA,ALIANZA PARA EL PROGRESO,186
210803,SAN MARTIN,TOCACHE,POLVORA,DESPERTAR NACIONAL,954
210803,SAN MARTIN,TOCACHE,POLVORA,FRENTE DEMOCRATICO TOCACHINO,181
210803,SAN MARTIN,TOCACHE,POLVORA,FUERZA 2011,55
210803,SAN MARTIN,TOCACHE,POLVORA,MOVIMIENTO NUEVA IZQUIERDA,83
210803,SAN MARTIN,TOCACHE,POLVORA,NUEVA AMAZONIA,717
210803,SAN MARTIN,TOCACHE,POLVORA,PARTIDO APRISTA PERUANO,56
210803,SAN MARTIN,TOCACHE,POLVORA,PARTIDO DEMOCRATICO SOMOS PERU,108
210803,SAN MARTIN,TOCACHE,POLVORA,PERU POSIBLE,364
210804,SAN MARTIN,TOCACHE,SHUNTE,ACCION POPULAR,65
210804,SAN MARTIN,TOCACHE,SHUNTE,ALIANZA PARA EL PROGRESO,120
210804,SAN MARTIN,TOCACHE,SHUNTE,FRENTE DEMOCRATICO TOCACHINO,209
210804,SAN MARTIN,TOCACHE,SHUNTE,FUERZA 2011,0
210804,SAN MARTIN,TOCACHE,SHUNTE,NUEVA AMAZONIA,210
210804,SAN MARTIN,TOCACHE,SHUNTE,PARTIDO APRISTA PERUANO,8
210804,SAN MARTIN,TOCACHE,SHUNTE,PARTIDO DEMOCRATICO SOMOS PERU,72
210804,SAN MARTIN,TOCACHE,SHUNTE,PARTIDO NACIONALISTA PERUANO,171
210804,SAN MARTIN,TOCACHE,SHUNTE,PERU POSIBLE,11
210805,SAN MARTIN,TOCACHE,UCHIZA,ACCION POPULAR,46
210805,SAN MARTIN,TOCACHE,UCHIZA,ALIANZA PARA EL PROGRESO,245
210805,SAN MARTIN,TOCACHE,UCHIZA,NUEVA AMAZONIA,1072
210805,SAN MARTIN,TOCACHE,UCHIZA,PARTIDO APRISTA PERUANO,144
210805,SAN MARTIN,TOCACHE,UCHIZA,PARTIDO DEMOCRATICO SOMOS PERU,1708
210805,SAN MARTIN,TOCACHE,UCHIZA,PARTIDO NACIONALISTA PERUANO,458
210805,SAN MARTIN,TOCACHE,UCHIZA,PERU POSIBLE,1596
210805,SAN MARTIN,TOCACHE,UCHIZA,SOLIDARIOS UCHICINOS,451
210805,SAN MARTIN,TOCACHE,UCHIZA,UCHIZA Y MARAÑON DE LA MANO,414
210902,SAN MARTIN,PICOTA,BUENOS AIRES,ALIANZA PARA EL PROGRESO,73
210902,SAN MARTIN,PICOTA,BUENOS AIRES,FUERZA 2011,670
210902,SAN MARTIN,PICOTA,BUENOS AIRES,NUEVA AMAZONIA,419
210902,SAN MARTIN,PICOTA,BUENOS AIRES,PARTIDO APRISTA PERUANO,582
210903,SAN MARTIN,PICOTA,CASPIZAPA,ALIANZA PARA EL PROGRESO,666
210903,SAN MARTIN,PICOTA,CASPIZAPA,PARTIDO APRISTA PERUANO,544
210904,SAN MARTIN,PICOTA,PILLUANA,ALIANZA PARA EL PROGRESO,10
210904,SAN MARTIN,PICOTA,PILLUANA,FUERZA 2011,140
210904,SAN MARTIN,PICOTA,PILLUANA,NUEVA AMAZONIA,13
210904,SAN MARTIN,PICOTA,PILLUANA,PARTIDO APRISTA PERUANO,137
210905,SAN MARTIN,PICOTA,PUCACACA,ALIANZA PARA EL PROGRESO,238
210905,SAN MARTIN,PICOTA,PUCACACA,NUEVA AMAZONIA,631
210905,SAN MARTIN,PICOTA,PUCACACA,PARTIDO APRISTA PERUANO,268
210906,SAN MARTIN,PICOTA,SAN CRISTOBAL,ALIANZA PARA EL PROGRESO,128
210906,SAN MARTIN,PICOTA,SAN CRISTOBAL,FUERZA 2011,238
210906,SAN MARTIN,PICOTA,SAN CRISTOBAL,NUEVA AMAZONIA,334
210906,SAN MARTIN,PICOTA,SAN CRISTOBAL,PARTIDO APRISTA PERUANO,65
210906,SAN MARTIN,PICOTA,SAN CRISTOBAL,PERU POSIBLE,1
210907,SAN MARTIN,PICOTA,SAN HILARION,FUERZA 2011,862
210907,SAN MARTIN,PICOTA,SAN HILARION,NUEVA AMAZONIA,305
210907,SAN MARTIN,PICOTA,SAN HILARION,PARTIDO APRISTA PERUANO,812
210908,SAN MARTIN,PICOTA,TINGO DE PONASA,ALIANZA PARA EL PROGRESO,60
210908,SAN MARTIN,PICOTA,TINGO DE PONASA,FUERZA 2011,343
210908,SAN MARTIN,PICOTA,TINGO DE PONASA,NUEVA AMAZONIA,646
210908,SAN MARTIN,PICOTA,TINGO DE PONASA,PARTIDO APRISTA PERUANO,622
210909,SAN MARTIN,PICOTA,TRES UNIDOS,ALIANZA PARA EL PROGRESO,106
210909,SAN MARTIN,PICOTA,TRES UNIDOS,FONAVISTAS DEL PERU,62
210909,SAN MARTIN,PICOTA,TRES UNIDOS,NUEVA AMAZONIA,737
210909,SAN MARTIN,PICOTA,TRES UNIDOS,PARTIDO APRISTA PERUANO,867
210910,SAN MARTIN,PICOTA,SHAMBOYACU,ALIANZA PARA EL PROGRESO,729
210910,SAN MARTIN,PICOTA,SHAMBOYACU,FUERZA 2011,1094
210910,SAN MARTIN,PICOTA,SHAMBOYACU,NUEVA AMAZONIA,373
210910,SAN MARTIN,PICOTA,SHAMBOYACU,PARTIDO APRISTA PERUANO,81
210910,SAN MARTIN,PICOTA,SHAMBOYACU,RESTAURACION NACIONAL,382
211002,SAN MARTIN,EL DORADO,AGUA BLANCA,ALIANZA PARA EL PROGRESO,45
211002,SAN MARTIN,EL DORADO,AGUA BLANCA,NUEVA AMAZONIA,447
211002,SAN MARTIN,EL DORADO,AGUA BLANCA,PARTIDO NACIONALISTA PERUANO,394
211002,SAN MARTIN,EL DORADO,AGUA BLANCA,RESCATEMOS AGUA BLANCA,368
211003,SAN MARTIN,EL DORADO,SHATOJA,ALIANZA PARA EL PROGRESO,379
211003,SAN MARTIN,EL DORADO,SHATOJA,FUERZA 2011,393
211003,SAN MARTIN,EL DORADO,SHATOJA,NUEVA AMAZONIA,407
211004,SAN MARTIN,EL DORADO,SAN MARTIN,ALIANZA PARA EL PROGRESO,564
211004,SAN MARTIN,EL DORADO,SAN MARTIN,FUERZA 2011,700
211004,SAN MARTIN,EL DORADO,SAN MARTIN,NUEVA AMAZONIA,1215
211004,SAN MARTIN,EL DORADO,SAN MARTIN,PARTIDO APRISTA PERUANO,809
211005,SAN MARTIN,EL DORADO,SANTA ROSA,ALIANZA PARA EL PROGRESO,554
211005,SAN MARTIN,EL DORADO,SANTA ROSA,FUERZA 2011,653
211005,SAN MARTIN,EL DORADO,SANTA ROSA,NUEVA AMAZONIA,544
211005,SAN MARTIN,EL DORADO,SANTA ROSA,PARTIDO APRISTA PERUANO,66
211005,SAN MARTIN,EL DORADO,SANTA ROSA,PARTIDO NACIONALISTA PERUANO,309
220102,TACNA,TACNA,CALANA,CONTIGO TACNA,139
220102,TACNA,TACNA,CALANA,FRENTE REGIONAL UNIDOS POR TACNA,15
220102,TACNA,TACNA,CALANA,MOVIMIENTO INDEPENDIENTE REGIONAL TACNA UNIDA,493
220102,TACNA,TACNA,CALANA,MOVIMIENTO POLITICO REGIONAL SIEMPRE TACNA,401
220102,TACNA,TACNA,CALANA,PARTIDO APRISTA PERUANO,531
220102,TACNA,TACNA,CALANA,PERU POSIBLE,197
220104,TACNA,TACNA,INCLAN,ACCION POPULAR,779
220104,TACNA,TACNA,INCLAN,BANDERAS TACNEÑISTAS,8
220104,TACNA,TACNA,INCLAN,MOVIMIENTO INDEPENDIENTE REGIONAL TACNA UNIDA,567
220104,TACNA,TACNA,INCLAN,PERU POSIBLE,189
220104,TACNA,TACNA,INCLAN,RECUPEREMOS TACNA,12
220107,TACNA,TACNA,PACHIA,ALIANZA PARA EL PROGRESO,233
220107,TACNA,TACNA,PACHIA,FONAVISTAS DEL PERU,171
220107,TACNA,TACNA,PACHIA,LISTA INDEPENDIENTE FUERZA PACHIA,320
220107,TACNA,TACNA,PACHIA,MANOS A LA OBRA POR TACNA,56
220107,TACNA,TACNA,PACHIA,PARTIDO HUMANISTA PERUANO,116
220107,TACNA,TACNA,PACHIA,PERU POSIBLE,28
220107,TACNA,TACNA,PACHIA,POR EL AVANCE DEL SUR,28
220107,TACNA,TACNA,PACHIA,SIEMPRE UNIDOS,452
220107,TACNA,TACNA,PACHIA,TACNA EN ACCION,273
220108,TACNA,TACNA,PALCA,ALIANZA PARA EL PROGRESO,92
220108,TACNA,TACNA,PALCA,FRENTE INDEPENDIENTE LUCHEMOS POR PALCA,147
220108,TACNA,TACNA,PALCA,RECUPEREMOS TACNA,222
220108,TACNA,TACNA,PALCA,SIEMPRE UNIDOS,262
220109,TACNA,TACNA,POCOLLAY,ALIANZA PARA EL PROGRESO,1117
220109,TACNA,TACNA,POCOLLAY,ALIANZA VECINAL,1796
220109,TACNA,TACNA,POCOLLAY,FONAVISTAS DEL PERU,668
220109,TACNA,TACNA,POCOLLAY,FRENTE REGIONAL UNIDOS POR TACNA,98
220109,TACNA,TACNA,POCOLLAY,MANOS A LA OBRA POR TACNA,134
220109,TACNA,TACNA,POCOLLAY,MOVIMIENTO POLITICO REGIONAL EL AGUA,199
220109,TACNA,TACNA,POCOLLAY,MOVIMIENTO POLITICO REGIONAL SIEMPRE TACNA,2191
220109,TACNA,TACNA,POCOLLAY,RESTAURACION NACIONAL,133
220109,TACNA,TACNA,POCOLLAY,TAKANA NACIONALISTA,659
220109,TACNA,TACNA,POCOLLAY,UNION POCOLLAY,115
220110,TACNA,TACNA,SAMA,ALIANZA PARA EL PROGRESO,39
220110,TACNA,TACNA,SAMA,BANDERAS TACNEÑISTAS,18
220110,TACNA,TACNA,SAMA,CONTIGO TACNA,496
220110,TACNA,TACNA,SAMA,FRENTE REGIONAL UNIDOS POR TACNA,75
220110,TACNA,TACNA,SAMA,MANOS A LA OBRA POR TACNA,12
220110,TACNA,TACNA,SAMA,MOVIMIENTO INDEPENDIENTE REGIONAL TACNA UNIDA,202
220110,TACNA,TACNA,SAMA,PARTIDO APRISTA PERUANO,449
220111,TACNA,TACNA,ALTO DE LA ALIANZA,ALIANZA PARA EL PROGRESO,435
220111,TACNA,TACNA,ALTO DE LA ALIANZA,AVANCEMOS ALIANZA,4322
220111,TACNA,TACNA,ALTO DE LA ALIANZA,CONTIGO TACNA,2876
220111,TACNA,TACNA,ALTO DE LA ALIANZA,FONAVISTAS DEL PERU,617
220111,TACNA,TACNA,ALTO DE LA ALIANZA,MOVIMIENTO POLITICO REGIONAL EL AGUA,251
220111,TACNA,TACNA,ALTO DE LA ALIANZA,NUEVA FRONTERA,3173
220111,TACNA,TACNA,ALTO DE LA ALIANZA,RESTAURACION NACIONAL,1493
220111,TACNA,TACNA,ALTO DE LA ALIANZA,TAKANA NACIONALISTA,1008
220111,TACNA,TACNA,ALTO DE LA ALIANZA,UNION POR EL PERU,5241
220112,TACNA,TACNA,CIUDAD NUEVA,ACCION POPULAR,648
220112,TACNA,TACNA,CIUDAD NUEVA,AGRUPACION INDEPENDIENTE FUERZA CIUDAD NUEVA,755
220112,TACNA,TACNA,CIUDAD NUEVA,ALIANZA PARA EL PROGRESO,1669
220112,TACNA,TACNA,CIUDAD NUEVA,BASTA YA,919
220112,TACNA,TACNA,CIUDAD NUEVA,CIUDAD NUEVA 2010,581
220112,TACNA,TACNA,CIUDAD NUEVA,CONTIGO TACNA,304
220112,TACNA,TACNA,CIUDAD NUEVA,FONAVISTAS DEL PERU,1540
220112,TACNA,TACNA,CIUDAD NUEVA,JUNTOS POR EL CAMBIO,6129
220112,TACNA,TACNA,CIUDAD NUEVA,LOS INDEPENDIENTES,448
220112,TACNA,TACNA,CIUDAD NUEVA,NUEVA OPCION POR TI CIUDAD NUEVA,2192
220112,TACNA,TACNA,CIUDAD NUEVA,NUEVO PENSAMIENTO CIUDAD NUEVA,300
220112,TACNA,TACNA,CIUDAD NUEVA,RECUPEREMOS TACNA,426
220112,TACNA,TACNA,CIUDAD NUEVA,TAKANA NACIONALISTA,410
220112,TACNA,TACNA,CIUDAD NUEVA,VAMOS CIUDAD NUEVA,2853
220113,TACNA,TACNA,CORONEL GREGORIO ALBARRACIN LANCHIPA,ACCION POPULAR,766
220113,TACNA,TACNA,CORONEL GREGORIO ALBARRACIN LANCHIPA,ALIANZA PARA EL PROGRESO,246
220113,TACNA,TACNA,CORONEL GREGORIO ALBARRACIN LANCHIPA,CONTIGO TACNA,736
220113,TACNA,TACNA,CORONEL GREGORIO ALBARRACIN LANCHIPA,FONAVISTAS DEL PERU,1999
220113,TACNA,TACNA,CORONEL GREGORIO ALBARRACIN LANCHIPA,FRENTE INDEPENDIENTE EL FUTURO ES AHORA,9510
220113,TACNA,TACNA,CORONEL GREGORIO ALBARRACIN LANCHIPA,FRENTE REGIONAL UNIDOS POR TACNA,805
220113,TACNA,TACNA,CORONEL GREGORIO ALBARRACIN LANCHIPA,LISTA INDEPENDIENTE LIDERAZGO Y SERVICIO,132
220113,TACNA,TACNA,CORONEL GREGORIO ALBARRACIN LANCHIPA,MANOS A LA OBRA POR TACNA,154
220113,TACNA,TACNA,CORONEL GREGORIO ALBARRACIN LANCHIPA,MOVIMIENTO POLITICO REGIONAL EL AGUA,585
220113,TACNA,TACNA,CORONEL GREGORIO ALBARRACIN LANCHIPA,MOVIMIENTO POLITICO REGIONAL SIEMPRE TACNA,9298
220113,TACNA,TACNA,CORONEL GREGORIO ALBARRACIN LANCHIPA,PERU POSIBLE,300
220113,TACNA,TACNA,CORONEL GREGORIO ALBARRACIN LANCHIPA,PUMA 2011,567
220113,TACNA,TACNA,CORONEL GREGORIO ALBARRACIN LANCHIPA,RESTAURACION NACIONAL,760
220113,TACNA,TACNA,CORONEL GREGORIO ALBARRACIN LANCHIPA,TACNA EN ACCION,3039
220113,TACNA,TACNA,CORONEL GREGORIO ALBARRACIN LANCHIPA,TAKANA NACIONALISTA,593
220205,TACNA,TARATA,HEROES ALBARRACIN,ALIANZA PARA EL PROGRESO,50
220205,TACNA,TARATA,HEROES ALBARRACIN,ALIANZA POR TACNA,56
220205,TACNA,TARATA,HEROES ALBARRACIN,BANDERAS TACNEÑISTAS,101
220205,TACNA,TARATA,HEROES ALBARRACIN,MOVIMIENTO INDEPENDIENTE REGIONAL TACNA UNIDA,168
220205,TACNA,TARATA,HEROES ALBARRACIN,POR EL AVANCE DEL SUR,172
220206,TACNA,TARATA,ESTIQUE,ACCION POPULAR,152
220206,TACNA,TARATA,ESTIQUE,BANDERAS TACNEÑISTAS,67
220206,TACNA,TARATA,ESTIQUE,MOVIMIENTO INDEPENDIENTE REGIONAL TACNA UNIDA,237
220206,TACNA,TARATA,ESTIQUE,POR EL AVANCE DEL SUR,39
220207,TACNA,TARATA,ESTIQUE PAMPA,ACCION POPULAR,69
220207,TACNA,TARATA,ESTIQUE PAMPA,ALIANZA POR TACNA,76
220207,TACNA,TARATA,ESTIQUE PAMPA,BANDERAS TACNEÑISTAS,26
220207,TACNA,TARATA,ESTIQUE PAMPA,FRENTE REGIONAL UNIDOS POR TACNA,51
220207,TACNA,TARATA,ESTIQUE PAMPA,FUERZA NACIONAL,43
220207,TACNA,TARATA,ESTIQUE PAMPA,MOVIMIENTO POLITICO REGIONAL EL AGUA,18
220207,TACNA,TARATA,ESTIQUE PAMPA,POR EL AVANCE DEL SUR,137
220210,TACNA,TARATA,SITAJARA,BANDERAS TACNEÑISTAS,97
220210,TACNA,TARATA,SITAJARA,RECUPEREMOS TACNA,208
220211,TACNA,TARATA,SUSAPAYA,ACCION POPULAR,73
220211,TACNA,TARATA,SUSAPAYA,BANDERAS TACNEÑISTAS,59
220211,TACNA,TARATA,SUSAPAYA,FRENTE REGIONAL UNIDOS POR TACNA,75
220211,TACNA,TARATA,SUSAPAYA,MOVIMIENTO INDEPENDIENTE REGIONAL TACNA UNIDA,146
220211,TACNA,TARATA,SUSAPAYA,MOVIMIENTO POLITICO REGIONAL EL AGUA,32
220211,TACNA,TARATA,SUSAPAYA,PARTIDO APRISTA PERUANO,25
220211,TACNA,TARATA,SUSAPAYA,PERU POSIBLE,31
220211,TACNA,TARATA,SUSAPAYA,RECUPEREMOS TACNA,98
220212,TACNA,TARATA,TARUCACHI,BANDERAS TACNEÑISTAS,158
220212,TACNA,TARATA,TARUCACHI,MOVIMIENTO INDEPENDIENTE REGIONAL TACNA UNIDA,99
220212,TACNA,TARATA,TARUCACHI,PARTIDO APRISTA PERUANO,90
220212,TACNA,TARATA,TARUCACHI,PARTIDO HUMANISTA PERUANO,44
220212,TACNA,TARATA,TARUCACHI,PERU POSIBLE,97
220212,TACNA,TARATA,TARUCACHI,RESTAURACION NACIONAL,24
220213,TACNA,TARATA,TICACO,ACCION POPULAR,305
220213,TACNA,TARATA,TICACO,ALIANZA POR TACNA,102
220213,TACNA,TARATA,TICACO,BANDERAS TACNEÑISTAS,34
220213,TACNA,TARATA,TICACO,FONAVISTAS DEL PERU,84
220213,TACNA,TARATA,TICACO,RECUPEREMOS TACNA,153
220302,TACNA,JORGE BASADRE,ITE,ALIANZA PARA EL PROGRESO,60
220302,TACNA,JORGE BASADRE,ITE,PARTIDO APRISTA PERUANO,944
220302,TACNA,JORGE BASADRE,ITE,POR EL PROGRESO DE JORGE BASADRE,1059
220303,TACNA,JORGE BASADRE,ILABAYA,CONTIGO TACNA,220
220303,TACNA,JORGE BASADRE,ILABAYA,FRENTE REGIONAL UNIDOS POR TACNA,819
220303,TACNA,JORGE BASADRE,ILABAYA,MANOS A LA OBRA POR TACNA,1139
220303,TACNA,JORGE BASADRE,ILABAYA,PARTIDO APRISTA PERUANO,18
220303,TACNA,JORGE BASADRE,ILABAYA,POR EL PROGRESO DE JORGE BASADRE,655
220303,TACNA,JORGE BASADRE,ILABAYA,RECUPEREMOS TACNA,118
220303,TACNA,JORGE BASADRE,ILABAYA,TAKANA NACIONALISTA,16
220402,TACNA,CANDARAVE,CAIRANI,ACCION POPULAR,22
220402,TACNA,CANDARAVE,CAIRANI,ALIANZA POR TACNA,104
220402,TACNA,CANDARAVE,CAIRANI,BANDERAS TACNEÑISTAS,110
220402,TACNA,CANDARAVE,CAIRANI,FRENTE REGIONAL UNIDOS POR TACNA,242
220402,TACNA,CANDARAVE,CAIRANI,MANOS A LA OBRA POR TACNA,62
220402,TACNA,CANDARAVE,CAIRANI,MOVIMIENTO POLITICO REGIONAL EL AGUA,73
220402,TACNA,CANDARAVE,CAIRANI,PARTIDO APRISTA PERUANO,140
220402,TACNA,CANDARAVE,CAIRANI,PARTIDO DEMOCRATICO SOMOS PERU,14
220402,TACNA,CANDARAVE,CAIRANI,RECUPEREMOS TACNA,26
220403,TACNA,CANDARAVE,CURIBAYA,PARTIDO APRISTA PERUANO,103
220403,TACNA,CANDARAVE,CURIBAYA,PERU POSIBLE,117
220404,TACNA,CANDARAVE,HUANUARA,ALIANZA POR TACNA,279
220404,TACNA,CANDARAVE,HUANUARA,PARTIDO APRISTA PERUANO,181
220404,TACNA,CANDARAVE,HUANUARA,PARTIDO DEMOCRATICO SOMOS PERU,34
220405,TACNA,CANDARAVE,QUILAHUANI,ACCION POPULAR,261
220405,TACNA,CANDARAVE,QUILAHUANI,ALIANZA POR TACNA,157
220405,TACNA,CANDARAVE,QUILAHUANI,PARTIDO APRISTA PERUANO,173
220406,TACNA,CANDARAVE,CAMILACA,ACCION POPULAR,365
220406,TACNA,CANDARAVE,CAMILACA,BANDERAS TACNEÑISTAS,78
220406,TACNA,CANDARAVE,CAMILACA,FRENTE REGIONAL UNIDOS POR TACNA,23
220406,TACNA,CANDARAVE,CAMILACA,MOVIMIENTO INDEPENDIENTE REGIONAL TACNA UNIDA,278
220406,TACNA,CANDARAVE,CAMILACA,PARTIDO APRISTA PERUANO,81
230102,TUMBES,TUMBES,CORRALES,ALIANZA PARA EL PROGRESO,75
230102,TUMBES,TUMBES,CORRALES,FRENTE DE DESARROLLO DE CORRALES,2981
230102,TUMBES,TUMBES,CORRALES,PARTIDO APRISTA PERUANO,1125
230102,TUMBES,TUMBES,CORRALES,PARTIDO DEMOCRATICO SOMOS PERU,2404
230102,TUMBES,TUMBES,CORRALES,PARTIDO HUMANISTA PERUANO,1138
230102,TUMBES,TUMBES,CORRALES,TODOS POR TUMBES,1991
230102,TUMBES,TUMBES,CORRALES,UN NUEVO ESTILO DE TRABAJO CON EJEMPLO: UNETE,1203
230103,TUMBES,TUMBES,LA CRUZ,ACCION POPULAR,133
230103,TUMBES,TUMBES,LA CRUZ,ALIANZA PARA EL PROGRESO,504
230103,TUMBES,TUMBES,LA CRUZ,FUERZA 2011,111
230103,TUMBES,TUMBES,LA CRUZ,FUERZA TUMBESINA 2010,565
230103,TUMBES,TUMBES,LA CRUZ,MOVIMIENTO INDEPENDIENTE REGIONAL FAENA,505
230103,TUMBES,TUMBES,LA CRUZ,PARTIDO APRISTA PERUANO,589
230103,TUMBES,TUMBES,LA CRUZ,PARTIDO DEMOCRATICO SOMOS PERU,167
230103,TUMBES,TUMBES,LA CRUZ,PARTIDO NACIONALISTA PERUANO,145
230103,TUMBES,TUMBES,LA CRUZ,PERU POSIBLE,289
230103,TUMBES,TUMBES,LA CRUZ,RECONSTRUCCION CON OBRAS MAS OBRAS PARA UN TUMBES BELLO,417
230103,TUMBES,TUMBES,LA CRUZ,TODOS POR TUMBES,86
230103,TUMBES,TUMBES,LA CRUZ,TUMBES RENACE,340
230103,TUMBES,TUMBES,LA CRUZ,UNION POR EL PERU,656
230104,TUMBES,TUMBES,PAMPAS DE HOSPITAL,ALIANZA PARA EL PROGRESO,244
230104,TUMBES,TUMBES,PAMPAS DE HOSPITAL,FUERZA TUMBESINA 2010,15
230104,TUMBES,TUMBES,PAMPAS DE HOSPITAL,PAMPAS CAMINO AL DESARROLLO,1650
230104,TUMBES,TUMBES,PAMPAS DE HOSPITAL,RECONSTRUCCION CON OBRAS MAS OBRAS PARA UN TUMBES BELLO,1916
230105,TUMBES,TUMBES,SAN JACINTO,ALIANZA PARA EL PROGRESO,932
230105,TUMBES,TUMBES,SAN JACINTO,FUERZA 2011,614
230105,TUMBES,TUMBES,SAN JACINTO,MOVIMIENTO INDEPENDIENTE REGIONAL FAENA,408
230105,TUMBES,TUMBES,SAN JACINTO,PARTIDO APRISTA PERUANO,1759
230105,TUMBES,TUMBES,SAN JACINTO,PERU POSIBLE,18
230105,TUMBES,TUMBES,SAN JACINTO,RECONSTRUCCION CON OBRAS MAS OBRAS PARA UN TUMBES BELLO,1119
230105,TUMBES,TUMBES,SAN JACINTO,UNIDOS POR EL DESARROLLO DE SAN JACINTO,286
230106,TUMBES,TUMBES,SAN JUAN DE LA VIRGEN,ACCION POPULAR,11
230106,TUMBES,TUMBES,SAN JUAN DE LA VIRGEN,ALIANZA PARA EL PROGRESO,219
230106,TUMBES,TUMBES,SAN JUAN DE LA VIRGEN,FRENTE DE INTEGRACION DISTRITAL SIEMPRE SAN JUAN,358
230106,TUMBES,TUMBES,SAN JUAN DE LA VIRGEN,MOVIMIENTO INDEPENDIENTE REGIONAL FAENA,451
230106,TUMBES,TUMBES,SAN JUAN DE LA VIRGEN,PARTIDO APRISTA PERUANO,584
230106,TUMBES,TUMBES,SAN JUAN DE LA VIRGEN,PARTIDO DEMOCRATICO SOMOS PERU,571
230106,TUMBES,TUMBES,SAN JUAN DE LA VIRGEN,RECONSTRUCCION CON OBRAS MAS OBRAS PARA UN TUMBES BELLO,509
230106,TUMBES,TUMBES,SAN JUAN DE LA VIRGEN,UNION POR EL PERU,63
230202,TUMBES,CONTRALMIRANTE VILLAR,CASITAS,MOVIMIENTO INDEPENDIENTE REGIONAL FAENA,598
230202,TUMBES,CONTRALMIRANTE VILLAR,CASITAS,NUEVA ALTERNATIVA,1171
230203,TUMBES,CONTRALMIRANTE VILLAR,CANOAS DE PUNTA SAL,ALIANZA PARA EL PROGRESO,465
230203,TUMBES,CONTRALMIRANTE VILLAR,CANOAS DE PUNTA SAL,FRENTE INDEPENDIENTE DISTRITAL PROGRESO Y DESARROLLO,243
230203,TUMBES,CONTRALMIRANTE VILLAR,CANOAS DE PUNTA SAL,FUERZA 2011,814
230203,TUMBES,CONTRALMIRANTE VILLAR,CANOAS DE PUNTA SAL,PARTIDO APRISTA PERUANO,284
230203,TUMBES,CONTRALMIRANTE VILLAR,CANOAS DE PUNTA SAL,PERU POSIBLE,459
230302,TUMBES,ZARUMILLA,MATAPALO,ACCION POPULAR,343
230302,TUMBES,ZARUMILLA,MATAPALO,ALIANZA PARA EL PROGRESO,207
230302,TUMBES,ZARUMILLA,MATAPALO,FUERZA 2011,69
230302,TUMBES,ZARUMILLA,MATAPALO,NUEVA ALTERNATIVA,80
230302,TUMBES,ZARUMILLA,MATAPALO,PERU POSIBLE,76
230302,TUMBES,ZARUMILLA,MATAPALO,RECONSTRUCCION CON OBRAS MAS OBRAS PARA UN TUMBES BELLO,370
230303,TUMBES,ZARUMILLA,PAPAYAL,ALIANZA PARA EL PROGRESO,135
230303,TUMBES,ZARUMILLA,PAPAYAL,FUERZA 2011,196
230303,TUMBES,ZARUMILLA,PAPAYAL,HACIA UN TUMBES DIFERENTE,1370
230303,TUMBES,ZARUMILLA,PAPAYAL,LUCHEMOS POR TUMBES,1206
230304,TUMBES,ZARUMILLA,AGUAS VERDES,ALIANZA PARA EL PROGRESO,419
230304,TUMBES,ZARUMILLA,AGUAS VERDES,FUERZA 2011,206
230304,TUMBES,ZARUMILLA,AGUAS VERDES,LUCHEMOS POR TUMBES,998
230304,TUMBES,ZARUMILLA,AGUAS VERDES,PARTIDO DEMOCRATICO SOMOS PERU,29
230304,TUMBES,ZARUMILLA,AGUAS VERDES,PARTIDO NACIONALISTA PERUANO,861
230304,TUMBES,ZARUMILLA,AGUAS VERDES,PERU POSIBLE,417
230304,TUMBES,ZARUMILLA,AGUAS VERDES,RECONSTRUCCION CON OBRAS MAS OBRAS PARA UN TUMBES BELLO,1657
230304,TUMBES,ZARUMILLA,AGUAS VERDES,TODOS POR AGUAS VERDES,1842
240102,CALLAO,CALLAO,BELLAVISTA,ACCION POPULAR,405
240102,CALLAO,CALLAO,BELLAVISTA,ADUANEC,1212
240102,CALLAO,CALLAO,BELLAVISTA,ALIANZA PARA EL PROGRESO,227
240102,CALLAO,CALLAO,BELLAVISTA,FONAVISTAS DEL PERU,800
240102,CALLAO,CALLAO,BELLAVISTA,MAR CALLAO,8450
240102,CALLAO,CALLAO,BELLAVISTA,MI CALLAO,9228
240102,CALLAO,CALLAO,BELLAVISTA,MOVIMIENTO INDEPENDIENTE CHIMPUM CALLAO,19139
240102,CALLAO,CALLAO,BELLAVISTA,NUEVO CALLAO,2558
240102,CALLAO,CALLAO,BELLAVISTA,PARTIDO APRISTA PERUANO,4531
240102,CALLAO,CALLAO,BELLAVISTA,PARTIDO POLITICO ADELANTE,187
240102,CALLAO,CALLAO,BELLAVISTA,PERU POSIBLE,814
240103,CALLAO,CALLAO,LA PUNTA,ADUANEC,190
240103,CALLAO,CALLAO,LA PUNTA,FONAVISTAS DEL PERU,66
240103,CALLAO,CALLAO,LA PUNTA,MAR CALLAO,2082
240103,CALLAO,CALLAO,LA PUNTA,MI CALLAO,475
240103,CALLAO,CALLAO,LA PUNTA,MOVIMIENTO INDEPENDIENTE CHIMPUM CALLAO,2373
240103,CALLAO,CALLAO,LA PUNTA,PARTIDO APRISTA PERUANO,133
240104,CALLAO,CALLAO,CARMEN DE LA LEGUA-REYNOSO,ACCION POPULAR,147
240104,CALLAO,CALLAO,CARMEN DE LA LEGUA-REYNOSO,ADUANEC,9856
240104,CALLAO,CALLAO,CARMEN DE LA LEGUA-REYNOSO,FONAVISTAS DEL PERU,578
240104,CALLAO,CALLAO,CARMEN DE LA LEGUA-REYNOSO,MAR CALLAO,1782
240104,CALLAO,CALLAO,CARMEN DE LA LEGUA-REYNOSO,MI CALLAO,3576
240104,CALLAO,CALLAO,CARMEN DE LA LEGUA-REYNOSO,MOVIMIENTO INDEPENDIENTE CHIMPUM CALLAO,9440
240104,CALLAO,CALLAO,CARMEN DE LA LEGUA-REYNOSO,NUEVO CALLAO,206
240104,CALLAO,CALLAO,CARMEN DE LA LEGUA-REYNOSO,PARTIDO APRISTA PERUANO,677
240104,CALLAO,CALLAO,CARMEN DE LA LEGUA-REYNOSO,PARTIDO HUMANISTA PERUANO,359
240104,CALLAO,CALLAO,CARMEN DE LA LEGUA-REYNOSO,PERU POSIBLE,1028
240105,CALLAO,CALLAO,LA PERLA,ADUANEC,926
240105,CALLAO,CALLAO,LA PERLA,ALIANZA PARA EL PROGRESO,174
240105,CALLAO,CALLAO,LA PERLA,FONAVISTAS DEL PERU,618
240105,CALLAO,CALLAO,LA PERLA,MAR CALLAO,3342
240105,CALLAO,CALLAO,LA PERLA,MI CALLAO,16834
240105,CALLAO,CALLAO,LA PERLA,MOVIMIENTO INDEPENDIENTE CHIMPUM CALLAO,13250
240105,CALLAO,CALLAO,LA PERLA,NUEVO CALLAO,597
240105,CALLAO,CALLAO,LA PERLA,PARTIDO APRISTA PERUANO,1152
240105,CALLAO,CALLAO,LA PERLA,PARTIDO DEMOCRATICO SOMOS PERU,541
240105,CALLAO,CALLAO,LA PERLA,PERU POSIBLE,1257
240105,CALLAO,CALLAO,LA PERLA,SIEMPRE CON LA PERLA,254
240106,CALLAO,CALLAO,VENTANILLA,ACCION POPULAR,781
240106,CALLAO,CALLAO,VENTANILLA,ADUANEC,420
240106,CALLAO,CALLAO,VENTANILLA,AGRUPACION INDEPENDIENTE SI CUMPLE,864
240106,CALLAO,CALLAO,VENTANILLA,ALIANZA PARA EL PROGRESO,909
240106,CALLAO,CALLAO,VENTANILLA,ETNOCACERISTAS VENCEDORES,169
240106,CALLAO,CALLAO,VENTANILLA,FONAVISTAS DEL PERU,2781
240106,CALLAO,CALLAO,VENTANILLA,FUERZA NACIONAL,2663
240106,CALLAO,CALLAO,VENTANILLA,GANA VENTANILLA,401
240106,CALLAO,CALLAO,VENTANILLA,MAR CALLAO,20425
240106,CALLAO,CALLAO,VENTANILLA,MI CALLAO,27672
240106,CALLAO,CALLAO,VENTANILLA,MOVIMIENTO INDEPENDIENTE CHIMPUM CALLAO,41502
240106,CALLAO,CALLAO,VENTANILLA,NUEVO CALLAO,1322
240106,CALLAO,CALLAO,VENTANILLA,PARTIDO APRISTA PERUANO,7831
240106,CALLAO,CALLAO,VENTANILLA,PERU POSIBLE,3830
240106,CALLAO,CALLAO,VENTANILLA,RESTAURACION NACIONAL,1830
240106,CALLAO,CALLAO,VENTANILLA,VENTANILLA CORAZON,1051
250102,UCAYALI,CORONEL PORTILLO,YARINACOCHA,ALIANZA PARA EL PROGRESO,405
250102,UCAYALI,CORONEL PORTILLO,YARINACOCHA,COMPROMISO UCAYALINO,1942
250102,UCAYALI,CORONEL PORTILLO,YARINACOCHA,ESFUERZO UNIDOS,3777
250102,UCAYALI,CORONEL PORTILLO,YARINACOCHA,FONAVISTAS DEL PERU,342
250102,UCAYALI,CORONEL PORTILLO,YARINACOCHA,FUERZA 2011,1512
250102,UCAYALI,CORONEL PORTILLO,YARINACOCHA,GRUPO INDEPENDIENTE YARINA 2010,8105
250102,UCAYALI,CORONEL PORTILLO,YARINACOCHA,INTEGRANDO UCAYALI,8621
250102,UCAYALI,CORONEL PORTILLO,YARINACOCHA,MOVIMIENTO DE INTEGRACION INDIGENA Y CAMPESINO,431
250102,UCAYALI,CORONEL PORTILLO,YARINACOCHA,TODO POR UCAYALI,7429
250102,UCAYALI,CORONEL PORTILLO,YARINACOCHA,YARINENCES UNIDOS,406
250103,UCAYALI,CORONEL PORTILLO,MASISEA,COMPROMISO UCAYALINO,197
250103,UCAYALI,CORONEL PORTILLO,MASISEA,ESFUERZO UNIDOS,115
250103,UCAYALI,CORONEL PORTILLO,MASISEA,FUERZA 2011,433
250103,UCAYALI,CORONEL PORTILLO,MASISEA,INTEGRANDO UCAYALI,1342
250103,UCAYALI,CORONEL PORTILLO,MASISEA,MOVIMIENTO DE INTEGRACION INDIGENA Y CAMPESINO,940
250103,UCAYALI,CORONEL PORTILLO,MASISEA,TODO POR UCAYALI,801
250104,UCAYALI,CORONEL PORTILLO,CAMPOVERDE,ESFUERZO UNIDOS,717
250104,UCAYALI,CORONEL PORTILLO,CAMPOVERDE,FUERZA 2011,219
250104,UCAYALI,CORONEL PORTILLO,CAMPOVERDE,INTEGRANDO UCAYALI,991
250104,UCAYALI,CORONEL PORTILLO,CAMPOVERDE,MOVIMIENTO DE INTEGRACION INDIGENA Y CAMPESINO,40
250104,UCAYALI,CORONEL PORTILLO,CAMPOVERDE,PERU POSIBLE,118
250104,UCAYALI,CORONEL PORTILLO,CAMPOVERDE,TODO POR UCAYALI,1360
250104,UCAYALI,CORONEL PORTILLO,CAMPOVERDE,TODOS SOMOS UCAYALI,927
250104,UCAYALI,CORONEL PORTILLO,CAMPOVERDE,UCAYALI REGION CON FUTURO,2096
250105,UCAYALI,CORONEL PORTILLO,IPARIA,ALIANZA PARA EL PROGRESO,49
250105,UCAYALI,CORONEL PORTILLO,IPARIA,COMPROMISO UCAYALINO,73
250105,UCAYALI,CORONEL PORTILLO,IPARIA,ESFUERZO UNIDOS,1201
250105,UCAYALI,CORONEL PORTILLO,IPARIA,INTEGRANDO UCAYALI,123
250105,UCAYALI,CORONEL PORTILLO,IPARIA,LISTA INDEPENDIENTE DESARROLLO POR IPARIA,402
250105,UCAYALI,CORONEL PORTILLO,IPARIA,MOVIMIENTO DE INTEGRACION INDIGENA Y CAMPESINO,1047
250105,UCAYALI,CORONEL PORTILLO,IPARIA,PERU POSIBLE,9
250105,UCAYALI,CORONEL PORTILLO,IPARIA,SALVEMOS IPARIA,783
250106,UCAYALI,CORONEL PORTILLO,NUEVA REQUENA,COMPROMISO UCAYALINO,0
250106,UCAYALI,CORONEL PORTILLO,NUEVA REQUENA,ESFUERZO UNIDOS,0
250106,UCAYALI,CORONEL PORTILLO,NUEVA REQUENA,INTEGRANDO UCAYALI,0
250106,UCAYALI,CORONEL PORTILLO,NUEVA REQUENA,TODOS SOMOS UCAYALI,0
250106,UCAYALI,CORONEL PORTILLO,NUEVA REQUENA,UCAYALI REGION CON FUTURO,0
250107,UCAYALI,CORONEL PORTILLO,MANANTAY,ACCION POPULAR,92
250107,UCAYALI,CORONEL PORTILLO,MANANTAY,ALIANZA PARA EL PROGRESO,126
250107,UCAYALI,CORONEL PORTILLO,MANANTAY,COMPROMISO UCAYALINO,752
250107,UCAYALI,CORONEL PORTILLO,MANANTAY,CONTIGO MANANTAY,455
250107,UCAYALI,CORONEL PORTILLO,MANANTAY,ESFUERZO UNIDOS,3155
250107,UCAYALI,CORONEL PORTILLO,MANANTAY,FONAVISTAS DEL PERU,165
250107,UCAYALI,CORONEL PORTILLO,MANANTAY,FUERZA 2011,868
250107,UCAYALI,CORONEL PORTILLO,MANANTAY,INTEGRANDO UCAYALI,4908
250107,UCAYALI,CORONEL PORTILLO,MANANTAY,LUZ DE ESPERANZA DE MANANTAY,3139
250107,UCAYALI,CORONEL PORTILLO,MANANTAY,PARTIDO APRISTA PERUANO,182
250107,UCAYALI,CORONEL PORTILLO,MANANTAY,SIEMPRE UNIDOS,182
250107,UCAYALI,CORONEL PORTILLO,MANANTAY,TODO POR UCAYALI,824
250107,UCAYALI,CORONEL PORTILLO,MANANTAY,TODOS SOMOS UCAYALI,4600
250107,UCAYALI,CORONEL PORTILLO,MANANTAY,UNION POR EL PERU,381
250202,UCAYALI,PADRE ABAD,IRAZOLA,COMPROMISO UCAYALINO,296
250202,UCAYALI,PADRE ABAD,IRAZOLA,INTEGRANDO UCAYALI,3586
250202,UCAYALI,PADRE ABAD,IRAZOLA,PARTIDO NACIONALISTA PERUANO,996
250202,UCAYALI,PADRE ABAD,IRAZOLA,UCAYALI REGION CON FUTURO,1516
250203,UCAYALI,PADRE ABAD,CURIMANA,ESFUERZO UNIDOS,114
250203,UCAYALI,PADRE ABAD,CURIMANA,FUERZA 2011,205
250203,UCAYALI,PADRE ABAD,CURIMANA,INTEGRANDO UCAYALI,1251
250203,UCAYALI,PADRE ABAD,CURIMANA,TODOS SOMOS UCAYALI,183
250203,UCAYALI,PADRE ABAD,CURIMANA,UCAYALI REGION CON FUTURO,1586
250302,UCAYALI,ATALAYA,TAHUANIA,ACCION POPULAR,0
250302,UCAYALI,ATALAYA,TAHUANIA,COMPROMISO UCAYALINO,0
250302,UCAYALI,ATALAYA,TAHUANIA,ESFUERZO UNIDOS,0
250302,UCAYALI,ATALAYA,TAHUANIA,INTEGRANDO UCAYALI,0
250302,UCAYALI,ATALAYA,TAHUANIA,TODOS SOMOS UCAYALI,0
250302,UCAYALI,ATALAYA,TAHUANIA,UCAYALI REGION CON FUTURO,0
250302,UCAYALI,ATALAYA,TAHUANIA,UNION POR EL PERU,0
250303,UCAYALI,ATALAYA,YURUA,ACCION POPULAR,142
250303,UCAYALI,ATALAYA,YURUA,COMPROMISO UCAYALINO,90
250303,UCAYALI,ATALAYA,YURUA,ESFUERZO UNIDOS,25
250303,UCAYALI,ATALAYA,YURUA,INTEGRANDO UCAYALI,196
250303,UCAYALI,ATALAYA,YURUA,TODOS SOMOS UCAYALI,73
250304,UCAYALI,ATALAYA,SEPAHUA,ACCION POPULAR,335
250304,UCAYALI,ATALAYA,SEPAHUA,COMPROMISO UCAYALINO,76
250304,UCAYALI,ATALAYA,SEPAHUA,INTEGRANDO UCAYALI,897
250304,UCAYALI,ATALAYA,SEPAHUA,TODOS SOMOS UCAYALI,123
250304,UCAYALI,ATALAYA,SEPAHUA,UCAYALI REGION CON FUTURO,569
