ubigeo,region,provincia,distrito,organizacion_politica,total_votos
10102,AMAZONAS,CHACHAPOYAS,ASUNCION,ASUNCION AL DESARROLLO,15
10102,AMAZONAS,CHACHAPOYAS,ASUNCION,FUERZA DEMOCRATICA,34
10102,AMAZONAS,CHACHAPOYAS,ASUNCION,MOVIMIENTO POLITICO INDEPENDIENTE FUERZA AMAZONENSE,26
10102,AMAZONAS,CHACHAPOYAS,ASUNCION,PARTIDO ACCION POPULAR,8
10102,AMAZONAS,CHACHAPOYAS,ASUNCION,PARTIDO APRISTA PERUANO,30
10102,AMAZONAS,CHACHAPOYAS,ASUNCION,PARTIDO PERU POSIBLE,17
10102,AMAZONAS,CHACHAPOYAS,ASUNCION,VICTORIA AMAZONENSE,21
10103,AMAZONAS,CHACHAPOYAS,BALSAS,INTEGRACION 6 DE JUNIO,108
10103,AMAZONAS,CHACHAPOYAS,BALSAS,MOVIMIENTO POLITICO INDEPENDIENTE FUERZA AMAZONENSE,220
10103,AMAZONAS,CHACHAPOYAS,BALSAS,PARTIDO APRISTA PERUANO,14
10103,AMAZONAS,CHACHAPOYAS,BALSAS,PARTIDO PERU POSIBLE,58
10104,AMAZONAS,CHACHAPOYAS,CHETO,MOVIMIENTO POLITICO INDEPENDIENTE FUERZA AMAZONENSE,75
10104,AMAZONAS,CHACHAPOYAS,CHETO,PARTIDO ACCION POPULAR,29
10104,AMAZONAS,CHACHAPOYAS,CHETO,PARTIDO APRISTA PERUANO,113
10104,AMAZONAS,CHACHAPOYAS,CHETO,PARTIDO PERU POSIBLE,83
10105,AMAZONAS,CHACHAPOYAS,CHILIQUIN,MOVIMIENTO POLITICO INDEPENDIENTE FUERZA AMAZONENSE,126
10105,AMAZONAS,CHACHAPOYAS,CHILIQUIN,PARTIDO APRISTA PERUANO,250
10105,AMAZONAS,CHACHAPOYAS,CHILIQUIN,PARTIDO PERU POSIBLE,22
10106,AMAZONAS,CHACHAPOYAS,CHUQUIBAMBA,MOVIMIENTO POLITICO INDEPENDIENTE FUERZA AMAZONENSE,168
10106,AMAZONAS,CHACHAPOYAS,CHUQUIBAMBA,PARTIDO ACCION POPULAR,136
10106,AMAZONAS,CHACHAPOYAS,CHUQUIBAMBA,PARTIDO APRISTA PERUANO,51
10106,AMAZONAS,CHACHAPOYAS,CHUQUIBAMBA,PARTIDO PERU POSIBLE,229
10107,AMAZONAS,CHACHAPOYAS,GRANADA,INTEGRACION 6 DE JUNIO,42
10107,AMAZONAS,CHACHAPOYAS,GRANADA,MOVIMIENTO POLITICO INDEPENDIENTE FUERZA AMAZONENSE,28
10107,AMAZONAS,CHACHAPOYAS,GRANADA,PARTIDO ACCION POPULAR,50
10107,AMAZONAS,CHACHAPOYAS,GRANADA,PARTIDO PERU POSIBLE,38
10108,AMAZONAS,CHACHAPOYAS,HUANCAS,ALIANZA ELECTORAL UNIDAD NACIONAL,36
10108,AMAZONAS,CHACHAPOYAS,HUANCAS,MOVIMIENTO INDEPENDIENTE HUANCAS,43
10108,AMAZONAS,CHACHAPOYAS,HUANCAS,MOVIMIENTO NUEVA IZQUIERDA,25
10108,AMAZONAS,CHACHAPOYAS,HUANCAS,MOVIMIENTO POLITICO INDEPENDIENTE FUERZA AMAZONENSE,37
10108,AMAZONAS,CHACHAPOYAS,HUANCAS,PARTIDO ACCION POPULAR,46
10108,AMAZONAS,CHACHAPOYAS,HUANCAS,PARTIDO APRISTA PERUANO,37
10108,AMAZONAS,CHACHAPOYAS,HUANCAS,PARTIDO PERU POSIBLE,39
10109,AMAZONAS,CHACHAPOYAS,LA JALCA,MOVIMIENTO NUEVA IZQUIERDA,50
10109,AMAZONAS,CHACHAPOYAS,LA JALCA,MOVIMIENTO POLITICO INDEPENDIENTE FUERZA AMAZONENSE,365
10109,AMAZONAS,CHACHAPOYAS,LA JALCA,PARTIDO ACCION POPULAR,151
10109,AMAZONAS,CHACHAPOYAS,LA JALCA,PARTIDO APRISTA PERUANO,634
10109,AMAZONAS,CHACHAPOYAS,LA JALCA,PARTIDO PERU POSIBLE,550
10110,AMAZONAS,CHACHAPOYAS,LEYMEBAMBA,MOVIMIENTO NUEVA IZQUIERDA,101
10110,AMAZONAS,CHACHAPOYAS,LEYMEBAMBA,MOVIMIENTO POLITICO INDEPENDIENTE FUERZA AMAZONENSE,313
10110,AMAZONAS,CHACHAPOYAS,LEYMEBAMBA,PARTIDO ACCION POPULAR,141
10110,AMAZONAS,CHACHAPOYAS,LEYMEBAMBA,PARTIDO APRISTA PERUANO,421
10110,AMAZONAS,CHACHAPOYAS,LEYMEBAMBA,PARTIDO PERU POSIBLE,367
10111,AMAZONAS,CHACHAPOYAS,LEVANTO,MOVIMIENTO POLITICO INDEPENDIENTE FUERZA AMAZONENSE,125
10111,AMAZONAS,CHACHAPOYAS,LEVANTO,PARTIDO ACCION POPULAR,134
10111,AMAZONAS,CHACHAPOYAS,LEVANTO,PARTIDO APRISTA PERUANO,73
10111,AMAZONAS,CHACHAPOYAS,LEVANTO,PARTIDO PERU POSIBLE,124
10112,AMAZONAS,CHACHAPOYAS,MAGDALENA,ALIANZA ELECTORAL UNIDAD NACIONAL,28
10112,AMAZONAS,CHACHAPOYAS,MAGDALENA,MOVIMIENTO NUEVA IZQUIERDA,6
10112,AMAZONAS,CHACHAPOYAS,MAGDALENA,MOVIMIENTO POLITICO INDEPENDIENTE FUERZA AMAZONENSE,125
10112,AMAZONAS,CHACHAPOYAS,MAGDALENA,PARTIDO APRISTA PERUANO,217
10112,AMAZONAS,CHACHAPOYAS,MAGDALENA,PARTIDO PERU POSIBLE,42
10112,AMAZONAS,CHACHAPOYAS,MAGDALENA,VICTORIA AMAZONENSE,18
10113,AMAZONAS,CHACHAPOYAS,MARISCAL CASTILLA,ADELANTE MARISCAL CASTILLA,237
10113,AMAZONAS,CHACHAPOYAS,MARISCAL CASTILLA,MOVIMIENTO NUEVA IZQUIERDA,31
10113,AMAZONAS,CHACHAPOYAS,MARISCAL CASTILLA,MOVIMIENTO POLITICO INDEPENDIENTE FUERZA AMAZONENSE,221
10113,AMAZONAS,CHACHAPOYAS,MARISCAL CASTILLA,PARTIDO ACCION POPULAR,29
10113,AMAZONAS,CHACHAPOYAS,MARISCAL CASTILLA,PARTIDO APRISTA PERUANO,22
10113,AMAZONAS,CHACHAPOYAS,MARISCAL CASTILLA,PARTIDO PERU POSIBLE,43
10114,AMAZONAS,CHACHAPOYAS,MOLINOPAMPA,ALIANZA ELECTORAL UNIDAD NACIONAL,98
10114,AMAZONAS,CHACHAPOYAS,MOLINOPAMPA,MOVIMIENTO NUEVA IZQUIERDA,50
10114,AMAZONAS,CHACHAPOYAS,MOLINOPAMPA,MOVIMIENTO POLITICO INDEPENDIENTE FUERZA AMAZONENSE,264
10114,AMAZONAS,CHACHAPOYAS,MOLINOPAMPA,PARTIDO ACCION POPULAR,102
10114,AMAZONAS,CHACHAPOYAS,MOLINOPAMPA,PARTIDO APRISTA PERUANO,281
10115,AMAZONAS,CHACHAPOYAS,MONTEVIDEO,HIJOS DE MONTEVIDEO,25
10115,AMAZONAS,CHACHAPOYAS,MONTEVIDEO,MOVIMIENTO POLITICO INDEPENDIENTE FUERZA AMAZONENSE,138
10115,AMAZONAS,CHACHAPOYAS,MONTEVIDEO,PARTIDO ACCION POPULAR,6
10115,AMAZONAS,CHACHAPOYAS,MONTEVIDEO,PARTIDO APRISTA PERUANO,190
10115,AMAZONAS,CHACHAPOYAS,MONTEVIDEO,PARTIDO PERU POSIBLE,47
10116,AMAZONAS,CHACHAPOYAS,OLLEROS,MOVIMIENTO POLITICO INDEPENDIENTE FUERZA AMAZONENSE,64
10116,AMAZONAS,CHACHAPOYAS,OLLEROS,PARTIDO ACCION POPULAR,32
10116,AMAZONAS,CHACHAPOYAS,OLLEROS,PARTIDO APRISTA PERUANO,18
10116,AMAZONAS,CHACHAPOYAS,OLLEROS,PARTIDO PERU POSIBLE,61
10117,AMAZONAS,CHACHAPOYAS,QUINJALCA,INTEGRACION 6 DE JUNIO,39
10117,AMAZONAS,CHACHAPOYAS,QUINJALCA,MOVIMIENTO POLITICO INDEPENDIENTE FUERZA AMAZONENSE,71
10117,AMAZONAS,CHACHAPOYAS,QUINJALCA,PARTIDO ACCION POPULAR,95
10117,AMAZONAS,CHACHAPOYAS,QUINJALCA,PARTIDO APRISTA PERUANO,102
10117,AMAZONAS,CHACHAPOYAS,QUINJALCA,PARTIDO PERU POSIBLE,62
10118,AMAZONAS,CHACHAPOYAS,SAN FRANCISCO DE DAGUAS,INTEGRACION 6 DE JUNIO,8
10118,AMAZONAS,CHACHAPOYAS,SAN FRANCISCO DE DAGUAS,MOVIMIENTO NUEVA IZQUIERDA,3
10118,AMAZONAS,CHACHAPOYAS,SAN FRANCISCO DE DAGUAS,MOVIMIENTO POLITICO INDEPENDIENTE FUERZA AMAZONENSE,40
10118,AMAZONAS,CHACHAPOYAS,SAN FRANCISCO DE DAGUAS,PARTIDO ACCION POPULAR,44
10118,AMAZONAS,CHACHAPOYAS,SAN FRANCISCO DE DAGUAS,PARTIDO APRISTA PERUANO,51
10118,AMAZONAS,CHACHAPOYAS,SAN FRANCISCO DE DAGUAS,PARTIDO PERU POSIBLE,48
10119,AMAZONAS,CHACHAPOYAS,SAN ISIDRO DE MAINO,INTEGRACION 6 DE JUNIO,69
10119,AMAZONAS,CHACHAPOYAS,SAN ISIDRO DE MAINO,PARTIDO ACCION POPULAR,14
10119,AMAZONAS,CHACHAPOYAS,SAN ISIDRO DE MAINO,PARTIDO APRISTA PERUANO,144
10119,AMAZONAS,CHACHAPOYAS,SAN ISIDRO DE MAINO,PARTIDO PERU POSIBLE,84
10120,AMAZONAS,CHACHAPOYAS,SOLOCO,NUEVAS IDEAS,126
10120,AMAZONAS,CHACHAPOYAS,SOLOCO,PARTIDO ACCION POPULAR,247
10120,AMAZONAS,CHACHAPOYAS,SOLOCO,PARTIDO PERU POSIBLE,232
10121,AMAZONAS,CHACHAPOYAS,SONCHE,MOVIMIENTO POLITICO INDEPENDIENTE FUERZA AMAZONENSE,21
10121,AMAZONAS,CHACHAPOYAS,SONCHE,PARTIDO ACCION POPULAR,20
10121,AMAZONAS,CHACHAPOYAS,SONCHE,PARTIDO APRISTA PERUANO,63
10121,AMAZONAS,CHACHAPOYAS,SONCHE,PARTIDO PERU POSIBLE,48
10201,AMAZONAS,BAGUA,LA PECA,AGRUPACION INDEPENDIENTE UNION POR EL PERU - FRENTE AMPLIO,175
10201,AMAZONAS,BAGUA,LA PECA,ALIANZA ELECTORAL UNIDAD NACIONAL,307
10201,AMAZONAS,BAGUA,LA PECA,ENERGIA COMUNAL AMAZONICA,189
10201,AMAZONAS,BAGUA,LA PECA,FUERZA DEMOCRATICA,922
10201,AMAZONAS,BAGUA,LA PECA,INTEGRACION 6 DE JUNIO,687
10201,AMAZONAS,BAGUA,LA PECA,PARTIDO ACCION POPULAR,1787
10201,AMAZONAS,BAGUA,LA PECA,PARTIDO APRISTA PERUANO,756
10201,AMAZONAS,BAGUA,LA PECA,PARTIDO DEMOCRATICO SOMOS PERU,243
10201,AMAZONAS,BAGUA,LA PECA,PARTIDO PERU POSIBLE,331
10202,AMAZONAS,BAGUA,ARAMANGO,AGRUPACION INDEPENDIENTE UNION POR EL PERU - FRENTE AMPLIO,327
10202,AMAZONAS,BAGUA,ARAMANGO,ALIANZA ELECTORAL UNIDAD NACIONAL,207
10202,AMAZONAS,BAGUA,ARAMANGO,ENERGIA COMUNAL AMAZONICA,371
10202,AMAZONAS,BAGUA,ARAMANGO,FUERZA DEMOCRATICA,750
10202,AMAZONAS,BAGUA,ARAMANGO,MOVIMIENTO NUEVA IZQUIERDA,30
10202,AMAZONAS,BAGUA,ARAMANGO,PARTIDO ACCION POPULAR,1075
10202,AMAZONAS,BAGUA,ARAMANGO,PARTIDO APRISTA PERUANO,718
10202,AMAZONAS,BAGUA,ARAMANGO,PARTIDO DEMOCRATICO SOMOS PERU,155
10202,AMAZONAS,BAGUA,ARAMANGO,PARTIDO PERU POSIBLE,279
10203,AMAZONAS,BAGUA,COPALLIN,AGRUPACION INDEPENDIENTE UNION POR EL PERU - FRENTE AMPLIO,55
10203,AMAZONAS,BAGUA,COPALLIN,ALIANZA ELECTORAL UNIDAD NACIONAL,36
10203,AMAZONAS,BAGUA,COPALLIN,ENERGIA COMUNAL AMAZONICA,177
10203,AMAZONAS,BAGUA,COPALLIN,FUERZA DEMOCRATICA,618
10203,AMAZONAS,BAGUA,COPALLIN,PARTIDO ACCION POPULAR,169
10203,AMAZONAS,BAGUA,COPALLIN,PARTIDO APRISTA PERUANO,335
10203,AMAZONAS,BAGUA,COPALLIN,PARTIDO PERU POSIBLE,600
10204,AMAZONAS,BAGUA,EL PARCO,AGRUPACION INDEPENDIENTE UNION POR EL PERU - FRENTE AMPLIO,26
10204,AMAZONAS,BAGUA,EL PARCO,ALIANZA ELECTORAL UNIDAD NACIONAL,49
10204,AMAZONAS,BAGUA,EL PARCO,FUERZA DEMOCRATICA,332
10204,AMAZONAS,BAGUA,EL PARCO,PARTIDO APRISTA PERUANO,189
10204,AMAZONAS,BAGUA,EL PARCO,PARTIDO DEMOCRATICO SOMOS PERU,102
10206,AMAZONAS,BAGUA,IMAZA,AGRUPACION INDEPENDIENTE UNION POR EL PERU - FRENTE AMPLIO,411
10206,AMAZONAS,BAGUA,IMAZA,ALIANZA ELECTORAL UNIDAD NACIONAL,731
10206,AMAZONAS,BAGUA,IMAZA,ENERGIA COMUNAL AMAZONICA,577
10206,AMAZONAS,BAGUA,IMAZA,FUERZA DEMOCRATICA,1011
10206,AMAZONAS,BAGUA,IMAZA,PARTIDO APRISTA PERUANO,558
10206,AMAZONAS,BAGUA,IMAZA,PARTIDO DEMOCRATICO SOMOS PERU,119
10206,AMAZONAS,BAGUA,IMAZA,VISION AL FUTURO,971
10302,AMAZONAS,BONGARA,COROSHA,FUERZA DEMOCRATICA,36
10302,AMAZONAS,BONGARA,COROSHA,INTEGRACION 6 DE JUNIO,49
10302,AMAZONAS,BONGARA,COROSHA,PARTIDO APRISTA PERUANO,58
10302,AMAZONAS,BONGARA,COROSHA,PARTIDO PERU POSIBLE,2
10302,AMAZONAS,BONGARA,COROSHA,VICTORIA AMAZONENSE,76
10303,AMAZONAS,BONGARA,CUISPES,INTEGRACION 6 DE JUNIO,50
10303,AMAZONAS,BONGARA,CUISPES,PARTIDO ACCION POPULAR,50
10303,AMAZONAS,BONGARA,CUISPES,PARTIDO APRISTA PERUANO,52
10303,AMAZONAS,BONGARA,CUISPES,PARTIDO PERU POSIBLE,65
10303,AMAZONAS,BONGARA,CUISPES,VICTORIA AMAZONENSE,69
10304,AMAZONAS,BONGARA,CHISQUILLA,FUERZA DEMOCRATICA,13
10304,AMAZONAS,BONGARA,CHISQUILLA,INTEGRACION 6 DE JUNIO,6
10304,AMAZONAS,BONGARA,CHISQUILLA,PARTIDO APRISTA PERUANO,47
10304,AMAZONAS,BONGARA,CHISQUILLA,PARTIDO PERU POSIBLE,44
10304,AMAZONAS,BONGARA,CHISQUILLA,VICTORIA AMAZONENSE,23
10305,AMAZONAS,BONGARA,CHURUJA,INTEGRACION 6 DE JUNIO,34
10305,AMAZONAS,BONGARA,CHURUJA,PARTIDO ACCION POPULAR,59
10305,AMAZONAS,BONGARA,CHURUJA,PARTIDO APRISTA PERUANO,107
10305,AMAZONAS,BONGARA,CHURUJA,PARTIDO PERU POSIBLE,43
10306,AMAZONAS,BONGARA,FLORIDA,INTEGRACION 6 DE JUNIO,486
10306,AMAZONAS,BONGARA,FLORIDA,PARTIDO ACCION POPULAR,471
10306,AMAZONAS,BONGARA,FLORIDA,PARTIDO APRISTA PERUANO,366
10306,AMAZONAS,BONGARA,FLORIDA,PARTIDO PERU POSIBLE,201
10307,AMAZONAS,BONGARA,RECTA,FUERZA DEMOCRATICA,18
10307,AMAZONAS,BONGARA,RECTA,PARTIDO APRISTA PERUANO,158
10307,AMAZONAS,BONGARA,RECTA,PARTIDO PERU POSIBLE,50
10308,AMAZONAS,BONGARA,SAN CARLOS,INTEGRACION 6 DE JUNIO,111
10308,AMAZONAS,BONGARA,SAN CARLOS,PARTIDO ACCION POPULAR,21
10308,AMAZONAS,BONGARA,SAN CARLOS,PARTIDO APRISTA PERUANO,69
10308,AMAZONAS,BONGARA,SAN CARLOS,PARTIDO PERU POSIBLE,23
10309,AMAZONAS,BONGARA,SHIPASBAMBA,INTEGRACION 6 DE JUNIO,70
10309,AMAZONAS,BONGARA,SHIPASBAMBA,PARTIDO ACCION POPULAR,108
10309,AMAZONAS,BONGARA,SHIPASBAMBA,PARTIDO APRISTA PERUANO,35
10309,AMAZONAS,BONGARA,SHIPASBAMBA,PARTIDO PERU POSIBLE,42
10309,AMAZONAS,BONGARA,SHIPASBAMBA,VICTORIA AMAZONENSE,102
10310,AMAZONAS,BONGARA,VALERA,ALIANZA ELECTORAL UNIDAD NACIONAL,92
10310,AMAZONAS,BONGARA,VALERA,FUERZA DEMOCRATICA,58
10310,AMAZONAS,BONGARA,VALERA,INTEGRACION 6 DE JUNIO,85
10310,AMAZONAS,BONGARA,VALERA,PARTIDO APRISTA PERUANO,78
10310,AMAZONAS,BONGARA,VALERA,PARTIDO PERU POSIBLE,58
10311,AMAZONAS,BONGARA,YAMBRASBAMBA,ENERGIA COMUNAL AMAZONICA,6
10311,AMAZONAS,BONGARA,YAMBRASBAMBA,FUERZA DEMOCRATICA,207
10311,AMAZONAS,BONGARA,YAMBRASBAMBA,INTEGRACION 6 DE JUNIO,188
10311,AMAZONAS,BONGARA,YAMBRASBAMBA,"MOVIMIENTO INDEPENDIENTE ""YAMBRASBAMBA AL DESARROLLO""",324
10311,AMAZONAS,BONGARA,YAMBRASBAMBA,PARTIDO ACCION POPULAR,160
10311,AMAZONAS,BONGARA,YAMBRASBAMBA,PARTIDO APRISTA PERUANO,221
10311,AMAZONAS,BONGARA,YAMBRASBAMBA,PARTIDO PERU POSIBLE,132
10311,AMAZONAS,BONGARA,YAMBRASBAMBA,VICTORIA AMAZONENSE,84
10312,AMAZONAS,BONGARA,JAZAN,AGRUPACION INDEPENDIENTE UNION POR EL PERU - FRENTE AMPLIO,763
10312,AMAZONAS,BONGARA,JAZAN,ALIANZA ELECTORAL UNIDAD NACIONAL,220
10312,AMAZONAS,BONGARA,JAZAN,ENERGIA COMUNAL AMAZONICA,484
10312,AMAZONAS,BONGARA,JAZAN,INTEGRACION 6 DE JUNIO,342
10312,AMAZONAS,BONGARA,JAZAN,MOVIMIENTO NUEVA IZQUIERDA,330
10312,AMAZONAS,BONGARA,JAZAN,PARTIDO ACCION POPULAR,328
10312,AMAZONAS,BONGARA,JAZAN,PARTIDO APRISTA PERUANO,232
10312,AMAZONAS,BONGARA,JAZAN,PARTIDO PERU POSIBLE,203
10402,AMAZONAS,LUYA,CAMPORREDONDO,FUERZA DEMOCRATICA,599
10402,AMAZONAS,LUYA,CAMPORREDONDO,PARTIDO APRISTA PERUANO,387
10402,AMAZONAS,LUYA,CAMPORREDONDO,PARTIDO PERU POSIBLE,729
10403,AMAZONAS,LUYA,COCABAMBA,ALIANZA ELECTORAL UNIDAD NACIONAL,121
10403,AMAZONAS,LUYA,COCABAMBA,INTEGRACION 6 DE JUNIO,3
10403,AMAZONAS,LUYA,COCABAMBA,PARTIDO ACCION POPULAR,22
10403,AMAZONAS,LUYA,COCABAMBA,PARTIDO APRISTA PERUANO,132
10403,AMAZONAS,LUYA,COCABAMBA,PARTIDO PERU POSIBLE,215
10404,AMAZONAS,LUYA,COLCAMAR,ALIANZA ELECTORAL UNIDAD NACIONAL,135
10404,AMAZONAS,LUYA,COLCAMAR,ENERGIA COMUNAL AMAZONICA,35
10404,AMAZONAS,LUYA,COLCAMAR,FUERZA DEMOCRATICA,17
10404,AMAZONAS,LUYA,COLCAMAR,INTEGRACION 6 DE JUNIO,196
10404,AMAZONAS,LUYA,COLCAMAR,MOVIMIENTO CONSTRUYAMOS COLCAMAR,36
10404,AMAZONAS,LUYA,COLCAMAR,PARTIDO ACCION POPULAR,198
10404,AMAZONAS,LUYA,COLCAMAR,PARTIDO APRISTA PERUANO,175
10404,AMAZONAS,LUYA,COLCAMAR,PARTIDO PERU POSIBLE,136
10405,AMAZONAS,LUYA,CONILA,ALIANZA ELECTORAL UNIDAD NACIONAL,208
10405,AMAZONAS,LUYA,CONILA,ENERGIA COMUNAL AMAZONICA,158
10405,AMAZONAS,LUYA,CONILA,INTEGRACION 6 DE JUNIO,147
10405,AMAZONAS,LUYA,CONILA,PARTIDO APRISTA PERUANO,231
10405,AMAZONAS,LUYA,CONILA,PARTIDO PERU POSIBLE,114
10406,AMAZONAS,LUYA,INGUILPATA,ALIANZA ELECTORAL UNIDAD NACIONAL,106
10406,AMAZONAS,LUYA,INGUILPATA,PARTIDO ACCION POPULAR,47
10406,AMAZONAS,LUYA,INGUILPATA,PARTIDO APRISTA PERUANO,22
10406,AMAZONAS,LUYA,INGUILPATA,PARTIDO PERU POSIBLE,49
10407,AMAZONAS,LUYA,LONGUITA,ALIANZA ELECTORAL UNIDAD NACIONAL,108
10407,AMAZONAS,LUYA,LONGUITA,FUERZA DEMOCRATICA,30
10407,AMAZONAS,LUYA,LONGUITA,PARTIDO ACCION POPULAR,25
10407,AMAZONAS,LUYA,LONGUITA,PARTIDO APRISTA PERUANO,46
10407,AMAZONAS,LUYA,LONGUITA,PARTIDO PERU POSIBLE,66
10408,AMAZONAS,LUYA,LONYA CHICO,ALIANZA ELECTORAL UNIDAD NACIONAL,173
10408,AMAZONAS,LUYA,LONYA CHICO,ENERGIA COMUNAL AMAZONICA,102
10408,AMAZONAS,LUYA,LONYA CHICO,FUERZA DEMOCRATICA,146
10408,AMAZONAS,LUYA,LONYA CHICO,PARTIDO APRISTA PERUANO,49
10408,AMAZONAS,LUYA,LONYA CHICO,PARTIDO PERU POSIBLE,58
10409,AMAZONAS,LUYA,LUYA,ALIANZA ELECTORAL UNIDAD NACIONAL,220
10409,AMAZONAS,LUYA,LUYA,ENERGIA COMUNAL AMAZONICA,101
10409,AMAZONAS,LUYA,LUYA,FUERZA DEMOCRATICA,123
10409,AMAZONAS,LUYA,LUYA,INTEGRACION 6 DE JUNIO,97
10409,AMAZONAS,LUYA,LUYA,PARTIDO ACCION POPULAR,142
10409,AMAZONAS,LUYA,LUYA,PARTIDO APRISTA PERUANO,170
10409,AMAZONAS,LUYA,LUYA,PARTIDO PERU POSIBLE,499
10410,AMAZONAS,LUYA,LUYA VIEJO,INTEGRACION 6 DE JUNIO,52
10410,AMAZONAS,LUYA,LUYA VIEJO,PARTIDO APRISTA PERUANO,55
10410,AMAZONAS,LUYA,LUYA VIEJO,PARTIDO PERU POSIBLE,64
10411,AMAZONAS,LUYA,MARIA,ALIANZA ELECTORAL UNIDAD NACIONAL,19
10411,AMAZONAS,LUYA,MARIA,FUERZA DEMOCRATICA,48
10411,AMAZONAS,LUYA,MARIA,PARTIDO ACCION POPULAR,76
10411,AMAZONAS,LUYA,MARIA,PARTIDO APRISTA PERUANO,55
10411,AMAZONAS,LUYA,MARIA,PARTIDO PERU POSIBLE,98
10412,AMAZONAS,LUYA,OCALLI,ALIANZA ELECTORAL UNIDAD NACIONAL,201
10412,AMAZONAS,LUYA,OCALLI,ENERGIA COMUNAL AMAZONICA,153
10412,AMAZONAS,LUYA,OCALLI,PARTIDO APRISTA PERUANO,306
10412,AMAZONAS,LUYA,OCALLI,PARTIDO PERU POSIBLE,407
10413,AMAZONAS,LUYA,OCUMAL,ALIANZA ELECTORAL UNIDAD NACIONAL,361
10413,AMAZONAS,LUYA,OCUMAL,ENERGIA COMUNAL AMAZONICA,201
10413,AMAZONAS,LUYA,OCUMAL,FRENTE INDEPENDIENTE OCUMAL POR MAS OBRAS,75
10413,AMAZONAS,LUYA,OCUMAL,FUERZA DEMOCRATICA,127
10413,AMAZONAS,LUYA,OCUMAL,PARTIDO APRISTA PERUANO,389
10413,AMAZONAS,LUYA,OCUMAL,PARTIDO PERU POSIBLE,81
10414,AMAZONAS,LUYA,PISUQUIA,ALIANZA ELECTORAL UNIDAD NACIONAL,213
10414,AMAZONAS,LUYA,PISUQUIA,ENERGIA COMUNAL AMAZONICA,124
10414,AMAZONAS,LUYA,PISUQUIA,FUERZA DEMOCRATICA,51
10414,AMAZONAS,LUYA,PISUQUIA,INTEGRACION 6 DE JUNIO,73
10414,AMAZONAS,LUYA,PISUQUIA,PARTIDO ACCION POPULAR,98
10414,AMAZONAS,LUYA,PISUQUIA,PARTIDO APRISTA PERUANO,176
10414,AMAZONAS,LUYA,PISUQUIA,PARTIDO PERU POSIBLE,44
10415,AMAZONAS,LUYA,SAN CRISTOBAL,ALIANZA ELECTORAL UNIDAD NACIONAL,52
10415,AMAZONAS,LUYA,SAN CRISTOBAL,ENERGIA COMUNAL AMAZONICA,47
10415,AMAZONAS,LUYA,SAN CRISTOBAL,FUERZA DEMOCRATICA,87
10415,AMAZONAS,LUYA,SAN CRISTOBAL,INTEGRACION 6 DE JUNIO,16
10415,AMAZONAS,LUYA,SAN CRISTOBAL,PARTIDO APRISTA PERUANO,57
10415,AMAZONAS,LUYA,SAN CRISTOBAL,PARTIDO PERU POSIBLE,51
10416,AMAZONAS,LUYA,SAN FRANCISCO DE YESO,ALIANZA ELECTORAL UNIDAD NACIONAL,95
10416,AMAZONAS,LUYA,SAN FRANCISCO DE YESO,FUERZA DEMOCRATICA,143
10416,AMAZONAS,LUYA,SAN FRANCISCO DE YESO,PARTIDO APRISTA PERUANO,41
10416,AMAZONAS,LUYA,SAN FRANCISCO DE YESO,PARTIDO PERU POSIBLE,25
10417,AMAZONAS,LUYA,SAN JERONIMO,ALIANZA ELECTORAL UNIDAD NACIONAL,77
10417,AMAZONAS,LUYA,SAN JERONIMO,ENERGIA COMUNAL AMAZONICA,28
10417,AMAZONAS,LUYA,SAN JERONIMO,MOVIMIENTO INDEPENDIENTE DIGNIDAD Y DESARROLLO PACLAS,101
10417,AMAZONAS,LUYA,SAN JERONIMO,MOVIMIENTO INDEPENDIENTE PROGRESO COMUNAL,30
10417,AMAZONAS,LUYA,SAN JERONIMO,PARTIDO APRISTA PERUANO,63
10417,AMAZONAS,LUYA,SAN JERONIMO,PARTIDO PERU POSIBLE,37
10418,AMAZONAS,LUYA,SAN JUAN DE LOPECANCHA,PARTIDO PERU POSIBLE,93
10419,AMAZONAS,LUYA,SANTA CATALINA,ALIANZA ELECTORAL UNIDAD NACIONAL,125
10419,AMAZONAS,LUYA,SANTA CATALINA,FUERZA DEMOCRATICA,75
10419,AMAZONAS,LUYA,SANTA CATALINA,PARTIDO APRISTA PERUANO,64
10419,AMAZONAS,LUYA,SANTA CATALINA,PARTIDO PERU POSIBLE,121
10420,AMAZONAS,LUYA,SANTO TOMAS,ALIANZA ELECTORAL UNIDAD NACIONAL,168
10420,AMAZONAS,LUYA,SANTO TOMAS,ENERGIA COMUNAL AMAZONICA,247
10420,AMAZONAS,LUYA,SANTO TOMAS,FRENTE INDEPENDIENTE RENOVACION TOMASINA,337
10420,AMAZONAS,LUYA,SANTO TOMAS,INTEGRACION 6 DE JUNIO,174
10420,AMAZONAS,LUYA,SANTO TOMAS,PARTIDO ACCION POPULAR,86
10420,AMAZONAS,LUYA,SANTO TOMAS,PARTIDO APRISTA PERUANO,74
10420,AMAZONAS,LUYA,SANTO TOMAS,PARTIDO PERU POSIBLE,153
10421,AMAZONAS,LUYA,TINGO,ALIANZA ELECTORAL UNIDAD NACIONAL,20
10421,AMAZONAS,LUYA,TINGO,ENERGIA COMUNAL AMAZONICA,92
10421,AMAZONAS,LUYA,TINGO,INTEGRACION 6 DE JUNIO,80
10421,AMAZONAS,LUYA,TINGO,PARTIDO ACCION POPULAR,80
10421,AMAZONAS,LUYA,TINGO,PARTIDO APRISTA PERUANO,88
10421,AMAZONAS,LUYA,TINGO,PARTIDO PERU POSIBLE,64
10422,AMAZONAS,LUYA,TRITA,ALIANZA ELECTORAL UNIDAD NACIONAL,99
10422,AMAZONAS,LUYA,TRITA,FUERZA DEMOCRATICA,112
10422,AMAZONAS,LUYA,TRITA,INTEGRACION 6 DE JUNIO,4
10422,AMAZONAS,LUYA,TRITA,PARTIDO APRISTA PERUANO,108
10422,AMAZONAS,LUYA,TRITA,PARTIDO PERU POSIBLE,218
10423,AMAZONAS,LUYA,PROVIDENCIA,ALIANZA ELECTORAL UNIDAD NACIONAL,152
10423,AMAZONAS,LUYA,PROVIDENCIA,ENERGIA COMUNAL AMAZONICA,122
10423,AMAZONAS,LUYA,PROVIDENCIA,INTEGRACION 6 DE JUNIO,106
10423,AMAZONAS,LUYA,PROVIDENCIA,PARTIDO PERU POSIBLE,129
10502,AMAZONAS,RODRIGUEZ DE MENDOZA,COCHAMAL,"MOVIMIENTO INDEPENDIENTE ""CAMINO AL PROGRESO""",147
10502,AMAZONAS,RODRIGUEZ DE MENDOZA,COCHAMAL,MOVIMIENTO INDEPENDIENTE CONSTRUYENDO,37
10502,AMAZONAS,RODRIGUEZ DE MENDOZA,COCHAMAL,PARTIDO APRISTA PERUANO,107
10502,AMAZONAS,RODRIGUEZ DE MENDOZA,COCHAMAL,PARTIDO PERU POSIBLE,74
10503,AMAZONAS,RODRIGUEZ DE MENDOZA,CHIRIMOTO,"MOVIMIENTO INDEPENDIENTE ""CAMINO AL PROGRESO""",239
10503,AMAZONAS,RODRIGUEZ DE MENDOZA,CHIRIMOTO,PARTIDO APRISTA PERUANO,154
10503,AMAZONAS,RODRIGUEZ DE MENDOZA,CHIRIMOTO,PARTIDO PERU POSIBLE,195
10504,AMAZONAS,RODRIGUEZ DE MENDOZA,HUAMBO,ALIANZA ELECTORAL UNIDAD NACIONAL,385
10504,AMAZONAS,RODRIGUEZ DE MENDOZA,HUAMBO,"MOVIMIENTO INDEPENDIENTE ""CAMINO AL PROGRESO""",347
10504,AMAZONAS,RODRIGUEZ DE MENDOZA,HUAMBO,MOVIMIENTO INDEPENDIENTE CONSTRUYENDO,350
10504,AMAZONAS,RODRIGUEZ DE MENDOZA,HUAMBO,PARTIDO ACCION POPULAR,178
10504,AMAZONAS,RODRIGUEZ DE MENDOZA,HUAMBO,PARTIDO APRISTA PERUANO,345
10504,AMAZONAS,RODRIGUEZ DE MENDOZA,HUAMBO,PARTIDO PERU POSIBLE,222
10505,AMAZONAS,RODRIGUEZ DE MENDOZA,LIMABAMBA,"MOVIMIENTO INDEPENDIENTE ""CAMINO AL PROGRESO""",110
10505,AMAZONAS,RODRIGUEZ DE MENDOZA,LIMABAMBA,MOVIMIENTO INDEPENDIENTE CONSTRUYENDO,215
10505,AMAZONAS,RODRIGUEZ DE MENDOZA,LIMABAMBA,PARTIDO APRISTA PERUANO,211
10505,AMAZONAS,RODRIGUEZ DE MENDOZA,LIMABAMBA,PARTIDO PERU POSIBLE,298
10506,AMAZONAS,RODRIGUEZ DE MENDOZA,LONGAR,"MOVIMIENTO INDEPENDIENTE ""CAMINO AL PROGRESO""",55
10506,AMAZONAS,RODRIGUEZ DE MENDOZA,LONGAR,MOVIMIENTO INDEPENDIENTE CONSTRUYENDO,61
10506,AMAZONAS,RODRIGUEZ DE MENDOZA,LONGAR,PARTIDO ACCION POPULAR,475
10506,AMAZONAS,RODRIGUEZ DE MENDOZA,LONGAR,PARTIDO APRISTA PERUANO,153
10506,AMAZONAS,RODRIGUEZ DE MENDOZA,LONGAR,PARTIDO PERU POSIBLE,116
10507,AMAZONAS,RODRIGUEZ DE MENDOZA,MILPUCC,"MOVIMIENTO INDEPENDIENTE ""CAMINO AL PROGRESO""",115
10507,AMAZONAS,RODRIGUEZ DE MENDOZA,MILPUCC,MOVIMIENTO INDEPENDIENTE CONSTRUYENDO,18
10507,AMAZONAS,RODRIGUEZ DE MENDOZA,MILPUCC,PARTIDO ACCION POPULAR,88
10507,AMAZONAS,RODRIGUEZ DE MENDOZA,MILPUCC,PARTIDO APRISTA PERUANO,65
10507,AMAZONAS,RODRIGUEZ DE MENDOZA,MILPUCC,PARTIDO PERU POSIBLE,93
10508,AMAZONAS,RODRIGUEZ DE MENDOZA,MARISCAL BENAVIDES,"MOVIMIENTO INDEPENDIENTE ""CAMINO AL PROGRESO""",170
10508,AMAZONAS,RODRIGUEZ DE MENDOZA,MARISCAL BENAVIDES,MOVIMIENTO INDEPENDIENTE CONSTRUYENDO,19
10508,AMAZONAS,RODRIGUEZ DE MENDOZA,MARISCAL BENAVIDES,PARTIDO ACCION POPULAR,132
10508,AMAZONAS,RODRIGUEZ DE MENDOZA,MARISCAL BENAVIDES,PARTIDO APRISTA PERUANO,325
10508,AMAZONAS,RODRIGUEZ DE MENDOZA,MARISCAL BENAVIDES,PARTIDO PERU POSIBLE,166
10509,AMAZONAS,RODRIGUEZ DE MENDOZA,OMIA,"MOVIMIENTO INDEPENDIENTE ""CAMINO AL PROGRESO""",234
10509,AMAZONAS,RODRIGUEZ DE MENDOZA,OMIA,"MOVIMIENTO INDEPENDIENTE ""OMIA POR UN FUTURO MEJOR""",283
10509,AMAZONAS,RODRIGUEZ DE MENDOZA,OMIA,MOVIMIENTO INDEPENDIENTE CONSTRUYENDO,233
10509,AMAZONAS,RODRIGUEZ DE MENDOZA,OMIA,PARTIDO APRISTA PERUANO,222
10509,AMAZONAS,RODRIGUEZ DE MENDOZA,OMIA,PARTIDO PERU POSIBLE,285
10510,AMAZONAS,RODRIGUEZ DE MENDOZA,SANTA ROSA,MOVIMIENTO INDEPENDIENTE CONSTRUYENDO,153
10510,AMAZONAS,RODRIGUEZ DE MENDOZA,SANTA ROSA,PARTIDO APRISTA PERUANO,181
10510,AMAZONAS,RODRIGUEZ DE MENDOZA,SANTA ROSA,PARTIDO PERU POSIBLE,43
10511,AMAZONAS,RODRIGUEZ DE MENDOZA,TOTORA,PARTIDO APRISTA PERUANO,110
10511,AMAZONAS,RODRIGUEZ DE MENDOZA,TOTORA,PARTIDO PERU POSIBLE,250
10512,AMAZONAS,RODRIGUEZ DE MENDOZA,VISTA ALEGRE,MOVIMIENTO INDEPENDIENTE CONSTRUYENDO,21
10512,AMAZONAS,RODRIGUEZ DE MENDOZA,VISTA ALEGRE,PARTIDO APRISTA PERUANO,63
10512,AMAZONAS,RODRIGUEZ DE MENDOZA,VISTA ALEGRE,PARTIDO PERU POSIBLE,56
10602,AMAZONAS,CONDORCANQUI,RIO SANTIAGO,ALIANZA ELECTORAL UNIDAD NACIONAL,132
10602,AMAZONAS,CONDORCANQUI,RIO SANTIAGO,FRENTE POR EL DESARROLLO DE CONDORCANQUI,325
10602,AMAZONAS,CONDORCANQUI,RIO SANTIAGO,FUERZA DEMOCRATICA,307
10602,AMAZONAS,CONDORCANQUI,RIO SANTIAGO,INDIGENA CAMPESINO,270
10602,AMAZONAS,CONDORCANQUI,RIO SANTIAGO,MOVIMIENTO INDIGENA PARA EL CAMBIO Y DESARROLLO DE KANUS (MICADEK),418
10602,AMAZONAS,CONDORCANQUI,RIO SANTIAGO,MOVIMIENTO NUEVA IZQUIERDA,63
10602,AMAZONAS,CONDORCANQUI,RIO SANTIAGO,PARTIDO ACCION POPULAR,125
10602,AMAZONAS,CONDORCANQUI,RIO SANTIAGO,PARTIDO APRISTA PERUANO,174
10602,AMAZONAS,CONDORCANQUI,RIO SANTIAGO,PARTIDO PERU POSIBLE,135
10603,AMAZONAS,CONDORCANQUI,EL CENEPA,AGRUPACION INDEPENDIENTE UNION POR EL PERU - FRENTE AMPLIO,233
10603,AMAZONAS,CONDORCANQUI,EL CENEPA,ALIANZA ELECTORAL UNIDAD NACIONAL,318
10603,AMAZONAS,CONDORCANQUI,EL CENEPA,FRENTE POR EL DESARROLLO DE CONDORCANQUI,724
10603,AMAZONAS,CONDORCANQUI,EL CENEPA,FUERZA DEMOCRATICA,107
10603,AMAZONAS,CONDORCANQUI,EL CENEPA,INDIGENA CAMPESINO,159
10603,AMAZONAS,CONDORCANQUI,EL CENEPA,PARTIDO APRISTA PERUANO,138
10603,AMAZONAS,CONDORCANQUI,EL CENEPA,PARTIDO PERU POSIBLE,232
10702,AMAZONAS,UTCUBAMBA,CAJARURO,ALIANZA ELECTORAL UNIDAD NACIONAL,156
10702,AMAZONAS,UTCUBAMBA,CAJARURO,ENERGIA COMUNAL AMAZONICA,695
10702,AMAZONAS,UTCUBAMBA,CAJARURO,FUERZA DEMOCRATICA,291
10702,AMAZONAS,UTCUBAMBA,CAJARURO,INTEGRACION 6 DE JUNIO,33
10702,AMAZONAS,UTCUBAMBA,CAJARURO,MOVIMIENTO INDEPENDIENTE UNIDOS AL CAMPO,410
10702,AMAZONAS,UTCUBAMBA,CAJARURO,MOVIMIENTO NUEVA IZQUIERDA,157
10702,AMAZONAS,UTCUBAMBA,CAJARURO,OBRAS Y DESARROLLO,387
10702,AMAZONAS,UTCUBAMBA,CAJARURO,PARTIDO ACCION POPULAR,761
10702,AMAZONAS,UTCUBAMBA,CAJARURO,PARTIDO APRISTA PERUANO,423
10702,AMAZONAS,UTCUBAMBA,CAJARURO,PARTIDO DEMOCRATICO SOMOS PERU,337
10702,AMAZONAS,UTCUBAMBA,CAJARURO,PARTIDO PERU POSIBLE,371
10702,AMAZONAS,UTCUBAMBA,CAJARURO,PARTIDO POLITICO NACIONAL PRIMERO PERU,831
10702,AMAZONAS,UTCUBAMBA,CAJARURO,UNION CAMPESINA,492
10703,AMAZONAS,UTCUBAMBA,CUMBA,ALIANZA ELECTORAL UNIDAD NACIONAL,193
10703,AMAZONAS,UTCUBAMBA,CUMBA,ENERGIA COMUNAL AMAZONICA,599
10703,AMAZONAS,UTCUBAMBA,CUMBA,MOVIMIENTO INDEPENDIENTE UNIDOS AL CAMPO,666
10703,AMAZONAS,UTCUBAMBA,CUMBA,MOVIMIENTO NUEVA IZQUIERDA,70
10703,AMAZONAS,UTCUBAMBA,CUMBA,OBRAS Y DESARROLLO,355
10703,AMAZONAS,UTCUBAMBA,CUMBA,PARTIDO ACCION POPULAR,161
10703,AMAZONAS,UTCUBAMBA,CUMBA,PARTIDO APRISTA PERUANO,79
10703,AMAZONAS,UTCUBAMBA,CUMBA,PARTIDO DEMOCRATICO SOMOS PERU,52
10703,AMAZONAS,UTCUBAMBA,CUMBA,PARTIDO PERU POSIBLE,244
10703,AMAZONAS,UTCUBAMBA,CUMBA,PARTIDO POLITICO NACIONAL PRIMERO PERU,317
10704,AMAZONAS,UTCUBAMBA,EL MILAGRO,AGRUPACION INDEPENDIENTE UNION POR EL PERU - FRENTE AMPLIO,34
10704,AMAZONAS,UTCUBAMBA,EL MILAGRO,ALIANZA ELECTORAL UNIDAD NACIONAL,162
10704,AMAZONAS,UTCUBAMBA,EL MILAGRO,ENERGIA COMUNAL AMAZONICA,155
10704,AMAZONAS,UTCUBAMBA,EL MILAGRO,FUERZA DEMOCRATICA,29
10704,AMAZONAS,UTCUBAMBA,EL MILAGRO,MOVIMIENTO INDEPENDIENTE UNIDOS AL CAMPO,68
10704,AMAZONAS,UTCUBAMBA,EL MILAGRO,MOVIMIENTO NUEVA IZQUIERDA,49
10704,AMAZONAS,UTCUBAMBA,EL MILAGRO,OBRAS Y DESARROLLO,67
10704,AMAZONAS,UTCUBAMBA,EL MILAGRO,PARTIDO ACCION POPULAR,285
10704,AMAZONAS,UTCUBAMBA,EL MILAGRO,PARTIDO APRISTA PERUANO,84
10704,AMAZONAS,UTCUBAMBA,EL MILAGRO,PARTIDO PERU POSIBLE,146
10704,AMAZONAS,UTCUBAMBA,EL MILAGRO,PARTIDO POLITICO NACIONAL PRIMERO PERU,19
10705,AMAZONAS,UTCUBAMBA,JAMALCA,ALIANZA ELECTORAL UNIDAD NACIONAL,140
10705,AMAZONAS,UTCUBAMBA,JAMALCA,ENERGIA COMUNAL AMAZONICA,164
10705,AMAZONAS,UTCUBAMBA,JAMALCA,MOVIMIENTO INDEPENDIENTE UNIDOS AL CAMPO,213
10705,AMAZONAS,UTCUBAMBA,JAMALCA,OBRAS Y DESARROLLO,354
10705,AMAZONAS,UTCUBAMBA,JAMALCA,PARTIDO ACCION POPULAR,50
10705,AMAZONAS,UTCUBAMBA,JAMALCA,PARTIDO APRISTA PERUANO,526
10705,AMAZONAS,UTCUBAMBA,JAMALCA,PARTIDO PERU POSIBLE,204
10705,AMAZONAS,UTCUBAMBA,JAMALCA,PARTIDO POLITICO NACIONAL PRIMERO PERU,449
10706,AMAZONAS,UTCUBAMBA,LONYA GRANDE,ENERGIA COMUNAL AMAZONICA,605
10706,AMAZONAS,UTCUBAMBA,LONYA GRANDE,MOVIMIENTO INDEPENDIENTE UNIDOS AL CAMPO,287
10706,AMAZONAS,UTCUBAMBA,LONYA GRANDE,PARTIDO ACCION POPULAR,340
10706,AMAZONAS,UTCUBAMBA,LONYA GRANDE,PARTIDO APRISTA PERUANO,393
10706,AMAZONAS,UTCUBAMBA,LONYA GRANDE,PARTIDO PERU POSIBLE,823
10706,AMAZONAS,UTCUBAMBA,LONYA GRANDE,PARTIDO POLITICO NACIONAL PRIMERO PERU,248
10707,AMAZONAS,UTCUBAMBA,YAMON,ALIANZA ELECTORAL UNIDAD NACIONAL,106
10707,AMAZONAS,UTCUBAMBA,YAMON,ENERGIA COMUNAL AMAZONICA,182
10707,AMAZONAS,UTCUBAMBA,YAMON,MOVIMIENTO INDEPENDIENTE UNIDOS AL CAMPO,188
10707,AMAZONAS,UTCUBAMBA,YAMON,OBRAS Y DESARROLLO,51
10707,AMAZONAS,UTCUBAMBA,YAMON,PARTIDO ACCION POPULAR,24
10707,AMAZONAS,UTCUBAMBA,YAMON,PARTIDO APRISTA PERUANO,55
10707,AMAZONAS,UTCUBAMBA,YAMON,PARTIDO DEMOCRATICO SOMOS PERU,145
10707,AMAZONAS,UTCUBAMBA,YAMON,PARTIDO PERU POSIBLE,70
10707,AMAZONAS,UTCUBAMBA,YAMON,PARTIDO POLITICO NACIONAL PRIMERO PERU,144
20102,ANCASH,HUARAZ,INDEPENDENCIA,AGRUPACION INDEPENDIENTE UNION POR EL PERU - FRENTE AMPLIO,297
20102,ANCASH,HUARAZ,INDEPENDENCIA,ALIANZA ELECTORAL UNIDAD NACIONAL,1484
20102,ANCASH,HUARAZ,INDEPENDENCIA,ALIANZA ELECTORAL VAMOS VECINO,305
20102,ANCASH,HUARAZ,INDEPENDENCIA,ALIANZA PARA EL PROGRESO,100
20102,ANCASH,HUARAZ,INDEPENDENCIA,FRENTE CIVICO ANCASHINO,725
20102,ANCASH,HUARAZ,INDEPENDENCIA,MOVIMIENTO ACCION NACIONALISTA PERUANO (MANPE),2626
20102,ANCASH,HUARAZ,INDEPENDENCIA,MOVIMIENTO AMPLIO PAIS UNIDO - MAPU,475
20102,ANCASH,HUARAZ,INDEPENDENCIA,MOVIMIENTO INDEPENDIENTE AMANECER HUARACINO,451
20102,ANCASH,HUARAZ,INDEPENDENCIA,MOVIMIENTO INDEPENDIENTE CREE Y VIVE,225
20102,ANCASH,HUARAZ,INDEPENDENCIA,MOVIMIENTO INDEPENDIENTE HUARAZ AVANZA,309
20102,ANCASH,HUARAZ,INDEPENDENCIA,MOVIMIENTO INDEPENDIENTE RECONSTRUYAMOS HUARAZ - MIRE HUARAZ,6377
20102,ANCASH,HUARAZ,INDEPENDENCIA,MOVIMIENTO INDEPENDIENTE SIEMPRE UNIDOS,1958
20102,ANCASH,HUARAZ,INDEPENDENCIA,MOVIMIENTO NUEVA IZQUIERDA,715
20102,ANCASH,HUARAZ,INDEPENDENCIA,PARTIDO ACCION POPULAR,260
20102,ANCASH,HUARAZ,INDEPENDENCIA,PARTIDO APRISTA PERUANO,1221
20102,ANCASH,HUARAZ,INDEPENDENCIA,PARTIDO DEMOCRATICO SOMOS PERU,3686
20102,ANCASH,HUARAZ,INDEPENDENCIA,PARTIDO PERU POSIBLE,2054
20102,ANCASH,HUARAZ,INDEPENDENCIA,PARTIDO RENACIMIENTO ANDINO,791
20103,ANCASH,HUARAZ,COCHABAMBA,AGRUPACION INDEPENDIENTE UNION POR EL PERU - FRENTE AMPLIO,201
20103,ANCASH,HUARAZ,COCHABAMBA,ALIANZA ELECTORAL UNIDAD NACIONAL,28
20103,ANCASH,HUARAZ,COCHABAMBA,FRENTE CIVICO ANCASHINO,23
20103,ANCASH,HUARAZ,COCHABAMBA,MOVIMIENTO ACCION NACIONALISTA PERUANO (MANPE),29
20103,ANCASH,HUARAZ,COCHABAMBA,MOVIMIENTO INDEPENDIENTE AMANECER HUARACINO,71
20103,ANCASH,HUARAZ,COCHABAMBA,MOVIMIENTO INDEPENDIENTE RECONSTRUYAMOS HUARAZ - MIRE HUARAZ,123
20103,ANCASH,HUARAZ,COCHABAMBA,PARTIDO APRISTA PERUANO,156
20103,ANCASH,HUARAZ,COCHABAMBA,PARTIDO PERU POSIBLE,14
20104,ANCASH,HUARAZ,COLCABAMBA,COLCABAMBA PROGRESO AL MAÑANA,14
20104,ANCASH,HUARAZ,COLCABAMBA,FRENTE CIVICO ANCASHINO,20
20104,ANCASH,HUARAZ,COLCABAMBA,MOVIMIENTO ACCION NACIONALISTA PERUANO (MANPE),1
20104,ANCASH,HUARAZ,COLCABAMBA,MOVIMIENTO INDEPENDIENTE AMANECER HUARACINO,3
20104,ANCASH,HUARAZ,COLCABAMBA,MOVIMIENTO INDEPENDIENTE RECONSTRUYAMOS HUARAZ - MIRE HUARAZ,5
20104,ANCASH,HUARAZ,COLCABAMBA,PARTIDO DEMOCRATICO SOMOS PERU,30
20104,ANCASH,HUARAZ,COLCABAMBA,PARTIDO PERU POSIBLE,34
20105,ANCASH,HUARAZ,HUANCHAY,ACCION PARA EL DESARROLLO DE HUANCHAY,159
20105,ANCASH,HUARAZ,HUANCHAY,AGRUPACION INDEPENDIENTE UNION POR EL PERU - FRENTE AMPLIO,21
20105,ANCASH,HUARAZ,HUANCHAY,EL CAMINO DE HUANCHAY,53
20105,ANCASH,HUARAZ,HUANCHAY,FRENTE INDEPENDIENTE DE LUCHA DE HUANCHAY,12
20105,ANCASH,HUARAZ,HUANCHAY,MOVIMIENTO ACCION NACIONALISTA PERUANO (MANPE),31
20105,ANCASH,HUARAZ,HUANCHAY,MOVIMIENTO INDEPENDIENTE AMANECER HUARACINO,24
20105,ANCASH,HUARAZ,HUANCHAY,MOVIMIENTO INDEPENDIENTE CREE Y VIVE,19
20105,ANCASH,HUARAZ,HUANCHAY,MOVIMIENTO INDEPENDIENTE HUARAZ AVANZA,5
20105,ANCASH,HUARAZ,HUANCHAY,MOVIMIENTO INDEPENDIENTE RECONSTRUYAMOS HUARAZ - MIRE HUARAZ,80
20105,ANCASH,HUARAZ,HUANCHAY,MOVIMIENTO INDEPENDIENTE VOCERO INTEGRACION DESARROLLO Y AVANZADA - VIDA HUANCHAY,38
20105,ANCASH,HUARAZ,HUANCHAY,MOVIMIENTO NUEVA IZQUIERDA,9
20105,ANCASH,HUARAZ,HUANCHAY,PARTIDO ACCION POPULAR,21
20105,ANCASH,HUARAZ,HUANCHAY,PARTIDO DEMOCRATICO SOMOS PERU,10
20105,ANCASH,HUARAZ,HUANCHAY,PARTIDO PERU POSIBLE,32
20105,ANCASH,HUARAZ,HUANCHAY,PARTIDO RENACIMIENTO ANDINO,37
20105,ANCASH,HUARAZ,HUANCHAY,TRANSFORMEMOS HUANCHAY,19
20106,ANCASH,HUARAZ,JANGAS,ALIANZA ELECTORAL UNIDAD NACIONAL,255
20106,ANCASH,HUARAZ,JANGAS,EL LABRADOR,35
20106,ANCASH,HUARAZ,JANGAS,FRENTE CIVICO ANCASHINO,29
20106,ANCASH,HUARAZ,JANGAS,MOVIMIENTO ACCION NACIONALISTA PERUANO (MANPE),29
20106,ANCASH,HUARAZ,JANGAS,MOVIMIENTO INDEPENDIENTE AMANECER HUARACINO,465
20106,ANCASH,HUARAZ,JANGAS,MOVIMIENTO INDEPENDIENTE CREE Y VIVE,35
20106,ANCASH,HUARAZ,JANGAS,MOVIMIENTO INDEPENDIENTE HUARAZ AVANZA,62
20106,ANCASH,HUARAZ,JANGAS,MOVIMIENTO INDEPENDIENTE RECONSTRUYAMOS HUARAZ - MIRE HUARAZ,27
20106,ANCASH,HUARAZ,JANGAS,PARTIDO APRISTA PERUANO,38
20106,ANCASH,HUARAZ,JANGAS,PARTIDO DEMOCRATICO SOMOS PERU,282
20106,ANCASH,HUARAZ,JANGAS,PARTIDO PERU POSIBLE,132
20106,ANCASH,HUARAZ,JANGAS,PARTIDO RENACIMIENTO ANDINO,392
20107,ANCASH,HUARAZ,LA LIBERTAD,FRENTE CIVICO ANCASHINO,6
20107,ANCASH,HUARAZ,LA LIBERTAD,LA PLANTA DE LA LIBERTAD,115
20107,ANCASH,HUARAZ,LA LIBERTAD,MOVIMIENTO INDEPENDIENTE CAJAMARQUILLA A LA MODERNIDAD,9
20107,ANCASH,HUARAZ,LA LIBERTAD,MOVIMIENTO INDEPENDIENTE RECONSTRUYAMOS HUARAZ - MIRE HUARAZ,145
20107,ANCASH,HUARAZ,LA LIBERTAD,NUEVO CAJAMARQUILLA,22
20107,ANCASH,HUARAZ,LA LIBERTAD,PARTIDO DEMOCRATICO SOMOS PERU,17
20107,ANCASH,HUARAZ,LA LIBERTAD,PARTIDO PERU POSIBLE,47
20107,ANCASH,HUARAZ,LA LIBERTAD,PARTIDO RENACIMIENTO ANDINO,135
20108,ANCASH,HUARAZ,OLLEROS,AGRUPACION INDEPENDIENTE UNION POR EL PERU - FRENTE AMPLIO,51
20108,ANCASH,HUARAZ,OLLEROS,FRENTE CIVICO ANCASHINO,155
20108,ANCASH,HUARAZ,OLLEROS,MOVIMIENTO ACCION NACIONALISTA PERUANO (MANPE),109
20108,ANCASH,HUARAZ,OLLEROS,MOVIMIENTO AMPLIO PAIS UNIDO - MAPU,33
20108,ANCASH,HUARAZ,OLLEROS,MOVIMIENTO INDEPENDIENTE AMANECER HUARACINO,6
20108,ANCASH,HUARAZ,OLLEROS,MOVIMIENTO INDEPENDIENTE RECONSTRUYAMOS HUARAZ - MIRE HUARAZ,11
20108,ANCASH,HUARAZ,OLLEROS,MOVIMIENTO INDEPENDIENTE SIEMPRE UNIDOS,16
20108,ANCASH,HUARAZ,OLLEROS,MOVIMIENTO NUEVA IZQUIERDA,207
20108,ANCASH,HUARAZ,OLLEROS,PARTIDO ACCION POPULAR,48
20108,ANCASH,HUARAZ,OLLEROS,PARTIDO DEMOCRATICO SOMOS PERU,191
20108,ANCASH,HUARAZ,OLLEROS,PARTIDO PERU POSIBLE,76
20108,ANCASH,HUARAZ,OLLEROS,PARTIDO RENACIMIENTO ANDINO,23
20109,ANCASH,HUARAZ,PAMPAS,ALIANZA ELECTORAL UNIDAD NACIONAL,9
20109,ANCASH,HUARAZ,PAMPAS,MOVIMIENTO INDEPENDIENTE AMANECER HUARACINO,50
20109,ANCASH,HUARAZ,PAMPAS,MOVIMIENTO INDEPENDIENTE PAMPAS AGRARIO,296
20109,ANCASH,HUARAZ,PAMPAS,MOVIMIENTO INDEPENDIENTE RECONSTRUYAMOS HUARAZ - MIRE HUARAZ,72
20109,ANCASH,HUARAZ,PAMPAS,MOVIMIENTO NUEVA IZQUIERDA,25
20109,ANCASH,HUARAZ,PAMPAS,PARTIDO APRISTA PERUANO,54
20109,ANCASH,HUARAZ,PAMPAS,PARTIDO PERU POSIBLE,56
20109,ANCASH,HUARAZ,PAMPAS,PARTIDO RENACIMIENTO ANDINO,18
20110,ANCASH,HUARAZ,PARIACOTO,AGRUPACION INDEPENDIENTE UNION POR EL PERU - FRENTE AMPLIO,146
20110,ANCASH,HUARAZ,PARIACOTO,ALIANZA ELECTORAL UNIDAD NACIONAL,34
20110,ANCASH,HUARAZ,PARIACOTO,FRENTE CIVICO ANCASHINO,13
20110,ANCASH,HUARAZ,PARIACOTO,MOVIMIENTO ACCION NACIONALISTA PERUANO (MANPE),355
20110,ANCASH,HUARAZ,PARIACOTO,MOVIMIENTO INDEPENDIENTE AMANECER HUARACINO,62
20110,ANCASH,HUARAZ,PARIACOTO,MOVIMIENTO INDEPENDIENTE RECONSTRUYAMOS HUARAZ - MIRE HUARAZ,218
20110,ANCASH,HUARAZ,PARIACOTO,PARTIDO ACCION POPULAR,166
20110,ANCASH,HUARAZ,PARIACOTO,PARTIDO APRISTA PERUANO,134
20110,ANCASH,HUARAZ,PARIACOTO,PARTIDO PERU POSIBLE,119
20110,ANCASH,HUARAZ,PARIACOTO,PARTIDO RENACIMIENTO ANDINO,312
20111,ANCASH,HUARAZ,PIRA,ALIANZA ELECTORAL UNIDAD NACIONAL,89
20111,ANCASH,HUARAZ,PIRA,FRENTE CIVICO ANCASHINO,272
20111,ANCASH,HUARAZ,PIRA,MOVIMIENTO ACCION NACIONALISTA PERUANO (MANPE),25
20111,ANCASH,HUARAZ,PIRA,MOVIMIENTO INDEPENDIENTE AMANECER HUARACINO,104
20111,ANCASH,HUARAZ,PIRA,MOVIMIENTO INDEPENDIENTE HUARAZ AVANZA,13
20111,ANCASH,HUARAZ,PIRA,MOVIMIENTO INDEPENDIENTE RECONSTRUYAMOS HUARAZ - MIRE HUARAZ,346
20111,ANCASH,HUARAZ,PIRA,PARTIDO APRISTA PERUANO,51
20111,ANCASH,HUARAZ,PIRA,PARTIDO DEMOCRATICO SOMOS PERU,60
20111,ANCASH,HUARAZ,PIRA,PARTIDO PERU POSIBLE,28
20111,ANCASH,HUARAZ,PIRA,PARTIDO RENACIMIENTO ANDINO,169
20112,ANCASH,HUARAZ,TARICA,ALIANZA ELECTORAL VAMOS VECINO,468
20112,ANCASH,HUARAZ,TARICA,FRENTE CIVICO ANCASHINO,76
20112,ANCASH,HUARAZ,TARICA,MOVIMIENTO ACCION NACIONALISTA PERUANO (MANPE),115
20112,ANCASH,HUARAZ,TARICA,MOVIMIENTO INDEPENDIENTE AMANECER HUARACINO,225
20112,ANCASH,HUARAZ,TARICA,MOVIMIENTO INDEPENDIENTE HUARAZ AVANZA,329
20112,ANCASH,HUARAZ,TARICA,MOVIMIENTO INDEPENDIENTE RECONSTRUYAMOS HUARAZ - MIRE HUARAZ,86
20112,ANCASH,HUARAZ,TARICA,MOVIMIENTO NUEVA IZQUIERDA,141
20112,ANCASH,HUARAZ,TARICA,PARTIDO PERU POSIBLE,250
20112,ANCASH,HUARAZ,TARICA,PARTIDO RENACIMIENTO ANDINO,191
20203,ANCASH,AIJA,CORIS,AIJINOS EN ACCION,20
20203,ANCASH,AIJA,CORIS,ALIANZA ELECTORAL UNIDAD NACIONAL,44
20203,ANCASH,AIJA,CORIS,"FRENTE DEMOCRATICO ""AMA SUA""",91
20203,ANCASH,AIJA,CORIS,FUERZA DEMOCRATICA,52
20203,ANCASH,AIJA,CORIS,MOVIMIENTO NUEVA IZQUIERDA,11
20203,ANCASH,AIJA,CORIS,PARTIDO ACCION POPULAR,10
20203,ANCASH,AIJA,CORIS,PARTIDO APRISTA PERUANO,100
20203,ANCASH,AIJA,CORIS,PARTIDO DEMOCRATICO SOMOS PERU,12
20203,ANCASH,AIJA,CORIS,PARTIDO PERU POSIBLE,257
20203,ANCASH,AIJA,CORIS,PARTIDO RENACIMIENTO ANDINO,12
20205,ANCASH,AIJA,HUACLLAN,AIJINOS EN ACCION,32
20205,ANCASH,AIJA,HUACLLAN,ALIANZA ELECTORAL UNIDAD NACIONAL,7
20205,ANCASH,AIJA,HUACLLAN,"FRENTE DEMOCRATICO ""AMA SUA""",58
20205,ANCASH,AIJA,HUACLLAN,FUERZA DEMOCRATICA,34
20205,ANCASH,AIJA,HUACLLAN,PARTIDO ACCION POPULAR,23
20205,ANCASH,AIJA,HUACLLAN,PARTIDO DEMOCRATICO SOMOS PERU,22
20205,ANCASH,AIJA,HUACLLAN,PARTIDO PERU POSIBLE,33
20206,ANCASH,AIJA,LA MERCED,AIJINOS EN ACCION,71
20206,ANCASH,AIJA,LA MERCED,ALIANZA ELECTORAL UNIDAD NACIONAL,56
20206,ANCASH,AIJA,LA MERCED,"FRENTE DEMOCRATICO ""AMA SUA""",189
20206,ANCASH,AIJA,LA MERCED,FUERZA DEMOCRATICA,158
20206,ANCASH,AIJA,LA MERCED,MOVIMIENTO NUEVA IZQUIERDA,183
20206,ANCASH,AIJA,LA MERCED,PARTIDO ACCION POPULAR,113
20206,ANCASH,AIJA,LA MERCED,PARTIDO APRISTA PERUANO,48
20206,ANCASH,AIJA,LA MERCED,PARTIDO DEMOCRATICO SOMOS PERU,76
20206,ANCASH,AIJA,LA MERCED,PARTIDO PERU POSIBLE,44
20206,ANCASH,AIJA,LA MERCED,PARTIDO RENACIMIENTO ANDINO,37
20208,ANCASH,AIJA,SUCCHA,AIJINOS EN ACCION,24
20208,ANCASH,AIJA,SUCCHA,ALIANZA ELECTORAL UNIDAD NACIONAL,29
20208,ANCASH,AIJA,SUCCHA,"FRENTE DEMOCRATICO ""AMA SUA""",83
20208,ANCASH,AIJA,SUCCHA,FUERZA DEMOCRATICA,68
20208,ANCASH,AIJA,SUCCHA,PARTIDO ACCION POPULAR,54
20208,ANCASH,AIJA,SUCCHA,PARTIDO APRISTA PERUANO,39
20208,ANCASH,AIJA,SUCCHA,PARTIDO DEMOCRATICO SOMOS PERU,14
20208,ANCASH,AIJA,SUCCHA,PARTIDO PERU POSIBLE,56
20208,ANCASH,AIJA,SUCCHA,PARTIDO RENACIMIENTO ANDINO,35
20302,ANCASH,BOLOGNESI,ABELARDO PARDO LEZAMETA,ALIANZA ELECTORAL UNIDAD NACIONAL,32
20302,ANCASH,BOLOGNESI,ABELARDO PARDO LEZAMETA,MOVIMIENTO INDEPENDIENTE LOS ANDES UNIDOS DE BOLOGNESI,11
20302,ANCASH,BOLOGNESI,ABELARDO PARDO LEZAMETA,MOVIMIENTO NUEVA IZQUIERDA,11
20302,ANCASH,BOLOGNESI,ABELARDO PARDO LEZAMETA,PARTIDO APRISTA PERUANO,19
20302,ANCASH,BOLOGNESI,ABELARDO PARDO LEZAMETA,PARTIDO PERU POSIBLE,25
20304,ANCASH,BOLOGNESI,AQUIA,FRENTE CIVICO DE BOLOGNESI,196
20304,ANCASH,BOLOGNESI,AQUIA,MOVIMIENTO DESARROLLEMOS CON EL VALOR DE BOLOGNESI,56
20304,ANCASH,BOLOGNESI,AQUIA,MOVIMIENTO INDEPENDIENTE LOS ANDES UNIDOS DE BOLOGNESI,232
20304,ANCASH,BOLOGNESI,AQUIA,MOVIMIENTO NUEVA IZQUIERDA,22
20304,ANCASH,BOLOGNESI,AQUIA,"MOVIMIENTO PARA EL AVANCE DE BOLOGNESI ""M.A.B.""",168
20304,ANCASH,BOLOGNESI,AQUIA,PARTIDO APRISTA PERUANO,107
20304,ANCASH,BOLOGNESI,AQUIA,PARTIDO PERU POSIBLE,68
20305,ANCASH,BOLOGNESI,CAJACAY,AGRUPACION VECINAL ALTERNATIVA CAJACAINO,29
20305,ANCASH,BOLOGNESI,CAJACAY,ALIANZA ELECTORAL UNIDAD NACIONAL,23
20305,ANCASH,BOLOGNESI,CAJACAY,FRENTE CIVICO DE BOLOGNESI,115
20305,ANCASH,BOLOGNESI,CAJACAY,FRENTE INDEPENDIENTE MORALIZADOR,73
20305,ANCASH,BOLOGNESI,CAJACAY,MOVIMIENTO DESARROLLEMOS CON EL VALOR DE BOLOGNESI,13
20305,ANCASH,BOLOGNESI,CAJACAY,MOVIMIENTO INDEPENDIENTE LOS ANDES UNIDOS DE BOLOGNESI,43
20305,ANCASH,BOLOGNESI,CAJACAY,"MOVIMIENTO INNOVADOR TODOS A LA OBRA ""M.I.T.O.""",65
20305,ANCASH,BOLOGNESI,CAJACAY,MOVIMIENTO NUEVA IZQUIERDA,102
20305,ANCASH,BOLOGNESI,CAJACAY,PARTIDO APRISTA PERUANO,141
20305,ANCASH,BOLOGNESI,CAJACAY,PARTIDO PERU POSIBLE,29
20310,ANCASH,BOLOGNESI,HUAYLLACAYAN,AGRUPACION INDEPENDIENTE UNION POR EL PERU - FRENTE AMPLIO,41
20310,ANCASH,BOLOGNESI,HUAYLLACAYAN,ALIANZA ELECTORAL UNIDAD NACIONAL,72
20310,ANCASH,BOLOGNESI,HUAYLLACAYAN,FRENTE CIVICO DE BOLOGNESI,32
20310,ANCASH,BOLOGNESI,HUAYLLACAYAN,MOVIMIENTO INDEPENDIENTE PRODUCTOS HABAS,116
20310,ANCASH,BOLOGNESI,HUAYLLACAYAN,MOVIMIENTO NUEVA IZQUIERDA,77
20310,ANCASH,BOLOGNESI,HUAYLLACAYAN,PARTIDO APRISTA PERUANO,15
20311,ANCASH,BOLOGNESI,HUASTA,FRENTE CIVICO DE BOLOGNESI,63
20311,ANCASH,BOLOGNESI,HUASTA,MOVIMIENTO DESARROLLEMOS CON EL VALOR DE BOLOGNESI,156
20311,ANCASH,BOLOGNESI,HUASTA,MOVIMIENTO NUEVA IZQUIERDA,58
20313,ANCASH,BOLOGNESI,MANGAS,FRENTE CIVICO DE BOLOGNESI,158
20313,ANCASH,BOLOGNESI,MANGAS,MOVIMIENTO INDEPENDIENTE LOS ANDES UNIDOS DE BOLOGNESI,1
20313,ANCASH,BOLOGNESI,MANGAS,PARTIDO PERU POSIBLE,126
20315,ANCASH,BOLOGNESI,PACLLON,FRENTE CIVICO DE BOLOGNESI,87
20315,ANCASH,BOLOGNESI,PACLLON,MOVIMIENTO NUEVA IZQUIERDA,43
20315,ANCASH,BOLOGNESI,PACLLON,MOVIMIENTO PACLLON A LA VANGUARDIA,121
20315,ANCASH,BOLOGNESI,PACLLON,PARTIDO APRISTA PERUANO,113
20315,ANCASH,BOLOGNESI,PACLLON,PARTIDO PERU POSIBLE,28
20317,ANCASH,BOLOGNESI,SAN MIGUEL DE CORPANQUI,ALIANZA ELECTORAL UNIDAD NACIONAL,17
20317,ANCASH,BOLOGNESI,SAN MIGUEL DE CORPANQUI,FRENTE CIVICO DE BOLOGNESI,5
20317,ANCASH,BOLOGNESI,SAN MIGUEL DE CORPANQUI,MOVIMIENTO INDEPENDIENTE LOS ANDES UNIDOS DE BOLOGNESI,48
20317,ANCASH,BOLOGNESI,SAN MIGUEL DE CORPANQUI,"MOVIMIENTO PARA EL AVANCE DE BOLOGNESI ""M.A.B.""",18
20317,ANCASH,BOLOGNESI,SAN MIGUEL DE CORPANQUI,PARTIDO PERU POSIBLE,68
20320,ANCASH,BOLOGNESI,TICLLOS,ALIANZA ELECTORAL UNIDAD NACIONAL,10
20320,ANCASH,BOLOGNESI,TICLLOS,FRENTE CIVICO DE BOLOGNESI,12
20320,ANCASH,BOLOGNESI,TICLLOS,MOVIMIENTO DESARROLLEMOS CON EL VALOR DE BOLOGNESI,74
20320,ANCASH,BOLOGNESI,TICLLOS,MOVIMIENTO INDEPENDIENTE LOS ANDES UNIDOS DE BOLOGNESI,28
20320,ANCASH,BOLOGNESI,TICLLOS,"MOVIMIENTO PARA EL AVANCE DE BOLOGNESI ""M.A.B.""",18
20320,ANCASH,BOLOGNESI,TICLLOS,PARTIDO APRISTA PERUANO,21
20320,ANCASH,BOLOGNESI,TICLLOS,PARTIDO PERU POSIBLE,44
20321,ANCASH,BOLOGNESI,ANTONIO RAIMONDI,AVANCEMOS RAYMONDINOS,119
20321,ANCASH,BOLOGNESI,ANTONIO RAIMONDI,MOVIMIENTO INDEPENDIENTE ANTONIO RAYMONDI,97
20321,ANCASH,BOLOGNESI,ANTONIO RAIMONDI,MOVIMIENTO PROGRESO MAS PROGRESO,169
20321,ANCASH,BOLOGNESI,ANTONIO RAIMONDI,PARTIDO APRISTA PERUANO,173
20321,ANCASH,BOLOGNESI,ANTONIO RAIMONDI,PARTIDO PERU POSIBLE,41
20322,ANCASH,BOLOGNESI,CANIS,MOVIMIENTO INDEPENDIENTE LOS ANDES UNIDOS DE BOLOGNESI,106
20322,ANCASH,BOLOGNESI,CANIS,PARTIDO PERU POSIBLE,109
20323,ANCASH,BOLOGNESI,COLQUIOC,ALIANZA ELECTORAL UNIDAD NACIONAL,146
20323,ANCASH,BOLOGNESI,COLQUIOC,FRENTE CIVICO DE BOLOGNESI,79
20323,ANCASH,BOLOGNESI,COLQUIOC,MOVIMIENTO DESARROLLEMOS CON EL VALOR DE BOLOGNESI,138
20323,ANCASH,BOLOGNESI,COLQUIOC,MOVIMIENTO INDEPENDIENTE LOS ANDES UNIDOS DE BOLOGNESI,72
20323,ANCASH,BOLOGNESI,COLQUIOC,"MOVIMIENTO PARA EL AVANCE DE BOLOGNESI ""M.A.B.""",40
20323,ANCASH,BOLOGNESI,COLQUIOC,PARTIDO APRISTA PERUANO,189
20323,ANCASH,BOLOGNESI,COLQUIOC,PARTIDO PERU POSIBLE,62
20324,ANCASH,BOLOGNESI,LA PRIMAVERA,FRENTE CIVICO DE BOLOGNESI,19
20324,ANCASH,BOLOGNESI,LA PRIMAVERA,MOVIMIENTO INDEPENDIENTE LOS ANDES UNIDOS DE BOLOGNESI,2
20324,ANCASH,BOLOGNESI,LA PRIMAVERA,PARTIDO APRISTA PERUANO,61
20324,ANCASH,BOLOGNESI,LA PRIMAVERA,PARTIDO PERU POSIBLE,52
20325,ANCASH,BOLOGNESI,HUALLANCA,ALIANZA ELECTORAL UNIDAD NACIONAL,265
20325,ANCASH,BOLOGNESI,HUALLANCA,FRENTE CIVICO DE BOLOGNESI,144
20325,ANCASH,BOLOGNESI,HUALLANCA,MOVIMIENTO INDEPENDIENTE HUALLANCA PROYECTO POPULAR,81
20325,ANCASH,BOLOGNESI,HUALLANCA,MOVIMIENTO INDEPENDIENTE LOS ANDES UNIDOS DE BOLOGNESI,105
20325,ANCASH,BOLOGNESI,HUALLANCA,"MOVIMIENTO PARA EL AVANCE DE BOLOGNESI ""M.A.B.""",59
20325,ANCASH,BOLOGNESI,HUALLANCA,PARTIDO ACCION POPULAR,44
20325,ANCASH,BOLOGNESI,HUALLANCA,PARTIDO APRISTA PERUANO,252
20325,ANCASH,BOLOGNESI,HUALLANCA,PARTIDO DEMOCRATICO SOMOS PERU,473
20325,ANCASH,BOLOGNESI,HUALLANCA,PARTIDO PERU POSIBLE,273
20402,ANCASH,CARHUAZ,ACOPAMPA,AGRUPACION INDEPENDIENTE UNION POR EL PERU - FRENTE AMPLIO,97
20402,ANCASH,CARHUAZ,ACOPAMPA,ALIANZA ELECTORAL UNIDAD NACIONAL,80
20402,ANCASH,CARHUAZ,ACOPAMPA,MOVIMIENTO INDEPENDIENTE GESTION MUNICIPAL,71
20402,ANCASH,CARHUAZ,ACOPAMPA,PARTIDO APRISTA PERUANO,158
20402,ANCASH,CARHUAZ,ACOPAMPA,PARTIDO DEMOCRATICO SOMOS PERU,291
20402,ANCASH,CARHUAZ,ACOPAMPA,PARTIDO PERU POSIBLE,233
20403,ANCASH,CARHUAZ,AMASHCA,AGRUPACION INDEPENDIENTE UNION POR EL PERU - FRENTE AMPLIO,22
20403,ANCASH,CARHUAZ,AMASHCA,ALIANZA ELECTORAL UNIDAD NACIONAL,9
20403,ANCASH,CARHUAZ,AMASHCA,MOVIMIENTO INDEPENDIENTE GESTION MUNICIPAL,31
20403,ANCASH,CARHUAZ,AMASHCA,MOVIMIENTO INDEPENDIENTE MITIMAES,148
20403,ANCASH,CARHUAZ,AMASHCA,MOVIMIENTO INDEPENDIENTE TRANSFORMEMOS AMASHCA,28
20403,ANCASH,CARHUAZ,AMASHCA,PARTIDO ACCION POPULAR,261
20403,ANCASH,CARHUAZ,AMASHCA,PARTIDO APRISTA PERUANO,5
20403,ANCASH,CARHUAZ,AMASHCA,PARTIDO DEMOCRATICO SOMOS PERU,116
20403,ANCASH,CARHUAZ,AMASHCA,PARTIDO PERU POSIBLE,206
20403,ANCASH,CARHUAZ,AMASHCA,PARTIDO RENACIMIENTO ANDINO,76
20404,ANCASH,CARHUAZ,ANTA,AGRUPACION INDEPENDIENTE UNION POR EL PERU - FRENTE AMPLIO,14
20404,ANCASH,CARHUAZ,ANTA,ALIANZA ELECTORAL UNIDAD NACIONAL,275
20404,ANCASH,CARHUAZ,ANTA,LISTA INDEPENDIENTE FUERZA ANTEÑA,58
20404,ANCASH,CARHUAZ,ANTA,MOVIMIENTO INDEPENDIENTE GESTION MUNICIPAL,194
20404,ANCASH,CARHUAZ,ANTA,PARTIDO ACCION POPULAR,51
20404,ANCASH,CARHUAZ,ANTA,PARTIDO APRISTA PERUANO,74
20404,ANCASH,CARHUAZ,ANTA,PARTIDO DEMOCRATICO SOMOS PERU,420
20404,ANCASH,CARHUAZ,ANTA,PARTIDO PERU POSIBLE,29
20404,ANCASH,CARHUAZ,ANTA,PARTIDO RENACIMIENTO ANDINO,13
20405,ANCASH,CARHUAZ,ATAQUERO,AGRUPACION INDEPENDIENTE UNION POR EL PERU - FRENTE AMPLIO,40
20405,ANCASH,CARHUAZ,ATAQUERO,ALIANZA ELECTORAL UNIDAD NACIONAL,52
20405,ANCASH,CARHUAZ,ATAQUERO,MOVIMIENTO INDEPENDIENTE GESTION MUNICIPAL,53
20405,ANCASH,CARHUAZ,ATAQUERO,PARTIDO ACCION POPULAR,99
20405,ANCASH,CARHUAZ,ATAQUERO,PARTIDO APRISTA PERUANO,20
20405,ANCASH,CARHUAZ,ATAQUERO,PARTIDO DEMOCRATICO SOMOS PERU,45
20405,ANCASH,CARHUAZ,ATAQUERO,PARTIDO PERU POSIBLE,44
20405,ANCASH,CARHUAZ,ATAQUERO,PARTIDO RENACIMIENTO ANDINO,93
20406,ANCASH,CARHUAZ,MARCARA,AGRUPACION INDEPENDIENTE UNION POR EL PERU - FRENTE AMPLIO,350
20406,ANCASH,CARHUAZ,MARCARA,ALIANZA ELECTORAL UNIDAD NACIONAL,150
20406,ANCASH,CARHUAZ,MARCARA,MOVIMIENTO INDEPENDIENTE GESTION MUNICIPAL,792
20406,ANCASH,CARHUAZ,MARCARA,MOVIMIENTO INDEPENDIENTE MI TIERRA,613
20406,ANCASH,CARHUAZ,MARCARA,MOVIMIENTO INDEPENDIENTE SIEMPRE UNIDOS,85
20406,ANCASH,CARHUAZ,MARCARA,PARTIDO APRISTA PERUANO,118
20406,ANCASH,CARHUAZ,MARCARA,PARTIDO DEMOCRATICO SOMOS PERU,644
20406,ANCASH,CARHUAZ,MARCARA,PARTIDO PERU POSIBLE,159
20406,ANCASH,CARHUAZ,MARCARA,PARTIDO RENACIMIENTO ANDINO,228
20407,ANCASH,CARHUAZ,PARIAHUANCA,AGRUPACION INDEPENDIENTE UNION POR EL PERU - FRENTE AMPLIO,84
20407,ANCASH,CARHUAZ,PARIAHUANCA,ALIANZA ELECTORAL UNIDAD NACIONAL,58
20407,ANCASH,CARHUAZ,PARIAHUANCA,MOVIMIENTO INDEPENDIENTE FUERZA Y PROGRESO PARIAHUANCA,66
20407,ANCASH,CARHUAZ,PARIAHUANCA,MOVIMIENTO INDEPENDIENTE GESTION MUNICIPAL,57
20407,ANCASH,CARHUAZ,PARIAHUANCA,MOVIMIENTO INDEPENDIENTE LAS OBRAS HABLAN,42
20407,ANCASH,CARHUAZ,PARIAHUANCA,MOVIMIENTO NUEVA IZQUIERDA,79
20407,ANCASH,CARHUAZ,PARIAHUANCA,PARTIDO ACCION POPULAR,27
20407,ANCASH,CARHUAZ,PARIAHUANCA,PARTIDO DEMOCRATICO SOMOS PERU,154
20407,ANCASH,CARHUAZ,PARIAHUANCA,PARTIDO PERU POSIBLE,40
20407,ANCASH,CARHUAZ,PARIAHUANCA,PARTIDO RENACIMIENTO ANDINO,55
20408,ANCASH,CARHUAZ,SAN MIGUEL DE ACO,AGRUPACION INDEPENDIENTE UNION POR EL PERU - FRENTE AMPLIO,143
20408,ANCASH,CARHUAZ,SAN MIGUEL DE ACO,ALIANZA ELECTORAL UNIDAD NACIONAL,95
20408,ANCASH,CARHUAZ,SAN MIGUEL DE ACO,MOVIMIENTO INDEPENDIENTE GESTION MUNICIPAL,58
20408,ANCASH,CARHUAZ,SAN MIGUEL DE ACO,PARTIDO APRISTA PERUANO,65
20408,ANCASH,CARHUAZ,SAN MIGUEL DE ACO,PARTIDO DEMOCRATICO SOMOS PERU,259
20408,ANCASH,CARHUAZ,SAN MIGUEL DE ACO,PARTIDO PERU POSIBLE,99
20408,ANCASH,CARHUAZ,SAN MIGUEL DE ACO,PARTIDO RENACIMIENTO ANDINO,84
20409,ANCASH,CARHUAZ,SHILLA,AGRUPACION INDEPENDIENTE UNION POR EL PERU - FRENTE AMPLIO,73
20409,ANCASH,CARHUAZ,SHILLA,ALIANZA ELECTORAL UNIDAD NACIONAL,307
20409,ANCASH,CARHUAZ,SHILLA,MOVIMIENTO INDEPENDIENTE GESTION MUNICIPAL,391
20409,ANCASH,CARHUAZ,SHILLA,MOVIMIENTO NUEVA IZQUIERDA,9
20409,ANCASH,CARHUAZ,SHILLA,PARTIDO ACCION POPULAR,35
20409,ANCASH,CARHUAZ,SHILLA,PARTIDO APRISTA PERUANO,265
20409,ANCASH,CARHUAZ,SHILLA,PARTIDO DEMOCRATICO SOMOS PERU,128
20409,ANCASH,CARHUAZ,SHILLA,PARTIDO PERU POSIBLE,458
20409,ANCASH,CARHUAZ,SHILLA,PARTIDO RENACIMIENTO ANDINO,61
20410,ANCASH,CARHUAZ,TINCO,AGRUPACION INDEPENDIENTE UNION POR EL PERU - FRENTE AMPLIO,23
20410,ANCASH,CARHUAZ,TINCO,ALIANZA ELECTORAL UNIDAD NACIONAL,61
20410,ANCASH,CARHUAZ,TINCO,FUERZA DEMOCRATICA,21
20410,ANCASH,CARHUAZ,TINCO,MOVIMIENTO INDEPENDIENTE ARMONIA TINCO,88
20410,ANCASH,CARHUAZ,TINCO,MOVIMIENTO INDEPENDIENTE GESTION MUNICIPAL,150
20410,ANCASH,CARHUAZ,TINCO,MOVIMIENTO INDEPENDIENTE YUREC TINCO,99
20410,ANCASH,CARHUAZ,TINCO,MOVIMIENTO NUEVA IZQUIERDA,14
20410,ANCASH,CARHUAZ,TINCO,PARTIDO ACCION POPULAR,49
20410,ANCASH,CARHUAZ,TINCO,PARTIDO APRISTA PERUANO,19
20410,ANCASH,CARHUAZ,TINCO,PARTIDO DEMOCRATICO SOMOS PERU,47
20410,ANCASH,CARHUAZ,TINCO,PARTIDO PERU POSIBLE,150
20410,ANCASH,CARHUAZ,TINCO,PARTIDO RENACIMIENTO ANDINO,58
20411,ANCASH,CARHUAZ,YUNGAR,AGRUPACION INDEPENDIENTE UNION POR EL PERU - FRENTE AMPLIO,244
20411,ANCASH,CARHUAZ,YUNGAR,ALIANZA ELECTORAL UNIDAD NACIONAL,100
20411,ANCASH,CARHUAZ,YUNGAR,MOVIMIENTO INDEPENDIENTE GESTION MUNICIPAL,316
20411,ANCASH,CARHUAZ,YUNGAR,MOVIMIENTO INDEPENDIENTE LOS HIJOS DE YUNGAR,149
20411,ANCASH,CARHUAZ,YUNGAR,PARTIDO ACCION POPULAR,71
20411,ANCASH,CARHUAZ,YUNGAR,PARTIDO APRISTA PERUANO,105
20411,ANCASH,CARHUAZ,YUNGAR,PARTIDO DEMOCRATICO SOMOS PERU,164
20411,ANCASH,CARHUAZ,YUNGAR,PARTIDO PERU POSIBLE,43
20411,ANCASH,CARHUAZ,YUNGAR,PARTIDO RENACIMIENTO ANDINO,49
20502,ANCASH,CASMA,BUENA VISTA ALTA,ALIANZA ELECTORAL UNIDAD NACIONAL,90
20502,ANCASH,CASMA,BUENA VISTA ALTA,"MOVIMIENTO INDEPENDIENTE ""EL SOL DE BUENAVISTA""",49
20502,ANCASH,CASMA,BUENA VISTA ALTA,MOVIMIENTO NUEVA IZQUIERDA,16
20502,ANCASH,CASMA,BUENA VISTA ALTA,MOVIMIENTO PROVINCIAL CASMA TERCER MILENIO,391
20502,ANCASH,CASMA,BUENA VISTA ALTA,PARTIDO ACCION POPULAR,91
20502,ANCASH,CASMA,BUENA VISTA ALTA,PARTIDO APRISTA PERUANO,348
20502,ANCASH,CASMA,BUENA VISTA ALTA,PARTIDO DEMOCRATICO SOMOS PERU,100
20502,ANCASH,CASMA,BUENA VISTA ALTA,PARTIDO PERU POSIBLE,293
20503,ANCASH,CASMA,COMANDANTE NOEL,"LISTA INDEPENDIENTE ""AL PUEBLO CON OBRAS""",274
20503,ANCASH,CASMA,COMANDANTE NOEL,"MOVIMIENTO INDEPENDIENTE ""JUNTOS VENCEREMOS""",439
20503,ANCASH,CASMA,COMANDANTE NOEL,MOVIMIENTO NUEVA IZQUIERDA,10
20503,ANCASH,CASMA,COMANDANTE NOEL,PARTIDO ACCION POPULAR,9
20503,ANCASH,CASMA,COMANDANTE NOEL,PARTIDO APRISTA PERUANO,107
20503,ANCASH,CASMA,COMANDANTE NOEL,PARTIDO DEMOCRATICO SOMOS PERU,48
20503,ANCASH,CASMA,COMANDANTE NOEL,PARTIDO PERU POSIBLE,43
20505,ANCASH,CASMA,YAUTAN,ALIANZA ELECTORAL UNIDAD NACIONAL,260
20505,ANCASH,CASMA,YAUTAN,FUERZA DEMOCRATICA,376
20505,ANCASH,CASMA,YAUTAN,"LISTA INDEPENDIENTE ""UNION POR YAUTAN Y SUS PUEBLOS""",598
20505,ANCASH,CASMA,YAUTAN,MOVIMIENTO NUEVA IZQUIERDA,359
20505,ANCASH,CASMA,YAUTAN,PARTIDO ACCION POPULAR,42
20505,ANCASH,CASMA,YAUTAN,PARTIDO APRISTA PERUANO,492
20505,ANCASH,CASMA,YAUTAN,PARTIDO DEMOCRATICO SOMOS PERU,255
20505,ANCASH,CASMA,YAUTAN,PARTIDO PERU POSIBLE,439
20602,ANCASH,CORONGO,ACO,FUERZA DEMOCRATICA,13
20602,ANCASH,CORONGO,ACO,PARTIDO APRISTA PERUANO,154
20602,ANCASH,CORONGO,ACO,PARTIDO PERU POSIBLE,45
20603,ANCASH,CORONGO,BAMBAS,"FRENTE INDEPENDIENTE DISTRITAL ""BAMBAS AL DESARROLLO""",42
20603,ANCASH,CORONGO,BAMBAS,FUERZA DEMOCRATICA,17
20603,ANCASH,CORONGO,BAMBAS,PARTIDO ACCION POPULAR,41
20603,ANCASH,CORONGO,BAMBAS,PARTIDO APRISTA PERUANO,34
20603,ANCASH,CORONGO,BAMBAS,PARTIDO DEMOCRATICO SOMOS PERU,20
20603,ANCASH,CORONGO,BAMBAS,PARTIDO PERU POSIBLE,29
20604,ANCASH,CORONGO,CUSCA,ALIANZA ELECTORAL UNIDAD NACIONAL,21
20604,ANCASH,CORONGO,CUSCA,FUERZA DEMOCRATICA,145
20604,ANCASH,CORONGO,CUSCA,MOVIMIENTO INDEPENDIENTE CUSCA AL DESARROLLO,122
20604,ANCASH,CORONGO,CUSCA,PARTIDO ACCION POPULAR,17
20604,ANCASH,CORONGO,CUSCA,PARTIDO APRISTA PERUANO,83
20604,ANCASH,CORONGO,CUSCA,PARTIDO PERU POSIBLE,191
20605,ANCASH,CORONGO,LA PAMPA,ALIANZA ELECTORAL UNIDAD NACIONAL,71
20605,ANCASH,CORONGO,LA PAMPA,MOVIMIENTO INDEPENDIENTE TODOS TRABAJAREMOS POR LA PAMPA,106
20605,ANCASH,CORONGO,LA PAMPA,PARTIDO ACCION POPULAR,42
20605,ANCASH,CORONGO,LA PAMPA,PARTIDO APRISTA PERUANO,39
20605,ANCASH,CORONGO,LA PAMPA,PARTIDO DEMOCRATICO SOMOS PERU,6
20605,ANCASH,CORONGO,LA PAMPA,PARTIDO PERU POSIBLE,76
20605,ANCASH,CORONGO,LA PAMPA,RUMBO A LA CATEGORIA PROVINCIAL,33
20606,ANCASH,CORONGO,YANAC,FUERZA DEMOCRATICA,171
20606,ANCASH,CORONGO,YANAC,PARTIDO ACCION POPULAR,39
20606,ANCASH,CORONGO,YANAC,PARTIDO APRISTA PERUANO,126
20606,ANCASH,CORONGO,YANAC,PARTIDO PERU POSIBLE,27
20607,ANCASH,CORONGO,YUPAN,ALIANZA ELECTORAL UNIDAD NACIONAL,20
20607,ANCASH,CORONGO,YUPAN,AMANECER YUPINO,39
20607,ANCASH,CORONGO,YUPAN,FUERZA DEMOCRATICA,36
20607,ANCASH,CORONGO,YUPAN,"MOVIMIENTO INDEPENDIENTE ""FUERZA CORONGO""",19
20607,ANCASH,CORONGO,YUPAN,PARTIDO ACCION POPULAR,44
20607,ANCASH,CORONGO,YUPAN,PARTIDO APRISTA PERUANO,26
20607,ANCASH,CORONGO,YUPAN,PARTIDO PERU POSIBLE,16
20702,ANCASH,HUAYLAS,HUALLANCA,ALIANZA ELECTORAL UNIDAD NACIONAL,310
20702,ANCASH,HUAYLAS,HUALLANCA,MOVIMIENTO INDEPENDIENTE NUEVO DESTINO,249
20702,ANCASH,HUAYLAS,HUALLANCA,PARTIDO ACCION POPULAR,59
20702,ANCASH,HUAYLAS,HUALLANCA,PARTIDO APRISTA PERUANO,62
20702,ANCASH,HUAYLAS,HUALLANCA,PARTIDO PERU POSIBLE,105
20703,ANCASH,HUAYLAS,HUATA,ALIANZA ELECTORAL UNIDAD NACIONAL,78
20703,ANCASH,HUAYLAS,HUATA,MOVIMIENTO INDEPENDIENTE CONCERTACION DE LA PROVINCIA DE HUAYLAS,7
20703,ANCASH,HUAYLAS,HUATA,MOVIMIENTO INDEPENDIENTE MANOS LIMPIAS ,105
20703,ANCASH,HUAYLAS,HUATA,MOVIMIENTO INDEPENDIENTE NUEVO DESTINO,139
20703,ANCASH,HUAYLAS,HUATA,MOVIMIENTO INDEPENDIENTE SIEMPRE UNIDOS,114
20703,ANCASH,HUAYLAS,HUATA,PARTIDO ACCION POPULAR,26
20703,ANCASH,HUAYLAS,HUATA,PARTIDO DEMOCRATICO SOMOS PERU,82
20703,ANCASH,HUAYLAS,HUATA,PARTIDO PERU POSIBLE,81
20703,ANCASH,HUAYLAS,HUATA,PARTIDO RENACIMIENTO ANDINO,10
20704,ANCASH,HUAYLAS,HUAYLAS,ALIANZA ELECTORAL UNIDAD NACIONAL,135
20704,ANCASH,HUAYLAS,HUAYLAS,MOVIMIENTO INDEPENDIENTE CONCERTACION DE LA PROVINCIA DE HUAYLAS,39
20704,ANCASH,HUAYLAS,HUAYLAS,MOVIMIENTO INDEPENDIENTE MANOS LIMPIAS ,171
20704,ANCASH,HUAYLAS,HUAYLAS,MOVIMIENTO INDEPENDIENTE NUEVO DESTINO,91
20704,ANCASH,HUAYLAS,HUAYLAS,PARTIDO ACCION POPULAR,252
20704,ANCASH,HUAYLAS,HUAYLAS,PARTIDO APRISTA PERUANO,71
20704,ANCASH,HUAYLAS,HUAYLAS,PARTIDO PERU POSIBLE,84
20704,ANCASH,HUAYLAS,HUAYLAS,PARTIDO RENACIMIENTO ANDINO,130
20705,ANCASH,HUAYLAS,MATO,ALIANZA ELECTORAL UNIDAD NACIONAL,178
20705,ANCASH,HUAYLAS,MATO,MOVIMIENTO INDEPENDIENTE MANOS LIMPIAS ,41
20705,ANCASH,HUAYLAS,MATO,MOVIMIENTO INDEPENDIENTE NUEVO DESTINO,132
20705,ANCASH,HUAYLAS,MATO,MOVIMIENTO INDEPENDIENTE POR EL DESARROLLO DE MATO,267
20705,ANCASH,HUAYLAS,MATO,PARTIDO ACCION POPULAR,62
20705,ANCASH,HUAYLAS,MATO,PARTIDO APRISTA PERUANO,83
20705,ANCASH,HUAYLAS,MATO,PARTIDO PERU POSIBLE,88
20705,ANCASH,HUAYLAS,MATO,PARTIDO RENACIMIENTO ANDINO,21
20706,ANCASH,HUAYLAS,PAMPAROMAS,ALIANZA ELECTORAL UNIDAD NACIONAL,127
20706,ANCASH,HUAYLAS,PAMPAROMAS,FRENTE INDEPENDIENTE MORALIZADOR,245
20706,ANCASH,HUAYLAS,PAMPAROMAS,MOVIMIENTO INDEPENDIENTE FUERZA CAMPESINA,59
20706,ANCASH,HUAYLAS,PAMPAROMAS,MOVIMIENTO INDEPENDIENTE NUEVO DESTINO,124
20706,ANCASH,HUAYLAS,PAMPAROMAS,MOVIMIENTO INDEPENDIENTE SOMOS OBRAS,148
20706,ANCASH,HUAYLAS,PAMPAROMAS,MOVIMIENTO NUEVA IZQUIERDA,38
20706,ANCASH,HUAYLAS,PAMPAROMAS,PARTIDO ACCION POPULAR,78
20706,ANCASH,HUAYLAS,PAMPAROMAS,PARTIDO APRISTA PERUANO,188
20706,ANCASH,HUAYLAS,PAMPAROMAS,PARTIDO DEMOCRATICO SOMOS PERU,279
20706,ANCASH,HUAYLAS,PAMPAROMAS,PARTIDO PERU POSIBLE,163
20706,ANCASH,HUAYLAS,PAMPAROMAS,PARTIDO RENACIMIENTO ANDINO,560
20707,ANCASH,HUAYLAS,PUEBLO LIBRE,AGRUPACION INDEPENDIENTE UNION POR EL PERU - FRENTE AMPLIO,33
20707,ANCASH,HUAYLAS,PUEBLO LIBRE,ALIANZA ELECTORAL UNIDAD NACIONAL,287
20707,ANCASH,HUAYLAS,PUEBLO LIBRE,FRENTE INDEPENDIENTE MORALIZADOR,70
20707,ANCASH,HUAYLAS,PUEBLO LIBRE,MOVIMIENTO INDEPENDIENTE CONCERTACION DE LA PROVINCIA DE HUAYLAS,465
20707,ANCASH,HUAYLAS,PUEBLO LIBRE,MOVIMIENTO INDEPENDIENTE HONOR HUAYLINO,489
20707,ANCASH,HUAYLAS,PUEBLO LIBRE,MOVIMIENTO INDEPENDIENTE MANOS LIMPIAS ,144
20707,ANCASH,HUAYLAS,PUEBLO LIBRE,MOVIMIENTO INDEPENDIENTE NUEVO DESTINO,179
20707,ANCASH,HUAYLAS,PUEBLO LIBRE,MOVIMIENTO INDEPENDIENTE TRABAJANDO POR EL CRECIMIENTO DE PUEBLO LIBRE,30
20707,ANCASH,HUAYLAS,PUEBLO LIBRE,PARTIDO ACCION POPULAR,178
20707,ANCASH,HUAYLAS,PUEBLO LIBRE,PARTIDO APRISTA PERUANO,285
20707,ANCASH,HUAYLAS,PUEBLO LIBRE,PARTIDO PERU POSIBLE,235
20707,ANCASH,HUAYLAS,PUEBLO LIBRE,PARTIDO RENACIMIENTO ANDINO,97
20708,ANCASH,HUAYLAS,SANTA CRUZ,ALIANZA ELECTORAL UNIDAD NACIONAL,44
20708,ANCASH,HUAYLAS,SANTA CRUZ,FRENTE INDEPENDIENTE MORALIZADOR,169
20708,ANCASH,HUAYLAS,SANTA CRUZ,MOVIMIENTO INDEPENDIENTE CONCERTACION DE LA PROVINCIA DE HUAYLAS,100
20708,ANCASH,HUAYLAS,SANTA CRUZ,MOVIMIENTO INDEPENDIENTE MANOS LIMPIAS ,71
20708,ANCASH,HUAYLAS,SANTA CRUZ,MOVIMIENTO INDEPENDIENTE NUEVO DESTINO,19
20708,ANCASH,HUAYLAS,SANTA CRUZ,MOVIMIENTO INDEPENDIENTE SIEMPRE UNIDOS,37
20708,ANCASH,HUAYLAS,SANTA CRUZ,PARTIDO ACCION POPULAR,222
20708,ANCASH,HUAYLAS,SANTA CRUZ,PARTIDO APRISTA PERUANO,229
20708,ANCASH,HUAYLAS,SANTA CRUZ,PARTIDO DEMOCRATICO SOMOS PERU,19
20708,ANCASH,HUAYLAS,SANTA CRUZ,PARTIDO PERU POSIBLE,158
20708,ANCASH,HUAYLAS,SANTA CRUZ,PARTIDO POLITICO NACIONAL PRIMERO PERU,119
20708,ANCASH,HUAYLAS,SANTA CRUZ,PARTIDO RENACIMIENTO ANDINO,126
20709,ANCASH,HUAYLAS,YURACMARCA,ALIANZA ELECTORAL UNIDAD NACIONAL,65
20709,ANCASH,HUAYLAS,YURACMARCA,MOVIMIENTO INDEPENDIENTE CONCERTACION DE LA PROVINCIA DE HUAYLAS,48
20709,ANCASH,HUAYLAS,YURACMARCA,MOVIMIENTO INDEPENDIENTE NUEVO DESTINO,131
20709,ANCASH,HUAYLAS,YURACMARCA,MOVIMIENTO INDEPENDIENTE SIEMPRE UNIDOS,23
20709,ANCASH,HUAYLAS,YURACMARCA,MOVIMIENTO NUEVA IZQUIERDA,50
20709,ANCASH,HUAYLAS,YURACMARCA,PARTIDO ACCION POPULAR,61
20709,ANCASH,HUAYLAS,YURACMARCA,PARTIDO APRISTA PERUANO,182
20709,ANCASH,HUAYLAS,YURACMARCA,PARTIDO PERU POSIBLE,186
20709,ANCASH,HUAYLAS,YURACMARCA,PARTIDO RENACIMIENTO ANDINO,72
20710,ANCASH,HUAYLAS,SANTO TORIBIO,ALIANZA ELECTORAL UNIDAD NACIONAL,32
20710,ANCASH,HUAYLAS,SANTO TORIBIO,MOVIMIENTO INDEPENDIENTE NUEVO DESTINO,37
20710,ANCASH,HUAYLAS,SANTO TORIBIO,MOVIMIENTO INDEPENDIENTE SIEMPRE UNIDOS,98
20710,ANCASH,HUAYLAS,SANTO TORIBIO,PARTIDO ACCION POPULAR,104
20710,ANCASH,HUAYLAS,SANTO TORIBIO,PARTIDO APRISTA PERUANO,120
20710,ANCASH,HUAYLAS,SANTO TORIBIO,PARTIDO PERU POSIBLE,106
20710,ANCASH,HUAYLAS,SANTO TORIBIO,PARTIDO RENACIMIENTO ANDINO,75
20802,ANCASH,HUARI,CAJAY,ALIANZA ELECTORAL UNIDAD NACIONAL,41
20802,ANCASH,HUARI,CAJAY,CAJAY AGROPECUARIO,162
20802,ANCASH,HUARI,CAJAY,FRENTE INDEPENDIENTE MORALIZADOR,180
20802,ANCASH,HUARI,CAJAY,MOVIMIENTO INDEPENDIENTE DE RENOVACION Y AFIRMACION DE HUARI - MIRA - HUARI,163
20802,ANCASH,HUARI,CAJAY,MOVIMIENTO NUEVA IZQUIERDA,61
20802,ANCASH,HUARI,CAJAY,PARTIDO ACCION POPULAR,162
20802,ANCASH,HUARI,CAJAY,PARTIDO APRISTA PERUANO,87
20802,ANCASH,HUARI,CAJAY,PARTIDO DEMOCRATICO SOMOS PERU,286
20802,ANCASH,HUARI,CAJAY,PARTIDO PERU POSIBLE,51
20803,ANCASH,HUARI,CHAVIN DE HUANTAR,ALIANZA ELECTORAL UNIDAD NACIONAL,314
20803,ANCASH,HUARI,CHAVIN DE HUANTAR,MOVIMIENTO INDEPENDIENTE DE RENOVACION Y AFIRMACION DE HUARI - MIRA - HUARI,9
20803,ANCASH,HUARI,CHAVIN DE HUANTAR,PARTIDO APRISTA PERUANO,433
20803,ANCASH,HUARI,CHAVIN DE HUANTAR,PARTIDO DEMOCRATICO SOMOS PERU,438
20803,ANCASH,HUARI,CHAVIN DE HUANTAR,PARTIDO PERU POSIBLE,1032
20803,ANCASH,HUARI,CHAVIN DE HUANTAR,PARTIDO RENACIMIENTO ANDINO,339
20804,ANCASH,HUARI,HUACACHI,FRENTE INDEPENDIENTE MORALIZADOR,61
20804,ANCASH,HUARI,HUACACHI,MOVIMIENTO INDEPENDIENTE DE RENOVACION Y AFIRMACION DE HUARI - MIRA - HUARI,178
20804,ANCASH,HUARI,HUACACHI,MOVIMIENTO NUEVA IZQUIERDA,39
20804,ANCASH,HUARI,HUACACHI,PARTIDO APRISTA PERUANO,55
20804,ANCASH,HUARI,HUACACHI,PARTIDO DEMOCRATICO SOMOS PERU,304
20804,ANCASH,HUARI,HUACACHI,PARTIDO PERU POSIBLE,158
20805,ANCASH,HUARI,HUACHIS,ALIANZA ELECTORAL UNIDAD NACIONAL,297
20805,ANCASH,HUARI,HUACHIS,FRENTE INDEPENDIENTE MORALIZADOR,33
20805,ANCASH,HUARI,HUACHIS,MOVIMIENTO INDEPENDIENTE COMUNIDADES UNIDAS,258
20805,ANCASH,HUARI,HUACHIS,MOVIMIENTO INDEPENDIENTE DE RENOVACION Y AFIRMACION DE HUARI - MIRA - HUARI,24
20805,ANCASH,HUARI,HUACHIS,MOVIMIENTO INDEPENDIENTE SALVEMOS A LOS POBRES,45
20805,ANCASH,HUARI,HUACHIS,MOVIMIENTO NUEVA IZQUIERDA,22
20805,ANCASH,HUARI,HUACHIS,PARTIDO ACCION POPULAR,4
20805,ANCASH,HUARI,HUACHIS,PARTIDO APRISTA PERUANO,63
20805,ANCASH,HUARI,HUACHIS,PARTIDO DEMOCRATICO SOMOS PERU,278
20805,ANCASH,HUARI,HUACHIS,PARTIDO PERU POSIBLE,63
20806,ANCASH,HUARI,HUACCHIS,ALIANZA ELECTORAL UNIDAD NACIONAL,59
20806,ANCASH,HUARI,HUACCHIS,FRENTE INDEPENDIENTE MORALIZADOR,68
20806,ANCASH,HUARI,HUACCHIS,MOVIMIENTO INDEPENDIENTE DE RENOVACION Y AFIRMACION DE HUARI - MIRA - HUARI,31
20806,ANCASH,HUARI,HUACCHIS,MOVIMIENTO NUEVA IZQUIERDA,32
20806,ANCASH,HUARI,HUACCHIS,PARTIDO APRISTA PERUANO,40
20806,ANCASH,HUARI,HUACCHIS,PARTIDO DEMOCRATICO SOMOS PERU,223
20806,ANCASH,HUARI,HUACCHIS,PARTIDO PERU POSIBLE,150
20807,ANCASH,HUARI,HUANTAR,ALIANZA ELECTORAL UNIDAD NACIONAL,142
20807,ANCASH,HUARI,HUANTAR,MOVIMIENTO INDEPENDIENTE DE RENOVACION Y AFIRMACION DE HUARI - MIRA - HUARI,140
20807,ANCASH,HUARI,HUANTAR,MOVIMIENTO INDEPENDIENTE SEMBRADOR,138
20807,ANCASH,HUARI,HUANTAR,MOVIMIENTO NUEVA IZQUIERDA,41
20807,ANCASH,HUARI,HUANTAR,PARTIDO APRISTA PERUANO,142
20807,ANCASH,HUARI,HUANTAR,PARTIDO DEMOCRATICO SOMOS PERU,258
20807,ANCASH,HUARI,HUANTAR,PARTIDO PERU POSIBLE,259
20808,ANCASH,HUARI,MASIN,EL PUEBLO GOBIERNA MASIN,45
20808,ANCASH,HUARI,MASIN,FRENTE INDEPENDIENTE MORALIZADOR,242
20808,ANCASH,HUARI,MASIN,MOVIMIENTO INDEPENDIENTE DE RENOVACION Y AFIRMACION DE HUARI - MIRA - HUARI,204
20808,ANCASH,HUARI,MASIN,MOVIMIENTO INDEPENDIENTE FUERZA JUVENTUD AL FUTURO,141
20808,ANCASH,HUARI,MASIN,MOVIMIENTO INDEPENDIENTE SOMOS MASIN 2002,83
20808,ANCASH,HUARI,MASIN,PARTIDO APRISTA PERUANO,165
20808,ANCASH,HUARI,MASIN,PARTIDO DEMOCRATICO SOMOS PERU,215
20808,ANCASH,HUARI,MASIN,PARTIDO PERU POSIBLE,99
20809,ANCASH,HUARI,PAUCAS,ALIANZA ELECTORAL UNIDAD NACIONAL,6
20809,ANCASH,HUARI,PAUCAS,FRENTE INDEPENDIENTE MORALIZADOR,44
20809,ANCASH,HUARI,PAUCAS,MOVIMIENTO INDEPENDIENTE DE RENOVACION Y AFIRMACION DE HUARI - MIRA - HUARI,61
20809,ANCASH,HUARI,PAUCAS,MOVIMIENTO NUEVA IZQUIERDA,7
20809,ANCASH,HUARI,PAUCAS,PARTIDO ACCION POPULAR,50
20809,ANCASH,HUARI,PAUCAS,PARTIDO APRISTA PERUANO,170
20809,ANCASH,HUARI,PAUCAS,PARTIDO DEMOCRATICO SOMOS PERU,74
20809,ANCASH,HUARI,PAUCAS,PARTIDO PERU POSIBLE,116
20810,ANCASH,HUARI,PONTO,FRENTE INDEPENDIENTE MORALIZADOR,168
20810,ANCASH,HUARI,PONTO,MOVIMIENTO INDEPENDIENTE DE RENOVACION Y AFIRMACION DE HUARI - MIRA - HUARI,86
20810,ANCASH,HUARI,PONTO,PARTIDO APRISTA PERUANO,130
20810,ANCASH,HUARI,PONTO,PARTIDO DEMOCRATICO SOMOS PERU,178
20810,ANCASH,HUARI,PONTO,PARTIDO PERU POSIBLE,154
20811,ANCASH,HUARI,RAHUAPAMPA,FRENTE INDEPENDIENTE MORALIZADOR,108
20811,ANCASH,HUARI,RAHUAPAMPA,MOVIMIENTO INDEPENDIENTE CONSTRUCTORES DEL EXITO DE RAHUAPAMPA,56
20811,ANCASH,HUARI,RAHUAPAMPA,MOVIMIENTO INDEPENDIENTE DE RENOVACION Y AFIRMACION DE HUARI - MIRA - HUARI,96
20811,ANCASH,HUARI,RAHUAPAMPA,PARTIDO APRISTA PERUANO,34
20811,ANCASH,HUARI,RAHUAPAMPA,PARTIDO DEMOCRATICO SOMOS PERU,59
20811,ANCASH,HUARI,RAHUAPAMPA,PARTIDO PERU POSIBLE,27
20812,ANCASH,HUARI,RAPAYAN,ALIANZA ELECTORAL UNIDAD NACIONAL,33
20812,ANCASH,HUARI,RAPAYAN,FRENTE INDEPENDIENTE MORALIZADOR,118
20812,ANCASH,HUARI,RAPAYAN,FUERZA JUVENTUD POR RAPAYAN,58
20812,ANCASH,HUARI,RAPAYAN,MOVIMIENTO INDEPENDIENTE DE RENOVACION Y AFIRMACION DE HUARI - MIRA - HUARI,21
20812,ANCASH,HUARI,RAPAYAN,PARTIDO APRISTA PERUANO,139
20812,ANCASH,HUARI,RAPAYAN,PARTIDO DEMOCRATICO SOMOS PERU,91
20812,ANCASH,HUARI,RAPAYAN,PARTIDO PERU POSIBLE,52
20812,ANCASH,HUARI,RAPAYAN,PARTIDO RENACIMIENTO ANDINO,10
20813,ANCASH,HUARI,SAN MARCOS,ALIANZA ELECTORAL UNIDAD NACIONAL,102
20813,ANCASH,HUARI,SAN MARCOS,FRENTE INDEPENDIENTE MORALIZADOR,213
20813,ANCASH,HUARI,SAN MARCOS,MOVIMIENTO INDEPENDIENTE AMANECER SAN MARQUINO,48
20813,ANCASH,HUARI,SAN MARCOS,MOVIMIENTO INDEPENDIENTE DE RENOVACION Y AFIRMACION DE HUARI - MIRA - HUARI,392
20813,ANCASH,HUARI,SAN MARCOS,MOVIMIENTO INDEPENDIENTE JUVENTUD SAN MARQUINA - MIJUSA,152
20813,ANCASH,HUARI,SAN MARCOS,MOVIMIENTO KOLLANAPINKUSH EN ACCION,30
20813,ANCASH,HUARI,SAN MARCOS,MOVIMIENTO NUEVA IZQUIERDA,484
20813,ANCASH,HUARI,SAN MARCOS,PARTIDO APRISTA PERUANO,1540
20813,ANCASH,HUARI,SAN MARCOS,PARTIDO DEMOCRATICO SOMOS PERU,435
20813,ANCASH,HUARI,SAN MARCOS,PARTIDO PERU POSIBLE,233
20814,ANCASH,HUARI,SAN PEDRO DE CHANA,ALIANZA ELECTORAL UNIDAD NACIONAL,87
20814,ANCASH,HUARI,SAN PEDRO DE CHANA,MOVIMIENTO INDEPENDIENTE DE RENOVACION Y AFIRMACION DE HUARI - MIRA - HUARI,115
20814,ANCASH,HUARI,SAN PEDRO DE CHANA,PARTIDO APRISTA PERUANO,58
20814,ANCASH,HUARI,SAN PEDRO DE CHANA,PARTIDO DEMOCRATICO SOMOS PERU,187
20814,ANCASH,HUARI,SAN PEDRO DE CHANA,PARTIDO PERU POSIBLE,150
20815,ANCASH,HUARI,UCO,FRENTE INDEPENDIENTE MORALIZADOR,66
20815,ANCASH,HUARI,UCO,MOVIMIENTO INDEPENDIENTE LOS HIJOS DE UCO,69
20815,ANCASH,HUARI,UCO,MOVIMIENTO NUEVA IZQUIERDA,39
20815,ANCASH,HUARI,UCO,PARTIDO ACCION POPULAR,36
20815,ANCASH,HUARI,UCO,PARTIDO APRISTA PERUANO,115
20815,ANCASH,HUARI,UCO,PARTIDO DEMOCRATICO SOMOS PERU,189
20815,ANCASH,HUARI,UCO,PARTIDO PERU POSIBLE,35
20816,ANCASH,HUARI,ANRA,ALIANZA ELECTORAL UNIDAD NACIONAL,112
20816,ANCASH,HUARI,ANRA,FRENTE INDEPENDIENTE MORALIZADOR,48
20816,ANCASH,HUARI,ANRA,FUERZA INDEPENDIENTE DISTRITAL ANRA,61
20816,ANCASH,HUARI,ANRA,MOVIMIENTO INDEPENDIENTE ACCION COMUNAL,21
20816,ANCASH,HUARI,ANRA,MOVIMIENTO NUEVA IZQUIERDA,13
20816,ANCASH,HUARI,ANRA,PARTIDO APRISTA PERUANO,12
20816,ANCASH,HUARI,ANRA,PARTIDO DEMOCRATICO SOMOS PERU,133
20816,ANCASH,HUARI,ANRA,PARTIDO PERU POSIBLE,53
20816,ANCASH,HUARI,ANRA,PARTIDO RENACIMIENTO ANDINO,29
20902,ANCASH,MARISCAL LUZURIAGA,CASCA,ALIANZA ELECTORAL UNIDAD NACIONAL,27
20902,ANCASH,MARISCAL LUZURIAGA,CASCA,PARTIDO ACCION POPULAR,78
20902,ANCASH,MARISCAL LUZURIAGA,CASCA,PARTIDO APRISTA PERUANO,263
20902,ANCASH,MARISCAL LUZURIAGA,CASCA,PARTIDO DEMOCRATICO SOMOS PERU,232
20902,ANCASH,MARISCAL LUZURIAGA,CASCA,PARTIDO PERU POSIBLE,204
20902,ANCASH,MARISCAL LUZURIAGA,CASCA,PARTIDO RENACIMIENTO ANDINO,248
20903,ANCASH,MARISCAL LUZURIAGA,LUCMA,ALIANZA ELECTORAL UNIDAD NACIONAL,68
20903,ANCASH,MARISCAL LUZURIAGA,LUCMA,PARTIDO APRISTA PERUANO,226
20903,ANCASH,MARISCAL LUZURIAGA,LUCMA,PARTIDO PERU POSIBLE,353
20903,ANCASH,MARISCAL LUZURIAGA,LUCMA,PARTIDO RENACIMIENTO ANDINO,314
20904,ANCASH,MARISCAL LUZURIAGA,FIDEL OLIVAS ESCUDERO,PARTIDO ACCION POPULAR,34
20904,ANCASH,MARISCAL LUZURIAGA,FIDEL OLIVAS ESCUDERO,PARTIDO APRISTA PERUANO,19
20904,ANCASH,MARISCAL LUZURIAGA,FIDEL OLIVAS ESCUDERO,PARTIDO DEMOCRATICO SOMOS PERU,293
20904,ANCASH,MARISCAL LUZURIAGA,FIDEL OLIVAS ESCUDERO,PARTIDO PERU POSIBLE,123
20904,ANCASH,MARISCAL LUZURIAGA,FIDEL OLIVAS ESCUDERO,PARTIDO RENACIMIENTO ANDINO,177
20905,ANCASH,MARISCAL LUZURIAGA,LLAMA,ALIANZA ELECTORAL UNIDAD NACIONAL,64
20905,ANCASH,MARISCAL LUZURIAGA,LLAMA,"MOVIMIENTO INDEPENDIENTE ""POR EL RESURGIMIENTO DE LLAMA""",27
20905,ANCASH,MARISCAL LUZURIAGA,LLAMA,PARTIDO ACCION POPULAR,109
20905,ANCASH,MARISCAL LUZURIAGA,LLAMA,PARTIDO APRISTA PERUANO,116
20905,ANCASH,MARISCAL LUZURIAGA,LLAMA,PARTIDO DEMOCRATICO SOMOS PERU,50
20905,ANCASH,MARISCAL LUZURIAGA,LLAMA,PARTIDO PERU POSIBLE,83
20905,ANCASH,MARISCAL LUZURIAGA,LLAMA,PARTIDO RENACIMIENTO ANDINO,135
20906,ANCASH,MARISCAL LUZURIAGA,LLUMPA,ALIANZA ELECTORAL UNIDAD NACIONAL,69
20906,ANCASH,MARISCAL LUZURIAGA,LLUMPA,"LISTA INDEPENDIENTE ""PORVENIR CAMPESINO""",115
20906,ANCASH,MARISCAL LUZURIAGA,LLUMPA,"MOVIMIENTO INDIGENA ""TAHUANTINSUYO""",136
20906,ANCASH,MARISCAL LUZURIAGA,LLUMPA,PARTIDO ACCION POPULAR,186
20906,ANCASH,MARISCAL LUZURIAGA,LLUMPA,PARTIDO APRISTA PERUANO,67
20906,ANCASH,MARISCAL LUZURIAGA,LLUMPA,PARTIDO DEMOCRATICO SOMOS PERU,65
20906,ANCASH,MARISCAL LUZURIAGA,LLUMPA,PARTIDO PERU POSIBLE,323
20906,ANCASH,MARISCAL LUZURIAGA,LLUMPA,PARTIDO RENACIMIENTO ANDINO,133
20907,ANCASH,MARISCAL LUZURIAGA,MUSGA,ALIANZA ELECTORAL UNIDAD NACIONAL,39
20907,ANCASH,MARISCAL LUZURIAGA,MUSGA,PARTIDO ACCION POPULAR,46
20907,ANCASH,MARISCAL LUZURIAGA,MUSGA,PARTIDO APRISTA PERUANO,111
20907,ANCASH,MARISCAL LUZURIAGA,MUSGA,PARTIDO DEMOCRATICO SOMOS PERU,69
20907,ANCASH,MARISCAL LUZURIAGA,MUSGA,PARTIDO PERU POSIBLE,99
20907,ANCASH,MARISCAL LUZURIAGA,MUSGA,PARTIDO RENACIMIENTO ANDINO,113
20908,ANCASH,MARISCAL LUZURIAGA,ELEAZAR GUZMAN BARRON,ALIANZA ELECTORAL UNIDAD NACIONAL,26
20908,ANCASH,MARISCAL LUZURIAGA,ELEAZAR GUZMAN BARRON,"MOVIMIENTO INDEPENDIENTE ""POR LA TIERRA QUE NOS VIO NACER""",96
20908,ANCASH,MARISCAL LUZURIAGA,ELEAZAR GUZMAN BARRON,PARTIDO APRISTA PERUANO,48
20908,ANCASH,MARISCAL LUZURIAGA,ELEAZAR GUZMAN BARRON,PARTIDO DEMOCRATICO SOMOS PERU,31
20908,ANCASH,MARISCAL LUZURIAGA,ELEAZAR GUZMAN BARRON,PARTIDO PERU POSIBLE,55
20908,ANCASH,MARISCAL LUZURIAGA,ELEAZAR GUZMAN BARRON,PARTIDO RENACIMIENTO ANDINO,78
21002,ANCASH,PALLASCA,BOLOGNESI,"MOVIMIENTO INDEPENDIENTE ""FUERZA POPULAR PALLASQUINA""",74
21002,ANCASH,PALLASCA,BOLOGNESI,PARTIDO ACCION POPULAR,131
21002,ANCASH,PALLASCA,BOLOGNESI,PARTIDO APRISTA PERUANO,30
21002,ANCASH,PALLASCA,BOLOGNESI,PARTIDO PERU POSIBLE,87
21002,ANCASH,PALLASCA,BOLOGNESI,UNA LUZ PARA BOLOGNESI,62
21003,ANCASH,PALLASCA,CONCHUCOS,ALIANZA ELECTORAL UNIDAD NACIONAL,370
21003,ANCASH,PALLASCA,CONCHUCOS,CONCHUCOS QUERIDO AL DESARROLLO,172
21003,ANCASH,PALLASCA,CONCHUCOS,"MOVIMIENTO INDEPENDIENTE ""FUERZA POPULAR PALLASQUINA""",460
21003,ANCASH,PALLASCA,CONCHUCOS,PARTIDO APRISTA PERUANO,300
21003,ANCASH,PALLASCA,CONCHUCOS,PARTIDO PERU POSIBLE,526
21004,ANCASH,PALLASCA,HUACASCHUQUE,"MOVIMIENTO INDEPENDIENTE ""FUERZA POPULAR PALLASQUINA""",82
21004,ANCASH,PALLASCA,HUACASCHUQUE,PARTIDO PERU POSIBLE,171
21005,ANCASH,PALLASCA,HUANDOVAL,HUANDOVAL RUMBO AL FUTURO,81
21005,ANCASH,PALLASCA,HUANDOVAL,"MOVIMIENTO INDEPENDIENTE ""FUERZA POPULAR PALLASQUINA""",70
21005,ANCASH,PALLASCA,HUANDOVAL,MOVIMIENTO NUEVA IZQUIERDA,54
21005,ANCASH,PALLASCA,HUANDOVAL,PARTIDO APRISTA PERUANO,84
21005,ANCASH,PALLASCA,HUANDOVAL,PARTIDO PERU POSIBLE,142
21006,ANCASH,PALLASCA,LACABAMBA,"MOVIMIENTO INDEPENDIENTE ""FUERZA POPULAR PALLASQUINA""",99
21006,ANCASH,PALLASCA,LACABAMBA,PARTIDO APRISTA PERUANO,37
21006,ANCASH,PALLASCA,LACABAMBA,PARTIDO PERU POSIBLE,79
21007,ANCASH,PALLASCA,LLAPO,ALIANZA ELECTORAL UNIDAD NACIONAL,60
21007,ANCASH,PALLASCA,LLAPO,"MOVIMIENTO INDEPENDIENTE ""FUERZA POPULAR PALLASQUINA""",76
21007,ANCASH,PALLASCA,LLAPO,PARTIDO ACCION POPULAR,13
21007,ANCASH,PALLASCA,LLAPO,PARTIDO APRISTA PERUANO,65
21007,ANCASH,PALLASCA,LLAPO,PARTIDO PERU POSIBLE,30
21008,ANCASH,PALLASCA,PALLASCA,BALCON DEL CIELO,111
21008,ANCASH,PALLASCA,PALLASCA,CONTIGO PALLASCA,141
21008,ANCASH,PALLASCA,PALLASCA,"MOVIMIENTO INDEPENDIENTE ""FUERZA POPULAR PALLASQUINA""",38
21008,ANCASH,PALLASCA,PALLASCA,"MOVIMIENTO INDEPENDIENTE ""TIERRA PALLASCA""",101
21008,ANCASH,PALLASCA,PALLASCA,PARTIDO ACCION POPULAR,35
21008,ANCASH,PALLASCA,PALLASCA,PARTIDO APRISTA PERUANO,51
21008,ANCASH,PALLASCA,PALLASCA,PARTIDO PERU POSIBLE,62
21008,ANCASH,PALLASCA,PALLASCA,PARTIDO RENACIMIENTO ANDINO,54
21008,ANCASH,PALLASCA,PALLASCA,RENACER PALLASQUINO,195
21008,ANCASH,PALLASCA,PALLASCA,UNIDOS POR PALLASCA,298
21009,ANCASH,PALLASCA,PAMPAS,ALIANZA ELECTORAL UNIDAD NACIONAL,174
21009,ANCASH,PALLASCA,PAMPAS,"MOVIMIENTO INDEPENDIENTE ""FUERZA POPULAR PALLASQUINA""",427
21009,ANCASH,PALLASCA,PAMPAS,MOVIMIENTO NUEVA IZQUIERDA,69
21009,ANCASH,PALLASCA,PAMPAS,PARTIDO ACCION POPULAR,79
21009,ANCASH,PALLASCA,PAMPAS,PARTIDO APRISTA PERUANO,143
21009,ANCASH,PALLASCA,PAMPAS,PARTIDO DEMOCRATICO SOMOS PERU,65
21009,ANCASH,PALLASCA,PAMPAS,PARTIDO PERU POSIBLE,336
21009,ANCASH,PALLASCA,PAMPAS,PARTIDO RENACIMIENTO ANDINO,30
21010,ANCASH,PALLASCA,SANTA ROSA,ALIANZA ELECTORAL UNIDAD NACIONAL,70
21010,ANCASH,PALLASCA,SANTA ROSA,"MOVIMIENTO INDEPENDIENTE ""FUERZA POPULAR PALLASQUINA""",36
21010,ANCASH,PALLASCA,SANTA ROSA,PARTIDO ACCION POPULAR,84
21010,ANCASH,PALLASCA,SANTA ROSA,PARTIDO APRISTA PERUANO,16
21010,ANCASH,PALLASCA,SANTA ROSA,PARTIDO DEMOCRATICO SOMOS PERU,77
21010,ANCASH,PALLASCA,SANTA ROSA,PARTIDO PERU POSIBLE,74
21010,ANCASH,PALLASCA,SANTA ROSA,PARTIDO RENACIMIENTO ANDINO,111
21011,ANCASH,PALLASCA,TAUCA,"MOVIMIENTO INDEPENDIENTE ""FUERZA POPULAR PALLASQUINA""",249
21011,ANCASH,PALLASCA,TAUCA,"MOVIMIENTO INDEPENDIENTE ""TAUQUINO""",124
21011,ANCASH,PALLASCA,TAUCA,PARTIDO ACCION POPULAR,222
21011,ANCASH,PALLASCA,TAUCA,PARTIDO APRISTA PERUANO,47
21011,ANCASH,PALLASCA,TAUCA,PARTIDO PERU POSIBLE,265
21102,ANCASH,POMABAMBA,HUAYLLAN,ALIANZA ELECTORAL UNIDAD NACIONAL,32
21102,ANCASH,POMABAMBA,HUAYLLAN,"FRENTE INDEPENDIENTE ""REFORMADOR""",110
21102,ANCASH,POMABAMBA,HUAYLLAN,"MOVIMIENTO INDEPENDIENTE ""POMABAMBA RENACE""",26
21102,ANCASH,POMABAMBA,HUAYLLAN,MOVIMIENTO INDEPENDIENTE DEMOCRATICO AMA SUA,195
21102,ANCASH,POMABAMBA,HUAYLLAN,MOVIMIENTO NUEVA IZQUIERDA,18
21102,ANCASH,POMABAMBA,HUAYLLAN,PARTIDO APRISTA PERUANO,435
21102,ANCASH,POMABAMBA,HUAYLLAN,PARTIDO PERU POSIBLE,371
21103,ANCASH,POMABAMBA,PAROBAMBA,ALIANZA ELECTORAL UNIDAD NACIONAL,207
21103,ANCASH,POMABAMBA,PAROBAMBA,"MOVIMIENTO INDEPENDIENTE ""POMABAMBA RENACE""",446
21103,ANCASH,POMABAMBA,PAROBAMBA,MOVIMIENTO INDEPENDIENTE DEMOCRATICO AMA SUA,414
21103,ANCASH,POMABAMBA,PAROBAMBA,MOVIMIENTO NUEVA IZQUIERDA,28
21103,ANCASH,POMABAMBA,PAROBAMBA,PARTIDO APRISTA PERUANO,104
21103,ANCASH,POMABAMBA,PAROBAMBA,PARTIDO PERU POSIBLE,280
21104,ANCASH,POMABAMBA,QUINUABAMBA,"MOVIMIENTO INDEPENDIENTE ""POMABAMBA RENACE""",46
21104,ANCASH,POMABAMBA,QUINUABAMBA,MOVIMIENTO INDEPENDIENTE DEMOCRATICO AMA SUA,242
21104,ANCASH,POMABAMBA,QUINUABAMBA,PARTIDO APRISTA PERUANO,66
21104,ANCASH,POMABAMBA,QUINUABAMBA,PARTIDO PERU POSIBLE,225
21202,ANCASH,RECUAY,COTAPARACO,ALIANZA ELECTORAL UNIDAD NACIONAL,34
21202,ANCASH,RECUAY,COTAPARACO,INTEGRACION VECINAL COTAPARACO,57
21202,ANCASH,RECUAY,COTAPARACO,PARTIDO ACCION POPULAR,24
21202,ANCASH,RECUAY,COTAPARACO,PARTIDO APRISTA PERUANO,37
21202,ANCASH,RECUAY,COTAPARACO,PARTIDO DEMOCRATICO SOMOS PERU,43
21202,ANCASH,RECUAY,COTAPARACO,PARTIDO PERU POSIBLE,21
21202,ANCASH,RECUAY,COTAPARACO,PARTIDO RENACIMIENTO ANDINO,11
21203,ANCASH,RECUAY,HUAYLLAPAMPA,AGRUPACION INDEPENDIENTE UNION POR EL PERU - FRENTE AMPLIO,13
21203,ANCASH,RECUAY,HUAYLLAPAMPA,ALIANZA ELECTORAL UNIDAD NACIONAL,10
21203,ANCASH,RECUAY,HUAYLLAPAMPA,FUTURO PROMISORIO,28
21203,ANCASH,RECUAY,HUAYLLAPAMPA,HUAYLLAPAMPA AL PROGRESO,5
21203,ANCASH,RECUAY,HUAYLLAPAMPA,HUAYLLAPAMPA EN ACCION,20
21203,ANCASH,RECUAY,HUAYLLAPAMPA,MANOS LIMPIAS,8
21203,ANCASH,RECUAY,HUAYLLAPAMPA,PARTIDO APRISTA PERUANO,13
21203,ANCASH,RECUAY,HUAYLLAPAMPA,PARTIDO DEMOCRATICO SOMOS PERU,24
21203,ANCASH,RECUAY,HUAYLLAPAMPA,PARTIDO PERU POSIBLE,65
21203,ANCASH,RECUAY,HUAYLLAPAMPA,UNIDOS POR RECUAY,50
21204,ANCASH,RECUAY,MARCA,A TRABAJAR,5
21204,ANCASH,RECUAY,MARCA,ALIANZA ELECTORAL UNIDAD NACIONAL,14
21204,ANCASH,RECUAY,MARCA,FRENTE INDEPENDIENTE MORALIZADOR,109
21204,ANCASH,RECUAY,MARCA,MARCA RUMBO AL CAMBIO,18
21204,ANCASH,RECUAY,MARCA,PARTIDO ACCION POPULAR,86
21204,ANCASH,RECUAY,MARCA,PARTIDO APRISTA PERUANO,23
21204,ANCASH,RECUAY,MARCA,PARTIDO DEMOCRATICO SOMOS PERU,38
21204,ANCASH,RECUAY,MARCA,PARTIDO PERU POSIBLE,93
21204,ANCASH,RECUAY,MARCA,PROGRESO MARCA,110
21205,ANCASH,RECUAY,PAMPAS CHICO,ALIANZA ELECTORAL UNIDAD NACIONAL,41
21205,ANCASH,RECUAY,PAMPAS CHICO,MODERNIDAD 2002,118
21205,ANCASH,RECUAY,PAMPAS CHICO,MOVIMIENTO INDEPENDIENTE SIEMPRE UNIDOS,35
21205,ANCASH,RECUAY,PAMPAS CHICO,PARTIDO ACCION POPULAR,41
21205,ANCASH,RECUAY,PAMPAS CHICO,PARTIDO APRISTA PERUANO,34
21205,ANCASH,RECUAY,PAMPAS CHICO,PARTIDO DEMOCRATICO SOMOS PERU,16
21205,ANCASH,RECUAY,PAMPAS CHICO,PARTIDO PERU POSIBLE,12
21205,ANCASH,RECUAY,PAMPAS CHICO,PARTIDO RENACIMIENTO ANDINO,39
21205,ANCASH,RECUAY,PAMPAS CHICO,UNIDOS POR RECUAY,18
21206,ANCASH,RECUAY,PARARIN,ALIANZA ELECTORAL UNIDAD NACIONAL,61
21206,ANCASH,RECUAY,PARARIN,FRENTE INDEPENDIENTE MORALIZADOR,79
21206,ANCASH,RECUAY,PARARIN,PARTIDO ACCION POPULAR,27
21206,ANCASH,RECUAY,PARARIN,PARTIDO APRISTA PERUANO,38
21206,ANCASH,RECUAY,PARARIN,PARTIDO DEMOCRATICO SOMOS PERU,64
21206,ANCASH,RECUAY,PARARIN,PARTIDO PERU POSIBLE,46
21206,ANCASH,RECUAY,PARARIN,UNIDOS POR RECUAY,61
21206,ANCASH,RECUAY,PARARIN,VIVA PARARIN,43
21207,ANCASH,RECUAY,TAPACOCHA,ALIANZA ELECTORAL UNIDAD NACIONAL,16
21207,ANCASH,RECUAY,TAPACOCHA,PARTIDO ACCION POPULAR,20
21207,ANCASH,RECUAY,TAPACOCHA,PARTIDO DEMOCRATICO SOMOS PERU,57
21207,ANCASH,RECUAY,TAPACOCHA,PARTIDO PERU POSIBLE,19
21207,ANCASH,RECUAY,TAPACOCHA,PARTIDO RENACIMIENTO ANDINO,7
21207,ANCASH,RECUAY,TAPACOCHA,UNIDOS POR RECUAY,66
21208,ANCASH,RECUAY,TICAPAMPA,ALIANZA ELECTORAL UNIDAD NACIONAL,84
21208,ANCASH,RECUAY,TICAPAMPA,ALIANZA PARA EL PROGRESO,147
21208,ANCASH,RECUAY,TICAPAMPA,FRENTE INDEPENDIENTE MORALIZADOR,41
21208,ANCASH,RECUAY,TICAPAMPA,PARTIDO ACCION POPULAR,63
21208,ANCASH,RECUAY,TICAPAMPA,PARTIDO APRISTA PERUANO,87
21208,ANCASH,RECUAY,TICAPAMPA,PARTIDO DEMOCRATICO SOMOS PERU,80
21208,ANCASH,RECUAY,TICAPAMPA,PARTIDO PERU POSIBLE,212
21208,ANCASH,RECUAY,TICAPAMPA,PARTIDO RENACIMIENTO ANDINO,389
21208,ANCASH,RECUAY,TICAPAMPA,TICAPAMPA HOY,104
21208,ANCASH,RECUAY,TICAPAMPA,UNIDOS POR RECUAY,125
21209,ANCASH,RECUAY,LLACLLIN,ALIANZA ELECTORAL UNIDAD NACIONAL,29
21209,ANCASH,RECUAY,LLACLLIN,FRENTE INDEPENDIENTE MORALIZADOR,47
21209,ANCASH,RECUAY,LLACLLIN,PARTIDO ACCION POPULAR,26
21209,ANCASH,RECUAY,LLACLLIN,PARTIDO APRISTA PERUANO,21
21209,ANCASH,RECUAY,LLACLLIN,PARTIDO DEMOCRATICO SOMOS PERU,45
21209,ANCASH,RECUAY,LLACLLIN,PARTIDO PERU POSIBLE,77
21209,ANCASH,RECUAY,LLACLLIN,PARTIDO RENACIMIENTO ANDINO,45
21209,ANCASH,RECUAY,LLACLLIN,SANGRE LLACLLINO,23
21210,ANCASH,RECUAY,CATAC,ALIANZA ELECTORAL UNIDAD NACIONAL,319
21210,ANCASH,RECUAY,CATAC,LA PUYA DE CATAC,373
21210,ANCASH,RECUAY,CATAC,PARTIDO ACCION POPULAR,164
21210,ANCASH,RECUAY,CATAC,PARTIDO APRISTA PERUANO,281
21210,ANCASH,RECUAY,CATAC,PARTIDO DEMOCRATICO SOMOS PERU,43
21210,ANCASH,RECUAY,CATAC,PARTIDO PERU POSIBLE,186
21210,ANCASH,RECUAY,CATAC,UNIDOS POR RECUAY,294
21302,ANCASH,SANTA,CACERES DEL PERU,ALIANZA ELECTORAL UNIDAD NACIONAL,531
21302,ANCASH,SANTA,CACERES DEL PERU,ALIANZA PARA EL PROGRESO,97
21302,ANCASH,SANTA,CACERES DEL PERU,FRENTE INDEPENDIENTE MORALIZADOR,147
21302,ANCASH,SANTA,CACERES DEL PERU,PARTIDO ACCION POPULAR,211
21302,ANCASH,SANTA,CACERES DEL PERU,PARTIDO APRISTA PERUANO,543
21302,ANCASH,SANTA,CACERES DEL PERU,PARTIDO DEMOCRATICO SOMOS PERU,389
21302,ANCASH,SANTA,CACERES DEL PERU,PARTIDO PERU POSIBLE,116
21302,ANCASH,SANTA,CACERES DEL PERU,PARTIDO POLITICO NACIONAL PRIMERO PERU,57
21303,ANCASH,SANTA,MACATE,ALIANZA ELECTORAL UNIDAD NACIONAL,97
21303,ANCASH,SANTA,MACATE,FRENTE INDEPENDIENTE MORALIZADOR,45
21303,ANCASH,SANTA,MACATE,PARTIDO ACCION POPULAR,63
21303,ANCASH,SANTA,MACATE,PARTIDO APRISTA PERUANO,247
21303,ANCASH,SANTA,MACATE,PARTIDO DEMOCRATICO SOMOS PERU,313
21303,ANCASH,SANTA,MACATE,PARTIDO PERU POSIBLE,241
21303,ANCASH,SANTA,MACATE,PARTIDO POLITICO NACIONAL PRIMERO PERU,218
21304,ANCASH,SANTA,MORO,ALIANZA ELECTORAL UNIDAD NACIONAL,297
21304,ANCASH,SANTA,MORO,ALIANZA PARA EL PROGRESO,17
21304,ANCASH,SANTA,MORO,FRENTE INDEPENDIENTE MORALIZADOR,644
21304,ANCASH,SANTA,MORO,PARTIDO ACCION POPULAR,42
21304,ANCASH,SANTA,MORO,PARTIDO APRISTA PERUANO,599
21304,ANCASH,SANTA,MORO,PARTIDO DEMOCRATICO SOMOS PERU,664
21304,ANCASH,SANTA,MORO,PARTIDO PERU POSIBLE,633
21305,ANCASH,SANTA,NEPEÑA,FRENTE INDEPENDIENTE MORALIZADOR,1426
21305,ANCASH,SANTA,NEPEÑA,"LISTA INDEPENDIENTE ""SOMOS UNO""",872
21305,ANCASH,SANTA,NEPEÑA,PARTIDO ACCION POPULAR,1154
21305,ANCASH,SANTA,NEPEÑA,PARTIDO APRISTA PERUANO,946
21305,ANCASH,SANTA,NEPEÑA,PARTIDO DEMOCRATICO SOMOS PERU,1467
21305,ANCASH,SANTA,NEPEÑA,PARTIDO PERU POSIBLE,357
21305,ANCASH,SANTA,NEPEÑA,PARTIDO POLITICO NACIONAL PRIMERO PERU,42
21306,ANCASH,SANTA,SAMANCO,ALIANZA ELECTORAL UNIDAD NACIONAL,0
21306,ANCASH,SANTA,SAMANCO,FRENTE INDEPENDIENTE MORALIZADOR,0
21306,ANCASH,SANTA,SAMANCO,"MOVIMIENTO INDEPENDIENTE PROVINCIAL ""CONCERTANDO SI PODEMOS""",0
21306,ANCASH,SANTA,SAMANCO,MOVIMIENTO NUEVA IZQUIERDA,0
21306,ANCASH,SANTA,SAMANCO,PARTIDO ACCION POPULAR,0
21306,ANCASH,SANTA,SAMANCO,PARTIDO APRISTA PERUANO,0
21306,ANCASH,SANTA,SAMANCO,PARTIDO DEMOCRATICO SOMOS PERU,0
21306,ANCASH,SANTA,SAMANCO,PARTIDO PERU POSIBLE,0
21306,ANCASH,SANTA,SAMANCO,PARTIDO RENACIMIENTO ANDINO,0
21307,ANCASH,SANTA,SANTA,AGRUPACION INDEPENDIENTE UNION POR EL PERU - FRENTE AMPLIO,414
21307,ANCASH,SANTA,SANTA,ALIANZA ELECTORAL UNIDAD NACIONAL,386
21307,ANCASH,SANTA,SANTA,FRENTE INDEPENDIENTE MORALIZADOR,1715
21307,ANCASH,SANTA,SANTA,"MOVIMIENTO INDEPENDIENTE PROVINCIAL ""CONCERTANDO SI PODEMOS""",294
21307,ANCASH,SANTA,SANTA,PARTIDO ACCION POPULAR,1994
21307,ANCASH,SANTA,SANTA,PARTIDO APRISTA PERUANO,2822
21307,ANCASH,SANTA,SANTA,PARTIDO DEMOCRATICO SOMOS PERU,2326
21307,ANCASH,SANTA,SANTA,PARTIDO PERU POSIBLE,1028
21307,ANCASH,SANTA,SANTA,PARTIDO POLITICO NACIONAL PRIMERO PERU,170
21307,ANCASH,SANTA,SANTA,PARTIDO RENACIMIENTO ANDINO,1680
21308,ANCASH,SANTA,COISHCO,ALIANZA ELECTORAL UNIDAD NACIONAL,349
21308,ANCASH,SANTA,COISHCO,ALIANZA PARA EL PROGRESO,15
21308,ANCASH,SANTA,COISHCO,FRENTE INDEPENDIENTE MORALIZADOR,1843
21308,ANCASH,SANTA,COISHCO,"MOVIMIENTO INDEPENDIENTE ""CAMBIO Y RENOVACION POR COISHCO""",609
21308,ANCASH,SANTA,COISHCO,"MOVIMIENTO INDEPENDIENTE ""COISHCO QUERIDO""",1161
21308,ANCASH,SANTA,COISHCO,PARTIDO ACCION POPULAR,46
21308,ANCASH,SANTA,COISHCO,PARTIDO APRISTA PERUANO,2028
21308,ANCASH,SANTA,COISHCO,PARTIDO DEMOCRATICO SOMOS PERU,156
21308,ANCASH,SANTA,COISHCO,PARTIDO PERU POSIBLE,214
21309,ANCASH,SANTA,NUEVO CHIMBOTE,AGRUPACION INDEPENDIENTE UNION POR EL PERU - FRENTE AMPLIO,644
21309,ANCASH,SANTA,NUEVO CHIMBOTE,ALIANZA ELECTORAL UNIDAD NACIONAL,782
21309,ANCASH,SANTA,NUEVO CHIMBOTE,ALIANZA PARA EL PROGRESO,794
21309,ANCASH,SANTA,NUEVO CHIMBOTE,FRENTE INDEPENDIENTE MORALIZADOR,6669
21309,ANCASH,SANTA,NUEVO CHIMBOTE,"MOVIMIENTO INDEPENDIENTE ""COMPETITIVIDAD DISTRITAL""",770
21309,ANCASH,SANTA,NUEVO CHIMBOTE,"MOVIMIENTO INDEPENDIENTE PROVINCIAL ""CONCERTANDO SI PODEMOS""",660
21309,ANCASH,SANTA,NUEVO CHIMBOTE,MOVIMIENTO NUEVA IZQUIERDA,355
21309,ANCASH,SANTA,NUEVO CHIMBOTE,PARTIDO ACCION POPULAR,623
21309,ANCASH,SANTA,NUEVO CHIMBOTE,PARTIDO APRISTA PERUANO,9478
21309,ANCASH,SANTA,NUEVO CHIMBOTE,PARTIDO DEMOCRATICO SOMOS PERU,3272
21309,ANCASH,SANTA,NUEVO CHIMBOTE,PARTIDO PERU POSIBLE,3406
21309,ANCASH,SANTA,NUEVO CHIMBOTE,PARTIDO POLITICO NACIONAL PRIMERO PERU,860
21309,ANCASH,SANTA,NUEVO CHIMBOTE,PARTIDO RECONSTRUCCION DEMOCRATICA (PRD),1269
21309,ANCASH,SANTA,NUEVO CHIMBOTE,PARTIDO RENACIMIENTO ANDINO,228
21402,ANCASH,SIHUAS,ALFONSO UGARTE,ALIANZA ELECTORAL UNIDAD NACIONAL,35
21402,ANCASH,SIHUAS,ALFONSO UGARTE,MOVIMIENTO INDEPENDIENTE CAMPESINO ATUSPARIA (M.I.C.A.),73
21402,ANCASH,SIHUAS,ALFONSO UGARTE,MOVIMIENTO INDEPENDIENTE RONDERO (M.I.R.O.),127
21402,ANCASH,SIHUAS,ALFONSO UGARTE,PARTIDO PERU POSIBLE,33
21403,ANCASH,SIHUAS,CHINGALPO,MOVIMIENTO INDEPENDIENTE CAMPESINO ATUSPARIA (M.I.C.A.),36
21403,ANCASH,SIHUAS,CHINGALPO,MOVIMIENTO INDEPENDIENTE RONDERO (M.I.R.O.),122
21403,ANCASH,SIHUAS,CHINGALPO,PARTIDO APRISTA PERUANO,89
21403,ANCASH,SIHUAS,CHINGALPO,PARTIDO PERU POSIBLE,77
21404,ANCASH,SIHUAS,HUAYLLABAMBA,ALIANZA ELECTORAL UNIDAD NACIONAL,101
21404,ANCASH,SIHUAS,HUAYLLABAMBA,MOVIMIENTO INDEPENDIENTE CAMPESINO ATUSPARIA (M.I.C.A.),280
21404,ANCASH,SIHUAS,HUAYLLABAMBA,MOVIMIENTO INDEPENDIENTE RONDERO (M.I.R.O.),151
21404,ANCASH,SIHUAS,HUAYLLABAMBA,MOVIMIENTO NUEVA IZQUIERDA,63
21404,ANCASH,SIHUAS,HUAYLLABAMBA,PARTIDO ACCION POPULAR,17
21404,ANCASH,SIHUAS,HUAYLLABAMBA,PARTIDO APRISTA PERUANO,196
21404,ANCASH,SIHUAS,HUAYLLABAMBA,PARTIDO PERU POSIBLE,216
21405,ANCASH,SIHUAS,QUICHES,ALIANZA ELECTORAL UNIDAD NACIONAL,122
21405,ANCASH,SIHUAS,QUICHES,MOVIMIENTO INDEPENDIENTE CAMPESINO ATUSPARIA (M.I.C.A.),140
21405,ANCASH,SIHUAS,QUICHES,MOVIMIENTO INDEPENDIENTE RONDERO (M.I.R.O.),291
21405,ANCASH,SIHUAS,QUICHES,MOVIMIENTO NUEVA IZQUIERDA,10
21405,ANCASH,SIHUAS,QUICHES,PARTIDO APRISTA PERUANO,116
21405,ANCASH,SIHUAS,QUICHES,PARTIDO PERU POSIBLE,90
21406,ANCASH,SIHUAS,SICSIBAMBA,ALIANZA ELECTORAL UNIDAD NACIONAL,55
21406,ANCASH,SIHUAS,SICSIBAMBA,MOVIMIENTO INDEPENDIENTE CAMPESINO ATUSPARIA (M.I.C.A.),182
21406,ANCASH,SIHUAS,SICSIBAMBA,PARTIDO APRISTA PERUANO,165
21406,ANCASH,SIHUAS,SICSIBAMBA,PARTIDO PERU POSIBLE,226
21407,ANCASH,SIHUAS,ACOBAMBA,ALIANZA ELECTORAL UNIDAD NACIONAL,17
21407,ANCASH,SIHUAS,ACOBAMBA,MOVIMIENTO INDEPENDIENTE CAMPESINO ATUSPARIA (M.I.C.A.),164
21407,ANCASH,SIHUAS,ACOBAMBA,MOVIMIENTO INDEPENDIENTE RONDERO (M.I.R.O.),69
21407,ANCASH,SIHUAS,ACOBAMBA,PARTIDO ACCION POPULAR,13
21407,ANCASH,SIHUAS,ACOBAMBA,PARTIDO APRISTA PERUANO,15
21407,ANCASH,SIHUAS,ACOBAMBA,PARTIDO PERU POSIBLE,165
21408,ANCASH,SIHUAS,CASHAPAMPA,MOVIMIENTO INDEPENDIENTE CAMPESINO ATUSPARIA (M.I.C.A.),330
21408,ANCASH,SIHUAS,CASHAPAMPA,MOVIMIENTO INDEPENDIENTE RONDERO (M.I.R.O.),272
21408,ANCASH,SIHUAS,CASHAPAMPA,PARTIDO APRISTA PERUANO,34
21408,ANCASH,SIHUAS,CASHAPAMPA,PARTIDO DEMOCRATICO SOMOS PERU,160
21408,ANCASH,SIHUAS,CASHAPAMPA,PARTIDO PERU POSIBLE,87
21409,ANCASH,SIHUAS,RAGASH,ALIANZA ELECTORAL UNIDAD NACIONAL,16
21409,ANCASH,SIHUAS,RAGASH,"MOVIMIENTO INDEPENDIENTE ""UNIDOS POR RAGASH""",122
21409,ANCASH,SIHUAS,RAGASH,MOVIMIENTO INDEPENDIENTE CAMPESINO ATUSPARIA (M.I.C.A.),191
21409,ANCASH,SIHUAS,RAGASH,MOVIMIENTO INDEPENDIENTE RONDERO (M.I.R.O.),182
21409,ANCASH,SIHUAS,RAGASH,PARTIDO APRISTA PERUANO,41
21409,ANCASH,SIHUAS,RAGASH,PARTIDO PERU POSIBLE,181
21410,ANCASH,SIHUAS,SAN JUAN,ALIANZA ELECTORAL UNIDAD NACIONAL,148
21410,ANCASH,SIHUAS,SAN JUAN,MOVIMIENTO INDEPENDIENTE CAMPESINO ATUSPARIA (M.I.C.A.),420
21410,ANCASH,SIHUAS,SAN JUAN,MOVIMIENTO INDEPENDIENTE RONDERO (M.I.R.O.),329
21410,ANCASH,SIHUAS,SAN JUAN,PARTIDO ACCION POPULAR,347
21410,ANCASH,SIHUAS,SAN JUAN,PARTIDO APRISTA PERUANO,187
21410,ANCASH,SIHUAS,SAN JUAN,PARTIDO DEMOCRATICO SOMOS PERU,19
21410,ANCASH,SIHUAS,SAN JUAN,PARTIDO PERU POSIBLE,344
21502,ANCASH,YUNGAY,CASCAPARA,ALIANZA ELECTORAL UNIDAD NACIONAL,51
21502,ANCASH,YUNGAY,CASCAPARA,FRENTE POR UN NUEVO YUNGAY - FRENY,207
21502,ANCASH,YUNGAY,CASCAPARA,MOVIMIENTO INDEPENDIENTE 100 AÑOS DE YUNGAY,90
21502,ANCASH,YUNGAY,CASCAPARA,MOVIMIENTO INDEPENDIENTE UNION YUNGAINA,14
21502,ANCASH,YUNGAY,CASCAPARA,MOVIMIENTO INDEPENDIENTE YUNGAY AL PROGRESO,45
21502,ANCASH,YUNGAY,CASCAPARA,PARTIDO APRISTA PERUANO,63
21502,ANCASH,YUNGAY,CASCAPARA,PARTIDO DEMOCRATICO SOMOS PERU,63
21502,ANCASH,YUNGAY,CASCAPARA,PARTIDO PERU POSIBLE,79
21503,ANCASH,YUNGAY,MANCOS,ALIANZA ELECTORAL UNIDAD NACIONAL,183
21503,ANCASH,YUNGAY,MANCOS,FRENTE POR UN NUEVO YUNGAY - FRENY,216
21503,ANCASH,YUNGAY,MANCOS,MOVIMIENTO INDEPENDIENTE 100 AÑOS DE YUNGAY,270
21503,ANCASH,YUNGAY,MANCOS,MOVIMIENTO INDEPENDIENTE UNION YUNGAINA,228
21503,ANCASH,YUNGAY,MANCOS,MOVIMIENTO INDEPENDIENTE YUNGAY AL PROGRESO,299
21503,ANCASH,YUNGAY,MANCOS,MOVIMIENTO INDEPENDIENTE YUNGAY RENACE,333
21503,ANCASH,YUNGAY,MANCOS,PARTIDO ACCION POPULAR,546
21503,ANCASH,YUNGAY,MANCOS,PARTIDO APRISTA PERUANO,258
21503,ANCASH,YUNGAY,MANCOS,PARTIDO DEMOCRATICO SOMOS PERU,136
21503,ANCASH,YUNGAY,MANCOS,PARTIDO PERU POSIBLE,115
21504,ANCASH,YUNGAY,MATACOTO,ALIANZA ELECTORAL UNIDAD NACIONAL,90
21504,ANCASH,YUNGAY,MATACOTO,FRENTE POR UN NUEVO YUNGAY - FRENY,34
21504,ANCASH,YUNGAY,MATACOTO,MOVIMIENTO INDEPENDIENTE 100 AÑOS DE YUNGAY,39
21504,ANCASH,YUNGAY,MATACOTO,MOVIMIENTO INDEPENDIENTE UNION YUNGAINA,44
21504,ANCASH,YUNGAY,MATACOTO,MOVIMIENTO INDEPENDIENTE YUNGAY AL PROGRESO,154
21504,ANCASH,YUNGAY,MATACOTO,PARTIDO APRISTA PERUANO,74
21504,ANCASH,YUNGAY,MATACOTO,PARTIDO PERU POSIBLE,57
21505,ANCASH,YUNGAY,QUILLO,AGRUPACION INDEPENDIENTE UNION POR EL PERU - FRENTE AMPLIO,28
21505,ANCASH,YUNGAY,QUILLO,ALIANZA ELECTORAL UNIDAD NACIONAL,336
21505,ANCASH,YUNGAY,QUILLO,FRENTE POR UN NUEVO YUNGAY - FRENY,455
21505,ANCASH,YUNGAY,QUILLO,MOVIMIENTO INDEPENDIENTE 100 AÑOS DE YUNGAY,89
21505,ANCASH,YUNGAY,QUILLO,MOVIMIENTO INDEPENDIENTE UNION YUNGAINA,381
21505,ANCASH,YUNGAY,QUILLO,MOVIMIENTO INDEPENDIENTE YUNGAY AL PROGRESO,103
21505,ANCASH,YUNGAY,QUILLO,PARTIDO ACCION POPULAR,194
21505,ANCASH,YUNGAY,QUILLO,PARTIDO APRISTA PERUANO,206
21505,ANCASH,YUNGAY,QUILLO,PARTIDO DEMOCRATICO SOMOS PERU,75
21505,ANCASH,YUNGAY,QUILLO,PARTIDO PERU POSIBLE,81
21506,ANCASH,YUNGAY,RANRAHIRCA,AGRUPACION INDEPENDIENTE UNION POR EL PERU - FRENTE AMPLIO,40
21506,ANCASH,YUNGAY,RANRAHIRCA,ALIANZA ELECTORAL UNIDAD NACIONAL,219
21506,ANCASH,YUNGAY,RANRAHIRCA,FRENTE POR UN NUEVO YUNGAY - FRENY,64
21506,ANCASH,YUNGAY,RANRAHIRCA,MOVIMIENTO INDEPENDIENTE 100 AÑOS DE YUNGAY,51
21506,ANCASH,YUNGAY,RANRAHIRCA,MOVIMIENTO INDEPENDIENTE UNION YUNGAINA,38
21506,ANCASH,YUNGAY,RANRAHIRCA,MOVIMIENTO INDEPENDIENTE YUNGAY AL PROGRESO,299
21506,ANCASH,YUNGAY,RANRAHIRCA,MOVIMIENTO INDEPENDIENTE YUNGAY RENACE,63
21506,ANCASH,YUNGAY,RANRAHIRCA,PARTIDO ACCION POPULAR,125
21506,ANCASH,YUNGAY,RANRAHIRCA,PARTIDO APRISTA PERUANO,122
21506,ANCASH,YUNGAY,RANRAHIRCA,PARTIDO PERU POSIBLE,63
21507,ANCASH,YUNGAY,SHUPLUY,AGRUPACION INDEPENDIENTE UNION POR EL PERU - FRENTE AMPLIO,27
21507,ANCASH,YUNGAY,SHUPLUY,ALIANZA ELECTORAL UNIDAD NACIONAL,22
21507,ANCASH,YUNGAY,SHUPLUY,FRENTE POR UN NUEVO YUNGAY - FRENY,102
21507,ANCASH,YUNGAY,SHUPLUY,MOVIMIENTO INDEPENDIENTE 100 AÑOS DE YUNGAY,29
21507,ANCASH,YUNGAY,SHUPLUY,MOVIMIENTO INDEPENDIENTE YUNGAY AL PROGRESO,88
21507,ANCASH,YUNGAY,SHUPLUY,PARTIDO ACCION POPULAR,128
21507,ANCASH,YUNGAY,SHUPLUY,PARTIDO APRISTA PERUANO,34
21507,ANCASH,YUNGAY,SHUPLUY,PARTIDO DEMOCRATICO SOMOS PERU,34
21507,ANCASH,YUNGAY,SHUPLUY,PARTIDO PERU POSIBLE,55
21508,ANCASH,YUNGAY,YANAMA,ALIANZA ELECTORAL UNIDAD NACIONAL,272
21508,ANCASH,YUNGAY,YANAMA,FRENTE POR UN NUEVO YUNGAY - FRENY,311
21508,ANCASH,YUNGAY,YANAMA,MOVIMIENTO INDEPENDIENTE 100 AÑOS DE YUNGAY,249
21508,ANCASH,YUNGAY,YANAMA,MOVIMIENTO INDEPENDIENTE UNION YUNGAINA,580
21508,ANCASH,YUNGAY,YANAMA,MOVIMIENTO INDEPENDIENTE YUNGAY AL PROGRESO,268
21508,ANCASH,YUNGAY,YANAMA,PARTIDO ACCION POPULAR,330
21508,ANCASH,YUNGAY,YANAMA,PARTIDO APRISTA PERUANO,173
21508,ANCASH,YUNGAY,YANAMA,PARTIDO PERU POSIBLE,91
21602,ANCASH,ANTONIO RAIMONDI,ACZO,AGRUPACION INDEPENDIENTE UNION POR EL PERU - FRENTE AMPLIO,23
21602,ANCASH,ANTONIO RAIMONDI,ACZO,ALIANZA ELECTORAL UNIDAD NACIONAL,105
21602,ANCASH,ANTONIO RAIMONDI,ACZO,FRENTE INDEPENDIENTE MORALIZADOR,37
21602,ANCASH,ANTONIO RAIMONDI,ACZO,PARTIDO APRISTA PERUANO,37
21602,ANCASH,ANTONIO RAIMONDI,ACZO,PARTIDO DEMOCRATICO SOMOS PERU,63
21602,ANCASH,ANTONIO RAIMONDI,ACZO,PARTIDO PERU POSIBLE,161
21602,ANCASH,ANTONIO RAIMONDI,ACZO,PARTIDO RENACIMIENTO ANDINO,92
21602,ANCASH,ANTONIO RAIMONDI,ACZO,POR RAYMONDI BELLO,123
21603,ANCASH,ANTONIO RAIMONDI,CHACCHO,AGRUPACION INDEPENDIENTE UNION POR EL PERU - FRENTE AMPLIO,19
21603,ANCASH,ANTONIO RAIMONDI,CHACCHO,ALIANZA ELECTORAL UNIDAD NACIONAL,35
21603,ANCASH,ANTONIO RAIMONDI,CHACCHO,FRENTE INDEPENDIENTE MORALIZADOR,36
21603,ANCASH,ANTONIO RAIMONDI,CHACCHO,MOVIMIENTO INDEPENDIENTE CHACCHINA,53
21603,ANCASH,ANTONIO RAIMONDI,CHACCHO,MOVIMIENTO NUEVA IZQUIERDA,40
21603,ANCASH,ANTONIO RAIMONDI,CHACCHO,PARTIDO APRISTA PERUANO,67
21603,ANCASH,ANTONIO RAIMONDI,CHACCHO,PARTIDO DEMOCRATICO SOMOS PERU,129
21603,ANCASH,ANTONIO RAIMONDI,CHACCHO,PARTIDO PERU POSIBLE,140
21603,ANCASH,ANTONIO RAIMONDI,CHACCHO,PARTIDO RENACIMIENTO ANDINO,205
21604,ANCASH,ANTONIO RAIMONDI,CHINGAS,AGRUPACION INDEPENDIENTE UNION POR EL PERU - FRENTE AMPLIO,66
21604,ANCASH,ANTONIO RAIMONDI,CHINGAS,FRENTE INDEPENDIENTE MORALIZADOR,171
21604,ANCASH,ANTONIO RAIMONDI,CHINGAS,PARTIDO APRISTA PERUANO,42
21604,ANCASH,ANTONIO RAIMONDI,CHINGAS,PARTIDO DEMOCRATICO SOMOS PERU,138
21604,ANCASH,ANTONIO RAIMONDI,CHINGAS,PARTIDO PERU POSIBLE,141
21604,ANCASH,ANTONIO RAIMONDI,CHINGAS,PARTIDO RENACIMIENTO ANDINO,23
21605,ANCASH,ANTONIO RAIMONDI,MIRGAS,AGRUPACION INDEPENDIENTE UNION POR EL PERU - FRENTE AMPLIO,17
21605,ANCASH,ANTONIO RAIMONDI,MIRGAS,FRENTE INDEPENDIENTE MORALIZADOR,9
21605,ANCASH,ANTONIO RAIMONDI,MIRGAS,MOVIMIENTO INDEPENDIENTE COOPERACION Y DESARROLLO,288
21605,ANCASH,ANTONIO RAIMONDI,MIRGAS,PARTIDO ACCION POPULAR,28
21605,ANCASH,ANTONIO RAIMONDI,MIRGAS,PARTIDO APRISTA PERUANO,111
21605,ANCASH,ANTONIO RAIMONDI,MIRGAS,PARTIDO DEMOCRATICO SOMOS PERU,124
21605,ANCASH,ANTONIO RAIMONDI,MIRGAS,PARTIDO PERU POSIBLE,324
21605,ANCASH,ANTONIO RAIMONDI,MIRGAS,POR RAYMONDI BELLO,46
21606,ANCASH,ANTONIO RAIMONDI,SAN JUAN DE RONTOY,AGRUPACION INDEPENDIENTE UNION POR EL PERU - FRENTE AMPLIO,26
21606,ANCASH,ANTONIO RAIMONDI,SAN JUAN DE RONTOY,FRENTE INDEPENDIENTE MORALIZADOR,31
21606,ANCASH,ANTONIO RAIMONDI,SAN JUAN DE RONTOY,PARTIDO ACCION POPULAR,69
21606,ANCASH,ANTONIO RAIMONDI,SAN JUAN DE RONTOY,PARTIDO APRISTA PERUANO,10
21606,ANCASH,ANTONIO RAIMONDI,SAN JUAN DE RONTOY,PARTIDO DEMOCRATICO SOMOS PERU,36
21606,ANCASH,ANTONIO RAIMONDI,SAN JUAN DE RONTOY,PARTIDO PERU POSIBLE,50
21606,ANCASH,ANTONIO RAIMONDI,SAN JUAN DE RONTOY,PARTIDO RENACIMIENTO ANDINO,42
21606,ANCASH,ANTONIO RAIMONDI,SAN JUAN DE RONTOY,POR RAYMONDI BELLO,52
21702,ANCASH,CARLOS FERMIN FITZCARRALD,YAUYA,ALIANZA ELECTORAL UNIDAD NACIONAL,562
21702,ANCASH,CARLOS FERMIN FITZCARRALD,YAUYA,FUERZA DEMOCRATICA,63
21702,ANCASH,CARLOS FERMIN FITZCARRALD,YAUYA,"MOVIMIENTO INDEPENDIENTE ""POR UNA PROVINCIA MODERNA""",107
21702,ANCASH,CARLOS FERMIN FITZCARRALD,YAUYA,"MOVIMIENTO INDEPENDIENTE ""YAUYA AL CENTENARIO"" M.I.Y.A.C",149
21702,ANCASH,CARLOS FERMIN FITZCARRALD,YAUYA,PARTIDO APRISTA PERUANO,133
21702,ANCASH,CARLOS FERMIN FITZCARRALD,YAUYA,PARTIDO DEMOCRATICO SOMOS PERU,213
21702,ANCASH,CARLOS FERMIN FITZCARRALD,YAUYA,PARTIDO PERU POSIBLE,229
21703,ANCASH,CARLOS FERMIN FITZCARRALD,SAN NICOLAS,FUERZA DEMOCRATICA,259
21703,ANCASH,CARLOS FERMIN FITZCARRALD,SAN NICOLAS,"MOVIMIENTO INDEPENDIENTE ""ALIANZA PRODUCTIVA""",170
21703,ANCASH,CARLOS FERMIN FITZCARRALD,SAN NICOLAS,"MOVIMIENTO INDEPENDIENTE ""POR UNA PROVINCIA MODERNA""",41
21703,ANCASH,CARLOS FERMIN FITZCARRALD,SAN NICOLAS,PARTIDO ACCION POPULAR,141
21703,ANCASH,CARLOS FERMIN FITZCARRALD,SAN NICOLAS,PARTIDO APRISTA PERUANO,34
21703,ANCASH,CARLOS FERMIN FITZCARRALD,SAN NICOLAS,PARTIDO PERU POSIBLE,59
21802,ANCASH,ASUNCION,ACOCHACA,AGRUPACION INDEPENDIENTE UNION POR EL PERU - FRENTE AMPLIO,108
21802,ANCASH,ASUNCION,ACOCHACA,FUERZA DEMOCRATICA,144
21802,ANCASH,ASUNCION,ACOCHACA,MOVIMIENTO NUEVA IZQUIERDA,94
21802,ANCASH,ASUNCION,ACOCHACA,PARTIDO APRISTA PERUANO,77
21802,ANCASH,ASUNCION,ACOCHACA,PARTIDO DEMOCRATICO SOMOS PERU,276
21802,ANCASH,ASUNCION,ACOCHACA,PARTIDO PERU POSIBLE,53
21802,ANCASH,ASUNCION,ACOCHACA,PARTIDO RENACIMIENTO ANDINO,77
21902,ANCASH,HUARMEY,COCHAPETI,"MOVIMIENTO INDEPENDIENTE ""ARRIBA HUARMEY""",136
21902,ANCASH,HUARMEY,COCHAPETI,MOVIMIENTO REGIONALISTA HUARMEY UNIDO,80
21902,ANCASH,HUARMEY,COCHAPETI,PARTIDO ACCION POPULAR,7
21902,ANCASH,HUARMEY,COCHAPETI,PARTIDO APRISTA PERUANO,40
21902,ANCASH,HUARMEY,COCHAPETI,PARTIDO PERU POSIBLE,31
21903,ANCASH,HUARMEY,HUAYAN,AGRUPACION INDEPENDIENTE UNION POR EL PERU - FRENTE AMPLIO,8
21903,ANCASH,HUARMEY,HUAYAN,ALIANZA ELECTORAL UNIDAD NACIONAL,6
21903,ANCASH,HUARMEY,HUAYAN,"MOVIMIENTO INDEPENDIENTE ""ARRIBA HUARMEY""",8
21903,ANCASH,HUARMEY,HUAYAN,"MOVIMIENTO INDEPENDIENTE ""HUAYAN QUERIDO""",12
21903,ANCASH,HUARMEY,HUAYAN,"MOVIMIENTO INDEPENDIENTE ""RESURGIMIENTO HUARMEYANO""",39
21903,ANCASH,HUARMEY,HUAYAN,MOVIMIENTO INDEPENDIENTE HUARMEY ADELANTE,9
21903,ANCASH,HUARMEY,HUAYAN,MOVIMIENTO INDEPENDIENTE HUAYAN AL DESARROLLO,32
21903,ANCASH,HUARMEY,HUAYAN,MOVIMIENTO REGIONALISTA HUARMEY UNIDO,33
21903,ANCASH,HUARMEY,HUAYAN,PARTIDO ACCION POPULAR,11
21903,ANCASH,HUARMEY,HUAYAN,PARTIDO APRISTA PERUANO,82
21903,ANCASH,HUARMEY,HUAYAN,PARTIDO PERU POSIBLE,36
21903,ANCASH,HUARMEY,HUAYAN,PARTIDO POLITICO NACIONAL PRIMERO PERU,31
21904,ANCASH,HUARMEY,MALVAS,ALIANZA ELECTORAL UNIDAD NACIONAL,25
21904,ANCASH,HUARMEY,MALVAS,"MOVIMIENTO INDEPENDIENTE ""ARRIBA HUARMEY""",114
21904,ANCASH,HUARMEY,MALVAS,MOVIMIENTO NUEVA IZQUIERDA,7
21904,ANCASH,HUARMEY,MALVAS,MOVIMIENTO REGIONALISTA HUARMEY UNIDO,92
21904,ANCASH,HUARMEY,MALVAS,PARTIDO ACCION POPULAR,9
21904,ANCASH,HUARMEY,MALVAS,PARTIDO APRISTA PERUANO,58
21904,ANCASH,HUARMEY,MALVAS,PARTIDO DEMOCRATICO SOMOS PERU,4
21904,ANCASH,HUARMEY,MALVAS,PARTIDO PERU POSIBLE,24
21905,ANCASH,HUARMEY,CULEBRAS,ALIANZA ELECTORAL UNIDAD NACIONAL,95
21905,ANCASH,HUARMEY,CULEBRAS,"MOVIMIENTO INDEPENDIENTE ""ARRIBA HUARMEY""",322
21905,ANCASH,HUARMEY,CULEBRAS,MOVIMIENTO REGIONALISTA HUARMEY UNIDO,61
21905,ANCASH,HUARMEY,CULEBRAS,PARTIDO APRISTA PERUANO,197
21905,ANCASH,HUARMEY,CULEBRAS,PARTIDO DEMOCRATICO SOMOS PERU,20
22001,ANCASH,OCROS,ACAS,"AGRUPACION DEMOCRATICA POR EL DESARROLLO DE OCROS ""ADDO""",49
22001,ANCASH,OCROS,ACAS,"LISTA INDEPENDIENTE UNION CAMPESINOS AGROPECUARIOS ""U.C.A.""",50
22001,ANCASH,OCROS,ACAS,"MOVIMIENTO INDEPENDIENTE ""OCROS UNIDOS""",49
22001,ANCASH,OCROS,ACAS,"MOVIMIENTO INDEPENDIENTE AGRARIO DE LA PROVINCIA DE OCROS ""M.I.A.P.O.""",56
22001,ANCASH,OCROS,ACAS,PARTIDO APRISTA PERUANO,25
22001,ANCASH,OCROS,ACAS,PARTIDO PERU POSIBLE,12
22002,ANCASH,OCROS,CAJAMARQUILLA,"LISTA INDEPENDIENTE UNION CAMPESINOS AGROPECUARIOS ""U.C.A.""",39
22002,ANCASH,OCROS,CAJAMARQUILLA,"MOVIMIENTO INDEPENDIENTE ""OCROS UNIDOS""",9
22002,ANCASH,OCROS,CAJAMARQUILLA,"MOVIMIENTO INDEPENDIENTE AGRARIO DE LA PROVINCIA DE OCROS ""M.I.A.P.O.""",46
22002,ANCASH,OCROS,CAJAMARQUILLA,PARTIDO DEMOCRATICO SOMOS PERU,38
22003,ANCASH,OCROS,CARHUAPAMPA,"LISTA INDEPENDIENTE UNION CAMPESINOS AGROPECUARIOS ""U.C.A.""",114
22003,ANCASH,OCROS,CARHUAPAMPA,"MOVIMIENTO INDEPENDIENTE ""OCROS UNIDOS""",58
22003,ANCASH,OCROS,CARHUAPAMPA,PARTIDO PERU POSIBLE,45
22004,ANCASH,OCROS,COCHAS,"AGRUPACION DEMOCRATICA POR EL DESARROLLO DE OCROS ""ADDO""",79
22004,ANCASH,OCROS,COCHAS,ALIANZA ELECTORAL UNIDAD NACIONAL,98
22004,ANCASH,OCROS,COCHAS,"MOVIMIENTO INDEPENDIENTE ""OCROS UNIDOS""",46
22004,ANCASH,OCROS,COCHAS,"MOVIMIENTO INDEPENDIENTE AGRARIO DE LA PROVINCIA DE OCROS ""M.I.A.P.O.""",174
22004,ANCASH,OCROS,COCHAS,PARTIDO DEMOCRATICO SOMOS PERU,17
22004,ANCASH,OCROS,COCHAS,PARTIDO PERU POSIBLE,97
22005,ANCASH,OCROS,CONGAS,"AGRUPACION DEMOCRATICA POR EL DESARROLLO DE OCROS ""ADDO""",22
22005,ANCASH,OCROS,CONGAS,ALIANZA ELECTORAL UNIDAD NACIONAL,58
22005,ANCASH,OCROS,CONGAS,"LISTA INDEPENDIENTE ""FUERZA CONGASINA 2002""",100
22005,ANCASH,OCROS,CONGAS,"LISTA INDEPENDIENTE UNION CAMPESINOS AGROPECUARIOS ""U.C.A.""",150
22005,ANCASH,OCROS,CONGAS,"MOVIMIENTO INDEPENDIENTE ""CONGAS CON ALMA Y CORAZON AL DESARROLLO""",48
22005,ANCASH,OCROS,CONGAS,"MOVIMIENTO INDEPENDIENTE ""OCROS UNIDOS""",27
22005,ANCASH,OCROS,CONGAS,"MOVIMIENTO INDEPENDIENTE AGRARIO DE LA PROVINCIA DE OCROS ""M.I.A.P.O.""",7
22005,ANCASH,OCROS,CONGAS,PARTIDO DEMOCRATICO SOMOS PERU,12
22005,ANCASH,OCROS,CONGAS,PARTIDO PERU POSIBLE,10
22006,ANCASH,OCROS,LLIPA,"LISTA INDEPENDIENTE UNION CAMPESINOS AGROPECUARIOS ""U.C.A.""",90
22006,ANCASH,OCROS,LLIPA,"MOVIMIENTO INDEPENDIENTE ""OCROS UNIDOS""",17
22006,ANCASH,OCROS,LLIPA,"MOVIMIENTO INDEPENDIENTE AGRARIO DE LA PROVINCIA DE OCROS ""M.I.A.P.O.""",20
22008,ANCASH,OCROS,SAN CRISTOBAL DE RAJAN,ALIANZA ELECTORAL UNIDAD NACIONAL,24
22008,ANCASH,OCROS,SAN CRISTOBAL DE RAJAN,"LISTA INDEPENDIENTE UNION CAMPESINOS AGROPECUARIOS ""U.C.A.""",116
22008,ANCASH,OCROS,SAN CRISTOBAL DE RAJAN,"MOVIMIENTO INDEPENDIENTE ""SOMOS RAJAN""",71
22008,ANCASH,OCROS,SAN CRISTOBAL DE RAJAN,"MOVIMIENTO INDEPENDIENTE AGRARIO DE LA PROVINCIA DE OCROS ""M.I.A.P.O.""",50
22008,ANCASH,OCROS,SAN CRISTOBAL DE RAJAN,PARTIDO APRISTA PERUANO,71
22009,ANCASH,OCROS,SAN PEDRO,"AGRUPACION DEMOCRATICA POR EL DESARROLLO DE OCROS ""ADDO""",27
22009,ANCASH,OCROS,SAN PEDRO,"FRENTE INDEPENDIENTE ""UNIDOS PROGRESAREMOS""",28
22009,ANCASH,OCROS,SAN PEDRO,"LISTA INDEPENDIENTE ""SAN PEDRO MODERNIDAD""",106
22009,ANCASH,OCROS,SAN PEDRO,"LISTA INDEPENDIENTE UNION CAMPESINOS AGROPECUARIOS ""U.C.A.""",107
22009,ANCASH,OCROS,SAN PEDRO,PARTIDO DEMOCRATICO SOMOS PERU,57
22010,ANCASH,OCROS,SANTIAGO DE CHILCAS,"AGRUPACION DEMOCRATICA POR EL DESARROLLO DE OCROS ""ADDO""",17
22010,ANCASH,OCROS,SANTIAGO DE CHILCAS,"LISTA INDEPENDIENTE UNICA FUERZA OCROSINA ""U.F.O""",18
22010,ANCASH,OCROS,SANTIAGO DE CHILCAS,"MOVIMIENTO INDEPENDIENTE ""CHILCAS SIEMPRE ADELANTE""",50
22010,ANCASH,OCROS,SANTIAGO DE CHILCAS,"MOVIMIENTO INDEPENDIENTE AGRARIO DE LA PROVINCIA DE OCROS ""M.I.A.P.O.""",73
22010,ANCASH,OCROS,SANTIAGO DE CHILCAS,PARTIDO PERU POSIBLE,47
30102,APURIMAC,ABANCAY,CIRCA,AGRUPACION INDEPENDIENTE UNION POR EL PERU - FRENTE AMPLIO,177
30102,APURIMAC,ABANCAY,CIRCA,ALIANZA ELECTORAL UNIDAD NACIONAL,45
30102,APURIMAC,ABANCAY,CIRCA,FRENTE POPULAR LLAPANCHIK,33
30102,APURIMAC,ABANCAY,CIRCA,"MOVIMIENTO INDEPENDIENTE ""APU APURIMAC UNIDO""",58
30102,APURIMAC,ABANCAY,CIRCA,MOVIMIENTO NUEVA IZQUIERDA,38
30102,APURIMAC,ABANCAY,CIRCA,PARTIDO ACCION POPULAR,8
30102,APURIMAC,ABANCAY,CIRCA,PARTIDO APRISTA PERUANO,227
30102,APURIMAC,ABANCAY,CIRCA,PARTIDO PERU POSIBLE,127
30102,APURIMAC,ABANCAY,CIRCA,PARTIDO RENACIMIENTO ANDINO,11
30103,APURIMAC,ABANCAY,CURAHUASI,AGRUPACION INDEPENDIENTE UNION POR EL PERU - FRENTE AMPLIO,823
30103,APURIMAC,ABANCAY,CURAHUASI,ALIANZA ELECTORAL UNIDAD NACIONAL,1032
30103,APURIMAC,ABANCAY,CURAHUASI,FRENTE POPULAR LLAPANCHIK,376
30103,APURIMAC,ABANCAY,CURAHUASI,FUERZA DEMOCRATICA,1071
30103,APURIMAC,ABANCAY,CURAHUASI,MOVIMIENTO NUEVA IZQUIERDA,645
30103,APURIMAC,ABANCAY,CURAHUASI,PARTIDO APRISTA PERUANO,477
30103,APURIMAC,ABANCAY,CURAHUASI,PARTIDO PERU POSIBLE,117
30103,APURIMAC,ABANCAY,CURAHUASI,PARTIDO RENACIMIENTO ANDINO,6
30104,APURIMAC,ABANCAY,CHACOCHE,ALIANZA ELECTORAL UNIDAD NACIONAL,11
30104,APURIMAC,ABANCAY,CHACOCHE,FUERZA DEMOCRATICA,14
30104,APURIMAC,ABANCAY,CHACOCHE,"MOVIMIENTO INDEPENDIENTE ""APU APURIMAC UNIDO""",60
30104,APURIMAC,ABANCAY,CHACOCHE,MOVIMIENTO NUEVA IZQUIERDA,34
30104,APURIMAC,ABANCAY,CHACOCHE,PARTIDO APRISTA PERUANO,91
30104,APURIMAC,ABANCAY,CHACOCHE,PARTIDO PERU POSIBLE,124
30104,APURIMAC,ABANCAY,CHACOCHE,TODAS LAS SANGRES,66
30105,APURIMAC,ABANCAY,HUANIPACA,AGRUPACION INDEPENDIENTE UNION POR EL PERU - FRENTE AMPLIO,38
30105,APURIMAC,ABANCAY,HUANIPACA,ALIANZA ELECTORAL UNIDAD NACIONAL,211
30105,APURIMAC,ABANCAY,HUANIPACA,MOVIMIENTO NUEVA IZQUIERDA,170
30105,APURIMAC,ABANCAY,HUANIPACA,PARTIDO APRISTA PERUANO,181
30105,APURIMAC,ABANCAY,HUANIPACA,PARTIDO PERU POSIBLE,238
30105,APURIMAC,ABANCAY,HUANIPACA,PARTIDO RENACIMIENTO ANDINO,237
30106,APURIMAC,ABANCAY,LAMBRAMA,AGRUPACION INDEPENDIENTE UNION POR EL PERU - FRENTE AMPLIO,83
30106,APURIMAC,ABANCAY,LAMBRAMA,ALIANZA ELECTORAL UNIDAD NACIONAL,40
30106,APURIMAC,ABANCAY,LAMBRAMA,FRENTE POPULAR LLAPANCHIK,134
30106,APURIMAC,ABANCAY,LAMBRAMA,FUERZA DEMOCRATICA,127
30106,APURIMAC,ABANCAY,LAMBRAMA,"MOVIMIENTO INDEPENDIENTE ""APU APURIMAC UNIDO""",42
30106,APURIMAC,ABANCAY,LAMBRAMA,"MOVIMIENTO INDEPENDIENTE ""CAMINO AL PROGRESO DE LAMBRAMA""",15
30106,APURIMAC,ABANCAY,LAMBRAMA,"MOVIMIENTO INDEPENDIENTE ""EL CAMPESINO""",30
30106,APURIMAC,ABANCAY,LAMBRAMA,"MOVIMIENTO INDEPENDIENTE ""FUERZA COMUNAL PROGRESO""",261
30106,APURIMAC,ABANCAY,LAMBRAMA,MOVIMIENTO NUEVA IZQUIERDA,31
30106,APURIMAC,ABANCAY,LAMBRAMA,PARTIDO APRISTA PERUANO,30
30106,APURIMAC,ABANCAY,LAMBRAMA,PARTIDO PERU POSIBLE,171
30106,APURIMAC,ABANCAY,LAMBRAMA,PARTIDO RENACIMIENTO ANDINO,12
30107,APURIMAC,ABANCAY,PICHIRHUA,AGRUPACION INDEPENDIENTE UNION POR EL PERU - FRENTE AMPLIO,192
30107,APURIMAC,ABANCAY,PICHIRHUA,ALIANZA ELECTORAL UNIDAD NACIONAL,18
30107,APURIMAC,ABANCAY,PICHIRHUA,FRENTE POPULAR LLAPANCHIK,122
30107,APURIMAC,ABANCAY,PICHIRHUA,FUERZA DEMOCRATICA,42
30107,APURIMAC,ABANCAY,PICHIRHUA,"MOVIMIENTO INDEPENDIENTE ""APU APURIMAC UNIDO""",101
30107,APURIMAC,ABANCAY,PICHIRHUA,"MOVIMIENTO INDEPENDIENTE ""TRABAJEMOS POR PICHIRHUA""",163
30107,APURIMAC,ABANCAY,PICHIRHUA,MOVIMIENTO NUEVA IZQUIERDA,38
30107,APURIMAC,ABANCAY,PICHIRHUA,PARTIDO APRISTA PERUANO,11
30107,APURIMAC,ABANCAY,PICHIRHUA,PARTIDO PERU POSIBLE,220
30107,APURIMAC,ABANCAY,PICHIRHUA,PARTIDO RENACIMIENTO ANDINO,5
30107,APURIMAC,ABANCAY,PICHIRHUA,TODAS LAS SANGRES,71
30108,APURIMAC,ABANCAY,SAN PEDRO DE CACHORA,AGRUPACION INDEPENDIENTE UNION POR EL PERU - FRENTE AMPLIO,200
30108,APURIMAC,ABANCAY,SAN PEDRO DE CACHORA,ALIANZA ELECTORAL UNIDAD NACIONAL,117
30108,APURIMAC,ABANCAY,SAN PEDRO DE CACHORA,FUERZA DEMOCRATICA,408
30108,APURIMAC,ABANCAY,SAN PEDRO DE CACHORA,MOVIMIENTO NUEVA IZQUIERDA,61
30108,APURIMAC,ABANCAY,SAN PEDRO DE CACHORA,PARTIDO ACCION POPULAR,17
30108,APURIMAC,ABANCAY,SAN PEDRO DE CACHORA,PARTIDO APRISTA PERUANO,63
30108,APURIMAC,ABANCAY,SAN PEDRO DE CACHORA,PARTIDO PERU POSIBLE,267
30109,APURIMAC,ABANCAY,TAMBURCO,AGRUPACION INDEPENDIENTE UNION POR EL PERU - FRENTE AMPLIO,147
30109,APURIMAC,ABANCAY,TAMBURCO,ALIANZA ELECTORAL UNIDAD NACIONAL,70
30109,APURIMAC,ABANCAY,TAMBURCO,FRENTE POPULAR LLAPANCHIK,26
30109,APURIMAC,ABANCAY,TAMBURCO,FUERZA DEMOCRATICA,178
30109,APURIMAC,ABANCAY,TAMBURCO,"MOVIMIENTO INDEPENDIENTE ""APU APURIMAC UNIDO""",162
30109,APURIMAC,ABANCAY,TAMBURCO,"MOVIMIENTO INDEPENDIENTE ""TODOS UNIDOS""",464
30109,APURIMAC,ABANCAY,TAMBURCO,MOVIMIENTO NUEVA IZQUIERDA,88
30109,APURIMAC,ABANCAY,TAMBURCO,PARTIDO ACCION POPULAR,143
30109,APURIMAC,ABANCAY,TAMBURCO,PARTIDO APRISTA PERUANO,28
30109,APURIMAC,ABANCAY,TAMBURCO,PARTIDO PERU POSIBLE,318
30109,APURIMAC,ABANCAY,TAMBURCO,PARTIDO POLITICO NACIONAL PRIMERO PERU,263
30109,APURIMAC,ABANCAY,TAMBURCO,PARTIDO RENACIMIENTO ANDINO,49
30109,APURIMAC,ABANCAY,TAMBURCO,TODAS LAS SANGRES,18
30202,APURIMAC,AYMARAES,CAPAYA,ALIANZA ELECTORAL UNIDAD NACIONAL,86
30202,APURIMAC,AYMARAES,CAPAYA,MOVIMIENTO NUEVA IZQUIERDA,5
30202,APURIMAC,AYMARAES,CAPAYA,PARTIDO APRISTA PERUANO,25
30202,APURIMAC,AYMARAES,CAPAYA,PARTIDO PERU POSIBLE,110
30202,APURIMAC,AYMARAES,CAPAYA,PARTIDO POLITICO NACIONAL PRIMERO PERU,8
30202,APURIMAC,AYMARAES,CAPAYA,TODAS LAS SANGRES,6
30203,APURIMAC,AYMARAES,CARAYBAMBA,AGRUPACION INDEPENDIENTE UNION POR EL PERU - FRENTE AMPLIO,11
30203,APURIMAC,AYMARAES,CARAYBAMBA,ALIANZA ELECTORAL UNIDAD NACIONAL,5
30203,APURIMAC,AYMARAES,CARAYBAMBA,FRENTE POPULAR LLAPANCHIK,110
30203,APURIMAC,AYMARAES,CARAYBAMBA,MOVIMIENTO NUEVA IZQUIERDA,161
30203,APURIMAC,AYMARAES,CARAYBAMBA,PARTIDO APRISTA PERUANO,21
30203,APURIMAC,AYMARAES,CARAYBAMBA,PARTIDO PERU POSIBLE,116
30203,APURIMAC,AYMARAES,CARAYBAMBA,TODAS LAS SANGRES,52
30204,APURIMAC,AYMARAES,COLCABAMBA,ALIANZA ELECTORAL UNIDAD NACIONAL,22
30204,APURIMAC,AYMARAES,COLCABAMBA,FRENTE POPULAR LLAPANCHIK,15
30204,APURIMAC,AYMARAES,COLCABAMBA,"MOVIMIENTO INDEPENDIENTE ""NUEVA ESPERANZA DE COLCABAMBA Y LA JUVENTUD""",18
30204,APURIMAC,AYMARAES,COLCABAMBA,MOVIMIENTO NUEVA IZQUIERDA,115
30204,APURIMAC,AYMARAES,COLCABAMBA,PARTIDO APRISTA PERUANO,45
30204,APURIMAC,AYMARAES,COLCABAMBA,PARTIDO PERU POSIBLE,38
30204,APURIMAC,AYMARAES,COLCABAMBA,PARTIDO POLITICO NACIONAL PRIMERO PERU,18
30204,APURIMAC,AYMARAES,COLCABAMBA,PARTIDO RENACIMIENTO ANDINO,10
30205,APURIMAC,AYMARAES,COTARUSE,ALIANZA ELECTORAL UNIDAD NACIONAL,27
30205,APURIMAC,AYMARAES,COTARUSE,FRENTE POPULAR LLAPANCHIK,77
30205,APURIMAC,AYMARAES,COTARUSE,MOVIMIENTO NUEVA IZQUIERDA,309
30205,APURIMAC,AYMARAES,COTARUSE,PARTIDO APRISTA PERUANO,238
30205,APURIMAC,AYMARAES,COTARUSE,PARTIDO PERU POSIBLE,262
30205,APURIMAC,AYMARAES,COTARUSE,PARTIDO POLITICO NACIONAL PRIMERO PERU,20
30206,APURIMAC,AYMARAES,CHAPIMARCA,AGRUPACION INDEPENDIENTE UNION POR EL PERU - FRENTE AMPLIO,69
30206,APURIMAC,AYMARAES,CHAPIMARCA,ALIANZA ELECTORAL UNIDAD NACIONAL,22
30206,APURIMAC,AYMARAES,CHAPIMARCA,FRENTE POPULAR LLAPANCHIK,21
30206,APURIMAC,AYMARAES,CHAPIMARCA,MOVIMIENTO NUEVA IZQUIERDA,38
30206,APURIMAC,AYMARAES,CHAPIMARCA,PARTIDO ACCION POPULAR,40
30206,APURIMAC,AYMARAES,CHAPIMARCA,PARTIDO APRISTA PERUANO,22
30206,APURIMAC,AYMARAES,CHAPIMARCA,PARTIDO PERU POSIBLE,34
30206,APURIMAC,AYMARAES,CHAPIMARCA,PARTIDO POLITICO NACIONAL PRIMERO PERU,38
30206,APURIMAC,AYMARAES,CHAPIMARCA,PARTIDO RENACIMIENTO ANDINO,27
30206,APURIMAC,AYMARAES,CHAPIMARCA,TODAS LAS SANGRES,59
30207,APURIMAC,AYMARAES,IHUAYLLO,FRENTE POPULAR LLAPANCHIK,52
30207,APURIMAC,AYMARAES,IHUAYLLO,MOVIMIENTO NUEVA IZQUIERDA,48
30207,APURIMAC,AYMARAES,IHUAYLLO,PARTIDO APRISTA PERUANO,58
30207,APURIMAC,AYMARAES,IHUAYLLO,PARTIDO PERU POSIBLE,62
30208,APURIMAC,AYMARAES,LUCRE,AGRUPACION INDEPENDIENTE UNION POR EL PERU - FRENTE AMPLIO,66
30208,APURIMAC,AYMARAES,LUCRE,ALIANZA ELECTORAL UNIDAD NACIONAL,31
30208,APURIMAC,AYMARAES,LUCRE,FRENTE POPULAR LLAPANCHIK,25
30208,APURIMAC,AYMARAES,LUCRE,MOVIMIENTO NUEVA IZQUIERDA,86
30208,APURIMAC,AYMARAES,LUCRE,PARTIDO ACCION POPULAR,105
30208,APURIMAC,AYMARAES,LUCRE,PARTIDO APRISTA PERUANO,14
30208,APURIMAC,AYMARAES,LUCRE,PARTIDO DEMOCRATICO SOMOS PERU,29
30208,APURIMAC,AYMARAES,LUCRE,PARTIDO PERU POSIBLE,181
30208,APURIMAC,AYMARAES,LUCRE,PARTIDO POLITICO NACIONAL PRIMERO PERU,124
30208,APURIMAC,AYMARAES,LUCRE,TODAS LAS SANGRES,20
30209,APURIMAC,AYMARAES,POCOHUANCA,AGRUPACION INDEPENDIENTE UNION POR EL PERU - FRENTE AMPLIO,37
30209,APURIMAC,AYMARAES,POCOHUANCA,ALIANZA ELECTORAL UNIDAD NACIONAL,8
30209,APURIMAC,AYMARAES,POCOHUANCA,FRENTE POPULAR LLAPANCHIK,89
30209,APURIMAC,AYMARAES,POCOHUANCA,MOVIMIENTO NUEVA IZQUIERDA,29
30209,APURIMAC,AYMARAES,POCOHUANCA,PARTIDO ACCION POPULAR,18
30209,APURIMAC,AYMARAES,POCOHUANCA,PARTIDO APRISTA PERUANO,30
30209,APURIMAC,AYMARAES,POCOHUANCA,PARTIDO PERU POSIBLE,90
30209,APURIMAC,AYMARAES,POCOHUANCA,PARTIDO POLITICO NACIONAL PRIMERO PERU,9
30209,APURIMAC,AYMARAES,POCOHUANCA,TODAS LAS SANGRES,24
30210,APURIMAC,AYMARAES,SAÑAYCA,ALIANZA ELECTORAL UNIDAD NACIONAL,19
30210,APURIMAC,AYMARAES,SAÑAYCA,FRENTE POPULAR LLAPANCHIK,87
30210,APURIMAC,AYMARAES,SAÑAYCA,FUERZA DEMOCRATICA,76
30210,APURIMAC,AYMARAES,SAÑAYCA,MOVIMIENTO NUEVA IZQUIERDA,32
30210,APURIMAC,AYMARAES,SAÑAYCA,PARTIDO APRISTA PERUANO,11
30210,APURIMAC,AYMARAES,SAÑAYCA,PARTIDO PERU POSIBLE,147
30211,APURIMAC,AYMARAES,SORAYA,AGRUPACION INDEPENDIENTE UNION POR EL PERU - FRENTE AMPLIO,17
30211,APURIMAC,AYMARAES,SORAYA,ALIANZA ELECTORAL UNIDAD NACIONAL,32
30211,APURIMAC,AYMARAES,SORAYA,FRENTE POPULAR LLAPANCHIK,67
30211,APURIMAC,AYMARAES,SORAYA,MOVIMIENTO NUEVA IZQUIERDA,12
30211,APURIMAC,AYMARAES,SORAYA,PARTIDO APRISTA PERUANO,76
30211,APURIMAC,AYMARAES,SORAYA,PARTIDO PERU POSIBLE,70
30211,APURIMAC,AYMARAES,SORAYA,PARTIDO POLITICO NACIONAL PRIMERO PERU,12
30211,APURIMAC,AYMARAES,SORAYA,TODAS LAS SANGRES,9
30212,APURIMAC,AYMARAES,TAPAIRIHUA,AGRUPACION INDEPENDIENTE UNION POR EL PERU - FRENTE AMPLIO,100
30212,APURIMAC,AYMARAES,TAPAIRIHUA,ALIANZA ELECTORAL UNIDAD NACIONAL,8
30212,APURIMAC,AYMARAES,TAPAIRIHUA,FRENTE POPULAR LLAPANCHIK,113
30212,APURIMAC,AYMARAES,TAPAIRIHUA,MOVIMIENTO NUEVA IZQUIERDA,54
30212,APURIMAC,AYMARAES,TAPAIRIHUA,PARTIDO ACCION POPULAR,14
30212,APURIMAC,AYMARAES,TAPAIRIHUA,PARTIDO APRISTA PERUANO,95
30212,APURIMAC,AYMARAES,TAPAIRIHUA,PARTIDO PERU POSIBLE,258
30212,APURIMAC,AYMARAES,TAPAIRIHUA,PARTIDO POLITICO NACIONAL PRIMERO PERU,14
30212,APURIMAC,AYMARAES,TAPAIRIHUA,TODAS LAS SANGRES,9
30213,APURIMAC,AYMARAES,TINTAY,AGRUPACION INDEPENDIENTE UNION POR EL PERU - FRENTE AMPLIO,148
30213,APURIMAC,AYMARAES,TINTAY,ALIANZA ELECTORAL UNIDAD NACIONAL,48
30213,APURIMAC,AYMARAES,TINTAY,FRENTE INDEPENDIENTE MORALIZADOR,185
30213,APURIMAC,AYMARAES,TINTAY,FRENTE POPULAR LLAPANCHIK,45
30213,APURIMAC,AYMARAES,TINTAY,MOVIMIENTO NUEVA IZQUIERDA,67
30213,APURIMAC,AYMARAES,TINTAY,PARTIDO ACCION POPULAR,84
30213,APURIMAC,AYMARAES,TINTAY,PARTIDO APRISTA PERUANO,121
30213,APURIMAC,AYMARAES,TINTAY,PARTIDO PERU POSIBLE,116
30213,APURIMAC,AYMARAES,TINTAY,PARTIDO POLITICO NACIONAL PRIMERO PERU,23
30213,APURIMAC,AYMARAES,TINTAY,PARTIDO RENACIMIENTO ANDINO,45
30213,APURIMAC,AYMARAES,TINTAY,TODAS LAS SANGRES,93
30214,APURIMAC,AYMARAES,TORAYA,ALIANZA ELECTORAL UNIDAD NACIONAL,16
30214,APURIMAC,AYMARAES,TORAYA,FRENTE POPULAR LLAPANCHIK,69
30214,APURIMAC,AYMARAES,TORAYA,MOVIMIENTO NUEVA IZQUIERDA,71
30214,APURIMAC,AYMARAES,TORAYA,PARTIDO APRISTA PERUANO,96
30214,APURIMAC,AYMARAES,TORAYA,PARTIDO DEMOCRATICO SOMOS PERU,34
30214,APURIMAC,AYMARAES,TORAYA,PARTIDO PERU POSIBLE,100
30214,APURIMAC,AYMARAES,TORAYA,PARTIDO POLITICO NACIONAL PRIMERO PERU,57
30215,APURIMAC,AYMARAES,YANACA,ALIANZA ELECTORAL UNIDAD NACIONAL,82
30215,APURIMAC,AYMARAES,YANACA,FRENTE POPULAR LLAPANCHIK,98
30215,APURIMAC,AYMARAES,YANACA,MOVIMIENTO NUEVA IZQUIERDA,66
30215,APURIMAC,AYMARAES,YANACA,PARTIDO ACCION POPULAR,5
30215,APURIMAC,AYMARAES,YANACA,PARTIDO APRISTA PERUANO,47
30215,APURIMAC,AYMARAES,YANACA,PARTIDO PERU POSIBLE,138
30215,APURIMAC,AYMARAES,YANACA,PARTIDO POLITICO NACIONAL PRIMERO PERU,4
30216,APURIMAC,AYMARAES,SAN JUAN DE CHACÑA,ALIANZA ELECTORAL UNIDAD NACIONAL,45
30216,APURIMAC,AYMARAES,SAN JUAN DE CHACÑA,"FRENTE INDEPENDIENTE ""UNIDAD VECINAL SAN JUAN DE CHACÑA""",17
30216,APURIMAC,AYMARAES,SAN JUAN DE CHACÑA,MOVIMIENTO NUEVA IZQUIERDA,31
30216,APURIMAC,AYMARAES,SAN JUAN DE CHACÑA,PARTIDO APRISTA PERUANO,156
30216,APURIMAC,AYMARAES,SAN JUAN DE CHACÑA,PARTIDO PERU POSIBLE,111
30217,APURIMAC,AYMARAES,JUSTO APU SAHUARAURA,ALIANZA ELECTORAL UNIDAD NACIONAL,102
30217,APURIMAC,AYMARAES,JUSTO APU SAHUARAURA,FRENTE POPULAR LLAPANCHIK,41
30217,APURIMAC,AYMARAES,JUSTO APU SAHUARAURA,MOVIMIENTO NUEVA IZQUIERDA,24
30217,APURIMAC,AYMARAES,JUSTO APU SAHUARAURA,PARTIDO APRISTA PERUANO,4
30217,APURIMAC,AYMARAES,JUSTO APU SAHUARAURA,PARTIDO PERU POSIBLE,73
30217,APURIMAC,AYMARAES,JUSTO APU SAHUARAURA,TODAS LAS SANGRES,35
30302,APURIMAC,ANDAHUAYLAS,ANDARAPA,AGRUPACION INDEPENDIENTE UNION POR EL PERU - FRENTE AMPLIO,40
30302,APURIMAC,ANDAHUAYLAS,ANDARAPA,ALIANZA ELECTORAL UNIDAD NACIONAL,38
30302,APURIMAC,ANDAHUAYLAS,ANDARAPA,FRENTE POPULAR LLAPANCHIK,798
30302,APURIMAC,ANDAHUAYLAS,ANDARAPA,"MOVIMIENTO INDEPENDIENTE ""FRENTE OBRERO CAMPESINO ESTUDIANTIL Y POPULAR"" F.O.C.E.P.",18
30302,APURIMAC,ANDAHUAYLAS,ANDARAPA,PARTIDO ACCION POPULAR,125
30302,APURIMAC,ANDAHUAYLAS,ANDARAPA,PARTIDO APRISTA PERUANO,61
30302,APURIMAC,ANDAHUAYLAS,ANDARAPA,PARTIDO PERU POSIBLE,564
30302,APURIMAC,ANDAHUAYLAS,ANDARAPA,PARTIDO POLITICO NACIONAL PRIMERO PERU,262
30302,APURIMAC,ANDAHUAYLAS,ANDARAPA,TODAS LAS SANGRES,632
30303,APURIMAC,ANDAHUAYLAS,CHIARA,ALIANZA ELECTORAL UNIDAD NACIONAL,33
30303,APURIMAC,ANDAHUAYLAS,CHIARA,FRENTE POPULAR LLAPANCHIK,42
30303,APURIMAC,ANDAHUAYLAS,CHIARA,"MOVIMIENTO INDEPENDIENTE ""FRENTE OBRERO CAMPESINO ESTUDIANTIL Y POPULAR"" F.O.C.E.P.",27
30303,APURIMAC,ANDAHUAYLAS,CHIARA,MOVIMIENTO NUEVA IZQUIERDA,20
30303,APURIMAC,ANDAHUAYLAS,CHIARA,PARTIDO ACCION POPULAR,28
30303,APURIMAC,ANDAHUAYLAS,CHIARA,PARTIDO APRISTA PERUANO,31
30303,APURIMAC,ANDAHUAYLAS,CHIARA,PARTIDO PERU POSIBLE,179
30303,APURIMAC,ANDAHUAYLAS,CHIARA,PARTIDO POLITICO NACIONAL PRIMERO PERU,207
30303,APURIMAC,ANDAHUAYLAS,CHIARA,TODAS LAS SANGRES,87
30304,APURIMAC,ANDAHUAYLAS,HUANCARAMA,AGRUPACION INDEPENDIENTE UNION POR EL PERU - FRENTE AMPLIO,167
30304,APURIMAC,ANDAHUAYLAS,HUANCARAMA,ALIANZA ELECTORAL UNIDAD NACIONAL,112
30304,APURIMAC,ANDAHUAYLAS,HUANCARAMA,FRENTE POPULAR LLAPANCHIK,231
30304,APURIMAC,ANDAHUAYLAS,HUANCARAMA,"MOVIMIENTO INDEPENDIENTE ""FRENTE OBRERO CAMPESINO ESTUDIANTIL Y POPULAR"" F.O.C.E.P.",20
30304,APURIMAC,ANDAHUAYLAS,HUANCARAMA,MOVIMIENTO NUEVA IZQUIERDA,177
30304,APURIMAC,ANDAHUAYLAS,HUANCARAMA,PARTIDO APRISTA PERUANO,383
30304,APURIMAC,ANDAHUAYLAS,HUANCARAMA,PARTIDO PERU POSIBLE,444
30304,APURIMAC,ANDAHUAYLAS,HUANCARAMA,TODAS LAS SANGRES,289
30305,APURIMAC,ANDAHUAYLAS,HUANCARAY,AGRUPACION INDEPENDIENTE UNION POR EL PERU - FRENTE AMPLIO,43
30305,APURIMAC,ANDAHUAYLAS,HUANCARAY,ALIANZA ELECTORAL UNIDAD NACIONAL,166
30305,APURIMAC,ANDAHUAYLAS,HUANCARAY,FRENTE POPULAR LLAPANCHIK,238
30305,APURIMAC,ANDAHUAYLAS,HUANCARAY,"MOVIMIENTO INDEPENDIENTE ""FRENTE OBRERO CAMPESINO ESTUDIANTIL Y POPULAR"" F.O.C.E.P.",30
30305,APURIMAC,ANDAHUAYLAS,HUANCARAY,MOVIMIENTO NUEVA IZQUIERDA,119
30305,APURIMAC,ANDAHUAYLAS,HUANCARAY,PARTIDO ACCION POPULAR,76
30305,APURIMAC,ANDAHUAYLAS,HUANCARAY,PARTIDO APRISTA PERUANO,147
30305,APURIMAC,ANDAHUAYLAS,HUANCARAY,PARTIDO PERU POSIBLE,288
30305,APURIMAC,ANDAHUAYLAS,HUANCARAY,PARTIDO POLITICO NACIONAL PRIMERO PERU,202
30305,APURIMAC,ANDAHUAYLAS,HUANCARAY,TODAS LAS SANGRES,420
30306,APURIMAC,ANDAHUAYLAS,KISHUARA,ALIANZA ELECTORAL UNIDAD NACIONAL,246
30306,APURIMAC,ANDAHUAYLAS,KISHUARA,FRENTE POPULAR LLAPANCHIK,411
30306,APURIMAC,ANDAHUAYLAS,KISHUARA,"MOVIMIENTO INDEPENDIENTE ""FRENTE OBRERO CAMPESINO ESTUDIANTIL Y POPULAR"" F.O.C.E.P.",44
30306,APURIMAC,ANDAHUAYLAS,KISHUARA,MOVIMIENTO NUEVA IZQUIERDA,174
30306,APURIMAC,ANDAHUAYLAS,KISHUARA,PARTIDO ACCION POPULAR,470
30306,APURIMAC,ANDAHUAYLAS,KISHUARA,PARTIDO APRISTA PERUANO,46
30306,APURIMAC,ANDAHUAYLAS,KISHUARA,PARTIDO PERU POSIBLE,195
30306,APURIMAC,ANDAHUAYLAS,KISHUARA,TODAS LAS SANGRES,294
30307,APURIMAC,ANDAHUAYLAS,PACOBAMBA,ALIANZA ELECTORAL UNIDAD NACIONAL,55
30307,APURIMAC,ANDAHUAYLAS,PACOBAMBA,FRENTE POPULAR LLAPANCHIK,392
30307,APURIMAC,ANDAHUAYLAS,PACOBAMBA,"MOVIMIENTO INDEPENDIENTE ""FRENTE OBRERO CAMPESINO ESTUDIANTIL Y POPULAR"" F.O.C.E.P.",79
30307,APURIMAC,ANDAHUAYLAS,PACOBAMBA,MOVIMIENTO NUEVA IZQUIERDA,276
30307,APURIMAC,ANDAHUAYLAS,PACOBAMBA,PARTIDO ACCION POPULAR,37
30307,APURIMAC,ANDAHUAYLAS,PACOBAMBA,PARTIDO APRISTA PERUANO,217
30307,APURIMAC,ANDAHUAYLAS,PACOBAMBA,PARTIDO PERU POSIBLE,264
30307,APURIMAC,ANDAHUAYLAS,PACOBAMBA,PARTIDO POLITICO NACIONAL PRIMERO PERU,77
30307,APURIMAC,ANDAHUAYLAS,PACOBAMBA,TODAS LAS SANGRES,88
30308,APURIMAC,ANDAHUAYLAS,PAMPACHIRI,ALIANZA ELECTORAL UNIDAD NACIONAL,176
30308,APURIMAC,ANDAHUAYLAS,PAMPACHIRI,FRENTE POPULAR LLAPANCHIK,136
30308,APURIMAC,ANDAHUAYLAS,PAMPACHIRI,MOVIMIENTO NUEVA IZQUIERDA,51
30308,APURIMAC,ANDAHUAYLAS,PAMPACHIRI,PARTIDO ACCION POPULAR,203
30308,APURIMAC,ANDAHUAYLAS,PAMPACHIRI,PARTIDO APRISTA PERUANO,26
30308,APURIMAC,ANDAHUAYLAS,PAMPACHIRI,PARTIDO PERU POSIBLE,108
30308,APURIMAC,ANDAHUAYLAS,PAMPACHIRI,PARTIDO POLITICO NACIONAL PRIMERO PERU,32
30308,APURIMAC,ANDAHUAYLAS,PAMPACHIRI,TODAS LAS SANGRES,67
30309,APURIMAC,ANDAHUAYLAS,SAN ANTONIO DE CACHI,AGRUPACION INDEPENDIENTE UNION POR EL PERU - FRENTE AMPLIO,18
30309,APURIMAC,ANDAHUAYLAS,SAN ANTONIO DE CACHI,ALIANZA ELECTORAL UNIDAD NACIONAL,211
30309,APURIMAC,ANDAHUAYLAS,SAN ANTONIO DE CACHI,FRENTE POPULAR LLAPANCHIK,97
30309,APURIMAC,ANDAHUAYLAS,SAN ANTONIO DE CACHI,"MOVIMIENTO INDEPENDIENTE ""FRENTE OBRERO CAMPESINO ESTUDIANTIL Y POPULAR"" F.O.C.E.P.",32
30309,APURIMAC,ANDAHUAYLAS,SAN ANTONIO DE CACHI,MOVIMIENTO NUEVA IZQUIERDA,32
30309,APURIMAC,ANDAHUAYLAS,SAN ANTONIO DE CACHI,PARTIDO ACCION POPULAR,270
30309,APURIMAC,ANDAHUAYLAS,SAN ANTONIO DE CACHI,PARTIDO APRISTA PERUANO,242
30309,APURIMAC,ANDAHUAYLAS,SAN ANTONIO DE CACHI,PARTIDO PERU POSIBLE,70
30309,APURIMAC,ANDAHUAYLAS,SAN ANTONIO DE CACHI,PARTIDO POLITICO NACIONAL PRIMERO PERU,37
30309,APURIMAC,ANDAHUAYLAS,SAN ANTONIO DE CACHI,TODAS LAS SANGRES,145
30310,APURIMAC,ANDAHUAYLAS,SAN JERONIMO,AGRUPACION INDEPENDIENTE UNION POR EL PERU - FRENTE AMPLIO,296
30310,APURIMAC,ANDAHUAYLAS,SAN JERONIMO,ALIANZA ELECTORAL UNIDAD NACIONAL,836
30310,APURIMAC,ANDAHUAYLAS,SAN JERONIMO,FRENTE POPULAR LLAPANCHIK,622
30310,APURIMAC,ANDAHUAYLAS,SAN JERONIMO,MOVIMIENTO NUEVA IZQUIERDA,47
30310,APURIMAC,ANDAHUAYLAS,SAN JERONIMO,PARTIDO ACCION POPULAR,797
30310,APURIMAC,ANDAHUAYLAS,SAN JERONIMO,PARTIDO APRISTA PERUANO,138
30310,APURIMAC,ANDAHUAYLAS,SAN JERONIMO,PARTIDO PERU POSIBLE,1126
30310,APURIMAC,ANDAHUAYLAS,SAN JERONIMO,PARTIDO POLITICO NACIONAL PRIMERO PERU,1417
30310,APURIMAC,ANDAHUAYLAS,SAN JERONIMO,TODAS LAS SANGRES,538
30311,APURIMAC,ANDAHUAYLAS,TALAVERA,AGRUPACION INDEPENDIENTE UNION POR EL PERU - FRENTE AMPLIO,745
30311,APURIMAC,ANDAHUAYLAS,TALAVERA,ALIANZA ELECTORAL UNIDAD NACIONAL,252
30311,APURIMAC,ANDAHUAYLAS,TALAVERA,ALIANZA ELECTORAL VAMOS VECINO,207
30311,APURIMAC,ANDAHUAYLAS,TALAVERA,FRENTE POPULAR LLAPANCHIK,839
30311,APURIMAC,ANDAHUAYLAS,TALAVERA,"MOVIMIENTO INDEPENDIENTE ""FRENTE OBRERO CAMPESINO ESTUDIANTIL Y POPULAR"" F.O.C.E.P.",53
30311,APURIMAC,ANDAHUAYLAS,TALAVERA,MOVIMIENTO NUEVA IZQUIERDA,157
30311,APURIMAC,ANDAHUAYLAS,TALAVERA,PARTIDO ACCION POPULAR,1244
30311,APURIMAC,ANDAHUAYLAS,TALAVERA,PARTIDO APRISTA PERUANO,335
30311,APURIMAC,ANDAHUAYLAS,TALAVERA,PARTIDO PERU POSIBLE,1432
30311,APURIMAC,ANDAHUAYLAS,TALAVERA,PARTIDO POLITICO NACIONAL PRIMERO PERU,341
30311,APURIMAC,ANDAHUAYLAS,TALAVERA,TODAS LAS SANGRES,860
30312,APURIMAC,ANDAHUAYLAS,TURPO,ALIANZA ELECTORAL UNIDAD NACIONAL,249
30312,APURIMAC,ANDAHUAYLAS,TURPO,FRENTE POPULAR LLAPANCHIK,550
30312,APURIMAC,ANDAHUAYLAS,TURPO,PARTIDO APRISTA PERUANO,20
30312,APURIMAC,ANDAHUAYLAS,TURPO,PARTIDO PERU POSIBLE,307
30312,APURIMAC,ANDAHUAYLAS,TURPO,PARTIDO POLITICO NACIONAL PRIMERO PERU,288
30312,APURIMAC,ANDAHUAYLAS,TURPO,TODAS LAS SANGRES,180
30313,APURIMAC,ANDAHUAYLAS,PACUCHA,AGRUPACION INDEPENDIENTE UNION POR EL PERU - FRENTE AMPLIO,396
30313,APURIMAC,ANDAHUAYLAS,PACUCHA,ALIANZA ELECTORAL UNIDAD NACIONAL,44
30313,APURIMAC,ANDAHUAYLAS,PACUCHA,FRENTE POPULAR LLAPANCHIK,800
30313,APURIMAC,ANDAHUAYLAS,PACUCHA,"MOVIMIENTO INDEPENDIENTE ""FRENTE OBRERO CAMPESINO ESTUDIANTIL Y POPULAR"" F.O.C.E.P.",44
30313,APURIMAC,ANDAHUAYLAS,PACUCHA,MOVIMIENTO NUEVA IZQUIERDA,84
30313,APURIMAC,ANDAHUAYLAS,PACUCHA,PARTIDO ACCION POPULAR,637
30313,APURIMAC,ANDAHUAYLAS,PACUCHA,PARTIDO APRISTA PERUANO,88
30313,APURIMAC,ANDAHUAYLAS,PACUCHA,PARTIDO PERU POSIBLE,425
30313,APURIMAC,ANDAHUAYLAS,PACUCHA,PARTIDO POLITICO NACIONAL PRIMERO PERU,43
30313,APURIMAC,ANDAHUAYLAS,PACUCHA,TODAS LAS SANGRES,439
30314,APURIMAC,ANDAHUAYLAS,POMACOCHA,ALIANZA ELECTORAL UNIDAD NACIONAL,14
30314,APURIMAC,ANDAHUAYLAS,POMACOCHA,FRENTE POPULAR LLAPANCHIK,121
30314,APURIMAC,ANDAHUAYLAS,POMACOCHA,PARTIDO PERU POSIBLE,92
30314,APURIMAC,ANDAHUAYLAS,POMACOCHA,PARTIDO POLITICO NACIONAL PRIMERO PERU,65
30314,APURIMAC,ANDAHUAYLAS,POMACOCHA,TODAS LAS SANGRES,74
30315,APURIMAC,ANDAHUAYLAS,SANTA MARIA DE CHICMO,AGRUPACION INDEPENDIENTE UNION POR EL PERU - FRENTE AMPLIO,519
30315,APURIMAC,ANDAHUAYLAS,SANTA MARIA DE CHICMO,ALIANZA ELECTORAL UNIDAD NACIONAL,48
30315,APURIMAC,ANDAHUAYLAS,SANTA MARIA DE CHICMO,ALIANZA ELECTORAL VAMOS VECINO,45
30315,APURIMAC,ANDAHUAYLAS,SANTA MARIA DE CHICMO,FRENTE POPULAR LLAPANCHIK,508
30315,APURIMAC,ANDAHUAYLAS,SANTA MARIA DE CHICMO,MOVIMIENTO NUEVA IZQUIERDA,179
30315,APURIMAC,ANDAHUAYLAS,SANTA MARIA DE CHICMO,PARTIDO ACCION POPULAR,751
30315,APURIMAC,ANDAHUAYLAS,SANTA MARIA DE CHICMO,PARTIDO APRISTA PERUANO,730
30315,APURIMAC,ANDAHUAYLAS,SANTA MARIA DE CHICMO,PARTIDO PERU POSIBLE,404
30315,APURIMAC,ANDAHUAYLAS,SANTA MARIA DE CHICMO,PARTIDO POLITICO NACIONAL PRIMERO PERU,43
30315,APURIMAC,ANDAHUAYLAS,SANTA MARIA DE CHICMO,TODAS LAS SANGRES,80
30316,APURIMAC,ANDAHUAYLAS,TUMAY HUARACA,ALIANZA ELECTORAL UNIDAD NACIONAL,62
30316,APURIMAC,ANDAHUAYLAS,TUMAY HUARACA,FRENTE POPULAR LLAPANCHIK,136
30316,APURIMAC,ANDAHUAYLAS,TUMAY HUARACA,MOVIMIENTO NUEVA IZQUIERDA,62
30316,APURIMAC,ANDAHUAYLAS,TUMAY HUARACA,PARTIDO ACCION POPULAR,19
30316,APURIMAC,ANDAHUAYLAS,TUMAY HUARACA,PARTIDO APRISTA PERUANO,101
30316,APURIMAC,ANDAHUAYLAS,TUMAY HUARACA,PARTIDO PERU POSIBLE,141
30316,APURIMAC,ANDAHUAYLAS,TUMAY HUARACA,PARTIDO POLITICO NACIONAL PRIMERO PERU,20
30316,APURIMAC,ANDAHUAYLAS,TUMAY HUARACA,TODAS LAS SANGRES,204
30317,APURIMAC,ANDAHUAYLAS,HUAYANA,ALIANZA ELECTORAL UNIDAD NACIONAL,31
30317,APURIMAC,ANDAHUAYLAS,HUAYANA,FRENTE POPULAR LLAPANCHIK,160
30317,APURIMAC,ANDAHUAYLAS,HUAYANA,MOVIMIENTO NUEVA IZQUIERDA,9
30317,APURIMAC,ANDAHUAYLAS,HUAYANA,PARTIDO ACCION POPULAR,21
30317,APURIMAC,ANDAHUAYLAS,HUAYANA,PARTIDO APRISTA PERUANO,6
30317,APURIMAC,ANDAHUAYLAS,HUAYANA,PARTIDO PERU POSIBLE,236
30318,APURIMAC,ANDAHUAYLAS,SAN MIGUEL DE CHACCRAMPA,AGRUPACION INDEPENDIENTE UNION POR EL PERU - FRENTE AMPLIO,164
30318,APURIMAC,ANDAHUAYLAS,SAN MIGUEL DE CHACCRAMPA,ALIANZA ELECTORAL UNIDAD NACIONAL,86
30318,APURIMAC,ANDAHUAYLAS,SAN MIGUEL DE CHACCRAMPA,FRENTE POPULAR LLAPANCHIK,125
30318,APURIMAC,ANDAHUAYLAS,SAN MIGUEL DE CHACCRAMPA,MOVIMIENTO NUEVA IZQUIERDA,30
30318,APURIMAC,ANDAHUAYLAS,SAN MIGUEL DE CHACCRAMPA,PARTIDO ACCION POPULAR,36
30318,APURIMAC,ANDAHUAYLAS,SAN MIGUEL DE CHACCRAMPA,PARTIDO APRISTA PERUANO,26
30318,APURIMAC,ANDAHUAYLAS,SAN MIGUEL DE CHACCRAMPA,PARTIDO PERU POSIBLE,112
30318,APURIMAC,ANDAHUAYLAS,SAN MIGUEL DE CHACCRAMPA,PARTIDO POLITICO NACIONAL PRIMERO PERU,25
30318,APURIMAC,ANDAHUAYLAS,SAN MIGUEL DE CHACCRAMPA,TODAS LAS SANGRES,32
30319,APURIMAC,ANDAHUAYLAS,KAQUIABAMBA,FRENTE POPULAR LLAPANCHIK,288
30319,APURIMAC,ANDAHUAYLAS,KAQUIABAMBA,PARTIDO ACCION POPULAR,303
30319,APURIMAC,ANDAHUAYLAS,KAQUIABAMBA,PARTIDO APRISTA PERUANO,98
30319,APURIMAC,ANDAHUAYLAS,KAQUIABAMBA,PARTIDO PERU POSIBLE,117
30402,APURIMAC,ANTABAMBA,EL ORO,AGRUPACION INDEPENDIENTE UNION POR EL PERU - FRENTE AMPLIO,4
30402,APURIMAC,ANTABAMBA,EL ORO,ALIANZA ELECTORAL UNIDAD NACIONAL,11
30402,APURIMAC,ANTABAMBA,EL ORO,FRENTE POPULAR LLAPANCHIK,16
30402,APURIMAC,ANTABAMBA,EL ORO,"MOVIMIENTO INDEPENDIENTE ""DE DESARROLLO PROVINCIAL ANTABAMBA""",17
30402,APURIMAC,ANTABAMBA,EL ORO,MOVIMIENTO NUEVA IZQUIERDA,8
30402,APURIMAC,ANTABAMBA,EL ORO,PARTIDO ACCION POPULAR,39
30402,APURIMAC,ANTABAMBA,EL ORO,PARTIDO APRISTA PERUANO,44
30402,APURIMAC,ANTABAMBA,EL ORO,PARTIDO PERU POSIBLE,39
30403,APURIMAC,ANTABAMBA,HUAQUIRCA,AGRUPACION INDEPENDIENTE UNION POR EL PERU - FRENTE AMPLIO,11
30403,APURIMAC,ANTABAMBA,HUAQUIRCA,ALIANZA ELECTORAL UNIDAD NACIONAL,61
30403,APURIMAC,ANTABAMBA,HUAQUIRCA,FRENTE POPULAR LLAPANCHIK,58
30403,APURIMAC,ANTABAMBA,HUAQUIRCA,"MOVIMIENTO INDEPENDIENTE ""DE DESARROLLO PROVINCIAL ANTABAMBA""",38
30403,APURIMAC,ANTABAMBA,HUAQUIRCA,MOVIMIENTO NUEVA IZQUIERDA,46
30403,APURIMAC,ANTABAMBA,HUAQUIRCA,PARTIDO APRISTA PERUANO,20
30403,APURIMAC,ANTABAMBA,HUAQUIRCA,PARTIDO PERU POSIBLE,152
30404,APURIMAC,ANTABAMBA,JUAN ESPINOZA MEDRANO,AGRUPACION INDEPENDIENTE UNION POR EL PERU - FRENTE AMPLIO,11
30404,APURIMAC,ANTABAMBA,JUAN ESPINOZA MEDRANO,FRENTE POPULAR LLAPANCHIK,172
30404,APURIMAC,ANTABAMBA,JUAN ESPINOZA MEDRANO,FUERZA DEMOCRATICA,44
30404,APURIMAC,ANTABAMBA,JUAN ESPINOZA MEDRANO,MOVIMIENTO NUEVA IZQUIERDA,195
30404,APURIMAC,ANTABAMBA,JUAN ESPINOZA MEDRANO,PARTIDO APRISTA PERUANO,17
30404,APURIMAC,ANTABAMBA,JUAN ESPINOZA MEDRANO,PARTIDO PERU POSIBLE,99
30405,APURIMAC,ANTABAMBA,OROPESA,FRENTE INDEPENDIENTE MORALIZADOR,49
30405,APURIMAC,ANTABAMBA,OROPESA,FRENTE POPULAR LLAPANCHIK,104
30405,APURIMAC,ANTABAMBA,OROPESA,MOVIMIENTO NUEVA IZQUIERDA,156
30405,APURIMAC,ANTABAMBA,OROPESA,PARTIDO APRISTA PERUANO,12
30405,APURIMAC,ANTABAMBA,OROPESA,TODAS LAS SANGRES,197
30406,APURIMAC,ANTABAMBA,PACHACONAS,AGRUPACION INDEPENDIENTE UNION POR EL PERU - FRENTE AMPLIO,28
30406,APURIMAC,ANTABAMBA,PACHACONAS,ALIANZA ELECTORAL UNIDAD NACIONAL,8
30406,APURIMAC,ANTABAMBA,PACHACONAS,FRENTE POPULAR LLAPANCHIK,26
30406,APURIMAC,ANTABAMBA,PACHACONAS,MOVIMIENTO NUEVA IZQUIERDA,31
30406,APURIMAC,ANTABAMBA,PACHACONAS,PARTIDO ACCION POPULAR,62
30406,APURIMAC,ANTABAMBA,PACHACONAS,PARTIDO APRISTA PERUANO,73
30406,APURIMAC,ANTABAMBA,PACHACONAS,PARTIDO DEMOCRATICO SOMOS PERU,30
30406,APURIMAC,ANTABAMBA,PACHACONAS,PARTIDO PERU POSIBLE,71
30407,APURIMAC,ANTABAMBA,SABAINO,AGRUPACION INDEPENDIENTE UNION POR EL PERU - FRENTE AMPLIO,31
30407,APURIMAC,ANTABAMBA,SABAINO,FRENTE POPULAR LLAPANCHIK,127
30407,APURIMAC,ANTABAMBA,SABAINO,"MOVIMIENTO INDEPENDIENTE ""DE DESARROLLO PROVINCIAL ANTABAMBA""",31
30407,APURIMAC,ANTABAMBA,SABAINO,MOVIMIENTO NUEVA IZQUIERDA,27
30407,APURIMAC,ANTABAMBA,SABAINO,PARTIDO APRISTA PERUANO,87
30407,APURIMAC,ANTABAMBA,SABAINO,PARTIDO PERU POSIBLE,99
30502,APURIMAC,COTABAMBAS,COYLLURQUI,FRENTE POPULAR LLAPANCHIK,67
30502,APURIMAC,COTABAMBAS,COYLLURQUI,FUERZA COTABAMBAS,151
30502,APURIMAC,COTABAMBAS,COYLLURQUI,MOVIMIENTO NUEVA IZQUIERDA,628
30502,APURIMAC,COTABAMBAS,COYLLURQUI,PARTIDO ACCION POPULAR,24
30502,APURIMAC,COTABAMBAS,COYLLURQUI,PARTIDO PERU POSIBLE,135
30502,APURIMAC,COTABAMBAS,COYLLURQUI,TODAS LAS SANGRES,399
30503,APURIMAC,COTABAMBAS,COTABAMBAS,ALIANZA ELECTORAL UNIDAD NACIONAL,107
30503,APURIMAC,COTABAMBAS,COTABAMBAS,FRENTE POPULAR LLAPANCHIK,93
30503,APURIMAC,COTABAMBAS,COTABAMBAS,FUERZA COTABAMBAS,85
30503,APURIMAC,COTABAMBAS,COTABAMBAS,MOVIMIENTO NUEVA IZQUIERDA,280
30503,APURIMAC,COTABAMBAS,COTABAMBAS,PARTIDO APRISTA PERUANO,190
30503,APURIMAC,COTABAMBAS,COTABAMBAS,PARTIDO PERU POSIBLE,113
30503,APURIMAC,COTABAMBAS,COTABAMBAS,TODAS LAS SANGRES,254
30504,APURIMAC,COTABAMBAS,HAQUIRA,ALIANZA ELECTORAL UNIDAD NACIONAL,24
30504,APURIMAC,COTABAMBAS,HAQUIRA,FRENTE POPULAR LLAPANCHIK,422
30504,APURIMAC,COTABAMBAS,HAQUIRA,FUERZA COTABAMBAS,214
30504,APURIMAC,COTABAMBAS,HAQUIRA,MOVIMIENTO NUEVA IZQUIERDA,551
30504,APURIMAC,COTABAMBAS,HAQUIRA,PARTIDO APRISTA PERUANO,152
30504,APURIMAC,COTABAMBAS,HAQUIRA,PARTIDO DEMOCRATICO SOMOS PERU,97
30504,APURIMAC,COTABAMBAS,HAQUIRA,PARTIDO PERU POSIBLE,117
30504,APURIMAC,COTABAMBAS,HAQUIRA,TODAS LAS SANGRES,420
30505,APURIMAC,COTABAMBAS,MARA,FRENTE POPULAR LLAPANCHIK,318
30505,APURIMAC,COTABAMBAS,MARA,FUERZA COTABAMBAS,363
30505,APURIMAC,COTABAMBAS,MARA,MOVIMIENTO NUEVA IZQUIERDA,28
30505,APURIMAC,COTABAMBAS,MARA,PARTIDO APRISTA PERUANO,55
30505,APURIMAC,COTABAMBAS,MARA,PARTIDO DEMOCRATICO SOMOS PERU,39
30505,APURIMAC,COTABAMBAS,MARA,PARTIDO PERU POSIBLE,88
30505,APURIMAC,COTABAMBAS,MARA,TODAS LAS SANGRES,330
30506,APURIMAC,COTABAMBAS,CHALLHUAHUACHO,FRENTE POPULAR LLAPANCHIK,339
30506,APURIMAC,COTABAMBAS,CHALLHUAHUACHO,FUERZA COTABAMBAS,86
30506,APURIMAC,COTABAMBAS,CHALLHUAHUACHO,MOVIMIENTO NUEVA IZQUIERDA,76
30506,APURIMAC,COTABAMBAS,CHALLHUAHUACHO,PARTIDO APRISTA PERUANO,92
30506,APURIMAC,COTABAMBAS,CHALLHUAHUACHO,PARTIDO AUTENTICO DE CHALLHUAHUACHO,38
30506,APURIMAC,COTABAMBAS,CHALLHUAHUACHO,PARTIDO DEMOCRATICO SOMOS PERU,271
30506,APURIMAC,COTABAMBAS,CHALLHUAHUACHO,PARTIDO PERU POSIBLE,32
30506,APURIMAC,COTABAMBAS,CHALLHUAHUACHO,TODAS LAS SANGRES,231
30602,APURIMAC,GRAU,CURPAHUASI,AGRUPACION INDEPENDIENTE UNION POR EL PERU - FRENTE AMPLIO,18
30602,APURIMAC,GRAU,CURPAHUASI,ALIANZA ELECTORAL UNIDAD NACIONAL,28
30602,APURIMAC,GRAU,CURPAHUASI,FRENTE POPULAR LLAPANCHIK,24
30602,APURIMAC,GRAU,CURPAHUASI,MOVIMIENTO NUEVA IZQUIERDA,124
30602,APURIMAC,GRAU,CURPAHUASI,PARTIDO ACCION POPULAR,68
30602,APURIMAC,GRAU,CURPAHUASI,PARTIDO APRISTA PERUANO,23
30602,APURIMAC,GRAU,CURPAHUASI,PARTIDO PERU POSIBLE,103
30602,APURIMAC,GRAU,CURPAHUASI,PARTIDO RENACIMIENTO ANDINO,55
30602,APURIMAC,GRAU,CURPAHUASI,TODAS LAS SANGRES,75
30603,APURIMAC,GRAU,HUAYLLATI,FRENTE POPULAR LLAPANCHIK,219
30603,APURIMAC,GRAU,HUAYLLATI,MOVIMIENTO NUEVA IZQUIERDA,22
30603,APURIMAC,GRAU,HUAYLLATI,PARTIDO ACCION POPULAR,24
30603,APURIMAC,GRAU,HUAYLLATI,PARTIDO APRISTA PERUANO,55
30603,APURIMAC,GRAU,HUAYLLATI,PARTIDO PERU POSIBLE,157
30604,APURIMAC,GRAU,MAMARA,FRENTE POPULAR LLAPANCHIK,96
30604,APURIMAC,GRAU,MAMARA,"MOVIMIENTO INDEPENDIENTE ""ADELANTE MAMARA""",54
30604,APURIMAC,GRAU,MAMARA,PARTIDO ACCION POPULAR,14
30604,APURIMAC,GRAU,MAMARA,PARTIDO APRISTA PERUANO,38
30604,APURIMAC,GRAU,MAMARA,PARTIDO PERU POSIBLE,79
30604,APURIMAC,GRAU,MAMARA,TODAS LAS SANGRES,61
30605,APURIMAC,GRAU,MARISCAL GAMARRA,AGRUPACION INDEPENDIENTE UNION POR EL PERU - FRENTE AMPLIO,202
30605,APURIMAC,GRAU,MARISCAL GAMARRA,ALIANZA ELECTORAL UNIDAD NACIONAL,113
30605,APURIMAC,GRAU,MARISCAL GAMARRA,FRENTE POPULAR LLAPANCHIK,46
30605,APURIMAC,GRAU,MARISCAL GAMARRA,"MOVIMIENTO INDEPENDIENTE ""FUERZA GAMARRINA""",162
30605,APURIMAC,GRAU,MARISCAL GAMARRA,MOVIMIENTO NUEVA IZQUIERDA,210
30605,APURIMAC,GRAU,MARISCAL GAMARRA,PARTIDO PERU POSIBLE,253
30605,APURIMAC,GRAU,MARISCAL GAMARRA,PARTIDO POLITICO NACIONAL PRIMERO PERU,112
30605,APURIMAC,GRAU,MARISCAL GAMARRA,TODAS LAS SANGRES,79
30606,APURIMAC,GRAU,MICAELA BASTIDAS,FRENTE POPULAR LLAPANCHIK,110
30606,APURIMAC,GRAU,MICAELA BASTIDAS,PARTIDO ACCION POPULAR,72
30606,APURIMAC,GRAU,MICAELA BASTIDAS,PARTIDO PERU POSIBLE,132
30607,APURIMAC,GRAU,PROGRESO,AGRUPACION INDEPENDIENTE UNION POR EL PERU - FRENTE AMPLIO,143
30607,APURIMAC,GRAU,PROGRESO,ALIANZA ELECTORAL UNIDAD NACIONAL,100
30607,APURIMAC,GRAU,PROGRESO,FRENTE POPULAR LLAPANCHIK,84
30607,APURIMAC,GRAU,PROGRESO,MOVIMIENTO NUEVA IZQUIERDA,51
30607,APURIMAC,GRAU,PROGRESO,PARTIDO ACCION POPULAR,55
30607,APURIMAC,GRAU,PROGRESO,TODAS LAS SANGRES,73
30608,APURIMAC,GRAU,PATAYPAMPA,AGRUPACION INDEPENDIENTE UNION POR EL PERU - FRENTE AMPLIO,39
30608,APURIMAC,GRAU,PATAYPAMPA,ALIANZA ELECTORAL UNIDAD NACIONAL,9
30608,APURIMAC,GRAU,PATAYPAMPA,FRENTE POPULAR LLAPANCHIK,63
30608,APURIMAC,GRAU,PATAYPAMPA,"MOVIMIENTO INDEPENDIENTE ""FLORECER PATAYPAMPA""",35
30608,APURIMAC,GRAU,PATAYPAMPA,MOVIMIENTO NUEVA IZQUIERDA,18
30608,APURIMAC,GRAU,PATAYPAMPA,PARTIDO ACCION POPULAR,57
30608,APURIMAC,GRAU,PATAYPAMPA,PARTIDO APRISTA PERUANO,43
30608,APURIMAC,GRAU,PATAYPAMPA,PARTIDO PERU POSIBLE,68
30609,APURIMAC,GRAU,SAN ANTONIO,FRENTE POPULAR LLAPANCHIK,105
30609,APURIMAC,GRAU,SAN ANTONIO,MOVIMIENTO NUEVA IZQUIERDA,15
30609,APURIMAC,GRAU,SAN ANTONIO,PARTIDO PERU POSIBLE,48
30610,APURIMAC,GRAU,TURPAY,ALIANZA ELECTORAL UNIDAD NACIONAL,46
30610,APURIMAC,GRAU,TURPAY,"FRENTE INDEPENDIENTE ""UTUARA""",7
30610,APURIMAC,GRAU,TURPAY,FRENTE POPULAR LLAPANCHIK,48
30610,APURIMAC,GRAU,TURPAY,MOVIMIENTO NUEVA IZQUIERDA,24
30610,APURIMAC,GRAU,TURPAY,PARTIDO ACCION POPULAR,62
30610,APURIMAC,GRAU,TURPAY,PARTIDO APRISTA PERUANO,51
30610,APURIMAC,GRAU,TURPAY,PARTIDO PERU POSIBLE,61
30611,APURIMAC,GRAU,VILCABAMBA,ALIANZA ELECTORAL UNIDAD NACIONAL,17
30611,APURIMAC,GRAU,VILCABAMBA,FRENTE POPULAR LLAPANCHIK,64
30611,APURIMAC,GRAU,VILCABAMBA,MOVIMIENTO NUEVA IZQUIERDA,26
30611,APURIMAC,GRAU,VILCABAMBA,PARTIDO ACCION POPULAR,10
30611,APURIMAC,GRAU,VILCABAMBA,PARTIDO APRISTA PERUANO,131
30611,APURIMAC,GRAU,VILCABAMBA,PARTIDO PERU POSIBLE,123
30611,APURIMAC,GRAU,VILCABAMBA,PARTIDO POLITICO NACIONAL PRIMERO PERU,52
30612,APURIMAC,GRAU,VIRUNDO,AGRUPACION INDEPENDIENTE UNION POR EL PERU - FRENTE AMPLIO,30
30612,APURIMAC,GRAU,VIRUNDO,ALIANZA ELECTORAL UNIDAD NACIONAL,35
30612,APURIMAC,GRAU,VIRUNDO,FRENTE POPULAR LLAPANCHIK,48
30612,APURIMAC,GRAU,VIRUNDO,PARTIDO ACCION POPULAR,5
30612,APURIMAC,GRAU,VIRUNDO,PARTIDO APRISTA PERUANO,42
30612,APURIMAC,GRAU,VIRUNDO,PARTIDO PERU POSIBLE,69
30613,APURIMAC,GRAU,SANTA ROSA,FRENTE POPULAR LLAPANCHIK,61
30613,APURIMAC,GRAU,SANTA ROSA,PARTIDO ACCION POPULAR,40
30613,APURIMAC,GRAU,SANTA ROSA,PARTIDO APRISTA PERUANO,8
30613,APURIMAC,GRAU,SANTA ROSA,PARTIDO PERU POSIBLE,48
30613,APURIMAC,GRAU,SANTA ROSA,PARTIDO RENACIMIENTO ANDINO,38
30614,APURIMAC,GRAU,CURASCO,AGRUPACION INDEPENDIENTE UNION POR EL PERU - FRENTE AMPLIO,11
30614,APURIMAC,GRAU,CURASCO,FRENTE POPULAR LLAPANCHIK,43
30614,APURIMAC,GRAU,CURASCO,MOVIMIENTO NUEVA IZQUIERDA,45
30614,APURIMAC,GRAU,CURASCO,PARTIDO ACCION POPULAR,51
30614,APURIMAC,GRAU,CURASCO,PARTIDO PERU POSIBLE,64
30702,APURIMAC,CHINCHEROS,ONGOY,FRENTE POPULAR LLAPANCHIK,453
30702,APURIMAC,CHINCHEROS,ONGOY,"MOVIMIENTO INDEPENDIENTE ""ALTO PERU""",59
30702,APURIMAC,CHINCHEROS,ONGOY,"MOVIMIENTO INDEPENDIENTE ""MI ONGOY""",244
30702,APURIMAC,CHINCHEROS,ONGOY,MOVIMIENTO NUEVA IZQUIERDA,233
30702,APURIMAC,CHINCHEROS,ONGOY,PARTIDO APRISTA PERUANO,772
30702,APURIMAC,CHINCHEROS,ONGOY,PARTIDO PERU POSIBLE,425
30703,APURIMAC,CHINCHEROS,OCOBAMBA,AGRUPACION INDEPENDIENTE UNION POR EL PERU - FRENTE AMPLIO,271
30703,APURIMAC,CHINCHEROS,OCOBAMBA,ALIANZA ELECTORAL UNIDAD NACIONAL,104
30703,APURIMAC,CHINCHEROS,OCOBAMBA,FRENTE POPULAR LLAPANCHIK,242
30703,APURIMAC,CHINCHEROS,OCOBAMBA,PARTIDO APRISTA PERUANO,324
30703,APURIMAC,CHINCHEROS,OCOBAMBA,PARTIDO PERU POSIBLE,620
30703,APURIMAC,CHINCHEROS,OCOBAMBA,TODAS LAS SANGRES,488
30704,APURIMAC,CHINCHEROS,COCHARCAS,AGRUPACION INDEPENDIENTE UNION POR EL PERU - FRENTE AMPLIO,60
30704,APURIMAC,CHINCHEROS,COCHARCAS,ALIANZA ELECTORAL UNIDAD NACIONAL,61
30704,APURIMAC,CHINCHEROS,COCHARCAS,FRENTE POPULAR LLAPANCHIK,179
30704,APURIMAC,CHINCHEROS,COCHARCAS,"MOVIMIENTO INDEPENDIENTE ""ACCION CIVICA""",50
30704,APURIMAC,CHINCHEROS,COCHARCAS,PARTIDO APRISTA PERUANO,114
30704,APURIMAC,CHINCHEROS,COCHARCAS,PARTIDO PERU POSIBLE,109
30704,APURIMAC,CHINCHEROS,COCHARCAS,TODAS LAS SANGRES,96
30705,APURIMAC,CHINCHEROS,ANCO HUALLO,AGRUPACION INDEPENDIENTE UNION POR EL PERU - FRENTE AMPLIO,89
30705,APURIMAC,CHINCHEROS,ANCO HUALLO,ALIANZA ELECTORAL VAMOS VECINO,1065
30705,APURIMAC,CHINCHEROS,ANCO HUALLO,FRENTE POPULAR LLAPANCHIK,636
30705,APURIMAC,CHINCHEROS,ANCO HUALLO,"MOVIMIENTO INDEPENDIENTE ""TE QUIERO URIPA""",31
30705,APURIMAC,CHINCHEROS,ANCO HUALLO,MOVIMIENTO NUEVA IZQUIERDA,77
30705,APURIMAC,CHINCHEROS,ANCO HUALLO,PARTIDO APRISTA PERUANO,289
30705,APURIMAC,CHINCHEROS,ANCO HUALLO,PARTIDO PERU POSIBLE,1176
30705,APURIMAC,CHINCHEROS,ANCO HUALLO,TODAS LAS SANGRES,37
30706,APURIMAC,CHINCHEROS,HUACCANA,FRENTE POPULAR LLAPANCHIK,646
30706,APURIMAC,CHINCHEROS,HUACCANA,"MOVIMIENTO INDEPENDIENTE ""JOVENES PERU""",309
30706,APURIMAC,CHINCHEROS,HUACCANA,MOVIMIENTO NUEVA IZQUIERDA,345
30706,APURIMAC,CHINCHEROS,HUACCANA,PARTIDO APRISTA PERUANO,89
30706,APURIMAC,CHINCHEROS,HUACCANA,PARTIDO PERU POSIBLE,463
30706,APURIMAC,CHINCHEROS,HUACCANA,TODAS LAS SANGRES,511
30707,APURIMAC,CHINCHEROS,URANMARCA,AGRUPACION INDEPENDIENTE UNION POR EL PERU - FRENTE AMPLIO,158
30707,APURIMAC,CHINCHEROS,URANMARCA,ALIANZA ELECTORAL UNIDAD NACIONAL,181
30707,APURIMAC,CHINCHEROS,URANMARCA,FRENTE POPULAR LLAPANCHIK,43
30707,APURIMAC,CHINCHEROS,URANMARCA,PARTIDO APRISTA PERUANO,134
30707,APURIMAC,CHINCHEROS,URANMARCA,PARTIDO PERU POSIBLE,223
30707,APURIMAC,CHINCHEROS,URANMARCA,PARTIDO POLITICO NACIONAL PRIMERO PERU,74
30708,APURIMAC,CHINCHEROS,RANRACANCHA,AGRUPACION INDEPENDIENTE UNION POR EL PERU - FRENTE AMPLIO,148
30708,APURIMAC,CHINCHEROS,RANRACANCHA,ALIANZA ELECTORAL UNIDAD NACIONAL,119
30708,APURIMAC,CHINCHEROS,RANRACANCHA,FRENTE POPULAR LLAPANCHIK,496
30708,APURIMAC,CHINCHEROS,RANRACANCHA,PARTIDO PERU POSIBLE,523
30708,APURIMAC,CHINCHEROS,RANRACANCHA,TODAS LAS SANGRES,91
40102,AREQUIPA,AREQUIPA,CAYMA,"HECHOS SI, CAYMA 2002",7124
40102,AREQUIPA,AREQUIPA,CAYMA,LISTA INDEPENDIENTE FRENATRACA,3185
40102,AREQUIPA,AREQUIPA,CAYMA,MOVIMIENTO INDEPENDIENTE INTEGRACION CAYMA,1763
40102,AREQUIPA,AREQUIPA,CAYMA,MOVIMIENTO INDEPENDIENTE TRANSPARENCIA Y DESARROLLO,8292
40102,AREQUIPA,AREQUIPA,CAYMA,MOVIMIENTO NUEVA IZQUIERDA,613
40102,AREQUIPA,AREQUIPA,CAYMA,MOVIMIENTO REGIONAL AREQUIPA UNIDA,819
40102,AREQUIPA,AREQUIPA,CAYMA,PARTIDO ACCION POPULAR,690
40102,AREQUIPA,AREQUIPA,CAYMA,PARTIDO APRISTA PERUANO,2135
40102,AREQUIPA,AREQUIPA,CAYMA,PARTIDO DEMOCRATICO SOMOS PERU,1276
40102,AREQUIPA,AREQUIPA,CAYMA,PARTIDO PERU POSIBLE,614
40102,AREQUIPA,AREQUIPA,CAYMA,"UNIDAD, PROGRESO Y TRABAJO",3962
40103,AREQUIPA,AREQUIPA,CERRO COLORADO,CERREÑOS AVANZANDO,9221
40103,AREQUIPA,AREQUIPA,CERRO COLORADO,DECIDE,5923
40103,AREQUIPA,AREQUIPA,CERRO COLORADO,FUERZA DEMOCRATICA,1778
40103,AREQUIPA,AREQUIPA,CERRO COLORADO,LISTA INDEPENDIENTE FRENATRACA,2520
40103,AREQUIPA,AREQUIPA,CERRO COLORADO,MOVIMIENTO AMPLIO PAIS UNIDO - MAPU,768
40103,AREQUIPA,AREQUIPA,CERRO COLORADO,MOVIMIENTO INDEPENDIENTE TODOS POR CERRO COLORADO,7841
40103,AREQUIPA,AREQUIPA,CERRO COLORADO,MOVIMIENTO NUEVA IZQUIERDA,1100
40103,AREQUIPA,AREQUIPA,CERRO COLORADO,PARTIDO ACCION POPULAR,1076
40103,AREQUIPA,AREQUIPA,CERRO COLORADO,PARTIDO APRISTA PERUANO,2941
40103,AREQUIPA,AREQUIPA,CERRO COLORADO,PARTIDO DEMOCRATICO SOMOS PERU,899
40103,AREQUIPA,AREQUIPA,CERRO COLORADO,PARTIDO PERU POSIBLE,1006
40103,AREQUIPA,AREQUIPA,CERRO COLORADO,PARTIDO POLITICO NACIONAL PRIMERO PERU,1968
40103,AREQUIPA,AREQUIPA,CERRO COLORADO,PARTIDO RECONSTRUCCION DEMOCRATICA (PRD),863
40104,AREQUIPA,AREQUIPA,CHARACATO,ADELANTE CHARACATOS,327
40104,AREQUIPA,AREQUIPA,CHARACATO,FRENTE INDEPENDIENTE NUEVO CHARACATO,139
40104,AREQUIPA,AREQUIPA,CHARACATO,LISTA INDEPENDIENTE FRENATRACA,52
40104,AREQUIPA,AREQUIPA,CHARACATO,MOVIMIENTO INDEPENDIENTE CHARACATO 2002,748
40104,AREQUIPA,AREQUIPA,CHARACATO,PARTIDO ACCION POPULAR,672
40104,AREQUIPA,AREQUIPA,CHARACATO,PARTIDO APRISTA PERUANO,138
40104,AREQUIPA,AREQUIPA,CHARACATO,PARTIDO PERU POSIBLE,253
40105,AREQUIPA,AREQUIPA,CHIGUATA,DECIDE,151
40105,AREQUIPA,AREQUIPA,CHIGUATA,LISTA INDEPENDIENTE FRENATRACA,33
40105,AREQUIPA,AREQUIPA,CHIGUATA,MOVIMIENTO AMPLIO PAIS UNIDO - MAPU,77
40105,AREQUIPA,AREQUIPA,CHIGUATA,MOVIMIENTO INDEPENDIENTE MORALIDAD Y TRABAJO,139
40105,AREQUIPA,AREQUIPA,CHIGUATA,MOVIMIENTO INDEPENDIENTE UNIDOS POR CHIGUATA,312
40105,AREQUIPA,AREQUIPA,CHIGUATA,MOVIMIENTO NUEVA IZQUIERDA,62
40105,AREQUIPA,AREQUIPA,CHIGUATA,MOVIMIENTO REGIONAL AREQUIPA UNIDA,28
40105,AREQUIPA,AREQUIPA,CHIGUATA,MOVIMIENTO TODOS A TRABAJAR POR CHIGUATA,112
40105,AREQUIPA,AREQUIPA,CHIGUATA,PARTIDO ACCION POPULAR,49
40105,AREQUIPA,AREQUIPA,CHIGUATA,PARTIDO APRISTA PERUANO,245
40105,AREQUIPA,AREQUIPA,CHIGUATA,PARTIDO PERU POSIBLE,130
40106,AREQUIPA,AREQUIPA,LA JOYA,FUERZA DEMOCRATICA,1820
40106,AREQUIPA,AREQUIPA,LA JOYA,LISTA INDEPENDIENTE FRENATRACA,1351
40106,AREQUIPA,AREQUIPA,LA JOYA,MOVIMIENTO AMPLIO PAIS UNIDO - MAPU,265
40106,AREQUIPA,AREQUIPA,LA JOYA,MOVIMIENTO INDEPENDIENTE LA JOYA CON FUTURO Y DESARROLLO,1127
40106,AREQUIPA,AREQUIPA,LA JOYA,MOVIMIENTO NUEVA IZQUIERDA,1230
40106,AREQUIPA,AREQUIPA,LA JOYA,MOVIMIENTO REGIONAL AREQUIPA UNIDA,513
40106,AREQUIPA,AREQUIPA,LA JOYA,PARTIDO APRISTA PERUANO,532
40106,AREQUIPA,AREQUIPA,LA JOYA,PARTIDO DEMOCRATICO SOMOS PERU,588
40106,AREQUIPA,AREQUIPA,LA JOYA,PARTIDO PERU POSIBLE,379
40107,AREQUIPA,AREQUIPA,MIRAFLORES,DECIDE,720
40107,AREQUIPA,AREQUIPA,MIRAFLORES,FUERZA DEMOCRATICA,1376
40107,AREQUIPA,AREQUIPA,MIRAFLORES,LISTA INDEPENDIENTE FRENATRACA,1174
40107,AREQUIPA,AREQUIPA,MIRAFLORES,MOVIMIENTO INDEPENDIENTE PRIMERO MIRAFLORES,2804
40107,AREQUIPA,AREQUIPA,MIRAFLORES,MOVIMIENTO NUEVA IZQUIERDA,640
40107,AREQUIPA,AREQUIPA,MIRAFLORES,MOVIMIENTO REGIONAL AREQUIPA UNIDA,749
40107,AREQUIPA,AREQUIPA,MIRAFLORES,PARTIDO ACCION POPULAR,1320
40107,AREQUIPA,AREQUIPA,MIRAFLORES,PARTIDO APRISTA PERUANO,10324
40107,AREQUIPA,AREQUIPA,MIRAFLORES,PARTIDO PERU POSIBLE,1260
40107,AREQUIPA,AREQUIPA,MIRAFLORES,PARTIDO RECONSTRUCCION DEMOCRATICA (PRD),697
40107,AREQUIPA,AREQUIPA,MIRAFLORES,POR MIRAFLORES JUNTOS PODEMOS...,1738
40107,AREQUIPA,AREQUIPA,MIRAFLORES,SOMOS MIRAFLORES 2002,6023
40108,AREQUIPA,AREQUIPA,MOLLEBAYA,LISTA INDEPENDIENTE FRENATRACA,12
40108,AREQUIPA,AREQUIPA,MOLLEBAYA,MOLLEBAYA IMAGEN Y DESARROLLO,113
40108,AREQUIPA,AREQUIPA,MOLLEBAYA,MOVIMIENTO INDEPENDIENTE MOLLEBAYA TIEMPO NUEVO,83
40108,AREQUIPA,AREQUIPA,MOLLEBAYA,PARTIDO ACCION POPULAR,68
40108,AREQUIPA,AREQUIPA,MOLLEBAYA,PARTIDO APRISTA PERUANO,52
40108,AREQUIPA,AREQUIPA,MOLLEBAYA,PARTIDO PERU POSIBLE,147
40108,AREQUIPA,AREQUIPA,MOLLEBAYA,VAMOS POR MOLLEBAYA - AREQUIPA,19
40109,AREQUIPA,AREQUIPA,PAUCARPATA,DECIDE,3761
40109,AREQUIPA,AREQUIPA,PAUCARPATA,FRENTE DE DESARROLLO JUNTOS POR PAUCARPATA,15613
40109,AREQUIPA,AREQUIPA,PAUCARPATA,LISTA INDEPENDIENTE FRENATRACA,1012
40109,AREQUIPA,AREQUIPA,PAUCARPATA,LISTA INDEPENDIENTE UNIDOS,5264
40109,AREQUIPA,AREQUIPA,PAUCARPATA,MOVIMIENTO AMPLIO PAIS UNIDO - MAPU,1052
40109,AREQUIPA,AREQUIPA,PAUCARPATA,MOVIMIENTO NUEVA IZQUIERDA,1743
40109,AREQUIPA,AREQUIPA,PAUCARPATA,PARTIDO APRISTA PERUANO,6209
40109,AREQUIPA,AREQUIPA,PAUCARPATA,PARTIDO PERU POSIBLE,1334
40109,AREQUIPA,AREQUIPA,PAUCARPATA,PAUCARPATA DESARROLLO TOTAL,21204
40109,AREQUIPA,AREQUIPA,PAUCARPATA,PAUCARPATA: PARTICIPACION Y TRABAJO,5045
40110,AREQUIPA,AREQUIPA,POCSI,FUERZA DEMOCRATICA,13
40110,AREQUIPA,AREQUIPA,POCSI,LISTA INDEPENDIENTE FRENATRACA,50
40110,AREQUIPA,AREQUIPA,POCSI,MOVIMIENTO INDEPENDIENTE POCSI AL 2003,35
40110,AREQUIPA,AREQUIPA,POCSI,MOVIMIENTO REGIONAL AREQUIPA UNIDA,15
40110,AREQUIPA,AREQUIPA,POCSI,PARTIDO ACCION POPULAR,64
40110,AREQUIPA,AREQUIPA,POCSI,PARTIDO APRISTA PERUANO,25
40110,AREQUIPA,AREQUIPA,POCSI,PARTIDO DEMOCRATICO SOMOS PERU,32
40110,AREQUIPA,AREQUIPA,POCSI,PARTIDO PERU POSIBLE,86
40110,AREQUIPA,AREQUIPA,POCSI,TRABAJEMOS CON JUVENTUD Y EXPERIENCIA,91
40111,AREQUIPA,AREQUIPA,POLOBAYA,MOVIMIENTO AMPLIO PAIS UNIDO - MAPU,18
40111,AREQUIPA,AREQUIPA,POLOBAYA,MOVIMIENTO NUEVA IZQUIERDA,17
40111,AREQUIPA,AREQUIPA,POLOBAYA,MOVIMIENTO REGIONAL AREQUIPA UNIDA,171
40111,AREQUIPA,AREQUIPA,POLOBAYA,PARTIDO APRISTA PERUANO,95
40111,AREQUIPA,AREQUIPA,POLOBAYA,PARTIDO PERU POSIBLE,149
40111,AREQUIPA,AREQUIPA,POLOBAYA,POLOBAYA AL PROGRESO JUVENTUD Y FUTURO,110
40112,AREQUIPA,AREQUIPA,QUEQUEÑA,DECIDE,137
40112,AREQUIPA,AREQUIPA,QUEQUEÑA,LISTA INDEPENDIENTE FRENATRACA,16
40112,AREQUIPA,AREQUIPA,QUEQUEÑA,MOVIMIENTO REGIONAL AREQUIPA UNIDA,35
40112,AREQUIPA,AREQUIPA,QUEQUEÑA,PARTIDO PERU POSIBLE,180
40113,AREQUIPA,AREQUIPA,SABANDIA,LISTA INDEPENDIENTE FRENATRACA,311
40113,AREQUIPA,AREQUIPA,SABANDIA,MOVIMIENTO INDEPENDIENTE SABANDIA TRADICION Y DESARROLLO,419
40113,AREQUIPA,AREQUIPA,SABANDIA,MOVIMIENTO VECINAL SABANDIA,810
40113,AREQUIPA,AREQUIPA,SABANDIA,PARTIDO ACCION POPULAR,137
40113,AREQUIPA,AREQUIPA,SABANDIA,PARTIDO APRISTA PERUANO,54
40113,AREQUIPA,AREQUIPA,SABANDIA,PARTIDO PERU POSIBLE,85
40113,AREQUIPA,AREQUIPA,SABANDIA,"RENOVACION DEMOCRATICA SABANDIA ""REDESA""",111
40114,AREQUIPA,AREQUIPA,SACHACA,MOVIMIENTO INDEPENDIENTE POR SACHACA,713
40114,AREQUIPA,AREQUIPA,SACHACA,MOVIMIENTO INDEPENDIENTE SACHACA 2002,2275
40114,AREQUIPA,AREQUIPA,SACHACA,MOVIMIENTO REGIONAL AREQUIPA UNIDA,785
40114,AREQUIPA,AREQUIPA,SACHACA,PARTIDO ACCION POPULAR,199
40114,AREQUIPA,AREQUIPA,SACHACA,PARTIDO APRISTA PERUANO,1553
40114,AREQUIPA,AREQUIPA,SACHACA,PARTIDO PERU POSIBLE,1228
40114,AREQUIPA,AREQUIPA,SACHACA,SACHACA LIBERTAD,2909
40115,AREQUIPA,AREQUIPA,SAN JUAN DE SIGUAS,DECIDE,70
40115,AREQUIPA,AREQUIPA,SAN JUAN DE SIGUAS,MOVIMIENTO AMPLIO PAIS UNIDO - MAPU,136
40115,AREQUIPA,AREQUIPA,SAN JUAN DE SIGUAS,MOVIMIENTO REGIONAL AREQUIPA UNIDA,48
40115,AREQUIPA,AREQUIPA,SAN JUAN DE SIGUAS,PARTIDO ACCION POPULAR,175
40115,AREQUIPA,AREQUIPA,SAN JUAN DE SIGUAS,PARTIDO APRISTA PERUANO,68
40115,AREQUIPA,AREQUIPA,SAN JUAN DE SIGUAS,SAN JUAN DE SIGUAS ADELANTE,65
40116,AREQUIPA,AREQUIPA,SAN JUAN DE TARUCANI,DECIDE,74
40116,AREQUIPA,AREQUIPA,SAN JUAN DE TARUCANI,FRENTE INDEPENDIENTE DE DESARROLLO ALTO ANDINO,29
40116,AREQUIPA,AREQUIPA,SAN JUAN DE TARUCANI,FUERZA DEMOCRATICA,136
40116,AREQUIPA,AREQUIPA,SAN JUAN DE TARUCANI,"JUVENTUD, TRABAJO Y PROGRESO POR SAN JUAN DE TARUCANI",65
40116,AREQUIPA,AREQUIPA,SAN JUAN DE TARUCANI,LISTA INDEPENDIENTE FRENATRACA,57
40116,AREQUIPA,AREQUIPA,SAN JUAN DE TARUCANI,MOVIMIENTO NUEVA IZQUIERDA,77
40116,AREQUIPA,AREQUIPA,SAN JUAN DE TARUCANI,MOVIMIENTO REGIONAL AREQUIPA UNIDA,123
40116,AREQUIPA,AREQUIPA,SAN JUAN DE TARUCANI,PARTIDO ACCION POPULAR,27
40116,AREQUIPA,AREQUIPA,SAN JUAN DE TARUCANI,PARTIDO APRISTA PERUANO,85
40116,AREQUIPA,AREQUIPA,SAN JUAN DE TARUCANI,PARTIDO DEMOCRATICO SOMOS PERU,23
40116,AREQUIPA,AREQUIPA,SAN JUAN DE TARUCANI,PARTIDO PERU POSIBLE,40
40117,AREQUIPA,AREQUIPA,SANTA ISABEL DE SIGUAS,FUERZA DEMOCRATICA,72
40117,AREQUIPA,AREQUIPA,SANTA ISABEL DE SIGUAS,MOVIMIENTO NUEVA IZQUIERDA,54
40117,AREQUIPA,AREQUIPA,SANTA ISABEL DE SIGUAS,PARTIDO ACCION POPULAR,79
40117,AREQUIPA,AREQUIPA,SANTA ISABEL DE SIGUAS,PARTIDO APRISTA PERUANO,71
40117,AREQUIPA,AREQUIPA,SANTA ISABEL DE SIGUAS,PARTIDO PERU POSIBLE,93
40118,AREQUIPA,AREQUIPA,SANTA RITA DE SIHUAS,LISTA INDEPENDIENTE FRENATRACA,117
40118,AREQUIPA,AREQUIPA,SANTA RITA DE SIHUAS,MOVIMIENTO NUEVA IZQUIERDA,145
40118,AREQUIPA,AREQUIPA,SANTA RITA DE SIHUAS,PARTIDO ACCION POPULAR,494
40118,AREQUIPA,AREQUIPA,SANTA RITA DE SIHUAS,PARTIDO APRISTA PERUANO,439
40118,AREQUIPA,AREQUIPA,SANTA RITA DE SIHUAS,PARTIDO PERU POSIBLE,45
40119,AREQUIPA,AREQUIPA,SOCABAYA,AGRUPACION INDEPENDIENTE UNION POR EL PERU - FRENTE AMPLIO,441
40119,AREQUIPA,AREQUIPA,SOCABAYA,DECIDE,4061
40119,AREQUIPA,AREQUIPA,SOCABAYA,FRENTE INDEPENDIENTE SOCABAYA (F.I.S.),1780
40119,AREQUIPA,AREQUIPA,SOCABAYA,FUERZA DEMOCRATICA,818
40119,AREQUIPA,AREQUIPA,SOCABAYA,LISTA INDEPENDIENTE FRENATRACA,903
40119,AREQUIPA,AREQUIPA,SOCABAYA,LUCHEMOS POR SOCABAYA,1400
40119,AREQUIPA,AREQUIPA,SOCABAYA,MOVIMIENTO DE ACCION SOCABAYA M.A.S.,3302
40119,AREQUIPA,AREQUIPA,SOCABAYA,MOVIMIENTO REGIONAL AREQUIPA UNIDA,475
40119,AREQUIPA,AREQUIPA,SOCABAYA,PARTIDO APRISTA PERUANO,3335
40119,AREQUIPA,AREQUIPA,SOCABAYA,PARTIDO DEMOCRATICO SOMOS PERU,1144
40119,AREQUIPA,AREQUIPA,SOCABAYA,PARTIDO POLITICO NACIONAL PRIMERO PERU,2066
40119,AREQUIPA,AREQUIPA,SOCABAYA,UNIDOS POR SOCABAYA,3801
40120,AREQUIPA,AREQUIPA,TIABAYA,LISTA INDEPENDIENTE FRENATRACA,546
40120,AREQUIPA,AREQUIPA,TIABAYA,MOVIMIENTO AMPLIO PAIS UNIDO - MAPU,224
40120,AREQUIPA,AREQUIPA,TIABAYA,MOVIMIENTO INDEPENDIENTE CAMPESINOS DE TIABAYA,1331
40120,AREQUIPA,AREQUIPA,TIABAYA,MOVIMIENTO NUEVA IZQUIERDA,189
40120,AREQUIPA,AREQUIPA,TIABAYA,MOVIMIENTO REGIONAL AREQUIPA UNIDA,741
40120,AREQUIPA,AREQUIPA,TIABAYA,PARTIDO ACCION POPULAR,1009
40120,AREQUIPA,AREQUIPA,TIABAYA,PARTIDO APRISTA PERUANO,1758
40120,AREQUIPA,AREQUIPA,TIABAYA,PARTIDO DEMOCRATICO SOMOS PERU,442
40120,AREQUIPA,AREQUIPA,TIABAYA,PARTIDO PERU POSIBLE,317
40120,AREQUIPA,AREQUIPA,TIABAYA,PARTIDO RENACIMIENTO ANDINO,218
40120,AREQUIPA,AREQUIPA,TIABAYA,TIABAYA POR EL TRABAJO TRANSPARENCIA Y DESARROLLO,854
40121,AREQUIPA,AREQUIPA,UCHUMAYO,DECIDE,286
40121,AREQUIPA,AREQUIPA,UCHUMAYO,LISTA INDEPENDIENTE FRENATRACA,444
40121,AREQUIPA,AREQUIPA,UCHUMAYO,MOVIMIENTO AMPLIO PAIS UNIDO - MAPU,208
40121,AREQUIPA,AREQUIPA,UCHUMAYO,MOVIMIENTO INDEPENDIENTE DESARROLLO CON CREATIVIDAD,564
40121,AREQUIPA,AREQUIPA,UCHUMAYO,MOVIMIENTO INDEPENDIENTE UCHUMAYO 2002,446
40121,AREQUIPA,AREQUIPA,UCHUMAYO,MOVIMIENTO REGIONAL AREQUIPA UNIDA,188
40121,AREQUIPA,AREQUIPA,UCHUMAYO,PARTIDO ACCION POPULAR,502
40121,AREQUIPA,AREQUIPA,UCHUMAYO,PARTIDO APRISTA PERUANO,576
40121,AREQUIPA,AREQUIPA,UCHUMAYO,PARTIDO PERU POSIBLE,184
40121,AREQUIPA,AREQUIPA,UCHUMAYO,UCHUMAYO TRABAJA,849
40122,AREQUIPA,AREQUIPA,VITOR,DECIDE,91
40122,AREQUIPA,AREQUIPA,VITOR,FUERZA DEMOCRATICA,120
40122,AREQUIPA,AREQUIPA,VITOR,MOVIMIENTO INDEPENDIENTE CAMINO AL PROGRESO VITOR,181
40122,AREQUIPA,AREQUIPA,VITOR,MOVIMIENTO NUEVA IZQUIERDA,21
40122,AREQUIPA,AREQUIPA,VITOR,PARTIDO ACCION POPULAR,156
40122,AREQUIPA,AREQUIPA,VITOR,PARTIDO PERU POSIBLE,290
40122,AREQUIPA,AREQUIPA,VITOR,PARTIDO POLITICO NACIONAL PRIMERO PERU,216
40122,AREQUIPA,AREQUIPA,VITOR,POR EL DESPEGUE DE VITOR,6
40123,AREQUIPA,AREQUIPA,YANAHUARA,AGRUPACION INDEPENDIENTE UNION POR EL PERU - FRENTE AMPLIO,298
40123,AREQUIPA,AREQUIPA,YANAHUARA,DECIDE,3128
40123,AREQUIPA,AREQUIPA,YANAHUARA,LISTA INDEPENDIENTE FRENATRACA,749
40123,AREQUIPA,AREQUIPA,YANAHUARA,MOVIMIENTO INDEPENDIENTE YANAHUARA,635
40123,AREQUIPA,AREQUIPA,YANAHUARA,MOVIMIENTO INDEPENDIENTE YANAHUARA LINDA,1232
40123,AREQUIPA,AREQUIPA,YANAHUARA,MOVIMIENTO NUEVA IZQUIERDA,317
40123,AREQUIPA,AREQUIPA,YANAHUARA,MOVIMIENTO REGIONAL AREQUIPA UNIDA,1815
40123,AREQUIPA,AREQUIPA,YANAHUARA,PARTIDO ACCION POPULAR,390
40123,AREQUIPA,AREQUIPA,YANAHUARA,PARTIDO APRISTA PERUANO,1517
40123,AREQUIPA,AREQUIPA,YANAHUARA,PARTIDO DEMOCRATICO SOMOS PERU,1729
40123,AREQUIPA,AREQUIPA,YANAHUARA,"TRADICION Y DESARROLLO - YANAHUARA ""TRAYDE""",1755
40124,AREQUIPA,AREQUIPA,YARABAMBA,GRUPO INDEPENDIENTE YARABAMBA 2002,187
40124,AREQUIPA,AREQUIPA,YARABAMBA,PARTIDO ACCION POPULAR,184
40124,AREQUIPA,AREQUIPA,YARABAMBA,PARTIDO APRISTA PERUANO,152
40124,AREQUIPA,AREQUIPA,YARABAMBA,PARTIDO PERU POSIBLE,104
40125,AREQUIPA,AREQUIPA,YURA,DECIDE,407
40125,AREQUIPA,AREQUIPA,YURA,FUERZA DEMOCRATICA,276
40125,AREQUIPA,AREQUIPA,YURA,LISTA INDEPENDIENTE FRENATRACA,579
40125,AREQUIPA,AREQUIPA,YURA,MOVIMIENTO REGIONAL AREQUIPA UNIDA,718
40125,AREQUIPA,AREQUIPA,YURA,PARTIDO APRISTA PERUANO,931
40125,AREQUIPA,AREQUIPA,YURA,PARTIDO PERU POSIBLE,277
40125,AREQUIPA,AREQUIPA,YURA,PARTIDO RECONSTRUCCION DEMOCRATICA (PRD),111
40125,AREQUIPA,AREQUIPA,YURA,VAMOS YURA POR UN FUTURO MEJOR,812
40126,AREQUIPA,AREQUIPA,MARIANO MELGAR,DECIDE,563
40126,AREQUIPA,AREQUIPA,MARIANO MELGAR,FUERZA DEMOCRATICA,2746
40126,AREQUIPA,AREQUIPA,MARIANO MELGAR,FUERZA MELGARIANA,3620
40126,AREQUIPA,AREQUIPA,MARIANO MELGAR,LISTA INDEPENDIENTE FRENATRACA,400
40126,AREQUIPA,AREQUIPA,MARIANO MELGAR,MOVIMIENTO AMPLIO PAIS UNIDO - MAPU,5116
40126,AREQUIPA,AREQUIPA,MARIANO MELGAR,MOVIMIENTO INDEPENDIENTE INTEGRACION MELGARIANA,1205
40126,AREQUIPA,AREQUIPA,MARIANO MELGAR,MOVIMIENTO NUEVA IZQUIERDA,2107
40126,AREQUIPA,AREQUIPA,MARIANO MELGAR,MOVIMIENTO POPULAR MELGARIANO,1470
40126,AREQUIPA,AREQUIPA,MARIANO MELGAR,MOVIMIENTO REGIONAL AREQUIPA UNIDA,4827
40126,AREQUIPA,AREQUIPA,MARIANO MELGAR,PARTIDO ACCION POPULAR,1616
40126,AREQUIPA,AREQUIPA,MARIANO MELGAR,PARTIDO APRISTA PERUANO,3225
40126,AREQUIPA,AREQUIPA,MARIANO MELGAR,PARTIDO DEMOCRATICO SOMOS PERU,1041
40126,AREQUIPA,AREQUIPA,MARIANO MELGAR,PARTIDO PERU POSIBLE,593
40126,AREQUIPA,AREQUIPA,MARIANO MELGAR,PARTIDO POLITICO NACIONAL PRIMERO PERU,1047
40127,AREQUIPA,AREQUIPA,JACOBO HUNTER,DECIDE,261
40127,AREQUIPA,AREQUIPA,JACOBO HUNTER,MOVIMIENTO AMPLIO PAIS UNIDO - MAPU,429
40127,AREQUIPA,AREQUIPA,JACOBO HUNTER,MOVIMIENTO INDEPENDIENTE FUERZA NUEVA,2916
40127,AREQUIPA,AREQUIPA,JACOBO HUNTER,MOVIMIENTO INDEPENDIENTE HUNTER 2002,8457
40127,AREQUIPA,AREQUIPA,JACOBO HUNTER,MOVIMIENTO INDEPENDIENTE UNIDOS POR HUNTER,3101
40127,AREQUIPA,AREQUIPA,JACOBO HUNTER,MOVIMIENTO NUEVA IZQUIERDA,1566
40127,AREQUIPA,AREQUIPA,JACOBO HUNTER,PARTIDO ACCION POPULAR,1110
40127,AREQUIPA,AREQUIPA,JACOBO HUNTER,PARTIDO APRISTA PERUANO,2319
40127,AREQUIPA,AREQUIPA,JACOBO HUNTER,PARTIDO DEMOCRATICO SOMOS PERU,787
40127,AREQUIPA,AREQUIPA,JACOBO HUNTER,PARTIDO PERU POSIBLE,489
40128,AREQUIPA,AREQUIPA,ALTO SELVA ALEGRE,FUERZA DEMOCRATICA,1512
40128,AREQUIPA,AREQUIPA,ALTO SELVA ALEGRE,LISTA INDEPENDIENTE FRENATRACA,579
40128,AREQUIPA,AREQUIPA,ALTO SELVA ALEGRE,MOVIMIENTO AMPLIO PAIS UNIDO - MAPU,680
40128,AREQUIPA,AREQUIPA,ALTO SELVA ALEGRE,MOVIMIENTO INDEPENDIENTE A TRABAJAR POR ASA,3924
40128,AREQUIPA,AREQUIPA,ALTO SELVA ALEGRE,MOVIMIENTO INDEPENDIENTE ASA 2003,4037
40128,AREQUIPA,AREQUIPA,ALTO SELVA ALEGRE,MOVIMIENTO NUEVA IZQUIERDA,682
40128,AREQUIPA,AREQUIPA,ALTO SELVA ALEGRE,MOVIMIENTO OBRASA 2003,1881
40128,AREQUIPA,AREQUIPA,ALTO SELVA ALEGRE,MOVIMIENTO REGIONAL AREQUIPA UNIDA,1511
40128,AREQUIPA,AREQUIPA,ALTO SELVA ALEGRE,PARTIDO ACCION POPULAR,2166
40128,AREQUIPA,AREQUIPA,ALTO SELVA ALEGRE,PARTIDO APRISTA PERUANO,4617
40128,AREQUIPA,AREQUIPA,ALTO SELVA ALEGRE,PARTIDO DEMOCRATICO SOMOS PERU,1225
40128,AREQUIPA,AREQUIPA,ALTO SELVA ALEGRE,PARTIDO PERU POSIBLE,906
40128,AREQUIPA,AREQUIPA,ALTO SELVA ALEGRE,PARTIDO POLITICO NACIONAL PRIMERO PERU,2058
40128,AREQUIPA,AREQUIPA,ALTO SELVA ALEGRE,PERU CREACION Y PENSAMIENTO,118
40128,AREQUIPA,AREQUIPA,ALTO SELVA ALEGRE,TIERRA FERTIL,1445
40129,AREQUIPA,AREQUIPA,JOSE LUIS BUSTAMANTE Y RIVERO,DESARROLLO VECINAL BUSTAMANTINO,1376
40129,AREQUIPA,AREQUIPA,JOSE LUIS BUSTAMANTE Y RIVERO,FUERZA DEMOCRATICA,5059
40129,AREQUIPA,AREQUIPA,JOSE LUIS BUSTAMANTE Y RIVERO,LISTA INDEPENDIENTE FRENATRACA,913
40129,AREQUIPA,AREQUIPA,JOSE LUIS BUSTAMANTE Y RIVERO,MODERNIDAD Y DEMOCRACIA - MODE,4059
40129,AREQUIPA,AREQUIPA,JOSE LUIS BUSTAMANTE Y RIVERO,MOVIMIENTO BUSTAMANTINO 2002,1349
40129,AREQUIPA,AREQUIPA,JOSE LUIS BUSTAMANTE Y RIVERO,MOVIMIENTO INDEPEDIENTE NUEVO DESPERTAR,819
40129,AREQUIPA,AREQUIPA,JOSE LUIS BUSTAMANTE Y RIVERO,MOVIMIENTO INDEPENDIENTE BUSTAMANTE RENACE,8845
40129,AREQUIPA,AREQUIPA,JOSE LUIS BUSTAMANTE Y RIVERO,MOVIMIENTO INDEPENDIENTE PRIMERO BUSTAMANTE,2533
40129,AREQUIPA,AREQUIPA,JOSE LUIS BUSTAMANTE Y RIVERO,MOVIMIENTO NUEVA IZQUIERDA,486
40129,AREQUIPA,AREQUIPA,JOSE LUIS BUSTAMANTE Y RIVERO,MOVIMIENTO REGIONAL AREQUIPA UNIDA,756
40129,AREQUIPA,AREQUIPA,JOSE LUIS BUSTAMANTE Y RIVERO,PARTIDO ACCION POPULAR,706
40129,AREQUIPA,AREQUIPA,JOSE LUIS BUSTAMANTE Y RIVERO,PARTIDO APRISTA PERUANO,2298
40129,AREQUIPA,AREQUIPA,JOSE LUIS BUSTAMANTE Y RIVERO,PARTIDO PERU POSIBLE,1188
40202,AREQUIPA,CAYLLOMA,ACHOMA,FUERZA DEMOCRATICA,106
40202,AREQUIPA,CAYLLOMA,ACHOMA,"MOVIMIENTO INDEPENDIENTE ""CAYLLOMA RENACE""",21
40202,AREQUIPA,CAYLLOMA,ACHOMA,"MOVIMIENTO INDEPENDIENTE ""DESARROLLO CAYLLOMA""",117
40202,AREQUIPA,CAYLLOMA,ACHOMA,"MOVIMIENTO INDEPENDIENTE ""EL CHARACATO""",14
40202,AREQUIPA,CAYLLOMA,ACHOMA,MOVIMIENTO NUEVA IZQUIERDA,21
40202,AREQUIPA,CAYLLOMA,ACHOMA,MOVIMIENTO REGIONAL AREQUIPA UNIDA,13
40202,AREQUIPA,CAYLLOMA,ACHOMA,PARTIDO ACCION POPULAR,12
40202,AREQUIPA,CAYLLOMA,ACHOMA,PARTIDO APRISTA PERUANO,213
40202,AREQUIPA,CAYLLOMA,ACHOMA,PARTIDO PERU POSIBLE,132
40203,AREQUIPA,CAYLLOMA,CABANACONDE,FUERZA DEMOCRATICA,154
40203,AREQUIPA,CAYLLOMA,CABANACONDE,"MOVIMIENTO INDEPENDIENTE ""CAYLLOMA RENACE""",191
40203,AREQUIPA,CAYLLOMA,CABANACONDE,"MOVIMIENTO INDEPENDIENTE ""DESARROLLO CAYLLOMA""",237
40203,AREQUIPA,CAYLLOMA,CABANACONDE,MOVIMIENTO NUEVA IZQUIERDA,64
40203,AREQUIPA,CAYLLOMA,CABANACONDE,MOVIMIENTO REGIONAL AREQUIPA UNIDA,99
40203,AREQUIPA,CAYLLOMA,CABANACONDE,PARTIDO ACCION POPULAR,23
40203,AREQUIPA,CAYLLOMA,CABANACONDE,PARTIDO APRISTA PERUANO,143
40203,AREQUIPA,CAYLLOMA,CABANACONDE,PARTIDO PERU POSIBLE,99
40204,AREQUIPA,CAYLLOMA,CAYLLOMA,FUERZA DEMOCRATICA,40
40204,AREQUIPA,CAYLLOMA,CAYLLOMA,"LISTA INDEPENDIENTE ""DEMOCRACIA POR CAYLLOMA""",58
40204,AREQUIPA,CAYLLOMA,CAYLLOMA,"MOVIMIENTO INDEPENDIENTE ""CAYLLOMA RENACE""",415
40204,AREQUIPA,CAYLLOMA,CAYLLOMA,"MOVIMIENTO INDEPENDIENTE ""DESARROLLO CAYLLOMA""",168
40204,AREQUIPA,CAYLLOMA,CAYLLOMA,MOVIMIENTO NUEVA IZQUIERDA,300
40204,AREQUIPA,CAYLLOMA,CAYLLOMA,MOVIMIENTO REGIONAL AREQUIPA UNIDA,41
40204,AREQUIPA,CAYLLOMA,CAYLLOMA,PARTIDO ACCION POPULAR,67
40204,AREQUIPA,CAYLLOMA,CAYLLOMA,PARTIDO APRISTA PERUANO,243
40204,AREQUIPA,CAYLLOMA,CAYLLOMA,PARTIDO DEMOCRATICO SOMOS PERU,49
40205,AREQUIPA,CAYLLOMA,CALLALLI,FUERZA DEMOCRATICA,85
40205,AREQUIPA,CAYLLOMA,CALLALLI,"MOVIMIENTO INDEPENDIENTE ""CAYLLOMA RENACE""",330
40205,AREQUIPA,CAYLLOMA,CALLALLI,"MOVIMIENTO INDEPENDIENTE ""DESARROLLO CAYLLOMA""",53
40205,AREQUIPA,CAYLLOMA,CALLALLI,MOVIMIENTO NUEVA IZQUIERDA,34
40205,AREQUIPA,CAYLLOMA,CALLALLI,MOVIMIENTO REGIONAL AREQUIPA UNIDA,16
40205,AREQUIPA,CAYLLOMA,CALLALLI,PARTIDO APRISTA PERUANO,404
40205,AREQUIPA,CAYLLOMA,CALLALLI,PARTIDO PERU POSIBLE,140
40206,AREQUIPA,CAYLLOMA,COPORAQUE,FUERZA DEMOCRATICA,130
40206,AREQUIPA,CAYLLOMA,COPORAQUE,"MOVIMIENTO INDEPENDIENTE ""CAYLLOMA RENACE""",115
40206,AREQUIPA,CAYLLOMA,COPORAQUE,MOVIMIENTO NUEVA IZQUIERDA,37
40206,AREQUIPA,CAYLLOMA,COPORAQUE,MOVIMIENTO REGIONAL AREQUIPA UNIDA,42
40206,AREQUIPA,CAYLLOMA,COPORAQUE,PARTIDO ACCION POPULAR,14
40206,AREQUIPA,CAYLLOMA,COPORAQUE,PARTIDO APRISTA PERUANO,47
40206,AREQUIPA,CAYLLOMA,COPORAQUE,PARTIDO PERU POSIBLE,57
40207,AREQUIPA,CAYLLOMA,HUAMBO,FUERZA DEMOCRATICA,46
40207,AREQUIPA,CAYLLOMA,HUAMBO,"MOVIMIENTO INDEPENDIENTE ""CAYLLOMA RENACE""",71
40207,AREQUIPA,CAYLLOMA,HUAMBO,"MOVIMIENTO INDEPENDIENTE ""HUAMBO AL CAMBIO""",26
40207,AREQUIPA,CAYLLOMA,HUAMBO,"MOVIMIENTO INDEPENDIENTE ""HUAMBO PRIMERO""",72
40207,AREQUIPA,CAYLLOMA,HUAMBO,MOVIMIENTO REGIONAL AREQUIPA UNIDA,37
40207,AREQUIPA,CAYLLOMA,HUAMBO,PARTIDO ACCION POPULAR,8
40207,AREQUIPA,CAYLLOMA,HUAMBO,PARTIDO PERU POSIBLE,97
40208,AREQUIPA,CAYLLOMA,HUANCA,FUERZA DEMOCRATICA,61
40208,AREQUIPA,CAYLLOMA,HUANCA,"MOVIMIENTO INDEPENDIENTE ""CAYLLOMA RENACE""",257
40208,AREQUIPA,CAYLLOMA,HUANCA,"MOVIMIENTO INDEPENDIENTE ""DESARROLLO CAYLLOMA""",142
40208,AREQUIPA,CAYLLOMA,HUANCA,MOVIMIENTO NUEVA IZQUIERDA,12
40208,AREQUIPA,CAYLLOMA,HUANCA,MOVIMIENTO REGIONAL AREQUIPA UNIDA,13
40208,AREQUIPA,CAYLLOMA,HUANCA,PARTIDO ACCION POPULAR,26
40208,AREQUIPA,CAYLLOMA,HUANCA,PARTIDO APRISTA PERUANO,210
40208,AREQUIPA,CAYLLOMA,HUANCA,PARTIDO PERU POSIBLE,16
40209,AREQUIPA,CAYLLOMA,ICHUPAMPA,FRENTE INDEPENDIENTE MORALIZADOR,45
40209,AREQUIPA,CAYLLOMA,ICHUPAMPA,FUERZA DEMOCRATICA,12
40209,AREQUIPA,CAYLLOMA,ICHUPAMPA,"MOVIMIENTO INDEPENDIENTE ""CAYLLOMA RENACE""",53
40209,AREQUIPA,CAYLLOMA,ICHUPAMPA,"MOVIMIENTO INDEPENDIENTE ""DESARROLLO CAYLLOMA""",39
40209,AREQUIPA,CAYLLOMA,ICHUPAMPA,MOVIMIENTO NUEVA IZQUIERDA,19
40209,AREQUIPA,CAYLLOMA,ICHUPAMPA,MOVIMIENTO REGIONAL AREQUIPA UNIDA,38
40209,AREQUIPA,CAYLLOMA,ICHUPAMPA,PARTIDO ACCION POPULAR,46
40209,AREQUIPA,CAYLLOMA,ICHUPAMPA,PARTIDO APRISTA PERUANO,52
40209,AREQUIPA,CAYLLOMA,ICHUPAMPA,PARTIDO PERU POSIBLE,41
40210,AREQUIPA,CAYLLOMA,LARI,FUERZA DEMOCRATICA,58
40210,AREQUIPA,CAYLLOMA,LARI,"MOVIMIENTO INDEPENDIENTE ""CAYLLOMA RENACE""",131
40210,AREQUIPA,CAYLLOMA,LARI,MOVIMIENTO REGIONAL AREQUIPA UNIDA,47
40210,AREQUIPA,CAYLLOMA,LARI,PARTIDO APRISTA PERUANO,66
40210,AREQUIPA,CAYLLOMA,LARI,PARTIDO PERU POSIBLE,149
40211,AREQUIPA,CAYLLOMA,LLUTA,"MOVIMIENTO INDEPENDIENTE ""CAYLLOMA RENACE""",446
40211,AREQUIPA,CAYLLOMA,LLUTA,PARTIDO APRISTA PERUANO,80
40211,AREQUIPA,CAYLLOMA,LLUTA,PARTIDO PERU POSIBLE,394
40212,AREQUIPA,CAYLLOMA,MACA,FUERZA DEMOCRATICA,39
40212,AREQUIPA,CAYLLOMA,MACA,"MOVIMIENTO INDEPENDIENTE ""CAYLLOMA RENACE""",72
40212,AREQUIPA,CAYLLOMA,MACA,"MOVIMIENTO INDEPENDIENTE ""DESARROLLO CAYLLOMA""",73
40212,AREQUIPA,CAYLLOMA,MACA,MOVIMIENTO NUEVA IZQUIERDA,55
40212,AREQUIPA,CAYLLOMA,MACA,MOVIMIENTO REGIONAL AREQUIPA UNIDA,29
40212,AREQUIPA,CAYLLOMA,MACA,PARTIDO ACCION POPULAR,51
40212,AREQUIPA,CAYLLOMA,MACA,PARTIDO APRISTA PERUANO,139
40212,AREQUIPA,CAYLLOMA,MACA,PARTIDO PERU POSIBLE,23
40213,AREQUIPA,CAYLLOMA,MADRIGAL,FUERZA DEMOCRATICA,44
40213,AREQUIPA,CAYLLOMA,MADRIGAL,LISTA INDEPENDIENTE FRENATRACA,45
40213,AREQUIPA,CAYLLOMA,MADRIGAL,"MOVIMIENTO INDEPENDIENTE ""CAYLLOMA RENACE""",22
40213,AREQUIPA,CAYLLOMA,MADRIGAL,MOVIMIENTO NUEVA IZQUIERDA,100
40213,AREQUIPA,CAYLLOMA,MADRIGAL,MOVIMIENTO REGIONAL AREQUIPA UNIDA,25
40213,AREQUIPA,CAYLLOMA,MADRIGAL,PARTIDO APRISTA PERUANO,106
40213,AREQUIPA,CAYLLOMA,MADRIGAL,PARTIDO PERU POSIBLE,63
40214,AREQUIPA,CAYLLOMA,SAN ANTONIO DE CHUCA,FRENTE INDEPENDIENTE MORALIZADOR,17
40214,AREQUIPA,CAYLLOMA,SAN ANTONIO DE CHUCA,FUERZA DEMOCRATICA,103
40214,AREQUIPA,CAYLLOMA,SAN ANTONIO DE CHUCA,"MOVIMIENTO INDEPENDIENTE ""CAYLLOMA RENACE""",82
40214,AREQUIPA,CAYLLOMA,SAN ANTONIO DE CHUCA,"MOVIMIENTO INDEPENDIENTE ""DESARROLLO CAYLLOMA""",38
40214,AREQUIPA,CAYLLOMA,SAN ANTONIO DE CHUCA,MOVIMIENTO NUEVA IZQUIERDA,43
40214,AREQUIPA,CAYLLOMA,SAN ANTONIO DE CHUCA,MOVIMIENTO REGIONAL AREQUIPA UNIDA,9
40214,AREQUIPA,CAYLLOMA,SAN ANTONIO DE CHUCA,PARTIDO APRISTA PERUANO,86
40214,AREQUIPA,CAYLLOMA,SAN ANTONIO DE CHUCA,PARTIDO PERU POSIBLE,170
40215,AREQUIPA,CAYLLOMA,SIBAYO,FUERZA DEMOCRATICA,96
40215,AREQUIPA,CAYLLOMA,SIBAYO,"MOVIMIENTO INDEPENDIENTE ""DESARROLLO CAYLLOMA""",151
40215,AREQUIPA,CAYLLOMA,SIBAYO,MOVIMIENTO REGIONAL AREQUIPA UNIDA,104
40215,AREQUIPA,CAYLLOMA,SIBAYO,PARTIDO PERU POSIBLE,35
40216,AREQUIPA,CAYLLOMA,TAPAY,"MOVIMIENTO INDEPENDIENTE ""CAYLLOMA RENACE""",117
40216,AREQUIPA,CAYLLOMA,TAPAY,"MOVIMIENTO INDEPENDIENTE ""PROGRESO CON FUTURO""",19
40216,AREQUIPA,CAYLLOMA,TAPAY,MOVIMIENTO NUEVA IZQUIERDA,31
40216,AREQUIPA,CAYLLOMA,TAPAY,MOVIMIENTO REGIONAL AREQUIPA UNIDA,24
40216,AREQUIPA,CAYLLOMA,TAPAY,PARTIDO ACCION POPULAR,31
40216,AREQUIPA,CAYLLOMA,TAPAY,PARTIDO APRISTA PERUANO,36
40216,AREQUIPA,CAYLLOMA,TAPAY,PARTIDO PERU POSIBLE,28
40217,AREQUIPA,CAYLLOMA,TISCO,FUERZA DEMOCRATICA,62
40217,AREQUIPA,CAYLLOMA,TISCO,"MOVIMIENTO INDEPENDIENTE ""CAYLLOMA RENACE""",130
40217,AREQUIPA,CAYLLOMA,TISCO,"MOVIMIENTO INDEPENDIENTE ""DESARROLLO CAYLLOMA""",102
40217,AREQUIPA,CAYLLOMA,TISCO,MOVIMIENTO NUEVA IZQUIERDA,97
40217,AREQUIPA,CAYLLOMA,TISCO,PARTIDO ACCION POPULAR,110
40217,AREQUIPA,CAYLLOMA,TISCO,PARTIDO APRISTA PERUANO,189
40217,AREQUIPA,CAYLLOMA,TISCO,PARTIDO PERU POSIBLE,37
40218,AREQUIPA,CAYLLOMA,TUTI,FUERZA DEMOCRATICA,89
40218,AREQUIPA,CAYLLOMA,TUTI,"MOVIMIENTO INDEPENDIENTE ""DESARROLLO CAYLLOMA""",61
40218,AREQUIPA,CAYLLOMA,TUTI,MOVIMIENTO NUEVA IZQUIERDA,24
40218,AREQUIPA,CAYLLOMA,TUTI,MOVIMIENTO REGIONAL AREQUIPA UNIDA,48
40218,AREQUIPA,CAYLLOMA,TUTI,PARTIDO ACCION POPULAR,48
40218,AREQUIPA,CAYLLOMA,TUTI,PARTIDO APRISTA PERUANO,53
40218,AREQUIPA,CAYLLOMA,TUTI,PARTIDO PERU POSIBLE,112
40219,AREQUIPA,CAYLLOMA,YANQUE,FUERZA DEMOCRATICA,128
40219,AREQUIPA,CAYLLOMA,YANQUE,"MOVIMIENTO INDEPENDIENTE ""YANQUE POR LA EDUCACION Y LA SALUD""",597
40219,AREQUIPA,CAYLLOMA,YANQUE,PARTIDO PERU POSIBLE,248
40220,AREQUIPA,CAYLLOMA,MAJES,"FRENTE INDEPENDIENTE ""EL HORIZONTE DE MAJES""",164
40220,AREQUIPA,CAYLLOMA,MAJES,FUERZA DEMOCRATICA,1102
40220,AREQUIPA,CAYLLOMA,MAJES,"MOVIMIENTO INDEPENDIENTE ""CAYLLOMA RENACE""",194
40220,AREQUIPA,CAYLLOMA,MAJES,"MOVIMIENTO INDEPENDIENTE ""FUERZA POR EL CAMBIO MAJES 2002""",680
40220,AREQUIPA,CAYLLOMA,MAJES,"MOVIMIENTO INDEPENDIENTE ""FUTURO MAJES""",583
40220,AREQUIPA,CAYLLOMA,MAJES,"MOVIMIENTO INDEPENDIENTE ""MAJES Y LA AGROINDUSTRIA AL DESARROLLO""",1578
40220,AREQUIPA,CAYLLOMA,MAJES,"MOVIMIENTO INDEPENDIENTE ""TRABAJO RENOVACION Y MODERNIDAD""",1008
40220,AREQUIPA,CAYLLOMA,MAJES,"MOVIMIENTO INDEPENDIENTE ""TRABAJO Y EXPERIENCIA POR MAJES""",1210
40220,AREQUIPA,CAYLLOMA,MAJES,MOVIMIENTO NUEVA IZQUIERDA,143
40220,AREQUIPA,CAYLLOMA,MAJES,MOVIMIENTO REGIONAL AREQUIPA UNIDA,277
40220,AREQUIPA,CAYLLOMA,MAJES,PARTIDO ACCION POPULAR,217
40220,AREQUIPA,CAYLLOMA,MAJES,PARTIDO APRISTA PERUANO,620
40220,AREQUIPA,CAYLLOMA,MAJES,PARTIDO PERU POSIBLE,318
40220,AREQUIPA,CAYLLOMA,MAJES,PARTIDO POLITICO NACIONAL PRIMERO PERU,144
40302,AREQUIPA,CAMANA,JOSE MARIA QUIMPER,MOVIMIENTO IMPULSO VECINAL JOSE MARIA QUIMPER,469
40302,AREQUIPA,CAMANA,JOSE MARIA QUIMPER,MOVIMIENTO INDEPENDIENTE POR EL DESARROLLO DE CAMANA,323
40302,AREQUIPA,CAMANA,JOSE MARIA QUIMPER,MOVIMIENTO INDEPENDIENTE SOMOS OBRAS,307
40302,AREQUIPA,CAMANA,JOSE MARIA QUIMPER,MOVIMIENTO POR MI BARRIO,220
40302,AREQUIPA,CAMANA,JOSE MARIA QUIMPER,MOVIMIENTO REGIONAL AREQUIPA UNIDA,26
40302,AREQUIPA,CAMANA,JOSE MARIA QUIMPER,PARTIDO ACCION POPULAR,263
40302,AREQUIPA,CAMANA,JOSE MARIA QUIMPER,PARTIDO APRISTA PERUANO,219
40302,AREQUIPA,CAMANA,JOSE MARIA QUIMPER,PARTIDO PERU POSIBLE,170
40303,AREQUIPA,CAMANA,MARIANO NICOLAS VALCARCEL,MOVIMIENTO INDEPENDIENTE POR EL DESARROLLO DE CAMANA,108
40303,AREQUIPA,CAMANA,MARIANO NICOLAS VALCARCEL,MOVIMIENTO INDEPENDIENTE SOMOS OBRAS,61
40303,AREQUIPA,CAMANA,MARIANO NICOLAS VALCARCEL,MOVIMIENTO REGIONAL AREQUIPA UNIDA,29
40303,AREQUIPA,CAMANA,MARIANO NICOLAS VALCARCEL,PARTIDO ACCION POPULAR,16
40303,AREQUIPA,CAMANA,MARIANO NICOLAS VALCARCEL,PARTIDO APRISTA PERUANO,46
40303,AREQUIPA,CAMANA,MARIANO NICOLAS VALCARCEL,PARTIDO PERU POSIBLE,90
40304,AREQUIPA,CAMANA,MARISCAL CACERES,MOVIMIENTO INDEPENDIENTE POR EL DESARROLLO DE CAMANA,829
40304,AREQUIPA,CAMANA,MARISCAL CACERES,MOVIMIENTO INDEPENDIENTE SOMOS OBRAS,680
40304,AREQUIPA,CAMANA,MARISCAL CACERES,MOVIMIENTO REGIONAL AREQUIPA UNIDA,29
40304,AREQUIPA,CAMANA,MARISCAL CACERES,PARTIDO ACCION POPULAR,135
40304,AREQUIPA,CAMANA,MARISCAL CACERES,PARTIDO APRISTA PERUANO,128
40304,AREQUIPA,CAMANA,MARISCAL CACERES,PARTIDO PERU POSIBLE,275
40305,AREQUIPA,CAMANA,NICOLAS DE PIEROLA,"MOVIMIENTO ""NICOLAS DE PIEROLA AVANCEMOS AL PROGRESO""",196
40305,AREQUIPA,CAMANA,NICOLAS DE PIEROLA,MOVIMIENTO DESPERTAR AL DESARROLLO,188
40305,AREQUIPA,CAMANA,NICOLAS DE PIEROLA,MOVIMIENTO INDEPENDIENTE POR EL DESARROLLO DE CAMANA,232
40305,AREQUIPA,CAMANA,NICOLAS DE PIEROLA,MOVIMIENTO INDEPENDIENTE SOMOS OBRAS,345
40305,AREQUIPA,CAMANA,NICOLAS DE PIEROLA,MOVIMIENTO REGIONAL AREQUIPA UNIDA,90
40305,AREQUIPA,CAMANA,NICOLAS DE PIEROLA,PARTIDO ACCION POPULAR,984
40305,AREQUIPA,CAMANA,NICOLAS DE PIEROLA,PARTIDO APRISTA PERUANO,321
40305,AREQUIPA,CAMANA,NICOLAS DE PIEROLA,PARTIDO PERU POSIBLE,624
40306,AREQUIPA,CAMANA,OCOÑA,MOVIMIENTO INDEPENDIENTE POR EL DESARROLLO DE CAMANA,388
40306,AREQUIPA,CAMANA,OCOÑA,MOVIMIENTO INDEPENDIENTE SOMOS OBRAS,209
40306,AREQUIPA,CAMANA,OCOÑA,MOVIMIENTO NUEVA IZQUIERDA,106
40306,AREQUIPA,CAMANA,OCOÑA,MOVIMIENTO REGIONAL AREQUIPA UNIDA,420
40306,AREQUIPA,CAMANA,OCOÑA,PARTIDO ACCION POPULAR,161
40306,AREQUIPA,CAMANA,OCOÑA,PARTIDO APRISTA PERUANO,509
40306,AREQUIPA,CAMANA,OCOÑA,PARTIDO PERU POSIBLE,288
40307,AREQUIPA,CAMANA,QUILCA,MOVIMIENTO INDEPENDIENTE POR EL DESARROLLO DE CAMANA,167
40307,AREQUIPA,CAMANA,QUILCA,MOVIMIENTO INDEPENDIENTE SOMOS OBRAS,13
40307,AREQUIPA,CAMANA,QUILCA,MOVIMIENTO REGIONAL AREQUIPA UNIDA,7
40307,AREQUIPA,CAMANA,QUILCA,PARTIDO ACCION POPULAR,23
40307,AREQUIPA,CAMANA,QUILCA,PARTIDO APRISTA PERUANO,104
40307,AREQUIPA,CAMANA,QUILCA,PARTIDO PERU POSIBLE,14
40308,AREQUIPA,CAMANA,SAMUEL PASTOR,FUERZA DEMOCRATICA,215
40308,AREQUIPA,CAMANA,SAMUEL PASTOR,MOVIMIENTO INDEPENDIENTE POR EL DESARROLLO DE CAMANA,1920
40308,AREQUIPA,CAMANA,SAMUEL PASTOR,MOVIMIENTO INDEPENDIENTE SOMOS OBRAS,1069
40308,AREQUIPA,CAMANA,SAMUEL PASTOR,MOVIMIENTO NUEVA IZQUIERDA,83
40308,AREQUIPA,CAMANA,SAMUEL PASTOR,MOVIMIENTO REGIONAL AREQUIPA UNIDA,104
40308,AREQUIPA,CAMANA,SAMUEL PASTOR,PARTIDO ACCION POPULAR,375
40308,AREQUIPA,CAMANA,SAMUEL PASTOR,PARTIDO APRISTA PERUANO,481
40308,AREQUIPA,CAMANA,SAMUEL PASTOR,PARTIDO PERU POSIBLE,456
40402,AREQUIPA,CARAVELI,ACARI,ALIANZA ELECTORAL UNIDAD NACIONAL,268
40402,AREQUIPA,CARAVELI,ACARI,FUERZA DEMOCRATICA,719
40402,AREQUIPA,CARAVELI,ACARI,MOVIMIENTO NUEVA IZQUIERDA,226
40402,AREQUIPA,CARAVELI,ACARI,PARTIDO ACCION POPULAR,148
40402,AREQUIPA,CARAVELI,ACARI,PARTIDO APRISTA PERUANO,436
40402,AREQUIPA,CARAVELI,ACARI,PARTIDO DEMOCRATICO SOMOS PERU,221
40402,AREQUIPA,CARAVELI,ACARI,PARTIDO PERU POSIBLE,101
40402,AREQUIPA,CARAVELI,ACARI,PARTIDO POLITICO NACIONAL PRIMERO PERU,255
40403,AREQUIPA,CARAVELI,ATICO,ALIANZA ELECTORAL UNIDAD NACIONAL,33
40403,AREQUIPA,CARAVELI,ATICO,"MOVIMIENTO INDEPENDIENTE ""ATICO HACIA EL FUTURO""",83
40403,AREQUIPA,CARAVELI,ATICO,"MOVIMIENTO INDEPENDIENTE ""POR EL MEJOR PUERTO""",128
40403,AREQUIPA,CARAVELI,ATICO,PARTIDO ACCION POPULAR,87
40403,AREQUIPA,CARAVELI,ATICO,PARTIDO APRISTA PERUANO,81
40403,AREQUIPA,CARAVELI,ATICO,PARTIDO DEMOCRATICO SOMOS PERU,523
40403,AREQUIPA,CARAVELI,ATICO,PARTIDO PERU POSIBLE,76
40403,AREQUIPA,CARAVELI,ATICO,PARTIDO POLITICO NACIONAL PRIMERO PERU,596
40404,AREQUIPA,CARAVELI,ATIQUIPA,ALIANZA ELECTORAL UNIDAD NACIONAL,52
40404,AREQUIPA,CARAVELI,ATIQUIPA,"MOVIMIENTO INDEPENDIENTE ""ATIQUIPA HACIA EL PROGRESO""",33
40404,AREQUIPA,CARAVELI,ATIQUIPA,PARTIDO ACCION POPULAR,16
40404,AREQUIPA,CARAVELI,ATIQUIPA,PARTIDO APRISTA PERUANO,38
40404,AREQUIPA,CARAVELI,ATIQUIPA,PARTIDO PERU POSIBLE,90
40404,AREQUIPA,CARAVELI,ATIQUIPA,PARTIDO POLITICO NACIONAL PRIMERO PERU,42
40405,AREQUIPA,CARAVELI,BELLA UNION,ALIANZA ELECTORAL UNIDAD NACIONAL,81
40405,AREQUIPA,CARAVELI,BELLA UNION,PARTIDO ACCION POPULAR,70
40405,AREQUIPA,CARAVELI,BELLA UNION,PARTIDO APRISTA PERUANO,316
40405,AREQUIPA,CARAVELI,BELLA UNION,PARTIDO PERU POSIBLE,23
40405,AREQUIPA,CARAVELI,BELLA UNION,PARTIDO POLITICO NACIONAL PRIMERO PERU,157
40406,AREQUIPA,CARAVELI,CAHUACHO,AGRUPACION INDEPENDIENTE UNION POR EL PERU - FRENTE AMPLIO,37
40406,AREQUIPA,CARAVELI,CAHUACHO,ALIANZA ELECTORAL UNIDAD NACIONAL,109
40406,AREQUIPA,CARAVELI,CAHUACHO,"MOVIMIENTO INDEPENDIENTE ""ORGANIZACION Y DESARROLLO""",96
40406,AREQUIPA,CARAVELI,CAHUACHO,MOVIMIENTO INDEPENDIENTE SUPERACION CAHUACHO,39
40406,AREQUIPA,CARAVELI,CAHUACHO,PARTIDO ACCION POPULAR,21
40406,AREQUIPA,CARAVELI,CAHUACHO,PARTIDO APRISTA PERUANO,6
40406,AREQUIPA,CARAVELI,CAHUACHO,PARTIDO DEMOCRATICO SOMOS PERU,29
40406,AREQUIPA,CARAVELI,CAHUACHO,PARTIDO PERU POSIBLE,27
40406,AREQUIPA,CARAVELI,CAHUACHO,PARTIDO POLITICO NACIONAL PRIMERO PERU,33
40407,AREQUIPA,CARAVELI,CHALA,ALIANZA ELECTORAL UNIDAD NACIONAL,322
40407,AREQUIPA,CARAVELI,CHALA,"MOVIMIENTO INDEPENDIENTE ""CHALA CORAZON""",203
40407,AREQUIPA,CARAVELI,CHALA,"MOVIMIENTO INDEPENDIENTE ""POR EL PROGRESO DE CHALA""",367
40407,AREQUIPA,CARAVELI,CHALA,PARTIDO ACCION POPULAR,70
40407,AREQUIPA,CARAVELI,CHALA,PARTIDO APRISTA PERUANO,203
40407,AREQUIPA,CARAVELI,CHALA,PARTIDO DEMOCRATICO SOMOS PERU,130
40407,AREQUIPA,CARAVELI,CHALA,PARTIDO PERU POSIBLE,86
40407,AREQUIPA,CARAVELI,CHALA,PARTIDO POLITICO NACIONAL PRIMERO PERU,271
40408,AREQUIPA,CARAVELI,CHAPARRA,ALIANZA ELECTORAL UNIDAD NACIONAL,68
40408,AREQUIPA,CARAVELI,CHAPARRA,"MOVIMIENTO INDEPENDIENTE ""POR EL DESARROLLO DEL VALLE DE CHAPARRA""",256
40408,AREQUIPA,CARAVELI,CHAPARRA,"MOVIMIENTO INDEPENDIENTE ""RENOVACION CHAPARRINA""",14
40408,AREQUIPA,CARAVELI,CHAPARRA,PARTIDO ACCION POPULAR,11
40408,AREQUIPA,CARAVELI,CHAPARRA,PARTIDO PERU POSIBLE,158
40408,AREQUIPA,CARAVELI,CHAPARRA,PARTIDO POLITICO NACIONAL PRIMERO PERU,168
40409,AREQUIPA,CARAVELI,HUANUHUANU,ALIANZA ELECTORAL UNIDAD NACIONAL,68
40409,AREQUIPA,CARAVELI,HUANUHUANU,MOVIMIENTO NUEVA IZQUIERDA,5
40409,AREQUIPA,CARAVELI,HUANUHUANU,PARTIDO ACCION POPULAR,27
40409,AREQUIPA,CARAVELI,HUANUHUANU,PARTIDO APRISTA PERUANO,49
40409,AREQUIPA,CARAVELI,HUANUHUANU,PARTIDO PERU POSIBLE,33
40409,AREQUIPA,CARAVELI,HUANUHUANU,PARTIDO POLITICO NACIONAL PRIMERO PERU,81
40410,AREQUIPA,CARAVELI,JAQUI,ALIANZA ELECTORAL UNIDAD NACIONAL,100
40410,AREQUIPA,CARAVELI,JAQUI,"MOVIMIENTO INDEPENDIENTE ""JAQUI HACIA EL FUTURO""",19
40410,AREQUIPA,CARAVELI,JAQUI,"MOVIMIENTO INDEPENDIENTE ""RENOVACION 2002""",97
40410,AREQUIPA,CARAVELI,JAQUI,PARTIDO ACCION POPULAR,54
40410,AREQUIPA,CARAVELI,JAQUI,PARTIDO APRISTA PERUANO,117
40410,AREQUIPA,CARAVELI,JAQUI,PARTIDO DEMOCRATICO SOMOS PERU,140
40410,AREQUIPA,CARAVELI,JAQUI,PARTIDO PERU POSIBLE,178
40410,AREQUIPA,CARAVELI,JAQUI,PARTIDO POLITICO NACIONAL PRIMERO PERU,76
40411,AREQUIPA,CARAVELI,LOMAS,ALIANZA ELECTORAL UNIDAD NACIONAL,153
40411,AREQUIPA,CARAVELI,LOMAS,PARTIDO ACCION POPULAR,5
40411,AREQUIPA,CARAVELI,LOMAS,PARTIDO APRISTA PERUANO,201
40411,AREQUIPA,CARAVELI,LOMAS,PARTIDO DEMOCRATICO SOMOS PERU,111
40411,AREQUIPA,CARAVELI,LOMAS,PARTIDO PERU POSIBLE,20
40412,AREQUIPA,CARAVELI,QUICACHA,ALIANZA ELECTORAL UNIDAD NACIONAL,173
40412,AREQUIPA,CARAVELI,QUICACHA,"MOVIMIENTO INDEPENDIENTE ""QUICACHA AL FUTURO""",26
40412,AREQUIPA,CARAVELI,QUICACHA,"MOVIMIENTO INDEPENDIENTE ""VISION NUEVA QUICACHA""",79
40412,AREQUIPA,CARAVELI,QUICACHA,PARTIDO ACCION POPULAR,62
40412,AREQUIPA,CARAVELI,QUICACHA,PARTIDO PERU POSIBLE,37
40412,AREQUIPA,CARAVELI,QUICACHA,PARTIDO POLITICO NACIONAL PRIMERO PERU,183
40413,AREQUIPA,CARAVELI,YAUCA,ALIANZA ELECTORAL UNIDAD NACIONAL,141
40413,AREQUIPA,CARAVELI,YAUCA,LISTA INDEPENDIENTE FRENATRACA,64
40413,AREQUIPA,CARAVELI,YAUCA,"MOVIMIENTO INDEPENDIENTE ""POR YAUCA UNIDOS""",298
40413,AREQUIPA,CARAVELI,YAUCA,"MOVIMIENTO INDEPENDIENTE ""TRABAJAMOS PARA MEJORAR YAUCA""",394
40413,AREQUIPA,CARAVELI,YAUCA,PARTIDO ACCION POPULAR,22
40413,AREQUIPA,CARAVELI,YAUCA,PARTIDO PERU POSIBLE,10
40502,AREQUIPA,CASTILLA,ANDAGUA,MOVIMIENTO AMPLIO PAIS UNIDO - MAPU,37
40502,AREQUIPA,CASTILLA,ANDAGUA,"MOVIMIENTO INDEPENDIENTE ""CASTILLA AVANZA""",67
40502,AREQUIPA,CASTILLA,ANDAGUA,"MOVIMIENTO INDEPENDIENTE ""MANOS UNIDAS""",70
40502,AREQUIPA,CASTILLA,ANDAGUA,MOVIMIENTO INDEPENDIENTE ANDAGUA SE DESARROLLA,108
40502,AREQUIPA,CASTILLA,ANDAGUA,MOVIMIENTO INDEPENDIENTE TODOS POR CASTILLA,86
40502,AREQUIPA,CASTILLA,ANDAGUA,MOVIMIENTO REGIONAL AREQUIPA UNIDA,16
40502,AREQUIPA,CASTILLA,ANDAGUA,PARTIDO DEMOCRATICO SOMOS PERU,13
40502,AREQUIPA,CASTILLA,ANDAGUA,PARTIDO PERU POSIBLE,17
40503,AREQUIPA,CASTILLA,AYO,FUERZA DEMOCRATICA,23
40503,AREQUIPA,CASTILLA,AYO,LISTA INDEPENDIENTE FRENATRACA,54
40503,AREQUIPA,CASTILLA,AYO,MOVIMIENTO INDEPENDIENTE DE AYO PAZ Y TRABAJO,1
40503,AREQUIPA,CASTILLA,AYO,MOVIMIENTO INDEPENDIENTE TODOS POR CASTILLA,59
40503,AREQUIPA,CASTILLA,AYO,PARTIDO ACCION POPULAR,55
40503,AREQUIPA,CASTILLA,AYO,PARTIDO APRISTA PERUANO,12
40503,AREQUIPA,CASTILLA,AYO,PARTIDO DEMOCRATICO SOMOS PERU,3
40504,AREQUIPA,CASTILLA,CHACHAS,FRENTE INDEPENDIENTE DE DESARROLLO DE CHACHAS,27
40504,AREQUIPA,CASTILLA,CHACHAS,"MOVIMIENTO INDEPENDIENTE ""CASTILLA AVANZA""",138
40504,AREQUIPA,CASTILLA,CHACHAS,MOVIMIENTO INDEPENDIENTE TODOS POR CASTILLA,92
40504,AREQUIPA,CASTILLA,CHACHAS,PARTIDO DEMOCRATICO SOMOS PERU,24
40504,AREQUIPA,CASTILLA,CHACHAS,PARTIDO PERU POSIBLE,157
40505,AREQUIPA,CASTILLA,CHILCAYMARCA,FUERZA DEMOCRATICA,48
40505,AREQUIPA,CASTILLA,CHILCAYMARCA,"MOVIMIENTO INDEPENDIENTE ""CASTILLA AVANZA""",31
40505,AREQUIPA,CASTILLA,CHILCAYMARCA,MOVIMIENTO INDEPENDIENTE TODOS POR CASTILLA,23
40505,AREQUIPA,CASTILLA,CHILCAYMARCA,PARTIDO APRISTA PERUANO,41
40505,AREQUIPA,CASTILLA,CHILCAYMARCA,PARTIDO DEMOCRATICO SOMOS PERU,58
40505,AREQUIPA,CASTILLA,CHILCAYMARCA,PARTIDO PERU POSIBLE,15
40506,AREQUIPA,CASTILLA,CHOCO,"MOVIMIENTO INDEPENDIENTE ""CASTILLA AVANZA""",100
40506,AREQUIPA,CASTILLA,CHOCO,MOVIMIENTO INDEPENDIENTE TODOS POR CASTILLA,76
40506,AREQUIPA,CASTILLA,CHOCO,PARTIDO ACCION POPULAR,9
40506,AREQUIPA,CASTILLA,CHOCO,PARTIDO APRISTA PERUANO,24
40506,AREQUIPA,CASTILLA,CHOCO,PARTIDO DEMOCRATICO SOMOS PERU,45
40506,AREQUIPA,CASTILLA,CHOCO,PARTIDO PERU POSIBLE,22
40507,AREQUIPA,CASTILLA,HUANCARQUI,"MOVIMIENTO INDEPENDIENTE ""CASTILLA AVANZA""",81
40507,AREQUIPA,CASTILLA,HUANCARQUI,MOVIMIENTO INDEPENDIENTE TODOS POR CASTILLA,336
40507,AREQUIPA,CASTILLA,HUANCARQUI,PARTIDO APRISTA PERUANO,232
40507,AREQUIPA,CASTILLA,HUANCARQUI,PARTIDO DEMOCRATICO SOMOS PERU,110
40507,AREQUIPA,CASTILLA,HUANCARQUI,PARTIDO PERU POSIBLE,91
40508,AREQUIPA,CASTILLA,MACHAGUAY,FRENTE INDEPENDIENTE POR MACHAGUAY,5
40508,AREQUIPA,CASTILLA,MACHAGUAY,LISTA INDEPENDIENTE FRENATRACA,49
40508,AREQUIPA,CASTILLA,MACHAGUAY,"MOVIMIENTO INDEPENDIENTE ""AGRO DE MACHAGUAY""",121
40508,AREQUIPA,CASTILLA,MACHAGUAY,"MOVIMIENTO INDEPENDIENTE ""CASTILLA AVANZA""",157
40508,AREQUIPA,CASTILLA,MACHAGUAY,MOVIMIENTO INDEPENDIENTE TODOS POR CASTILLA,16
40508,AREQUIPA,CASTILLA,MACHAGUAY,PARTIDO ACCION POPULAR,14
40508,AREQUIPA,CASTILLA,MACHAGUAY,PARTIDO APRISTA PERUANO,41
40508,AREQUIPA,CASTILLA,MACHAGUAY,PARTIDO PERU POSIBLE,11
40509,AREQUIPA,CASTILLA,ORCOPAMPA,FUERZA DEMOCRATICA,86
40509,AREQUIPA,CASTILLA,ORCOPAMPA,MAS OBRAS ORCOPAMPA,407
40509,AREQUIPA,CASTILLA,ORCOPAMPA,"MOVIMIENTO INDEPENDIENTE ""CASTILLA AVANZA""",126
40509,AREQUIPA,CASTILLA,ORCOPAMPA,MOVIMIENTO INDEPENDIENTE TODOS POR CASTILLA,525
40509,AREQUIPA,CASTILLA,ORCOPAMPA,MOVIMIENTO REGIONAL AREQUIPA UNIDA,75
40509,AREQUIPA,CASTILLA,ORCOPAMPA,ORCOPAMPA PROGRESISTA,49
40509,AREQUIPA,CASTILLA,ORCOPAMPA,PARTIDO APRISTA PERUANO,62
40509,AREQUIPA,CASTILLA,ORCOPAMPA,PARTIDO PERU POSIBLE,241
40510,AREQUIPA,CASTILLA,PAMPACOLCA,"MOVIMIENTO INDEPENDIENTE ""CASTILLA AVANZA""",373
40510,AREQUIPA,CASTILLA,PAMPACOLCA,"MOVIMIENTO INDEPENDIENTE ""PAMPACOLCA PRODUCE Y DESARROLLA""",16
40510,AREQUIPA,CASTILLA,PAMPACOLCA,MOVIMIENTO INDEPENDIENTE TODOS POR CASTILLA,108
40510,AREQUIPA,CASTILLA,PAMPACOLCA,MOVIMIENTO REGIONAL AREQUIPA UNIDA,330
40510,AREQUIPA,CASTILLA,PAMPACOLCA,PAMPACOLCA AL DESARROLLO,190
40510,AREQUIPA,CASTILLA,PAMPACOLCA,PARTIDO ACCION POPULAR,54
40510,AREQUIPA,CASTILLA,PAMPACOLCA,PARTIDO DEMOCRATICO SOMOS PERU,64
40510,AREQUIPA,CASTILLA,PAMPACOLCA,PARTIDO PERU POSIBLE,78
40511,AREQUIPA,CASTILLA,TIPAN,"MOVIMIENTO INDEPENDIENTE ""CASTILLA AVANZA""",78
40511,AREQUIPA,CASTILLA,TIPAN,"MOVIMIENTO INDEPENDIENTE ""TIPAN TURISMO Y DESARROLLO""",25
40511,AREQUIPA,CASTILLA,TIPAN,MOVIMIENTO INDEPENDIENTE TODOS POR CASTILLA,29
40511,AREQUIPA,CASTILLA,TIPAN,PARTIDO ACCION POPULAR,113
40511,AREQUIPA,CASTILLA,TIPAN,PARTIDO DEMOCRATICO SOMOS PERU,41
40511,AREQUIPA,CASTILLA,TIPAN,PARTIDO PERU POSIBLE,10
40512,AREQUIPA,CASTILLA,URACA,"MOVIMIENTO INDEPENDIENTE ""CASTILLA AVANZA""",1271
40512,AREQUIPA,CASTILLA,URACA,MOVIMIENTO INDEPENDIENTE TODOS POR CASTILLA,1549
40512,AREQUIPA,CASTILLA,URACA,MOVIMIENTO REGIONAL AREQUIPA UNIDA,313
40512,AREQUIPA,CASTILLA,URACA,PARTIDO APRISTA PERUANO,340
40512,AREQUIPA,CASTILLA,URACA,PARTIDO PERU POSIBLE,12
40513,AREQUIPA,CASTILLA,UÑON,"MOVIMIENTO INDEPENDIENTE ""CASTILLA AVANZA""",15
40513,AREQUIPA,CASTILLA,UÑON,MOVIMIENTO INDEPENDIENTE TODOS POR CASTILLA,30
40513,AREQUIPA,CASTILLA,UÑON,MOVIMIENTO REGIONAL AREQUIPA UNIDA,47
40513,AREQUIPA,CASTILLA,UÑON,PARTIDO PERU POSIBLE,11
40514,AREQUIPA,CASTILLA,VIRACO,"MOVIMIENTO INDEPENDIENTE ""CASTILLA AVANZA""",182
40514,AREQUIPA,CASTILLA,VIRACO,MOVIMIENTO INDEPENDIENTE TODOS POR CASTILLA,287
40514,AREQUIPA,CASTILLA,VIRACO,PARTIDO ACCION POPULAR,193
40514,AREQUIPA,CASTILLA,VIRACO,PARTIDO DEMOCRATICO SOMOS PERU,56
40514,AREQUIPA,CASTILLA,VIRACO,PARTIDO PERU POSIBLE,32
40514,AREQUIPA,CASTILLA,VIRACO,REUNIDOS EN DEMOCRACIA - RED,72
40602,AREQUIPA,CONDESUYOS,ANDARAY,MOVIMIENTO INDEPENDIENTE CONDESUYANO M.I.C.,11
40602,AREQUIPA,CONDESUYOS,ANDARAY,MOVIMIENTO INDEPENDIENTE CONDESUYOS PROGRESA,28
40602,AREQUIPA,CONDESUYOS,ANDARAY,MOVIMIENTO INDEPENDIENTE JUNTOS POR CONDESUYOS,17
40602,AREQUIPA,CONDESUYOS,ANDARAY,MOVIMIENTO INDEPENDIENTE OBRAS Y MAS OBRAS,52
40602,AREQUIPA,CONDESUYOS,ANDARAY,PARTIDO ACCION POPULAR,137
40602,AREQUIPA,CONDESUYOS,ANDARAY,PARTIDO PERU POSIBLE,26
40603,AREQUIPA,CONDESUYOS,CAYARANI,MOVIMIENTO INDEPENDIENTE CONDESUYANO M.I.C.,181
40603,AREQUIPA,CONDESUYOS,CAYARANI,MOVIMIENTO INDEPENDIENTE CONDESUYOS PROGRESA,105
40603,AREQUIPA,CONDESUYOS,CAYARANI,MOVIMIENTO INDEPENDIENTE JUNTOS POR CONDESUYOS,76
40603,AREQUIPA,CONDESUYOS,CAYARANI,MOVIMIENTO INDEPENDIENTE OBRAS Y MAS OBRAS,131
40603,AREQUIPA,CONDESUYOS,CAYARANI,MOVIMIENTO REGIONAL AREQUIPA UNIDA,64
40603,AREQUIPA,CONDESUYOS,CAYARANI,PARTIDO ACCION POPULAR,311
40603,AREQUIPA,CONDESUYOS,CAYARANI,PARTIDO APRISTA PERUANO,106
40603,AREQUIPA,CONDESUYOS,CAYARANI,PARTIDO PERU POSIBLE,25
40604,AREQUIPA,CONDESUYOS,CHICHAS,MOVIMIENTO INDEPENDIENTE CONDESUYANO M.I.C.,54
40604,AREQUIPA,CONDESUYOS,CHICHAS,MOVIMIENTO INDEPENDIENTE CONDESUYOS PROGRESA,142
40604,AREQUIPA,CONDESUYOS,CHICHAS,MOVIMIENTO INDEPENDIENTE JUNTOS POR CONDESUYOS,3
40604,AREQUIPA,CONDESUYOS,CHICHAS,MOVIMIENTO INDEPENDIENTE OBRAS Y MAS OBRAS,88
40604,AREQUIPA,CONDESUYOS,CHICHAS,PARTIDO APRISTA PERUANO,7
40604,AREQUIPA,CONDESUYOS,CHICHAS,PARTIDO PERU POSIBLE,49
40605,AREQUIPA,CONDESUYOS,IRAY,MOVIMIENTO INDEPENDIENTE CONDESUYANO M.I.C.,11
40605,AREQUIPA,CONDESUYOS,IRAY,MOVIMIENTO INDEPENDIENTE CONDESUYOS PROGRESA,141
40605,AREQUIPA,CONDESUYOS,IRAY,MOVIMIENTO INDEPENDIENTE JUNTOS POR CONDESUYOS,12
40605,AREQUIPA,CONDESUYOS,IRAY,MOVIMIENTO INDEPENDIENTE OBRAS Y MAS OBRAS,145
40605,AREQUIPA,CONDESUYOS,IRAY,PARTIDO APRISTA PERUANO,36
40605,AREQUIPA,CONDESUYOS,IRAY,PARTIDO PERU POSIBLE,12
40606,AREQUIPA,CONDESUYOS,SALAMANCA,MOVIMIENTO ACCION ACCION SALAMANCA,25
40606,AREQUIPA,CONDESUYOS,SALAMANCA,MOVIMIENTO INDEPENDIENTE CONDESUYANO M.I.C.,62
40606,AREQUIPA,CONDESUYOS,SALAMANCA,MOVIMIENTO INDEPENDIENTE CONDESUYOS PROGRESA,20
40606,AREQUIPA,CONDESUYOS,SALAMANCA,MOVIMIENTO INDEPENDIENTE OBRAS Y MAS OBRAS,72
40606,AREQUIPA,CONDESUYOS,SALAMANCA,MOVIMIENTO INDEPENDIENTE SALAMANCA AL PROGRESO,73
40606,AREQUIPA,CONDESUYOS,SALAMANCA,MOVIMIENTO REGIONAL AREQUIPA UNIDA,20
40606,AREQUIPA,CONDESUYOS,SALAMANCA,PARTIDO ACCION POPULAR,7
40606,AREQUIPA,CONDESUYOS,SALAMANCA,PARTIDO PERU POSIBLE,57
40607,AREQUIPA,CONDESUYOS,YANAQUIHUA,MOVIMIENTO INDEPENDIENTE CONDESUYANO M.I.C.,28
40607,AREQUIPA,CONDESUYOS,YANAQUIHUA,MOVIMIENTO INDEPENDIENTE CONDESUYOS PROGRESA,128
40607,AREQUIPA,CONDESUYOS,YANAQUIHUA,MOVIMIENTO INDEPENDIENTE JUNTOS POR CONDESUYOS,682
40607,AREQUIPA,CONDESUYOS,YANAQUIHUA,MOVIMIENTO INDEPENDIENTE OBRAS Y MAS OBRAS,83
40607,AREQUIPA,CONDESUYOS,YANAQUIHUA,PARTIDO ACCION POPULAR,81
40607,AREQUIPA,CONDESUYOS,YANAQUIHUA,PARTIDO PERU POSIBLE,84
40608,AREQUIPA,CONDESUYOS,RIO GRANDE,CAMBIO Y TRABAJO PARA RIO GRANDE,43
40608,AREQUIPA,CONDESUYOS,RIO GRANDE,FRENTE DE DESARROLLO DE RIO GRANDE,49
40608,AREQUIPA,CONDESUYOS,RIO GRANDE,FUERZA DEMOCRATICA,199
40608,AREQUIPA,CONDESUYOS,RIO GRANDE,MOVIMIENTO INDEPENDIENTE CONDESUYANO M.I.C.,28
40608,AREQUIPA,CONDESUYOS,RIO GRANDE,MOVIMIENTO INDEPENDIENTE CONDESUYOS PROGRESA,225
40608,AREQUIPA,CONDESUYOS,RIO GRANDE,MOVIMIENTO INDEPENDIENTE JUNTOS POR CONDESUYOS,237
40608,AREQUIPA,CONDESUYOS,RIO GRANDE,MOVIMIENTO INDEPENDIENTE OBRAS Y MAS OBRAS,70
40608,AREQUIPA,CONDESUYOS,RIO GRANDE,MOVIMIENTO REGIONAL AREQUIPA UNIDA,147
40608,AREQUIPA,CONDESUYOS,RIO GRANDE,PARTIDO ACCION POPULAR,41
40608,AREQUIPA,CONDESUYOS,RIO GRANDE,PARTIDO PERU POSIBLE,29
40702,AREQUIPA,ISLAY,COCACHACRA,MOVIMIENTO INDEPENDIENTE FRENTE PROVINCIAL ISLAY,1280
40702,AREQUIPA,ISLAY,COCACHACRA,MOVIMIENTO REGIONAL AREQUIPA UNIDA,590
40702,AREQUIPA,ISLAY,COCACHACRA,MOVIMIENTO TRABAJEMOS POR COCACHACRA,265
40702,AREQUIPA,ISLAY,COCACHACRA,MOVIMIENTO UN MUNICIPIO PARA EL PUEBLO,25
40702,AREQUIPA,ISLAY,COCACHACRA,PARTIDO ACCION POPULAR,1029
40702,AREQUIPA,ISLAY,COCACHACRA,PARTIDO APRISTA PERUANO,1326
40702,AREQUIPA,ISLAY,COCACHACRA,PARTIDO PERU POSIBLE,371
40703,AREQUIPA,ISLAY,DEAN VALDIVIA,GRUPO INDEPENDIENTE NUEVA OPCION DEAN VALDIVIA,594
40703,AREQUIPA,ISLAY,DEAN VALDIVIA,MOVIMIENTO INDEPENDIENTE FRENTE PROVINCIAL ISLAY,611
40703,AREQUIPA,ISLAY,DEAN VALDIVIA,MOVIMIENTO UN MUNICIPIO PARA EL PUEBLO,697
40703,AREQUIPA,ISLAY,DEAN VALDIVIA,PARTIDO ACCION POPULAR,773
40703,AREQUIPA,ISLAY,DEAN VALDIVIA,PARTIDO APRISTA PERUANO,212
40703,AREQUIPA,ISLAY,DEAN VALDIVIA,PARTIDO PERU POSIBLE,176
40704,AREQUIPA,ISLAY,ISLAY,MOVIMIENTO INDEPENDIENTE FRENTE PROVINCIAL ISLAY,185
40704,AREQUIPA,ISLAY,ISLAY,MOVIMIENTO INDEPENDIENTE INTEGRANDO MATARANI,464
40704,AREQUIPA,ISLAY,ISLAY,MOVIMIENTO ISLAY RUMBO AL PROGRESO,55
40704,AREQUIPA,ISLAY,ISLAY,MOVIMIENTO PESCADORES AL DESARROLLO,105
40704,AREQUIPA,ISLAY,ISLAY,MOVIMIENTO UN MUNICIPIO PARA EL PUEBLO,30
40704,AREQUIPA,ISLAY,ISLAY,PARTIDO ACCION POPULAR,337
40704,AREQUIPA,ISLAY,ISLAY,PARTIDO APRISTA PERUANO,112
40704,AREQUIPA,ISLAY,ISLAY,PARTIDO PERU POSIBLE,172
40705,AREQUIPA,ISLAY,MEJIA,MOVIMIENTO INDEPENDIENTE FRENTE PROVINCIAL ISLAY,148
40705,AREQUIPA,ISLAY,MEJIA,MOVIMIENTO INDEPENDIENTE MEJIA AL FUTURO,228
40705,AREQUIPA,ISLAY,MEJIA,MOVIMIENTO UN MUNICIPIO PARA EL PUEBLO,35
40705,AREQUIPA,ISLAY,MEJIA,PARTIDO ACCION POPULAR,343
40705,AREQUIPA,ISLAY,MEJIA,PARTIDO APRISTA PERUANO,92
40705,AREQUIPA,ISLAY,MEJIA,PARTIDO PERU POSIBLE,220
40706,AREQUIPA,ISLAY,PUNTA DE BOMBON,MOVIMIENTO INDEPENDIENTE AVANCEMOS POR LA PUNTA,574
40706,AREQUIPA,ISLAY,PUNTA DE BOMBON,MOVIMIENTO INDEPENDIENTE FRENTE PROVINCIAL ISLAY,423
40706,AREQUIPA,ISLAY,PUNTA DE BOMBON,MOVIMIENTO REGIONAL AREQUIPA UNIDA,237
40706,AREQUIPA,ISLAY,PUNTA DE BOMBON,MOVIMIENTO UN MUNICIPIO PARA EL PUEBLO,211
40706,AREQUIPA,ISLAY,PUNTA DE BOMBON,PARTIDO ACCION POPULAR,1524
40706,AREQUIPA,ISLAY,PUNTA DE BOMBON,PARTIDO APRISTA PERUANO,377
40706,AREQUIPA,ISLAY,PUNTA DE BOMBON,PARTIDO PERU POSIBLE,86
40802,AREQUIPA,LA UNION,ALCA,ALIANZA ELECTORAL UNIDAD NACIONAL,176
40802,AREQUIPA,LA UNION,ALCA,"MOVIMIENTO INDEPENDIENTE ""FUERZA POR LA UNION""",148
40802,AREQUIPA,LA UNION,ALCA,PARTIDO ACCION POPULAR,28
40802,AREQUIPA,LA UNION,ALCA,PARTIDO APRISTA PERUANO,71
40802,AREQUIPA,LA UNION,ALCA,PARTIDO DEMOCRATICO SOMOS PERU,25
40802,AREQUIPA,LA UNION,ALCA,PARTIDO PERU POSIBLE,190
40803,AREQUIPA,LA UNION,CHARCANA,ALIANZA ELECTORAL UNIDAD NACIONAL,39
40803,AREQUIPA,LA UNION,CHARCANA,FRENTE DE AGRICULTORES LA UNION,41
40803,AREQUIPA,LA UNION,CHARCANA,"MOVIMIENTO INDEPENDIENTE ""FUERZA POR LA UNION""",69
40803,AREQUIPA,LA UNION,CHARCANA,"MOVIMIENTO INDEPENDIENTE ""TRABAJANDO POR LA UNION""",35
40803,AREQUIPA,LA UNION,CHARCANA,PARTIDO APRISTA PERUANO,20
40803,AREQUIPA,LA UNION,CHARCANA,PARTIDO PERU POSIBLE,28
40804,AREQUIPA,LA UNION,HUAYNACOTAS,ALIANZA ELECTORAL UNIDAD NACIONAL,138
40804,AREQUIPA,LA UNION,HUAYNACOTAS,FRENTE DE AGRICULTORES LA UNION,111
40804,AREQUIPA,LA UNION,HUAYNACOTAS,"MOVIMIENTO INDEPENDIENTE ""TRABAJANDO POR LA UNION""",95
40804,AREQUIPA,LA UNION,HUAYNACOTAS,MOVIMIENTO NUEVA IZQUIERDA,8
40804,AREQUIPA,LA UNION,HUAYNACOTAS,PARTIDO ACCION POPULAR,10
40804,AREQUIPA,LA UNION,HUAYNACOTAS,PARTIDO APRISTA PERUANO,157
40804,AREQUIPA,LA UNION,HUAYNACOTAS,PARTIDO PERU POSIBLE,119
40805,AREQUIPA,LA UNION,PAMPAMARCA,ALIANZA ELECTORAL UNIDAD NACIONAL,84
40805,AREQUIPA,LA UNION,PAMPAMARCA,FRENTE DE AGRICULTORES LA UNION,50
40805,AREQUIPA,LA UNION,PAMPAMARCA,"MOVIMIENTO INDEPENDIENTE ""CABILDO ABIERTO""",47
40805,AREQUIPA,LA UNION,PAMPAMARCA,"MOVIMIENTO INDEPENDIENTE ""FUERZA POR LA UNION""",33
40805,AREQUIPA,LA UNION,PAMPAMARCA,"MOVIMIENTO INDEPENDIENTE ""NUEVO ANDINO""",35
40805,AREQUIPA,LA UNION,PAMPAMARCA,"MOVIMIENTO INDEPENDIENTE ""TRABAJANDO POR LA UNION""",13
40805,AREQUIPA,LA UNION,PAMPAMARCA,MOVIMIENTO NUEVA IZQUIERDA,11
40805,AREQUIPA,LA UNION,PAMPAMARCA,PARTIDO ACCION POPULAR,4
40805,AREQUIPA,LA UNION,PAMPAMARCA,PARTIDO APRISTA PERUANO,6
40805,AREQUIPA,LA UNION,PAMPAMARCA,PARTIDO PERU POSIBLE,35
40806,AREQUIPA,LA UNION,PUYCA,ALIANZA ELECTORAL UNIDAD NACIONAL,157
40806,AREQUIPA,LA UNION,PUYCA,FRENTE DE AGRICULTORES LA UNION,100
40806,AREQUIPA,LA UNION,PUYCA,"MOVIMIENTO INDEPENDIENTE ""FUERZA POR LA UNION""",72
40806,AREQUIPA,LA UNION,PUYCA,"MOVIMIENTO INDEPENDIENTE ""TRABAJANDO POR LA UNION""",23
40806,AREQUIPA,LA UNION,PUYCA,"MOVIMIENTO INDEPENDIENTE ""UNIDOS - PUICA""",56
40806,AREQUIPA,LA UNION,PUYCA,PARTIDO ACCION POPULAR,26
40806,AREQUIPA,LA UNION,PUYCA,PARTIDO APRISTA PERUANO,17
40806,AREQUIPA,LA UNION,PUYCA,PARTIDO PERU POSIBLE,89
40807,AREQUIPA,LA UNION,QUECHUALLA,ALIANZA ELECTORAL UNIDAD NACIONAL,82
40807,AREQUIPA,LA UNION,QUECHUALLA,FRENTE DE AGRICULTORES LA UNION,69
40807,AREQUIPA,LA UNION,QUECHUALLA,"MOVIMIENTO INDEPENDIENTE ""FUERZA POR LA UNION""",140
40808,AREQUIPA,LA UNION,SAYLA,ALIANZA ELECTORAL UNIDAD NACIONAL,16
40808,AREQUIPA,LA UNION,SAYLA,FRENTE DE AGRICULTORES LA UNION,39
40808,AREQUIPA,LA UNION,SAYLA,PARTIDO PERU POSIBLE,84
40809,AREQUIPA,LA UNION,TAURIA,FRENTE DE AGRICULTORES LA UNION,38
40809,AREQUIPA,LA UNION,TAURIA,"MOVIMIENTO INDEPENDIENTE ""FUERZA POR LA UNION""",71
40809,AREQUIPA,LA UNION,TAURIA,MOVIMIENTO INDEPENDIENTE TAURIA POR EL DESARROLLO,2
40809,AREQUIPA,LA UNION,TAURIA,PARTIDO PERU POSIBLE,7
40810,AREQUIPA,LA UNION,TOMEPAMPA,ALIANZA ELECTORAL UNIDAD NACIONAL,27
40810,AREQUIPA,LA UNION,TOMEPAMPA,FRENTE DE AGRICULTORES LA UNION,117
40810,AREQUIPA,LA UNION,TOMEPAMPA,"MOVIMIENTO INDEPENDIENTE ""TRABAJANDO POR LA UNION""",1
40810,AREQUIPA,LA UNION,TOMEPAMPA,PARTIDO ACCION POPULAR,96
40810,AREQUIPA,LA UNION,TOMEPAMPA,PARTIDO PERU POSIBLE,96
40811,AREQUIPA,LA UNION,TORO,ALIANZA ELECTORAL UNIDAD NACIONAL,69
40811,AREQUIPA,LA UNION,TORO,FRENTE DE AGRICULTORES LA UNION,16
40811,AREQUIPA,LA UNION,TORO,"MOVIMIENTO INDEPENDIENTE ""FUERZA TORO""",60
40811,AREQUIPA,LA UNION,TORO,PARTIDO ACCION POPULAR,70
40811,AREQUIPA,LA UNION,TORO,PARTIDO PERU POSIBLE,80
50102,AYACUCHO,HUAMANGA,ACOS VINCHOS,ALIANZA ELECTORAL UNIDAD NACIONAL,196
50102,AYACUCHO,HUAMANGA,ACOS VINCHOS,ALIANZA ELECTORAL VAMOS VECINO,338
50102,AYACUCHO,HUAMANGA,ACOS VINCHOS,"MOVIMIENTO ""INTI""",295
50102,AYACUCHO,HUAMANGA,ACOS VINCHOS,"MOVIMIENTO INDEPENDIENTE ""INTEGRACION REGIONAL""",220
50102,AYACUCHO,HUAMANGA,ACOS VINCHOS,"MOVIMIENTO REGIONAL ""PARA EL DESARROLLO E INTEGRACION DE AYACUCHO - DIA""",73
50102,AYACUCHO,HUAMANGA,ACOS VINCHOS,PARTIDO APRISTA PERUANO,69
50102,AYACUCHO,HUAMANGA,ACOS VINCHOS,PARTIDO PERU POSIBLE,15
50103,AYACUCHO,HUAMANGA,CARMEN ALTO,ALIANZA ELECTORAL UNIDAD NACIONAL,465
50103,AYACUCHO,HUAMANGA,CARMEN ALTO,FRENTE INDEPENDIENTE MORALIZADOR,90
50103,AYACUCHO,HUAMANGA,CARMEN ALTO,MOVIMIENTO ARRIEROS DE CARMEN ALTO,342
50103,AYACUCHO,HUAMANGA,CARMEN ALTO,"MOVIMIENTO INDEPENDIENTE ""INTEGRACION REGIONAL""",224
50103,AYACUCHO,HUAMANGA,CARMEN ALTO,"MOVIMIENTO INDEPENDIENTE ""VISTA ALEGRE"" (MIVA)",486
50103,AYACUCHO,HUAMANGA,CARMEN ALTO,MOVIMIENTO INDEPENDIENTE LLAMKASUN AYACUCHO,241
50103,AYACUCHO,HUAMANGA,CARMEN ALTO,MOVIMIENTO INDEPENDIENTE SALVEMOS AYACUCHO,137
50103,AYACUCHO,HUAMANGA,CARMEN ALTO,MOVIMIENTO INDEPENDIENTE SIEMPRE UNIDOS,351
50103,AYACUCHO,HUAMANGA,CARMEN ALTO,MOVIMIENTO NUEVA IZQUIERDA,63
50103,AYACUCHO,HUAMANGA,CARMEN ALTO,"MOVIMIENTO REGIONAL ""PARA EL DESARROLLO E INTEGRACION DE AYACUCHO - DIA""",75
50103,AYACUCHO,HUAMANGA,CARMEN ALTO,PARTIDO ACCION POPULAR,473
50103,AYACUCHO,HUAMANGA,CARMEN ALTO,PARTIDO APRISTA PERUANO,401
50103,AYACUCHO,HUAMANGA,CARMEN ALTO,PARTIDO PERU POSIBLE,304
50103,AYACUCHO,HUAMANGA,CARMEN ALTO,PARTIDO POLITICO NACIONAL PRIMERO PERU,57
50103,AYACUCHO,HUAMANGA,CARMEN ALTO,PARTIDO RENACIMIENTO ANDINO,218
50104,AYACUCHO,HUAMANGA,CHIARA,ALIANZA ELECTORAL UNIDAD NACIONAL,74
50104,AYACUCHO,HUAMANGA,CHIARA,FRENTE INDEPENDIENTE MORALIZADOR,31
50104,AYACUCHO,HUAMANGA,CHIARA,FRENTE INDEPENDIENTE POR EL DESARROLLO DE CHIARA,72
50104,AYACUCHO,HUAMANGA,CHIARA,"MOVIMIENTO INDEPENDIENTE ""FUERZA POR CHIARA""",141
50104,AYACUCHO,HUAMANGA,CHIARA,"MOVIMIENTO INDEPENDIENTE ""INTEGRACION REGIONAL""",24
50104,AYACUCHO,HUAMANGA,CHIARA,MOVIMIENTO INDEPENDIENTE NUEVO CHIARA,156
50104,AYACUCHO,HUAMANGA,CHIARA,MOVIMIENTO INDEPENDIENTE TODOS POR CHIARA,210
50104,AYACUCHO,HUAMANGA,CHIARA,MOVIMIENTO INDEPENDIENTE ZONA SUR - CHIARA,275
50104,AYACUCHO,HUAMANGA,CHIARA,PARTIDO APRISTA PERUANO,6
50104,AYACUCHO,HUAMANGA,CHIARA,PARTIDO PERU POSIBLE,17
50105,AYACUCHO,HUAMANGA,QUINUA,ALIANZA ELECTORAL UNIDAD NACIONAL,265
50105,AYACUCHO,HUAMANGA,QUINUA,FRENTE INDEPENDIENTE MORALIZADOR,188
50105,AYACUCHO,HUAMANGA,QUINUA,FUERZA DEMOCRATICA,15
50105,AYACUCHO,HUAMANGA,QUINUA,GLORIA A QUINUA,263
50105,AYACUCHO,HUAMANGA,QUINUA,"MOVIMIENTO INDEPENDIENTE ""INTEGRACION REGIONAL""",531
50105,AYACUCHO,HUAMANGA,QUINUA,MOVIMIENTO INDEPENDIENTE SALVEMOS AYACUCHO,3
50105,AYACUCHO,HUAMANGA,QUINUA,MOVIMIENTO KALLPA PARA EL DESARROLLO M.K.D.,7
50105,AYACUCHO,HUAMANGA,QUINUA,PARTIDO ACCION POPULAR,183
50105,AYACUCHO,HUAMANGA,QUINUA,PARTIDO APRISTA PERUANO,447
50105,AYACUCHO,HUAMANGA,QUINUA,PARTIDO DEMOCRATICO SOMOS PERU,119
50105,AYACUCHO,HUAMANGA,QUINUA,PARTIDO PERU POSIBLE,23
50105,AYACUCHO,HUAMANGA,QUINUA,PARTIDO RENACIMIENTO ANDINO,11
50106,AYACUCHO,HUAMANGA,SAN JOSE DE TICLLAS,ALIANZA ELECTORAL UNIDAD NACIONAL,11
50106,AYACUCHO,HUAMANGA,SAN JOSE DE TICLLAS,FRENTE INDEPENDIENTE MORALIZADOR,20
50106,AYACUCHO,HUAMANGA,SAN JOSE DE TICLLAS,"MOVIMIENTO ""INTI""",17
50106,AYACUCHO,HUAMANGA,SAN JOSE DE TICLLAS,"MOVIMIENTO INDEPENDIENTE ""INTEGRACION REGIONAL""",4
50106,AYACUCHO,HUAMANGA,SAN JOSE DE TICLLAS,MOVIMIENTO INDEPENDIENTE LLAMKASUN AYACUCHO,16
50106,AYACUCHO,HUAMANGA,SAN JOSE DE TICLLAS,MOVIMIENTO INKARI,55
50106,AYACUCHO,HUAMANGA,SAN JOSE DE TICLLAS,"MOVIMIENTO REGIONAL ""PARA EL DESARROLLO E INTEGRACION DE AYACUCHO - DIA""",3
50106,AYACUCHO,HUAMANGA,SAN JOSE DE TICLLAS,PARTIDO ACCION POPULAR,52
50106,AYACUCHO,HUAMANGA,SAN JOSE DE TICLLAS,PARTIDO APRISTA PERUANO,10
50106,AYACUCHO,HUAMANGA,SAN JOSE DE TICLLAS,PARTIDO PERU POSIBLE,93
50106,AYACUCHO,HUAMANGA,SAN JOSE DE TICLLAS,PARTIDO RENACIMIENTO ANDINO,70
50107,AYACUCHO,HUAMANGA,SAN JUAN BAUTISTA,ALIANZA ELECTORAL UNIDAD NACIONAL,391
50107,AYACUCHO,HUAMANGA,SAN JUAN BAUTISTA,FRENTE INDEPENDIENTE MORALIZADOR,563
50107,AYACUCHO,HUAMANGA,SAN JUAN BAUTISTA,"MOVIMIENTO ""INTI""",613
50107,AYACUCHO,HUAMANGA,SAN JUAN BAUTISTA,"MOVIMIENTO INDEPENDIENTE ""INTEGRACION REGIONAL""",633
50107,AYACUCHO,HUAMANGA,SAN JUAN BAUTISTA,MOVIMIENTO INDEPENDIENTE LLAMKASUN AYACUCHO,81
50107,AYACUCHO,HUAMANGA,SAN JUAN BAUTISTA,MOVIMIENTO INDEPENDIENTE SALVEMOS AYACUCHO,49
50107,AYACUCHO,HUAMANGA,SAN JUAN BAUTISTA,MOVIMIENTO INDEPENDIENTE SIEMPRE UNIDOS,109
50107,AYACUCHO,HUAMANGA,SAN JUAN BAUTISTA,MOVIMIENTO INDEPENDIENTE UNIDOS POR EL DESARROLLO DE SAN JUAN BAUTISTA,1585
50107,AYACUCHO,HUAMANGA,SAN JUAN BAUTISTA,MOVIMIENTO INKARI SAN JUAN (M.I.SAN JUAN),955
50107,AYACUCHO,HUAMANGA,SAN JUAN BAUTISTA,MOVIMIENTO KALLPA PARA EL DESARROLLO M.K.D.,612
50107,AYACUCHO,HUAMANGA,SAN JUAN BAUTISTA,MOVIMIENTO NUEVA IZQUIERDA,207
50107,AYACUCHO,HUAMANGA,SAN JUAN BAUTISTA,"MOVIMIENTO REGIONAL ""PARA EL DESARROLLO E INTEGRACION DE AYACUCHO - DIA""",815
50107,AYACUCHO,HUAMANGA,SAN JUAN BAUTISTA,PARTIDO ACCION POPULAR,278
50107,AYACUCHO,HUAMANGA,SAN JUAN BAUTISTA,PARTIDO APRISTA PERUANO,1340
50107,AYACUCHO,HUAMANGA,SAN JUAN BAUTISTA,PARTIDO DEMOCRATICO SOMOS PERU,387
50107,AYACUCHO,HUAMANGA,SAN JUAN BAUTISTA,PARTIDO PERU POSIBLE,898
50107,AYACUCHO,HUAMANGA,SAN JUAN BAUTISTA,PARTIDO POLITICO NACIONAL PRIMERO PERU,253
50108,AYACUCHO,HUAMANGA,SANTIAGO DE PISCHA,ALIANZA ELECTORAL UNIDAD NACIONAL,25
50108,AYACUCHO,HUAMANGA,SANTIAGO DE PISCHA,"MOVIMIENTO ""INTI""",77
50108,AYACUCHO,HUAMANGA,SANTIAGO DE PISCHA,MOVIMIENTO INDEPENDIENTE SALVEMOS AYACUCHO,18
50108,AYACUCHO,HUAMANGA,SANTIAGO DE PISCHA,PARTIDO PERU POSIBLE,61
50108,AYACUCHO,HUAMANGA,SANTIAGO DE PISCHA,PARTIDO RENACIMIENTO ANDINO,49
50109,AYACUCHO,HUAMANGA,VINCHOS,ALIANZA ELECTORAL UNIDAD NACIONAL,663
50109,AYACUCHO,HUAMANGA,VINCHOS,FRENTE INDEPENDIENTE MORALIZADOR,71
50109,AYACUCHO,HUAMANGA,VINCHOS,"MOVIMIENTO INDEPENDIENTE ""INTEGRACION REGIONAL""",1082
50109,AYACUCHO,HUAMANGA,VINCHOS,"MOVIMIENTO INDEPENDIENTE CHICCAN RURACC - VINCHOS ""MIRACHICC""",116
50109,AYACUCHO,HUAMANGA,VINCHOS,MOVIMIENTO INDEPENDIENTE LLAMKASUN AYACUCHO,1091
50109,AYACUCHO,HUAMANGA,VINCHOS,MOVIMIENTO INDEPENDIENTE SALVEMOS AYACUCHO,4
50109,AYACUCHO,HUAMANGA,VINCHOS,MOVIMIENTO KALLPA PARA EL DESARROLLO M.K.D.,15
50109,AYACUCHO,HUAMANGA,VINCHOS,PARTIDO ACCION POPULAR,270
50109,AYACUCHO,HUAMANGA,VINCHOS,PARTIDO APRISTA PERUANO,76
50109,AYACUCHO,HUAMANGA,VINCHOS,PARTIDO PERU POSIBLE,65
50109,AYACUCHO,HUAMANGA,VINCHOS,PARTIDO RENACIMIENTO ANDINO,74
50110,AYACUCHO,HUAMANGA,TAMBILLO,ALIANZA ELECTORAL UNIDAD NACIONAL,174
50110,AYACUCHO,HUAMANGA,TAMBILLO,FUERZA DEMOCRATICA,31
50110,AYACUCHO,HUAMANGA,TAMBILLO,"MOVIMIENTO ""INTI""",21
50110,AYACUCHO,HUAMANGA,TAMBILLO,MOVIMIENTO INDEPENDIENTE PARA EL DESARROLLO DE TAMBILLO,220
50110,AYACUCHO,HUAMANGA,TAMBILLO,MOVIMIENTO INDEPENDIENTE SIEMPRE UNIDOS,95
50110,AYACUCHO,HUAMANGA,TAMBILLO,"MOVIMIENTO REGIONAL ""PARA EL DESARROLLO E INTEGRACION DE AYACUCHO - DIA""",137
50110,AYACUCHO,HUAMANGA,TAMBILLO,PARTIDO ACCION POPULAR,56
50110,AYACUCHO,HUAMANGA,TAMBILLO,PARTIDO APRISTA PERUANO,227
50110,AYACUCHO,HUAMANGA,TAMBILLO,PARTIDO DEMOCRATICO SOMOS PERU,7
50110,AYACUCHO,HUAMANGA,TAMBILLO,PARTIDO RENACIMIENTO ANDINO,186
50111,AYACUCHO,HUAMANGA,ACOCRO,ALIANZA ELECTORAL UNIDAD NACIONAL,350
50111,AYACUCHO,HUAMANGA,ACOCRO,FRENTE INDEPENDIENTE MORALIZADOR,141
50111,AYACUCHO,HUAMANGA,ACOCRO,"MOVIMIENTO ""INTI""",139
50111,AYACUCHO,HUAMANGA,ACOCRO,"MOVIMIENTO INDEPENDIENTE ""INTEGRACION REGIONAL""",268
50111,AYACUCHO,HUAMANGA,ACOCRO,MOVIMIENTO KALLPA PARA EL DESARROLLO M.K.D.,142
50111,AYACUCHO,HUAMANGA,ACOCRO,MOVIMIENTO NUEVA IZQUIERDA,35
50111,AYACUCHO,HUAMANGA,ACOCRO,PARTIDO ACCION POPULAR,75
50111,AYACUCHO,HUAMANGA,ACOCRO,PARTIDO APRISTA PERUANO,282
50111,AYACUCHO,HUAMANGA,ACOCRO,PARTIDO PERU POSIBLE,42
50112,AYACUCHO,HUAMANGA,SOCOS,FUERZA DEMOCRATICA,442
50112,AYACUCHO,HUAMANGA,SOCOS,"MOVIMIENTO INDEPENDIENTE ""INTEGRACION REGIONAL""",420
50112,AYACUCHO,HUAMANGA,SOCOS,MOVIMIENTO INDEPENDIENTE SALVEMOS AYACUCHO,14
50112,AYACUCHO,HUAMANGA,SOCOS,MOVIMIENTO KALLPA PARA EL DESARROLLO M.K.D.,422
50112,AYACUCHO,HUAMANGA,SOCOS,PARTIDO APRISTA PERUANO,211
50112,AYACUCHO,HUAMANGA,SOCOS,PARTIDO PERU POSIBLE,66
50112,AYACUCHO,HUAMANGA,SOCOS,PARTIDO RENACIMIENTO ANDINO,386
50113,AYACUCHO,HUAMANGA,OCROS,ALIANZA ELECTORAL UNIDAD NACIONAL,176
50113,AYACUCHO,HUAMANGA,OCROS,FRENTE INDEPENDIENTE MORALIZADOR,57
50113,AYACUCHO,HUAMANGA,OCROS,FUERZA DEMOCRATICA,43
50113,AYACUCHO,HUAMANGA,OCROS,"MOVIMIENTO INDEPENDIENTE ""INTEGRACION REGIONAL""",131
50113,AYACUCHO,HUAMANGA,OCROS,MOVIMIENTO NUEVA IZQUIERDA,117
50113,AYACUCHO,HUAMANGA,OCROS,"MOVIMIENTO REGIONAL ""PARA EL DESARROLLO E INTEGRACION DE AYACUCHO - DIA""",96
50113,AYACUCHO,HUAMANGA,OCROS,PARTIDO ACCION POPULAR,74
50113,AYACUCHO,HUAMANGA,OCROS,PARTIDO APRISTA PERUANO,34
50113,AYACUCHO,HUAMANGA,OCROS,PARTIDO DEMOCRATICO SOMOS PERU,410
50113,AYACUCHO,HUAMANGA,OCROS,PARTIDO PERU POSIBLE,327
50113,AYACUCHO,HUAMANGA,OCROS,PARTIDO RENACIMIENTO ANDINO,210
50114,AYACUCHO,HUAMANGA,PACAYCASA,ALIANZA ELECTORAL UNIDAD NACIONAL,107
50114,AYACUCHO,HUAMANGA,PACAYCASA,FRENTE INDEPENDIENTE MORALIZADOR,45
50114,AYACUCHO,HUAMANGA,PACAYCASA,"MOVIMIENTO ""INTI""",7
50114,AYACUCHO,HUAMANGA,PACAYCASA,MOVIMIENTO KALLPA PARA EL DESARROLLO M.K.D.,10
50114,AYACUCHO,HUAMANGA,PACAYCASA,MOVIMIENTO NUEVA IZQUIERDA,12
50114,AYACUCHO,HUAMANGA,PACAYCASA,"MOVIMIENTO REGIONAL ""PARA EL DESARROLLO E INTEGRACION DE AYACUCHO - DIA""",58
50114,AYACUCHO,HUAMANGA,PACAYCASA,PARTIDO ACCION POPULAR,155
50114,AYACUCHO,HUAMANGA,PACAYCASA,PARTIDO APRISTA PERUANO,12
50114,AYACUCHO,HUAMANGA,PACAYCASA,PARTIDO DEMOCRATICO SOMOS PERU,101
50114,AYACUCHO,HUAMANGA,PACAYCASA,PARTIDO PERU POSIBLE,70
50114,AYACUCHO,HUAMANGA,PACAYCASA,PARTIDO POLITICO NACIONAL PRIMERO PERU,17
50115,AYACUCHO,HUAMANGA,JESUS NAZARENO,ALIANZA ELECTORAL UNIDAD NACIONAL,137
50115,AYACUCHO,HUAMANGA,JESUS NAZARENO,FRENTE INDEPENDIENTE ACTIVACION,172
50115,AYACUCHO,HUAMANGA,JESUS NAZARENO,"MOVIMIENTO ""INTI""",141
50115,AYACUCHO,HUAMANGA,JESUS NAZARENO,"MOVIMIENTO INDEPENDIENTE ""INTEGRACION REGIONAL""",354
50115,AYACUCHO,HUAMANGA,JESUS NAZARENO,MOVIMIENTO INDEPENDIENTE FUERZA NAZARENOS,985
50115,AYACUCHO,HUAMANGA,JESUS NAZARENO,MOVIMIENTO INDEPENDIENTE SALVEMOS AYACUCHO,33
50115,AYACUCHO,HUAMANGA,JESUS NAZARENO,MOVIMIENTO INDEPENDIENTE SIEMPRE UNIDOS,1398
50115,AYACUCHO,HUAMANGA,JESUS NAZARENO,MOVIMIENTO KALLPA PARA EL DESARROLLO M.K.D.,132
50115,AYACUCHO,HUAMANGA,JESUS NAZARENO,MOVIMIENTO NAZARENO JUVENIL,75
50115,AYACUCHO,HUAMANGA,JESUS NAZARENO,MOVIMIENTO NUEVA IZQUIERDA,86
50115,AYACUCHO,HUAMANGA,JESUS NAZARENO,PARTIDO ACCION POPULAR,114
50115,AYACUCHO,HUAMANGA,JESUS NAZARENO,PARTIDO APRISTA PERUANO,342
50115,AYACUCHO,HUAMANGA,JESUS NAZARENO,PARTIDO DEMOCRATICO SOMOS PERU,412
50115,AYACUCHO,HUAMANGA,JESUS NAZARENO,PARTIDO PERU POSIBLE,518
50115,AYACUCHO,HUAMANGA,JESUS NAZARENO,PARTIDO RENACIMIENTO ANDINO,123
50204,AYACUCHO,CANGALLO,CHUSCHI,ALIANZA ELECTORAL UNIDAD NACIONAL,424
50204,AYACUCHO,CANGALLO,CHUSCHI,FUERZA DEMOCRATICA,637
50204,AYACUCHO,CANGALLO,CHUSCHI,"MOVIMIENTO INDEPENDIENTE ""INTEGRACION REGIONAL""",107
50204,AYACUCHO,CANGALLO,CHUSCHI,MOVIMIENTO NUEVA IZQUIERDA,151
50204,AYACUCHO,CANGALLO,CHUSCHI,"MOVIMIENTO REGIONAL ""PARA EL DESARROLLO E INTEGRACION DE AYACUCHO - DIA""",169
50204,AYACUCHO,CANGALLO,CHUSCHI,PARTIDO ACCION POPULAR,14
50204,AYACUCHO,CANGALLO,CHUSCHI,PARTIDO APRISTA PERUANO,50
50204,AYACUCHO,CANGALLO,CHUSCHI,PARTIDO PERU POSIBLE,257
50206,AYACUCHO,CANGALLO,LOS MOROCHUCOS,ALIANZA ELECTORAL UNIDAD NACIONAL,234
50206,AYACUCHO,CANGALLO,LOS MOROCHUCOS,FRENTE INDEPENDIENTE MORALIZADOR,256
50206,AYACUCHO,CANGALLO,LOS MOROCHUCOS,FUERZA DEMOCRATICA,216
50206,AYACUCHO,CANGALLO,LOS MOROCHUCOS,"MOVIMIENTO INDEPENDIENTE ""INTEGRACION REGIONAL""",114
50206,AYACUCHO,CANGALLO,LOS MOROCHUCOS,MOVIMIENTO INDEPENDIENTE POR EL DESARROLLO SOCIAL Y AGRARIO MOROCHUCOS,369
50206,AYACUCHO,CANGALLO,LOS MOROCHUCOS,"MOVIMIENTO REGIONAL ""PARA EL DESARROLLO E INTEGRACION DE AYACUCHO - DIA""",26
50206,AYACUCHO,CANGALLO,LOS MOROCHUCOS,PARTIDO ACCION POPULAR,69
50206,AYACUCHO,CANGALLO,LOS MOROCHUCOS,PARTIDO APRISTA PERUANO,345
50206,AYACUCHO,CANGALLO,LOS MOROCHUCOS,PARTIDO DEMOCRATICO SOMOS PERU,16
50206,AYACUCHO,CANGALLO,LOS MOROCHUCOS,PARTIDO PERU POSIBLE,151
50206,AYACUCHO,CANGALLO,LOS MOROCHUCOS,PARTIDO RENACIMIENTO ANDINO,140
50207,AYACUCHO,CANGALLO,PARAS,AGRUPACION INDEPENDIENTE UNION POR EL PERU - FRENTE AMPLIO,191
50207,AYACUCHO,CANGALLO,PARAS,ALIANZA ELECTORAL UNIDAD NACIONAL,15
50207,AYACUCHO,CANGALLO,PARAS,FRENTE INDEPENDIENTE MORALIZADOR,204
50207,AYACUCHO,CANGALLO,PARAS,FUERZA DEMOCRATICA,294
50207,AYACUCHO,CANGALLO,PARAS,"MOVIMIENTO INDEPENDIENTE ""INTEGRACION REGIONAL""",106
50207,AYACUCHO,CANGALLO,PARAS,MOVIMIENTO NUEVA IZQUIERDA,12
50207,AYACUCHO,CANGALLO,PARAS,"MOVIMIENTO REGIONAL ""PARA EL DESARROLLO E INTEGRACION DE AYACUCHO - DIA""",108
50207,AYACUCHO,CANGALLO,PARAS,PARTIDO ACCION POPULAR,48
50207,AYACUCHO,CANGALLO,PARAS,PARTIDO APRISTA PERUANO,64
50207,AYACUCHO,CANGALLO,PARAS,PARTIDO DEMOCRATICO SOMOS PERU,96
50207,AYACUCHO,CANGALLO,PARAS,PARTIDO PERU POSIBLE,65
50207,AYACUCHO,CANGALLO,PARAS,PARTIDO POLITICO NACIONAL PRIMERO PERU,27
50208,AYACUCHO,CANGALLO,TOTOS,ALIANZA ELECTORAL UNIDAD NACIONAL,195
50208,AYACUCHO,CANGALLO,TOTOS,AMANECER TOTOS,100
50208,AYACUCHO,CANGALLO,TOTOS,FRENTE INDEPENDIENTE MORALIZADOR,84
50208,AYACUCHO,CANGALLO,TOTOS,FUERZA DEMOCRATICA,55
50208,AYACUCHO,CANGALLO,TOTOS,"MOVIMIENTO INDEPENDIENTE ""FUERZA CAMPESINA DE TOTOS""",42
50208,AYACUCHO,CANGALLO,TOTOS,"MOVIMIENTO INDEPENDIENTE ""INTEGRACION REGIONAL""",80
50208,AYACUCHO,CANGALLO,TOTOS,"MOVIMIENTO INDEPENDIENTE ""UNIDAD TOTOS Y ANEXOS""",34
50208,AYACUCHO,CANGALLO,TOTOS,MOVIMIENTO NUEVA IZQUIERDA,198
50208,AYACUCHO,CANGALLO,TOTOS,"MOVIMIENTO REGIONAL ""PARA EL DESARROLLO E INTEGRACION DE AYACUCHO - DIA""",297
50208,AYACUCHO,CANGALLO,TOTOS,PARTIDO APRISTA PERUANO,210
50208,AYACUCHO,CANGALLO,TOTOS,PARTIDO RENACIMIENTO ANDINO,65
50211,AYACUCHO,CANGALLO,MARIA PARADO DE BELLIDO,ALIANZA ELECTORAL UNIDAD NACIONAL,45
50211,AYACUCHO,CANGALLO,MARIA PARADO DE BELLIDO,FUERZA DEMOCRATICA,253
50211,AYACUCHO,CANGALLO,MARIA PARADO DE BELLIDO,"MOVIMIENTO INDEPENDIENTE ""INTEGRACION REGIONAL""",220
50211,AYACUCHO,CANGALLO,MARIA PARADO DE BELLIDO,MOVIMIENTO NUEVA IZQUIERDA,37
50211,AYACUCHO,CANGALLO,MARIA PARADO DE BELLIDO,"MOVIMIENTO REGIONAL ""PARA EL DESARROLLO E INTEGRACION DE AYACUCHO - DIA""",291
50211,AYACUCHO,CANGALLO,MARIA PARADO DE BELLIDO,PARTIDO APRISTA PERUANO,44
50211,AYACUCHO,CANGALLO,MARIA PARADO DE BELLIDO,PARTIDO PERU POSIBLE,96
50302,AYACUCHO,HUANTA,AYAHUANCO,ALIANZA ELECTORAL UNIDAD NACIONAL,22
50302,AYACUCHO,HUANTA,AYAHUANCO,FRENTE INDEPENDIENTE MORALIZADOR,129
50302,AYACUCHO,HUANTA,AYAHUANCO,FUERZA DEMOCRATICA,19
50302,AYACUCHO,HUANTA,AYAHUANCO,"MOVIMIENTO INDEPENDIENTE ""TARPUY""",223
50302,AYACUCHO,HUANTA,AYAHUANCO,PARTIDO ACCION POPULAR,25
50302,AYACUCHO,HUANTA,AYAHUANCO,PARTIDO APRISTA PERUANO,220
50302,AYACUCHO,HUANTA,AYAHUANCO,PARTIDO DEMOCRATICO SOMOS PERU,25
50302,AYACUCHO,HUANTA,AYAHUANCO,PARTIDO PERU POSIBLE,356
50303,AYACUCHO,HUANTA,HUAMANGUILLA,AGRUPACION INDEPENDIENTE UNION POR EL PERU - FRENTE AMPLIO,48
50303,AYACUCHO,HUANTA,HUAMANGUILLA,ALIANZA ELECTORAL UNIDAD NACIONAL,96
50303,AYACUCHO,HUANTA,HUAMANGUILLA,FRENTE INDEPENDIENTE MORALIZADOR,24
50303,AYACUCHO,HUANTA,HUAMANGUILLA,FUERZA DEMOCRATICA,18
50303,AYACUCHO,HUANTA,HUAMANGUILLA,"MOVIMIENTO INDEPENDIENTE ""INTEGRACION REGIONAL""",141
50303,AYACUCHO,HUANTA,HUAMANGUILLA,"MOVIMIENTO INDEPENDIENTE ""TARPUY""",207
50303,AYACUCHO,HUANTA,HUAMANGUILLA,MOVIMIENTO INKARI,154
50303,AYACUCHO,HUANTA,HUAMANGUILLA,MOVIMIENTO NUEVA IZQUIERDA,63
50303,AYACUCHO,HUANTA,HUAMANGUILLA,"MOVIMIENTO REGIONAL ""PARA EL DESARROLLO E INTEGRACION DE AYACUCHO - DIA""",39
50303,AYACUCHO,HUANTA,HUAMANGUILLA,PARTIDO ACCION POPULAR,186
50303,AYACUCHO,HUANTA,HUAMANGUILLA,PARTIDO APRISTA PERUANO,61
50303,AYACUCHO,HUANTA,HUAMANGUILLA,PARTIDO DEMOCRATICO SOMOS PERU,384
50303,AYACUCHO,HUANTA,HUAMANGUILLA,PARTIDO PERU POSIBLE,59
50303,AYACUCHO,HUANTA,HUAMANGUILLA,PARTIDO POLITICO NACIONAL PRIMERO PERU,81
50303,AYACUCHO,HUANTA,HUAMANGUILLA,PARTIDO RENACIMIENTO ANDINO,64
50304,AYACUCHO,HUANTA,IGUAIN,ALIANZA ELECTORAL UNIDAD NACIONAL,8
50304,AYACUCHO,HUANTA,IGUAIN,FRENTE INDEPENDIENTE MORALIZADOR,5
50304,AYACUCHO,HUANTA,IGUAIN,FUERZA DEMOCRATICA,115
50304,AYACUCHO,HUANTA,IGUAIN,"MOVIMIENTO INDEPENDIENTE ""TARPUY""",158
50304,AYACUCHO,HUANTA,IGUAIN,PARTIDO ACCION POPULAR,144
50304,AYACUCHO,HUANTA,IGUAIN,PARTIDO APRISTA PERUANO,72
50304,AYACUCHO,HUANTA,IGUAIN,PARTIDO DEMOCRATICO SOMOS PERU,173
50304,AYACUCHO,HUANTA,IGUAIN,PARTIDO PERU POSIBLE,44
50305,AYACUCHO,HUANTA,LURICOCHA,ALIANZA ELECTORAL UNIDAD NACIONAL,68
50305,AYACUCHO,HUANTA,LURICOCHA,FRENTE INDEPENDIENTE MORALIZADOR,19
50305,AYACUCHO,HUANTA,LURICOCHA,FUERZA DEMOCRATICA,105
50305,AYACUCHO,HUANTA,LURICOCHA,"MOVIMIENTO INDEPENDIENTE ""INTEGRACION REGIONAL""",85
50305,AYACUCHO,HUANTA,LURICOCHA,"MOVIMIENTO INDEPENDIENTE ""TARPUY""",223
50305,AYACUCHO,HUANTA,LURICOCHA,MOVIMIENTO NUEVA IZQUIERDA,4
50305,AYACUCHO,HUANTA,LURICOCHA,PARTIDO ACCION POPULAR,205
50305,AYACUCHO,HUANTA,LURICOCHA,PARTIDO APRISTA PERUANO,116
50305,AYACUCHO,HUANTA,LURICOCHA,PARTIDO DEMOCRATICO SOMOS PERU,316
50305,AYACUCHO,HUANTA,LURICOCHA,PARTIDO PERU POSIBLE,207
50305,AYACUCHO,HUANTA,LURICOCHA,PARTIDO RENACIMIENTO ANDINO,52
50307,AYACUCHO,HUANTA,SANTILLANA,ALIANZA ELECTORAL UNIDAD NACIONAL,222
50307,AYACUCHO,HUANTA,SANTILLANA,CUENTA CONMIGO SANTILLANA,51
50307,AYACUCHO,HUANTA,SANTILLANA,FRENTE INDEPENDIENTE MORALIZADOR,62
50307,AYACUCHO,HUANTA,SANTILLANA,FUERZA DEMOCRATICA,188
50307,AYACUCHO,HUANTA,SANTILLANA,"MOVIMIENTO INDEPENDIENTE ""TARPUY""",387
50307,AYACUCHO,HUANTA,SANTILLANA,PARTIDO APRISTA PERUANO,273
50307,AYACUCHO,HUANTA,SANTILLANA,PARTIDO DEMOCRATICO SOMOS PERU,253
50307,AYACUCHO,HUANTA,SANTILLANA,PARTIDO PERU POSIBLE,49
50308,AYACUCHO,HUANTA,SIVIA,ALIANZA ELECTORAL UNIDAD NACIONAL,261
50308,AYACUCHO,HUANTA,SIVIA,FUERZA DEMOCRATICA,781
50308,AYACUCHO,HUANTA,SIVIA,LLAMKASUN - SIVIA,672
50308,AYACUCHO,HUANTA,SIVIA,"MOVIMIENTO INDEPENDIENTE ""INTEGRACION REGIONAL""",53
50308,AYACUCHO,HUANTA,SIVIA,"MOVIMIENTO INDEPENDIENTE ""TARPUY""",598
50308,AYACUCHO,HUANTA,SIVIA,PARTIDO ACCION POPULAR,161
50308,AYACUCHO,HUANTA,SIVIA,PARTIDO DEMOCRATICO SOMOS PERU,61
50308,AYACUCHO,HUANTA,SIVIA,PARTIDO PERU POSIBLE,20
50309,AYACUCHO,HUANTA,LLOCHEGUA,FUERZA DEMOCRATICA,110
50309,AYACUCHO,HUANTA,LLOCHEGUA,"MOVIMIENTO INDEPENDIENTE ""INTEGRACION REGIONAL""",43
50309,AYACUCHO,HUANTA,LLOCHEGUA,"MOVIMIENTO INDEPENDIENTE ""TARPUY""",397
50309,AYACUCHO,HUANTA,LLOCHEGUA,MOVIMIENTO NUEVA IZQUIERDA,96
50309,AYACUCHO,HUANTA,LLOCHEGUA,PARTIDO APRISTA PERUANO,332
50309,AYACUCHO,HUANTA,LLOCHEGUA,PARTIDO DEMOCRATICO SOMOS PERU,462
50309,AYACUCHO,HUANTA,LLOCHEGUA,PARTIDO POLITICO NACIONAL PRIMERO PERU,338
50402,AYACUCHO,LA MAR,ANCO,ALIANZA ELECTORAL UNIDAD NACIONAL,132
50402,AYACUCHO,LA MAR,ANCO,ANCO PRODUCTIVO,151
50402,AYACUCHO,LA MAR,ANCO,"MOVIMIENTO INDEPENDIENTE ""INTEGRACION REGIONAL""",855
50402,AYACUCHO,LA MAR,ANCO,MOVIMIENTO NUEVA IZQUIERDA,58
50402,AYACUCHO,LA MAR,ANCO,PARTIDO ACCION POPULAR,222
50402,AYACUCHO,LA MAR,ANCO,PARTIDO PERU POSIBLE,212
50402,AYACUCHO,LA MAR,ANCO,PARTIDO RENACIMIENTO ANDINO,1240
50403,AYACUCHO,LA MAR,AYNA,ALIANZA ELECTORAL UNIDAD NACIONAL,143
50403,AYACUCHO,LA MAR,AYNA,FRENTE INDEPENDIENTE MORALIZADOR,78
50403,AYACUCHO,LA MAR,AYNA,JOVENES POR EL DESARROLLO DE AYNA,301
50403,AYACUCHO,LA MAR,AYNA,"MOVIMIENTO INDEPENDIENTE ""INTEGRACION REGIONAL""",284
50403,AYACUCHO,LA MAR,AYNA,MOVIMIENTO NUEVA IZQUIERDA,53
50403,AYACUCHO,LA MAR,AYNA,"MOVIMIENTO REGIONAL ""PARA EL DESARROLLO E INTEGRACION DE AYACUCHO - DIA""",71
50403,AYACUCHO,LA MAR,AYNA,PARTIDO ACCION POPULAR,97
50403,AYACUCHO,LA MAR,AYNA,PARTIDO APRISTA PERUANO,62
50403,AYACUCHO,LA MAR,AYNA,PARTIDO DEMOCRATICO SOMOS PERU,73
50403,AYACUCHO,LA MAR,AYNA,PARTIDO PERU POSIBLE,87
50403,AYACUCHO,LA MAR,AYNA,PARTIDO POLITICO NACIONAL PRIMERO PERU,252
50403,AYACUCHO,LA MAR,AYNA,PARTIDO RENACIMIENTO ANDINO,861
50404,AYACUCHO,LA MAR,CHILCAS,ALIANZA ELECTORAL UNIDAD NACIONAL,288
50404,AYACUCHO,LA MAR,CHILCAS,"MOVIMIENTO INDEPENDIENTE ""INTEGRACION REGIONAL""",15
50404,AYACUCHO,LA MAR,CHILCAS,PARTIDO ACCION POPULAR,30
50404,AYACUCHO,LA MAR,CHILCAS,PARTIDO APRISTA PERUANO,88
50404,AYACUCHO,LA MAR,CHILCAS,PARTIDO PERU POSIBLE,206
50404,AYACUCHO,LA MAR,CHILCAS,PARTIDO RENACIMIENTO ANDINO,173
50405,AYACUCHO,LA MAR,CHUNGUI,ALIANZA ELECTORAL UNIDAD NACIONAL,36
50405,AYACUCHO,LA MAR,CHUNGUI,"MOVIMIENTO INDEPENDIENTE ""INTEGRACION REGIONAL""",251
50405,AYACUCHO,LA MAR,CHUNGUI,PARTIDO DEMOCRATICO SOMOS PERU,451
50405,AYACUCHO,LA MAR,CHUNGUI,PARTIDO PERU POSIBLE,346
50405,AYACUCHO,LA MAR,CHUNGUI,PARTIDO RENACIMIENTO ANDINO,119
50406,AYACUCHO,LA MAR,TAMBO,ALIANZA ELECTORAL UNIDAD NACIONAL,857
50406,AYACUCHO,LA MAR,TAMBO,"MOVIMIENTO INDEPENDIENTE ""INTEGRACION REGIONAL""",655
50406,AYACUCHO,LA MAR,TAMBO,MOVIMIENTO NUEVA IZQUIERDA,81
50406,AYACUCHO,LA MAR,TAMBO,PARTIDO ACCION POPULAR,130
50406,AYACUCHO,LA MAR,TAMBO,PARTIDO APRISTA PERUANO,569
50406,AYACUCHO,LA MAR,TAMBO,PARTIDO PERU POSIBLE,964
50406,AYACUCHO,LA MAR,TAMBO,PARTIDO RENACIMIENTO ANDINO,742
50407,AYACUCHO,LA MAR,LUIS CARRANZA,ALIANZA ELECTORAL UNIDAD NACIONAL,43
50407,AYACUCHO,LA MAR,LUIS CARRANZA,PARTIDO ACCION POPULAR,30
50407,AYACUCHO,LA MAR,LUIS CARRANZA,PARTIDO APRISTA PERUANO,107
50407,AYACUCHO,LA MAR,LUIS CARRANZA,PARTIDO PERU POSIBLE,147
50407,AYACUCHO,LA MAR,LUIS CARRANZA,PARTIDO RENACIMIENTO ANDINO,26
50408,AYACUCHO,LA MAR,SANTA ROSA,ALIANZA ELECTORAL UNIDAD NACIONAL,394
50408,AYACUCHO,LA MAR,SANTA ROSA,FRENTE INDEPENDIENTE DE CAMPESINOS UNIDOS AL DESARROLLO Y PAZ (FICUDEP),190
50408,AYACUCHO,LA MAR,SANTA ROSA,"MOVIMIENTO INDEPENDIENTE ""INTEGRACION REGIONAL""",99
50408,AYACUCHO,LA MAR,SANTA ROSA,PARTIDO ACCION POPULAR,52
50408,AYACUCHO,LA MAR,SANTA ROSA,PARTIDO APRISTA PERUANO,96
50408,AYACUCHO,LA MAR,SANTA ROSA,PARTIDO DEMOCRATICO SOMOS PERU,262
50408,AYACUCHO,LA MAR,SANTA ROSA,PARTIDO PERU POSIBLE,98
50408,AYACUCHO,LA MAR,SANTA ROSA,PARTIDO RENACIMIENTO ANDINO,592
50408,AYACUCHO,LA MAR,SANTA ROSA,SANTA ROSA AL DESARROLLO CON HECHOS Y NO CON PALABRAS,355
50502,AYACUCHO,LUCANAS,AUCARA,ALIANZA ELECTORAL UNIDAD NACIONAL,34
50502,AYACUCHO,LUCANAS,AUCARA,FUERZA DEMOCRATICA,82
50502,AYACUCHO,LUCANAS,AUCARA,"MOVIMIENTO INDEPENDIENTE ""FRENTE DESARROLLO LUCANAS - FREDEL""",26
50502,AYACUCHO,LUCANAS,AUCARA,"MOVIMIENTO INDEPENDIENTE ""INTEGRACION REGIONAL""",80
50502,AYACUCHO,LUCANAS,AUCARA,MOVIMIENTO NUEVA IZQUIERDA,12
50502,AYACUCHO,LUCANAS,AUCARA,"MOVIMIENTO REGIONAL ""PARA EL DESARROLLO E INTEGRACION DE AYACUCHO - DIA""",33
50502,AYACUCHO,LUCANAS,AUCARA,PARTIDO ACCION POPULAR,40
50502,AYACUCHO,LUCANAS,AUCARA,PARTIDO APRISTA PERUANO,33
50502,AYACUCHO,LUCANAS,AUCARA,PARTIDO DEMOCRATICO SOMOS PERU,17
50502,AYACUCHO,LUCANAS,AUCARA,PARTIDO PERU POSIBLE,106
50502,AYACUCHO,LUCANAS,AUCARA,PARTIDO RENACIMIENTO ANDINO,123
50503,AYACUCHO,LUCANAS,CABANA,ALIANZA ELECTORAL UNIDAD NACIONAL,52
50503,AYACUCHO,LUCANAS,CABANA,FUERZA DEMOCRATICA,62
50503,AYACUCHO,LUCANAS,CABANA,"MOVIMIENTO INDEPENDIENTE ""FRENTE DESARROLLO LUCANAS - FREDEL""",0
50503,AYACUCHO,LUCANAS,CABANA,"MOVIMIENTO INDEPENDIENTE ""INTEGRACION REGIONAL""",9
50503,AYACUCHO,LUCANAS,CABANA,MOVIMIENTO NUEVA IZQUIERDA,76
50503,AYACUCHO,LUCANAS,CABANA,"MOVIMIENTO REGIONAL ""PARA EL DESARROLLO E INTEGRACION DE AYACUCHO - DIA""",46
50503,AYACUCHO,LUCANAS,CABANA,PARTIDO ACCION POPULAR,30
50503,AYACUCHO,LUCANAS,CABANA,PARTIDO APRISTA PERUANO,75
50503,AYACUCHO,LUCANAS,CABANA,PARTIDO PERU POSIBLE,142
50504,AYACUCHO,LUCANAS,CARMEN SALCEDO,ALIANZA ELECTORAL UNIDAD NACIONAL,19
50504,AYACUCHO,LUCANAS,CARMEN SALCEDO,FUERZA DEMOCRATICA,181
50504,AYACUCHO,LUCANAS,CARMEN SALCEDO,"MOVIMIENTO INDEPENDIENTE ""INTEGRACION REGIONAL""",14
50504,AYACUCHO,LUCANAS,CARMEN SALCEDO,PARTIDO ACCION POPULAR,241
50504,AYACUCHO,LUCANAS,CARMEN SALCEDO,PARTIDO APRISTA PERUANO,21
50504,AYACUCHO,LUCANAS,CARMEN SALCEDO,PARTIDO DEMOCRATICO SOMOS PERU,27
50504,AYACUCHO,LUCANAS,CARMEN SALCEDO,PARTIDO PERU POSIBLE,29
50506,AYACUCHO,LUCANAS,CHAVIÑA,ALIANZA ELECTORAL UNIDAD NACIONAL,9
50506,AYACUCHO,LUCANAS,CHAVIÑA,FUERZA DEMOCRATICA,100
50506,AYACUCHO,LUCANAS,CHAVIÑA,"MOVIMIENTO INDEPENDIENTE ""INTEGRACION REGIONAL""",186
50506,AYACUCHO,LUCANAS,CHAVIÑA,"MOVIMIENTO INDEPENDIENTE ""UNION JUVENTUD CHAVIÑA""",14
50506,AYACUCHO,LUCANAS,CHAVIÑA,PARTIDO ACCION POPULAR,333
50506,AYACUCHO,LUCANAS,CHAVIÑA,PARTIDO APRISTA PERUANO,74
50506,AYACUCHO,LUCANAS,CHAVIÑA,PARTIDO PERU POSIBLE,22
50508,AYACUCHO,LUCANAS,CHIPAO,ALIANZA ELECTORAL UNIDAD NACIONAL,136
50508,AYACUCHO,LUCANAS,CHIPAO,FUERZA DEMOCRATICA,339
50508,AYACUCHO,LUCANAS,CHIPAO,"MOVIMIENTO INDEPENDIENTE ""FRENTE DESARROLLO LUCANAS - FREDEL""",78
50508,AYACUCHO,LUCANAS,CHIPAO,"MOVIMIENTO INDEPENDIENTE ""INTEGRACION REGIONAL""",114
50508,AYACUCHO,LUCANAS,CHIPAO,MOVIMIENTO NUEVA IZQUIERDA,97
50508,AYACUCHO,LUCANAS,CHIPAO,"MOVIMIENTO REGIONAL ""PARA EL DESARROLLO E INTEGRACION DE AYACUCHO - DIA""",21
50508,AYACUCHO,LUCANAS,CHIPAO,PARTIDO ACCION POPULAR,20
50508,AYACUCHO,LUCANAS,CHIPAO,PARTIDO APRISTA PERUANO,61
50508,AYACUCHO,LUCANAS,CHIPAO,PARTIDO PERU POSIBLE,121
50510,AYACUCHO,LUCANAS,HUAC-HUAS,ALIANZA ELECTORAL UNIDAD NACIONAL,142
50510,AYACUCHO,LUCANAS,HUAC-HUAS,FUERZA DEMOCRATICA,15
50510,AYACUCHO,LUCANAS,HUAC-HUAS,"MOVIMIENTO INDEPENDIENTE ""INTEGRACION REGIONAL""",16
50510,AYACUCHO,LUCANAS,HUAC-HUAS,PARTIDO ACCION POPULAR,13
50510,AYACUCHO,LUCANAS,HUAC-HUAS,PARTIDO APRISTA PERUANO,182
50510,AYACUCHO,LUCANAS,HUAC-HUAS,PARTIDO DEMOCRATICO SOMOS PERU,113
50510,AYACUCHO,LUCANAS,HUAC-HUAS,PARTIDO PERU POSIBLE,177
50511,AYACUCHO,LUCANAS,LARAMATE,ALIANZA ELECTORAL UNIDAD NACIONAL,143
50511,AYACUCHO,LUCANAS,LARAMATE,FUERZA DEMOCRATICA,20
50511,AYACUCHO,LUCANAS,LARAMATE,"MOVIMIENTO INDEPENDIENTE ""FRENTE DESARROLLO LUCANAS - FREDEL""",66
50511,AYACUCHO,LUCANAS,LARAMATE,"MOVIMIENTO INDEPENDIENTE ""INTEGRACION REGIONAL""",232
50511,AYACUCHO,LUCANAS,LARAMATE,MOVIMIENTO NUEVA IZQUIERDA,41
50511,AYACUCHO,LUCANAS,LARAMATE,PARTIDO ACCION POPULAR,2
50511,AYACUCHO,LUCANAS,LARAMATE,PARTIDO APRISTA PERUANO,179
50511,AYACUCHO,LUCANAS,LARAMATE,PARTIDO PERU POSIBLE,26
50512,AYACUCHO,LUCANAS,LEONCIO PRADO,FUERZA DEMOCRATICA,123
50512,AYACUCHO,LUCANAS,LEONCIO PRADO,"MOVIMIENTO INDEPENDIENTE ""FRENTE DESARROLLO LUCANAS - FREDEL""",76
50512,AYACUCHO,LUCANAS,LEONCIO PRADO,"MOVIMIENTO INDEPENDIENTE ""INTEGRACION REGIONAL""",17
50512,AYACUCHO,LUCANAS,LEONCIO PRADO,"MOVIMIENTO REGIONAL ""PARA EL DESARROLLO E INTEGRACION DE AYACUCHO - DIA""",59
50512,AYACUCHO,LUCANAS,LEONCIO PRADO,PARTIDO ACCION POPULAR,155
50512,AYACUCHO,LUCANAS,LEONCIO PRADO,PARTIDO APRISTA PERUANO,7
50512,AYACUCHO,LUCANAS,LEONCIO PRADO,PARTIDO PERU POSIBLE,4
50513,AYACUCHO,LUCANAS,LUCANAS,ALIANZA ELECTORAL UNIDAD NACIONAL,11
50513,AYACUCHO,LUCANAS,LUCANAS,FUERZA DEMOCRATICA,418
50513,AYACUCHO,LUCANAS,LUCANAS,"MOVIMIENTO INDEPENDIENTE ""INTEGRACION REGIONAL""",130
50513,AYACUCHO,LUCANAS,LUCANAS,MOVIMIENTO NUEVA IZQUIERDA,47
50513,AYACUCHO,LUCANAS,LUCANAS,PARTIDO ACCION POPULAR,15
50513,AYACUCHO,LUCANAS,LUCANAS,PARTIDO APRISTA PERUANO,189
50513,AYACUCHO,LUCANAS,LUCANAS,PARTIDO PERU POSIBLE,136
50514,AYACUCHO,LUCANAS,LLAUTA,FUERZA DEMOCRATICA,64
50514,AYACUCHO,LUCANAS,LLAUTA,"MOVIMIENTO INDEPENDIENTE ""FRENTE DESARROLLO LUCANAS - FREDEL""",52
50514,AYACUCHO,LUCANAS,LLAUTA,"MOVIMIENTO INDEPENDIENTE ""INTEGRACION REGIONAL""",33
50514,AYACUCHO,LUCANAS,LLAUTA,PARTIDO ACCION POPULAR,46
50514,AYACUCHO,LUCANAS,LLAUTA,PARTIDO APRISTA PERUANO,101
50514,AYACUCHO,LUCANAS,LLAUTA,PARTIDO DEMOCRATICO SOMOS PERU,128
50514,AYACUCHO,LUCANAS,LLAUTA,PARTIDO PERU POSIBLE,24
50516,AYACUCHO,LUCANAS,OCAÑA,ALIANZA ELECTORAL UNIDAD NACIONAL,25
50516,AYACUCHO,LUCANAS,OCAÑA,FUERZA DEMOCRATICA,138
50516,AYACUCHO,LUCANAS,OCAÑA,"MOVIMIENTO ""RENACER OCAÑINO""",185
50516,AYACUCHO,LUCANAS,OCAÑA,"MOVIMIENTO INDEPENDIENTE ""FRENTE DESARROLLO LUCANAS - FREDEL""",89
50516,AYACUCHO,LUCANAS,OCAÑA,"MOVIMIENTO INDEPENDIENTE ""INTEGRACION REGIONAL""",170
50516,AYACUCHO,LUCANAS,OCAÑA,MOVIMIENTO NUEVA IZQUIERDA,24
50516,AYACUCHO,LUCANAS,OCAÑA,PARTIDO ACCION POPULAR,27
50516,AYACUCHO,LUCANAS,OCAÑA,PARTIDO APRISTA PERUANO,66
50516,AYACUCHO,LUCANAS,OCAÑA,PARTIDO DEMOCRATICO SOMOS PERU,99
50516,AYACUCHO,LUCANAS,OCAÑA,PARTIDO PERU POSIBLE,7
50517,AYACUCHO,LUCANAS,OTOCA,FUERZA DEMOCRATICA,27
50517,AYACUCHO,LUCANAS,OTOCA,"MOVIMIENTO INDEPENDIENTE ""FRENTE DESARROLLO LUCANAS - FREDEL""",15
50517,AYACUCHO,LUCANAS,OTOCA,"MOVIMIENTO INDEPENDIENTE ""INTEGRACION REGIONAL""",242
50517,AYACUCHO,LUCANAS,OTOCA,"MOVIMIENTO REGIONAL ""PARA EL DESARROLLO E INTEGRACION DE AYACUCHO - DIA""",8
50517,AYACUCHO,LUCANAS,OTOCA,OTOCA AL DESARROLLO Y ANEXOS,58
50517,AYACUCHO,LUCANAS,OTOCA,PARTIDO ACCION POPULAR,102
50517,AYACUCHO,LUCANAS,OTOCA,PARTIDO APRISTA PERUANO,59
50520,AYACUCHO,LUCANAS,SANCOS,ALIANZA ELECTORAL UNIDAD NACIONAL,56
50520,AYACUCHO,LUCANAS,SANCOS,FUERZA DEMOCRATICA,155
50520,AYACUCHO,LUCANAS,SANCOS,"MOVIMIENTO INDEPENDIENTE ""FRENTE DESARROLLO LUCANAS - FREDEL""",41
50520,AYACUCHO,LUCANAS,SANCOS,"MOVIMIENTO INDEPENDIENTE ""INTEGRACION REGIONAL""",59
50520,AYACUCHO,LUCANAS,SANCOS,MOVIMIENTO NUEVA IZQUIERDA,188
50520,AYACUCHO,LUCANAS,SANCOS,"MOVIMIENTO REGIONAL ""PARA EL DESARROLLO E INTEGRACION DE AYACUCHO - DIA""",16
50520,AYACUCHO,LUCANAS,SANCOS,PARTIDO ACCION POPULAR,28
50520,AYACUCHO,LUCANAS,SANCOS,PARTIDO APRISTA PERUANO,14
50520,AYACUCHO,LUCANAS,SANCOS,PARTIDO DEMOCRATICO SOMOS PERU,20
50520,AYACUCHO,LUCANAS,SANCOS,PARTIDO PERU POSIBLE,8
50521,AYACUCHO,LUCANAS,SAN JUAN,ALIANZA ELECTORAL UNIDAD NACIONAL,43
50521,AYACUCHO,LUCANAS,SAN JUAN,FUERZA DEMOCRATICA,82
50521,AYACUCHO,LUCANAS,SAN JUAN,"MOVIMIENTO INDEPENDIENTE ""INTEGRACION REGIONAL""",3
50521,AYACUCHO,LUCANAS,SAN JUAN,MOVIMIENTO NUEVA IZQUIERDA,31
50521,AYACUCHO,LUCANAS,SAN JUAN,"MOVIMIENTO REGIONAL ""PARA EL DESARROLLO E INTEGRACION DE AYACUCHO - DIA""",31
50521,AYACUCHO,LUCANAS,SAN JUAN,PARTIDO ACCION POPULAR,88
50521,AYACUCHO,LUCANAS,SAN JUAN,PARTIDO APRISTA PERUANO,37
50521,AYACUCHO,LUCANAS,SAN JUAN,PARTIDO PERU POSIBLE,8
50522,AYACUCHO,LUCANAS,SAN PEDRO,ALIANZA ELECTORAL UNIDAD NACIONAL,10
50522,AYACUCHO,LUCANAS,SAN PEDRO,FUERZA DEMOCRATICA,43
50522,AYACUCHO,LUCANAS,SAN PEDRO,"MOVIMIENTO INDEPENDIENTE ""FRENTE DESARROLLO LUCANAS - FREDEL""",97
50522,AYACUCHO,LUCANAS,SAN PEDRO,"MOVIMIENTO INDEPENDIENTE ""INTEGRACION REGIONAL""",26
50522,AYACUCHO,LUCANAS,SAN PEDRO,MOVIMIENTO NUEVA IZQUIERDA,52
50522,AYACUCHO,LUCANAS,SAN PEDRO,"MOVIMIENTO REGIONAL ""PARA EL DESARROLLO E INTEGRACION DE AYACUCHO - DIA""",74
50522,AYACUCHO,LUCANAS,SAN PEDRO,PARTIDO ACCION POPULAR,311
50522,AYACUCHO,LUCANAS,SAN PEDRO,PARTIDO APRISTA PERUANO,220
50522,AYACUCHO,LUCANAS,SAN PEDRO,PARTIDO DEMOCRATICO SOMOS PERU,44
50522,AYACUCHO,LUCANAS,SAN PEDRO,PARTIDO PERU POSIBLE,43
50524,AYACUCHO,LUCANAS,SANTA ANA DE HUAYCAHUACHO,ALIANZA ELECTORAL UNIDAD NACIONAL,17
50524,AYACUCHO,LUCANAS,SANTA ANA DE HUAYCAHUACHO,FUERZA DEMOCRATICA,85
50524,AYACUCHO,LUCANAS,SANTA ANA DE HUAYCAHUACHO,"MOVIMIENTO INDEPENDIENTE ""FRENTE DESARROLLO LUCANAS - FREDEL""",33
50524,AYACUCHO,LUCANAS,SANTA ANA DE HUAYCAHUACHO,"MOVIMIENTO INDEPENDIENTE ""INTEGRACION REGIONAL""",31
50524,AYACUCHO,LUCANAS,SANTA ANA DE HUAYCAHUACHO,"MOVIMIENTO REGIONAL ""PARA EL DESARROLLO E INTEGRACION DE AYACUCHO - DIA""",10
50524,AYACUCHO,LUCANAS,SANTA ANA DE HUAYCAHUACHO,PARTIDO ACCION POPULAR,4
50524,AYACUCHO,LUCANAS,SANTA ANA DE HUAYCAHUACHO,PARTIDO APRISTA PERUANO,13
50524,AYACUCHO,LUCANAS,SANTA ANA DE HUAYCAHUACHO,PARTIDO PERU POSIBLE,75
50525,AYACUCHO,LUCANAS,SANTA LUCIA,ADELANTE SANTA LUCIA,61
50525,AYACUCHO,LUCANAS,SANTA LUCIA,"MOVIMIENTO INDEPENDIENTE ""INTEGRACION REGIONAL""",75
50525,AYACUCHO,LUCANAS,SANTA LUCIA,"MOVIMIENTO REGIONAL ""PARA EL DESARROLLO E INTEGRACION DE AYACUCHO - DIA""",37
50525,AYACUCHO,LUCANAS,SANTA LUCIA,PARTIDO ACCION POPULAR,14
50525,AYACUCHO,LUCANAS,SANTA LUCIA,PARTIDO APRISTA PERUANO,13
50525,AYACUCHO,LUCANAS,SANTA LUCIA,PARTIDO PERU POSIBLE,7
50529,AYACUCHO,LUCANAS,SAISA,ALIANZA ELECTORAL UNIDAD NACIONAL,6
50529,AYACUCHO,LUCANAS,SAISA,FUERZA DEMOCRATICA,47
50529,AYACUCHO,LUCANAS,SAISA,"MOVIMIENTO INDEPENDIENTE ""INTEGRACION REGIONAL""",85
50529,AYACUCHO,LUCANAS,SAISA,PARTIDO ACCION POPULAR,35
50529,AYACUCHO,LUCANAS,SAISA,PARTIDO APRISTA PERUANO,17
50529,AYACUCHO,LUCANAS,SAISA,PARTIDO PERU POSIBLE,12
50531,AYACUCHO,LUCANAS,SAN PEDRO DE PALCO,FUERZA DEMOCRATICA,85
50531,AYACUCHO,LUCANAS,SAN PEDRO DE PALCO,"MOVIMIENTO INDEPENDIENTE ""INTEGRACION REGIONAL""",95
50531,AYACUCHO,LUCANAS,SAN PEDRO DE PALCO,MOVIMIENTO NUEVA IZQUIERDA,43
50531,AYACUCHO,LUCANAS,SAN PEDRO DE PALCO,PARTIDO ACCION POPULAR,41
50531,AYACUCHO,LUCANAS,SAN PEDRO DE PALCO,PARTIDO APRISTA PERUANO,81
50531,AYACUCHO,LUCANAS,SAN PEDRO DE PALCO,PARTIDO PERU POSIBLE,38
50532,AYACUCHO,LUCANAS,SAN CRISTOBAL,ALIANZA ELECTORAL UNIDAD NACIONAL,70
50532,AYACUCHO,LUCANAS,SAN CRISTOBAL,FUERZA DEMOCRATICA,209
50532,AYACUCHO,LUCANAS,SAN CRISTOBAL,"MOVIMIENTO INDEPENDIENTE ""INTEGRACION REGIONAL""",19
50532,AYACUCHO,LUCANAS,SAN CRISTOBAL,MOVIMIENTO NUEVA IZQUIERDA,50
50532,AYACUCHO,LUCANAS,SAN CRISTOBAL,"MOVIMIENTO REGIONAL ""PARA EL DESARROLLO E INTEGRACION DE AYACUCHO - DIA""",19
50532,AYACUCHO,LUCANAS,SAN CRISTOBAL,PARTIDO ACCION POPULAR,107
50532,AYACUCHO,LUCANAS,SAN CRISTOBAL,PARTIDO APRISTA PERUANO,26
50604,AYACUCHO,PARINACOCHAS,CORONEL CASTAÑEDA,"MOVIMIENTO INDEPENDIENTE  ""LEALTAD Y TRABAJO DEL DISTRITO DE CORONEL CASTAÑEDA""",26
50604,AYACUCHO,PARINACOCHAS,CORONEL CASTAÑEDA,"MOVIMIENTO INDEPENDIENTE ""TODOS POR PARINACOCHAS""",116
50604,AYACUCHO,PARINACOCHAS,CORONEL CASTAÑEDA,PARTIDO APRISTA PERUANO,32
50604,AYACUCHO,PARINACOCHAS,CORONEL CASTAÑEDA,PARTIDO PERU POSIBLE,32
50605,AYACUCHO,PARINACOCHAS,CHUMPI,ALIANZA ELECTORAL UNIDAD NACIONAL,35
50605,AYACUCHO,PARINACOCHAS,CHUMPI,"MOVIMIENTO INDEPENDIENTE ""INTEGRACION REGIONAL""",53
50605,AYACUCHO,PARINACOCHAS,CHUMPI,"MOVIMIENTO INDEPENDIENTE ""TODOS POR PARINACOCHAS""",417
50605,AYACUCHO,PARINACOCHAS,CHUMPI,MOVIMIENTO NUEVA IZQUIERDA,20
50605,AYACUCHO,PARINACOCHAS,CHUMPI,PARTIDO ACCION POPULAR,132
50605,AYACUCHO,PARINACOCHAS,CHUMPI,PARTIDO APRISTA PERUANO,91
50605,AYACUCHO,PARINACOCHAS,CHUMPI,PARTIDO PERU POSIBLE,65
50608,AYACUCHO,PARINACOCHAS,PACAPAUSA,"MOVIMIENTO INDEPENDIENTE ""INTEGRACION REGIONAL""",11
50608,AYACUCHO,PARINACOCHAS,PACAPAUSA,"MOVIMIENTO INDEPENDIENTE ""TODOS POR PARINACOCHAS""",114
50608,AYACUCHO,PARINACOCHAS,PACAPAUSA,PARTIDO APRISTA PERUANO,40
50608,AYACUCHO,PARINACOCHAS,PACAPAUSA,PARTIDO PERU POSIBLE,86
50611,AYACUCHO,PARINACOCHAS,PULLO,ALIANZA ELECTORAL UNIDAD NACIONAL,78
50611,AYACUCHO,PARINACOCHAS,PULLO,"MOVIMIENTO INDEPENDIENTE ""INTEGRACION REGIONAL""",189
50611,AYACUCHO,PARINACOCHAS,PULLO,"MOVIMIENTO INDEPENDIENTE ""TODOS POR PARINACOCHAS""",341
50611,AYACUCHO,PARINACOCHAS,PULLO,PARTIDO ACCION POPULAR,62
50611,AYACUCHO,PARINACOCHAS,PULLO,PARTIDO APRISTA PERUANO,30
50611,AYACUCHO,PARINACOCHAS,PULLO,PARTIDO PERU POSIBLE,90
50612,AYACUCHO,PARINACOCHAS,PUYUSCA,ALIANZA ELECTORAL UNIDAD NACIONAL,290
50612,AYACUCHO,PARINACOCHAS,PUYUSCA,"MOVIMIENTO INDEPENDIENTE ""INTEGRACION REGIONAL""",211
50612,AYACUCHO,PARINACOCHAS,PUYUSCA,"MOVIMIENTO INDEPENDIENTE ""TODOS POR PARINACOCHAS""",70
50612,AYACUCHO,PARINACOCHAS,PUYUSCA,PARTIDO APRISTA PERUANO,138
50612,AYACUCHO,PARINACOCHAS,PUYUSCA,PARTIDO PERU POSIBLE,326
50615,AYACUCHO,PARINACOCHAS,SAN FRANCISCO DE RAVACAYCO,ALIANZA ELECTORAL UNIDAD NACIONAL,17
50615,AYACUCHO,PARINACOCHAS,SAN FRANCISCO DE RAVACAYCO,"MOVIMIENTO INDEPENDIENTE ""INTEGRACION REGIONAL""",15
50615,AYACUCHO,PARINACOCHAS,SAN FRANCISCO DE RAVACAYCO,"MOVIMIENTO INDEPENDIENTE ""PROGRESO DE RIVACAYCO""",13
50615,AYACUCHO,PARINACOCHAS,SAN FRANCISCO DE RAVACAYCO,"MOVIMIENTO INDEPENDIENTE ""TODOS POR PARINACOCHAS""",109
50615,AYACUCHO,PARINACOCHAS,SAN FRANCISCO DE RAVACAYCO,PARTIDO APRISTA PERUANO,26
50615,AYACUCHO,PARINACOCHAS,SAN FRANCISCO DE RAVACAYCO,PARTIDO PERU POSIBLE,13
50616,AYACUCHO,PARINACOCHAS,UPAHUACHO,ALIANZA ELECTORAL UNIDAD NACIONAL,49
50616,AYACUCHO,PARINACOCHAS,UPAHUACHO,"MOVIMIENTO INDEPENDIENTE ""TODOS POR PARINACOCHAS""",121
50616,AYACUCHO,PARINACOCHAS,UPAHUACHO,PARTIDO ACCION POPULAR,52
50616,AYACUCHO,PARINACOCHAS,UPAHUACHO,PARTIDO APRISTA PERUANO,25
50616,AYACUCHO,PARINACOCHAS,UPAHUACHO,PARTIDO PERU POSIBLE,67
50702,AYACUCHO,VICTOR FAJARDO,ALCAMENCA,ALIANZA ELECTORAL UNIDAD NACIONAL,1
50702,AYACUCHO,VICTOR FAJARDO,ALCAMENCA,"MOVIMIENTO INDEPENDIENTE ""INTEGRACION REGIONAL""",131
50702,AYACUCHO,VICTOR FAJARDO,ALCAMENCA,"MOVIMIENTO REGIONAL ""PARA EL DESARROLLO E INTEGRACION DE AYACUCHO - DIA""",277
50702,AYACUCHO,VICTOR FAJARDO,ALCAMENCA,PARTIDO ACCION POPULAR,110
50702,AYACUCHO,VICTOR FAJARDO,ALCAMENCA,PARTIDO APRISTA PERUANO,75
50703,AYACUCHO,VICTOR FAJARDO,APONGO,ALIANZA ELECTORAL UNIDAD NACIONAL,71
50703,AYACUCHO,VICTOR FAJARDO,APONGO,"MOVIMIENTO INDEPENDIENTE ""INTEGRACION REGIONAL""",26
50703,AYACUCHO,VICTOR FAJARDO,APONGO,MOVIMIENTO INDEPENDIENTE VAMOS APONGO AL DESARROLLO,62
50703,AYACUCHO,VICTOR FAJARDO,APONGO,"MOVIMIENTO REGIONAL ""PARA EL DESARROLLO E INTEGRACION DE AYACUCHO - DIA""",47
50703,AYACUCHO,VICTOR FAJARDO,APONGO,PARTIDO ACCION POPULAR,25
50703,AYACUCHO,VICTOR FAJARDO,APONGO,PARTIDO PERU POSIBLE,56
50704,AYACUCHO,VICTOR FAJARDO,CANARIA,"MOVIMIENTO INDEPENDIENTE ""INTEGRACION REGIONAL""",255
50704,AYACUCHO,VICTOR FAJARDO,CANARIA,PARTIDO APRISTA PERUANO,256
50704,AYACUCHO,VICTOR FAJARDO,CANARIA,PARTIDO PERU POSIBLE,484
50706,AYACUCHO,VICTOR FAJARDO,CAYARA,"MOVIMIENTO INDEPENDIENTE ""INTEGRACION REGIONAL""",91
50706,AYACUCHO,VICTOR FAJARDO,CAYARA,MOVIMIENTO INDEPENDIENTE POR EL DESARROLLO DE CAYARA,144
50706,AYACUCHO,VICTOR FAJARDO,CAYARA,"MOVIMIENTO REGIONAL ""PARA EL DESARROLLO E INTEGRACION DE AYACUCHO - DIA""",60
50706,AYACUCHO,VICTOR FAJARDO,CAYARA,PARTIDO ACCION POPULAR,63
50706,AYACUCHO,VICTOR FAJARDO,CAYARA,PARTIDO PERU POSIBLE,191
50707,AYACUCHO,VICTOR FAJARDO,COLCA,ALIANZA ELECTORAL UNIDAD NACIONAL,54
50707,AYACUCHO,VICTOR FAJARDO,COLCA,FRENTE INDEPENDIENTE MORALIZADOR,65
50707,AYACUCHO,VICTOR FAJARDO,COLCA,FUERZA DEMOCRATICA,33
50707,AYACUCHO,VICTOR FAJARDO,COLCA,"MOVIMIENTO INDEPENDIENTE ""INTEGRACION REGIONAL""",24
50707,AYACUCHO,VICTOR FAJARDO,COLCA,MOVIMIENTO INDEPENDIENTE LLAMKASUN,18
50707,AYACUCHO,VICTOR FAJARDO,COLCA,MOVIMIENTO INDEPENDIENTE POR EL DESARROLLO DE COLCA,89
50707,AYACUCHO,VICTOR FAJARDO,COLCA,MOVIMIENTO NUEVA IZQUIERDA,11
50707,AYACUCHO,VICTOR FAJARDO,COLCA,"MOVIMIENTO REGIONAL ""PARA EL DESARROLLO E INTEGRACION DE AYACUCHO - DIA""",10
50707,AYACUCHO,VICTOR FAJARDO,COLCA,ORGANIZACION POLITICA MARCHEMOS POR COLCA,11
50707,AYACUCHO,VICTOR FAJARDO,COLCA,PARTIDO ACCION POPULAR,36
50707,AYACUCHO,VICTOR FAJARDO,COLCA,PARTIDO APRISTA PERUANO,27
50707,AYACUCHO,VICTOR FAJARDO,COLCA,PARTIDO DEMOCRATICO SOMOS PERU,72
50707,AYACUCHO,VICTOR FAJARDO,COLCA,PARTIDO PERU POSIBLE,36
50707,AYACUCHO,VICTOR FAJARDO,COLCA,PARTIDO RENACIMIENTO ANDINO,49
50708,AYACUCHO,VICTOR FAJARDO,HUAYA,FUERZA DEMOCRATICA,132
50708,AYACUCHO,VICTOR FAJARDO,HUAYA,"MOVIMIENTO INDEPENDIENTE ""INTEGRACION REGIONAL""",146
50708,AYACUCHO,VICTOR FAJARDO,HUAYA,MOVIMIENTO NUEVA IZQUIERDA,35
50708,AYACUCHO,VICTOR FAJARDO,HUAYA,"MOVIMIENTO REGIONAL ""PARA EL DESARROLLO E INTEGRACION DE AYACUCHO - DIA""",163
50708,AYACUCHO,VICTOR FAJARDO,HUAYA,PARTIDO ACCION POPULAR,80
50708,AYACUCHO,VICTOR FAJARDO,HUAYA,PARTIDO PERU POSIBLE,76
50709,AYACUCHO,VICTOR FAJARDO,HUAMANQUIQUIA,"MOVIMIENTO INDEPENDIENTE ""INTEGRACION REGIONAL""",118
50709,AYACUCHO,VICTOR FAJARDO,HUAMANQUIQUIA,MOVIMIENTO NUEVA IZQUIERDA,43
50709,AYACUCHO,VICTOR FAJARDO,HUAMANQUIQUIA,"MOVIMIENTO REGIONAL ""PARA EL DESARROLLO E INTEGRACION DE AYACUCHO - DIA""",66
50709,AYACUCHO,VICTOR FAJARDO,HUAMANQUIQUIA,PARTIDO ACCION POPULAR,37
50709,AYACUCHO,VICTOR FAJARDO,HUAMANQUIQUIA,PARTIDO APRISTA PERUANO,37
50709,AYACUCHO,VICTOR FAJARDO,HUAMANQUIQUIA,PARTIDO DEMOCRATICO SOMOS PERU,37
50709,AYACUCHO,VICTOR FAJARDO,HUAMANQUIQUIA,PARTIDO PERU POSIBLE,68
50710,AYACUCHO,VICTOR FAJARDO,HUANCARAYLLA,"MOVIMIENTO INDEPENDIENTE ""INTEGRACION REGIONAL""",191
50710,AYACUCHO,VICTOR FAJARDO,HUANCARAYLLA,MOVIMIENTO NUEVA IZQUIERDA,94
50710,AYACUCHO,VICTOR FAJARDO,HUANCARAYLLA,"MOVIMIENTO REGIONAL ""PARA EL DESARROLLO E INTEGRACION DE AYACUCHO - DIA""",166
50710,AYACUCHO,VICTOR FAJARDO,HUANCARAYLLA,PARTIDO APRISTA PERUANO,21
50710,AYACUCHO,VICTOR FAJARDO,HUANCARAYLLA,PARTIDO PERU POSIBLE,82
50713,AYACUCHO,VICTOR FAJARDO,SARHUA,"MOVIMIENTO INDEPENDIENTE ""INTEGRACION REGIONAL""",74
50713,AYACUCHO,VICTOR FAJARDO,SARHUA,MOVIMIENTO NUEVA IZQUIERDA,178
50713,AYACUCHO,VICTOR FAJARDO,SARHUA,"MOVIMIENTO REGIONAL ""PARA EL DESARROLLO E INTEGRACION DE AYACUCHO - DIA""",153
50713,AYACUCHO,VICTOR FAJARDO,SARHUA,PARTIDO DEMOCRATICO SOMOS PERU,95
50714,AYACUCHO,VICTOR FAJARDO,VILCANCHOS,DESARROLLEMOS JUNTOS VILCANCHOS Y ANEXOS,165
50714,AYACUCHO,VICTOR FAJARDO,VILCANCHOS,"MOVIMIENTO INDEPENDIENTE ""INTEGRACION REGIONAL""",309
50714,AYACUCHO,VICTOR FAJARDO,VILCANCHOS,MOVIMIENTO INDEPENDIENTE INTEGRAL VILCANCHOS,56
50714,AYACUCHO,VICTOR FAJARDO,VILCANCHOS,"MOVIMIENTO REGIONAL ""PARA EL DESARROLLO E INTEGRACION DE AYACUCHO - DIA""",92
50714,AYACUCHO,VICTOR FAJARDO,VILCANCHOS,PARTIDO APRISTA PERUANO,135
50714,AYACUCHO,VICTOR FAJARDO,VILCANCHOS,PARTIDO PERU POSIBLE,154
50714,AYACUCHO,VICTOR FAJARDO,VILCANCHOS,PARTIDO RENACIMIENTO ANDINO,33
50715,AYACUCHO,VICTOR FAJARDO,ASQUIPATA,"MOVIMIENTO INDEPENDIENTE ""INTEGRACION REGIONAL""",128
50715,AYACUCHO,VICTOR FAJARDO,ASQUIPATA,MOVIMIENTO INDEPENDIENTE UNIDAD ASQUIPATINA,31
50715,AYACUCHO,VICTOR FAJARDO,ASQUIPATA,"MOVIMIENTO REGIONAL ""PARA EL DESARROLLO E INTEGRACION DE AYACUCHO - DIA""",14
50802,AYACUCHO,HUANCA SANCOS,SACSAMARCA,ALIANZA ELECTORAL UNIDAD NACIONAL,214
50802,AYACUCHO,HUANCA SANCOS,SACSAMARCA,FRENTE INDEPENDIENTE LA VOZ DEL PUEBLO,129
50802,AYACUCHO,HUANCA SANCOS,SACSAMARCA,MOVIMIENTO INDEPENDIENTE PROPUESTA PARA EL DESARROLLO INTEGRAL,55
50802,AYACUCHO,HUANCA SANCOS,SACSAMARCA,PARTIDO APRISTA PERUANO,37
50802,AYACUCHO,HUANCA SANCOS,SACSAMARCA,PARTIDO PERU POSIBLE,220
50803,AYACUCHO,HUANCA SANCOS,SANTIAGO DE LUCANAMARCA,ALIANZA ELECTORAL UNIDAD NACIONAL,376
50803,AYACUCHO,HUANCA SANCOS,SANTIAGO DE LUCANAMARCA,MOVIMIENTO INDEPENDIENTE PROPUESTA PARA EL DESARROLLO INTEGRAL,148
50803,AYACUCHO,HUANCA SANCOS,SANTIAGO DE LUCANAMARCA,"MOVIMIENTO REGIONAL ""PARA EL DESARROLLO E INTEGRACION DE AYACUCHO - DIA""",103
50803,AYACUCHO,HUANCA SANCOS,SANTIAGO DE LUCANAMARCA,PARTIDO PERU POSIBLE,142
50804,AYACUCHO,HUANCA SANCOS,CARAPO,ALIANZA ELECTORAL UNIDAD NACIONAL,226
50804,AYACUCHO,HUANCA SANCOS,CARAPO,FRENTE INDEPENDIENTE LA VOZ DEL PUEBLO,86
50804,AYACUCHO,HUANCA SANCOS,CARAPO,FUERZA DEMOCRATICA,22
50804,AYACUCHO,HUANCA SANCOS,CARAPO,"MOVIMIENTO REGIONAL ""PARA EL DESARROLLO E INTEGRACION DE AYACUCHO - DIA""",290
50804,AYACUCHO,HUANCA SANCOS,CARAPO,PARTIDO PERU POSIBLE,50
50902,AYACUCHO,VILCAS HUAMAN,VISCHONGO,ALIANZA ELECTORAL UNIDAD NACIONAL,153
50902,AYACUCHO,VILCAS HUAMAN,VISCHONGO,"MOVIMIENTO INDEPENDIENTE ""INTEGRACION REGIONAL""",172
50902,AYACUCHO,VILCAS HUAMAN,VISCHONGO,MOVIMIENTO NUEVA IZQUIERDA,191
50902,AYACUCHO,VILCAS HUAMAN,VISCHONGO,PARTIDO APRISTA PERUANO,166
50902,AYACUCHO,VILCAS HUAMAN,VISCHONGO,PARTIDO PERU POSIBLE,198
50902,AYACUCHO,VILCAS HUAMAN,VISCHONGO,PARTIDO RENACIMIENTO ANDINO,133
50903,AYACUCHO,VILCAS HUAMAN,ACCOMARCA,ALIANZA ELECTORAL UNIDAD NACIONAL,43
50903,AYACUCHO,VILCAS HUAMAN,ACCOMARCA,"MOVIMIENTO INDEPENDIENTE ""INTEGRACION REGIONAL""",28
50903,AYACUCHO,VILCAS HUAMAN,ACCOMARCA,MOVIMIENTO NUEVA IZQUIERDA,173
50903,AYACUCHO,VILCAS HUAMAN,ACCOMARCA,PARTIDO APRISTA PERUANO,12
50903,AYACUCHO,VILCAS HUAMAN,ACCOMARCA,PARTIDO PERU POSIBLE,108
50903,AYACUCHO,VILCAS HUAMAN,ACCOMARCA,PARTIDO RENACIMIENTO ANDINO,160
50904,AYACUCHO,VILCAS HUAMAN,CARHUANCA,ALIANZA ELECTORAL UNIDAD NACIONAL,0
50904,AYACUCHO,VILCAS HUAMAN,CARHUANCA,"MOVIMIENTO INDEPENDIENTE ""INTEGRACION REGIONAL""",0
50904,AYACUCHO,VILCAS HUAMAN,CARHUANCA,MOVIMIENTO NUEVA IZQUIERDA,0
50904,AYACUCHO,VILCAS HUAMAN,CARHUANCA,PARTIDO APRISTA PERUANO,0
50904,AYACUCHO,VILCAS HUAMAN,CARHUANCA,PARTIDO PERU POSIBLE,0
50904,AYACUCHO,VILCAS HUAMAN,CARHUANCA,PARTIDO RENACIMIENTO ANDINO,0
50905,AYACUCHO,VILCAS HUAMAN,CONCEPCION,ACCION CONCEPCION UNIDA,30
50905,AYACUCHO,VILCAS HUAMAN,CONCEPCION,ALIANZA ELECTORAL UNIDAD NACIONAL,67
50905,AYACUCHO,VILCAS HUAMAN,CONCEPCION,"MOVIMIENTO INDEPENDIENTE ""INTEGRACION REGIONAL""",141
50905,AYACUCHO,VILCAS HUAMAN,CONCEPCION,MOVIMIENTO NUEVA IZQUIERDA,125
50905,AYACUCHO,VILCAS HUAMAN,CONCEPCION,PARTIDO ACCION POPULAR,13
50905,AYACUCHO,VILCAS HUAMAN,CONCEPCION,PARTIDO APRISTA PERUANO,62
50905,AYACUCHO,VILCAS HUAMAN,CONCEPCION,PARTIDO PERU POSIBLE,35
50905,AYACUCHO,VILCAS HUAMAN,CONCEPCION,PARTIDO RENACIMIENTO ANDINO,132
50906,AYACUCHO,VILCAS HUAMAN,HUAMBALPA,ALIANZA ELECTORAL UNIDAD NACIONAL,72
50906,AYACUCHO,VILCAS HUAMAN,HUAMBALPA,FRENTE INDEPENDIENTE MORALIZADOR,31
50906,AYACUCHO,VILCAS HUAMAN,HUAMBALPA,MOVIMIENTO NUEVA IZQUIERDA,25
50906,AYACUCHO,VILCAS HUAMAN,HUAMBALPA,PARTIDO ACCION POPULAR,13
50906,AYACUCHO,VILCAS HUAMAN,HUAMBALPA,PARTIDO APRISTA PERUANO,46
50906,AYACUCHO,VILCAS HUAMAN,HUAMBALPA,PARTIDO PERU POSIBLE,60
50906,AYACUCHO,VILCAS HUAMAN,HUAMBALPA,PARTIDO RENACIMIENTO ANDINO,159
50906,AYACUCHO,VILCAS HUAMAN,HUAMBALPA,RICHARI LLACCTA HUAMBALPA Y ANEXOS,86
50907,AYACUCHO,VILCAS HUAMAN,SAURAMA,ALIANZA ELECTORAL UNIDAD NACIONAL,12
50907,AYACUCHO,VILCAS HUAMAN,SAURAMA,"MOVIMIENTO INDEPENDIENTE ""INTEGRACION REGIONAL""",210
50907,AYACUCHO,VILCAS HUAMAN,SAURAMA,PARTIDO PERU POSIBLE,168
50908,AYACUCHO,VILCAS HUAMAN,INDEPENDENCIA,ALIANZA ELECTORAL UNIDAD NACIONAL,91
50908,AYACUCHO,VILCAS HUAMAN,INDEPENDENCIA,MOVIMIENTO NUEVA IZQUIERDA,144
50908,AYACUCHO,VILCAS HUAMAN,INDEPENDENCIA,PARTIDO APRISTA PERUANO,124
50908,AYACUCHO,VILCAS HUAMAN,INDEPENDENCIA,PARTIDO PERU POSIBLE,193
51002,AYACUCHO,PAUCAR DEL SARA SARA,COLTA,ALIANZA ELECTORAL UNIDAD NACIONAL,57
51002,AYACUCHO,PAUCAR DEL SARA SARA,COLTA,GESTION Y DESARROLLO DE PAUCAR DEL SARA SARA,20
51002,AYACUCHO,PAUCAR DEL SARA SARA,COLTA,PARTIDO APRISTA PERUANO,64
51002,AYACUCHO,PAUCAR DEL SARA SARA,COLTA,PARTIDO DEMOCRATICO SOMOS PERU,3
51002,AYACUCHO,PAUCAR DEL SARA SARA,COLTA,PARTIDO PERU POSIBLE,34
51003,AYACUCHO,PAUCAR DEL SARA SARA,CORCULLA,ALIANZA ELECTORAL UNIDAD NACIONAL,6
51003,AYACUCHO,PAUCAR DEL SARA SARA,CORCULLA,GESTION Y DESARROLLO DE PAUCAR DEL SARA SARA,17
51003,AYACUCHO,PAUCAR DEL SARA SARA,CORCULLA,"MOVIMIENTO INDEPENDIENTE ""INTEGRACION REGIONAL""",12
51003,AYACUCHO,PAUCAR DEL SARA SARA,CORCULLA,"MOVIMIENTO POLITICO INDEPENDIENTE ""SOMOS HIJOS DEL SARA SARA""",52
51003,AYACUCHO,PAUCAR DEL SARA SARA,CORCULLA,PARTIDO APRISTA PERUANO,50
51003,AYACUCHO,PAUCAR DEL SARA SARA,CORCULLA,PARTIDO PERU POSIBLE,41
51004,AYACUCHO,PAUCAR DEL SARA SARA,LAMPA,ALIANZA ELECTORAL UNIDAD NACIONAL,42
51004,AYACUCHO,PAUCAR DEL SARA SARA,LAMPA,GESTION Y DESARROLLO DE PAUCAR DEL SARA SARA,50
51004,AYACUCHO,PAUCAR DEL SARA SARA,LAMPA,"MOVIMIENTO INDEPENDIENTE ""INTEGRACION REGIONAL""",47
51004,AYACUCHO,PAUCAR DEL SARA SARA,LAMPA,"MOVIMIENTO INDEPENDIENTE ""NUEVA SOCIEDAD""",50
51004,AYACUCHO,PAUCAR DEL SARA SARA,LAMPA,"MOVIMIENTO POLITICO INDEPENDIENTE ""SOMOS HIJOS DEL SARA SARA""",44
51004,AYACUCHO,PAUCAR DEL SARA SARA,LAMPA,PARTIDO APRISTA PERUANO,153
51004,AYACUCHO,PAUCAR DEL SARA SARA,LAMPA,PARTIDO DEMOCRATICO SOMOS PERU,129
51004,AYACUCHO,PAUCAR DEL SARA SARA,LAMPA,PARTIDO PERU POSIBLE,56
51005,AYACUCHO,PAUCAR DEL SARA SARA,MARCABAMBA,ALIANZA ELECTORAL UNIDAD NACIONAL,46
51005,AYACUCHO,PAUCAR DEL SARA SARA,MARCABAMBA,GESTION Y DESARROLLO DE PAUCAR DEL SARA SARA,49
51005,AYACUCHO,PAUCAR DEL SARA SARA,MARCABAMBA,"MOVIMIENTO INDEPENDIENTE ""NUEVA SOCIEDAD""",17
51005,AYACUCHO,PAUCAR DEL SARA SARA,MARCABAMBA,"MOVIMIENTO POLITICO INDEPENDIENTE ""SOMOS HIJOS DEL SARA SARA""",31
51005,AYACUCHO,PAUCAR DEL SARA SARA,MARCABAMBA,PARTIDO APRISTA PERUANO,11
51005,AYACUCHO,PAUCAR DEL SARA SARA,MARCABAMBA,PARTIDO DEMOCRATICO SOMOS PERU,54
51005,AYACUCHO,PAUCAR DEL SARA SARA,MARCABAMBA,PARTIDO PERU POSIBLE,21
51006,AYACUCHO,PAUCAR DEL SARA SARA,OYOLO,ALIANZA ELECTORAL UNIDAD NACIONAL,11
51006,AYACUCHO,PAUCAR DEL SARA SARA,OYOLO,GESTION Y DESARROLLO DE PAUCAR DEL SARA SARA,64
51006,AYACUCHO,PAUCAR DEL SARA SARA,OYOLO,PARTIDO APRISTA PERUANO,90
51006,AYACUCHO,PAUCAR DEL SARA SARA,OYOLO,PARTIDO DEMOCRATICO SOMOS PERU,5
51006,AYACUCHO,PAUCAR DEL SARA SARA,OYOLO,PARTIDO PERU POSIBLE,160
51007,AYACUCHO,PAUCAR DEL SARA SARA,PARARCA,ALIANZA ELECTORAL UNIDAD NACIONAL,77
51007,AYACUCHO,PAUCAR DEL SARA SARA,PARARCA,"MOVIMIENTO INDEPENDIENTE ""DIGNIDAD PARARQUINA""",87
51007,AYACUCHO,PAUCAR DEL SARA SARA,PARARCA,"MOVIMIENTO INDEPENDIENTE ""INTEGRACION REGIONAL""",15
51007,AYACUCHO,PAUCAR DEL SARA SARA,PARARCA,"MOVIMIENTO INDEPENDIENTE ""NUEVA SOCIEDAD""",9
51007,AYACUCHO,PAUCAR DEL SARA SARA,PARARCA,PARTIDO APRISTA PERUANO,22
51007,AYACUCHO,PAUCAR DEL SARA SARA,PARARCA,PARTIDO PERU POSIBLE,23
51008,AYACUCHO,PAUCAR DEL SARA SARA,SAN JAVIER DE ALPABAMBA,ALIANZA ELECTORAL UNIDAD NACIONAL,12
51008,AYACUCHO,PAUCAR DEL SARA SARA,SAN JAVIER DE ALPABAMBA,GESTION Y DESARROLLO DE PAUCAR DEL SARA SARA,36
51008,AYACUCHO,PAUCAR DEL SARA SARA,SAN JAVIER DE ALPABAMBA,"LISTA INDEPENDIENTE ""MOVIMIENTO POLITICO SARA SARA EN ACCION""",0
51008,AYACUCHO,PAUCAR DEL SARA SARA,SAN JAVIER DE ALPABAMBA,"MOVIMIENTO INDEPENDIENTE ""INTEGRACION REGIONAL""",60
51008,AYACUCHO,PAUCAR DEL SARA SARA,SAN JAVIER DE ALPABAMBA,"MOVIMIENTO INDEPENDIENTE ""LUZ ANDINA DE ALPABAMBA""",6
51008,AYACUCHO,PAUCAR DEL SARA SARA,SAN JAVIER DE ALPABAMBA,PARTIDO ACCION POPULAR,16
51008,AYACUCHO,PAUCAR DEL SARA SARA,SAN JAVIER DE ALPABAMBA,PARTIDO APRISTA PERUANO,7
51008,AYACUCHO,PAUCAR DEL SARA SARA,SAN JAVIER DE ALPABAMBA,PARTIDO PERU POSIBLE,17
51008,AYACUCHO,PAUCAR DEL SARA SARA,SAN JAVIER DE ALPABAMBA,PARTIDO RENACIMIENTO ANDINO,0
51009,AYACUCHO,PAUCAR DEL SARA SARA,SAN JOSE DE USHUA,ALIANZA ELECTORAL UNIDAD NACIONAL,13
51009,AYACUCHO,PAUCAR DEL SARA SARA,SAN JOSE DE USHUA,"MOVIMIENTO INDEPENDIENTE ""INTEGRACION REGIONAL""",11
51009,AYACUCHO,PAUCAR DEL SARA SARA,SAN JOSE DE USHUA,PARTIDO APRISTA PERUANO,13
51009,AYACUCHO,PAUCAR DEL SARA SARA,SAN JOSE DE USHUA,PARTIDO PERU POSIBLE,35
51010,AYACUCHO,PAUCAR DEL SARA SARA,SARA SARA,ALIANZA ELECTORAL UNIDAD NACIONAL,7
51010,AYACUCHO,PAUCAR DEL SARA SARA,SARA SARA,GESTION Y DESARROLLO DE PAUCAR DEL SARA SARA,9
51010,AYACUCHO,PAUCAR DEL SARA SARA,SARA SARA,"MOVIMIENTO INDEPENDIENTE ""INTEGRACION REGIONAL""",13
51010,AYACUCHO,PAUCAR DEL SARA SARA,SARA SARA,"MOVIMIENTO INDEPENDIENTE ""NUEVA REORGANIZACION DEL DISTRITO DE SARA SARA""",4
51010,AYACUCHO,PAUCAR DEL SARA SARA,SARA SARA,"MOVIMIENTO INDEPENDIENTE ""NUEVA SOCIEDAD""",67
51010,AYACUCHO,PAUCAR DEL SARA SARA,SARA SARA,PARTIDO APRISTA PERUANO,36
51010,AYACUCHO,PAUCAR DEL SARA SARA,SARA SARA,PARTIDO DEMOCRATICO SOMOS PERU,13
51010,AYACUCHO,PAUCAR DEL SARA SARA,SARA SARA,PARTIDO PERU POSIBLE,135
51102,AYACUCHO,SUCRE,BELEN,ALIANZA ELECTORAL UNIDAD NACIONAL,20
51102,AYACUCHO,SUCRE,BELEN,"MOVIMIENTO INDEPENDIENTE ""INTEGRACION REGIONAL""",34
51102,AYACUCHO,SUCRE,BELEN,PARTIDO APRISTA PERUANO,17
51102,AYACUCHO,SUCRE,BELEN,PARTIDO DEMOCRATICO SOMOS PERU,49
51102,AYACUCHO,SUCRE,BELEN,PARTIDO PERU POSIBLE,28
51102,AYACUCHO,SUCRE,BELEN,PARTIDO RENACIMIENTO ANDINO,7
51103,AYACUCHO,SUCRE,CHALCOS,PARTIDO ACCION POPULAR,22
51103,AYACUCHO,SUCRE,CHALCOS,PARTIDO APRISTA PERUANO,73
51103,AYACUCHO,SUCRE,CHALCOS,PARTIDO DEMOCRATICO SOMOS PERU,80
51103,AYACUCHO,SUCRE,CHALCOS,PARTIDO PERU POSIBLE,49
51104,AYACUCHO,SUCRE,SAN SALVADOR DE QUIJE,ALIANZA ELECTORAL UNIDAD NACIONAL,38
51104,AYACUCHO,SUCRE,SAN SALVADOR DE QUIJE,"MOVIMIENTO INDEPENDIENTE ""INTEGRACION REGIONAL""",36
51104,AYACUCHO,SUCRE,SAN SALVADOR DE QUIJE,MOVIMIENTO INDEPENDIENTE ADELANTE SUCRE,50
51104,AYACUCHO,SUCRE,SAN SALVADOR DE QUIJE,MOVIMIENTO INDEPENDIENTE LA NUEVA ESPERANZA DE SUCRE,13
51104,AYACUCHO,SUCRE,SAN SALVADOR DE QUIJE,PARTIDO ACCION POPULAR,57
51104,AYACUCHO,SUCRE,SAN SALVADOR DE QUIJE,PARTIDO APRISTA PERUANO,14
51104,AYACUCHO,SUCRE,SAN SALVADOR DE QUIJE,PARTIDO DEMOCRATICO SOMOS PERU,65
51104,AYACUCHO,SUCRE,SAN SALVADOR DE QUIJE,PARTIDO PERU POSIBLE,62
51104,AYACUCHO,SUCRE,SAN SALVADOR DE QUIJE,PARTIDO RENACIMIENTO ANDINO,58
51105,AYACUCHO,SUCRE,PAICO,MOVIMIENTO INDEPENDIENTE LA NUEVA ESPERANZA DE SUCRE,42
51105,AYACUCHO,SUCRE,PAICO,PARTIDO APRISTA PERUANO,67
51105,AYACUCHO,SUCRE,PAICO,PARTIDO DEMOCRATICO SOMOS PERU,87
51105,AYACUCHO,SUCRE,PAICO,PARTIDO PERU POSIBLE,84
51106,AYACUCHO,SUCRE,SANTIAGO DE PAUCARAY,MOVIMIENTO INDEPENDIENTE LA NUEVA ESPERANZA DE SUCRE,23
51106,AYACUCHO,SUCRE,SANTIAGO DE PAUCARAY,PARTIDO APRISTA PERUANO,46
51106,AYACUCHO,SUCRE,SANTIAGO DE PAUCARAY,PARTIDO DEMOCRATICO SOMOS PERU,87
51106,AYACUCHO,SUCRE,SANTIAGO DE PAUCARAY,PARTIDO PERU POSIBLE,105
51106,AYACUCHO,SUCRE,SANTIAGO DE PAUCARAY,PARTIDO RENACIMIENTO ANDINO,32
51107,AYACUCHO,SUCRE,SAN PEDRO DE LARCAY,"MOVIMIENTO INDEPENDIENTE ""INTEGRACION REGIONAL""",73
51107,AYACUCHO,SUCRE,SAN PEDRO DE LARCAY,MOVIMIENTO INDEPENDIENTE ADELANTE SUCRE,23
51107,AYACUCHO,SUCRE,SAN PEDRO DE LARCAY,PARTIDO APRISTA PERUANO,13
51107,AYACUCHO,SUCRE,SAN PEDRO DE LARCAY,PARTIDO DEMOCRATICO SOMOS PERU,76
51107,AYACUCHO,SUCRE,SAN PEDRO DE LARCAY,PARTIDO PERU POSIBLE,53
51108,AYACUCHO,SUCRE,SORAS,ALIANZA ELECTORAL UNIDAD NACIONAL,5
51108,AYACUCHO,SUCRE,SORAS,PARTIDO ACCION POPULAR,51
51108,AYACUCHO,SUCRE,SORAS,PARTIDO APRISTA PERUANO,10
51108,AYACUCHO,SUCRE,SORAS,PARTIDO DEMOCRATICO SOMOS PERU,58
51108,AYACUCHO,SUCRE,SORAS,PARTIDO PERU POSIBLE,185
51109,AYACUCHO,SUCRE,HUACAÑA,ALIANZA ELECTORAL UNIDAD NACIONAL,46
51109,AYACUCHO,SUCRE,HUACAÑA,"MOVIMIENTO INDEPENDIENTE ""INTEGRACION REGIONAL""",12
51109,AYACUCHO,SUCRE,HUACAÑA,PARTIDO APRISTA PERUANO,16
51109,AYACUCHO,SUCRE,HUACAÑA,PARTIDO DEMOCRATICO SOMOS PERU,53
51109,AYACUCHO,SUCRE,HUACAÑA,PARTIDO PERU POSIBLE,42
51110,AYACUCHO,SUCRE,CHILCAYOC,ALIANZA ELECTORAL UNIDAD NACIONAL,46
51110,AYACUCHO,SUCRE,CHILCAYOC,"MOVIMIENTO INDEPENDIENTE ""INTEGRACION REGIONAL""",65
51110,AYACUCHO,SUCRE,CHILCAYOC,PARTIDO DEMOCRATICO SOMOS PERU,69
51110,AYACUCHO,SUCRE,CHILCAYOC,PARTIDO PERU POSIBLE,70
51111,AYACUCHO,SUCRE,MORCOLLA,ALIANZA ELECTORAL UNIDAD NACIONAL,42
51111,AYACUCHO,SUCRE,MORCOLLA,"MOVIMIENTO INDEPENDIENTE ""INTEGRACION REGIONAL""",104
51111,AYACUCHO,SUCRE,MORCOLLA,PARTIDO ACCION POPULAR,53
51111,AYACUCHO,SUCRE,MORCOLLA,PARTIDO APRISTA PERUANO,9
51111,AYACUCHO,SUCRE,MORCOLLA,PARTIDO DEMOCRATICO SOMOS PERU,107
51111,AYACUCHO,SUCRE,MORCOLLA,PARTIDO PERU POSIBLE,95
51111,AYACUCHO,SUCRE,MORCOLLA,PARTIDO RENACIMIENTO ANDINO,22
60102,CAJAMARCA,CAJAMARCA,ASUNCION,"FRENTE INDEPENDIENTE RENOVADOR ""FIR""",319
60102,CAJAMARCA,CAJAMARCA,ASUNCION,FUERZA DEMOCRATICA,69
60102,CAJAMARCA,CAJAMARCA,ASUNCION,MOVIMIENTO INDEPENDIENTE DEPARTAMENTAL ADELANTE CAJAMARCA,50
60102,CAJAMARCA,CAJAMARCA,ASUNCION,PARTIDO ACCION POPULAR,846
60102,CAJAMARCA,CAJAMARCA,ASUNCION,PARTIDO APRISTA PERUANO,1293
60102,CAJAMARCA,CAJAMARCA,ASUNCION,PARTIDO DEMOCRATICO SOMOS PERU,313
60102,CAJAMARCA,CAJAMARCA,ASUNCION,PARTIDO PERU POSIBLE,85
60102,CAJAMARCA,CAJAMARCA,ASUNCION,PARTIDO RECONSTRUCCION DEMOCRATICA (PRD),49
60103,CAJAMARCA,CAJAMARCA,COSPAN,ALIANZA ELECTORAL UNIDAD NACIONAL,168
60103,CAJAMARCA,CAJAMARCA,COSPAN,"FRENTE INDEPENDIENTE RENOVADOR ""FIR""",952
60103,CAJAMARCA,CAJAMARCA,COSPAN,MOVIMIENTO NUEVA IZQUIERDA,122
60103,CAJAMARCA,CAJAMARCA,COSPAN,PARTIDO ACCION POPULAR,142
60103,CAJAMARCA,CAJAMARCA,COSPAN,PARTIDO APRISTA PERUANO,701
60103,CAJAMARCA,CAJAMARCA,COSPAN,PARTIDO DEMOCRATICO SOMOS PERU,162
60103,CAJAMARCA,CAJAMARCA,COSPAN,PARTIDO PERU POSIBLE,11
60103,CAJAMARCA,CAJAMARCA,COSPAN,PARTIDO RECONSTRUCCION DEMOCRATICA (PRD),25
60104,CAJAMARCA,CAJAMARCA,CHETILLA,ALIANZA ELECTORAL UNIDAD NACIONAL,22
60104,CAJAMARCA,CAJAMARCA,CHETILLA,"FRENTE INDEPENDIENTE RENOVADOR ""FIR""",116
60104,CAJAMARCA,CAJAMARCA,CHETILLA,PARTIDO ACCION POPULAR,189
60104,CAJAMARCA,CAJAMARCA,CHETILLA,PARTIDO APRISTA PERUANO,295
60104,CAJAMARCA,CAJAMARCA,CHETILLA,PARTIDO PERU POSIBLE,379
60104,CAJAMARCA,CAJAMARCA,CHETILLA,PARTIDO RECONSTRUCCION DEMOCRATICA (PRD),127
60105,CAJAMARCA,CAJAMARCA,ENCAÑADA,ALIANZA ELECTORAL UNIDAD NACIONAL,686
60105,CAJAMARCA,CAJAMARCA,ENCAÑADA,"FRENTE INDEPENDIENTE RENOVADOR ""FIR""",561
60105,CAJAMARCA,CAJAMARCA,ENCAÑADA,FRENTE INDEPENDIENTE TRABAJO Y AMISTAD,539
60105,CAJAMARCA,CAJAMARCA,ENCAÑADA,"LISTA INDEPENDIENTE ""UNION POPULAR CAJAMARQUINA - UPC""",56
60105,CAJAMARCA,CAJAMARCA,ENCAÑADA,PARTIDO ACCION POPULAR,53
60105,CAJAMARCA,CAJAMARCA,ENCAÑADA,PARTIDO APRISTA PERUANO,441
60105,CAJAMARCA,CAJAMARCA,ENCAÑADA,PARTIDO DEMOCRATICO SOMOS PERU,85
60105,CAJAMARCA,CAJAMARCA,ENCAÑADA,PARTIDO PERU POSIBLE,843
60105,CAJAMARCA,CAJAMARCA,ENCAÑADA,PARTIDO POLITICO NACIONAL PRIMERO PERU,572
60105,CAJAMARCA,CAJAMARCA,ENCAÑADA,UNIDAD REGIONAL INDEPENDIENTE,1054
60105,CAJAMARCA,CAJAMARCA,ENCAÑADA,VENCEREMOS,1769
60106,CAJAMARCA,CAJAMARCA,JESUS,ALIANZA ELECTORAL UNIDAD NACIONAL,327
60106,CAJAMARCA,CAJAMARCA,JESUS,ALIANZA PARA EL PROGRESO,360
60106,CAJAMARCA,CAJAMARCA,JESUS,CONTIGO JESUS,638
60106,CAJAMARCA,CAJAMARCA,JESUS,"FRENTE INDEPENDIENTE RENOVADOR ""FIR""",612
60106,CAJAMARCA,CAJAMARCA,JESUS,FUERZA DEMOCRATICA,279
60106,CAJAMARCA,CAJAMARCA,JESUS,"MOVIMIENTO INDEPENDIENTE ""FUTURO JESUSANO""",54
60106,CAJAMARCA,CAJAMARCA,JESUS,PARTIDO ACCION POPULAR,294
60106,CAJAMARCA,CAJAMARCA,JESUS,PARTIDO APRISTA PERUANO,876
60106,CAJAMARCA,CAJAMARCA,JESUS,PARTIDO DEMOCRATICO SOMOS PERU,308
60106,CAJAMARCA,CAJAMARCA,JESUS,PARTIDO PERU POSIBLE,573
60106,CAJAMARCA,CAJAMARCA,JESUS,PARTIDO RECONSTRUCCION DEMOCRATICA (PRD),697
60106,CAJAMARCA,CAJAMARCA,JESUS,UNIDAD REGIONAL INDEPENDIENTE,201
60107,CAJAMARCA,CAJAMARCA,LOS BAÑOS DEL INCA,ACCION Y DESARROLLO,0
60107,CAJAMARCA,CAJAMARCA,LOS BAÑOS DEL INCA,AGRUPACION INDEPENDIENTE UNION POR EL PERU - FRENTE AMPLIO,0
60107,CAJAMARCA,CAJAMARCA,LOS BAÑOS DEL INCA,ALIANZA ELECTORAL UNIDAD NACIONAL,0
60107,CAJAMARCA,CAJAMARCA,LOS BAÑOS DEL INCA,FRENTE INDEPENDIENTE CONCERTACION BAÑOSINA,0
60107,CAJAMARCA,CAJAMARCA,LOS BAÑOS DEL INCA,"FRENTE INDEPENDIENTE RENOVADOR ""FIR""",0
60107,CAJAMARCA,CAJAMARCA,LOS BAÑOS DEL INCA,FUERZA DEMOCRATICA,0
60107,CAJAMARCA,CAJAMARCA,LOS BAÑOS DEL INCA,MOVIMIENTO AUTENTICO BAÑOS DEL INCA,0
60107,CAJAMARCA,CAJAMARCA,LOS BAÑOS DEL INCA,MOVIMIENTO INDEPENDIENTE FUERZA CAMPESINA,0
60107,CAJAMARCA,CAJAMARCA,LOS BAÑOS DEL INCA,PARTIDO ACCION POPULAR,0
60107,CAJAMARCA,CAJAMARCA,LOS BAÑOS DEL INCA,PARTIDO APRISTA PERUANO,0
60107,CAJAMARCA,CAJAMARCA,LOS BAÑOS DEL INCA,PARTIDO DEMOCRATICO SOMOS PERU,0
60107,CAJAMARCA,CAJAMARCA,LOS BAÑOS DEL INCA,PARTIDO PERU POSIBLE,0
60107,CAJAMARCA,CAJAMARCA,LOS BAÑOS DEL INCA,PARTIDO POLITICO NACIONAL PRIMERO PERU,0
60107,CAJAMARCA,CAJAMARCA,LOS BAÑOS DEL INCA,PARTIDO RECONSTRUCCION DEMOCRATICA (PRD),0
60107,CAJAMARCA,CAJAMARCA,LOS BAÑOS DEL INCA,UNIDAD REGIONAL INDEPENDIENTE,0
60108,CAJAMARCA,CAJAMARCA,LLACANORA,ALIANZA ELECTORAL UNIDAD NACIONAL,358
60108,CAJAMARCA,CAJAMARCA,LLACANORA,ALIANZA ELECTORAL VAMOS VECINO,22
60108,CAJAMARCA,CAJAMARCA,LLACANORA,"FRENTE INDEPENDIENTE RENOVADOR ""FIR""",116
60108,CAJAMARCA,CAJAMARCA,LLACANORA,FUERZA DEMOCRATICA,480
60108,CAJAMARCA,CAJAMARCA,LLACANORA,PARTIDO ACCION POPULAR,175
60108,CAJAMARCA,CAJAMARCA,LLACANORA,PARTIDO APRISTA PERUANO,339
60108,CAJAMARCA,CAJAMARCA,LLACANORA,PARTIDO PERU POSIBLE,176
60108,CAJAMARCA,CAJAMARCA,LLACANORA,PARTIDO RECONSTRUCCION DEMOCRATICA (PRD),31
60109,CAJAMARCA,CAJAMARCA,MAGDALENA,ALIANZA ELECTORAL UNIDAD NACIONAL,849
60109,CAJAMARCA,CAJAMARCA,MAGDALENA,"FRENTE INDEPENDIENTE RENOVADOR ""FIR""",93
60109,CAJAMARCA,CAJAMARCA,MAGDALENA,MOVIMIENTO INDEPENDIENTE FUERZA MAGDALENA,101
60109,CAJAMARCA,CAJAMARCA,MAGDALENA,MOVIMIENTO INTEGRADOR CIUDAD Y CAMPO,410
60109,CAJAMARCA,CAJAMARCA,MAGDALENA,PARTIDO ACCION POPULAR,13
60109,CAJAMARCA,CAJAMARCA,MAGDALENA,PARTIDO APRISTA PERUANO,268
60109,CAJAMARCA,CAJAMARCA,MAGDALENA,PARTIDO DEMOCRATICO SOMOS PERU,563
60109,CAJAMARCA,CAJAMARCA,MAGDALENA,PARTIDO PERU POSIBLE,874
60109,CAJAMARCA,CAJAMARCA,MAGDALENA,PARTIDO RECONSTRUCCION DEMOCRATICA (PRD),11
60110,CAJAMARCA,CAJAMARCA,MATARA,ALIANZA ELECTORAL UNIDAD NACIONAL,317
60110,CAJAMARCA,CAJAMARCA,MATARA,"FRENTE INDEPENDIENTE RENOVADOR ""FIR""",79
60110,CAJAMARCA,CAJAMARCA,MATARA,PARTIDO ACCION POPULAR,718
60110,CAJAMARCA,CAJAMARCA,MATARA,PARTIDO APRISTA PERUANO,368
60110,CAJAMARCA,CAJAMARCA,MATARA,PARTIDO DEMOCRATICO SOMOS PERU,27
60110,CAJAMARCA,CAJAMARCA,MATARA,PARTIDO PERU POSIBLE,542
60110,CAJAMARCA,CAJAMARCA,MATARA,PARTIDO RECONSTRUCCION DEMOCRATICA (PRD),81
60111,CAJAMARCA,CAJAMARCA,NAMORA,AGRUPACION INDEPENDIENTE UNION POR EL PERU - FRENTE AMPLIO,0
60111,CAJAMARCA,CAJAMARCA,NAMORA,ALIANZA ELECTORAL UNIDAD NACIONAL,0
60111,CAJAMARCA,CAJAMARCA,NAMORA,FRENTE INDEPENDIENTE NAMORINO,0
60111,CAJAMARCA,CAJAMARCA,NAMORA,"FRENTE INDEPENDIENTE RENOVADOR ""FIR""",0
60111,CAJAMARCA,CAJAMARCA,NAMORA,FUERZA DEMOCRATICA,0
60111,CAJAMARCA,CAJAMARCA,NAMORA,"LISTA INDEPENDIENTE ""UNION POPULAR CAJAMARQUINA - UPC""",0
60111,CAJAMARCA,CAJAMARCA,NAMORA,MOVIMIENTO INDEPENDIENTE DEPARTAMENTAL ADELANTE CAJAMARCA,0
60111,CAJAMARCA,CAJAMARCA,NAMORA,PARTIDO ACCION POPULAR,0
60111,CAJAMARCA,CAJAMARCA,NAMORA,PARTIDO APRISTA PERUANO,0
60111,CAJAMARCA,CAJAMARCA,NAMORA,PARTIDO DEMOCRATICO SOMOS PERU,0
60111,CAJAMARCA,CAJAMARCA,NAMORA,PARTIDO PERU POSIBLE,0
60111,CAJAMARCA,CAJAMARCA,NAMORA,PARTIDO POLITICO NACIONAL PRIMERO PERU,0
60111,CAJAMARCA,CAJAMARCA,NAMORA,PARTIDO RECONSTRUCCION DEMOCRATICA (PRD),0
60111,CAJAMARCA,CAJAMARCA,NAMORA,UNIDAD REGIONAL INDEPENDIENTE,0
60112,CAJAMARCA,CAJAMARCA,SAN JUAN,AGRUPACION INDEPENDIENTE UNION POR EL PERU - FRENTE AMPLIO,103
60112,CAJAMARCA,CAJAMARCA,SAN JUAN,ALIANZA ELECTORAL UNIDAD NACIONAL,345
60112,CAJAMARCA,CAJAMARCA,SAN JUAN,ALIANZA ELECTORAL VAMOS VECINO,25
60112,CAJAMARCA,CAJAMARCA,SAN JUAN,ALIANZA PARA EL PROGRESO,199
60112,CAJAMARCA,CAJAMARCA,SAN JUAN,"FRENTE INDEPENDIENTE RENOVADOR ""FIR""",177
60112,CAJAMARCA,CAJAMARCA,SAN JUAN,FUERZA DEMOCRATICA,47
60112,CAJAMARCA,CAJAMARCA,SAN JUAN,MOVIMIENTO NUEVA IZQUIERDA,41
60112,CAJAMARCA,CAJAMARCA,SAN JUAN,PARTIDO ACCION POPULAR,137
60112,CAJAMARCA,CAJAMARCA,SAN JUAN,PARTIDO APRISTA PERUANO,165
60112,CAJAMARCA,CAJAMARCA,SAN JUAN,PARTIDO DEMOCRATICO SOMOS PERU,37
60112,CAJAMARCA,CAJAMARCA,SAN JUAN,PARTIDO PERU POSIBLE,69
60112,CAJAMARCA,CAJAMARCA,SAN JUAN,PARTIDO POLITICO NACIONAL PRIMERO PERU,90
60112,CAJAMARCA,CAJAMARCA,SAN JUAN,PARTIDO RECONSTRUCCION DEMOCRATICA (PRD),71
60112,CAJAMARCA,CAJAMARCA,SAN JUAN,POR EL PROGRESO DE SAN JUAN (MIPROSANJ),329
60112,CAJAMARCA,CAJAMARCA,SAN JUAN,UNIDAD REGIONAL INDEPENDIENTE,3
60202,CAJAMARCA,CAJABAMBA,CACHACHI,ALIANZA ELECTORAL UNIDAD NACIONAL,157
60202,CAJAMARCA,CAJABAMBA,CACHACHI,MOVIMIENTO FUERZA INTEGRACIONISTA REAL,102
60202,CAJAMARCA,CAJABAMBA,CACHACHI,MOVIMIENTO INDEPENDIENTE FUERZA INTEGRACIONISTA CACHACHI,702
60202,CAJAMARCA,CAJABAMBA,CACHACHI,MOVIMIENTO NUEVA IZQUIERDA,15
60202,CAJAMARCA,CAJABAMBA,CACHACHI,PARTIDO ACCION POPULAR,843
60202,CAJAMARCA,CAJABAMBA,CACHACHI,PARTIDO APRISTA PERUANO,381
60202,CAJAMARCA,CAJABAMBA,CACHACHI,PARTIDO PERU POSIBLE,28
60202,CAJAMARCA,CAJABAMBA,CACHACHI,PARTIDO RECONSTRUCCION DEMOCRATICA (PRD),99
60202,CAJAMARCA,CAJABAMBA,CACHACHI,UNION CACHACHI,687
60203,CAJAMARCA,CAJABAMBA,CONDEBAMBA,ALIANZA ELECTORAL UNIDAD NACIONAL,526
60203,CAJAMARCA,CAJABAMBA,CONDEBAMBA,MOVIMIENTO INDEPENDIENTE AHORA CAJABAMBA,179
60203,CAJAMARCA,CAJABAMBA,CONDEBAMBA,MOVIMIENTO INDEPENDIENTE CONDEBAMBA - CAUDAY MICC,409
60203,CAJAMARCA,CAJABAMBA,CONDEBAMBA,MOVIMIENTO INDEPENDIENTE GLORIABAMBA,274
60203,CAJAMARCA,CAJABAMBA,CONDEBAMBA,MOVIMIENTO INDEPENDIENTE RENOVACION CAJABAMBA (MIRC),49
60203,CAJAMARCA,CAJABAMBA,CONDEBAMBA,MOVIMIENTO INDEPENDIENTE SOL DE LOS ANDES,23
60203,CAJAMARCA,CAJABAMBA,CONDEBAMBA,MOVIMIENTO NUEVA IZQUIERDA,22
60203,CAJAMARCA,CAJABAMBA,CONDEBAMBA,PARTIDO ACCION POPULAR,248
60203,CAJAMARCA,CAJABAMBA,CONDEBAMBA,PARTIDO APRISTA PERUANO,128
60203,CAJAMARCA,CAJABAMBA,CONDEBAMBA,PARTIDO PERU POSIBLE,126
60203,CAJAMARCA,CAJABAMBA,CONDEBAMBA,PARTIDO RECONSTRUCCION DEMOCRATICA (PRD),196
60205,CAJAMARCA,CAJABAMBA,SITACOCHA,ALIANZA ELECTORAL UNIDAD NACIONAL,432
60205,CAJAMARCA,CAJABAMBA,SITACOCHA,MOVIMIENTO FUERZA INTEGRACIONISTA REAL,142
60205,CAJAMARCA,CAJABAMBA,SITACOCHA,MOVIMIENTO INDEPENDIENTE AHORA CAJABAMBA,62
60205,CAJAMARCA,CAJABAMBA,SITACOCHA,MOVIMIENTO INDEPENDIENTE GLORIABAMBA,369
60205,CAJAMARCA,CAJABAMBA,SITACOCHA,MOVIMIENTO INDEPENDIENTE RENOVACION CAJABAMBA (MIRC),110
60205,CAJAMARCA,CAJABAMBA,SITACOCHA,MOVIMIENTO INDEPENDIENTE SOL DE LOS ANDES,178
60205,CAJAMARCA,CAJABAMBA,SITACOCHA,MOVIMIENTO NUEVA IZQUIERDA,20
60205,CAJAMARCA,CAJABAMBA,SITACOCHA,PARTIDO ACCION POPULAR,157
60205,CAJAMARCA,CAJABAMBA,SITACOCHA,PARTIDO APRISTA PERUANO,219
60205,CAJAMARCA,CAJABAMBA,SITACOCHA,PARTIDO PERU POSIBLE,94
60205,CAJAMARCA,CAJABAMBA,SITACOCHA,PARTIDO RECONSTRUCCION DEMOCRATICA (PRD),62
60302,CAJAMARCA,CELENDIN,CORTEGANA,"FRENTE INDEPENDIENTE CELENDINO - ""FIC""",24
60302,CAJAMARCA,CELENDIN,CORTEGANA,FRENTE RENOVACION URBANO CAMPESINO,204
60302,CAJAMARCA,CELENDIN,CORTEGANA,"MOVIMIENTO INDEPENDIENTE ""FUERZA CELENDINA""",536
60302,CAJAMARCA,CELENDIN,CORTEGANA,"MOVIMIENTO INDEPENDIENTE POR EL DESARROLLO DE CORTEGANA - ""MIDECOR""",118
60302,CAJAMARCA,CELENDIN,CORTEGANA,OPORTUNIDAD PARA TODOS,103
60302,CAJAMARCA,CELENDIN,CORTEGANA,PARTIDO ACCION POPULAR,32
60302,CAJAMARCA,CELENDIN,CORTEGANA,PARTIDO APRISTA PERUANO,97
60302,CAJAMARCA,CELENDIN,CORTEGANA,PARTIDO PERU POSIBLE,177
60302,CAJAMARCA,CELENDIN,CORTEGANA,PARTIDO POLITICO NACIONAL PRIMERO PERU,119
60303,CAJAMARCA,CELENDIN,CHUMUCH,EL SEMBRADOR,152
60303,CAJAMARCA,CELENDIN,CHUMUCH,"FRENTE INDEPENDIENTE CELENDINO - ""FIC""",65
60303,CAJAMARCA,CELENDIN,CHUMUCH,"MOVIMIENTO INDEPENDIENTE ""FUERZA CELENDINA""",250
60303,CAJAMARCA,CELENDIN,CHUMUCH,OPORTUNIDAD PARA TODOS,111
60303,CAJAMARCA,CELENDIN,CHUMUCH,PARTIDO APRISTA PERUANO,26
60303,CAJAMARCA,CELENDIN,CHUMUCH,PARTIDO PERU POSIBLE,21
60304,CAJAMARCA,CELENDIN,HUASMIN,"FRENTE INDEPENDIENTE CELENDINO - ""FIC""",130
60304,CAJAMARCA,CELENDIN,HUASMIN,FRENTE RENOVACION URBANO CAMPESINO,37
60304,CAJAMARCA,CELENDIN,HUASMIN,"MOVIMIENTO INDEPENDIENTE ""FUERZA CELENDINA""",633
60304,CAJAMARCA,CELENDIN,HUASMIN,OPORTUNIDAD PARA TODOS,1121
60304,CAJAMARCA,CELENDIN,HUASMIN,PARTIDO ACCION POPULAR,39
60304,CAJAMARCA,CELENDIN,HUASMIN,PARTIDO APRISTA PERUANO,37
60304,CAJAMARCA,CELENDIN,HUASMIN,PARTIDO PERU POSIBLE,95
60304,CAJAMARCA,CELENDIN,HUASMIN,PARTIDO POLITICO NACIONAL PRIMERO PERU,38
60305,CAJAMARCA,CELENDIN,JORGE CHAVEZ,"FRENTE INDEPENDIENTE CELENDINO - ""FIC""",57
60305,CAJAMARCA,CELENDIN,JORGE CHAVEZ,"MOVIMIENTO INDEPENDIENTE ""FUERZA CELENDINA""",64
60305,CAJAMARCA,CELENDIN,JORGE CHAVEZ,OPORTUNIDAD PARA TODOS,49
60305,CAJAMARCA,CELENDIN,JORGE CHAVEZ,PARTIDO ACCION POPULAR,73
60305,CAJAMARCA,CELENDIN,JORGE CHAVEZ,PARTIDO APRISTA PERUANO,33
60305,CAJAMARCA,CELENDIN,JORGE CHAVEZ,PARTIDO PERU POSIBLE,64
60305,CAJAMARCA,CELENDIN,JORGE CHAVEZ,PARTIDO RECONSTRUCCION DEMOCRATICA (PRD),49
60306,CAJAMARCA,CELENDIN,JOSE GALVEZ,"FRENTE INDEPENDIENTE CELENDINO - ""FIC""",29
60306,CAJAMARCA,CELENDIN,JOSE GALVEZ,FRENTE RENOVACION URBANO CAMPESINO,122
60306,CAJAMARCA,CELENDIN,JOSE GALVEZ,"MOVIMIENTO INDEPENDIENTE ""FUERZA CELENDINA""",321
60306,CAJAMARCA,CELENDIN,JOSE GALVEZ,"MOVIMIENTO INTEGRACIONISTA AMANECER CAMPESINO ""MIAC""",189
60306,CAJAMARCA,CELENDIN,JOSE GALVEZ,OPORTUNIDAD PARA TODOS,51
60306,CAJAMARCA,CELENDIN,JOSE GALVEZ,PARTIDO ACCION POPULAR,42
60306,CAJAMARCA,CELENDIN,JOSE GALVEZ,PARTIDO APRISTA PERUANO,89
60306,CAJAMARCA,CELENDIN,JOSE GALVEZ,PARTIDO PERU POSIBLE,76
60306,CAJAMARCA,CELENDIN,JOSE GALVEZ,PARTIDO POLITICO NACIONAL PRIMERO PERU,181
60307,CAJAMARCA,CELENDIN,MIGUEL IGLESIAS,ALIANZA ELECTORAL VAMOS VECINO,85
60307,CAJAMARCA,CELENDIN,MIGUEL IGLESIAS,FRENTE RENOVACION URBANO CAMPESINO,214
60307,CAJAMARCA,CELENDIN,MIGUEL IGLESIAS,"MOVIMIENTO INDEPENDIENTE ""FUERZA CELENDINA""",88
60307,CAJAMARCA,CELENDIN,MIGUEL IGLESIAS,OPORTUNIDAD PARA TODOS,86
60307,CAJAMARCA,CELENDIN,MIGUEL IGLESIAS,PARTIDO ACCION POPULAR,201
60307,CAJAMARCA,CELENDIN,MIGUEL IGLESIAS,PARTIDO PERU POSIBLE,220
60307,CAJAMARCA,CELENDIN,MIGUEL IGLESIAS,PARTIDO POLITICO NACIONAL PRIMERO PERU,231
60307,CAJAMARCA,CELENDIN,MIGUEL IGLESIAS,PARTIDO RECONSTRUCCION DEMOCRATICA (PRD),170
60308,CAJAMARCA,CELENDIN,OXAMARCA,"FRENTE INDEPENDIENTE CELENDINO - ""FIC""",164
60308,CAJAMARCA,CELENDIN,OXAMARCA,FRENTE RENOVACION URBANO CAMPESINO,157
60308,CAJAMARCA,CELENDIN,OXAMARCA,"MOVIMIENTO INDEPENDIENTE ""FUERZA CELENDINA""",492
60308,CAJAMARCA,CELENDIN,OXAMARCA,OPORTUNIDAD PARA TODOS,126
60308,CAJAMARCA,CELENDIN,OXAMARCA,PARTIDO ACCION POPULAR,252
60308,CAJAMARCA,CELENDIN,OXAMARCA,PARTIDO PERU POSIBLE,217
60308,CAJAMARCA,CELENDIN,OXAMARCA,PARTIDO POLITICO NACIONAL PRIMERO PERU,286
60308,CAJAMARCA,CELENDIN,OXAMARCA,PARTIDO RECONSTRUCCION DEMOCRATICA (PRD),114
60309,CAJAMARCA,CELENDIN,SOROCHUCO,FRENTE RENOVACION URBANO CAMPESINO,115
60309,CAJAMARCA,CELENDIN,SOROCHUCO,FUERZA DEMOCRATICA,299
60309,CAJAMARCA,CELENDIN,SOROCHUCO,"MOVIMIENTO INDEPENDIENTE ""FUERZA CELENDINA""",621
60309,CAJAMARCA,CELENDIN,SOROCHUCO,OPORTUNIDAD PARA TODOS,370
60309,CAJAMARCA,CELENDIN,SOROCHUCO,PARTIDO ACCION POPULAR,455
60309,CAJAMARCA,CELENDIN,SOROCHUCO,PARTIDO APRISTA PERUANO,224
60309,CAJAMARCA,CELENDIN,SOROCHUCO,PARTIDO DEMOCRATICO SOMOS PERU,133
60309,CAJAMARCA,CELENDIN,SOROCHUCO,PARTIDO PERU POSIBLE,404
60309,CAJAMARCA,CELENDIN,SOROCHUCO,PARTIDO POLITICO NACIONAL PRIMERO PERU,221
60309,CAJAMARCA,CELENDIN,SOROCHUCO,PARTIDO RECONSTRUCCION DEMOCRATICA (PRD),59
60310,CAJAMARCA,CELENDIN,SUCRE,"FRENTE INDEPENDIENTE CELENDINO - ""FIC""",281
60310,CAJAMARCA,CELENDIN,SUCRE,FRENTE RENOVACION URBANO CAMPESINO,238
60310,CAJAMARCA,CELENDIN,SUCRE,"MOVIMIENTO INDEPENDIENTE ""FUERZA CELENDINA""",156
60310,CAJAMARCA,CELENDIN,SUCRE,OPORTUNIDAD PARA TODOS,368
60310,CAJAMARCA,CELENDIN,SUCRE,PARTIDO ACCION POPULAR,217
60310,CAJAMARCA,CELENDIN,SUCRE,PARTIDO APRISTA PERUANO,120
60310,CAJAMARCA,CELENDIN,SUCRE,PARTIDO DEMOCRATICO SOMOS PERU,36
60310,CAJAMARCA,CELENDIN,SUCRE,PARTIDO PERU POSIBLE,64
60310,CAJAMARCA,CELENDIN,SUCRE,PARTIDO POLITICO NACIONAL PRIMERO PERU,223
60310,CAJAMARCA,CELENDIN,SUCRE,PARTIDO RECONSTRUCCION DEMOCRATICA (PRD),48
60311,CAJAMARCA,CELENDIN,UTCO,"FRENTE INDEPENDIENTE CELENDINO - ""FIC""",18
60311,CAJAMARCA,CELENDIN,UTCO,FRENTE RENOVACION URBANO CAMPESINO,15
60311,CAJAMARCA,CELENDIN,UTCO,"MOVIMIENTO INDEPENDIENTE ""FUERZA CELENDINA""",299
60311,CAJAMARCA,CELENDIN,UTCO,OPORTUNIDAD PARA TODOS,193
60311,CAJAMARCA,CELENDIN,UTCO,PARTIDO ACCION POPULAR,250
60311,CAJAMARCA,CELENDIN,UTCO,PARTIDO PERU POSIBLE,39
60312,CAJAMARCA,CELENDIN,LA LIBERTAD DE PALLAN,ALIANZA ELECTORAL VAMOS VECINO,14
60312,CAJAMARCA,CELENDIN,LA LIBERTAD DE PALLAN,"FRENTE INDEPENDIENTE CELENDINO - ""FIC""",33
60312,CAJAMARCA,CELENDIN,LA LIBERTAD DE PALLAN,FRENTE RENOVACION URBANO CAMPESINO,202
60312,CAJAMARCA,CELENDIN,LA LIBERTAD DE PALLAN,"MOVIMIENTO INDEPENDIENTE ""FUERZA CELENDINA""",561
60312,CAJAMARCA,CELENDIN,LA LIBERTAD DE PALLAN,OPORTUNIDAD PARA TODOS,40
60312,CAJAMARCA,CELENDIN,LA LIBERTAD DE PALLAN,PARTIDO ACCION POPULAR,230
60312,CAJAMARCA,CELENDIN,LA LIBERTAD DE PALLAN,PARTIDO APRISTA PERUANO,36
60312,CAJAMARCA,CELENDIN,LA LIBERTAD DE PALLAN,PARTIDO PERU POSIBLE,173
60403,CAJAMARCA,CONTUMAZA,CHILETE,ALIANZA ELECTORAL UNIDAD NACIONAL,95
60403,CAJAMARCA,CONTUMAZA,CHILETE,CHILETE TIERRA DEL SOL,63
60403,CAJAMARCA,CONTUMAZA,CHILETE,FRENTE INDEPENDIENTE POPULAR CHILETE,218
60403,CAJAMARCA,CONTUMAZA,CHILETE,NUEVA AGRUPACION CAMPESINA CHILETE,87
60403,CAJAMARCA,CONTUMAZA,CHILETE,OBRAS Y DESARROLLO HUMANO,222
60403,CAJAMARCA,CONTUMAZA,CHILETE,PARTIDO APRISTA PERUANO,260
60403,CAJAMARCA,CONTUMAZA,CHILETE,PARTIDO DEMOCRATICO SOMOS PERU,360
60403,CAJAMARCA,CONTUMAZA,CHILETE,PARTIDO PERU POSIBLE,421
60404,CAJAMARCA,CONTUMAZA,GUZMANGO,ALIANZA ELECTORAL UNIDAD NACIONAL,234
60404,CAJAMARCA,CONTUMAZA,GUZMANGO,OBRAS Y DESARROLLO HUMANO,18
60404,CAJAMARCA,CONTUMAZA,GUZMANGO,PARTIDO ACCION POPULAR,205
60404,CAJAMARCA,CONTUMAZA,GUZMANGO,PARTIDO APRISTA PERUANO,271
60404,CAJAMARCA,CONTUMAZA,GUZMANGO,PARTIDO DEMOCRATICO SOMOS PERU,47
60404,CAJAMARCA,CONTUMAZA,GUZMANGO,PARTIDO PERU POSIBLE,64
60405,CAJAMARCA,CONTUMAZA,SAN BENITO,ALIANZA ELECTORAL UNIDAD NACIONAL,201
60405,CAJAMARCA,CONTUMAZA,SAN BENITO,MOVIMIENTO INDEPENDIENTE SIEMPRE UNIDOS,14
60405,CAJAMARCA,CONTUMAZA,SAN BENITO,OBRAS Y DESARROLLO HUMANO,237
60405,CAJAMARCA,CONTUMAZA,SAN BENITO,PARTIDO APRISTA PERUANO,437
60405,CAJAMARCA,CONTUMAZA,SAN BENITO,PARTIDO PERU POSIBLE,170
60405,CAJAMARCA,CONTUMAZA,SAN BENITO,UNIDOS PUEBLO Y COMUNIDAD POR SAN BENITO,107
60406,CAJAMARCA,CONTUMAZA,CUPISNIQUE,ALIANZA ELECTORAL UNIDAD NACIONAL,56
60406,CAJAMARCA,CONTUMAZA,CUPISNIQUE,OBRAS Y DESARROLLO HUMANO,482
60406,CAJAMARCA,CONTUMAZA,CUPISNIQUE,PARTIDO APRISTA PERUANO,43
60406,CAJAMARCA,CONTUMAZA,CUPISNIQUE,PARTIDO DEMOCRATICO SOMOS PERU,132
60407,CAJAMARCA,CONTUMAZA,TANTARICA,ALIANZA ELECTORAL UNIDAD NACIONAL,331
60407,CAJAMARCA,CONTUMAZA,TANTARICA,OBRAS Y DESARROLLO HUMANO,310
60407,CAJAMARCA,CONTUMAZA,TANTARICA,PARTIDO ACCION POPULAR,38
60407,CAJAMARCA,CONTUMAZA,TANTARICA,PARTIDO APRISTA PERUANO,123
60407,CAJAMARCA,CONTUMAZA,TANTARICA,PARTIDO DEMOCRATICO SOMOS PERU,195
60407,CAJAMARCA,CONTUMAZA,TANTARICA,PARTIDO PERU POSIBLE,201
60408,CAJAMARCA,CONTUMAZA,YONAN,ALIANZA ELECTORAL UNIDAD NACIONAL,431
60408,CAJAMARCA,CONTUMAZA,YONAN,FRENTE INDEPENDIENTE MORALIZADOR,12
60408,CAJAMARCA,CONTUMAZA,YONAN,MOVIMIENTO DE DESARROLLO DE BASES INDEPENDIENTES (MODI),1194
60408,CAJAMARCA,CONTUMAZA,YONAN,"MOVIMIENTO INDEPENDIENTE ""AVANCE DISTRITAL""",151
60408,CAJAMARCA,CONTUMAZA,YONAN,"MOVIMIENTO INDEPENDIENTE ""POR LA VERDAD Y LA RECONCILIACION""",31
60408,CAJAMARCA,CONTUMAZA,YONAN,OBRAS Y DESARROLLO HUMANO,737
60408,CAJAMARCA,CONTUMAZA,YONAN,PARTIDO APRISTA PERUANO,811
60408,CAJAMARCA,CONTUMAZA,YONAN,PARTIDO DEMOCRATICO SOMOS PERU,451
60408,CAJAMARCA,CONTUMAZA,YONAN,PARTIDO PERU POSIBLE,262
60409,CAJAMARCA,CONTUMAZA,SANTA CRUZ DE TOLED,ALIANZA ELECTORAL UNIDAD NACIONAL,19
60409,CAJAMARCA,CONTUMAZA,SANTA CRUZ DE TOLED,OBRAS Y DESARROLLO HUMANO,65
60409,CAJAMARCA,CONTUMAZA,SANTA CRUZ DE TOLED,PARTIDO ACCION POPULAR,43
60409,CAJAMARCA,CONTUMAZA,SANTA CRUZ DE TOLED,PARTIDO APRISTA PERUANO,115
60409,CAJAMARCA,CONTUMAZA,SANTA CRUZ DE TOLED,PARTIDO DEMOCRATICO SOMOS PERU,202
60409,CAJAMARCA,CONTUMAZA,SANTA CRUZ DE TOLED,PARTIDO PERU POSIBLE,103
60502,CAJAMARCA,CUTERVO,CALLAYUC,ALIANZA ELECTORAL UNIDAD NACIONAL,729
60502,CAJAMARCA,CUTERVO,CALLAYUC,FRENTE INDEPENDIENTE CAMPESINO FREINCA,589
60502,CAJAMARCA,CUTERVO,CALLAYUC,FRENTE INDEPENDIENTE MORALIZADOR,281
60502,CAJAMARCA,CUTERVO,CALLAYUC,PARTIDO ACCION POPULAR,28
60502,CAJAMARCA,CUTERVO,CALLAYUC,PARTIDO APRISTA PERUANO,104
60502,CAJAMARCA,CUTERVO,CALLAYUC,PARTIDO PERU POSIBLE,315
60503,CAJAMARCA,CUTERVO,CUJILLO,ALIANZA ELECTORAL UNIDAD NACIONAL,174
60503,CAJAMARCA,CUTERVO,CUJILLO,ALIANZA PARA EL PROGRESO,22
60503,CAJAMARCA,CUTERVO,CUJILLO,FRENTE INDEPENDIENTE CAMPESINO FREINCA,259
60503,CAJAMARCA,CUTERVO,CUJILLO,FRENTE INDEPENDIENTE MORALIZADOR,35
60503,CAJAMARCA,CUTERVO,CUJILLO,MOVIMIENTO INDEPENDIENTE INTEGRACION CUTERVINA,331
60503,CAJAMARCA,CUTERVO,CUJILLO,PARTIDO APRISTA PERUANO,38
60503,CAJAMARCA,CUTERVO,CUJILLO,PARTIDO PERU POSIBLE,93
60504,CAJAMARCA,CUTERVO,CHOROS,ALIANZA ELECTORAL UNIDAD NACIONAL,556
60504,CAJAMARCA,CUTERVO,CHOROS,PARTIDO APRISTA PERUANO,210
60504,CAJAMARCA,CUTERVO,CHOROS,PARTIDO PERU POSIBLE,143
60505,CAJAMARCA,CUTERVO,LA RAMADA,ALIANZA ELECTORAL UNIDAD NACIONAL,156
60505,CAJAMARCA,CUTERVO,LA RAMADA,FRENTE INDEPENDIENTE CAMPESINO FREINCA,59
60505,CAJAMARCA,CUTERVO,LA RAMADA,FRENTE INDEPENDIENTE MORALIZADOR,113
60505,CAJAMARCA,CUTERVO,LA RAMADA,PARTIDO APRISTA PERUANO,663
60505,CAJAMARCA,CUTERVO,LA RAMADA,PARTIDO PERU POSIBLE,131
60506,CAJAMARCA,CUTERVO,PIMPINGOS,ALIANZA ELECTORAL UNIDAD NACIONAL,114
60506,CAJAMARCA,CUTERVO,PIMPINGOS,ALIANZA PARA EL PROGRESO,175
60506,CAJAMARCA,CUTERVO,PIMPINGOS,FRENTE INDEPENDIENTE CAMPESINO FREINCA,231
60506,CAJAMARCA,CUTERVO,PIMPINGOS,FRENTE INDEPENDIENTE MORALIZADOR,128
60506,CAJAMARCA,CUTERVO,PIMPINGOS,MOVIMIENTO INDEPENDIENTE INTEGRACION CUTERVINA,12
60506,CAJAMARCA,CUTERVO,PIMPINGOS,MOVIMIENTO INDEPENDIENTE PIMPINGOS ES MI TIERRA,90
60506,CAJAMARCA,CUTERVO,PIMPINGOS,MOVIMIENTO INDEPENDIENTE POR UN NUEVO PIMPINGOS,176
60506,CAJAMARCA,CUTERVO,PIMPINGOS,MOVIMIENTO INDEPENDIENTE SALVEMOS PIMPINGOS,89
60506,CAJAMARCA,CUTERVO,PIMPINGOS,MOVIMIENTO NUEVA IZQUIERDA,270
60506,CAJAMARCA,CUTERVO,PIMPINGOS,PARTIDO ACCION POPULAR,121
60506,CAJAMARCA,CUTERVO,PIMPINGOS,PARTIDO APRISTA PERUANO,236
60506,CAJAMARCA,CUTERVO,PIMPINGOS,PARTIDO DEMOCRATICO SOMOS PERU,184
60506,CAJAMARCA,CUTERVO,PIMPINGOS,PARTIDO PERU POSIBLE,139
60507,CAJAMARCA,CUTERVO,QUEROCOTILLO,ALIANZA ELECTORAL UNIDAD NACIONAL,1429
60507,CAJAMARCA,CUTERVO,QUEROCOTILLO,FRENTE INDEPENDIENTE CAMPESINO FREINCA,838
60507,CAJAMARCA,CUTERVO,QUEROCOTILLO,MOVIMIENTO INDEPENDIENTE UNIDOS POR QUEROCOTILLO,443
60507,CAJAMARCA,CUTERVO,QUEROCOTILLO,PARTIDO APRISTA PERUANO,389
60507,CAJAMARCA,CUTERVO,QUEROCOTILLO,PARTIDO PERU POSIBLE,356
60508,CAJAMARCA,CUTERVO,SAN ANDRES DE CUTERVO,ALIANZA ELECTORAL UNIDAD NACIONAL,697
60508,CAJAMARCA,CUTERVO,SAN ANDRES DE CUTERVO,ALIANZA PARA EL PROGRESO,23
60508,CAJAMARCA,CUTERVO,SAN ANDRES DE CUTERVO,FRENTE INDEPENDIENTE CAMPESINO FREINCA,40
60508,CAJAMARCA,CUTERVO,SAN ANDRES DE CUTERVO,FRENTE INDEPENDIENTE MORALIZADOR,145
60508,CAJAMARCA,CUTERVO,SAN ANDRES DE CUTERVO,MOVIMIENTO INDEPENDIENTE SAN ANDRES 2002,99
60508,CAJAMARCA,CUTERVO,SAN ANDRES DE CUTERVO,PARTIDO APRISTA PERUANO,121
60508,CAJAMARCA,CUTERVO,SAN ANDRES DE CUTERVO,PARTIDO PERU POSIBLE,709
60509,CAJAMARCA,CUTERVO,SAN JUAN DE CUTERVO,ALIANZA ELECTORAL UNIDAD NACIONAL,430
60509,CAJAMARCA,CUTERVO,SAN JUAN DE CUTERVO,FRENTE INDEPENDIENTE CAMPESINO FREINCA,23
60509,CAJAMARCA,CUTERVO,SAN JUAN DE CUTERVO,PARTIDO APRISTA PERUANO,82
60509,CAJAMARCA,CUTERVO,SAN JUAN DE CUTERVO,PARTIDO PERU POSIBLE,263
60510,CAJAMARCA,CUTERVO,SAN LUIS DE LUCMA,ALIANZA ELECTORAL UNIDAD NACIONAL,300
60510,CAJAMARCA,CUTERVO,SAN LUIS DE LUCMA,ALIANZA PARA EL PROGRESO,86
60510,CAJAMARCA,CUTERVO,SAN LUIS DE LUCMA,FRENTE INDEPENDIENTE CAMPESINO FREINCA,439
60510,CAJAMARCA,CUTERVO,SAN LUIS DE LUCMA,PARTIDO APRISTA PERUANO,80
60510,CAJAMARCA,CUTERVO,SAN LUIS DE LUCMA,PARTIDO PERU POSIBLE,466
60511,CAJAMARCA,CUTERVO,SANTA CRUZ,ALIANZA PARA EL PROGRESO,624
60511,CAJAMARCA,CUTERVO,SANTA CRUZ,PARTIDO ACCION POPULAR,461
60511,CAJAMARCA,CUTERVO,SANTA CRUZ,PARTIDO APRISTA PERUANO,102
60511,CAJAMARCA,CUTERVO,SANTA CRUZ,PARTIDO PERU POSIBLE,35
60512,CAJAMARCA,CUTERVO,SANTO DOMINGO DE LA CAPILLA,ALIANZA ELECTORAL UNIDAD NACIONAL,0
60512,CAJAMARCA,CUTERVO,SANTO DOMINGO DE LA CAPILLA,ALIANZA PARA EL PROGRESO,0
60512,CAJAMARCA,CUTERVO,SANTO DOMINGO DE LA CAPILLA,FRENTE INDEPENDIENTE CAMPESINO FREINCA,0
60512,CAJAMARCA,CUTERVO,SANTO DOMINGO DE LA CAPILLA,FRENTE INDEPENDIENTE MORALIZADOR,0
60512,CAJAMARCA,CUTERVO,SANTO DOMINGO DE LA CAPILLA,MOVIMIENTO INDEPENDIENTE INTEGRACION CUTERVINA,0
60512,CAJAMARCA,CUTERVO,SANTO DOMINGO DE LA CAPILLA,PARTIDO ACCION POPULAR,0
60512,CAJAMARCA,CUTERVO,SANTO DOMINGO DE LA CAPILLA,PARTIDO APRISTA PERUANO,0
60512,CAJAMARCA,CUTERVO,SANTO DOMINGO DE LA CAPILLA,PARTIDO PERU POSIBLE,0
60513,CAJAMARCA,CUTERVO,SANTO TOMAS,ALIANZA ELECTORAL UNIDAD NACIONAL,172
60513,CAJAMARCA,CUTERVO,SANTO TOMAS,ALIANZA PARA EL PROGRESO,289
60513,CAJAMARCA,CUTERVO,SANTO TOMAS,FRENTE INDEPENDIENTE CAMPESINO FREINCA,245
60513,CAJAMARCA,CUTERVO,SANTO TOMAS,FRENTE INDEPENDIENTE MORALIZADOR,170
60513,CAJAMARCA,CUTERVO,SANTO TOMAS,MOVIMIENTO INDEPENDIENTE INTEGRACION CUTERVINA,563
60513,CAJAMARCA,CUTERVO,SANTO TOMAS,MOVIMIENTO INDEPENDIENTE TOMASINOS A TRABAJAR,219
60513,CAJAMARCA,CUTERVO,SANTO TOMAS,PARTIDO ACCION POPULAR,210
60513,CAJAMARCA,CUTERVO,SANTO TOMAS,PARTIDO APRISTA PERUANO,250
60513,CAJAMARCA,CUTERVO,SANTO TOMAS,PARTIDO PERU POSIBLE,392
60514,CAJAMARCA,CUTERVO,SOCOTA,ALIANZA ELECTORAL UNIDAD NACIONAL,1731
60514,CAJAMARCA,CUTERVO,SOCOTA,FRENTE INDEPENDIENTE CAMPESINO FREINCA,204
60514,CAJAMARCA,CUTERVO,SOCOTA,FRENTE INDEPENDIENTE MORALIZADOR,353
60514,CAJAMARCA,CUTERVO,SOCOTA,PARTIDO APRISTA PERUANO,743
60514,CAJAMARCA,CUTERVO,SOCOTA,PARTIDO PERU POSIBLE,509
60515,CAJAMARCA,CUTERVO,TORIBIO CASANOVA,ALIANZA PARA EL PROGRESO,82
60515,CAJAMARCA,CUTERVO,TORIBIO CASANOVA,FRENTE INDEPENDIENTE CAMPESINO FREINCA,45
60515,CAJAMARCA,CUTERVO,TORIBIO CASANOVA,PARTIDO ACCION POPULAR,269
60515,CAJAMARCA,CUTERVO,TORIBIO CASANOVA,PARTIDO APRISTA PERUANO,125
60515,CAJAMARCA,CUTERVO,TORIBIO CASANOVA,PARTIDO PERU POSIBLE,122
60602,CAJAMARCA,CHOTA,ANGUIA,ALIANZA ELECTORAL UNIDAD NACIONAL,494
60602,CAJAMARCA,CHOTA,ANGUIA,MOVIMIENTO INDEPENDIENTE COMPROMISO CAMPESINO,383
60602,CAJAMARCA,CHOTA,ANGUIA,PARTIDO ACCION POPULAR,169
60602,CAJAMARCA,CHOTA,ANGUIA,PARTIDO APRISTA PERUANO,29
60602,CAJAMARCA,CHOTA,ANGUIA,PARTIDO PERU POSIBLE,104
60603,CAJAMARCA,CHOTA,COCHABAMBA,ALIANZA ELECTORAL UNIDAD NACIONAL,182
60603,CAJAMARCA,CHOTA,COCHABAMBA,FRENTE INDEPENDIENTE MORALIZADOR,730
60603,CAJAMARCA,CHOTA,COCHABAMBA,MOVIMIENTO INDEPENDIENTE COMPROMISO CAMPESINO,606
60603,CAJAMARCA,CHOTA,COCHABAMBA,PARTIDO APRISTA PERUANO,278
60603,CAJAMARCA,CHOTA,COCHABAMBA,PARTIDO PERU POSIBLE,341
60604,CAJAMARCA,CHOTA,CONCHAN,FRENTE INDEPENDIENTE MORALIZADOR,1035
60604,CAJAMARCA,CHOTA,CONCHAN,"MOVIMIENTO INDEPENDIENTE ""CHOTA TIEMPOS NUEVOS""",30
60604,CAJAMARCA,CHOTA,CONCHAN,MOVIMIENTO INDEPENDIENTE COMPROMISO CAMPESINO,756
60604,CAJAMARCA,CHOTA,CONCHAN,MOVIMIENTO NUEVA IZQUIERDA,37
60604,CAJAMARCA,CHOTA,CONCHAN,PARTIDO PERU POSIBLE,82
60605,CAJAMARCA,CHOTA,CHADIN,ALIANZA ELECTORAL UNIDAD NACIONAL,180
60605,CAJAMARCA,CHOTA,CHADIN,FRENTE INDEPENDIENTE MORALIZADOR,48
60605,CAJAMARCA,CHOTA,CHADIN,FUERZA DEMOCRATICA,398
60605,CAJAMARCA,CHOTA,CHADIN,MOVIMIENTO INDEPENDIENTE COMPROMISO CAMPESINO,150
60605,CAJAMARCA,CHOTA,CHADIN,PARTIDO ACCION POPULAR,135
60605,CAJAMARCA,CHOTA,CHADIN,PARTIDO APRISTA PERUANO,158
60605,CAJAMARCA,CHOTA,CHADIN,PARTIDO PERU POSIBLE,308
60606,CAJAMARCA,CHOTA,CHIGUIRIP,ALIANZA ELECTORAL UNIDAD NACIONAL,207
60606,CAJAMARCA,CHOTA,CHIGUIRIP,FRENTE INDEPENDIENTE MORALIZADOR,160
60606,CAJAMARCA,CHOTA,CHIGUIRIP,FUERZA DEMOCRATICA,178
60606,CAJAMARCA,CHOTA,CHIGUIRIP,"MOVIMIENTO INDEPENDIENTE ""NUEVO CHIGUIRIP""",321
60606,CAJAMARCA,CHOTA,CHIGUIRIP,MOVIMIENTO INDEPENDIENTE COMPROMISO CAMPESINO,678
60606,CAJAMARCA,CHOTA,CHIGUIRIP,MOVIMIENTO INDEPENDIENTE CUENTA CONMIGO,169
60606,CAJAMARCA,CHOTA,CHIGUIRIP,PARTIDO APRISTA PERUANO,71
60606,CAJAMARCA,CHOTA,CHIGUIRIP,PARTIDO PERU POSIBLE,154
60607,CAJAMARCA,CHOTA,CHIMBAN,ALIANZA ELECTORAL UNIDAD NACIONAL,220
60607,CAJAMARCA,CHOTA,CHIMBAN,FRENTE INDEPENDIENTE MORALIZADOR,95
60607,CAJAMARCA,CHOTA,CHIMBAN,FUERZA DEMOCRATICA,70
60607,CAJAMARCA,CHOTA,CHIMBAN,MOVIMIENTO INDEPENDIENTE COMPROMISO CAMPESINO,93
60607,CAJAMARCA,CHOTA,CHIMBAN,PARTIDO ACCION POPULAR,80
60607,CAJAMARCA,CHOTA,CHIMBAN,PARTIDO APRISTA PERUANO,38
60607,CAJAMARCA,CHOTA,CHIMBAN,PARTIDO PERU POSIBLE,95
60608,CAJAMARCA,CHOTA,HUAMBOS,ALIANZA ELECTORAL UNIDAD NACIONAL,377
60608,CAJAMARCA,CHOTA,HUAMBOS,CHOTA AVANZA,270
60608,CAJAMARCA,CHOTA,HUAMBOS,"MOVIMIENTO INDEPENDIENTE ""CHOTA TIEMPOS NUEVOS""",102
60608,CAJAMARCA,CHOTA,HUAMBOS,MOVIMIENTO INDEPENDIENTE COMPROMISO CAMPESINO,744
60608,CAJAMARCA,CHOTA,HUAMBOS,MOVIMIENTO INDEPENDIENTE SOL NACIENTE - HUAMBOS,151
60608,CAJAMARCA,CHOTA,HUAMBOS,PARTIDO APRISTA PERUANO,82
60608,CAJAMARCA,CHOTA,HUAMBOS,PARTIDO DEMOCRATICO SOMOS PERU,765
60608,CAJAMARCA,CHOTA,HUAMBOS,PARTIDO PERU POSIBLE,258
60608,CAJAMARCA,CHOTA,HUAMBOS,TODOS POR CHOTA,213
60609,CAJAMARCA,CHOTA,LAJAS,ALIANZA ELECTORAL UNIDAD NACIONAL,178
60609,CAJAMARCA,CHOTA,LAJAS,FRENTE INDEPENDIENTE MORALIZADOR,578
60609,CAJAMARCA,CHOTA,LAJAS,"MOVIMIENTO INDEPENDIENTE ""CHOTA TIEMPOS NUEVOS""",132
60609,CAJAMARCA,CHOTA,LAJAS,MOVIMIENTO INDEPENDIENTE COMPROMISO CAMPESINO,1193
60609,CAJAMARCA,CHOTA,LAJAS,MOVIMIENTO NUEVA IZQUIERDA,47
60609,CAJAMARCA,CHOTA,LAJAS,PARTIDO ACCION POPULAR,2290
60609,CAJAMARCA,CHOTA,LAJAS,PARTIDO APRISTA PERUANO,799
60609,CAJAMARCA,CHOTA,LAJAS,PARTIDO PERU POSIBLE,144
60609,CAJAMARCA,CHOTA,LAJAS,PARTIDO RECONSTRUCCION DEMOCRATICA (PRD),202
60610,CAJAMARCA,CHOTA,LLAMA,ALIANZA ELECTORAL UNIDAD NACIONAL,309
60610,CAJAMARCA,CHOTA,LLAMA,FRENTE INDEPENDIENTE MORALIZADOR,214
60610,CAJAMARCA,CHOTA,LLAMA,MOVIMIENTO CIVICO INDEPENDIENTE JUNTOS POR LLAMA,182
60610,CAJAMARCA,CHOTA,LLAMA,"MOVIMIENTO INDEPENDIENTE ""CHOTA TIEMPOS NUEVOS""",265
60610,CAJAMARCA,CHOTA,LLAMA,MOVIMIENTO INDEPENDIENTE COMPROMISO CAMPESINO,267
60610,CAJAMARCA,CHOTA,LLAMA,PARTIDO APRISTA PERUANO,295
60610,CAJAMARCA,CHOTA,LLAMA,PARTIDO PERU POSIBLE,116
60611,CAJAMARCA,CHOTA,MIRACOSTA,AGRUPACION INDEPENDIENTE UNION POR EL PERU - FRENTE AMPLIO,13
60611,CAJAMARCA,CHOTA,MIRACOSTA,ALIANZA ELECTORAL UNIDAD NACIONAL,139
60611,CAJAMARCA,CHOTA,MIRACOSTA,FRENTE INDEPENDIENTE MORALIZADOR,59
60611,CAJAMARCA,CHOTA,MIRACOSTA,FUERZA DEMOCRATICA,155
60611,CAJAMARCA,CHOTA,MIRACOSTA,MOVIMIENTO INDEPENDIENTE COMPROMISO CAMPESINO,47
60611,CAJAMARCA,CHOTA,MIRACOSTA,MOVIMIENTO NUEVA IZQUIERDA,77
60611,CAJAMARCA,CHOTA,MIRACOSTA,PARTIDO ACCION POPULAR,40
60611,CAJAMARCA,CHOTA,MIRACOSTA,PARTIDO APRISTA PERUANO,65
60611,CAJAMARCA,CHOTA,MIRACOSTA,PARTIDO DEMOCRATICO SOMOS PERU,86
60611,CAJAMARCA,CHOTA,MIRACOSTA,PARTIDO PERU POSIBLE,107
60612,CAJAMARCA,CHOTA,PACCHA,ALIANZA ELECTORAL UNIDAD NACIONAL,136
60612,CAJAMARCA,CHOTA,PACCHA,FUERZA DEMOCRATICA,717
60612,CAJAMARCA,CHOTA,PACCHA,"MOVIMIENTO INDEPENDIENTE ""CHOTA TIEMPOS NUEVOS""",100
60612,CAJAMARCA,CHOTA,PACCHA,MOVIMIENTO INDEPENDIENTE COMPROMISO CAMPESINO,521
60612,CAJAMARCA,CHOTA,PACCHA,PARTIDO ACCION POPULAR,222
60612,CAJAMARCA,CHOTA,PACCHA,PARTIDO APRISTA PERUANO,40
60612,CAJAMARCA,CHOTA,PACCHA,PARTIDO PERU POSIBLE,239
60613,CAJAMARCA,CHOTA,PION,ALIANZA ELECTORAL UNIDAD NACIONAL,291
60613,CAJAMARCA,CHOTA,PION,FRENTE INDEPENDIENTE MORALIZADOR,289
60614,CAJAMARCA,CHOTA,QUEROCOTO,"AGRUPACION POLITICA INDEPENDIENTE ""COMUNIDADES UNIDAS POR QUEROCOTO""",88
60614,CAJAMARCA,CHOTA,QUEROCOTO,ALIANZA ELECTORAL UNIDAD NACIONAL,182
60614,CAJAMARCA,CHOTA,QUEROCOTO,"MOVIMIENTO INDEPENDIENTE ""FRENTE MI QUEROCOTO""",48
60614,CAJAMARCA,CHOTA,QUEROCOTO,MOVIMIENTO INDEPENDIENTE COMPROMISO CAMPESINO,548
60614,CAJAMARCA,CHOTA,QUEROCOTO,PARTIDO APRISTA PERUANO,194
60614,CAJAMARCA,CHOTA,QUEROCOTO,PARTIDO DEMOCRATICO SOMOS PERU,781
60614,CAJAMARCA,CHOTA,QUEROCOTO,PARTIDO PERU POSIBLE,981
60615,CAJAMARCA,CHOTA,TACABAMBA,ALIANZA ELECTORAL UNIDAD NACIONAL,17
60615,CAJAMARCA,CHOTA,TACABAMBA,FRENTE INDEPENDIENTE MORALIZADOR,22
60615,CAJAMARCA,CHOTA,TACABAMBA,"MOVIMIENTO INDEPENDIENTE ""TACABAMBA AL FUTURO""",293
60615,CAJAMARCA,CHOTA,TACABAMBA,MOVIMIENTO INDEPENDIENTE COMPROMISO CAMPESINO,2924
60615,CAJAMARCA,CHOTA,TACABAMBA,MOVIMIENTO INDEPENDIENTE PROGRESO TACABAMBA,334
60615,CAJAMARCA,CHOTA,TACABAMBA,PARTIDO ACCION POPULAR,51
60615,CAJAMARCA,CHOTA,TACABAMBA,PARTIDO APRISTA PERUANO,298
60615,CAJAMARCA,CHOTA,TACABAMBA,PARTIDO PERU POSIBLE,997
60616,CAJAMARCA,CHOTA,TOCMOCHE,ALIANZA ELECTORAL UNIDAD NACIONAL,153
60616,CAJAMARCA,CHOTA,TOCMOCHE,FRENTE INDEPENDIENTE MORALIZADOR,21
60616,CAJAMARCA,CHOTA,TOCMOCHE,MOVIMIENTO INDEPENDIENTE COMPROMISO CAMPESINO,58
60616,CAJAMARCA,CHOTA,TOCMOCHE,PARTIDO ACCION POPULAR,107
60616,CAJAMARCA,CHOTA,TOCMOCHE,PARTIDO APRISTA PERUANO,65
60616,CAJAMARCA,CHOTA,TOCMOCHE,PARTIDO PERU POSIBLE,115
60617,CAJAMARCA,CHOTA,SAN JUAN DE LICUPIS,ALIANZA ELECTORAL UNIDAD NACIONAL,275
60617,CAJAMARCA,CHOTA,SAN JUAN DE LICUPIS,FRENTE INDEPENDIENTE MORALIZADOR,216
60617,CAJAMARCA,CHOTA,SAN JUAN DE LICUPIS,PARTIDO PERU POSIBLE,85
60618,CAJAMARCA,CHOTA,CHOROPAMPA,ALIANZA ELECTORAL UNIDAD NACIONAL,104
60618,CAJAMARCA,CHOTA,CHOROPAMPA,FUERZA DEMOCRATICA,31
60618,CAJAMARCA,CHOTA,CHOROPAMPA,MOVIMIENTO INDEPENDIENTE ADELANTE CHOROPAMPA,146
60618,CAJAMARCA,CHOTA,CHOROPAMPA,MOVIMIENTO INDEPENDIENTE COMPROMISO CAMPESINO,97
60618,CAJAMARCA,CHOTA,CHOROPAMPA,MOVIMIENTO INDEPENDIENTE HONESTIDAD VECINAL CHOROPAMPA,156
60618,CAJAMARCA,CHOTA,CHOROPAMPA,PARTIDO ACCION POPULAR,76
60618,CAJAMARCA,CHOTA,CHOROPAMPA,PARTIDO APRISTA PERUANO,65
60618,CAJAMARCA,CHOTA,CHOROPAMPA,PARTIDO PERU POSIBLE,174
60618,CAJAMARCA,CHOTA,CHOROPAMPA,TODOS POR CHOTA,168
60619,CAJAMARCA,CHOTA,CHALAMARCA,FUERZA DEMOCRATICA,747
60619,CAJAMARCA,CHOTA,CHALAMARCA,MOVIMIENTO INDEPENDIENTE COMPROMISO CAMPESINO,525
60619,CAJAMARCA,CHOTA,CHALAMARCA,MOVIMIENTO NUEVA IZQUIERDA,36
60619,CAJAMARCA,CHOTA,CHALAMARCA,PARTIDO APRISTA PERUANO,24
60619,CAJAMARCA,CHOTA,CHALAMARCA,PARTIDO PERU POSIBLE,976
60702,CAJAMARCA,HUALGAYOC,CHUGUR,FUERZA DEMOCRATICA,179
60702,CAJAMARCA,HUALGAYOC,CHUGUR,MOVIMIENTO AMPLIO DE INTEGRACION SOCIAL - MAIS,2
60702,CAJAMARCA,HUALGAYOC,CHUGUR,"MOVIMIENTO INDEPENDIENTE PROGRESISTA BAMBAMARQUINO - ""MIPROBAM""",208
60702,CAJAMARCA,HUALGAYOC,CHUGUR,"MOVIMIENTO INDEPENDIENTE PROVINCIAL PARA EL DESARROLLO - ""IPRODE""",157
60702,CAJAMARCA,HUALGAYOC,CHUGUR,PARTIDO ACCION POPULAR,545
60702,CAJAMARCA,HUALGAYOC,CHUGUR,PARTIDO PERU POSIBLE,156
60703,CAJAMARCA,HUALGAYOC,HUALGAYOC,FRENTE INDEPENDIENTE MORALIZADOR,60
60703,CAJAMARCA,HUALGAYOC,HUALGAYOC,MOVIMIENTO AMPLIO DE INTEGRACION SOCIAL - MAIS,361
60703,CAJAMARCA,HUALGAYOC,HUALGAYOC,"MOVIMIENTO INDEPENDIENTE DEMOCRATICO DE BAMBAMARCA ""MIDEBAM""",293
60703,CAJAMARCA,HUALGAYOC,HUALGAYOC,"MOVIMIENTO INDEPENDIENTE PROGRESISTA BAMBAMARQUINO - ""MIPROBAM""",2023
60703,CAJAMARCA,HUALGAYOC,HUALGAYOC,"MOVIMIENTO INDEPENDIENTE PROVINCIAL PARA EL DESARROLLO - ""IPRODE""",1249
60703,CAJAMARCA,HUALGAYOC,HUALGAYOC,PARTIDO APRISTA PERUANO,616
60703,CAJAMARCA,HUALGAYOC,HUALGAYOC,PARTIDO PERU POSIBLE,428
60802,CAJAMARCA,JAEN,BELLAVISTA,ALTERNATIVA CAMPESINA,87
60802,CAJAMARCA,JAEN,BELLAVISTA,FRUTO DE BELLAVISTA,151
60802,CAJAMARCA,JAEN,BELLAVISTA,"JUNTOS ALCANZAREMOS EL NORTE ""MI JAEN""",1406
60802,CAJAMARCA,JAEN,BELLAVISTA,LAS OBRAS CONTINUAN,218
60802,CAJAMARCA,JAEN,BELLAVISTA,PARTIDO ACCION POPULAR,1285
60802,CAJAMARCA,JAEN,BELLAVISTA,PARTIDO APRISTA PERUANO,198
60802,CAJAMARCA,JAEN,BELLAVISTA,PARTIDO PERU POSIBLE,157
60802,CAJAMARCA,JAEN,BELLAVISTA,POR UN FUTURO MEJOR,412
60803,CAJAMARCA,JAEN,COLASAY,AGRUPACION INDEPENDIENTE UNION POR EL PERU - FRENTE AMPLIO,526
60803,CAJAMARCA,JAEN,COLASAY,ALIANZA ELECTORAL UNIDAD NACIONAL,43
60803,CAJAMARCA,JAEN,COLASAY,ALTERNATIVA CAMPESINA,18
60803,CAJAMARCA,JAEN,COLASAY,"JUNTOS ALCANZAREMOS EL NORTE ""MI JAEN""",124
60803,CAJAMARCA,JAEN,COLASAY,PARTIDO ACCION POPULAR,580
60803,CAJAMARCA,JAEN,COLASAY,PARTIDO APRISTA PERUANO,664
60803,CAJAMARCA,JAEN,COLASAY,PARTIDO DEMOCRATICO SOMOS PERU,833
60803,CAJAMARCA,JAEN,COLASAY,PARTIDO PERU POSIBLE,139
60803,CAJAMARCA,JAEN,COLASAY,POR UN FUTURO MEJOR,153
60804,CAJAMARCA,JAEN,CHONTALI,ALIANZA ELECTORAL UNIDAD NACIONAL,928
60804,CAJAMARCA,JAEN,CHONTALI,ALTERNATIVA CAMPESINA,126
60804,CAJAMARCA,JAEN,CHONTALI,"JUNTOS ALCANZAREMOS EL NORTE ""MI JAEN""",599
60804,CAJAMARCA,JAEN,CHONTALI,LAS OBRAS CONTINUAN,364
60804,CAJAMARCA,JAEN,CHONTALI,PARTIDO ACCION POPULAR,470
60804,CAJAMARCA,JAEN,CHONTALI,PARTIDO APRISTA PERUANO,117
60804,CAJAMARCA,JAEN,CHONTALI,PARTIDO DEMOCRATICO SOMOS PERU,467
60804,CAJAMARCA,JAEN,CHONTALI,PARTIDO PERU POSIBLE,87
60804,CAJAMARCA,JAEN,CHONTALI,POR UN FUTURO MEJOR,105
60805,CAJAMARCA,JAEN,POMAHUACA,ALIANZA ELECTORAL UNIDAD NACIONAL,548
60805,CAJAMARCA,JAEN,POMAHUACA,PARTIDO ACCION POPULAR,437
60805,CAJAMARCA,JAEN,POMAHUACA,PARTIDO APRISTA PERUANO,584
60805,CAJAMARCA,JAEN,POMAHUACA,PARTIDO DEMOCRATICO SOMOS PERU,448
60805,CAJAMARCA,JAEN,POMAHUACA,PARTIDO PERU POSIBLE,222
60806,CAJAMARCA,JAEN,PUCARA,ALIANZA ELECTORAL UNIDAD NACIONAL,969
60806,CAJAMARCA,JAEN,PUCARA,ALTERNATIVA CAMPESINA,163
60806,CAJAMARCA,JAEN,PUCARA,"JUNTOS ALCANZAREMOS EL NORTE ""MI JAEN""",82
60806,CAJAMARCA,JAEN,PUCARA,PARTIDO ACCION POPULAR,851
60806,CAJAMARCA,JAEN,PUCARA,PARTIDO APRISTA PERUANO,932
60806,CAJAMARCA,JAEN,PUCARA,PARTIDO PERU POSIBLE,595
60807,CAJAMARCA,JAEN,SALLIQUE,ALIANZA ELECTORAL UNIDAD NACIONAL,191
60807,CAJAMARCA,JAEN,SALLIQUE,ALTERNATIVA CAMPESINA,154
60807,CAJAMARCA,JAEN,SALLIQUE,"JUNTOS ALCANZAREMOS EL NORTE ""MI JAEN""",308
60807,CAJAMARCA,JAEN,SALLIQUE,LAS OBRAS CONTINUAN,132
60807,CAJAMARCA,JAEN,SALLIQUE,PARTIDO ACCION POPULAR,44
60807,CAJAMARCA,JAEN,SALLIQUE,PARTIDO APRISTA PERUANO,70
60807,CAJAMARCA,JAEN,SALLIQUE,PARTIDO DEMOCRATICO SOMOS PERU,105
60807,CAJAMARCA,JAEN,SALLIQUE,PARTIDO PERU POSIBLE,454
60807,CAJAMARCA,JAEN,SALLIQUE,POR UN FUTURO MEJOR,42
60808,CAJAMARCA,JAEN,SAN FELIPE,ALIANZA PARA EL PROGRESO,121
60808,CAJAMARCA,JAEN,SAN FELIPE,ALTERNATIVA CAMPESINA,426
60808,CAJAMARCA,JAEN,SAN FELIPE,"JUNTOS ALCANZAREMOS EL NORTE ""MI JAEN""",94
60808,CAJAMARCA,JAEN,SAN FELIPE,PARTIDO ACCION POPULAR,283
60808,CAJAMARCA,JAEN,SAN FELIPE,PARTIDO APRISTA PERUANO,219
60808,CAJAMARCA,JAEN,SAN FELIPE,PARTIDO PERU POSIBLE,64
60808,CAJAMARCA,JAEN,SAN FELIPE,POR UN FUTURO MEJOR,491
60809,CAJAMARCA,JAEN,SAN JOSE DEL ALTO,ALTERNATIVA CAMPESINA,141
60809,CAJAMARCA,JAEN,SAN JOSE DEL ALTO,"JUNTOS ALCANZAREMOS EL NORTE ""MI JAEN""",366
60809,CAJAMARCA,JAEN,SAN JOSE DEL ALTO,LAS OBRAS CONTINUAN,517
60809,CAJAMARCA,JAEN,SAN JOSE DEL ALTO,PARTIDO ACCION POPULAR,464
60809,CAJAMARCA,JAEN,SAN JOSE DEL ALTO,PARTIDO APRISTA PERUANO,211
60809,CAJAMARCA,JAEN,SAN JOSE DEL ALTO,PARTIDO DEMOCRATICO SOMOS PERU,80
60809,CAJAMARCA,JAEN,SAN JOSE DEL ALTO,PARTIDO PERU POSIBLE,111
60809,CAJAMARCA,JAEN,SAN JOSE DEL ALTO,POR UN FUTURO MEJOR,95
60810,CAJAMARCA,JAEN,SANTA ROSA,ALIANZA ELECTORAL UNIDAD NACIONAL,698
60810,CAJAMARCA,JAEN,SANTA ROSA,ALIANZA PARA EL PROGRESO,882
60810,CAJAMARCA,JAEN,SANTA ROSA,"JUNTOS ALCANZAREMOS EL NORTE ""MI JAEN""",220
60810,CAJAMARCA,JAEN,SANTA ROSA,LAS OBRAS CONTINUAN,800
60810,CAJAMARCA,JAEN,SANTA ROSA,PARTIDO ACCION POPULAR,336
60810,CAJAMARCA,JAEN,SANTA ROSA,PARTIDO APRISTA PERUANO,185
60810,CAJAMARCA,JAEN,SANTA ROSA,PARTIDO PERU POSIBLE,199
60811,CAJAMARCA,JAEN,LAS PIRIAS,FUERZA DEMOCRATICA,15
60811,CAJAMARCA,JAEN,LAS PIRIAS,LAS OBRAS CONTINUAN,248
60811,CAJAMARCA,JAEN,LAS PIRIAS,PARTIDO ACCION POPULAR,228
60811,CAJAMARCA,JAEN,LAS PIRIAS,PARTIDO APRISTA PERUANO,590
60811,CAJAMARCA,JAEN,LAS PIRIAS,PARTIDO PERU POSIBLE,349
60811,CAJAMARCA,JAEN,LAS PIRIAS,POR UN FUTURO MEJOR,20
60812,CAJAMARCA,JAEN,HUABAL,ALIANZA ELECTORAL UNIDAD NACIONAL,203
60812,CAJAMARCA,JAEN,HUABAL,ALIANZA PARA EL PROGRESO,338
60812,CAJAMARCA,JAEN,HUABAL,ALTERNATIVA CAMPESINA,79
60812,CAJAMARCA,JAEN,HUABAL,FUERZA DEMOCRATICA,165
60812,CAJAMARCA,JAEN,HUABAL,"JUNTOS ALCANZAREMOS EL NORTE ""MI JAEN""",49
60812,CAJAMARCA,JAEN,HUABAL,LAS OBRAS CONTINUAN,153
60812,CAJAMARCA,JAEN,HUABAL,PARTIDO ACCION POPULAR,208
60812,CAJAMARCA,JAEN,HUABAL,PARTIDO APRISTA PERUANO,45
60812,CAJAMARCA,JAEN,HUABAL,PARTIDO DEMOCRATICO SOMOS PERU,568
60812,CAJAMARCA,JAEN,HUABAL,PARTIDO PERU POSIBLE,25
60812,CAJAMARCA,JAEN,HUABAL,POR UN FUTURO MEJOR,124
60902,CAJAMARCA,SANTA CRUZ,CATACHE,ALIANZA ELECTORAL UNIDAD NACIONAL,246
60902,CAJAMARCA,SANTA CRUZ,CATACHE,"MOVIMIENTO INDEPENDIENTE ""CAMPESINOS AGRICULTORES (MICA)""",51
60902,CAJAMARCA,SANTA CRUZ,CATACHE,"MOVIMIENTO POLITICO ""SANTA CRUZ A LA ACTUALIDAD""",845
60902,CAJAMARCA,SANTA CRUZ,CATACHE,PARTIDO APRISTA PERUANO,282
60902,CAJAMARCA,SANTA CRUZ,CATACHE,PARTIDO PERU POSIBLE,740
60903,CAJAMARCA,SANTA CRUZ,CHANCAYBAÑOS,ALIANZA ELECTORAL UNIDAD NACIONAL,653
60903,CAJAMARCA,SANTA CRUZ,CHANCAYBAÑOS,"MOVIMIENTO POLITICO ""SANTA CRUZ A LA ACTUALIDAD""",695
60903,CAJAMARCA,SANTA CRUZ,CHANCAYBAÑOS,PARTIDO APRISTA PERUANO,58
60903,CAJAMARCA,SANTA CRUZ,CHANCAYBAÑOS,PARTIDO PERU POSIBLE,151
60904,CAJAMARCA,SANTA CRUZ,LA ESPERANZA,ALIANZA ELECTORAL UNIDAD NACIONAL,498
60904,CAJAMARCA,SANTA CRUZ,LA ESPERANZA,"MOVIMIENTO INDEPENDIENTE ""CAMPESINOS AGRICULTORES (MICA)""",7
60904,CAJAMARCA,SANTA CRUZ,LA ESPERANZA,"MOVIMIENTO POLITICO ""SANTA CRUZ A LA ACTUALIDAD""",57
60904,CAJAMARCA,SANTA CRUZ,LA ESPERANZA,PARTIDO APRISTA PERUANO,96
60904,CAJAMARCA,SANTA CRUZ,LA ESPERANZA,PARTIDO PERU POSIBLE,527
60905,CAJAMARCA,SANTA CRUZ,NINABAMBA,ALIANZA ELECTORAL UNIDAD NACIONAL,482
60905,CAJAMARCA,SANTA CRUZ,NINABAMBA,"MOVIMIENTO INDEPENDIENTE ""CAMPESINOS AGRICULTORES (MICA)""",49
60905,CAJAMARCA,SANTA CRUZ,NINABAMBA,"MOVIMIENTO POLITICO ""SANTA CRUZ A LA ACTUALIDAD""",147
60905,CAJAMARCA,SANTA CRUZ,NINABAMBA,PARTIDO APRISTA PERUANO,291
60905,CAJAMARCA,SANTA CRUZ,NINABAMBA,PARTIDO PERU POSIBLE,187
60905,CAJAMARCA,SANTA CRUZ,NINABAMBA,PARTIDO RECONSTRUCCION DEMOCRATICA (PRD),1
60906,CAJAMARCA,SANTA CRUZ,PULAN,ALIANZA ELECTORAL UNIDAD NACIONAL,894
60906,CAJAMARCA,SANTA CRUZ,PULAN,"MOVIMIENTO INDEPENDIENTE ""PULAN AL DESARROLLO""",76
60906,CAJAMARCA,SANTA CRUZ,PULAN,"MOVIMIENTO POLITICO ""SANTA CRUZ A LA ACTUALIDAD""",151
60906,CAJAMARCA,SANTA CRUZ,PULAN,PARTIDO APRISTA PERUANO,178
60906,CAJAMARCA,SANTA CRUZ,PULAN,PARTIDO PERU POSIBLE,852
60907,CAJAMARCA,SANTA CRUZ,SEXI,ALIANZA ELECTORAL UNIDAD NACIONAL,131
60907,CAJAMARCA,SANTA CRUZ,SEXI,"MOVIMIENTO INDEPENDIENTE ""CAMPESINOS AGRICULTORES (MICA)""",18
60907,CAJAMARCA,SANTA CRUZ,SEXI,"MOVIMIENTO POLITICO ""SANTA CRUZ A LA ACTUALIDAD""",27
60907,CAJAMARCA,SANTA CRUZ,SEXI,PARTIDO APRISTA PERUANO,48
60907,CAJAMARCA,SANTA CRUZ,SEXI,PARTIDO PERU POSIBLE,41
60908,CAJAMARCA,SANTA CRUZ,UTICYACU,ALIANZA ELECTORAL UNIDAD NACIONAL,400
60908,CAJAMARCA,SANTA CRUZ,UTICYACU,"MOVIMIENTO INDEPENDIENTE ""CAMPESINOS AGRICULTORES (MICA)""",44
60908,CAJAMARCA,SANTA CRUZ,UTICYACU,"MOVIMIENTO POLITICO ""SANTA CRUZ A LA ACTUALIDAD""",32
60908,CAJAMARCA,SANTA CRUZ,UTICYACU,PARTIDO APRISTA PERUANO,277
60908,CAJAMARCA,SANTA CRUZ,UTICYACU,PARTIDO PERU POSIBLE,173
60909,CAJAMARCA,SANTA CRUZ,YAUYUCAN,ALIANZA ELECTORAL UNIDAD NACIONAL,51
60909,CAJAMARCA,SANTA CRUZ,YAUYUCAN,"MOVIMIENTO INDEPENDIENTE ""CAMPESINOS AGRICULTORES (MICA)""",263
60909,CAJAMARCA,SANTA CRUZ,YAUYUCAN,"MOVIMIENTO POLITICO ""SANTA CRUZ A LA ACTUALIDAD""",105
60909,CAJAMARCA,SANTA CRUZ,YAUYUCAN,PARTIDO APRISTA PERUANO,479
60909,CAJAMARCA,SANTA CRUZ,YAUYUCAN,PARTIDO PERU POSIBLE,320
60910,CAJAMARCA,SANTA CRUZ,ANDABAMBA,ALIANZA ELECTORAL UNIDAD NACIONAL,379
60910,CAJAMARCA,SANTA CRUZ,ANDABAMBA,"MOVIMIENTO INDEPENDIENTE ""CAMPESINOS AGRICULTORES (MICA)""",36
60910,CAJAMARCA,SANTA CRUZ,ANDABAMBA,PARTIDO APRISTA PERUANO,405
60910,CAJAMARCA,SANTA CRUZ,ANDABAMBA,PARTIDO PERU POSIBLE,83
60911,CAJAMARCA,SANTA CRUZ,SAUCEPAMPA,ALIANZA ELECTORAL UNIDAD NACIONAL,346
60911,CAJAMARCA,SANTA CRUZ,SAUCEPAMPA,"MOVIMIENTO POLITICO ""SANTA CRUZ A LA ACTUALIDAD""",139
60911,CAJAMARCA,SANTA CRUZ,SAUCEPAMPA,PARTIDO APRISTA PERUANO,86
60911,CAJAMARCA,SANTA CRUZ,SAUCEPAMPA,PARTIDO PERU POSIBLE,181
61002,CAJAMARCA,SAN MIGUEL,CALQUIS,ALIANZA ELECTORAL UNIDAD NACIONAL,79
61002,CAJAMARCA,SAN MIGUEL,CALQUIS,FRENTE INDEPENDIENTE CALQUISINO,10
61002,CAJAMARCA,SAN MIGUEL,CALQUIS,MOVIMIENTO INDEPENDIENTE ADELANTE CALQUIS,84
61002,CAJAMARCA,SAN MIGUEL,CALQUIS,MOVIMIENTO INDEPENDIENTE PROGRESO SAN MIGUEL,205
61002,CAJAMARCA,SAN MIGUEL,CALQUIS,MOVIMIENTO UNION SAN MIGUELINA,143
61002,CAJAMARCA,SAN MIGUEL,CALQUIS,PARTIDO ACCION POPULAR,199
61002,CAJAMARCA,SAN MIGUEL,CALQUIS,PARTIDO APRISTA PERUANO,33
61002,CAJAMARCA,SAN MIGUEL,CALQUIS,PARTIDO DEMOCRATICO SOMOS PERU,97
61002,CAJAMARCA,SAN MIGUEL,CALQUIS,PARTIDO PERU POSIBLE,98
61002,CAJAMARCA,SAN MIGUEL,CALQUIS,PARTIDO RECONSTRUCCION DEMOCRATICA (PRD),414
61003,CAJAMARCA,SAN MIGUEL,LA FLORIDA,ALIANZA ELECTORAL UNIDAD NACIONAL,197
61003,CAJAMARCA,SAN MIGUEL,LA FLORIDA,MOVIMIENTO INDEPENDIENTE PROGRESO SAN MIGUEL,476
61003,CAJAMARCA,SAN MIGUEL,LA FLORIDA,MOVIMIENTO UNION SAN MIGUELINA,181
61003,CAJAMARCA,SAN MIGUEL,LA FLORIDA,PARTIDO ACCION POPULAR,527
61003,CAJAMARCA,SAN MIGUEL,LA FLORIDA,PARTIDO APRISTA PERUANO,236
61003,CAJAMARCA,SAN MIGUEL,LA FLORIDA,PARTIDO DEMOCRATICO SOMOS PERU,139
61003,CAJAMARCA,SAN MIGUEL,LA FLORIDA,PARTIDO PERU POSIBLE,91
61003,CAJAMARCA,SAN MIGUEL,LA FLORIDA,PARTIDO RECONSTRUCCION DEMOCRATICA (PRD),197
61004,CAJAMARCA,SAN MIGUEL,LLAPA,ALIANZA ELECTORAL UNIDAD NACIONAL,79
61004,CAJAMARCA,SAN MIGUEL,LLAPA,MOVIMIENTO INDEPENDIENTE PROGRESO SAN MIGUEL,42
61004,CAJAMARCA,SAN MIGUEL,LLAPA,MOVIMIENTO UNION SAN MIGUELINA,630
61004,CAJAMARCA,SAN MIGUEL,LLAPA,PARTIDO ACCION POPULAR,6
61004,CAJAMARCA,SAN MIGUEL,LLAPA,PARTIDO APRISTA PERUANO,360
61004,CAJAMARCA,SAN MIGUEL,LLAPA,PARTIDO DEMOCRATICO SOMOS PERU,603
61004,CAJAMARCA,SAN MIGUEL,LLAPA,PARTIDO PERU POSIBLE,285
61004,CAJAMARCA,SAN MIGUEL,LLAPA,PARTIDO RECONSTRUCCION DEMOCRATICA (PRD),347
61005,CAJAMARCA,SAN MIGUEL,NANCHOC,ALIANZA ELECTORAL UNIDAD NACIONAL,104
61005,CAJAMARCA,SAN MIGUEL,NANCHOC,MOVIMIENTO INDEPENDIENTE PROGRESO SAN MIGUEL,263
61005,CAJAMARCA,SAN MIGUEL,NANCHOC,MOVIMIENTO UNION SAN MIGUELINA,99
61005,CAJAMARCA,SAN MIGUEL,NANCHOC,PARTIDO ACCION POPULAR,59
61005,CAJAMARCA,SAN MIGUEL,NANCHOC,PARTIDO APRISTA PERUANO,79
61006,CAJAMARCA,SAN MIGUEL,NIEPOS,ALIANZA ELECTORAL UNIDAD NACIONAL,258
61006,CAJAMARCA,SAN MIGUEL,NIEPOS,MOVIMIENTO UNION SAN MIGUELINA,530
61006,CAJAMARCA,SAN MIGUEL,NIEPOS,PARTIDO APRISTA PERUANO,80
61006,CAJAMARCA,SAN MIGUEL,NIEPOS,PARTIDO DEMOCRATICO SOMOS PERU,472
61006,CAJAMARCA,SAN MIGUEL,NIEPOS,PARTIDO PERU POSIBLE,64
61006,CAJAMARCA,SAN MIGUEL,NIEPOS,PARTIDO RECONSTRUCCION DEMOCRATICA (PRD),611
61007,CAJAMARCA,SAN MIGUEL,SAN GREGORIO,ALIANZA ELECTORAL UNIDAD NACIONAL,161
61007,CAJAMARCA,SAN MIGUEL,SAN GREGORIO,FUERZA DEMOCRATICA,188
61007,CAJAMARCA,SAN MIGUEL,SAN GREGORIO,MOVIMIENTO INDEPENDIENTE PROGRESO SAN MIGUEL,42
61007,CAJAMARCA,SAN MIGUEL,SAN GREGORIO,PARTIDO ACCION POPULAR,23
61007,CAJAMARCA,SAN MIGUEL,SAN GREGORIO,PARTIDO APRISTA PERUANO,253
61007,CAJAMARCA,SAN MIGUEL,SAN GREGORIO,PARTIDO DEMOCRATICO SOMOS PERU,32
61007,CAJAMARCA,SAN MIGUEL,SAN GREGORIO,PARTIDO PERU POSIBLE,65
61008,CAJAMARCA,SAN MIGUEL,SAN SILVESTRE DE COCHAN,ALIANZA ELECTORAL UNIDAD NACIONAL,347
61008,CAJAMARCA,SAN MIGUEL,SAN SILVESTRE DE COCHAN,MOVIMIENTO INDEPENDIENTE PROGRESO SAN MIGUEL,56
61008,CAJAMARCA,SAN MIGUEL,SAN SILVESTRE DE COCHAN,MOVIMIENTO UNION SAN MIGUELINA,668
61008,CAJAMARCA,SAN MIGUEL,SAN SILVESTRE DE COCHAN,PARTIDO ACCION POPULAR,197
61008,CAJAMARCA,SAN MIGUEL,SAN SILVESTRE DE COCHAN,PARTIDO APRISTA PERUANO,60
61008,CAJAMARCA,SAN MIGUEL,SAN SILVESTRE DE COCHAN,PARTIDO DEMOCRATICO SOMOS PERU,40
61008,CAJAMARCA,SAN MIGUEL,SAN SILVESTRE DE COCHAN,PARTIDO PERU POSIBLE,303
61008,CAJAMARCA,SAN MIGUEL,SAN SILVESTRE DE COCHAN,PARTIDO RECONSTRUCCION DEMOCRATICA (PRD),136
61009,CAJAMARCA,SAN MIGUEL,EL PRADO,ALIANZA ELECTORAL UNIDAD NACIONAL,51
61009,CAJAMARCA,SAN MIGUEL,EL PRADO,FUERZA DEMOCRATICA,115
61009,CAJAMARCA,SAN MIGUEL,EL PRADO,MOVIMIENTO INDEPENDIENTE PROGRESO SAN MIGUEL,86
61009,CAJAMARCA,SAN MIGUEL,EL PRADO,MOVIMIENTO NUEVA IZQUIERDA,29
61009,CAJAMARCA,SAN MIGUEL,EL PRADO,MOVIMIENTO UNION SAN MIGUELINA,161
61009,CAJAMARCA,SAN MIGUEL,EL PRADO,PARTIDO ACCION POPULAR,37
61009,CAJAMARCA,SAN MIGUEL,EL PRADO,PARTIDO APRISTA PERUANO,57
61009,CAJAMARCA,SAN MIGUEL,EL PRADO,PARTIDO DEMOCRATICO SOMOS PERU,122
61009,CAJAMARCA,SAN MIGUEL,EL PRADO,PARTIDO PERU POSIBLE,120
61009,CAJAMARCA,SAN MIGUEL,EL PRADO,PARTIDO RECONSTRUCCION DEMOCRATICA (PRD),269
61010,CAJAMARCA,SAN MIGUEL,UNION AGUA BLANCA,ALIANZA ELECTORAL UNIDAD NACIONAL,92
61010,CAJAMARCA,SAN MIGUEL,UNION AGUA BLANCA,MOVIMIENTO INDEPENDIENTE PROGRESO SAN MIGUEL,256
61010,CAJAMARCA,SAN MIGUEL,UNION AGUA BLANCA,MOVIMIENTO UNION SAN MIGUELINA,100
61010,CAJAMARCA,SAN MIGUEL,UNION AGUA BLANCA,PARTIDO ACCION POPULAR,80
61010,CAJAMARCA,SAN MIGUEL,UNION AGUA BLANCA,PARTIDO APRISTA PERUANO,164
61010,CAJAMARCA,SAN MIGUEL,UNION AGUA BLANCA,PARTIDO DEMOCRATICO SOMOS PERU,107
61010,CAJAMARCA,SAN MIGUEL,UNION AGUA BLANCA,PARTIDO RECONSTRUCCION DEMOCRATICA (PRD),295
61011,CAJAMARCA,SAN MIGUEL,TONGOD,ALIANZA ELECTORAL UNIDAD NACIONAL,268
61011,CAJAMARCA,SAN MIGUEL,TONGOD,MOVIMIENTO INDEPENDIENTE PROGRESISTA TONGOD,58
61011,CAJAMARCA,SAN MIGUEL,TONGOD,MOVIMIENTO INDEPENDIENTE PROGRESO SAN MIGUEL,88
61011,CAJAMARCA,SAN MIGUEL,TONGOD,PARTIDO ACCION POPULAR,18
61011,CAJAMARCA,SAN MIGUEL,TONGOD,PARTIDO APRISTA PERUANO,171
61011,CAJAMARCA,SAN MIGUEL,TONGOD,PARTIDO DEMOCRATICO SOMOS PERU,183
61011,CAJAMARCA,SAN MIGUEL,TONGOD,PARTIDO RECONSTRUCCION DEMOCRATICA (PRD),185
61012,CAJAMARCA,SAN MIGUEL,CATILLUC,ALIANZA ELECTORAL UNIDAD NACIONAL,453
61012,CAJAMARCA,SAN MIGUEL,CATILLUC,MOVIMIENTO UNION SAN MIGUELINA,56
61012,CAJAMARCA,SAN MIGUEL,CATILLUC,PARTIDO PERU POSIBLE,563
61012,CAJAMARCA,SAN MIGUEL,CATILLUC,PARTIDO RECONSTRUCCION DEMOCRATICA (PRD),104
61013,CAJAMARCA,SAN MIGUEL,BOLIVAR,ALIANZA ELECTORAL UNIDAD NACIONAL,46
61013,CAJAMARCA,SAN MIGUEL,BOLIVAR,MOVIMIENTO INDEPENDIENTE POR BOLIVAR,645
61013,CAJAMARCA,SAN MIGUEL,BOLIVAR,MOVIMIENTO INDEPENDIENTE PROGRESO SAN MIGUEL,45
61013,CAJAMARCA,SAN MIGUEL,BOLIVAR,MOVIMIENTO UNION SAN MIGUELINA,132
61013,CAJAMARCA,SAN MIGUEL,BOLIVAR,PARTIDO PERU POSIBLE,105
61102,CAJAMARCA,SAN IGNACIO,CHIRINOS,ALIANZA ELECTORAL UNIDAD NACIONAL,256
61102,CAJAMARCA,SAN IGNACIO,CHIRINOS,FUERZA CAMPESINA,1001
61102,CAJAMARCA,SAN IGNACIO,CHIRINOS,PARTIDO ACCION POPULAR,308
61102,CAJAMARCA,SAN IGNACIO,CHIRINOS,PARTIDO APRISTA PERUANO,159
61102,CAJAMARCA,SAN IGNACIO,CHIRINOS,PARTIDO DEMOCRATICO SOMOS PERU,370
61102,CAJAMARCA,SAN IGNACIO,CHIRINOS,PARTIDO PERU POSIBLE,274
61102,CAJAMARCA,SAN IGNACIO,CHIRINOS,SOMOS PROGRESO,880
61103,CAJAMARCA,SAN IGNACIO,HUARANGO,ALIANZA ELECTORAL UNIDAD NACIONAL,1193
61103,CAJAMARCA,SAN IGNACIO,HUARANGO,FUERZA CAMPESINA,430
61103,CAJAMARCA,SAN IGNACIO,HUARANGO,FUERZA HUARANGO,209
61103,CAJAMARCA,SAN IGNACIO,HUARANGO,PARTIDO ACCION POPULAR,128
61103,CAJAMARCA,SAN IGNACIO,HUARANGO,PARTIDO APRISTA PERUANO,406
61103,CAJAMARCA,SAN IGNACIO,HUARANGO,PARTIDO DEMOCRATICO SOMOS PERU,967
61103,CAJAMARCA,SAN IGNACIO,HUARANGO,PARTIDO PERU POSIBLE,948
61103,CAJAMARCA,SAN IGNACIO,HUARANGO,SOMOS PROGRESO,444
61104,CAJAMARCA,SAN IGNACIO,NAMBALLE,ALIANZA ELECTORAL UNIDAD NACIONAL,52
61104,CAJAMARCA,SAN IGNACIO,NAMBALLE,FUERZA AGRARIA DE NAMBALLE,498
61104,CAJAMARCA,SAN IGNACIO,NAMBALLE,FUERZA CAMPESINA,188
61104,CAJAMARCA,SAN IGNACIO,NAMBALLE,PARTIDO APRISTA PERUANO,137
61104,CAJAMARCA,SAN IGNACIO,NAMBALLE,PARTIDO DEMOCRATICO SOMOS PERU,150
61104,CAJAMARCA,SAN IGNACIO,NAMBALLE,PARTIDO PERU POSIBLE,388
61104,CAJAMARCA,SAN IGNACIO,NAMBALLE,SOMOS PROGRESO,417
61105,CAJAMARCA,SAN IGNACIO,LA COIPA,ALIANZA ELECTORAL UNIDAD NACIONAL,914
61105,CAJAMARCA,SAN IGNACIO,LA COIPA,FUERZA CAMPESINA,1732
61105,CAJAMARCA,SAN IGNACIO,LA COIPA,PARTIDO ACCION POPULAR,487
61105,CAJAMARCA,SAN IGNACIO,LA COIPA,PARTIDO APRISTA PERUANO,56
61105,CAJAMARCA,SAN IGNACIO,LA COIPA,PARTIDO PERU POSIBLE,402
61105,CAJAMARCA,SAN IGNACIO,LA COIPA,SOMOS PROGRESO,215
61106,CAJAMARCA,SAN IGNACIO,SAN JOSE DE LOURDES,ALIANZA ELECTORAL UNIDAD NACIONAL,447
61106,CAJAMARCA,SAN IGNACIO,SAN JOSE DE LOURDES,FUERZA CAMPESINA,1446
61106,CAJAMARCA,SAN IGNACIO,SAN JOSE DE LOURDES,PARTIDO ACCION POPULAR,86
61106,CAJAMARCA,SAN IGNACIO,SAN JOSE DE LOURDES,PARTIDO APRISTA PERUANO,325
61106,CAJAMARCA,SAN IGNACIO,SAN JOSE DE LOURDES,PARTIDO DEMOCRATICO SOMOS PERU,17
61106,CAJAMARCA,SAN IGNACIO,SAN JOSE DE LOURDES,PARTIDO PERU POSIBLE,506
61106,CAJAMARCA,SAN IGNACIO,SAN JOSE DE LOURDES,SOMOS PROGRESO,948
61107,CAJAMARCA,SAN IGNACIO,TABACONAS,AGRUPACION INDEPENDIENTE UNION POR EL PERU - FRENTE AMPLIO,82
61107,CAJAMARCA,SAN IGNACIO,TABACONAS,ALIANZA ELECTORAL UNIDAD NACIONAL,403
61107,CAJAMARCA,SAN IGNACIO,TABACONAS,ALIANZA PARA EL PROGRESO,33
61107,CAJAMARCA,SAN IGNACIO,TABACONAS,FUERZA CAMPESINA,825
61107,CAJAMARCA,SAN IGNACIO,TABACONAS,FUERZA DEMOCRATICA,60
61107,CAJAMARCA,SAN IGNACIO,TABACONAS,PARTIDO ACCION POPULAR,415
61107,CAJAMARCA,SAN IGNACIO,TABACONAS,PARTIDO APRISTA PERUANO,26
61107,CAJAMARCA,SAN IGNACIO,TABACONAS,PARTIDO DEMOCRATICO SOMOS PERU,731
61107,CAJAMARCA,SAN IGNACIO,TABACONAS,PARTIDO PERU POSIBLE,68
61107,CAJAMARCA,SAN IGNACIO,TABACONAS,SOMOS PROGRESO,209
61202,CAJAMARCA,SAN MARCOS,ICHOCAN,ALIANZA ELECTORAL UNIDAD NACIONAL,45
61202,CAJAMARCA,SAN MARCOS,ICHOCAN,MOVIMIENTO INDEPENDIENTE CONTIGO RENOVAREMOS SAN MARCOS,192
61202,CAJAMARCA,SAN MARCOS,ICHOCAN,MOVIMIENTO INDEPENDIENTE FUERZA SANMARQUINA,14
61202,CAJAMARCA,SAN MARCOS,ICHOCAN,MOVIMIENTO INTEGRADOR SAN MARCOS - MI SAN MARCOS,478
61202,CAJAMARCA,SAN MARCOS,ICHOCAN,PARTIDO ACCION POPULAR,193
61202,CAJAMARCA,SAN MARCOS,ICHOCAN,PARTIDO APRISTA PERUANO,104
61202,CAJAMARCA,SAN MARCOS,ICHOCAN,PARTIDO DEMOCRATICO SOMOS PERU,34
61202,CAJAMARCA,SAN MARCOS,ICHOCAN,PARTIDO PERU POSIBLE,98
61203,CAJAMARCA,SAN MARCOS,GREGORIO PITA,ALIANZA ELECTORAL UNIDAD NACIONAL,123
61203,CAJAMARCA,SAN MARCOS,GREGORIO PITA,FUERZA DEMOCRATICA,84
61203,CAJAMARCA,SAN MARCOS,GREGORIO PITA,"MOVIMIENTO INDEPENDIENTE ""TODOS JUNTOS POR PAUCAMARCA""",53
61203,CAJAMARCA,SAN MARCOS,GREGORIO PITA,MOVIMIENTO INDEPENDIENTE CONTIGO RENOVAREMOS SAN MARCOS,270
61203,CAJAMARCA,SAN MARCOS,GREGORIO PITA,MOVIMIENTO INDEPENDIENTE FUERZA SANMARQUINA,102
61203,CAJAMARCA,SAN MARCOS,GREGORIO PITA,MOVIMIENTO INTEGRADOR SAN MARCOS - MI SAN MARCOS,427
61203,CAJAMARCA,SAN MARCOS,GREGORIO PITA,PARTIDO ACCION POPULAR,147
61203,CAJAMARCA,SAN MARCOS,GREGORIO PITA,PARTIDO APRISTA PERUANO,191
61203,CAJAMARCA,SAN MARCOS,GREGORIO PITA,PARTIDO DEMOCRATICO SOMOS PERU,48
61203,CAJAMARCA,SAN MARCOS,GREGORIO PITA,PARTIDO PERU POSIBLE,333
61204,CAJAMARCA,SAN MARCOS,JOSE MANUEL QUIROZ,ALIANZA ELECTORAL UNIDAD NACIONAL,264
61204,CAJAMARCA,SAN MARCOS,JOSE MANUEL QUIROZ,FUERZA DEMOCRATICA,66
61204,CAJAMARCA,SAN MARCOS,JOSE MANUEL QUIROZ,MOVIMIENTO INDEPENDIENTE CONTIGO RENOVAREMOS SAN MARCOS,149
61204,CAJAMARCA,SAN MARCOS,JOSE MANUEL QUIROZ,MOVIMIENTO INDEPENDIENTE FUERZA SANMARQUINA,145
61204,CAJAMARCA,SAN MARCOS,JOSE MANUEL QUIROZ,MOVIMIENTO INTEGRADOR SAN MARCOS - MI SAN MARCOS,276
61204,CAJAMARCA,SAN MARCOS,JOSE MANUEL QUIROZ,PARTIDO ACCION POPULAR,21
61204,CAJAMARCA,SAN MARCOS,JOSE MANUEL QUIROZ,PARTIDO APRISTA PERUANO,33
61204,CAJAMARCA,SAN MARCOS,JOSE MANUEL QUIROZ,PARTIDO DEMOCRATICO SOMOS PERU,77
61204,CAJAMARCA,SAN MARCOS,JOSE MANUEL QUIROZ,PARTIDO PERU POSIBLE,148
61205,CAJAMARCA,SAN MARCOS,EDUARDO VILLANUEVA,ALIANZA ELECTORAL UNIDAD NACIONAL,0
61205,CAJAMARCA,SAN MARCOS,EDUARDO VILLANUEVA,FUERZA DEMOCRATICA,0
61205,CAJAMARCA,SAN MARCOS,EDUARDO VILLANUEVA,MOVIMIENTO INDEPENDIENTE CONTIGO RENOVAREMOS SAN MARCOS,0
61205,CAJAMARCA,SAN MARCOS,EDUARDO VILLANUEVA,MOVIMIENTO INDEPENDIENTE FUERZA SANMARQUINA,0
61205,CAJAMARCA,SAN MARCOS,EDUARDO VILLANUEVA,MOVIMIENTO INTEGRADOR SAN MARCOS - MI SAN MARCOS,0
61205,CAJAMARCA,SAN MARCOS,EDUARDO VILLANUEVA,MOVIMIENTO SANMARQUINOS INTERESADOS POR EL DESARROLLO S.I.D.,0
61205,CAJAMARCA,SAN MARCOS,EDUARDO VILLANUEVA,PARTIDO ACCION POPULAR,0
61205,CAJAMARCA,SAN MARCOS,EDUARDO VILLANUEVA,PARTIDO APRISTA PERUANO,0
61205,CAJAMARCA,SAN MARCOS,EDUARDO VILLANUEVA,PARTIDO DEMOCRATICO SOMOS PERU,0
61205,CAJAMARCA,SAN MARCOS,EDUARDO VILLANUEVA,PARTIDO PERU POSIBLE,0
61206,CAJAMARCA,SAN MARCOS,JOSE SABOGAL,ALIANZA ELECTORAL UNIDAD NACIONAL,617
61206,CAJAMARCA,SAN MARCOS,JOSE SABOGAL,ALIANZA ELECTORAL VAMOS VECINO,6
61206,CAJAMARCA,SAN MARCOS,JOSE SABOGAL,FUERZA DEMOCRATICA,9
61206,CAJAMARCA,SAN MARCOS,JOSE SABOGAL,MOVIMIENTO INDEPENDIENTE CONTIGO RENOVAREMOS SAN MARCOS,281
61206,CAJAMARCA,SAN MARCOS,JOSE SABOGAL,MOVIMIENTO INDEPENDIENTE FUERZA SANMARQUINA,461
61206,CAJAMARCA,SAN MARCOS,JOSE SABOGAL,MOVIMIENTO INTEGRADOR SAN MARCOS - MI SAN MARCOS,279
61206,CAJAMARCA,SAN MARCOS,JOSE SABOGAL,PARTIDO ACCION POPULAR,166
61206,CAJAMARCA,SAN MARCOS,JOSE SABOGAL,PARTIDO APRISTA PERUANO,753
61206,CAJAMARCA,SAN MARCOS,JOSE SABOGAL,PARTIDO DEMOCRATICO SOMOS PERU,104
61206,CAJAMARCA,SAN MARCOS,JOSE SABOGAL,PARTIDO PERU POSIBLE,50
61207,CAJAMARCA,SAN MARCOS,CHANCAY,ALIANZA ELECTORAL UNIDAD NACIONAL,87
61207,CAJAMARCA,SAN MARCOS,CHANCAY,FUERZA DEMOCRATICA,68
61207,CAJAMARCA,SAN MARCOS,CHANCAY,MOVIMIENTO INDEPENDIENTE CONTIGO RENOVAREMOS SAN MARCOS,60
61207,CAJAMARCA,SAN MARCOS,CHANCAY,MOVIMIENTO INDEPENDIENTE FUERZA SANMARQUINA,202
61207,CAJAMARCA,SAN MARCOS,CHANCAY,MOVIMIENTO INTEGRADOR SAN MARCOS - MI SAN MARCOS,116
61207,CAJAMARCA,SAN MARCOS,CHANCAY,PARTIDO ACCION POPULAR,108
61207,CAJAMARCA,SAN MARCOS,CHANCAY,PARTIDO APRISTA PERUANO,44
61207,CAJAMARCA,SAN MARCOS,CHANCAY,PARTIDO DEMOCRATICO SOMOS PERU,105
61207,CAJAMARCA,SAN MARCOS,CHANCAY,PARTIDO PERU POSIBLE,94
61302,CAJAMARCA,SAN PABLO,SAN BERNARDINO,AGRUPACION INDEPENDIENTE UNION POR EL PERU - FRENTE AMPLIO,0
61302,CAJAMARCA,SAN PABLO,SAN BERNARDINO,ALIANZA ELECTORAL UNIDAD NACIONAL,0
61302,CAJAMARCA,SAN PABLO,SAN BERNARDINO,FUERZA DEMOCRATICA,0
61302,CAJAMARCA,SAN PABLO,SAN BERNARDINO,FUERZA SAN PABLO,0
61302,CAJAMARCA,SAN PABLO,SAN BERNARDINO,LISTA INDEPENDIENTE DESARROLLO CAMPESINO SAN PABLO,0
61302,CAJAMARCA,SAN PABLO,SAN BERNARDINO,MOVIMIENTO INDEPENDIENTE DEFENDAMOS SAN PABLO,0
61302,CAJAMARCA,SAN PABLO,SAN BERNARDINO,MOVIMIENTO INDEPENDIENTE SANPABLINO 2002,0
61302,CAJAMARCA,SAN PABLO,SAN BERNARDINO,PARTIDO ACCION POPULAR,0
61302,CAJAMARCA,SAN PABLO,SAN BERNARDINO,PARTIDO APRISTA PERUANO,0
61302,CAJAMARCA,SAN PABLO,SAN BERNARDINO,PARTIDO DEMOCRATICO SOMOS PERU,0
61302,CAJAMARCA,SAN PABLO,SAN BERNARDINO,PARTIDO PERU POSIBLE,0
61303,CAJAMARCA,SAN PABLO,SAN LUIS,AGRUPACION INDEPENDIENTE UNION POR EL PERU - FRENTE AMPLIO,55
61303,CAJAMARCA,SAN PABLO,SAN LUIS,ALIANZA ELECTORAL UNIDAD NACIONAL,17
61303,CAJAMARCA,SAN PABLO,SAN LUIS,FUERZA SAN PABLO,325
61303,CAJAMARCA,SAN PABLO,SAN LUIS,LISTA INDEPENDIENTE DESARROLLO CAMPESINO SAN PABLO,30
61303,CAJAMARCA,SAN PABLO,SAN LUIS,PARTIDO ACCION POPULAR,13
61303,CAJAMARCA,SAN PABLO,SAN LUIS,PARTIDO APRISTA PERUANO,137
61303,CAJAMARCA,SAN PABLO,SAN LUIS,PARTIDO PERU POSIBLE,130
61304,CAJAMARCA,SAN PABLO,TUMBADEN,AGRUPACION INDEPENDIENTE UNION POR EL PERU - FRENTE AMPLIO,266
61304,CAJAMARCA,SAN PABLO,TUMBADEN,ALIANZA ELECTORAL UNIDAD NACIONAL,185
61304,CAJAMARCA,SAN PABLO,TUMBADEN,ALIANZA PARA EL PROGRESO,36
61304,CAJAMARCA,SAN PABLO,TUMBADEN,FRENTE INDEPENDIENTE LIBERAL,104
61304,CAJAMARCA,SAN PABLO,TUMBADEN,FUERZA DEMOCRATICA,9
61304,CAJAMARCA,SAN PABLO,TUMBADEN,FUERZA SAN PABLO,61
61304,CAJAMARCA,SAN PABLO,TUMBADEN,LISTA INDEPENDIENTE DESARROLLO CAMPESINO SAN PABLO,181
61304,CAJAMARCA,SAN PABLO,TUMBADEN,MOVIMIENTO INDEPENDIENTE DEFENDAMOS SAN PABLO,21
61304,CAJAMARCA,SAN PABLO,TUMBADEN,MOVIMIENTO INDEPENDIENTE SANPABLINO 2002,48
61304,CAJAMARCA,SAN PABLO,TUMBADEN,PARTIDO ACCION POPULAR,59
61304,CAJAMARCA,SAN PABLO,TUMBADEN,PARTIDO APRISTA PERUANO,42
61304,CAJAMARCA,SAN PABLO,TUMBADEN,PARTIDO DEMOCRATICO SOMOS PERU,50
61304,CAJAMARCA,SAN PABLO,TUMBADEN,PARTIDO PERU POSIBLE,47
70102,CUSCO,CUSCO,CCORCA,AGRUPACION INDEPENDIENTE UNION POR EL PERU - FRENTE AMPLIO,63
70102,CUSCO,CUSCO,CCORCA,ALIANZA ELECTORAL UNIDAD NACIONAL,139
70102,CUSCO,CUSCO,CCORCA,FRENTE INDEPENDIENTE MORALIZADOR,88
70102,CUSCO,CUSCO,CCORCA,MOVIMIENTO DEMOCRATICO JUNTOS POR EL PROGRESO,79
70102,CUSCO,CUSCO,CCORCA,"MOVIMIENTO INDEPENDIENTE ""CUSCO INMORTAL""",30
70102,CUSCO,CUSCO,CCORCA,"MOVIMIENTO POLITICO ""UNION INDEPENDIENTE FUERZA ANDINA""",29
70102,CUSCO,CUSCO,CCORCA,"MOVIMIENTO POLITICO INDEPENDIENTE ""DEMOCRACIA ANDINA REGIONAL""",16
70102,CUSCO,CUSCO,CCORCA,PARTIDO ACCION POPULAR,132
70102,CUSCO,CUSCO,CCORCA,PARTIDO DEMOCRATICO SOMOS PERU,11
70102,CUSCO,CUSCO,CCORCA,PARTIDO INKA PACHAKUTEQ,27
70102,CUSCO,CUSCO,CCORCA,PARTIDO PERU POSIBLE,73
70103,CUSCO,CUSCO,POROY,ALIANZA ELECTORAL UNIDAD NACIONAL,16
70103,CUSCO,CUSCO,POROY,FRENTE INDEPENDIENTE MORALIZADOR,85
70103,CUSCO,CUSCO,POROY,MOVIMIENTO DEMOCRATICO JUNTOS POR EL PROGRESO,36
70103,CUSCO,CUSCO,POROY,"MOVIMIENTO INDEPENDIENTE ""CUSCO INMORTAL""",7
70103,CUSCO,CUSCO,POROY,"MOVIMIENTO POLITICO INDEPENDIENTE ""DEMOCRACIA ANDINA REGIONAL""",6
70103,CUSCO,CUSCO,POROY,PARTIDO APRISTA PERUANO,195
70103,CUSCO,CUSCO,POROY,PARTIDO DEMOCRATICO SOMOS PERU,252
70103,CUSCO,CUSCO,POROY,PARTIDO INKA PACHAKUTEQ,169
70103,CUSCO,CUSCO,POROY,PARTIDO PERU POSIBLE,22
70104,CUSCO,CUSCO,SAN JERONIMO,AGRUPACION INDEPENDIENTE UNION POR EL PERU - FRENTE AMPLIO,1087
70104,CUSCO,CUSCO,SAN JERONIMO,FUERZA DEMOCRATICA,564
70104,CUSCO,CUSCO,SAN JERONIMO,MOVIMIENTO DEMOCRATICO JUNTOS POR EL PROGRESO,831
70104,CUSCO,CUSCO,SAN JERONIMO,"MOVIMIENTO INDEPENDIENTE ""CUSCO INMORTAL""",444
70104,CUSCO,CUSCO,SAN JERONIMO,MOVIMIENTO INDEPENDIENTE FUERZA NUEVA,132
70104,CUSCO,CUSCO,SAN JERONIMO,MOVIMIENTO NUEVA IZQUIERDA,1296
70104,CUSCO,CUSCO,SAN JERONIMO,"MOVIMIENTO POLITICO INDEPENDIENTE ""DEMOCRACIA ANDINA REGIONAL""",529
70104,CUSCO,CUSCO,SAN JERONIMO,"MOVIMIENTO POLITICO INDEPENDIENTE ""TODOS TAWANTINSUYO""",98
70104,CUSCO,CUSCO,SAN JERONIMO,PARTIDO APRISTA PERUANO,511
70104,CUSCO,CUSCO,SAN JERONIMO,PARTIDO DEMOCRATICO SOMOS PERU,1525
70104,CUSCO,CUSCO,SAN JERONIMO,PARTIDO INKA PACHAKUTEQ,787
70104,CUSCO,CUSCO,SAN JERONIMO,PARTIDO PERU POSIBLE,249
70105,CUSCO,CUSCO,SAN SEBASTIAN,AGRUPACION INDEPENDIENTE UNION POR EL PERU - FRENTE AMPLIO,3810
70105,CUSCO,CUSCO,SAN SEBASTIAN,ALIANZA ELECTORAL UNIDAD NACIONAL,283
70105,CUSCO,CUSCO,SAN SEBASTIAN,CUSCO EN ACCION,1837
70105,CUSCO,CUSCO,SAN SEBASTIAN,MOVIMIENTO DEMOCRATICO JUNTOS POR EL PROGRESO,2642
70105,CUSCO,CUSCO,SAN SEBASTIAN,"MOVIMIENTO INDEPENDIENTE ""CUSCO INMORTAL""",365
70105,CUSCO,CUSCO,SAN SEBASTIAN,"MOVIMIENTO INDEPENDIENTE ""JUSTICIA PARA EL DESARROLLO DE SAN SEBASTIAN""",1152
70105,CUSCO,CUSCO,SAN SEBASTIAN,"MOVIMIENTO INDEPENDIENTE ""LLANK`ASUN""",1100
70105,CUSCO,CUSCO,SAN SEBASTIAN,MOVIMIENTO INDEPENDIENTE FUERZA NUEVA,234
70105,CUSCO,CUSCO,SAN SEBASTIAN,MOVIMIENTO NUEVA IZQUIERDA,1897
70105,CUSCO,CUSCO,SAN SEBASTIAN,"MOVIMIENTO POLITICO INDEPENDIENTE ""DEMOCRACIA ANDINA REGIONAL""",118
70105,CUSCO,CUSCO,SAN SEBASTIAN,"MOVIMIENTO POLITICO INDEPENDIENTE ""TODOS TAWANTINSUYO""",260
70105,CUSCO,CUSCO,SAN SEBASTIAN,PARTIDO APRISTA PERUANO,2367
70105,CUSCO,CUSCO,SAN SEBASTIAN,PARTIDO DEMOCRATICO SOMOS PERU,146
70105,CUSCO,CUSCO,SAN SEBASTIAN,PARTIDO INKA PACHAKUTEQ,1445
70105,CUSCO,CUSCO,SAN SEBASTIAN,PARTIDO PERU POSIBLE,367
70105,CUSCO,CUSCO,SAN SEBASTIAN,PARTIDO RENACIMIENTO ANDINO,1229
70106,CUSCO,CUSCO,SANTIAGO,AGRUPACION INDEPENDIENTE UNION POR EL PERU - FRENTE AMPLIO,4518
70106,CUSCO,CUSCO,SANTIAGO,ALIANZA ELECTORAL UNIDAD NACIONAL,556
70106,CUSCO,CUSCO,SANTIAGO,CUSCO EN ACCION,3811
70106,CUSCO,CUSCO,SANTIAGO,FRENTE INDEPENDIENTE MORALIZADOR,2302
70106,CUSCO,CUSCO,SANTIAGO,FUERZA DEMOCRATICA,879
70106,CUSCO,CUSCO,SANTIAGO,MOVIMIENTO AMPLIO PAIS UNIDO - MAPU,561
70106,CUSCO,CUSCO,SANTIAGO,MOVIMIENTO DEMOCRATICO JUNTOS POR EL PROGRESO,6574
70106,CUSCO,CUSCO,SANTIAGO,"MOVIMIENTO INDEPENDIENTE ""CUSCO INMORTAL""",1040
70106,CUSCO,CUSCO,SANTIAGO,"MOVIMIENTO INDEPENDIENTE ""NUEVO CUSCO""",853
70106,CUSCO,CUSCO,SANTIAGO,MOVIMIENTO INDEPENDIENTE FUERZA NUEVA,475
70106,CUSCO,CUSCO,SANTIAGO,MOVIMIENTO NUEVA IZQUIERDA,591
70106,CUSCO,CUSCO,SANTIAGO,"MOVIMIENTO POLITICO INDEPENDIENTE ""DEMOCRACIA ANDINA REGIONAL""",274
70106,CUSCO,CUSCO,SANTIAGO,"MOVIMIENTO POLITICO INDEPENDIENTE ""TODOS TAWANTINSUYO""",2598
70106,CUSCO,CUSCO,SANTIAGO,PARTIDO ACCION POPULAR,528
70106,CUSCO,CUSCO,SANTIAGO,PARTIDO APRISTA PERUANO,2057
70106,CUSCO,CUSCO,SANTIAGO,PARTIDO DEMOCRATICO SOMOS PERU,242
70106,CUSCO,CUSCO,SANTIAGO,PARTIDO INKA PACHAKUTEQ,5676
70106,CUSCO,CUSCO,SANTIAGO,PARTIDO PERU POSIBLE,688
70106,CUSCO,CUSCO,SANTIAGO,PARTIDO RENACIMIENTO ANDINO,221
70107,CUSCO,CUSCO,SAYLLA,ALIANZA ELECTORAL UNIDAD NACIONAL,50
70107,CUSCO,CUSCO,SAYLLA,FUERZA DEMOCRATICA,49
70107,CUSCO,CUSCO,SAYLLA,MOVIMIENTO DEMOCRATICO JUNTOS POR EL PROGRESO,69
70107,CUSCO,CUSCO,SAYLLA,"MOVIMIENTO POLITICO INDEPENDIENTE ""DEMOCRACIA ANDINA REGIONAL""",8
70107,CUSCO,CUSCO,SAYLLA,"MOVIMIENTO POLITICO INDEPENDIENTE ""TODOS TAWANTINSUYO""",91
70107,CUSCO,CUSCO,SAYLLA,PARTIDO APRISTA PERUANO,32
70107,CUSCO,CUSCO,SAYLLA,PARTIDO DEMOCRATICO SOMOS PERU,87
70107,CUSCO,CUSCO,SAYLLA,PARTIDO INKA PACHAKUTEQ,144
70107,CUSCO,CUSCO,SAYLLA,PARTIDO PERU POSIBLE,25
70108,CUSCO,CUSCO,WANCHAQ,AGRUPACION INDEPENDIENTE UNION POR EL PERU - FRENTE AMPLIO,1548
70108,CUSCO,CUSCO,WANCHAQ,ALIANZA ELECTORAL UNIDAD NACIONAL,378
70108,CUSCO,CUSCO,WANCHAQ,CUSCO EN ACCION,12583
70108,CUSCO,CUSCO,WANCHAQ,MOVIMIENTO AMPLIO PAIS UNIDO - MAPU,196
70108,CUSCO,CUSCO,WANCHAQ,MOVIMIENTO DEMOCRATICO JUNTOS POR EL PROGRESO,952
70108,CUSCO,CUSCO,WANCHAQ,"MOVIMIENTO INDEPENDIENTE ""CUSCO INMORTAL""",518
70108,CUSCO,CUSCO,WANCHAQ,"MOVIMIENTO INDEPENDIENTE ""SIEMPRE WANCHAQ""",2935
70108,CUSCO,CUSCO,WANCHAQ,"MOVIMIENTO INDEPENDIENTE ""WANCHAQ PROGRESA""",344
70108,CUSCO,CUSCO,WANCHAQ,MOVIMIENTO INDEPENDIENTE FUERZA NUEVA,1599
70108,CUSCO,CUSCO,WANCHAQ,MOVIMIENTO NUEVA IZQUIERDA,733
70108,CUSCO,CUSCO,WANCHAQ,"MOVIMIENTO POLITICO INDEPENDIENTE ""DEMOCRACIA ANDINA REGIONAL""",233
70108,CUSCO,CUSCO,WANCHAQ,"MOVIMIENTO POLITICO INDEPENDIENTE ""TODOS TAWANTINSUYO""",629
70108,CUSCO,CUSCO,WANCHAQ,PARTIDO ACCION POPULAR,1629
70108,CUSCO,CUSCO,WANCHAQ,PARTIDO APRISTA PERUANO,3344
70108,CUSCO,CUSCO,WANCHAQ,PARTIDO DEMOCRATICO SOMOS PERU,287
70108,CUSCO,CUSCO,WANCHAQ,PARTIDO INKA PACHAKUTEQ,2631
70108,CUSCO,CUSCO,WANCHAQ,PARTIDO PERU POSIBLE,962
70108,CUSCO,CUSCO,WANCHAQ,PARTIDO RENACIMIENTO ANDINO,682
70202,CUSCO,ACOMAYO,ACOPIA,FRENTE INDEPENDIENTE MORALIZADOR,87
70202,CUSCO,ACOMAYO,ACOPIA,MOVIMIENTO DEMOCRATICO JUNTOS POR EL PROGRESO,141
70202,CUSCO,ACOMAYO,ACOPIA,PARTIDO APRISTA PERUANO,97
70202,CUSCO,ACOMAYO,ACOPIA,PARTIDO DEMOCRATICO SOMOS PERU,87
70202,CUSCO,ACOMAYO,ACOPIA,PARTIDO PERU POSIBLE,262
70202,CUSCO,ACOMAYO,ACOPIA,PARTIDO RENACIMIENTO ANDINO,159
70203,CUSCO,ACOMAYO,ACOS,AGRUPACION INDEPENDIENTE UNION POR EL PERU - FRENTE AMPLIO,113
70203,CUSCO,ACOMAYO,ACOS,ALIANZA ELECTORAL UNIDAD NACIONAL,45
70203,CUSCO,ACOMAYO,ACOS,FRENTE INDEPENDIENTE MORALIZADOR,133
70203,CUSCO,ACOMAYO,ACOS,MOVIMIENTO NUEVA IZQUIERDA,51
70203,CUSCO,ACOMAYO,ACOS,PARTIDO APRISTA PERUANO,78
70203,CUSCO,ACOMAYO,ACOS,PARTIDO DEMOCRATICO SOMOS PERU,43
70203,CUSCO,ACOMAYO,ACOS,PARTIDO INKA PACHAKUTEQ,32
70203,CUSCO,ACOMAYO,ACOS,PARTIDO PERU POSIBLE,104
70203,CUSCO,ACOMAYO,ACOS,PARTIDO RENACIMIENTO ANDINO,49
70204,CUSCO,ACOMAYO,POMACANCHI,AGRUPACION INDEPENDIENTE UNION POR EL PERU - FRENTE AMPLIO,12
70204,CUSCO,ACOMAYO,POMACANCHI,ALIANZA ELECTORAL UNIDAD NACIONAL,657
70204,CUSCO,ACOMAYO,POMACANCHI,FRENTE INDEPENDIENTE MORALIZADOR,71
70204,CUSCO,ACOMAYO,POMACANCHI,MOVIMIENTO DEMOCRATICO JUNTOS POR EL PROGRESO,257
70204,CUSCO,ACOMAYO,POMACANCHI,MOVIMIENTO NUEVA IZQUIERDA,149
70204,CUSCO,ACOMAYO,POMACANCHI,PARTIDO ACCION POPULAR,27
70204,CUSCO,ACOMAYO,POMACANCHI,PARTIDO APRISTA PERUANO,166
70204,CUSCO,ACOMAYO,POMACANCHI,PARTIDO DEMOCRATICO SOMOS PERU,299
70204,CUSCO,ACOMAYO,POMACANCHI,PARTIDO INKA PACHAKUTEQ,16
70204,CUSCO,ACOMAYO,POMACANCHI,PARTIDO PERU POSIBLE,438
70204,CUSCO,ACOMAYO,POMACANCHI,PARTIDO RENACIMIENTO ANDINO,163
70205,CUSCO,ACOMAYO,RONDOCAN,AGRUPACION INDEPENDIENTE UNION POR EL PERU - FRENTE AMPLIO,136
70205,CUSCO,ACOMAYO,RONDOCAN,ALIANZA ELECTORAL UNIDAD NACIONAL,148
70205,CUSCO,ACOMAYO,RONDOCAN,MOVIMIENTO DEMOCRATICO JUNTOS POR EL PROGRESO,34
70205,CUSCO,ACOMAYO,RONDOCAN,MOVIMIENTO NUEVA IZQUIERDA,54
70205,CUSCO,ACOMAYO,RONDOCAN,PARTIDO ACCION POPULAR,26
70205,CUSCO,ACOMAYO,RONDOCAN,PARTIDO APRISTA PERUANO,55
70205,CUSCO,ACOMAYO,RONDOCAN,PARTIDO DEMOCRATICO SOMOS PERU,129
70205,CUSCO,ACOMAYO,RONDOCAN,PARTIDO INKA PACHAKUTEQ,117
70205,CUSCO,ACOMAYO,RONDOCAN,PARTIDO PERU POSIBLE,119
70205,CUSCO,ACOMAYO,RONDOCAN,PARTIDO RENACIMIENTO ANDINO,63
70206,CUSCO,ACOMAYO,SANGARARA,ALIANZA ELECTORAL UNIDAD NACIONAL,147
70206,CUSCO,ACOMAYO,SANGARARA,MOVIMIENTO NUEVA IZQUIERDA,40
70206,CUSCO,ACOMAYO,SANGARARA,PARTIDO APRISTA PERUANO,81
70206,CUSCO,ACOMAYO,SANGARARA,PARTIDO DEMOCRATICO SOMOS PERU,421
70206,CUSCO,ACOMAYO,SANGARARA,PARTIDO PERU POSIBLE,498
70206,CUSCO,ACOMAYO,SANGARARA,PARTIDO RENACIMIENTO ANDINO,77
70207,CUSCO,ACOMAYO,MOSOC LLACTA,ALIANZA ELECTORAL UNIDAD NACIONAL,61
70207,CUSCO,ACOMAYO,MOSOC LLACTA,FRENTE INDEPENDIENTE MORALIZADOR,46
70207,CUSCO,ACOMAYO,MOSOC LLACTA,MOVIMIENTO NUEVA IZQUIERDA,73
70207,CUSCO,ACOMAYO,MOSOC LLACTA,PARTIDO APRISTA PERUANO,17
70207,CUSCO,ACOMAYO,MOSOC LLACTA,PARTIDO DEMOCRATICO SOMOS PERU,82
70207,CUSCO,ACOMAYO,MOSOC LLACTA,PARTIDO PERU POSIBLE,17
70207,CUSCO,ACOMAYO,MOSOC LLACTA,PARTIDO RENACIMIENTO ANDINO,79
70302,CUSCO,ANTA,CHINCHAYPUJIO,AGRUPACION INDEPENDIENTE UNION POR EL PERU - FRENTE AMPLIO,46
70302,CUSCO,ANTA,CHINCHAYPUJIO,ALIANZA ELECTORAL UNIDAD NACIONAL,20
70302,CUSCO,ANTA,CHINCHAYPUJIO,MOVIMIENTO DEMOCRATICO JUNTOS POR EL PROGRESO,181
70302,CUSCO,ANTA,CHINCHAYPUJIO,"MOVIMIENTO INDEPENDIENTE ""DESARROLLO INTEGRAL ANTA (D.I.A)""",74
70302,CUSCO,ANTA,CHINCHAYPUJIO,"MOVIMIENTO INDEPENDIENTE ""FRENTE AMPLIO ANTA""",105
70302,CUSCO,ANTA,CHINCHAYPUJIO,"MOVIMIENTO INDEPENDIENTE ""TRABAJEMOS POR ANTA - FUCOI""",181
70302,CUSCO,ANTA,CHINCHAYPUJIO,MOVIMIENTO NUEVA IZQUIERDA,134
70302,CUSCO,ANTA,CHINCHAYPUJIO,"MOVIMIENTO POLITICO ""GOBIERNO PARTICIPATIVO AYLLU""",211
70302,CUSCO,ANTA,CHINCHAYPUJIO,PARTIDO APRISTA PERUANO,188
70302,CUSCO,ANTA,CHINCHAYPUJIO,PARTIDO DEMOCRATICO SOMOS PERU,354
70302,CUSCO,ANTA,CHINCHAYPUJIO,PARTIDO INKA PACHAKUTEQ,69
70302,CUSCO,ANTA,CHINCHAYPUJIO,PARTIDO PERU POSIBLE,94
70302,CUSCO,ANTA,CHINCHAYPUJIO,PARTIDO RENACIMIENTO ANDINO,94
70303,CUSCO,ANTA,HUAROCONDO,AGRUPACION INDEPENDIENTE UNION POR EL PERU - FRENTE AMPLIO,39
70303,CUSCO,ANTA,HUAROCONDO,"LISTA INDEPENDIENTE ""SAYARI HUAROCONDO""",322
70303,CUSCO,ANTA,HUAROCONDO,MOVIMIENTO DEMOCRATICO JUNTOS POR EL PROGRESO,46
70303,CUSCO,ANTA,HUAROCONDO,"MOVIMIENTO INDEPENDIENTE ""DESARROLLO INTEGRAL ANTA (D.I.A)""",212
70303,CUSCO,ANTA,HUAROCONDO,"MOVIMIENTO INDEPENDIENTE ""FRENTE AMPLIO ANTA""",143
70303,CUSCO,ANTA,HUAROCONDO,"MOVIMIENTO INDEPENDIENTE ""TRABAJEMOS POR ANTA - FUCOI""",51
70303,CUSCO,ANTA,HUAROCONDO,MOVIMIENTO NUEVA IZQUIERDA,18
70303,CUSCO,ANTA,HUAROCONDO,"MOVIMIENTO POLITICO ""GOBIERNO PARTICIPATIVO AYLLU""",675
70303,CUSCO,ANTA,HUAROCONDO,PARTIDO APRISTA PERUANO,68
70303,CUSCO,ANTA,HUAROCONDO,PARTIDO INKA PACHAKUTEQ,229
70303,CUSCO,ANTA,HUAROCONDO,PARTIDO PERU POSIBLE,17
70303,CUSCO,ANTA,HUAROCONDO,PARTIDO RENACIMIENTO ANDINO,26
70304,CUSCO,ANTA,LIMATAMBO,ALIANZA ELECTORAL UNIDAD NACIONAL,22
70304,CUSCO,ANTA,LIMATAMBO,MOVIMIENTO DEMOCRATICO JUNTOS POR EL PROGRESO,332
70304,CUSCO,ANTA,LIMATAMBO,"MOVIMIENTO INDEPENDIENTE ""DESARROLLO INTEGRAL ANTA (D.I.A)""",148
70304,CUSCO,ANTA,LIMATAMBO,"MOVIMIENTO INDEPENDIENTE ""FRENTE AMPLIO ANTA""",569
70304,CUSCO,ANTA,LIMATAMBO,"MOVIMIENTO INDEPENDIENTE ""TRABAJEMOS POR ANTA - FUCOI""",356
70304,CUSCO,ANTA,LIMATAMBO,"MOVIMIENTO POLITICO ""GOBIERNO PARTICIPATIVO AYLLU""",479
70304,CUSCO,ANTA,LIMATAMBO,PARTIDO ACCION POPULAR,274
70304,CUSCO,ANTA,LIMATAMBO,PARTIDO APRISTA PERUANO,120
70304,CUSCO,ANTA,LIMATAMBO,PARTIDO DEMOCRATICO SOMOS PERU,86
70304,CUSCO,ANTA,LIMATAMBO,PARTIDO INKA PACHAKUTEQ,44
70304,CUSCO,ANTA,LIMATAMBO,PARTIDO PERU POSIBLE,75
70304,CUSCO,ANTA,LIMATAMBO,PARTIDO RENACIMIENTO ANDINO,205
70305,CUSCO,ANTA,MOLLEPATA,MOVIMIENTO DEMOCRATICO JUNTOS POR EL PROGRESO,227
70305,CUSCO,ANTA,MOLLEPATA,"MOVIMIENTO INDEPENDIENTE ""DESARROLLO INTEGRAL ANTA (D.I.A)""",63
70305,CUSCO,ANTA,MOLLEPATA,"MOVIMIENTO INDEPENDIENTE ""FRENTE AMPLIO ANTA""",121
70305,CUSCO,ANTA,MOLLEPATA,"MOVIMIENTO INDEPENDIENTE ""TRABAJEMOS POR ANTA - FUCOI""",107
70305,CUSCO,ANTA,MOLLEPATA,MOVIMIENTO NUEVA IZQUIERDA,95
70305,CUSCO,ANTA,MOLLEPATA,"MOVIMIENTO POLITICO ""GOBIERNO PARTICIPATIVO AYLLU""",168
70305,CUSCO,ANTA,MOLLEPATA,PARTIDO ACCION POPULAR,51
70305,CUSCO,ANTA,MOLLEPATA,PARTIDO APRISTA PERUANO,119
70305,CUSCO,ANTA,MOLLEPATA,PARTIDO INKA PACHAKUTEQ,81
70305,CUSCO,ANTA,MOLLEPATA,PARTIDO PERU POSIBLE,41
70306,CUSCO,ANTA,PUCYURA,AGRUPACION INDEPENDIENTE UNION POR EL PERU - FRENTE AMPLIO,74
70306,CUSCO,ANTA,PUCYURA,MOVIMIENTO DEMOCRATICO JUNTOS POR EL PROGRESO,17
70306,CUSCO,ANTA,PUCYURA,"MOVIMIENTO INDEPENDIENTE ""DESARROLLO INTEGRAL ANTA (D.I.A)""",82
70306,CUSCO,ANTA,PUCYURA,"MOVIMIENTO INDEPENDIENTE ""FRENTE AMPLIO ANTA""",135
70306,CUSCO,ANTA,PUCYURA,"MOVIMIENTO INDEPENDIENTE ""TRABAJEMOS POR ANTA - FUCOI""",41
70306,CUSCO,ANTA,PUCYURA,MOVIMIENTO NUEVA IZQUIERDA,66
70306,CUSCO,ANTA,PUCYURA,"MOVIMIENTO POLITICO ""GOBIERNO PARTICIPATIVO AYLLU""",166
70306,CUSCO,ANTA,PUCYURA,PARTIDO INKA PACHAKUTEQ,237
70306,CUSCO,ANTA,PUCYURA,PARTIDO PERU POSIBLE,137
70307,CUSCO,ANTA,ZURITE,ALIANZA ELECTORAL UNIDAD NACIONAL,202
70307,CUSCO,ANTA,ZURITE,MOVIMIENTO DEMOCRATICO JUNTOS POR EL PROGRESO,139
70307,CUSCO,ANTA,ZURITE,"MOVIMIENTO INDEPENDIENTE ""DESARROLLO INTEGRAL ANTA (D.I.A)""",164
70307,CUSCO,ANTA,ZURITE,"MOVIMIENTO INDEPENDIENTE ""FRENTE AMPLIO ANTA""",362
70307,CUSCO,ANTA,ZURITE,"MOVIMIENTO INDEPENDIENTE ""TRABAJEMOS POR ANTA - FUCOI""",57
70307,CUSCO,ANTA,ZURITE,MOVIMIENTO NUEVA IZQUIERDA,20
70307,CUSCO,ANTA,ZURITE,"MOVIMIENTO POLITICO ""GOBIERNO PARTICIPATIVO AYLLU""",184
70307,CUSCO,ANTA,ZURITE,PARTIDO INKA PACHAKUTEQ,290
70307,CUSCO,ANTA,ZURITE,PARTIDO PERU POSIBLE,12
70308,CUSCO,ANTA,CACHIMAYO,AGRUPACION INDEPENDIENTE UNION POR EL PERU - FRENTE AMPLIO,35
70308,CUSCO,ANTA,CACHIMAYO,ALIANZA ELECTORAL UNIDAD NACIONAL,126
70308,CUSCO,ANTA,CACHIMAYO,MOVIMIENTO DEMOCRATICO JUNTOS POR EL PROGRESO,199
70308,CUSCO,ANTA,CACHIMAYO,"MOVIMIENTO INDEPENDIENTE ""DESARROLLO INTEGRAL ANTA (D.I.A)""",108
70308,CUSCO,ANTA,CACHIMAYO,"MOVIMIENTO INDEPENDIENTE ""FRENTE AMPLIO ANTA""",61
70308,CUSCO,ANTA,CACHIMAYO,"MOVIMIENTO INDEPENDIENTE ""TRABAJEMOS POR ANTA - FUCOI""",61
70308,CUSCO,ANTA,CACHIMAYO,MOVIMIENTO NUEVA IZQUIERDA,35
70308,CUSCO,ANTA,CACHIMAYO,"MOVIMIENTO POLITICO ""GOBIERNO PARTICIPATIVO AYLLU""",106
70308,CUSCO,ANTA,CACHIMAYO,PARTIDO APRISTA PERUANO,24
70308,CUSCO,ANTA,CACHIMAYO,PARTIDO INKA PACHAKUTEQ,71
70308,CUSCO,ANTA,CACHIMAYO,PARTIDO PERU POSIBLE,45
70309,CUSCO,ANTA,ANCAHUASI,AGRUPACION INDEPENDIENTE UNION POR EL PERU - FRENTE AMPLIO,39
70309,CUSCO,ANTA,ANCAHUASI,ALIANZA ELECTORAL UNIDAD NACIONAL,109
70309,CUSCO,ANTA,ANCAHUASI,MOVIMIENTO DEMOCRATICO JUNTOS POR EL PROGRESO,563
70309,CUSCO,ANTA,ANCAHUASI,"MOVIMIENTO INDEPENDIENTE ""DESARROLLO INTEGRAL ANTA (D.I.A)""",103
70309,CUSCO,ANTA,ANCAHUASI,"MOVIMIENTO INDEPENDIENTE ""FRENTE AMPLIO ANTA""",373
70309,CUSCO,ANTA,ANCAHUASI,"MOVIMIENTO INDEPENDIENTE ""TRABAJEMOS POR ANTA - FUCOI""",51
70309,CUSCO,ANTA,ANCAHUASI,MOVIMIENTO NUEVA IZQUIERDA,14
70309,CUSCO,ANTA,ANCAHUASI,"MOVIMIENTO POLITICO ""GOBIERNO PARTICIPATIVO AYLLU""",489
70309,CUSCO,ANTA,ANCAHUASI,PARTIDO APRISTA PERUANO,83
70309,CUSCO,ANTA,ANCAHUASI,PARTIDO INKA PACHAKUTEQ,27
70309,CUSCO,ANTA,ANCAHUASI,PARTIDO PERU POSIBLE,326
70402,CUSCO,CALCA,COYA,AGRUPACION INDEPENDIENTE UNION POR EL PERU - FRENTE AMPLIO,281
70402,CUSCO,CALCA,COYA,ALIANZA ELECTORAL UNIDAD NACIONAL,232
70402,CUSCO,CALCA,COYA,MOVIMIENTO DEMOCRATICO JUNTOS POR EL PROGRESO,209
70402,CUSCO,CALCA,COYA,MOVIMIENTO INDEPENDIENTE LIDERES EN ACCION,8
70402,CUSCO,CALCA,COYA,PARTIDO ACCION POPULAR,220
70402,CUSCO,CALCA,COYA,PARTIDO PERU POSIBLE,77
70403,CUSCO,CALCA,LAMAY,AGRUPACION INDEPENDIENTE UNION POR EL PERU - FRENTE AMPLIO,75
70403,CUSCO,CALCA,LAMAY,ALIANZA ELECTORAL UNIDAD NACIONAL,299
70403,CUSCO,CALCA,LAMAY,MOVIMIENTO DEMOCRATICO JUNTOS POR EL PROGRESO,327
70403,CUSCO,CALCA,LAMAY,MOVIMIENTO INDEPENDIENTE LIDERES EN ACCION,59
70403,CUSCO,CALCA,LAMAY,MOVIMIENTO NUEVA IZQUIERDA,71
70403,CUSCO,CALCA,LAMAY,PARTIDO ACCION POPULAR,216
70403,CUSCO,CALCA,LAMAY,PARTIDO APRISTA PERUANO,310
70403,CUSCO,CALCA,LAMAY,PARTIDO PERU POSIBLE,376
70404,CUSCO,CALCA,LARES,AGRUPACION INDEPENDIENTE UNION POR EL PERU - FRENTE AMPLIO,59
70404,CUSCO,CALCA,LARES,ALIANZA ELECTORAL UNIDAD NACIONAL,151
70404,CUSCO,CALCA,LARES,MOVIMIENTO DEMOCRATICO JUNTOS POR EL PROGRESO,259
70404,CUSCO,CALCA,LARES,MOVIMIENTO INDEPENDIENTE LIDERES EN ACCION,74
70404,CUSCO,CALCA,LARES,MOVIMIENTO NUEVA IZQUIERDA,75
70404,CUSCO,CALCA,LARES,PARTIDO ACCION POPULAR,275
70404,CUSCO,CALCA,LARES,PARTIDO APRISTA PERUANO,111
70404,CUSCO,CALCA,LARES,PARTIDO DEMOCRATICO SOMOS PERU,452
70404,CUSCO,CALCA,LARES,PARTIDO PERU POSIBLE,117
70405,CUSCO,CALCA,PISAC,AGRUPACION INDEPENDIENTE UNION POR EL PERU - FRENTE AMPLIO,272
70405,CUSCO,CALCA,PISAC,ALIANZA ELECTORAL UNIDAD NACIONAL,30
70405,CUSCO,CALCA,PISAC,MOVIMIENTO DEMOCRATICO JUNTOS POR EL PROGRESO,148
70405,CUSCO,CALCA,PISAC,MOVIMIENTO INDEPENDIENTE LIDERES EN ACCION,594
70405,CUSCO,CALCA,PISAC,MOVIMIENTO NUEVA IZQUIERDA,569
70405,CUSCO,CALCA,PISAC,PARTIDO ACCION POPULAR,203
70405,CUSCO,CALCA,PISAC,PARTIDO APRISTA PERUANO,609
70405,CUSCO,CALCA,PISAC,PARTIDO PERU POSIBLE,164
70406,CUSCO,CALCA,SAN SALVADOR,AGRUPACION INDEPENDIENTE UNION POR EL PERU - FRENTE AMPLIO,83
70406,CUSCO,CALCA,SAN SALVADOR,MOVIMIENTO DEMOCRATICO JUNTOS POR EL PROGRESO,582
70406,CUSCO,CALCA,SAN SALVADOR,MOVIMIENTO INDEPENDIENTE LIDERES EN ACCION,66
70406,CUSCO,CALCA,SAN SALVADOR,PARTIDO ACCION POPULAR,299
70406,CUSCO,CALCA,SAN SALVADOR,PARTIDO APRISTA PERUANO,343
70407,CUSCO,CALCA,TARAY,AGRUPACION INDEPENDIENTE UNION POR EL PERU - FRENTE AMPLIO,62
70407,CUSCO,CALCA,TARAY,ALIANZA ELECTORAL UNIDAD NACIONAL,297
70407,CUSCO,CALCA,TARAY,FRENTE INDEPENDIENTE MORALIZADOR,459
70407,CUSCO,CALCA,TARAY,MOVIMIENTO DEMOCRATICO JUNTOS POR EL PROGRESO,114
70407,CUSCO,CALCA,TARAY,MOVIMIENTO INDEPENDIENTE LIDERES EN ACCION,177
70407,CUSCO,CALCA,TARAY,PARTIDO ACCION POPULAR,41
70407,CUSCO,CALCA,TARAY,PARTIDO APRISTA PERUANO,158
70407,CUSCO,CALCA,TARAY,PARTIDO PERU POSIBLE,38
70408,CUSCO,CALCA,YANATILE,AGRUPACION INDEPENDIENTE UNION POR EL PERU - FRENTE AMPLIO,622
70408,CUSCO,CALCA,YANATILE,ALIANZA ELECTORAL UNIDAD NACIONAL,28
70408,CUSCO,CALCA,YANATILE,MOVIMIENTO DEMOCRATICO JUNTOS POR EL PROGRESO,795
70408,CUSCO,CALCA,YANATILE,MOVIMIENTO INDEPENDIENTE LIDERES EN ACCION,442
70408,CUSCO,CALCA,YANATILE,MOVIMIENTO NUEVA IZQUIERDA,65
70408,CUSCO,CALCA,YANATILE,PARTIDO ACCION POPULAR,1107
70408,CUSCO,CALCA,YANATILE,PARTIDO APRISTA PERUANO,109
70408,CUSCO,CALCA,YANATILE,PARTIDO PERU POSIBLE,217
70408,CUSCO,CALCA,YANATILE,PARTIDO RENACIMIENTO ANDINO,425
70502,CUSCO,CANAS,CHECCA,AGRUPACION INDEPENDIENTE UNION POR EL PERU - FRENTE AMPLIO,395
70502,CUSCO,CANAS,CHECCA,ALIANZA ELECTORAL UNIDAD NACIONAL,31
70502,CUSCO,CANAS,CHECCA,FRENTE INDEPENDIENTE MORALIZADOR,122
70502,CUSCO,CANAS,CHECCA,"MOVIMIENTO ""FUERZA Y CORAJE""",139
70502,CUSCO,CANAS,CHECCA,MOVIMIENTO DEMOCRATICO JUNTOS POR EL PROGRESO,103
70502,CUSCO,CANAS,CHECCA,MOVIMIENTO NUEVA IZQUIERDA,88
70502,CUSCO,CANAS,CHECCA,PARTIDO ACCION POPULAR,65
70502,CUSCO,CANAS,CHECCA,PARTIDO APRISTA PERUANO,47
70502,CUSCO,CANAS,CHECCA,PARTIDO DEMOCRATICO SOMOS PERU,48
70502,CUSCO,CANAS,CHECCA,PARTIDO INKA PACHAKUTEQ,95
70502,CUSCO,CANAS,CHECCA,PARTIDO PERU POSIBLE,266
70502,CUSCO,CANAS,CHECCA,PARTIDO RENACIMIENTO ANDINO,385
70503,CUSCO,CANAS,KUNTURKANKI,AGRUPACION INDEPENDIENTE UNION POR EL PERU - FRENTE AMPLIO,322
70503,CUSCO,CANAS,KUNTURKANKI,ALIANZA ELECTORAL UNIDAD NACIONAL,94
70503,CUSCO,CANAS,KUNTURKANKI,FRENTE INDEPENDIENTE MORALIZADOR,146
70503,CUSCO,CANAS,KUNTURKANKI,MOVIMIENTO DEMOCRATICO JUNTOS POR EL PROGRESO,103
70503,CUSCO,CANAS,KUNTURKANKI,MOVIMIENTO INDEPENDIENTE DEMOCRATICO ECOLOGICO KUNTURKANKI ,80
70503,CUSCO,CANAS,KUNTURKANKI,MOVIMIENTO NUEVA IZQUIERDA,263
70503,CUSCO,CANAS,KUNTURKANKI,PARTIDO ACCION POPULAR,145
70503,CUSCO,CANAS,KUNTURKANKI,PARTIDO APRISTA PERUANO,430
70503,CUSCO,CANAS,KUNTURKANKI,PARTIDO DEMOCRATICO SOMOS PERU,225
70503,CUSCO,CANAS,KUNTURKANKI,PARTIDO INKA PACHAKUTEQ,161
70503,CUSCO,CANAS,KUNTURKANKI,PARTIDO PERU POSIBLE,109
70504,CUSCO,CANAS,LANGUI,AGRUPACION INDEPENDIENTE UNION POR EL PERU - FRENTE AMPLIO,96
70504,CUSCO,CANAS,LANGUI,ALIANZA ELECTORAL UNIDAD NACIONAL,158
70504,CUSCO,CANAS,LANGUI,FRENTE INDEPENDIENTE MORALIZADOR,161
70504,CUSCO,CANAS,LANGUI,MOVIMIENTO DEMOCRATICO JUNTOS POR EL PROGRESO,38
70504,CUSCO,CANAS,LANGUI,PARTIDO ACCION POPULAR,72
70504,CUSCO,CANAS,LANGUI,PARTIDO APRISTA PERUANO,100
70504,CUSCO,CANAS,LANGUI,PARTIDO DEMOCRATICO SOMOS PERU,88
70504,CUSCO,CANAS,LANGUI,PARTIDO INKA PACHAKUTEQ,105
70504,CUSCO,CANAS,LANGUI,PARTIDO PERU POSIBLE,252
70504,CUSCO,CANAS,LANGUI,PARTIDO RENACIMIENTO ANDINO,23
70505,CUSCO,CANAS,LAYO,AGRUPACION INDEPENDIENTE UNION POR EL PERU - FRENTE AMPLIO,657
70505,CUSCO,CANAS,LAYO,ALIANZA ELECTORAL UNIDAD NACIONAL,338
70505,CUSCO,CANAS,LAYO,MOVIMIENTO DEMOCRATICO JUNTOS POR EL PROGRESO,288
70505,CUSCO,CANAS,LAYO,MOVIMIENTO NUEVA IZQUIERDA,396
70505,CUSCO,CANAS,LAYO,PARTIDO ACCION POPULAR,106
70505,CUSCO,CANAS,LAYO,PARTIDO APRISTA PERUANO,108
70505,CUSCO,CANAS,LAYO,PARTIDO DEMOCRATICO SOMOS PERU,45
70505,CUSCO,CANAS,LAYO,PARTIDO INKA PACHAKUTEQ,178
70505,CUSCO,CANAS,LAYO,PARTIDO PERU POSIBLE,106
70505,CUSCO,CANAS,LAYO,PARTIDO RENACIMIENTO ANDINO,111
70506,CUSCO,CANAS,PAMPAMARCA,AGRUPACION INDEPENDIENTE UNION POR EL PERU - FRENTE AMPLIO,38
70506,CUSCO,CANAS,PAMPAMARCA,MOVIMIENTO NUEVA IZQUIERDA,179
70506,CUSCO,CANAS,PAMPAMARCA,PARTIDO ACCION POPULAR,97
70506,CUSCO,CANAS,PAMPAMARCA,PARTIDO APRISTA PERUANO,132
70506,CUSCO,CANAS,PAMPAMARCA,PARTIDO INKA PACHAKUTEQ,64
70506,CUSCO,CANAS,PAMPAMARCA,PARTIDO PERU POSIBLE,41
70506,CUSCO,CANAS,PAMPAMARCA,PARTIDO RENACIMIENTO ANDINO,14
70507,CUSCO,CANAS,QUEHUE,AGRUPACION INDEPENDIENTE UNION POR EL PERU - FRENTE AMPLIO,225
70507,CUSCO,CANAS,QUEHUE,MOVIMIENTO DEMOCRATICO JUNTOS POR EL PROGRESO,102
70507,CUSCO,CANAS,QUEHUE,MOVIMIENTO NUEVA IZQUIERDA,173
70507,CUSCO,CANAS,QUEHUE,PARTIDO ACCION POPULAR,51
70507,CUSCO,CANAS,QUEHUE,PARTIDO APRISTA PERUANO,38
70507,CUSCO,CANAS,QUEHUE,PARTIDO DEMOCRATICO SOMOS PERU,104
70507,CUSCO,CANAS,QUEHUE,PARTIDO INKA PACHAKUTEQ,70
70507,CUSCO,CANAS,QUEHUE,PARTIDO PERU POSIBLE,201
70507,CUSCO,CANAS,QUEHUE,PARTIDO RENACIMIENTO ANDINO,59
70507,CUSCO,CANAS,QUEHUE,RICCHARY AYLLU,123
70508,CUSCO,CANAS,TUPAC AMARU,AGRUPACION INDEPENDIENTE UNION POR EL PERU - FRENTE AMPLIO,141
70508,CUSCO,CANAS,TUPAC AMARU,MOVIMIENTO DEMOCRATICO JUNTOS POR EL PROGRESO,162
70508,CUSCO,CANAS,TUPAC AMARU,MOVIMIENTO NUEVA IZQUIERDA,104
70508,CUSCO,CANAS,TUPAC AMARU,PARTIDO ACCION POPULAR,118
70508,CUSCO,CANAS,TUPAC AMARU,PARTIDO DEMOCRATICO SOMOS PERU,173
70508,CUSCO,CANAS,TUPAC AMARU,PARTIDO INKA PACHAKUTEQ,32
70508,CUSCO,CANAS,TUPAC AMARU,PARTIDO PERU POSIBLE,182
70508,CUSCO,CANAS,TUPAC AMARU,PARTIDO RENACIMIENTO ANDINO,36
70602,CUSCO,CANCHIS,COMBAPATA,AGRUPACION INDEPENDIENTE UNION POR EL PERU - FRENTE AMPLIO,153
70602,CUSCO,CANCHIS,COMBAPATA,FRENTE INDEPENDIENTE MORALIZADOR,85
70602,CUSCO,CANCHIS,COMBAPATA,FRENTE PARA EL DESARROLLO DE CANCHIS,482
70602,CUSCO,CANCHIS,COMBAPATA,FUERZA DEMOCRATICA,92
70602,CUSCO,CANCHIS,COMBAPATA,MOVIMIENTO INDEPENDIENTE CONTIGO CANCHIS,127
70602,CUSCO,CANCHIS,COMBAPATA,MOVIMIENTO NUEVA IZQUIERDA,193
70602,CUSCO,CANCHIS,COMBAPATA,PARTIDO ACCION POPULAR,43
70602,CUSCO,CANCHIS,COMBAPATA,PARTIDO APRISTA PERUANO,252
70602,CUSCO,CANCHIS,COMBAPATA,PARTIDO INKA PACHAKUTEQ,598
70602,CUSCO,CANCHIS,COMBAPATA,PARTIDO PERU POSIBLE,98
70603,CUSCO,CANCHIS,CHECACUPE,AGRUPACION INDEPENDIENTE UNION POR EL PERU - FRENTE AMPLIO,211
70603,CUSCO,CANCHIS,CHECACUPE,FRENTE INDEPENDIENTE MORALIZADOR,99
70603,CUSCO,CANCHIS,CHECACUPE,FRENTE PARA EL DESARROLLO DE CANCHIS,447
70603,CUSCO,CANCHIS,CHECACUPE,FUERZA DEMOCRATICA,108
70603,CUSCO,CANCHIS,CHECACUPE,MOVIMIENTO NUEVA IZQUIERDA,41
70603,CUSCO,CANCHIS,CHECACUPE,PARTIDO ACCION POPULAR,7
70603,CUSCO,CANCHIS,CHECACUPE,PARTIDO APRISTA PERUANO,110
70603,CUSCO,CANCHIS,CHECACUPE,PARTIDO INKA PACHAKUTEQ,343
70603,CUSCO,CANCHIS,CHECACUPE,PARTIDO PERU POSIBLE,413
70604,CUSCO,CANCHIS,MARANGANI,AGRUPACION INDEPENDIENTE UNION POR EL PERU - FRENTE AMPLIO,995
70604,CUSCO,CANCHIS,MARANGANI,FRENTE INDEPENDIENTE MORALIZADOR,1160
70604,CUSCO,CANCHIS,MARANGANI,FRENTE PARA EL DESARROLLO DE CANCHIS,241
70604,CUSCO,CANCHIS,MARANGANI,FUERZA DEMOCRATICA,400
70604,CUSCO,CANCHIS,MARANGANI,MOVIMIENTO INDEPENDIENTE CONTIGO CANCHIS,47
70604,CUSCO,CANCHIS,MARANGANI,MOVIMIENTO NUEVA IZQUIERDA,447
70604,CUSCO,CANCHIS,MARANGANI,PARTIDO APRISTA PERUANO,183
70604,CUSCO,CANCHIS,MARANGANI,PARTIDO DEMOCRATICO SOMOS PERU,180
70604,CUSCO,CANCHIS,MARANGANI,PARTIDO INKA PACHAKUTEQ,914
70604,CUSCO,CANCHIS,MARANGANI,PARTIDO PERU POSIBLE,277
70605,CUSCO,CANCHIS,PITUMARCA,AGRUPACION INDEPENDIENTE UNION POR EL PERU - FRENTE AMPLIO,580
70605,CUSCO,CANCHIS,PITUMARCA,ALIANZA ELECTORAL UNIDAD NACIONAL,27
70605,CUSCO,CANCHIS,PITUMARCA,FRENTE INDEPENDIENTE MORALIZADOR,100
70605,CUSCO,CANCHIS,PITUMARCA,FRENTE PARA EL DESARROLLO DE CANCHIS,104
70605,CUSCO,CANCHIS,PITUMARCA,FUERZA DEMOCRATICA,416
70605,CUSCO,CANCHIS,PITUMARCA,MOVIMIENTO INDEPENDIENTE CONTIGO CANCHIS,66
70605,CUSCO,CANCHIS,PITUMARCA,PARTIDO APRISTA PERUANO,189
70605,CUSCO,CANCHIS,PITUMARCA,PARTIDO INKA PACHAKUTEQ,612
70605,CUSCO,CANCHIS,PITUMARCA,PARTIDO PERU POSIBLE,85
70606,CUSCO,CANCHIS,SAN PABLO,AGRUPACION INDEPENDIENTE UNION POR EL PERU - FRENTE AMPLIO,318
70606,CUSCO,CANCHIS,SAN PABLO,FRENTE INDEPENDIENTE MORALIZADOR,327
70606,CUSCO,CANCHIS,SAN PABLO,FRENTE PARA EL DESARROLLO DE CANCHIS,167
70606,CUSCO,CANCHIS,SAN PABLO,IDENTIDAD Y DESARROLLO DE SAN PABLO,577
70606,CUSCO,CANCHIS,SAN PABLO,PARTIDO ACCION POPULAR,6
70606,CUSCO,CANCHIS,SAN PABLO,PARTIDO APRISTA PERUANO,29
70606,CUSCO,CANCHIS,SAN PABLO,PARTIDO INKA PACHAKUTEQ,276
70606,CUSCO,CANCHIS,SAN PABLO,PARTIDO PERU POSIBLE,136
70606,CUSCO,CANCHIS,SAN PABLO,PARTIDO RENACIMIENTO ANDINO,257
70607,CUSCO,CANCHIS,SAN PEDRO,AGRUPACION INDEPENDIENTE UNION POR EL PERU - FRENTE AMPLIO,281
70607,CUSCO,CANCHIS,SAN PEDRO,FRENTE PARA EL DESARROLLO DE CANCHIS,71
70607,CUSCO,CANCHIS,SAN PEDRO,FUERZA DEMOCRATICA,281
70607,CUSCO,CANCHIS,SAN PEDRO,"MOVIMIENTO INDEPENDIENTE ""RENACIMIENTO SAN PEDRO""",282
70607,CUSCO,CANCHIS,SAN PEDRO,MOVIMIENTO INDEPENDIENTE CONTIGO CANCHIS,30
70607,CUSCO,CANCHIS,SAN PEDRO,PARTIDO APRISTA PERUANO,8
70607,CUSCO,CANCHIS,SAN PEDRO,PARTIDO INKA PACHAKUTEQ,575
70607,CUSCO,CANCHIS,SAN PEDRO,PARTIDO PERU POSIBLE,59
70608,CUSCO,CANCHIS,TINTA,AGRUPACION INDEPENDIENTE UNION POR EL PERU - FRENTE AMPLIO,655
70608,CUSCO,CANCHIS,TINTA,FRENTE INDEPENDIENTE MORALIZADOR,86
70608,CUSCO,CANCHIS,TINTA,FRENTE PARA EL DESARROLLO DE CANCHIS,141
70608,CUSCO,CANCHIS,TINTA,FUERZA DEMOCRATICA,578
70608,CUSCO,CANCHIS,TINTA,"MOVIMIENTO INDEPENDIENTE ""UNION TINTA""",59
70608,CUSCO,CANCHIS,TINTA,MOVIMIENTO NUEVA IZQUIERDA,352
70608,CUSCO,CANCHIS,TINTA,PARTIDO APRISTA PERUANO,77
70608,CUSCO,CANCHIS,TINTA,PARTIDO INKA PACHAKUTEQ,382
70608,CUSCO,CANCHIS,TINTA,PARTIDO PERU POSIBLE,111
70702,CUSCO,CHUMBIVILCAS,CAPACMARCA,AGRUPACION INDEPENDIENTE UNION POR EL PERU - FRENTE AMPLIO,59
70702,CUSCO,CHUMBIVILCAS,CAPACMARCA,MOVIMIENTO DEMOCRATICO JUNTOS POR EL PROGRESO,35
70702,CUSCO,CHUMBIVILCAS,CAPACMARCA,MOVIMIENTO INDEPENDIENTE FRENTE CHUMBIVILCANO DE IZQUIERDA,106
70702,CUSCO,CHUMBIVILCAS,CAPACMARCA,MOVIMIENTO NUEVA IZQUIERDA,297
70702,CUSCO,CHUMBIVILCAS,CAPACMARCA,PARTIDO ACCION POPULAR,69
70702,CUSCO,CHUMBIVILCAS,CAPACMARCA,PARTIDO APRISTA PERUANO,166
70702,CUSCO,CHUMBIVILCAS,CAPACMARCA,PARTIDO INKA PACHAKUTEQ,302
70702,CUSCO,CHUMBIVILCAS,CAPACMARCA,PARTIDO PERU POSIBLE,165
70702,CUSCO,CHUMBIVILCAS,CAPACMARCA,PARTIDO RENACIMIENTO ANDINO,58
70703,CUSCO,CHUMBIVILCAS,COLQUEMARCA,AGRUPACION INDEPENDIENTE UNION POR EL PERU - FRENTE AMPLIO,58
70703,CUSCO,CHUMBIVILCAS,COLQUEMARCA,ALIANZA ELECTORAL UNIDAD NACIONAL,283
70703,CUSCO,CHUMBIVILCAS,COLQUEMARCA,ALIANZA PARA EL PROGRESO,35
70703,CUSCO,CHUMBIVILCAS,COLQUEMARCA,FRENTE INDEPENDIENTE MORALIZADOR,183
70703,CUSCO,CHUMBIVILCAS,COLQUEMARCA,MOVIMIENTO DEMOCRATICO JUNTOS POR EL PROGRESO,66
70703,CUSCO,CHUMBIVILCAS,COLQUEMARCA,MOVIMIENTO INDEPENDIENTE UNIDOS POR COLQUEMARCA 2003,159
70703,CUSCO,CHUMBIVILCAS,COLQUEMARCA,MOVIMIENTO INDEPENDIENTE VAMOS CAMPESINO,188
70703,CUSCO,CHUMBIVILCAS,COLQUEMARCA,MOVIMIENTO NUEVA IZQUIERDA,470
70703,CUSCO,CHUMBIVILCAS,COLQUEMARCA,PARTIDO ACCION POPULAR,56
70703,CUSCO,CHUMBIVILCAS,COLQUEMARCA,PARTIDO APRISTA PERUANO,89
70703,CUSCO,CHUMBIVILCAS,COLQUEMARCA,PARTIDO DEMOCRATICO SOMOS PERU,80
70703,CUSCO,CHUMBIVILCAS,COLQUEMARCA,PARTIDO INKA PACHAKUTEQ,287
70703,CUSCO,CHUMBIVILCAS,COLQUEMARCA,PARTIDO PERU POSIBLE,50
70703,CUSCO,CHUMBIVILCAS,COLQUEMARCA,PARTIDO RENACIMIENTO ANDINO,352
70704,CUSCO,CHUMBIVILCAS,CHAMACA,AGRUPACION INDEPENDIENTE UNION POR EL PERU - FRENTE AMPLIO,485
70704,CUSCO,CHUMBIVILCAS,CHAMACA,ALIANZA ELECTORAL UNIDAD NACIONAL,34
70704,CUSCO,CHUMBIVILCAS,CHAMACA,FRENTE INDEPENDIENTE MORALIZADOR,41
70704,CUSCO,CHUMBIVILCAS,CHAMACA,MOVIMIENTO DEMOCRATICO JUNTOS POR EL PROGRESO,41
70704,CUSCO,CHUMBIVILCAS,CHAMACA,MOVIMIENTO INDEPENDIENTE FRENTE CHUMBIVILCANO DE IZQUIERDA,151
70704,CUSCO,CHUMBIVILCAS,CHAMACA,MOVIMIENTO NUEVA IZQUIERDA,67
70704,CUSCO,CHUMBIVILCAS,CHAMACA,PARTIDO ACCION POPULAR,79
70704,CUSCO,CHUMBIVILCAS,CHAMACA,PARTIDO APRISTA PERUANO,361
70704,CUSCO,CHUMBIVILCAS,CHAMACA,PARTIDO INKA PACHAKUTEQ,222
70704,CUSCO,CHUMBIVILCAS,CHAMACA,PARTIDO PERU POSIBLE,14
70704,CUSCO,CHUMBIVILCAS,CHAMACA,PARTIDO RENACIMIENTO ANDINO,107
70705,CUSCO,CHUMBIVILCAS,LIVITACA,AGRUPACION INDEPENDIENTE UNION POR EL PERU - FRENTE AMPLIO,170
70705,CUSCO,CHUMBIVILCAS,LIVITACA,ALIANZA ELECTORAL UNIDAD NACIONAL,296
70705,CUSCO,CHUMBIVILCAS,LIVITACA,FRENTE INDEPENDIENTE MORALIZADOR,241
70705,CUSCO,CHUMBIVILCAS,LIVITACA,MOVIMIENTO DEMOCRATICO JUNTOS POR EL PROGRESO,54
70705,CUSCO,CHUMBIVILCAS,LIVITACA,MOVIMIENTO INDEPENDIENTE FRENTE CHUMBIVILCANO DE IZQUIERDA,276
70705,CUSCO,CHUMBIVILCAS,LIVITACA,MOVIMIENTO NUEVA IZQUIERDA,339
70705,CUSCO,CHUMBIVILCAS,LIVITACA,PARTIDO ACCION POPULAR,24
70705,CUSCO,CHUMBIVILCAS,LIVITACA,PARTIDO APRISTA PERUANO,88
70705,CUSCO,CHUMBIVILCAS,LIVITACA,PARTIDO DEMOCRATICO SOMOS PERU,65
70705,CUSCO,CHUMBIVILCAS,LIVITACA,PARTIDO INKA PACHAKUTEQ,759
70705,CUSCO,CHUMBIVILCAS,LIVITACA,PARTIDO PERU POSIBLE,139
70705,CUSCO,CHUMBIVILCAS,LIVITACA,PARTIDO RENACIMIENTO ANDINO,97
70706,CUSCO,CHUMBIVILCAS,LLUSCO,AGRUPACION INDEPENDIENTE UNION POR EL PERU - FRENTE AMPLIO,219
70706,CUSCO,CHUMBIVILCAS,LLUSCO,MOVIMIENTO DEMOCRATICO JUNTOS POR EL PROGRESO,78
70706,CUSCO,CHUMBIVILCAS,LLUSCO,MOVIMIENTO INDEPENDIENTE FRENTE CHUMBIVILCANO DE IZQUIERDA,40
70706,CUSCO,CHUMBIVILCAS,LLUSCO,MOVIMIENTO NUEVA IZQUIERDA,451
70706,CUSCO,CHUMBIVILCAS,LLUSCO,PARTIDO APRISTA PERUANO,83
70706,CUSCO,CHUMBIVILCAS,LLUSCO,PARTIDO INKA PACHAKUTEQ,222
70706,CUSCO,CHUMBIVILCAS,LLUSCO,PARTIDO PERU POSIBLE,288
70706,CUSCO,CHUMBIVILCAS,LLUSCO,PARTIDO RENACIMIENTO ANDINO,92
70707,CUSCO,CHUMBIVILCAS,QUIÑOTA,AGRUPACION INDEPENDIENTE UNION POR EL PERU - FRENTE AMPLIO,15
70707,CUSCO,CHUMBIVILCAS,QUIÑOTA,ALIANZA ELECTORAL UNIDAD NACIONAL,18
70707,CUSCO,CHUMBIVILCAS,QUIÑOTA,MOVIMIENTO DEMOCRATICO JUNTOS POR EL PROGRESO,26
70707,CUSCO,CHUMBIVILCAS,QUIÑOTA,MOVIMIENTO INDEPENDIENTE FRENTE CHUMBIVILCANO DE IZQUIERDA,367
70707,CUSCO,CHUMBIVILCAS,QUIÑOTA,MOVIMIENTO NUEVA IZQUIERDA,511
70707,CUSCO,CHUMBIVILCAS,QUIÑOTA,PARTIDO INKA PACHAKUTEQ,92
70707,CUSCO,CHUMBIVILCAS,QUIÑOTA,PARTIDO PERU POSIBLE,59
70707,CUSCO,CHUMBIVILCAS,QUIÑOTA,PARTIDO RENACIMIENTO ANDINO,215
70708,CUSCO,CHUMBIVILCAS,VELILLE,AGRUPACION INDEPENDIENTE UNION POR EL PERU - FRENTE AMPLIO,298
70708,CUSCO,CHUMBIVILCAS,VELILLE,ALIANZA ELECTORAL UNIDAD NACIONAL,76
70708,CUSCO,CHUMBIVILCAS,VELILLE,LISTA INDEPENDIENTE MODERNIDAD Y DEMOCRACIA EN VELILLE - MODE,76
70708,CUSCO,CHUMBIVILCAS,VELILLE,MOVIMIENTO INDEPENDIENTE FRENTE CHUMBIVILCANO DE IZQUIERDA,213
70708,CUSCO,CHUMBIVILCAS,VELILLE,MOVIMIENTO NUEVA IZQUIERDA,1275
70708,CUSCO,CHUMBIVILCAS,VELILLE,PARTIDO APRISTA PERUANO,188
70708,CUSCO,CHUMBIVILCAS,VELILLE,PARTIDO INKA PACHAKUTEQ,279
70708,CUSCO,CHUMBIVILCAS,VELILLE,PARTIDO PERU POSIBLE,89
70708,CUSCO,CHUMBIVILCAS,VELILLE,PARTIDO RENACIMIENTO ANDINO,248
70802,CUSCO,ESPINAR,CONDOROMA,AGRUPACION INDEPENDIENTE UNION POR EL PERU - FRENTE AMPLIO,29
70802,CUSCO,ESPINAR,CONDOROMA,FRENTE INDEPENDIENTE MORALIZADOR,53
70802,CUSCO,ESPINAR,CONDOROMA,MOVIMIENTO AMPLIO PAIS UNIDO - MAPU,34
70802,CUSCO,ESPINAR,CONDOROMA,MOVIMIENTO NUEVA IZQUIERDA,16
70802,CUSCO,ESPINAR,CONDOROMA,PARTIDO ACCION POPULAR,35
70802,CUSCO,ESPINAR,CONDOROMA,PARTIDO APRISTA PERUANO,79
70802,CUSCO,ESPINAR,CONDOROMA,PARTIDO INKA PACHAKUTEQ,92
70802,CUSCO,ESPINAR,CONDOROMA,PARTIDO PERU POSIBLE,36
70802,CUSCO,ESPINAR,CONDOROMA,PARTIDO RENACIMIENTO ANDINO,59
70803,CUSCO,ESPINAR,COPORAQUE,AGRUPACION INDEPENDIENTE UNION POR EL PERU - FRENTE AMPLIO,33
70803,CUSCO,ESPINAR,COPORAQUE,FRENTE INDEPENDIENTE MORALIZADOR,397
70803,CUSCO,ESPINAR,COPORAQUE,MOVIMIENTO AMPLIO PAIS UNIDO - MAPU,49
70803,CUSCO,ESPINAR,COPORAQUE,MOVIMIENTO DEMOCRATICO JUNTOS POR EL PROGRESO,714
70803,CUSCO,ESPINAR,COPORAQUE,MOVIMIENTO INTEGRACIONISTA KANA,81
70803,CUSCO,ESPINAR,COPORAQUE,MOVIMIENTO NUEVA IZQUIERDA,42
70803,CUSCO,ESPINAR,COPORAQUE,PARTIDO ACCION POPULAR,360
70803,CUSCO,ESPINAR,COPORAQUE,PARTIDO APRISTA PERUANO,881
70803,CUSCO,ESPINAR,COPORAQUE,PARTIDO DEMOCRATICO SOMOS PERU,165
70803,CUSCO,ESPINAR,COPORAQUE,PARTIDO INKA PACHAKUTEQ,296
70803,CUSCO,ESPINAR,COPORAQUE,PARTIDO PERU POSIBLE,107
70803,CUSCO,ESPINAR,COPORAQUE,PARTIDO RECONSTRUCCION DEMOCRATICA (PRD),234
70803,CUSCO,ESPINAR,COPORAQUE,PARTIDO RENACIMIENTO ANDINO,550
70804,CUSCO,ESPINAR,OCCORURO,ALIANZA ELECTORAL UNIDAD NACIONAL,23
70804,CUSCO,ESPINAR,OCCORURO,FRENTE INDEPENDIENTE MORALIZADOR,180
70804,CUSCO,ESPINAR,OCCORURO,MOVIMIENTO AMPLIO PAIS UNIDO - MAPU,71
70804,CUSCO,ESPINAR,OCCORURO,MOVIMIENTO DEMOCRATICO JUNTOS POR EL PROGRESO,35
70804,CUSCO,ESPINAR,OCCORURO,MOVIMIENTO INTEGRACIONISTA KANA,52
70804,CUSCO,ESPINAR,OCCORURO,MOVIMIENTO NUEVA IZQUIERDA,29
70804,CUSCO,ESPINAR,OCCORURO,PARTIDO ACCION POPULAR,72
70804,CUSCO,ESPINAR,OCCORURO,PARTIDO APRISTA PERUANO,26
70804,CUSCO,ESPINAR,OCCORURO,PARTIDO INKA PACHAKUTEQ,26
70804,CUSCO,ESPINAR,OCCORURO,PARTIDO PERU POSIBLE,109
70804,CUSCO,ESPINAR,OCCORURO,PARTIDO RENACIMIENTO ANDINO,76
70805,CUSCO,ESPINAR,PALLPATA,AGRUPACION INDEPENDIENTE UNION POR EL PERU - FRENTE AMPLIO,64
70805,CUSCO,ESPINAR,PALLPATA,ALIANZA ELECTORAL UNIDAD NACIONAL,110
70805,CUSCO,ESPINAR,PALLPATA,FRENTE INDEPENDIENTE MORALIZADOR,183
70805,CUSCO,ESPINAR,PALLPATA,MOVIMIENTO AMPLIO PAIS UNIDO - MAPU,67
70805,CUSCO,ESPINAR,PALLPATA,MOVIMIENTO DEMOCRATICO JUNTOS POR EL PROGRESO,321
70805,CUSCO,ESPINAR,PALLPATA,MOVIMIENTO INTEGRACIONISTA KANA,115
70805,CUSCO,ESPINAR,PALLPATA,MOVIMIENTO NUEVA IZQUIERDA,76
70805,CUSCO,ESPINAR,PALLPATA,PARTIDO ACCION POPULAR,154
70805,CUSCO,ESPINAR,PALLPATA,PARTIDO APRISTA PERUANO,244
70805,CUSCO,ESPINAR,PALLPATA,PARTIDO DEMOCRATICO SOMOS PERU,72
70805,CUSCO,ESPINAR,PALLPATA,PARTIDO INKA PACHAKUTEQ,89
70805,CUSCO,ESPINAR,PALLPATA,PARTIDO PERU POSIBLE,157
70805,CUSCO,ESPINAR,PALLPATA,PARTIDO RECONSTRUCCION DEMOCRATICA (PRD),193
70805,CUSCO,ESPINAR,PALLPATA,PARTIDO RENACIMIENTO ANDINO,407
70806,CUSCO,ESPINAR,PICHIGUA,AGRUPACION INDEPENDIENTE UNION POR EL PERU - FRENTE AMPLIO,41
70806,CUSCO,ESPINAR,PICHIGUA,ALIANZA ELECTORAL UNIDAD NACIONAL,155
70806,CUSCO,ESPINAR,PICHIGUA,FRENTE INDEPENDIENTE MORALIZADOR,99
70806,CUSCO,ESPINAR,PICHIGUA,FUERZA DEMOCRATICA,115
70806,CUSCO,ESPINAR,PICHIGUA,MOVIMIENTO AMPLIO PAIS UNIDO - MAPU,26
70806,CUSCO,ESPINAR,PICHIGUA,MOVIMIENTO DEMOCRATICO JUNTOS POR EL PROGRESO,343
70806,CUSCO,ESPINAR,PICHIGUA,MOVIMIENTO INTEGRACIONISTA KANA,59
70806,CUSCO,ESPINAR,PICHIGUA,MOVIMIENTO NUEVA IZQUIERDA,107
70806,CUSCO,ESPINAR,PICHIGUA,PARTIDO APRISTA PERUANO,281
70806,CUSCO,ESPINAR,PICHIGUA,PARTIDO INKA PACHAKUTEQ,9
70806,CUSCO,ESPINAR,PICHIGUA,PARTIDO PERU POSIBLE,159
70806,CUSCO,ESPINAR,PICHIGUA,PARTIDO RECONSTRUCCION DEMOCRATICA (PRD),382
70806,CUSCO,ESPINAR,PICHIGUA,PARTIDO RENACIMIENTO ANDINO,102
70807,CUSCO,ESPINAR,SUYCKUTAMBO,ALIANZA ELECTORAL UNIDAD NACIONAL,57
70807,CUSCO,ESPINAR,SUYCKUTAMBO,FRENTE INDEPENDIENTE MORALIZADOR,84
70807,CUSCO,ESPINAR,SUYCKUTAMBO,MOVIMIENTO DEMOCRATICO JUNTOS POR EL PROGRESO,51
70807,CUSCO,ESPINAR,SUYCKUTAMBO,MOVIMIENTO INTEGRACIONISTA KANA,100
70807,CUSCO,ESPINAR,SUYCKUTAMBO,MOVIMIENTO NUEVA IZQUIERDA,82
70807,CUSCO,ESPINAR,SUYCKUTAMBO,PARTIDO ACCION POPULAR,248
70807,CUSCO,ESPINAR,SUYCKUTAMBO,PARTIDO APRISTA PERUANO,256
70807,CUSCO,ESPINAR,SUYCKUTAMBO,PARTIDO DEMOCRATICO SOMOS PERU,92
70807,CUSCO,ESPINAR,SUYCKUTAMBO,PARTIDO INKA PACHAKUTEQ,141
70807,CUSCO,ESPINAR,SUYCKUTAMBO,PARTIDO PERU POSIBLE,92
70807,CUSCO,ESPINAR,SUYCKUTAMBO,PARTIDO RECONSTRUCCION DEMOCRATICA (PRD),50
70807,CUSCO,ESPINAR,SUYCKUTAMBO,PARTIDO RENACIMIENTO ANDINO,103
70808,CUSCO,ESPINAR,ALTO PICHIGUA,AGRUPACION INDEPENDIENTE UNION POR EL PERU - FRENTE AMPLIO,50
70808,CUSCO,ESPINAR,ALTO PICHIGUA,FRENTE INDEPENDIENTE MORALIZADOR,176
70808,CUSCO,ESPINAR,ALTO PICHIGUA,MOVIMIENTO AMPLIO PAIS UNIDO - MAPU,167
70808,CUSCO,ESPINAR,ALTO PICHIGUA,MOVIMIENTO INTEGRACIONISTA KANA,196
70808,CUSCO,ESPINAR,ALTO PICHIGUA,MOVIMIENTO NUEVA IZQUIERDA,35
70808,CUSCO,ESPINAR,ALTO PICHIGUA,PARTIDO APRISTA PERUANO,161
70808,CUSCO,ESPINAR,ALTO PICHIGUA,PARTIDO DEMOCRATICO SOMOS PERU,55
70808,CUSCO,ESPINAR,ALTO PICHIGUA,PARTIDO PERU POSIBLE,98
70902,CUSCO,LA CONVENCION,ECHARATI,ALIANZA ELECTORAL UNIDAD NACIONAL,1076
70902,CUSCO,LA CONVENCION,ECHARATI,FUERZA DEMOCRATICA,52
70902,CUSCO,LA CONVENCION,ECHARATI,MOVIMIENTO DEMOCRATICO JUNTOS POR EL PROGRESO,814
70902,CUSCO,LA CONVENCION,ECHARATI,MOVIMIENTO NUEVA IZQUIERDA,2811
70902,CUSCO,LA CONVENCION,ECHARATI,PARTIDO ACCION POPULAR,229
70902,CUSCO,LA CONVENCION,ECHARATI,PARTIDO APRISTA PERUANO,314
70902,CUSCO,LA CONVENCION,ECHARATI,PARTIDO DEMOCRATICO SOMOS PERU,790
70902,CUSCO,LA CONVENCION,ECHARATI,PARTIDO INKA PACHAKUTEQ,2401
70902,CUSCO,LA CONVENCION,ECHARATI,PARTIDO PERU POSIBLE,66
70903,CUSCO,LA CONVENCION,HUAYOPATA,ALIANZA ELECTORAL UNIDAD NACIONAL,120
70903,CUSCO,LA CONVENCION,HUAYOPATA,ALTERNATIVA DE PRODUCCION,54
70903,CUSCO,LA CONVENCION,HUAYOPATA,FUERZA DEMOCRATICA,270
70903,CUSCO,LA CONVENCION,HUAYOPATA,MOVIMIENTO DEMOCRATICO JUNTOS POR EL PROGRESO,224
70903,CUSCO,LA CONVENCION,HUAYOPATA,MOVIMIENTO NUEVA IZQUIERDA,362
70903,CUSCO,LA CONVENCION,HUAYOPATA,MOVIMIENTO TEALERO M.T.,216
70903,CUSCO,LA CONVENCION,HUAYOPATA,PARTIDO ACCION POPULAR,48
70903,CUSCO,LA CONVENCION,HUAYOPATA,PARTIDO DEMOCRATICO SOMOS PERU,71
70903,CUSCO,LA CONVENCION,HUAYOPATA,PARTIDO INKA PACHAKUTEQ,453
70903,CUSCO,LA CONVENCION,HUAYOPATA,PARTIDO PERU POSIBLE,162
70903,CUSCO,LA CONVENCION,HUAYOPATA,PROYECTO HUAYOPATA,404
70903,CUSCO,LA CONVENCION,HUAYOPATA,PROYECTO PUEBLO,47
70904,CUSCO,LA CONVENCION,MARANURA,ALIANZA ELECTORAL UNIDAD NACIONAL,397
70904,CUSCO,LA CONVENCION,MARANURA,FUERZA DEMOCRATICA,161
70904,CUSCO,LA CONVENCION,MARANURA,MOVIMIENTO DEMOCRATICO JUNTOS POR EL PROGRESO,69
70904,CUSCO,LA CONVENCION,MARANURA,MOVIMIENTO NUEVA IZQUIERDA,699
70904,CUSCO,LA CONVENCION,MARANURA,PARTIDO ACCION POPULAR,455
70904,CUSCO,LA CONVENCION,MARANURA,PARTIDO APRISTA PERUANO,104
70904,CUSCO,LA CONVENCION,MARANURA,PARTIDO DEMOCRATICO SOMOS PERU,812
70904,CUSCO,LA CONVENCION,MARANURA,PARTIDO INKA PACHAKUTEQ,196
70904,CUSCO,LA CONVENCION,MARANURA,PARTIDO PERU POSIBLE,68
70905,CUSCO,LA CONVENCION,OCOBAMBA,ALIANZA ELECTORAL UNIDAD NACIONAL,119
70905,CUSCO,LA CONVENCION,OCOBAMBA,FUERZA DEMOCRATICA,185
70905,CUSCO,LA CONVENCION,OCOBAMBA,MOVIMIENTO DEMOCRATICO JUNTOS POR EL PROGRESO,55
70905,CUSCO,LA CONVENCION,OCOBAMBA,MOVIMIENTO NUEVA IZQUIERDA,155
70905,CUSCO,LA CONVENCION,OCOBAMBA,PARTIDO ACCION POPULAR,190
70905,CUSCO,LA CONVENCION,OCOBAMBA,PARTIDO APRISTA PERUANO,122
70905,CUSCO,LA CONVENCION,OCOBAMBA,PARTIDO DEMOCRATICO SOMOS PERU,152
70905,CUSCO,LA CONVENCION,OCOBAMBA,PARTIDO INKA PACHAKUTEQ,61
70905,CUSCO,LA CONVENCION,OCOBAMBA,PARTIDO PERU POSIBLE,38
70906,CUSCO,LA CONVENCION,SANTA TERESA,ALIANZA ELECTORAL UNIDAD NACIONAL,457
70906,CUSCO,LA CONVENCION,SANTA TERESA,FRENTE INDEPENDIENTE MORALIZADOR,115
70906,CUSCO,LA CONVENCION,SANTA TERESA,FUERZA DEMOCRATICA,54
70906,CUSCO,LA CONVENCION,SANTA TERESA,MOVIMIENTO NUEVA IZQUIERDA,285
70906,CUSCO,LA CONVENCION,SANTA TERESA,PARTIDO ACCION POPULAR,68
70906,CUSCO,LA CONVENCION,SANTA TERESA,PARTIDO APRISTA PERUANO,112
70906,CUSCO,LA CONVENCION,SANTA TERESA,PARTIDO DEMOCRATICO SOMOS PERU,200
70906,CUSCO,LA CONVENCION,SANTA TERESA,PARTIDO INKA PACHAKUTEQ,477
70906,CUSCO,LA CONVENCION,SANTA TERESA,PARTIDO PERU POSIBLE,350
70907,CUSCO,LA CONVENCION,VILCABAMBA,ALIANZA ELECTORAL UNIDAD NACIONAL,496
70907,CUSCO,LA CONVENCION,VILCABAMBA,DE LA MANO POR VILCABAMBA,99
70907,CUSCO,LA CONVENCION,VILCABAMBA,FUERZA DEMOCRATICA,76
70907,CUSCO,LA CONVENCION,VILCABAMBA,LIBERACION CAMPESINA,436
70907,CUSCO,LA CONVENCION,VILCABAMBA,MOVIMIENTO DEMOCRATICO JUNTOS POR EL PROGRESO,201
70907,CUSCO,LA CONVENCION,VILCABAMBA,MOVIMIENTO NUEVA IZQUIERDA,352
70907,CUSCO,LA CONVENCION,VILCABAMBA,PARTIDO ACCION POPULAR,332
70907,CUSCO,LA CONVENCION,VILCABAMBA,PARTIDO APRISTA PERUANO,100
70907,CUSCO,LA CONVENCION,VILCABAMBA,PARTIDO DEMOCRATICO SOMOS PERU,1105
70907,CUSCO,LA CONVENCION,VILCABAMBA,PARTIDO INKA PACHAKUTEQ,227
70907,CUSCO,LA CONVENCION,VILCABAMBA,PARTIDO PERU POSIBLE,30
70907,CUSCO,LA CONVENCION,VILCABAMBA,PARTIDO RENACIMIENTO ANDINO,82
70907,CUSCO,LA CONVENCION,VILCABAMBA,PURIRY HATUN RUNA,89
70908,CUSCO,LA CONVENCION,QUELLOUNO,ALIANZA ELECTORAL UNIDAD NACIONAL,137
70908,CUSCO,LA CONVENCION,QUELLOUNO,FUERZA DEMOCRATICA,157
70908,CUSCO,LA CONVENCION,QUELLOUNO,MOVIMIENTO DEMOCRATICO JUNTOS POR EL PROGRESO,57
70908,CUSCO,LA CONVENCION,QUELLOUNO,MOVIMIENTO NUEVA IZQUIERDA,287
70908,CUSCO,LA CONVENCION,QUELLOUNO,PARTIDO ACCION POPULAR,186
70908,CUSCO,LA CONVENCION,QUELLOUNO,PARTIDO APRISTA PERUANO,416
70908,CUSCO,LA CONVENCION,QUELLOUNO,PARTIDO DEMOCRATICO SOMOS PERU,432
70908,CUSCO,LA CONVENCION,QUELLOUNO,PARTIDO INKA PACHAKUTEQ,322
70908,CUSCO,LA CONVENCION,QUELLOUNO,PARTIDO PERU POSIBLE,394
70909,CUSCO,LA CONVENCION,KIMBIRI,ALIANZA ELECTORAL UNIDAD NACIONAL,155
70909,CUSCO,LA CONVENCION,KIMBIRI,FUERZA DEMOCRATICA,572
70909,CUSCO,LA CONVENCION,KIMBIRI,MOVIMIENTO DEMOCRATICO JUNTOS POR EL PROGRESO,252
70909,CUSCO,LA CONVENCION,KIMBIRI,NUEVO KIMBIRI,420
70909,CUSCO,LA CONVENCION,KIMBIRI,PARTIDO APRISTA PERUANO,149
70909,CUSCO,LA CONVENCION,KIMBIRI,PARTIDO DEMOCRATICO SOMOS PERU,875
70909,CUSCO,LA CONVENCION,KIMBIRI,PARTIDO INKA PACHAKUTEQ,176
70909,CUSCO,LA CONVENCION,KIMBIRI,PARTIDO PERU POSIBLE,315
70910,CUSCO,LA CONVENCION,PICHARI,ALIANZA ELECTORAL UNIDAD NACIONAL,146
70910,CUSCO,LA CONVENCION,PICHARI,FUERZA DEMOCRATICA,32
70910,CUSCO,LA CONVENCION,PICHARI,MOVIMIENTO DEMOCRATICO JUNTOS POR EL PROGRESO,650
70910,CUSCO,LA CONVENCION,PICHARI,MOVIMIENTO NUEVA IZQUIERDA,82
70910,CUSCO,LA CONVENCION,PICHARI,PARTIDO ACCION POPULAR,465
70910,CUSCO,LA CONVENCION,PICHARI,PARTIDO INKA PACHAKUTEQ,474
70910,CUSCO,LA CONVENCION,PICHARI,TODOS POR PICHARI,464
71002,CUSCO,PARURO,ACCHA,FRENTE INDEPENDIENTE MORALIZADOR,12
71002,CUSCO,PARURO,ACCHA,MOVIMIENTO DEMOCRATICO JUNTOS POR EL PROGRESO,83
71002,CUSCO,PARURO,ACCHA,"MOVIMIENTO INDEPENDIENTE ""AYNI""",92
71002,CUSCO,PARURO,ACCHA,MOVIMIENTO INDEPENDIENTE COMUNIDAD CAMPESINO ACCHA SIWINA,53
71002,CUSCO,PARURO,ACCHA,PARTIDO ACCION POPULAR,142
71002,CUSCO,PARURO,ACCHA,PARTIDO APRISTA PERUANO,172
71002,CUSCO,PARURO,ACCHA,PARTIDO DEMOCRATICO SOMOS PERU,304
71002,CUSCO,PARURO,ACCHA,PARTIDO INKA PACHAKUTEQ,62
71002,CUSCO,PARURO,ACCHA,PARTIDO PERU POSIBLE,76
71003,CUSCO,PARURO,CCAPI,ALIANZA ELECTORAL UNIDAD NACIONAL,52
71003,CUSCO,PARURO,CCAPI,FRENTE INDEPENDIENTE MORALIZADOR,42
71003,CUSCO,PARURO,CCAPI,MOVIMIENTO DEMOCRATICO JUNTOS POR EL PROGRESO,60
71003,CUSCO,PARURO,CCAPI,MOVIMIENTO NUEVA IZQUIERDA,63
71003,CUSCO,PARURO,CCAPI,PARTIDO ACCION POPULAR,199
71003,CUSCO,PARURO,CCAPI,PARTIDO APRISTA PERUANO,66
71003,CUSCO,PARURO,CCAPI,PARTIDO DEMOCRATICO SOMOS PERU,284
71003,CUSCO,PARURO,CCAPI,PARTIDO INKA PACHAKUTEQ,35
71003,CUSCO,PARURO,CCAPI,PARTIDO PERU POSIBLE,59
71003,CUSCO,PARURO,CCAPI,PARTIDO RENACIMIENTO ANDINO,26
71004,CUSCO,PARURO,COLCHA,MOVIMIENTO DEMOCRATICO JUNTOS POR EL PROGRESO,13
71004,CUSCO,PARURO,COLCHA,PARTIDO ACCION POPULAR,89
71004,CUSCO,PARURO,COLCHA,PARTIDO APRISTA PERUANO,35
71004,CUSCO,PARURO,COLCHA,PARTIDO DEMOCRATICO SOMOS PERU,67
71004,CUSCO,PARURO,COLCHA,PARTIDO INKA PACHAKUTEQ,25
71004,CUSCO,PARURO,COLCHA,PARTIDO PERU POSIBLE,2
71005,CUSCO,PARURO,HUANOQUITE,ALIANZA ELECTORAL UNIDAD NACIONAL,40
71005,CUSCO,PARURO,HUANOQUITE,FRENTE INDEPENDIENTE MORALIZADOR,105
71005,CUSCO,PARURO,HUANOQUITE,"LISTA INDEPENDIENTE ""T`IKARISUN""",56
71005,CUSCO,PARURO,HUANOQUITE,MOVIMIENTO AMPLIO PAIS UNIDO - MAPU,114
71005,CUSCO,PARURO,HUANOQUITE,MOVIMIENTO DEMOCRATICO JUNTOS POR EL PROGRESO,224
71005,CUSCO,PARURO,HUANOQUITE,PARTIDO ACCION POPULAR,91
71005,CUSCO,PARURO,HUANOQUITE,PARTIDO APRISTA PERUANO,110
71005,CUSCO,PARURO,HUANOQUITE,PARTIDO DEMOCRATICO SOMOS PERU,23
71005,CUSCO,PARURO,HUANOQUITE,PARTIDO INKA PACHAKUTEQ,335
71005,CUSCO,PARURO,HUANOQUITE,PARTIDO PERU POSIBLE,286
71006,CUSCO,PARURO,OMACHA,AGRUPACION INDEPENDIENTE UNION POR EL PERU - FRENTE AMPLIO,57
71006,CUSCO,PARURO,OMACHA,ALIANZA ELECTORAL UNIDAD NACIONAL,22
71006,CUSCO,PARURO,OMACHA,FRENTE INDEPENDIENTE MORALIZADOR,84
71006,CUSCO,PARURO,OMACHA,MOVIMIENTO DEMOCRATICO JUNTOS POR EL PROGRESO,166
71006,CUSCO,PARURO,OMACHA,PARTIDO ACCION POPULAR,215
71006,CUSCO,PARURO,OMACHA,PARTIDO APRISTA PERUANO,39
71006,CUSCO,PARURO,OMACHA,PARTIDO DEMOCRATICO SOMOS PERU,134
71006,CUSCO,PARURO,OMACHA,PARTIDO INKA PACHAKUTEQ,121
71006,CUSCO,PARURO,OMACHA,PARTIDO PERU POSIBLE,254
71006,CUSCO,PARURO,OMACHA,PARTIDO RENACIMIENTO ANDINO,182
71007,CUSCO,PARURO,YAURISQUE,AGRUPACION INDEPENDIENTE UNION POR EL PERU - FRENTE AMPLIO,28
71007,CUSCO,PARURO,YAURISQUE,ALIANZA ELECTORAL UNIDAD NACIONAL,143
71007,CUSCO,PARURO,YAURISQUE,FRENTE INDEPENDIENTE MORALIZADOR,58
71007,CUSCO,PARURO,YAURISQUE,MOVIMIENTO DEMOCRATICO JUNTOS POR EL PROGRESO,36
71007,CUSCO,PARURO,YAURISQUE,PARTIDO ACCION POPULAR,167
71007,CUSCO,PARURO,YAURISQUE,PARTIDO APRISTA PERUANO,186
71007,CUSCO,PARURO,YAURISQUE,PARTIDO DEMOCRATICO SOMOS PERU,85
71007,CUSCO,PARURO,YAURISQUE,PARTIDO INKA PACHAKUTEQ,95
71007,CUSCO,PARURO,YAURISQUE,PARTIDO PERU POSIBLE,62
71008,CUSCO,PARURO,PACCARITAMBO,MOVIMIENTO DEMOCRATICO JUNTOS POR EL PROGRESO,162
71008,CUSCO,PARURO,PACCARITAMBO,PARTIDO ACCION POPULAR,344
71008,CUSCO,PARURO,PACCARITAMBO,PARTIDO APRISTA PERUANO,226
71008,CUSCO,PARURO,PACCARITAMBO,PARTIDO DEMOCRATICO SOMOS PERU,14
71008,CUSCO,PARURO,PACCARITAMBO,PARTIDO INKA PACHAKUTEQ,69
71008,CUSCO,PARURO,PACCARITAMBO,PARTIDO PERU POSIBLE,56
71009,CUSCO,PARURO,PILLPINTO,ALIANZA ELECTORAL UNIDAD NACIONAL,63
71009,CUSCO,PARURO,PILLPINTO,MOVIMIENTO DE DESARROLLO COMUNAL DE PILLPINTO,39
71009,CUSCO,PARURO,PILLPINTO,MOVIMIENTO DEMOCRATICO JUNTOS POR EL PROGRESO,47
71009,CUSCO,PARURO,PILLPINTO,MOVIMIENTO NUEVA IZQUIERDA,104
71009,CUSCO,PARURO,PILLPINTO,PARTIDO ACCION POPULAR,24
71009,CUSCO,PARURO,PILLPINTO,PARTIDO APRISTA PERUANO,80
71009,CUSCO,PARURO,PILLPINTO,PARTIDO DEMOCRATICO SOMOS PERU,4
71009,CUSCO,PARURO,PILLPINTO,PARTIDO INKA PACHAKUTEQ,7
71009,CUSCO,PARURO,PILLPINTO,PARTIDO PERU POSIBLE,182
71009,CUSCO,PARURO,PILLPINTO,PARTIDO RENACIMIENTO ANDINO,10
71102,CUSCO,PAUCARTAMBO,CAICAY,AGRUPACION INDEPENDIENTE UNION POR EL PERU - FRENTE AMPLIO,54
71102,CUSCO,PAUCARTAMBO,CAICAY,FRENTE INDEPENDIENTE MORALIZADOR,107
71102,CUSCO,PAUCARTAMBO,CAICAY,FUERZA DEMOCRATICA,28
71102,CUSCO,PAUCARTAMBO,CAICAY,MOVIMIENTO DEMOCRATICO JUNTOS POR EL PROGRESO,62
71102,CUSCO,PAUCARTAMBO,CAICAY,PARTIDO ACCION POPULAR,49
71102,CUSCO,PAUCARTAMBO,CAICAY,PARTIDO APRISTA PERUANO,162
71102,CUSCO,PAUCARTAMBO,CAICAY,PARTIDO DEMOCRATICO SOMOS PERU,54
71102,CUSCO,PAUCARTAMBO,CAICAY,PARTIDO INKA PACHAKUTEQ,228
71102,CUSCO,PAUCARTAMBO,CAICAY,PARTIDO RENACIMIENTO ANDINO,3
71103,CUSCO,PAUCARTAMBO,COLQUEPATA,AGRUPACION INDEPENDIENTE UNION POR EL PERU - FRENTE AMPLIO,145
71103,CUSCO,PAUCARTAMBO,COLQUEPATA,FRENTE INDEPENDIENTE MORALIZADOR,168
71103,CUSCO,PAUCARTAMBO,COLQUEPATA,FUERZA DEMOCRATICA,167
71103,CUSCO,PAUCARTAMBO,COLQUEPATA,MOVIMIENTO DEMOCRATICO JUNTOS POR EL PROGRESO,220
71103,CUSCO,PAUCARTAMBO,COLQUEPATA,PARTIDO ACCION POPULAR,109
71103,CUSCO,PAUCARTAMBO,COLQUEPATA,PARTIDO DEMOCRATICO SOMOS PERU,512
71103,CUSCO,PAUCARTAMBO,COLQUEPATA,PARTIDO INKA PACHAKUTEQ,553
71103,CUSCO,PAUCARTAMBO,COLQUEPATA,PARTIDO PERU POSIBLE,30
71103,CUSCO,PAUCARTAMBO,COLQUEPATA,PARTIDO RENACIMIENTO ANDINO,435
71104,CUSCO,PAUCARTAMBO,CHALLABAMBA,AGRUPACION INDEPENDIENTE UNION POR EL PERU - FRENTE AMPLIO,131
71104,CUSCO,PAUCARTAMBO,CHALLABAMBA,ALIANZA ELECTORAL UNIDAD NACIONAL,50
71104,CUSCO,PAUCARTAMBO,CHALLABAMBA,FRENTE INDEPENDIENTE MORALIZADOR,57
71104,CUSCO,PAUCARTAMBO,CHALLABAMBA,FUERZA DEMOCRATICA,36
71104,CUSCO,PAUCARTAMBO,CHALLABAMBA,MOVIMIENTO DEMOCRATICO JUNTOS POR EL PROGRESO,90
71104,CUSCO,PAUCARTAMBO,CHALLABAMBA,PARTIDO ACCION POPULAR,173
71104,CUSCO,PAUCARTAMBO,CHALLABAMBA,PARTIDO DEMOCRATICO SOMOS PERU,828
71104,CUSCO,PAUCARTAMBO,CHALLABAMBA,PARTIDO INKA PACHAKUTEQ,274
71104,CUSCO,PAUCARTAMBO,CHALLABAMBA,PARTIDO PERU POSIBLE,115
71105,CUSCO,PAUCARTAMBO,KOSÑIPATA,AGRUPACION INDEPENDIENTE UNION POR EL PERU - FRENTE AMPLIO,344
71105,CUSCO,PAUCARTAMBO,KOSÑIPATA,FRENTE INDEPENDIENTE MORALIZADOR,358
71105,CUSCO,PAUCARTAMBO,KOSÑIPATA,FUERZA DEMOCRATICA,67
71105,CUSCO,PAUCARTAMBO,KOSÑIPATA,MOVIMIENTO DEMOCRATICO JUNTOS POR EL PROGRESO,77
71105,CUSCO,PAUCARTAMBO,KOSÑIPATA,PARTIDO ACCION POPULAR,35
71105,CUSCO,PAUCARTAMBO,KOSÑIPATA,PARTIDO APRISTA PERUANO,15
71105,CUSCO,PAUCARTAMBO,KOSÑIPATA,PARTIDO DEMOCRATICO SOMOS PERU,143
71105,CUSCO,PAUCARTAMBO,KOSÑIPATA,PARTIDO INKA PACHAKUTEQ,18
71105,CUSCO,PAUCARTAMBO,KOSÑIPATA,PARTIDO PERU POSIBLE,157
71106,CUSCO,PAUCARTAMBO,HUANCARANI,AGRUPACION INDEPENDIENTE UNION POR EL PERU - FRENTE AMPLIO,50
71106,CUSCO,PAUCARTAMBO,HUANCARANI,FRENTE INDEPENDIENTE MORALIZADOR,99
71106,CUSCO,PAUCARTAMBO,HUANCARANI,FUERZA DEMOCRATICA,59
71106,CUSCO,PAUCARTAMBO,HUANCARANI,MOVIMIENTO DEMOCRATICO JUNTOS POR EL PROGRESO,338
71106,CUSCO,PAUCARTAMBO,HUANCARANI,"MOVIMIENTO INDEPENDIENTE ""FRATERNIDAD NACIONAL""",189
71106,CUSCO,PAUCARTAMBO,HUANCARANI,MOVIMIENTO NUEVA IZQUIERDA,119
71106,CUSCO,PAUCARTAMBO,HUANCARANI,PARTIDO ACCION POPULAR,170
71106,CUSCO,PAUCARTAMBO,HUANCARANI,PARTIDO APRISTA PERUANO,20
71106,CUSCO,PAUCARTAMBO,HUANCARANI,PARTIDO DEMOCRATICO SOMOS PERU,634
71106,CUSCO,PAUCARTAMBO,HUANCARANI,PARTIDO INKA PACHAKUTEQ,189
71106,CUSCO,PAUCARTAMBO,HUANCARANI,PARTIDO PERU POSIBLE,51
71202,CUSCO,QUISPICANCHIS,ANDAHUAYLILLAS,AGRUPACION INDEPENDIENTE UNION POR EL PERU - FRENTE AMPLIO,431
71202,CUSCO,QUISPICANCHIS,ANDAHUAYLILLAS,ALIANZA ELECTORAL UNIDAD NACIONAL,241
71202,CUSCO,QUISPICANCHIS,ANDAHUAYLILLAS,FRENTE INDEPENDIENTE MORALIZADOR,42
71202,CUSCO,QUISPICANCHIS,ANDAHUAYLILLAS,FUERZA DEMOCRATICA,58
71202,CUSCO,QUISPICANCHIS,ANDAHUAYLILLAS,MOVIMIENTO DEMOCRATICO JUNTOS POR EL PROGRESO,193
71202,CUSCO,QUISPICANCHIS,ANDAHUAYLILLAS,MOVIMIENTO NUEVA IZQUIERDA,107
71202,CUSCO,QUISPICANCHIS,ANDAHUAYLILLAS,PARTIDO ACCION POPULAR,49
71202,CUSCO,QUISPICANCHIS,ANDAHUAYLILLAS,PARTIDO APRISTA PERUANO,59
71202,CUSCO,QUISPICANCHIS,ANDAHUAYLILLAS,PARTIDO DEMOCRATICO SOMOS PERU,177
71202,CUSCO,QUISPICANCHIS,ANDAHUAYLILLAS,PARTIDO INKA PACHAKUTEQ,58
71202,CUSCO,QUISPICANCHIS,ANDAHUAYLILLAS,PARTIDO PERU POSIBLE,53
71202,CUSCO,QUISPICANCHIS,ANDAHUAYLILLAS,PARTIDO RENACIMIENTO ANDINO,157
71203,CUSCO,QUISPICANCHIS,CAMANTI,AGRUPACION INDEPENDIENTE UNION POR EL PERU - FRENTE AMPLIO,173
71203,CUSCO,QUISPICANCHIS,CAMANTI,ALIANZA ELECTORAL UNIDAD NACIONAL,51
71203,CUSCO,QUISPICANCHIS,CAMANTI,MOVIMIENTO NUEVA IZQUIERDA,33
71203,CUSCO,QUISPICANCHIS,CAMANTI,PARTIDO ACCION POPULAR,16
71203,CUSCO,QUISPICANCHIS,CAMANTI,PARTIDO APRISTA PERUANO,45
71203,CUSCO,QUISPICANCHIS,CAMANTI,PARTIDO INKA PACHAKUTEQ,124
71203,CUSCO,QUISPICANCHIS,CAMANTI,PARTIDO PERU POSIBLE,56
71204,CUSCO,QUISPICANCHIS,CCARHUAYO,AGRUPACION INDEPENDIENTE UNION POR EL PERU - FRENTE AMPLIO,128
71204,CUSCO,QUISPICANCHIS,CCARHUAYO,FUERZA DEMOCRATICA,204
71204,CUSCO,QUISPICANCHIS,CCARHUAYO,MOVIMIENTO DEMOCRATICO JUNTOS POR EL PROGRESO,66
71204,CUSCO,QUISPICANCHIS,CCARHUAYO,MOVIMIENTO NUEVA IZQUIERDA,75
71204,CUSCO,QUISPICANCHIS,CCARHUAYO,PARTIDO ACCION POPULAR,12
71204,CUSCO,QUISPICANCHIS,CCARHUAYO,PARTIDO APRISTA PERUANO,35
71204,CUSCO,QUISPICANCHIS,CCARHUAYO,PARTIDO INKA PACHAKUTEQ,222
71204,CUSCO,QUISPICANCHIS,CCARHUAYO,PARTIDO PERU POSIBLE,52
71205,CUSCO,QUISPICANCHIS,CCATCA,AGRUPACION INDEPENDIENTE UNION POR EL PERU - FRENTE AMPLIO,781
71205,CUSCO,QUISPICANCHIS,CCATCA,FUERZA DEMOCRATICA,232
71205,CUSCO,QUISPICANCHIS,CCATCA,MOVIMIENTO DEMOCRATICO JUNTOS POR EL PROGRESO,923
71205,CUSCO,QUISPICANCHIS,CCATCA,MOVIMIENTO NUEVA IZQUIERDA,95
71205,CUSCO,QUISPICANCHIS,CCATCA,PARTIDO ACCION POPULAR,588
71205,CUSCO,QUISPICANCHIS,CCATCA,PARTIDO APRISTA PERUANO,169
71205,CUSCO,QUISPICANCHIS,CCATCA,PARTIDO DEMOCRATICO SOMOS PERU,31
71205,CUSCO,QUISPICANCHIS,CCATCA,PARTIDO INKA PACHAKUTEQ,24
71205,CUSCO,QUISPICANCHIS,CCATCA,PARTIDO PERU POSIBLE,196
71205,CUSCO,QUISPICANCHIS,CCATCA,PARTIDO RENACIMIENTO ANDINO,218
71206,CUSCO,QUISPICANCHIS,CUSIPATA,AGRUPACION INDEPENDIENTE UNION POR EL PERU - FRENTE AMPLIO,67
71206,CUSCO,QUISPICANCHIS,CUSIPATA,ALIANZA ELECTORAL UNIDAD NACIONAL,23
71206,CUSCO,QUISPICANCHIS,CUSIPATA,FUERZA DEMOCRATICA,219
71206,CUSCO,QUISPICANCHIS,CUSIPATA,MOVIMIENTO DEMOCRATICO JUNTOS POR EL PROGRESO,25
71206,CUSCO,QUISPICANCHIS,CUSIPATA,MOVIMIENTO NUEVA IZQUIERDA,261
71206,CUSCO,QUISPICANCHIS,CUSIPATA,PARTIDO ACCION POPULAR,199
71206,CUSCO,QUISPICANCHIS,CUSIPATA,PARTIDO APRISTA PERUANO,32
71206,CUSCO,QUISPICANCHIS,CUSIPATA,PARTIDO DEMOCRATICO SOMOS PERU,58
71206,CUSCO,QUISPICANCHIS,CUSIPATA,PARTIDO INKA PACHAKUTEQ,239
71206,CUSCO,QUISPICANCHIS,CUSIPATA,PARTIDO PERU POSIBLE,100
71206,CUSCO,QUISPICANCHIS,CUSIPATA,RICCHARIY LLACTA,293
71207,CUSCO,QUISPICANCHIS,HUARO,AGRUPACION INDEPENDIENTE UNION POR EL PERU - FRENTE AMPLIO,294
71207,CUSCO,QUISPICANCHIS,HUARO,FUERZA DEMOCRATICA,311
71207,CUSCO,QUISPICANCHIS,HUARO,MOVIMIENTO DEMOCRATICO JUNTOS POR EL PROGRESO,72
71207,CUSCO,QUISPICANCHIS,HUARO,MOVIMIENTO NUEVA IZQUIERDA,30
71207,CUSCO,QUISPICANCHIS,HUARO,PARTIDO ACCION POPULAR,86
71207,CUSCO,QUISPICANCHIS,HUARO,PARTIDO APRISTA PERUANO,401
71207,CUSCO,QUISPICANCHIS,HUARO,PARTIDO INKA PACHAKUTEQ,38
71207,CUSCO,QUISPICANCHIS,HUARO,PARTIDO PERU POSIBLE,190
71208,CUSCO,QUISPICANCHIS,LUCRE,AGRUPACION INDEPENDIENTE UNION POR EL PERU - FRENTE AMPLIO,172
71208,CUSCO,QUISPICANCHIS,LUCRE,ALIANZA ELECTORAL UNIDAD NACIONAL,257
71208,CUSCO,QUISPICANCHIS,LUCRE,FUERZA DEMOCRATICA,281
71208,CUSCO,QUISPICANCHIS,LUCRE,MOVIMIENTO DEMOCRATICO JUNTOS POR EL PROGRESO,60
71208,CUSCO,QUISPICANCHIS,LUCRE,MOVIMIENTO NUEVA IZQUIERDA,122
71208,CUSCO,QUISPICANCHIS,LUCRE,PARTIDO ACCION POPULAR,49
71208,CUSCO,QUISPICANCHIS,LUCRE,PARTIDO APRISTA PERUANO,61
71208,CUSCO,QUISPICANCHIS,LUCRE,PARTIDO INKA PACHAKUTEQ,205
71208,CUSCO,QUISPICANCHIS,LUCRE,PARTIDO PERU POSIBLE,58
71208,CUSCO,QUISPICANCHIS,LUCRE,PARTIDO RENACIMIENTO ANDINO,130
71209,CUSCO,QUISPICANCHIS,MARCAPATA,AGRUPACION INDEPENDIENTE UNION POR EL PERU - FRENTE AMPLIO,74
71209,CUSCO,QUISPICANCHIS,MARCAPATA,ALIANZA ELECTORAL UNIDAD NACIONAL,64
71209,CUSCO,QUISPICANCHIS,MARCAPATA,FRENTE INDEPENDIENTE MORALIZADOR,165
71209,CUSCO,QUISPICANCHIS,MARCAPATA,FUERZA DEMOCRATICA,313
71209,CUSCO,QUISPICANCHIS,MARCAPATA,MOVIMIENTO NUEVA IZQUIERDA,36
71209,CUSCO,QUISPICANCHIS,MARCAPATA,PARTIDO ACCION POPULAR,62
71209,CUSCO,QUISPICANCHIS,MARCAPATA,PARTIDO APRISTA PERUANO,59
71209,CUSCO,QUISPICANCHIS,MARCAPATA,PARTIDO DEMOCRATICO SOMOS PERU,39
71209,CUSCO,QUISPICANCHIS,MARCAPATA,PARTIDO INKA PACHAKUTEQ,180
71209,CUSCO,QUISPICANCHIS,MARCAPATA,PARTIDO PERU POSIBLE,338
71209,CUSCO,QUISPICANCHIS,MARCAPATA,PARTIDO RENACIMIENTO ANDINO,140
71210,CUSCO,QUISPICANCHIS,OCONGATE,AGRUPACION INDEPENDIENTE UNION POR EL PERU - FRENTE AMPLIO,1236
71210,CUSCO,QUISPICANCHIS,OCONGATE,FUERZA DEMOCRATICA,269
71210,CUSCO,QUISPICANCHIS,OCONGATE,MOVIMIENTO DEMOCRATICO JUNTOS POR EL PROGRESO,454
71210,CUSCO,QUISPICANCHIS,OCONGATE,MOVIMIENTO NUEVA IZQUIERDA,201
71210,CUSCO,QUISPICANCHIS,OCONGATE,PARTIDO ACCION POPULAR,79
71210,CUSCO,QUISPICANCHIS,OCONGATE,PARTIDO APRISTA PERUANO,93
71210,CUSCO,QUISPICANCHIS,OCONGATE,PARTIDO DEMOCRATICO SOMOS PERU,79
71210,CUSCO,QUISPICANCHIS,OCONGATE,PARTIDO PERU POSIBLE,749
71210,CUSCO,QUISPICANCHIS,OCONGATE,PARTIDO RENACIMIENTO ANDINO,745
71211,CUSCO,QUISPICANCHIS,OROPESA,AGRUPACION INDEPENDIENTE UNION POR EL PERU - FRENTE AMPLIO,386
71211,CUSCO,QUISPICANCHIS,OROPESA,FUERZA DEMOCRATICA,99
71211,CUSCO,QUISPICANCHIS,OROPESA,MOVIMIENTO DEMOCRATICO JUNTOS POR EL PROGRESO,530
71211,CUSCO,QUISPICANCHIS,OROPESA,MOVIMIENTO NUEVA IZQUIERDA,132
71211,CUSCO,QUISPICANCHIS,OROPESA,PARTIDO APRISTA PERUANO,74
71211,CUSCO,QUISPICANCHIS,OROPESA,PARTIDO DEMOCRATICO SOMOS PERU,733
71211,CUSCO,QUISPICANCHIS,OROPESA,PARTIDO INKA PACHAKUTEQ,234
71211,CUSCO,QUISPICANCHIS,OROPESA,PARTIDO PERU POSIBLE,19
71212,CUSCO,QUISPICANCHIS,QUIQUIJANA,AGRUPACION INDEPENDIENTE UNION POR EL PERU - FRENTE AMPLIO,630
71212,CUSCO,QUISPICANCHIS,QUIQUIJANA,ALIANZA ELECTORAL UNIDAD NACIONAL,61
71212,CUSCO,QUISPICANCHIS,QUIQUIJANA,FRENTE INDEPENDIENTE MORALIZADOR,94
71212,CUSCO,QUISPICANCHIS,QUIQUIJANA,FUERZA DEMOCRATICA,421
71212,CUSCO,QUISPICANCHIS,QUIQUIJANA,MOVIMIENTO DEMOCRATICO JUNTOS POR EL PROGRESO,159
71212,CUSCO,QUISPICANCHIS,QUIQUIJANA,MOVIMIENTO NUEVA IZQUIERDA,434
71212,CUSCO,QUISPICANCHIS,QUIQUIJANA,PARTIDO ACCION POPULAR,269
71212,CUSCO,QUISPICANCHIS,QUIQUIJANA,PARTIDO APRISTA PERUANO,693
71212,CUSCO,QUISPICANCHIS,QUIQUIJANA,PARTIDO DEMOCRATICO SOMOS PERU,256
71212,CUSCO,QUISPICANCHIS,QUIQUIJANA,PARTIDO INKA PACHAKUTEQ,86
71212,CUSCO,QUISPICANCHIS,QUIQUIJANA,PARTIDO PERU POSIBLE,161
71212,CUSCO,QUISPICANCHIS,QUIQUIJANA,PARTIDO RENACIMIENTO ANDINO,21
71302,CUSCO,URUBAMBA,CHINCHERO,AGRUPACION INDEPENDIENTE UNION POR EL PERU - FRENTE AMPLIO,407
71302,CUSCO,URUBAMBA,CHINCHERO,ALIANZA ELECTORAL UNIDAD NACIONAL,127
71302,CUSCO,URUBAMBA,CHINCHERO,ALTERNATIVA PROVINCIAL URUBAMBA,614
71302,CUSCO,URUBAMBA,CHINCHERO,FRENTE INDEPENDIENTE MORALIZADOR,127
71302,CUSCO,URUBAMBA,CHINCHERO,FUERZA DEMOCRATICA,242
71302,CUSCO,URUBAMBA,CHINCHERO,MOVIMIENTO DEMOCRATICO JUNTOS POR EL PROGRESO,169
71302,CUSCO,URUBAMBA,CHINCHERO,MOVIMIENTO INDEPENDIENTE DEMOCRACIA CON UNIDAD Y TRABAJO,160
71302,CUSCO,URUBAMBA,CHINCHERO,MOVIMIENTO NUEVA IZQUIERDA,438
71302,CUSCO,URUBAMBA,CHINCHERO,PARTIDO ACCION POPULAR,526
71302,CUSCO,URUBAMBA,CHINCHERO,PARTIDO APRISTA PERUANO,59
71302,CUSCO,URUBAMBA,CHINCHERO,PARTIDO INKA PACHAKUTEQ,129
71302,CUSCO,URUBAMBA,CHINCHERO,PARTIDO PERU POSIBLE,33
71303,CUSCO,URUBAMBA,HUAYLLABAMBA,AGRUPACION INDEPENDIENTE UNION POR EL PERU - FRENTE AMPLIO,167
71303,CUSCO,URUBAMBA,HUAYLLABAMBA,ALIANZA ELECTORAL UNIDAD NACIONAL,23
71303,CUSCO,URUBAMBA,HUAYLLABAMBA,ALTERNATIVA PROVINCIAL URUBAMBA,406
71303,CUSCO,URUBAMBA,HUAYLLABAMBA,AYLLO,384
71303,CUSCO,URUBAMBA,HUAYLLABAMBA,MOVIMIENTO DEMOCRATICO JUNTOS POR EL PROGRESO,62
71303,CUSCO,URUBAMBA,HUAYLLABAMBA,MOVIMIENTO INDEPENDIENTE DEMOCRACIA CON UNIDAD Y TRABAJO,250
71303,CUSCO,URUBAMBA,HUAYLLABAMBA,PARTIDO ACCION POPULAR,100
71303,CUSCO,URUBAMBA,HUAYLLABAMBA,PARTIDO APRISTA PERUANO,243
71303,CUSCO,URUBAMBA,HUAYLLABAMBA,PARTIDO INKA PACHAKUTEQ,151
71303,CUSCO,URUBAMBA,HUAYLLABAMBA,PARTIDO PERU POSIBLE,3
71304,CUSCO,URUBAMBA,MACHUPICCHU,AGRUPACION INDEPENDIENTE UNION POR EL PERU - FRENTE AMPLIO,281
71304,CUSCO,URUBAMBA,MACHUPICCHU,FRENTE INDEPENDIENTE MORALIZADOR,328
71304,CUSCO,URUBAMBA,MACHUPICCHU,"MOVIMIENTO INDEPENDIENTE ""NUESTRO MACHUPICCHU""",104
71304,CUSCO,URUBAMBA,MACHUPICCHU,"MOVIMIENTO INDEPENDIENTE ""POR EL DESARROLLO DE MACHUPICCHU Y COMUNIDADES""",31
71304,CUSCO,URUBAMBA,MACHUPICCHU,MOVIMIENTO INDEPENDIENTE DEMOCRACIA CON UNIDAD Y TRABAJO,21
71304,CUSCO,URUBAMBA,MACHUPICCHU,PARTIDO ACCION POPULAR,35
71304,CUSCO,URUBAMBA,MACHUPICCHU,PARTIDO APRISTA PERUANO,98
71304,CUSCO,URUBAMBA,MACHUPICCHU,PARTIDO INKA PACHAKUTEQ,22
71305,CUSCO,URUBAMBA,MARAS,AGRUPACION INDEPENDIENTE UNION POR EL PERU - FRENTE AMPLIO,111
71305,CUSCO,URUBAMBA,MARAS,ALIANZA ELECTORAL UNIDAD NACIONAL,70
71305,CUSCO,URUBAMBA,MARAS,ALTERNATIVA PROVINCIAL URUBAMBA,360
71305,CUSCO,URUBAMBA,MARAS,FRENTE INDEPENDIENTE MORALIZADOR,366
71305,CUSCO,URUBAMBA,MARAS,FUERZA DEMOCRATICA,92
71305,CUSCO,URUBAMBA,MARAS,MOVIMIENTO DEMOCRATICO JUNTOS POR EL PROGRESO,35
71305,CUSCO,URUBAMBA,MARAS,"MOVIMIENTO INDEPENDIENTE ""MARAS TRABAJO TOTAL""",99
71305,CUSCO,URUBAMBA,MARAS,MOVIMIENTO INDEPENDIENTE DEMOCRACIA CON UNIDAD Y TRABAJO,431
71305,CUSCO,URUBAMBA,MARAS,MOVIMIENTO INDEPENDIENTE NUEVA ESPERANZA DE MARAS,75
71305,CUSCO,URUBAMBA,MARAS,MOVIMIENTO NUEVA IZQUIERDA,44
71305,CUSCO,URUBAMBA,MARAS,PARTIDO ACCION POPULAR,151
71305,CUSCO,URUBAMBA,MARAS,PARTIDO INKA PACHAKUTEQ,91
71305,CUSCO,URUBAMBA,MARAS,PARTIDO PERU POSIBLE,156
71306,CUSCO,URUBAMBA,OLLANTAYTAMBO,AGRUPACION INDEPENDIENTE UNION POR EL PERU - FRENTE AMPLIO,288
71306,CUSCO,URUBAMBA,OLLANTAYTAMBO,ALTERNATIVA PROVINCIAL URUBAMBA,155
71306,CUSCO,URUBAMBA,OLLANTAYTAMBO,MOVIMIENTO DEMOCRATICO JUNTOS POR EL PROGRESO,776
71306,CUSCO,URUBAMBA,OLLANTAYTAMBO,MOVIMIENTO INDEPENDIENTE DEMOCRACIA CON UNIDAD Y TRABAJO,1174
71306,CUSCO,URUBAMBA,OLLANTAYTAMBO,PARTIDO ACCION POPULAR,66
71306,CUSCO,URUBAMBA,OLLANTAYTAMBO,PARTIDO APRISTA PERUANO,111
71306,CUSCO,URUBAMBA,OLLANTAYTAMBO,PARTIDO PERU POSIBLE,22
71307,CUSCO,URUBAMBA,YUCAY,AGRUPACION INDEPENDIENTE UNION POR EL PERU - FRENTE AMPLIO,195
71307,CUSCO,URUBAMBA,YUCAY,ALIANZA ELECTORAL UNIDAD NACIONAL,313
71307,CUSCO,URUBAMBA,YUCAY,ALTERNATIVA PROVINCIAL URUBAMBA,370
71307,CUSCO,URUBAMBA,YUCAY,MOVIMIENTO INDEPENDIENTE DEMOCRACIA CON UNIDAD Y TRABAJO,161
71307,CUSCO,URUBAMBA,YUCAY,PARTIDO ACCION POPULAR,60
71307,CUSCO,URUBAMBA,YUCAY,PARTIDO INKA PACHAKUTEQ,13
71307,CUSCO,URUBAMBA,YUCAY,PARTIDO PERU POSIBLE,115
80102,HUANCAVELICA,HUANCAVELICA,ACOBAMBILLA,ACOBAMBILLA UNIDOS AL DESARROLLO,76
80102,HUANCAVELICA,HUANCAVELICA,ACOBAMBILLA,ALIANZA ELECTORAL UNIDAD NACIONAL,157
80102,HUANCAVELICA,HUANCAVELICA,ACOBAMBILLA,MOVIMIENTO INDEPENDIENTE DE CAMPESINOS Y PROFESIONALES - MINCAP,62
80102,HUANCAVELICA,HUANCAVELICA,ACOBAMBILLA,"MOVIMIENTO INDEPENDIENTE REGIONAL ""INTI""",156
80102,HUANCAVELICA,HUANCAVELICA,ACOBAMBILLA,PARTIDO ACCION POPULAR,74
80102,HUANCAVELICA,HUANCAVELICA,ACOBAMBILLA,PARTIDO APRISTA PERUANO,73
80102,HUANCAVELICA,HUANCAVELICA,ACOBAMBILLA,PARTIDO PERU POSIBLE,154
80102,HUANCAVELICA,HUANCAVELICA,ACOBAMBILLA,PARTIDO RENACIMIENTO ANDINO,10
80103,HUANCAVELICA,HUANCAVELICA,ACORIA,AGRUPACION INDEPENDIENTE UNION POR EL PERU - FRENTE AMPLIO,356
80103,HUANCAVELICA,HUANCAVELICA,ACORIA,ALIANZA ELECTORAL UNIDAD NACIONAL,849
80103,HUANCAVELICA,HUANCAVELICA,ACORIA,FUERZA DEMOCRATICA,273
80103,HUANCAVELICA,HUANCAVELICA,ACORIA,"MOVIMIENTO DESCENTRALISTA ""AHORA HUANCAVELICA""",368
80103,HUANCAVELICA,HUANCAVELICA,ACORIA,"MOVIMIENTO INDEPENDIENTE  ""ADELANTE HUANCAVELICA""",207
80103,HUANCAVELICA,HUANCAVELICA,ACORIA,"MOVIMIENTO INDEPENDIENTE ""TRABAJO VECINAL""",155
80103,HUANCAVELICA,HUANCAVELICA,ACORIA,MOVIMIENTO INDEPENDIENTE CRISTIANO DE HUANCAVELICA,322
80103,HUANCAVELICA,HUANCAVELICA,ACORIA,"MOVIMIENTO INDEPENDIENTE REGIONAL ""INTI""",1105
80103,HUANCAVELICA,HUANCAVELICA,ACORIA,MOVIMIENTO NUEVA IZQUIERDA,77
80103,HUANCAVELICA,HUANCAVELICA,ACORIA,PARTIDO ACCION POPULAR,445
80103,HUANCAVELICA,HUANCAVELICA,ACORIA,PARTIDO APRISTA PERUANO,153
80103,HUANCAVELICA,HUANCAVELICA,ACORIA,PARTIDO DEMOCRATICO SOMOS PERU,143
80103,HUANCAVELICA,HUANCAVELICA,ACORIA,PARTIDO PERU POSIBLE,704
80103,HUANCAVELICA,HUANCAVELICA,ACORIA,PARTIDO POLITICO NACIONAL PRIMERO PERU,142
80103,HUANCAVELICA,HUANCAVELICA,ACORIA,PARTIDO RECONSTRUCCION DEMOCRATICA (PRD),244
80103,HUANCAVELICA,HUANCAVELICA,ACORIA,PARTIDO RENACIMIENTO ANDINO,521
80103,HUANCAVELICA,HUANCAVELICA,ACORIA,"RIKCHARISUN LLAQTA YUYAYCHANAKUNAPAQ ""RILLAY""",1119
80104,HUANCAVELICA,HUANCAVELICA,CONAYCA,ALIANZA PARA EL PROGRESO,90
80104,HUANCAVELICA,HUANCAVELICA,CONAYCA,"MOVIMIENTO DESCENTRALISTA ""AHORA HUANCAVELICA""",79
80104,HUANCAVELICA,HUANCAVELICA,CONAYCA,"MOVIMIENTO INDEPENDIENTE ""CONAYCA UNIDA""",33
80104,HUANCAVELICA,HUANCAVELICA,CONAYCA,"MOVIMIENTO INDEPENDIENTE ""TRABAJEMOS POR CONAYCA""",19
80104,HUANCAVELICA,HUANCAVELICA,CONAYCA,MOVIMIENTO INDEPENDIENTE DE CAMPESINOS Y PROFESIONALES - MINCAP,71
80104,HUANCAVELICA,HUANCAVELICA,CONAYCA,"MOVIMIENTO INDEPENDIENTE REGIONAL ""INTI""",15
80104,HUANCAVELICA,HUANCAVELICA,CONAYCA,PARTIDO ACCION POPULAR,5
80104,HUANCAVELICA,HUANCAVELICA,CONAYCA,PARTIDO APRISTA PERUANO,68
80104,HUANCAVELICA,HUANCAVELICA,CONAYCA,PARTIDO PERU POSIBLE,77
80104,HUANCAVELICA,HUANCAVELICA,CONAYCA,PARTIDO RENACIMIENTO ANDINO,17
80105,HUANCAVELICA,HUANCAVELICA,CUENCA,ALIANZA ELECTORAL UNIDAD NACIONAL,104
80105,HUANCAVELICA,HUANCAVELICA,CUENCA,"MOVIMIENTO DESCENTRALISTA ""AHORA HUANCAVELICA""",155
80105,HUANCAVELICA,HUANCAVELICA,CUENCA,"MOVIMIENTO INDEPENDIENTE  ""ADELANTE HUANCAVELICA""",58
80105,HUANCAVELICA,HUANCAVELICA,CUENCA,MOVIMIENTO INDEPENDIENTE CRISTIANO DE HUANCAVELICA,45
80105,HUANCAVELICA,HUANCAVELICA,CUENCA,MOVIMIENTO INDEPENDIENTE DE CAMPESINOS Y PROFESIONALES - MINCAP,134
80105,HUANCAVELICA,HUANCAVELICA,CUENCA,PARTIDO APRISTA PERUANO,78
80105,HUANCAVELICA,HUANCAVELICA,CUENCA,PARTIDO PERU POSIBLE,189
80105,HUANCAVELICA,HUANCAVELICA,CUENCA,PARTIDO RENACIMIENTO ANDINO,43
80106,HUANCAVELICA,HUANCAVELICA,HUACHOCOLPA,AGRUPACION INDEPENDIENTE UNION POR EL PERU - FRENTE AMPLIO,65
80106,HUANCAVELICA,HUANCAVELICA,HUACHOCOLPA,ALIANZA ELECTORAL UNIDAD NACIONAL,54
80106,HUANCAVELICA,HUANCAVELICA,HUACHOCOLPA,"MOVIMIENTO INDEPENDIENTE  ""ADELANTE HUANCAVELICA""",172
80106,HUANCAVELICA,HUANCAVELICA,HUACHOCOLPA,MOVIMIENTO INDEPENDIENTE DE CAMPESINOS Y PROFESIONALES - MINCAP,209
80106,HUANCAVELICA,HUANCAVELICA,HUACHOCOLPA,PARTIDO DEMOCRATICO SOMOS PERU,3
80106,HUANCAVELICA,HUANCAVELICA,HUACHOCOLPA,PARTIDO PERU POSIBLE,98
80106,HUANCAVELICA,HUANCAVELICA,HUACHOCOLPA,PARTIDO RENACIMIENTO ANDINO,170
80108,HUANCAVELICA,HUANCAVELICA,HUAYLLAHUARA,ALIANZA ELECTORAL UNIDAD NACIONAL,81
80108,HUANCAVELICA,HUANCAVELICA,HUAYLLAHUARA,"MOVIMIENTO INDEPENDIENTE ""TRABAJO VECINAL""",40
80108,HUANCAVELICA,HUANCAVELICA,HUAYLLAHUARA,MOVIMIENTO INDEPENDIENTE DE CAMPESINOS Y PROFESIONALES - MINCAP,26
80108,HUANCAVELICA,HUANCAVELICA,HUAYLLAHUARA,"MOVIMIENTO INDEPENDIENTE REGIONAL ""INTI""",83
80108,HUANCAVELICA,HUANCAVELICA,HUAYLLAHUARA,PARTIDO PERU POSIBLE,44
80108,HUANCAVELICA,HUANCAVELICA,HUAYLLAHUARA,PARTIDO RENACIMIENTO ANDINO,77
80109,HUANCAVELICA,HUANCAVELICA,IZCUCHACA,ALIANZA ELECTORAL UNIDAD NACIONAL,184
80109,HUANCAVELICA,HUANCAVELICA,IZCUCHACA,MOVIMIENTO INDEPENDIENTE CAMBIEMOS IZCUCHACA,126
80109,HUANCAVELICA,HUANCAVELICA,IZCUCHACA,MOVIMIENTO INDEPENDIENTE DE CAMPESINOS Y PROFESIONALES - MINCAP,82
80109,HUANCAVELICA,HUANCAVELICA,IZCUCHACA,PARTIDO APRISTA PERUANO,73
80109,HUANCAVELICA,HUANCAVELICA,IZCUCHACA,PARTIDO PERU POSIBLE,82
80109,HUANCAVELICA,HUANCAVELICA,IZCUCHACA,PARTIDO RENACIMIENTO ANDINO,207
80110,HUANCAVELICA,HUANCAVELICA,LARIA,AGRUPACION INDEPENDIENTE UNION POR EL PERU - FRENTE AMPLIO,44
80110,HUANCAVELICA,HUANCAVELICA,LARIA,ALIANZA ELECTORAL UNIDAD NACIONAL,63
80110,HUANCAVELICA,HUANCAVELICA,LARIA,"MOVIMIENTO DESCENTRALISTA ""AHORA HUANCAVELICA""",33
80110,HUANCAVELICA,HUANCAVELICA,LARIA,MOVIMIENTO NUEVA IZQUIERDA,69
80110,HUANCAVELICA,HUANCAVELICA,LARIA,PARTIDO ACCION POPULAR,59
80110,HUANCAVELICA,HUANCAVELICA,LARIA,PARTIDO DEMOCRATICO SOMOS PERU,63
80110,HUANCAVELICA,HUANCAVELICA,LARIA,PARTIDO PERU POSIBLE,98
80110,HUANCAVELICA,HUANCAVELICA,LARIA,PARTIDO RENACIMIENTO ANDINO,32
80111,HUANCAVELICA,HUANCAVELICA,MANTA,ALIANZA ELECTORAL UNIDAD NACIONAL,124
80111,HUANCAVELICA,HUANCAVELICA,MANTA,"MOVIMIENTO INDEPENDIENTE ""FRENTE PROGRESISMO""",61
80111,HUANCAVELICA,HUANCAVELICA,MANTA,"MOVIMIENTO INDEPENDIENTE REGIONAL ""INTI""",40
80111,HUANCAVELICA,HUANCAVELICA,MANTA,PARTIDO ACCION POPULAR,34
80111,HUANCAVELICA,HUANCAVELICA,MANTA,PARTIDO APRISTA PERUANO,102
80111,HUANCAVELICA,HUANCAVELICA,MANTA,PARTIDO PERU POSIBLE,16
80111,HUANCAVELICA,HUANCAVELICA,MANTA,PARTIDO RENACIMIENTO ANDINO,51
80112,HUANCAVELICA,HUANCAVELICA,MARISCAL CACERES,ALIANZA ELECTORAL UNIDAD NACIONAL,91
80112,HUANCAVELICA,HUANCAVELICA,MARISCAL CACERES,FRENTE INDEPENDIENTE DISTRITAL MARISCAL CACERES,135
80112,HUANCAVELICA,HUANCAVELICA,MARISCAL CACERES,MOVIMIENTO AMPLIO PAIS UNIDO - MAPU,62
80112,HUANCAVELICA,HUANCAVELICA,MARISCAL CACERES,"MOVIMIENTO INDEPENDIENTE  ""ADELANTE HUANCAVELICA""",29
80112,HUANCAVELICA,HUANCAVELICA,MARISCAL CACERES,"MOVIMIENTO INDEPENDIENTE REGIONAL ""INTI""",199
80112,HUANCAVELICA,HUANCAVELICA,MARISCAL CACERES,PARTIDO ACCION POPULAR,107
80112,HUANCAVELICA,HUANCAVELICA,MARISCAL CACERES,PARTIDO APRISTA PERUANO,19
80112,HUANCAVELICA,HUANCAVELICA,MARISCAL CACERES,PARTIDO PERU POSIBLE,89
80112,HUANCAVELICA,HUANCAVELICA,MARISCAL CACERES,PARTIDO RENACIMIENTO ANDINO,148
80113,HUANCAVELICA,HUANCAVELICA,MOYA,ALIANZA ELECTORAL UNIDAD NACIONAL,50
80113,HUANCAVELICA,HUANCAVELICA,MOYA,JUVENTUD INDEPENDIENTE MOYANO,113
80113,HUANCAVELICA,HUANCAVELICA,MOYA,"MOVIMIENTO INDEPENDIENTE ""TRABAJO VECINAL""",129
80113,HUANCAVELICA,HUANCAVELICA,MOYA,MOVIMIENTO INDEPENDIENTE DE CAMPESINOS Y PROFESIONALES - MINCAP,122
80113,HUANCAVELICA,HUANCAVELICA,MOYA,PARTIDO APRISTA PERUANO,46
80113,HUANCAVELICA,HUANCAVELICA,MOYA,PARTIDO DEMOCRATICO SOMOS PERU,31
80113,HUANCAVELICA,HUANCAVELICA,MOYA,PARTIDO PERU POSIBLE,40
80113,HUANCAVELICA,HUANCAVELICA,MOYA,PARTIDO RENACIMIENTO ANDINO,33
80114,HUANCAVELICA,HUANCAVELICA,NUEVO OCCORO,ALIANZA ELECTORAL UNIDAD NACIONAL,66
80114,HUANCAVELICA,HUANCAVELICA,NUEVO OCCORO,"MOVIMIENTO DESCENTRALISTA ""AHORA HUANCAVELICA""",92
80114,HUANCAVELICA,HUANCAVELICA,NUEVO OCCORO,MOVIMIENTO INDEPENDIENTE CRISTIANO DE HUANCAVELICA,67
80114,HUANCAVELICA,HUANCAVELICA,NUEVO OCCORO,MOVIMIENTO INDEPENDIENTE DE CAMPESINOS Y PROFESIONALES - MINCAP,274
80114,HUANCAVELICA,HUANCAVELICA,NUEVO OCCORO,PARTIDO APRISTA PERUANO,72
80114,HUANCAVELICA,HUANCAVELICA,NUEVO OCCORO,PARTIDO PERU POSIBLE,229
80114,HUANCAVELICA,HUANCAVELICA,NUEVO OCCORO,PARTIDO RENACIMIENTO ANDINO,153
80115,HUANCAVELICA,HUANCAVELICA,PALCA,AGRUPACION INDEPENDIENTE UNION POR EL PERU - FRENTE AMPLIO,100
80115,HUANCAVELICA,HUANCAVELICA,PALCA,ALIANZA ELECTORAL UNIDAD NACIONAL,74
80115,HUANCAVELICA,HUANCAVELICA,PALCA,"MOVIMIENTO INDEPENDIENTE  ""ADELANTE HUANCAVELICA""",127
80115,HUANCAVELICA,HUANCAVELICA,PALCA,MOVIMIENTO INDEPENDIENTE DE CAMPESINOS Y PROFESIONALES - MINCAP,204
80115,HUANCAVELICA,HUANCAVELICA,PALCA,"MOVIMIENTO INDEPENDIENTE REGIONAL ""INTI""",126
80115,HUANCAVELICA,HUANCAVELICA,PALCA,MOVIMIENTO NUEVA IZQUIERDA,213
80115,HUANCAVELICA,HUANCAVELICA,PALCA,PARTIDO ACCION POPULAR,148
80115,HUANCAVELICA,HUANCAVELICA,PALCA,PARTIDO APRISTA PERUANO,97
80115,HUANCAVELICA,HUANCAVELICA,PALCA,PARTIDO DEMOCRATICO SOMOS PERU,137
80115,HUANCAVELICA,HUANCAVELICA,PALCA,PARTIDO PERU POSIBLE,222
80115,HUANCAVELICA,HUANCAVELICA,PALCA,PARTIDO RECONSTRUCCION DEMOCRATICA (PRD),64
80115,HUANCAVELICA,HUANCAVELICA,PALCA,PARTIDO RENACIMIENTO ANDINO,79
80116,HUANCAVELICA,HUANCAVELICA,PILCHACA,ALIANZA ELECTORAL UNIDAD NACIONAL,64
80116,HUANCAVELICA,HUANCAVELICA,PILCHACA,FUERZA DEMOCRATICA,54
80116,HUANCAVELICA,HUANCAVELICA,PILCHACA,"MOVIMIENTO DESCENTRALISTA ""AHORA HUANCAVELICA""",8
80116,HUANCAVELICA,HUANCAVELICA,PILCHACA,PARTIDO ACCION POPULAR,77
80116,HUANCAVELICA,HUANCAVELICA,PILCHACA,PARTIDO PERU POSIBLE,74
80116,HUANCAVELICA,HUANCAVELICA,PILCHACA,PARTIDO RENACIMIENTO ANDINO,22
80117,HUANCAVELICA,HUANCAVELICA,VILCA,ALIANZA ELECTORAL UNIDAD NACIONAL,87
80117,HUANCAVELICA,HUANCAVELICA,VILCA,COMUNIDAD CIVICA DE VILCA,72
80117,HUANCAVELICA,HUANCAVELICA,VILCA,MOVIMIENTO INDEPENDIENTE DE CAMPESINOS Y PROFESIONALES - MINCAP,86
80117,HUANCAVELICA,HUANCAVELICA,VILCA,"MOVIMIENTO INDEPENDIENTE REGIONAL ""INTI""",94
80117,HUANCAVELICA,HUANCAVELICA,VILCA,PARTIDO ACCION POPULAR,86
80117,HUANCAVELICA,HUANCAVELICA,VILCA,PARTIDO PERU POSIBLE,81
80117,HUANCAVELICA,HUANCAVELICA,VILCA,PARTIDO RENACIMIENTO ANDINO,176
80118,HUANCAVELICA,HUANCAVELICA,YAULI,AGRUPACION INDEPENDIENTE UNION POR EL PERU - FRENTE AMPLIO,19
80118,HUANCAVELICA,HUANCAVELICA,YAULI,ALIANZA ELECTORAL UNIDAD NACIONAL,153
80118,HUANCAVELICA,HUANCAVELICA,YAULI,"MOVIMIENTO DESCENTRALISTA ""AHORA HUANCAVELICA""",906
80118,HUANCAVELICA,HUANCAVELICA,YAULI,"MOVIMIENTO INDEPENDIENTE ""TRABAJO VECINAL""",230
80118,HUANCAVELICA,HUANCAVELICA,YAULI,MOVIMIENTO INDEPENDIENTE DE CAMPESINOS Y PROFESIONALES - MINCAP,1785
80118,HUANCAVELICA,HUANCAVELICA,YAULI,"MOVIMIENTO INDEPENDIENTE REGIONAL ""INTI""",1977
80118,HUANCAVELICA,HUANCAVELICA,YAULI,MOVIMIENTO NUEVA IZQUIERDA,37
80118,HUANCAVELICA,HUANCAVELICA,YAULI,PARTIDO ACCION POPULAR,11
80118,HUANCAVELICA,HUANCAVELICA,YAULI,PARTIDO APRISTA PERUANO,60
80118,HUANCAVELICA,HUANCAVELICA,YAULI,PARTIDO DEMOCRATICO SOMOS PERU,1392
80118,HUANCAVELICA,HUANCAVELICA,YAULI,PARTIDO PERU POSIBLE,142
80118,HUANCAVELICA,HUANCAVELICA,YAULI,PARTIDO RENACIMIENTO ANDINO,186
80119,HUANCAVELICA,HUANCAVELICA,ASCENSION,ADELANTE A TRIUNFAR,180
80119,HUANCAVELICA,HUANCAVELICA,ASCENSION,AGRUPACION INDEPENDIENTE UNION POR EL PERU - FRENTE AMPLIO,164
80119,HUANCAVELICA,HUANCAVELICA,ASCENSION,ALIANZA ELECTORAL UNIDAD NACIONAL,128
80119,HUANCAVELICA,HUANCAVELICA,ASCENSION,MOVIMIENTO INDEPENDIENTE ASCENSION,586
80119,HUANCAVELICA,HUANCAVELICA,ASCENSION,MOVIMIENTO INDEPENDIENTE DE CAMPESINOS Y PROFESIONALES - MINCAP,168
80119,HUANCAVELICA,HUANCAVELICA,ASCENSION,MOVIMIENTO NUEVA IZQUIERDA,577
80119,HUANCAVELICA,HUANCAVELICA,ASCENSION,PARTIDO ACCION POPULAR,40
80119,HUANCAVELICA,HUANCAVELICA,ASCENSION,PARTIDO PERU POSIBLE,407
80119,HUANCAVELICA,HUANCAVELICA,ASCENSION,PARTIDO POLITICO NACIONAL PRIMERO PERU,57
80119,HUANCAVELICA,HUANCAVELICA,ASCENSION,PARTIDO RECONSTRUCCION DEMOCRATICA (PRD),72
80119,HUANCAVELICA,HUANCAVELICA,ASCENSION,POR LA TRANSFORMACION DE ASCENSION,123
80120,HUANCAVELICA,HUANCAVELICA,HUANDO,AGRUPACION INDEPENDIENTE UNION POR EL PERU - FRENTE AMPLIO,100
80120,HUANCAVELICA,HUANCAVELICA,HUANDO,ALIANZA ELECTORAL UNIDAD NACIONAL,312
80120,HUANCAVELICA,HUANCAVELICA,HUANDO,"MOVIMIENTO INDEPENDIENTE ""HUANDO A LA MODERNIDAD""",119
80120,HUANCAVELICA,HUANCAVELICA,HUANDO,MOVIMIENTO INDEPENDIENTE DE CAMPESINOS Y PROFESIONALES - MINCAP,163
80120,HUANCAVELICA,HUANCAVELICA,HUANDO,"MOVIMIENTO INDEPENDIENTE REGIONAL ""INTI""",113
80120,HUANCAVELICA,HUANCAVELICA,HUANDO,MOVIMIENTO NUEVA IZQUIERDA,54
80120,HUANCAVELICA,HUANCAVELICA,HUANDO,PARTIDO APRISTA PERUANO,63
80120,HUANCAVELICA,HUANCAVELICA,HUANDO,PARTIDO DEMOCRATICO SOMOS PERU,79
80120,HUANCAVELICA,HUANCAVELICA,HUANDO,PARTIDO PERU POSIBLE,713
80120,HUANCAVELICA,HUANCAVELICA,HUANDO,PARTIDO RENACIMIENTO ANDINO,197
80202,HUANCAVELICA,ACOBAMBA,ANTA,ALIANZA ELECTORAL UNIDAD NACIONAL,511
80202,HUANCAVELICA,ACOBAMBA,ANTA,MOVIMIENTO INDEPENDIENTE DE CAMPESINOS Y PROFESIONALES - MINCAP,496
80202,HUANCAVELICA,ACOBAMBA,ANTA,"MOVIMIENTO INDEPENDIENTE REGIONAL ""INTI""",404
80202,HUANCAVELICA,ACOBAMBA,ANTA,PARTIDO ACCION POPULAR,63
80202,HUANCAVELICA,ACOBAMBA,ANTA,PARTIDO APRISTA PERUANO,204
80202,HUANCAVELICA,ACOBAMBA,ANTA,PARTIDO DEMOCRATICO SOMOS PERU,131
80202,HUANCAVELICA,ACOBAMBA,ANTA,PARTIDO PERU POSIBLE,289
80202,HUANCAVELICA,ACOBAMBA,ANTA,PARTIDO RENACIMIENTO ANDINO,194
80203,HUANCAVELICA,ACOBAMBA,ANDABAMBA,ALIANZA ELECTORAL UNIDAD NACIONAL,263
80203,HUANCAVELICA,ACOBAMBA,ANDABAMBA,MOVIMIENTO INDEPENDIENTE DE CAMPESINOS Y PROFESIONALES - MINCAP,318
80203,HUANCAVELICA,ACOBAMBA,ANDABAMBA,"MOVIMIENTO INDEPENDIENTE REGIONAL ""INTI""",192
80203,HUANCAVELICA,ACOBAMBA,ANDABAMBA,PARTIDO ACCION POPULAR,112
80203,HUANCAVELICA,ACOBAMBA,ANDABAMBA,PARTIDO APRISTA PERUANO,18
80203,HUANCAVELICA,ACOBAMBA,ANDABAMBA,PARTIDO DEMOCRATICO SOMOS PERU,66
80203,HUANCAVELICA,ACOBAMBA,ANDABAMBA,PARTIDO PERU POSIBLE,285
80203,HUANCAVELICA,ACOBAMBA,ANDABAMBA,PARTIDO RENACIMIENTO ANDINO,22
80204,HUANCAVELICA,ACOBAMBA,CAJA,ALIANZA ELECTORAL UNIDAD NACIONAL,41
80204,HUANCAVELICA,ACOBAMBA,CAJA,MOVIMIENTO INDEPENDIENTE DE CAMPESINOS Y PROFESIONALES - MINCAP,248
80204,HUANCAVELICA,ACOBAMBA,CAJA,"MOVIMIENTO INDEPENDIENTE REGIONAL ""INTI""",71
80204,HUANCAVELICA,ACOBAMBA,CAJA,MOVIMIENTO INDEPENDIENTE TODOS CONTIGO CAJA ESPIRITU,44
80204,HUANCAVELICA,ACOBAMBA,CAJA,PARTIDO ACCION POPULAR,257
80204,HUANCAVELICA,ACOBAMBA,CAJA,PARTIDO APRISTA PERUANO,136
80204,HUANCAVELICA,ACOBAMBA,CAJA,PARTIDO DEMOCRATICO SOMOS PERU,31
80204,HUANCAVELICA,ACOBAMBA,CAJA,PARTIDO PERU POSIBLE,178
80204,HUANCAVELICA,ACOBAMBA,CAJA,PARTIDO RENACIMIENTO ANDINO,24
80205,HUANCAVELICA,ACOBAMBA,MARCAS,ALIANZA ELECTORAL UNIDAD NACIONAL,98
80205,HUANCAVELICA,ACOBAMBA,MARCAS,MOVIMIENTO INDEPENDIENTE DE CAMPESINOS Y PROFESIONALES - MINCAP,328
80205,HUANCAVELICA,ACOBAMBA,MARCAS,"MOVIMIENTO INDEPENDIENTE REGIONAL ""INTI""",14
80205,HUANCAVELICA,ACOBAMBA,MARCAS,PARTIDO APRISTA PERUANO,173
80205,HUANCAVELICA,ACOBAMBA,MARCAS,PARTIDO DEMOCRATICO SOMOS PERU,52
80205,HUANCAVELICA,ACOBAMBA,MARCAS,PARTIDO PERU POSIBLE,40
80206,HUANCAVELICA,ACOBAMBA,PAUCARA,ALIANZA ELECTORAL UNIDAD NACIONAL,394
80206,HUANCAVELICA,ACOBAMBA,PAUCARA,MOVIMIENTO INDEPENDIENTE DE CAMPESINOS Y PROFESIONALES - MINCAP,494
80206,HUANCAVELICA,ACOBAMBA,PAUCARA,"MOVIMIENTO INDEPENDIENTE REGIONAL ""INTI""",455
80206,HUANCAVELICA,ACOBAMBA,PAUCARA,PARTIDO ACCION POPULAR,334
80206,HUANCAVELICA,ACOBAMBA,PAUCARA,PARTIDO APRISTA PERUANO,72
80206,HUANCAVELICA,ACOBAMBA,PAUCARA,PARTIDO DEMOCRATICO SOMOS PERU,445
80206,HUANCAVELICA,ACOBAMBA,PAUCARA,PARTIDO PERU POSIBLE,975
80206,HUANCAVELICA,ACOBAMBA,PAUCARA,PARTIDO RENACIMIENTO ANDINO,889
80207,HUANCAVELICA,ACOBAMBA,POMACOCHA,ALIANZA ELECTORAL UNIDAD NACIONAL,343
80207,HUANCAVELICA,ACOBAMBA,POMACOCHA,MOVIMIENTO INDEPENDIENTE DE CAMPESINOS Y PROFESIONALES - MINCAP,404
80207,HUANCAVELICA,ACOBAMBA,POMACOCHA,"MOVIMIENTO INDEPENDIENTE REGIONAL ""INTI""",374
80207,HUANCAVELICA,ACOBAMBA,POMACOCHA,PARTIDO ACCION POPULAR,22
80207,HUANCAVELICA,ACOBAMBA,POMACOCHA,PARTIDO APRISTA PERUANO,121
80207,HUANCAVELICA,ACOBAMBA,POMACOCHA,PARTIDO DEMOCRATICO SOMOS PERU,152
80207,HUANCAVELICA,ACOBAMBA,POMACOCHA,PARTIDO PERU POSIBLE,96
80208,HUANCAVELICA,ACOBAMBA,ROSARIO,ALIANZA ELECTORAL UNIDAD NACIONAL,553
80208,HUANCAVELICA,ACOBAMBA,ROSARIO,MOVIMIENTO INDEPENDIENTE DE CAMPESINOS Y PROFESIONALES - MINCAP,475
80208,HUANCAVELICA,ACOBAMBA,ROSARIO,"MOVIMIENTO INDEPENDIENTE REGIONAL ""INTI""",715
80208,HUANCAVELICA,ACOBAMBA,ROSARIO,PARTIDO ACCION POPULAR,366
80208,HUANCAVELICA,ACOBAMBA,ROSARIO,PARTIDO APRISTA PERUANO,99
80208,HUANCAVELICA,ACOBAMBA,ROSARIO,PARTIDO DEMOCRATICO SOMOS PERU,49
80208,HUANCAVELICA,ACOBAMBA,ROSARIO,PARTIDO PERU POSIBLE,11
80302,HUANCAVELICA,ANGARAES,ANCHONGA,ALIANZA ELECTORAL UNIDAD NACIONAL,31
80302,HUANCAVELICA,ANGARAES,ANCHONGA,MOVIMIENTO INDEPENDIENTE DE CAMPESINOS Y PROFESIONALES - MINCAP,721
80302,HUANCAVELICA,ANGARAES,ANCHONGA,"MOVIMIENTO INDEPENDIENTE REGIONAL ""INTI""",482
80302,HUANCAVELICA,ANGARAES,ANCHONGA,MOVIMIENTO RIKCHARISUN AYLLU,544
80302,HUANCAVELICA,ANGARAES,ANCHONGA,PARTIDO ACCION POPULAR,16
80302,HUANCAVELICA,ANGARAES,ANCHONGA,PARTIDO APRISTA PERUANO,47
80302,HUANCAVELICA,ANGARAES,ANCHONGA,PARTIDO DEMOCRATICO SOMOS PERU,88
80302,HUANCAVELICA,ANGARAES,ANCHONGA,PARTIDO PERU POSIBLE,23
80302,HUANCAVELICA,ANGARAES,ANCHONGA,PARTIDO RENACIMIENTO ANDINO,138
80303,HUANCAVELICA,ANGARAES,CALLANMARCA,ALIANZA ELECTORAL UNIDAD NACIONAL,8
80303,HUANCAVELICA,ANGARAES,CALLANMARCA,MOVIMIENTO INDEPENDIENTE DE CAMPESINOS Y PROFESIONALES - MINCAP,86
80303,HUANCAVELICA,ANGARAES,CALLANMARCA,"MOVIMIENTO INDEPENDIENTE REGIONAL ""INTI""",98
80303,HUANCAVELICA,ANGARAES,CALLANMARCA,MOVIMIENTO RIKCHARISUN AYLLU,85
80303,HUANCAVELICA,ANGARAES,CALLANMARCA,PARTIDO PERU POSIBLE,54
80304,HUANCAVELICA,ANGARAES,CONGALLA,AGRUPACION INDEPENDIENTE UNION POR EL PERU - FRENTE AMPLIO,4
80304,HUANCAVELICA,ANGARAES,CONGALLA,ALIANZA ELECTORAL UNIDAD NACIONAL,5
80304,HUANCAVELICA,ANGARAES,CONGALLA,MOVIMIENTO AMPLIO PAIS UNIDO - MAPU,4
80304,HUANCAVELICA,ANGARAES,CONGALLA,MOVIMIENTO INDEPENDIENTE DE CAMPESINOS Y PROFESIONALES - MINCAP,224
80304,HUANCAVELICA,ANGARAES,CONGALLA,"MOVIMIENTO INDEPENDIENTE REGIONAL ""INTI""",228
80304,HUANCAVELICA,ANGARAES,CONGALLA,MOVIMIENTO INDEPENDIENTE TRABAJEMOS CONGALLA,237
80304,HUANCAVELICA,ANGARAES,CONGALLA,MOVIMIENTO RIKCHARISUN AYLLU,292
80304,HUANCAVELICA,ANGARAES,CONGALLA,PARTIDO ACCION POPULAR,9
80304,HUANCAVELICA,ANGARAES,CONGALLA,PARTIDO PERU POSIBLE,108
80305,HUANCAVELICA,ANGARAES,CHINCHO,ALIANZA ELECTORAL UNIDAD NACIONAL,22
80305,HUANCAVELICA,ANGARAES,CHINCHO,MOVIMIENTO INDEPENDIENTE DE CAMPESINOS Y PROFESIONALES - MINCAP,64
80305,HUANCAVELICA,ANGARAES,CHINCHO,"MOVIMIENTO INDEPENDIENTE REGIONAL ""INTI""",67
80305,HUANCAVELICA,ANGARAES,CHINCHO,PARTIDO ACCION POPULAR,35
80305,HUANCAVELICA,ANGARAES,CHINCHO,PARTIDO PERU POSIBLE,70
80306,HUANCAVELICA,ANGARAES,HUALLAY-GRANDE,MOVIMIENTO INDEPENDIENTE DE CAMPESINOS Y PROFESIONALES - MINCAP,290
80306,HUANCAVELICA,ANGARAES,HUALLAY-GRANDE,"MOVIMIENTO INDEPENDIENTE REGIONAL ""INTI""",323
80306,HUANCAVELICA,ANGARAES,HUALLAY-GRANDE,MOVIMIENTO RIKCHARISUN AYLLU,31
80306,HUANCAVELICA,ANGARAES,HUALLAY-GRANDE,PARTIDO APRISTA PERUANO,0
80306,HUANCAVELICA,ANGARAES,HUALLAY-GRANDE,PARTIDO PERU POSIBLE,1
80306,HUANCAVELICA,ANGARAES,HUALLAY-GRANDE,PARTIDO RENACIMIENTO ANDINO,1
80307,HUANCAVELICA,ANGARAES,HUANCA-HUANCA,ALIANZA ELECTORAL UNIDAD NACIONAL,1
80307,HUANCAVELICA,ANGARAES,HUANCA-HUANCA,MOVIMIENTO INDEPENDIENTE DE CAMPESINOS Y PROFESIONALES - MINCAP,70
80307,HUANCAVELICA,ANGARAES,HUANCA-HUANCA,"MOVIMIENTO INDEPENDIENTE REGIONAL ""INTI""",136
80307,HUANCAVELICA,ANGARAES,HUANCA-HUANCA,MOVIMIENTO RIKCHARISUN AYLLU,62
80307,HUANCAVELICA,ANGARAES,HUANCA-HUANCA,PARTIDO ACCION POPULAR,1
80307,HUANCAVELICA,ANGARAES,HUANCA-HUANCA,PARTIDO APRISTA PERUANO,48
80307,HUANCAVELICA,ANGARAES,HUANCA-HUANCA,PARTIDO DEMOCRATICO SOMOS PERU,113
80307,HUANCAVELICA,ANGARAES,HUANCA-HUANCA,PARTIDO PERU POSIBLE,45
80308,HUANCAVELICA,ANGARAES,JULCAMARCA,ALIANZA ELECTORAL UNIDAD NACIONAL,10
80308,HUANCAVELICA,ANGARAES,JULCAMARCA,LLAMCCASUN JULCAMARCA,54
80308,HUANCAVELICA,ANGARAES,JULCAMARCA,MOVIMIENTO INDEPENDIENTE ADELANTE JULCAMARCA,30
80308,HUANCAVELICA,ANGARAES,JULCAMARCA,MOVIMIENTO INDEPENDIENTE DE CAMPESINOS Y PROFESIONALES - MINCAP,152
80308,HUANCAVELICA,ANGARAES,JULCAMARCA,"MOVIMIENTO INDEPENDIENTE REGIONAL ""INTI""",97
80308,HUANCAVELICA,ANGARAES,JULCAMARCA,PARTIDO ACCION POPULAR,30
80308,HUANCAVELICA,ANGARAES,JULCAMARCA,PARTIDO PERU POSIBLE,27
80308,HUANCAVELICA,ANGARAES,JULCAMARCA,PARTIDO RENACIMIENTO ANDINO,17
80309,HUANCAVELICA,ANGARAES,SAN ANTONIO DE ANTAPARCO,ALIANZA ELECTORAL UNIDAD NACIONAL,61
80309,HUANCAVELICA,ANGARAES,SAN ANTONIO DE ANTAPARCO,"MOVIMIENTO INDEPENDIENTE REGIONAL ""INTI""",16
80309,HUANCAVELICA,ANGARAES,SAN ANTONIO DE ANTAPARCO,PARTIDO ACCION POPULAR,67
80309,HUANCAVELICA,ANGARAES,SAN ANTONIO DE ANTAPARCO,PARTIDO PERU POSIBLE,35
80309,HUANCAVELICA,ANGARAES,SAN ANTONIO DE ANTAPARCO,PARTIDO RENACIMIENTO ANDINO,38
80309,HUANCAVELICA,ANGARAES,SAN ANTONIO DE ANTAPARCO,PROGRESEMOS ANTAPARCO,13
80310,HUANCAVELICA,ANGARAES,SANTO TOMAS DE PATA,MOVIMIENTO INDEPENDIENTE DE CAMPESINOS Y PROFESIONALES - MINCAP,46
80310,HUANCAVELICA,ANGARAES,SANTO TOMAS DE PATA,"MOVIMIENTO INDEPENDIENTE REGIONAL ""INTI""",121
80310,HUANCAVELICA,ANGARAES,SANTO TOMAS DE PATA,PARTIDO PERU POSIBLE,80
80311,HUANCAVELICA,ANGARAES,SECCLLA,MOVIMIENTO INDEPENDIENTE DE CAMPESINOS Y PROFESIONALES - MINCAP,311
80311,HUANCAVELICA,ANGARAES,SECCLLA,"MOVIMIENTO INDEPENDIENTE REGIONAL ""INTI""",280
80311,HUANCAVELICA,ANGARAES,SECCLLA,MOVIMIENTO INDEPENDIENTE UNIDOS POR SECCLLA,41
80311,HUANCAVELICA,ANGARAES,SECCLLA,MOVIMIENTO RIKCHARISUN AYLLU,135
80311,HUANCAVELICA,ANGARAES,SECCLLA,PARTIDO ACCION POPULAR,2
80311,HUANCAVELICA,ANGARAES,SECCLLA,PARTIDO PERU POSIBLE,202
80312,HUANCAVELICA,ANGARAES,CCOCHACCASA,ALIANZA ELECTORAL UNIDAD NACIONAL,80
80312,HUANCAVELICA,ANGARAES,CCOCHACCASA,MOVIMIENTO AMPLIO PAIS UNIDO - MAPU,21
80312,HUANCAVELICA,ANGARAES,CCOCHACCASA,MOVIMIENTO INDEPENDIENTE DE CAMPESINOS Y PROFESIONALES - MINCAP,234
80312,HUANCAVELICA,ANGARAES,CCOCHACCASA,"MOVIMIENTO INDEPENDIENTE REGIONAL ""INTI""",212
80312,HUANCAVELICA,ANGARAES,CCOCHACCASA,MOVIMIENTO NUEVA IZQUIERDA,75
80312,HUANCAVELICA,ANGARAES,CCOCHACCASA,MOVIMIENTO RIKCHARISUN AYLLU,36
80312,HUANCAVELICA,ANGARAES,CCOCHACCASA,PARTIDO ACCION POPULAR,38
80312,HUANCAVELICA,ANGARAES,CCOCHACCASA,PARTIDO APRISTA PERUANO,86
80312,HUANCAVELICA,ANGARAES,CCOCHACCASA,PARTIDO PERU POSIBLE,64
80312,HUANCAVELICA,ANGARAES,CCOCHACCASA,PARTIDO RENACIMIENTO ANDINO,98
80402,HUANCAVELICA,CASTROVIRREYNA,ARMA,ALIANZA ELECTORAL UNIDAD NACIONAL,116
80402,HUANCAVELICA,CASTROVIRREYNA,ARMA,"MOVIMIENTO INDEPENDIENTE LOCAL ""ARMEÑO""",371
80402,HUANCAVELICA,CASTROVIRREYNA,ARMA,"MOVIMIENTO INDEPENDIENTE LOCAL ""DE ARMA HACIA EL DESARROLLO""",70
80402,HUANCAVELICA,CASTROVIRREYNA,ARMA,PARTIDO ACCION POPULAR,149
80402,HUANCAVELICA,CASTROVIRREYNA,ARMA,PARTIDO APRISTA PERUANO,79
80402,HUANCAVELICA,CASTROVIRREYNA,ARMA,PARTIDO PERU POSIBLE,147
80403,HUANCAVELICA,CASTROVIRREYNA,AURAHUA,ALIANZA ELECTORAL UNIDAD NACIONAL,84
80403,HUANCAVELICA,CASTROVIRREYNA,AURAHUA,"MOVIMIENTO INDEPENDIENTE ""AURAHUA UNIDOS AL DESARROLLO""",83
80403,HUANCAVELICA,CASTROVIRREYNA,AURAHUA,"MOVIMIENTO INDEPENDIENTE REGIONAL ""INTI""",149
80403,HUANCAVELICA,CASTROVIRREYNA,AURAHUA,PARTIDO ACCION POPULAR,80
80403,HUANCAVELICA,CASTROVIRREYNA,AURAHUA,PARTIDO APRISTA PERUANO,71
80403,HUANCAVELICA,CASTROVIRREYNA,AURAHUA,PARTIDO PERU POSIBLE,214
80405,HUANCAVELICA,CASTROVIRREYNA,CAPILLAS,ALIANZA ELECTORAL UNIDAD NACIONAL,262
80405,HUANCAVELICA,CASTROVIRREYNA,CAPILLAS,"MOVIMIENTO INDEPENDIENTE ""CAPILLAS Y ANEXOS""",251
80405,HUANCAVELICA,CASTROVIRREYNA,CAPILLAS,"MOVIMIENTO INDEPENDIENTE ""PLAN INTEGRAL CAPILLAS""",61
80405,HUANCAVELICA,CASTROVIRREYNA,CAPILLAS,PARTIDO ACCION POPULAR,57
80405,HUANCAVELICA,CASTROVIRREYNA,CAPILLAS,PARTIDO APRISTA PERUANO,11
80405,HUANCAVELICA,CASTROVIRREYNA,CAPILLAS,PARTIDO PERU POSIBLE,17
80406,HUANCAVELICA,CASTROVIRREYNA,COCAS,ALIANZA ELECTORAL UNIDAD NACIONAL,155
80406,HUANCAVELICA,CASTROVIRREYNA,COCAS,PARTIDO ACCION POPULAR,46
80406,HUANCAVELICA,CASTROVIRREYNA,COCAS,PARTIDO APRISTA PERUANO,180
80406,HUANCAVELICA,CASTROVIRREYNA,COCAS,PARTIDO PERU POSIBLE,39
80408,HUANCAVELICA,CASTROVIRREYNA,CHUPAMARCA,ALIANZA ELECTORAL UNIDAD NACIONAL,142
80408,HUANCAVELICA,CASTROVIRREYNA,CHUPAMARCA,PARTIDO ACCION POPULAR,208
80408,HUANCAVELICA,CASTROVIRREYNA,CHUPAMARCA,PARTIDO APRISTA PERUANO,54
80408,HUANCAVELICA,CASTROVIRREYNA,CHUPAMARCA,PARTIDO PERU POSIBLE,11
80409,HUANCAVELICA,CASTROVIRREYNA,HUACHOS,ALIANZA ELECTORAL UNIDAD NACIONAL,210
80409,HUANCAVELICA,CASTROVIRREYNA,HUACHOS,"MOVIMIENTO INDEPENDIENTE ""A TRABAJAR HUACHOS""",163
80409,HUANCAVELICA,CASTROVIRREYNA,HUACHOS,"MOVIMIENTO INDEPENDIENTE ""CAMPESINO HUACHOS""",4
80409,HUANCAVELICA,CASTROVIRREYNA,HUACHOS,PARTIDO ACCION POPULAR,15
80409,HUANCAVELICA,CASTROVIRREYNA,HUACHOS,PARTIDO APRISTA PERUANO,15
80409,HUANCAVELICA,CASTROVIRREYNA,HUACHOS,PARTIDO PERU POSIBLE,331
80410,HUANCAVELICA,CASTROVIRREYNA,HUAMATAMBO,ALIANZA ELECTORAL UNIDAD NACIONAL,123
80410,HUANCAVELICA,CASTROVIRREYNA,HUAMATAMBO,"MOVIMIENTO INDEPENDIENTE REGIONAL ""INTI""",110
80410,HUANCAVELICA,CASTROVIRREYNA,HUAMATAMBO,PARTIDO ACCION POPULAR,4
80410,HUANCAVELICA,CASTROVIRREYNA,HUAMATAMBO,PARTIDO APRISTA PERUANO,73
80410,HUANCAVELICA,CASTROVIRREYNA,HUAMATAMBO,PARTIDO PERU POSIBLE,11
80414,HUANCAVELICA,CASTROVIRREYNA,MOLLEPAMPA,ALIANZA ELECTORAL UNIDAD NACIONAL,183
80414,HUANCAVELICA,CASTROVIRREYNA,MOLLEPAMPA,"MOVIMIENTO INDEPENDIENTE ""AHORA SI""",88
80414,HUANCAVELICA,CASTROVIRREYNA,MOLLEPAMPA,MOVIMIENTO INDEPENDIENTE MOLLEPAMPA A LA INTEGRACION,22
80414,HUANCAVELICA,CASTROVIRREYNA,MOLLEPAMPA,PARTIDO ACCION POPULAR,35
80414,HUANCAVELICA,CASTROVIRREYNA,MOLLEPAMPA,PARTIDO DEMOCRATICO SOMOS PERU,178
80422,HUANCAVELICA,CASTROVIRREYNA,SAN JUAN,ALIANZA ELECTORAL UNIDAD NACIONAL,255
80422,HUANCAVELICA,CASTROVIRREYNA,SAN JUAN,"FRENTE INDEPENDIENTE ""JUNTOS POR OBRAS""",381
80422,HUANCAVELICA,CASTROVIRREYNA,SAN JUAN,PARTIDO APRISTA PERUANO,55
80427,HUANCAVELICA,CASTROVIRREYNA,TANTARA,ALIANZA ELECTORAL UNIDAD NACIONAL,164
80427,HUANCAVELICA,CASTROVIRREYNA,TANTARA,PARTIDO ACCION POPULAR,7
80427,HUANCAVELICA,CASTROVIRREYNA,TANTARA,PARTIDO APRISTA PERUANO,162
80427,HUANCAVELICA,CASTROVIRREYNA,TANTARA,PARTIDO PERU POSIBLE,95
80428,HUANCAVELICA,CASTROVIRREYNA,TICRAPO,ALIANZA ELECTORAL UNIDAD NACIONAL,113
80428,HUANCAVELICA,CASTROVIRREYNA,TICRAPO,"MOVIMIENTO INDEPENDIENTE ""HIJOS DE TICRAPO""",38
80428,HUANCAVELICA,CASTROVIRREYNA,TICRAPO,MOVIMIENTO NUEVA IZQUIERDA,18
80428,HUANCAVELICA,CASTROVIRREYNA,TICRAPO,PARTIDO ACCION POPULAR,423
80428,HUANCAVELICA,CASTROVIRREYNA,TICRAPO,PARTIDO APRISTA PERUANO,283
80428,HUANCAVELICA,CASTROVIRREYNA,TICRAPO,PARTIDO PERU POSIBLE,98
80429,HUANCAVELICA,CASTROVIRREYNA,SANTA ANA,ALIANZA ELECTORAL UNIDAD NACIONAL,101
80429,HUANCAVELICA,CASTROVIRREYNA,SANTA ANA,PARTIDO ACCION POPULAR,29
80429,HUANCAVELICA,CASTROVIRREYNA,SANTA ANA,PARTIDO APRISTA PERUANO,16
80429,HUANCAVELICA,CASTROVIRREYNA,SANTA ANA,PARTIDO PERU POSIBLE,3
80429,HUANCAVELICA,CASTROVIRREYNA,SANTA ANA,PARTIDO RECONSTRUCCION DEMOCRATICA (PRD),21
80429,HUANCAVELICA,CASTROVIRREYNA,SANTA ANA,PARTIDO RENACIMIENTO ANDINO,27
80502,HUANCAVELICA,TAYACAJA,ACOSTAMBO,ALIANZA ELECTORAL UNIDAD NACIONAL,77
80502,HUANCAVELICA,TAYACAJA,ACOSTAMBO,"LISTA INDEPENDIENTE ""CONFRATERNIDAD TAYACAJINA""",66
80502,HUANCAVELICA,TAYACAJA,ACOSTAMBO,"LISTA INDEPENDIENTE ""GRANDE ACOSTAMBO""",51
80502,HUANCAVELICA,TAYACAJA,ACOSTAMBO,MOVIMIENTO AMPLIO PAIS UNIDO - MAPU,26
80502,HUANCAVELICA,TAYACAJA,ACOSTAMBO,MOVIMIENTO INDEPENDIENTE DE CAMPESINOS Y PROFESIONALES - MINCAP,24
80502,HUANCAVELICA,TAYACAJA,ACOSTAMBO,"MOVIMIENTO INDEPENDIENTE REGIONAL ""INTI""",72
80502,HUANCAVELICA,TAYACAJA,ACOSTAMBO,MOVIMIENTO NUEVA IZQUIERDA,15
80502,HUANCAVELICA,TAYACAJA,ACOSTAMBO,PARTIDO ACCION POPULAR,51
80502,HUANCAVELICA,TAYACAJA,ACOSTAMBO,PARTIDO APRISTA PERUANO,13
80502,HUANCAVELICA,TAYACAJA,ACOSTAMBO,PARTIDO DEMOCRATICO SOMOS PERU,212
80502,HUANCAVELICA,TAYACAJA,ACOSTAMBO,PARTIDO PERU POSIBLE,159
80502,HUANCAVELICA,TAYACAJA,ACOSTAMBO,PARTIDO RECONSTRUCCION DEMOCRATICA (PRD),94
80502,HUANCAVELICA,TAYACAJA,ACOSTAMBO,PARTIDO RENACIMIENTO ANDINO,209
80503,HUANCAVELICA,TAYACAJA,ACRAQUIA,ALIANZA ELECTORAL UNIDAD NACIONAL,105
80503,HUANCAVELICA,TAYACAJA,ACRAQUIA,"LISTA INDEPENDIENTE ""CONFRATERNIDAD TAYACAJINA""",101
80503,HUANCAVELICA,TAYACAJA,ACRAQUIA,MOVIMIENTO AMPLIO PAIS UNIDO - MAPU,40
80503,HUANCAVELICA,TAYACAJA,ACRAQUIA,MOVIMIENTO INDEPENDIENTE DE CAMPESINOS Y PROFESIONALES - MINCAP,156
80503,HUANCAVELICA,TAYACAJA,ACRAQUIA,"MOVIMIENTO INDEPENDIENTE REGIONAL ""INTI""",165
80503,HUANCAVELICA,TAYACAJA,ACRAQUIA,MOVIMIENTO NUEVA IZQUIERDA,193
80503,HUANCAVELICA,TAYACAJA,ACRAQUIA,PARTIDO ACCION POPULAR,282
80503,HUANCAVELICA,TAYACAJA,ACRAQUIA,PARTIDO APRISTA PERUANO,184
80503,HUANCAVELICA,TAYACAJA,ACRAQUIA,PARTIDO DEMOCRATICO SOMOS PERU,51
80503,HUANCAVELICA,TAYACAJA,ACRAQUIA,PARTIDO PERU POSIBLE,72
80503,HUANCAVELICA,TAYACAJA,ACRAQUIA,PARTIDO RECONSTRUCCION DEMOCRATICA (PRD),72
80503,HUANCAVELICA,TAYACAJA,ACRAQUIA,PARTIDO RENACIMIENTO ANDINO,285
80504,HUANCAVELICA,TAYACAJA,AHUAYCHA,ALIANZA ELECTORAL UNIDAD NACIONAL,128
80504,HUANCAVELICA,TAYACAJA,AHUAYCHA,"LISTA INDEPENDIENTE ""CONFRATERNIDAD TAYACAJINA""",133
80504,HUANCAVELICA,TAYACAJA,AHUAYCHA,MOVIMIENTO INDEPENDIENTE DE CAMPESINOS Y PROFESIONALES - MINCAP,28
80504,HUANCAVELICA,TAYACAJA,AHUAYCHA,MOVIMIENTO INDEPENDIENTE DEMOCRATICA DISTRITAL AHUAYCHA,37
80504,HUANCAVELICA,TAYACAJA,AHUAYCHA,PARTIDO ACCION POPULAR,230
80504,HUANCAVELICA,TAYACAJA,AHUAYCHA,PARTIDO APRISTA PERUANO,230
80504,HUANCAVELICA,TAYACAJA,AHUAYCHA,PARTIDO PERU POSIBLE,58
80504,HUANCAVELICA,TAYACAJA,AHUAYCHA,PARTIDO RECONSTRUCCION DEMOCRATICA (PRD),139
80504,HUANCAVELICA,TAYACAJA,AHUAYCHA,PARTIDO RENACIMIENTO ANDINO,307
80506,HUANCAVELICA,TAYACAJA,COLCABAMBA,ALIANZA ELECTORAL UNIDAD NACIONAL,875
80506,HUANCAVELICA,TAYACAJA,COLCABAMBA,"LISTA INDEPENDIENTE ""CONFRATERNIDAD TAYACAJINA""",2037
80506,HUANCAVELICA,TAYACAJA,COLCABAMBA,MOVIMIENTO AMPLIO PAIS UNIDO - MAPU,54
80506,HUANCAVELICA,TAYACAJA,COLCABAMBA,MOVIMIENTO INDEPENDIENTE DE CAMPESINOS Y PROFESIONALES - MINCAP,1072
80506,HUANCAVELICA,TAYACAJA,COLCABAMBA,MOVIMIENTO NUEVA IZQUIERDA,191
80506,HUANCAVELICA,TAYACAJA,COLCABAMBA,PARTIDO ACCION POPULAR,677
80506,HUANCAVELICA,TAYACAJA,COLCABAMBA,PARTIDO APRISTA PERUANO,62
80506,HUANCAVELICA,TAYACAJA,COLCABAMBA,PARTIDO PERU POSIBLE,169
80506,HUANCAVELICA,TAYACAJA,COLCABAMBA,PARTIDO RECONSTRUCCION DEMOCRATICA (PRD),574
80506,HUANCAVELICA,TAYACAJA,COLCABAMBA,PARTIDO RENACIMIENTO ANDINO,686
80509,HUANCAVELICA,TAYACAJA,DANIEL HERNANDEZ,ALIANZA ELECTORAL UNIDAD NACIONAL,712
80509,HUANCAVELICA,TAYACAJA,DANIEL HERNANDEZ,"LISTA INDEPENDIENTE ""CONFRATERNIDAD TAYACAJINA""",477
80509,HUANCAVELICA,TAYACAJA,DANIEL HERNANDEZ,MOVIMIENTO AMPLIO PAIS UNIDO - MAPU,44
80509,HUANCAVELICA,TAYACAJA,DANIEL HERNANDEZ,MOVIMIENTO INDEPENDIENTE DE CAMPESINOS Y PROFESIONALES - MINCAP,84
80509,HUANCAVELICA,TAYACAJA,DANIEL HERNANDEZ,"MOVIMIENTO INDEPENDIENTE REGIONAL ""INTI""",176
80509,HUANCAVELICA,TAYACAJA,DANIEL HERNANDEZ,PARTIDO ACCION POPULAR,448
80509,HUANCAVELICA,TAYACAJA,DANIEL HERNANDEZ,PARTIDO APRISTA PERUANO,418
80509,HUANCAVELICA,TAYACAJA,DANIEL HERNANDEZ,PARTIDO PERU POSIBLE,105
80509,HUANCAVELICA,TAYACAJA,DANIEL HERNANDEZ,PARTIDO RECONSTRUCCION DEMOCRATICA (PRD),527
80509,HUANCAVELICA,TAYACAJA,DANIEL HERNANDEZ,PARTIDO RENACIMIENTO ANDINO,476
80511,HUANCAVELICA,TAYACAJA,HUACHOCOLPA,ALIANZA ELECTORAL UNIDAD NACIONAL,24
80511,HUANCAVELICA,TAYACAJA,HUACHOCOLPA,MOVIMIENTO AMPLIO PAIS UNIDO - MAPU,40
80511,HUANCAVELICA,TAYACAJA,HUACHOCOLPA,PARTIDO ACCION POPULAR,163
80511,HUANCAVELICA,TAYACAJA,HUACHOCOLPA,PARTIDO APRISTA PERUANO,175
80511,HUANCAVELICA,TAYACAJA,HUACHOCOLPA,PARTIDO PERU POSIBLE,240
80511,HUANCAVELICA,TAYACAJA,HUACHOCOLPA,PARTIDO RENACIMIENTO ANDINO,253
80512,HUANCAVELICA,TAYACAJA,HUARIBAMBA,ALIANZA ELECTORAL UNIDAD NACIONAL,32
80512,HUANCAVELICA,TAYACAJA,HUARIBAMBA,MOVIMIENTO INDEPENDIENTE DE CAMPESINOS Y PROFESIONALES - MINCAP,60
80512,HUANCAVELICA,TAYACAJA,HUARIBAMBA,MOVIMIENTO NUEVA IZQUIERDA,71
80512,HUANCAVELICA,TAYACAJA,HUARIBAMBA,PARTIDO ACCION POPULAR,566
80512,HUANCAVELICA,TAYACAJA,HUARIBAMBA,PARTIDO APRISTA PERUANO,172
80512,HUANCAVELICA,TAYACAJA,HUARIBAMBA,PARTIDO DEMOCRATICO SOMOS PERU,160
80512,HUANCAVELICA,TAYACAJA,HUARIBAMBA,PARTIDO PERU POSIBLE,363
80512,HUANCAVELICA,TAYACAJA,HUARIBAMBA,PARTIDO RENACIMIENTO ANDINO,300
80515,HUANCAVELICA,TAYACAJA,ÑAHUIMPUQUIO,"LISTA INDEPENDIENTE ""CONFRATERNIDAD TAYACAJINA""",223
80515,HUANCAVELICA,TAYACAJA,ÑAHUIMPUQUIO,"LISTA INDEPENDIENTE ""CORAZON ÑAHUIMPUQUIANO""",48
80515,HUANCAVELICA,TAYACAJA,ÑAHUIMPUQUIO,MOVIMIENTO AMPLIO PAIS UNIDO - MAPU,55
80515,HUANCAVELICA,TAYACAJA,ÑAHUIMPUQUIO,PARTIDO ACCION POPULAR,41
80515,HUANCAVELICA,TAYACAJA,ÑAHUIMPUQUIO,PARTIDO APRISTA PERUANO,35
80515,HUANCAVELICA,TAYACAJA,ÑAHUIMPUQUIO,PARTIDO PERU POSIBLE,64
80515,HUANCAVELICA,TAYACAJA,ÑAHUIMPUQUIO,PARTIDO RENACIMIENTO ANDINO,222
80517,HUANCAVELICA,TAYACAJA,PAZOS,ALIANZA ELECTORAL UNIDAD NACIONAL,360
80517,HUANCAVELICA,TAYACAJA,PAZOS,"LISTA INDEPENDIENTE ""CONFRATERNIDAD TAYACAJINA""",99
80517,HUANCAVELICA,TAYACAJA,PAZOS,MOVIMIENTO AMPLIO PAIS UNIDO - MAPU,263
80517,HUANCAVELICA,TAYACAJA,PAZOS,MOVIMIENTO INDEPENDIENTE DE CAMPESINOS Y PROFESIONALES - MINCAP,88
80517,HUANCAVELICA,TAYACAJA,PAZOS,"MOVIMIENTO INDEPENDIENTE REGIONAL ""INTI""",115
80517,HUANCAVELICA,TAYACAJA,PAZOS,MOVIMIENTO NUEVA IZQUIERDA,63
80517,HUANCAVELICA,TAYACAJA,PAZOS,PARTIDO ACCION POPULAR,50
80517,HUANCAVELICA,TAYACAJA,PAZOS,PARTIDO APRISTA PERUANO,488
80517,HUANCAVELICA,TAYACAJA,PAZOS,PARTIDO DEMOCRATICO SOMOS PERU,2
80517,HUANCAVELICA,TAYACAJA,PAZOS,PARTIDO PERU POSIBLE,178
80517,HUANCAVELICA,TAYACAJA,PAZOS,PARTIDO RECONSTRUCCION DEMOCRATICA (PRD),81
80517,HUANCAVELICA,TAYACAJA,PAZOS,PARTIDO RENACIMIENTO ANDINO,436
80518,HUANCAVELICA,TAYACAJA,QUISHUAR,"LISTA INDEPENDIENTE ""CONFRATERNIDAD TAYACAJINA""",129
80518,HUANCAVELICA,TAYACAJA,QUISHUAR,MOVIMIENTO AMPLIO PAIS UNIDO - MAPU,20
80518,HUANCAVELICA,TAYACAJA,QUISHUAR,PARTIDO ACCION POPULAR,93
80518,HUANCAVELICA,TAYACAJA,QUISHUAR,PARTIDO PERU POSIBLE,44
80518,HUANCAVELICA,TAYACAJA,QUISHUAR,PARTIDO RENACIMIENTO ANDINO,35
80519,HUANCAVELICA,TAYACAJA,SALCABAMBA,ALIANZA ELECTORAL UNIDAD NACIONAL,88
80519,HUANCAVELICA,TAYACAJA,SALCABAMBA,"LISTA INDEPENDIENTE ""CONFRATERNIDAD TAYACAJINA""",3
80519,HUANCAVELICA,TAYACAJA,SALCABAMBA,MOVIMIENTO AMPLIO PAIS UNIDO - MAPU,96
80519,HUANCAVELICA,TAYACAJA,SALCABAMBA,"MOVIMIENTO INDEPENDIENTE ""ALIANZA CONCERTACION SALCABAMBA""",80
80519,HUANCAVELICA,TAYACAJA,SALCABAMBA,MOVIMIENTO INDEPENDIENTE DE CAMPESINOS Y PROFESIONALES - MINCAP,29
80519,HUANCAVELICA,TAYACAJA,SALCABAMBA,"MOVIMIENTO INDEPENDIENTE REGIONAL ""INTI""",226
80519,HUANCAVELICA,TAYACAJA,SALCABAMBA,MOVIMIENTO NUEVA IZQUIERDA,81
80519,HUANCAVELICA,TAYACAJA,SALCABAMBA,PARTIDO ACCION POPULAR,186
80519,HUANCAVELICA,TAYACAJA,SALCABAMBA,PARTIDO APRISTA PERUANO,128
80519,HUANCAVELICA,TAYACAJA,SALCABAMBA,PARTIDO PERU POSIBLE,20
80519,HUANCAVELICA,TAYACAJA,SALCABAMBA,PARTIDO RECONSTRUCCION DEMOCRATICA (PRD),108
80519,HUANCAVELICA,TAYACAJA,SALCABAMBA,PARTIDO RENACIMIENTO ANDINO,241
80520,HUANCAVELICA,TAYACAJA,SAN MARCOS DE ROCCHAC,ALIANZA ELECTORAL UNIDAD NACIONAL,39
80520,HUANCAVELICA,TAYACAJA,SAN MARCOS DE ROCCHAC,"LISTA INDEPENDIENTE ""CONFRATERNIDAD TAYACAJINA""",62
80520,HUANCAVELICA,TAYACAJA,SAN MARCOS DE ROCCHAC,MOVIMIENTO AMPLIO PAIS UNIDO - MAPU,162
80520,HUANCAVELICA,TAYACAJA,SAN MARCOS DE ROCCHAC,"MOVIMIENTO INDEPENDIENTE REGIONAL ""INTI""",39
80520,HUANCAVELICA,TAYACAJA,SAN MARCOS DE ROCCHAC,PARTIDO ACCION POPULAR,232
80520,HUANCAVELICA,TAYACAJA,SAN MARCOS DE ROCCHAC,PARTIDO APRISTA PERUANO,17
80520,HUANCAVELICA,TAYACAJA,SAN MARCOS DE ROCCHAC,PARTIDO PERU POSIBLE,24
80520,HUANCAVELICA,TAYACAJA,SAN MARCOS DE ROCCHAC,PARTIDO RENACIMIENTO ANDINO,368
80523,HUANCAVELICA,TAYACAJA,SURCABAMBA,ALIANZA ELECTORAL UNIDAD NACIONAL,266
80523,HUANCAVELICA,TAYACAJA,SURCABAMBA,"LISTA INDEPENDIENTE ""CONFRATERNIDAD TAYACAJINA""",3
80523,HUANCAVELICA,TAYACAJA,SURCABAMBA,MOVIMIENTO INDEPENDIENTE DE CAMPESINOS Y PROFESIONALES - MINCAP,1
80523,HUANCAVELICA,TAYACAJA,SURCABAMBA,"MOVIMIENTO INDEPENDIENTE REGIONAL ""INTI""",4
80523,HUANCAVELICA,TAYACAJA,SURCABAMBA,MOVIMIENTO NUEVA IZQUIERDA,3
80523,HUANCAVELICA,TAYACAJA,SURCABAMBA,PARTIDO ACCION POPULAR,535
80523,HUANCAVELICA,TAYACAJA,SURCABAMBA,PARTIDO APRISTA PERUANO,154
80523,HUANCAVELICA,TAYACAJA,SURCABAMBA,PARTIDO DEMOCRATICO SOMOS PERU,23
80523,HUANCAVELICA,TAYACAJA,SURCABAMBA,PARTIDO PERU POSIBLE,137
80523,HUANCAVELICA,TAYACAJA,SURCABAMBA,PARTIDO RECONSTRUCCION DEMOCRATICA (PRD),13
80523,HUANCAVELICA,TAYACAJA,SURCABAMBA,PARTIDO RENACIMIENTO ANDINO,114
80525,HUANCAVELICA,TAYACAJA,TINTAY PUNCU,ALIANZA ELECTORAL UNIDAD NACIONAL,86
80525,HUANCAVELICA,TAYACAJA,TINTAY PUNCU,"LISTA INDEPENDIENTE ""CONFRATERNIDAD TAYACAJINA""",165
80525,HUANCAVELICA,TAYACAJA,TINTAY PUNCU,MOVIMIENTO AMPLIO PAIS UNIDO - MAPU,43
80525,HUANCAVELICA,TAYACAJA,TINTAY PUNCU,MOVIMIENTO NUEVA IZQUIERDA,27
80525,HUANCAVELICA,TAYACAJA,TINTAY PUNCU,PARTIDO ACCION POPULAR,212
80525,HUANCAVELICA,TAYACAJA,TINTAY PUNCU,PARTIDO APRISTA PERUANO,145
80525,HUANCAVELICA,TAYACAJA,TINTAY PUNCU,PARTIDO RENACIMIENTO ANDINO,220
80526,HUANCAVELICA,TAYACAJA,SALCAHUASI,ALIANZA ELECTORAL UNIDAD NACIONAL,20
80526,HUANCAVELICA,TAYACAJA,SALCAHUASI,BUSCAR SOLUCION,28
80526,HUANCAVELICA,TAYACAJA,SALCAHUASI,"LISTA INDEPENDIENTE ""JUNTOS POR EL PROGRESO DE SALCAHUASI""",36
80526,HUANCAVELICA,TAYACAJA,SALCAHUASI,MOVIMIENTO AMPLIO PAIS UNIDO - MAPU,28
80526,HUANCAVELICA,TAYACAJA,SALCAHUASI,MOVIMIENTO INDEPENDIENTE DE CAMPESINOS Y PROFESIONALES - MINCAP,206
80526,HUANCAVELICA,TAYACAJA,SALCAHUASI,"MOVIMIENTO INDEPENDIENTE REGIONAL ""INTI""",98
80526,HUANCAVELICA,TAYACAJA,SALCAHUASI,MOVIMIENTO NUEVA IZQUIERDA,13
80526,HUANCAVELICA,TAYACAJA,SALCAHUASI,PARTIDO ACCION POPULAR,164
80526,HUANCAVELICA,TAYACAJA,SALCAHUASI,PARTIDO APRISTA PERUANO,37
80526,HUANCAVELICA,TAYACAJA,SALCAHUASI,PARTIDO PERU POSIBLE,40
80526,HUANCAVELICA,TAYACAJA,SALCAHUASI,PARTIDO RENACIMIENTO ANDINO,167
80601,HUANCAVELICA,HUAYTARA,AYAVI,AGRUPACION INDEPENDIENTE UNION POR EL PERU - FRENTE AMPLIO,183
80601,HUANCAVELICA,HUAYTARA,AYAVI,ALIANZA ELECTORAL UNIDAD NACIONAL,13
80601,HUANCAVELICA,HUAYTARA,AYAVI,"FRENTE INDEPENDIENTE ""UNION HUAYTARA""",48
80601,HUANCAVELICA,HUAYTARA,AYAVI,PARTIDO APRISTA PERUANO,75
80601,HUANCAVELICA,HUAYTARA,AYAVI,PARTIDO PERU POSIBLE,124
80602,HUANCAVELICA,HUAYTARA,CORDOVA,"FRENTE INDEPENDIENTE ""UNION HUAYTARA""",78
80602,HUANCAVELICA,HUAYTARA,CORDOVA,FRENTE REPRESENTATIVO PROGRESISTA DE CORDOVA Y ANEXOS,67
80602,HUANCAVELICA,HUAYTARA,CORDOVA,HUAYTARA Y DISTRITOS UNIDOS,45
80602,HUANCAVELICA,HUAYTARA,CORDOVA,"MOVIMIENTO INDEPENDIENTE LOCAL ""FRENTE AMPLIO CORDOVINO""",184
80602,HUANCAVELICA,HUAYTARA,CORDOVA,PARTIDO ACCION POPULAR,133
80602,HUANCAVELICA,HUAYTARA,CORDOVA,PARTIDO APRISTA PERUANO,121
80602,HUANCAVELICA,HUAYTARA,CORDOVA,PARTIDO DEMOCRATICO SOMOS PERU,33
80602,HUANCAVELICA,HUAYTARA,CORDOVA,PARTIDO PERU POSIBLE,34
80603,HUANCAVELICA,HUAYTARA,HUAYACUNDO ARMA,"FRENTE INDEPENDIENTE ""UNION HUAYTARA""",144
80603,HUANCAVELICA,HUAYTARA,HUAYACUNDO ARMA,PARTIDO ACCION POPULAR,82
80603,HUANCAVELICA,HUAYTARA,HUAYACUNDO ARMA,PARTIDO APRISTA PERUANO,12
80603,HUANCAVELICA,HUAYTARA,HUAYACUNDO ARMA,PARTIDO PERU POSIBLE,90
80603,HUANCAVELICA,HUAYTARA,HUAYACUNDO ARMA,PARTIDO RENACIMIENTO ANDINO,28
80605,HUANCAVELICA,HUAYTARA,LARAMARCA,AGRUPACION INDEPENDIENTE UNION POR EL PERU - FRENTE AMPLIO,55
80605,HUANCAVELICA,HUAYTARA,LARAMARCA,"FRENTE INDEPENDIENTE ""UNION HUAYTARA""",58
80605,HUANCAVELICA,HUAYTARA,LARAMARCA,"MOVIMIENTO INDEPENDIENTE ""UNIDAD Y TRABAJO DE LARAMARCA""",13
80605,HUANCAVELICA,HUAYTARA,LARAMARCA,PARTIDO ACCION POPULAR,62
80605,HUANCAVELICA,HUAYTARA,LARAMARCA,PARTIDO APRISTA PERUANO,54
80605,HUANCAVELICA,HUAYTARA,LARAMARCA,PARTIDO DEMOCRATICO SOMOS PERU,60
80605,HUANCAVELICA,HUAYTARA,LARAMARCA,PARTIDO PERU POSIBLE,51
80606,HUANCAVELICA,HUAYTARA,OCOYO,ALIANZA ELECTORAL UNIDAD NACIONAL,16
80606,HUANCAVELICA,HUAYTARA,OCOYO,"FRENTE INDEPENDIENTE ""UNION HUAYTARA""",147
80606,HUANCAVELICA,HUAYTARA,OCOYO,PARTIDO ACCION POPULAR,107
80606,HUANCAVELICA,HUAYTARA,OCOYO,PARTIDO APRISTA PERUANO,39
80606,HUANCAVELICA,HUAYTARA,OCOYO,PARTIDO PERU POSIBLE,102
80607,HUANCAVELICA,HUAYTARA,PILPICHACA,AGRUPACION INDEPENDIENTE UNION POR EL PERU - FRENTE AMPLIO,76
80607,HUANCAVELICA,HUAYTARA,PILPICHACA,ALIANZA ELECTORAL UNIDAD NACIONAL,87
80607,HUANCAVELICA,HUAYTARA,PILPICHACA,"FRENTE INDEPENDIENTE ""UNION HUAYTARA""",3
80607,HUANCAVELICA,HUAYTARA,PILPICHACA,PARTIDO ACCION POPULAR,359
80607,HUANCAVELICA,HUAYTARA,PILPICHACA,PARTIDO APRISTA PERUANO,40
80607,HUANCAVELICA,HUAYTARA,PILPICHACA,PARTIDO PERU POSIBLE,184
80607,HUANCAVELICA,HUAYTARA,PILPICHACA,PARTIDO RENACIMIENTO ANDINO,277
80608,HUANCAVELICA,HUAYTARA,QUERCO,ALIANZA ELECTORAL UNIDAD NACIONAL,71
80608,HUANCAVELICA,HUAYTARA,QUERCO,"FRENTE INDEPENDIENTE ""UNION HUAYTARA""",52
80608,HUANCAVELICA,HUAYTARA,QUERCO,PARTIDO ACCION POPULAR,121
80608,HUANCAVELICA,HUAYTARA,QUERCO,PARTIDO APRISTA PERUANO,18
80608,HUANCAVELICA,HUAYTARA,QUERCO,PARTIDO PERU POSIBLE,94
80609,HUANCAVELICA,HUAYTARA,QUITO ARMA,ALIANZA ELECTORAL UNIDAD NACIONAL,78
80609,HUANCAVELICA,HUAYTARA,QUITO ARMA,HUAYTARA Y DISTRITOS UNIDOS,12
80609,HUANCAVELICA,HUAYTARA,QUITO ARMA,MOVIMIENTO INDEPENDIENTE QUITO ARMA Y ANEXOS,150
80609,HUANCAVELICA,HUAYTARA,QUITO ARMA,PARTIDO ACCION POPULAR,34
80609,HUANCAVELICA,HUAYTARA,QUITO ARMA,PARTIDO APRISTA PERUANO,104
80609,HUANCAVELICA,HUAYTARA,QUITO ARMA,PARTIDO PERU POSIBLE,87
80610,HUANCAVELICA,HUAYTARA,SAN ANTONIO DE CUSICANCHA,ALIANZA ELECTORAL UNIDAD NACIONAL,64
80610,HUANCAVELICA,HUAYTARA,SAN ANTONIO DE CUSICANCHA,"FRENTE INDEPENDIENTE ""UNION HUAYTARA""",33
80610,HUANCAVELICA,HUAYTARA,SAN ANTONIO DE CUSICANCHA,PARTIDO ACCION POPULAR,110
80610,HUANCAVELICA,HUAYTARA,SAN ANTONIO DE CUSICANCHA,PARTIDO APRISTA PERUANO,153
80610,HUANCAVELICA,HUAYTARA,SAN ANTONIO DE CUSICANCHA,PARTIDO DEMOCRATICO SOMOS PERU,51
80610,HUANCAVELICA,HUAYTARA,SAN ANTONIO DE CUSICANCHA,PARTIDO PERU POSIBLE,142
80611,HUANCAVELICA,HUAYTARA,SAN FRANCISCO DE SANGAYAICO,ALIANZA ELECTORAL UNIDAD NACIONAL,15
80611,HUANCAVELICA,HUAYTARA,SAN FRANCISCO DE SANGAYAICO,PARTIDO ACCION POPULAR,95
80611,HUANCAVELICA,HUAYTARA,SAN FRANCISCO DE SANGAYAICO,PARTIDO APRISTA PERUANO,43
80611,HUANCAVELICA,HUAYTARA,SAN FRANCISCO DE SANGAYAICO,PARTIDO PERU POSIBLE,122
80612,HUANCAVELICA,HUAYTARA,SAN ISIDRO,ALIANZA ELECTORAL UNIDAD NACIONAL,85
80612,HUANCAVELICA,HUAYTARA,SAN ISIDRO,PARTIDO ACCION POPULAR,58
80612,HUANCAVELICA,HUAYTARA,SAN ISIDRO,PARTIDO APRISTA PERUANO,98
80612,HUANCAVELICA,HUAYTARA,SAN ISIDRO,PARTIDO PERU POSIBLE,129
80613,HUANCAVELICA,HUAYTARA,SANTIAGO DE CHOCORVOS,ALIANZA ELECTORAL UNIDAD NACIONAL,306
80613,HUANCAVELICA,HUAYTARA,SANTIAGO DE CHOCORVOS,"MOVIMIENTO INDEPENDIENTE ""SANTIAGUINO""",27
80613,HUANCAVELICA,HUAYTARA,SANTIAGO DE CHOCORVOS,PARTIDO ACCION POPULAR,635
80613,HUANCAVELICA,HUAYTARA,SANTIAGO DE CHOCORVOS,PARTIDO APRISTA PERUANO,238
80613,HUANCAVELICA,HUAYTARA,SANTIAGO DE CHOCORVOS,PARTIDO PERU POSIBLE,114
80614,HUANCAVELICA,HUAYTARA,SANTIAGO DE QUIRAHUARA,ALIANZA ELECTORAL UNIDAD NACIONAL,137
80614,HUANCAVELICA,HUAYTARA,SANTIAGO DE QUIRAHUARA,PARTIDO ACCION POPULAR,132
80614,HUANCAVELICA,HUAYTARA,SANTIAGO DE QUIRAHUARA,PARTIDO APRISTA PERUANO,96
80614,HUANCAVELICA,HUAYTARA,SANTIAGO DE QUIRAHUARA,PARTIDO PERU POSIBLE,31
80615,HUANCAVELICA,HUAYTARA,SANTO DOMINGO DE CAPILLAS,"FRENTE INDEPENDIENTE ""UNION HUAYTARA""",133
80615,HUANCAVELICA,HUAYTARA,SANTO DOMINGO DE CAPILLAS,"MOVIMIENTO INDEPENDIENTE ""POR EL BIENESTAR DE CAPILLAS""",56
80615,HUANCAVELICA,HUAYTARA,SANTO DOMINGO DE CAPILLAS,"MOVIMIENTO INDEPENDIENTE ""UNIDOS TRABAJEMOS CAPILLANOS""",8
80615,HUANCAVELICA,HUAYTARA,SANTO DOMINGO DE CAPILLAS,PARTIDO ACCION POPULAR,11
80615,HUANCAVELICA,HUAYTARA,SANTO DOMINGO DE CAPILLAS,PARTIDO APRISTA PERUANO,128
80615,HUANCAVELICA,HUAYTARA,SANTO DOMINGO DE CAPILLAS,PARTIDO PERU POSIBLE,94
80616,HUANCAVELICA,HUAYTARA,TAMBO,ALIANZA ELECTORAL UNIDAD NACIONAL,149
80616,HUANCAVELICA,HUAYTARA,TAMBO,PARTIDO ACCION POPULAR,48
80616,HUANCAVELICA,HUAYTARA,TAMBO,PARTIDO APRISTA PERUANO,19
80616,HUANCAVELICA,HUAYTARA,TAMBO,PARTIDO DEMOCRATICO SOMOS PERU,207
80616,HUANCAVELICA,HUAYTARA,TAMBO,PARTIDO PERU POSIBLE,34
80702,HUANCAVELICA,CHURCAMPA,ANCO,ALIANZA ELECTORAL UNIDAD NACIONAL,113
80702,HUANCAVELICA,CHURCAMPA,ANCO,"MOVIMIENTO INDEPENDIENTE ""FORTALEZA""",555
80702,HUANCAVELICA,CHURCAMPA,ANCO,MOVIMIENTO INDEPENDIENTE DE CAMPESINOS Y PROFESIONALES - MINCAP,378
80702,HUANCAVELICA,CHURCAMPA,ANCO,"MOVIMIENTO INDEPENDIENTE REGIONAL ""INTI""",578
80702,HUANCAVELICA,CHURCAMPA,ANCO,MOVIMIENTO NUEVA IZQUIERDA,11
80702,HUANCAVELICA,CHURCAMPA,ANCO,PARTIDO ACCION POPULAR,154
80702,HUANCAVELICA,CHURCAMPA,ANCO,PARTIDO DEMOCRATICO SOMOS PERU,388
80702,HUANCAVELICA,CHURCAMPA,ANCO,PARTIDO PERU POSIBLE,213
80702,HUANCAVELICA,CHURCAMPA,ANCO,PARTIDO RECONSTRUCCION DEMOCRATICA (PRD),2
80702,HUANCAVELICA,CHURCAMPA,ANCO,PARTIDO RENACIMIENTO ANDINO,221
80703,HUANCAVELICA,CHURCAMPA,CHINCHIHUASI,ALIANZA ELECTORAL UNIDAD NACIONAL,191
80703,HUANCAVELICA,CHURCAMPA,CHINCHIHUASI,"MOVIMIENTO INDEPENDIENTE ""FORTALEZA""",162
80703,HUANCAVELICA,CHURCAMPA,CHINCHIHUASI,MOVIMIENTO INDEPENDIENTE DE CAMPESINOS Y PROFESIONALES - MINCAP,35
80703,HUANCAVELICA,CHURCAMPA,CHINCHIHUASI,"MOVIMIENTO INDEPENDIENTE REGIONAL ""INTI""",218
80703,HUANCAVELICA,CHURCAMPA,CHINCHIHUASI,PARTIDO ACCION POPULAR,8
80703,HUANCAVELICA,CHURCAMPA,CHINCHIHUASI,PARTIDO PERU POSIBLE,28
80703,HUANCAVELICA,CHURCAMPA,CHINCHIHUASI,PARTIDO RENACIMIENTO ANDINO,36
80704,HUANCAVELICA,CHURCAMPA,EL CARMEN,ALIANZA ELECTORAL UNIDAD NACIONAL,19
80704,HUANCAVELICA,CHURCAMPA,EL CARMEN,"MOVIMIENTO INDEPENDIENTE ""FORTALEZA""",88
80704,HUANCAVELICA,CHURCAMPA,EL CARMEN,MOVIMIENTO INDEPENDIENTE DE CAMPESINOS Y PROFESIONALES - MINCAP,161
80704,HUANCAVELICA,CHURCAMPA,EL CARMEN,"MOVIMIENTO INDEPENDIENTE REGIONAL ""INTI""",191
80704,HUANCAVELICA,CHURCAMPA,EL CARMEN,MOVIMIENTO NUEVA IZQUIERDA,135
80704,HUANCAVELICA,CHURCAMPA,EL CARMEN,PARTIDO ACCION POPULAR,34
80704,HUANCAVELICA,CHURCAMPA,EL CARMEN,PARTIDO APRISTA PERUANO,39
80704,HUANCAVELICA,CHURCAMPA,EL CARMEN,PARTIDO DEMOCRATICO SOMOS PERU,62
80704,HUANCAVELICA,CHURCAMPA,EL CARMEN,PARTIDO PERU POSIBLE,42
80704,HUANCAVELICA,CHURCAMPA,EL CARMEN,PARTIDO RENACIMIENTO ANDINO,45
80705,HUANCAVELICA,CHURCAMPA,LA MERCED,ALIANZA ELECTORAL UNIDAD NACIONAL,18
80705,HUANCAVELICA,CHURCAMPA,LA MERCED,"FRENTE ""ALIANZA MERCEDIANA""",84
80705,HUANCAVELICA,CHURCAMPA,LA MERCED,"MOVIMIENTO INDEPENDIENTE ""FORTALEZA""",18
80705,HUANCAVELICA,CHURCAMPA,LA MERCED,MOVIMIENTO INDEPENDIENTE DE CAMPESINOS Y PROFESIONALES - MINCAP,18
80705,HUANCAVELICA,CHURCAMPA,LA MERCED,"MOVIMIENTO INDEPENDIENTE REGIONAL ""INTI""",24
80705,HUANCAVELICA,CHURCAMPA,LA MERCED,PARTIDO ACCION POPULAR,16
80705,HUANCAVELICA,CHURCAMPA,LA MERCED,PARTIDO APRISTA PERUANO,29
80705,HUANCAVELICA,CHURCAMPA,LA MERCED,PARTIDO PERU POSIBLE,15
80705,HUANCAVELICA,CHURCAMPA,LA MERCED,PARTIDO RENACIMIENTO ANDINO,18
80706,HUANCAVELICA,CHURCAMPA,LOCROJA,ALIANZA ELECTORAL UNIDAD NACIONAL,59
80706,HUANCAVELICA,CHURCAMPA,LOCROJA,"MOVIMIENTO INDEPENDIENTE ""FORTALEZA""",122
80706,HUANCAVELICA,CHURCAMPA,LOCROJA,MOVIMIENTO INDEPENDIENTE LOCROJA AL CAMBIO,130
80706,HUANCAVELICA,CHURCAMPA,LOCROJA,"MOVIMIENTO INDEPENDIENTE REGIONAL ""INTI""",508
80706,HUANCAVELICA,CHURCAMPA,LOCROJA,PARTIDO ACCION POPULAR,42
80706,HUANCAVELICA,CHURCAMPA,LOCROJA,PARTIDO APRISTA PERUANO,26
80706,HUANCAVELICA,CHURCAMPA,LOCROJA,PARTIDO PERU POSIBLE,517
80706,HUANCAVELICA,CHURCAMPA,LOCROJA,PARTIDO RENACIMIENTO ANDINO,112
80707,HUANCAVELICA,CHURCAMPA,PAUCARBAMBA,ALIANZA ELECTORAL UNIDAD NACIONAL,171
80707,HUANCAVELICA,CHURCAMPA,PAUCARBAMBA,"MOVIMIENTO INDEPENDIENTE ""FORTALEZA""",580
80707,HUANCAVELICA,CHURCAMPA,PAUCARBAMBA,MOVIMIENTO INDEPENDIENTE DE CAMPESINOS Y PROFESIONALES - MINCAP,49
80707,HUANCAVELICA,CHURCAMPA,PAUCARBAMBA,"MOVIMIENTO INDEPENDIENTE REGIONAL ""INTI""",274
80707,HUANCAVELICA,CHURCAMPA,PAUCARBAMBA,MOVIMIENTO NUEVA IZQUIERDA,150
80707,HUANCAVELICA,CHURCAMPA,PAUCARBAMBA,PARTIDO DEMOCRATICO SOMOS PERU,29
80707,HUANCAVELICA,CHURCAMPA,PAUCARBAMBA,PARTIDO PERU POSIBLE,119
80707,HUANCAVELICA,CHURCAMPA,PAUCARBAMBA,PARTIDO POLITICO NACIONAL PRIMERO PERU,52
80707,HUANCAVELICA,CHURCAMPA,PAUCARBAMBA,PARTIDO RENACIMIENTO ANDINO,256
80708,HUANCAVELICA,CHURCAMPA,SAN MIGUEL DE MAYOCC,ALIANZA ELECTORAL UNIDAD NACIONAL,107
80708,HUANCAVELICA,CHURCAMPA,SAN MIGUEL DE MAYOCC,"MOVIMIENTO INDEPENDIENTE ""FORTALEZA""",8
80708,HUANCAVELICA,CHURCAMPA,SAN MIGUEL DE MAYOCC,"MOVIMIENTO INDEPENDIENTE REGIONAL ""INTI""",155
80708,HUANCAVELICA,CHURCAMPA,SAN MIGUEL DE MAYOCC,MOVIMIENTO NUEVA IZQUIERDA,9
80708,HUANCAVELICA,CHURCAMPA,SAN MIGUEL DE MAYOCC,PARTIDO DEMOCRATICO SOMOS PERU,32
80708,HUANCAVELICA,CHURCAMPA,SAN MIGUEL DE MAYOCC,PARTIDO PERU POSIBLE,124
80709,HUANCAVELICA,CHURCAMPA,SAN PEDRO DE CORIS,ALIANZA ELECTORAL UNIDAD NACIONAL,45
80709,HUANCAVELICA,CHURCAMPA,SAN PEDRO DE CORIS,"MOVIMIENTO INDEPENDIENTE ""CORIS POR UN FUTURO MEJOR""",229
80709,HUANCAVELICA,CHURCAMPA,SAN PEDRO DE CORIS,"MOVIMIENTO INDEPENDIENTE ""FORTALEZA""",323
80709,HUANCAVELICA,CHURCAMPA,SAN PEDRO DE CORIS,MOVIMIENTO INDEPENDIENTE DE CAMPESINOS Y PROFESIONALES - MINCAP,9
80709,HUANCAVELICA,CHURCAMPA,SAN PEDRO DE CORIS,"MOVIMIENTO INDEPENDIENTE REGIONAL ""INTI""",164
80709,HUANCAVELICA,CHURCAMPA,SAN PEDRO DE CORIS,MOVIMIENTO NUEVA IZQUIERDA,165
80709,HUANCAVELICA,CHURCAMPA,SAN PEDRO DE CORIS,PARTIDO ACCION POPULAR,26
80709,HUANCAVELICA,CHURCAMPA,SAN PEDRO DE CORIS,PARTIDO APRISTA PERUANO,27
80709,HUANCAVELICA,CHURCAMPA,SAN PEDRO DE CORIS,PARTIDO DEMOCRATICO SOMOS PERU,110
80709,HUANCAVELICA,CHURCAMPA,SAN PEDRO DE CORIS,PARTIDO PERU POSIBLE,149
80709,HUANCAVELICA,CHURCAMPA,SAN PEDRO DE CORIS,PARTIDO RENACIMIENTO ANDINO,30
80710,HUANCAVELICA,CHURCAMPA,PACHAMARCA,ALIANZA ELECTORAL UNIDAD NACIONAL,68
80710,HUANCAVELICA,CHURCAMPA,PACHAMARCA,"MOVIMIENTO INDEPENDIENTE ""FORTALEZA""",218
80710,HUANCAVELICA,CHURCAMPA,PACHAMARCA,"MOVIMIENTO INDEPENDIENTE REGIONAL ""INTI""",144
80710,HUANCAVELICA,CHURCAMPA,PACHAMARCA,PARTIDO ACCION POPULAR,26
80710,HUANCAVELICA,CHURCAMPA,PACHAMARCA,PARTIDO DEMOCRATICO SOMOS PERU,21
80710,HUANCAVELICA,CHURCAMPA,PACHAMARCA,PARTIDO PERU POSIBLE,82
80710,HUANCAVELICA,CHURCAMPA,PACHAMARCA,PARTIDO RECONSTRUCCION DEMOCRATICA (PRD),92
80710,HUANCAVELICA,CHURCAMPA,PACHAMARCA,PARTIDO RENACIMIENTO ANDINO,72
90102,HUANUCO,HUANUCO,CHINCHAO,ALIANZA ELECTORAL UNIDAD NACIONAL,697
90102,HUANUCO,HUANUCO,CHINCHAO,FUERZA DEMOCRATICA,564
90102,HUANUCO,HUANUCO,CHINCHAO,MOVIMIENTO AMPLIO PAIS UNIDO - MAPU,93
90102,HUANUCO,HUANUCO,CHINCHAO,MOVIMIENTO HUANUCO UNIDO,74
90102,HUANUCO,HUANUCO,CHINCHAO,"MOVIMIENTO INDEPENDIENTE ""LUCHEMOS POR HUANUCO""",438
90102,HUANUCO,HUANUCO,CHINCHAO,MOVIMIENTO POPULAR REGIONAL,505
90102,HUANUCO,HUANUCO,CHINCHAO,PARTIDO ACCION POPULAR,876
90102,HUANUCO,HUANUCO,CHINCHAO,PARTIDO APRISTA PERUANO,417
90102,HUANUCO,HUANUCO,CHINCHAO,PARTIDO DEMOCRATICO SOMOS PERU,213
90102,HUANUCO,HUANUCO,CHINCHAO,PARTIDO PERU POSIBLE,518
90102,HUANUCO,HUANUCO,CHINCHAO,PARTIDO RENACIMIENTO ANDINO,150
90103,HUANUCO,HUANUCO,CHURUBAMBA,ALIANZA ELECTORAL UNIDAD NACIONAL,528
90103,HUANUCO,HUANUCO,CHURUBAMBA,"MOVIMIENTO INDEPENDIENTE ""LUCHEMOS POR HUANUCO""",395
90103,HUANUCO,HUANUCO,CHURUBAMBA,MOVIMIENTO POPULAR REGIONAL,1119
90103,HUANUCO,HUANUCO,CHURUBAMBA,PARTIDO ACCION POPULAR,295
90103,HUANUCO,HUANUCO,CHURUBAMBA,PARTIDO APRISTA PERUANO,525
90103,HUANUCO,HUANUCO,CHURUBAMBA,PARTIDO DEMOCRATICO SOMOS PERU,779
90103,HUANUCO,HUANUCO,CHURUBAMBA,PARTIDO PERU POSIBLE,343
90103,HUANUCO,HUANUCO,CHURUBAMBA,PARTIDO POLITICO NACIONAL PRIMERO PERU,19
90104,HUANUCO,HUANUCO,MARGOS,AGRUPACION INDEPENDIENTE UNION POR EL PERU - FRENTE AMPLIO,257
90104,HUANUCO,HUANUCO,MARGOS,ALIANZA ELECTORAL UNIDAD NACIONAL,15
90104,HUANUCO,HUANUCO,MARGOS,FUERZA DEMOCRATICA,26
90104,HUANUCO,HUANUCO,MARGOS,MOVIMIENTO AMPLIO PAIS UNIDO - MAPU,157
90104,HUANUCO,HUANUCO,MARGOS,"MOVIMIENTO INDEPENDIENTE ""LUCHEMOS POR HUANUCO""",717
90104,HUANUCO,HUANUCO,MARGOS,MOVIMIENTO NUEVA IZQUIERDA,54
90104,HUANUCO,HUANUCO,MARGOS,MOVIMIENTO POPULAR REGIONAL,494
90104,HUANUCO,HUANUCO,MARGOS,PARTIDO ACCION POPULAR,513
90104,HUANUCO,HUANUCO,MARGOS,PARTIDO APRISTA PERUANO,212
90104,HUANUCO,HUANUCO,MARGOS,PARTIDO DEMOCRATICO SOMOS PERU,58
90104,HUANUCO,HUANUCO,MARGOS,PARTIDO PERU POSIBLE,76
90104,HUANUCO,HUANUCO,MARGOS,PARTIDO POLITICO NACIONAL PRIMERO PERU,57
90104,HUANUCO,HUANUCO,MARGOS,PARTIDO RENACIMIENTO ANDINO,119
90105,HUANUCO,HUANUCO,QUISQUI,ALIANZA ELECTORAL UNIDAD NACIONAL,11
90105,HUANUCO,HUANUCO,QUISQUI,FUERZA DEMOCRATICA,114
90105,HUANUCO,HUANUCO,QUISQUI,MOVIMIENTO HUANUCO UNIDO,20
90105,HUANUCO,HUANUCO,QUISQUI,"MOVIMIENTO INDEPENDIENTE ""LUCHEMOS POR HUANUCO""",211
90105,HUANUCO,HUANUCO,QUISQUI,MOVIMIENTO INDEPENDIENTE FRENTE AMIGO HUANUQUEÑISTA,73
90105,HUANUCO,HUANUCO,QUISQUI,MOVIMIENTO NUEVA IZQUIERDA,97
90105,HUANUCO,HUANUCO,QUISQUI,MOVIMIENTO POPULAR REGIONAL,246
90105,HUANUCO,HUANUCO,QUISQUI,PARTIDO ACCION POPULAR,39
90105,HUANUCO,HUANUCO,QUISQUI,PARTIDO APRISTA PERUANO,226
90105,HUANUCO,HUANUCO,QUISQUI,PARTIDO DEMOCRATICO SOMOS PERU,122
90105,HUANUCO,HUANUCO,QUISQUI,PARTIDO PERU POSIBLE,90
90106,HUANUCO,HUANUCO,SAN FRANCISCO DE CAYRAN,ALIANZA ELECTORAL UNIDAD NACIONAL,133
90106,HUANUCO,HUANUCO,SAN FRANCISCO DE CAYRAN,FUERZA DEMOCRATICA,46
90106,HUANUCO,HUANUCO,SAN FRANCISCO DE CAYRAN,MOVIMIENTO AMPLIO PAIS UNIDO - MAPU,142
90106,HUANUCO,HUANUCO,SAN FRANCISCO DE CAYRAN,"MOVIMIENTO INDEPENDIENTE ""LUCHEMOS POR HUANUCO""",116
90106,HUANUCO,HUANUCO,SAN FRANCISCO DE CAYRAN,MOVIMIENTO NUEVA IZQUIERDA,501
90106,HUANUCO,HUANUCO,SAN FRANCISCO DE CAYRAN,MOVIMIENTO POPULAR REGIONAL,294
90106,HUANUCO,HUANUCO,SAN FRANCISCO DE CAYRAN,PARTIDO ACCION POPULAR,93
90106,HUANUCO,HUANUCO,SAN FRANCISCO DE CAYRAN,PARTIDO APRISTA PERUANO,53
90106,HUANUCO,HUANUCO,SAN FRANCISCO DE CAYRAN,PARTIDO DEMOCRATICO SOMOS PERU,298
90106,HUANUCO,HUANUCO,SAN FRANCISCO DE CAYRAN,PARTIDO PERU POSIBLE,61
90107,HUANUCO,HUANUCO,SAN PEDRO DE CHAULAN,ALIANZA ELECTORAL UNIDAD NACIONAL,60
90107,HUANUCO,HUANUCO,SAN PEDRO DE CHAULAN,FUERZA DEMOCRATICA,69
90107,HUANUCO,HUANUCO,SAN PEDRO DE CHAULAN,"MOVIMIENTO INDEPENDIENTE ""LUCHEMOS POR HUANUCO""",155
90107,HUANUCO,HUANUCO,SAN PEDRO DE CHAULAN,MOVIMIENTO POPULAR REGIONAL,254
90107,HUANUCO,HUANUCO,SAN PEDRO DE CHAULAN,PARTIDO ACCION POPULAR,178
90107,HUANUCO,HUANUCO,SAN PEDRO DE CHAULAN,PARTIDO APRISTA PERUANO,47
90107,HUANUCO,HUANUCO,SAN PEDRO DE CHAULAN,PARTIDO DEMOCRATICO SOMOS PERU,91
90107,HUANUCO,HUANUCO,SAN PEDRO DE CHAULAN,PARTIDO PERU POSIBLE,94
90108,HUANUCO,HUANUCO,SANTA MARIA DEL VALLE,AGRUPACION INDEPENDIENTE UNION POR EL PERU - FRENTE AMPLIO,43
90108,HUANUCO,HUANUCO,SANTA MARIA DEL VALLE,ALIANZA ELECTORAL UNIDAD NACIONAL,979
90108,HUANUCO,HUANUCO,SANTA MARIA DEL VALLE,FUERZA DEMOCRATICA,84
90108,HUANUCO,HUANUCO,SANTA MARIA DEL VALLE,MOVIMIENTO AMPLIO PAIS UNIDO - MAPU,483
90108,HUANUCO,HUANUCO,SANTA MARIA DEL VALLE,MOVIMIENTO HUANUCO UNIDO,28
90108,HUANUCO,HUANUCO,SANTA MARIA DEL VALLE,"MOVIMIENTO INDEPENDIENTE ""LUCHEMOS POR HUANUCO""",327
90108,HUANUCO,HUANUCO,SANTA MARIA DEL VALLE,MOVIMIENTO NUEVA IZQUIERDA,84
90108,HUANUCO,HUANUCO,SANTA MARIA DEL VALLE,MOVIMIENTO POPULAR REGIONAL,88
90108,HUANUCO,HUANUCO,SANTA MARIA DEL VALLE,PARTIDO ACCION POPULAR,736
90108,HUANUCO,HUANUCO,SANTA MARIA DEL VALLE,PARTIDO APRISTA PERUANO,383
90108,HUANUCO,HUANUCO,SANTA MARIA DEL VALLE,PARTIDO DEMOCRATICO SOMOS PERU,837
90108,HUANUCO,HUANUCO,SANTA MARIA DEL VALLE,PARTIDO PERU POSIBLE,164
90108,HUANUCO,HUANUCO,SANTA MARIA DEL VALLE,PARTIDO RENACIMIENTO ANDINO,91
90109,HUANUCO,HUANUCO,YARUMAYO,"MOVIMIENTO INDEPENDIENTE ""LUCHEMOS POR HUANUCO""",244
90109,HUANUCO,HUANUCO,YARUMAYO,MOVIMIENTO NUEVA IZQUIERDA,124
90109,HUANUCO,HUANUCO,YARUMAYO,MOVIMIENTO POPULAR REGIONAL,21
90109,HUANUCO,HUANUCO,YARUMAYO,PARTIDO ACCION POPULAR,28
90109,HUANUCO,HUANUCO,YARUMAYO,PARTIDO APRISTA PERUANO,122
90109,HUANUCO,HUANUCO,YARUMAYO,PARTIDO DEMOCRATICO SOMOS PERU,15
90109,HUANUCO,HUANUCO,YARUMAYO,PARTIDO PERU POSIBLE,202
90110,HUANUCO,HUANUCO,AMARILIS,AGRUPACION INDEPENDIENTE UNION POR EL PERU - FRENTE AMPLIO,743
90110,HUANUCO,HUANUCO,AMARILIS,ALIANZA ELECTORAL UNIDAD NACIONAL,1388
90110,HUANUCO,HUANUCO,AMARILIS,FUERZA DEMOCRATICA,246
90110,HUANUCO,HUANUCO,AMARILIS,MOVIMIENTO AMPLIO PAIS UNIDO - MAPU,885
90110,HUANUCO,HUANUCO,AMARILIS,"MOVIMIENTO INDEPENDIENTE ""LUCHEMOS POR HUANUCO""",7171
90110,HUANUCO,HUANUCO,AMARILIS,MOVIMIENTO INDEPENDIENTE FRENTE AMIGO HUANUQUEÑISTA,266
90110,HUANUCO,HUANUCO,AMARILIS,MOVIMIENTO NUEVA IZQUIERDA,556
90110,HUANUCO,HUANUCO,AMARILIS,MOVIMIENTO POPULAR REGIONAL,3742
90110,HUANUCO,HUANUCO,AMARILIS,PARTIDO ACCION POPULAR,781
90110,HUANUCO,HUANUCO,AMARILIS,PARTIDO APRISTA PERUANO,1314
90110,HUANUCO,HUANUCO,AMARILIS,PARTIDO DEMOCRATICO SOMOS PERU,2247
90110,HUANUCO,HUANUCO,AMARILIS,PARTIDO PERU POSIBLE,884
90110,HUANUCO,HUANUCO,AMARILIS,PARTIDO POLITICO NACIONAL PRIMERO PERU,61
90110,HUANUCO,HUANUCO,AMARILIS,PARTIDO RENACIMIENTO ANDINO,135
90111,HUANUCO,HUANUCO,PILLCO MARCA,AGRUPACION INDEPENDIENTE UNION POR EL PERU - FRENTE AMPLIO,366
90111,HUANUCO,HUANUCO,PILLCO MARCA,ALIANZA ELECTORAL UNIDAD NACIONAL,509
90111,HUANUCO,HUANUCO,PILLCO MARCA,FUERZA DEMOCRATICA,191
90111,HUANUCO,HUANUCO,PILLCO MARCA,MOVIMIENTO AMPLIO PAIS UNIDO - MAPU,162
90111,HUANUCO,HUANUCO,PILLCO MARCA,"MOVIMIENTO INDEPENDIENTE ""LUCHEMOS POR HUANUCO""",371
90111,HUANUCO,HUANUCO,PILLCO MARCA,MOVIMIENTO NUEVA IZQUIERDA,183
90111,HUANUCO,HUANUCO,PILLCO MARCA,MOVIMIENTO POPULAR REGIONAL,540
90111,HUANUCO,HUANUCO,PILLCO MARCA,PARTIDO ACCION POPULAR,271
90111,HUANUCO,HUANUCO,PILLCO MARCA,PARTIDO APRISTA PERUANO,287
90111,HUANUCO,HUANUCO,PILLCO MARCA,PARTIDO DEMOCRATICO SOMOS PERU,292
90111,HUANUCO,HUANUCO,PILLCO MARCA,PARTIDO PERU POSIBLE,158
90111,HUANUCO,HUANUCO,PILLCO MARCA,PARTIDO POLITICO NACIONAL PRIMERO PERU,259
90111,HUANUCO,HUANUCO,PILLCO MARCA,PARTIDO RENACIMIENTO ANDINO,644
90202,HUANUCO,AMBO,CAYNA,AGRUPACION INDEPENDIENTE UNION POR EL PERU - FRENTE AMPLIO,128
90202,HUANUCO,AMBO,CAYNA,ALIANZA ELECTORAL UNIDAD NACIONAL,17
90202,HUANUCO,AMBO,CAYNA,MOVIMIENTO AMPLIO PAIS UNIDO - MAPU,34
90202,HUANUCO,AMBO,CAYNA,"MOVIMIENTO INDEPENDIENTE ""LUCHEMOS POR HUANUCO""",321
90202,HUANUCO,AMBO,CAYNA,"MOVIMIENTO INDEPENDIENTE ""NUEVOS SURCOS PARA EL DESARROLLO""",13
90202,HUANUCO,AMBO,CAYNA,"MOVIMIENTO INDEPENDIENTE ""TODOS POR AMBO""",39
90202,HUANUCO,AMBO,CAYNA,MOVIMIENTO POPULAR REGIONAL,76
90202,HUANUCO,AMBO,CAYNA,PARTIDO APRISTA PERUANO,236
90202,HUANUCO,AMBO,CAYNA,PARTIDO DEMOCRATICO SOMOS PERU,165
90202,HUANUCO,AMBO,CAYNA,PARTIDO PERU POSIBLE,110
90203,HUANUCO,AMBO,COLPAS,ALIANZA ELECTORAL UNIDAD NACIONAL,39
90203,HUANUCO,AMBO,COLPAS,"MOVIMIENTO INDEPENDIENTE ""LUCHEMOS POR HUANUCO""",154
90203,HUANUCO,AMBO,COLPAS,"MOVIMIENTO INDEPENDIENTE ""TODOS POR AMBO""",91
90203,HUANUCO,AMBO,COLPAS,MOVIMIENTO POPULAR REGIONAL,107
90203,HUANUCO,AMBO,COLPAS,PARTIDO APRISTA PERUANO,113
90203,HUANUCO,AMBO,COLPAS,PARTIDO DEMOCRATICO SOMOS PERU,98
90203,HUANUCO,AMBO,COLPAS,PARTIDO PERU POSIBLE,65
90204,HUANUCO,AMBO,CONCHAMARCA,ALIANZA ELECTORAL UNIDAD NACIONAL,188
90204,HUANUCO,AMBO,CONCHAMARCA,MOVIMIENTO AMPLIO PAIS UNIDO - MAPU,29
90204,HUANUCO,AMBO,CONCHAMARCA,"MOVIMIENTO INDEPENDIENTE ""LUCHEMOS POR HUANUCO""",245
90204,HUANUCO,AMBO,CONCHAMARCA,"MOVIMIENTO INDEPENDIENTE ""NUEVOS SURCOS PARA EL DESARROLLO""",42
90204,HUANUCO,AMBO,CONCHAMARCA,"MOVIMIENTO INDEPENDIENTE ""TODOS POR AMBO""",547
90204,HUANUCO,AMBO,CONCHAMARCA,MOVIMIENTO POPULAR REGIONAL,20
90204,HUANUCO,AMBO,CONCHAMARCA,PARTIDO ACCION POPULAR,27
90204,HUANUCO,AMBO,CONCHAMARCA,PARTIDO APRISTA PERUANO,47
90204,HUANUCO,AMBO,CONCHAMARCA,PARTIDO DEMOCRATICO SOMOS PERU,150
90204,HUANUCO,AMBO,CONCHAMARCA,PARTIDO PERU POSIBLE,313
90205,HUANUCO,AMBO,HUACAR,ALIANZA ELECTORAL UNIDAD NACIONAL,427
90205,HUANUCO,AMBO,HUACAR,MOVIMIENTO AMPLIO PAIS UNIDO - MAPU,192
90205,HUANUCO,AMBO,HUACAR,"MOVIMIENTO INDEPENDIENTE ""LUCHEMOS POR HUANUCO""",581
90205,HUANUCO,AMBO,HUACAR,"MOVIMIENTO INDEPENDIENTE ""MI HUACAR""",101
90205,HUANUCO,AMBO,HUACAR,"MOVIMIENTO INDEPENDIENTE ""NUEVO HORIZONTE HUACARINO""",114
90205,HUANUCO,AMBO,HUACAR,"MOVIMIENTO INDEPENDIENTE ""NUEVOS SURCOS PARA EL DESARROLLO""",298
90205,HUANUCO,AMBO,HUACAR,"MOVIMIENTO INDEPENDIENTE ""TODOS POR AMBO""",154
90205,HUANUCO,AMBO,HUACAR,MOVIMIENTO POPULAR REGIONAL,279
90205,HUANUCO,AMBO,HUACAR,PARTIDO APRISTA PERUANO,573
90205,HUANUCO,AMBO,HUACAR,PARTIDO DEMOCRATICO SOMOS PERU,444
90205,HUANUCO,AMBO,HUACAR,PARTIDO PERU POSIBLE,74
90206,HUANUCO,AMBO,SAN FRANCISCO,ALIANZA ELECTORAL UNIDAD NACIONAL,88
90206,HUANUCO,AMBO,SAN FRANCISCO,MOVIMIENTO AMPLIO PAIS UNIDO - MAPU,26
90206,HUANUCO,AMBO,SAN FRANCISCO,"MOVIMIENTO INDEPENDIENTE ""LUCHEMOS POR HUANUCO""",216
90206,HUANUCO,AMBO,SAN FRANCISCO,"MOVIMIENTO INDEPENDIENTE ""NUEVOS SURCOS PARA EL DESARROLLO""",86
90206,HUANUCO,AMBO,SAN FRANCISCO,"MOVIMIENTO INDEPENDIENTE ""TODOS POR AMBO""",11
90206,HUANUCO,AMBO,SAN FRANCISCO,MOVIMIENTO NUEVA IZQUIERDA,21
90206,HUANUCO,AMBO,SAN FRANCISCO,MOVIMIENTO POPULAR REGIONAL,20
90206,HUANUCO,AMBO,SAN FRANCISCO,PARTIDO APRISTA PERUANO,40
90206,HUANUCO,AMBO,SAN FRANCISCO,PARTIDO DEMOCRATICO SOMOS PERU,60
90206,HUANUCO,AMBO,SAN FRANCISCO,PARTIDO PERU POSIBLE,180
90207,HUANUCO,AMBO,SAN RAFAEL,ALIANZA ELECTORAL UNIDAD NACIONAL,162
90207,HUANUCO,AMBO,SAN RAFAEL,MOVIMIENTO AMPLIO PAIS UNIDO - MAPU,15
90207,HUANUCO,AMBO,SAN RAFAEL,"MOVIMIENTO INDEPENDIENTE ""LUCHEMOS POR HUANUCO""",616
90207,HUANUCO,AMBO,SAN RAFAEL,"MOVIMIENTO INDEPENDIENTE ""NUEVOS SURCOS PARA EL DESARROLLO""",133
90207,HUANUCO,AMBO,SAN RAFAEL,"MOVIMIENTO INDEPENDIENTE ""TODOS POR AMBO""",599
90207,HUANUCO,AMBO,SAN RAFAEL,MOVIMIENTO POPULAR REGIONAL,322
90207,HUANUCO,AMBO,SAN RAFAEL,PARTIDO APRISTA PERUANO,121
90207,HUANUCO,AMBO,SAN RAFAEL,PARTIDO DEMOCRATICO SOMOS PERU,910
90207,HUANUCO,AMBO,SAN RAFAEL,PARTIDO PERU POSIBLE,499
90208,HUANUCO,AMBO,TOMAY-KICHWA,ALIANZA ELECTORAL UNIDAD NACIONAL,70
90208,HUANUCO,AMBO,TOMAY-KICHWA,"MOVIMIENTO INDEPENDIENTE ""LUCHEMOS POR HUANUCO""",147
90208,HUANUCO,AMBO,TOMAY-KICHWA,"MOVIMIENTO INDEPENDIENTE ""NUEVOS SURCOS PARA EL DESARROLLO""",70
90208,HUANUCO,AMBO,TOMAY-KICHWA,"MOVIMIENTO INDEPENDIENTE ""TODOS POR AMBO""",250
90208,HUANUCO,AMBO,TOMAY-KICHWA,MOVIMIENTO POPULAR REGIONAL,555
90208,HUANUCO,AMBO,TOMAY-KICHWA,PARTIDO ACCION POPULAR,68
90208,HUANUCO,AMBO,TOMAY-KICHWA,PARTIDO APRISTA PERUANO,74
90208,HUANUCO,AMBO,TOMAY-KICHWA,PARTIDO DEMOCRATICO SOMOS PERU,222
90208,HUANUCO,AMBO,TOMAY-KICHWA,PARTIDO PERU POSIBLE,163
90307,HUANUCO,DOS DE MAYO,CHUQUIS,ALIANZA ELECTORAL UNIDAD NACIONAL,35
90307,HUANUCO,DOS DE MAYO,CHUQUIS,JUVENTUD AL TRABAJO POR DOS DE MAYO,107
90307,HUANUCO,DOS DE MAYO,CHUQUIS,"MOVIMIENTO INDEPENDIENTE ""LUCHEMOS POR HUANUCO""",28
90307,HUANUCO,DOS DE MAYO,CHUQUIS,MOVIMIENTO NUEVA IZQUIERDA,59
90307,HUANUCO,DOS DE MAYO,CHUQUIS,MOVIMIENTO POPULAR REGIONAL,143
90307,HUANUCO,DOS DE MAYO,CHUQUIS,PARTIDO APRISTA PERUANO,291
90307,HUANUCO,DOS DE MAYO,CHUQUIS,PARTIDO DEMOCRATICO SOMOS PERU,177
90307,HUANUCO,DOS DE MAYO,CHUQUIS,PARTIDO PERU POSIBLE,86
90312,HUANUCO,DOS DE MAYO,MARIAS,JUVENTUD AL TRABAJO POR DOS DE MAYO,70
90312,HUANUCO,DOS DE MAYO,MARIAS,MOVIMIENTO POPULAR REGIONAL,300
90312,HUANUCO,DOS DE MAYO,MARIAS,PARTIDO APRISTA PERUANO,268
90312,HUANUCO,DOS DE MAYO,MARIAS,PARTIDO PERU POSIBLE,295
90314,HUANUCO,DOS DE MAYO,PACHAS,ALIANZA ELECTORAL UNIDAD NACIONAL,34
90314,HUANUCO,DOS DE MAYO,PACHAS,FUERZA DEMOCRATICA,66
90314,HUANUCO,DOS DE MAYO,PACHAS,LA VOZ DE INTEGRACION DE PACHAS,70
90314,HUANUCO,DOS DE MAYO,PACHAS,MOVIMIENTO AMPLIO PAIS UNIDO - MAPU,32
90314,HUANUCO,DOS DE MAYO,PACHAS,"MOVIMIENTO INDEPENDIENTE ""LUCHEMOS POR HUANUCO""",90
90314,HUANUCO,DOS DE MAYO,PACHAS,MOVIMIENTO POPULAR REGIONAL,478
90314,HUANUCO,DOS DE MAYO,PACHAS,PARTIDO ACCION POPULAR,570
90314,HUANUCO,DOS DE MAYO,PACHAS,PARTIDO APRISTA PERUANO,230
90314,HUANUCO,DOS DE MAYO,PACHAS,PARTIDO DEMOCRATICO SOMOS PERU,712
90314,HUANUCO,DOS DE MAYO,PACHAS,PARTIDO PERU POSIBLE,189
90314,HUANUCO,DOS DE MAYO,PACHAS,PARTIDO RENACIMIENTO ANDINO,35
90316,HUANUCO,DOS DE MAYO,QUIVILLA,ALIANZA ELECTORAL UNIDAD NACIONAL,16
90316,HUANUCO,DOS DE MAYO,QUIVILLA,MOVIMIENTO POPULAR REGIONAL,152
90316,HUANUCO,DOS DE MAYO,QUIVILLA,PARTIDO APRISTA PERUANO,37
90316,HUANUCO,DOS DE MAYO,QUIVILLA,PARTIDO DEMOCRATICO SOMOS PERU,347
90317,HUANUCO,DOS DE MAYO,RIPAN,AGRUPACION INDEPENDIENTE UNION POR EL PERU - FRENTE AMPLIO,87
90317,HUANUCO,DOS DE MAYO,RIPAN,ALIANZA ELECTORAL UNIDAD NACIONAL,302
90317,HUANUCO,DOS DE MAYO,RIPAN,JUVENTUD AL TRABAJO POR DOS DE MAYO,124
90317,HUANUCO,DOS DE MAYO,RIPAN,JUVENTUD POPULAR DOMAINO,188
90317,HUANUCO,DOS DE MAYO,RIPAN,"MOVIMIENTO INDEPENDIENTE ""LUCHEMOS POR HUANUCO""",134
90317,HUANUCO,DOS DE MAYO,RIPAN,MOVIMIENTO NUEVA IZQUIERDA,75
90317,HUANUCO,DOS DE MAYO,RIPAN,MOVIMIENTO POPULAR REGIONAL,161
90317,HUANUCO,DOS DE MAYO,RIPAN,PARTIDO ACCION POPULAR,19
90317,HUANUCO,DOS DE MAYO,RIPAN,PARTIDO APRISTA PERUANO,143
90317,HUANUCO,DOS DE MAYO,RIPAN,PARTIDO DEMOCRATICO SOMOS PERU,173
90317,HUANUCO,DOS DE MAYO,RIPAN,PARTIDO PERU POSIBLE,280
90321,HUANUCO,DOS DE MAYO,SHUNQUI,ALIANZA ELECTORAL UNIDAD NACIONAL,93
90321,HUANUCO,DOS DE MAYO,SHUNQUI,MOVIMIENTO AMPLIO PAIS UNIDO - MAPU,14
90321,HUANUCO,DOS DE MAYO,SHUNQUI,MOVIMIENTO POPULAR REGIONAL,207
90321,HUANUCO,DOS DE MAYO,SHUNQUI,PARTIDO APRISTA PERUANO,117
90321,HUANUCO,DOS DE MAYO,SHUNQUI,PARTIDO DEMOCRATICO SOMOS PERU,93
90321,HUANUCO,DOS DE MAYO,SHUNQUI,PARTIDO PERU POSIBLE,246
90322,HUANUCO,DOS DE MAYO,SILLAPATA,ALIANZA ELECTORAL UNIDAD NACIONAL,15
90322,HUANUCO,DOS DE MAYO,SILLAPATA,CAMPESINO CON FUTURO,19
90322,HUANUCO,DOS DE MAYO,SILLAPATA,HOMBRE CENTRO DE SILLAPATA,81
90322,HUANUCO,DOS DE MAYO,SILLAPATA,JUVENTUD AL TRABAJO POR DOS DE MAYO,236
90322,HUANUCO,DOS DE MAYO,SILLAPATA,MOVIMIENTO NUEVA IZQUIERDA,40
90322,HUANUCO,DOS DE MAYO,SILLAPATA,MOVIMIENTO POPULAR REGIONAL,52
90322,HUANUCO,DOS DE MAYO,SILLAPATA,NUEVA JUVENTUD A TRABAJAR,83
90322,HUANUCO,DOS DE MAYO,SILLAPATA,PARTIDO APRISTA PERUANO,152
90322,HUANUCO,DOS DE MAYO,SILLAPATA,PARTIDO DEMOCRATICO SOMOS PERU,221
90322,HUANUCO,DOS DE MAYO,SILLAPATA,PARTIDO PERU POSIBLE,120
90322,HUANUCO,DOS DE MAYO,SILLAPATA,PARTIDO RENACIMIENTO ANDINO,36
90322,HUANUCO,DOS DE MAYO,SILLAPATA,SILLAPATA RUMBO AL DESARROLLO,20
90323,HUANUCO,DOS DE MAYO,YANAS,ACCION INDEPENDIENTE YANAS,10
90323,HUANUCO,DOS DE MAYO,YANAS,ALIANZA ELECTORAL UNIDAD NACIONAL,68
90323,HUANUCO,DOS DE MAYO,YANAS,AUTENTICOS DE YANAS,2
90323,HUANUCO,DOS DE MAYO,YANAS,HIJOS ORGANIZADOS YANAS HOY,169
90323,HUANUCO,DOS DE MAYO,YANAS,MOVIMIENTO AMPLIO PAIS UNIDO - MAPU,50
90323,HUANUCO,DOS DE MAYO,YANAS,"MOVIMIENTO INDEPENDIENTE ""LUCHEMOS POR HUANUCO""",33
90323,HUANUCO,DOS DE MAYO,YANAS,MOVIMIENTO POPULAR REGIONAL,158
90323,HUANUCO,DOS DE MAYO,YANAS,PARTIDO APRISTA PERUANO,82
90323,HUANUCO,DOS DE MAYO,YANAS,PARTIDO DEMOCRATICO SOMOS PERU,279
90323,HUANUCO,DOS DE MAYO,YANAS,PARTIDO PERU POSIBLE,81
90402,HUANUCO,HUAMALIES,ARANCAY,ALIANZA ELECTORAL UNIDAD NACIONAL,162
90402,HUANUCO,HUAMALIES,ARANCAY,MOVIMIENTO AMPLIO PAIS UNIDO - MAPU,190
90402,HUANUCO,HUAMALIES,ARANCAY,MOVIMIENTO POPULAR REGIONAL,7
90402,HUANUCO,HUAMALIES,ARANCAY,PARTIDO APRISTA PERUANO,7
90402,HUANUCO,HUAMALIES,ARANCAY,PARTIDO DEMOCRATICO SOMOS PERU,85
90402,HUANUCO,HUAMALIES,ARANCAY,PARTIDO PERU POSIBLE,110
90403,HUANUCO,HUAMALIES,CHAVIN DE PARIARCA,AGRUPACION INDEPENDIENTE UNION POR EL PERU - FRENTE AMPLIO,42
90403,HUANUCO,HUAMALIES,CHAVIN DE PARIARCA,ALIANZA ELECTORAL UNIDAD NACIONAL,51
90403,HUANUCO,HUAMALIES,CHAVIN DE PARIARCA,FUERZA DEMOCRATICA,51
90403,HUANUCO,HUAMALIES,CHAVIN DE PARIARCA,MOVIMIENTO AMPLIO PAIS UNIDO - MAPU,24
90403,HUANUCO,HUAMALIES,CHAVIN DE PARIARCA,"MOVIMIENTO INDEPENDIENTE ""LUCHEMOS POR HUANUCO""",252
90403,HUANUCO,HUAMALIES,CHAVIN DE PARIARCA,MOVIMIENTO NUEVA IZQUIERDA,13
90403,HUANUCO,HUAMALIES,CHAVIN DE PARIARCA,MOVIMIENTO POPULAR REGIONAL,185
90403,HUANUCO,HUAMALIES,CHAVIN DE PARIARCA,PARTIDO ACCION POPULAR,61
90403,HUANUCO,HUAMALIES,CHAVIN DE PARIARCA,PARTIDO APRISTA PERUANO,343
90403,HUANUCO,HUAMALIES,CHAVIN DE PARIARCA,PARTIDO DEMOCRATICO SOMOS PERU,46
90403,HUANUCO,HUAMALIES,CHAVIN DE PARIARCA,PARTIDO PERU POSIBLE,87
90404,HUANUCO,HUAMALIES,JACAS GRANDE,ALIANZA ELECTORAL UNIDAD NACIONAL,144
90404,HUANUCO,HUAMALIES,JACAS GRANDE,MIRA - JACAS GRANDE,363
90404,HUANUCO,HUAMALIES,JACAS GRANDE,MOVIMIENTO AMPLIO PAIS UNIDO - MAPU,78
90404,HUANUCO,HUAMALIES,JACAS GRANDE,"MOVIMIENTO INDEPENDIENTE ""LUCHEMOS POR HUANUCO""",140
90404,HUANUCO,HUAMALIES,JACAS GRANDE,MOVIMIENTO NUEVA IZQUIERDA,112
90404,HUANUCO,HUAMALIES,JACAS GRANDE,MOVIMIENTO POPULAR REGIONAL,356
90404,HUANUCO,HUAMALIES,JACAS GRANDE,PARTIDO ACCION POPULAR,36
90404,HUANUCO,HUAMALIES,JACAS GRANDE,PARTIDO APRISTA PERUANO,131
90404,HUANUCO,HUAMALIES,JACAS GRANDE,PARTIDO DEMOCRATICO SOMOS PERU,215
90404,HUANUCO,HUAMALIES,JACAS GRANDE,PARTIDO PERU POSIBLE,123
90404,HUANUCO,HUAMALIES,JACAS GRANDE,VAMOS POR JACAS GRANDE QUERIDO,48
90405,HUANUCO,HUAMALIES,JIRCAN,"MOVIMIENTO INDEPENDIENTE ""LUCHEMOS POR HUANUCO""",44
90405,HUANUCO,HUAMALIES,JIRCAN,MOVIMIENTO NUEVA IZQUIERDA,24
90405,HUANUCO,HUAMALIES,JIRCAN,MOVIMIENTO POPULAR REGIONAL,20
90405,HUANUCO,HUAMALIES,JIRCAN,PARTIDO ACCION POPULAR,16
90405,HUANUCO,HUAMALIES,JIRCAN,PARTIDO APRISTA PERUANO,5
90405,HUANUCO,HUAMALIES,JIRCAN,PARTIDO DEMOCRATICO SOMOS PERU,111
90405,HUANUCO,HUAMALIES,JIRCAN,PARTIDO PERU POSIBLE,109
90406,HUANUCO,HUAMALIES,MIRAFLORES,ALIANZA ELECTORAL UNIDAD NACIONAL,33
90406,HUANUCO,HUAMALIES,MIRAFLORES,MANOS A LA OBRA MIRAFLORES,84
90406,HUANUCO,HUAMALIES,MIRAFLORES,MOVIMIENTO AMPLIO PAIS UNIDO - MAPU,63
90406,HUANUCO,HUAMALIES,MIRAFLORES,"MOVIMIENTO INDEPENDIENTE ""LUCHEMOS POR HUANUCO""",76
90406,HUANUCO,HUAMALIES,MIRAFLORES,MOVIMIENTO NUEVA IZQUIERDA,52
90406,HUANUCO,HUAMALIES,MIRAFLORES,MOVIMIENTO POPULAR REGIONAL,25
90406,HUANUCO,HUAMALIES,MIRAFLORES,PARTIDO ACCION POPULAR,89
90406,HUANUCO,HUAMALIES,MIRAFLORES,PARTIDO APRISTA PERUANO,125
90406,HUANUCO,HUAMALIES,MIRAFLORES,PARTIDO DEMOCRATICO SOMOS PERU,73
90406,HUANUCO,HUAMALIES,MIRAFLORES,PARTIDO PERU POSIBLE,48
90407,HUANUCO,HUAMALIES,MONZON,ALIANZA ELECTORAL UNIDAD NACIONAL,373
90407,HUANUCO,HUAMALIES,MONZON,FUERZA DEMOCRATICA,68
90407,HUANUCO,HUAMALIES,MONZON,MOVIMIENTO AMPLIO PAIS UNIDO - MAPU,374
90407,HUANUCO,HUAMALIES,MONZON,"MOVIMIENTO INDEPENDIENTE ""LUCHEMOS POR HUANUCO""",248
90407,HUANUCO,HUAMALIES,MONZON,MOVIMIENTO POPULAR REGIONAL,248
90407,HUANUCO,HUAMALIES,MONZON,PARTIDO ACCION POPULAR,73
90407,HUANUCO,HUAMALIES,MONZON,PARTIDO APRISTA PERUANO,188
90407,HUANUCO,HUAMALIES,MONZON,PARTIDO DEMOCRATICO SOMOS PERU,204
90407,HUANUCO,HUAMALIES,MONZON,PARTIDO PERU POSIBLE,34
90407,HUANUCO,HUAMALIES,MONZON,TRABAJANDO POR UN NUEVO MONZON,118
90408,HUANUCO,HUAMALIES,PUNCHAO,ALIANZA ELECTORAL UNIDAD NACIONAL,59
90408,HUANUCO,HUAMALIES,PUNCHAO,MOVIMIENTO AMPLIO PAIS UNIDO - MAPU,17
90408,HUANUCO,HUAMALIES,PUNCHAO,"MOVIMIENTO INDEPENDIENTE ""LUCHEMOS POR HUANUCO""",9
90408,HUANUCO,HUAMALIES,PUNCHAO,MOVIMIENTO NUEVA IZQUIERDA,81
90408,HUANUCO,HUAMALIES,PUNCHAO,MOVIMIENTO POPULAR REGIONAL,77
90408,HUANUCO,HUAMALIES,PUNCHAO,PARTIDO APRISTA PERUANO,54
90408,HUANUCO,HUAMALIES,PUNCHAO,PARTIDO DEMOCRATICO SOMOS PERU,201
90408,HUANUCO,HUAMALIES,PUNCHAO,PARTIDO PERU POSIBLE,167
90409,HUANUCO,HUAMALIES,PUÑOS,AGRUPACION INDEPENDIENTE UNION POR EL PERU - FRENTE AMPLIO,38
90409,HUANUCO,HUAMALIES,PUÑOS,ALIANZA ELECTORAL UNIDAD NACIONAL,28
90409,HUANUCO,HUAMALIES,PUÑOS,AVANCEMOS PUÑOS,57
90409,HUANUCO,HUAMALIES,PUÑOS,MOVIMIENTO AMPLIO PAIS UNIDO - MAPU,70
90409,HUANUCO,HUAMALIES,PUÑOS,"MOVIMIENTO INDEPENDIENTE ""LUCHEMOS POR HUANUCO""",61
90409,HUANUCO,HUAMALIES,PUÑOS,MOVIMIENTO NUEVA IZQUIERDA,171
90409,HUANUCO,HUAMALIES,PUÑOS,MOVIMIENTO POPULAR REGIONAL,127
90409,HUANUCO,HUAMALIES,PUÑOS,PARTIDO ACCION POPULAR,168
90409,HUANUCO,HUAMALIES,PUÑOS,PARTIDO APRISTA PERUANO,145
90409,HUANUCO,HUAMALIES,PUÑOS,PARTIDO DEMOCRATICO SOMOS PERU,108
90409,HUANUCO,HUAMALIES,PUÑOS,PARTIDO PERU POSIBLE,86
90409,HUANUCO,HUAMALIES,PUÑOS,PUÑOS AL CAMBIO,12
90410,HUANUCO,HUAMALIES,SINGA,ALIANZA ELECTORAL UNIDAD NACIONAL,358
90410,HUANUCO,HUAMALIES,SINGA,MOVIMIENTO AMPLIO PAIS UNIDO - MAPU,35
90410,HUANUCO,HUAMALIES,SINGA,"MOVIMIENTO INDEPENDIENTE ""LUCHEMOS POR HUANUCO""",195
90410,HUANUCO,HUAMALIES,SINGA,MOVIMIENTO NUEVA IZQUIERDA,31
90410,HUANUCO,HUAMALIES,SINGA,MOVIMIENTO POPULAR REGIONAL,226
90410,HUANUCO,HUAMALIES,SINGA,PARTIDO APRISTA PERUANO,19
90410,HUANUCO,HUAMALIES,SINGA,PARTIDO DEMOCRATICO SOMOS PERU,150
90410,HUANUCO,HUAMALIES,SINGA,PARTIDO PERU POSIBLE,295
90411,HUANUCO,HUAMALIES,TANTAMAYO,ALIANZA ELECTORAL UNIDAD NACIONAL,5
90411,HUANUCO,HUAMALIES,TANTAMAYO,MOVIMIENTO AMPLIO PAIS UNIDO - MAPU,99
90411,HUANUCO,HUAMALIES,TANTAMAYO,"MOVIMIENTO INDEPENDIENTE ""LUCHEMOS POR HUANUCO""",50
90411,HUANUCO,HUAMALIES,TANTAMAYO,MOVIMIENTO NUEVA IZQUIERDA,199
90411,HUANUCO,HUAMALIES,TANTAMAYO,MOVIMIENTO POPULAR REGIONAL,7
90411,HUANUCO,HUAMALIES,TANTAMAYO,PARTIDO ACCION POPULAR,10
90411,HUANUCO,HUAMALIES,TANTAMAYO,PARTIDO APRISTA PERUANO,120
90411,HUANUCO,HUAMALIES,TANTAMAYO,PARTIDO DEMOCRATICO SOMOS PERU,126
90411,HUANUCO,HUAMALIES,TANTAMAYO,PARTIDO PERU POSIBLE,193
90502,HUANUCO,MARAÑON,CHOLON,ALIANZA ELECTORAL UNIDAD NACIONAL,67
90502,HUANUCO,MARAÑON,CHOLON,"FRENTE INDEPENDIENTE ""CHOLONENSE""",168
90502,HUANUCO,MARAÑON,CHOLON,"LISTA INDEPENDIENTE ""FUTURO MEJOR""",105
90502,HUANUCO,MARAÑON,CHOLON,MOVIMIENTO AMPLIO PAIS UNIDO - MAPU,41
90502,HUANUCO,MARAÑON,CHOLON,PARTIDO APRISTA PERUANO,22
90502,HUANUCO,MARAÑON,CHOLON,PARTIDO DEMOCRATICO SOMOS PERU,144
90502,HUANUCO,MARAÑON,CHOLON,PARTIDO PERU POSIBLE,86
90505,HUANUCO,MARAÑON,SAN BUENAVENTURA,ALIANZA ELECTORAL UNIDAD NACIONAL,44
90505,HUANUCO,MARAÑON,SAN BUENAVENTURA,FUERZA DEMOCRATICA,10
90505,HUANUCO,MARAÑON,SAN BUENAVENTURA,"LISTA INDEPENDIENTE ""FUTURO MEJOR""",97
90505,HUANUCO,MARAÑON,SAN BUENAVENTURA,MOVIMIENTO AMPLIO PAIS UNIDO - MAPU,275
90505,HUANUCO,MARAÑON,SAN BUENAVENTURA,PARTIDO APRISTA PERUANO,17
90505,HUANUCO,MARAÑON,SAN BUENAVENTURA,PARTIDO DEMOCRATICO SOMOS PERU,238
90505,HUANUCO,MARAÑON,SAN BUENAVENTURA,PARTIDO PERU POSIBLE,30
90602,HUANUCO,LEONCIO PRADO,DANIEL ALOMIA ROBLES,ALIANZA ELECTORAL UNIDAD NACIONAL,33
90602,HUANUCO,LEONCIO PRADO,DANIEL ALOMIA ROBLES,"MOVIMIENTO ""ALTERNATIVA POPULAR""",62
90602,HUANUCO,LEONCIO PRADO,DANIEL ALOMIA ROBLES,MOVIMIENTO DE INTEGRACION DE ALTO HUALLAGA  M.I.A.H.,348
90602,HUANUCO,LEONCIO PRADO,DANIEL ALOMIA ROBLES,"MOVIMIENTO INDEPENDIENTE ""FRATERNIDAD CRISTIANA""",51
90602,HUANUCO,LEONCIO PRADO,DANIEL ALOMIA ROBLES,"MOVIMIENTO INDEPENDIENTE ""LUCHEMOS POR HUANUCO""",107
90602,HUANUCO,LEONCIO PRADO,DANIEL ALOMIA ROBLES,"MOVIMIENTO INDEPENDIENTE ""UNIDOS POR TINGO MARIA""",149
90602,HUANUCO,LEONCIO PRADO,DANIEL ALOMIA ROBLES,MOVIMIENTO POPULAR REGIONAL,34
90602,HUANUCO,LEONCIO PRADO,DANIEL ALOMIA ROBLES,PARTIDO ACCION POPULAR,44
90602,HUANUCO,LEONCIO PRADO,DANIEL ALOMIA ROBLES,PARTIDO APRISTA PERUANO,69
90602,HUANUCO,LEONCIO PRADO,DANIEL ALOMIA ROBLES,PARTIDO DEMOCRATICO SOMOS PERU,58
90602,HUANUCO,LEONCIO PRADO,DANIEL ALOMIA ROBLES,PARTIDO PERU POSIBLE,164
90602,HUANUCO,LEONCIO PRADO,DANIEL ALOMIA ROBLES,PARTIDO RENACIMIENTO ANDINO,51
90603,HUANUCO,LEONCIO PRADO,HERMILIO VALDIZAN,ALIANZA ELECTORAL UNIDAD NACIONAL,69
90603,HUANUCO,LEONCIO PRADO,HERMILIO VALDIZAN,"MOVIMIENTO ""ALTERNATIVA POPULAR""",182
90603,HUANUCO,LEONCIO PRADO,HERMILIO VALDIZAN,MOVIMIENTO DE INTEGRACION DE ALTO HUALLAGA  M.I.A.H.,289
90603,HUANUCO,LEONCIO PRADO,HERMILIO VALDIZAN,"MOVIMIENTO INDEPENDIENTE ""FRATERNIDAD CRISTIANA""",103
90603,HUANUCO,LEONCIO PRADO,HERMILIO VALDIZAN,"MOVIMIENTO INDEPENDIENTE ""UNIDOS POR TINGO MARIA""",224
90603,HUANUCO,LEONCIO PRADO,HERMILIO VALDIZAN,MOVIMIENTO POPULAR REGIONAL,55
90603,HUANUCO,LEONCIO PRADO,HERMILIO VALDIZAN,PARTIDO ACCION POPULAR,86
90603,HUANUCO,LEONCIO PRADO,HERMILIO VALDIZAN,PARTIDO APRISTA PERUANO,38
90603,HUANUCO,LEONCIO PRADO,HERMILIO VALDIZAN,PARTIDO DEMOCRATICO SOMOS PERU,53
90603,HUANUCO,LEONCIO PRADO,HERMILIO VALDIZAN,PARTIDO PERU POSIBLE,34
90604,HUANUCO,LEONCIO PRADO,LUYANDO,ALIANZA ELECTORAL UNIDAD NACIONAL,324
90604,HUANUCO,LEONCIO PRADO,LUYANDO,"MOVIMIENTO ""ALTERNATIVA POPULAR""",196
90604,HUANUCO,LEONCIO PRADO,LUYANDO,MOVIMIENTO DE INTEGRACION DE ALTO HUALLAGA  M.I.A.H.,436
90604,HUANUCO,LEONCIO PRADO,LUYANDO,"MOVIMIENTO INDEPENDIENTE ""FRATERNIDAD CRISTIANA""",208
90604,HUANUCO,LEONCIO PRADO,LUYANDO,"MOVIMIENTO INDEPENDIENTE ""LUCHEMOS POR HUANUCO""",285
90604,HUANUCO,LEONCIO PRADO,LUYANDO,"MOVIMIENTO INDEPENDIENTE ""UNIDOS POR TINGO MARIA""",200
90604,HUANUCO,LEONCIO PRADO,LUYANDO,MOVIMIENTO POPULAR REGIONAL,94
90604,HUANUCO,LEONCIO PRADO,LUYANDO,PARTIDO ACCION POPULAR,89
90604,HUANUCO,LEONCIO PRADO,LUYANDO,PARTIDO APRISTA PERUANO,154
90604,HUANUCO,LEONCIO PRADO,LUYANDO,PARTIDO DEMOCRATICO SOMOS PERU,197
90604,HUANUCO,LEONCIO PRADO,LUYANDO,PARTIDO PERU POSIBLE,154
90605,HUANUCO,LEONCIO PRADO,MARIANO DAMASO BERAUN,ALIANZA ELECTORAL UNIDAD NACIONAL,127
90605,HUANUCO,LEONCIO PRADO,MARIANO DAMASO BERAUN,"MOVIMIENTO ""ALTERNATIVA POPULAR""",496
90605,HUANUCO,LEONCIO PRADO,MARIANO DAMASO BERAUN,MOVIMIENTO DE INTEGRACION DE ALTO HUALLAGA  M.I.A.H.,166
90605,HUANUCO,LEONCIO PRADO,MARIANO DAMASO BERAUN,"MOVIMIENTO INDEPENDIENTE ""FRATERNIDAD CRISTIANA""",367
90605,HUANUCO,LEONCIO PRADO,MARIANO DAMASO BERAUN,"MOVIMIENTO INDEPENDIENTE ""LUCHEMOS POR HUANUCO""",137
90605,HUANUCO,LEONCIO PRADO,MARIANO DAMASO BERAUN,"MOVIMIENTO INDEPENDIENTE ""MARIANO DAMASO BERAUN AL DESARROLLO""",360
90605,HUANUCO,LEONCIO PRADO,MARIANO DAMASO BERAUN,"MOVIMIENTO INDEPENDIENTE ""UNIDOS POR TINGO MARIA""",204
90605,HUANUCO,LEONCIO PRADO,MARIANO DAMASO BERAUN,PARTIDO ACCION POPULAR,43
90605,HUANUCO,LEONCIO PRADO,MARIANO DAMASO BERAUN,PARTIDO APRISTA PERUANO,126
90605,HUANUCO,LEONCIO PRADO,MARIANO DAMASO BERAUN,PARTIDO DEMOCRATICO SOMOS PERU,356
90605,HUANUCO,LEONCIO PRADO,MARIANO DAMASO BERAUN,PARTIDO PERU POSIBLE,181
90606,HUANUCO,LEONCIO PRADO,JOSE CRESPO Y CASTILLO,ALIANZA ELECTORAL UNIDAD NACIONAL,115
90606,HUANUCO,LEONCIO PRADO,JOSE CRESPO Y CASTILLO,"MOVIMIENTO ""ALTERNATIVA POPULAR""",208
90606,HUANUCO,LEONCIO PRADO,JOSE CRESPO Y CASTILLO,MOVIMIENTO DE INTEGRACION DE ALTO HUALLAGA  M.I.A.H.,1105
90606,HUANUCO,LEONCIO PRADO,JOSE CRESPO Y CASTILLO,"MOVIMIENTO INDEPENDIENTE ""FRATERNIDAD CRISTIANA""",104
90606,HUANUCO,LEONCIO PRADO,JOSE CRESPO Y CASTILLO,"MOVIMIENTO INDEPENDIENTE ""LUCHEMOS POR HUANUCO""",585
90606,HUANUCO,LEONCIO PRADO,JOSE CRESPO Y CASTILLO,"MOVIMIENTO INDEPENDIENTE ""UNIDOS POR TINGO MARIA""",1816
90606,HUANUCO,LEONCIO PRADO,JOSE CRESPO Y CASTILLO,MOVIMIENTO NUEVA IZQUIERDA,37
90606,HUANUCO,LEONCIO PRADO,JOSE CRESPO Y CASTILLO,PARTIDO ACCION POPULAR,403
90606,HUANUCO,LEONCIO PRADO,JOSE CRESPO Y CASTILLO,PARTIDO APRISTA PERUANO,1402
90606,HUANUCO,LEONCIO PRADO,JOSE CRESPO Y CASTILLO,PARTIDO DEMOCRATICO SOMOS PERU,98
90606,HUANUCO,LEONCIO PRADO,JOSE CRESPO Y CASTILLO,PARTIDO PERU POSIBLE,149
90702,HUANUCO,PACHITEA,CHAGLLA,ALIANZA ELECTORAL UNIDAD NACIONAL,78
90702,HUANUCO,PACHITEA,CHAGLLA,FRENTE INDEPENDIENTE PACHITEA,383
90702,HUANUCO,PACHITEA,CHAGLLA,"MOVIMIENTO INDEPENDIENTE ""LUCHEMOS POR HUANUCO""",302
90702,HUANUCO,PACHITEA,CHAGLLA,MOVIMIENTO NUEVA IZQUIERDA,57
90702,HUANUCO,PACHITEA,CHAGLLA,MOVIMIENTO POPULAR REGIONAL,246
90702,HUANUCO,PACHITEA,CHAGLLA,PARTIDO ACCION POPULAR,57
90702,HUANUCO,PACHITEA,CHAGLLA,PARTIDO APRISTA PERUANO,343
90702,HUANUCO,PACHITEA,CHAGLLA,PARTIDO DEMOCRATICO SOMOS PERU,218
90702,HUANUCO,PACHITEA,CHAGLLA,PARTIDO PERU POSIBLE,114
90702,HUANUCO,PACHITEA,CHAGLLA,PARTIDO POLITICO NACIONAL PRIMERO PERU,425
90704,HUANUCO,PACHITEA,MOLINO,ALIANZA ELECTORAL UNIDAD NACIONAL,123
90704,HUANUCO,PACHITEA,MOLINO,FRENTE INDEPENDIENTE PACHITEA,159
90704,HUANUCO,PACHITEA,MOLINO,"MOVIMIENTO INDEPENDIENTE ""LLAPANCHI ARUSHUN""",170
90704,HUANUCO,PACHITEA,MOLINO,"MOVIMIENTO INDEPENDIENTE ""LUCHEMOS POR HUANUCO""",570
90704,HUANUCO,PACHITEA,MOLINO,MOVIMIENTO NUEVA IZQUIERDA,48
90704,HUANUCO,PACHITEA,MOLINO,MOVIMIENTO POPULAR REGIONAL,452
90704,HUANUCO,PACHITEA,MOLINO,PARTIDO ACCION POPULAR,330
90704,HUANUCO,PACHITEA,MOLINO,PARTIDO APRISTA PERUANO,573
90704,HUANUCO,PACHITEA,MOLINO,PARTIDO DEMOCRATICO SOMOS PERU,345
90704,HUANUCO,PACHITEA,MOLINO,PARTIDO PERU POSIBLE,322
90706,HUANUCO,PACHITEA,UMARI,ALIANZA ELECTORAL UNIDAD NACIONAL,227
90706,HUANUCO,PACHITEA,UMARI,FRENTE INDEPENDIENTE PACHITEA,654
90706,HUANUCO,PACHITEA,UMARI,FUERZA DEMOCRATICA,128
90706,HUANUCO,PACHITEA,UMARI,"MOVIMIENTO INDEPENDIENTE ""LLAPANCHI ARUSHUN""",44
90706,HUANUCO,PACHITEA,UMARI,"MOVIMIENTO INDEPENDIENTE ""LUCHEMOS POR HUANUCO""",292
90706,HUANUCO,PACHITEA,UMARI,MOVIMIENTO NUEVA IZQUIERDA,86
90706,HUANUCO,PACHITEA,UMARI,MOVIMIENTO POPULAR REGIONAL,408
90706,HUANUCO,PACHITEA,UMARI,PARTIDO APRISTA PERUANO,338
90706,HUANUCO,PACHITEA,UMARI,PARTIDO DEMOCRATICO SOMOS PERU,163
90706,HUANUCO,PACHITEA,UMARI,PARTIDO PERU POSIBLE,214
90801,HUANUCO,PUERTO INCA,HONORIA,ALIANZA ELECTORAL UNIDAD NACIONAL,36
90801,HUANUCO,PUERTO INCA,HONORIA,FRENTE POPULAR AGRICOLA FIA DEL PERU - FREPAP,169
90801,HUANUCO,PUERTO INCA,HONORIA,FUERZA DEMOCRATICA,172
90801,HUANUCO,PUERTO INCA,HONORIA,MOVIMIENTO AMPLIO PAIS UNIDO - MAPU,88
90801,HUANUCO,PUERTO INCA,HONORIA,"MOVIMIENTO INDEPENDIENTE ""LUCHEMOS POR HUANUCO""",82
90801,HUANUCO,PUERTO INCA,HONORIA,MOVIMIENTO INDEPENDIENTE HONORIA AL DESARROLLO,38
90801,HUANUCO,PUERTO INCA,HONORIA,MOVIMIENTO NUEVA IZQUIERDA,20
90801,HUANUCO,PUERTO INCA,HONORIA,MOVIMIENTO POPULAR REGIONAL,31
90801,HUANUCO,PUERTO INCA,HONORIA,PARTIDO ACCION POPULAR,248
90801,HUANUCO,PUERTO INCA,HONORIA,PARTIDO APRISTA PERUANO,80
90801,HUANUCO,PUERTO INCA,HONORIA,PARTIDO DEMOCRATICO SOMOS PERU,27
90801,HUANUCO,PUERTO INCA,HONORIA,PARTIDO PERU POSIBLE,79
90803,HUANUCO,PUERTO INCA,CODO DEL POZUZO,ALIANZA ELECTORAL UNIDAD NACIONAL,115
90803,HUANUCO,PUERTO INCA,CODO DEL POZUZO,FRENTE POPULAR AGRICOLA FIA DEL PERU - FREPAP,161
90803,HUANUCO,PUERTO INCA,CODO DEL POZUZO,"MOVIMIENTO INDEPENDIENTE ""LUCHEMOS POR HUANUCO""",306
90803,HUANUCO,PUERTO INCA,CODO DEL POZUZO,MOVIMIENTO POPULAR REGIONAL,121
90803,HUANUCO,PUERTO INCA,CODO DEL POZUZO,PARTIDO ACCION POPULAR,288
90803,HUANUCO,PUERTO INCA,CODO DEL POZUZO,PARTIDO APRISTA PERUANO,18
90804,HUANUCO,PUERTO INCA,TOURNAVISTA,FRENTE POPULAR AGRICOLA FIA DEL PERU - FREPAP,224
90804,HUANUCO,PUERTO INCA,TOURNAVISTA,"MOVIMIENTO INDEPENDIENTE ""DESARROLLEMOS TOURNAVISTA""",294
90804,HUANUCO,PUERTO INCA,TOURNAVISTA,PARTIDO ACCION POPULAR,252
90804,HUANUCO,PUERTO INCA,TOURNAVISTA,PARTIDO APRISTA PERUANO,154
90804,HUANUCO,PUERTO INCA,TOURNAVISTA,PARTIDO PERU POSIBLE,12
90805,HUANUCO,PUERTO INCA,YUYAPICHIS,ALIANZA ELECTORAL UNIDAD NACIONAL,62
90805,HUANUCO,PUERTO INCA,YUYAPICHIS,FRENTE POPULAR AGRICOLA FIA DEL PERU - FREPAP,134
90805,HUANUCO,PUERTO INCA,YUYAPICHIS,"MOVIMIENTO INDEPENDIENTE ""LUCHEMOS POR HUANUCO""",96
90805,HUANUCO,PUERTO INCA,YUYAPICHIS,MOVIMIENTO POPULAR REGIONAL,89
90805,HUANUCO,PUERTO INCA,YUYAPICHIS,PARTIDO ACCION POPULAR,319
90805,HUANUCO,PUERTO INCA,YUYAPICHIS,PARTIDO APRISTA PERUANO,98
90805,HUANUCO,PUERTO INCA,YUYAPICHIS,PARTIDO PERU POSIBLE,135
90902,HUANUCO,HUACAYBAMBA,PINRA,AGRUPACION INDEPENDIENTE UNION POR EL PERU - FRENTE AMPLIO,399
90902,HUANUCO,HUACAYBAMBA,PINRA,ALIANZA ELECTORAL UNIDAD NACIONAL,202
90902,HUANUCO,HUACAYBAMBA,PINRA,"MOVIMIENTO INDEPENDIENTE  ""AGRICOLA GANADERA""",131
90902,HUANUCO,HUACAYBAMBA,PINRA,"MOVIMIENTO INDEPENDIENTE ""LUCHEMOS POR HUANUCO""",205
90902,HUANUCO,HUACAYBAMBA,PINRA,MOVIMIENTO POPULAR REGIONAL,210
90902,HUANUCO,HUACAYBAMBA,PINRA,PARTIDO DEMOCRATICO SOMOS PERU,250
90902,HUANUCO,HUACAYBAMBA,PINRA,PARTIDO PERU POSIBLE,355
90903,HUANUCO,HUACAYBAMBA,CANCHABAMBA,AGRUPACION INDEPENDIENTE UNION POR EL PERU - FRENTE AMPLIO,417
90903,HUANUCO,HUACAYBAMBA,CANCHABAMBA,MOVIMIENTO POPULAR REGIONAL,171
90903,HUANUCO,HUACAYBAMBA,CANCHABAMBA,PARTIDO DEMOCRATICO SOMOS PERU,16
90903,HUANUCO,HUACAYBAMBA,CANCHABAMBA,PARTIDO PERU POSIBLE,390
90904,HUANUCO,HUACAYBAMBA,COCHABAMBA,AGRUPACION INDEPENDIENTE UNION POR EL PERU - FRENTE AMPLIO,95
90904,HUANUCO,HUACAYBAMBA,COCHABAMBA,"MOVIMIENTO INDEPENDIENTE ""LUCHEMOS POR HUANUCO""",88
90904,HUANUCO,HUACAYBAMBA,COCHABAMBA,MOVIMIENTO INDEPENDIENTE COCHABAMBA A LA MODERNIZACION,26
90904,HUANUCO,HUACAYBAMBA,COCHABAMBA,MOVIMIENTO INDEPENDIENTE EL DESARROLLO PARA EL PUEBLO DE COCHABAMBA,21
90904,HUANUCO,HUACAYBAMBA,COCHABAMBA,MOVIMIENTO INDEPENDIENTE MIREMOS AL FUTURO,31
90904,HUANUCO,HUACAYBAMBA,COCHABAMBA,MOVIMIENTO POPULAR REGIONAL,52
90904,HUANUCO,HUACAYBAMBA,COCHABAMBA,PARTIDO DEMOCRATICO SOMOS PERU,37
90904,HUANUCO,HUACAYBAMBA,COCHABAMBA,PARTIDO PERU POSIBLE,87
91002,HUANUCO,LAURICOCHA,BAÑOS,MOVIMIENTO AMPLIO PAIS UNIDO - MAPU,40
91002,HUANUCO,LAURICOCHA,BAÑOS,"MOVIMIENTO INDEPENDIENTE ""BAÑOS RUMBO AL PROGRESO""",41
91002,HUANUCO,LAURICOCHA,BAÑOS,"MOVIMIENTO INDEPENDIENTE ""LUCHEMOS POR HUANUCO""",208
91002,HUANUCO,LAURICOCHA,BAÑOS,MOVIMIENTO INDEPENDIENTE PROGRESO LAURICOCHA,92
91002,HUANUCO,LAURICOCHA,BAÑOS,MOVIMIENTO POPULAR REGIONAL,147
91002,HUANUCO,LAURICOCHA,BAÑOS,PARTIDO ACCION POPULAR,54
91002,HUANUCO,LAURICOCHA,BAÑOS,PARTIDO DEMOCRATICO SOMOS PERU,373
91002,HUANUCO,LAURICOCHA,BAÑOS,PARTIDO PERU POSIBLE,115
91003,HUANUCO,LAURICOCHA,SAN FRANCISCO DE ASIS,ALIANZA ELECTORAL UNIDAD NACIONAL,54
91003,HUANUCO,LAURICOCHA,SAN FRANCISCO DE ASIS,MOVIMIENTO AMPLIO PAIS UNIDO - MAPU,68
91003,HUANUCO,LAURICOCHA,SAN FRANCISCO DE ASIS,"MOVIMIENTO INDEPENDIENTE ""LUCHEMOS POR HUANUCO""",196
91003,HUANUCO,LAURICOCHA,SAN FRANCISCO DE ASIS,MOVIMIENTO POPULAR REGIONAL,51
91003,HUANUCO,LAURICOCHA,SAN FRANCISCO DE ASIS,PARTIDO APRISTA PERUANO,237
91003,HUANUCO,LAURICOCHA,SAN FRANCISCO DE ASIS,PARTIDO DEMOCRATICO SOMOS PERU,135
91003,HUANUCO,LAURICOCHA,SAN FRANCISCO DE ASIS,PARTIDO PERU POSIBLE,85
91004,HUANUCO,LAURICOCHA,QUEROPALCA,FUERZA DEMOCRATICA,119
91004,HUANUCO,LAURICOCHA,QUEROPALCA,MOVIMIENTO AMPLIO PAIS UNIDO - MAPU,4
91004,HUANUCO,LAURICOCHA,QUEROPALCA,"MOVIMIENTO INDEPENDIENTE ""LUCHEMOS POR HUANUCO""",79
91004,HUANUCO,LAURICOCHA,QUEROPALCA,MOVIMIENTO INDEPENDIENTE PROGRESO LAURICOCHA,52
91004,HUANUCO,LAURICOCHA,QUEROPALCA,MOVIMIENTO NUEVA IZQUIERDA,15
91004,HUANUCO,LAURICOCHA,QUEROPALCA,MOVIMIENTO POPULAR REGIONAL,63
91004,HUANUCO,LAURICOCHA,QUEROPALCA,PARTIDO APRISTA PERUANO,62
91004,HUANUCO,LAURICOCHA,QUEROPALCA,PARTIDO DEMOCRATICO SOMOS PERU,37
91004,HUANUCO,LAURICOCHA,QUEROPALCA,PARTIDO PERU POSIBLE,0
91005,HUANUCO,LAURICOCHA,SAN MIGUEL DE CAURI,ALIANZA ELECTORAL UNIDAD NACIONAL,353
91005,HUANUCO,LAURICOCHA,SAN MIGUEL DE CAURI,"MOVIMIENTO INDEPENDIENTE ""LUCHEMOS POR HUANUCO""",77
91005,HUANUCO,LAURICOCHA,SAN MIGUEL DE CAURI,MOVIMIENTO INDEPENDIENTE PROGRESO LAURICOCHA,71
91005,HUANUCO,LAURICOCHA,SAN MIGUEL DE CAURI,MOVIMIENTO POPULAR REGIONAL,143
91005,HUANUCO,LAURICOCHA,SAN MIGUEL DE CAURI,PARTIDO APRISTA PERUANO,257
91005,HUANUCO,LAURICOCHA,SAN MIGUEL DE CAURI,PARTIDO DEMOCRATICO SOMOS PERU,349
91005,HUANUCO,LAURICOCHA,SAN MIGUEL DE CAURI,PARTIDO PERU POSIBLE,95
91006,HUANUCO,LAURICOCHA,RONDOS,AGRUPACION INDEPENDIENTE UNION POR EL PERU - FRENTE AMPLIO,69
91006,HUANUCO,LAURICOCHA,RONDOS,FRENTE INDEPENDIENTE AGROLUZ PARA RONDOS,29
91006,HUANUCO,LAURICOCHA,RONDOS,MOVIMIENTO AMPLIO PAIS UNIDO - MAPU,223
91006,HUANUCO,LAURICOCHA,RONDOS,"MOVIMIENTO INDEPENDIENTE ""LUCHEMOS POR HUANUCO""",443
91006,HUANUCO,LAURICOCHA,RONDOS,MOVIMIENTO INDEPENDIENTE PROGRESO LAURICOCHA,67
91006,HUANUCO,LAURICOCHA,RONDOS,MOVIMIENTO NUEVA IZQUIERDA,134
91006,HUANUCO,LAURICOCHA,RONDOS,MOVIMIENTO POPULAR REGIONAL,37
91006,HUANUCO,LAURICOCHA,RONDOS,PARTIDO ACCION POPULAR,35
91006,HUANUCO,LAURICOCHA,RONDOS,PARTIDO APRISTA PERUANO,41
91006,HUANUCO,LAURICOCHA,RONDOS,PARTIDO DEMOCRATICO SOMOS PERU,571
91006,HUANUCO,LAURICOCHA,RONDOS,PARTIDO PERU POSIBLE,92
91007,HUANUCO,LAURICOCHA,JIVIA,ALIANZA ELECTORAL UNIDAD NACIONAL,30
91007,HUANUCO,LAURICOCHA,JIVIA,FUERZA DEMOCRATICA,57
91007,HUANUCO,LAURICOCHA,JIVIA,MOVIMIENTO AMPLIO PAIS UNIDO - MAPU,40
91007,HUANUCO,LAURICOCHA,JIVIA,"MOVIMIENTO INDEPENDIENTE ""LUCHEMOS POR HUANUCO""",74
91007,HUANUCO,LAURICOCHA,JIVIA,MOVIMIENTO INDEPENDIENTE PROGRESO LAURICOCHA,49
91007,HUANUCO,LAURICOCHA,JIVIA,MOVIMIENTO NUEVA IZQUIERDA,36
91007,HUANUCO,LAURICOCHA,JIVIA,MOVIMIENTO POPULAR REGIONAL,69
91007,HUANUCO,LAURICOCHA,JIVIA,PARTIDO APRISTA PERUANO,137
91007,HUANUCO,LAURICOCHA,JIVIA,PARTIDO DEMOCRATICO SOMOS PERU,202
91007,HUANUCO,LAURICOCHA,JIVIA,PARTIDO PERU POSIBLE,104
91102,HUANUCO,YAROWILCA,APARICIO POMARES,"MOVIMIENTO INDEPENDIENTE ""LUCHEMOS POR HUANUCO""",325
91102,HUANUCO,YAROWILCA,APARICIO POMARES,MOVIMIENTO INDEPENDIENTE TRABAJEMOS POR YAROWILCA,143
91102,HUANUCO,YAROWILCA,APARICIO POMARES,MOVIMIENTO INDEPENDIENTE UNION COMUNAL,28
91102,HUANUCO,YAROWILCA,APARICIO POMARES,MOVIMIENTO INDEPENDIENTE YAROWILCA RENACE,194
91102,HUANUCO,YAROWILCA,APARICIO POMARES,MOVIMIENTO NUEVA IZQUIERDA,238
91102,HUANUCO,YAROWILCA,APARICIO POMARES,MOVIMIENTO POPULAR REGIONAL,238
91102,HUANUCO,YAROWILCA,APARICIO POMARES,PARTIDO ACCION POPULAR,171
91102,HUANUCO,YAROWILCA,APARICIO POMARES,PARTIDO APRISTA PERUANO,264
91102,HUANUCO,YAROWILCA,APARICIO POMARES,PARTIDO DEMOCRATICO SOMOS PERU,170
91102,HUANUCO,YAROWILCA,APARICIO POMARES,PARTIDO PERU POSIBLE,123
91103,HUANUCO,YAROWILCA,CAHUAC,ALIANZA ELECTORAL UNIDAD NACIONAL,50
91103,HUANUCO,YAROWILCA,CAHUAC,FUERZA DEMOCRATICA,12
91103,HUANUCO,YAROWILCA,CAHUAC,MOVIMIENTO AMPLIO PAIS UNIDO - MAPU,103
91103,HUANUCO,YAROWILCA,CAHUAC,"MOVIMIENTO INDEPENDIENTE ""FRENTE PROGRESISTA CAHUAC""",116
91103,HUANUCO,YAROWILCA,CAHUAC,"MOVIMIENTO INDEPENDIENTE ""LUCHEMOS POR HUANUCO""",74
91103,HUANUCO,YAROWILCA,CAHUAC,MOVIMIENTO INDEPENDIENTE CAHUAC EN NUEVO CAMBIO,29
91103,HUANUCO,YAROWILCA,CAHUAC,MOVIMIENTO INDEPENDIENTE TRABAJEMOS POR YAROWILCA,15
91103,HUANUCO,YAROWILCA,CAHUAC,MOVIMIENTO NUEVA IZQUIERDA,15
91103,HUANUCO,YAROWILCA,CAHUAC,PARTIDO ACCION POPULAR,60
91103,HUANUCO,YAROWILCA,CAHUAC,PARTIDO APRISTA PERUANO,223
91103,HUANUCO,YAROWILCA,CAHUAC,PARTIDO DEMOCRATICO SOMOS PERU,2
91103,HUANUCO,YAROWILCA,CAHUAC,PARTIDO PERU POSIBLE,168
91104,HUANUCO,YAROWILCA,CHACABAMBA,"MOVIMIENTO INDEPENDIENTE ""LUCHEMOS POR HUANUCO""",282
91104,HUANUCO,YAROWILCA,CHACABAMBA,MOVIMIENTO INDEPENDIENTE TRABAJEMOS POR YAROWILCA,281
91104,HUANUCO,YAROWILCA,CHACABAMBA,MOVIMIENTO INDEPENDIENTE YAROWILCA RENACE,487
91104,HUANUCO,YAROWILCA,CHACABAMBA,PARTIDO APRISTA PERUANO,72
91104,HUANUCO,YAROWILCA,CHACABAMBA,PARTIDO PERU POSIBLE,262
91105,HUANUCO,YAROWILCA,JACAS CHICO,ALIANZA ELECTORAL UNIDAD NACIONAL,93
91105,HUANUCO,YAROWILCA,JACAS CHICO,FUERZA DEMOCRATICA,41
91105,HUANUCO,YAROWILCA,JACAS CHICO,MOVIMIENTO AMPLIO PAIS UNIDO - MAPU,21
91105,HUANUCO,YAROWILCA,JACAS CHICO,"MOVIMIENTO INDEPENDIENTE ""LUCHEMOS POR HUANUCO""",57
91105,HUANUCO,YAROWILCA,JACAS CHICO,MOVIMIENTO INDEPENDIENTE TRABAJEMOS POR YAROWILCA,25
91105,HUANUCO,YAROWILCA,JACAS CHICO,MOVIMIENTO INDEPENDIENTE YAROWILCA RENACE,108
91105,HUANUCO,YAROWILCA,JACAS CHICO,MOVIMIENTO NUEVA IZQUIERDA,23
91105,HUANUCO,YAROWILCA,JACAS CHICO,MOVIMIENTO POPULAR REGIONAL,60
91105,HUANUCO,YAROWILCA,JACAS CHICO,PARTIDO ACCION POPULAR,78
91105,HUANUCO,YAROWILCA,JACAS CHICO,PARTIDO APRISTA PERUANO,66
91105,HUANUCO,YAROWILCA,JACAS CHICO,PARTIDO DEMOCRATICO SOMOS PERU,105
91105,HUANUCO,YAROWILCA,JACAS CHICO,PARTIDO PERU POSIBLE,37
91106,HUANUCO,YAROWILCA,OBAS,ALIANZA ELECTORAL UNIDAD NACIONAL,60
91106,HUANUCO,YAROWILCA,OBAS,FUERZA DEMOCRATICA,196
91106,HUANUCO,YAROWILCA,OBAS,MOVIMIENTO AMPLIO PAIS UNIDO - MAPU,213
91106,HUANUCO,YAROWILCA,OBAS,"MOVIMIENTO INDEPENDIENTE ""LUCHEMOS POR HUANUCO""",400
91106,HUANUCO,YAROWILCA,OBAS,MOVIMIENTO INDEPENDIENTE PRO OBAS,136
91106,HUANUCO,YAROWILCA,OBAS,MOVIMIENTO INDEPENDIENTE RENOVACION OBASINA,122
91106,HUANUCO,YAROWILCA,OBAS,MOVIMIENTO INDEPENDIENTE TRABAJEMOS POR YAROWILCA,44
91106,HUANUCO,YAROWILCA,OBAS,MOVIMIENTO INDEPENDIENTE YAROWILCA RENACE,64
91106,HUANUCO,YAROWILCA,OBAS,MOVIMIENTO NUEVA IZQUIERDA,49
91106,HUANUCO,YAROWILCA,OBAS,MOVIMIENTO POPULAR REGIONAL,126
91106,HUANUCO,YAROWILCA,OBAS,PARTIDO ACCION POPULAR,85
91106,HUANUCO,YAROWILCA,OBAS,PARTIDO APRISTA PERUANO,129
91106,HUANUCO,YAROWILCA,OBAS,PARTIDO DEMOCRATICO SOMOS PERU,88
91106,HUANUCO,YAROWILCA,OBAS,PARTIDO PERU POSIBLE,175
91107,HUANUCO,YAROWILCA,PAMPAMARCA,"MOVIMIENTO INDEPENDIENTE ""LUCHEMOS POR HUANUCO""",15
91107,HUANUCO,YAROWILCA,PAMPAMARCA,MOVIMIENTO INDEPENDIENTE DE INTEGRACION DE LA NUEVA JUVENTUD,106
91107,HUANUCO,YAROWILCA,PAMPAMARCA,MOVIMIENTO INDEPENDIENTE TRABAJEMOS POR YAROWILCA,165
91107,HUANUCO,YAROWILCA,PAMPAMARCA,MOVIMIENTO INDEPENDIENTE YAROWILCA RENACE,23
91107,HUANUCO,YAROWILCA,PAMPAMARCA,MOVIMIENTO POPULAR REGIONAL,30
91107,HUANUCO,YAROWILCA,PAMPAMARCA,PARTIDO APRISTA PERUANO,58
91107,HUANUCO,YAROWILCA,PAMPAMARCA,PARTIDO DEMOCRATICO SOMOS PERU,59
91107,HUANUCO,YAROWILCA,PAMPAMARCA,PARTIDO PERU POSIBLE,72
91108,HUANUCO,YAROWILCA,CHORAS,"MOVIMIENTO INDEPENDIENTE ""LUCHEMOS POR HUANUCO""",637
91108,HUANUCO,YAROWILCA,CHORAS,MOVIMIENTO INDEPENDIENTE TRABAJEMOS POR YAROWILCA,93
91108,HUANUCO,YAROWILCA,CHORAS,MOVIMIENTO INDEPENDIENTE YAROWILCA RENACE,11
91108,HUANUCO,YAROWILCA,CHORAS,PARTIDO APRISTA PERUANO,279
100102,ICA,ICA,LA TINGUIÑA,ALIANZA ELECTORAL UNIDAD NACIONAL,1364
100102,ICA,ICA,LA TINGUIÑA,FRENTE DEMOCRATICO TINGUIÑANO,1699
100102,ICA,ICA,LA TINGUIÑA,FRENTE REGIONAL PROGRESISTA IQUEÑO - FREPROI,600
100102,ICA,ICA,LA TINGUIÑA,MOVIMIENTO NUEVA IZQUIERDA,321
100102,ICA,ICA,LA TINGUIÑA,MOVIMIENTO TODOS POR LA TINGUIÑA,1066
100102,ICA,ICA,LA TINGUIÑA,PARTIDO ACCION POPULAR,345
100102,ICA,ICA,LA TINGUIÑA,PARTIDO APRISTA PERUANO,2874
100102,ICA,ICA,LA TINGUIÑA,PARTIDO RECONSTRUCCION DEMOCRATICA (PRD),2597
100102,ICA,ICA,LA TINGUIÑA,POR LA SUPERACION DE LA TINGUIÑA,1357
100103,ICA,ICA,LOS AQUIJES,AGRUPACION INDEPENDIENTE UNION POR EL PERU - FRENTE AMPLIO,512
100103,ICA,ICA,LOS AQUIJES,ALIANZA ELECTORAL UNIDAD NACIONAL,1346
100103,ICA,ICA,LOS AQUIJES,FRENTE REGIONAL PROGRESISTA IQUEÑO - FREPROI,495
100103,ICA,ICA,LOS AQUIJES,MOVIMIENTO DE INTEGRACION Y RECONSTRUCCION DE LOS AQUIJES - MIRA,677
100103,ICA,ICA,LOS AQUIJES,"MOVIMIENTO INDEPENDIENTE ""FUERZA ICA""",1331
100103,ICA,ICA,LOS AQUIJES,PARTIDO ACCION POPULAR,91
100103,ICA,ICA,LOS AQUIJES,PARTIDO APRISTA PERUANO,1357
100103,ICA,ICA,LOS AQUIJES,PARTIDO DEMOCRATICO SOMOS PERU,78
100103,ICA,ICA,LOS AQUIJES,PARTIDO PERU POSIBLE,159
100103,ICA,ICA,LOS AQUIJES,VISION Y FUTURO,269
100104,ICA,ICA,PARCONA,AGRUPACION INDEPENDIENTE UNION POR EL PERU - FRENTE AMPLIO,1981
100104,ICA,ICA,PARCONA,ALIANZA ELECTORAL UNIDAD NACIONAL,2384
100104,ICA,ICA,PARCONA,FRENTE REGIONAL PROGRESISTA IQUEÑO - FREPROI,1540
100104,ICA,ICA,PARCONA,"MOVIMIENTO INDEPENDIENTE ""FUERZA ICA""",1208
100104,ICA,ICA,PARCONA,MOVIMIENTO NUEVA IZQUIERDA,258
100104,ICA,ICA,PARCONA,PARTIDO ACCION POPULAR,2025
100104,ICA,ICA,PARCONA,PARTIDO APRISTA PERUANO,5691
100104,ICA,ICA,PARCONA,PARTIDO DEMOCRATICO SOMOS PERU,114
100104,ICA,ICA,PARCONA,PARTIDO PERU POSIBLE,643
100104,ICA,ICA,PARCONA,PARTIDO RECONSTRUCCION DEMOCRATICA (PRD),470
100104,ICA,ICA,PARCONA,TODOS POR PARCONA,1928
100105,ICA,ICA,PUEBLO NUEVO,AGRUPACION INDEPENDIENTE UNION POR EL PERU - FRENTE AMPLIO,93
100105,ICA,ICA,PUEBLO NUEVO,ALIANZA ELECTORAL UNIDAD NACIONAL,203
100105,ICA,ICA,PUEBLO NUEVO,FRENTE JUVENTUD PUEBLO NUEVO,155
100105,ICA,ICA,PUEBLO NUEVO,FRENTE REGIONAL PROGRESISTA IQUEÑO - FREPROI,598
100105,ICA,ICA,PUEBLO NUEVO,MOVIMIENTO INDEPENDIENTE POR LA RENOVACION,412
100105,ICA,ICA,PUEBLO NUEVO,PARTIDO APRISTA PERUANO,520
100105,ICA,ICA,PUEBLO NUEVO,PARTIDO PERU POSIBLE,425
100105,ICA,ICA,PUEBLO NUEVO,PARTIDO RECONSTRUCCION DEMOCRATICA (PRD),120
100106,ICA,ICA,SALAS,ALIANZA ELECTORAL UNIDAD NACIONAL,1458
100106,ICA,ICA,SALAS,FRENTE INDEPENDIENTE GUADALUPANO,923
100106,ICA,ICA,SALAS,FRENTE REGIONAL PROGRESISTA IQUEÑO - FREPROI,926
100106,ICA,ICA,SALAS,MOVIMIENTO INDEPENDIENTE SALAS HACIA EL FUTURO,473
100106,ICA,ICA,SALAS,PARTIDO APRISTA PERUANO,926
100106,ICA,ICA,SALAS,PARTIDO PERU POSIBLE,49
100106,ICA,ICA,SALAS,SALAS AL CAMBIO,234
100107,ICA,ICA,SAN JOSE DE LOS MOLINOS,AGRUPACION INDEPENDIENTE UNION POR EL PERU - FRENTE AMPLIO,98
100107,ICA,ICA,SAN JOSE DE LOS MOLINOS,ALIANZA ELECTORAL UNIDAD NACIONAL,326
100107,ICA,ICA,SAN JOSE DE LOS MOLINOS,FRENTE REGIONAL PROGRESISTA IQUEÑO - FREPROI,54
100107,ICA,ICA,SAN JOSE DE LOS MOLINOS,"MOVIMIENTO INDEPENDIENTE ""FUERZA ICA""",259
100107,ICA,ICA,SAN JOSE DE LOS MOLINOS,MOVIMIENTO REGIONALISTA IQUEÑO - MOREI,20
100107,ICA,ICA,SAN JOSE DE LOS MOLINOS,PARTIDO APRISTA PERUANO,765
100107,ICA,ICA,SAN JOSE DE LOS MOLINOS,PARTIDO DEMOCRATICO SOMOS PERU,148
100107,ICA,ICA,SAN JOSE DE LOS MOLINOS,PARTIDO PERU POSIBLE,54
100107,ICA,ICA,SAN JOSE DE LOS MOLINOS,PARTIDO RECONSTRUCCION DEMOCRATICA (PRD),711
100108,ICA,ICA,SAN JUAN BAUTISTA,AGRUPACION INDEPENDIENTE UNION POR EL PERU - FRENTE AMPLIO,131
100108,ICA,ICA,SAN JUAN BAUTISTA,ALIANZA ELECTORAL UNIDAD NACIONAL,261
100108,ICA,ICA,SAN JUAN BAUTISTA,FRENTE REGIONAL PROGRESISTA IQUEÑO - FREPROI,540
100108,ICA,ICA,SAN JUAN BAUTISTA,"MOVIMIENTO INDEPENDIENTE ""FUERZA ICA""",480
100108,ICA,ICA,SAN JUAN BAUTISTA,MOVIMIENTO NUEVA IZQUIERDA,103
100108,ICA,ICA,SAN JUAN BAUTISTA,PARTIDO ACCION POPULAR,140
100108,ICA,ICA,SAN JUAN BAUTISTA,PARTIDO APRISTA PERUANO,672
100108,ICA,ICA,SAN JUAN BAUTISTA,PARTIDO PERU POSIBLE,149
100108,ICA,ICA,SAN JUAN BAUTISTA,PARTIDO RECONSTRUCCION DEMOCRATICA (PRD),930
100109,ICA,ICA,SANTIAGO,AGRUPACION INDEPENDIENTE UNION POR EL PERU - FRENTE AMPLIO,803
100109,ICA,ICA,SANTIAGO,ALIANZA ELECTORAL UNIDAD NACIONAL,1131
100109,ICA,ICA,SANTIAGO,FRENTE REGIONAL PROGRESISTA IQUEÑO - FREPROI,130
100109,ICA,ICA,SANTIAGO,MOVIMIENTO DE SANTIAGO AVANZANDO A LA MODERNIDAD,2649
100109,ICA,ICA,SANTIAGO,"MOVIMIENTO INDEPENDIENTE ""FUERZA ICA""",352
100109,ICA,ICA,SANTIAGO,PARTIDO ACCION POPULAR,388
100109,ICA,ICA,SANTIAGO,PARTIDO APRISTA PERUANO,3765
100109,ICA,ICA,SANTIAGO,PARTIDO RECONSTRUCCION DEMOCRATICA (PRD),141
100110,ICA,ICA,SUBTANJALLA,ALIANZA ELECTORAL UNIDAD NACIONAL,1053
100110,ICA,ICA,SUBTANJALLA,FRENTE REGIONAL PROGRESISTA IQUEÑO - FREPROI,121
100110,ICA,ICA,SUBTANJALLA,PARTIDO ACCION POPULAR,134
100110,ICA,ICA,SUBTANJALLA,PARTIDO APRISTA PERUANO,2010
100110,ICA,ICA,SUBTANJALLA,PARTIDO POLITICO NACIONAL PRIMERO PERU,1087
100110,ICA,ICA,SUBTANJALLA,PARTIDO RECONSTRUCCION DEMOCRATICA (PRD),957
100111,ICA,ICA,YAUCA DEL ROSARIO,AGRUPACION INDEPENDIENTE UNION POR EL PERU - FRENTE AMPLIO,51
100111,ICA,ICA,YAUCA DEL ROSARIO,ALIANZA ELECTORAL UNIDAD NACIONAL,278
100111,ICA,ICA,YAUCA DEL ROSARIO,FRENTE REGIONAL PROGRESISTA IQUEÑO - FREPROI,156
100111,ICA,ICA,YAUCA DEL ROSARIO,"MOVIMIENTO INDEPENDIENTE ""FUERZA ICA""",37
100111,ICA,ICA,YAUCA DEL ROSARIO,PARTIDO APRISTA PERUANO,136
100111,ICA,ICA,YAUCA DEL ROSARIO,PARTIDO DEMOCRATICO SOMOS PERU,209
100111,ICA,ICA,YAUCA DEL ROSARIO,PARTIDO PERU POSIBLE,18
100111,ICA,ICA,YAUCA DEL ROSARIO,PARTIDO RECONSTRUCCION DEMOCRATICA (PRD),269
100111,ICA,ICA,YAUCA DEL ROSARIO,YAUCA POR EL CAMBIO,21
100112,ICA,ICA,TATE,ALIANZA ELECTORAL UNIDAD NACIONAL,255
100112,ICA,ICA,TATE,EXPRESION CIUDADANA,147
100112,ICA,ICA,TATE,FRENTE REGIONAL PROGRESISTA IQUEÑO - FREPROI,421
100112,ICA,ICA,TATE,"MOVIMIENTO INDEPENDIENTE ""FUERZA ICA""",585
100112,ICA,ICA,TATE,PARTIDO ACCION POPULAR,8
100112,ICA,ICA,TATE,PARTIDO APRISTA PERUANO,524
100112,ICA,ICA,TATE,PARTIDO PERU POSIBLE,152
100113,ICA,ICA,PACHACUTEC,ALIANZA ELECTORAL UNIDAD NACIONAL,541
100113,ICA,ICA,PACHACUTEC,FRENTE INDEPENDIENTE DE PACHACUTEC,280
100113,ICA,ICA,PACHACUTEC,FRENTE REGIONAL PROGRESISTA IQUEÑO - FREPROI,431
100113,ICA,ICA,PACHACUTEC,PARTIDO ACCION POPULAR,288
100113,ICA,ICA,PACHACUTEC,PARTIDO APRISTA PERUANO,241
100113,ICA,ICA,PACHACUTEC,PARTIDO DEMOCRATICO SOMOS PERU,357
100113,ICA,ICA,PACHACUTEC,PARTIDO RECONSTRUCCION DEMOCRATICA (PRD),663
100114,ICA,ICA,OCUCAJE,AGRUPACION INDEPENDIENTE UNION POR EL PERU - FRENTE AMPLIO,404
100114,ICA,ICA,OCUCAJE,ALIANZA ELECTORAL UNIDAD NACIONAL,213
100114,ICA,ICA,OCUCAJE,"MOVIMIENTO INDEPENDIENTE ""FUERZA ICA""",137
100114,ICA,ICA,OCUCAJE,PARTIDO ACCION POPULAR,5
100114,ICA,ICA,OCUCAJE,PARTIDO APRISTA PERUANO,626
100114,ICA,ICA,OCUCAJE,PARTIDO DEMOCRATICO SOMOS PERU,6
100114,ICA,ICA,OCUCAJE,PARTIDO PERU POSIBLE,370
100114,ICA,ICA,OCUCAJE,PARTIDO RECONSTRUCCION DEMOCRATICA (PRD),9
100202,ICA,CHINCHA,CHAVIN,AGRUPACION INDEPENDIENTE UNION POR EL PERU - FRENTE AMPLIO,223
100202,ICA,CHINCHA,CHAVIN,ALIANZA ELECTORAL UNIDAD NACIONAL,84
100202,ICA,CHINCHA,CHAVIN,"LISTA INDEPENDIENTE ""DEFENSA DE CHAVIN""",23
100202,ICA,CHINCHA,CHAVIN,"LISTA INDEPENDIENTE ""UNION POR CHINCHA""",75
100202,ICA,CHINCHA,CHAVIN,"MOVIMIENTO INDEPENDIENTE ""RENOVACION CHINCHANA""",241
100202,ICA,CHINCHA,CHAVIN,PARTIDO APRISTA PERUANO,50
100202,ICA,CHINCHA,CHAVIN,PARTIDO PERU POSIBLE,33
100203,ICA,CHINCHA,CHINCHA BAJA,AGRUPACION INDEPENDIENTE UNION POR EL PERU - FRENTE AMPLIO,1274
100203,ICA,CHINCHA,CHINCHA BAJA,ALIANZA ELECTORAL UNIDAD NACIONAL,269
100203,ICA,CHINCHA,CHINCHA BAJA,"LISTA INDEPENDIENTE ""UNIDAD AGRICOLA CHINCHANA""",138
100203,ICA,CHINCHA,CHINCHA BAJA,"LISTA INDEPENDIENTE ""UNION POR CHINCHA""",723
100203,ICA,CHINCHA,CHINCHA BAJA,"MOVIMIENTO INDEPENDIENTE ""RENOVACION CHINCHANA""",612
100203,ICA,CHINCHA,CHINCHA BAJA,PARTIDO ACCION POPULAR,297
100203,ICA,CHINCHA,CHINCHA BAJA,PARTIDO APRISTA PERUANO,1620
100203,ICA,CHINCHA,CHINCHA BAJA,PARTIDO DEMOCRATICO SOMOS PERU,314
100203,ICA,CHINCHA,CHINCHA BAJA,PARTIDO PERU POSIBLE,359
100204,ICA,CHINCHA,EL CARMEN,AGRUPACION INDEPENDIENTE UNION POR EL PERU - FRENTE AMPLIO,1504
100204,ICA,CHINCHA,EL CARMEN,ALIANZA ELECTORAL UNIDAD NACIONAL,118
100204,ICA,CHINCHA,EL CARMEN,"LISTA INDEPENDIENTE ""UNION POR CHINCHA""",1492
100204,ICA,CHINCHA,EL CARMEN,"MOVIMIENTO INDEPENDIENTE ""RENOVACION CHINCHANA""",149
100204,ICA,CHINCHA,EL CARMEN,PARTIDO APRISTA PERUANO,710
100204,ICA,CHINCHA,EL CARMEN,PARTIDO PERU POSIBLE,469
100205,ICA,CHINCHA,GROCIO PRADO,AGRUPACION INDEPENDIENTE UNION POR EL PERU - FRENTE AMPLIO,2089
100205,ICA,CHINCHA,GROCIO PRADO,ALIANZA ELECTORAL UNIDAD NACIONAL,1490
100205,ICA,CHINCHA,GROCIO PRADO,"LISTA INDEPENDIENTE ""UNION POR CHINCHA""",1149
100205,ICA,CHINCHA,GROCIO PRADO,"MOVIMIENTO INDEPENDIENTE ""FUERZA Y LEALTAD - GROCIO PRADO""",490
100205,ICA,CHINCHA,GROCIO PRADO,"MOVIMIENTO INDEPENDIENTE ""RENOVACION CHINCHANA""",594
100205,ICA,CHINCHA,GROCIO PRADO,PARTIDO ACCION POPULAR,90
100205,ICA,CHINCHA,GROCIO PRADO,PARTIDO APRISTA PERUANO,398
100205,ICA,CHINCHA,GROCIO PRADO,PARTIDO DEMOCRATICO SOMOS PERU,41
100205,ICA,CHINCHA,GROCIO PRADO,PARTIDO PERU POSIBLE,1223
100206,ICA,CHINCHA,SAN PEDRO DE HUACARPANA,AGRUPACION INDEPENDIENTE UNION POR EL PERU - FRENTE AMPLIO,7
100206,ICA,CHINCHA,SAN PEDRO DE HUACARPANA,ALIANZA ELECTORAL UNIDAD NACIONAL,64
100206,ICA,CHINCHA,SAN PEDRO DE HUACARPANA,FRENTE REGIONAL PROGRESISTA IQUEÑO - FREPROI,72
100206,ICA,CHINCHA,SAN PEDRO DE HUACARPANA,"LISTA INDEPENDIENTE ""UNION POR CHINCHA""",5
100206,ICA,CHINCHA,SAN PEDRO DE HUACARPANA,"MOVIMIENTO INDEPENDIENTE ""RENOVACION CHINCHANA""",148
100206,ICA,CHINCHA,SAN PEDRO DE HUACARPANA,PARTIDO ACCION POPULAR,23
100206,ICA,CHINCHA,SAN PEDRO DE HUACARPANA,PARTIDO APRISTA PERUANO,64
100206,ICA,CHINCHA,SAN PEDRO DE HUACARPANA,PARTIDO DEMOCRATICO SOMOS PERU,87
100206,ICA,CHINCHA,SAN PEDRO DE HUACARPANA,PARTIDO PERU POSIBLE,11
100207,ICA,CHINCHA,SUNAMPE,AGRUPACION INDEPENDIENTE UNION POR EL PERU - FRENTE AMPLIO,1493
100207,ICA,CHINCHA,SUNAMPE,ALIANZA ELECTORAL UNIDAD NACIONAL,632
100207,ICA,CHINCHA,SUNAMPE,FRENTE INDEPENDIENTE MORALIZADOR,77
100207,ICA,CHINCHA,SUNAMPE,"LISTA INDEPENDIENTE ""UNION POR CHINCHA""",430
100207,ICA,CHINCHA,SUNAMPE,"MOVIMIENTO INDEPENDIENTE ""RENOVACION CHINCHANA""",451
100207,ICA,CHINCHA,SUNAMPE,"MOVIMIENTO INDEPENDIENTE ""SUNAMPE AL PROGRESO""",960
100207,ICA,CHINCHA,SUNAMPE,"MOVIMIENTO INDEPENDIENTE ""SUNAMPE UNIDO""",949
100207,ICA,CHINCHA,SUNAMPE,"MOVIMIENTO INDEPENDIENTE ""VERDADEROS SUNAMPINOS DE TRABAJO""",412
100207,ICA,CHINCHA,SUNAMPE,MOVIMIENTO INDEPENDIENTE UVAS - UNION VECINAL DE AVANZADA SUNAMPINA,466
100207,ICA,CHINCHA,SUNAMPE,MOVIMIENTO NUEVA IZQUIERDA,106
100207,ICA,CHINCHA,SUNAMPE,PARTIDO ACCION POPULAR,129
100207,ICA,CHINCHA,SUNAMPE,PARTIDO APRISTA PERUANO,528
100207,ICA,CHINCHA,SUNAMPE,PARTIDO PERU POSIBLE,882
100207,ICA,CHINCHA,SUNAMPE,PARTIDO RENACIMIENTO ANDINO,497
100208,ICA,CHINCHA,TAMBO DE MORA,AGRUPACION INDEPENDIENTE UNION POR EL PERU - FRENTE AMPLIO,212
100208,ICA,CHINCHA,TAMBO DE MORA,ALIANZA ELECTORAL UNIDAD NACIONAL,189
100208,ICA,CHINCHA,TAMBO DE MORA,"LISTA INDEPENDIENTE ""UNION POR CHINCHA""",889
100208,ICA,CHINCHA,TAMBO DE MORA,"MOVIMIENTO INDEPENDIENTE ""RENOVACION CHINCHANA""",249
100208,ICA,CHINCHA,TAMBO DE MORA,PARTIDO ACCION POPULAR,44
100208,ICA,CHINCHA,TAMBO DE MORA,PARTIDO APRISTA PERUANO,425
100208,ICA,CHINCHA,TAMBO DE MORA,PARTIDO DEMOCRATICO SOMOS PERU,78
100208,ICA,CHINCHA,TAMBO DE MORA,PARTIDO PERU POSIBLE,189
100209,ICA,CHINCHA,ALTO LARAN,AGRUPACION INDEPENDIENTE UNION POR EL PERU - FRENTE AMPLIO,473
100209,ICA,CHINCHA,ALTO LARAN,ALIANZA ELECTORAL UNIDAD NACIONAL,255
100209,ICA,CHINCHA,ALTO LARAN,FRENTE INDEPENDIENTE MORALIZADOR,99
100209,ICA,CHINCHA,ALTO LARAN,FRENTE REGIONAL PROGRESISTA IQUEÑO - FREPROI,195
100209,ICA,CHINCHA,ALTO LARAN,"LISTA INDEPENDIENTE ""UNION POR CHINCHA""",259
100209,ICA,CHINCHA,ALTO LARAN,"MOVIMIENTO INDEPENDIENTE ""RENOVACION CHINCHANA""",50
100209,ICA,CHINCHA,ALTO LARAN,PARTIDO ACCION POPULAR,161
100209,ICA,CHINCHA,ALTO LARAN,PARTIDO APRISTA PERUANO,209
100209,ICA,CHINCHA,ALTO LARAN,PARTIDO DEMOCRATICO SOMOS PERU,150
100209,ICA,CHINCHA,ALTO LARAN,PARTIDO PERU POSIBLE,107
100210,ICA,CHINCHA,PUEBLO NUEVO,AGRUPACION INDEPENDIENTE UNION POR EL PERU - FRENTE AMPLIO,5916
100210,ICA,CHINCHA,PUEBLO NUEVO,ALIANZA ELECTORAL UNIDAD NACIONAL,522
100210,ICA,CHINCHA,PUEBLO NUEVO,"LISTA INDEPENDIENTE ""UNION POR CHINCHA""",1080
100210,ICA,CHINCHA,PUEBLO NUEVO,"MOVIMIENTO INDEPENDIENTE ""FRENTE UNIDOS POR PUEBLO NUEVO""",2184
100210,ICA,CHINCHA,PUEBLO NUEVO,"MOVIMIENTO INDEPENDIENTE ""PUEBLO NUEVO AL DESARROLLO""",165
100210,ICA,CHINCHA,PUEBLO NUEVO,"MOVIMIENTO INDEPENDIENTE ""RENOVACION CHINCHANA""",2068
100210,ICA,CHINCHA,PUEBLO NUEVO,MOVIMIENTO NUEVA IZQUIERDA,262
100210,ICA,CHINCHA,PUEBLO NUEVO,PARTIDO ACCION POPULAR,358
100210,ICA,CHINCHA,PUEBLO NUEVO,PARTIDO APRISTA PERUANO,2128
100210,ICA,CHINCHA,PUEBLO NUEVO,PARTIDO DEMOCRATICO SOMOS PERU,142
100210,ICA,CHINCHA,PUEBLO NUEVO,PARTIDO PERU POSIBLE,4230
100211,ICA,CHINCHA,SAN JUAN DE YANAC,AGRUPACION INDEPENDIENTE UNION POR EL PERU - FRENTE AMPLIO,215
100211,ICA,CHINCHA,SAN JUAN DE YANAC,"MOVIMIENTO INDEPENDIENTE ""RENOVACION CHINCHANA""",10
100211,ICA,CHINCHA,SAN JUAN DE YANAC,"MOVIMIENTO INDEPENDIENTE ""TRABAJO Y PROGRESO DE SAN JUAN DE YANAC""",13
100211,ICA,CHINCHA,SAN JUAN DE YANAC,PARTIDO APRISTA PERUANO,74
100211,ICA,CHINCHA,SAN JUAN DE YANAC,PARTIDO PERU POSIBLE,341
100302,ICA,NAZCA,CHANGUILLO,A GANAR CON TODOS,161
100302,ICA,NAZCA,CHANGUILLO,AGRUPACION INDEPENDIENTE UNION POR EL PERU - FRENTE AMPLIO,106
100302,ICA,NAZCA,CHANGUILLO,ALIANZA ELECTORAL UNIDAD NACIONAL,78
100302,ICA,NAZCA,CHANGUILLO,FRENTE REGIONAL PROGRESISTA IQUEÑO - FREPROI,36
100302,ICA,NAZCA,CHANGUILLO,FRENTE UNITARIO CHANGUILLANO,40
100302,ICA,NAZCA,CHANGUILLO,"MOVIMIENTO INDEPENDIENTE ""CERRO BLANCO""",84
100302,ICA,NAZCA,CHANGUILLO,"MOVIMIENTO INDEPENDIENTE ""DESARROLLO PARA EL PUEBLO""",18
100302,ICA,NAZCA,CHANGUILLO,MOVIMIENTO MANOS A LA OBRA,95
100302,ICA,NAZCA,CHANGUILLO,NASCA Y SUS DISTRITOS UNIDOS POR EL DESARROLLO,205
100302,ICA,NAZCA,CHANGUILLO,PARTIDO APRISTA PERUANO,65
100302,ICA,NAZCA,CHANGUILLO,PARTIDO PERU POSIBLE,131
100303,ICA,NAZCA,EL INGENIO,AGRUPACION INDEPENDIENTE UNION POR EL PERU - FRENTE AMPLIO,78
100303,ICA,NAZCA,EL INGENIO,ALIANZA ELECTORAL UNIDAD NACIONAL,61
100303,ICA,NAZCA,EL INGENIO,INGENIO EN MARCHA,173
100303,ICA,NAZCA,EL INGENIO,"MOVIMIENTO INDEPENDIENTE ""CERRO BLANCO""",13
100303,ICA,NAZCA,EL INGENIO,"MOVIMIENTO INDEPENDIENTE ""DESARROLLO PARA EL PUEBLO""",37
100303,ICA,NAZCA,EL INGENIO,MOVIMIENTO MANOS A LA OBRA,81
100303,ICA,NAZCA,EL INGENIO,NASCA Y SUS DISTRITOS UNIDOS POR EL DESARROLLO,128
100303,ICA,NAZCA,EL INGENIO,PARTIDO ACCION POPULAR,115
100303,ICA,NAZCA,EL INGENIO,PARTIDO APRISTA PERUANO,359
100303,ICA,NAZCA,EL INGENIO,PARTIDO PERU POSIBLE,184
100304,ICA,NAZCA,MARCONA,AGRUPACION INDEPENDIENTE UNION POR EL PERU - FRENTE AMPLIO,1207
100304,ICA,NAZCA,MARCONA,ALIANZA ELECTORAL UNIDAD NACIONAL,351
100304,ICA,NAZCA,MARCONA,MI NUEVO MARCONA,25
100304,ICA,NAZCA,MARCONA,"MOVIMIENTO INDEPENDIENTE ""CERRO BLANCO""",58
100304,ICA,NAZCA,MARCONA,"MOVIMIENTO INDEPENDIENTE ""DESARROLLO PARA EL PUEBLO""",594
100304,ICA,NAZCA,MARCONA,MOVIMIENTO MANOS A LA OBRA,372
100304,ICA,NAZCA,MARCONA,PARTIDO ACCION POPULAR,924
100304,ICA,NAZCA,MARCONA,PARTIDO APRISTA PERUANO,830
100304,ICA,NAZCA,MARCONA,PARTIDO DEMOCRATICO SOMOS PERU,656
100304,ICA,NAZCA,MARCONA,PARTIDO PERU POSIBLE,1216
100305,ICA,NAZCA,VISTA ALEGRE,AGRUPACION INDEPENDIENTE UNION POR EL PERU - FRENTE AMPLIO,172
100305,ICA,NAZCA,VISTA ALEGRE,ALIANZA ELECTORAL UNIDAD NACIONAL,526
100305,ICA,NAZCA,VISTA ALEGRE,DESARROLLEMOS VISTA ALEGRE,498
100305,ICA,NAZCA,VISTA ALEGRE,"MOVIMIENTO INDEPENDIENTE ""CERRO BLANCO""",71
100305,ICA,NAZCA,VISTA ALEGRE,"MOVIMIENTO INDEPENDIENTE ""DESARROLLO PARA EL PUEBLO""",154
100305,ICA,NAZCA,VISTA ALEGRE,"MOVIMIENTO INDEPENDIENTE ""UNIDOS POR VISTA ALEGRE""",102
100305,ICA,NAZCA,VISTA ALEGRE,MOVIMIENTO MANOS A LA OBRA,2224
100305,ICA,NAZCA,VISTA ALEGRE,NASCA Y SUS DISTRITOS UNIDOS POR EL DESARROLLO,355
100305,ICA,NAZCA,VISTA ALEGRE,PARTIDO APRISTA PERUANO,916
100305,ICA,NAZCA,VISTA ALEGRE,PARTIDO PERU POSIBLE,325
100402,ICA,PISCO,HUANCANO,ALIANZA ELECTORAL UNIDAD NACIONAL,24
100402,ICA,PISCO,HUANCANO,"MOVIMIENTO INDEPENDIENTE ""HUANCANO""",10
100402,ICA,PISCO,HUANCANO,PARTIDO ACCION POPULAR,58
100402,ICA,PISCO,HUANCANO,PARTIDO APRISTA PERUANO,185
100402,ICA,PISCO,HUANCANO,PARTIDO DEMOCRATICO SOMOS PERU,23
100402,ICA,PISCO,HUANCANO,PARTIDO PERU POSIBLE,373
100403,ICA,PISCO,HUMAY,ALIANZA ELECTORAL UNIDAD NACIONAL,218
100403,ICA,PISCO,HUMAY,FRENTE REGIONAL PROGRESISTA IQUEÑO - FREPROI,16
100403,ICA,PISCO,HUMAY,"LISTA INDEPENDIENTE ""SOLIDARIDAD DE INDEPENDIENTES PISQUEÑOS""",52
100403,ICA,PISCO,HUMAY,"MOVIMIENTO INDEPENDIENTE ""FUERZA PISCO""",614
100403,ICA,PISCO,HUMAY,"MOVIMIENTO INDEPENDIENTE ""ORGANIZACION PARA EL DESARROLLO SOCIAL""",87
100403,ICA,PISCO,HUMAY,PARTIDO ACCION POPULAR,207
100403,ICA,PISCO,HUMAY,PARTIDO APRISTA PERUANO,421
100403,ICA,PISCO,HUMAY,PARTIDO DEMOCRATICO SOMOS PERU,23
100403,ICA,PISCO,HUMAY,PARTIDO PERU POSIBLE,253
100404,ICA,PISCO,INDEPENDENCIA,ALIANZA ELECTORAL UNIDAD NACIONAL,739
100404,ICA,PISCO,INDEPENDENCIA,FRENTE REGIONAL PROGRESISTA IQUEÑO - FREPROI,97
100404,ICA,PISCO,INDEPENDENCIA,"MOVIMIENTO INDEPENDIENTE ""AVANCEMOS INDEPENDENCIA""",357
100404,ICA,PISCO,INDEPENDENCIA,"MOVIMIENTO INDEPENDIENTE ""FUERZA PISCO""",1309
100404,ICA,PISCO,INDEPENDENCIA,"MOVIMIENTO INDEPENDIENTE ""ORGANIZACION PARA EL DESARROLLO SOCIAL""",195
100404,ICA,PISCO,INDEPENDENCIA,MOVIMIENTO NUEVA IZQUIERDA,24
100404,ICA,PISCO,INDEPENDENCIA,PARTIDO ACCION POPULAR,438
100404,ICA,PISCO,INDEPENDENCIA,PARTIDO APRISTA PERUANO,1455
100404,ICA,PISCO,INDEPENDENCIA,PARTIDO DEMOCRATICO SOMOS PERU,397
100404,ICA,PISCO,INDEPENDENCIA,PARTIDO PERU POSIBLE,170
100405,ICA,PISCO,PARACAS,ALIANZA ELECTORAL UNIDAD NACIONAL,108
100405,ICA,PISCO,PARACAS,"MOVIMIENTO INDEPENDIENTE ""FUERZA PISCO""",345
100405,ICA,PISCO,PARACAS,PARTIDO ACCION POPULAR,399
100405,ICA,PISCO,PARACAS,PARTIDO APRISTA PERUANO,123
100405,ICA,PISCO,PARACAS,PARTIDO DEMOCRATICO SOMOS PERU,271
100405,ICA,PISCO,PARACAS,PARTIDO PERU POSIBLE,63
100406,ICA,PISCO,SAN ANDRES,ALIANZA ELECTORAL UNIDAD NACIONAL,324
100406,ICA,PISCO,SAN ANDRES,"LISTA INDEPENDIENTE ""SOLIDARIDAD DE INDEPENDIENTES PISQUEÑOS""",361
100406,ICA,PISCO,SAN ANDRES,"MOVIMIENTO INDEPENDIENTE ""FUERZA PISCO""",985
100406,ICA,PISCO,SAN ANDRES,"MOVIMIENTO INDEPENDIENTE ""HIJOS DE SAN ANDRES""",549
100406,ICA,PISCO,SAN ANDRES,"MOVIMIENTO INDEPENDIENTE ""SOMOS EL PUEBLO""",546
100406,ICA,PISCO,SAN ANDRES,PARTIDO ACCION POPULAR,1124
100406,ICA,PISCO,SAN ANDRES,PARTIDO APRISTA PERUANO,344
100406,ICA,PISCO,SAN ANDRES,PARTIDO DEMOCRATICO SOMOS PERU,582
100406,ICA,PISCO,SAN ANDRES,PARTIDO PERU POSIBLE,559
100407,ICA,PISCO,SAN CLEMENTE,AGRUPACION INDEPENDIENTE UNION POR EL PERU - FRENTE AMPLIO,165
100407,ICA,PISCO,SAN CLEMENTE,ALIANZA ELECTORAL UNIDAD NACIONAL,217
100407,ICA,PISCO,SAN CLEMENTE,FRENTE REGIONAL PROGRESISTA IQUEÑO - FREPROI,357
100407,ICA,PISCO,SAN CLEMENTE,"MOVIMIENTO INDEPENDIENTE ""FUERZA PISCO""",976
100407,ICA,PISCO,SAN CLEMENTE,"MOVIMIENTO INDEPENDIENTE ""LUCHA POR SAN CLEMENTE""",158
100407,ICA,PISCO,SAN CLEMENTE,"MOVIMIENTO INDEPENDIENTE ""ORGANIZACION PARA EL DESARROLLO SOCIAL""",226
100407,ICA,PISCO,SAN CLEMENTE,"MOVIMIENTO INDEPENDIENTE ""SAN CLEMENTE A LA MODERNIDAD""",307
100407,ICA,PISCO,SAN CLEMENTE,"MOVIMIENTO INDEPENDIENTE ""SAN CLEMENTE HATARIY""",159
100407,ICA,PISCO,SAN CLEMENTE,MOVIMIENTO NUEVA IZQUIERDA,287
100407,ICA,PISCO,SAN CLEMENTE,PARTIDO ACCION POPULAR,681
100407,ICA,PISCO,SAN CLEMENTE,PARTIDO APRISTA PERUANO,1183
100407,ICA,PISCO,SAN CLEMENTE,PARTIDO DEMOCRATICO SOMOS PERU,111
100407,ICA,PISCO,SAN CLEMENTE,PARTIDO PERU POSIBLE,162
100408,ICA,PISCO,TUPAC AMARU INCA,AGRUPACION INDEPENDIENTE UNION POR EL PERU - FRENTE AMPLIO,91
100408,ICA,PISCO,TUPAC AMARU INCA,ALIANZA ELECTORAL UNIDAD NACIONAL,210
100408,ICA,PISCO,TUPAC AMARU INCA,"LISTA INDEPENDIENTE ""SOLIDARIDAD DE INDEPENDIENTES PISQUEÑOS""",394
100408,ICA,PISCO,TUPAC AMARU INCA,"MOVIMIENTO INDEPENDIENTE ""FRENTE AMPLIO MUNICIPAL""",252
100408,ICA,PISCO,TUPAC AMARU INCA,"MOVIMIENTO INDEPENDIENTE ""FUERZA PISCO""",394
100408,ICA,PISCO,TUPAC AMARU INCA,"MOVIMIENTO INDEPENDIENTE ""ORGANIZACION PARA EL DESARROLLO SOCIAL""",409
100408,ICA,PISCO,TUPAC AMARU INCA,"MOVIMIENTO INDEPENDIENTE ""UNIDAD DISTRITAL""",624
100408,ICA,PISCO,TUPAC AMARU INCA,MOVIMIENTO NUEVA IZQUIERDA,63
100408,ICA,PISCO,TUPAC AMARU INCA,PARTIDO ACCION POPULAR,485
100408,ICA,PISCO,TUPAC AMARU INCA,PARTIDO APRISTA PERUANO,598
100408,ICA,PISCO,TUPAC AMARU INCA,PARTIDO DEMOCRATICO SOMOS PERU,291
100408,ICA,PISCO,TUPAC AMARU INCA,PARTIDO PERU POSIBLE,488
100502,ICA,PALPA,LLIPATA,AGRUPACION INDEPENDIENTE UNION POR EL PERU - FRENTE AMPLIO,47
100502,ICA,PALPA,LLIPATA,ALIANZA ELECTORAL UNIDAD NACIONAL,43
100502,ICA,PALPA,LLIPATA,FRENTE REGIONAL PROGRESISTA IQUEÑO - FREPROI,81
100502,ICA,PALPA,LLIPATA,FUERZA DEMOCRATICA,1
100502,ICA,PALPA,LLIPATA,MOVIMIENTO MANOS A LA OBRA,172
100502,ICA,PALPA,LLIPATA,PARTIDO ACCION POPULAR,182
100502,ICA,PALPA,LLIPATA,PARTIDO APRISTA PERUANO,129
100502,ICA,PALPA,LLIPATA,PARTIDO PERU POSIBLE,147
100503,ICA,PALPA,RIO GRANDE,AGRUPACION INDEPENDIENTE UNION POR EL PERU - FRENTE AMPLIO,129
100503,ICA,PALPA,RIO GRANDE,ALIANZA ELECTORAL UNIDAD NACIONAL,85
100503,ICA,PALPA,RIO GRANDE,FRENTE REGIONAL PROGRESISTA IQUEÑO - FREPROI,646
100503,ICA,PALPA,RIO GRANDE,FUERZA DEMOCRATICA,18
100503,ICA,PALPA,RIO GRANDE,MOVIMIENTO INDEPENDIENTE FRENTE UNITARIO PALPEÑO,22
100503,ICA,PALPA,RIO GRANDE,MOVIMIENTO INDEPENDIENTE LIDERES PARA EL DESARROLLO Y REFORMA SOCIAL,12
100503,ICA,PALPA,RIO GRANDE,MOVIMIENTO MANOS A LA OBRA,41
100503,ICA,PALPA,RIO GRANDE,PARTIDO ACCION POPULAR,30
100503,ICA,PALPA,RIO GRANDE,PARTIDO APRISTA PERUANO,146
100503,ICA,PALPA,RIO GRANDE,PARTIDO DEMOCRATICO SOMOS PERU,290
100503,ICA,PALPA,RIO GRANDE,PARTIDO PERU POSIBLE,180
100504,ICA,PALPA,SANTA CRUZ,AGRUPACION INDEPENDIENTE UNION POR EL PERU - FRENTE AMPLIO,210
100504,ICA,PALPA,SANTA CRUZ,FRENTE REGIONAL PROGRESISTA IQUEÑO - FREPROI,112
100504,ICA,PALPA,SANTA CRUZ,FUERZA DEMOCRATICA,21
100504,ICA,PALPA,SANTA CRUZ,MOVIMIENTO MANOS A LA OBRA,158
100504,ICA,PALPA,SANTA CRUZ,MOVIMIENTO NUEVA IZQUIERDA,6
100504,ICA,PALPA,SANTA CRUZ,PARTIDO APRISTA PERUANO,35
100504,ICA,PALPA,SANTA CRUZ,PARTIDO PERU POSIBLE,186
100505,ICA,PALPA,TIBILLO,AGRUPACION INDEPENDIENTE UNION POR EL PERU - FRENTE AMPLIO,47
100505,ICA,PALPA,TIBILLO,FUERZA DEMOCRATICA,4
100505,ICA,PALPA,TIBILLO,MOVIMIENTO MANOS A LA OBRA,91
100505,ICA,PALPA,TIBILLO,PARTIDO ACCION POPULAR,17
100505,ICA,PALPA,TIBILLO,PARTIDO APRISTA PERUANO,40
100505,ICA,PALPA,TIBILLO,PARTIDO PERU POSIBLE,86
110103,JUNIN,HUANCAYO,CARHUACALLANGA,AGRUPACION INDEPENDIENTE UNION POR EL PERU - FRENTE AMPLIO,36
110103,JUNIN,HUANCAYO,CARHUACALLANGA,ALIANZA ELECTORAL UNIDAD NACIONAL,94
110103,JUNIN,HUANCAYO,CARHUACALLANGA,FRENTE INDEPENDIENTE REGIONAL - FRI,3
110103,JUNIN,HUANCAYO,CARHUACALLANGA,MOVIMIENTO NUEVA IZQUIERDA,25
110103,JUNIN,HUANCAYO,CARHUACALLANGA,PARTIDO ACCION POPULAR,11
110103,JUNIN,HUANCAYO,CARHUACALLANGA,PARTIDO DEMOCRATICO SOMOS PERU,19
110103,JUNIN,HUANCAYO,CARHUACALLANGA,UNIDOS POR JUNIN - SIERRA Y SELVA,62
110104,JUNIN,HUANCAYO,COLCA,ALIANZA ELECTORAL UNIDAD NACIONAL,37
110104,JUNIN,HUANCAYO,COLCA,FRENTE INDEPENDIENTE REGIONAL - FRI,83
110104,JUNIN,HUANCAYO,COLCA,"LISTA INDEPENDIENTE ""CAMINEMOS JUNTOS""",20
110104,JUNIN,HUANCAYO,COLCA,MOVIMIENTO AMPLIO PAIS UNIDO - MAPU,19
110104,JUNIN,HUANCAYO,COLCA,"MOVIMIENTO INDEPENDIENTE ""FUERZA REGIONAL HUANCAYO""",4
110104,JUNIN,HUANCAYO,COLCA,MOVIMIENTO NUEVA IZQUIERDA,22
110104,JUNIN,HUANCAYO,COLCA,PARTIDO ACCION POPULAR,27
110104,JUNIN,HUANCAYO,COLCA,PARTIDO APRISTA PERUANO,48
110104,JUNIN,HUANCAYO,COLCA,PARTIDO RENACIMIENTO ANDINO,40
110104,JUNIN,HUANCAYO,COLCA,TODOS POR JUNIN,51
110104,JUNIN,HUANCAYO,COLCA,UNIDOS POR JUNIN - SIERRA Y SELVA,104
110105,JUNIN,HUANCAYO,CULLHUAS,ALIANZA ELECTORAL UNIDAD NACIONAL,199
110105,JUNIN,HUANCAYO,CULLHUAS,CULLHUAS AL DESARROLLO,79
110105,JUNIN,HUANCAYO,CULLHUAS,FRENTE INDEPENDIENTE REGIONAL - FRI,249
110105,JUNIN,HUANCAYO,CULLHUAS,MOVIMIENTO AMPLIO PAIS UNIDO - MAPU,51
110105,JUNIN,HUANCAYO,CULLHUAS,PARTIDO ACCION POPULAR,68
110105,JUNIN,HUANCAYO,CULLHUAS,PARTIDO APRISTA PERUANO,109
110105,JUNIN,HUANCAYO,CULLHUAS,PARTIDO DEMOCRATICO SOMOS PERU,38
110105,JUNIN,HUANCAYO,CULLHUAS,PARTIDO PERU POSIBLE,156
110105,JUNIN,HUANCAYO,CULLHUAS,PARTIDO RENACIMIENTO ANDINO,29
110105,JUNIN,HUANCAYO,CULLHUAS,TODOS POR JUNIN,38
110105,JUNIN,HUANCAYO,CULLHUAS,UNIDOS POR JUNIN - SIERRA Y SELVA,121
110106,JUNIN,HUANCAYO,CHACAPAMPA,ALIANZA ELECTORAL UNIDAD NACIONAL,52
110106,JUNIN,HUANCAYO,CHACAPAMPA,"LISTA INDEPENDIENTE ""CAMINEMOS JUNTOS""",4
110106,JUNIN,HUANCAYO,CHACAPAMPA,MOVIMIENTO AMPLIO PAIS UNIDO - MAPU,10
110106,JUNIN,HUANCAYO,CHACAPAMPA,"MOVIMIENTO INDEPENDIENTE ""LUCHEMOS JUNTOS""",19
110106,JUNIN,HUANCAYO,CHACAPAMPA,PARTIDO ACCION POPULAR,82
110106,JUNIN,HUANCAYO,CHACAPAMPA,PARTIDO APRISTA PERUANO,47
110106,JUNIN,HUANCAYO,CHACAPAMPA,PARTIDO DEMOCRATICO SOMOS PERU,91
110106,JUNIN,HUANCAYO,CHACAPAMPA,PARTIDO PERU POSIBLE,60
110106,JUNIN,HUANCAYO,CHACAPAMPA,TODOS POR JUNIN,25
110106,JUNIN,HUANCAYO,CHACAPAMPA,UNIDOS POR JUNIN - SIERRA Y SELVA,80
110107,JUNIN,HUANCAYO,CHICCHE,ALIANZA ELECTORAL UNIDAD NACIONAL,68
110107,JUNIN,HUANCAYO,CHICCHE,"LISTA INDEPENDIENTE ""CAMINEMOS JUNTOS""",79
110107,JUNIN,HUANCAYO,CHICCHE,PARTIDO ACCION POPULAR,19
110107,JUNIN,HUANCAYO,CHICCHE,PARTIDO PERU POSIBLE,64
110107,JUNIN,HUANCAYO,CHICCHE,TODOS POR JUNIN,92
110107,JUNIN,HUANCAYO,CHICCHE,UNIDOS POR JUNIN - SIERRA Y SELVA,65
110108,JUNIN,HUANCAYO,CHILCA,AGRUPACION INDEPENDIENTE UNION POR EL PERU - FRENTE AMPLIO,332
110108,JUNIN,HUANCAYO,CHILCA,ALIANZA ELECTORAL UNIDAD NACIONAL,1319
110108,JUNIN,HUANCAYO,CHILCA,ALIANZA PARA EL PROGRESO,305
110108,JUNIN,HUANCAYO,CHILCA,FRENTE INDEPENDIENTE REGIONAL - FRI,6243
110108,JUNIN,HUANCAYO,CHILCA,"LISTA INDEPENDIENTE ""CAMINEMOS JUNTOS""",749
110108,JUNIN,HUANCAYO,CHILCA,MOVIMIENTO AMPLIO PAIS UNIDO - MAPU,733
110108,JUNIN,HUANCAYO,CHILCA,MOVIMIENTO DEMOCRATICO DE CHILCA,878
110108,JUNIN,HUANCAYO,CHILCA,"MOVIMIENTO INDEPENDIENTE ""CHILCA UNIDO""",389
110108,JUNIN,HUANCAYO,CHILCA,"MOVIMIENTO INDEPENDIENTE ""FUERZA REGIONAL HUANCAYO""",354
110108,JUNIN,HUANCAYO,CHILCA,"MOVIMIENTO INDEPENDIENTE ""MODERNICEMOS CHILCA""",449
110108,JUNIN,HUANCAYO,CHILCA,MOVIMIENTO NUEVA IZQUIERDA,830
110108,JUNIN,HUANCAYO,CHILCA,PARTIDO ACCION POPULAR,1297
110108,JUNIN,HUANCAYO,CHILCA,PARTIDO APRISTA PERUANO,2565
110108,JUNIN,HUANCAYO,CHILCA,PARTIDO DEMOCRATICO SOMOS PERU,869
110108,JUNIN,HUANCAYO,CHILCA,PARTIDO PERU POSIBLE,818
110108,JUNIN,HUANCAYO,CHILCA,PARTIDO RECONSTRUCCION DEMOCRATICA (PRD),571
110108,JUNIN,HUANCAYO,CHILCA,PARTIDO RENACIMIENTO ANDINO,927
110108,JUNIN,HUANCAYO,CHILCA,TODOS POR JUNIN,1961
110108,JUNIN,HUANCAYO,CHILCA,UNIDOS POR JUNIN - SIERRA Y SELVA,7520
110109,JUNIN,HUANCAYO,CHONGOS ALTO,ALIANZA ELECTORAL UNIDAD NACIONAL,262
110109,JUNIN,HUANCAYO,CHONGOS ALTO,"LISTA INDEPENDIENTE ""CAMINEMOS JUNTOS""",52
110109,JUNIN,HUANCAYO,CHONGOS ALTO,MOVIMIENTO NUEVA IZQUIERDA,36
110109,JUNIN,HUANCAYO,CHONGOS ALTO,PARTIDO ACCION POPULAR,169
110109,JUNIN,HUANCAYO,CHONGOS ALTO,PARTIDO APRISTA PERUANO,59
110109,JUNIN,HUANCAYO,CHONGOS ALTO,PARTIDO DEMOCRATICO SOMOS PERU,61
110109,JUNIN,HUANCAYO,CHONGOS ALTO,PARTIDO PERU POSIBLE,35
110109,JUNIN,HUANCAYO,CHONGOS ALTO,PARTIDO RENACIMIENTO ANDINO,119
110109,JUNIN,HUANCAYO,CHONGOS ALTO,TODOS POR JUNIN,15
110109,JUNIN,HUANCAYO,CHONGOS ALTO,UNIDOS POR JUNIN - SIERRA Y SELVA,42
110112,JUNIN,HUANCAYO,CHUPURO,AGRUPACION INDEPENDIENTE UNION POR EL PERU - FRENTE AMPLIO,102
110112,JUNIN,HUANCAYO,CHUPURO,ALIANZA ELECTORAL UNIDAD NACIONAL,31
110112,JUNIN,HUANCAYO,CHUPURO,PARTIDO ACCION POPULAR,69
110112,JUNIN,HUANCAYO,CHUPURO,PARTIDO APRISTA PERUANO,93
110112,JUNIN,HUANCAYO,CHUPURO,PARTIDO DEMOCRATICO SOMOS PERU,112
110112,JUNIN,HUANCAYO,CHUPURO,PARTIDO PERU POSIBLE,139
110112,JUNIN,HUANCAYO,CHUPURO,PARTIDO RECONSTRUCCION DEMOCRATICA (PRD),183
110112,JUNIN,HUANCAYO,CHUPURO,TODOS POR JUNIN,59
110112,JUNIN,HUANCAYO,CHUPURO,UNIDOS POR JUNIN - SIERRA Y SELVA,56
110113,JUNIN,HUANCAYO,EL TAMBO,AGRUPACION INDEPENDIENTE UNION POR EL PERU - FRENTE AMPLIO,800
110113,JUNIN,HUANCAYO,EL TAMBO,ALIANZA ELECTORAL UNIDAD NACIONAL,6717
110113,JUNIN,HUANCAYO,EL TAMBO,ALIANZA PARA EL PROGRESO,323
110113,JUNIN,HUANCAYO,EL TAMBO,FRENTE INDEPENDIENTE REGIONAL - FRI,2618
110113,JUNIN,HUANCAYO,EL TAMBO,"LISTA INDEPENDIENTE ""CAMINEMOS JUNTOS""",1727
110113,JUNIN,HUANCAYO,EL TAMBO,MOVIMIENTO AMPLIO PAIS UNIDO - MAPU,663
110113,JUNIN,HUANCAYO,EL TAMBO,"MOVIMIENTO INDEPENDIENTE ""ALTERNATIVA POR LA DEMOCRACIA Y DESARROLLO REGIONAL ALPODER""",1202
110113,JUNIN,HUANCAYO,EL TAMBO,"MOVIMIENTO INDEPENDIENTE ""FUERZA REGIONAL HUANCAYO""",754
110113,JUNIN,HUANCAYO,EL TAMBO,"MOVIMIENTO INDEPENDIENTE ""INTI""",3674
110113,JUNIN,HUANCAYO,EL TAMBO,"MOVIMIENTO INDEPENDIENTE ""TODOS POR EL TAMBO""",734
110113,JUNIN,HUANCAYO,EL TAMBO,MOVIMIENTO NUEVA IZQUIERDA,933
110113,JUNIN,HUANCAYO,EL TAMBO,PARTIDO ACCION POPULAR,3733
110113,JUNIN,HUANCAYO,EL TAMBO,PARTIDO APRISTA PERUANO,10393
110113,JUNIN,HUANCAYO,EL TAMBO,PARTIDO DEMOCRATICO SOMOS PERU,7461
110113,JUNIN,HUANCAYO,EL TAMBO,PARTIDO PERU POSIBLE,3140
110113,JUNIN,HUANCAYO,EL TAMBO,PARTIDO RECONSTRUCCION DEMOCRATICA (PRD),1180
110113,JUNIN,HUANCAYO,EL TAMBO,PARTIDO RENACIMIENTO ANDINO,538
110113,JUNIN,HUANCAYO,EL TAMBO,TODOS POR JUNIN,4920
110113,JUNIN,HUANCAYO,EL TAMBO,UNIDOS POR JUNIN - SIERRA Y SELVA,6306
110114,JUNIN,HUANCAYO,HUACRAPUQUIO,AGRUPACION INDEPENDIENTE UNION POR EL PERU - FRENTE AMPLIO,6
110114,JUNIN,HUANCAYO,HUACRAPUQUIO,ALIANZA ELECTORAL UNIDAD NACIONAL,60
110114,JUNIN,HUANCAYO,HUACRAPUQUIO,FRENTE INDEPENDIENTE REGIONAL - FRI,40
110114,JUNIN,HUANCAYO,HUACRAPUQUIO,"LISTA INDEPENDIENTE ""CAMINEMOS JUNTOS""",35
110114,JUNIN,HUANCAYO,HUACRAPUQUIO,"MOVIMIENTO INDEPENDIENTE ""HACIA EL PROGRESO DE HUACRAPUQUIO""",22
110114,JUNIN,HUANCAYO,HUACRAPUQUIO,MOVIMIENTO NUEVA IZQUIERDA,70
110114,JUNIN,HUANCAYO,HUACRAPUQUIO,PARTIDO ACCION POPULAR,23
110114,JUNIN,HUANCAYO,HUACRAPUQUIO,PARTIDO APRISTA PERUANO,77
110114,JUNIN,HUANCAYO,HUACRAPUQUIO,PARTIDO DEMOCRATICO SOMOS PERU,52
110114,JUNIN,HUANCAYO,HUACRAPUQUIO,PARTIDO PERU POSIBLE,67
110114,JUNIN,HUANCAYO,HUACRAPUQUIO,TODOS POR JUNIN,14
110114,JUNIN,HUANCAYO,HUACRAPUQUIO,UNIDOS POR JUNIN - SIERRA Y SELVA,117
110116,JUNIN,HUANCAYO,HUALHUAS,AGRUPACION INDEPENDIENTE UNION POR EL PERU - FRENTE AMPLIO,125
110116,JUNIN,HUANCAYO,HUALHUAS,ALIANZA ELECTORAL UNIDAD NACIONAL,164
110116,JUNIN,HUANCAYO,HUALHUAS,"LISTA INDEPENDIENTE ""CAMINEMOS JUNTOS""",125
110116,JUNIN,HUANCAYO,HUALHUAS,"MOVIMIENTO INDEPENDIENTE ""FRENTE SOCIAL NUEVA PROPUESTA""",89
110116,JUNIN,HUANCAYO,HUALHUAS,"MOVIMIENTO INDEPENDIENTE ""FUERZA REGIONAL HUANCAYO""",38
110116,JUNIN,HUANCAYO,HUALHUAS,"MOVIMIENTO INDEPENDIENTE AHORA: ""JOVENES AL DESARROLLO DE HUALHUAS""",58
110116,JUNIN,HUANCAYO,HUALHUAS,PARTIDO ACCION POPULAR,22
110116,JUNIN,HUANCAYO,HUALHUAS,PARTIDO APRISTA PERUANO,231
110116,JUNIN,HUANCAYO,HUALHUAS,TODOS POR JUNIN,287
110116,JUNIN,HUANCAYO,HUALHUAS,UNIDOS POR JUNIN - SIERRA Y SELVA,193
110118,JUNIN,HUANCAYO,HUANCAN,AGRUPACION INDEPENDIENTE UNION POR EL PERU - FRENTE AMPLIO,129
110118,JUNIN,HUANCAYO,HUANCAN,ALIANZA ELECTORAL UNIDAD NACIONAL,650
110118,JUNIN,HUANCAYO,HUANCAN,"LISTA INDEPENDIENTE ""CAMINEMOS JUNTOS""",630
110118,JUNIN,HUANCAYO,HUANCAN,PARTIDO ACCION POPULAR,468
110118,JUNIN,HUANCAYO,HUANCAN,PARTIDO APRISTA PERUANO,285
110118,JUNIN,HUANCAYO,HUANCAN,PARTIDO PERU POSIBLE,305
110118,JUNIN,HUANCAYO,HUANCAN,TODOS POR JUNIN,173
110118,JUNIN,HUANCAYO,HUANCAN,UNIDOS POR JUNIN - SIERRA Y SELVA,520
110119,JUNIN,HUANCAYO,HUASICANCHA,ALIANZA ELECTORAL UNIDAD NACIONAL,7
110119,JUNIN,HUANCAYO,HUASICANCHA,FRENTE INDEPENDIENTE REGIONAL - FRI,38
110119,JUNIN,HUANCAYO,HUASICANCHA,"LISTA INDEPENDIENTE ""CAMINEMOS JUNTOS""",8
110119,JUNIN,HUANCAYO,HUASICANCHA,MOVIMIENTO AMPLIO PAIS UNIDO - MAPU,28
110119,JUNIN,HUANCAYO,HUASICANCHA,PARTIDO ACCION POPULAR,28
110119,JUNIN,HUANCAYO,HUASICANCHA,PARTIDO APRISTA PERUANO,77
110119,JUNIN,HUANCAYO,HUASICANCHA,PARTIDO PERU POSIBLE,61
110120,JUNIN,HUANCAYO,HUAYUCACHI,AGRUPACION INDEPENDIENTE UNION POR EL PERU - FRENTE AMPLIO,108
110120,JUNIN,HUANCAYO,HUAYUCACHI,ALIANZA ELECTORAL UNIDAD NACIONAL,357
110120,JUNIN,HUANCAYO,HUAYUCACHI,FRENTE INDEPENDIENTE REGIONAL - FRI,597
110120,JUNIN,HUANCAYO,HUAYUCACHI,MOVIMIENTO AMPLIO PAIS UNIDO - MAPU,179
110120,JUNIN,HUANCAYO,HUAYUCACHI,"MOVIMIENTO INDEPENDIENTE ""CONCERTACION Y DESARROLLO""",233
110120,JUNIN,HUANCAYO,HUAYUCACHI,"MOVIMIENTO INDEPENDIENTE ""FUERZA REGIONAL HUANCAYO""",56
110120,JUNIN,HUANCAYO,HUAYUCACHI,"MOVIMIENTO INDEPENDIENTE ""HUAYUCACHI - 2003""",258
110120,JUNIN,HUANCAYO,HUAYUCACHI,PARTIDO ACCION POPULAR,175
110120,JUNIN,HUANCAYO,HUAYUCACHI,PARTIDO APRISTA PERUANO,473
110120,JUNIN,HUANCAYO,HUAYUCACHI,PARTIDO DEMOCRATICO SOMOS PERU,127
110120,JUNIN,HUANCAYO,HUAYUCACHI,PARTIDO PERU POSIBLE,183
110120,JUNIN,HUANCAYO,HUAYUCACHI,PARTIDO RECONSTRUCCION DEMOCRATICA (PRD),135
110120,JUNIN,HUANCAYO,HUAYUCACHI,PARTIDO RENACIMIENTO ANDINO,190
110120,JUNIN,HUANCAYO,HUAYUCACHI,TODOS POR JUNIN,286
110120,JUNIN,HUANCAYO,HUAYUCACHI,UNIDOS POR JUNIN - SIERRA Y SELVA,297
110121,JUNIN,HUANCAYO,INGENIO,ALIANZA ELECTORAL UNIDAD NACIONAL,60
110121,JUNIN,HUANCAYO,INGENIO,"LISTA INDEPENDIENTE ""CAMINEMOS JUNTOS""",63
110121,JUNIN,HUANCAYO,INGENIO,PARTIDO ACCION POPULAR,107
110121,JUNIN,HUANCAYO,INGENIO,PARTIDO APRISTA PERUANO,107
110121,JUNIN,HUANCAYO,INGENIO,PARTIDO DEMOCRATICO SOMOS PERU,216
110121,JUNIN,HUANCAYO,INGENIO,PARTIDO PERU POSIBLE,139
110121,JUNIN,HUANCAYO,INGENIO,PARTIDO RECONSTRUCCION DEMOCRATICA (PRD),47
110121,JUNIN,HUANCAYO,INGENIO,UNIDOS POR JUNIN - SIERRA Y SELVA,158
110122,JUNIN,HUANCAYO,PARIAHUANCA,AGRUPACION INDEPENDIENTE UNION POR EL PERU - FRENTE AMPLIO,11
110122,JUNIN,HUANCAYO,PARIAHUANCA,ALIANZA ELECTORAL UNIDAD NACIONAL,32
110122,JUNIN,HUANCAYO,PARIAHUANCA,ALIANZA PARA EL PROGRESO,78
110122,JUNIN,HUANCAYO,PARIAHUANCA,FRENTE INDEPENDIENTE REGIONAL - FRI,70
110122,JUNIN,HUANCAYO,PARIAHUANCA,"LISTA INDEPENDIENTE ""CAMINEMOS JUNTOS""",198
110122,JUNIN,HUANCAYO,PARIAHUANCA,MOVIMIENTO AMPLIO PAIS UNIDO - MAPU,39
110122,JUNIN,HUANCAYO,PARIAHUANCA,"MOVIMIENTO INDEPENDIENTE ""FUERZA REGIONAL HUANCAYO""",111
110122,JUNIN,HUANCAYO,PARIAHUANCA,"MOVIMIENTO INDEPENDIENTE ""OBRAS CON CORAZON""",227
110122,JUNIN,HUANCAYO,PARIAHUANCA,"MOVIMIENTO INDEPENDIENTE ""PARIAHUANCA AL PROGRESO""",116
110122,JUNIN,HUANCAYO,PARIAHUANCA,MOVIMIENTO NUEVA IZQUIERDA,19
110122,JUNIN,HUANCAYO,PARIAHUANCA,PARTIDO ACCION POPULAR,238
110122,JUNIN,HUANCAYO,PARIAHUANCA,PARTIDO APRISTA PERUANO,82
110122,JUNIN,HUANCAYO,PARIAHUANCA,PARTIDO DEMOCRATICO SOMOS PERU,83
110122,JUNIN,HUANCAYO,PARIAHUANCA,PARTIDO PERU POSIBLE,174
110122,JUNIN,HUANCAYO,PARIAHUANCA,PARTIDO RECONSTRUCCION DEMOCRATICA (PRD),88
110122,JUNIN,HUANCAYO,PARIAHUANCA,PARTIDO RENACIMIENTO ANDINO,284
110122,JUNIN,HUANCAYO,PARIAHUANCA,TODOS POR JUNIN,52
110122,JUNIN,HUANCAYO,PARIAHUANCA,UNIDOS POR JUNIN - SIERRA Y SELVA,81
110123,JUNIN,HUANCAYO,PILCOMAYO,AGRUPACION INDEPENDIENTE UNION POR EL PERU - FRENTE AMPLIO,270
110123,JUNIN,HUANCAYO,PILCOMAYO,ALIANZA ELECTORAL UNIDAD NACIONAL,615
110123,JUNIN,HUANCAYO,PILCOMAYO,FRENTE INDEPENDIENTE PILCOMAYO,247
110123,JUNIN,HUANCAYO,PILCOMAYO,"LISTA INDEPENDIENTE ""CAMINEMOS JUNTOS""",69
110123,JUNIN,HUANCAYO,PILCOMAYO,MOVIMIENTO AMPLIO PAIS UNIDO - MAPU,60
110123,JUNIN,HUANCAYO,PILCOMAYO,"MOVIMIENTO INDEPENDIENTE ""FUERZA PILCOMAYO""",217
110123,JUNIN,HUANCAYO,PILCOMAYO,"MOVIMIENTO INDEPENDIENTE ""MANOS A LA OBRA""",150
110123,JUNIN,HUANCAYO,PILCOMAYO,"MOVIMIENTO INDEPENDIENTE ""POR UN NUEVO Y MEJOR PILCOMAYO""",154
110123,JUNIN,HUANCAYO,PILCOMAYO,PARTIDO ACCION POPULAR,56
110123,JUNIN,HUANCAYO,PILCOMAYO,PARTIDO APRISTA PERUANO,472
110123,JUNIN,HUANCAYO,PILCOMAYO,PARTIDO DEMOCRATICO SOMOS PERU,24
110123,JUNIN,HUANCAYO,PILCOMAYO,PARTIDO PERU POSIBLE,110
110123,JUNIN,HUANCAYO,PILCOMAYO,PARTIDO RECONSTRUCCION DEMOCRATICA (PRD),40
110123,JUNIN,HUANCAYO,PILCOMAYO,PARTIDO RENACIMIENTO ANDINO,333
110123,JUNIN,HUANCAYO,PILCOMAYO,TODOS POR JUNIN,92
110123,JUNIN,HUANCAYO,PILCOMAYO,UNIDOS POR JUNIN - SIERRA Y SELVA,890
110124,JUNIN,HUANCAYO,PUCARA,AGRUPACION INDEPENDIENTE UNION POR EL PERU - FRENTE AMPLIO,737
110124,JUNIN,HUANCAYO,PUCARA,ALIANZA ELECTORAL UNIDAD NACIONAL,432
110124,JUNIN,HUANCAYO,PUCARA,"MOVIMIENTO INDEPENDIENTE ""FUERZA REGIONAL HUANCAYO""",202
110124,JUNIN,HUANCAYO,PUCARA,PARTIDO ACCION POPULAR,125
110124,JUNIN,HUANCAYO,PUCARA,PARTIDO APRISTA PERUANO,165
110124,JUNIN,HUANCAYO,PUCARA,PARTIDO DEMOCRATICO SOMOS PERU,93
110124,JUNIN,HUANCAYO,PUCARA,PARTIDO PERU POSIBLE,154
110124,JUNIN,HUANCAYO,PUCARA,TODOS POR JUNIN,240
110124,JUNIN,HUANCAYO,PUCARA,UNIDOS POR JUNIN - SIERRA Y SELVA,248
110125,JUNIN,HUANCAYO,QUICHUAY,AGRUPACION INDEPENDIENTE UNION POR EL PERU - FRENTE AMPLIO,111
110125,JUNIN,HUANCAYO,QUICHUAY,ALIANZA ELECTORAL UNIDAD NACIONAL,68
110125,JUNIN,HUANCAYO,QUICHUAY,"LISTA INDEPENDIENTE ""CAMINEMOS JUNTOS""",84
110125,JUNIN,HUANCAYO,QUICHUAY,PARTIDO ACCION POPULAR,45
110125,JUNIN,HUANCAYO,QUICHUAY,PARTIDO PERU POSIBLE,161
110125,JUNIN,HUANCAYO,QUICHUAY,PARTIDO RENACIMIENTO ANDINO,15
110125,JUNIN,HUANCAYO,QUICHUAY,TODOS POR JUNIN,133
110125,JUNIN,HUANCAYO,QUICHUAY,UNIDOS POR JUNIN - SIERRA Y SELVA,31
110126,JUNIN,HUANCAYO,QUILCAS,AGRUPACION INDEPENDIENTE UNION POR EL PERU - FRENTE AMPLIO,242
110126,JUNIN,HUANCAYO,QUILCAS,ALIANZA ELECTORAL UNIDAD NACIONAL,123
110126,JUNIN,HUANCAYO,QUILCAS,"MOVIMIENTO INDEPENDIENTE ""FRENTE CULTURAL DE QUILCAS""",91
110126,JUNIN,HUANCAYO,QUILCAS,PARTIDO ACCION POPULAR,224
110126,JUNIN,HUANCAYO,QUILCAS,PARTIDO APRISTA PERUANO,115
110126,JUNIN,HUANCAYO,QUILCAS,PARTIDO PERU POSIBLE,110
110126,JUNIN,HUANCAYO,QUILCAS,PARTIDO RENACIMIENTO ANDINO,425
110126,JUNIN,HUANCAYO,QUILCAS,TODOS POR JUNIN,276
110126,JUNIN,HUANCAYO,QUILCAS,UNIDOS POR JUNIN - SIERRA Y SELVA,173
110127,JUNIN,HUANCAYO,SAN AGUSTIN,AGRUPACION INDEPENDIENTE UNION POR EL PERU - FRENTE AMPLIO,58
110127,JUNIN,HUANCAYO,SAN AGUSTIN,ALIANZA ELECTORAL UNIDAD NACIONAL,287
110127,JUNIN,HUANCAYO,SAN AGUSTIN,"LISTA INDEPENDIENTE ""CAMINEMOS JUNTOS""",589
110127,JUNIN,HUANCAYO,SAN AGUSTIN,MOVIMIENTO AMPLIO PAIS UNIDO - MAPU,44
110127,JUNIN,HUANCAYO,SAN AGUSTIN,"MOVIMIENTO INDEPENDIENTE ""FUERZA REGIONAL HUANCAYO""",138
110127,JUNIN,HUANCAYO,SAN AGUSTIN,PARTIDO ACCION POPULAR,265
110127,JUNIN,HUANCAYO,SAN AGUSTIN,PARTIDO APRISTA PERUANO,513
110127,JUNIN,HUANCAYO,SAN AGUSTIN,PARTIDO DEMOCRATICO SOMOS PERU,90
110127,JUNIN,HUANCAYO,SAN AGUSTIN,PARTIDO PERU POSIBLE,217
110127,JUNIN,HUANCAYO,SAN AGUSTIN,PARTIDO RECONSTRUCCION DEMOCRATICA (PRD),165
110127,JUNIN,HUANCAYO,SAN AGUSTIN,PARTIDO RENACIMIENTO ANDINO,329
110127,JUNIN,HUANCAYO,SAN AGUSTIN,TODOS POR JUNIN,416
110127,JUNIN,HUANCAYO,SAN AGUSTIN,UNIDOS POR JUNIN - SIERRA Y SELVA,334
110128,JUNIN,HUANCAYO,SAN JERONIMO DE TUNAN,AGRUPACION INDEPENDIENTE UNION POR EL PERU - FRENTE AMPLIO,604
110128,JUNIN,HUANCAYO,SAN JERONIMO DE TUNAN,ALIANZA ELECTORAL UNIDAD NACIONAL,381
110128,JUNIN,HUANCAYO,SAN JERONIMO DE TUNAN,ALIANZA PARA EL PROGRESO,115
110128,JUNIN,HUANCAYO,SAN JERONIMO DE TUNAN,AMANECER CHALAYSANTO,132
110128,JUNIN,HUANCAYO,SAN JERONIMO DE TUNAN,FRENTE INDEPENDIENTE REGIONAL - FRI,45
110128,JUNIN,HUANCAYO,SAN JERONIMO DE TUNAN,"LISTA INDEPENDIENTE ""CAMINEMOS JUNTOS""",186
110128,JUNIN,HUANCAYO,SAN JERONIMO DE TUNAN,"MOVIMIENTO INDEPENDIENTE ""DESARROLLO CON CONCERTACION CIUDADANA""",252
110128,JUNIN,HUANCAYO,SAN JERONIMO DE TUNAN,"MOVIMIENTO INDEPENDIENTE ""SAN JERONIMO - 2002""",176
110128,JUNIN,HUANCAYO,SAN JERONIMO DE TUNAN,MOVIMIENTO NUEVA IZQUIERDA,34
110128,JUNIN,HUANCAYO,SAN JERONIMO DE TUNAN,PARTIDO ACCION POPULAR,623
110128,JUNIN,HUANCAYO,SAN JERONIMO DE TUNAN,PARTIDO APRISTA PERUANO,523
110128,JUNIN,HUANCAYO,SAN JERONIMO DE TUNAN,PARTIDO DEMOCRATICO SOMOS PERU,328
110128,JUNIN,HUANCAYO,SAN JERONIMO DE TUNAN,PARTIDO PERU POSIBLE,215
110128,JUNIN,HUANCAYO,SAN JERONIMO DE TUNAN,TODOS POR JUNIN,204
110128,JUNIN,HUANCAYO,SAN JERONIMO DE TUNAN,UNIDOS POR JUNIN - SIERRA Y SELVA,350
110131,JUNIN,HUANCAYO,SANTO DOMINGO DE ACOBAMBA,AGRUPACION INDEPENDIENTE UNION POR EL PERU - FRENTE AMPLIO,128
110131,JUNIN,HUANCAYO,SANTO DOMINGO DE ACOBAMBA,ALIANZA ELECTORAL UNIDAD NACIONAL,164
110131,JUNIN,HUANCAYO,SANTO DOMINGO DE ACOBAMBA,"LISTA INDEPENDIENTE ""CAMINEMOS JUNTOS""",189
110131,JUNIN,HUANCAYO,SANTO DOMINGO DE ACOBAMBA,MOVIMIENTO NUEVA IZQUIERDA,150
110131,JUNIN,HUANCAYO,SANTO DOMINGO DE ACOBAMBA,PARTIDO ACCION POPULAR,107
110131,JUNIN,HUANCAYO,SANTO DOMINGO DE ACOBAMBA,PARTIDO APRISTA PERUANO,54
110131,JUNIN,HUANCAYO,SANTO DOMINGO DE ACOBAMBA,PARTIDO DEMOCRATICO SOMOS PERU,60
110131,JUNIN,HUANCAYO,SANTO DOMINGO DE ACOBAMBA,PARTIDO PERU POSIBLE,190
110131,JUNIN,HUANCAYO,SANTO DOMINGO DE ACOBAMBA,TODOS POR JUNIN,54
110131,JUNIN,HUANCAYO,SANTO DOMINGO DE ACOBAMBA,UNIDOS POR JUNIN - SIERRA Y SELVA,173
110132,JUNIN,HUANCAYO,SAÑO,ALIANZA ELECTORAL UNIDAD NACIONAL,99
110132,JUNIN,HUANCAYO,SAÑO,FRENTE INDEPENDIENTE REGIONAL - FRI,175
110132,JUNIN,HUANCAYO,SAÑO,"LISTA INDEPENDIENTE ""CAMINEMOS JUNTOS""",140
110132,JUNIN,HUANCAYO,SAÑO,MOVIMIENTO SAÑO AL PROGRESO,87
110132,JUNIN,HUANCAYO,SAÑO,PARTIDO ACCION POPULAR,52
110132,JUNIN,HUANCAYO,SAÑO,PARTIDO APRISTA PERUANO,170
110132,JUNIN,HUANCAYO,SAÑO,PARTIDO DEMOCRATICO SOMOS PERU,94
110132,JUNIN,HUANCAYO,SAÑO,PARTIDO PERU POSIBLE,323
110132,JUNIN,HUANCAYO,SAÑO,TODOS POR JUNIN,109
110132,JUNIN,HUANCAYO,SAÑO,UNIDOS POR JUNIN - SIERRA Y SELVA,140
110133,JUNIN,HUANCAYO,SAPALLANGA,AGRUPACION INDEPENDIENTE UNION POR EL PERU - FRENTE AMPLIO,389
110133,JUNIN,HUANCAYO,SAPALLANGA,ALIANZA ELECTORAL UNIDAD NACIONAL,653
110133,JUNIN,HUANCAYO,SAPALLANGA,FRENTE INDEPENDIENTE REGIONAL - FRI,294
110133,JUNIN,HUANCAYO,SAPALLANGA,"LISTA INDEPENDIENTE ""CAMINEMOS JUNTOS""",120
110133,JUNIN,HUANCAYO,SAPALLANGA,"MOVIMIENTO INDEPENDIENTE ""EL PUEBLO DE SAPALLANGA""",797
110133,JUNIN,HUANCAYO,SAPALLANGA,"MOVIMIENTO INDEPENDIENTE ""FUERZA REGIONAL HUANCAYO""",231
110133,JUNIN,HUANCAYO,SAPALLANGA,PARTIDO ACCION POPULAR,124
110133,JUNIN,HUANCAYO,SAPALLANGA,PARTIDO APRISTA PERUANO,298
110133,JUNIN,HUANCAYO,SAPALLANGA,PARTIDO DEMOCRATICO SOMOS PERU,341
110133,JUNIN,HUANCAYO,SAPALLANGA,PARTIDO PERU POSIBLE,185
110133,JUNIN,HUANCAYO,SAPALLANGA,PARTIDO RENACIMIENTO ANDINO,410
110133,JUNIN,HUANCAYO,SAPALLANGA,TODOS POR JUNIN,183
110133,JUNIN,HUANCAYO,SAPALLANGA,UNIDOS POR JUNIN - SIERRA Y SELVA,814
110134,JUNIN,HUANCAYO,SICAYA,ALIANZA ELECTORAL UNIDAD NACIONAL,88
110134,JUNIN,HUANCAYO,SICAYA,"LISTA INDEPENDIENTE ""CAMINEMOS JUNTOS""",55
110134,JUNIN,HUANCAYO,SICAYA,"MOVIMIENTO INDEPENDIENTE ""SICAYA TE QUIERO GRANDE""",428
110134,JUNIN,HUANCAYO,SICAYA,MOVIMIENTO NUEVA IZQUIERDA,110
110134,JUNIN,HUANCAYO,SICAYA,PARTIDO ACCION POPULAR,44
110134,JUNIN,HUANCAYO,SICAYA,PARTIDO APRISTA PERUANO,410
110134,JUNIN,HUANCAYO,SICAYA,PARTIDO DEMOCRATICO SOMOS PERU,162
110134,JUNIN,HUANCAYO,SICAYA,PARTIDO PERU POSIBLE,404
110134,JUNIN,HUANCAYO,SICAYA,TODOS POR JUNIN,272
110134,JUNIN,HUANCAYO,SICAYA,UNIDOS POR JUNIN - SIERRA Y SELVA,595
110136,JUNIN,HUANCAYO,VIQUES,ALIANZA ELECTORAL UNIDAD NACIONAL,105
110136,JUNIN,HUANCAYO,VIQUES,FRENTE INDEPENDIENTE REGIONAL - FRI,144
110136,JUNIN,HUANCAYO,VIQUES,PARTIDO ACCION POPULAR,143
110136,JUNIN,HUANCAYO,VIQUES,PARTIDO APRISTA PERUANO,68
110136,JUNIN,HUANCAYO,VIQUES,PARTIDO DEMOCRATICO SOMOS PERU,83
110136,JUNIN,HUANCAYO,VIQUES,PARTIDO PERU POSIBLE,84
110136,JUNIN,HUANCAYO,VIQUES,PARTIDO RENACIMIENTO ANDINO,45
110136,JUNIN,HUANCAYO,VIQUES,TODOS POR JUNIN,47
110136,JUNIN,HUANCAYO,VIQUES,UNIDOS POR JUNIN - SIERRA Y SELVA,132
110202,JUNIN,CONCEPCION,ACO,ALIANZA ELECTORAL UNIDAD NACIONAL,129
110202,JUNIN,CONCEPCION,ACO,ALIANZA PARA EL PROGRESO,6
110202,JUNIN,CONCEPCION,ACO,MOVIMIENTO AMPLIO PAIS UNIDO - MAPU,14
110202,JUNIN,CONCEPCION,ACO,"MOVIMIENTO INDEPENDIENTE ""CONCEPCION AL DESARROLLO COMUNAL""",173
110202,JUNIN,CONCEPCION,ACO,PARTIDO ACCION POPULAR,75
110202,JUNIN,CONCEPCION,ACO,PARTIDO APRISTA PERUANO,74
110202,JUNIN,CONCEPCION,ACO,PARTIDO DEMOCRATICO SOMOS PERU,46
110202,JUNIN,CONCEPCION,ACO,PARTIDO PERU POSIBLE,189
110202,JUNIN,CONCEPCION,ACO,PARTIDO RENACIMIENTO ANDINO,18
110202,JUNIN,CONCEPCION,ACO,TODOS POR JUNIN,104
110202,JUNIN,CONCEPCION,ACO,UNIDOS POR JUNIN - SIERRA Y SELVA,53
110203,JUNIN,CONCEPCION,ANDAMARCA,AGRUPACION INDEPENDIENTE UNION POR EL PERU - FRENTE AMPLIO,161
110203,JUNIN,CONCEPCION,ANDAMARCA,ALIANZA ELECTORAL UNIDAD NACIONAL,147
110203,JUNIN,CONCEPCION,ANDAMARCA,ALIANZA ELECTORAL VAMOS VECINO,43
110203,JUNIN,CONCEPCION,ANDAMARCA,ALIANZA PARA EL PROGRESO,129
110203,JUNIN,CONCEPCION,ANDAMARCA,FUERZA COMUNAL ANDAMARQUINA,94
110203,JUNIN,CONCEPCION,ANDAMARCA,MOVIMIENTO AMPLIO PAIS UNIDO - MAPU,21
110203,JUNIN,CONCEPCION,ANDAMARCA,"MOVIMIENTO INDEPENDIENTE ""CONCEPCION AL DESARROLLO COMUNAL""",26
110203,JUNIN,CONCEPCION,ANDAMARCA,PARTIDO ACCION POPULAR,61
110203,JUNIN,CONCEPCION,ANDAMARCA,PARTIDO APRISTA PERUANO,70
110203,JUNIN,CONCEPCION,ANDAMARCA,PARTIDO DEMOCRATICO SOMOS PERU,102
110203,JUNIN,CONCEPCION,ANDAMARCA,PARTIDO PERU POSIBLE,39
110203,JUNIN,CONCEPCION,ANDAMARCA,PARTIDO POLITICO NACIONAL PRIMERO PERU,42
110203,JUNIN,CONCEPCION,ANDAMARCA,PARTIDO RECONSTRUCCION DEMOCRATICA (PRD),128
110203,JUNIN,CONCEPCION,ANDAMARCA,PARTIDO RENACIMIENTO ANDINO,68
110203,JUNIN,CONCEPCION,ANDAMARCA,TODOS POR JUNIN,199
110203,JUNIN,CONCEPCION,ANDAMARCA,UNIDOS POR JUNIN - SIERRA Y SELVA,154
110204,JUNIN,CONCEPCION,COMAS,ALIANZA ELECTORAL UNIDAD NACIONAL,371
110204,JUNIN,CONCEPCION,COMAS,"MOVIMIENTO INDEPENDIENTE ""CONCEPCION AL DESARROLLO COMUNAL""",246
110204,JUNIN,CONCEPCION,COMAS,MOVIMIENTO INDEPENDIENTE ADELANTE COMAS,36
110204,JUNIN,CONCEPCION,COMAS,MOVIMIENTO INDEPENDIENTE COMAS AL PROGRESO 2010,324
110204,JUNIN,CONCEPCION,COMAS,PARTIDO ACCION POPULAR,364
110204,JUNIN,CONCEPCION,COMAS,PARTIDO PERU POSIBLE,197
110204,JUNIN,CONCEPCION,COMAS,TODOS POR JUNIN,51
110204,JUNIN,CONCEPCION,COMAS,UNIDOS POR JUNIN - SIERRA Y SELVA,535
110205,JUNIN,CONCEPCION,COCHAS,ALIANZA ELECTORAL UNIDAD NACIONAL,199
110205,JUNIN,CONCEPCION,COCHAS,MOVIMIENTO AMPLIO PAIS UNIDO - MAPU,15
110205,JUNIN,CONCEPCION,COCHAS,"MOVIMIENTO INDEPENDIENTE ""CONCEPCION AL DESARROLLO COMUNAL""",159
110205,JUNIN,CONCEPCION,COCHAS,PARTIDO APRISTA PERUANO,39
110205,JUNIN,CONCEPCION,COCHAS,PARTIDO DEMOCRATICO SOMOS PERU,63
110205,JUNIN,CONCEPCION,COCHAS,PARTIDO PERU POSIBLE,24
110205,JUNIN,CONCEPCION,COCHAS,PARTIDO RENACIMIENTO ANDINO,59
110205,JUNIN,CONCEPCION,COCHAS,TODOS POR JUNIN,111
110205,JUNIN,CONCEPCION,COCHAS,UNIDOS POR JUNIN - SIERRA Y SELVA,92
110206,JUNIN,CONCEPCION,CHAMBARA,ALIANZA ELECTORAL UNIDAD NACIONAL,90
110206,JUNIN,CONCEPCION,CHAMBARA,"MOVIMIENTO INDEPENDIENTE ""CONCEPCION AL DESARROLLO COMUNAL""",138
110206,JUNIN,CONCEPCION,CHAMBARA,MOVIMIENTO NUEVA IZQUIERDA,46
110206,JUNIN,CONCEPCION,CHAMBARA,PARTIDO ACCION POPULAR,285
110206,JUNIN,CONCEPCION,CHAMBARA,PARTIDO DEMOCRATICO SOMOS PERU,51
110206,JUNIN,CONCEPCION,CHAMBARA,PARTIDO PERU POSIBLE,41
110206,JUNIN,CONCEPCION,CHAMBARA,PARTIDO RENACIMIENTO ANDINO,59
110206,JUNIN,CONCEPCION,CHAMBARA,UNIDOS POR JUNIN - SIERRA Y SELVA,172
110207,JUNIN,CONCEPCION,HEROINAS TOLEDO,AGRUPACION INDEPENDIENTE UNION POR EL PERU - FRENTE AMPLIO,26
110207,JUNIN,CONCEPCION,HEROINAS TOLEDO,ALIANZA ELECTORAL UNIDAD NACIONAL,108
110207,JUNIN,CONCEPCION,HEROINAS TOLEDO,MOVIMIENTO AMPLIO PAIS UNIDO - MAPU,54
110207,JUNIN,CONCEPCION,HEROINAS TOLEDO,"MOVIMIENTO INDEPENDIENTE ""CONCEPCION AL DESARROLLO COMUNAL""",54
110207,JUNIN,CONCEPCION,HEROINAS TOLEDO,MOVIMIENTO NUEVA IZQUIERDA,89
110207,JUNIN,CONCEPCION,HEROINAS TOLEDO,PARTIDO ACCION POPULAR,82
110207,JUNIN,CONCEPCION,HEROINAS TOLEDO,PARTIDO APRISTA PERUANO,40
110207,JUNIN,CONCEPCION,HEROINAS TOLEDO,PARTIDO DEMOCRATICO SOMOS PERU,76
110207,JUNIN,CONCEPCION,HEROINAS TOLEDO,PARTIDO PERU POSIBLE,15
110207,JUNIN,CONCEPCION,HEROINAS TOLEDO,PARTIDO RENACIMIENTO ANDINO,175
110207,JUNIN,CONCEPCION,HEROINAS TOLEDO,UNIDOS POR JUNIN - SIERRA Y SELVA,56
110208,JUNIN,CONCEPCION,MANZANARES,AGRUPACION INDEPENDIENTE UNION POR EL PERU - FRENTE AMPLIO,58
110208,JUNIN,CONCEPCION,MANZANARES,ALIANZA ELECTORAL UNIDAD NACIONAL,196
110208,JUNIN,CONCEPCION,MANZANARES,MOVIMIENTO AMPLIO PAIS UNIDO - MAPU,148
110208,JUNIN,CONCEPCION,MANZANARES,MOVIMIENTO NUEVA IZQUIERDA,20
110208,JUNIN,CONCEPCION,MANZANARES,PARTIDO ACCION POPULAR,78
110208,JUNIN,CONCEPCION,MANZANARES,PARTIDO PERU POSIBLE,76
110208,JUNIN,CONCEPCION,MANZANARES,UNIDOS POR JUNIN - SIERRA Y SELVA,91
110209,JUNIN,CONCEPCION,MARISCAL CASTILLA,AGRUPACION INDEPENDIENTE UNION POR EL PERU - FRENTE AMPLIO,121
110209,JUNIN,CONCEPCION,MARISCAL CASTILLA,ALIANZA ELECTORAL UNIDAD NACIONAL,62
110209,JUNIN,CONCEPCION,MARISCAL CASTILLA,"MOVIMIENTO INDEPENDIENTE ""CONCEPCION AL DESARROLLO COMUNAL""",70
110209,JUNIN,CONCEPCION,MARISCAL CASTILLA,PARTIDO ACCION POPULAR,33
110209,JUNIN,CONCEPCION,MARISCAL CASTILLA,PARTIDO APRISTA PERUANO,12
110209,JUNIN,CONCEPCION,MARISCAL CASTILLA,PARTIDO DEMOCRATICO SOMOS PERU,57
110209,JUNIN,CONCEPCION,MARISCAL CASTILLA,PARTIDO PERU POSIBLE,11
110209,JUNIN,CONCEPCION,MARISCAL CASTILLA,PARTIDO RENACIMIENTO ANDINO,27
110209,JUNIN,CONCEPCION,MARISCAL CASTILLA,TODOS POR JUNIN,8
110209,JUNIN,CONCEPCION,MARISCAL CASTILLA,UNIDOS POR JUNIN - SIERRA Y SELVA,52
110210,JUNIN,CONCEPCION,MATAHUASI,AGRUPACION INDEPENDIENTE UNION POR EL PERU - FRENTE AMPLIO,108
110210,JUNIN,CONCEPCION,MATAHUASI,ALIANZA ELECTORAL UNIDAD NACIONAL,343
110210,JUNIN,CONCEPCION,MATAHUASI,MOVIMIENTO AMPLIO PAIS UNIDO - MAPU,98
110210,JUNIN,CONCEPCION,MATAHUASI,"MOVIMIENTO INDEPENDIENTE ""CONCEPCION AL DESARROLLO COMUNAL""",91
110210,JUNIN,CONCEPCION,MATAHUASI,PARTIDO ACCION POPULAR,70
110210,JUNIN,CONCEPCION,MATAHUASI,PARTIDO APRISTA PERUANO,374
110210,JUNIN,CONCEPCION,MATAHUASI,PARTIDO DEMOCRATICO SOMOS PERU,131
110210,JUNIN,CONCEPCION,MATAHUASI,PARTIDO PERU POSIBLE,337
110210,JUNIN,CONCEPCION,MATAHUASI,PARTIDO RENACIMIENTO ANDINO,67
110210,JUNIN,CONCEPCION,MATAHUASI,TODOS POR JUNIN,347
110210,JUNIN,CONCEPCION,MATAHUASI,UNIDOS POR JUNIN - SIERRA Y SELVA,148
110211,JUNIN,CONCEPCION,MITO,AGRUPACION INDEPENDIENTE UNION POR EL PERU - FRENTE AMPLIO,43
110211,JUNIN,CONCEPCION,MITO,ALIANZA ELECTORAL UNIDAD NACIONAL,133
110211,JUNIN,CONCEPCION,MITO,"MITO: FUTURO DE FE, PROGRESO Y FRATERNIDAD (FPF)",121
110211,JUNIN,CONCEPCION,MITO,MOVIMIENTO AMPLIO PAIS UNIDO - MAPU,43
110211,JUNIN,CONCEPCION,MITO,PARTIDO ACCION POPULAR,21
110211,JUNIN,CONCEPCION,MITO,PARTIDO APRISTA PERUANO,31
110211,JUNIN,CONCEPCION,MITO,PARTIDO DEMOCRATICO SOMOS PERU,24
110211,JUNIN,CONCEPCION,MITO,PARTIDO PERU POSIBLE,35
110211,JUNIN,CONCEPCION,MITO,PARTIDO RENACIMIENTO ANDINO,9
110211,JUNIN,CONCEPCION,MITO,TODOS POR JUNIN,158
110211,JUNIN,CONCEPCION,MITO,UNIDOS POR JUNIN - SIERRA Y SELVA,75
110212,JUNIN,CONCEPCION,NUEVE DE JULIO,AGRUPACION INDEPENDIENTE UNION POR EL PERU - FRENTE AMPLIO,127
110212,JUNIN,CONCEPCION,NUEVE DE JULIO,ALIANZA ELECTORAL UNIDAD NACIONAL,122
110212,JUNIN,CONCEPCION,NUEVE DE JULIO,MOVIMIENTO AMPLIO PAIS UNIDO - MAPU,38
110212,JUNIN,CONCEPCION,NUEVE DE JULIO,"MOVIMIENTO INDEPENDIENTE ""CONCEPCION AL DESARROLLO COMUNAL""",22
110212,JUNIN,CONCEPCION,NUEVE DE JULIO,PARTIDO ACCION POPULAR,18
110212,JUNIN,CONCEPCION,NUEVE DE JULIO,PARTIDO APRISTA PERUANO,78
110212,JUNIN,CONCEPCION,NUEVE DE JULIO,PARTIDO DEMOCRATICO SOMOS PERU,16
110212,JUNIN,CONCEPCION,NUEVE DE JULIO,PARTIDO PERU POSIBLE,19
110212,JUNIN,CONCEPCION,NUEVE DE JULIO,PARTIDO RENACIMIENTO ANDINO,18
110212,JUNIN,CONCEPCION,NUEVE DE JULIO,TODOS POR JUNIN,21
110212,JUNIN,CONCEPCION,NUEVE DE JULIO,UNIDOS POR JUNIN - SIERRA Y SELVA,127
110213,JUNIN,CONCEPCION,ORCOTUNA,AGRUPACION INDEPENDIENTE UNION POR EL PERU - FRENTE AMPLIO,224
110213,JUNIN,CONCEPCION,ORCOTUNA,ALIANZA ELECTORAL UNIDAD NACIONAL,130
110213,JUNIN,CONCEPCION,ORCOTUNA,ALIANZA PARA EL PROGRESO,34
110213,JUNIN,CONCEPCION,ORCOTUNA,MOVIMIENTO AMPLIO PAIS UNIDO - MAPU,95
110213,JUNIN,CONCEPCION,ORCOTUNA,"MOVIMIENTO INDEPENDIENTE ""CONCEPCION AL DESARROLLO COMUNAL""",192
110213,JUNIN,CONCEPCION,ORCOTUNA,"MOVIMIENTO INDEPENDIENTE ""ORCOTUNA Y ANEXOS AL DESARROLLO""",33
110213,JUNIN,CONCEPCION,ORCOTUNA,"MOVIMIENTO INDEPENDIENTE ""TRABAJEMOS POR ORCOTUNA""",94
110213,JUNIN,CONCEPCION,ORCOTUNA,PARTIDO ACCION POPULAR,20
110213,JUNIN,CONCEPCION,ORCOTUNA,PARTIDO APRISTA PERUANO,125
110213,JUNIN,CONCEPCION,ORCOTUNA,PARTIDO PERU POSIBLE,113
110213,JUNIN,CONCEPCION,ORCOTUNA,PARTIDO RENACIMIENTO ANDINO,31
110213,JUNIN,CONCEPCION,ORCOTUNA,TODOS POR JUNIN,63
110213,JUNIN,CONCEPCION,ORCOTUNA,UNIDOS POR JUNIN - SIERRA Y SELVA,205
110214,JUNIN,CONCEPCION,SANTA ROSA DE OCOPA,ALIANZA ELECTORAL UNIDAD NACIONAL,251
110214,JUNIN,CONCEPCION,SANTA ROSA DE OCOPA,MOVIMIENTO AMPLIO PAIS UNIDO - MAPU,401
110214,JUNIN,CONCEPCION,SANTA ROSA DE OCOPA,PARTIDO APRISTA PERUANO,60
110214,JUNIN,CONCEPCION,SANTA ROSA DE OCOPA,PARTIDO DEMOCRATICO SOMOS PERU,218
110214,JUNIN,CONCEPCION,SANTA ROSA DE OCOPA,PARTIDO PERU POSIBLE,47
110214,JUNIN,CONCEPCION,SANTA ROSA DE OCOPA,PARTIDO RENACIMIENTO ANDINO,19
110214,JUNIN,CONCEPCION,SANTA ROSA DE OCOPA,TODOS POR JUNIN,68
110214,JUNIN,CONCEPCION,SANTA ROSA DE OCOPA,UNIDOS POR JUNIN - SIERRA Y SELVA,53
110215,JUNIN,CONCEPCION,SAN JOSE DE QUERO,AGRUPACION INDEPENDIENTE UNION POR EL PERU - FRENTE AMPLIO,219
110215,JUNIN,CONCEPCION,SAN JOSE DE QUERO,ALIANZA ELECTORAL UNIDAD NACIONAL,607
110215,JUNIN,CONCEPCION,SAN JOSE DE QUERO,MOVIMIENTO AMPLIO PAIS UNIDO - MAPU,19
110215,JUNIN,CONCEPCION,SAN JOSE DE QUERO,"MOVIMIENTO INDEPENDIENTE ""CONCEPCION AL DESARROLLO COMUNAL""",257
110215,JUNIN,CONCEPCION,SAN JOSE DE QUERO,MOVIMIENTO INDEPENDIENTE COMUNITARIO,76
110215,JUNIN,CONCEPCION,SAN JOSE DE QUERO,MOVIMIENTO NUEVA IZQUIERDA,18
110215,JUNIN,CONCEPCION,SAN JOSE DE QUERO,PARTIDO ACCION POPULAR,82
110215,JUNIN,CONCEPCION,SAN JOSE DE QUERO,PARTIDO APRISTA PERUANO,198
110215,JUNIN,CONCEPCION,SAN JOSE DE QUERO,PARTIDO DEMOCRATICO SOMOS PERU,94
110215,JUNIN,CONCEPCION,SAN JOSE DE QUERO,PARTIDO RENACIMIENTO ANDINO,133
110215,JUNIN,CONCEPCION,SAN JOSE DE QUERO,TODOS POR JUNIN,57
110215,JUNIN,CONCEPCION,SAN JOSE DE QUERO,UNIDOS POR JUNIN - SIERRA Y SELVA,246
110302,JUNIN,JAUJA,ACOLLA,ALIANZA ELECTORAL UNIDAD NACIONAL,257
110302,JUNIN,JAUJA,ACOLLA,ALIANZA PARA EL PROGRESO,290
110302,JUNIN,JAUJA,ACOLLA,MOVIMIENTO AMPLIO PAIS UNIDO - MAPU,103
110302,JUNIN,JAUJA,ACOLLA,MOVIMIENTO INDEPENDIENTE AMANECER ACOLLINO,167
110302,JUNIN,JAUJA,ACOLLA,MOVIMIENTO INDEPENDIENTE JUSTICIALISTA (M.I.J.),821
110302,JUNIN,JAUJA,ACOLLA,MOVIMIENTO NUEVA IZQUIERDA,200
110302,JUNIN,JAUJA,ACOLLA,PARTIDO ACCION POPULAR,413
110302,JUNIN,JAUJA,ACOLLA,PARTIDO APRISTA PERUANO,175
110302,JUNIN,JAUJA,ACOLLA,PARTIDO DEMOCRATICO SOMOS PERU,167
110302,JUNIN,JAUJA,ACOLLA,PARTIDO PERU POSIBLE,107
110302,JUNIN,JAUJA,ACOLLA,PARTIDO POLITICO NACIONAL PRIMERO PERU,305
110302,JUNIN,JAUJA,ACOLLA,TODOS POR JUNIN,186
110302,JUNIN,JAUJA,ACOLLA,UNIDOS POR JUNIN - SIERRA Y SELVA,470
110303,JUNIN,JAUJA,APATA,ALIANZA ELECTORAL UNIDAD NACIONAL,292
110303,JUNIN,JAUJA,APATA,MOVIMIENTO INDEPENDIENTE JUSTICIALISTA (M.I.J.),223
110303,JUNIN,JAUJA,APATA,PARTIDO ACCION POPULAR,251
110303,JUNIN,JAUJA,APATA,PARTIDO APRISTA PERUANO,530
110303,JUNIN,JAUJA,APATA,PARTIDO PERU POSIBLE,426
110303,JUNIN,JAUJA,APATA,TODOS POR JUNIN,120
110303,JUNIN,JAUJA,APATA,UNIDOS POR JUNIN - SIERRA Y SELVA,302
110304,JUNIN,JAUJA,ATAURA,ALIANZA ELECTORAL UNIDAD NACIONAL,49
110304,JUNIN,JAUJA,ATAURA,MOVIMIENTO INDEPENDIENTE JUSTICIALISTA (M.I.J.),44
110304,JUNIN,JAUJA,ATAURA,MOVIMIENTO LUCHEMOS POR ATAURA,86
110304,JUNIN,JAUJA,ATAURA,MOVIMIENTO NUEVA IZQUIERDA,121
110304,JUNIN,JAUJA,ATAURA,PARTIDO ACCION POPULAR,20
110304,JUNIN,JAUJA,ATAURA,PARTIDO APRISTA PERUANO,50
110304,JUNIN,JAUJA,ATAURA,PARTIDO PERU POSIBLE,141
110304,JUNIN,JAUJA,ATAURA,TODOS POR JUNIN,21
110304,JUNIN,JAUJA,ATAURA,UNIDOS POR JUNIN - SIERRA Y SELVA,46
110305,JUNIN,JAUJA,CANCHAYLLO,ALIANZA ELECTORAL UNIDAD NACIONAL,12
110305,JUNIN,JAUJA,CANCHAYLLO,MOVIMIENTO INDEPENDIENTE JUSTICIALISTA (M.I.J.),136
110305,JUNIN,JAUJA,CANCHAYLLO,PARTIDO ACCION POPULAR,18
110305,JUNIN,JAUJA,CANCHAYLLO,PARTIDO APRISTA PERUANO,170
110305,JUNIN,JAUJA,CANCHAYLLO,PARTIDO DEMOCRATICO SOMOS PERU,332
110305,JUNIN,JAUJA,CANCHAYLLO,PARTIDO PERU POSIBLE,60
110305,JUNIN,JAUJA,CANCHAYLLO,TODOS POR JUNIN,20
110305,JUNIN,JAUJA,CANCHAYLLO,UNIDOS POR JUNIN - SIERRA Y SELVA,122
110306,JUNIN,JAUJA,EL MANTARO,ALIANZA ELECTORAL UNIDAD NACIONAL,185
110306,JUNIN,JAUJA,EL MANTARO,ALIANZA PARA EL PROGRESO,42
110306,JUNIN,JAUJA,EL MANTARO,MOVIMIENTO AMPLIO PAIS UNIDO - MAPU,26
110306,JUNIN,JAUJA,EL MANTARO,MOVIMIENTO INDEPENDIENTE JUSTICIALISTA (M.I.J.),213
110306,JUNIN,JAUJA,EL MANTARO,PARTIDO ACCION POPULAR,39
110306,JUNIN,JAUJA,EL MANTARO,PARTIDO APRISTA PERUANO,73
110306,JUNIN,JAUJA,EL MANTARO,PARTIDO PERU POSIBLE,147
110306,JUNIN,JAUJA,EL MANTARO,TODOS POR JUNIN,95
110306,JUNIN,JAUJA,EL MANTARO,UNIDOS POR JUNIN - SIERRA Y SELVA,425
110307,JUNIN,JAUJA,HUAMALI,ALIANZA ELECTORAL UNIDAD NACIONAL,132
110307,JUNIN,JAUJA,HUAMALI,ALIANZA PARA EL PROGRESO,27
110307,JUNIN,JAUJA,HUAMALI,MOVIMIENTO AMPLIO PAIS UNIDO - MAPU,41
110307,JUNIN,JAUJA,HUAMALI,MOVIMIENTO INDEPENDIENTE JUSTICIALISTA (M.I.J.),46
110307,JUNIN,JAUJA,HUAMALI,PARTIDO ACCION POPULAR,48
110307,JUNIN,JAUJA,HUAMALI,PARTIDO APRISTA PERUANO,42
110307,JUNIN,JAUJA,HUAMALI,PARTIDO PERU POSIBLE,95
110307,JUNIN,JAUJA,HUAMALI,TODOS POR JUNIN,64
110307,JUNIN,JAUJA,HUAMALI,UNIDOS POR JUNIN - SIERRA Y SELVA,68
110307,JUNIN,JAUJA,HUAMALI,UNIDOS PROGRESAREMOS POR HUAMALI,172
110308,JUNIN,JAUJA,HUARIPAMPA,AGRUPACION INDEPENDIENTE UNION POR EL PERU - FRENTE AMPLIO,73
110308,JUNIN,JAUJA,HUARIPAMPA,ALIANZA ELECTORAL UNIDAD NACIONAL,79
110308,JUNIN,JAUJA,HUARIPAMPA,MOVIMIENTO AMPLIO PAIS UNIDO - MAPU,81
110308,JUNIN,JAUJA,HUARIPAMPA,MOVIMIENTO NUEVA IZQUIERDA,33
110308,JUNIN,JAUJA,HUARIPAMPA,PARTIDO ACCION POPULAR,81
110308,JUNIN,JAUJA,HUARIPAMPA,PARTIDO DEMOCRATICO SOMOS PERU,64
110308,JUNIN,JAUJA,HUARIPAMPA,PARTIDO PERU POSIBLE,79
110308,JUNIN,JAUJA,HUARIPAMPA,UNIDOS POR JUNIN - SIERRA Y SELVA,95
110309,JUNIN,JAUJA,HUERTAS,ALIANZA ELECTORAL UNIDAD NACIONAL,107
110309,JUNIN,JAUJA,HUERTAS,FRENTE INDEPENDIENTE TURISTICO HUERTAS,77
110309,JUNIN,JAUJA,HUERTAS,MOVIMIENTO AMPLIO PAIS UNIDO - MAPU,15
110309,JUNIN,JAUJA,HUERTAS,MOVIMIENTO INDEPENDIENTE JUSTICIALISTA (M.I.J.),37
110309,JUNIN,JAUJA,HUERTAS,PARTIDO ACCION POPULAR,247
110309,JUNIN,JAUJA,HUERTAS,PARTIDO PERU POSIBLE,76
110309,JUNIN,JAUJA,HUERTAS,TODOS POR JUNIN,108
110309,JUNIN,JAUJA,HUERTAS,UNIDOS POR JUNIN - SIERRA Y SELVA,78
110310,JUNIN,JAUJA,JANJAILLO,ALIANZA ELECTORAL UNIDAD NACIONAL,138
110310,JUNIN,JAUJA,JANJAILLO,ALIANZA PARA EL PROGRESO,117
110310,JUNIN,JAUJA,JANJAILLO,MOVIMIENTO INDEPENDIENTE OBRAS PARA JANJAILLO,73
110310,JUNIN,JAUJA,JANJAILLO,PARTIDO ACCION POPULAR,24
110310,JUNIN,JAUJA,JANJAILLO,PARTIDO APRISTA PERUANO,46
110310,JUNIN,JAUJA,JANJAILLO,PARTIDO PERU POSIBLE,57
110310,JUNIN,JAUJA,JANJAILLO,UNIDOS POR JUNIN - SIERRA Y SELVA,41
110311,JUNIN,JAUJA,JULCAN,ALIANZA ELECTORAL UNIDAD NACIONAL,14
110311,JUNIN,JAUJA,JULCAN,FRENTE INDEPENDIENTE PROGRESISTA JULCAN,26
110311,JUNIN,JAUJA,JULCAN,MOVIMIENTO AMPLIO PAIS UNIDO - MAPU,43
110311,JUNIN,JAUJA,JULCAN,MOVIMIENTO INDEPENDIENTE JULCAN RENACE,34
110311,JUNIN,JAUJA,JULCAN,MOVIMIENTO INDEPENDIENTE JUSTICIALISTA (M.I.J.),48
110311,JUNIN,JAUJA,JULCAN,PARTIDO ACCION POPULAR,81
110311,JUNIN,JAUJA,JULCAN,PARTIDO APRISTA PERUANO,28
110311,JUNIN,JAUJA,JULCAN,PARTIDO PERU POSIBLE,69
110311,JUNIN,JAUJA,JULCAN,PARTIDO RENACIMIENTO ANDINO,31
110311,JUNIN,JAUJA,JULCAN,TODOS POR JUNIN,74
110311,JUNIN,JAUJA,JULCAN,UNIDOS POR JUNIN - SIERRA Y SELVA,115
110312,JUNIN,JAUJA,LEONOR ORDOÑEZ,ALIANZA ELECTORAL UNIDAD NACIONAL,85
110312,JUNIN,JAUJA,LEONOR ORDOÑEZ,ALIANZA PARA EL PROGRESO,371
110312,JUNIN,JAUJA,LEONOR ORDOÑEZ,MOVIMIENTO INDEPENDIENTE JUSTICIALISTA (M.I.J.),143
110312,JUNIN,JAUJA,LEONOR ORDOÑEZ,PARTIDO ACCION POPULAR,27
110312,JUNIN,JAUJA,LEONOR ORDOÑEZ,PARTIDO APRISTA PERUANO,92
110312,JUNIN,JAUJA,LEONOR ORDOÑEZ,PARTIDO PERU POSIBLE,73
110312,JUNIN,JAUJA,LEONOR ORDOÑEZ,TODOS POR JUNIN,47
110312,JUNIN,JAUJA,LEONOR ORDOÑEZ,UNIDOS POR JUNIN - SIERRA Y SELVA,53
110313,JUNIN,JAUJA,LLOCLLAPAMPA,AGRUPACION INDEPENDIENTE UNION POR EL PERU - FRENTE AMPLIO,44
110313,JUNIN,JAUJA,LLOCLLAPAMPA,ALIANZA ELECTORAL UNIDAD NACIONAL,45
110313,JUNIN,JAUJA,LLOCLLAPAMPA,ALIANZA PARA EL PROGRESO,82
110313,JUNIN,JAUJA,LLOCLLAPAMPA,MOVIMIENTO AMPLIO PAIS UNIDO - MAPU,37
110313,JUNIN,JAUJA,LLOCLLAPAMPA,MOVIMIENTO INDEPENDIENTE JUSTICIALISTA (M.I.J.),73
110313,JUNIN,JAUJA,LLOCLLAPAMPA,PARTIDO ACCION POPULAR,52
110313,JUNIN,JAUJA,LLOCLLAPAMPA,PARTIDO APRISTA PERUANO,235
110313,JUNIN,JAUJA,LLOCLLAPAMPA,PARTIDO PERU POSIBLE,204
110313,JUNIN,JAUJA,LLOCLLAPAMPA,PARTIDO POLITICO NACIONAL PRIMERO PERU,103
110313,JUNIN,JAUJA,LLOCLLAPAMPA,PARTIDO RENACIMIENTO ANDINO,26
110313,JUNIN,JAUJA,LLOCLLAPAMPA,TODOS POR JUNIN,59
110313,JUNIN,JAUJA,LLOCLLAPAMPA,UNIDOS POR JUNIN - SIERRA Y SELVA,56
110314,JUNIN,JAUJA,MARCO,ALIANZA ELECTORAL UNIDAD NACIONAL,203
110314,JUNIN,JAUJA,MARCO,ALIANZA PARA EL PROGRESO,114
110314,JUNIN,JAUJA,MARCO,MOVIMIENTO AMPLIO PAIS UNIDO - MAPU,13
110314,JUNIN,JAUJA,MARCO,PARTIDO ACCION POPULAR,45
110314,JUNIN,JAUJA,MARCO,PARTIDO APRISTA PERUANO,135
110314,JUNIN,JAUJA,MARCO,PARTIDO PERU POSIBLE,175
110314,JUNIN,JAUJA,MARCO,PARTIDO RENACIMIENTO ANDINO,33
110314,JUNIN,JAUJA,MARCO,TODOS POR JUNIN,123
110314,JUNIN,JAUJA,MARCO,UNIDOS POR JUNIN - SIERRA Y SELVA,316
110315,JUNIN,JAUJA,MASMA,ALIANZA ELECTORAL UNIDAD NACIONAL,279
110315,JUNIN,JAUJA,MASMA,MOVIMIENTO INDEPENDIENTE JUSTICIALISTA (M.I.J.),128
110315,JUNIN,JAUJA,MASMA,MOVIMIENTO NUEVA IZQUIERDA,60
110315,JUNIN,JAUJA,MASMA,PARTIDO ACCION POPULAR,36
110315,JUNIN,JAUJA,MASMA,PARTIDO APRISTA PERUANO,63
110315,JUNIN,JAUJA,MASMA,PARTIDO PERU POSIBLE,185
110315,JUNIN,JAUJA,MASMA,TODOS POR JUNIN,176
110315,JUNIN,JAUJA,MASMA,UNIDOS POR JUNIN - SIERRA Y SELVA,205
110316,JUNIN,JAUJA,MOLINOS,ALIANZA ELECTORAL UNIDAD NACIONAL,68
110316,JUNIN,JAUJA,MOLINOS,MOVIMIENTO AMPLIO PAIS UNIDO - MAPU,82
110316,JUNIN,JAUJA,MOLINOS,MOVIMIENTO INDEPENDIENTE JUSTICIALISTA (M.I.J.),58
110316,JUNIN,JAUJA,MOLINOS,MOVIMIENTO INDEPENDIENTE LUZ ANDINA,127
110316,JUNIN,JAUJA,MOLINOS,PARTIDO ACCION POPULAR,123
110316,JUNIN,JAUJA,MOLINOS,PARTIDO APRISTA PERUANO,68
110316,JUNIN,JAUJA,MOLINOS,PARTIDO PERU POSIBLE,146
110316,JUNIN,JAUJA,MOLINOS,UNIDOS POR JUNIN - SIERRA Y SELVA,111
110317,JUNIN,JAUJA,MONOBAMBA,AGRUPACION INDEPENDIENTE UNION POR EL PERU - FRENTE AMPLIO,17
110317,JUNIN,JAUJA,MONOBAMBA,ALIANZA ELECTORAL UNIDAD NACIONAL,80
110317,JUNIN,JAUJA,MONOBAMBA,MOVIMIENTO AMPLIO PAIS UNIDO - MAPU,76
110317,JUNIN,JAUJA,MONOBAMBA,MOVIMIENTO INDEPENDIENTE JUSTICIALISTA (M.I.J.),131
110317,JUNIN,JAUJA,MONOBAMBA,PARTIDO ACCION POPULAR,97
110317,JUNIN,JAUJA,MONOBAMBA,PARTIDO APRISTA PERUANO,44
110317,JUNIN,JAUJA,MONOBAMBA,PARTIDO PERU POSIBLE,7
110317,JUNIN,JAUJA,MONOBAMBA,TODOS POR JUNIN,8
110317,JUNIN,JAUJA,MONOBAMBA,UNIDOS POR JUNIN - SIERRA Y SELVA,26
110318,JUNIN,JAUJA,MUQUI,ALIANZA ELECTORAL UNIDAD NACIONAL,172
110318,JUNIN,JAUJA,MUQUI,MOVIMIENTO INDEPENDIENTE JUSTICIALISTA (M.I.J.),32
110318,JUNIN,JAUJA,MUQUI,PARTIDO ACCION POPULAR,39
110318,JUNIN,JAUJA,MUQUI,PARTIDO APRISTA PERUANO,54
110318,JUNIN,JAUJA,MUQUI,PARTIDO PERU POSIBLE,50
110318,JUNIN,JAUJA,MUQUI,TODOS POR JUNIN,102
110318,JUNIN,JAUJA,MUQUI,UNIDOS POR JUNIN - SIERRA Y SELVA,79
110319,JUNIN,JAUJA,MUQUIYAUYO,ALIANZA ELECTORAL UNIDAD NACIONAL,460
110319,JUNIN,JAUJA,MUQUIYAUYO,MOVIMIENTO INDEPENDIENTE JUSTICIALISTA (M.I.J.),100
110319,JUNIN,JAUJA,MUQUIYAUYO,MOVIMIENTO INDEPENDIENTE REFORMISTA MUQUIYAUYINO,367
110319,JUNIN,JAUJA,MUQUIYAUYO,PARTIDO ACCION POPULAR,21
110319,JUNIN,JAUJA,MUQUIYAUYO,PARTIDO PERU POSIBLE,50
110319,JUNIN,JAUJA,MUQUIYAUYO,TODOS POR JUNIN,53
110319,JUNIN,JAUJA,MUQUIYAUYO,UNIDOS POR JUNIN - SIERRA Y SELVA,39
110320,JUNIN,JAUJA,PACA,AGRUPACION INDEPENDIENTE UNION POR EL PERU - FRENTE AMPLIO,22
110320,JUNIN,JAUJA,PACA,ALIANZA ELECTORAL UNIDAD NACIONAL,46
110320,JUNIN,JAUJA,PACA,MOVIMIENTO AMPLIO PAIS UNIDO - MAPU,116
110320,JUNIN,JAUJA,PACA,MOVIMIENTO INDEPENDIENTE JUSTICIALISTA (M.I.J.),28
110320,JUNIN,JAUJA,PACA,PARTIDO ACCION POPULAR,71
110320,JUNIN,JAUJA,PACA,PARTIDO APRISTA PERUANO,131
110320,JUNIN,JAUJA,PACA,PARTIDO PERU POSIBLE,126
110320,JUNIN,JAUJA,PACA,TODOS POR JUNIN,53
110320,JUNIN,JAUJA,PACA,UNIDOS POR JUNIN - SIERRA Y SELVA,32
110321,JUNIN,JAUJA,PACCHA,AGRUPACION INDEPENDIENTE UNION POR EL PERU - FRENTE AMPLIO,27
110321,JUNIN,JAUJA,PACCHA,ALIANZA ELECTORAL UNIDAD NACIONAL,163
110321,JUNIN,JAUJA,PACCHA,MOVIMIENTO INDEPENDIENTE AGRO Y DESARROLLO DE PACCHA,11
110321,JUNIN,JAUJA,PACCHA,MOVIMIENTO INDEPENDIENTE JUSTICIALISTA (M.I.J.),108
110321,JUNIN,JAUJA,PACCHA,MOVIMIENTO NUEVA IZQUIERDA,216
110321,JUNIN,JAUJA,PACCHA,PARTIDO ACCION POPULAR,76
110321,JUNIN,JAUJA,PACCHA,PARTIDO PERU POSIBLE,189
110321,JUNIN,JAUJA,PACCHA,TODOS POR JUNIN,71
110321,JUNIN,JAUJA,PACCHA,UNIDOS POR JUNIN - SIERRA Y SELVA,332
110322,JUNIN,JAUJA,PANCAN,ALIANZA ELECTORAL UNIDAD NACIONAL,22
110322,JUNIN,JAUJA,PANCAN,ALIANZA PARA EL PROGRESO,40
110322,JUNIN,JAUJA,PANCAN,MOVIMIENTO INDEPENDIENTE JUSTICIALISTA (M.I.J.),52
110322,JUNIN,JAUJA,PANCAN,MOVIMIENTO INDEPENDIENTE PANCAN AL PROGRESO,100
110322,JUNIN,JAUJA,PANCAN,PARTIDO ACCION POPULAR,80
110322,JUNIN,JAUJA,PANCAN,PARTIDO APRISTA PERUANO,27
110322,JUNIN,JAUJA,PANCAN,PARTIDO PERU POSIBLE,104
110322,JUNIN,JAUJA,PANCAN,UNIDOS POR JUNIN - SIERRA Y SELVA,88
110323,JUNIN,JAUJA,PARCO,AGRUPACION INDEPENDIENTE UNION POR EL PERU - FRENTE AMPLIO,18
110323,JUNIN,JAUJA,PARCO,ALIANZA ELECTORAL UNIDAD NACIONAL,233
110323,JUNIN,JAUJA,PARCO,ALIANZA PARA EL PROGRESO,159
110323,JUNIN,JAUJA,PARCO,MOVIMIENTO AMPLIO PAIS UNIDO - MAPU,44
110323,JUNIN,JAUJA,PARCO,MOVIMIENTO INDEPENDIENTE JUSTICIALISTA (M.I.J.),90
110323,JUNIN,JAUJA,PARCO,PARTIDO ACCION POPULAR,17
110323,JUNIN,JAUJA,PARCO,PARTIDO APRISTA PERUANO,164
110323,JUNIN,JAUJA,PARCO,PARTIDO PERU POSIBLE,51
110323,JUNIN,JAUJA,PARCO,TODOS POR JUNIN,38
110323,JUNIN,JAUJA,PARCO,UNIDOS POR JUNIN - SIERRA Y SELVA,62
110324,JUNIN,JAUJA,POMACANCHA,ALIANZA ELECTORAL UNIDAD NACIONAL,43
110324,JUNIN,JAUJA,POMACANCHA,ALIANZA PARA EL PROGRESO,121
110324,JUNIN,JAUJA,POMACANCHA,MOVIMIENTO INDEPENDIENTE JUSTICIALISTA (M.I.J.),166
110324,JUNIN,JAUJA,POMACANCHA,MOVIMIENTO NUEVA IZQUIERDA,45
110324,JUNIN,JAUJA,POMACANCHA,PARTIDO ACCION POPULAR,24
110324,JUNIN,JAUJA,POMACANCHA,PARTIDO PERU POSIBLE,24
110324,JUNIN,JAUJA,POMACANCHA,UNIDOS POR JUNIN - SIERRA Y SELVA,79
110325,JUNIN,JAUJA,RICRAN,ALIANZA ELECTORAL UNIDAD NACIONAL,129
110325,JUNIN,JAUJA,RICRAN,MOVIMIENTO INDEPENDIENTE JUSTICIALISTA (M.I.J.),175
110325,JUNIN,JAUJA,RICRAN,PARTIDO ACCION POPULAR,9
110325,JUNIN,JAUJA,RICRAN,PARTIDO APRISTA PERUANO,78
110325,JUNIN,JAUJA,RICRAN,PARTIDO PERU POSIBLE,181
110325,JUNIN,JAUJA,RICRAN,UNIDOS POR JUNIN - SIERRA Y SELVA,296
110326,JUNIN,JAUJA,SAN LORENZO,AGRUPACION INDEPENDIENTE UNION POR EL PERU - FRENTE AMPLIO,22
110326,JUNIN,JAUJA,SAN LORENZO,ALIANZA ELECTORAL UNIDAD NACIONAL,82
110326,JUNIN,JAUJA,SAN LORENZO,MOVIMIENTO NUEVA IZQUIERDA,99
110326,JUNIN,JAUJA,SAN LORENZO,PARTIDO ACCION POPULAR,69
110326,JUNIN,JAUJA,SAN LORENZO,PARTIDO APRISTA PERUANO,148
110326,JUNIN,JAUJA,SAN LORENZO,PARTIDO PERU POSIBLE,201
110326,JUNIN,JAUJA,SAN LORENZO,TODOS POR JUNIN,122
110326,JUNIN,JAUJA,SAN LORENZO,UNIDOS POR JUNIN - SIERRA Y SELVA,115
110327,JUNIN,JAUJA,SAN PEDRO DE CHUNAN,ALIANZA ELECTORAL UNIDAD NACIONAL,41
110327,JUNIN,JAUJA,SAN PEDRO DE CHUNAN,ALIANZA PARA EL PROGRESO,21
110327,JUNIN,JAUJA,SAN PEDRO DE CHUNAN,MOVIMIENTO AMPLIO PAIS UNIDO - MAPU,53
110327,JUNIN,JAUJA,SAN PEDRO DE CHUNAN,MOVIMIENTO INDEPENDIENTE JUSTICIALISTA (M.I.J.),33
110327,JUNIN,JAUJA,SAN PEDRO DE CHUNAN,MOVIMIENTO NUEVA IZQUIERDA,21
110327,JUNIN,JAUJA,SAN PEDRO DE CHUNAN,PARTIDO ACCION POPULAR,16
110327,JUNIN,JAUJA,SAN PEDRO DE CHUNAN,PARTIDO APRISTA PERUANO,53
110327,JUNIN,JAUJA,SAN PEDRO DE CHUNAN,PARTIDO PERU POSIBLE,90
110327,JUNIN,JAUJA,SAN PEDRO DE CHUNAN,PARTIDO RENACIMIENTO ANDINO,9
110327,JUNIN,JAUJA,SAN PEDRO DE CHUNAN,TODOS POR JUNIN,19
110327,JUNIN,JAUJA,SAN PEDRO DE CHUNAN,UNIDOS POR JUNIN - SIERRA Y SELVA,63
110328,JUNIN,JAUJA,SINCOS,ALIANZA ELECTORAL UNIDAD NACIONAL,264
110328,JUNIN,JAUJA,SINCOS,ALIANZA PARA EL PROGRESO,106
110328,JUNIN,JAUJA,SINCOS,MOVIMIENTO INDEPENDIENTE JUSTICIALISTA (M.I.J.),171
110328,JUNIN,JAUJA,SINCOS,MOVIMIENTO INDEPENDIENTE SINCOS CAMINO AL FUTURO,154
110328,JUNIN,JAUJA,SINCOS,MOVIMIENTO NUEVA IZQUIERDA,28
110328,JUNIN,JAUJA,SINCOS,PARTIDO APRISTA PERUANO,33
110328,JUNIN,JAUJA,SINCOS,TODOS POR JUNIN,101
110328,JUNIN,JAUJA,SINCOS,UNIDOS POR JUNIN - SIERRA Y SELVA,274
110329,JUNIN,JAUJA,TUNAN MARCA,ALIANZA ELECTORAL UNIDAD NACIONAL,56
110329,JUNIN,JAUJA,TUNAN MARCA,MOVIMIENTO INDEPENDIENTE JUSTICIALISTA (M.I.J.),68
110329,JUNIN,JAUJA,TUNAN MARCA,PARTIDO ACCION POPULAR,133
110329,JUNIN,JAUJA,TUNAN MARCA,PARTIDO APRISTA PERUANO,132
110329,JUNIN,JAUJA,TUNAN MARCA,PARTIDO PERU POSIBLE,27
110329,JUNIN,JAUJA,TUNAN MARCA,TODOS POR JUNIN,48
110329,JUNIN,JAUJA,TUNAN MARCA,UNIDOS POR JUNIN - SIERRA Y SELVA,225
110330,JUNIN,JAUJA,YAULI,AGRUPACION INDEPENDIENTE UNION POR EL PERU - FRENTE AMPLIO,111
110330,JUNIN,JAUJA,YAULI,ALIANZA ELECTORAL UNIDAD NACIONAL,44
110330,JUNIN,JAUJA,YAULI,MOVIMIENTO AMPLIO PAIS UNIDO - MAPU,18
110330,JUNIN,JAUJA,YAULI,MOVIMIENTO INDEPENDIENTE JUSTICIALISTA (M.I.J.),102
110330,JUNIN,JAUJA,YAULI,PARTIDO ACCION POPULAR,8
110330,JUNIN,JAUJA,YAULI,PARTIDO APRISTA PERUANO,33
110330,JUNIN,JAUJA,YAULI,PARTIDO PERU POSIBLE,154
110330,JUNIN,JAUJA,YAULI,TODOS POR JUNIN,24
110330,JUNIN,JAUJA,YAULI,UNIDOS POR JUNIN - SIERRA Y SELVA,55
110331,JUNIN,JAUJA,CURICACA,ALIANZA ELECTORAL UNIDAD NACIONAL,129
110331,JUNIN,JAUJA,CURICACA,ALIANZA PARA EL PROGRESO,62
110331,JUNIN,JAUJA,CURICACA,MOVIMIENTO INDEPENDIENTE JUSTICIALISTA (M.I.J.),23
110331,JUNIN,JAUJA,CURICACA,PARTIDO ACCION POPULAR,51
110331,JUNIN,JAUJA,CURICACA,PARTIDO APRISTA PERUANO,38
110331,JUNIN,JAUJA,CURICACA,PARTIDO PERU POSIBLE,102
110331,JUNIN,JAUJA,CURICACA,UNIDOS POR JUNIN - SIERRA Y SELVA,146
110332,JUNIN,JAUJA,MASMA CHICCHE,ALIANZA ELECTORAL UNIDAD NACIONAL,35
110332,JUNIN,JAUJA,MASMA CHICCHE,ALIANZA PARA EL PROGRESO,62
110332,JUNIN,JAUJA,MASMA CHICCHE,MOVIMIENTO AMPLIO PAIS UNIDO - MAPU,14
110332,JUNIN,JAUJA,MASMA CHICCHE,PARTIDO ACCION POPULAR,35
110332,JUNIN,JAUJA,MASMA CHICCHE,PARTIDO APRISTA PERUANO,17
110332,JUNIN,JAUJA,MASMA CHICCHE,PARTIDO PERU POSIBLE,41
110332,JUNIN,JAUJA,MASMA CHICCHE,UNIDOS POR JUNIN - SIERRA Y SELVA,136
110333,JUNIN,JAUJA,SAUSA,AGRUPACION INDEPENDIENTE UNION POR EL PERU - FRENTE AMPLIO,43
110333,JUNIN,JAUJA,SAUSA,ALIANZA ELECTORAL UNIDAD NACIONAL,146
110333,JUNIN,JAUJA,SAUSA,ALIANZA PARA EL PROGRESO,87
110333,JUNIN,JAUJA,SAUSA,MOVIMIENTO INDEPENDIENTE JUSTICIALISTA (M.I.J.),42
110333,JUNIN,JAUJA,SAUSA,MOVIMIENTO NUEVA IZQUIERDA,62
110333,JUNIN,JAUJA,SAUSA,PARTIDO ACCION POPULAR,130
110333,JUNIN,JAUJA,SAUSA,PARTIDO APRISTA PERUANO,67
110333,JUNIN,JAUJA,SAUSA,PARTIDO PERU POSIBLE,137
110333,JUNIN,JAUJA,SAUSA,TODOS POR JUNIN,58
110333,JUNIN,JAUJA,SAUSA,UNIDOS POR JUNIN - SIERRA Y SELVA,226
110334,JUNIN,JAUJA,YAUYOS,AGRUPACION INDEPENDIENTE UNION POR EL PERU - FRENTE AMPLIO,211
110334,JUNIN,JAUJA,YAUYOS,ALIANZA ELECTORAL UNIDAD NACIONAL,378
110334,JUNIN,JAUJA,YAUYOS,ALIANZA PARA EL PROGRESO,625
110334,JUNIN,JAUJA,YAUYOS,MOVIMIENTO INDEPENDIENTE JUSTICIALISTA (M.I.J.),180
110334,JUNIN,JAUJA,YAUYOS,MOVIMIENTO INDEPENDIENTE POR EL DESARROLLO DE YAUYOS,95
110334,JUNIN,JAUJA,YAUYOS,MOVIMIENTO INDEPENDIENTE PRO YAUYOS,114
110334,JUNIN,JAUJA,YAUYOS,MOVIMIENTO INDEPENDIENTE UNIDOS PARA EL PROGRESO DE YAUYOS,589
110334,JUNIN,JAUJA,YAUYOS,MOVIMIENTO NUEVA IZQUIERDA,211
110334,JUNIN,JAUJA,YAUYOS,PARTIDO ACCION POPULAR,363
110334,JUNIN,JAUJA,YAUYOS,PARTIDO APRISTA PERUANO,196
110334,JUNIN,JAUJA,YAUYOS,PARTIDO PERU POSIBLE,127
110334,JUNIN,JAUJA,YAUYOS,TODOS POR JUNIN,108
110334,JUNIN,JAUJA,YAUYOS,UNIDOS POR JUNIN - SIERRA Y SELVA,319
110402,JUNIN,JUNIN,CARHUAMAYO,ALIANZA ELECTORAL UNIDAD NACIONAL,825
110402,JUNIN,JUNIN,CARHUAMAYO,PARTIDO ACCION POPULAR,930
110402,JUNIN,JUNIN,CARHUAMAYO,PARTIDO APRISTA PERUANO,403
110402,JUNIN,JUNIN,CARHUAMAYO,PARTIDO DEMOCRATICO SOMOS PERU,414
110402,JUNIN,JUNIN,CARHUAMAYO,PARTIDO PERU POSIBLE,594
110402,JUNIN,JUNIN,CARHUAMAYO,PARTIDO POLITICO NACIONAL PRIMERO PERU,121
110402,JUNIN,JUNIN,CARHUAMAYO,TODOS POR JUNIN,290
110402,JUNIN,JUNIN,CARHUAMAYO,UNIDOS POR JUNIN - SIERRA Y SELVA,190
110403,JUNIN,JUNIN,ONDORES,ALIANZA ELECTORAL UNIDAD NACIONAL,88
110403,JUNIN,JUNIN,ONDORES,ALIANZA ELECTORAL VAMOS VECINO,70
110403,JUNIN,JUNIN,ONDORES,FRENTE UNICO DE RECONSTRUCCION (FUR),34
110403,JUNIN,JUNIN,ONDORES,PARTIDO ACCION POPULAR,69
110403,JUNIN,JUNIN,ONDORES,PARTIDO APRISTA PERUANO,121
110403,JUNIN,JUNIN,ONDORES,PARTIDO DEMOCRATICO SOMOS PERU,418
110403,JUNIN,JUNIN,ONDORES,PARTIDO PERU POSIBLE,106
110403,JUNIN,JUNIN,ONDORES,PROGRESO DE NUESTRO PUEBLO,43
110403,JUNIN,JUNIN,ONDORES,TODOS POR JUNIN,89
110403,JUNIN,JUNIN,ONDORES,UNIDOS POR JUNIN - SIERRA Y SELVA,72
110404,JUNIN,JUNIN,ULCUMAYO,ALIANZA ELECTORAL UNIDAD NACIONAL,108
110404,JUNIN,JUNIN,ULCUMAYO,ALIANZA PARA EL PROGRESO,49
110404,JUNIN,JUNIN,ULCUMAYO,"MOVIMIENTO INDEPENDIENTE "" HACIA EL FUTURO """,87
110404,JUNIN,JUNIN,ULCUMAYO,PARTIDO ACCION POPULAR,53
110404,JUNIN,JUNIN,ULCUMAYO,PARTIDO APRISTA PERUANO,472
110404,JUNIN,JUNIN,ULCUMAYO,PARTIDO DEMOCRATICO SOMOS PERU,270
110404,JUNIN,JUNIN,ULCUMAYO,PARTIDO PERU POSIBLE,1025
110404,JUNIN,JUNIN,ULCUMAYO,PARTIDO POLITICO NACIONAL PRIMERO PERU,155
110404,JUNIN,JUNIN,ULCUMAYO,PROGRESO DE NUESTRO PUEBLO,344
110404,JUNIN,JUNIN,ULCUMAYO,TODOS POR JUNIN,344
110404,JUNIN,JUNIN,ULCUMAYO,UNIDOS POR JUNIN - SIERRA Y SELVA,126
110502,JUNIN,TARMA,ACOBAMBA,A TRABAJAR POR TARMA,867
110502,JUNIN,TARMA,ACOBAMBA,AGRUPACION INDEPENDIENTE UNION POR EL PERU - FRENTE AMPLIO,110
110502,JUNIN,TARMA,ACOBAMBA,ALIANZA ELECTORAL UNIDAD NACIONAL,599
110502,JUNIN,TARMA,ACOBAMBA,FUERZA PROGRESISTA,1050
110502,JUNIN,TARMA,ACOBAMBA,MOVIMIENTO  INDEPENDIENTE   ACOBAMBA  EN  ACCION,112
110502,JUNIN,TARMA,ACOBAMBA,PARTIDO ACCION POPULAR,47
110502,JUNIN,TARMA,ACOBAMBA,PARTIDO APRISTA PERUANO,93
110502,JUNIN,TARMA,ACOBAMBA,PARTIDO DEMOCRATICO SOMOS PERU,107
110502,JUNIN,TARMA,ACOBAMBA,PARTIDO PERU POSIBLE,2020
110502,JUNIN,TARMA,ACOBAMBA,PARTIDO POLITICO NACIONAL PRIMERO PERU,216
110502,JUNIN,TARMA,ACOBAMBA,UNIDOS POR JUNIN - SIERRA Y SELVA,499
110503,JUNIN,TARMA,HUARICOLCA,A TRABAJAR POR TARMA,113
110503,JUNIN,TARMA,HUARICOLCA,AGRUPACION INDEPENDIENTE UNION POR EL PERU - FRENTE AMPLIO,46
110503,JUNIN,TARMA,HUARICOLCA,ALIANZA ELECTORAL UNIDAD NACIONAL,29
110503,JUNIN,TARMA,HUARICOLCA,FUERZA PROGRESISTA,261
110503,JUNIN,TARMA,HUARICOLCA,PARTIDO ACCION POPULAR,22
110503,JUNIN,TARMA,HUARICOLCA,PARTIDO APRISTA PERUANO,27
110503,JUNIN,TARMA,HUARICOLCA,PARTIDO PERU POSIBLE,136
110503,JUNIN,TARMA,HUARICOLCA,PARTIDO POLITICO NACIONAL PRIMERO PERU,292
110503,JUNIN,TARMA,HUARICOLCA,UNIDOS POR JUNIN - SIERRA Y SELVA,62
110504,JUNIN,TARMA,HUASAHUASI,A TRABAJAR POR TARMA,1459
110504,JUNIN,TARMA,HUASAHUASI,AGRUPACION INDEPENDIENTE UNION POR EL PERU - FRENTE AMPLIO,188
110504,JUNIN,TARMA,HUASAHUASI,ALIANZA ELECTORAL UNIDAD NACIONAL,356
110504,JUNIN,TARMA,HUASAHUASI,FUERZA PROGRESISTA,1225
110504,JUNIN,TARMA,HUASAHUASI,PARTIDO ACCION POPULAR,101
110504,JUNIN,TARMA,HUASAHUASI,PARTIDO APRISTA PERUANO,153
110504,JUNIN,TARMA,HUASAHUASI,PARTIDO PERU POSIBLE,721
110504,JUNIN,TARMA,HUASAHUASI,UNIDOS POR JUNIN - SIERRA Y SELVA,93
110505,JUNIN,TARMA,LA UNION,A TRABAJAR POR TARMA,345
110505,JUNIN,TARMA,LA UNION,AGRUPACION INDEPENDIENTE UNION POR EL PERU - FRENTE AMPLIO,60
110505,JUNIN,TARMA,LA UNION,ALIANZA ELECTORAL UNIDAD NACIONAL,244
110505,JUNIN,TARMA,LA UNION,FUERZA PROGRESISTA,401
110505,JUNIN,TARMA,LA UNION,MOVIMIENTO NUEVA IZQUIERDA,76
110505,JUNIN,TARMA,LA UNION,PARTIDO ACCION POPULAR,100
110505,JUNIN,TARMA,LA UNION,PARTIDO APRISTA PERUANO,42
110505,JUNIN,TARMA,LA UNION,PARTIDO PERU POSIBLE,80
110505,JUNIN,TARMA,LA UNION,UNIDOS POR JUNIN - SIERRA Y SELVA,283
110506,JUNIN,TARMA,PALCA,A TRABAJAR POR TARMA,315
110506,JUNIN,TARMA,PALCA,AGRUPACION INDEPENDIENTE UNION POR EL PERU - FRENTE AMPLIO,50
110506,JUNIN,TARMA,PALCA,ALIANZA ELECTORAL UNIDAD NACIONAL,84
110506,JUNIN,TARMA,PALCA,FUERZA PROGRESISTA,555
110506,JUNIN,TARMA,PALCA,PARTIDO ACCION POPULAR,61
110506,JUNIN,TARMA,PALCA,PARTIDO APRISTA PERUANO,273
110506,JUNIN,TARMA,PALCA,PARTIDO PERU POSIBLE,332
110506,JUNIN,TARMA,PALCA,PARTIDO POLITICO NACIONAL PRIMERO PERU,276
110506,JUNIN,TARMA,PALCA,RECUPEREMOS A PALCA,193
110506,JUNIN,TARMA,PALCA,UNIDOS POR JUNIN - SIERRA Y SELVA,376
110507,JUNIN,TARMA,PALCAMAYO,A TRABAJAR POR TARMA,461
110507,JUNIN,TARMA,PALCAMAYO,AGRUPACION INDEPENDIENTE UNION POR EL PERU - FRENTE AMPLIO,47
110507,JUNIN,TARMA,PALCAMAYO,ALIANZA ELECTORAL UNIDAD NACIONAL,147
110507,JUNIN,TARMA,PALCAMAYO,FUERZA PROGRESISTA,863
110507,JUNIN,TARMA,PALCAMAYO,PARTIDO ACCION POPULAR,44
110507,JUNIN,TARMA,PALCAMAYO,PARTIDO APRISTA PERUANO,468
110507,JUNIN,TARMA,PALCAMAYO,PARTIDO PERU POSIBLE,219
110507,JUNIN,TARMA,PALCAMAYO,UNIDOS POR JUNIN - SIERRA Y SELVA,219
110508,JUNIN,TARMA,SAN PEDRO DE CAJAS,A TRABAJAR POR TARMA,188
110508,JUNIN,TARMA,SAN PEDRO DE CAJAS,AGRUPACION INDEPENDIENTE UNION POR EL PERU - FRENTE AMPLIO,40
110508,JUNIN,TARMA,SAN PEDRO DE CAJAS,ALIANZA ELECTORAL UNIDAD NACIONAL,139
110508,JUNIN,TARMA,SAN PEDRO DE CAJAS,FUERZA PROGRESISTA,419
110508,JUNIN,TARMA,SAN PEDRO DE CAJAS,MOVIMIENTO AMPLIO PAIS UNIDO - MAPU,100
110508,JUNIN,TARMA,SAN PEDRO DE CAJAS,MOVIMIENTO NUEVA IZQUIERDA,218
110508,JUNIN,TARMA,SAN PEDRO DE CAJAS,PARTIDO ACCION POPULAR,152
110508,JUNIN,TARMA,SAN PEDRO DE CAJAS,PARTIDO APRISTA PERUANO,399
110508,JUNIN,TARMA,SAN PEDRO DE CAJAS,PARTIDO DEMOCRATICO SOMOS PERU,46
110508,JUNIN,TARMA,SAN PEDRO DE CAJAS,PARTIDO PERU POSIBLE,137
110508,JUNIN,TARMA,SAN PEDRO DE CAJAS,UNIDOS POR JUNIN - SIERRA Y SELVA,392
110509,JUNIN,TARMA,TAPO,A TRABAJAR POR TARMA,456
110509,JUNIN,TARMA,TAPO,AGRUPACION INDEPENDIENTE UNION POR EL PERU - FRENTE AMPLIO,74
110509,JUNIN,TARMA,TAPO,ALIANZA ELECTORAL UNIDAD NACIONAL,38
110509,JUNIN,TARMA,TAPO,FUERZA PROGRESISTA,147
110509,JUNIN,TARMA,TAPO,MOVIMIENTO PROGRESISTA SANTA CRUZ DE TAPO,49
110509,JUNIN,TARMA,TAPO,PARTIDO ACCION POPULAR,28
110509,JUNIN,TARMA,TAPO,PARTIDO APRISTA PERUANO,31
110509,JUNIN,TARMA,TAPO,PARTIDO PERU POSIBLE,255
110509,JUNIN,TARMA,TAPO,PARTIDO POLITICO NACIONAL PRIMERO PERU,176
110509,JUNIN,TARMA,TAPO,UNIDOS POR JUNIN - SIERRA Y SELVA,79
110602,JUNIN,YAULI,CHACAPALPA,AGRUPACION INDEPENDIENTE UNION POR EL PERU - FRENTE AMPLIO,18
110602,JUNIN,YAULI,CHACAPALPA,"LISTA INDEPENDIENTE ""T.O.D.O.S.""",9
110602,JUNIN,YAULI,CHACAPALPA,"MOVIMIENTO INDEPENDIENTE ""LA CARITA FELIZ""",70
110602,JUNIN,YAULI,CHACAPALPA,MOVIMIENTO NUEVA IZQUIERDA,68
110602,JUNIN,YAULI,CHACAPALPA,PARTIDO ACCION POPULAR,43
110602,JUNIN,YAULI,CHACAPALPA,PARTIDO APRISTA PERUANO,58
110602,JUNIN,YAULI,CHACAPALPA,PARTIDO PERU POSIBLE,23
110602,JUNIN,YAULI,CHACAPALPA,TODOS POR JUNIN,50
110602,JUNIN,YAULI,CHACAPALPA,UNIDOS POR JUNIN - SIERRA Y SELVA,125
110603,JUNIN,YAULI,HUAY HUAY,ALIANZA ELECTORAL UNIDAD NACIONAL,26
110603,JUNIN,YAULI,HUAY HUAY,"LISTA INDEPENDIENTE ""T.O.D.O.S.""",113
110603,JUNIN,YAULI,HUAY HUAY,"MOVIMIENTO INDEPENDIENTE ""LA CARITA FELIZ""",88
110603,JUNIN,YAULI,HUAY HUAY,PARTIDO ACCION POPULAR,64
110603,JUNIN,YAULI,HUAY HUAY,PARTIDO PERU POSIBLE,70
110603,JUNIN,YAULI,HUAY HUAY,UNIDOS POR JUNIN - SIERRA Y SELVA,60
110604,JUNIN,YAULI,MARCAPOMACOCHA,"MOVIMIENTO INDEPENDIENTE ""LA CARITA FELIZ""",62
110604,JUNIN,YAULI,MARCAPOMACOCHA,MOVIMIENTO NUEVA IZQUIERDA,32
110604,JUNIN,YAULI,MARCAPOMACOCHA,PARTIDO ACCION POPULAR,7
110604,JUNIN,YAULI,MARCAPOMACOCHA,PARTIDO APRISTA PERUANO,26
110604,JUNIN,YAULI,MARCAPOMACOCHA,PARTIDO DEMOCRATICO SOMOS PERU,61
110604,JUNIN,YAULI,MARCAPOMACOCHA,PARTIDO PERU POSIBLE,32
110604,JUNIN,YAULI,MARCAPOMACOCHA,UNIDOS POR JUNIN - SIERRA Y SELVA,12
110605,JUNIN,YAULI,MOROCOCHA,AGRUPACION INDEPENDIENTE UNION POR EL PERU - FRENTE AMPLIO,20
110605,JUNIN,YAULI,MOROCOCHA,ALIANZA ELECTORAL UNIDAD NACIONAL,156
110605,JUNIN,YAULI,MOROCOCHA,"LISTA INDEPENDIENTE ""T.O.D.O.S.""",37
110605,JUNIN,YAULI,MOROCOCHA,"MOVIMIENTO INDEPENDIENTE ""LA CARITA FELIZ""",246
110605,JUNIN,YAULI,MOROCOCHA,MOVIMIENTO NUEVA IZQUIERDA,214
110605,JUNIN,YAULI,MOROCOCHA,PARTIDO ACCION POPULAR,51
110605,JUNIN,YAULI,MOROCOCHA,PARTIDO APRISTA PERUANO,50
110605,JUNIN,YAULI,MOROCOCHA,PARTIDO DEMOCRATICO SOMOS PERU,39
110605,JUNIN,YAULI,MOROCOCHA,PARTIDO PERU POSIBLE,60
110605,JUNIN,YAULI,MOROCOCHA,TODOS POR JUNIN,137
110605,JUNIN,YAULI,MOROCOCHA,UNIDOS POR JUNIN - SIERRA Y SELVA,84
110606,JUNIN,YAULI,PACCHA,AGRUPACION INDEPENDIENTE UNION POR EL PERU - FRENTE AMPLIO,25
110606,JUNIN,YAULI,PACCHA,ALIANZA ELECTORAL UNIDAD NACIONAL,57
110606,JUNIN,YAULI,PACCHA,"LISTA INDEPENDIENTE ""T.O.D.O.S.""",8
110606,JUNIN,YAULI,PACCHA,"MOVIMIENTO INDEPENDIENTE ""LA CARITA FELIZ""",458
110606,JUNIN,YAULI,PACCHA,PARTIDO ACCION POPULAR,226
110606,JUNIN,YAULI,PACCHA,PARTIDO APRISTA PERUANO,65
110606,JUNIN,YAULI,PACCHA,PARTIDO DEMOCRATICO SOMOS PERU,74
110606,JUNIN,YAULI,PACCHA,PARTIDO PERU POSIBLE,35
110606,JUNIN,YAULI,PACCHA,UNIDOS POR JUNIN - SIERRA Y SELVA,68
110607,JUNIN,YAULI,SANTA BARBARA DE CARHUACAYAN,"LISTA INDEPENDIENTE ""T.O.D.O.S.""",16
110607,JUNIN,YAULI,SANTA BARBARA DE CARHUACAYAN,"MOVIMIENTO INDEPENDIENTE ""LA CARITA FELIZ""",47
110607,JUNIN,YAULI,SANTA BARBARA DE CARHUACAYAN,PARTIDO ACCION POPULAR,20
110607,JUNIN,YAULI,SANTA BARBARA DE CARHUACAYAN,PARTIDO PERU POSIBLE,81
110607,JUNIN,YAULI,SANTA BARBARA DE CARHUACAYAN,PARTIDO RENACIMIENTO ANDINO,82
110607,JUNIN,YAULI,SANTA BARBARA DE CARHUACAYAN,TODOS POR JUNIN,113
110607,JUNIN,YAULI,SANTA BARBARA DE CARHUACAYAN,UNIDOS POR JUNIN - SIERRA Y SELVA,43
110608,JUNIN,YAULI,SUITUCANCHA,ALIANZA ELECTORAL UNIDAD NACIONAL,25
110608,JUNIN,YAULI,SUITUCANCHA,"MOVIMIENTO INDEPENDIENTE ""LA CARITA FELIZ""",38
110608,JUNIN,YAULI,SUITUCANCHA,MOVIMIENTO NUEVA IZQUIERDA,58
110608,JUNIN,YAULI,SUITUCANCHA,PARTIDO ACCION POPULAR,27
110608,JUNIN,YAULI,SUITUCANCHA,PARTIDO APRISTA PERUANO,42
110608,JUNIN,YAULI,SUITUCANCHA,PARTIDO DEMOCRATICO SOMOS PERU,39
110608,JUNIN,YAULI,SUITUCANCHA,PARTIDO PERU POSIBLE,41
110608,JUNIN,YAULI,SUITUCANCHA,TODOS POR JUNIN,24
110608,JUNIN,YAULI,SUITUCANCHA,UNIDOS POR JUNIN - SIERRA Y SELVA,51
110609,JUNIN,YAULI,YAULI,AGRUPACION INDEPENDIENTE UNION POR EL PERU - FRENTE AMPLIO,85
110609,JUNIN,YAULI,YAULI,ALIANZA ELECTORAL UNIDAD NACIONAL,135
110609,JUNIN,YAULI,YAULI,FRENTE INDEPENDIENTE MORALIZADOR,65
110609,JUNIN,YAULI,YAULI,"LISTA INDEPENDIENTE ""T.O.D.O.S.""",232
110609,JUNIN,YAULI,YAULI,"MOVIMIENTO INDEPENDIENTE ""LA CARITA FELIZ""",169
110609,JUNIN,YAULI,YAULI,MOVIMIENTO NUEVA IZQUIERDA,133
110609,JUNIN,YAULI,YAULI,PARTIDO ACCION POPULAR,55
110609,JUNIN,YAULI,YAULI,PARTIDO APRISTA PERUANO,155
110609,JUNIN,YAULI,YAULI,PARTIDO DEMOCRATICO SOMOS PERU,132
110609,JUNIN,YAULI,YAULI,PARTIDO PERU POSIBLE,76
110609,JUNIN,YAULI,YAULI,TODOS POR JUNIN,38
110609,JUNIN,YAULI,YAULI,UNIDOS POR JUNIN - SIERRA Y SELVA,234
110610,JUNIN,YAULI,SANTA ROSA DE SACCO,AGRUPACION INDEPENDIENTE UNION POR EL PERU - FRENTE AMPLIO,446
110610,JUNIN,YAULI,SANTA ROSA DE SACCO,ALIANZA ELECTORAL UNIDAD NACIONAL,453
110610,JUNIN,YAULI,SANTA ROSA DE SACCO,"LISTA INDEPENDIENTE ""T.O.D.O.S.""",143
110610,JUNIN,YAULI,SANTA ROSA DE SACCO,"MOVIMIENTO INDEPENDIENTE ""LA CARITA FELIZ""",1468
110610,JUNIN,YAULI,SANTA ROSA DE SACCO,MOVIMIENTO NUEVA IZQUIERDA,110
110610,JUNIN,YAULI,SANTA ROSA DE SACCO,PARTIDO ACCION POPULAR,229
110610,JUNIN,YAULI,SANTA ROSA DE SACCO,PARTIDO APRISTA PERUANO,336
110610,JUNIN,YAULI,SANTA ROSA DE SACCO,PARTIDO DEMOCRATICO SOMOS PERU,121
110610,JUNIN,YAULI,SANTA ROSA DE SACCO,PARTIDO PERU POSIBLE,190
110610,JUNIN,YAULI,SANTA ROSA DE SACCO,TODOS POR JUNIN,225
110610,JUNIN,YAULI,SANTA ROSA DE SACCO,UNIDOS POR JUNIN - SIERRA Y SELVA,889
110702,JUNIN,SATIPO,COVIRIALI,ALIANZA ELECTORAL UNIDAD NACIONAL,280
110702,JUNIN,SATIPO,COVIRIALI,COVIRIALI AL DESARROLLO,242
110702,JUNIN,SATIPO,COVIRIALI,LINEA DE IDENTIDAD Y DESARROLLO SATIPEÑO - LIDER´S,49
110702,JUNIN,SATIPO,COVIRIALI,"LISTA INDEPENDIENTE ""SATIPO AL FUTURO""",159
110702,JUNIN,SATIPO,COVIRIALI,"MOVIMIENTO INDEPENDIENTE ""FUERZA SATIPO""",18
110702,JUNIN,SATIPO,COVIRIALI,PARTIDO APRISTA PERUANO,54
110702,JUNIN,SATIPO,COVIRIALI,PARTIDO DEMOCRATICO SOMOS PERU,39
110702,JUNIN,SATIPO,COVIRIALI,PARTIDO PERU POSIBLE,83
110702,JUNIN,SATIPO,COVIRIALI,UNIDOS POR JUNIN - SIERRA Y SELVA,53
110703,JUNIN,SATIPO,LLAYLLA,ALIANZA ELECTORAL UNIDAD NACIONAL,163
110703,JUNIN,SATIPO,LLAYLLA,LINEA DE IDENTIDAD Y DESARROLLO SATIPEÑO - LIDER´S,37
110703,JUNIN,SATIPO,LLAYLLA,"LISTA INDEPENDIENTE ""SATIPO AL FUTURO""",177
110703,JUNIN,SATIPO,LLAYLLA,"MOVIMIENTO INDEPENDIENTE ""FUERZA SATIPO""",25
110703,JUNIN,SATIPO,LLAYLLA,PARTIDO ACCION POPULAR,35
110703,JUNIN,SATIPO,LLAYLLA,PARTIDO APRISTA PERUANO,95
110703,JUNIN,SATIPO,LLAYLLA,PARTIDO DEMOCRATICO SOMOS PERU,78
110703,JUNIN,SATIPO,LLAYLLA,PARTIDO PERU POSIBLE,133
110703,JUNIN,SATIPO,LLAYLLA,TODOS POR JUNIN,134
110703,JUNIN,SATIPO,LLAYLLA,UNIDOS POR JUNIN - SIERRA Y SELVA,52
110704,JUNIN,SATIPO,MAZAMARI,AGRUPACION INDEPENDIENTE UNION POR EL PERU - FRENTE AMPLIO,794
110704,JUNIN,SATIPO,MAZAMARI,ALIANZA ELECTORAL UNIDAD NACIONAL,1282
110704,JUNIN,SATIPO,MAZAMARI,LINEA DE IDENTIDAD Y DESARROLLO SATIPEÑO - LIDER´S,327
110704,JUNIN,SATIPO,MAZAMARI,"LISTA INDEPENDIENTE ""SATIPO AL FUTURO""",727
110704,JUNIN,SATIPO,MAZAMARI,MAZAMARI AL PROGRESO,255
110704,JUNIN,SATIPO,MAZAMARI,"MOVIMIENTO INDEPENDIENTE ""FUERZA SATIPO""",38
110704,JUNIN,SATIPO,MAZAMARI,PARTIDO ACCION POPULAR,100
110704,JUNIN,SATIPO,MAZAMARI,PARTIDO APRISTA PERUANO,335
110704,JUNIN,SATIPO,MAZAMARI,PARTIDO DEMOCRATICO SOMOS PERU,149
110704,JUNIN,SATIPO,MAZAMARI,PARTIDO PERU POSIBLE,224
110704,JUNIN,SATIPO,MAZAMARI,UNIDOS POR JUNIN - SIERRA Y SELVA,367
110705,JUNIN,SATIPO,PAMPA HERMOSA,ALIANZA ELECTORAL UNIDAD NACIONAL,225
110705,JUNIN,SATIPO,PAMPA HERMOSA,LINEA DE IDENTIDAD Y DESARROLLO SATIPEÑO - LIDER´S,128
110705,JUNIN,SATIPO,PAMPA HERMOSA,"LISTA INDEPENDIENTE ""SATIPO AL FUTURO""",117
110705,JUNIN,SATIPO,PAMPA HERMOSA,"MOVIMIENTO INDEPENDIENTE ""FUERZA SATIPO""",13
110705,JUNIN,SATIPO,PAMPA HERMOSA,PARTIDO ACCION POPULAR,19
110705,JUNIN,SATIPO,PAMPA HERMOSA,PARTIDO APRISTA PERUANO,114
110705,JUNIN,SATIPO,PAMPA HERMOSA,PARTIDO DEMOCRATICO SOMOS PERU,77
110705,JUNIN,SATIPO,PAMPA HERMOSA,PARTIDO PERU POSIBLE,53
110705,JUNIN,SATIPO,PAMPA HERMOSA,UNIDOS POR JUNIN - SIERRA Y SELVA,62
110706,JUNIN,SATIPO,PANGOA,AGRUPACION INDEPENDIENTE UNION POR EL PERU - FRENTE AMPLIO,907
110706,JUNIN,SATIPO,PANGOA,ALIANZA ELECTORAL UNIDAD NACIONAL,1731
110706,JUNIN,SATIPO,PANGOA,LINEA DE IDENTIDAD Y DESARROLLO SATIPEÑO - LIDER´S,164
110706,JUNIN,SATIPO,PANGOA,"LISTA INDEPENDIENTE ""SATIPO AL FUTURO""",565
110706,JUNIN,SATIPO,PANGOA,"MOVIMIENTO INDEPENDIENTE ""FUERZA SATIPO""",196
110706,JUNIN,SATIPO,PANGOA,PARTIDO ACCION POPULAR,1361
110706,JUNIN,SATIPO,PANGOA,PARTIDO APRISTA PERUANO,681
110706,JUNIN,SATIPO,PANGOA,PARTIDO DEMOCRATICO SOMOS PERU,124
110706,JUNIN,SATIPO,PANGOA,PARTIDO PERU POSIBLE,388
110706,JUNIN,SATIPO,PANGOA,PARTIDO RENACIMIENTO ANDINO,214
110706,JUNIN,SATIPO,PANGOA,UNIDOS POR JUNIN - SIERRA Y SELVA,1268
110707,JUNIN,SATIPO,RIO NEGRO,ALIANZA ELECTORAL UNIDAD NACIONAL,1695
110707,JUNIN,SATIPO,RIO NEGRO,LINEA DE IDENTIDAD Y DESARROLLO SATIPEÑO - LIDER´S,90
110707,JUNIN,SATIPO,RIO NEGRO,"LISTA INDEPENDIENTE ""SATIPO AL FUTURO""",272
110707,JUNIN,SATIPO,RIO NEGRO,"MOVIMIENTO INDEPENDIENTE ""FUERZA SATIPO""",106
110707,JUNIN,SATIPO,RIO NEGRO,PARTIDO APRISTA PERUANO,398
110707,JUNIN,SATIPO,RIO NEGRO,PARTIDO DEMOCRATICO SOMOS PERU,103
110707,JUNIN,SATIPO,RIO NEGRO,PARTIDO PERU POSIBLE,261
110707,JUNIN,SATIPO,RIO NEGRO,UNIDOS POR JUNIN - SIERRA Y SELVA,837
110708,JUNIN,SATIPO,RIO TAMBO,ALIANZA ELECTORAL UNIDAD NACIONAL,1020
110708,JUNIN,SATIPO,RIO TAMBO,LINEA DE IDENTIDAD Y DESARROLLO SATIPEÑO - LIDER´S,349
110708,JUNIN,SATIPO,RIO TAMBO,"MOVIMIENTO INDEPENDIENTE ""FUERZA SATIPO""",25
110708,JUNIN,SATIPO,RIO TAMBO,PARTIDO ACCION POPULAR,136
110708,JUNIN,SATIPO,RIO TAMBO,PARTIDO APRISTA PERUANO,107
110708,JUNIN,SATIPO,RIO TAMBO,PARTIDO PERU POSIBLE,196
110708,JUNIN,SATIPO,RIO TAMBO,UNIDOS POR JUNIN - SIERRA Y SELVA,576
110802,JUNIN,CHANCHAMAYO,SAN RAMON,AGRUPACION INDEPENDIENTE UNION POR EL PERU - FRENTE AMPLIO,237
110802,JUNIN,CHANCHAMAYO,SAN RAMON,ALIANZA ELECTORAL UNIDAD NACIONAL,365
110802,JUNIN,CHANCHAMAYO,SAN RAMON,ALIANZA PARA EL PROGRESO,51
110802,JUNIN,CHANCHAMAYO,SAN RAMON,"LISTA INDEPENDIENTE ""FUERZA CHANCHAMAYO""",1220
110802,JUNIN,CHANCHAMAYO,SAN RAMON,"LISTA INDEPENDIENTE ""VIDA""",3777
110802,JUNIN,CHANCHAMAYO,SAN RAMON,MOVIMIENTO AMPLIO PAIS UNIDO - MAPU,57
110802,JUNIN,CHANCHAMAYO,SAN RAMON,PARTIDO ACCION POPULAR,1866
110802,JUNIN,CHANCHAMAYO,SAN RAMON,PARTIDO APRISTA PERUANO,632
110802,JUNIN,CHANCHAMAYO,SAN RAMON,PARTIDO PERU POSIBLE,291
110802,JUNIN,CHANCHAMAYO,SAN RAMON,PARTIDO RECONSTRUCCION DEMOCRATICA (PRD),344
110802,JUNIN,CHANCHAMAYO,SAN RAMON,PARTIDO RENACIMIENTO ANDINO,64
110802,JUNIN,CHANCHAMAYO,SAN RAMON,TODOS POR JUNIN,197
110802,JUNIN,CHANCHAMAYO,SAN RAMON,UNIDOS POR JUNIN - SIERRA Y SELVA,1252
110803,JUNIN,CHANCHAMAYO,VITOC,AGRUPACION INDEPENDIENTE UNION POR EL PERU - FRENTE AMPLIO,46
110803,JUNIN,CHANCHAMAYO,VITOC,ALIANZA ELECTORAL UNIDAD NACIONAL,140
110803,JUNIN,CHANCHAMAYO,VITOC,"LISTA INDEPENDIENTE ""FUERZA CHANCHAMAYO""",88
110803,JUNIN,CHANCHAMAYO,VITOC,"LISTA INDEPENDIENTE ""VIDA""",265
110803,JUNIN,CHANCHAMAYO,VITOC,PARTIDO ACCION POPULAR,221
110803,JUNIN,CHANCHAMAYO,VITOC,PARTIDO APRISTA PERUANO,105
110803,JUNIN,CHANCHAMAYO,VITOC,PARTIDO PERU POSIBLE,74
110803,JUNIN,CHANCHAMAYO,VITOC,TODOS POR JUNIN,81
110803,JUNIN,CHANCHAMAYO,VITOC,UNIDOS POR JUNIN - SIERRA Y SELVA,86
110804,JUNIN,CHANCHAMAYO,SAN LUIS DE SHUARO,ALIANZA ELECTORAL UNIDAD NACIONAL,216
110804,JUNIN,CHANCHAMAYO,SAN LUIS DE SHUARO,ALIANZA PARA EL PROGRESO,19
110804,JUNIN,CHANCHAMAYO,SAN LUIS DE SHUARO,"LISTA INDEPENDIENTE ""FUERZA CHANCHAMAYO""",522
110804,JUNIN,CHANCHAMAYO,SAN LUIS DE SHUARO,"LISTA INDEPENDIENTE ""VIDA""",552
110804,JUNIN,CHANCHAMAYO,SAN LUIS DE SHUARO,MOVIMIENTO NUEVA IZQUIERDA,22
110804,JUNIN,CHANCHAMAYO,SAN LUIS DE SHUARO,PARTIDO ACCION POPULAR,315
110804,JUNIN,CHANCHAMAYO,SAN LUIS DE SHUARO,PARTIDO APRISTA PERUANO,152
110804,JUNIN,CHANCHAMAYO,SAN LUIS DE SHUARO,PARTIDO PERU POSIBLE,109
110804,JUNIN,CHANCHAMAYO,SAN LUIS DE SHUARO,UNIDOS POR JUNIN - SIERRA Y SELVA,96
110805,JUNIN,CHANCHAMAYO,PICHANAQUI,AGRUPACION INDEPENDIENTE UNION POR EL PERU - FRENTE AMPLIO,225
110805,JUNIN,CHANCHAMAYO,PICHANAQUI,ALIANZA ELECTORAL UNIDAD NACIONAL,1431
110805,JUNIN,CHANCHAMAYO,PICHANAQUI,ALIANZA PARA EL PROGRESO,237
110805,JUNIN,CHANCHAMAYO,PICHANAQUI,FRENTE DE AGRICULTORES POR EL DESARROLLO DE PICHANAKI,1019
110805,JUNIN,CHANCHAMAYO,PICHANAQUI,"LISTA INDEPENDIENTE ""FUERZA CHANCHAMAYO""",1332
110805,JUNIN,CHANCHAMAYO,PICHANAQUI,"LISTA INDEPENDIENTE ""SELVA SIN FRONTERAS""",751
110805,JUNIN,CHANCHAMAYO,PICHANAQUI,"LISTA INDEPENDIENTE ""VIDA""",1269
110805,JUNIN,CHANCHAMAYO,PICHANAQUI,PARTIDO ACCION POPULAR,330
110805,JUNIN,CHANCHAMAYO,PICHANAQUI,PARTIDO APRISTA PERUANO,438
110805,JUNIN,CHANCHAMAYO,PICHANAQUI,PARTIDO PERU POSIBLE,593
110805,JUNIN,CHANCHAMAYO,PICHANAQUI,TODOS POR JUNIN,1113
110805,JUNIN,CHANCHAMAYO,PICHANAQUI,UNIDOS POR JUNIN - SIERRA Y SELVA,1923
110806,JUNIN,CHANCHAMAYO,PERENE,ALIANZA ELECTORAL UNIDAD NACIONAL,1842
110806,JUNIN,CHANCHAMAYO,PERENE,"LISTA INDEPENDIENTE ""FUERZA CHANCHAMAYO""",2559
110806,JUNIN,CHANCHAMAYO,PERENE,"LISTA INDEPENDIENTE ""VIDA""",2332
110806,JUNIN,CHANCHAMAYO,PERENE,PARTIDO ACCION POPULAR,844
110806,JUNIN,CHANCHAMAYO,PERENE,PARTIDO APRISTA PERUANO,666
110806,JUNIN,CHANCHAMAYO,PERENE,PARTIDO PERU POSIBLE,330
110806,JUNIN,CHANCHAMAYO,PERENE,TODOS POR JUNIN,213
110806,JUNIN,CHANCHAMAYO,PERENE,UNIDOS POR JUNIN - SIERRA Y SELVA,898
110902,JUNIN,CHUPACA,AHUAC,AGRUPACION INDEPENDIENTE UNION POR EL PERU - FRENTE AMPLIO,162
110902,JUNIN,CHUPACA,AHUAC,ALIANZA ELECTORAL UNIDAD NACIONAL,63
110902,JUNIN,CHUPACA,AHUAC,"MOVIMIENTO INDEPENDIENTE ""CHUPACA AL PROGRESO""",276
110902,JUNIN,CHUPACA,AHUAC,MOVIMIENTO NUEVA IZQUIERDA,340
110902,JUNIN,CHUPACA,AHUAC,NUEVA FUERZA,489
110902,JUNIN,CHUPACA,AHUAC,PARTIDO ACCION POPULAR,193
110902,JUNIN,CHUPACA,AHUAC,PARTIDO APRISTA PERUANO,232
110902,JUNIN,CHUPACA,AHUAC,PARTIDO DEMOCRATICO SOMOS PERU,496
110902,JUNIN,CHUPACA,AHUAC,PARTIDO PERU POSIBLE,157
110902,JUNIN,CHUPACA,AHUAC,UNIDOS POR JUNIN - SIERRA Y SELVA,767
110903,JUNIN,CHUPACA,CHONGOS BAJO,ALIANZA ELECTORAL UNIDAD NACIONAL,199
110903,JUNIN,CHUPACA,CHONGOS BAJO,"MOVIMIENTO INDEPENDIENTE ""A TRABAJAR POR CHONGOS BAJO""",113
110903,JUNIN,CHUPACA,CHONGOS BAJO,NUEVA FUERZA,461
110903,JUNIN,CHUPACA,CHONGOS BAJO,PARTIDO ACCION POPULAR,103
110903,JUNIN,CHUPACA,CHONGOS BAJO,PARTIDO APRISTA PERUANO,88
110903,JUNIN,CHUPACA,CHONGOS BAJO,PARTIDO DEMOCRATICO SOMOS PERU,163
110903,JUNIN,CHUPACA,CHONGOS BAJO,PARTIDO PERU POSIBLE,308
110903,JUNIN,CHUPACA,CHONGOS BAJO,TODOS POR JUNIN,38
110903,JUNIN,CHUPACA,CHONGOS BAJO,UNIDOS POR JUNIN - SIERRA Y SELVA,275
110904,JUNIN,CHUPACA,HUACHAC,AGRUPACION INDEPENDIENTE UNION POR EL PERU - FRENTE AMPLIO,331
110904,JUNIN,CHUPACA,HUACHAC,ALIANZA ELECTORAL UNIDAD NACIONAL,116
110904,JUNIN,CHUPACA,HUACHAC,NUEVA FUERZA,81
110904,JUNIN,CHUPACA,HUACHAC,PARTIDO ACCION POPULAR,159
110904,JUNIN,CHUPACA,HUACHAC,PARTIDO APRISTA PERUANO,80
110904,JUNIN,CHUPACA,HUACHAC,PARTIDO DEMOCRATICO SOMOS PERU,56
110904,JUNIN,CHUPACA,HUACHAC,UNIDOS POR JUNIN - SIERRA Y SELVA,470
110905,JUNIN,CHUPACA,HUAMANCACA CHICO,AGRUPACION INDEPENDIENTE UNION POR EL PERU - FRENTE AMPLIO,15
110905,JUNIN,CHUPACA,HUAMANCACA CHICO,ALIANZA ELECTORAL UNIDAD NACIONAL,106
110905,JUNIN,CHUPACA,HUAMANCACA CHICO,MOVIMIENTO NUEVA IZQUIERDA,26
110905,JUNIN,CHUPACA,HUAMANCACA CHICO,NUEVA FUERZA,50
110905,JUNIN,CHUPACA,HUAMANCACA CHICO,PARTIDO ACCION POPULAR,226
110905,JUNIN,CHUPACA,HUAMANCACA CHICO,PARTIDO APRISTA PERUANO,64
110905,JUNIN,CHUPACA,HUAMANCACA CHICO,PARTIDO DEMOCRATICO SOMOS PERU,257
110905,JUNIN,CHUPACA,HUAMANCACA CHICO,PARTIDO PERU POSIBLE,328
110905,JUNIN,CHUPACA,HUAMANCACA CHICO,TODOS POR JUNIN,19
110905,JUNIN,CHUPACA,HUAMANCACA CHICO,UNIDOS POR JUNIN - SIERRA Y SELVA,483
110906,JUNIN,CHUPACA,SAN JUAN DE YSCOS,AGRUPACION INDEPENDIENTE UNION POR EL PERU - FRENTE AMPLIO,121
110906,JUNIN,CHUPACA,SAN JUAN DE YSCOS,ALIANZA ELECTORAL UNIDAD NACIONAL,68
110906,JUNIN,CHUPACA,SAN JUAN DE YSCOS,"MOVIMIENTO INDEPENDIENTE ""CHUPACA AL PROGRESO""",30
110906,JUNIN,CHUPACA,SAN JUAN DE YSCOS,"MOVIMIENTO INDEPENDIENTE UNION CIVICA ISCOS ""UCI""",25
110906,JUNIN,CHUPACA,SAN JUAN DE YSCOS,NUEVA FUERZA,201
110906,JUNIN,CHUPACA,SAN JUAN DE YSCOS,PARTIDO ACCION POPULAR,102
110906,JUNIN,CHUPACA,SAN JUAN DE YSCOS,PARTIDO APRISTA PERUANO,85
110906,JUNIN,CHUPACA,SAN JUAN DE YSCOS,PARTIDO DEMOCRATICO SOMOS PERU,124
110906,JUNIN,CHUPACA,SAN JUAN DE YSCOS,PARTIDO PERU POSIBLE,162
110906,JUNIN,CHUPACA,SAN JUAN DE YSCOS,TODOS POR JUNIN,56
110906,JUNIN,CHUPACA,SAN JUAN DE YSCOS,UNIDOS POR JUNIN - SIERRA Y SELVA,176
110907,JUNIN,CHUPACA,SAN JUAN DE JARPA,AGRUPACION INDEPENDIENTE UNION POR EL PERU - FRENTE AMPLIO,30
110907,JUNIN,CHUPACA,SAN JUAN DE JARPA,ALIANZA ELECTORAL UNIDAD NACIONAL,80
110907,JUNIN,CHUPACA,SAN JUAN DE JARPA,"MOVIMIENTO INDEPENDIENTE ""CHUPACA AL PROGRESO""",28
110907,JUNIN,CHUPACA,SAN JUAN DE JARPA,MOVIMIENTO NUEVA IZQUIERDA,183
110907,JUNIN,CHUPACA,SAN JUAN DE JARPA,NUEVA FUERZA,262
110907,JUNIN,CHUPACA,SAN JUAN DE JARPA,PARTIDO ACCION POPULAR,15
110907,JUNIN,CHUPACA,SAN JUAN DE JARPA,PARTIDO APRISTA PERUANO,79
110907,JUNIN,CHUPACA,SAN JUAN DE JARPA,PARTIDO DEMOCRATICO SOMOS PERU,238
110907,JUNIN,CHUPACA,SAN JUAN DE JARPA,PARTIDO PERU POSIBLE,169
110907,JUNIN,CHUPACA,SAN JUAN DE JARPA,UNIDOS POR JUNIN - SIERRA Y SELVA,348
110908,JUNIN,CHUPACA,TRES DE DICIEMBRE,AGRUPACION INDEPENDIENTE UNION POR EL PERU - FRENTE AMPLIO,51
110908,JUNIN,CHUPACA,TRES DE DICIEMBRE,ALIANZA ELECTORAL UNIDAD NACIONAL,33
110908,JUNIN,CHUPACA,TRES DE DICIEMBRE,MOVIMIENTO NUEVA IZQUIERDA,37
110908,JUNIN,CHUPACA,TRES DE DICIEMBRE,NUEVA FUERZA,162
110908,JUNIN,CHUPACA,TRES DE DICIEMBRE,PARTIDO ACCION POPULAR,61
110908,JUNIN,CHUPACA,TRES DE DICIEMBRE,PARTIDO APRISTA PERUANO,88
110908,JUNIN,CHUPACA,TRES DE DICIEMBRE,PARTIDO DEMOCRATICO SOMOS PERU,187
110908,JUNIN,CHUPACA,TRES DE DICIEMBRE,PARTIDO PERU POSIBLE,72
110908,JUNIN,CHUPACA,TRES DE DICIEMBRE,TODOS POR JUNIN,122
110908,JUNIN,CHUPACA,TRES DE DICIEMBRE,UNIDOS POR JUNIN - SIERRA Y SELVA,91
110909,JUNIN,CHUPACA,YANACANCHA,AGRUPACION INDEPENDIENTE UNION POR EL PERU - FRENTE AMPLIO,51
110909,JUNIN,CHUPACA,YANACANCHA,ALIANZA ELECTORAL UNIDAD NACIONAL,38
110909,JUNIN,CHUPACA,YANACANCHA,MOVIMIENTO DEMOCRATICO YANACANCHINO,168
110909,JUNIN,CHUPACA,YANACANCHA,"MOVIMIENTO INDEPENDIENTE ""CHUPACA AL PROGRESO""",3
110909,JUNIN,CHUPACA,YANACANCHA,NUEVA FUERZA,78
110909,JUNIN,CHUPACA,YANACANCHA,PARTIDO APRISTA PERUANO,53
110909,JUNIN,CHUPACA,YANACANCHA,PARTIDO DEMOCRATICO SOMOS PERU,220
110909,JUNIN,CHUPACA,YANACANCHA,PARTIDO PERU POSIBLE,112
110909,JUNIN,CHUPACA,YANACANCHA,TODOS POR JUNIN,45
110909,JUNIN,CHUPACA,YANACANCHA,UNIDOS POR JUNIN - SIERRA Y SELVA,207
120102,LA LIBERTAD,TRUJILLO,HUANCHACO,AGRUPACION INDEPENDIENTE UNION POR EL PERU - FRENTE AMPLIO,170
120102,LA LIBERTAD,TRUJILLO,HUANCHACO,ALIANZA PARA EL PROGRESO,409
120102,LA LIBERTAD,TRUJILLO,HUANCHACO,CAPACIDAD CIUDADANA AL DESARROLLO,215
120102,LA LIBERTAD,TRUJILLO,HUANCHACO,FUERZA DEMOCRATICA,864
120102,LA LIBERTAD,TRUJILLO,HUANCHACO,"LISTA INDEPENDIENTE ""CONTIGO TRUJILLO""",1110
120102,LA LIBERTAD,TRUJILLO,HUANCHACO,"LISTA INDEPENDIENTE ""HUANCHACO INDEPENDIENTE""",362
120102,LA LIBERTAD,TRUJILLO,HUANCHACO,"LISTA INDEPENDIENTE ""MOVIMIENTO UNIDOS POR HUANCHACO""",790
120102,LA LIBERTAD,TRUJILLO,HUANCHACO,PARTIDO APRISTA PERUANO,3910
120102,LA LIBERTAD,TRUJILLO,HUANCHACO,PARTIDO DEMOCRATICO SOMOS PERU,108
120102,LA LIBERTAD,TRUJILLO,HUANCHACO,PARTIDO PERU POSIBLE,341
120103,LA LIBERTAD,TRUJILLO,LAREDO,ALIANZA PARA EL PROGRESO,1090
120103,LA LIBERTAD,TRUJILLO,LAREDO,CAPACIDAD CIUDADANA AL DESARROLLO,588
120103,LA LIBERTAD,TRUJILLO,LAREDO,FUERZA DEMOCRATICA,3296
120103,LA LIBERTAD,TRUJILLO,LAREDO,"LISTA INDEPENDIENTE ""CONTIGO TRUJILLO""",3396
120103,LA LIBERTAD,TRUJILLO,LAREDO,"MOVIMIENTO INDEPENDIENTE ""VIDA""",686
120103,LA LIBERTAD,TRUJILLO,LAREDO,PARTIDO ACCION POPULAR,50
120103,LA LIBERTAD,TRUJILLO,LAREDO,PARTIDO APRISTA PERUANO,5195
120103,LA LIBERTAD,TRUJILLO,LAREDO,PARTIDO POLITICO NACIONAL PRIMERO PERU,236
120104,LA LIBERTAD,TRUJILLO,MOCHE,AGRUPACION INDEPENDIENTE UNION POR EL PERU - FRENTE AMPLIO,588
120104,LA LIBERTAD,TRUJILLO,MOCHE,ALIANZA PARA EL PROGRESO,326
120104,LA LIBERTAD,TRUJILLO,MOCHE,CAPACIDAD CIUDADANA AL DESARROLLO,383
120104,LA LIBERTAD,TRUJILLO,MOCHE,FUERZA DEMOCRATICA,2718
120104,LA LIBERTAD,TRUJILLO,MOCHE,"LISTA INDEPENDIENTE ""CAMBIEMOS A MOCHE""",372
120104,LA LIBERTAD,TRUJILLO,MOCHE,"LISTA INDEPENDIENTE ""CONTIGO TRUJILLO""",2292
120104,LA LIBERTAD,TRUJILLO,MOCHE,"LISTA INDEPENDIENTE ""UNIFIQUEMOS MOCHE""",298
120104,LA LIBERTAD,TRUJILLO,MOCHE,MOVIMIENTO AMPLIO PAIS UNIDO - MAPU,262
120104,LA LIBERTAD,TRUJILLO,MOCHE,PARTIDO APRISTA PERUANO,3157
120104,LA LIBERTAD,TRUJILLO,MOCHE,PARTIDO RENACIMIENTO ANDINO,303
120105,LA LIBERTAD,TRUJILLO,SALAVERRY,"LISTA INDEPENDIENTE ""CONTIGO TRUJILLO""",200
120105,LA LIBERTAD,TRUJILLO,SALAVERRY,"LISTA INDEPENDIENTE ""MOVIMIENTO RENOVACION SALAVERRINA""",2786
120105,LA LIBERTAD,TRUJILLO,SALAVERRY,PARTIDO APRISTA PERUANO,1812
120106,LA LIBERTAD,TRUJILLO,SIMBAL,ALIANZA PARA EL PROGRESO,73
120106,LA LIBERTAD,TRUJILLO,SIMBAL,FUERZA DEMOCRATICA,457
120106,LA LIBERTAD,TRUJILLO,SIMBAL,"LISTA INDEPENDIENTE ""CONTIGO TRUJILLO""",484
120106,LA LIBERTAD,TRUJILLO,SIMBAL,MOVIMIENTO NUEVA IZQUIERDA,123
120106,LA LIBERTAD,TRUJILLO,SIMBAL,PARTIDO APRISTA PERUANO,842
120107,LA LIBERTAD,TRUJILLO,VICTOR LARCO HERRERA,ALIANZA PARA EL PROGRESO,898
120107,LA LIBERTAD,TRUJILLO,VICTOR LARCO HERRERA,"ALIANZA POPULAR INDEPENDIENTE ""VICTOR LARCO HERRERA""",5253
120107,LA LIBERTAD,TRUJILLO,VICTOR LARCO HERRERA,FUERZA DEMOCRATICA,1575
120107,LA LIBERTAD,TRUJILLO,VICTOR LARCO HERRERA,"LISTA INDEPENDIENTE ""CONTIGO TRUJILLO""",381
120107,LA LIBERTAD,TRUJILLO,VICTOR LARCO HERRERA,"MOVIMIENTO INDEPENDIENTE ""UNIDOS POR VICTOR LARCO""",3754
120107,LA LIBERTAD,TRUJILLO,VICTOR LARCO HERRERA,MOVIMIENTO NUEVA IZQUIERDA,241
120107,LA LIBERTAD,TRUJILLO,VICTOR LARCO HERRERA,PARTIDO ACCION POPULAR,257
120107,LA LIBERTAD,TRUJILLO,VICTOR LARCO HERRERA,PARTIDO APRISTA PERUANO,7797
120107,LA LIBERTAD,TRUJILLO,VICTOR LARCO HERRERA,PARTIDO POLITICO NACIONAL PRIMERO PERU,207
120109,LA LIBERTAD,TRUJILLO,POROTO,ALIANZA PARA EL PROGRESO,348
120109,LA LIBERTAD,TRUJILLO,POROTO,CAPACIDAD CIUDADANA AL DESARROLLO,99
120109,LA LIBERTAD,TRUJILLO,POROTO,FUERZA DEMOCRATICA,112
120109,LA LIBERTAD,TRUJILLO,POROTO,"LISTA INDEPENDIENTE ""CONTIGO TRUJILLO""",443
120109,LA LIBERTAD,TRUJILLO,POROTO,PARTIDO APRISTA PERUANO,447
120109,LA LIBERTAD,TRUJILLO,POROTO,PARTIDO PERU POSIBLE,253
120110,LA LIBERTAD,TRUJILLO,EL PORVENIR,ALIANZA PARA EL PROGRESO,1121
120110,LA LIBERTAD,TRUJILLO,EL PORVENIR,FUERZA DEMOCRATICA,1956
120110,LA LIBERTAD,TRUJILLO,EL PORVENIR,"LISTA INDEPENDIENTE ""CONTIGO TRUJILLO""",9476
120110,LA LIBERTAD,TRUJILLO,EL PORVENIR,"MOVIMIENTO INDEPENDIENTE ""SUMATE""",9465
120110,LA LIBERTAD,TRUJILLO,EL PORVENIR,MOVIMIENTO NUEVA IZQUIERDA,333
120110,LA LIBERTAD,TRUJILLO,EL PORVENIR,PARTIDO APRISTA PERUANO,16784
120110,LA LIBERTAD,TRUJILLO,EL PORVENIR,PARTIDO DEMOCRATICO SOMOS PERU,266
120110,LA LIBERTAD,TRUJILLO,EL PORVENIR,PARTIDO POLITICO NACIONAL PRIMERO PERU,498
120111,LA LIBERTAD,TRUJILLO,LA ESPERANZA,AGRUPACION INDEPENDIENTE UNION POR EL PERU - FRENTE AMPLIO,239
120111,LA LIBERTAD,TRUJILLO,LA ESPERANZA,ALIANZA PARA EL PROGRESO,4142
120111,LA LIBERTAD,TRUJILLO,LA ESPERANZA,FUERZA DEMOCRATICA,8474
120111,LA LIBERTAD,TRUJILLO,LA ESPERANZA,"LISTA INDEPENDIENTE ""CONTIGO TRUJILLO""",3950
120111,LA LIBERTAD,TRUJILLO,LA ESPERANZA,LISTA INDEPENDIENTE OBRAS VECINALES,234
120111,LA LIBERTAD,TRUJILLO,LA ESPERANZA,MOVIMIENTO NUEVA IZQUIERDA,511
120111,LA LIBERTAD,TRUJILLO,LA ESPERANZA,PARTIDO APRISTA PERUANO,18052
120111,LA LIBERTAD,TRUJILLO,LA ESPERANZA,PARTIDO DEMOCRATICO SOMOS PERU,14998
120111,LA LIBERTAD,TRUJILLO,LA ESPERANZA,PARTIDO PERU POSIBLE,2183
120112,LA LIBERTAD,TRUJILLO,FLORENCIA DE MORA,ALIANZA PARA EL PROGRESO,755
120112,LA LIBERTAD,TRUJILLO,FLORENCIA DE MORA,FUERZA DEMOCRATICA,1229
120112,LA LIBERTAD,TRUJILLO,FLORENCIA DE MORA,"LISTA INDEPENDIENTE ""CONTIGO TRUJILLO""",5885
120112,LA LIBERTAD,TRUJILLO,FLORENCIA DE MORA,"MOVIMIENTO INDEPENDIENTE ""NUEVA ACCION FLORENCIANA""",927
120112,LA LIBERTAD,TRUJILLO,FLORENCIA DE MORA,MOVIMIENTO NUEVA IZQUIERDA,321
120112,LA LIBERTAD,TRUJILLO,FLORENCIA DE MORA,PARTIDO APRISTA PERUANO,8227
120112,LA LIBERTAD,TRUJILLO,FLORENCIA DE MORA,PARTIDO DEMOCRATICO SOMOS PERU,249
120112,LA LIBERTAD,TRUJILLO,FLORENCIA DE MORA,PARTIDO PERU POSIBLE,527
120112,LA LIBERTAD,TRUJILLO,FLORENCIA DE MORA,PARTIDO RENACIMIENTO ANDINO,69
120202,LA LIBERTAD,BOLIVAR,BAMBAMARCA,ALIANZA ELECTORAL UNIDAD NACIONAL,169
120202,LA LIBERTAD,BOLIVAR,BAMBAMARCA,MOVIMIENTO DE INTEGRACION BOLIVARIANA (MI BOLIVAR),83
120202,LA LIBERTAD,BOLIVAR,BAMBAMARCA,PARTIDO ACCION POPULAR,61
120202,LA LIBERTAD,BOLIVAR,BAMBAMARCA,PARTIDO APRISTA PERUANO,122
120202,LA LIBERTAD,BOLIVAR,BAMBAMARCA,PARTIDO PERU POSIBLE,290
120203,LA LIBERTAD,BOLIVAR,CONDORMARCA,MOVIMIENTO DE INTEGRACION BOLIVARIANA (MI BOLIVAR),306
120203,LA LIBERTAD,BOLIVAR,CONDORMARCA,PARTIDO APRISTA PERUANO,172
120203,LA LIBERTAD,BOLIVAR,CONDORMARCA,PARTIDO DEMOCRATICO SOMOS PERU,47
120203,LA LIBERTAD,BOLIVAR,CONDORMARCA,PARTIDO PERU POSIBLE,126
120204,LA LIBERTAD,BOLIVAR,LONGOTEA,ALIANZA ELECTORAL UNIDAD NACIONAL,208
120204,LA LIBERTAD,BOLIVAR,LONGOTEA,MOVIMIENTO DE INTEGRACION BOLIVARIANA (MI BOLIVAR),39
120204,LA LIBERTAD,BOLIVAR,LONGOTEA,PARTIDO ACCION POPULAR,138
120204,LA LIBERTAD,BOLIVAR,LONGOTEA,PARTIDO APRISTA PERUANO,95
120204,LA LIBERTAD,BOLIVAR,LONGOTEA,PARTIDO PERU POSIBLE,217
120205,LA LIBERTAD,BOLIVAR,UCUNCHA,ALIANZA ELECTORAL UNIDAD NACIONAL,222
120205,LA LIBERTAD,BOLIVAR,UCUNCHA,MOVIMIENTO DE INTEGRACION BOLIVARIANA (MI BOLIVAR),36
120205,LA LIBERTAD,BOLIVAR,UCUNCHA,PARTIDO ACCION POPULAR,66
120205,LA LIBERTAD,BOLIVAR,UCUNCHA,PARTIDO APRISTA PERUANO,119
120205,LA LIBERTAD,BOLIVAR,UCUNCHA,PARTIDO PERU POSIBLE,22
120206,LA LIBERTAD,BOLIVAR,UCHUMARCA,ALIANZA ELECTORAL UNIDAD NACIONAL,305
120206,LA LIBERTAD,BOLIVAR,UCHUMARCA,MOVIMIENTO DE INTEGRACION BOLIVARIANA (MI BOLIVAR),102
120206,LA LIBERTAD,BOLIVAR,UCHUMARCA,PARTIDO ACCION POPULAR,131
120206,LA LIBERTAD,BOLIVAR,UCHUMARCA,PARTIDO APRISTA PERUANO,222
120206,LA LIBERTAD,BOLIVAR,UCHUMARCA,PARTIDO DEMOCRATICO SOMOS PERU,47
120206,LA LIBERTAD,BOLIVAR,UCHUMARCA,PARTIDO PERU POSIBLE,171
120302,LA LIBERTAD,SANCHEZ CARRION,COCHORCO,ALIANZA ELECTORAL UNIDAD NACIONAL,210
120302,LA LIBERTAD,SANCHEZ CARRION,COCHORCO,ALIANZA PARA EL PROGRESO,65
120302,LA LIBERTAD,SANCHEZ CARRION,COCHORCO,"MOVIMIENTO INDEPENDIENTE ""MADOGI""",248
120302,LA LIBERTAD,SANCHEZ CARRION,COCHORCO,PARTIDO ACCION POPULAR,181
120302,LA LIBERTAD,SANCHEZ CARRION,COCHORCO,PARTIDO APRISTA PERUANO,644
120302,LA LIBERTAD,SANCHEZ CARRION,COCHORCO,PARTIDO PERU POSIBLE,577
120302,LA LIBERTAD,SANCHEZ CARRION,COCHORCO,PARTIDO RENACIMIENTO ANDINO,129
120303,LA LIBERTAD,SANCHEZ CARRION,CURGOS,AGRUPACION INDEPENDIENTE UNION POR EL PERU - FRENTE AMPLIO,124
120303,LA LIBERTAD,SANCHEZ CARRION,CURGOS,ALIANZA ELECTORAL UNIDAD NACIONAL,278
120303,LA LIBERTAD,SANCHEZ CARRION,CURGOS,ALIANZA PARA EL PROGRESO,91
120303,LA LIBERTAD,SANCHEZ CARRION,CURGOS,"MOVIMIENTO INDEPENDIENTE ""MADOGI""",75
120303,LA LIBERTAD,SANCHEZ CARRION,CURGOS,"MOVIMIENTO INDEPENDIENTE ""UNION Y DESARROLLO""",142
120303,LA LIBERTAD,SANCHEZ CARRION,CURGOS,PARTIDO ACCION POPULAR,74
120303,LA LIBERTAD,SANCHEZ CARRION,CURGOS,PARTIDO APRISTA PERUANO,571
120303,LA LIBERTAD,SANCHEZ CARRION,CURGOS,PARTIDO DEMOCRATICO SOMOS PERU,678
120303,LA LIBERTAD,SANCHEZ CARRION,CURGOS,PARTIDO PERU POSIBLE,348
120303,LA LIBERTAD,SANCHEZ CARRION,CURGOS,PARTIDO RENACIMIENTO ANDINO,66
120304,LA LIBERTAD,SANCHEZ CARRION,CHUGAY,ALIANZA ELECTORAL UNIDAD NACIONAL,1074
120304,LA LIBERTAD,SANCHEZ CARRION,CHUGAY,ALIANZA PARA EL PROGRESO,91
120304,LA LIBERTAD,SANCHEZ CARRION,CHUGAY,"MOVIMIENTO INDEPENDIENTE ""MADOGI""",355
120304,LA LIBERTAD,SANCHEZ CARRION,CHUGAY,"MOVIMIENTO INDEPENDIENTE ""UNION Y DESARROLLO""",689
120304,LA LIBERTAD,SANCHEZ CARRION,CHUGAY,PARTIDO ACCION POPULAR,468
120304,LA LIBERTAD,SANCHEZ CARRION,CHUGAY,PARTIDO APRISTA PERUANO,703
120304,LA LIBERTAD,SANCHEZ CARRION,CHUGAY,PARTIDO PERU POSIBLE,315
120305,LA LIBERTAD,SANCHEZ CARRION,MARCABAL,ALIANZA ELECTORAL UNIDAD NACIONAL,88
120305,LA LIBERTAD,SANCHEZ CARRION,MARCABAL,ALIANZA PARA EL PROGRESO,140
120305,LA LIBERTAD,SANCHEZ CARRION,MARCABAL,"MOVIMIENTO INDEPENDIENTE ""MADOGI""",126
120305,LA LIBERTAD,SANCHEZ CARRION,MARCABAL,"MOVIMIENTO INDEPENDIENTE DE DESARROLLO ESTRATEGICO ""MIDE""",130
120305,LA LIBERTAD,SANCHEZ CARRION,MARCABAL,PARTIDO ACCION POPULAR,311
120305,LA LIBERTAD,SANCHEZ CARRION,MARCABAL,PARTIDO APRISTA PERUANO,1203
120305,LA LIBERTAD,SANCHEZ CARRION,MARCABAL,PARTIDO DEMOCRATICO SOMOS PERU,110
120305,LA LIBERTAD,SANCHEZ CARRION,MARCABAL,PARTIDO PERU POSIBLE,24
120305,LA LIBERTAD,SANCHEZ CARRION,MARCABAL,PARTIDO RENACIMIENTO ANDINO,573
120306,LA LIBERTAD,SANCHEZ CARRION,SANAGORAN,AGRUPACION INDEPENDIENTE UNION POR EL PERU - FRENTE AMPLIO,511
120306,LA LIBERTAD,SANCHEZ CARRION,SANAGORAN,ALIANZA ELECTORAL UNIDAD NACIONAL,361
120306,LA LIBERTAD,SANCHEZ CARRION,SANAGORAN,ALIANZA PARA EL PROGRESO,44
120306,LA LIBERTAD,SANCHEZ CARRION,SANAGORAN,CAPACIDAD CIUDADANA AL DESARROLLO,70
120306,LA LIBERTAD,SANCHEZ CARRION,SANAGORAN,"MOVIMIENTO INDEPENDIENTE ""MADOGI""",60
120306,LA LIBERTAD,SANCHEZ CARRION,SANAGORAN,PARTIDO ACCION POPULAR,389
120306,LA LIBERTAD,SANCHEZ CARRION,SANAGORAN,PARTIDO APRISTA PERUANO,654
120306,LA LIBERTAD,SANCHEZ CARRION,SANAGORAN,PARTIDO PERU POSIBLE,300
120306,LA LIBERTAD,SANCHEZ CARRION,SANAGORAN,PARTIDO RENACIMIENTO ANDINO,217
120307,LA LIBERTAD,SANCHEZ CARRION,SARIN,ALIANZA ELECTORAL UNIDAD NACIONAL,243
120307,LA LIBERTAD,SANCHEZ CARRION,SARIN,ALIANZA PARA EL PROGRESO,236
120307,LA LIBERTAD,SANCHEZ CARRION,SARIN,CAPACIDAD CIUDADANA AL DESARROLLO,61
120307,LA LIBERTAD,SANCHEZ CARRION,SARIN,"MOVIMIENTO INDEPENDIENTE ""MADOGI""",173
120307,LA LIBERTAD,SANCHEZ CARRION,SARIN,"MOVIMIENTO INDEPENDIENTE ""SARINEROS DE CORAZON""",70
120307,LA LIBERTAD,SANCHEZ CARRION,SARIN,"MOVIMIENTO INDEPENDIENTE ""UNION Y DESARROLLO""",460
120307,LA LIBERTAD,SANCHEZ CARRION,SARIN,PARTIDO ACCION POPULAR,329
120307,LA LIBERTAD,SANCHEZ CARRION,SARIN,PARTIDO APRISTA PERUANO,367
120307,LA LIBERTAD,SANCHEZ CARRION,SARIN,PARTIDO DEMOCRATICO SOMOS PERU,393
120307,LA LIBERTAD,SANCHEZ CARRION,SARIN,PARTIDO RENACIMIENTO ANDINO,22
120308,LA LIBERTAD,SANCHEZ CARRION,SARTIBAMBA,ALIANZA ELECTORAL UNIDAD NACIONAL,677
120308,LA LIBERTAD,SANCHEZ CARRION,SARTIBAMBA,MOVIMIENTO CAMPESINO UNIENDO Y DESARROLLANDO PUEBLOS - UDP,1016
120308,LA LIBERTAD,SANCHEZ CARRION,SARTIBAMBA,"MOVIMIENTO INDEPENDIENTE ""MADOGI""",44
120308,LA LIBERTAD,SANCHEZ CARRION,SARTIBAMBA,"MOVIMIENTO INDEPENDIENTE ""UNION Y DESARROLLO""",49
120308,LA LIBERTAD,SANCHEZ CARRION,SARTIBAMBA,PARTIDO APRISTA PERUANO,776
120308,LA LIBERTAD,SANCHEZ CARRION,SARTIBAMBA,PARTIDO PERU POSIBLE,177
120308,LA LIBERTAD,SANCHEZ CARRION,SARTIBAMBA,PARTIDO RENACIMIENTO ANDINO,96
120402,LA LIBERTAD,OTUZCO,AGALLPAMPA,ALIANZA ELECTORAL VAMOS VECINO,241
120402,LA LIBERTAD,OTUZCO,AGALLPAMPA,ALIANZA PARA EL PROGRESO,75
120402,LA LIBERTAD,OTUZCO,AGALLPAMPA,"MOVIMIENTO INDEPENDIENTE ""MAS OBRAS""",500
120402,LA LIBERTAD,OTUZCO,AGALLPAMPA,"MOVIMIENTO INDEPENDIENTE ""MICOEE""",173
120402,LA LIBERTAD,OTUZCO,AGALLPAMPA,MOVIMIENTO INDEPENDIENTE CIVICO PARA EL PROGRESO,787
120402,LA LIBERTAD,OTUZCO,AGALLPAMPA,PARTIDO APRISTA PERUANO,300
120403,LA LIBERTAD,OTUZCO,CHARAT,ALIANZA PARA EL PROGRESO,184
120403,LA LIBERTAD,OTUZCO,CHARAT,"MOVIMIENTO INDEPENDIENTE ""CHARAT ESTUDIO Y TRABAJO""",516
120403,LA LIBERTAD,OTUZCO,CHARAT,"MOVIMIENTO INDEPENDIENTE ""MAS OBRAS""",125
120403,LA LIBERTAD,OTUZCO,CHARAT,MOVIMIENTO INDEPENDIENTE CIVICO PARA EL PROGRESO,244
120403,LA LIBERTAD,OTUZCO,CHARAT,PARTIDO APRISTA PERUANO,131
120404,LA LIBERTAD,OTUZCO,HUARANCHAL,ALIANZA PARA EL PROGRESO,987
120404,LA LIBERTAD,OTUZCO,HUARANCHAL,"MOVIMIENTO INDEPENDIENTE ""CONCERTACION OTUZCANA""",283
120404,LA LIBERTAD,OTUZCO,HUARANCHAL,"MOVIMIENTO INDEPENDIENTE ""MAS OBRAS""",156
120404,LA LIBERTAD,OTUZCO,HUARANCHAL,"MOVIMIENTO INDEPENDIENTE ""MICOEE""",568
120404,LA LIBERTAD,OTUZCO,HUARANCHAL,PARTIDO APRISTA PERUANO,211
120405,LA LIBERTAD,OTUZCO,LA CUESTA,ALIANZA PARA EL PROGRESO,334
120405,LA LIBERTAD,OTUZCO,LA CUESTA,"MOVIMIENTO INDEPENDIENTE ""CONCERTACION OTUZCANA""",31
120405,LA LIBERTAD,OTUZCO,LA CUESTA,"MOVIMIENTO INDEPENDIENTE ""MICOEE""",122
120405,LA LIBERTAD,OTUZCO,LA CUESTA,MOVIMIENTO INDEPENDIENTE CIVICO PARA EL PROGRESO,70
120405,LA LIBERTAD,OTUZCO,LA CUESTA,PARTIDO APRISTA PERUANO,117
120408,LA LIBERTAD,OTUZCO,PARANDAY,ALIANZA PARA EL PROGRESO,137
120408,LA LIBERTAD,OTUZCO,PARANDAY,"MOVIMIENTO INDEPENDIENTE ""CONCERTACION OTUZCANA""",9
120408,LA LIBERTAD,OTUZCO,PARANDAY,"MOVIMIENTO INDEPENDIENTE ""MICOEE""",68
120408,LA LIBERTAD,OTUZCO,PARANDAY,PARTIDO ACCION POPULAR,94
120408,LA LIBERTAD,OTUZCO,PARANDAY,PARTIDO APRISTA PERUANO,39
120409,LA LIBERTAD,OTUZCO,SALPO,"MOVIMIENTO INDEPENDIENTE ""MAS OBRAS""",247
120409,LA LIBERTAD,OTUZCO,SALPO,"MOVIMIENTO INDEPENDIENTE ""MICOEE""",32
120409,LA LIBERTAD,OTUZCO,SALPO,"MOVIMIENTO INDEPENDIENTE ""NUEVO SALPO""",553
120409,LA LIBERTAD,OTUZCO,SALPO,"MOVIMIENTO INDEPENDIENTE ""RESURGIR SALPINO""",226
120409,LA LIBERTAD,OTUZCO,SALPO,MOVIMIENTO INDEPENDIENTE CIVICO PARA EL PROGRESO,54
120409,LA LIBERTAD,OTUZCO,SALPO,PARTIDO APRISTA PERUANO,1285
120410,LA LIBERTAD,OTUZCO,SINSICAP,ALIANZA PARA EL PROGRESO,271
120410,LA LIBERTAD,OTUZCO,SINSICAP,"MOVIMIENTO INDEPENDIENTE ""JUVENTUD CON TRABAJO POR SU DESARROLLO SINSICAP""",176
120410,LA LIBERTAD,OTUZCO,SINSICAP,"MOVIMIENTO INDEPENDIENTE ""MAS OBRAS""",671
120410,LA LIBERTAD,OTUZCO,SINSICAP,"MOVIMIENTO INDEPENDIENTE ""MICOEE""",342
120410,LA LIBERTAD,OTUZCO,SINSICAP,MOVIMIENTO INDEPENDIENTE CIVICO PARA EL PROGRESO,91
120410,LA LIBERTAD,OTUZCO,SINSICAP,PARTIDO APRISTA PERUANO,715
120410,LA LIBERTAD,OTUZCO,SINSICAP,PARTIDO POLITICO NACIONAL PRIMERO PERU,275
120411,LA LIBERTAD,OTUZCO,USQUIL,ALIANZA PARA EL PROGRESO,61
120411,LA LIBERTAD,OTUZCO,USQUIL,"MOVIMIENTO INDEPENDIENTE ""CONCERTACION OTUZCANA""",1133
120411,LA LIBERTAD,OTUZCO,USQUIL,"MOVIMIENTO INDEPENDIENTE ""MICOEE""",3465
120411,LA LIBERTAD,OTUZCO,USQUIL,MOVIMIENTO INDEPENDIENTE CIVICO PARA EL PROGRESO,1127
120411,LA LIBERTAD,OTUZCO,USQUIL,PARTIDO APRISTA PERUANO,1841
120413,LA LIBERTAD,OTUZCO,MACHE,"MOVIMIENTO INDEPENDIENTE ""MAS OBRAS""",766
120413,LA LIBERTAD,OTUZCO,MACHE,"MOVIMIENTO INDEPENDIENTE ""MICOEE""",65
120413,LA LIBERTAD,OTUZCO,MACHE,MOVIMIENTO INDEPENDIENTE CIVICO PARA EL PROGRESO,529
120413,LA LIBERTAD,OTUZCO,MACHE,PARTIDO APRISTA PERUANO,459
120413,LA LIBERTAD,OTUZCO,MACHE,PARTIDO DEMOCRATICO SOMOS PERU,363
120413,LA LIBERTAD,OTUZCO,MACHE,PARTIDO RENACIMIENTO ANDINO,62
120503,LA LIBERTAD,PACASMAYO,GUADALUPE,"MOVIMIENTO INDEPENDIENTE ""UNION POR GUADALUPE""",5223
120503,LA LIBERTAD,PACASMAYO,GUADALUPE,MOVIMIENTO NUEVA IZQUIERDA,1183
120503,LA LIBERTAD,PACASMAYO,GUADALUPE,PARTIDO APRISTA PERUANO,6076
120503,LA LIBERTAD,PACASMAYO,GUADALUPE,PARTIDO PERU POSIBLE,382
120504,LA LIBERTAD,PACASMAYO,JEQUETEPEQUE,"LISTA INDEPENDIENTE ""CIVISMO Y ECOLOGIA PROVINCIAL""",494
120504,LA LIBERTAD,PACASMAYO,JEQUETEPEQUE,"MOVIMIENTO INDEPENDIENTE ""SIEMPRE POR JEQUETEPEQUE""",633
120504,LA LIBERTAD,PACASMAYO,JEQUETEPEQUE,PARTIDO APRISTA PERUANO,409
120506,LA LIBERTAD,PACASMAYO,PACASMAYO,ALIANZA ELECTORAL UNIDAD NACIONAL,3376
120506,LA LIBERTAD,PACASMAYO,PACASMAYO,"MOVIMIENTO INDEPENDIENTE ""ALTERNATIVA PACASMAYO SUPERACION""",1116
120506,LA LIBERTAD,PACASMAYO,PACASMAYO,"MOVIMIENTO INDEPENDIENTE ""JUNTOS POR PACASMAYO""",1994
120506,LA LIBERTAD,PACASMAYO,PACASMAYO,"MOVIMIENTO INDEPENDIENTE ""SEMBREMOS PROGRESO""",271
120506,LA LIBERTAD,PACASMAYO,PACASMAYO,"MOVIMIENTO INDEPENDIENTE ""UNIDOS PARA LA ACCION""",1985
120506,LA LIBERTAD,PACASMAYO,PACASMAYO,MOVIMIENTO NUEVA IZQUIERDA,130
120506,LA LIBERTAD,PACASMAYO,PACASMAYO,PARTIDO ACCION POPULAR,144
120506,LA LIBERTAD,PACASMAYO,PACASMAYO,PARTIDO APRISTA PERUANO,4175
120508,LA LIBERTAD,PACASMAYO,SAN JOSE,"MOVIMIENTO INDEPENDIENTE ""CONTIGO SAN JOSE""",1092
120508,LA LIBERTAD,PACASMAYO,SAN JOSE,"MOVIMIENTO INDEPENDIENTE ""DESARROLLO, OBRAS Y DESCENTRALIZACION""",1493
120508,LA LIBERTAD,PACASMAYO,SAN JOSE,"MOVIMIENTO INDEPENDIENTE ""EL DESARROLLO DE LA MANO CON EL PUEBLO""",636
120508,LA LIBERTAD,PACASMAYO,SAN JOSE,"MOVIMIENTO INDEPENDIENTE ""EL PROGRESO DE SAN JOSE""",134
120508,LA LIBERTAD,PACASMAYO,SAN JOSE,"MOVIMIENTO INDEPENDIENTE ""FUERZA SAN JOSE""",256
120508,LA LIBERTAD,PACASMAYO,SAN JOSE,"MOVIMIENTO INDEPENDIENTE ""LUCHEMOS POR SAN JOSE""",290
120508,LA LIBERTAD,PACASMAYO,SAN JOSE,PARTIDO APRISTA PERUANO,728
120508,LA LIBERTAD,PACASMAYO,SAN JOSE,PARTIDO PERU POSIBLE,51
120602,LA LIBERTAD,PATAZ,BULDIBUYO,ALIANZA PARA EL PROGRESO,38
120602,LA LIBERTAD,PATAZ,BULDIBUYO,FUERZA CAMPESINA,235
120602,LA LIBERTAD,PATAZ,BULDIBUYO,FUERZA DEMOCRATICA,238
120602,LA LIBERTAD,PATAZ,BULDIBUYO,PARTIDO ACCION POPULAR,71
120602,LA LIBERTAD,PATAZ,BULDIBUYO,PARTIDO APRISTA PERUANO,114
120602,LA LIBERTAD,PATAZ,BULDIBUYO,PARTIDO DEMOCRATICO SOMOS PERU,14
120602,LA LIBERTAD,PATAZ,BULDIBUYO,PARTIDO PERU POSIBLE,136
120602,LA LIBERTAD,PATAZ,BULDIBUYO,UNIDAD CAMPESINA INDEPENDIENTE,124
120603,LA LIBERTAD,PATAZ,CHILLIA,ALIANZA ELECTORAL UNIDAD NACIONAL,76
120603,LA LIBERTAD,PATAZ,CHILLIA,ALIANZA PARA EL PROGRESO,307
120603,LA LIBERTAD,PATAZ,CHILLIA,FUERZA CAMPESINA,213
120603,LA LIBERTAD,PATAZ,CHILLIA,FUERZA DEMOCRATICA,516
120603,LA LIBERTAD,PATAZ,CHILLIA,PARTIDO ACCION POPULAR,64
120603,LA LIBERTAD,PATAZ,CHILLIA,PARTIDO APRISTA PERUANO,421
120603,LA LIBERTAD,PATAZ,CHILLIA,PARTIDO DEMOCRATICO SOMOS PERU,177
120603,LA LIBERTAD,PATAZ,CHILLIA,PARTIDO PERU POSIBLE,354
120603,LA LIBERTAD,PATAZ,CHILLIA,PARTIDO POLITICO NACIONAL PRIMERO PERU,75
120603,LA LIBERTAD,PATAZ,CHILLIA,PARTIDO RENACIMIENTO ANDINO,120
120603,LA LIBERTAD,PATAZ,CHILLIA,UNIDAD CAMPESINA INDEPENDIENTE,201
120604,LA LIBERTAD,PATAZ,HUAYLILLAS,ALIANZA PARA EL PROGRESO,67
120604,LA LIBERTAD,PATAZ,HUAYLILLAS,FUERZA CAMPESINA,17
120604,LA LIBERTAD,PATAZ,HUAYLILLAS,FUERZA DEMOCRATICA,34
120604,LA LIBERTAD,PATAZ,HUAYLILLAS,PARTIDO ACCION POPULAR,24
120604,LA LIBERTAD,PATAZ,HUAYLILLAS,PARTIDO APRISTA PERUANO,97
120604,LA LIBERTAD,PATAZ,HUAYLILLAS,PARTIDO PERU POSIBLE,53
120604,LA LIBERTAD,PATAZ,HUAYLILLAS,UNIDAD CAMPESINA INDEPENDIENTE,59
120605,LA LIBERTAD,PATAZ,HUANCASPATA,ALIANZA ELECTORAL UNIDAD NACIONAL,16
120605,LA LIBERTAD,PATAZ,HUANCASPATA,ALIANZA PARA EL PROGRESO,159
120605,LA LIBERTAD,PATAZ,HUANCASPATA,FUERZA CAMPESINA,538
120605,LA LIBERTAD,PATAZ,HUANCASPATA,FUERZA DEMOCRATICA,95
120605,LA LIBERTAD,PATAZ,HUANCASPATA,PARTIDO ACCION POPULAR,138
120605,LA LIBERTAD,PATAZ,HUANCASPATA,PARTIDO APRISTA PERUANO,112
120605,LA LIBERTAD,PATAZ,HUANCASPATA,PARTIDO PERU POSIBLE,209
120605,LA LIBERTAD,PATAZ,HUANCASPATA,PARTIDO POLITICO NACIONAL PRIMERO PERU,316
120605,LA LIBERTAD,PATAZ,HUANCASPATA,UNIDAD CAMPESINA INDEPENDIENTE,129
120606,LA LIBERTAD,PATAZ,HUAYO,ALIANZA ELECTORAL UNIDAD NACIONAL,113
120606,LA LIBERTAD,PATAZ,HUAYO,ALIANZA PARA EL PROGRESO,295
120606,LA LIBERTAD,PATAZ,HUAYO,FUERZA CAMPESINA,124
120606,LA LIBERTAD,PATAZ,HUAYO,FUERZA DEMOCRATICA,14
120606,LA LIBERTAD,PATAZ,HUAYO,PARTIDO ACCION POPULAR,126
120606,LA LIBERTAD,PATAZ,HUAYO,PARTIDO APRISTA PERUANO,67
120606,LA LIBERTAD,PATAZ,HUAYO,PARTIDO DEMOCRATICO SOMOS PERU,47
120606,LA LIBERTAD,PATAZ,HUAYO,PARTIDO PERU POSIBLE,39
120606,LA LIBERTAD,PATAZ,HUAYO,UNIDAD CAMPESINA INDEPENDIENTE,37
120607,LA LIBERTAD,PATAZ,ONGON,ALIANZA PARA EL PROGRESO,78
120607,LA LIBERTAD,PATAZ,ONGON,FUERZA DEMOCRATICA,89
120607,LA LIBERTAD,PATAZ,ONGON,PARTIDO ACCION POPULAR,1
120607,LA LIBERTAD,PATAZ,ONGON,PARTIDO APRISTA PERUANO,3
120607,LA LIBERTAD,PATAZ,ONGON,PARTIDO DEMOCRATICO SOMOS PERU,8
120607,LA LIBERTAD,PATAZ,ONGON,PARTIDO PERU POSIBLE,26
120607,LA LIBERTAD,PATAZ,ONGON,UNIDAD CAMPESINA INDEPENDIENTE,16
120608,LA LIBERTAD,PATAZ,PARCOY,ALIANZA ELECTORAL UNIDAD NACIONAL,68
120608,LA LIBERTAD,PATAZ,PARCOY,ALIANZA PARA EL PROGRESO,22
120608,LA LIBERTAD,PATAZ,PARCOY,FUERZA CAMPESINA,119
120608,LA LIBERTAD,PATAZ,PARCOY,FUERZA DEMOCRATICA,103
120608,LA LIBERTAD,PATAZ,PARCOY,MOVIMIENTO NUEVA IZQUIERDA,119
120608,LA LIBERTAD,PATAZ,PARCOY,PARTIDO ACCION POPULAR,381
120608,LA LIBERTAD,PATAZ,PARCOY,PARTIDO APRISTA PERUANO,426
120608,LA LIBERTAD,PATAZ,PARCOY,PARTIDO DEMOCRATICO SOMOS PERU,112
120608,LA LIBERTAD,PATAZ,PARCOY,PARTIDO PERU POSIBLE,130
120608,LA LIBERTAD,PATAZ,PARCOY,PARTIDO POLITICO NACIONAL PRIMERO PERU,220
120608,LA LIBERTAD,PATAZ,PARCOY,PARTIDO RENACIMIENTO ANDINO,284
120608,LA LIBERTAD,PATAZ,PARCOY,UNIDAD CAMPESINA INDEPENDIENTE,311
120609,LA LIBERTAD,PATAZ,PATAZ,ALIANZA ELECTORAL UNIDAD NACIONAL,34
120609,LA LIBERTAD,PATAZ,PATAZ,ALIANZA PARA EL PROGRESO,138
120609,LA LIBERTAD,PATAZ,PATAZ,FUERZA CAMPESINA,153
120609,LA LIBERTAD,PATAZ,PATAZ,PARTIDO ACCION POPULAR,203
120609,LA LIBERTAD,PATAZ,PATAZ,PARTIDO APRISTA PERUANO,384
120609,LA LIBERTAD,PATAZ,PATAZ,PARTIDO PERU POSIBLE,103
120609,LA LIBERTAD,PATAZ,PATAZ,UNIDAD CAMPESINA INDEPENDIENTE,158
120610,LA LIBERTAD,PATAZ,PIAS,ALIANZA PARA EL PROGRESO,97
120610,LA LIBERTAD,PATAZ,PIAS,FUERZA CAMPESINA,39
120610,LA LIBERTAD,PATAZ,PIAS,PARTIDO ACCION POPULAR,83
120610,LA LIBERTAD,PATAZ,PIAS,PARTIDO APRISTA PERUANO,69
120610,LA LIBERTAD,PATAZ,PIAS,PARTIDO DEMOCRATICO SOMOS PERU,83
120610,LA LIBERTAD,PATAZ,PIAS,PARTIDO PERU POSIBLE,278
120611,LA LIBERTAD,PATAZ,TAURIJA,ALIANZA ELECTORAL UNIDAD NACIONAL,8
120611,LA LIBERTAD,PATAZ,TAURIJA,ALIANZA PARA EL PROGRESO,74
120611,LA LIBERTAD,PATAZ,TAURIJA,FUERZA CAMPESINA,58
120611,LA LIBERTAD,PATAZ,TAURIJA,FUERZA DEMOCRATICA,208
120611,LA LIBERTAD,PATAZ,TAURIJA,PARTIDO ACCION POPULAR,221
120611,LA LIBERTAD,PATAZ,TAURIJA,PARTIDO APRISTA PERUANO,171
120611,LA LIBERTAD,PATAZ,TAURIJA,PARTIDO PERU POSIBLE,145
120611,LA LIBERTAD,PATAZ,TAURIJA,UNIDAD CAMPESINA INDEPENDIENTE,25
120612,LA LIBERTAD,PATAZ,URPAY,ALIANZA PARA EL PROGRESO,194
120612,LA LIBERTAD,PATAZ,URPAY,FUERZA CAMPESINA,78
120612,LA LIBERTAD,PATAZ,URPAY,FUERZA DEMOCRATICA,59
120612,LA LIBERTAD,PATAZ,URPAY,PARTIDO ACCION POPULAR,237
120612,LA LIBERTAD,PATAZ,URPAY,PARTIDO APRISTA PERUANO,21
120612,LA LIBERTAD,PATAZ,URPAY,PARTIDO PERU POSIBLE,23
120612,LA LIBERTAD,PATAZ,URPAY,PARTIDO POLITICO NACIONAL PRIMERO PERU,55
120612,LA LIBERTAD,PATAZ,URPAY,UNIDAD CAMPESINA INDEPENDIENTE,141
120613,LA LIBERTAD,PATAZ,SANTIAGO DE CHALLAS,ALIANZA ELECTORAL UNIDAD NACIONAL,20
120613,LA LIBERTAD,PATAZ,SANTIAGO DE CHALLAS,ALIANZA PARA EL PROGRESO,77
120613,LA LIBERTAD,PATAZ,SANTIAGO DE CHALLAS,FUERZA CAMPESINA,43
120613,LA LIBERTAD,PATAZ,SANTIAGO DE CHALLAS,FUERZA DEMOCRATICA,105
120613,LA LIBERTAD,PATAZ,SANTIAGO DE CHALLAS,PARTIDO ACCION POPULAR,50
120613,LA LIBERTAD,PATAZ,SANTIAGO DE CHALLAS,PARTIDO APRISTA PERUANO,49
120613,LA LIBERTAD,PATAZ,SANTIAGO DE CHALLAS,PARTIDO PERU POSIBLE,130
120613,LA LIBERTAD,PATAZ,SANTIAGO DE CHALLAS,PARTIDO POLITICO NACIONAL PRIMERO PERU,32
120613,LA LIBERTAD,PATAZ,SANTIAGO DE CHALLAS,UNIDAD CAMPESINA INDEPENDIENTE,139
120702,LA LIBERTAD,SANTIAGO DE CHUCO,CACHICADAN,CAPACIDAD CIUDADANA AL DESARROLLO,489
120702,LA LIBERTAD,SANTIAGO DE CHUCO,CACHICADAN,INICIATIVA POPULAR,486
120702,LA LIBERTAD,SANTIAGO DE CHUCO,CACHICADAN,MOVIMIENTO CAMPESINO SANTIAGUINO,26
120702,LA LIBERTAD,SANTIAGO DE CHUCO,CACHICADAN,PARTIDO ACCION POPULAR,205
120702,LA LIBERTAD,SANTIAGO DE CHUCO,CACHICADAN,PARTIDO APRISTA PERUANO,657
120702,LA LIBERTAD,SANTIAGO DE CHUCO,CACHICADAN,PARTIDO DEMOCRATICO SOMOS PERU,7
120702,LA LIBERTAD,SANTIAGO DE CHUCO,CACHICADAN,PARTIDO PERU POSIBLE,346
120703,LA LIBERTAD,SANTIAGO DE CHUCO,MOLLEBAMBA,PARTIDO ACCION POPULAR,486
120703,LA LIBERTAD,SANTIAGO DE CHUCO,MOLLEBAMBA,PARTIDO APRISTA PERUANO,259
120703,LA LIBERTAD,SANTIAGO DE CHUCO,MOLLEBAMBA,SANTIAGO AL DESARROLLO,238
120704,LA LIBERTAD,SANTIAGO DE CHUCO,MOLLEPATA,AGRUPACION INDEPENDIENTE UNION POR EL PERU - FRENTE AMPLIO,22
120704,LA LIBERTAD,SANTIAGO DE CHUCO,MOLLEPATA,CAPACIDAD CIUDADANA AL DESARROLLO,9
120704,LA LIBERTAD,SANTIAGO DE CHUCO,MOLLEPATA,INICIATIVA POPULAR,47
120704,LA LIBERTAD,SANTIAGO DE CHUCO,MOLLEPATA,MOVIMIENTO CAMPESINO SANTIAGUINO,46
120704,LA LIBERTAD,SANTIAGO DE CHUCO,MOLLEPATA,PARTIDO ACCION POPULAR,134
120704,LA LIBERTAD,SANTIAGO DE CHUCO,MOLLEPATA,PARTIDO APRISTA PERUANO,78
120704,LA LIBERTAD,SANTIAGO DE CHUCO,MOLLEPATA,PARTIDO DEMOCRATICO SOMOS PERU,124
120704,LA LIBERTAD,SANTIAGO DE CHUCO,MOLLEPATA,PARTIDO PERU POSIBLE,120
120704,LA LIBERTAD,SANTIAGO DE CHUCO,MOLLEPATA,SANTIAGO AL DESARROLLO,128
120705,LA LIBERTAD,SANTIAGO DE CHUCO,QUIRUVILCA,ALIANZA PARA EL PROGRESO,909
120705,LA LIBERTAD,SANTIAGO DE CHUCO,QUIRUVILCA,CAPACIDAD CIUDADANA AL DESARROLLO,113
120705,LA LIBERTAD,SANTIAGO DE CHUCO,QUIRUVILCA,FUERZA DEMOCRATICA,398
120705,LA LIBERTAD,SANTIAGO DE CHUCO,QUIRUVILCA,INICIATIVA POPULAR,385
120705,LA LIBERTAD,SANTIAGO DE CHUCO,QUIRUVILCA,PARTIDO APRISTA PERUANO,977
120705,LA LIBERTAD,SANTIAGO DE CHUCO,QUIRUVILCA,PARTIDO DEMOCRATICO SOMOS PERU,1022
120705,LA LIBERTAD,SANTIAGO DE CHUCO,QUIRUVILCA,PARTIDO PERU POSIBLE,165
120705,LA LIBERTAD,SANTIAGO DE CHUCO,QUIRUVILCA,SANTIAGO AL DESARROLLO,86
120706,LA LIBERTAD,SANTIAGO DE CHUCO,SANTA CRUZ DE CHUCA,ALIANZA ELECTORAL UNIDAD NACIONAL,48
120706,LA LIBERTAD,SANTIAGO DE CHUCO,SANTA CRUZ DE CHUCA,ALIANZA PARA EL PROGRESO,120
120706,LA LIBERTAD,SANTIAGO DE CHUCO,SANTA CRUZ DE CHUCA,CAPACIDAD CIUDADANA AL DESARROLLO,194
120706,LA LIBERTAD,SANTIAGO DE CHUCO,SANTA CRUZ DE CHUCA,INICIATIVA POPULAR,104
120706,LA LIBERTAD,SANTIAGO DE CHUCO,SANTA CRUZ DE CHUCA,PARTIDO ACCION POPULAR,76
120706,LA LIBERTAD,SANTIAGO DE CHUCO,SANTA CRUZ DE CHUCA,PARTIDO APRISTA PERUANO,305
120706,LA LIBERTAD,SANTIAGO DE CHUCO,SANTA CRUZ DE CHUCA,PARTIDO DEMOCRATICO SOMOS PERU,44
120706,LA LIBERTAD,SANTIAGO DE CHUCO,SANTA CRUZ DE CHUCA,PARTIDO PERU POSIBLE,63
120706,LA LIBERTAD,SANTIAGO DE CHUCO,SANTA CRUZ DE CHUCA,SANTIAGO AL DESARROLLO,114
120707,LA LIBERTAD,SANTIAGO DE CHUCO,SITABAMBA,ALIANZA ELECTORAL UNIDAD NACIONAL,117
120707,LA LIBERTAD,SANTIAGO DE CHUCO,SITABAMBA,ALIANZA PARA EL PROGRESO,57
120707,LA LIBERTAD,SANTIAGO DE CHUCO,SITABAMBA,INICIATIVA POPULAR,29
120707,LA LIBERTAD,SANTIAGO DE CHUCO,SITABAMBA,PARTIDO ACCION POPULAR,159
120707,LA LIBERTAD,SANTIAGO DE CHUCO,SITABAMBA,PARTIDO APRISTA PERUANO,63
120707,LA LIBERTAD,SANTIAGO DE CHUCO,SITABAMBA,PARTIDO DEMOCRATICO SOMOS PERU,327
120707,LA LIBERTAD,SANTIAGO DE CHUCO,SITABAMBA,PARTIDO PERU POSIBLE,162
120707,LA LIBERTAD,SANTIAGO DE CHUCO,SITABAMBA,PARTIDO POLITICO NACIONAL PRIMERO PERU,50
120708,LA LIBERTAD,SANTIAGO DE CHUCO,ANGASMARCA,ALIANZA ELECTORAL UNIDAD NACIONAL,375
120708,LA LIBERTAD,SANTIAGO DE CHUCO,ANGASMARCA,CAPACIDAD CIUDADANA AL DESARROLLO,243
120708,LA LIBERTAD,SANTIAGO DE CHUCO,ANGASMARCA,INICIATIVA POPULAR,201
120708,LA LIBERTAD,SANTIAGO DE CHUCO,ANGASMARCA,MOVIMIENTO CAMPESINO SANTIAGUINO,11
120708,LA LIBERTAD,SANTIAGO DE CHUCO,ANGASMARCA,MOVIMIENTO INDEPENDIENTE OBRAS Y PROGRESO,248
120708,LA LIBERTAD,SANTIAGO DE CHUCO,ANGASMARCA,PARTIDO ACCION POPULAR,213
120708,LA LIBERTAD,SANTIAGO DE CHUCO,ANGASMARCA,PARTIDO DEMOCRATICO SOMOS PERU,68
120802,LA LIBERTAD,ASCOPE,CHICAMA,ALIANZA PARA EL PROGRESO,381
120802,LA LIBERTAD,ASCOPE,CHICAMA,"LISTA INDEPENDIENTE ""TRABAJEMOS DE LA MANO POR CHICAMA""",725
120802,LA LIBERTAD,ASCOPE,CHICAMA,"MOVIMIENTO INDEPENDIENTE ""MAS ACCION""",1432
120802,LA LIBERTAD,ASCOPE,CHICAMA,"MOVIMIENTO INDEPENDIENTE ""VECINOS UNIDOS""",1372
120802,LA LIBERTAD,ASCOPE,CHICAMA,MOVIMIENTO INDEPENDIENTE SIEMPRE UNIDOS,1948
120802,LA LIBERTAD,ASCOPE,CHICAMA,PARTIDO APRISTA PERUANO,1765
120802,LA LIBERTAD,ASCOPE,CHICAMA,PARTIDO PERU POSIBLE,315
120803,LA LIBERTAD,ASCOPE,CHOCOPE,ALIANZA PARA EL PROGRESO,614
120803,LA LIBERTAD,ASCOPE,CHOCOPE,"MOVIMIENTO INDEPENDIENTE ""ADELANTE CHOCOPE""",106
120803,LA LIBERTAD,ASCOPE,CHOCOPE,"MOVIMIENTO INDEPENDIENTE ""FE Y ESPERANZA"" LOS MOLINOS",1207
120803,LA LIBERTAD,ASCOPE,CHOCOPE,"MOVIMIENTO INDEPENDIENTE ""MAS ACCION""",1602
120803,LA LIBERTAD,ASCOPE,CHOCOPE,"MOVIMIENTO INDEPENDIENTE ""TRIUNFO SOCIAL EN CHOCOPE""",165
120803,LA LIBERTAD,ASCOPE,CHOCOPE,"MOVIMIENTO INDEPENDIENTE ""VECINOS UNIDOS""",1097
120803,LA LIBERTAD,ASCOPE,CHOCOPE,PARTIDO APRISTA PERUANO,2672
120803,LA LIBERTAD,ASCOPE,CHOCOPE,PARTIDO PERU POSIBLE,613
120804,LA LIBERTAD,ASCOPE,SANTIAGO DE CAO,ALIANZA ELECTORAL UNIDAD NACIONAL,215
120804,LA LIBERTAD,ASCOPE,SANTIAGO DE CAO,ALIANZA PARA EL PROGRESO,577
120804,LA LIBERTAD,ASCOPE,SANTIAGO DE CAO,"MOVIMIENTO INDEPENDIENTE ""MAS ACCION""",2289
120804,LA LIBERTAD,ASCOPE,SANTIAGO DE CAO,"MOVIMIENTO INDEPENDIENTE ""VECINOS UNIDOS""",4018
120804,LA LIBERTAD,ASCOPE,SANTIAGO DE CAO,PARTIDO APRISTA PERUANO,4805
120804,LA LIBERTAD,ASCOPE,SANTIAGO DE CAO,PARTIDO PERU POSIBLE,243
120805,LA LIBERTAD,ASCOPE,MAGDALENA DE CAO,ALIANZA PARA EL PROGRESO,112
120805,LA LIBERTAD,ASCOPE,MAGDALENA DE CAO,"MOVIMIENTO INDEPENDIENTE ""FUERZA VECINAL POR MAGDALENA DE CAO""",465
120805,LA LIBERTAD,ASCOPE,MAGDALENA DE CAO,PARTIDO APRISTA PERUANO,555
120805,LA LIBERTAD,ASCOPE,MAGDALENA DE CAO,PARTIDO DEMOCRATICO SOMOS PERU,440
120806,LA LIBERTAD,ASCOPE,PAIJAN,ALIANZA PARA EL PROGRESO,147
120806,LA LIBERTAD,ASCOPE,PAIJAN,"MOVIMIENTO INDEPENDIENTE ""ARRIBA PAIJAN 2002""",134
120806,LA LIBERTAD,ASCOPE,PAIJAN,"MOVIMIENTO INDEPENDIENTE ""MAS ACCION""",1207
120806,LA LIBERTAD,ASCOPE,PAIJAN,"MOVIMIENTO INDEPENDIENTE ""PAIJAN CAMINO AL FUTURO""",446
120806,LA LIBERTAD,ASCOPE,PAIJAN,"MOVIMIENTO INDEPENDIENTE ""PASOS AL TRIUNFO""",388
120806,LA LIBERTAD,ASCOPE,PAIJAN,MOVIMIENTO INDEPENDIENTE DE LA MANO CON EL PUEBLO,4249
120806,LA LIBERTAD,ASCOPE,PAIJAN,PARTIDO APRISTA PERUANO,3438
120807,LA LIBERTAD,ASCOPE,RAZURI,ALIANZA PARA EL PROGRESO,274
120807,LA LIBERTAD,ASCOPE,RAZURI,"MOVIMIENTO INDEPENDIENTE ""HERMANOS HAY MUCHO QUE HACER""",514
120807,LA LIBERTAD,ASCOPE,RAZURI,"MOVIMIENTO INDEPENDIENTE ""PORTEÑOS AL PROGRESO""",683
120807,LA LIBERTAD,ASCOPE,RAZURI,PARTIDO APRISTA PERUANO,889
120807,LA LIBERTAD,ASCOPE,RAZURI,PARTIDO DEMOCRATICO SOMOS PERU,467
120807,LA LIBERTAD,ASCOPE,RAZURI,PARTIDO POLITICO NACIONAL PRIMERO PERU,107
120808,LA LIBERTAD,ASCOPE,CASA GRANDE,ALIANZA ELECTORAL UNIDAD NACIONAL,175
120808,LA LIBERTAD,ASCOPE,CASA GRANDE,ALIANZA PARA EL PROGRESO,3608
120808,LA LIBERTAD,ASCOPE,CASA GRANDE,"MOVIMIENTO INDEPENDIENTE ""MAS ACCION""",1339
120808,LA LIBERTAD,ASCOPE,CASA GRANDE,PARTIDO ACCION POPULAR,676
120808,LA LIBERTAD,ASCOPE,CASA GRANDE,PARTIDO APRISTA PERUANO,4318
120808,LA LIBERTAD,ASCOPE,CASA GRANDE,PARTIDO DEMOCRATICO SOMOS PERU,1744
120808,LA LIBERTAD,ASCOPE,CASA GRANDE,PARTIDO PERU POSIBLE,489
120902,LA LIBERTAD,CHEPEN,PACANGA,ALIANZA PARA EL PROGRESO,749
120902,LA LIBERTAD,CHEPEN,PACANGA,"MOVIMIENTO INDEPENDIENTE ""HONESTIDAD PACANGUINA""",1114
120902,LA LIBERTAD,CHEPEN,PACANGA,"MOVIMIENTO INDEPENDIENTE ""UNIDOS A TRABAJAR POR PACANGA""",179
120902,LA LIBERTAD,CHEPEN,PACANGA,"MOVIMIENTO INDEPENDIENTE ""VOLUNTAD Y TRABAJO POR PACANGA""",533
120902,LA LIBERTAD,CHEPEN,PACANGA,MOVIMIENTO INDEPENDIENTE PACANGA CONCERTANDO AL DESARROLLO,188
120902,LA LIBERTAD,CHEPEN,PACANGA,PARTIDO ACCION POPULAR,93
120902,LA LIBERTAD,CHEPEN,PACANGA,PARTIDO APRISTA PERUANO,827
120903,LA LIBERTAD,CHEPEN,PUEBLO NUEVO,ALIANZA PARA EL PROGRESO,1019
120903,LA LIBERTAD,CHEPEN,PUEBLO NUEVO,FUERZA DEMOCRATICA,1397
120903,LA LIBERTAD,CHEPEN,PUEBLO NUEVO,PARTIDO APRISTA PERUANO,1051
120903,LA LIBERTAD,CHEPEN,PUEBLO NUEVO,PARTIDO PERU POSIBLE,167
120903,LA LIBERTAD,CHEPEN,PUEBLO NUEVO,PARTIDO POLITICO NACIONAL PRIMERO PERU,752
120903,LA LIBERTAD,CHEPEN,PUEBLO NUEVO,PARTIDO RECONSTRUCCION DEMOCRATICA (PRD),154
121002,LA LIBERTAD,JULCAN,CARABAMBA,ALIANZA PARA EL PROGRESO,156
121002,LA LIBERTAD,JULCAN,CARABAMBA,"MOVIMIENTO INDEPENDIENTE ""JUNTOS PARA EL TRABAJO""",704
121002,LA LIBERTAD,JULCAN,CARABAMBA,"MOVIMIENTO INDEPENDIENTE AGRO GANADERA CARABAMBA ""AGRO GANA""",34
121002,LA LIBERTAD,JULCAN,CARABAMBA,MOVIMIENTO INDEPENDIENTE UNIDOS POR JULCAN,22
121002,LA LIBERTAD,JULCAN,CARABAMBA,PARTIDO APRISTA PERUANO,584
121002,LA LIBERTAD,JULCAN,CARABAMBA,PARTIDO DEMOCRATICO SOMOS PERU,754
121002,LA LIBERTAD,JULCAN,CARABAMBA,PARTIDO PERU POSIBLE,105
121003,LA LIBERTAD,JULCAN,CALAMARCA,ALIANZA PARA EL PROGRESO,292
121003,LA LIBERTAD,JULCAN,CALAMARCA,"MOVIMIENTO INDEPENDIENTE ""AGRO CALAMARQUINO""",25
121003,LA LIBERTAD,JULCAN,CALAMARCA,"MOVIMIENTO INDEPENDIENTE ""JOVENES EN ACCION POR EL PROGRESO DE CALAMARCA""",321
121003,LA LIBERTAD,JULCAN,CALAMARCA,"MOVIMIENTO INDEPENDIENTE ""JUNTOS PARA EL TRABAJO""",165
121003,LA LIBERTAD,JULCAN,CALAMARCA,MOVIMIENTO INDEPENDIENTE UNIDOS POR JULCAN,221
121003,LA LIBERTAD,JULCAN,CALAMARCA,PARTIDO ACCION POPULAR,31
121003,LA LIBERTAD,JULCAN,CALAMARCA,PARTIDO APRISTA PERUANO,309
121003,LA LIBERTAD,JULCAN,CALAMARCA,PARTIDO DEMOCRATICO SOMOS PERU,161
121003,LA LIBERTAD,JULCAN,CALAMARCA,PARTIDO PERU POSIBLE,293
121003,LA LIBERTAD,JULCAN,CALAMARCA,PARTIDO RENACIMIENTO ANDINO,68
121004,LA LIBERTAD,JULCAN,HUASO,ALIANZA PARA EL PROGRESO,176
121004,LA LIBERTAD,JULCAN,HUASO,"MOVIMIENTO INDEPENDIENTE ""JUNTOS PARA EL TRABAJO""",161
121004,LA LIBERTAD,JULCAN,HUASO,"MOVIMIENTO INDEPENDIENTE ""UNION DE CAMPESINOS POR HUASO""",96
121004,LA LIBERTAD,JULCAN,HUASO,MOVIMIENTO INDEPENDIENTE UNIDOS POR JULCAN,119
121004,LA LIBERTAD,JULCAN,HUASO,PARTIDO ACCION POPULAR,64
121004,LA LIBERTAD,JULCAN,HUASO,PARTIDO APRISTA PERUANO,361
121004,LA LIBERTAD,JULCAN,HUASO,PARTIDO DEMOCRATICO SOMOS PERU,66
121004,LA LIBERTAD,JULCAN,HUASO,PARTIDO PERU POSIBLE,213
121004,LA LIBERTAD,JULCAN,HUASO,PARTIDO POLITICO NACIONAL PRIMERO PERU,62
121004,LA LIBERTAD,JULCAN,HUASO,PARTIDO RENACIMIENTO ANDINO,29
121102,LA LIBERTAD,GRAN CHIMU,LUCMA,ALIANZA PARA EL PROGRESO,834
121102,LA LIBERTAD,GRAN CHIMU,LUCMA,CAPACIDAD CIUDADANA AL DESARROLLO,59
121102,LA LIBERTAD,GRAN CHIMU,LUCMA,"LISTA INDEPENDIENTE ""TODOS POR LUCMA Y CASERIOS"" (TOLUCA)",36
121102,LA LIBERTAD,GRAN CHIMU,LUCMA,"MOVIMIENTO INDEPENDIENTE ""GRAN CHIMU AL PROGRESO""",83
121102,LA LIBERTAD,GRAN CHIMU,LUCMA,"MOVIMIENTO INDEPENDIENTE ""LUCMA CAMINO AL DESARROLLO""",171
121102,LA LIBERTAD,GRAN CHIMU,LUCMA,"MOVIMIENTO INDEPENDIENTE ""LUCMINOS EN ACCION""",352
121102,LA LIBERTAD,GRAN CHIMU,LUCMA,PARTIDO ACCION POPULAR,31
121102,LA LIBERTAD,GRAN CHIMU,LUCMA,PARTIDO APRISTA PERUANO,258
121103,LA LIBERTAD,GRAN CHIMU,MARMOT,ALIANZA PARA EL PROGRESO,128
121103,LA LIBERTAD,GRAN CHIMU,MARMOT,"LISTA INDEPENDIENTE ""EL FUTURO ESTA EN TI""",60
121103,LA LIBERTAD,GRAN CHIMU,MARMOT,"MOVIMIENTO INDEPENDIENTE ""GRAN CHIMU AL PROGRESO""",156
121103,LA LIBERTAD,GRAN CHIMU,MARMOT,PARTIDO ACCION POPULAR,44
121103,LA LIBERTAD,GRAN CHIMU,MARMOT,PARTIDO APRISTA PERUANO,191
121103,LA LIBERTAD,GRAN CHIMU,MARMOT,PARTIDO DEMOCRATICO SOMOS PERU,128
121104,LA LIBERTAD,GRAN CHIMU,SAYAPULLO,ALIANZA PARA EL PROGRESO,244
121104,LA LIBERTAD,GRAN CHIMU,SAYAPULLO,"MOVIMIENTO INDEPENDIENTE ""HIJOS DE SAYAPULLO""",78
121104,LA LIBERTAD,GRAN CHIMU,SAYAPULLO,"MOVIMIENTO INDEPENDIENTE ""TODOS CON GRAN CHIMU""",108
121104,LA LIBERTAD,GRAN CHIMU,SAYAPULLO,MOVIMIENTO INDEPENDIENTE DESARROLLO AGROSOCIAL SAYAPULLO,526
121104,LA LIBERTAD,GRAN CHIMU,SAYAPULLO,MOVIMIENTO INDEPENDIENTE PROGRESISTA DE SAYAPULLO (MIPS),321
121104,LA LIBERTAD,GRAN CHIMU,SAYAPULLO,PARTIDO ACCION POPULAR,304
121104,LA LIBERTAD,GRAN CHIMU,SAYAPULLO,PARTIDO APRISTA PERUANO,758
121202,LA LIBERTAD,VIRU,CHAO,ALIANZA PARA EL PROGRESO,83
121202,LA LIBERTAD,VIRU,CHAO,"LISTA INDEPENDIENTE ""MOVIMIENTO CIVICO CRISTIANOS EN ACCION""",219
121202,LA LIBERTAD,VIRU,CHAO,"MOVIMIENTO INDEPENDIENTE ""FRENTE DISTRITAL DE CHAO""",545
121202,LA LIBERTAD,VIRU,CHAO,"MOVIMIENTO INDEPENDIENTE ""POR LA AGRICULTURA Y TRABAJO DE CHAO""",621
121202,LA LIBERTAD,VIRU,CHAO,PARTIDO APRISTA PERUANO,862
121202,LA LIBERTAD,VIRU,CHAO,PARTIDO PERU POSIBLE,296
121203,LA LIBERTAD,VIRU,GUADALUPITO,"LISTA INDEPENDIENTE ""ADELANTE VIRU""",45
121203,LA LIBERTAD,VIRU,GUADALUPITO,"LISTA INDEPENDIENTE ""FRATERNIDAD NACIONAL""",32
121203,LA LIBERTAD,VIRU,GUADALUPITO,"LISTA INDEPENDIENTE ""GUADALUPITO EN ACCION""",533
121203,LA LIBERTAD,VIRU,GUADALUPITO,"MOVIMIENTO INDEPENDIENTE DISTRITAL ""GUADALUPITO DEMOCRATICO""",523
121203,LA LIBERTAD,VIRU,GUADALUPITO,PARTIDO APRISTA PERUANO,341
121203,LA LIBERTAD,VIRU,GUADALUPITO,PARTIDO DEMOCRATICO SOMOS PERU,191
121203,LA LIBERTAD,VIRU,GUADALUPITO,PARTIDO PERU POSIBLE,9
130102,LAMBAYEQUE,CHICLAYO,CHONGOYAPE,ALIANZA PARA EL PROGRESO,158
130102,LAMBAYEQUE,CHICLAYO,CHONGOYAPE,"MOVIMIENTO INDEPENDIENTE ""PROGRESO CHONGOYAPANO""",1512
130102,LAMBAYEQUE,CHICLAYO,CHONGOYAPE,MOVIMIENTO INDEPENDIENTE NUEVO CHONGOYAPE,1980
130102,LAMBAYEQUE,CHICLAYO,CHONGOYAPE,PARTIDO ACCION POPULAR,351
130102,LAMBAYEQUE,CHICLAYO,CHONGOYAPE,PARTIDO APRISTA PERUANO,2689
130102,LAMBAYEQUE,CHICLAYO,CHONGOYAPE,PARTIDO DEMOCRATICO SOMOS PERU,47
130102,LAMBAYEQUE,CHICLAYO,CHONGOYAPE,PARTIDO PERU POSIBLE,404
130102,LAMBAYEQUE,CHICLAYO,CHONGOYAPE,PARTIDO RECONSTRUCCION DEMOCRATICA (PRD),3177
130103,LAMBAYEQUE,CHICLAYO,ETEN,AGRUPACION INDEPENDIENTE UNION POR EL PERU - FRENTE AMPLIO,1360
130103,LAMBAYEQUE,CHICLAYO,ETEN,ALIANZA PARA EL PROGRESO,181
130103,LAMBAYEQUE,CHICLAYO,ETEN,"MOVIMIENTO INDEPENDIENTE ""MANOS LIMPIAS""",193
130103,LAMBAYEQUE,CHICLAYO,ETEN,MOVIMIENTO INDEPENDIENTE EL SOMBRERO,123
130103,LAMBAYEQUE,CHICLAYO,ETEN,MOVIMIENTO INDEPENDIENTE TODOS POR ETEN,1495
130103,LAMBAYEQUE,CHICLAYO,ETEN,PARTIDO ACCION POPULAR,487
130103,LAMBAYEQUE,CHICLAYO,ETEN,PARTIDO APRISTA PERUANO,1048
130103,LAMBAYEQUE,CHICLAYO,ETEN,PARTIDO PERU POSIBLE,857
130104,LAMBAYEQUE,CHICLAYO,ETEN PUERTO,ALIANZA PARA EL PROGRESO,8
130104,LAMBAYEQUE,CHICLAYO,ETEN PUERTO,"MOVIMIENTO INDEPENDIENTE ""PUERTO ETEN RUMBO AL PROGRESO""",383
130104,LAMBAYEQUE,CHICLAYO,ETEN PUERTO,MOVIMIENTO INDEPENDIENTE PUERTO ETEN... SIEMPRE CONTIGO,157
130104,LAMBAYEQUE,CHICLAYO,ETEN PUERTO,PARTIDO ACCION POPULAR,271
130104,LAMBAYEQUE,CHICLAYO,ETEN PUERTO,PARTIDO APRISTA PERUANO,419
130104,LAMBAYEQUE,CHICLAYO,ETEN PUERTO,PARTIDO RECONSTRUCCION DEMOCRATICA (PRD),367
130105,LAMBAYEQUE,CHICLAYO,LAGUNAS,ALIANZA ELECTORAL UNIDAD NACIONAL,49
130105,LAMBAYEQUE,CHICLAYO,LAGUNAS,ALIANZA PARA EL PROGRESO,60
130105,LAMBAYEQUE,CHICLAYO,LAGUNAS,MOVIMIENTO CIVICO UNIDAD PERUANA,708
130105,LAMBAYEQUE,CHICLAYO,LAGUNAS,"MOVIMIENTO INDEPENDIENTE ""MANOS LIMPIAS""",219
130105,LAMBAYEQUE,CHICLAYO,LAGUNAS,MOVIMIENTO INDEPENDIENTE POR EL PROGRESO DISTRITAL DE LAGUNAS,260
130105,LAMBAYEQUE,CHICLAYO,LAGUNAS,PARTIDO ACCION POPULAR,511
130105,LAMBAYEQUE,CHICLAYO,LAGUNAS,PARTIDO APRISTA PERUANO,1094
130105,LAMBAYEQUE,CHICLAYO,LAGUNAS,PARTIDO DEMOCRATICO SOMOS PERU,478
130105,LAMBAYEQUE,CHICLAYO,LAGUNAS,PARTIDO PERU POSIBLE,147
130105,LAMBAYEQUE,CHICLAYO,LAGUNAS,PRODE - PROGRESO Y DESARROLLO,175
130106,LAMBAYEQUE,CHICLAYO,MONSEFU,AGRUPACION INDEPENDIENTE UNION POR EL PERU - FRENTE AMPLIO,214
130106,LAMBAYEQUE,CHICLAYO,MONSEFU,AHORA SI... MONSEFU,669
130106,LAMBAYEQUE,CHICLAYO,MONSEFU,ALIANZA PARA EL PROGRESO,738
130106,LAMBAYEQUE,CHICLAYO,MONSEFU,"MOVIMIENTO INDEPENDIENTE ""MANOS LIMPIAS""",262
130106,LAMBAYEQUE,CHICLAYO,MONSEFU,PARTIDO ACCION POPULAR,587
130106,LAMBAYEQUE,CHICLAYO,MONSEFU,PARTIDO APRISTA PERUANO,2263
130106,LAMBAYEQUE,CHICLAYO,MONSEFU,PARTIDO DEMOCRATICO SOMOS PERU,1315
130106,LAMBAYEQUE,CHICLAYO,MONSEFU,PARTIDO PERU POSIBLE,2099
130106,LAMBAYEQUE,CHICLAYO,MONSEFU,PARTIDO POLITICO NACIONAL PRIMERO PERU,519
130106,LAMBAYEQUE,CHICLAYO,MONSEFU,PARTIDO RECONSTRUCCION DEMOCRATICA (PRD),4725
130106,LAMBAYEQUE,CHICLAYO,MONSEFU,PRODE - PROGRESO Y DESARROLLO,1234
130107,LAMBAYEQUE,CHICLAYO,NUEVA ARICA,"MOVIMIENTO INDEPENDIENTE ""MANOS LIMPIAS""",459
130107,LAMBAYEQUE,CHICLAYO,NUEVA ARICA,PARTIDO ACCION POPULAR,315
130107,LAMBAYEQUE,CHICLAYO,NUEVA ARICA,PARTIDO APRISTA PERUANO,634
130107,LAMBAYEQUE,CHICLAYO,NUEVA ARICA,PARTIDO DEMOCRATICO SOMOS PERU,75
130107,LAMBAYEQUE,CHICLAYO,NUEVA ARICA,PARTIDO PERU POSIBLE,116
130108,LAMBAYEQUE,CHICLAYO,OYOTUN,ALIANZA ELECTORAL UNIDAD NACIONAL,3
130108,LAMBAYEQUE,CHICLAYO,OYOTUN,ALIANZA PARA EL PROGRESO,1701
130108,LAMBAYEQUE,CHICLAYO,OYOTUN,"MOVIMIENTO INDEPENDIENTE ""TRABAJEMOS POR OYOTUN""",114
130108,LAMBAYEQUE,CHICLAYO,OYOTUN,MOVIMIENTO INDEPENDIENTE MAYORIAS POPULARES,144
130108,LAMBAYEQUE,CHICLAYO,OYOTUN,PARTIDO ACCION POPULAR,709
130108,LAMBAYEQUE,CHICLAYO,OYOTUN,PARTIDO APRISTA PERUANO,239
130108,LAMBAYEQUE,CHICLAYO,OYOTUN,PARTIDO RECONSTRUCCION DEMOCRATICA (PRD),1226
130109,LAMBAYEQUE,CHICLAYO,PICSI,AGRUPACION INDEPENDIENTE UNION POR EL PERU - FRENTE AMPLIO,701
130109,LAMBAYEQUE,CHICLAYO,PICSI,ALIANZA ELECTORAL UNIDAD NACIONAL,598
130109,LAMBAYEQUE,CHICLAYO,PICSI,ALIANZA PARA EL PROGRESO,675
130109,LAMBAYEQUE,CHICLAYO,PICSI,FUERZA DEMOCRATICA,253
130109,LAMBAYEQUE,CHICLAYO,PICSI,"MOVIMIENTO INDEPENDIENTE ""MANOS LIMPIAS""",674
130109,LAMBAYEQUE,CHICLAYO,PICSI,PARTIDO ACCION POPULAR,1048
130109,LAMBAYEQUE,CHICLAYO,PICSI,PARTIDO APRISTA PERUANO,2172
130109,LAMBAYEQUE,CHICLAYO,PICSI,PARTIDO DEMOCRATICO SOMOS PERU,419
130109,LAMBAYEQUE,CHICLAYO,PICSI,PARTIDO PERU POSIBLE,588
130109,LAMBAYEQUE,CHICLAYO,PICSI,PARTIDO RECONSTRUCCION DEMOCRATICA (PRD),505
130110,LAMBAYEQUE,CHICLAYO,PIMENTEL,ALIANZA ELECTORAL UNIDAD NACIONAL,1481
130110,LAMBAYEQUE,CHICLAYO,PIMENTEL,ALIANZA PARA EL PROGRESO,714
130110,LAMBAYEQUE,CHICLAYO,PIMENTEL,"MOVIMIENTO INDEPENDIENTE ""FRENTE URBANO RURAL PIMENTEL""",213
130110,LAMBAYEQUE,CHICLAYO,PIMENTEL,"MOVIMIENTO INDEPENDIENTE ""MANOS LIMPIAS""",876
130110,LAMBAYEQUE,CHICLAYO,PIMENTEL,MOVIMIENTO INDEPENDIENTE PIMENTEL RENACE,1989
130110,LAMBAYEQUE,CHICLAYO,PIMENTEL,PARTIDO ACCION POPULAR,548
130110,LAMBAYEQUE,CHICLAYO,PIMENTEL,PARTIDO APRISTA PERUANO,1558
130110,LAMBAYEQUE,CHICLAYO,PIMENTEL,PARTIDO DEMOCRATICO SOMOS PERU,105
130110,LAMBAYEQUE,CHICLAYO,PIMENTEL,PARTIDO PERU POSIBLE,121
130110,LAMBAYEQUE,CHICLAYO,PIMENTEL,PARTIDO POLITICO NACIONAL PRIMERO PERU,46
130110,LAMBAYEQUE,CHICLAYO,PIMENTEL,PARTIDO RECONSTRUCCION DEMOCRATICA (PRD),551
130111,LAMBAYEQUE,CHICLAYO,REQUE,ALIANZA ELECTORAL UNIDAD NACIONAL,200
130111,LAMBAYEQUE,CHICLAYO,REQUE,ALIANZA PARA EL PROGRESO,545
130111,LAMBAYEQUE,CHICLAYO,REQUE,"MOVIMIENTO INDEPENDIENTE ""MANOS LIMPIAS""",161
130111,LAMBAYEQUE,CHICLAYO,REQUE,"MOVIMIENTO INDEPENDIENTE ""NUEVO REQUE""",1159
130111,LAMBAYEQUE,CHICLAYO,REQUE,PARTIDO ACCION POPULAR,1050
130111,LAMBAYEQUE,CHICLAYO,REQUE,PARTIDO APRISTA PERUANO,1347
130111,LAMBAYEQUE,CHICLAYO,REQUE,PARTIDO DEMOCRATICO SOMOS PERU,99
130111,LAMBAYEQUE,CHICLAYO,REQUE,PARTIDO PERU POSIBLE,413
130111,LAMBAYEQUE,CHICLAYO,REQUE,PARTIDO RECONSTRUCCION DEMOCRATICA (PRD),1339
130112,LAMBAYEQUE,CHICLAYO,JOSE LEONARDO ORTIZ,AGRUPACION INDEPENDIENTE UNION POR EL PERU - FRENTE AMPLIO,1459
130112,LAMBAYEQUE,CHICLAYO,JOSE LEONARDO ORTIZ,ALIANZA ELECTORAL UNIDAD NACIONAL,2979
130112,LAMBAYEQUE,CHICLAYO,JOSE LEONARDO ORTIZ,ALIANZA PARA EL PROGRESO,896
130112,LAMBAYEQUE,CHICLAYO,JOSE LEONARDO ORTIZ,"MOVIMIENTO INDEPENDIENTE ""ALTERNATIVA LEONARDINA""",1147
130112,LAMBAYEQUE,CHICLAYO,JOSE LEONARDO ORTIZ,"MOVIMIENTO INDEPENDIENTE ""MANOS LIMPIAS""",10350
130112,LAMBAYEQUE,CHICLAYO,JOSE LEONARDO ORTIZ,MOVIMIENTO INDEPENDIENTE VOLUNTAD POPULAR LEONARDINA,1656
130112,LAMBAYEQUE,CHICLAYO,JOSE LEONARDO ORTIZ,PARTIDO ACCION POPULAR,9687
130112,LAMBAYEQUE,CHICLAYO,JOSE LEONARDO ORTIZ,PARTIDO APRISTA PERUANO,8938
130112,LAMBAYEQUE,CHICLAYO,JOSE LEONARDO ORTIZ,PARTIDO DEMOCRATICO SOMOS PERU,886
130112,LAMBAYEQUE,CHICLAYO,JOSE LEONARDO ORTIZ,PARTIDO PERU POSIBLE,2172
130112,LAMBAYEQUE,CHICLAYO,JOSE LEONARDO ORTIZ,PARTIDO RECONSTRUCCION DEMOCRATICA (PRD),16313
130112,LAMBAYEQUE,CHICLAYO,JOSE LEONARDO ORTIZ,PRODE - PROGRESO Y DESARROLLO,1113
130113,LAMBAYEQUE,CHICLAYO,SANTA ROSA,"MOVIMIENTO INDEPENDIENTE ""MANOS LIMPIAS""",903
130113,LAMBAYEQUE,CHICLAYO,SANTA ROSA,MOVIMIENTO INDEPENDIENTE SANTA ROSA SIEMPRE CONTIGO,2078
130113,LAMBAYEQUE,CHICLAYO,SANTA ROSA,PARTIDO APRISTA PERUANO,886
130113,LAMBAYEQUE,CHICLAYO,SANTA ROSA,PARTIDO DEMOCRATICO SOMOS PERU,273
130113,LAMBAYEQUE,CHICLAYO,SANTA ROSA,PARTIDO PERU POSIBLE,56
130114,LAMBAYEQUE,CHICLAYO,SAÑA,ALIANZA ELECTORAL UNIDAD NACIONAL,63
130114,LAMBAYEQUE,CHICLAYO,SAÑA,ALIANZA PARA EL PROGRESO,173
130114,LAMBAYEQUE,CHICLAYO,SAÑA,MOVIMIENTO AMPLIO PAIS UNIDO - MAPU,9
130114,LAMBAYEQUE,CHICLAYO,SAÑA,"MOVIMIENTO INDEPENDIENTE ""MANOS LIMPIAS""",525
130114,LAMBAYEQUE,CHICLAYO,SAÑA,"MOVIMIENTO INDEPENDIENTE ""SAÑA EN INTEGRACION""",1171
130114,LAMBAYEQUE,CHICLAYO,SAÑA,PARTIDO ACCION POPULAR,331
130114,LAMBAYEQUE,CHICLAYO,SAÑA,PARTIDO APRISTA PERUANO,1100
130114,LAMBAYEQUE,CHICLAYO,SAÑA,PARTIDO DEMOCRATICO SOMOS PERU,149
130114,LAMBAYEQUE,CHICLAYO,SAÑA,PARTIDO PERU POSIBLE,42
130114,LAMBAYEQUE,CHICLAYO,SAÑA,PARTIDO RECONSTRUCCION DEMOCRATICA (PRD),2229
130114,LAMBAYEQUE,CHICLAYO,SAÑA,PRODE - PROGRESO Y DESARROLLO,67
130115,LAMBAYEQUE,CHICLAYO,LA VICTORIA,AGRUPACION INDEPENDIENTE UNION POR EL PERU - FRENTE AMPLIO,438
130115,LAMBAYEQUE,CHICLAYO,LA VICTORIA,ALIANZA ELECTORAL UNIDAD NACIONAL,691
130115,LAMBAYEQUE,CHICLAYO,LA VICTORIA,ALIANZA PARA EL PROGRESO,875
130115,LAMBAYEQUE,CHICLAYO,LA VICTORIA,"MOVIMIENTO INDEPENDIENTE ""MANOS LIMPIAS""",7535
130115,LAMBAYEQUE,CHICLAYO,LA VICTORIA,PARTIDO ACCION POPULAR,2270
130115,LAMBAYEQUE,CHICLAYO,LA VICTORIA,PARTIDO APRISTA PERUANO,3125
130115,LAMBAYEQUE,CHICLAYO,LA VICTORIA,PARTIDO DEMOCRATICO SOMOS PERU,722
130115,LAMBAYEQUE,CHICLAYO,LA VICTORIA,PARTIDO PERU POSIBLE,403
130115,LAMBAYEQUE,CHICLAYO,LA VICTORIA,PARTIDO RECONSTRUCCION DEMOCRATICA (PRD),12010
130115,LAMBAYEQUE,CHICLAYO,LA VICTORIA,PRODE - PROGRESO Y DESARROLLO,276
130116,LAMBAYEQUE,CHICLAYO,CAYALTI,ALIANZA ELECTORAL UNIDAD NACIONAL,64
130116,LAMBAYEQUE,CHICLAYO,CAYALTI,ALIANZA PARA EL PROGRESO,44
130116,LAMBAYEQUE,CHICLAYO,CAYALTI,MOVIMIENTO AUTONOMO CAYALTI AL DESARROLLO,848
130116,LAMBAYEQUE,CHICLAYO,CAYALTI,"MOVIMIENTO INDEPENDIENTE ""CAYALTI EN INTEGRACION""",2189
130116,LAMBAYEQUE,CHICLAYO,CAYALTI,"MOVIMIENTO INDEPENDIENTE ""MANOS LIMPIAS""",64
130116,LAMBAYEQUE,CHICLAYO,CAYALTI,PARTIDO ACCION POPULAR,571
130116,LAMBAYEQUE,CHICLAYO,CAYALTI,PARTIDO APRISTA PERUANO,944
130116,LAMBAYEQUE,CHICLAYO,CAYALTI,PARTIDO DEMOCRATICO SOMOS PERU,114
130116,LAMBAYEQUE,CHICLAYO,CAYALTI,PARTIDO PERU POSIBLE,59
130116,LAMBAYEQUE,CHICLAYO,CAYALTI,PARTIDO RECONSTRUCCION DEMOCRATICA (PRD),2174
130116,LAMBAYEQUE,CHICLAYO,CAYALTI,PRODE - PROGRESO Y DESARROLLO,13
130117,LAMBAYEQUE,CHICLAYO,PATAPO,AGRUPACION INDEPENDIENTE UNION POR EL PERU - FRENTE AMPLIO,540
130117,LAMBAYEQUE,CHICLAYO,PATAPO,ALIANZA ELECTORAL UNIDAD NACIONAL,75
130117,LAMBAYEQUE,CHICLAYO,PATAPO,ALIANZA PARA EL PROGRESO,2292
130117,LAMBAYEQUE,CHICLAYO,PATAPO,"MOVIMIENTO INDEPENDIENTE ""MANOS LIMPIAS""",1858
130117,LAMBAYEQUE,CHICLAYO,PATAPO,PARTIDO ACCION POPULAR,176
130117,LAMBAYEQUE,CHICLAYO,PATAPO,PARTIDO APRISTA PERUANO,2052
130117,LAMBAYEQUE,CHICLAYO,PATAPO,PARTIDO DEMOCRATICO SOMOS PERU,98
130118,LAMBAYEQUE,CHICLAYO,POMALCA,AGRUPACION INDEPENDIENTE INTEGRACION COMUNAL POMALQUEÑA,172
130118,LAMBAYEQUE,CHICLAYO,POMALCA,AGRUPACION INDEPENDIENTE POMALCA RENACE,1640
130118,LAMBAYEQUE,CHICLAYO,POMALCA,AGRUPACION INDEPENDIENTE UNION POR EL PERU - FRENTE AMPLIO,336
130118,LAMBAYEQUE,CHICLAYO,POMALCA,ALIANZA ELECTORAL UNIDAD NACIONAL,215
130118,LAMBAYEQUE,CHICLAYO,POMALCA,ALIANZA PARA EL PROGRESO,359
130118,LAMBAYEQUE,CHICLAYO,POMALCA,"MOVIMIENTO INDEPENDIENTE ""MANOS LIMPIAS""",285
130118,LAMBAYEQUE,CHICLAYO,POMALCA,"MOVIMIENTO INDEPENDIENTE ""POMALCA AL PROGRESO""",887
130118,LAMBAYEQUE,CHICLAYO,POMALCA,MOVIMIENTO INDEPENDIENTE POMALCA ADELANTE,899
130118,LAMBAYEQUE,CHICLAYO,POMALCA,PARTIDO ACCION POPULAR,624
130118,LAMBAYEQUE,CHICLAYO,POMALCA,PARTIDO APRISTA PERUANO,1351
130118,LAMBAYEQUE,CHICLAYO,POMALCA,PARTIDO PERU POSIBLE,167
130118,LAMBAYEQUE,CHICLAYO,POMALCA,PARTIDO RECONSTRUCCION DEMOCRATICA (PRD),539
130118,LAMBAYEQUE,CHICLAYO,POMALCA,UNION CIVICA INDEPENDIENTE HACER POMALCA,364
130119,LAMBAYEQUE,CHICLAYO,PUCALA,ALIANZA ELECTORAL UNIDAD NACIONAL,99
130119,LAMBAYEQUE,CHICLAYO,PUCALA,ALIANZA PARA EL PROGRESO,953
130119,LAMBAYEQUE,CHICLAYO,PUCALA,PARTIDO ACCION POPULAR,805
130119,LAMBAYEQUE,CHICLAYO,PUCALA,PARTIDO APRISTA PERUANO,907
130119,LAMBAYEQUE,CHICLAYO,PUCALA,PARTIDO DEMOCRATICO SOMOS PERU,510
130119,LAMBAYEQUE,CHICLAYO,PUCALA,PARTIDO PERU POSIBLE,42
130119,LAMBAYEQUE,CHICLAYO,PUCALA,PARTIDO RECONSTRUCCION DEMOCRATICA (PRD),65
130119,LAMBAYEQUE,CHICLAYO,PUCALA,PRODE - PROGRESO Y DESARROLLO,84
130120,LAMBAYEQUE,CHICLAYO,TUMAN,AGRUPACION INDEPENDIENTE UNION POR EL PERU - FRENTE AMPLIO,1144
130120,LAMBAYEQUE,CHICLAYO,TUMAN,ALIANZA ELECTORAL UNIDAD NACIONAL,422
130120,LAMBAYEQUE,CHICLAYO,TUMAN,ALIANZA PARA EL PROGRESO,1342
130120,LAMBAYEQUE,CHICLAYO,TUMAN,FUERZA DEMOCRATICA,143
130120,LAMBAYEQUE,CHICLAYO,TUMAN,"MOVIMIENTO INDEPENDIENTE ""EL SOL RADIANTE""",1640
130120,LAMBAYEQUE,CHICLAYO,TUMAN,"MOVIMIENTO INDEPENDIENTE ""MANOS LIMPIAS""",574
130120,LAMBAYEQUE,CHICLAYO,TUMAN,MOVIMIENTO INDEPENDIENTE INTEGREMOS TUMAN,1494
130120,LAMBAYEQUE,CHICLAYO,TUMAN,PARTIDO ACCION POPULAR,666
130120,LAMBAYEQUE,CHICLAYO,TUMAN,PARTIDO APRISTA PERUANO,761
130120,LAMBAYEQUE,CHICLAYO,TUMAN,PARTIDO DEMOCRATICO SOMOS PERU,634
130120,LAMBAYEQUE,CHICLAYO,TUMAN,PARTIDO PERU POSIBLE,488
130120,LAMBAYEQUE,CHICLAYO,TUMAN,PARTIDO POLITICO NACIONAL PRIMERO PERU,473
130120,LAMBAYEQUE,CHICLAYO,TUMAN,PARTIDO RECONSTRUCCION DEMOCRATICA (PRD),524
130120,LAMBAYEQUE,CHICLAYO,TUMAN,PRODE - PROGRESO Y DESARROLLO,97
130202,LAMBAYEQUE,FERREÑAFE,INCAHUASI,AGRUPACION INDEPENDIENTE UNION POR EL PERU - FRENTE AMPLIO,33
130202,LAMBAYEQUE,FERREÑAFE,INCAHUASI,ALIANZA ELECTORAL UNIDAD NACIONAL,270
130202,LAMBAYEQUE,FERREÑAFE,INCAHUASI,ALIANZA PARA EL PROGRESO,45
130202,LAMBAYEQUE,FERREÑAFE,INCAHUASI,"MOVIMIENTO INDEPENDIENTE ""ALTERNATIVA DE SOLUCION""",24
130202,LAMBAYEQUE,FERREÑAFE,INCAHUASI,"MOVIMIENTO INDEPENDIENTE ""CAMPESINO DE INCAHUASI""",36
130202,LAMBAYEQUE,FERREÑAFE,INCAHUASI,"MOVIMIENTO INDEPENDIENTE ""LEALTAD""",33
130202,LAMBAYEQUE,FERREÑAFE,INCAHUASI,"MOVIMIENTO INDEPENDIENTE ""TODOS POR INKAWASI""",110
130202,LAMBAYEQUE,FERREÑAFE,INCAHUASI,MOVIMIENTO INDEPENDIENTE CONTIGO INCAWASI,232
130202,LAMBAYEQUE,FERREÑAFE,INCAHUASI,MOVIMIENTO INDEPENDIENTE FUERZA Y TRABAJO ARRIBA INKAWASI,53
130202,LAMBAYEQUE,FERREÑAFE,INCAHUASI,MOVIMIENTO INDEPENDIENTE INTEGRACION ANDINA,635
130202,LAMBAYEQUE,FERREÑAFE,INCAHUASI,MOVIMIENTO NUEVA IZQUIERDA,6
130202,LAMBAYEQUE,FERREÑAFE,INCAHUASI,PARTIDO ACCION POPULAR,280
130202,LAMBAYEQUE,FERREÑAFE,INCAHUASI,PARTIDO APRISTA PERUANO,514
130202,LAMBAYEQUE,FERREÑAFE,INCAHUASI,PARTIDO DEMOCRATICO SOMOS PERU,140
130202,LAMBAYEQUE,FERREÑAFE,INCAHUASI,PARTIDO PERU POSIBLE,174
130202,LAMBAYEQUE,FERREÑAFE,INCAHUASI,PARTIDO POLITICO NACIONAL PRIMERO PERU,20
130202,LAMBAYEQUE,FERREÑAFE,INCAHUASI,PRODE - PROGRESO Y DESARROLLO,254
130203,LAMBAYEQUE,FERREÑAFE,CAÑARIS,AGRUPACION INDEPENDIENTE UNION POR EL PERU - FRENTE AMPLIO,328
130203,LAMBAYEQUE,FERREÑAFE,CAÑARIS,ALIANZA ELECTORAL UNIDAD NACIONAL,11
130203,LAMBAYEQUE,FERREÑAFE,CAÑARIS,ALIANZA PARA EL PROGRESO,368
130203,LAMBAYEQUE,FERREÑAFE,CAÑARIS,"MOVIMIENTO INDEPENDIENTE ""LEALTAD""",245
130203,LAMBAYEQUE,FERREÑAFE,CAÑARIS,PARTIDO ACCION POPULAR,527
130203,LAMBAYEQUE,FERREÑAFE,CAÑARIS,PARTIDO APRISTA PERUANO,819
130203,LAMBAYEQUE,FERREÑAFE,CAÑARIS,PARTIDO DEMOCRATICO SOMOS PERU,244
130203,LAMBAYEQUE,FERREÑAFE,CAÑARIS,PARTIDO PERU POSIBLE,29
130203,LAMBAYEQUE,FERREÑAFE,CAÑARIS,PRODE - PROGRESO Y DESARROLLO,31
130204,LAMBAYEQUE,FERREÑAFE,PITIPO,ALIANZA ELECTORAL UNIDAD NACIONAL,1340
130204,LAMBAYEQUE,FERREÑAFE,PITIPO,ALIANZA PARA EL PROGRESO,142
130204,LAMBAYEQUE,FERREÑAFE,PITIPO,"MOVIMIENTO INDEPENDIENTE ""LEALTAD""",160
130204,LAMBAYEQUE,FERREÑAFE,PITIPO,PARTIDO ACCION POPULAR,1728
130204,LAMBAYEQUE,FERREÑAFE,PITIPO,PARTIDO APRISTA PERUANO,1846
130204,LAMBAYEQUE,FERREÑAFE,PITIPO,PARTIDO DEMOCRATICO SOMOS PERU,96
130204,LAMBAYEQUE,FERREÑAFE,PITIPO,PARTIDO PERU POSIBLE,594
130204,LAMBAYEQUE,FERREÑAFE,PITIPO,PARTIDO POLITICO NACIONAL PRIMERO PERU,42
130204,LAMBAYEQUE,FERREÑAFE,PITIPO,PRODE - PROGRESO Y DESARROLLO,214
130205,LAMBAYEQUE,FERREÑAFE,PUEBLO NUEVO,AGRUPACION INDEPENDIENTE UNION POR EL PERU - FRENTE AMPLIO,209
130205,LAMBAYEQUE,FERREÑAFE,PUEBLO NUEVO,ALIANZA ELECTORAL UNIDAD NACIONAL,639
130205,LAMBAYEQUE,FERREÑAFE,PUEBLO NUEVO,ALIANZA PARA EL PROGRESO,162
130205,LAMBAYEQUE,FERREÑAFE,PUEBLO NUEVO,"MOVIMIENTO INDEPENDIENTE ""LEALTAD""",346
130205,LAMBAYEQUE,FERREÑAFE,PUEBLO NUEVO,PARTIDO ACCION POPULAR,276
130205,LAMBAYEQUE,FERREÑAFE,PUEBLO NUEVO,PARTIDO APRISTA PERUANO,834
130205,LAMBAYEQUE,FERREÑAFE,PUEBLO NUEVO,PARTIDO DEMOCRATICO SOMOS PERU,119
130205,LAMBAYEQUE,FERREÑAFE,PUEBLO NUEVO,PARTIDO PERU POSIBLE,949
130205,LAMBAYEQUE,FERREÑAFE,PUEBLO NUEVO,PARTIDO POLITICO NACIONAL PRIMERO PERU,28
130205,LAMBAYEQUE,FERREÑAFE,PUEBLO NUEVO,PRODE - PROGRESO Y DESARROLLO,1090
130206,LAMBAYEQUE,FERREÑAFE,MANUEL ANTONIO MESONES MURO,ALIANZA ELECTORAL UNIDAD NACIONAL,39
130206,LAMBAYEQUE,FERREÑAFE,MANUEL ANTONIO MESONES MURO,ALIANZA PARA EL PROGRESO,656
130206,LAMBAYEQUE,FERREÑAFE,MANUEL ANTONIO MESONES MURO,"MOVIMIENTO INDEPENDIENTE ""LEALTAD""",765
130206,LAMBAYEQUE,FERREÑAFE,MANUEL ANTONIO MESONES MURO,PARTIDO ACCION POPULAR,120
130206,LAMBAYEQUE,FERREÑAFE,MANUEL ANTONIO MESONES MURO,PARTIDO APRISTA PERUANO,775
130206,LAMBAYEQUE,FERREÑAFE,MANUEL ANTONIO MESONES MURO,PARTIDO DEMOCRATICO SOMOS PERU,33
130206,LAMBAYEQUE,FERREÑAFE,MANUEL ANTONIO MESONES MURO,PARTIDO PERU POSIBLE,61
130206,LAMBAYEQUE,FERREÑAFE,MANUEL ANTONIO MESONES MURO,PARTIDO POLITICO NACIONAL PRIMERO PERU,60
130206,LAMBAYEQUE,FERREÑAFE,MANUEL ANTONIO MESONES MURO,PRODE - PROGRESO Y DESARROLLO,200
130302,LAMBAYEQUE,LAMBAYEQUE,CHOCHOPE,ALIANZA ELECTORAL UNIDAD NACIONAL,49
130302,LAMBAYEQUE,LAMBAYEQUE,CHOCHOPE,"MOVIMIENTO INDEPENDIENTE ""HUEREQUEQUE""",59
130302,LAMBAYEQUE,LAMBAYEQUE,CHOCHOPE,PARTIDO APRISTA PERUANO,182
130302,LAMBAYEQUE,LAMBAYEQUE,CHOCHOPE,PARTIDO DEMOCRATICO SOMOS PERU,167
130302,LAMBAYEQUE,LAMBAYEQUE,CHOCHOPE,PARTIDO PERU POSIBLE,79
130303,LAMBAYEQUE,LAMBAYEQUE,ILLIMO,ALIANZA ELECTORAL UNIDAD NACIONAL,69
130303,LAMBAYEQUE,LAMBAYEQUE,ILLIMO,ALIANZA PARA EL PROGRESO,471
130303,LAMBAYEQUE,LAMBAYEQUE,ILLIMO,"MOVIMIENTO INDEPENDIENTE ""HUEREQUEQUE""",116
130303,LAMBAYEQUE,LAMBAYEQUE,ILLIMO,"MOVIMIENTO INDEPENDIENTE ""ILLIMO AVANZANDO""",886
130303,LAMBAYEQUE,LAMBAYEQUE,ILLIMO,"MOVIMIENTO INDEPENDIENTE ""TE QUIERO ILLIMO""",1387
130303,LAMBAYEQUE,LAMBAYEQUE,ILLIMO,PARTIDO ACCION POPULAR,209
130303,LAMBAYEQUE,LAMBAYEQUE,ILLIMO,PARTIDO APRISTA PERUANO,1254
130303,LAMBAYEQUE,LAMBAYEQUE,ILLIMO,PARTIDO DEMOCRATICO SOMOS PERU,344
130303,LAMBAYEQUE,LAMBAYEQUE,ILLIMO,PARTIDO PERU POSIBLE,357
130304,LAMBAYEQUE,LAMBAYEQUE,JAYANCA,AGRUPACION INDEPENDIENTE UNION POR EL PERU - FRENTE AMPLIO,236
130304,LAMBAYEQUE,LAMBAYEQUE,JAYANCA,ALIANZA ELECTORAL UNIDAD NACIONAL,200
130304,LAMBAYEQUE,LAMBAYEQUE,JAYANCA,ALIANZA PARA EL PROGRESO,1211
130304,LAMBAYEQUE,LAMBAYEQUE,JAYANCA,"MOVIMIENTO INDEPENDIENTE ""HUEREQUEQUE""",1209
130304,LAMBAYEQUE,LAMBAYEQUE,JAYANCA,PARTIDO ACCION POPULAR,356
130304,LAMBAYEQUE,LAMBAYEQUE,JAYANCA,PARTIDO APRISTA PERUANO,2204
130304,LAMBAYEQUE,LAMBAYEQUE,JAYANCA,PARTIDO DEMOCRATICO SOMOS PERU,315
130304,LAMBAYEQUE,LAMBAYEQUE,JAYANCA,PARTIDO PERU POSIBLE,382
130305,LAMBAYEQUE,LAMBAYEQUE,MOCHUMI,ALIANZA ELECTORAL UNIDAD NACIONAL,1222
130305,LAMBAYEQUE,LAMBAYEQUE,MOCHUMI,ALIANZA PARA EL PROGRESO,82
130305,LAMBAYEQUE,LAMBAYEQUE,MOCHUMI,"MOVIMIENTO INDEPENDIENTE ""HUEREQUEQUE""",1169
130305,LAMBAYEQUE,LAMBAYEQUE,MOCHUMI,PARTIDO ACCION POPULAR,1354
130305,LAMBAYEQUE,LAMBAYEQUE,MOCHUMI,PARTIDO APRISTA PERUANO,1679
130305,LAMBAYEQUE,LAMBAYEQUE,MOCHUMI,PARTIDO DEMOCRATICO SOMOS PERU,870
130305,LAMBAYEQUE,LAMBAYEQUE,MOCHUMI,PARTIDO PERU POSIBLE,1365
130305,LAMBAYEQUE,LAMBAYEQUE,MOCHUMI,PARTIDO POLITICO NACIONAL PRIMERO PERU,414
130306,LAMBAYEQUE,LAMBAYEQUE,MORROPE,ALIANZA ELECTORAL UNIDAD NACIONAL,611
130306,LAMBAYEQUE,LAMBAYEQUE,MORROPE,ALIANZA PARA EL PROGRESO,233
130306,LAMBAYEQUE,LAMBAYEQUE,MORROPE,"MOVIMIENTO INDEPENDIENTE ""HUEREQUEQUE""",1343
130306,LAMBAYEQUE,LAMBAYEQUE,MORROPE,"MOVIMIENTO INDEPENDIENTE ""MORROPE VERDE""",1909
130306,LAMBAYEQUE,LAMBAYEQUE,MORROPE,"MOVIMIENTO INDEPENDIENTE ""PROGRESO AGRARIO MORROPE""",1630
130306,LAMBAYEQUE,LAMBAYEQUE,MORROPE,MOVIMIENTO INDEPENDIENTE FUERZA JUVENTUD MORROPANA,1196
130306,LAMBAYEQUE,LAMBAYEQUE,MORROPE,PARTIDO ACCION POPULAR,2573
130306,LAMBAYEQUE,LAMBAYEQUE,MORROPE,PARTIDO APRISTA PERUANO,1876
130306,LAMBAYEQUE,LAMBAYEQUE,MORROPE,PARTIDO DEMOCRATICO SOMOS PERU,739
130306,LAMBAYEQUE,LAMBAYEQUE,MORROPE,PARTIDO PERU POSIBLE,696
130307,LAMBAYEQUE,LAMBAYEQUE,MOTUPE,ALIANZA ELECTORAL UNIDAD NACIONAL,340
130307,LAMBAYEQUE,LAMBAYEQUE,MOTUPE,ALIANZA PARA EL PROGRESO,40
130307,LAMBAYEQUE,LAMBAYEQUE,MOTUPE,"MOVIMIENTO INDEPENDIENTE ""HUEREQUEQUE""",118
130307,LAMBAYEQUE,LAMBAYEQUE,MOTUPE,PARTIDO ACCION POPULAR,3407
130307,LAMBAYEQUE,LAMBAYEQUE,MOTUPE,PARTIDO APRISTA PERUANO,2993
130307,LAMBAYEQUE,LAMBAYEQUE,MOTUPE,PARTIDO DEMOCRATICO SOMOS PERU,4435
130307,LAMBAYEQUE,LAMBAYEQUE,MOTUPE,PARTIDO PERU POSIBLE,76
130308,LAMBAYEQUE,LAMBAYEQUE,OLMOS,ALIANZA ELECTORAL UNIDAD NACIONAL,94
130308,LAMBAYEQUE,LAMBAYEQUE,OLMOS,"MOVIMIENTO INDEPENDIENTE ""HUEREQUEQUE""",598
130308,LAMBAYEQUE,LAMBAYEQUE,OLMOS,MOVIMIENTO INDEPENDIENTE OLMANO (M.I.O.),3233
130308,LAMBAYEQUE,LAMBAYEQUE,OLMOS,PARTIDO ACCION POPULAR,2385
130308,LAMBAYEQUE,LAMBAYEQUE,OLMOS,PARTIDO APRISTA PERUANO,6148
130308,LAMBAYEQUE,LAMBAYEQUE,OLMOS,PARTIDO DEMOCRATICO SOMOS PERU,162
130308,LAMBAYEQUE,LAMBAYEQUE,OLMOS,PARTIDO PERU POSIBLE,1415
130309,LAMBAYEQUE,LAMBAYEQUE,PACORA,ALIANZA ELECTORAL UNIDAD NACIONAL,426
130309,LAMBAYEQUE,LAMBAYEQUE,PACORA,ALIANZA PARA EL PROGRESO,609
130309,LAMBAYEQUE,LAMBAYEQUE,PACORA,"MOVIMIENTO INDEPENDIENTE ""FUERZA PACORA""",565
130309,LAMBAYEQUE,LAMBAYEQUE,PACORA,"MOVIMIENTO INDEPENDIENTE ""HUEREQUEQUE""",349
130309,LAMBAYEQUE,LAMBAYEQUE,PACORA,PARTIDO ACCION POPULAR,49
130309,LAMBAYEQUE,LAMBAYEQUE,PACORA,PARTIDO APRISTA PERUANO,577
130309,LAMBAYEQUE,LAMBAYEQUE,PACORA,PARTIDO DEMOCRATICO SOMOS PERU,293
130309,LAMBAYEQUE,LAMBAYEQUE,PACORA,PARTIDO PERU POSIBLE,130
130310,LAMBAYEQUE,LAMBAYEQUE,SALAS,AGRUPACION INDEPENDIENTE UNION POR EL PERU - FRENTE AMPLIO,94
130310,LAMBAYEQUE,LAMBAYEQUE,SALAS,ALIANZA ELECTORAL UNIDAD NACIONAL,36
130310,LAMBAYEQUE,LAMBAYEQUE,SALAS,PARTIDO ACCION POPULAR,979
130310,LAMBAYEQUE,LAMBAYEQUE,SALAS,PARTIDO APRISTA PERUANO,1552
130310,LAMBAYEQUE,LAMBAYEQUE,SALAS,PARTIDO DEMOCRATICO SOMOS PERU,1057
130310,LAMBAYEQUE,LAMBAYEQUE,SALAS,PARTIDO PERU POSIBLE,135
130311,LAMBAYEQUE,LAMBAYEQUE,SAN JOSE,AGRUPACION INDEPENDIENTE UNION POR EL PERU - FRENTE AMPLIO,83
130311,LAMBAYEQUE,LAMBAYEQUE,SAN JOSE,ALIANZA ELECTORAL UNIDAD NACIONAL,103
130311,LAMBAYEQUE,LAMBAYEQUE,SAN JOSE,"MOVIMIENTO INDEPENDIENTE ""HUEREQUEQUE""",275
130311,LAMBAYEQUE,LAMBAYEQUE,SAN JOSE,"MOVIMIENTO INDEPENDIENTE ""TRABAJO CON APOYO SOCIAL""",907
130311,LAMBAYEQUE,LAMBAYEQUE,SAN JOSE,PARTIDO ACCION POPULAR,359
130311,LAMBAYEQUE,LAMBAYEQUE,SAN JOSE,PARTIDO APRISTA PERUANO,497
130311,LAMBAYEQUE,LAMBAYEQUE,SAN JOSE,PARTIDO DEMOCRATICO SOMOS PERU,1701
130311,LAMBAYEQUE,LAMBAYEQUE,SAN JOSE,PARTIDO PERU POSIBLE,494
130312,LAMBAYEQUE,LAMBAYEQUE,TUCUME,ALIANZA ELECTORAL UNIDAD NACIONAL,2592
130312,LAMBAYEQUE,LAMBAYEQUE,TUCUME,ALIANZA PARA EL PROGRESO,71
130312,LAMBAYEQUE,LAMBAYEQUE,TUCUME,COMITE POLITICO INDEPENDIENTE TUCUME,43
130312,LAMBAYEQUE,LAMBAYEQUE,TUCUME,"MOVIMIENTO INDEPENDIENTE ""HUEREQUEQUE""",257
130312,LAMBAYEQUE,LAMBAYEQUE,TUCUME,"MOVIMIENTO INDEPENDIENTE ""TRABAJEMOS POR TUCUME""",1499
130312,LAMBAYEQUE,LAMBAYEQUE,TUCUME,MOVIMIENTO INDEPENDIENTE TUCUME FLORECE,277
130312,LAMBAYEQUE,LAMBAYEQUE,TUCUME,PARTIDO ACCION POPULAR,1318
130312,LAMBAYEQUE,LAMBAYEQUE,TUCUME,PARTIDO APRISTA PERUANO,1191
130312,LAMBAYEQUE,LAMBAYEQUE,TUCUME,PARTIDO DEMOCRATICO SOMOS PERU,1853
130312,LAMBAYEQUE,LAMBAYEQUE,TUCUME,PARTIDO PERU POSIBLE,249
140205,LIMA,CAJATAMBO,COPA,ALIANZA ELECTORAL UNIDAD NACIONAL,52
140205,LIMA,CAJATAMBO,COPA,FRENTE POPULAR ANTICORRUPCION,53
140205,LIMA,CAJATAMBO,COPA,PARTIDO ACCION POPULAR,48
140205,LIMA,CAJATAMBO,COPA,PARTIDO APRISTA PERUANO,50
140205,LIMA,CAJATAMBO,COPA,PARTIDO PERU POSIBLE,69
140205,LIMA,CAJATAMBO,COPA,PLAN Y DESARROLLO,17
140206,LIMA,CAJATAMBO,GORGOR,ALIANZA ELECTORAL UNIDAD NACIONAL,160
140206,LIMA,CAJATAMBO,GORGOR,FRENTE POPULAR ANTICORRUPCION,34
140206,LIMA,CAJATAMBO,GORGOR,PARTIDO ACCION POPULAR,52
140206,LIMA,CAJATAMBO,GORGOR,PARTIDO APRISTA PERUANO,28
140206,LIMA,CAJATAMBO,GORGOR,PARTIDO DEMOCRATICO SOMOS PERU,64
140206,LIMA,CAJATAMBO,GORGOR,PARTIDO PERU POSIBLE,95
140206,LIMA,CAJATAMBO,GORGOR,PLAN Y DESARROLLO,102
140207,LIMA,CAJATAMBO,HUANCAPON,ALIANZA ELECTORAL UNIDAD NACIONAL,94
140207,LIMA,CAJATAMBO,HUANCAPON,FRENTE POPULAR ANTICORRUPCION,279
140207,LIMA,CAJATAMBO,HUANCAPON,PARTIDO ACCION POPULAR,14
140207,LIMA,CAJATAMBO,HUANCAPON,PARTIDO APRISTA PERUANO,48
140207,LIMA,CAJATAMBO,HUANCAPON,PARTIDO DEMOCRATICO SOMOS PERU,21
140207,LIMA,CAJATAMBO,HUANCAPON,PARTIDO PERU POSIBLE,65
140207,LIMA,CAJATAMBO,HUANCAPON,PLAN Y DESARROLLO,49
140208,LIMA,CAJATAMBO,MANAS,ALIANZA ELECTORAL UNIDAD NACIONAL,40
140208,LIMA,CAJATAMBO,MANAS,FRENTE POPULAR ANTICORRUPCION,12
140208,LIMA,CAJATAMBO,MANAS,FRENTE UNIDO MANASINO,24
140208,LIMA,CAJATAMBO,MANAS,MOVIMIENTO INDEPENDIENTE JUVENTUD PROGRESISTA DE MANAS,113
140208,LIMA,CAJATAMBO,MANAS,PARTIDO APRISTA PERUANO,16
140208,LIMA,CAJATAMBO,MANAS,PARTIDO DEMOCRATICO SOMOS PERU,33
140208,LIMA,CAJATAMBO,MANAS,PARTIDO PERU POSIBLE,61
140208,LIMA,CAJATAMBO,MANAS,PLAN Y DESARROLLO,135
140302,LIMA,CANTA,ARAHUAY,ALIANZA ELECTORAL UNIDAD NACIONAL,40
140302,LIMA,CANTA,ARAHUAY,MOVIMIENTO POLITICO FRENTE DE INTEGRACION Y DESARROLLO CANTEÑO,135
140302,LIMA,CANTA,ARAHUAY,PARTIDO APRISTA PERUANO,43
140302,LIMA,CANTA,ARAHUAY,PARTIDO PERU POSIBLE,105
140303,LIMA,CANTA,HUAMANTANGA,AGRUPACION INDEPENDIENTE UNION POR EL PERU - FRENTE AMPLIO,5
140303,LIMA,CANTA,HUAMANTANGA,ALIANZA ELECTORAL UNIDAD NACIONAL,189
140303,LIMA,CANTA,HUAMANTANGA,LISTA INDEPENDIENTE INTEGRACION CANTEÑA,60
140303,LIMA,CANTA,HUAMANTANGA,MOVIMIENTO POLITICO FRENTE DE INTEGRACION Y DESARROLLO CANTEÑO,93
140303,LIMA,CANTA,HUAMANTANGA,PARTIDO APRISTA PERUANO,115
140303,LIMA,CANTA,HUAMANTANGA,PARTIDO PERU POSIBLE,107
140304,LIMA,CANTA,HUAROS,ALIANZA ELECTORAL UNIDAD NACIONAL,18
140304,LIMA,CANTA,HUAROS,MOVIMIENTO INDEPENDIENTE CAMINO AL DESARROLLO,96
140304,LIMA,CANTA,HUAROS,"MOVIMIENTO INDEPENDIENTE DE UNIDAD, GESTION Y DESARROLLO DEL DISTRITO",65
140304,LIMA,CANTA,HUAROS,MOVIMIENTO POLITICO FRENTE DE INTEGRACION Y DESARROLLO CANTEÑO,43
140304,LIMA,CANTA,HUAROS,PARTIDO ACCION POPULAR,51
140304,LIMA,CANTA,HUAROS,PARTIDO APRISTA PERUANO,134
140304,LIMA,CANTA,HUAROS,PARTIDO PERU POSIBLE,72
140305,LIMA,CANTA,LACHAQUI,ALIANZA ELECTORAL UNIDAD NACIONAL,37
140305,LIMA,CANTA,LACHAQUI,LISTA INDEPENDIENTE INTEGRACION CANTEÑA,154
140305,LIMA,CANTA,LACHAQUI,LISTA INDEPENDIENTE PARA CANTA Y POR CANTA,86
140305,LIMA,CANTA,LACHAQUI,MOVIMIENTO POLITICO FRENTE DE INTEGRACION Y DESARROLLO CANTEÑO,47
140305,LIMA,CANTA,LACHAQUI,PARTIDO ACCION POPULAR,38
140305,LIMA,CANTA,LACHAQUI,PARTIDO PERU POSIBLE,157
140306,LIMA,CANTA,SAN BUENAVENTURA,AGRUPACION INDEPENDIENTE UNION POR EL PERU - FRENTE AMPLIO,19
140306,LIMA,CANTA,SAN BUENAVENTURA,ALIANZA ELECTORAL UNIDAD NACIONAL,45
140306,LIMA,CANTA,SAN BUENAVENTURA,LISTA INDEPENDIENTE INTEGRACION CANTEÑA,7
140306,LIMA,CANTA,SAN BUENAVENTURA,MOVIMIENTO POLITICO FRENTE DE INTEGRACION Y DESARROLLO CANTEÑO,141
140306,LIMA,CANTA,SAN BUENAVENTURA,PARTIDO APRISTA PERUANO,22
140306,LIMA,CANTA,SAN BUENAVENTURA,PARTIDO PERU POSIBLE,79
140307,LIMA,CANTA,SANTA ROSA DE QUIVES,ALIANZA ELECTORAL UNIDAD NACIONAL,68
140307,LIMA,CANTA,SANTA ROSA DE QUIVES,LISTA INDEPENDIENTE INTEGRACION CANTEÑA,272
140307,LIMA,CANTA,SANTA ROSA DE QUIVES,LISTA INDEPENDIENTE PARA CANTA Y POR CANTA,381
140307,LIMA,CANTA,SANTA ROSA DE QUIVES,"MOVIMIENTO POLITICO ""SANTA ROSA DE QUIVES RUMBO AL DESARROLLO""",103
140307,LIMA,CANTA,SANTA ROSA DE QUIVES,MOVIMIENTO POLITICO FRENTE DE INTEGRACION Y DESARROLLO CANTEÑO,317
140307,LIMA,CANTA,SANTA ROSA DE QUIVES,PARTIDO APRISTA PERUANO,165
140307,LIMA,CANTA,SANTA ROSA DE QUIVES,PARTIDO PERU POSIBLE,193
140307,LIMA,CANTA,SANTA ROSA DE QUIVES,TIERRA ADENTRO,154
140402,LIMA,CAÑETE,CALANGO,AGRUPACION INDEPENDIENTE UNION POR EL PERU - FRENTE AMPLIO,216
140402,LIMA,CAÑETE,CALANGO,ALIANZA ELECTORAL UNIDAD NACIONAL,48
140402,LIMA,CAÑETE,CALANGO,FRENTE INDEPENDIENTE MORALIZADOR,10
140402,LIMA,CAÑETE,CALANGO,"MOVIMIENTO INDEPENDIENTE ""JUNTOS POR CAÑETE""",18
140402,LIMA,CAÑETE,CALANGO,MOVIMIENTO INDEPENDIENTE DE RECONSTRUCCION CAÑETANA (MIRCA),207
140402,LIMA,CAÑETE,CALANGO,PARTIDO APRISTA PERUANO,162
140402,LIMA,CAÑETE,CALANGO,PARTIDO DEMOCRATICO SOMOS PERU,85
140402,LIMA,CAÑETE,CALANGO,PARTIDO PERU POSIBLE,312
140403,LIMA,CAÑETE,CERRO AZUL,ALIANZA ELECTORAL UNIDAD NACIONAL,201
140403,LIMA,CAÑETE,CERRO AZUL,FRENTE INDEPENDIENTE MORALIZADOR,352
140403,LIMA,CAÑETE,CERRO AZUL,"LISTA INDEPENDIENTE ""DESARROLLO CAÑETANO""",25
140403,LIMA,CAÑETE,CERRO AZUL,"MOVIMIENTO INDEPENDIENTE ""CAÑETE AVANZA""",6
140403,LIMA,CAÑETE,CERRO AZUL,"MOVIMIENTO INDEPENDIENTE ""CERRO AZUL PROGRESA""",1471
140403,LIMA,CAÑETE,CERRO AZUL,MOVIMIENTO NUEVA IZQUIERDA,41
140403,LIMA,CAÑETE,CERRO AZUL,PARTIDO ACCION POPULAR,36
140403,LIMA,CAÑETE,CERRO AZUL,PARTIDO APRISTA PERUANO,129
140403,LIMA,CAÑETE,CERRO AZUL,PARTIDO DEMOCRATICO SOMOS PERU,472
140403,LIMA,CAÑETE,CERRO AZUL,PARTIDO PERU POSIBLE,230
140404,LIMA,CAÑETE,COAYLLO,AGRUPACION INDEPENDIENTE UNION POR EL PERU - FRENTE AMPLIO,145
140404,LIMA,CAÑETE,COAYLLO,ALIANZA ELECTORAL UNIDAD NACIONAL,150
140404,LIMA,CAÑETE,COAYLLO,FRENTE INDEPENDIENTE MORALIZADOR,11
140404,LIMA,CAÑETE,COAYLLO,"LISTA INDEPENDIENTE ""DESARROLLO CAÑETANO""",73
140404,LIMA,CAÑETE,COAYLLO,"MOVIMIENTO INDEPENDIENTE ""JUNTOS POR CAÑETE""",242
140404,LIMA,CAÑETE,COAYLLO,PARTIDO APRISTA PERUANO,32
140404,LIMA,CAÑETE,COAYLLO,PARTIDO DEMOCRATICO SOMOS PERU,164
140405,LIMA,CAÑETE,CHILCA,AGRUPACION INDEPENDIENTE UNION POR EL PERU - FRENTE AMPLIO,83
140405,LIMA,CAÑETE,CHILCA,ALIANZA ELECTORAL UNIDAD NACIONAL,192
140405,LIMA,CAÑETE,CHILCA,"MOVIMIENTO ""FORJEMOS CHILCA""",999
140405,LIMA,CAÑETE,CHILCA,"MOVIMIENTO INDEPENDIENTE ""FUTURO PROGRESISTA - CHILCA""",323
140405,LIMA,CAÑETE,CHILCA,"MOVIMIENTO INDEPENDIENTE ""JUNTOS POR CAÑETE""",872
140405,LIMA,CAÑETE,CHILCA,MOVIMIENTO INDEPENDIENTE DE RECONSTRUCCION CAÑETANA (MIRCA),143
140405,LIMA,CAÑETE,CHILCA,PARTIDO ACCION POPULAR,1324
140405,LIMA,CAÑETE,CHILCA,PARTIDO APRISTA PERUANO,516
140405,LIMA,CAÑETE,CHILCA,PARTIDO DEMOCRATICO SOMOS PERU,100
140405,LIMA,CAÑETE,CHILCA,PARTIDO PERU POSIBLE,197
140406,LIMA,CAÑETE,IMPERIAL,AGRUPACION DE INDEPENDIENTES TODOS POR IMPERIAL,731
140406,LIMA,CAÑETE,IMPERIAL,AGRUPACION INDEPENDIENTE UNION POR EL PERU - FRENTE AMPLIO,584
140406,LIMA,CAÑETE,IMPERIAL,ALIANZA ELECTORAL UNIDAD NACIONAL,1242
140406,LIMA,CAÑETE,IMPERIAL,FRENTE INDEPENDIENTE MORALIZADOR,4346
140406,LIMA,CAÑETE,IMPERIAL,FUERZA DEMOCRATICA,143
140406,LIMA,CAÑETE,IMPERIAL,"MOVIMIENTO INDEPENDIENTE ""CAÑETE AVANZA""",467
140406,LIMA,CAÑETE,IMPERIAL,"MOVIMIENTO INDEPENDIENTE ""JUNTOS POR CAÑETE""",3199
140406,LIMA,CAÑETE,IMPERIAL,"MOVIMIENTO INDEPENDIENTE ""LEALTAD IMPERIALINO NUEVA ORGANIZACION""",329
140406,LIMA,CAÑETE,IMPERIAL,MOVIMIENTO INDEPENDIENTE DE RECONSTRUCCION CAÑETANA (MIRCA),4446
140406,LIMA,CAÑETE,IMPERIAL,PARTIDO ACCION POPULAR,544
140406,LIMA,CAÑETE,IMPERIAL,PARTIDO RENACIMIENTO ANDINO,997
140407,LIMA,CAÑETE,LUNAHUANA,ALIANZA ELECTORAL UNIDAD NACIONAL,743
140407,LIMA,CAÑETE,LUNAHUANA,FRENTE INDEPENDIENTE MORALIZADOR,198
140407,LIMA,CAÑETE,LUNAHUANA,"MOVIMIENTO INDEPENDIENTE ""CAÑETE AVANZA""",148
140407,LIMA,CAÑETE,LUNAHUANA,"MOVIMIENTO INDEPENDIENTE ""JUNTOS POR CAÑETE""",56
140407,LIMA,CAÑETE,LUNAHUANA,"MOVIMIENTO INDEPENDIENTE ""MODERNICEMOS LUNAHUANA""",466
140407,LIMA,CAÑETE,LUNAHUANA,PARTIDO ACCION POPULAR,78
140407,LIMA,CAÑETE,LUNAHUANA,PARTIDO APRISTA PERUANO,549
140407,LIMA,CAÑETE,LUNAHUANA,PARTIDO DEMOCRATICO SOMOS PERU,192
140407,LIMA,CAÑETE,LUNAHUANA,PARTIDO PERU POSIBLE,48
140407,LIMA,CAÑETE,LUNAHUANA,PARTIDO RENACIMIENTO ANDINO,20
140408,LIMA,CAÑETE,MALA,AGRUPACION INDEPENDIENTE UNION POR EL PERU - FRENTE AMPLIO,1864
140408,LIMA,CAÑETE,MALA,ALIANZA ELECTORAL UNIDAD NACIONAL,2035
140408,LIMA,CAÑETE,MALA,FRENTE INDEPENDIENTE MORALIZADOR,378
140408,LIMA,CAÑETE,MALA,FUERZA DEMOCRATICA,299
140408,LIMA,CAÑETE,MALA,"MOVIMIENTO INDEPENDIENTE ""CAÑETE AVANZA""",366
140408,LIMA,CAÑETE,MALA,"MOVIMIENTO INDEPENDIENTE ""JUNTOS POR CAÑETE""",956
140408,LIMA,CAÑETE,MALA,MOVIMIENTO INDEPENDIENTE DE RECONSTRUCCION CAÑETANA (MIRCA),977
140408,LIMA,CAÑETE,MALA,MOVIMIENTO NUEVA IZQUIERDA,231
140408,LIMA,CAÑETE,MALA,PARTIDO APRISTA PERUANO,2481
140408,LIMA,CAÑETE,MALA,PARTIDO DEMOCRATICO SOMOS PERU,383
140408,LIMA,CAÑETE,MALA,PARTIDO PERU POSIBLE,612
140408,LIMA,CAÑETE,MALA,PARTIDO RENACIMIENTO ANDINO,771
140409,LIMA,CAÑETE,NUEVO IMPERIAL,AGRUPACION INDEPENDIENTE UNION POR EL PERU - FRENTE AMPLIO,484
140409,LIMA,CAÑETE,NUEVO IMPERIAL,ALIANZA ELECTORAL UNIDAD NACIONAL,961
140409,LIMA,CAÑETE,NUEVO IMPERIAL,FRENTE INDEPENDIENTE MORALIZADOR,607
140409,LIMA,CAÑETE,NUEVO IMPERIAL,FUERZA DEMOCRATICA,41
140409,LIMA,CAÑETE,NUEVO IMPERIAL,"LISTA INDEPENDIENTE ""DESARROLLO CAÑETANO""",196
140409,LIMA,CAÑETE,NUEVO IMPERIAL,"MOVIMIENTO INDEPENDIENTE ""CAÑETE AVANZA""",279
140409,LIMA,CAÑETE,NUEVO IMPERIAL,"MOVIMIENTO INDEPENDIENTE ""FUENTE DE VIDA""",310
140409,LIMA,CAÑETE,NUEVO IMPERIAL,"MOVIMIENTO INDEPENDIENTE ""JUNTOS POR CAÑETE""",262
140409,LIMA,CAÑETE,NUEVO IMPERIAL,MOVIMIENTO INDEPENDIENTE DE RECONSTRUCCION CAÑETANA (MIRCA),147
140409,LIMA,CAÑETE,NUEVO IMPERIAL,MOVIMIENTO INDEPENDIENTE EL SOL RADIANTE,1221
140409,LIMA,CAÑETE,NUEVO IMPERIAL,MOVIMIENTO NUEVA IZQUIERDA,38
140409,LIMA,CAÑETE,NUEVO IMPERIAL,PARTIDO ACCION POPULAR,119
140409,LIMA,CAÑETE,NUEVO IMPERIAL,PARTIDO APRISTA PERUANO,332
140409,LIMA,CAÑETE,NUEVO IMPERIAL,PARTIDO DEMOCRATICO SOMOS PERU,700
140409,LIMA,CAÑETE,NUEVO IMPERIAL,PARTIDO PERU POSIBLE,481
140409,LIMA,CAÑETE,NUEVO IMPERIAL,PARTIDO POLITICO NACIONAL PRIMERO PERU,268
140410,LIMA,CAÑETE,PACARAN,ALIANZA ELECTORAL UNIDAD NACIONAL,46
140410,LIMA,CAÑETE,PACARAN,"MOVIMIENTO ""RENOVACION PACARAN""",81
140410,LIMA,CAÑETE,PACARAN,"MOVIMIENTO INDEPENDIENTE ""JUNTOS POR CAÑETE""",43
140410,LIMA,CAÑETE,PACARAN,"MOVIMIENTO INDEPENDIENTE ""PACARAN CAMINO PARA AVANZAR""",61
140410,LIMA,CAÑETE,PACARAN,MOVIMIENTO INDEPENDIENTE DE RECONSTRUCCION CAÑETANA (MIRCA),123
140410,LIMA,CAÑETE,PACARAN,PACARAN RUMBO AL PROGRESO,67
140410,LIMA,CAÑETE,PACARAN,PARTIDO ACCION POPULAR,20
140410,LIMA,CAÑETE,PACARAN,PARTIDO APRISTA PERUANO,58
140410,LIMA,CAÑETE,PACARAN,PARTIDO DEMOCRATICO SOMOS PERU,198
140410,LIMA,CAÑETE,PACARAN,PARTIDO PERU POSIBLE,61
140411,LIMA,CAÑETE,QUILMANA,ALIANZA ELECTORAL UNIDAD NACIONAL,269
140411,LIMA,CAÑETE,QUILMANA,"FRENTE INDEPENDIENTE ""QUILMANA JUNTOS TE HAREMOS GRANDE""",1926
140411,LIMA,CAÑETE,QUILMANA,FRENTE INDEPENDIENTE MORALIZADOR,60
140411,LIMA,CAÑETE,QUILMANA,"LISTA INDEPENDIENTE ""DESARROLLO CAÑETANO""",55
140411,LIMA,CAÑETE,QUILMANA,"MOVIMIENTO INDEPENDIENTE ""JUNTOS POR CAÑETE""",117
140411,LIMA,CAÑETE,QUILMANA,"MOVIMIENTO INDEPENDIENTE ""NUEVA GESTION""",115
140411,LIMA,CAÑETE,QUILMANA,"MOVIMIENTO INDEPENDIENTE ""UNIDOS POR QUILMANA""",1051
140411,LIMA,CAÑETE,QUILMANA,PARTIDO ACCION POPULAR,825
140411,LIMA,CAÑETE,QUILMANA,PARTIDO APRISTA PERUANO,513
140411,LIMA,CAÑETE,QUILMANA,PARTIDO DEMOCRATICO SOMOS PERU,788
140411,LIMA,CAÑETE,QUILMANA,PARTIDO PERU POSIBLE,199
140412,LIMA,CAÑETE,SAN ANTONIO,ALIANZA ELECTORAL UNIDAD NACIONAL,169
140412,LIMA,CAÑETE,SAN ANTONIO,EL SAN ANTONIANO,437
140412,LIMA,CAÑETE,SAN ANTONIO,"MOVIMIENTO INDEPENDIENTE ""JUNTOS POR CAÑETE""",59
140412,LIMA,CAÑETE,SAN ANTONIO,MOVIMIENTO INDEPENDIENTE DE RECONSTRUCCION CAÑETANA (MIRCA),453
140412,LIMA,CAÑETE,SAN ANTONIO,PARTIDO ACCION POPULAR,202
140412,LIMA,CAÑETE,SAN ANTONIO,PARTIDO APRISTA PERUANO,298
140412,LIMA,CAÑETE,SAN ANTONIO,PARTIDO DEMOCRATICO SOMOS PERU,116
140413,LIMA,CAÑETE,SAN LUIS,AGRUPACION INDEPENDIENTE UNION POR EL PERU - FRENTE AMPLIO,172
140413,LIMA,CAÑETE,SAN LUIS,ALIANZA ELECTORAL UNIDAD NACIONAL,811
140413,LIMA,CAÑETE,SAN LUIS,"LISTA INDEPENDIENTE ""DESARROLLO CAÑETANO""",206
140413,LIMA,CAÑETE,SAN LUIS,"MOVIMIENTO INDEPENDIENTE ""CAÑETE AVANZA""",399
140413,LIMA,CAÑETE,SAN LUIS,"MOVIMIENTO INDEPENDIENTE ""JUNTOS POR CAÑETE""",747
140413,LIMA,CAÑETE,SAN LUIS,MOVIMIENTO INDEPENDIENTE DE RECONSTRUCCION CAÑETANA (MIRCA),213
140413,LIMA,CAÑETE,SAN LUIS,MOVIMIENTO NUEVA IZQUIERDA,580
140413,LIMA,CAÑETE,SAN LUIS,PARTIDO APRISTA PERUANO,456
140413,LIMA,CAÑETE,SAN LUIS,PARTIDO DEMOCRATICO SOMOS PERU,1639
140413,LIMA,CAÑETE,SAN LUIS,PARTIDO PERU POSIBLE,82
140413,LIMA,CAÑETE,SAN LUIS,PARTIDO RENACIMIENTO ANDINO,369
140414,LIMA,CAÑETE,SANTA CRUZ DE FLORES,AGRUPACION INDEPENDIENTE UNION POR EL PERU - FRENTE AMPLIO,163
140414,LIMA,CAÑETE,SANTA CRUZ DE FLORES,ALIANZA ELECTORAL UNIDAD NACIONAL,150
140414,LIMA,CAÑETE,SANTA CRUZ DE FLORES,"MOVIMIENTO INDEPENDIENTE ""CAÑETE AVANZA""",23
140414,LIMA,CAÑETE,SANTA CRUZ DE FLORES,MOVIMIENTO INDEPENDIENTE DE RECONSTRUCCION CAÑETANA (MIRCA),230
140414,LIMA,CAÑETE,SANTA CRUZ DE FLORES,PARTIDO ACCION POPULAR,147
140414,LIMA,CAÑETE,SANTA CRUZ DE FLORES,PARTIDO APRISTA PERUANO,249
140414,LIMA,CAÑETE,SANTA CRUZ DE FLORES,PARTIDO PERU POSIBLE,347
140415,LIMA,CAÑETE,ZUÑIGA,ALIANZA ELECTORAL UNIDAD NACIONAL,77
140415,LIMA,CAÑETE,ZUÑIGA,FRENTE INDEPENDIENTE MORALIZADOR,63
140415,LIMA,CAÑETE,ZUÑIGA,"LISTA INDEPENDIENTE ""DESARROLLO CAÑETANO""",24
140415,LIMA,CAÑETE,ZUÑIGA,"MOVIMIENTO INDEPENDIENTE ""CAÑETE AVANZA""",5
140415,LIMA,CAÑETE,ZUÑIGA,"MOVIMIENTO INDEPENDIENTE ""UNIDOS AL PROGRESO DE ZUÑIGA""",13
140415,LIMA,CAÑETE,ZUÑIGA,MOVIMIENTO INDEPENDIENTE DE RECONSTRUCCION CAÑETANA (MIRCA),35
140415,LIMA,CAÑETE,ZUÑIGA,PARTIDO APRISTA PERUANO,57
140415,LIMA,CAÑETE,ZUÑIGA,PARTIDO DEMOCRATICO SOMOS PERU,200
140415,LIMA,CAÑETE,ZUÑIGA,PARTIDO PERU POSIBLE,56
140416,LIMA,CAÑETE,ASIA,AGRUPACION INDEPENDIENTE UNION POR EL PERU - FRENTE AMPLIO,170
140416,LIMA,CAÑETE,ASIA,ALIANZA ELECTORAL UNIDAD NACIONAL,463
140416,LIMA,CAÑETE,ASIA,FRENTE INDEPENDIENTE MORALIZADOR,4
140416,LIMA,CAÑETE,ASIA,"MOVIMIENTO INDEPENDIENTE ""HORA DE AVANZAR""",170
140416,LIMA,CAÑETE,ASIA,"MOVIMIENTO INDEPENDIENTE ""PRO ASIA""",124
140416,LIMA,CAÑETE,ASIA,MOVIMIENTO NUEVA IZQUIERDA,7
140416,LIMA,CAÑETE,ASIA,PARTIDO ACCION POPULAR,5
140416,LIMA,CAÑETE,ASIA,PARTIDO APRISTA PERUANO,242
140416,LIMA,CAÑETE,ASIA,PARTIDO DEMOCRATICO SOMOS PERU,162
140416,LIMA,CAÑETE,ASIA,PARTIDO PERU POSIBLE,457
140416,LIMA,CAÑETE,ASIA,PARTIDO RENACIMIENTO ANDINO,309
140502,LIMA,HUAURA,AMBAR,ALIANZA ELECTORAL UNIDAD NACIONAL,116
140502,LIMA,HUAURA,AMBAR,FUERZA DEMOCRATICA,11
140502,LIMA,HUAURA,AMBAR,"LISTA INDEPENDIENTE ""FRENTE DE INTEGRACION PROVINCIAL"" - FIP",30
140502,LIMA,HUAURA,AMBAR,"LISTA INDEPENDIENTE ""TRABAJANDO CON MORALIZACION PARA AMBAR""",193
140502,LIMA,HUAURA,AMBAR,"MOVIMIENTO ""LABRADOR AMBARINO""",76
140502,LIMA,HUAURA,AMBAR,PARTIDO ACCION POPULAR,76
140502,LIMA,HUAURA,AMBAR,PARTIDO APRISTA PERUANO,14
140502,LIMA,HUAURA,AMBAR,PARTIDO DEMOCRATICO SOMOS PERU,88
140502,LIMA,HUAURA,AMBAR,PARTIDO PERU POSIBLE,33
140504,LIMA,HUAURA,CALETA DE CARQUIN,AGRUPACION INDEPENDIENTE UNION POR EL PERU - FRENTE AMPLIO,129
140504,LIMA,HUAURA,CALETA DE CARQUIN,ALIANZA ELECTORAL UNIDAD NACIONAL,661
140504,LIMA,HUAURA,CALETA DE CARQUIN,FUERZA DEMOCRATICA,115
140504,LIMA,HUAURA,CALETA DE CARQUIN,"LISTA INDEPENDIENTE ""FRENTE DE INTEGRACION PROVINCIAL"" - FIP",68
140504,LIMA,HUAURA,CALETA DE CARQUIN,MOVIMIENTO NUEVA IZQUIERDA,225
140504,LIMA,HUAURA,CALETA DE CARQUIN,PARTIDO ACCION POPULAR,140
140504,LIMA,HUAURA,CALETA DE CARQUIN,PARTIDO APRISTA PERUANO,534
140504,LIMA,HUAURA,CALETA DE CARQUIN,PARTIDO DEMOCRATICO SOMOS PERU,172
140504,LIMA,HUAURA,CALETA DE CARQUIN,PARTIDO PERU POSIBLE,216
140504,LIMA,HUAURA,CALETA DE CARQUIN,PARTIDO RECONSTRUCCION DEMOCRATICA (PRD),521
140505,LIMA,HUAURA,CHECRAS,AGRUPACION INDEPENDIENTE UNION POR EL PERU - FRENTE AMPLIO,4
140505,LIMA,HUAURA,CHECRAS,ALIANZA ELECTORAL UNIDAD NACIONAL,126
140505,LIMA,HUAURA,CHECRAS,FUERZA DEMOCRATICA,12
140505,LIMA,HUAURA,CHECRAS,"LISTA INDEPENDIENTE ""FRENTE DE INTEGRACION PROVINCIAL"" - FIP",5
140505,LIMA,HUAURA,CHECRAS,MOVIMIENTO AMPLIO PAIS UNIDO - MAPU,16
140505,LIMA,HUAURA,CHECRAS,PARTIDO APRISTA PERUANO,34
140505,LIMA,HUAURA,CHECRAS,PARTIDO DEMOCRATICO SOMOS PERU,79
140505,LIMA,HUAURA,CHECRAS,PARTIDO PERU POSIBLE,96
140506,LIMA,HUAURA,HUALMAY,AGRUPACION INDEPENDIENTE UNION POR EL PERU - FRENTE AMPLIO,153
140506,LIMA,HUAURA,HUALMAY,ALIANZA ELECTORAL UNIDAD NACIONAL,1933
140506,LIMA,HUAURA,HUALMAY,FUERZA DEMOCRATICA,208
140506,LIMA,HUAURA,HUALMAY,"LISTA INDEPENDIENTE ""FRENTE DE INTEGRACION PROVINCIAL"" - FIP",528
140506,LIMA,HUAURA,HUALMAY,"LISTA INDEPENDIENTE ""HUALMAY - SOMOS OBRAS""",121
140506,LIMA,HUAURA,HUALMAY,MOVIMIENTO AMPLIO PAIS UNIDO - MAPU,586
140506,LIMA,HUAURA,HUALMAY,"MOVIMIENTO INDEPENDIENTE ""HUALMAY QUERIDO""",1759
140506,LIMA,HUAURA,HUALMAY,MOVIMIENTO NUEVA IZQUIERDA,162
140506,LIMA,HUAURA,HUALMAY,"MOVIMIENTO POLITICO INDEPENDIENTE ""NUEVO HUALMAY""",113
140506,LIMA,HUAURA,HUALMAY,PARTIDO ACCION POPULAR,513
140506,LIMA,HUAURA,HUALMAY,PARTIDO APRISTA PERUANO,2180
140506,LIMA,HUAURA,HUALMAY,PARTIDO DEMOCRATICO SOMOS PERU,1304
140506,LIMA,HUAURA,HUALMAY,PARTIDO PERU POSIBLE,382
140506,LIMA,HUAURA,HUALMAY,PARTIDO RECONSTRUCCION DEMOCRATICA (PRD),132
140507,LIMA,HUAURA,HUAURA,AGRUPACION INDEPENDIENTE UNION POR EL PERU - FRENTE AMPLIO,1324
140507,LIMA,HUAURA,HUAURA,ALIANZA ELECTORAL UNIDAD NACIONAL,2934
140507,LIMA,HUAURA,HUAURA,ALIANZA ELECTORAL VAMOS VECINO,295
140507,LIMA,HUAURA,HUAURA,FUERZA DEMOCRATICA,140
140507,LIMA,HUAURA,HUAURA,"LISTA INDEPENDIENTE ""FRENTE DE INTEGRACION PROVINCIAL"" - FIP",146
140507,LIMA,HUAURA,HUAURA,MOVIMIENTO AMPLIO PAIS UNIDO - MAPU,172
140507,LIMA,HUAURA,HUAURA,"MOVIMIENTO INDEPENDIENTE ""HUAURA CONTIGO""",768
140507,LIMA,HUAURA,HUAURA,"MOVIMIENTO INDEPENDIENTE ""RENOVACION HUAURINA""",1424
140507,LIMA,HUAURA,HUAURA,MOVIMIENTO NUEVA IZQUIERDA,179
140507,LIMA,HUAURA,HUAURA,"MOVIMIENTO VECINAL ""SI PODEMOS""",506
140507,LIMA,HUAURA,HUAURA,PARTIDO ACCION POPULAR,501
140507,LIMA,HUAURA,HUAURA,PARTIDO APRISTA PERUANO,2405
140507,LIMA,HUAURA,HUAURA,PARTIDO DEMOCRATICO SOMOS PERU,1933
140507,LIMA,HUAURA,HUAURA,PARTIDO RENACIMIENTO ANDINO,308
140508,LIMA,HUAURA,LEONCIO PRADO,AGRUPACION INDEPENDIENTE UNION POR EL PERU - FRENTE AMPLIO,65
140508,LIMA,HUAURA,LEONCIO PRADO,ALIANZA ELECTORAL UNIDAD NACIONAL,62
140508,LIMA,HUAURA,LEONCIO PRADO,FUERZA DEMOCRATICA,51
140508,LIMA,HUAURA,LEONCIO PRADO,"LISTA INDEPENDIENTE ""FRENTE DE INTEGRACION PROVINCIAL"" - FIP",39
140508,LIMA,HUAURA,LEONCIO PRADO,MOVIMIENTO AMPLIO PAIS UNIDO - MAPU,75
140508,LIMA,HUAURA,LEONCIO PRADO,"MOVIMIENTO INDEPENDIENTE ""AL PROGRESO DE LEONCIO PRADO""",95
140508,LIMA,HUAURA,LEONCIO PRADO,PARTIDO ACCION POPULAR,14
140508,LIMA,HUAURA,LEONCIO PRADO,PARTIDO APRISTA PERUANO,44
140508,LIMA,HUAURA,LEONCIO PRADO,PARTIDO DEMOCRATICO SOMOS PERU,78
140508,LIMA,HUAURA,LEONCIO PRADO,PARTIDO PERU POSIBLE,61
140509,LIMA,HUAURA,PACCHO,AGRUPACION INDEPENDIENTE UNION POR EL PERU - FRENTE AMPLIO,77
140509,LIMA,HUAURA,PACCHO,ALIANZA ELECTORAL UNIDAD NACIONAL,73
140509,LIMA,HUAURA,PACCHO,FUERZA DEMOCRATICA,46
140509,LIMA,HUAURA,PACCHO,PARTIDO ACCION POPULAR,140
140509,LIMA,HUAURA,PACCHO,PARTIDO APRISTA PERUANO,158
140509,LIMA,HUAURA,PACCHO,PARTIDO DEMOCRATICO SOMOS PERU,45
140509,LIMA,HUAURA,PACCHO,PARTIDO PERU POSIBLE,85
140511,LIMA,HUAURA,SANTA LEONOR,ALIANZA ELECTORAL UNIDAD NACIONAL,19
140511,LIMA,HUAURA,SANTA LEONOR,FUERZA DEMOCRATICA,22
140511,LIMA,HUAURA,SANTA LEONOR,"LISTA INDEPENDIENTE ""GENERANDO PROGRESO""",37
140511,LIMA,HUAURA,SANTA LEONOR,"MOVIMIENTO INDEPENDIENTE ""MANOS A LA OBRA""",7
140511,LIMA,HUAURA,SANTA LEONOR,"MOVIMIENTO INDEPENDIENTE ""SANTA LEONOR EN ACCION""",126
140511,LIMA,HUAURA,SANTA LEONOR,PARTIDO ACCION POPULAR,60
140511,LIMA,HUAURA,SANTA LEONOR,PARTIDO APRISTA PERUANO,70
140511,LIMA,HUAURA,SANTA LEONOR,PARTIDO DEMOCRATICO SOMOS PERU,43
140511,LIMA,HUAURA,SANTA LEONOR,PARTIDO PERU POSIBLE,38
140512,LIMA,HUAURA,SANTA MARIA,ALIANZA ELECTORAL UNIDAD NACIONAL,1068
140512,LIMA,HUAURA,SANTA MARIA,FUERZA DEMOCRATICA,236
140512,LIMA,HUAURA,SANTA MARIA,"LISTA INDEPENDIENTE ""FRENTE DE INTEGRACION PROVINCIAL"" - FIP",1712
140512,LIMA,HUAURA,SANTA MARIA,MOVIMIENTO AMPLIO PAIS UNIDO - MAPU,733
140512,LIMA,HUAURA,SANTA MARIA,"MOVIMIENTO INDEPENDIENTE ""DEMOCRACIA VECINAL""",585
140512,LIMA,HUAURA,SANTA MARIA,"MOVIMIENTO INDEPENDIENTE ""MANOS LIMPIAS""",786
140512,LIMA,HUAURA,SANTA MARIA,"MOVIMIENTO INDEPENDIENTE ""NUEVO SANTA MARIA""",2131
140512,LIMA,HUAURA,SANTA MARIA,MOVIMIENTO NUEVA IZQUIERDA,81
140512,LIMA,HUAURA,SANTA MARIA,PARTIDO ACCION POPULAR,261
140512,LIMA,HUAURA,SANTA MARIA,PARTIDO APRISTA PERUANO,1879
140512,LIMA,HUAURA,SANTA MARIA,PARTIDO DEMOCRATICO SOMOS PERU,1137
140512,LIMA,HUAURA,SANTA MARIA,PARTIDO PERU POSIBLE,640
140513,LIMA,HUAURA,SAYAN,ALIANZA ELECTORAL UNIDAD NACIONAL,2350
140513,LIMA,HUAURA,SAYAN,FUERZA DEMOCRATICA,203
140513,LIMA,HUAURA,SAYAN,"LISTA INDEPENDIENTE ""FRENTE DE INTEGRACION PROVINCIAL"" - FIP",28
140513,LIMA,HUAURA,SAYAN,"MOVIMIENTO INDEPENDIENTE ""TODOS POR EL  CAMBIO""",326
140513,LIMA,HUAURA,SAYAN,PARTIDO ACCION POPULAR,204
140513,LIMA,HUAURA,SAYAN,PARTIDO APRISTA PERUANO,2135
140513,LIMA,HUAURA,SAYAN,PARTIDO DEMOCRATICO SOMOS PERU,1797
140513,LIMA,HUAURA,SAYAN,PARTIDO PERU POSIBLE,193
140516,LIMA,HUAURA,VEGUETA,ALIANZA ELECTORAL UNIDAD NACIONAL,1813
140516,LIMA,HUAURA,VEGUETA,FUERZA DEMOCRATICA,175
140516,LIMA,HUAURA,VEGUETA,"LISTA INDEPENDIENTE ""FRENTE DE INTEGRACION PROVINCIAL"" - FIP",510
140516,LIMA,HUAURA,VEGUETA,MOVIMIENTO AMPLIO PAIS UNIDO - MAPU,137
140516,LIMA,HUAURA,VEGUETA,"MOVIMIENTO INDEPENDIENTE ""NUEVAS FUERZAS DE VEGUETA""",1327
140516,LIMA,HUAURA,VEGUETA,MOVIMIENTO NUEVA IZQUIERDA,156
140516,LIMA,HUAURA,VEGUETA,PARTIDO ACCION POPULAR,92
140516,LIMA,HUAURA,VEGUETA,PARTIDO APRISTA PERUANO,834
140516,LIMA,HUAURA,VEGUETA,PARTIDO DEMOCRATICO SOMOS PERU,1772
140516,LIMA,HUAURA,VEGUETA,PARTIDO PERU POSIBLE,283
140602,LIMA,HUAROCHIRI,ANTIOQUIA,ALIANZA ELECTORAL UNIDAD NACIONAL,237
140602,LIMA,HUAROCHIRI,ANTIOQUIA,MOVIMIENTO INDEPENDIENTE DESARROLLO HUAROCHIRANO,13
140602,LIMA,HUAROCHIRI,ANTIOQUIA,MOVIMIENTO REGIONAL OPCION HUAROCHIRANA,198
140602,LIMA,HUAROCHIRI,ANTIOQUIA,PARTIDO ACCION POPULAR,42
140602,LIMA,HUAROCHIRI,ANTIOQUIA,PARTIDO APRISTA PERUANO,61
140602,LIMA,HUAROCHIRI,ANTIOQUIA,PARTIDO DEMOCRATICO SOMOS PERU,246
140602,LIMA,HUAROCHIRI,ANTIOQUIA,PARTIDO PERU POSIBLE,36
140603,LIMA,HUAROCHIRI,CALLAHUANCA,ACCION CIVICA CALLAHUANCA,190
140603,LIMA,HUAROCHIRI,CALLAHUANCA,ALIANZA ELECTORAL UNIDAD NACIONAL,63
140603,LIMA,HUAROCHIRI,CALLAHUANCA,FUERZA DEMOCRATICA,32
140603,LIMA,HUAROCHIRI,CALLAHUANCA,MOVIMIENTO REGIONAL OPCION HUAROCHIRANA,2
140603,LIMA,HUAROCHIRI,CALLAHUANCA,PARTIDO ACCION POPULAR,177
140603,LIMA,HUAROCHIRI,CALLAHUANCA,PARTIDO APRISTA PERUANO,23
140603,LIMA,HUAROCHIRI,CALLAHUANCA,PARTIDO PERU POSIBLE,51
140604,LIMA,HUAROCHIRI,CARAMPOMA,ALIANZA ELECTORAL UNIDAD NACIONAL,60
140604,LIMA,HUAROCHIRI,CARAMPOMA,CUATRO VALLES,31
140604,LIMA,HUAROCHIRI,CARAMPOMA,MOVIMIENTO INDEPENDIENTE DESARROLLO HUAROCHIRANO,70
140604,LIMA,HUAROCHIRI,CARAMPOMA,MOVIMIENTO INDEPENDIENTE REVELACION HUAROCHIRANA,9
140604,LIMA,HUAROCHIRI,CARAMPOMA,PARTIDO APRISTA PERUANO,21
140604,LIMA,HUAROCHIRI,CARAMPOMA,PARTIDO PERU POSIBLE,36
140605,LIMA,HUAROCHIRI,SAN PEDRO DE CASTA,ALIANZA ELECTORAL UNIDAD NACIONAL,89
140605,LIMA,HUAROCHIRI,SAN PEDRO DE CASTA,FUERZA DEMOCRATICA,77
140605,LIMA,HUAROCHIRI,SAN PEDRO DE CASTA,FUERZA INDEPENDIENTE CASTEÑO,24
140605,LIMA,HUAROCHIRI,SAN PEDRO DE CASTA,MOVIMIENTO DESCENTRALISTA ALTERNATIVA HUAROCHIRANA,35
140605,LIMA,HUAROCHIRI,SAN PEDRO DE CASTA,MOVIMIENTO REGIONAL OPCION HUAROCHIRANA,189
140605,LIMA,HUAROCHIRI,SAN PEDRO DE CASTA,PARTIDO ACCION POPULAR,23
140605,LIMA,HUAROCHIRI,SAN PEDRO DE CASTA,PARTIDO APRISTA PERUANO,65
140605,LIMA,HUAROCHIRI,SAN PEDRO DE CASTA,PARTIDO PERU POSIBLE,166
140606,LIMA,HUAROCHIRI,CUENCA,ALIANZA ELECTORAL UNIDAD NACIONAL,53
140606,LIMA,HUAROCHIRI,CUENCA,MOVIMIENTO REGIONAL OPCION HUAROCHIRANA,14
140606,LIMA,HUAROCHIRI,CUENCA,PARTIDO APRISTA PERUANO,58
140606,LIMA,HUAROCHIRI,CUENCA,PARTIDO PERU POSIBLE,98
140606,LIMA,HUAROCHIRI,CUENCA,PARTIDO VERDE,27
140607,LIMA,HUAROCHIRI,CHICLA,ALIANZA ELECTORAL UNIDAD NACIONAL,107
140607,LIMA,HUAROCHIRI,CHICLA,MOVIMIENTO DESCENTRALISTA ALTERNATIVA HUAROCHIRANA,41
140607,LIMA,HUAROCHIRI,CHICLA,MOVIMIENTO INDEPENDIENTE DESARROLLO HUAROCHIRANO,19
140607,LIMA,HUAROCHIRI,CHICLA,MOVIMIENTO INDEPENDIENTE REVELACION HUAROCHIRANA,358
140607,LIMA,HUAROCHIRI,CHICLA,MOVIMIENTO NUEVA IZQUIERDA,75
140607,LIMA,HUAROCHIRI,CHICLA,PARTIDO ACCION POPULAR,279
140607,LIMA,HUAROCHIRI,CHICLA,PARTIDO APRISTA PERUANO,71
140607,LIMA,HUAROCHIRI,CHICLA,PARTIDO DEMOCRATICO SOMOS PERU,87
140607,LIMA,HUAROCHIRI,CHICLA,PARTIDO PERU POSIBLE,262
140608,LIMA,HUAROCHIRI,HUANZA,ALIANZA ELECTORAL UNIDAD NACIONAL,43
140608,LIMA,HUAROCHIRI,HUANZA,MOVIMIENTO INDEPENDIENTE DESARROLLO HUAROCHIRANO,67
140608,LIMA,HUAROCHIRI,HUANZA,MOVIMIENTO REGIONAL OPCION HUAROCHIRANA,58
140608,LIMA,HUAROCHIRI,HUANZA,PARTIDO ACCION POPULAR,53
140608,LIMA,HUAROCHIRI,HUANZA,PARTIDO APRISTA PERUANO,44
140608,LIMA,HUAROCHIRI,HUANZA,PARTIDO PERU POSIBLE,52
140608,LIMA,HUAROCHIRI,HUANZA,PARTIDO RENACIMIENTO ANDINO,50
140609,LIMA,HUAROCHIRI,HUAROCHIRI,AGRUPACION INDEPENDIENTE UNION POR EL PERU - FRENTE AMPLIO,32
140609,LIMA,HUAROCHIRI,HUAROCHIRI,ALIANZA ELECTORAL UNIDAD NACIONAL,109
140609,LIMA,HUAROCHIRI,HUAROCHIRI,CUATRO VALLES,6
140609,LIMA,HUAROCHIRI,HUAROCHIRI,FUERZA DEMOCRATICA,147
140609,LIMA,HUAROCHIRI,HUAROCHIRI,HUAROCHIRI HACIA LA INNOVACION,90
140609,LIMA,HUAROCHIRI,HUAROCHIRI,MOVIMIENTO INDEPENDIENTE DESARROLLO HUAROCHIRANO,51
140609,LIMA,HUAROCHIRI,HUAROCHIRI,MOVIMIENTO INDEPENDIENTE REVELACION HUAROCHIRANA,16
140609,LIMA,HUAROCHIRI,HUAROCHIRI,PARTIDO ACCION POPULAR,107
140609,LIMA,HUAROCHIRI,HUAROCHIRI,PARTIDO APRISTA PERUANO,56
140609,LIMA,HUAROCHIRI,HUAROCHIRI,PARTIDO DEMOCRATICO SOMOS PERU,131
140609,LIMA,HUAROCHIRI,HUAROCHIRI,PARTIDO PERU POSIBLE,107
140610,LIMA,HUAROCHIRI,LAHUAYTAMBO,ALIANZA ELECTORAL UNIDAD NACIONAL,65
140610,LIMA,HUAROCHIRI,LAHUAYTAMBO,CUATRO VALLES,37
140610,LIMA,HUAROCHIRI,LAHUAYTAMBO,PARTIDO ACCION POPULAR,34
140610,LIMA,HUAROCHIRI,LAHUAYTAMBO,PARTIDO DEMOCRATICO SOMOS PERU,129
140610,LIMA,HUAROCHIRI,LAHUAYTAMBO,PARTIDO PERU POSIBLE,48
140611,LIMA,HUAROCHIRI,LANGA,ALIANZA ELECTORAL UNIDAD NACIONAL,58
140611,LIMA,HUAROCHIRI,LANGA,MOVIMIENTO INDEPENDIENTE DESARROLLO HUAROCHIRANO,107
140611,LIMA,HUAROCHIRI,LANGA,MOVIMIENTO INDEPENDIENTE REVELACION HUAROCHIRANA,20
140611,LIMA,HUAROCHIRI,LANGA,MOVIMIENTO REGIONAL OPCION HUAROCHIRANA,29
140611,LIMA,HUAROCHIRI,LANGA,PARTIDO ACCION POPULAR,20
140611,LIMA,HUAROCHIRI,LANGA,PARTIDO APRISTA PERUANO,166
140611,LIMA,HUAROCHIRI,LANGA,PARTIDO DEMOCRATICO SOMOS PERU,37
140611,LIMA,HUAROCHIRI,LANGA,PARTIDO PERU POSIBLE,39
140612,LIMA,HUAROCHIRI,MARIATANA,ALIANZA ELECTORAL UNIDAD NACIONAL,240
140612,LIMA,HUAROCHIRI,MARIATANA,FUERZA DEMOCRATICA,106
140612,LIMA,HUAROCHIRI,MARIATANA,PARTIDO ACCION POPULAR,28
140612,LIMA,HUAROCHIRI,MARIATANA,PARTIDO APRISTA PERUANO,38
140612,LIMA,HUAROCHIRI,MARIATANA,PARTIDO DEMOCRATICO SOMOS PERU,14
140612,LIMA,HUAROCHIRI,MARIATANA,PARTIDO PERU POSIBLE,23
140613,LIMA,HUAROCHIRI,RICARDO PALMA,ALIANZA ELECTORAL UNIDAD NACIONAL,273
140613,LIMA,HUAROCHIRI,RICARDO PALMA,MOVIMIENTO DESCENTRALISTA ALTERNATIVA HUAROCHIRANA,352
140613,LIMA,HUAROCHIRI,RICARDO PALMA,MOVIMIENTO INDEPENDIENTE DESARROLLO HUAROCHIRANO,92
140613,LIMA,HUAROCHIRI,RICARDO PALMA,MOVIMIENTO NUEVA IZQUIERDA,32
140613,LIMA,HUAROCHIRI,RICARDO PALMA,MOVIMIENTO REGIONAL OPCION HUAROCHIRANA,52
140613,LIMA,HUAROCHIRI,RICARDO PALMA,PARTIDO ACCION POPULAR,304
140613,LIMA,HUAROCHIRI,RICARDO PALMA,PARTIDO APRISTA PERUANO,260
140613,LIMA,HUAROCHIRI,RICARDO PALMA,PARTIDO DEMOCRATICO SOMOS PERU,1339
140613,LIMA,HUAROCHIRI,RICARDO PALMA,PARTIDO PERU POSIBLE,96
140613,LIMA,HUAROCHIRI,RICARDO PALMA,PARTIDO POLITICO NACIONAL PRIMERO PERU,41
140613,LIMA,HUAROCHIRI,RICARDO PALMA,PARTIDO RECONSTRUCCION DEMOCRATICA (PRD),30
140614,LIMA,HUAROCHIRI,SAN ANDRES DE TUPICOCHA,ALIANZA ELECTORAL UNIDAD NACIONAL,239
140614,LIMA,HUAROCHIRI,SAN ANDRES DE TUPICOCHA,FUERZA DEMOCRATICA,89
140614,LIMA,HUAROCHIRI,SAN ANDRES DE TUPICOCHA,MOVIMIENTO INDEPENDIENTE TUPICOCHA AL FUTURO,49
140614,LIMA,HUAROCHIRI,SAN ANDRES DE TUPICOCHA,MOVIMIENTO INDEPENDIENTE TUPICOCHA EN ACCION,52
140614,LIMA,HUAROCHIRI,SAN ANDRES DE TUPICOCHA,PARTIDO ACCION POPULAR,53
140614,LIMA,HUAROCHIRI,SAN ANDRES DE TUPICOCHA,PARTIDO DEMOCRATICO SOMOS PERU,234
140614,LIMA,HUAROCHIRI,SAN ANDRES DE TUPICOCHA,PARTIDO PERU POSIBLE,74
140615,LIMA,HUAROCHIRI,SAN ANTONIO,ALIANZA ELECTORAL UNIDAD NACIONAL,588
140615,LIMA,HUAROCHIRI,SAN ANTONIO,MOVIMIENTO DESCENTRALISTA ALTERNATIVA HUAROCHIRANA,115
140615,LIMA,HUAROCHIRI,SAN ANTONIO,MOVIMIENTO INDEPENDIENTE DESARROLLO HUAROCHIRANO,398
140615,LIMA,HUAROCHIRI,SAN ANTONIO,PARTIDO ACCION POPULAR,76
140615,LIMA,HUAROCHIRI,SAN ANTONIO,PARTIDO APRISTA PERUANO,220
140615,LIMA,HUAROCHIRI,SAN ANTONIO,PARTIDO DEMOCRATICO SOMOS PERU,137
140615,LIMA,HUAROCHIRI,SAN ANTONIO,PARTIDO PERU POSIBLE,148
140615,LIMA,HUAROCHIRI,SAN ANTONIO,PARTIDO POLITICO NACIONAL PRIMERO PERU,104
140615,LIMA,HUAROCHIRI,SAN ANTONIO,PARTIDO RECONSTRUCCION DEMOCRATICA (PRD),42
140615,LIMA,HUAROCHIRI,SAN ANTONIO,PARTIDO RENACIMIENTO ANDINO,37
140615,LIMA,HUAROCHIRI,SAN ANTONIO,PARTIDO VERDE,89
140615,LIMA,HUAROCHIRI,SAN ANTONIO,UNIDAD FUERZA JICAMARQUINA,124
140616,LIMA,HUAROCHIRI,SAN BARTOLOME,ALIANZA ELECTORAL UNIDAD NACIONAL,89
140616,LIMA,HUAROCHIRI,SAN BARTOLOME,FUERZA DEMOCRATICA,66
140616,LIMA,HUAROCHIRI,SAN BARTOLOME,MOVIMIENTO DESCENTRALISTA ALTERNATIVA HUAROCHIRANA,60
140616,LIMA,HUAROCHIRI,SAN BARTOLOME,MOVIMIENTO INDEPENDIENTE DESARROLLO HUAROCHIRANO,87
140616,LIMA,HUAROCHIRI,SAN BARTOLOME,MOVIMIENTO INDEPENDIENTE REVELACION HUAROCHIRANA,188
140616,LIMA,HUAROCHIRI,SAN BARTOLOME,MOVIMIENTO NUEVA IZQUIERDA,44
140616,LIMA,HUAROCHIRI,SAN BARTOLOME,PARTIDO ACCION POPULAR,109
140616,LIMA,HUAROCHIRI,SAN BARTOLOME,PARTIDO PERU POSIBLE,97
140617,LIMA,HUAROCHIRI,SAN DAMIAN,ALIANZA ELECTORAL UNIDAD NACIONAL,39
140617,LIMA,HUAROCHIRI,SAN DAMIAN,CUATRO VALLES,88
140617,LIMA,HUAROCHIRI,SAN DAMIAN,FUERZA SAN DAMIAN,212
140617,LIMA,HUAROCHIRI,SAN DAMIAN,MOVIMIENTO INDEPENDIENTE REVELACION HUAROCHIRANA,21
140617,LIMA,HUAROCHIRI,SAN DAMIAN,PARTIDO APRISTA PERUANO,142
140617,LIMA,HUAROCHIRI,SAN DAMIAN,PARTIDO PERU POSIBLE,46
140617,LIMA,HUAROCHIRI,SAN DAMIAN,PARTIDO VERDE,280
140618,LIMA,HUAROCHIRI,SANGALLAYA,ALIANZA ELECTORAL UNIDAD NACIONAL,60
140618,LIMA,HUAROCHIRI,SANGALLAYA,MOVIMIENTO REGIONAL OPCION HUAROCHIRANA,131
140618,LIMA,HUAROCHIRI,SANGALLAYA,PARTIDO ACCION POPULAR,37
140619,LIMA,HUAROCHIRI,SAN JUAN DE TANTARANCHE,ALIANZA ELECTORAL UNIDAD NACIONAL,100
140619,LIMA,HUAROCHIRI,SAN JUAN DE TANTARANCHE,PARTIDO DEMOCRATICO SOMOS PERU,37
140620,LIMA,HUAROCHIRI,SAN LORENZO DE QUINTI,ALIANZA ELECTORAL UNIDAD NACIONAL,171
140620,LIMA,HUAROCHIRI,SAN LORENZO DE QUINTI,MOVIMIENTO INDEPENDIENTE DESARROLLO HUAROCHIRANO,41
140620,LIMA,HUAROCHIRI,SAN LORENZO DE QUINTI,MOVIMIENTO INDEPENDIENTE QUINTI AL FUTURO,90
140620,LIMA,HUAROCHIRI,SAN LORENZO DE QUINTI,MOVIMIENTO REGIONAL OPCION HUAROCHIRANA,32
140620,LIMA,HUAROCHIRI,SAN LORENZO DE QUINTI,PARTIDO ACCION POPULAR,131
140620,LIMA,HUAROCHIRI,SAN LORENZO DE QUINTI,PARTIDO APRISTA PERUANO,37
140620,LIMA,HUAROCHIRI,SAN LORENZO DE QUINTI,PARTIDO DEMOCRATICO SOMOS PERU,60
140620,LIMA,HUAROCHIRI,SAN LORENZO DE QUINTI,PARTIDO PERU POSIBLE,39
140621,LIMA,HUAROCHIRI,SAN MATEO,ALIANZA ELECTORAL UNIDAD NACIONAL,118
140621,LIMA,HUAROCHIRI,SAN MATEO,CUATRO VALLES,238
140621,LIMA,HUAROCHIRI,SAN MATEO,MOVIMIENTO DEMOCRATICO POPULAR SAN MATEO DE HUANCHOR,348
140621,LIMA,HUAROCHIRI,SAN MATEO,MOVIMIENTO INDEPENDIENTE REVELACION HUAROCHIRANA,569
140621,LIMA,HUAROCHIRI,SAN MATEO,MOVIMIENTO NUEVA IZQUIERDA,527
140621,LIMA,HUAROCHIRI,SAN MATEO,PARTIDO ACCION POPULAR,68
140621,LIMA,HUAROCHIRI,SAN MATEO,PARTIDO APRISTA PERUANO,130
140621,LIMA,HUAROCHIRI,SAN MATEO,PARTIDO DEMOCRATICO SOMOS PERU,354
140621,LIMA,HUAROCHIRI,SAN MATEO,PARTIDO PERU POSIBLE,110
140621,LIMA,HUAROCHIRI,SAN MATEO,PARTIDO POLITICO NACIONAL PRIMERO PERU,228
140622,LIMA,HUAROCHIRI,SAN MATEO DE OTAO,AGRUPACION INDEPENDIENTE UNION POR EL PERU - FRENTE AMPLIO,30
140622,LIMA,HUAROCHIRI,SAN MATEO DE OTAO,ALIANZA ELECTORAL UNIDAD NACIONAL,201
140622,LIMA,HUAROCHIRI,SAN MATEO DE OTAO,MOVIMIENTO DESCENTRALISTA ALTERNATIVA HUAROCHIRANA,232
140622,LIMA,HUAROCHIRI,SAN MATEO DE OTAO,MOVIMIENTO INDEPENDIENTE DESARROLLO HUAROCHIRANO,86
140622,LIMA,HUAROCHIRI,SAN MATEO DE OTAO,MOVIMIENTO REGIONAL OPCION HUAROCHIRANA,167
140622,LIMA,HUAROCHIRI,SAN MATEO DE OTAO,PARTIDO ACCION POPULAR,183
140622,LIMA,HUAROCHIRI,SAN MATEO DE OTAO,PARTIDO APRISTA PERUANO,47
140622,LIMA,HUAROCHIRI,SAN MATEO DE OTAO,PARTIDO DEMOCRATICO SOMOS PERU,48
140622,LIMA,HUAROCHIRI,SAN MATEO DE OTAO,PARTIDO PERU POSIBLE,85
140622,LIMA,HUAROCHIRI,SAN MATEO DE OTAO,PARTIDO RECONSTRUCCION DEMOCRATICA (PRD),10
140623,LIMA,HUAROCHIRI,SAN PEDRO DE HUANCAYRE,ALIANZA ELECTORAL UNIDAD NACIONAL,43
140623,LIMA,HUAROCHIRI,SAN PEDRO DE HUANCAYRE,FUERZA DEMOCRATICA,20
140623,LIMA,HUAROCHIRI,SAN PEDRO DE HUANCAYRE,MOVIMIENTO REGIONAL OPCION HUAROCHIRANA,51
140623,LIMA,HUAROCHIRI,SAN PEDRO DE HUANCAYRE,PARTIDO PERU POSIBLE,25
140624,LIMA,HUAROCHIRI,SANTA CRUZ DE COCACHACRA,ALIANZA ELECTORAL UNIDAD NACIONAL,102
140624,LIMA,HUAROCHIRI,SANTA CRUZ DE COCACHACRA,MOVIMIENTO DESCENTRALISTA ALTERNATIVA HUAROCHIRANA,106
140624,LIMA,HUAROCHIRI,SANTA CRUZ DE COCACHACRA,MOVIMIENTO INDEPENDIENTE REVELACION HUAROCHIRANA,173
140624,LIMA,HUAROCHIRI,SANTA CRUZ DE COCACHACRA,PARTIDO ACCION POPULAR,361
140624,LIMA,HUAROCHIRI,SANTA CRUZ DE COCACHACRA,PARTIDO APRISTA PERUANO,238
140624,LIMA,HUAROCHIRI,SANTA CRUZ DE COCACHACRA,PARTIDO DEMOCRATICO SOMOS PERU,19
140624,LIMA,HUAROCHIRI,SANTA CRUZ DE COCACHACRA,PARTIDO PERU POSIBLE,97
140624,LIMA,HUAROCHIRI,SANTA CRUZ DE COCACHACRA,PARTIDO POLITICO NACIONAL PRIMERO PERU,13
140624,LIMA,HUAROCHIRI,SANTA CRUZ DE COCACHACRA,PARTIDO RENACIMIENTO ANDINO,22
140625,LIMA,HUAROCHIRI,SANTA EULALIA,AGRUPACION INDEPENDIENTE UNION POR EL PERU - FRENTE AMPLIO,39
140625,LIMA,HUAROCHIRI,SANTA EULALIA,ALIANZA ELECTORAL UNIDAD NACIONAL,408
140625,LIMA,HUAROCHIRI,SANTA EULALIA,FUERZA DEMOCRATICA,139
140625,LIMA,HUAROCHIRI,SANTA EULALIA,MOVIMIENTO DESCENTRALISTA ALTERNATIVA HUAROCHIRANA,1102
140625,LIMA,HUAROCHIRI,SANTA EULALIA,MOVIMIENTO INDEPENDIENTE REVELACION HUAROCHIRANA,82
140625,LIMA,HUAROCHIRI,SANTA EULALIA,MOVIMIENTO REGIONAL OPCION HUAROCHIRANA,307
140625,LIMA,HUAROCHIRI,SANTA EULALIA,PARTIDO ACCION POPULAR,668
140625,LIMA,HUAROCHIRI,SANTA EULALIA,PARTIDO APRISTA PERUANO,307
140625,LIMA,HUAROCHIRI,SANTA EULALIA,PARTIDO DEMOCRATICO SOMOS PERU,247
140625,LIMA,HUAROCHIRI,SANTA EULALIA,PARTIDO PERU POSIBLE,206
140626,LIMA,HUAROCHIRI,SANTIAGO DE ANCHUCAYA,ALIANZA ELECTORAL UNIDAD NACIONAL,33
140626,LIMA,HUAROCHIRI,SANTIAGO DE ANCHUCAYA,CUATRO VALLES,40
140626,LIMA,HUAROCHIRI,SANTIAGO DE ANCHUCAYA,MOVIMIENTO INDEPENDIENTE DESARROLLO HUAROCHIRANO,12
140626,LIMA,HUAROCHIRI,SANTIAGO DE ANCHUCAYA,MOVIMIENTO REGIONAL OPCION HUAROCHIRANA,46
140626,LIMA,HUAROCHIRI,SANTIAGO DE ANCHUCAYA,PARTIDO ACCION POPULAR,65
140626,LIMA,HUAROCHIRI,SANTIAGO DE ANCHUCAYA,PARTIDO APRISTA PERUANO,30
140626,LIMA,HUAROCHIRI,SANTIAGO DE ANCHUCAYA,PARTIDO PERU POSIBLE,15
140627,LIMA,HUAROCHIRI,SANTIAGO DE TUNA,PARTIDO ACCION POPULAR,28
140627,LIMA,HUAROCHIRI,SANTIAGO DE TUNA,PARTIDO DEMOCRATICO SOMOS PERU,87
140627,LIMA,HUAROCHIRI,SANTIAGO DE TUNA,PARTIDO PERU POSIBLE,19
140627,LIMA,HUAROCHIRI,SANTIAGO DE TUNA,SANTIAGO DE TUNA UNIDO AL PROGRESO,196
140627,LIMA,HUAROCHIRI,SANTIAGO DE TUNA,TUNEÑOS AL CAMBIO,15
140628,LIMA,HUAROCHIRI,SANTO DOMINGO DE LOS OLLEROS,ALIANZA ELECTORAL UNIDAD NACIONAL,88
140628,LIMA,HUAROCHIRI,SANTO DOMINGO DE LOS OLLEROS,CUATRO VALLES,176
140628,LIMA,HUAROCHIRI,SANTO DOMINGO DE LOS OLLEROS,PARTIDO ACCION POPULAR,61
140628,LIMA,HUAROCHIRI,SANTO DOMINGO DE LOS OLLEROS,PARTIDO APRISTA PERUANO,150
140628,LIMA,HUAROCHIRI,SANTO DOMINGO DE LOS OLLEROS,PARTIDO PERU POSIBLE,34
140629,LIMA,HUAROCHIRI,SURCO,ALIANZA ELECTORAL UNIDAD NACIONAL,123
140629,LIMA,HUAROCHIRI,SURCO,CUATRO VALLES,162
140629,LIMA,HUAROCHIRI,SURCO,MOVIMIENTO DESCENTRALISTA ALTERNATIVA HUAROCHIRANA,31
140629,LIMA,HUAROCHIRI,SURCO,MOVIMIENTO INDEPENDIENTE REVELACION HUAROCHIRANA,118
140629,LIMA,HUAROCHIRI,SURCO,MOVIMIENTO REGIONAL OPCION HUAROCHIRANA,160
140629,LIMA,HUAROCHIRI,SURCO,PARTIDO ACCION POPULAR,159
140629,LIMA,HUAROCHIRI,SURCO,PARTIDO DEMOCRATICO SOMOS PERU,51
140629,LIMA,HUAROCHIRI,SURCO,PARTIDO PERU POSIBLE,59
140630,LIMA,HUAROCHIRI,HUACHUPAMPA,AGRUPACION INDEPENDIENTE UNION POR EL PERU - FRENTE AMPLIO,30
140630,LIMA,HUAROCHIRI,HUACHUPAMPA,ALIANZA ELECTORAL UNIDAD NACIONAL,56
140630,LIMA,HUAROCHIRI,HUACHUPAMPA,MOVIMIENTO DESCENTRALISTA ALTERNATIVA HUAROCHIRANA,30
140630,LIMA,HUAROCHIRI,HUACHUPAMPA,MOVIMIENTO INDEPENDIENTE DESARROLLO HUAROCHIRANO,103
140630,LIMA,HUAROCHIRI,HUACHUPAMPA,PARTIDO ACCION POPULAR,46
140630,LIMA,HUAROCHIRI,HUACHUPAMPA,PARTIDO APRISTA PERUANO,8
140631,LIMA,HUAROCHIRI,LARAOS,FUERZA DEMOCRATICA,21
140631,LIMA,HUAROCHIRI,LARAOS,PARTIDO APRISTA PERUANO,9
140631,LIMA,HUAROCHIRI,LARAOS,PARTIDO PERU POSIBLE,64
140631,LIMA,HUAROCHIRI,LARAOS,POR MAS OBRAS PARA LARAOS,55
140632,LIMA,HUAROCHIRI,SAN JUAN DE IRIS,ALIANZA ELECTORAL UNIDAD NACIONAL,7
140632,LIMA,HUAROCHIRI,SAN JUAN DE IRIS,"LISTA INDEPENDIENTE ""NUEVO RUMBO IRISINO""",32
140632,LIMA,HUAROCHIRI,SAN JUAN DE IRIS,MOVIMIENTO REGIONAL OPCION HUAROCHIRANA,22
140632,LIMA,HUAROCHIRI,SAN JUAN DE IRIS,PARTIDO ACCION POPULAR,63
140632,LIMA,HUAROCHIRI,SAN JUAN DE IRIS,PARTIDO APRISTA PERUANO,90
140632,LIMA,HUAROCHIRI,SAN JUAN DE IRIS,PARTIDO PERU POSIBLE,40
140702,LIMA,YAUYOS,ALIS,FUERZA DEMOCRATICA,15
140702,LIMA,YAUYOS,ALIS,MOVIMIENTO INDEPENDIENTE ALIS AL PROGRESO,68
140702,LIMA,YAUYOS,ALIS,PARTIDO APRISTA PERUANO,66
140702,LIMA,YAUYOS,ALIS,PARTIDO DEMOCRATICO SOMOS PERU,40
140702,LIMA,YAUYOS,ALIS,PARTIDO PERU POSIBLE,9
140703,LIMA,YAUYOS,AYAUCA,"MOVIMIENTO INDEPENDIENTE ""YAUYOS ERES TU""",159
140703,LIMA,YAUYOS,AYAUCA,MOVIMIENTO INDEPENDIENTE DISTRITAL AYAUCA,57
140703,LIMA,YAUYOS,AYAUCA,PARTIDO APRISTA PERUANO,136
140703,LIMA,YAUYOS,AYAUCA,PARTIDO DEMOCRATICO SOMOS PERU,20
140703,LIMA,YAUYOS,AYAUCA,PARTIDO PERU POSIBLE,35
140704,LIMA,YAUYOS,AYAVIRI,AGRUPACION INDEPENDIENTE UNION POR EL PERU - FRENTE AMPLIO,24
140704,LIMA,YAUYOS,AYAVIRI,ALIANZA ELECTORAL UNIDAD NACIONAL,7
140704,LIMA,YAUYOS,AYAVIRI,"MOVIMIENTO INDEPENDIENTE ""YAUYOS ERES TU""",18
140704,LIMA,YAUYOS,AYAVIRI,PARTIDO ACCION POPULAR,12
140704,LIMA,YAUYOS,AYAVIRI,PARTIDO APRISTA PERUANO,33
140704,LIMA,YAUYOS,AYAVIRI,PARTIDO DEMOCRATICO SOMOS PERU,129
140704,LIMA,YAUYOS,AYAVIRI,PARTIDO PERU POSIBLE,101
140705,LIMA,YAUYOS,AZANGARO,ALIANZA ELECTORAL UNIDAD NACIONAL,87
140705,LIMA,YAUYOS,AZANGARO,ALIANZA ELECTORAL VAMOS VECINO,26
140705,LIMA,YAUYOS,AZANGARO,FRENTE INDEPENDIENTE MORALIZADOR,35
140705,LIMA,YAUYOS,AZANGARO,"MOVIMIENTO INDEPENDIENTE ""FELIZ AZANGARO""",13
140705,LIMA,YAUYOS,AZANGARO,"MOVIMIENTO INDEPENDIENTE ""YAUYOS ERES TU""",19
140705,LIMA,YAUYOS,AZANGARO,PARTIDO APRISTA PERUANO,33
140705,LIMA,YAUYOS,AZANGARO,PARTIDO DEMOCRATICO SOMOS PERU,128
140705,LIMA,YAUYOS,AZANGARO,PARTIDO PERU POSIBLE,52
140706,LIMA,YAUYOS,CACRA,AGRUPACION INDEPENDIENTE UNION POR EL PERU - FRENTE AMPLIO,28
140706,LIMA,YAUYOS,CACRA,ALIANZA ELECTORAL UNIDAD NACIONAL,26
140706,LIMA,YAUYOS,CACRA,FRENTE INDEPENDIENTE MORALIZADOR,27
140706,LIMA,YAUYOS,CACRA,LISTA INDEPENDIENTE CACRA LLACTAYA,16
140706,LIMA,YAUYOS,CACRA,"MOVIMIENTO INDEPENDIENTE ""POR YAUYOS""",13
140706,LIMA,YAUYOS,CACRA,MOVIMIENTO INDEPENDIENTE MAS OBRAS A CACRA,52
140706,LIMA,YAUYOS,CACRA,PARTIDO APRISTA PERUANO,34
140706,LIMA,YAUYOS,CACRA,PARTIDO PERU POSIBLE,19
140707,LIMA,YAUYOS,CARANIA,ALIANZA ELECTORAL VAMOS VECINO,4
140707,LIMA,YAUYOS,CARANIA,"MOVIMIENTO INDEPENDIENTE ""YAUYOS ERES TU""",33
140707,LIMA,YAUYOS,CARANIA,PARTIDO APRISTA PERUANO,5
140707,LIMA,YAUYOS,CARANIA,PARTIDO DEMOCRATICO SOMOS PERU,51
140707,LIMA,YAUYOS,CARANIA,PARTIDO PERU POSIBLE,11
140708,LIMA,YAUYOS,COCHAS,ALIANZA ELECTORAL UNIDAD NACIONAL,12
140708,LIMA,YAUYOS,COCHAS,PARTIDO DEMOCRATICO SOMOS PERU,26
140708,LIMA,YAUYOS,COCHAS,PARTIDO PERU POSIBLE,62
140709,LIMA,YAUYOS,COLONIA,AGRUPACION INDEPENDIENTE UNION POR EL PERU - FRENTE AMPLIO,12
140709,LIMA,YAUYOS,COLONIA,ALIANZA ELECTORAL UNIDAD NACIONAL,25
140709,LIMA,YAUYOS,COLONIA,ALIANZA ELECTORAL VAMOS VECINO,53
140709,LIMA,YAUYOS,COLONIA,FRENTE INDEPENDIENTE MORALIZADOR,11
140709,LIMA,YAUYOS,COLONIA,FUERZA DEMOCRATICA,21
140709,LIMA,YAUYOS,COLONIA,"LISTA INDEPENDIENTE ""COLONIA A LA MODERNIDAD""",59
140709,LIMA,YAUYOS,COLONIA,"MOVIMIENTO INDEPENDIENTE ""AHORA SI COLONIA""",164
140709,LIMA,YAUYOS,COLONIA,"MOVIMIENTO INDEPENDIENTE ""YAUYOS ERES TU""",16
140709,LIMA,YAUYOS,COLONIA,PARTIDO APRISTA PERUANO,29
140709,LIMA,YAUYOS,COLONIA,PARTIDO DEMOCRATICO SOMOS PERU,14
140709,LIMA,YAUYOS,COLONIA,PARTIDO PERU POSIBLE,55
140710,LIMA,YAUYOS,CHOCOS,FRENTE DEMOCRATICO POPULAR DEL PERU,11
140710,LIMA,YAUYOS,CHOCOS,FRENTE INDEPENDIENTE MORALIZADOR,215
140710,LIMA,YAUYOS,CHOCOS,FUERZA DEMOCRATICA,124
140710,LIMA,YAUYOS,CHOCOS,"MOVIMIENTO INDEPENDIENTE ""YAUYOS ERES TU""",183
140710,LIMA,YAUYOS,CHOCOS,PARTIDO APRISTA PERUANO,58
140710,LIMA,YAUYOS,CHOCOS,PARTIDO DEMOCRATICO SOMOS PERU,75
140710,LIMA,YAUYOS,CHOCOS,PARTIDO PERU POSIBLE,17
140710,LIMA,YAUYOS,CHOCOS,PARTIDO RENACIMIENTO ANDINO,75
140711,LIMA,YAUYOS,HUAMPARA,ALIANZA ELECTORAL UNIDAD NACIONAL,69
140711,LIMA,YAUYOS,HUAMPARA,"MOVIMIENTO INDEPENDIENTE ""YAUYOS ERES TU""",10
140711,LIMA,YAUYOS,HUAMPARA,PARTIDO APRISTA PERUANO,132
140711,LIMA,YAUYOS,HUAMPARA,PARTIDO DEMOCRATICO SOMOS PERU,187
140711,LIMA,YAUYOS,HUAMPARA,PARTIDO PERU POSIBLE,44
140712,LIMA,YAUYOS,HUANCAYA,AGRUPACION INDEPENDIENTE UNION POR EL PERU - FRENTE AMPLIO,73
140712,LIMA,YAUYOS,HUANCAYA,"MOVIMIENTO INDEPENDIENTE ""YAUYOS ERES TU""",22
140712,LIMA,YAUYOS,HUANCAYA,PARTIDO APRISTA PERUANO,10
140712,LIMA,YAUYOS,HUANCAYA,PARTIDO PERU POSIBLE,30
140712,LIMA,YAUYOS,HUANCAYA,PARTIDO RENACIMIENTO ANDINO,30
140713,LIMA,YAUYOS,HUANGASCAR,ALIANZA ELECTORAL UNIDAD NACIONAL,77
140713,LIMA,YAUYOS,HUANGASCAR,FUERZA DEMOCRATICA,150
140713,LIMA,YAUYOS,HUANGASCAR,"MOVIMIENTO INDEPENDIENTE ""YAUYOS ERES TU""",57
140713,LIMA,YAUYOS,HUANGASCAR,PARTIDO ACCION POPULAR,7
140713,LIMA,YAUYOS,HUANGASCAR,PARTIDO APRISTA PERUANO,23
140713,LIMA,YAUYOS,HUANGASCAR,PARTIDO DEMOCRATICO SOMOS PERU,16
140713,LIMA,YAUYOS,HUANGASCAR,PARTIDO PERU POSIBLE,169
140714,LIMA,YAUYOS,HUANTAN,AGRUPACION INDEPENDIENTE UNION POR EL PERU - FRENTE AMPLIO,26
140714,LIMA,YAUYOS,HUANTAN,ALIANZA ELECTORAL VAMOS VECINO,139
140714,LIMA,YAUYOS,HUANTAN,"MOVIMIENTO INDEPENDIENTE ""POR YAUYOS""",76
140714,LIMA,YAUYOS,HUANTAN,"MOVIMIENTO INDEPENDIENTE ""YAUYOS ERES TU""",35
140714,LIMA,YAUYOS,HUANTAN,PARTIDO ACCION POPULAR,37
140714,LIMA,YAUYOS,HUANTAN,PARTIDO APRISTA PERUANO,76
140714,LIMA,YAUYOS,HUANTAN,PARTIDO DEMOCRATICO SOMOS PERU,24
140714,LIMA,YAUYOS,HUANTAN,PARTIDO PERU POSIBLE,30
140715,LIMA,YAUYOS,HUAÑEC,ALIANZA ELECTORAL UNIDAD NACIONAL,28
140715,LIMA,YAUYOS,HUAÑEC,"MOVIMIENTO INDEPENDIENTE ""AMANECER HUAÑINO""",32
140715,LIMA,YAUYOS,HUAÑEC,"MOVIMIENTO INDEPENDIENTE ""POR YAUYOS""",5
140715,LIMA,YAUYOS,HUAÑEC,"MOVIMIENTO INDEPENDIENTE ""YAUYOS ERES TU""",2
140715,LIMA,YAUYOS,HUAÑEC,PARTIDO ACCION POPULAR,10
140715,LIMA,YAUYOS,HUAÑEC,PARTIDO APRISTA PERUANO,55
140715,LIMA,YAUYOS,HUAÑEC,PARTIDO DEMOCRATICO SOMOS PERU,28
140715,LIMA,YAUYOS,HUAÑEC,PARTIDO PERU POSIBLE,64
140716,LIMA,YAUYOS,LARAOS,AGRUPACION INDEPENDIENTE UNION POR EL PERU - FRENTE AMPLIO,33
140716,LIMA,YAUYOS,LARAOS,CAUSACHUN LARAOS,78
140716,LIMA,YAUYOS,LARAOS,"MOVIMIENTO INDEPENDIENTE ""YAUYOS ERES TU""",40
140716,LIMA,YAUYOS,LARAOS,PARTIDO APRISTA PERUANO,42
140716,LIMA,YAUYOS,LARAOS,PARTIDO DEMOCRATICO SOMOS PERU,95
140716,LIMA,YAUYOS,LARAOS,PARTIDO PERU POSIBLE,43
140717,LIMA,YAUYOS,LINCHA,AGRUPACION INDEPENDIENTE UNION POR EL PERU - FRENTE AMPLIO,31
140717,LIMA,YAUYOS,LINCHA,ALIANZA ELECTORAL UNIDAD NACIONAL,15
140717,LIMA,YAUYOS,LINCHA,"MOVIMIENTO INDEPENDIENTE ""YAUYOS ERES TU""",52
140717,LIMA,YAUYOS,LINCHA,PARTIDO APRISTA PERUANO,26
140717,LIMA,YAUYOS,LINCHA,PARTIDO DEMOCRATICO SOMOS PERU,57
140717,LIMA,YAUYOS,LINCHA,PARTIDO PERU POSIBLE,6
140718,LIMA,YAUYOS,MIRAFLORES,AGRUPACION INDEPENDIENTE UNION POR EL PERU - FRENTE AMPLIO,45
140718,LIMA,YAUYOS,MIRAFLORES,ALIANZA ELECTORAL UNIDAD NACIONAL,15
140718,LIMA,YAUYOS,MIRAFLORES,"MOVIMIENTO INDEPENDIENTE ""YAUYOS ERES TU""",1
140718,LIMA,YAUYOS,MIRAFLORES,PARTIDO ACCION POPULAR,9
140718,LIMA,YAUYOS,MIRAFLORES,PARTIDO APRISTA PERUANO,26
140718,LIMA,YAUYOS,MIRAFLORES,PARTIDO DEMOCRATICO SOMOS PERU,7
140718,LIMA,YAUYOS,MIRAFLORES,PARTIDO PERU POSIBLE,49
140719,LIMA,YAUYOS,OMAS,ALIANZA PARA EL PROGRESO,27
140719,LIMA,YAUYOS,OMAS,"MOVIMIENTO INDEPENDIENTE ""YAUYOS ERES TU""",8
140719,LIMA,YAUYOS,OMAS,MOVIMIENTO INDEPENDIENTE PROGRESO OMASINO,109
140719,LIMA,YAUYOS,OMAS,PARTIDO APRISTA PERUANO,19
140719,LIMA,YAUYOS,OMAS,PARTIDO DEMOCRATICO SOMOS PERU,72
140719,LIMA,YAUYOS,OMAS,PARTIDO PERU POSIBLE,102
140720,LIMA,YAUYOS,QUINCHES,AGRUPACION INDEPENDIENTE UNION POR EL PERU - FRENTE AMPLIO,13
140720,LIMA,YAUYOS,QUINCHES,ALIANZA ELECTORAL UNIDAD NACIONAL,27
140720,LIMA,YAUYOS,QUINCHES,ALIANZA ELECTORAL VAMOS VECINO,77
140720,LIMA,YAUYOS,QUINCHES,"MOVIMIENTO INDEPENDIENTE ""POR YAUYOS""",45
140720,LIMA,YAUYOS,QUINCHES,"MOVIMIENTO INDEPENDIENTE ""YAUYOS ERES TU""",87
140720,LIMA,YAUYOS,QUINCHES,PARTIDO DEMOCRATICO SOMOS PERU,149
140720,LIMA,YAUYOS,QUINCHES,PARTIDO PERU POSIBLE,17
140721,LIMA,YAUYOS,QUINOCAY,AGRUPACION INDEPENDIENTE UNION POR EL PERU - FRENTE AMPLIO,4
140721,LIMA,YAUYOS,QUINOCAY,ALIANZA ELECTORAL UNIDAD NACIONAL,62
140721,LIMA,YAUYOS,QUINOCAY,"MOVIMIENTO INDEPENDIENTE ""YAUYOS ERES TU""",0
140721,LIMA,YAUYOS,QUINOCAY,PARTIDO APRISTA PERUANO,127
140721,LIMA,YAUYOS,QUINOCAY,PARTIDO DEMOCRATICO SOMOS PERU,42
140721,LIMA,YAUYOS,QUINOCAY,PARTIDO PERU POSIBLE,32
140722,LIMA,YAUYOS,SAN JOAQUIN,ALIANZA ELECTORAL UNIDAD NACIONAL,34
140722,LIMA,YAUYOS,SAN JOAQUIN,"MOVIMIENTO INDEPENDIENTE ""YAUYOS ERES TU""",20
140722,LIMA,YAUYOS,SAN JOAQUIN,PARTIDO DEMOCRATICO SOMOS PERU,45
140722,LIMA,YAUYOS,SAN JOAQUIN,PARTIDO PERU POSIBLE,55
140723,LIMA,YAUYOS,SAN PEDRO DE PILAS,ALIANZA ELECTORAL UNIDAD NACIONAL,52
140723,LIMA,YAUYOS,SAN PEDRO DE PILAS,"MOVIMIENTO INDEPENDIENTE ""PILAS A PROGRESAR""",31
140723,LIMA,YAUYOS,SAN PEDRO DE PILAS,"MOVIMIENTO INDEPENDIENTE ""YAUYOS ERES TU""",13
140723,LIMA,YAUYOS,SAN PEDRO DE PILAS,PARTIDO DEMOCRATICO SOMOS PERU,39
140723,LIMA,YAUYOS,SAN PEDRO DE PILAS,PARTIDO PERU POSIBLE,28
140724,LIMA,YAUYOS,TANTA,AGRUPACION INDEPENDIENTE UNION POR EL PERU - FRENTE AMPLIO,63
140724,LIMA,YAUYOS,TANTA,PARTIDO ACCION POPULAR,70
140724,LIMA,YAUYOS,TANTA,PARTIDO APRISTA PERUANO,19
140724,LIMA,YAUYOS,TANTA,PARTIDO DEMOCRATICO SOMOS PERU,43
140724,LIMA,YAUYOS,TANTA,PARTIDO PERU POSIBLE,22
140725,LIMA,YAUYOS,TAURIPAMPA,ALIANZA ELECTORAL UNIDAD NACIONAL,42
140725,LIMA,YAUYOS,TAURIPAMPA,"MOVIMIENTO INDEPENDIENTE ""YAUYOS ERES TU""",33
140725,LIMA,YAUYOS,TAURIPAMPA,PARTIDO ACCION POPULAR,43
140725,LIMA,YAUYOS,TAURIPAMPA,PARTIDO APRISTA PERUANO,47
140725,LIMA,YAUYOS,TAURIPAMPA,PARTIDO DEMOCRATICO SOMOS PERU,95
140725,LIMA,YAUYOS,TAURIPAMPA,PARTIDO PERU POSIBLE,99
140726,LIMA,YAUYOS,TUPE,"MOVIMIENTO INDEPENDIENTE ""YAUYOS ERES TU""",51
140726,LIMA,YAUYOS,TUPE,PARTIDO APRISTA PERUANO,6
140726,LIMA,YAUYOS,TUPE,PARTIDO DEMOCRATICO SOMOS PERU,134
140726,LIMA,YAUYOS,TUPE,PARTIDO PERU POSIBLE,61
140727,LIMA,YAUYOS,TOMAS,AGRUPACION INDEPENDIENTE UNION POR EL PERU - FRENTE AMPLIO,56
140727,LIMA,YAUYOS,TOMAS,PARTIDO APRISTA PERUANO,145
140727,LIMA,YAUYOS,TOMAS,PARTIDO DEMOCRATICO SOMOS PERU,86
140727,LIMA,YAUYOS,TOMAS,PARTIDO PERU POSIBLE,10
140728,LIMA,YAUYOS,VIÑAC,AGRUPACION INDEPENDIENTE UNION POR EL PERU - FRENTE AMPLIO,10
140728,LIMA,YAUYOS,VIÑAC,ALIANZA ELECTORAL UNIDAD NACIONAL,18
140728,LIMA,YAUYOS,VIÑAC,ALIANZA ELECTORAL VAMOS VECINO,86
140728,LIMA,YAUYOS,VIÑAC,FRENTE INDEPENDIENTE MORALIZADOR,34
140728,LIMA,YAUYOS,VIÑAC,FUERZA DEMOCRATICA,103
140728,LIMA,YAUYOS,VIÑAC,"MOVIMIENTO INDEPENDIENTE ""MOVIMIENTO CIVICO NACIONAL 7 DE JUNIO""",5
140728,LIMA,YAUYOS,VIÑAC,"MOVIMIENTO INDEPENDIENTE ""POR YAUYOS""",33
140728,LIMA,YAUYOS,VIÑAC,"MOVIMIENTO INDEPENDIENTE ""YAUYOS ERES TU""",216
140728,LIMA,YAUYOS,VIÑAC,PARTIDO ACCION POPULAR,103
140728,LIMA,YAUYOS,VIÑAC,PARTIDO DEMOCRATICO SOMOS PERU,24
140728,LIMA,YAUYOS,VIÑAC,PARTIDO PERU POSIBLE,62
140729,LIMA,YAUYOS,VITIS,AGRUPACION INDEPENDIENTE UNION POR EL PERU - FRENTE AMPLIO,18
140729,LIMA,YAUYOS,VITIS,FUERZA DEMOCRATICA,51
140729,LIMA,YAUYOS,VITIS,PARTIDO APRISTA PERUANO,20
140729,LIMA,YAUYOS,VITIS,PARTIDO DEMOCRATICO SOMOS PERU,9
140729,LIMA,YAUYOS,VITIS,PARTIDO PERU POSIBLE,31
140730,LIMA,YAUYOS,HONGOS,"MOVIMIENTO INDEPENDIENTE ""YAUYOS ERES TU""",111
140730,LIMA,YAUYOS,HONGOS,PARTIDO DEMOCRATICO SOMOS PERU,10
140730,LIMA,YAUYOS,HONGOS,PARTIDO PERU POSIBLE,39
140731,LIMA,YAUYOS,MADEAN,FRENTE INDEPENDIENTE MORALIZADOR,12
140731,LIMA,YAUYOS,MADEAN,FUERZA DEMOCRATICA,2
140731,LIMA,YAUYOS,MADEAN,"MOVIMIENTO INDEPENDIENTE ""YAUYOS ERES TU""",116
140731,LIMA,YAUYOS,MADEAN,PARTIDO ACCION POPULAR,18
140731,LIMA,YAUYOS,MADEAN,PARTIDO APRISTA PERUANO,183
140731,LIMA,YAUYOS,MADEAN,PARTIDO DEMOCRATICO SOMOS PERU,60
140731,LIMA,YAUYOS,MADEAN,PARTIDO PERU POSIBLE,70
140732,LIMA,YAUYOS,PUTINZA,AGRUPACION INDEPENDIENTE UNION POR EL PERU - FRENTE AMPLIO,13
140732,LIMA,YAUYOS,PUTINZA,ALIANZA ELECTORAL UNIDAD NACIONAL,75
140732,LIMA,YAUYOS,PUTINZA,"MOVIMIENTO INDEPENDIENTE ""YAUYOS ERES TU""",36
140732,LIMA,YAUYOS,PUTINZA,PARTIDO ACCION POPULAR,59
140732,LIMA,YAUYOS,PUTINZA,PARTIDO APRISTA PERUANO,62
140732,LIMA,YAUYOS,PUTINZA,PARTIDO PERU POSIBLE,74
140733,LIMA,YAUYOS,CATAHUASI,ALIANZA ELECTORAL UNIDAD NACIONAL,100
140733,LIMA,YAUYOS,CATAHUASI,ALIANZA ELECTORAL VAMOS VECINO,234
140733,LIMA,YAUYOS,CATAHUASI,FUERZA DEMOCRATICA,44
140733,LIMA,YAUYOS,CATAHUASI,PARTIDO APRISTA PERUANO,33
140733,LIMA,YAUYOS,CATAHUASI,PARTIDO DEMOCRATICO SOMOS PERU,15
140733,LIMA,YAUYOS,CATAHUASI,PARTIDO PERU POSIBLE,174
140802,LIMA,HUARAL,ATAVILLOS ALTO,ALIANZA ELECTORAL UNIDAD NACIONAL,51
140802,LIMA,HUARAL,ATAVILLOS ALTO,FRENTE DE CONCERTACION VECINAL,17
140802,LIMA,HUARAL,ATAVILLOS ALTO,FRENTE INDEPENDIENTE PARA EL PROGRESO ATAVILLANO,47
140802,LIMA,HUARAL,ATAVILLOS ALTO,MOVIMIENTO INDEPENDIENTE ATAVILLOS CON FUTURO,34
140802,LIMA,HUARAL,ATAVILLOS ALTO,MOVIMIENTO RENOVACION ATAVILLANA,20
140802,LIMA,HUARAL,ATAVILLOS ALTO,PARTIDO APRISTA PERUANO,81
140802,LIMA,HUARAL,ATAVILLOS ALTO,PARTIDO DEMOCRATICO SOMOS PERU,7
140802,LIMA,HUARAL,ATAVILLOS ALTO,PARTIDO PERU POSIBLE,20
140803,LIMA,HUARAL,ATAVILLOS BAJO,ALIANZA ELECTORAL UNIDAD NACIONAL,3
140803,LIMA,HUARAL,ATAVILLOS BAJO,FRENTE DE CONCERTACION VECINAL,316
140803,LIMA,HUARAL,ATAVILLOS BAJO,MOVIMIENTO DEMOCRATICO HUARALINO,294
140803,LIMA,HUARAL,ATAVILLOS BAJO,PARTIDO APRISTA PERUANO,42
140803,LIMA,HUARAL,ATAVILLOS BAJO,PARTIDO PERU POSIBLE,6
140804,LIMA,HUARAL,AUCALLAMA,AGRUPACION AUCALLAMINA AL DESARROLLO CON PARTICIPACION,484
140804,LIMA,HUARAL,AUCALLAMA,AGRUPACION INDEPENDIENTE UNION POR EL PERU - FRENTE AMPLIO,32
140804,LIMA,HUARAL,AUCALLAMA,ALIANZA ELECTORAL UNIDAD NACIONAL,144
140804,LIMA,HUARAL,AUCALLAMA,FRENTE DE CONCERTACION VECINAL,798
140804,LIMA,HUARAL,AUCALLAMA,MOVIMIENTO AMPLIO PAIS UNIDO - MAPU,249
140804,LIMA,HUARAL,AUCALLAMA,MOVIMIENTO DEMOCRATICO HUARALINO,581
140804,LIMA,HUARAL,AUCALLAMA,PARTIDO ACCION POPULAR,200
140804,LIMA,HUARAL,AUCALLAMA,PARTIDO APRISTA PERUANO,292
140804,LIMA,HUARAL,AUCALLAMA,PARTIDO DEMOCRATICO SOMOS PERU,153
140804,LIMA,HUARAL,AUCALLAMA,PARTIDO PERU POSIBLE,158
140804,LIMA,HUARAL,AUCALLAMA,PARTIDO POLITICO NACIONAL PRIMERO PERU,394
140804,LIMA,HUARAL,AUCALLAMA,PARTIDO RECONSTRUCCION DEMOCRATICA (PRD),52
140804,LIMA,HUARAL,AUCALLAMA,PARTIDO RENACIMIENTO ANDINO,4
140805,LIMA,HUARAL,CHANCAY,AGRUPACION INDEPENDIENTE MUJERES EN ACCION,178
140805,LIMA,HUARAL,CHANCAY,AGRUPACION INDEPENDIENTE UNION POR EL PERU - FRENTE AMPLIO,315
140805,LIMA,HUARAL,CHANCAY,ALIANZA ELECTORAL UNIDAD NACIONAL,649
140805,LIMA,HUARAL,CHANCAY,FRENTE DE CONCERTACION VECINAL,777
140805,LIMA,HUARAL,CHANCAY,MOVIMIENTO DE INTEGRACION NUEVO CHANCAY,1720
140805,LIMA,HUARAL,CHANCAY,"MOVIMIENTO INDEPENDIENTE ""FUTURO CHANCAY""",251
140805,LIMA,HUARAL,CHANCAY,MOVIMIENTO INDEPENDIENTE DEMOCRATICO DE INTEGRACION CHANCAYANA MIDICH,3866
140805,LIMA,HUARAL,CHANCAY,MOVIMIENTO INDEPENDIENTE SOCIAL DE CHANCAY,3747
140805,LIMA,HUARAL,CHANCAY,MOVIMIENTO PARTICIPACION Y DESARROLLO,4006
140805,LIMA,HUARAL,CHANCAY,PARTIDO ACCION POPULAR,135
140805,LIMA,HUARAL,CHANCAY,PARTIDO APRISTA PERUANO,1450
140805,LIMA,HUARAL,CHANCAY,PARTIDO DEMOCRATICO SOMOS PERU,557
140805,LIMA,HUARAL,CHANCAY,PARTIDO PERU POSIBLE,444
140805,LIMA,HUARAL,CHANCAY,PARTIDO RENACIMIENTO ANDINO,1175
140806,LIMA,HUARAL,IHUARI,AGRUPACION INDEPENDIENTE UNION POR EL PERU - FRENTE AMPLIO,23
140806,LIMA,HUARAL,IHUARI,ALIANZA ELECTORAL UNIDAD NACIONAL,11
140806,LIMA,HUARAL,IHUARI,FRENTE DE CONCERTACION VECINAL,36
140806,LIMA,HUARAL,IHUARI,MOVIMIENTO AMPLIO PAIS UNIDO - MAPU,11
140806,LIMA,HUARAL,IHUARI,MOVIMIENTO DEMOCRATICO HUARALINO,20
140806,LIMA,HUARAL,IHUARI,MOVIMIENTO INDEPENDIENTE IMPULSO DISTRITAL IHUARI,13
140806,LIMA,HUARAL,IHUARI,MOVIMIENTO INDEPENDIENTE POR LA CONFRATERNIDAD,29
140806,LIMA,HUARAL,IHUARI,MOVIMIENTO INDEPENDIENTE RENOVADOR ACCIONEMOS (MIRA),32
140806,LIMA,HUARAL,IHUARI,PARTIDO APRISTA PERUANO,190
140806,LIMA,HUARAL,IHUARI,PARTIDO DEMOCRATICO SOMOS PERU,8
140806,LIMA,HUARAL,IHUARI,PARTIDO PERU POSIBLE,50
140806,LIMA,HUARAL,IHUARI,PARTIDO RECONSTRUCCION DEMOCRATICA (PRD),5
140807,LIMA,HUARAL,LAMPIAN,AGRUPACION INDEPENDIENTE UNION POR EL PERU - FRENTE AMPLIO,9
140807,LIMA,HUARAL,LAMPIAN,ALIANZA ELECTORAL UNIDAD NACIONAL,2
140807,LIMA,HUARAL,LAMPIAN,FRENTE DE CONCERTACION VECINAL,131
140807,LIMA,HUARAL,LAMPIAN,MOVIMIENTO DEMOCRATICO HUARALINO,27
140807,LIMA,HUARAL,LAMPIAN,"MOVIMIENTO INDEPENDIENTE ""LOS TRIUNFADORES""",43
140807,LIMA,HUARAL,LAMPIAN,PARTIDO APRISTA PERUANO,34
140807,LIMA,HUARAL,LAMPIAN,PARTIDO DEMOCRATICO SOMOS PERU,168
140807,LIMA,HUARAL,LAMPIAN,PARTIDO PERU POSIBLE,7
140808,LIMA,HUARAL,PACARAOS,AGRUPACION INDEPENDIENTE UNION POR EL PERU - FRENTE AMPLIO,33
140808,LIMA,HUARAL,PACARAOS,ALIANZA ELECTORAL UNIDAD NACIONAL,8
140808,LIMA,HUARAL,PACARAOS,FRENTE DE CONCERTACION VECINAL,36
140808,LIMA,HUARAL,PACARAOS,MOVIMIENTO DEMOCRATICO HUARALINO,78
140808,LIMA,HUARAL,PACARAOS,MOVIMIENTO INDEPENDIENTE LOS NATURALES,5
140808,LIMA,HUARAL,PACARAOS,PARTIDO APRISTA PERUANO,18
140808,LIMA,HUARAL,PACARAOS,PARTIDO PERU POSIBLE,98
140808,LIMA,HUARAL,PACARAOS,PARTIDO RECONSTRUCCION DEMOCRATICA (PRD),36
140808,LIMA,HUARAL,PACARAOS,PARTIDO RENACIMIENTO ANDINO,80
140809,LIMA,HUARAL,SAN MIGUEL DE ACOS,ALIANZA ELECTORAL UNIDAD NACIONAL,15
140809,LIMA,HUARAL,SAN MIGUEL DE ACOS,FRENTE DE CONCERTACION VECINAL,67
140809,LIMA,HUARAL,SAN MIGUEL DE ACOS,MOVIMIENTO DE DESARROLLO SAN MIGUEL DE ACOS,12
140809,LIMA,HUARAL,SAN MIGUEL DE ACOS,MOVIMIENTO DEMOCRATICO HUARALINO,74
140809,LIMA,HUARAL,SAN MIGUEL DE ACOS,"MOVIMIENTO INDEPENDIENTE ""TRIUNFEMOS ACOS""",114
140809,LIMA,HUARAL,SAN MIGUEL DE ACOS,PARTIDO APRISTA PERUANO,54
140809,LIMA,HUARAL,SAN MIGUEL DE ACOS,PARTIDO DEMOCRATICO SOMOS PERU,3
140809,LIMA,HUARAL,SAN MIGUEL DE ACOS,PARTIDO PERU POSIBLE,26
140810,LIMA,HUARAL,VEINTISIETE DE NOVIEMBRE,AGRUPACION INDEPENDIENTE UNION POR EL PERU - FRENTE AMPLIO,6
140810,LIMA,HUARAL,VEINTISIETE DE NOVIEMBRE,ALIANZA ELECTORAL UNIDAD NACIONAL,31
140810,LIMA,HUARAL,VEINTISIETE DE NOVIEMBRE,FRENTE DE CONCERTACION VECINAL,83
140810,LIMA,HUARAL,VEINTISIETE DE NOVIEMBRE,MOVIMIENTO DEMOCRATICO HUARALINO,58
140810,LIMA,HUARAL,VEINTISIETE DE NOVIEMBRE,PARTIDO ACCION POPULAR,28
140810,LIMA,HUARAL,VEINTISIETE DE NOVIEMBRE,PARTIDO APRISTA PERUANO,2
140810,LIMA,HUARAL,VEINTISIETE DE NOVIEMBRE,PARTIDO DEMOCRATICO SOMOS PERU,5
140810,LIMA,HUARAL,VEINTISIETE DE NOVIEMBRE,PARTIDO PERU POSIBLE,59
140811,LIMA,HUARAL,SANTA CRUZ DE ANDAMARCA,AGRUPACION INDEPENDIENTE UNION POR EL PERU - FRENTE AMPLIO,23
140811,LIMA,HUARAL,SANTA CRUZ DE ANDAMARCA,ALIANZA ELECTORAL UNIDAD NACIONAL,19
140811,LIMA,HUARAL,SANTA CRUZ DE ANDAMARCA,FRENTE DE CONCERTACION VECINAL,53
140811,LIMA,HUARAL,SANTA CRUZ DE ANDAMARCA,MOVIMIENTO DEMOCRATICO HUARALINO,37
140811,LIMA,HUARAL,SANTA CRUZ DE ANDAMARCA,PARTIDO APRISTA PERUANO,20
140811,LIMA,HUARAL,SANTA CRUZ DE ANDAMARCA,PARTIDO DEMOCRATICO SOMOS PERU,18
140811,LIMA,HUARAL,SANTA CRUZ DE ANDAMARCA,PARTIDO PERU POSIBLE,22
140812,LIMA,HUARAL,SUMBILCA,ALIANZA ELECTORAL UNIDAD NACIONAL,15
140812,LIMA,HUARAL,SUMBILCA,FRENTE DE CONCERTACION VECINAL,10
140812,LIMA,HUARAL,SUMBILCA,MOVIMIENTO AMPLIO PAIS UNIDO - MAPU,72
140812,LIMA,HUARAL,SUMBILCA,MOVIMIENTO DEMOCRATICO HUARALINO,37
140812,LIMA,HUARAL,SUMBILCA,"MOVIMIENTO INDEPENDIENTE ""PROYECTO DISTRITAL SUMBILCA""",14
140812,LIMA,HUARAL,SUMBILCA,MOVIMIENTO INDEPENDIENTE ALTERNATIVA 2002 - SUMBILCA,29
140812,LIMA,HUARAL,SUMBILCA,MOVIMIENTO INDEPENDIENTE CORAJE HUARALINO,93
140812,LIMA,HUARAL,SUMBILCA,PARTIDO APRISTA PERUANO,17
140812,LIMA,HUARAL,SUMBILCA,PARTIDO DEMOCRATICO SOMOS PERU,70
140812,LIMA,HUARAL,SUMBILCA,PARTIDO PERU POSIBLE,16
140902,LIMA,BARRANCA,PARAMONGA,AGRUPACION INDEPENDIENTE UNION POR EL PERU - FRENTE AMPLIO,169
140902,LIMA,BARRANCA,PARAMONGA,ALIANZA ELECTORAL UNIDAD NACIONAL,542
140902,LIMA,BARRANCA,PARAMONGA,MOVIMIENTO DE ALTERNATIVA Y SOLUCION MAS,1007
140902,LIMA,BARRANCA,PARAMONGA,"MOVIMIENTO INDEPENDIENTE ""BARRANCA MODERNIDAD""",1356
140902,LIMA,BARRANCA,PARAMONGA,"MOVIMIENTO INDEPENDIENTE ""DEL PUEBLO Y PARA EL PUEBLO""",152
140902,LIMA,BARRANCA,PARAMONGA,"MOVIMIENTO INDEPENDIENTE ""DESARROLLO Y TECNOLOGIA""",2024
140902,LIMA,BARRANCA,PARAMONGA,"MOVIMIENTO INDEPENDIENTE ""JUNTOS A LA SOLUCION""",124
140902,LIMA,BARRANCA,PARAMONGA,"MOVIMIENTO INDEPENDIENTE ""MACHETE""",1468
140902,LIMA,BARRANCA,PARAMONGA,"MOVIMIENTO INDEPENDIENTE ""PARAMONGA AL CAMBIO""",1403
140902,LIMA,BARRANCA,PARAMONGA,"MOVIMIENTO INDEPENDIENTE ""PLAN  PARAMONGA""",1535
140902,LIMA,BARRANCA,PARAMONGA,"MOVIMIENTO INDEPENDIENTE ""POR PARAMONGA""",586
140902,LIMA,BARRANCA,PARAMONGA,"MOVIMIENTO INDEPENDIENTE ""UNIDAD VECINAL""",208
140902,LIMA,BARRANCA,PARAMONGA,MOVIMIENTO INDEPENDIENTE SIEMPRE UNIDOS,46
140902,LIMA,BARRANCA,PARAMONGA,MOVIMIENTO NUEVA IZQUIERDA,146
140902,LIMA,BARRANCA,PARAMONGA,PARTIDO ACCION POPULAR,542
140902,LIMA,BARRANCA,PARAMONGA,PARTIDO APRISTA PERUANO,1445
140902,LIMA,BARRANCA,PARAMONGA,PARTIDO DEMOCRATICO SOMOS PERU,717
140902,LIMA,BARRANCA,PARAMONGA,PARTIDO PERU POSIBLE,334
140902,LIMA,BARRANCA,PARAMONGA,PARTIDO POLITICO NACIONAL PRIMERO PERU,188
140903,LIMA,BARRANCA,PATIVILCA,ALIANZA ELECTORAL UNIDAD NACIONAL,207
140903,LIMA,BARRANCA,PATIVILCA,FUERZA DEMOCRATICA,1060
140903,LIMA,BARRANCA,PATIVILCA,"MOVIMIENTO INDEPENDIENTE ""BARRANCA MODERNIDAD""",1281
140903,LIMA,BARRANCA,PATIVILCA,"MOVIMIENTO INDEPENDIENTE ""SOLIDARIDAD VECINAL""",1378
140903,LIMA,BARRANCA,PATIVILCA,MOVIMIENTO INDEPENDIENTE SIEMPRE UNIDOS,70
140903,LIMA,BARRANCA,PATIVILCA,MOVIMIENTO NUEVA IZQUIERDA,89
140903,LIMA,BARRANCA,PATIVILCA,MOVIMIENTO POPULAR PATIVILCANO,283
140903,LIMA,BARRANCA,PATIVILCA,PARTIDO ACCION POPULAR,1242
140903,LIMA,BARRANCA,PATIVILCA,PARTIDO APRISTA PERUANO,1083
140903,LIMA,BARRANCA,PATIVILCA,PARTIDO DEMOCRATICO SOMOS PERU,918
140903,LIMA,BARRANCA,PATIVILCA,PARTIDO RECONSTRUCCION DEMOCRATICA (PRD),446
140904,LIMA,BARRANCA,SUPE,ALIANZA ELECTORAL UNIDAD NACIONAL,434
140904,LIMA,BARRANCA,SUPE,"LISTA INDEPENDIENTE ""POR UN NUEVO SUPE""",957
140904,LIMA,BARRANCA,SUPE,MOVIMIENTO DE ALTERNATIVA Y SOLUCION MAS,939
140904,LIMA,BARRANCA,SUPE,MOVIMIENTO DE UNIDAD DISTRITAL POR UN SUPE MEJOR,416
140904,LIMA,BARRANCA,SUPE,"MOVIMIENTO INDEPENDIENTE ""BARRANCA MODERNIDAD""",148
140904,LIMA,BARRANCA,SUPE,"MOVIMIENTO INDEPENDIENTE ""JUVENTUD PROGRESISTA""",1716
140904,LIMA,BARRANCA,SUPE,"MOVIMIENTO INDEPENDIENTE ""SUPE ADELANTE""",743
140904,LIMA,BARRANCA,SUPE,MOVIMIENTO INDEPENDIENTE SIEMPRE UNIDOS,193
140904,LIMA,BARRANCA,SUPE,MOVIMIENTO NUEVA IZQUIERDA,191
140904,LIMA,BARRANCA,SUPE,PARTIDO ACCION POPULAR,1510
140904,LIMA,BARRANCA,SUPE,PARTIDO APRISTA PERUANO,1080
140904,LIMA,BARRANCA,SUPE,PARTIDO DEMOCRATICO SOMOS PERU,218
140905,LIMA,BARRANCA,SUPE PUERTO,ALIANZA ELECTORAL UNIDAD NACIONAL,160
140905,LIMA,BARRANCA,SUPE PUERTO,FUERZA DEMOCRATICA,504
140905,LIMA,BARRANCA,SUPE PUERTO,"MOVIMIENTO ""VICTORIA PORTEÑA""",133
140905,LIMA,BARRANCA,SUPE PUERTO,MOVIMIENTO DE ALTERNATIVA Y SOLUCION MAS,217
140905,LIMA,BARRANCA,SUPE PUERTO,"MOVIMIENTO INDEPENDIENTE ""BARRANCA MODERNIDAD""",868
140905,LIMA,BARRANCA,SUPE PUERTO,"MOVIMIENTO INDEPENDIENTE ""SOLIDARIDAD VECINAL""",731
140905,LIMA,BARRANCA,SUPE PUERTO,"MOVIMIENTO INDEPENDIENTE ALTERNATIVO ""PORTEÑOS EN ACCION""",421
140905,LIMA,BARRANCA,SUPE PUERTO,MOVIMIENTO INDEPENDIENTE SIEMPRE UNIDOS,145
140905,LIMA,BARRANCA,SUPE PUERTO,MOVIMIENTO NUEVA IZQUIERDA,105
140905,LIMA,BARRANCA,SUPE PUERTO,PARTIDO ACCION POPULAR,77
140905,LIMA,BARRANCA,SUPE PUERTO,PARTIDO APRISTA PERUANO,1060
140905,LIMA,BARRANCA,SUPE PUERTO,PARTIDO DEMOCRATICO SOMOS PERU,182
140905,LIMA,BARRANCA,SUPE PUERTO,PARTIDO PERU POSIBLE,227
140905,LIMA,BARRANCA,SUPE PUERTO,PARTIDO RECONSTRUCCION DEMOCRATICA (PRD),296
141002,LIMA,OYON,NAVAN,ALIANZA ELECTORAL UNIDAD NACIONAL,38
141002,LIMA,OYON,NAVAN,PARTIDO ACCION POPULAR,28
141002,LIMA,OYON,NAVAN,PARTIDO APRISTA PERUANO,113
141002,LIMA,OYON,NAVAN,PARTIDO DEMOCRATICO SOMOS PERU,11
141002,LIMA,OYON,NAVAN,PARTIDO PERU POSIBLE,84
141003,LIMA,OYON,CAUJUL,ALIANZA ELECTORAL UNIDAD NACIONAL,143
141003,LIMA,OYON,CAUJUL,PARTIDO APRISTA PERUANO,6
141003,LIMA,OYON,CAUJUL,PARTIDO DEMOCRATICO SOMOS PERU,12
141003,LIMA,OYON,CAUJUL,PARTIDO PERU POSIBLE,76
141004,LIMA,OYON,ANDAJES,AGRUPACION INDEPENDIENTE UNION POR EL PERU - FRENTE AMPLIO,6
141004,LIMA,OYON,ANDAJES,ALIANZA ELECTORAL UNIDAD NACIONAL,20
141004,LIMA,OYON,ANDAJES,MOVIMIENTO ANDAJES MODERNO Y PRODUCTIVO,36
141004,LIMA,OYON,ANDAJES,PARTIDO ACCION POPULAR,61
141004,LIMA,OYON,ANDAJES,PARTIDO APRISTA PERUANO,31
141004,LIMA,OYON,ANDAJES,PARTIDO DEMOCRATICO SOMOS PERU,34
141004,LIMA,OYON,ANDAJES,PARTIDO PERU POSIBLE,93
141005,LIMA,OYON,PACHANGARA,ALIANZA ELECTORAL UNIDAD NACIONAL,177
141005,LIMA,OYON,PACHANGARA,MOVIMIENTO INDEPENDIENTE AL PROGRESO PACHANGARA,55
141005,LIMA,OYON,PACHANGARA,MOVIMIENTO INDEPENDIENTE FUTURO PACHANGARA,192
141005,LIMA,OYON,PACHANGARA,MOVIMIENTO INDEPENDIENTE JUVENTUD PROGRESISTA,338
141005,LIMA,OYON,PACHANGARA,PARTIDO APRISTA PERUANO,42
141005,LIMA,OYON,PACHANGARA,PARTIDO DEMOCRATICO SOMOS PERU,65
141005,LIMA,OYON,PACHANGARA,PARTIDO PERU POSIBLE,65
141006,LIMA,OYON,COCHAMARCA,ALIANZA ELECTORAL UNIDAD NACIONAL,159
141006,LIMA,OYON,COCHAMARCA,FUERZA DEMOCRATICA,56
141006,LIMA,OYON,COCHAMARCA,PARTIDO ACCION POPULAR,15
141006,LIMA,OYON,COCHAMARCA,PARTIDO APRISTA PERUANO,157
141006,LIMA,OYON,COCHAMARCA,PARTIDO DEMOCRATICO SOMOS PERU,168
150102,LORETO,MAYNAS,ALTO NANAY,ALIANZA ELECTORAL UNIDAD NACIONAL,37
150102,LORETO,MAYNAS,ALTO NANAY,"MOVIMIENTO INDEPENDIENTE ""IMPACTO CRISTIANO""",49
150102,LORETO,MAYNAS,ALTO NANAY,MOVIMIENTO INDEPENDIENTE FUERZA LORETANA,317
150102,LORETO,MAYNAS,ALTO NANAY,MOVIMIENTO INDEPENDIENTE NUEVA AMAZONIA,136
150102,LORETO,MAYNAS,ALTO NANAY,PARTIDO ACCION POPULAR,203
150102,LORETO,MAYNAS,ALTO NANAY,PARTIDO DEMOCRATICO SOMOS PERU,368
150102,LORETO,MAYNAS,ALTO NANAY,PARTIDO PERU POSIBLE,20
150102,LORETO,MAYNAS,ALTO NANAY,UNIPOL,241
150103,LORETO,MAYNAS,FERNANDO LORES,AGRUPACION INDEPENDIENTE UNION POR EL PERU - FRENTE AMPLIO,124
150103,LORETO,MAYNAS,FERNANDO LORES,ALIANZA ELECTORAL UNIDAD NACIONAL,161
150103,LORETO,MAYNAS,FERNANDO LORES,"MOVIMIENTO INDEPENDIENTE ""PERU AMAZONIA""",283
150103,LORETO,MAYNAS,FERNANDO LORES,"MOVIMIENTO INDEPENDIENTE ECOLOGICO ""ARRIBA LORETO""",222
150103,LORETO,MAYNAS,FERNANDO LORES,MOVIMIENTO INDEPENDIENTE FUERZA LORETANA,1582
150103,LORETO,MAYNAS,FERNANDO LORES,MOVIMIENTO INDEPENDIENTE NUEVA AMAZONIA,1202
150103,LORETO,MAYNAS,FERNANDO LORES,PARTIDO ACCION POPULAR,78
150103,LORETO,MAYNAS,FERNANDO LORES,PARTIDO APRISTA PERUANO,171
150103,LORETO,MAYNAS,FERNANDO LORES,PARTIDO DEMOCRATICO SOMOS PERU,389
150103,LORETO,MAYNAS,FERNANDO LORES,UNIPOL,202
150104,LORETO,MAYNAS,LAS AMAZONAS,MOVIMIENTO INDEPENDIENTE FUERZA LORETANA,1813
150104,LORETO,MAYNAS,LAS AMAZONAS,MOVIMIENTO INDEPENDIENTE NUEVA AMAZONIA,64
150104,LORETO,MAYNAS,LAS AMAZONAS,PARTIDO APRISTA PERUANO,47
150104,LORETO,MAYNAS,LAS AMAZONAS,PARTIDO DEMOCRATICO SOMOS PERU,364
150104,LORETO,MAYNAS,LAS AMAZONAS,PARTIDO PERU POSIBLE,30
150104,LORETO,MAYNAS,LAS AMAZONAS,UNIPOL,1143
150105,LORETO,MAYNAS,MAZAN,ALIANZA ELECTORAL UNIDAD NACIONAL,89
150105,LORETO,MAYNAS,MAZAN,"MOVIMIENTO INDEPENDIENTE ECOLOGICO ""ARRIBA LORETO""",162
150105,LORETO,MAYNAS,MAZAN,MOVIMIENTO INDEPENDIENTE FUERZA LORETANA,618
150105,LORETO,MAYNAS,MAZAN,MOVIMIENTO INDEPENDIENTE NUEVA AMAZONIA,209
150105,LORETO,MAYNAS,MAZAN,MOVIMIENTO POLITICO INDEPENDIENTE MAZAN DESPIERTA,36
150105,LORETO,MAYNAS,MAZAN,PARTIDO ACCION POPULAR,197
150105,LORETO,MAYNAS,MAZAN,PARTIDO APRISTA PERUANO,103
150105,LORETO,MAYNAS,MAZAN,PARTIDO DEMOCRATICO SOMOS PERU,365
150105,LORETO,MAYNAS,MAZAN,PARTIDO PERU POSIBLE,316
150105,LORETO,MAYNAS,MAZAN,UNIPOL,762
150106,LORETO,MAYNAS,NAPO,ALIANZA ELECTORAL UNIDAD NACIONAL,145
150106,LORETO,MAYNAS,NAPO,MOVIMIENTO INDEPENDIENTE FUERZA LORETANA,478
150106,LORETO,MAYNAS,NAPO,MOVIMIENTO INDEPENDIENTE NUEVA AMAZONIA,213
150106,LORETO,MAYNAS,NAPO,PARTIDO ACCION POPULAR,256
150106,LORETO,MAYNAS,NAPO,PARTIDO APRISTA PERUANO,468
150106,LORETO,MAYNAS,NAPO,PARTIDO PERU POSIBLE,768
150106,LORETO,MAYNAS,NAPO,UNIPOL,440
150107,LORETO,MAYNAS,PUTUMAYO,ALIANZA ELECTORAL UNIDAD NACIONAL,36
150107,LORETO,MAYNAS,PUTUMAYO,"MOVIMIENTO INDEPENDIENTE ""PERU AMAZONIA""",9
150107,LORETO,MAYNAS,PUTUMAYO,"MOVIMIENTO INDEPENDIENTE ECOLOGICO ""ARRIBA LORETO""",201
150107,LORETO,MAYNAS,PUTUMAYO,MOVIMIENTO INDEPENDIENTE FUERZA LORETANA,805
150107,LORETO,MAYNAS,PUTUMAYO,MOVIMIENTO INDEPENDIENTE NUEVA AMAZONIA,28
150107,LORETO,MAYNAS,PUTUMAYO,PARTIDO ACCION POPULAR,1
150107,LORETO,MAYNAS,PUTUMAYO,PARTIDO APRISTA PERUANO,21
150107,LORETO,MAYNAS,PUTUMAYO,PARTIDO PERU POSIBLE,192
150107,LORETO,MAYNAS,PUTUMAYO,PODER DEL PUTUMAYO,923
150107,LORETO,MAYNAS,PUTUMAYO,UNIPOL,7
150108,LORETO,MAYNAS,TORRES CAUSANA,ALIANZA ELECTORAL UNIDAD NACIONAL,43
150108,LORETO,MAYNAS,TORRES CAUSANA,PARTIDO DEMOCRATICO SOMOS PERU,486
150108,LORETO,MAYNAS,TORRES CAUSANA,PARTIDO PERU POSIBLE,35
150108,LORETO,MAYNAS,TORRES CAUSANA,UNIPOL,414
150110,LORETO,MAYNAS,INDIANA,ALIANZA ELECTORAL UNIDAD NACIONAL,86
150110,LORETO,MAYNAS,INDIANA,"MOVIMIENTO INDEPENDIENTE ECOLOGICO ""ARRIBA LORETO""",143
150110,LORETO,MAYNAS,INDIANA,MOVIMIENTO INDEPENDIENTE FUERZA LORETANA,240
150110,LORETO,MAYNAS,INDIANA,MOVIMIENTO INDEPENDIENTE NUEVA AMAZONIA,1094
150110,LORETO,MAYNAS,INDIANA,PARTIDO ACCION POPULAR,7
150110,LORETO,MAYNAS,INDIANA,PARTIDO APRISTA PERUANO,75
150110,LORETO,MAYNAS,INDIANA,PARTIDO DEMOCRATICO SOMOS PERU,856
150110,LORETO,MAYNAS,INDIANA,PARTIDO PERU POSIBLE,231
150110,LORETO,MAYNAS,INDIANA,UNIPOL,1273
150111,LORETO,MAYNAS,PUNCHANA,AGRUPACION INDEPENDIENTE UNION POR EL PERU - FRENTE AMPLIO,1297
150111,LORETO,MAYNAS,PUNCHANA,ALIANZA ELECTORAL UNIDAD NACIONAL,267
150111,LORETO,MAYNAS,PUNCHANA,"MOVIMIENTO INDEPENDIENTE ""CAMBIEMOS PUNCHANA""",2842
150111,LORETO,MAYNAS,PUNCHANA,"MOVIMIENTO INDEPENDIENTE ""PERU AMAZONIA""",67
150111,LORETO,MAYNAS,PUNCHANA,"MOVIMIENTO INDEPENDIENTE ECOLOGICO ""ARRIBA LORETO""",935
150111,LORETO,MAYNAS,PUNCHANA,MOVIMIENTO INDEPENDIENTE FUERZA LORETANA,4898
150111,LORETO,MAYNAS,PUNCHANA,MOVIMIENTO INDEPENDIENTE NUEVA AMAZONIA,504
150111,LORETO,MAYNAS,PUNCHANA,MOVIMIENTO INDEPENDIENTE SIEMPRE UNIDOS,298
150111,LORETO,MAYNAS,PUNCHANA,PARTIDO ACCION POPULAR,359
150111,LORETO,MAYNAS,PUNCHANA,PARTIDO APRISTA PERUANO,1268
150111,LORETO,MAYNAS,PUNCHANA,PARTIDO DEMOCRATICO SOMOS PERU,460
150111,LORETO,MAYNAS,PUNCHANA,PARTIDO PERU POSIBLE,1330
150111,LORETO,MAYNAS,PUNCHANA,UNIPOL,6997
150112,LORETO,MAYNAS,BELEN,ALIANZA ELECTORAL UNIDAD NACIONAL,390
150112,LORETO,MAYNAS,BELEN,"MOVIMIENTO INDEPENDIENTE ""MOTOR DEL DESARROLLO""",1618
150112,LORETO,MAYNAS,BELEN,MOVIMIENTO INDEPENDIENTE CONTIGO BELEN,1530
150112,LORETO,MAYNAS,BELEN,"MOVIMIENTO INDEPENDIENTE ECOLOGICO ""ARRIBA LORETO""",593
150112,LORETO,MAYNAS,BELEN,MOVIMIENTO INDEPENDIENTE FUERZA LORETANA,1282
150112,LORETO,MAYNAS,BELEN,MOVIMIENTO INDEPENDIENTE NUEVA AMAZONIA,3231
150112,LORETO,MAYNAS,BELEN,MOVIMIENTO INDEPENDIENTE SIEMPRE UNIDOS,677
150112,LORETO,MAYNAS,BELEN,PARTIDO APRISTA PERUANO,938
150112,LORETO,MAYNAS,BELEN,PARTIDO DEMOCRATICO SOMOS PERU,355
150112,LORETO,MAYNAS,BELEN,PARTIDO PERU POSIBLE,711
150112,LORETO,MAYNAS,BELEN,UNIPOL,3053
150113,LORETO,MAYNAS,SAN JUAN BAUTISTA,ALIANZA ELECTORAL UNIDAD NACIONAL,750
150113,LORETO,MAYNAS,SAN JUAN BAUTISTA,"MOVIMIENTO INDEPENDIENTE ""ACCION Y DESARROLLO""",2905
150113,LORETO,MAYNAS,SAN JUAN BAUTISTA,MOVIMIENTO INDEPENDIENTE NUEVA AMAZONIA,4733
150113,LORETO,MAYNAS,SAN JUAN BAUTISTA,"MOVIMIENTO POLITICO INDEPENDIENTE ""SAN JUAN AMAZONICO""",927
150113,LORETO,MAYNAS,SAN JUAN BAUTISTA,PARTIDO ACCION POPULAR,158
150113,LORETO,MAYNAS,SAN JUAN BAUTISTA,PARTIDO PERU POSIBLE,2503
150113,LORETO,MAYNAS,SAN JUAN BAUTISTA,UNIPOL,1562
150202,LORETO,ALTO AMAZONAS,BALSA PUERTO,AGRUPACION INDEPENDIENTE UNION POR EL PERU - FRENTE AMPLIO,313
150202,LORETO,ALTO AMAZONAS,BALSA PUERTO,ALIANZA ELECTORAL UNIDAD NACIONAL,13
150202,LORETO,ALTO AMAZONAS,BALSA PUERTO,FRENTE INDEPENDIENTE MORALIZADOR,14
150202,LORETO,ALTO AMAZONAS,BALSA PUERTO,MOVIMIENTO INDEPENDIENTE INTEGRACIONISTA ALTO AMAZONAS M.I.I.A.A.,281
150202,LORETO,ALTO AMAZONAS,BALSA PUERTO,MOVIMIENTO INDEPENDIENTE NUEVA AMAZONIA,14
150202,LORETO,ALTO AMAZONAS,BALSA PUERTO,PARTIDO ACCION POPULAR,345
150202,LORETO,ALTO AMAZONAS,BALSA PUERTO,PARTIDO APRISTA PERUANO,89
150202,LORETO,ALTO AMAZONAS,BALSA PUERTO,PARTIDO DEMOCRATICO SOMOS PERU,463
150202,LORETO,ALTO AMAZONAS,BALSA PUERTO,PARTIDO PERU POSIBLE,43
150202,LORETO,ALTO AMAZONAS,BALSA PUERTO,PARTIDO RECONSTRUCCION DEMOCRATICA (PRD),7
150202,LORETO,ALTO AMAZONAS,BALSA PUERTO,UNIPOL,322
150203,LORETO,ALTO AMAZONAS,BARRANCA,AGRUPACION INDEPENDIENTE UNION POR EL PERU - FRENTE AMPLIO,60
150203,LORETO,ALTO AMAZONAS,BARRANCA,ALIANZA ELECTORAL UNIDAD NACIONAL,19
150203,LORETO,ALTO AMAZONAS,BARRANCA,FRENTE INDEPENDIENTE MORALIZADOR,384
150203,LORETO,ALTO AMAZONAS,BARRANCA,MOVIMIENTO INDEPENDIENTE INTEGRACIONISTA ALTO AMAZONAS M.I.I.A.A.,244
150203,LORETO,ALTO AMAZONAS,BARRANCA,MOVIMIENTO INDEPENDIENTE NUEVA AMAZONIA,407
150203,LORETO,ALTO AMAZONAS,BARRANCA,PARTIDO ACCION POPULAR,97
150203,LORETO,ALTO AMAZONAS,BARRANCA,PARTIDO APRISTA PERUANO,614
150203,LORETO,ALTO AMAZONAS,BARRANCA,PARTIDO DEMOCRATICO SOMOS PERU,367
150203,LORETO,ALTO AMAZONAS,BARRANCA,PARTIDO PERU POSIBLE,84
150203,LORETO,ALTO AMAZONAS,BARRANCA,UNIPOL,197
150204,LORETO,ALTO AMAZONAS,CAHUAPANAS,AGRUPACION INDEPENDIENTE UNION POR EL PERU - FRENTE AMPLIO,39
150204,LORETO,ALTO AMAZONAS,CAHUAPANAS,MOVIMIENTO INDEPENDIENTE INTEGRACIONISTA ALTO AMAZONAS M.I.I.A.A.,219
150204,LORETO,ALTO AMAZONAS,CAHUAPANAS,MOVIMIENTO INDEPENDIENTE NUEVA AMAZONIA,19
150204,LORETO,ALTO AMAZONAS,CAHUAPANAS,PARTIDO ACCION POPULAR,113
150204,LORETO,ALTO AMAZONAS,CAHUAPANAS,PARTIDO APRISTA PERUANO,92
150204,LORETO,ALTO AMAZONAS,CAHUAPANAS,PARTIDO DEMOCRATICO SOMOS PERU,230
150204,LORETO,ALTO AMAZONAS,CAHUAPANAS,PARTIDO PERU POSIBLE,217
150204,LORETO,ALTO AMAZONAS,CAHUAPANAS,PARTIDO POLITICO NACIONAL PRIMERO PERU,16
150204,LORETO,ALTO AMAZONAS,CAHUAPANAS,UNIPOL,157
150205,LORETO,ALTO AMAZONAS,JEBEROS,ALIANZA ELECTORAL UNIDAD NACIONAL,22
150205,LORETO,ALTO AMAZONAS,JEBEROS,MOVIMIENTO INDEPENDIENTE NUEVA AMAZONIA,79
150205,LORETO,ALTO AMAZONAS,JEBEROS,PARTIDO ACCION POPULAR,359
150205,LORETO,ALTO AMAZONAS,JEBEROS,PARTIDO APRISTA PERUANO,96
150205,LORETO,ALTO AMAZONAS,JEBEROS,PARTIDO DEMOCRATICO SOMOS PERU,379
150205,LORETO,ALTO AMAZONAS,JEBEROS,PARTIDO PERU POSIBLE,82
150206,LORETO,ALTO AMAZONAS,LAGUNAS,ALIANZA ELECTORAL UNIDAD NACIONAL,115
150206,LORETO,ALTO AMAZONAS,LAGUNAS,FRENTE INDEPENDIENTE MORALIZADOR,26
150206,LORETO,ALTO AMAZONAS,LAGUNAS,MOVIMIENTO INDEPENDIENTE INTEGRACIONISTA ALTO AMAZONAS M.I.I.A.A.,649
150206,LORETO,ALTO AMAZONAS,LAGUNAS,MOVIMIENTO INDEPENDIENTE LAGUNAS,60
150206,LORETO,ALTO AMAZONAS,LAGUNAS,MOVIMIENTO INDEPENDIENTE NUEVA AMAZONIA,85
150206,LORETO,ALTO AMAZONAS,LAGUNAS,PARTIDO ACCION POPULAR,384
150206,LORETO,ALTO AMAZONAS,LAGUNAS,PARTIDO APRISTA PERUANO,31
150206,LORETO,ALTO AMAZONAS,LAGUNAS,PARTIDO DEMOCRATICO SOMOS PERU,505
150206,LORETO,ALTO AMAZONAS,LAGUNAS,PARTIDO PERU POSIBLE,1196
150206,LORETO,ALTO AMAZONAS,LAGUNAS,UNIPOL,143
150207,LORETO,ALTO AMAZONAS,MANSERICHE,ALIANZA ELECTORAL UNIDAD NACIONAL,243
150207,LORETO,ALTO AMAZONAS,MANSERICHE,"MOVIMIENTO INDEPENDIENTE DE LOS PUEBLOS INDIGENAS Y CAMPESINOS ""MIPIC""",268
150207,LORETO,ALTO AMAZONAS,MANSERICHE,MOVIMIENTO INDEPENDIENTE FRONTERIZO DE ALTO AMAZONAS (M.I.F.A.A.),60
150207,LORETO,ALTO AMAZONAS,MANSERICHE,MOVIMIENTO INDEPENDIENTE INTEGRACIONISTA ALTO AMAZONAS M.I.I.A.A.,246
150207,LORETO,ALTO AMAZONAS,MANSERICHE,MOVIMIENTO INDEPENDIENTE NUEVA AMAZONIA,81
150207,LORETO,ALTO AMAZONAS,MANSERICHE,PARTIDO ACCION POPULAR,411
150207,LORETO,ALTO AMAZONAS,MANSERICHE,PARTIDO DEMOCRATICO SOMOS PERU,138
150207,LORETO,ALTO AMAZONAS,MANSERICHE,PARTIDO PERU POSIBLE,123
150207,LORETO,ALTO AMAZONAS,MANSERICHE,UNIPOL,66
150208,LORETO,ALTO AMAZONAS,MORONA,AGRUPACION INDEPENDIENTE UNION POR EL PERU - FRENTE AMPLIO,102
150208,LORETO,ALTO AMAZONAS,MORONA,ALIANZA ELECTORAL UNIDAD NACIONAL,157
150208,LORETO,ALTO AMAZONAS,MORONA,FRENTE INDEPENDIENTE MORALIZADOR,1
150208,LORETO,ALTO AMAZONAS,MORONA,MOVIMIENTO INDEPENDIENTE INTEGRACIONISTA ALTO AMAZONAS M.I.I.A.A.,159
150208,LORETO,ALTO AMAZONAS,MORONA,MOVIMIENTO INDEPENDIENTE NUEVA AMAZONIA,31
150208,LORETO,ALTO AMAZONAS,MORONA,PARTIDO ACCION POPULAR,361
150208,LORETO,ALTO AMAZONAS,MORONA,PARTIDO APRISTA PERUANO,24
150208,LORETO,ALTO AMAZONAS,MORONA,PARTIDO DEMOCRATICO SOMOS PERU,67
150208,LORETO,ALTO AMAZONAS,MORONA,PARTIDO PERU POSIBLE,132
150208,LORETO,ALTO AMAZONAS,MORONA,PARTIDO POLITICO NACIONAL PRIMERO PERU,42
150208,LORETO,ALTO AMAZONAS,MORONA,UNIPOL,109
150209,LORETO,ALTO AMAZONAS,PASTAZA,ALIANZA ELECTORAL UNIDAD NACIONAL,478
150209,LORETO,ALTO AMAZONAS,PASTAZA,FRENTE INDEPENDIENTE MORALIZADOR,221
150209,LORETO,ALTO AMAZONAS,PASTAZA,MOVIMIENTO INDEPENDIENTE INTEGRACIONISTA ALTO AMAZONAS M.I.I.A.A.,749
150209,LORETO,ALTO AMAZONAS,PASTAZA,MOVIMIENTO INDEPENDIENTE NUEVA AMAZONIA,14
150209,LORETO,ALTO AMAZONAS,PASTAZA,PARTIDO ACCION POPULAR,335
150209,LORETO,ALTO AMAZONAS,PASTAZA,PARTIDO APRISTA PERUANO,122
150209,LORETO,ALTO AMAZONAS,PASTAZA,PARTIDO DEMOCRATICO SOMOS PERU,461
150209,LORETO,ALTO AMAZONAS,PASTAZA,PARTIDO PERU POSIBLE,54
150209,LORETO,ALTO AMAZONAS,PASTAZA,UNIPOL,299
150210,LORETO,ALTO AMAZONAS,SANTA CRUZ,AGRUPACION INDEPENDIENTE UNION POR EL PERU - FRENTE AMPLIO,5
150210,LORETO,ALTO AMAZONAS,SANTA CRUZ,ALIANZA ELECTORAL UNIDAD NACIONAL,77
150210,LORETO,ALTO AMAZONAS,SANTA CRUZ,FRENTE INDEPENDIENTE MORALIZADOR,64
150210,LORETO,ALTO AMAZONAS,SANTA CRUZ,MOVIMIENTO ALIANZA INTEGRACIONISTA DE INTERCULTURALIDAD PRACTICA,13
150210,LORETO,ALTO AMAZONAS,SANTA CRUZ,MOVIMIENTO INDEPENDIENTE INTEGRACIONISTA ALTO AMAZONAS M.I.I.A.A.,113
150210,LORETO,ALTO AMAZONAS,SANTA CRUZ,MOVIMIENTO INDEPENDIENTE NUEVA AMAZONIA,18
150210,LORETO,ALTO AMAZONAS,SANTA CRUZ,PARTIDO ACCION POPULAR,182
150210,LORETO,ALTO AMAZONAS,SANTA CRUZ,PARTIDO APRISTA PERUANO,41
150210,LORETO,ALTO AMAZONAS,SANTA CRUZ,PARTIDO DEMOCRATICO SOMOS PERU,314
150210,LORETO,ALTO AMAZONAS,SANTA CRUZ,PARTIDO PERU POSIBLE,148
150210,LORETO,ALTO AMAZONAS,SANTA CRUZ,PARTIDO POLITICO NACIONAL PRIMERO PERU,12
150210,LORETO,ALTO AMAZONAS,SANTA CRUZ,UNIPOL,96
150211,LORETO,ALTO AMAZONAS,TENIENTE CESAR LOPEZ ROJAS,AGRUPACION INDEPENDIENTE UNION POR EL PERU - FRENTE AMPLIO,38
150211,LORETO,ALTO AMAZONAS,TENIENTE CESAR LOPEZ ROJAS,ALIANZA ELECTORAL UNIDAD NACIONAL,12
150211,LORETO,ALTO AMAZONAS,TENIENTE CESAR LOPEZ ROJAS,MOVIMIENTO INDEPENDIENTE NUEVA AMAZONIA,70
150211,LORETO,ALTO AMAZONAS,TENIENTE CESAR LOPEZ ROJAS,PARTIDO ACCION POPULAR,278
150211,LORETO,ALTO AMAZONAS,TENIENTE CESAR LOPEZ ROJAS,PARTIDO APRISTA PERUANO,198
150211,LORETO,ALTO AMAZONAS,TENIENTE CESAR LOPEZ ROJAS,PARTIDO DEMOCRATICO SOMOS PERU,362
150211,LORETO,ALTO AMAZONAS,TENIENTE CESAR LOPEZ ROJAS,PARTIDO PERU POSIBLE,34
150211,LORETO,ALTO AMAZONAS,TENIENTE CESAR LOPEZ ROJAS,UNIPOL,221
150302,LORETO,LORETO,PARINARI,ALIANZA ELECTORAL UNIDAD NACIONAL,41
150302,LORETO,LORETO,PARINARI,FUERZA INDEPENDIENTE DE LORETO,14
150302,LORETO,LORETO,PARINARI,LA ESPIGA DEL ARROZ,369
150302,LORETO,LORETO,PARINARI,LA LANCHITA,473
150302,LORETO,LORETO,PARINARI,MOVIMIENTO INDEPENDIENTE FUERZA LORETANA,146
150302,LORETO,LORETO,PARINARI,NUEVO AMANECER EN LORETO,79
150302,LORETO,LORETO,PARINARI,PARTIDO ACCION POPULAR,10
150302,LORETO,LORETO,PARINARI,PARTIDO APRISTA PERUANO,40
150302,LORETO,LORETO,PARINARI,PARTIDO DEMOCRATICO SOMOS PERU,176
150302,LORETO,LORETO,PARINARI,PARTIDO PERU POSIBLE,380
150302,LORETO,LORETO,PARINARI,"SI: ""SIEMPRE INDEPENDIENTES""",22
150302,LORETO,LORETO,PARINARI,UNIPOL,89
150303,LORETO,LORETO,TIGRE,LA ESPIGA DEL ARROZ,169
150303,LORETO,LORETO,TIGRE,LA LANCHITA,138
150303,LORETO,LORETO,TIGRE,MOVIMIENTO INDEPENDIENTE FUERZA LORETANA,78
150303,LORETO,LORETO,TIGRE,NUEVO AMANECER EN LORETO,21
150303,LORETO,LORETO,TIGRE,PARTIDO ACCION POPULAR,254
150303,LORETO,LORETO,TIGRE,PARTIDO APRISTA PERUANO,7
150303,LORETO,LORETO,TIGRE,PARTIDO PERU POSIBLE,534
150303,LORETO,LORETO,TIGRE,"SI: ""SIEMPRE INDEPENDIENTES""",70
150303,LORETO,LORETO,TIGRE,UNIPOL,106
150304,LORETO,LORETO,URARINAS,ALIANZA ELECTORAL UNIDAD NACIONAL,13
150304,LORETO,LORETO,URARINAS,FRENTE INDEPENDIENTE MORALIZADOR,75
150304,LORETO,LORETO,URARINAS,FUERZA INDEPENDIENTE DE LORETO,224
150304,LORETO,LORETO,URARINAS,LA ESPIGA DEL ARROZ,55
150304,LORETO,LORETO,URARINAS,LA LANCHITA,17
150304,LORETO,LORETO,URARINAS,MOVIMIENTO INDEPENDIENTE FUERZA LORETANA,55
150304,LORETO,LORETO,URARINAS,MOVIMIENTO INDEPENDIENTE NUEVA AMAZONIA,96
150304,LORETO,LORETO,URARINAS,NUEVO AMANECER EN LORETO,32
150304,LORETO,LORETO,URARINAS,PARTIDO ACCION POPULAR,115
150304,LORETO,LORETO,URARINAS,PARTIDO APRISTA PERUANO,78
150304,LORETO,LORETO,URARINAS,PARTIDO PERU POSIBLE,715
150304,LORETO,LORETO,URARINAS,"SI: ""SIEMPRE INDEPENDIENTES""",14
150304,LORETO,LORETO,URARINAS,UNIPOL,124
150305,LORETO,LORETO,TROMPETEROS,ALIANZA ELECTORAL UNIDAD NACIONAL,58
150305,LORETO,LORETO,TROMPETEROS,FUERZA INDEPENDIENTE DE LORETO,242
150305,LORETO,LORETO,TROMPETEROS,LA ESPIGA DEL ARROZ,57
150305,LORETO,LORETO,TROMPETEROS,LA LANCHITA,16
150305,LORETO,LORETO,TROMPETEROS,MOVIMIENTO INDEPENDIENTE FUERZA LORETANA,64
150305,LORETO,LORETO,TROMPETEROS,NUEVO AMANECER EN LORETO,91
150305,LORETO,LORETO,TROMPETEROS,PARTIDO PERU POSIBLE,402
150305,LORETO,LORETO,TROMPETEROS,"SI: ""SIEMPRE INDEPENDIENTES""",252
150305,LORETO,LORETO,TROMPETEROS,UNIPOL,113
150402,LORETO,REQUENA,ALTO TAPICHE,AGRUPACION VECINAL VIVA REQUENA,33
150402,LORETO,REQUENA,ALTO TAPICHE,ALIANZA ELECTORAL UNIDAD NACIONAL,32
150402,LORETO,REQUENA,ALTO TAPICHE,"MOVIMIENTO INDEPENDIENTE ECOLOGICO ""ARRIBA LORETO""",32
150402,LORETO,REQUENA,ALTO TAPICHE,MOVIMIENTO INDEPENDIENTE FUERZA LORETANA,22
150402,LORETO,REQUENA,ALTO TAPICHE,MOVIMIENTO INDEPENDIENTE NUEVA AMAZONIA,77
150402,LORETO,REQUENA,ALTO TAPICHE,PARTIDO ACCION POPULAR,107
150402,LORETO,REQUENA,ALTO TAPICHE,PARTIDO APRISTA PERUANO,281
150402,LORETO,REQUENA,ALTO TAPICHE,PARTIDO PERU POSIBLE,4
150402,LORETO,REQUENA,ALTO TAPICHE,UNIPOL,187
150403,LORETO,REQUENA,CAPELO,AGRUPACION VECINAL VIVA REQUENA,4
150403,LORETO,REQUENA,CAPELO,ALIANZA ELECTORAL UNIDAD NACIONAL,219
150403,LORETO,REQUENA,CAPELO,MOVIMIENTO INDEPENDIENTE FUERZA LORETANA,274
150403,LORETO,REQUENA,CAPELO,MOVIMIENTO INDEPENDIENTE NUEVA AMAZONIA,260
150403,LORETO,REQUENA,CAPELO,PARTIDO APRISTA PERUANO,13
150403,LORETO,REQUENA,CAPELO,PARTIDO DEMOCRATICO SOMOS PERU,65
150403,LORETO,REQUENA,CAPELO,PARTIDO PERU POSIBLE,59
150403,LORETO,REQUENA,CAPELO,UNIPOL,60
150404,LORETO,REQUENA,EMILIO SAN MARTIN,ALIANZA ELECTORAL UNIDAD NACIONAL,151
150404,LORETO,REQUENA,EMILIO SAN MARTIN,MOVIMIENTO INDEPENDIENTE FUERZA LORETANA,104
150404,LORETO,REQUENA,EMILIO SAN MARTIN,MOVIMIENTO INDEPENDIENTE NUEVA AMAZONIA,429
150404,LORETO,REQUENA,EMILIO SAN MARTIN,PARTIDO ACCION POPULAR,271
150404,LORETO,REQUENA,EMILIO SAN MARTIN,PARTIDO PERU POSIBLE,493
150404,LORETO,REQUENA,EMILIO SAN MARTIN,UNIPOL,433
150405,LORETO,REQUENA,MAQUIA,AGRUPACION VECINAL VIVA REQUENA,157
150405,LORETO,REQUENA,MAQUIA,ALIANZA ELECTORAL UNIDAD NACIONAL,274
150405,LORETO,REQUENA,MAQUIA,MOVIMIENTO INDEPENDIENTE FUERZA LORETANA,76
150405,LORETO,REQUENA,MAQUIA,MOVIMIENTO INDEPENDIENTE NUEVA AMAZONIA,360
150405,LORETO,REQUENA,MAQUIA,PARTIDO ACCION POPULAR,112
150405,LORETO,REQUENA,MAQUIA,PARTIDO APRISTA PERUANO,427
150405,LORETO,REQUENA,MAQUIA,PARTIDO DEMOCRATICO SOMOS PERU,135
150405,LORETO,REQUENA,MAQUIA,PARTIDO PERU POSIBLE,348
150405,LORETO,REQUENA,MAQUIA,UNIPOL,156
150406,LORETO,REQUENA,PUINAHUA,MOVIMIENTO INDEPENDIENTE FUERZA LORETANA,57
150406,LORETO,REQUENA,PUINAHUA,PARTIDO ACCION POPULAR,130
150406,LORETO,REQUENA,PUINAHUA,PARTIDO APRISTA PERUANO,25
150406,LORETO,REQUENA,PUINAHUA,PARTIDO PERU POSIBLE,580
150406,LORETO,REQUENA,PUINAHUA,UNIPOL,512
150407,LORETO,REQUENA,SAQUENA,AGRUPACION VECINAL VIVA REQUENA,154
150407,LORETO,REQUENA,SAQUENA,ALIANZA ELECTORAL UNIDAD NACIONAL,200
150407,LORETO,REQUENA,SAQUENA,"MOVIMIENTO INDEPENDIENTE ECOLOGICO ""ARRIBA LORETO""",3
150407,LORETO,REQUENA,SAQUENA,MOVIMIENTO INDEPENDIENTE FUERZA LORETANA,88
150407,LORETO,REQUENA,SAQUENA,MOVIMIENTO INDEPENDIENTE NUEVA AMAZONIA,125
150407,LORETO,REQUENA,SAQUENA,PARTIDO ACCION POPULAR,83
150407,LORETO,REQUENA,SAQUENA,PARTIDO APRISTA PERUANO,10
150407,LORETO,REQUENA,SAQUENA,PARTIDO DEMOCRATICO SOMOS PERU,135
150407,LORETO,REQUENA,SAQUENA,PARTIDO PERU POSIBLE,173
150407,LORETO,REQUENA,SAQUENA,PARTIDO POLITICO NACIONAL PRIMERO PERU,192
150407,LORETO,REQUENA,SAQUENA,UNIPOL,137
150408,LORETO,REQUENA,SOPLIN,ALIANZA ELECTORAL UNIDAD NACIONAL,77
150408,LORETO,REQUENA,SOPLIN,MOVIMIENTO INDEPENDIENTE NUEVA AMAZONIA,9
150408,LORETO,REQUENA,SOPLIN,PARTIDO ACCION POPULAR,53
150408,LORETO,REQUENA,SOPLIN,PARTIDO APRISTA PERUANO,35
150408,LORETO,REQUENA,SOPLIN,PARTIDO PERU POSIBLE,86
150408,LORETO,REQUENA,SOPLIN,UNIPOL,15
150409,LORETO,REQUENA,TAPICHE,AGRUPACION VECINAL VIVA REQUENA,2
150409,LORETO,REQUENA,TAPICHE,MOVIMIENTO INDEPENDIENTE FUERZA LORETANA,202
150409,LORETO,REQUENA,TAPICHE,MOVIMIENTO INDEPENDIENTE NUEVA AMAZONIA,19
150409,LORETO,REQUENA,TAPICHE,PARTIDO ACCION POPULAR,52
150409,LORETO,REQUENA,TAPICHE,PARTIDO APRISTA PERUANO,134
150409,LORETO,REQUENA,TAPICHE,PARTIDO PERU POSIBLE,4
150409,LORETO,REQUENA,TAPICHE,UNIPOL,3
150410,LORETO,REQUENA,JENARO HERRERA,AGRUPACION VECINAL VIVA REQUENA,66
150410,LORETO,REQUENA,JENARO HERRERA,ALIANZA ELECTORAL UNIDAD NACIONAL,468
150410,LORETO,REQUENA,JENARO HERRERA,DEMOCRATICOS NATOS INDEPENDIENTES,56
150410,LORETO,REQUENA,JENARO HERRERA,MOVIMIENTO INDEPENDIENTE FUERZA LORETANA,159
150410,LORETO,REQUENA,JENARO HERRERA,MOVIMIENTO INDEPENDIENTE NUEVA AMAZONIA,28
150410,LORETO,REQUENA,JENARO HERRERA,PARTIDO ACCION POPULAR,149
150410,LORETO,REQUENA,JENARO HERRERA,PARTIDO APRISTA PERUANO,147
150410,LORETO,REQUENA,JENARO HERRERA,PARTIDO PERU POSIBLE,27
150410,LORETO,REQUENA,JENARO HERRERA,UNIPOL,421
150411,LORETO,REQUENA,YAQUERANA,AGRUPACION VECINAL VIVA REQUENA,22
150411,LORETO,REQUENA,YAQUERANA,ALIANZA ELECTORAL UNIDAD NACIONAL,20
150411,LORETO,REQUENA,YAQUERANA,CONTIGO MATSES,79
150411,LORETO,REQUENA,YAQUERANA,GUIAME MAESTRO,151
150411,LORETO,REQUENA,YAQUERANA,PARTIDO ACCION POPULAR,219
150411,LORETO,REQUENA,YAQUERANA,PARTIDO APRISTA PERUANO,8
150411,LORETO,REQUENA,YAQUERANA,PARTIDO PERU POSIBLE,128
150411,LORETO,REQUENA,YAQUERANA,UNIPOL,119
150502,LORETO,UCAYALI,VARGAS GUERRA,MOVIMIENTO INDEPENDIENTE TRABAJANDO POR NUESTRA TIERRA,32
150502,LORETO,UCAYALI,VARGAS GUERRA,MOVIMIENTO REGIONALISTA FUERZA AMAZONICA,657
150502,LORETO,UCAYALI,VARGAS GUERRA,PARTIDO ACCION POPULAR,842
150502,LORETO,UCAYALI,VARGAS GUERRA,PARTIDO APRISTA PERUANO,372
150502,LORETO,UCAYALI,VARGAS GUERRA,UNIPOL,743
150503,LORETO,UCAYALI,PADRE MARQUEZ,ALIANZA ELECTORAL UNIDAD NACIONAL,9
150503,LORETO,UCAYALI,PADRE MARQUEZ,MOVIMIENTO INDEPENDIENTE NUEVA AMAZONIA,54
150503,LORETO,UCAYALI,PADRE MARQUEZ,MOVIMIENTO INDEPENDIENTE TRABAJANDO POR NUESTRA TIERRA,179
150503,LORETO,UCAYALI,PADRE MARQUEZ,MOVIMIENTO UNION REGIONALISTA INDEPENDIENTE (M.U.R.I.),65
150503,LORETO,UCAYALI,PADRE MARQUEZ,PARTIDO ACCION POPULAR,362
150503,LORETO,UCAYALI,PADRE MARQUEZ,PARTIDO APRISTA PERUANO,542
150503,LORETO,UCAYALI,PADRE MARQUEZ,PARTIDO PERU POSIBLE,8
150503,LORETO,UCAYALI,PADRE MARQUEZ,UNIPOL,773
150504,LORETO,UCAYALI,PAMPA HERMOSA,ALIANZA ELECTORAL UNIDAD NACIONAL,167
150504,LORETO,UCAYALI,PAMPA HERMOSA,FRENTE INDEPENDIENTE MORALIZADOR,15
150504,LORETO,UCAYALI,PAMPA HERMOSA,MOVIMIENTO INDEPENDIENTE NUEVA AMAZONIA,100
150504,LORETO,UCAYALI,PAMPA HERMOSA,MOVIMIENTO INDEPENDIENTE TRABAJANDO POR NUESTRA TIERRA,328
150504,LORETO,UCAYALI,PAMPA HERMOSA,MOVIMIENTO UNION REGIONALISTA INDEPENDIENTE (M.U.R.I.),173
150504,LORETO,UCAYALI,PAMPA HERMOSA,PARTIDO ACCION POPULAR,101
150504,LORETO,UCAYALI,PAMPA HERMOSA,PARTIDO APRISTA PERUANO,58
150504,LORETO,UCAYALI,PAMPA HERMOSA,PARTIDO DEMOCRATICO SOMOS PERU,13
150504,LORETO,UCAYALI,PAMPA HERMOSA,PARTIDO PERU POSIBLE,74
150504,LORETO,UCAYALI,PAMPA HERMOSA,UNIPOL,121
150505,LORETO,UCAYALI,SARAYACU,ALIANZA ELECTORAL UNIDAD NACIONAL,17
150505,LORETO,UCAYALI,SARAYACU,FRENTE INDEPENDIENTE SARAYACU AL FUTURO,877
150505,LORETO,UCAYALI,SARAYACU,FRENTE POPULAR AGRICOLA FIA DEL PERU - FREPAP,120
150505,LORETO,UCAYALI,SARAYACU,"MOVIMIENTO INDEPENDIENTE ""ADELANTE SARAYACU"" (M.I.A.S.)",1127
150505,LORETO,UCAYALI,SARAYACU,MOVIMIENTO INDEPENDIENTE TRABAJANDO POR NUESTRA TIERRA,401
150505,LORETO,UCAYALI,SARAYACU,MOVIMIENTO UNION REGIONALISTA INDEPENDIENTE (M.U.R.I.),503
150505,LORETO,UCAYALI,SARAYACU,PARTIDO ACCION POPULAR,300
150505,LORETO,UCAYALI,SARAYACU,PARTIDO APRISTA PERUANO,55
150505,LORETO,UCAYALI,SARAYACU,UNIPOL,179
150506,LORETO,UCAYALI,INAHUAYA,"MOVIMIENTO INDEPENDIENTE ""INAHUAYA""",561
150506,LORETO,UCAYALI,INAHUAYA,PARTIDO APRISTA PERUANO,154
150506,LORETO,UCAYALI,INAHUAYA,UNIPOL,156
150602,LORETO,MARISCAL RAMON CASTILLA,PEBAS,ALIANZA ELECTORAL UNIDAD NACIONAL,33
150602,LORETO,MARISCAL RAMON CASTILLA,PEBAS,FRENTE POPULAR AGRICOLA FIA DEL PERU - FREPAP,1128
150602,LORETO,MARISCAL RAMON CASTILLA,PEBAS,MOVIMIENTO INDEPENDIENTE FUERZA LORETANA,68
150602,LORETO,MARISCAL RAMON CASTILLA,PEBAS,PARTIDO APRISTA PERUANO,193
150602,LORETO,MARISCAL RAMON CASTILLA,PEBAS,PARTIDO DEMOCRATICO SOMOS PERU,30
150602,LORETO,MARISCAL RAMON CASTILLA,PEBAS,PARTIDO PERU POSIBLE,203
150602,LORETO,MARISCAL RAMON CASTILLA,PEBAS,UNIPOL,1668
150603,LORETO,MARISCAL RAMON CASTILLA,YAVARI,ALIANZA ELECTORAL UNIDAD NACIONAL,233
150603,LORETO,MARISCAL RAMON CASTILLA,YAVARI,FRENTE POPULAR AGRICOLA FIA DEL PERU - FREPAP,955
150603,LORETO,MARISCAL RAMON CASTILLA,YAVARI,MOVIMIENTO INDEPENDIENTE FUERZA LORETANA,109
150603,LORETO,MARISCAL RAMON CASTILLA,YAVARI,PARTIDO APRISTA PERUANO,161
150603,LORETO,MARISCAL RAMON CASTILLA,YAVARI,PARTIDO PERU POSIBLE,123
150603,LORETO,MARISCAL RAMON CASTILLA,YAVARI,UNIPOL,807
150604,LORETO,MARISCAL RAMON CASTILLA,SAN PABLO,ALIANZA ELECTORAL UNIDAD NACIONAL,44
150604,LORETO,MARISCAL RAMON CASTILLA,SAN PABLO,FRENTE POPULAR AGRICOLA FIA DEL PERU - FREPAP,1962
150604,LORETO,MARISCAL RAMON CASTILLA,SAN PABLO,MOVIMIENTO INDEPENDIENTE FUERZA LORETANA,238
150604,LORETO,MARISCAL RAMON CASTILLA,SAN PABLO,MOVIMIENTO INDEPENDIENTE NUEVA AMAZONIA,14
150604,LORETO,MARISCAL RAMON CASTILLA,SAN PABLO,PARTIDO APRISTA PERUANO,402
150604,LORETO,MARISCAL RAMON CASTILLA,SAN PABLO,PARTIDO PERU POSIBLE,698
150604,LORETO,MARISCAL RAMON CASTILLA,SAN PABLO,UNIPOL,293
160102,MADRE DE DIOS,TAMBOPATA,INAMBARI,ADELANTE MADRE DE DIOS,111
160102,MADRE DE DIOS,TAMBOPATA,INAMBARI,ALIANZA ELECTORAL UNIDAD NACIONAL,55
160102,MADRE DE DIOS,TAMBOPATA,INAMBARI,FUERZA DEMOCRATICA,250
160102,MADRE DE DIOS,TAMBOPATA,INAMBARI,FUERZA REGIONAL AMAZONICA DE MADRE DE DIOS,82
160102,MADRE DE DIOS,TAMBOPATA,INAMBARI,"MOVIMIENTO INDEPENDIENTE ""PROGRESO VERDE""",24
160102,MADRE DE DIOS,TAMBOPATA,INAMBARI,MOVIMIENTO NUEVA IZQUIERDA,136
160102,MADRE DE DIOS,TAMBOPATA,INAMBARI,PARTIDO ACCION POPULAR,40
160102,MADRE DE DIOS,TAMBOPATA,INAMBARI,PARTIDO APRISTA PERUANO,74
160102,MADRE DE DIOS,TAMBOPATA,INAMBARI,PARTIDO PERU POSIBLE,158
160102,MADRE DE DIOS,TAMBOPATA,INAMBARI,PATRIA AMAZONICA 2002,18
160102,MADRE DE DIOS,TAMBOPATA,INAMBARI,SELVA SUR,256
160103,MADRE DE DIOS,TAMBOPATA,LAS PIEDRAS,ADELANTE MADRE DE DIOS,126
160103,MADRE DE DIOS,TAMBOPATA,LAS PIEDRAS,ALIANZA ELECTORAL UNIDAD NACIONAL,20
160103,MADRE DE DIOS,TAMBOPATA,LAS PIEDRAS,FUERZA REGIONAL AMAZONICA DE MADRE DE DIOS,47
160103,MADRE DE DIOS,TAMBOPATA,LAS PIEDRAS,"MOVIMIENTO INDEPENDIENTE ""PROGRESO VERDE""",109
160103,MADRE DE DIOS,TAMBOPATA,LAS PIEDRAS,MOVIMIENTO NUEVA IZQUIERDA,204
160103,MADRE DE DIOS,TAMBOPATA,LAS PIEDRAS,PARTIDO ACCION POPULAR,49
160103,MADRE DE DIOS,TAMBOPATA,LAS PIEDRAS,PARTIDO PERU POSIBLE,22
160103,MADRE DE DIOS,TAMBOPATA,LAS PIEDRAS,PATRIA AMAZONICA 2002,159
160103,MADRE DE DIOS,TAMBOPATA,LAS PIEDRAS,SELVA SUR,98
160104,MADRE DE DIOS,TAMBOPATA,LABERINTO,ADELANTE MADRE DE DIOS,48
160104,MADRE DE DIOS,TAMBOPATA,LABERINTO,ALIANZA ELECTORAL UNIDAD NACIONAL,156
160104,MADRE DE DIOS,TAMBOPATA,LABERINTO,FUERZA REGIONAL AMAZONICA DE MADRE DE DIOS,68
160104,MADRE DE DIOS,TAMBOPATA,LABERINTO,"MOVIMIENTO INDEPENDIENTE ""PROGRESO VERDE""",131
160104,MADRE DE DIOS,TAMBOPATA,LABERINTO,MOVIMIENTO NUEVA IZQUIERDA,38
160104,MADRE DE DIOS,TAMBOPATA,LABERINTO,PARTIDO ACCION POPULAR,58
160104,MADRE DE DIOS,TAMBOPATA,LABERINTO,PARTIDO APRISTA PERUANO,59
160104,MADRE DE DIOS,TAMBOPATA,LABERINTO,PARTIDO PERU POSIBLE,17
160104,MADRE DE DIOS,TAMBOPATA,LABERINTO,SELVA SUR,73
160202,MADRE DE DIOS,MANU,FITZCARRALD,ALIANZA ELECTORAL UNIDAD NACIONAL,37
160202,MADRE DE DIOS,MANU,FITZCARRALD,PARTIDO ACCION POPULAR,98
160202,MADRE DE DIOS,MANU,FITZCARRALD,PARTIDO APRISTA PERUANO,75
160202,MADRE DE DIOS,MANU,FITZCARRALD,PARTIDO PERU POSIBLE,14
160202,MADRE DE DIOS,MANU,FITZCARRALD,SELVA SUR,13
160203,MADRE DE DIOS,MANU,MADRE DE DIOS,ALIANZA ELECTORAL UNIDAD NACIONAL,45
160203,MADRE DE DIOS,MANU,MADRE DE DIOS,FUERZA REGIONAL AMAZONICA DE MADRE DE DIOS,69
160203,MADRE DE DIOS,MANU,MADRE DE DIOS,PARTIDO ACCION POPULAR,155
160203,MADRE DE DIOS,MANU,MADRE DE DIOS,PARTIDO APRISTA PERUANO,104
160203,MADRE DE DIOS,MANU,MADRE DE DIOS,PARTIDO DEMOCRATICO SOMOS PERU,37
160203,MADRE DE DIOS,MANU,MADRE DE DIOS,SELVA SUR,65
160204,MADRE DE DIOS,MANU,HUEPETUHE,ADELANTE MADRE DE DIOS,162
160204,MADRE DE DIOS,MANU,HUEPETUHE,ALIANZA ELECTORAL UNIDAD NACIONAL,230
160204,MADRE DE DIOS,MANU,HUEPETUHE,PARTIDO APRISTA PERUANO,191
160204,MADRE DE DIOS,MANU,HUEPETUHE,PARTIDO PERU POSIBLE,484
160302,MADRE DE DIOS,TAHUAMANU,IBERIA,ADELANTE MADRE DE DIOS,417
160302,MADRE DE DIOS,TAHUAMANU,IBERIA,ALIANZA ELECTORAL UNIDAD NACIONAL,274
160302,MADRE DE DIOS,TAHUAMANU,IBERIA,FUERZA REGIONAL AMAZONICA DE MADRE DE DIOS,204
160302,MADRE DE DIOS,TAHUAMANU,IBERIA,PARTIDO ACCION POPULAR,106
160302,MADRE DE DIOS,TAHUAMANU,IBERIA,PARTIDO APRISTA PERUANO,549
160302,MADRE DE DIOS,TAHUAMANU,IBERIA,PARTIDO PERU POSIBLE,336
160303,MADRE DE DIOS,TAHUAMANU,TAHUAMANU,ADELANTE MADRE DE DIOS,68
160303,MADRE DE DIOS,TAHUAMANU,TAHUAMANU,ALIANZA ELECTORAL UNIDAD NACIONAL,24
160303,MADRE DE DIOS,TAHUAMANU,TAHUAMANU,FUERZA REGIONAL AMAZONICA DE MADRE DE DIOS,24
160303,MADRE DE DIOS,TAHUAMANU,TAHUAMANU,MOVIMIENTO NUEVA IZQUIERDA,67
160303,MADRE DE DIOS,TAHUAMANU,TAHUAMANU,PARTIDO ACCION POPULAR,119
160303,MADRE DE DIOS,TAHUAMANU,TAHUAMANU,PARTIDO APRISTA PERUANO,67
160303,MADRE DE DIOS,TAHUAMANU,TAHUAMANU,PARTIDO PERU POSIBLE,75
160303,MADRE DE DIOS,TAHUAMANU,TAHUAMANU,PATRIA AMAZONICA 2002,27
160303,MADRE DE DIOS,TAHUAMANU,TAHUAMANU,SELVA SUR,16
170102,MOQUEGUA,MARISCAL NIETO,CARUMAS,COMPROMISO Y DESARROLLO,258
170102,MOQUEGUA,MARISCAL NIETO,CARUMAS,FUERZA POR EL DESARROLLO DE MOQUEGUA F.D.M.,41
170102,MOQUEGUA,MARISCAL NIETO,CARUMAS,"MOVIMIENTO INDEPENDIENTE ""AMANECER MOQUEGUANO CON RESPONSABILIDAD A.M.O.R.""",233
170102,MOQUEGUA,MARISCAL NIETO,CARUMAS,NUESTRO ILO - MOQUEGUA,27
170102,MOQUEGUA,MARISCAL NIETO,CARUMAS,PARTIDO ACCION POPULAR,192
170102,MOQUEGUA,MARISCAL NIETO,CARUMAS,PARTIDO APRISTA PERUANO,48
170102,MOQUEGUA,MARISCAL NIETO,CARUMAS,PARTIDO DEMOCRATICO SOMOS PERU,94
170102,MOQUEGUA,MARISCAL NIETO,CARUMAS,PARTIDO PERU POSIBLE,138
170103,MOQUEGUA,MARISCAL NIETO,CUCHUMBAYA,COMPROMISO Y DESARROLLO,59
170103,MOQUEGUA,MARISCAL NIETO,CUCHUMBAYA,NUESTRO ILO - MOQUEGUA,198
170103,MOQUEGUA,MARISCAL NIETO,CUCHUMBAYA,PARTIDO ACCION POPULAR,64
170103,MOQUEGUA,MARISCAL NIETO,CUCHUMBAYA,PARTIDO DEMOCRATICO SOMOS PERU,81
170103,MOQUEGUA,MARISCAL NIETO,CUCHUMBAYA,PARTIDO PERU POSIBLE,209
170104,MOQUEGUA,MARISCAL NIETO,SAN CRISTOBAL,COMPROMISO Y DESARROLLO,85
170104,MOQUEGUA,MARISCAL NIETO,SAN CRISTOBAL,FUERZA POR EL DESARROLLO DE MOQUEGUA F.D.M.,34
170104,MOQUEGUA,MARISCAL NIETO,SAN CRISTOBAL,NUESTRO ILO - MOQUEGUA,277
170104,MOQUEGUA,MARISCAL NIETO,SAN CRISTOBAL,PARTIDO ACCION POPULAR,286
170104,MOQUEGUA,MARISCAL NIETO,SAN CRISTOBAL,PARTIDO APRISTA PERUANO,249
170104,MOQUEGUA,MARISCAL NIETO,SAN CRISTOBAL,PARTIDO DEMOCRATICO SOMOS PERU,106
170104,MOQUEGUA,MARISCAL NIETO,SAN CRISTOBAL,PARTIDO PERU POSIBLE,42
170105,MOQUEGUA,MARISCAL NIETO,TORATA,ALIANZA ELECTORAL UNIDAD NACIONAL,118
170105,MOQUEGUA,MARISCAL NIETO,TORATA,COMPROMISO Y DESARROLLO,646
170105,MOQUEGUA,MARISCAL NIETO,TORATA,"MOVIMIENTO INDEPENDIENTE ""TORATA ALTIVA""",449
170105,MOQUEGUA,MARISCAL NIETO,TORATA,MOVIMIENTO INDEPENDIENTE TORATA 2002,107
170105,MOQUEGUA,MARISCAL NIETO,TORATA,NUESTRO ILO - MOQUEGUA,233
170105,MOQUEGUA,MARISCAL NIETO,TORATA,PARTIDO ACCION POPULAR,122
170105,MOQUEGUA,MARISCAL NIETO,TORATA,PARTIDO APRISTA PERUANO,354
170105,MOQUEGUA,MARISCAL NIETO,TORATA,PARTIDO DEMOCRATICO SOMOS PERU,275
170105,MOQUEGUA,MARISCAL NIETO,TORATA,PARTIDO PERU POSIBLE,33
170106,MOQUEGUA,MARISCAL NIETO,SAMEGUA,ALIANZA ELECTORAL UNIDAD NACIONAL,746
170106,MOQUEGUA,MARISCAL NIETO,SAMEGUA,FUERZA POR EL DESARROLLO DE MOQUEGUA F.D.M.,190
170106,MOQUEGUA,MARISCAL NIETO,SAMEGUA,MOQUEGUA DESARROLLO - MODE,162
170106,MOQUEGUA,MARISCAL NIETO,SAMEGUA,"MOVIMIENTO INDEPENDIENTE ""ADELANTE SAMEGUA""",65
170106,MOQUEGUA,MARISCAL NIETO,SAMEGUA,"MOVIMIENTO INDEPENDIENTE ""AMANECER MOQUEGUANO CON RESPONSABILIDAD A.M.O.R.""",246
170106,MOQUEGUA,MARISCAL NIETO,SAMEGUA,"MOVIMIENTO INDEPENDIENTE ""FRENTE AMPLIO VECINAL""",59
170106,MOQUEGUA,MARISCAL NIETO,SAMEGUA,"MOVIMIENTO INDEPENDIENTE ""NUEVA INTEGRACION SAMEGUANA""",507
170106,MOQUEGUA,MARISCAL NIETO,SAMEGUA,"MOVIMIENTO INDEPENDIENTE ""PUJANZA SAMEGUANA""",437
170106,MOQUEGUA,MARISCAL NIETO,SAMEGUA,NUESTRO ILO - MOQUEGUA,76
170106,MOQUEGUA,MARISCAL NIETO,SAMEGUA,PARTIDO ACCION POPULAR,55
170106,MOQUEGUA,MARISCAL NIETO,SAMEGUA,PARTIDO APRISTA PERUANO,124
170106,MOQUEGUA,MARISCAL NIETO,SAMEGUA,PARTIDO DEMOCRATICO SOMOS PERU,74
170106,MOQUEGUA,MARISCAL NIETO,SAMEGUA,PARTIDO PERU POSIBLE,55
170202,MOQUEGUA,GENERAL SANCHEZ CERRO,COALAQUE,ALIANZA ELECTORAL UNIDAD NACIONAL,62
170202,MOQUEGUA,GENERAL SANCHEZ CERRO,COALAQUE,INNOVACION SANCHEZ CERRO,169
170202,MOQUEGUA,GENERAL SANCHEZ CERRO,COALAQUE,MOQUEGUA DESARROLLO - MODE,45
170202,MOQUEGUA,GENERAL SANCHEZ CERRO,COALAQUE,PARTIDO ACCION POPULAR,56
170202,MOQUEGUA,GENERAL SANCHEZ CERRO,COALAQUE,PARTIDO APRISTA PERUANO,50
170202,MOQUEGUA,GENERAL SANCHEZ CERRO,COALAQUE,PARTIDO DEMOCRATICO SOMOS PERU,57
170202,MOQUEGUA,GENERAL SANCHEZ CERRO,COALAQUE,PARTIDO PERU POSIBLE,188
170203,MOQUEGUA,GENERAL SANCHEZ CERRO,CHOJATA,ALIANZA ELECTORAL UNIDAD NACIONAL,66
170203,MOQUEGUA,GENERAL SANCHEZ CERRO,CHOJATA,INNOVACION SANCHEZ CERRO,28
170203,MOQUEGUA,GENERAL SANCHEZ CERRO,CHOJATA,MOQUEGUA DESARROLLO - MODE,100
170203,MOQUEGUA,GENERAL SANCHEZ CERRO,CHOJATA,PARTIDO ACCION POPULAR,195
170203,MOQUEGUA,GENERAL SANCHEZ CERRO,CHOJATA,PARTIDO APRISTA PERUANO,58
170203,MOQUEGUA,GENERAL SANCHEZ CERRO,CHOJATA,PARTIDO DEMOCRATICO SOMOS PERU,24
170203,MOQUEGUA,GENERAL SANCHEZ CERRO,CHOJATA,PARTIDO PERU POSIBLE,66
170204,MOQUEGUA,GENERAL SANCHEZ CERRO,ICHUÑA,COMPROMISO Y DESARROLLO,92
170204,MOQUEGUA,GENERAL SANCHEZ CERRO,ICHUÑA,FUERZA DEMOCRATICA,151
170204,MOQUEGUA,GENERAL SANCHEZ CERRO,ICHUÑA,INNOVACION SANCHEZ CERRO,182
170204,MOQUEGUA,GENERAL SANCHEZ CERRO,ICHUÑA,MOQUEGUA DESARROLLO - MODE,36
170204,MOQUEGUA,GENERAL SANCHEZ CERRO,ICHUÑA,NUESTRO ILO - MOQUEGUA,42
170204,MOQUEGUA,GENERAL SANCHEZ CERRO,ICHUÑA,PARTIDO ACCION POPULAR,115
170204,MOQUEGUA,GENERAL SANCHEZ CERRO,ICHUÑA,PARTIDO APRISTA PERUANO,72
170204,MOQUEGUA,GENERAL SANCHEZ CERRO,ICHUÑA,PARTIDO DEMOCRATICO SOMOS PERU,35
170204,MOQUEGUA,GENERAL SANCHEZ CERRO,ICHUÑA,PARTIDO PERU POSIBLE,82
170205,MOQUEGUA,GENERAL SANCHEZ CERRO,LA CAPILLA,ALIANZA ELECTORAL UNIDAD NACIONAL,49
170205,MOQUEGUA,GENERAL SANCHEZ CERRO,LA CAPILLA,CAPILLANO DEMOCRATICO,26
170205,MOQUEGUA,GENERAL SANCHEZ CERRO,LA CAPILLA,CONTIGO SANCHEZ CERRO,73
170205,MOQUEGUA,GENERAL SANCHEZ CERRO,LA CAPILLA,INTEGRACION CAPILLANA,23
170205,MOQUEGUA,GENERAL SANCHEZ CERRO,LA CAPILLA,MOQUEGUA DESARROLLO - MODE,17
170205,MOQUEGUA,GENERAL SANCHEZ CERRO,LA CAPILLA,MOVIMIENTO NUEVA IZQUIERDA,48
170205,MOQUEGUA,GENERAL SANCHEZ CERRO,LA CAPILLA,PARTIDO ACCION POPULAR,34
170205,MOQUEGUA,GENERAL SANCHEZ CERRO,LA CAPILLA,PARTIDO APRISTA PERUANO,87
170205,MOQUEGUA,GENERAL SANCHEZ CERRO,LA CAPILLA,PARTIDO PERU POSIBLE,1
170206,MOQUEGUA,GENERAL SANCHEZ CERRO,LLOQUE,ALIANZA ELECTORAL UNIDAD NACIONAL,71
170206,MOQUEGUA,GENERAL SANCHEZ CERRO,LLOQUE,FUERZA DEMOCRATICA,66
170206,MOQUEGUA,GENERAL SANCHEZ CERRO,LLOQUE,INNOVACION SANCHEZ CERRO,30
170206,MOQUEGUA,GENERAL SANCHEZ CERRO,LLOQUE,PARTIDO ACCION POPULAR,77
170206,MOQUEGUA,GENERAL SANCHEZ CERRO,LLOQUE,PARTIDO APRISTA PERUANO,24
170207,MOQUEGUA,GENERAL SANCHEZ CERRO,MATALAQUE,ALIANZA ELECTORAL UNIDAD NACIONAL,125
170207,MOQUEGUA,GENERAL SANCHEZ CERRO,MATALAQUE,FUERZA DEMOCRATICA,24
170207,MOQUEGUA,GENERAL SANCHEZ CERRO,MATALAQUE,PARTIDO APRISTA PERUANO,116
170207,MOQUEGUA,GENERAL SANCHEZ CERRO,MATALAQUE,PARTIDO PERU POSIBLE,28
170208,MOQUEGUA,GENERAL SANCHEZ CERRO,PUQUINA,ALIANZA ELECTORAL UNIDAD NACIONAL,119
170208,MOQUEGUA,GENERAL SANCHEZ CERRO,PUQUINA,CONTIGO SANCHEZ CERRO,85
170208,MOQUEGUA,GENERAL SANCHEZ CERRO,PUQUINA,FUERZA DEMOCRATICA,257
170208,MOQUEGUA,GENERAL SANCHEZ CERRO,PUQUINA,INNOVACION SANCHEZ CERRO,336
170208,MOQUEGUA,GENERAL SANCHEZ CERRO,PUQUINA,MOQUEGUA DESARROLLO - MODE,19
170208,MOQUEGUA,GENERAL SANCHEZ CERRO,PUQUINA,PARTIDO ACCION POPULAR,32
170208,MOQUEGUA,GENERAL SANCHEZ CERRO,PUQUINA,PARTIDO APRISTA PERUANO,87
170208,MOQUEGUA,GENERAL SANCHEZ CERRO,PUQUINA,PARTIDO PERU POSIBLE,238
170209,MOQUEGUA,GENERAL SANCHEZ CERRO,QUINISTAQUILLAS,ALIANZA ELECTORAL UNIDAD NACIONAL,147
170209,MOQUEGUA,GENERAL SANCHEZ CERRO,QUINISTAQUILLAS,FUERZA DEMOCRATICA,9
170209,MOQUEGUA,GENERAL SANCHEZ CERRO,QUINISTAQUILLAS,INNOVACION SANCHEZ CERRO,61
170209,MOQUEGUA,GENERAL SANCHEZ CERRO,QUINISTAQUILLAS,MOQUEGUA DESARROLLO - MODE,19
170209,MOQUEGUA,GENERAL SANCHEZ CERRO,QUINISTAQUILLAS,PARTIDO APRISTA PERUANO,33
170209,MOQUEGUA,GENERAL SANCHEZ CERRO,QUINISTAQUILLAS,PARTIDO PERU POSIBLE,88
170210,MOQUEGUA,GENERAL SANCHEZ CERRO,UBINAS,ALIANZA ELECTORAL UNIDAD NACIONAL,56
170210,MOQUEGUA,GENERAL SANCHEZ CERRO,UBINAS,FUERZA DEMOCRATICA,251
170210,MOQUEGUA,GENERAL SANCHEZ CERRO,UBINAS,INNOVACION SANCHEZ CERRO,150
170210,MOQUEGUA,GENERAL SANCHEZ CERRO,UBINAS,MOQUEGUA DESARROLLO - MODE,174
170210,MOQUEGUA,GENERAL SANCHEZ CERRO,UBINAS,NUESTRO ILO - MOQUEGUA,16
170210,MOQUEGUA,GENERAL SANCHEZ CERRO,UBINAS,PARTIDO ACCION POPULAR,189
170210,MOQUEGUA,GENERAL SANCHEZ CERRO,UBINAS,PARTIDO APRISTA PERUANO,313
170210,MOQUEGUA,GENERAL SANCHEZ CERRO,UBINAS,PARTIDO PERU POSIBLE,268
170211,MOQUEGUA,GENERAL SANCHEZ CERRO,YUNGA,ALIANZA ELECTORAL UNIDAD NACIONAL,61
170211,MOQUEGUA,GENERAL SANCHEZ CERRO,YUNGA,FUERZA DEMOCRATICA,35
170211,MOQUEGUA,GENERAL SANCHEZ CERRO,YUNGA,INNOVACION SANCHEZ CERRO,13
170211,MOQUEGUA,GENERAL SANCHEZ CERRO,YUNGA,MOQUEGUA DESARROLLO - MODE,39
170211,MOQUEGUA,GENERAL SANCHEZ CERRO,YUNGA,PARTIDO ACCION POPULAR,22
170211,MOQUEGUA,GENERAL SANCHEZ CERRO,YUNGA,PARTIDO APRISTA PERUANO,60
170211,MOQUEGUA,GENERAL SANCHEZ CERRO,YUNGA,PARTIDO PERU POSIBLE,45
170302,MOQUEGUA,ILO,EL ALGARROBAL,FUERZA DEMOCRATICA,64
170302,MOQUEGUA,ILO,EL ALGARROBAL,"MOVIMIENTO INDEPENDIENTE ""ILO AL PROGRESO""",8
170302,MOQUEGUA,ILO,EL ALGARROBAL,"MOVIMIENTO VECINAL ""SOLIDARIDAD ILEÑA""",38
170302,MOQUEGUA,ILO,EL ALGARROBAL,PARTIDO APRISTA PERUANO,228
170302,MOQUEGUA,ILO,EL ALGARROBAL,PARTIDO PERU POSIBLE,163
170303,MOQUEGUA,ILO,PACOCHA,ALIANZA ELECTORAL UNIDAD NACIONAL,65
170303,MOQUEGUA,ILO,PACOCHA,FUERZA DEMOCRATICA,296
170303,MOQUEGUA,ILO,PACOCHA,MOQUEGUA DESARROLLO - MODE,692
170303,MOQUEGUA,ILO,PACOCHA,"MOVIMIENTO INDEPENDIENTE ""PLANIFICACION DEMOCRATICA (PLANDE)""",65
170303,MOQUEGUA,ILO,PACOCHA,"MOVIMIENTO VECINAL ""SOLIDARIDAD ILEÑA""",631
170303,MOQUEGUA,ILO,PACOCHA,NUESTRO ILO - MOQUEGUA,710
170303,MOQUEGUA,ILO,PACOCHA,PARTIDO APRISTA PERUANO,648
170303,MOQUEGUA,ILO,PACOCHA,PARTIDO DEMOCRATICO SOMOS PERU,663
180103,PASCO,PASCO,HUACHON,AGRUPACION INDEPENDIENTE UNION POR EL PERU - FRENTE AMPLIO,57
180103,PASCO,PASCO,HUACHON,ALIANZA ELECTORAL UNIDAD NACIONAL,257
180103,PASCO,PASCO,HUACHON,CONCERTACION EN LA REGION POR LA DESCENTRALIZACION,336
180103,PASCO,PASCO,HUACHON,FRENTE INDEPENDIENTE PASCO UNIDO,51
180103,PASCO,PASCO,HUACHON,MOVIMIENTO NUEVA IZQUIERDA,106
180103,PASCO,PASCO,HUACHON,PARTIDO ACCION POPULAR,122
180103,PASCO,PASCO,HUACHON,PARTIDO APRISTA PERUANO,63
180103,PASCO,PASCO,HUACHON,PARTIDO DEMOCRATICO SOMOS PERU,71
180103,PASCO,PASCO,HUACHON,PARTIDO PERU POSIBLE,249
180104,PASCO,PASCO,HUARIACA,ALIANZA ELECTORAL UNIDAD NACIONAL,230
180104,PASCO,PASCO,HUARIACA,CONCERTACION EN LA REGION POR LA DESCENTRALIZACION,383
180104,PASCO,PASCO,HUARIACA,MOVIMIENTO INDEPENDIENTE HUARIAQUEÑO (M.I.H.),57
180104,PASCO,PASCO,HUARIACA,MOVIMIENTO INDEPENDIENTE MAS OBRAS,173
180104,PASCO,PASCO,HUARIACA,PARTIDO ACCION POPULAR,554
180104,PASCO,PASCO,HUARIACA,PARTIDO APRISTA PERUANO,405
180104,PASCO,PASCO,HUARIACA,PARTIDO DEMOCRATICO SOMOS PERU,153
180104,PASCO,PASCO,HUARIACA,PARTIDO PERU POSIBLE,243
180104,PASCO,PASCO,HUARIACA,PARTIDO POLITICO NACIONAL PRIMERO PERU,280
180105,PASCO,PASCO,HUAYLLAY,ALIANZA ELECTORAL UNIDAD NACIONAL,126
180105,PASCO,PASCO,HUAYLLAY,MOVIMIENTO INDEPENDIENTE MAS OBRAS,59
180105,PASCO,PASCO,HUAYLLAY,PARTIDO APRISTA PERUANO,499
180105,PASCO,PASCO,HUAYLLAY,PARTIDO DEMOCRATICO SOMOS PERU,295
180105,PASCO,PASCO,HUAYLLAY,PARTIDO PERU POSIBLE,1209
180105,PASCO,PASCO,HUAYLLAY,PARTIDO POLITICO NACIONAL PRIMERO PERU,67
180105,PASCO,PASCO,HUAYLLAY,POR NUESTRO HUAYLLAY,992
180106,PASCO,PASCO,NINACACA,ALIANZA ELECTORAL UNIDAD NACIONAL,186
180106,PASCO,PASCO,NINACACA,CONCERTACION EN LA REGION POR LA DESCENTRALIZACION,370
180106,PASCO,PASCO,NINACACA,"HOMBRES EN ACCION TRABAJANDO PARA LA UNIDAD NINACAQUINA ""HATUN RUNA""",132
180106,PASCO,PASCO,NINACACA,MOVIMIENTO INDEPENDIENTE ESTRATEGIAS PARA EL DESARROLLO DE NINACACA,123
180106,PASCO,PASCO,NINACACA,MOVIMIENTO NUEVA IZQUIERDA,47
180106,PASCO,PASCO,NINACACA,PARTIDO APRISTA PERUANO,175
180106,PASCO,PASCO,NINACACA,PARTIDO DEMOCRATICO SOMOS PERU,580
180106,PASCO,PASCO,NINACACA,PARTIDO PERU POSIBLE,121
180106,PASCO,PASCO,NINACACA,PARTIDO RENACIMIENTO ANDINO,86
180107,PASCO,PASCO,PALLANCHACRA,ALIANZA ELECTORAL UNIDAD NACIONAL,24
180107,PASCO,PASCO,PALLANCHACRA,CONCERTACION EN LA REGION POR LA DESCENTRALIZACION,35
180107,PASCO,PASCO,PALLANCHACRA,FRENTE INDEPENDIENTE PASCO UNIDO,33
180107,PASCO,PASCO,PALLANCHACRA,MOVIMIENTO INDEPENDIENTE MAS OBRAS,26
180107,PASCO,PASCO,PALLANCHACRA,MOVIMIENTO NUEVA IZQUIERDA,161
180107,PASCO,PASCO,PALLANCHACRA,PARTIDO ACCION POPULAR,22
180107,PASCO,PASCO,PALLANCHACRA,PARTIDO APRISTA PERUANO,90
180107,PASCO,PASCO,PALLANCHACRA,PARTIDO DEMOCRATICO SOMOS PERU,44
180107,PASCO,PASCO,PALLANCHACRA,PARTIDO PERU POSIBLE,133
180108,PASCO,PASCO,PAUCARTAMBO,ALIANZA ELECTORAL UNIDAD NACIONAL,52
180108,PASCO,PASCO,PAUCARTAMBO,CONCERTACION EN LA REGION POR LA DESCENTRALIZACION,240
180108,PASCO,PASCO,PAUCARTAMBO,FRENTE INDEPENDIENTE MORALIZADOR,1791
180108,PASCO,PASCO,PAUCARTAMBO,FRENTE INDEPENDIENTE PASCO UNIDO,46
180108,PASCO,PASCO,PAUCARTAMBO,"MOVIMIENTO INDEPENDIENTE ""AMIGO ANDINO""",531
180108,PASCO,PASCO,PAUCARTAMBO,MOVIMIENTO INDEPENDIENTE AGROPECUARIO PAUCARTAMBO,451
180108,PASCO,PASCO,PAUCARTAMBO,MOVIMIENTO INDEPENDIENTE PAUCARTAMBO AL PROGRESO DE SUS PUEBLOS,67
180108,PASCO,PASCO,PAUCARTAMBO,MOVIMIENTO INDEPENDIENTE PAUCARTAMBO CORAZON,1131
180108,PASCO,PASCO,PAUCARTAMBO,MOVIMIENTO INDEPENDIENTE SIEMPRE UNIDOS,52
180108,PASCO,PASCO,PAUCARTAMBO,MOVIMIENTO POLITICO FRATERNIDAD CRISTIANA POR LA INTEGRACION DE PAUCARTAMBO,208
180108,PASCO,PASCO,PAUCARTAMBO,PARTIDO APRISTA PERUANO,93
180108,PASCO,PASCO,PAUCARTAMBO,PARTIDO DEMOCRATICO SOMOS PERU,68
180108,PASCO,PASCO,PAUCARTAMBO,PARTIDO PERU POSIBLE,126
180108,PASCO,PASCO,PAUCARTAMBO,PARTIDO POLITICO NACIONAL PRIMERO PERU,196
180109,PASCO,PASCO,SAN FRANCISCO DE ASIS DE YARUSYACAN,ALIANZA ELECTORAL UNIDAD NACIONAL,182
180109,PASCO,PASCO,SAN FRANCISCO DE ASIS DE YARUSYACAN,CONCERTACION EN LA REGION POR LA DESCENTRALIZACION,64
180109,PASCO,PASCO,SAN FRANCISCO DE ASIS DE YARUSYACAN,FRENTE INDEPENDIENTE MORALIZADOR,339
180109,PASCO,PASCO,SAN FRANCISCO DE ASIS DE YARUSYACAN,FRENTE INDEPENDIENTE PASCO UNIDO,140
180109,PASCO,PASCO,SAN FRANCISCO DE ASIS DE YARUSYACAN,MOVIMIENTO INDEPENDIENTE FUERZA Y DESARROLLO YARUSYAQUINA,136
180109,PASCO,PASCO,SAN FRANCISCO DE ASIS DE YARUSYACAN,MOVIMIENTO INDEPENDIENTE MAS OBRAS,65
180109,PASCO,PASCO,SAN FRANCISCO DE ASIS DE YARUSYACAN,MOVIMIENTO NUEVA IZQUIERDA,137
180109,PASCO,PASCO,SAN FRANCISCO DE ASIS DE YARUSYACAN,PARTIDO ACCION POPULAR,192
180109,PASCO,PASCO,SAN FRANCISCO DE ASIS DE YARUSYACAN,PARTIDO APRISTA PERUANO,199
180109,PASCO,PASCO,SAN FRANCISCO DE ASIS DE YARUSYACAN,PARTIDO DEMOCRATICO SOMOS PERU,97
180109,PASCO,PASCO,SAN FRANCISCO DE ASIS DE YARUSYACAN,PARTIDO POLITICO NACIONAL PRIMERO PERU,243
180110,PASCO,PASCO,SIMON BOLIVAR,ALIANZA ELECTORAL UNIDAD NACIONAL,263
180110,PASCO,PASCO,SIMON BOLIVAR,CONCERTACION EN LA REGION POR LA DESCENTRALIZACION,312
180110,PASCO,PASCO,SIMON BOLIVAR,FRENTE INDEPENDIENTE PASCO UNIDO,505
180110,PASCO,PASCO,SIMON BOLIVAR,MOVIMIENTO INDEPENDIENTE MAS OBRAS,61
180110,PASCO,PASCO,SIMON BOLIVAR,MOVIMIENTO NUEVA IZQUIERDA,135
180110,PASCO,PASCO,SIMON BOLIVAR,PARTIDO APRISTA PERUANO,822
180110,PASCO,PASCO,SIMON BOLIVAR,PARTIDO DEMOCRATICO SOMOS PERU,1024
180110,PASCO,PASCO,SIMON BOLIVAR,PARTIDO PERU POSIBLE,311
180110,PASCO,PASCO,SIMON BOLIVAR,PARTIDO POLITICO NACIONAL PRIMERO PERU,289
180111,PASCO,PASCO,TICLACAYAN,ALIANZA ELECTORAL UNIDAD NACIONAL,19
180111,PASCO,PASCO,TICLACAYAN,FRENTE INDEPENDIENTE MORALIZADOR,232
180111,PASCO,PASCO,TICLACAYAN,MOVIMIENTO NUEVA IZQUIERDA,39
180111,PASCO,PASCO,TICLACAYAN,PARTIDO APRISTA PERUANO,337
180111,PASCO,PASCO,TICLACAYAN,PARTIDO DEMOCRATICO SOMOS PERU,200
180111,PASCO,PASCO,TICLACAYAN,PARTIDO PERU POSIBLE,431
180112,PASCO,PASCO,TINYAHUARCO,AGRUPACION INDEPENDIENTE UNION POR EL PERU - FRENTE AMPLIO,693
180112,PASCO,PASCO,TINYAHUARCO,ALIANZA ELECTORAL UNIDAD NACIONAL,105
180112,PASCO,PASCO,TINYAHUARCO,ALIANZA ELECTORAL VAMOS VECINO,58
180112,PASCO,PASCO,TINYAHUARCO,CONCERTACION EN LA REGION POR LA DESCENTRALIZACION,172
180112,PASCO,PASCO,TINYAHUARCO,FRENTE INDEPENDIENTE MORALIZADOR,273
180112,PASCO,PASCO,TINYAHUARCO,MOVIMIENTO INDEPENDIENTE MAS OBRAS,134
180112,PASCO,PASCO,TINYAHUARCO,MOVIMIENTO NUEVA IZQUIERDA,180
180112,PASCO,PASCO,TINYAHUARCO,PARTIDO ACCION POPULAR,39
180112,PASCO,PASCO,TINYAHUARCO,PARTIDO APRISTA PERUANO,404
180112,PASCO,PASCO,TINYAHUARCO,PARTIDO DEMOCRATICO SOMOS PERU,409
180113,PASCO,PASCO,VICCO,ALIANZA ELECTORAL UNIDAD NACIONAL,344
180113,PASCO,PASCO,VICCO,CONCERTACION EN LA REGION POR LA DESCENTRALIZACION,330
180113,PASCO,PASCO,VICCO,FRENTE INDEPENDIENTE MORALIZADOR,39
180113,PASCO,PASCO,VICCO,FRENTE INDEPENDIENTE PASCO UNIDO,379
180113,PASCO,PASCO,VICCO,MOVIMIENTO INDEPENDIENTE MAS OBRAS,27
180113,PASCO,PASCO,VICCO,MOVIMIENTO NUEVA IZQUIERDA,74
180113,PASCO,PASCO,VICCO,PARTIDO APRISTA PERUANO,176
180113,PASCO,PASCO,VICCO,PARTIDO DEMOCRATICO SOMOS PERU,130
180113,PASCO,PASCO,VICCO,PARTIDO PERU POSIBLE,89
180113,PASCO,PASCO,VICCO,PARTIDO POLITICO NACIONAL PRIMERO PERU,88
180114,PASCO,PASCO,YANACANCHA,AGRUPACION INDEPENDIENTE UNION POR EL PERU - FRENTE AMPLIO,289
180114,PASCO,PASCO,YANACANCHA,ALIANZA ELECTORAL UNIDAD NACIONAL,344
180114,PASCO,PASCO,YANACANCHA,ALIANZA ELECTORAL VAMOS VECINO,1168
180114,PASCO,PASCO,YANACANCHA,CONCERTACION EN LA REGION POR LA DESCENTRALIZACION,1248
180114,PASCO,PASCO,YANACANCHA,FRENTE INDEPENDIENTE MORALIZADOR,515
180114,PASCO,PASCO,YANACANCHA,FRENTE INDEPENDIENTE PASCO UNIDO,758
180114,PASCO,PASCO,YANACANCHA,MOVIMIENTO DE IDENTIDAD Y CONFIANZA,157
180114,PASCO,PASCO,YANACANCHA,MOVIMIENTO INDEPENDIENTE MAS OBRAS,253
180114,PASCO,PASCO,YANACANCHA,MOVIMIENTO NUEVA IZQUIERDA,351
180114,PASCO,PASCO,YANACANCHA,PARTIDO ACCION POPULAR,228
180114,PASCO,PASCO,YANACANCHA,PARTIDO APRISTA PERUANO,2797
180114,PASCO,PASCO,YANACANCHA,PARTIDO DEMOCRATICO SOMOS PERU,2512
180114,PASCO,PASCO,YANACANCHA,PARTIDO PERU POSIBLE,1726
180114,PASCO,PASCO,YANACANCHA,PARTIDO POLITICO NACIONAL PRIMERO PERU,824
180202,PASCO,DANIEL CARRION,CHACAYAN,ALIANZA ELECTORAL UNIDAD NACIONAL,36
180202,PASCO,DANIEL CARRION,CHACAYAN,CONCERTACION EN LA REGION POR LA DESCENTRALIZACION,76
180202,PASCO,DANIEL CARRION,CHACAYAN,FRENTE INDEPENDIENTE MORALIZADOR,54
180202,PASCO,DANIEL CARRION,CHACAYAN,"MOVIMIENTO INDEPENDIENTE ""LIDERES UNIDOS NUEVA ALTERNATIVA""",226
180202,PASCO,DANIEL CARRION,CHACAYAN,MOVIMIENTO NUEVA IZQUIERDA,41
180202,PASCO,DANIEL CARRION,CHACAYAN,PARTIDO APRISTA PERUANO,161
180202,PASCO,DANIEL CARRION,CHACAYAN,PARTIDO DEMOCRATICO SOMOS PERU,180
180202,PASCO,DANIEL CARRION,CHACAYAN,PARTIDO PERU POSIBLE,103
180203,PASCO,DANIEL CARRION,GOYLLARISQUIZGA,ALIANZA ELECTORAL UNIDAD NACIONAL,108
180203,PASCO,DANIEL CARRION,GOYLLARISQUIZGA,CONCERTACION EN LA REGION POR LA DESCENTRALIZACION,53
180203,PASCO,DANIEL CARRION,GOYLLARISQUIZGA,"MOVIMIENTO INDEPENDIENTE ""LIDERES UNIDOS NUEVA ALTERNATIVA""",123
180203,PASCO,DANIEL CARRION,GOYLLARISQUIZGA,PARTIDO ACCION POPULAR,60
180203,PASCO,DANIEL CARRION,GOYLLARISQUIZGA,PARTIDO APRISTA PERUANO,57
180203,PASCO,DANIEL CARRION,GOYLLARISQUIZGA,PARTIDO DEMOCRATICO SOMOS PERU,183
180203,PASCO,DANIEL CARRION,GOYLLARISQUIZGA,PARTIDO PERU POSIBLE,144
180204,PASCO,DANIEL CARRION,PAUCAR,ALIANZA ELECTORAL UNIDAD NACIONAL,107
180204,PASCO,DANIEL CARRION,PAUCAR,CONCERTACION EN LA REGION POR LA DESCENTRALIZACION,155
180204,PASCO,DANIEL CARRION,PAUCAR,"MOVIMIENTO INDEPENDIENTE ""LIDERES UNIDOS NUEVA ALTERNATIVA""",129
180204,PASCO,DANIEL CARRION,PAUCAR,MOVIMIENTO NUEVA IZQUIERDA,24
180204,PASCO,DANIEL CARRION,PAUCAR,PARTIDO APRISTA PERUANO,148
180204,PASCO,DANIEL CARRION,PAUCAR,PARTIDO DEMOCRATICO SOMOS PERU,215
180204,PASCO,DANIEL CARRION,PAUCAR,PARTIDO PERU POSIBLE,176
180205,PASCO,DANIEL CARRION,SAN PEDRO DE PILLAO,ALIANZA ELECTORAL UNIDAD NACIONAL,8
180205,PASCO,DANIEL CARRION,SAN PEDRO DE PILLAO,CONCERTACION EN LA REGION POR LA DESCENTRALIZACION,19
180205,PASCO,DANIEL CARRION,SAN PEDRO DE PILLAO,"MOVIMIENTO INDEPENDIENTE ""LIDERES UNIDOS NUEVA ALTERNATIVA""",171
180205,PASCO,DANIEL CARRION,SAN PEDRO DE PILLAO,PARTIDO APRISTA PERUANO,148
180205,PASCO,DANIEL CARRION,SAN PEDRO DE PILLAO,PARTIDO DEMOCRATICO SOMOS PERU,182
180205,PASCO,DANIEL CARRION,SAN PEDRO DE PILLAO,PARTIDO PERU POSIBLE,52
180206,PASCO,DANIEL CARRION,SANTA ANA DE TUSI,ALIANZA ELECTORAL UNIDAD NACIONAL,25
180206,PASCO,DANIEL CARRION,SANTA ANA DE TUSI,CONCERTACION EN LA REGION POR LA DESCENTRALIZACION,198
180206,PASCO,DANIEL CARRION,SANTA ANA DE TUSI,"MOVIMIENTO INDEPENDIENTE ""LIDERES UNIDOS NUEVA ALTERNATIVA""",450
180206,PASCO,DANIEL CARRION,SANTA ANA DE TUSI,"MOVIMIENTO INDEPENDIENTE ""UNION CARRIONINA""",407
180206,PASCO,DANIEL CARRION,SANTA ANA DE TUSI,MOVIMIENTO NUEVA IZQUIERDA,68
180206,PASCO,DANIEL CARRION,SANTA ANA DE TUSI,PARTIDO ACCION POPULAR,66
180206,PASCO,DANIEL CARRION,SANTA ANA DE TUSI,PARTIDO APRISTA PERUANO,149
180206,PASCO,DANIEL CARRION,SANTA ANA DE TUSI,PARTIDO DEMOCRATICO SOMOS PERU,136
180206,PASCO,DANIEL CARRION,SANTA ANA DE TUSI,PARTIDO PERU POSIBLE,493
180207,PASCO,DANIEL CARRION,TAPUC,ALIANZA ELECTORAL UNIDAD NACIONAL,11
180207,PASCO,DANIEL CARRION,TAPUC,CONCERTACION EN LA REGION POR LA DESCENTRALIZACION,113
180207,PASCO,DANIEL CARRION,TAPUC,"MOVIMIENTO INDEPENDIENTE ""LIDERES UNIDOS NUEVA ALTERNATIVA""",106
180207,PASCO,DANIEL CARRION,TAPUC,PARTIDO APRISTA PERUANO,213
180207,PASCO,DANIEL CARRION,TAPUC,PARTIDO DEMOCRATICO SOMOS PERU,144
180207,PASCO,DANIEL CARRION,TAPUC,PARTIDO PERU POSIBLE,186
180208,PASCO,DANIEL CARRION,VILCABAMBA,ALIANZA ELECTORAL UNIDAD NACIONAL,40
180208,PASCO,DANIEL CARRION,VILCABAMBA,CONCERTACION EN LA REGION POR LA DESCENTRALIZACION,66
180208,PASCO,DANIEL CARRION,VILCABAMBA,"MOVIMIENTO INDEPENDIENTE ""LIDERES UNIDOS NUEVA ALTERNATIVA""",151
180208,PASCO,DANIEL CARRION,VILCABAMBA,PARTIDO APRISTA PERUANO,108
180208,PASCO,DANIEL CARRION,VILCABAMBA,PARTIDO DEMOCRATICO SOMOS PERU,137
180208,PASCO,DANIEL CARRION,VILCABAMBA,PARTIDO PERU POSIBLE,88
180302,PASCO,OXAPAMPA,CHONTABAMBA,ALIANZA ELECTORAL UNIDAD NACIONAL,135
180302,PASCO,OXAPAMPA,CHONTABAMBA,ALIANZA PARA EL PROGRESO,25
180302,PASCO,OXAPAMPA,CHONTABAMBA,CONCERTACION EN LA REGION POR LA DESCENTRALIZACION,121
180302,PASCO,OXAPAMPA,CHONTABAMBA,MOVIMIENTO EN SOLIDARIDAD INTEGRADA A LOS SIETE DISTRITOS DE OXAPAMPA,62
180302,PASCO,OXAPAMPA,CHONTABAMBA,PARTIDO APRISTA PERUANO,128
180302,PASCO,OXAPAMPA,CHONTABAMBA,PARTIDO DEMOCRATICO SOMOS PERU,156
180302,PASCO,OXAPAMPA,CHONTABAMBA,PARTIDO PERU POSIBLE,152
180302,PASCO,OXAPAMPA,CHONTABAMBA,PARTIDO POLITICO NACIONAL PRIMERO PERU,232
180303,PASCO,OXAPAMPA,HUANCABAMBA,ALIANZA ELECTORAL UNIDAD NACIONAL,39
180303,PASCO,OXAPAMPA,HUANCABAMBA,ALIANZA PARA EL PROGRESO,254
180303,PASCO,OXAPAMPA,HUANCABAMBA,CONCERTACION EN LA REGION POR LA DESCENTRALIZACION,244
180303,PASCO,OXAPAMPA,HUANCABAMBA,MOVIMIENTO EN SOLIDARIDAD INTEGRADA A LOS SIETE DISTRITOS DE OXAPAMPA,377
180303,PASCO,OXAPAMPA,HUANCABAMBA,PARTIDO APRISTA PERUANO,395
180303,PASCO,OXAPAMPA,HUANCABAMBA,PARTIDO DEMOCRATICO SOMOS PERU,329
180303,PASCO,OXAPAMPA,HUANCABAMBA,PARTIDO PERU POSIBLE,357
180303,PASCO,OXAPAMPA,HUANCABAMBA,PARTIDO POLITICO NACIONAL PRIMERO PERU,260
180304,PASCO,OXAPAMPA,PUERTO BERMUDEZ,ALIANZA ELECTORAL UNIDAD NACIONAL,1623
180304,PASCO,OXAPAMPA,PUERTO BERMUDEZ,ALIANZA PARA EL PROGRESO,73
180304,PASCO,OXAPAMPA,PUERTO BERMUDEZ,CONCERTACION EN LA REGION POR LA DESCENTRALIZACION,750
180304,PASCO,OXAPAMPA,PUERTO BERMUDEZ,LISTA INDEPENDIENTE FUERZA INTEGRACION PICHIS,644
180304,PASCO,OXAPAMPA,PUERTO BERMUDEZ,MOVIMIENTO EN SOLIDARIDAD INTEGRADA A LOS SIETE DISTRITOS DE OXAPAMPA,82
180304,PASCO,OXAPAMPA,PUERTO BERMUDEZ,PARTIDO ACCION POPULAR,200
180304,PASCO,OXAPAMPA,PUERTO BERMUDEZ,PARTIDO APRISTA PERUANO,236
180304,PASCO,OXAPAMPA,PUERTO BERMUDEZ,PARTIDO DEMOCRATICO SOMOS PERU,908
180304,PASCO,OXAPAMPA,PUERTO BERMUDEZ,PARTIDO PERU POSIBLE,476
180304,PASCO,OXAPAMPA,PUERTO BERMUDEZ,PARTIDO POLITICO NACIONAL PRIMERO PERU,374
180305,PASCO,OXAPAMPA,VILLA RICA,ALIANZA ELECTORAL UNIDAD NACIONAL,410
180305,PASCO,OXAPAMPA,VILLA RICA,ALIANZA PARA EL PROGRESO,493
180305,PASCO,OXAPAMPA,VILLA RICA,CONCERTACION EN LA REGION POR LA DESCENTRALIZACION,1067
180305,PASCO,OXAPAMPA,VILLA RICA,LISTA INDEPENDIENTE FUERZA PROGRESISTA VILLARICENSE,1104
180305,PASCO,OXAPAMPA,VILLA RICA,"MOVIMIENTO INDEPENDIENTE LUCHEMOS POR EL PROGRESO DE ""VILLA RICA""",177
180305,PASCO,OXAPAMPA,VILLA RICA,MOVIMIENTO INDEPENDIENTE NUEVOS RETOS PARA VILLA RICA,321
180305,PASCO,OXAPAMPA,VILLA RICA,PARTIDO APRISTA PERUANO,903
180305,PASCO,OXAPAMPA,VILLA RICA,PARTIDO DEMOCRATICO SOMOS PERU,1018
180305,PASCO,OXAPAMPA,VILLA RICA,PARTIDO PERU POSIBLE,229
180305,PASCO,OXAPAMPA,VILLA RICA,PARTIDO POLITICO NACIONAL PRIMERO PERU,251
180306,PASCO,OXAPAMPA,POZUZO,ALIANZA ELECTORAL UNIDAD NACIONAL,489
180306,PASCO,OXAPAMPA,POZUZO,MOVIMIENTO EN SOLIDARIDAD INTEGRADA A LOS SIETE DISTRITOS DE OXAPAMPA,74
180306,PASCO,OXAPAMPA,POZUZO,PARTIDO APRISTA PERUANO,524
180306,PASCO,OXAPAMPA,POZUZO,PARTIDO DEMOCRATICO SOMOS PERU,182
180306,PASCO,OXAPAMPA,POZUZO,PARTIDO PERU POSIBLE,674
180307,PASCO,OXAPAMPA,PALCAZU,ALIANZA ELECTORAL UNIDAD NACIONAL,27
180307,PASCO,OXAPAMPA,PALCAZU,CONCERTACION EN LA REGION POR LA DESCENTRALIZACION,688
180307,PASCO,OXAPAMPA,PALCAZU,PARTIDO APRISTA PERUANO,581
180307,PASCO,OXAPAMPA,PALCAZU,PARTIDO DEMOCRATICO SOMOS PERU,797
180307,PASCO,OXAPAMPA,PALCAZU,PARTIDO POLITICO NACIONAL PRIMERO PERU,31
190103,PIURA,PIURA,CASTILLA,AGRUPACION INDEPENDIENTE UNION POR EL PERU - FRENTE AMPLIO,288
190103,PIURA,PIURA,CASTILLA,ALIANZA ELECTORAL UNIDAD NACIONAL,3549
190103,PIURA,PIURA,CASTILLA,ALIANZA PARA EL PROGRESO,2533
190103,PIURA,PIURA,CASTILLA,FUERZA DEMOCRATICA,3690
190103,PIURA,PIURA,CASTILLA,LISTA INDEPENDIENTE - DESARROLLO COMUNITARIO DE UNIDAD PIURANA - DECUP,362
190103,PIURA,PIURA,CASTILLA,"MOVIMIENTO INDEPENDIENTE ""CASTILLA AVANZA""",6379
190103,PIURA,PIURA,CASTILLA,"MOVIMIENTO INDEPENDIENTE ""FUERZA NORTEÑA""",588
190103,PIURA,PIURA,CASTILLA,"MOVIMIENTO INDEPENDIENTE ""RESURGIMIENTO CASTELLANO""",3106
190103,PIURA,PIURA,CASTILLA,MOVIMIENTO NUEVA IZQUIERDA,793
190103,PIURA,PIURA,CASTILLA,PARTIDO ACCION POPULAR,2085
190103,PIURA,PIURA,CASTILLA,PARTIDO APRISTA PERUANO,8976
190103,PIURA,PIURA,CASTILLA,PARTIDO DEMOCRATICO SOMOS PERU,4612
190103,PIURA,PIURA,CASTILLA,PARTIDO PERU POSIBLE,3770
190103,PIURA,PIURA,CASTILLA,TODOS POR CASTILLA,4024
190103,PIURA,PIURA,CASTILLA,UNIDOS VAMOS CASTILLA,3427
190104,PIURA,PIURA,CATACAOS,ALIANZA ELECTORAL UNIDAD NACIONAL,589
190104,PIURA,PIURA,CATACAOS,FRENTE INDEPENDIENTE CATAQUENSE (FIC),4607
190104,PIURA,PIURA,CATACAOS,FUERZA DEMOCRATICA,2386
190104,PIURA,PIURA,CATACAOS,MOVIMIENTO DE INTEGRACION Y PARTICIPACION CATAQUENSE,1345
190104,PIURA,PIURA,CATACAOS,MOVIMIENTO DE PARTICIPACION VECINAL MOPAV - CATACAOS,7654
190104,PIURA,PIURA,CATACAOS,MOVIMIENTO INDEPENDIENTE CATACAOS AL DESARROLLO (MICAD),855
190104,PIURA,PIURA,CATACAOS,MOVIMIENTO NUEVA IZQUIERDA,178
190104,PIURA,PIURA,CATACAOS,"MOVIMIENTO VECINAL INDEPENDIENTE ""NUEVA OPCION""",1880
190104,PIURA,PIURA,CATACAOS,PARTIDO ACCION POPULAR,428
190104,PIURA,PIURA,CATACAOS,PARTIDO APRISTA PERUANO,2939
190104,PIURA,PIURA,CATACAOS,PARTIDO DEMOCRATICO SOMOS PERU,1991
190104,PIURA,PIURA,CATACAOS,PARTIDO PERU POSIBLE,526
190105,PIURA,PIURA,LA ARENA,ALIANZA ELECTORAL UNIDAD NACIONAL,2897
190105,PIURA,PIURA,LA ARENA,ALIANZA PARA EL PROGRESO,1737
190105,PIURA,PIURA,LA ARENA,CON FUERZA - LA ARENA Y SUS CASERIOS,2206
190105,PIURA,PIURA,LA ARENA,PARTIDO ACCION POPULAR,91
190105,PIURA,PIURA,LA ARENA,PARTIDO APRISTA PERUANO,3989
190105,PIURA,PIURA,LA ARENA,PARTIDO DEMOCRATICO SOMOS PERU,788
190105,PIURA,PIURA,LA ARENA,PARTIDO PERU POSIBLE,235
190106,PIURA,PIURA,LA UNION,ALIANZA ELECTORAL UNIDAD NACIONAL,337
190106,PIURA,PIURA,LA UNION,ALIANZA PARA EL PROGRESO,2740
190106,PIURA,PIURA,LA UNION,FUERZA DEMOCRATICA,1328
190106,PIURA,PIURA,LA UNION,"LISTA INDEPENDIENTE ""EL PUEBLO PRIMERO""",2414
190106,PIURA,PIURA,LA UNION,"MOVIMIENTO INDEPENDIENTE ""INTEGRACION Y DESARROLLO""",782
190106,PIURA,PIURA,LA UNION,MOVIMIENTO NUEVA IZQUIERDA,736
190106,PIURA,PIURA,LA UNION,MOVIMIENTO VECINAL UNIONENSE EL MEJOR VECINO,1967
190106,PIURA,PIURA,LA UNION,PARTIDO APRISTA PERUANO,1444
190106,PIURA,PIURA,LA UNION,PARTIDO DEMOCRATICO SOMOS PERU,51
190106,PIURA,PIURA,LA UNION,PARTIDO PERU POSIBLE,1123
190106,PIURA,PIURA,LA UNION,UNIDOS POR EL PROGRESO Y DESARROLLO,242
190107,PIURA,PIURA,LAS LOMAS,ALIANZA ELECTORAL UNIDAD NACIONAL,2359
190107,PIURA,PIURA,LAS LOMAS,ALIANZA PARA EL PROGRESO,645
190107,PIURA,PIURA,LAS LOMAS,MOVIMIENTO INDEPENDIENTE CAMBIO Y DESARROLLO,1455
190107,PIURA,PIURA,LAS LOMAS,MOVIMIENTO INDEPENDIENTE TODOS POR LAS LOMAS,317
190107,PIURA,PIURA,LAS LOMAS,MOVIMIENTO INDEPENDIENTE UNION VECINAL DE LAS LOMAS,1711
190107,PIURA,PIURA,LAS LOMAS,MOVIMIENTO PROSPERIDAD Y JUSTICIA CAMPESINA,522
190107,PIURA,PIURA,LAS LOMAS,PARTIDO ACCION POPULAR,451
190107,PIURA,PIURA,LAS LOMAS,PARTIDO APRISTA PERUANO,477
190107,PIURA,PIURA,LAS LOMAS,PARTIDO DEMOCRATICO SOMOS PERU,1331
190107,PIURA,PIURA,LAS LOMAS,PARTIDO PERU POSIBLE,151
190109,PIURA,PIURA,TAMBO GRANDE,ALIANZA ELECTORAL UNIDAD NACIONAL,282
190109,PIURA,PIURA,TAMBO GRANDE,ALIANZA PARA EL PROGRESO,4823
190109,PIURA,PIURA,TAMBO GRANDE,FUERZA DEMOCRATICA,6131
190109,PIURA,PIURA,TAMBO GRANDE,MOVIMIENTO INDEPENDIENTE AGRO SI,7192
190109,PIURA,PIURA,TAMBO GRANDE,MOVIMIENTO NUEVA IZQUIERDA,6008
190109,PIURA,PIURA,TAMBO GRANDE,PARTIDO ACCION POPULAR,391
190109,PIURA,PIURA,TAMBO GRANDE,PARTIDO APRISTA PERUANO,2928
190109,PIURA,PIURA,TAMBO GRANDE,PARTIDO DEMOCRATICO SOMOS PERU,180
190109,PIURA,PIURA,TAMBO GRANDE,PARTIDO PERU POSIBLE,328
190113,PIURA,PIURA,CURA MORI,ALIANZA ELECTORAL UNIDAD NACIONAL,178
190113,PIURA,PIURA,CURA MORI,ALIANZA PARA EL PROGRESO,754
190113,PIURA,PIURA,CURA MORI,AVANCEMOS CURAMORI,666
190113,PIURA,PIURA,CURA MORI,FRENTE INDEPENDIENTE MORALIZADOR,191
190113,PIURA,PIURA,CURA MORI,FUERZA DEMOCRATICA,771
190113,PIURA,PIURA,CURA MORI,LISTA INDEPENDIENTE - DESARROLLO COMUNITARIO DE UNIDAD PIURANA - DECUP,405
190113,PIURA,PIURA,CURA MORI,MOVIMIENTO AMPLIO DE CONCERTACION Y DESARROLLO - CURA MORI,446
190113,PIURA,PIURA,CURA MORI,"MOVIMIENTO INDEPENDIENTE ""FUERZA NORTEÑA""",249
190113,PIURA,PIURA,CURA MORI,PARTIDO ACCION POPULAR,37
190113,PIURA,PIURA,CURA MORI,PARTIDO APRISTA PERUANO,955
190113,PIURA,PIURA,CURA MORI,PARTIDO DEMOCRATICO SOMOS PERU,687
190113,PIURA,PIURA,CURA MORI,PARTIDO PERU POSIBLE,407
190114,PIURA,PIURA,EL TALLAN,ALIANZA PARA EL PROGRESO,243
190114,PIURA,PIURA,EL TALLAN,EL TALLAN RUMBO AL DESARROLLO AGRARIO,27
190114,PIURA,PIURA,EL TALLAN,FUERZA DEMOCRATICA,451
190114,PIURA,PIURA,EL TALLAN,PARTIDO APRISTA PERUANO,368
190114,PIURA,PIURA,EL TALLAN,PARTIDO DEMOCRATICO SOMOS PERU,449
190202,PIURA,AYABACA,FRIAS,ALIANZA ELECTORAL UNIDAD NACIONAL,908
190202,PIURA,AYABACA,FRIAS,ALIANZA PARA EL PROGRESO,341
190202,PIURA,AYABACA,FRIAS,"MOVIMIENTO POLITICO INDEPENDIENTE ""JUSTICIA LEALTAD""",1261
190202,PIURA,AYABACA,FRIAS,"MOVIMIENTO POLITICO INDEPENDIENTE ""UNIDAD Y CONCERTACION""",422
190202,PIURA,AYABACA,FRIAS,PARTIDO APRISTA PERUANO,180
190202,PIURA,AYABACA,FRIAS,PARTIDO DEMOCRATICO SOMOS PERU,1621
190202,PIURA,AYABACA,FRIAS,PARTIDO PERU POSIBLE,456
190203,PIURA,AYABACA,LAGUNAS,"MOVIMIENTO POLITICO INDEPENDIENTE ""JUSTICIA LEALTAD""",752
190203,PIURA,AYABACA,LAGUNAS,"MOVIMIENTO POLITICO INDEPENDIENTE ""UNIDAD Y CONCERTACION""",27
190203,PIURA,AYABACA,LAGUNAS,PARTIDO APRISTA PERUANO,90
190203,PIURA,AYABACA,LAGUNAS,PARTIDO DEMOCRATICO SOMOS PERU,61
190203,PIURA,AYABACA,LAGUNAS,PARTIDO PERU POSIBLE,376
190204,PIURA,AYABACA,MONTERO,ALIANZA PARA EL PROGRESO,456
190204,PIURA,AYABACA,MONTERO,MOVIMIENTO INTEGRACIONISTA JUNTOS PODEMOS,346
190204,PIURA,AYABACA,MONTERO,MOVIMIENTO NUEVA IZQUIERDA,107
190204,PIURA,AYABACA,MONTERO,"MOVIMIENTO POLITICO INDEPENDIENTE ""JUSTICIA LEALTAD""",657
190204,PIURA,AYABACA,MONTERO,"MOVIMIENTO POLITICO INDEPENDIENTE ""UNIDAD Y CONCERTACION""",219
190204,PIURA,AYABACA,MONTERO,PARTIDO APRISTA PERUANO,193
190204,PIURA,AYABACA,MONTERO,PARTIDO DEMOCRATICO SOMOS PERU,526
190204,PIURA,AYABACA,MONTERO,PARTIDO PERU POSIBLE,112
190205,PIURA,AYABACA,PACAIPAMPA,ALIANZA ELECTORAL UNIDAD NACIONAL,1082
190205,PIURA,AYABACA,PACAIPAMPA,"MOVIMIENTO POLITICO INDEPENDIENTE ""JUSTICIA LEALTAD""",607
190205,PIURA,AYABACA,PACAIPAMPA,"MOVIMIENTO POLITICO INDEPENDIENTE ""UNIDAD Y CONCERTACION""",446
190205,PIURA,AYABACA,PACAIPAMPA,PARTIDO APRISTA PERUANO,269
190205,PIURA,AYABACA,PACAIPAMPA,PARTIDO DEMOCRATICO SOMOS PERU,818
190205,PIURA,AYABACA,PACAIPAMPA,PARTIDO PERU POSIBLE,321
190206,PIURA,AYABACA,SAPILLICA,FRENTE INDEPENDIENTE MORALIZADOR,100
190206,PIURA,AYABACA,SAPILLICA,"MOVIMIENTO POLITICO INDEPENDIENTE ""JUSTICIA LEALTAD""",98
190206,PIURA,AYABACA,SAPILLICA,"MOVIMIENTO POLITICO INDEPENDIENTE ""UNIDAD Y CONCERTACION""",856
190206,PIURA,AYABACA,SAPILLICA,PARTIDO APRISTA PERUANO,243
190206,PIURA,AYABACA,SAPILLICA,PARTIDO DEMOCRATICO SOMOS PERU,1151
190206,PIURA,AYABACA,SAPILLICA,PARTIDO PERU POSIBLE,324
190207,PIURA,AYABACA,SICCHEZ,ALIANZA PARA EL PROGRESO,91
190207,PIURA,AYABACA,SICCHEZ,"MOVIMIENTO POLITICO INDEPENDIENTE ""JUSTICIA LEALTAD""",276
190207,PIURA,AYABACA,SICCHEZ,"MOVIMIENTO POLITICO INDEPENDIENTE ""UNIDAD Y CONCERTACION""",99
190207,PIURA,AYABACA,SICCHEZ,PARTIDO ACCION POPULAR,34
190207,PIURA,AYABACA,SICCHEZ,PARTIDO APRISTA PERUANO,192
190207,PIURA,AYABACA,SICCHEZ,PARTIDO DEMOCRATICO SOMOS PERU,492
190207,PIURA,AYABACA,SICCHEZ,PARTIDO PERU POSIBLE,236
190208,PIURA,AYABACA,SUYO,AGRUPACION INDEPENDIENTE UNION POR EL PERU - FRENTE AMPLIO,103
190208,PIURA,AYABACA,SUYO,ALIANZA ELECTORAL UNIDAD NACIONAL,72
190208,PIURA,AYABACA,SUYO,ALIANZA PARA EL PROGRESO,257
190208,PIURA,AYABACA,SUYO,"MOVIMIENTO POLITICO INDEPENDIENTE ""JUSTICIA LEALTAD""",781
190208,PIURA,AYABACA,SUYO,"MOVIMIENTO POLITICO INDEPENDIENTE ""UNIDAD Y CONCERTACION""",336
190208,PIURA,AYABACA,SUYO,PARTIDO APRISTA PERUANO,179
190208,PIURA,AYABACA,SUYO,PARTIDO DEMOCRATICO SOMOS PERU,938
190208,PIURA,AYABACA,SUYO,PARTIDO PERU POSIBLE,912
190209,PIURA,AYABACA,JILILI,"MOVIMIENTO POLITICO INDEPENDIENTE ""JUSTICIA LEALTAD""",177
190209,PIURA,AYABACA,JILILI,"MOVIMIENTO POLITICO INDEPENDIENTE ""UNIDAD Y CONCERTACION""",306
190209,PIURA,AYABACA,JILILI,PARTIDO APRISTA PERUANO,280
190209,PIURA,AYABACA,JILILI,PARTIDO DEMOCRATICO SOMOS PERU,29
190209,PIURA,AYABACA,JILILI,PARTIDO PERU POSIBLE,224
190210,PIURA,AYABACA,PAIMAS,AGRUPACION INDEPENDIENTE UNION POR EL PERU - FRENTE AMPLIO,150
190210,PIURA,AYABACA,PAIMAS,ALIANZA ELECTORAL UNIDAD NACIONAL,176
190210,PIURA,AYABACA,PAIMAS,ALIANZA PARA EL PROGRESO,414
190210,PIURA,AYABACA,PAIMAS,FRENTE INDEPENDIENTE MORALIZADOR,285
190210,PIURA,AYABACA,PAIMAS,MOVIMIENTO INTEGRACIONISTA JUNTOS PODEMOS,475
190210,PIURA,AYABACA,PAIMAS,"MOVIMIENTO POLITICO INDEPENDIENTE ""JUSTICIA LEALTAD""",315
190210,PIURA,AYABACA,PAIMAS,"MOVIMIENTO POLITICO INDEPENDIENTE ""UNIDAD Y CONCERTACION""",367
190210,PIURA,AYABACA,PAIMAS,PARTIDO ACCION POPULAR,30
190210,PIURA,AYABACA,PAIMAS,PARTIDO APRISTA PERUANO,391
190210,PIURA,AYABACA,PAIMAS,PARTIDO DEMOCRATICO SOMOS PERU,192
190210,PIURA,AYABACA,PAIMAS,PARTIDO PERU POSIBLE,101
190302,PIURA,HUANCABAMBA,CANCHAQUE,ALIANZA ELECTORAL UNIDAD NACIONAL,311
190302,PIURA,HUANCABAMBA,CANCHAQUE,LISTA INDEPENDIENTE PODER AGRO INDUSTRIAL CAMPESINO,577
190302,PIURA,HUANCABAMBA,CANCHAQUE,MOVIMIENTO CAMPESINO INDEPENDIENTE CANCHAQUE,737
190302,PIURA,HUANCABAMBA,CANCHAQUE,MOVIMIENTO DESARROLLEMOS EL CAMPO Y LA CIUDAD,444
190302,PIURA,HUANCABAMBA,CANCHAQUE,PARTIDO ACCION POPULAR,73
190302,PIURA,HUANCABAMBA,CANCHAQUE,PARTIDO APRISTA PERUANO,430
190302,PIURA,HUANCABAMBA,CANCHAQUE,PARTIDO DEMOCRATICO SOMOS PERU,339
190302,PIURA,HUANCABAMBA,CANCHAQUE,PARTIDO PERU POSIBLE,404
190303,PIURA,HUANCABAMBA,HUARMACA,ALIANZA ELECTORAL UNIDAD NACIONAL,423
190303,PIURA,HUANCABAMBA,HUARMACA,ALIANZA PARA EL PROGRESO,236
190303,PIURA,HUANCABAMBA,HUARMACA,FRENTE INDEPENDIENTE MORALIZADOR,541
190303,PIURA,HUANCABAMBA,HUARMACA,LISTA INDEPENDIENTE PODER AGRO INDUSTRIAL CAMPESINO,99
190303,PIURA,HUANCABAMBA,HUARMACA,MOVIMIENTO DESARROLLEMOS EL CAMPO Y LA CIUDAD,1599
190303,PIURA,HUANCABAMBA,HUARMACA,MOVIMIENTO INDEPENDIENTE CAMPO Y PUEBLO,432
190303,PIURA,HUANCABAMBA,HUARMACA,MOVIMIENTO INDEPENDIENTE JUSTICIA Y TRANSPARENCIA,455
190303,PIURA,HUANCABAMBA,HUARMACA,MOVIMIENTO INDEPENDIENTE UNION Y FUERZA JUVENTUD,102
190303,PIURA,HUANCABAMBA,HUARMACA,ORGANIZACION POLITICA FRENTE DE INTEGRACION CIVICO CAMPESINO (FICC),420
190303,PIURA,HUANCABAMBA,HUARMACA,PARTIDO ACCION POPULAR,287
190303,PIURA,HUANCABAMBA,HUARMACA,PARTIDO APRISTA PERUANO,476
190303,PIURA,HUANCABAMBA,HUARMACA,PARTIDO DEMOCRATICO SOMOS PERU,532
190303,PIURA,HUANCABAMBA,HUARMACA,PARTIDO PERU POSIBLE,384
190303,PIURA,HUANCABAMBA,HUARMACA,PARTIDO RENACIMIENTO ANDINO,523
190304,PIURA,HUANCABAMBA,SONDOR,ALIANZA ELECTORAL UNIDAD NACIONAL,38
190304,PIURA,HUANCABAMBA,SONDOR,ALIANZA PARA EL PROGRESO,21
190304,PIURA,HUANCABAMBA,SONDOR,FUERZA INDEPENDIENTE COMUNAL ANDINA,91
190304,PIURA,HUANCABAMBA,SONDOR,LISTA INDEPENDIENTE PODER AGRO INDUSTRIAL CAMPESINO,387
190304,PIURA,HUANCABAMBA,SONDOR,MOVIMIENTO DESARROLLEMOS EL CAMPO Y LA CIUDAD,72
190304,PIURA,HUANCABAMBA,SONDOR,ORGANIZACION POLITICA FRENTE DE INTEGRACION CIVICO CAMPESINO (FICC),160
190304,PIURA,HUANCABAMBA,SONDOR,PARTIDO ACCION POPULAR,121
190304,PIURA,HUANCABAMBA,SONDOR,PARTIDO APRISTA PERUANO,141
190304,PIURA,HUANCABAMBA,SONDOR,PARTIDO DEMOCRATICO SOMOS PERU,471
190304,PIURA,HUANCABAMBA,SONDOR,PARTIDO PERU POSIBLE,165
190305,PIURA,HUANCABAMBA,SONDORILLO,ALIANZA ELECTORAL UNIDAD NACIONAL,70
190305,PIURA,HUANCABAMBA,SONDORILLO,ALIANZA PARA EL PROGRESO,25
190305,PIURA,HUANCABAMBA,SONDORILLO,FRENTE INDEPENDIENTE MORALIZADOR,33
190305,PIURA,HUANCABAMBA,SONDORILLO,FUERZA INDEPENDIENTE COMUNAL ANDINA,30
190305,PIURA,HUANCABAMBA,SONDORILLO,LISTA INDEPENDIENTE PODER AGRO INDUSTRIAL CAMPESINO,283
190305,PIURA,HUANCABAMBA,SONDORILLO,MOVIMIENTO DESARROLLEMOS EL CAMPO Y LA CIUDAD,298
190305,PIURA,HUANCABAMBA,SONDORILLO,MOVIMIENTO UNIDOS POR SONDORILLO,202
190305,PIURA,HUANCABAMBA,SONDORILLO,ORGANIZACION POLITICA FRENTE DE INTEGRACION CIVICO CAMPESINO (FICC),306
190305,PIURA,HUANCABAMBA,SONDORILLO,PARTIDO ACCION POPULAR,32
190305,PIURA,HUANCABAMBA,SONDORILLO,PARTIDO APRISTA PERUANO,634
190305,PIURA,HUANCABAMBA,SONDORILLO,PARTIDO DEMOCRATICO SOMOS PERU,362
190305,PIURA,HUANCABAMBA,SONDORILLO,PARTIDO PERU POSIBLE,255
190306,PIURA,HUANCABAMBA,EL CARMEN DE LA FRONTERA,ALIANZA ELECTORAL UNIDAD NACIONAL,136
190306,PIURA,HUANCABAMBA,EL CARMEN DE LA FRONTERA,ALIANZA PARA EL PROGRESO,264
190306,PIURA,HUANCABAMBA,EL CARMEN DE LA FRONTERA,FRENTE INDEPENDIENTE MORALIZADOR,205
190306,PIURA,HUANCABAMBA,EL CARMEN DE LA FRONTERA,FUERZA INDEPENDIENTE COMUNAL ANDINA,23
190306,PIURA,HUANCABAMBA,EL CARMEN DE LA FRONTERA,LISTA INDEPENDIENTE PODER AGRO INDUSTRIAL CAMPESINO,370
190306,PIURA,HUANCABAMBA,EL CARMEN DE LA FRONTERA,MOVIMIENTO DESARROLLEMOS EL CAMPO Y LA CIUDAD,116
190306,PIURA,HUANCABAMBA,EL CARMEN DE LA FRONTERA,ORGANIZACION POLITICA FRENTE DE INTEGRACION CIVICO CAMPESINO (FICC),13
190306,PIURA,HUANCABAMBA,EL CARMEN DE LA FRONTERA,PARTIDO ACCION POPULAR,114
190306,PIURA,HUANCABAMBA,EL CARMEN DE LA FRONTERA,PARTIDO APRISTA PERUANO,458
190306,PIURA,HUANCABAMBA,EL CARMEN DE LA FRONTERA,PARTIDO DEMOCRATICO SOMOS PERU,587
190306,PIURA,HUANCABAMBA,EL CARMEN DE LA FRONTERA,PARTIDO PERU POSIBLE,549
190307,PIURA,HUANCABAMBA,SAN MIGUEL DE EL FAIQUE,ALIANZA PARA EL PROGRESO,658
190307,PIURA,HUANCABAMBA,SAN MIGUEL DE EL FAIQUE,FUERZA INDEPENDIENTE COMUNAL ANDINA,185
190307,PIURA,HUANCABAMBA,SAN MIGUEL DE EL FAIQUE,LISTA INDEPENDIENTE PODER AGRO INDUSTRIAL CAMPESINO,380
190307,PIURA,HUANCABAMBA,SAN MIGUEL DE EL FAIQUE,MOVIMIENTO DESARROLLEMOS EL CAMPO Y LA CIUDAD,94
190307,PIURA,HUANCABAMBA,SAN MIGUEL DE EL FAIQUE,MOVIMIENTO INDEPENDIENTE EL PUEBLO NOS NECESITA,373
190307,PIURA,HUANCABAMBA,SAN MIGUEL DE EL FAIQUE,ORGANIZACION POLITICA FRENTE DE INTEGRACION CIVICO CAMPESINO (FICC),164
190307,PIURA,HUANCABAMBA,SAN MIGUEL DE EL FAIQUE,PARTIDO ACCION POPULAR,13
190307,PIURA,HUANCABAMBA,SAN MIGUEL DE EL FAIQUE,PARTIDO APRISTA PERUANO,360
190307,PIURA,HUANCABAMBA,SAN MIGUEL DE EL FAIQUE,PARTIDO DEMOCRATICO SOMOS PERU,414
190307,PIURA,HUANCABAMBA,SAN MIGUEL DE EL FAIQUE,PARTIDO PERU POSIBLE,161
190308,PIURA,HUANCABAMBA,LALAQUIZ,AGRUPACION INDEPENDIENTE UNION POR EL PERU - FRENTE AMPLIO,444
190308,PIURA,HUANCABAMBA,LALAQUIZ,MOVIMIENTO DESARROLLEMOS EL CAMPO Y LA CIUDAD,494
190308,PIURA,HUANCABAMBA,LALAQUIZ,PARTIDO ACCION POPULAR,305
190308,PIURA,HUANCABAMBA,LALAQUIZ,PARTIDO APRISTA PERUANO,225
190308,PIURA,HUANCABAMBA,LALAQUIZ,PARTIDO DEMOCRATICO SOMOS PERU,166
190308,PIURA,HUANCABAMBA,LALAQUIZ,PARTIDO PERU POSIBLE,177
190402,PIURA,MORROPON,BUENOS AIRES,ALIANZA ELECTORAL UNIDAD NACIONAL,233
190402,PIURA,MORROPON,BUENOS AIRES,MOVIMIENTO DE UNIDAD PROVINCIAL MORROPANA,370
190402,PIURA,MORROPON,BUENOS AIRES,"MOVIMIENTO INDEPENDIENTE ""BONAERENSES EN ACCION""",72
190402,PIURA,MORROPON,BUENOS AIRES,"MOVIMIENTO VECINAL ""OBRAS Y MAS OBRAS""",102
190402,PIURA,MORROPON,BUENOS AIRES,PARTIDO ACCION POPULAR,443
190402,PIURA,MORROPON,BUENOS AIRES,PARTIDO APRISTA PERUANO,1335
190402,PIURA,MORROPON,BUENOS AIRES,PARTIDO DEMOCRATICO SOMOS PERU,429
190402,PIURA,MORROPON,BUENOS AIRES,PARTIDO PERU POSIBLE,874
190402,PIURA,MORROPON,BUENOS AIRES,PARTIDO RENACIMIENTO ANDINO,135
190403,PIURA,MORROPON,CHALACO,ALIANZA ELECTORAL UNIDAD NACIONAL,732
190403,PIURA,MORROPON,CHALACO,"LISTA INDEPENDIENTE ""UNION PARA EL DESARROLLO DEL ALTO PIURA"" - UDAP",59
190403,PIURA,MORROPON,CHALACO,MOVIMIENTO DE UNIDAD PROVINCIAL MORROPANA,326
190403,PIURA,MORROPON,CHALACO,PARTIDO ACCION POPULAR,107
190403,PIURA,MORROPON,CHALACO,PARTIDO APRISTA PERUANO,167
190403,PIURA,MORROPON,CHALACO,PARTIDO DEMOCRATICO SOMOS PERU,1274
190403,PIURA,MORROPON,CHALACO,PARTIDO PERU POSIBLE,84
190404,PIURA,MORROPON,MORROPON,ALIANZA ELECTORAL UNIDAD NACIONAL,116
190404,PIURA,MORROPON,MORROPON,"LISTA INDEPENDIENTE ""UNION PARA EL DESARROLLO DEL ALTO PIURA"" - UDAP",143
190404,PIURA,MORROPON,MORROPON,MOVIMIENTO DE UNIDAD PROVINCIAL MORROPANA,1333
190404,PIURA,MORROPON,MORROPON,"MOVIMIENTO VECINAL ""OBRAS Y MAS OBRAS""",425
190404,PIURA,MORROPON,MORROPON,PARTIDO ACCION POPULAR,275
190404,PIURA,MORROPON,MORROPON,PARTIDO APRISTA PERUANO,2106
190404,PIURA,MORROPON,MORROPON,PARTIDO PERU POSIBLE,379
190404,PIURA,MORROPON,MORROPON,PARTIDO RENACIMIENTO ANDINO,942
190405,PIURA,MORROPON,SALITRAL,ALIANZA ELECTORAL UNIDAD NACIONAL,546
190405,PIURA,MORROPON,SALITRAL,"MOVIMIENTO VECINAL ""OBRAS Y MAS OBRAS""",1386
190405,PIURA,MORROPON,SALITRAL,PARTIDO ACCION POPULAR,67
190405,PIURA,MORROPON,SALITRAL,PARTIDO APRISTA PERUANO,182
190405,PIURA,MORROPON,SALITRAL,PARTIDO DEMOCRATICO SOMOS PERU,928
190405,PIURA,MORROPON,SALITRAL,PARTIDO PERU POSIBLE,87
190405,PIURA,MORROPON,SALITRAL,PARTIDO RENACIMIENTO ANDINO,70
190406,PIURA,MORROPON,SANTA CATALINA DE MOSSA,MOVIMIENTO DE UNIDAD PROVINCIAL MORROPANA,90
190406,PIURA,MORROPON,SANTA CATALINA DE MOSSA,"MOVIMIENTO VECINAL ""OBRAS Y MAS OBRAS""",318
190406,PIURA,MORROPON,SANTA CATALINA DE MOSSA,PARTIDO APRISTA PERUANO,279
190406,PIURA,MORROPON,SANTA CATALINA DE MOSSA,PARTIDO PERU POSIBLE,627
190406,PIURA,MORROPON,SANTA CATALINA DE MOSSA,PARTIDO RENACIMIENTO ANDINO,21
190407,PIURA,MORROPON,SANTO DOMINGO,ALIANZA ELECTORAL UNIDAD NACIONAL,458
190407,PIURA,MORROPON,SANTO DOMINGO,MOVIMIENTO DE UNIDAD PROVINCIAL MORROPANA,1134
190407,PIURA,MORROPON,SANTO DOMINGO,"MOVIMIENTO INDEPENDIENTE ""SANTO DOMINGO RENACE""",165
190407,PIURA,MORROPON,SANTO DOMINGO,"MOVIMIENTO VECINAL ""OBRAS Y MAS OBRAS""",508
190407,PIURA,MORROPON,SANTO DOMINGO,PARTIDO APRISTA PERUANO,286
190407,PIURA,MORROPON,SANTO DOMINGO,PARTIDO DEMOCRATICO SOMOS PERU,270
190407,PIURA,MORROPON,SANTO DOMINGO,PARTIDO PERU POSIBLE,566
190408,PIURA,MORROPON,LA MATANZA,AGRUPACION INDEPENDIENTE UNION POR EL PERU - FRENTE AMPLIO,880
190408,PIURA,MORROPON,LA MATANZA,"MOVIMIENTO VECINAL ""OBRAS Y MAS OBRAS""",1590
190408,PIURA,MORROPON,LA MATANZA,PARTIDO APRISTA PERUANO,935
190408,PIURA,MORROPON,LA MATANZA,PARTIDO DEMOCRATICO SOMOS PERU,277
190408,PIURA,MORROPON,LA MATANZA,PARTIDO PERU POSIBLE,1387
190409,PIURA,MORROPON,YAMANGO,ALIANZA ELECTORAL UNIDAD NACIONAL,674
190409,PIURA,MORROPON,YAMANGO,FRENTE INDEPENDIENTE MORALIZADOR,799
190409,PIURA,MORROPON,YAMANGO,PARTIDO ACCION POPULAR,392
190409,PIURA,MORROPON,YAMANGO,PARTIDO APRISTA PERUANO,516
190409,PIURA,MORROPON,YAMANGO,PARTIDO DEMOCRATICO SOMOS PERU,199
190409,PIURA,MORROPON,YAMANGO,PARTIDO PERU POSIBLE,444
190410,PIURA,MORROPON,SAN JUAN DE BIGOTE,MOVIMIENTO DE UNIDAD PROVINCIAL MORROPANA,715
190410,PIURA,MORROPON,SAN JUAN DE BIGOTE,"MOVIMIENTO VECINAL ""OBRAS Y MAS OBRAS""",780
190410,PIURA,MORROPON,SAN JUAN DE BIGOTE,PARTIDO ACCION POPULAR,116
190410,PIURA,MORROPON,SAN JUAN DE BIGOTE,PARTIDO APRISTA PERUANO,586
190410,PIURA,MORROPON,SAN JUAN DE BIGOTE,PARTIDO PERU POSIBLE,332
190502,PIURA,PAITA,AMOTAPE,ALIANZA ELECTORAL UNIDAD NACIONAL,27
190502,PIURA,PAITA,AMOTAPE,ALIANZA PARA EL PROGRESO,68
190502,PIURA,PAITA,AMOTAPE,MOVIMIENTO INDEPENDIENTE PAITA EN ACCION,247
190502,PIURA,PAITA,AMOTAPE,PARTIDO ACCION POPULAR,181
190502,PIURA,PAITA,AMOTAPE,PARTIDO APRISTA PERUANO,104
190502,PIURA,PAITA,AMOTAPE,PARTIDO DEMOCRATICO SOMOS PERU,428
190502,PIURA,PAITA,AMOTAPE,PARTIDO PERU POSIBLE,228
190503,PIURA,PAITA,ARENAL,PARTIDO APRISTA PERUANO,294
190503,PIURA,PAITA,ARENAL,PARTIDO DEMOCRATICO SOMOS PERU,411
190503,PIURA,PAITA,ARENAL,PARTIDO PERU POSIBLE,66
190504,PIURA,PAITA,LA HUACA,ALIANZA PARA EL PROGRESO,142
190504,PIURA,PAITA,LA HUACA,MOVIMIENTO INDEPENDIENTE JUVENTUD EN ACCIÓN,482
190504,PIURA,PAITA,LA HUACA,MOVIMIENTO INDEPENDIENTE PAITA EN ACCION,969
190504,PIURA,PAITA,LA HUACA,PARTIDO ACCION POPULAR,422
190504,PIURA,PAITA,LA HUACA,PARTIDO APRISTA PERUANO,1027
190504,PIURA,PAITA,LA HUACA,PARTIDO DEMOCRATICO SOMOS PERU,1260
190504,PIURA,PAITA,LA HUACA,PARTIDO PERU POSIBLE,576
190505,PIURA,PAITA,COLAN,ALIANZA ELECTORAL UNIDAD NACIONAL,83
190505,PIURA,PAITA,COLAN,ALIANZA PARA EL PROGRESO,452
190505,PIURA,PAITA,COLAN,MOVIMIENTO INDEPENDIENTE PAITA EN ACCION,1386
190505,PIURA,PAITA,COLAN,PARTIDO ACCION POPULAR,408
190505,PIURA,PAITA,COLAN,PARTIDO APRISTA PERUANO,541
190505,PIURA,PAITA,COLAN,PARTIDO DEMOCRATICO SOMOS PERU,1713
190505,PIURA,PAITA,COLAN,PARTIDO PERU POSIBLE,869
190506,PIURA,PAITA,TAMARINDO,ALIANZA ELECTORAL UNIDAD NACIONAL,128
190506,PIURA,PAITA,TAMARINDO,ALIANZA PARA EL PROGRESO,45
190506,PIURA,PAITA,TAMARINDO,MOVIMIENTO INDEPENDIENTE PAITA EN ACCION,129
190506,PIURA,PAITA,TAMARINDO,PARTIDO ACCION POPULAR,51
190506,PIURA,PAITA,TAMARINDO,PARTIDO APRISTA PERUANO,414
190506,PIURA,PAITA,TAMARINDO,PARTIDO DEMOCRATICO SOMOS PERU,830
190506,PIURA,PAITA,TAMARINDO,PARTIDO PERU POSIBLE,820
190507,PIURA,PAITA,VICHAYAL,ALIANZA PARA EL PROGRESO,612
190507,PIURA,PAITA,VICHAYAL,MOVIMIENTO INDEPENDIENTE JUNTOS VICHAYAL,447
190507,PIURA,PAITA,VICHAYAL,MOVIMIENTO INDEPENDIENTE PAITA EN ACCION,154
190507,PIURA,PAITA,VICHAYAL,MOVIMIENTO INDEPENDIENTE VICHAYAL AL PROGRESO,94
190507,PIURA,PAITA,VICHAYAL,PARTIDO ACCION POPULAR,67
190507,PIURA,PAITA,VICHAYAL,PARTIDO APRISTA PERUANO,579
190507,PIURA,PAITA,VICHAYAL,PARTIDO DEMOCRATICO SOMOS PERU,84
190507,PIURA,PAITA,VICHAYAL,PARTIDO PERU POSIBLE,157
190602,PIURA,SULLANA,BELLAVISTA,ALIANZA ELECTORAL UNIDAD NACIONAL,216
190602,PIURA,SULLANA,BELLAVISTA,MOVIMIENTO ECOLOGISTA ALTERNATIVA VERDE - LOS VERDES,636
190602,PIURA,SULLANA,BELLAVISTA,MOVIMIENTO INDEPENDIENTE ACCION Y DESARROLLO,63
190602,PIURA,SULLANA,BELLAVISTA,MOVIMIENTO INDEPENDIENTE BELLAVISTA TRIUNFA,518
190602,PIURA,SULLANA,BELLAVISTA,MOVIMIENTO INDEPENDIENTE DE ACCION RENOVADORA DE SULLANA - MARS,3656
190602,PIURA,SULLANA,BELLAVISTA,MOVIMIENTO INDEPENDIENTE DE DESARROLLO LOCAL - MODELO,2276
190602,PIURA,SULLANA,BELLAVISTA,MOVIMIENTO INDEPENDIENTE INNOVACION - SULLANA,69
190602,PIURA,SULLANA,BELLAVISTA,MOVIMIENTO INDEPENDIENTE PROVINCIAS UNIDAS,477
190602,PIURA,SULLANA,BELLAVISTA,MOVIMIENTO INDEPENDIENTE SIEMPRE BELLA BELLAVISTA,603
190602,PIURA,SULLANA,BELLAVISTA,MOVIMIENTO INDEPENDIENTE SULLANA AVANZA,604
190602,PIURA,SULLANA,BELLAVISTA,MOVIMIENTO INDEPENDIENTE UNIDOS CONSTRUYENDO,4145
190602,PIURA,SULLANA,BELLAVISTA,MOVIMIENTO NUEVA IZQUIERDA,103
190602,PIURA,SULLANA,BELLAVISTA,PARTIDO APRISTA PERUANO,3051
190602,PIURA,SULLANA,BELLAVISTA,PARTIDO DEMOCRATICO SOMOS PERU,1701
190602,PIURA,SULLANA,BELLAVISTA,PARTIDO PERU POSIBLE,613
190603,PIURA,SULLANA,LANCONES,ALIANZA ELECTORAL UNIDAD NACIONAL,101
190603,PIURA,SULLANA,LANCONES,ALIANZA ELECTORAL VAMOS VECINO,275
190603,PIURA,SULLANA,LANCONES,FUERZA DEMOCRATICA,14
190603,PIURA,SULLANA,LANCONES,MOVIMIENTO ECOLOGISTA ALTERNATIVA VERDE - LOS VERDES,18
190603,PIURA,SULLANA,LANCONES,MOVIMIENTO INDEPENDIENTE DE ACCION RENOVADORA DE SULLANA - MARS,333
190603,PIURA,SULLANA,LANCONES,MOVIMIENTO INDEPENDIENTE DE DESARROLLO LOCAL - MODELO,1336
190603,PIURA,SULLANA,LANCONES,MOVIMIENTO INDEPENDIENTE SULLANA AVANZA,143
190603,PIURA,SULLANA,LANCONES,MOVIMIENTO INDEPENDIENTE UNIDOS CONSTRUYENDO,548
190603,PIURA,SULLANA,LANCONES,PARTIDO ACCION POPULAR,131
190603,PIURA,SULLANA,LANCONES,PARTIDO APRISTA PERUANO,409
190603,PIURA,SULLANA,LANCONES,PARTIDO DEMOCRATICO SOMOS PERU,592
190603,PIURA,SULLANA,LANCONES,PARTIDO PERU POSIBLE,50
190604,PIURA,SULLANA,MARCAVELICA,ALIANZA ELECTORAL UNIDAD NACIONAL,673
190604,PIURA,SULLANA,MARCAVELICA,ALIANZA PARA EL PROGRESO,456
190604,PIURA,SULLANA,MARCAVELICA,FUERZA DEMOCRATICA,356
190604,PIURA,SULLANA,MARCAVELICA,MOVIMIENTO ECOLOGISTA ALTERNATIVA VERDE - LOS VERDES,627
190604,PIURA,SULLANA,MARCAVELICA,MOVIMIENTO INDEPENDIENTE DE ACCION RENOVADORA DE SULLANA - MARS,1366
190604,PIURA,SULLANA,MARCAVELICA,MOVIMIENTO INDEPENDIENTE DE DESARROLLO LOCAL - MODELO,762
190604,PIURA,SULLANA,MARCAVELICA,MOVIMIENTO INDEPENDIENTE MARCAVELICA UNIDAD Y FUERZA,550
190604,PIURA,SULLANA,MARCAVELICA,MOVIMIENTO INDEPENDIENTE POTENCIA COMUNAL,1922
190604,PIURA,SULLANA,MARCAVELICA,PARTIDO APRISTA PERUANO,1319
190604,PIURA,SULLANA,MARCAVELICA,PARTIDO DEMOCRATICO SOMOS PERU,1712
190605,PIURA,SULLANA,MIGUEL CHECA,ALIANZA ELECTORAL UNIDAD NACIONAL,641
190605,PIURA,SULLANA,MIGUEL CHECA,MOVIMIENTO ECOLOGISTA ALTERNATIVA VERDE - LOS VERDES,177
190605,PIURA,SULLANA,MIGUEL CHECA,MOVIMIENTO INDEPENDIENTE INNOVACION - SULLANA,126
190605,PIURA,SULLANA,MIGUEL CHECA,MOVIMIENTO INDEPENDIENTE PROVINCIAS UNIDAS,115
190605,PIURA,SULLANA,MIGUEL CHECA,MOVIMIENTO INDEPENDIENTE UNIDOS CONSTRUYENDO,330
190605,PIURA,SULLANA,MIGUEL CHECA,PARTIDO APRISTA PERUANO,1399
190605,PIURA,SULLANA,MIGUEL CHECA,PARTIDO DEMOCRATICO SOMOS PERU,198
190605,PIURA,SULLANA,MIGUEL CHECA,PARTIDO PERU POSIBLE,413
190606,PIURA,SULLANA,QUERECOTILLO,MOVIMIENTO ECOLOGISTA ALTERNATIVA VERDE - LOS VERDES,61
190606,PIURA,SULLANA,QUERECOTILLO,MOVIMIENTO INDEPENDIENTE DE ACCION RENOVADORA DE SULLANA - MARS,416
190606,PIURA,SULLANA,QUERECOTILLO,MOVIMIENTO INDEPENDIENTE DE DESARROLLO LOCAL - MODELO,1233
190606,PIURA,SULLANA,QUERECOTILLO,MOVIMIENTO INDEPENDIENTE PROVINCIAS UNIDAS,253
190606,PIURA,SULLANA,QUERECOTILLO,MOVIMIENTO INDEPENDIENTE QUERECOTILLO MAS OBRAS MAS CHAMBA,3737
190606,PIURA,SULLANA,QUERECOTILLO,MOVIMIENTO INDEPENDIENTE SULLANA AVANZA,1793
190606,PIURA,SULLANA,QUERECOTILLO,MOVIMIENTO INDEPENDIENTE UNIDOS CONSTRUYENDO,1671
190606,PIURA,SULLANA,QUERECOTILLO,PARTIDO APRISTA PERUANO,396
190606,PIURA,SULLANA,QUERECOTILLO,PARTIDO DEMOCRATICO SOMOS PERU,81
190606,PIURA,SULLANA,QUERECOTILLO,PARTIDO PERU POSIBLE,396
190607,PIURA,SULLANA,SALITRAL,ALIANZA ELECTORAL UNIDAD NACIONAL,28
190607,PIURA,SULLANA,SALITRAL,MOVIMIENTO INDEPENDIENTE DE ACCION RENOVADORA DE SULLANA - MARS,66
190607,PIURA,SULLANA,SALITRAL,MOVIMIENTO INDEPENDIENTE DE DESARROLLO LOCAL - MODELO,115
190607,PIURA,SULLANA,SALITRAL,PARTIDO ACCION POPULAR,1130
190607,PIURA,SULLANA,SALITRAL,PARTIDO APRISTA PERUANO,1578
190607,PIURA,SULLANA,SALITRAL,PARTIDO DEMOCRATICO SOMOS PERU,14
190608,PIURA,SULLANA,IGNACIO ESCUDERO,ALIANZA ELECTORAL UNIDAD NACIONAL,875
190608,PIURA,SULLANA,IGNACIO ESCUDERO,MOVIMIENTO ECOLOGISTA ALTERNATIVA VERDE - LOS VERDES,243
190608,PIURA,SULLANA,IGNACIO ESCUDERO,MOVIMIENTO INDEPENDIENTE DE ACCION RENOVADORA DE SULLANA - MARS,534
190608,PIURA,SULLANA,IGNACIO ESCUDERO,MOVIMIENTO INDEPENDIENTE DE DESARROLLO LOCAL - MODELO,1197
190608,PIURA,SULLANA,IGNACIO ESCUDERO,MOVIMIENTO INDEPENDIENTE SULLANA AVANZA,801
190608,PIURA,SULLANA,IGNACIO ESCUDERO,MOVIMIENTO INDEPENDIENTE UNIDOS CONSTRUYENDO,1019
190608,PIURA,SULLANA,IGNACIO ESCUDERO,PARTIDO ACCION POPULAR,240
190608,PIURA,SULLANA,IGNACIO ESCUDERO,PARTIDO APRISTA PERUANO,1148
190608,PIURA,SULLANA,IGNACIO ESCUDERO,PARTIDO DEMOCRATICO SOMOS PERU,820
190608,PIURA,SULLANA,IGNACIO ESCUDERO,PARTIDO PERU POSIBLE,608
190702,PIURA,TALARA,EL ALTO,AGRUPACION INDEPENDIENTE UNION POR EL PERU - FRENTE AMPLIO,25
190702,PIURA,TALARA,EL ALTO,ALIANZA ELECTORAL UNIDAD NACIONAL,447
190702,PIURA,TALARA,EL ALTO,FUERZA DEMOCRATICA,46
190702,PIURA,TALARA,EL ALTO,MOVIMIENTO INDEPENDIENTE GESTION PARA SERVIR Y NO PARA SERVIRNOS,470
190702,PIURA,TALARA,EL ALTO,MOVIMIENTO INDEPENDIENTE PUEBLO SIN AGUA,108
190702,PIURA,TALARA,EL ALTO,MOVIMIENTO INDEPENDIENTE SOMOS EL ALTO,673
190702,PIURA,TALARA,EL ALTO,MOVIMIENTO INDEPENDIENTE UNA MUJER PARA EL CAMBIO,56
190702,PIURA,TALARA,EL ALTO,MOVIMIENTO VECINAL TALARA TU,82
190702,PIURA,TALARA,EL ALTO,PARTIDO ACCION POPULAR,40
190702,PIURA,TALARA,EL ALTO,PARTIDO APRISTA PERUANO,444
190702,PIURA,TALARA,EL ALTO,PARTIDO DEMOCRATICO SOMOS PERU,358
190702,PIURA,TALARA,EL ALTO,PARTIDO PERU POSIBLE,576
190703,PIURA,TALARA,LA BREA,AGRUPACION INDEPENDIENTE UNION POR EL PERU - FRENTE AMPLIO,461
190703,PIURA,TALARA,LA BREA,ALIANZA ELECTORAL UNIDAD NACIONAL,880
190703,PIURA,TALARA,LA BREA,FRENTE INDEPENDIENTE MORALIZADOR,117
190703,PIURA,TALARA,LA BREA,FUERZA DEMOCRATICA,262
190703,PIURA,TALARA,LA BREA,MOVIMIENTO INDEPENDIENTE POR EL BUEN CAMINO,344
190703,PIURA,TALARA,LA BREA,MOVIMIENTO VECINAL TALARA TU,1846
190703,PIURA,TALARA,LA BREA,PARTIDO ACCION POPULAR,1446
190703,PIURA,TALARA,LA BREA,PARTIDO APRISTA PERUANO,615
190703,PIURA,TALARA,LA BREA,PARTIDO DEMOCRATICO SOMOS PERU,331
190703,PIURA,TALARA,LA BREA,PARTIDO PERU POSIBLE,392
190704,PIURA,TALARA,LOBITOS,AGRUPACION INDEPENDIENTE UNION POR EL PERU - FRENTE AMPLIO,91
190704,PIURA,TALARA,LOBITOS,ALIANZA ELECTORAL UNIDAD NACIONAL,22
190704,PIURA,TALARA,LOBITOS,MOVIMIENTO INDEPENDIENTE POR EL BUEN CAMINO,107
190704,PIURA,TALARA,LOBITOS,MOVIMIENTO NUEVA IZQUIERDA,62
190704,PIURA,TALARA,LOBITOS,MOVIMIENTO VECINAL TALARA TU,124
190704,PIURA,TALARA,LOBITOS,PARTIDO APRISTA PERUANO,27
190704,PIURA,TALARA,LOBITOS,PARTIDO DEMOCRATICO SOMOS PERU,33
190704,PIURA,TALARA,LOBITOS,PARTIDO PERU POSIBLE,53
190705,PIURA,TALARA,MANCORA,ALIANZA ELECTORAL UNIDAD NACIONAL,214
190705,PIURA,TALARA,MANCORA,FUERZA DEMOCRATICA,328
190705,PIURA,TALARA,MANCORA,MOVIMIENTO INDEPENDIENTE DESARROLLO EN ACCION,1387
190705,PIURA,TALARA,MANCORA,MOVIMIENTO INDEPENDIENTE POR EL BUEN CAMINO,1212
190705,PIURA,TALARA,MANCORA,PARTIDO ACCION POPULAR,166
190705,PIURA,TALARA,MANCORA,PARTIDO APRISTA PERUANO,371
190705,PIURA,TALARA,MANCORA,PARTIDO DEMOCRATICO SOMOS PERU,63
190705,PIURA,TALARA,MANCORA,PARTIDO PERU POSIBLE,206
190706,PIURA,TALARA,LOS ORGANOS,AGRUPACION VECINAL PARA EL DESARROLLO DE LOS ORGANOS,268
190706,PIURA,TALARA,LOS ORGANOS,ALIANZA ELECTORAL UNIDAD NACIONAL,53
190706,PIURA,TALARA,LOS ORGANOS,FUERZA DEMOCRATICA,112
190706,PIURA,TALARA,LOS ORGANOS,MOVIMIENTO INDEPENDIENTE POR EL BUEN CAMINO,112
190706,PIURA,TALARA,LOS ORGANOS,MOVIMIENTO NUEVA IZQUIERDA,122
190706,PIURA,TALARA,LOS ORGANOS,MOVIMIENTO VECINAL TALARA TU,75
190706,PIURA,TALARA,LOS ORGANOS,PARTIDO ACCION POPULAR,854
190706,PIURA,TALARA,LOS ORGANOS,PARTIDO APRISTA PERUANO,327
190706,PIURA,TALARA,LOS ORGANOS,PARTIDO DEMOCRATICO SOMOS PERU,939
190706,PIURA,TALARA,LOS ORGANOS,PARTIDO PERU POSIBLE,169
190706,PIURA,TALARA,LOS ORGANOS,PARTIDO POLITICO NACIONAL PRIMERO PERU,26
190706,PIURA,TALARA,LOS ORGANOS,POR UN TALARA MODERNO,1001
190802,PIURA,SECHURA,VICE,MOVIMIENTO INDEPENDIENTE MODERNIZANDO VICE,1306
190802,PIURA,SECHURA,VICE,MOVIMIENTO MAR - VICEÑO,2674
190802,PIURA,SECHURA,VICE,PARTIDO APRISTA PERUANO,547
190803,PIURA,SECHURA,BERNAL,AGRUPACION INDEPENDIENTE UNION POR EL PERU - FRENTE AMPLIO,177
190803,PIURA,SECHURA,BERNAL,BERNAL RETORNO AL PROGRESO,197
190803,PIURA,SECHURA,BERNAL,"LISTA INDEPENDIENTE ""INNOVACION BERNAL 2001""",632
190803,PIURA,SECHURA,BERNAL,"MOVIMIENTO INDEPENDIENTE ""SEGUIMOS AVANZANDO HACIA LA MODERNIDAD""",828
190803,PIURA,SECHURA,BERNAL,PARTIDO APRISTA PERUANO,621
190803,PIURA,SECHURA,BERNAL,PARTIDO DEMOCRATICO SOMOS PERU,38
190803,PIURA,SECHURA,BERNAL,PARTIDO PERU POSIBLE,255
190804,PIURA,SECHURA,BELLAVISTA DE LA UNION,BELLAVISTA AL FUTURO,965
190804,PIURA,SECHURA,BELLAVISTA DE LA UNION,MOVIMIENTO INDEPENDIENTE AMISTAD,930
190805,PIURA,SECHURA,CRISTO NOS VALGA,MOVIMIENTO INDEPENDIENTE SEC YURAC,99
190805,PIURA,SECHURA,CRISTO NOS VALGA,MOVIMIENTO INDEPENDIENTE UNIDO PARA EL CAMBIO,202
190805,PIURA,SECHURA,CRISTO NOS VALGA,PARTIDO APRISTA PERUANO,431
190805,PIURA,SECHURA,CRISTO NOS VALGA,SECHURA RUMBO AL PROGRESO,570
190806,PIURA,SECHURA,RINCONADA-LLICUAR,ALIANZA INDEPENDIENTE UNIFICADA RINCONADA LLICUAR,455
190806,PIURA,SECHURA,RINCONADA-LLICUAR,INTEGRACION DISTRITAL RINCONADA LLICUAR,612
190806,PIURA,SECHURA,RINCONADA-LLICUAR,RINCONADA LLICUAR OBRAS A LA VISTA,436
200102,PUNO,PUNO,ACORA,FRENTE AMPLIO PARA EL DESARROLLO DE PUNO - FADEP,1096
200102,PUNO,PUNO,ACORA,FUERZA DEMOCRATICA,81
200102,PUNO,PUNO,ACORA,"MOVIMIENTO INDEPENDIENTE REGIONAL ""FRENTE UNIDO PROGRESISTA""",140
200102,PUNO,PUNO,ACORA,MOVIMIENTO NUEVA IZQUIERDA,290
200102,PUNO,PUNO,ACORA,MOVIMIENTO POLITICO UNION REGIONAL PARA EL DESARROLLO,1104
200102,PUNO,PUNO,ACORA,"MOVIMIENTO POR LA AUTONOMIA REGIONAL QUECHUA Y AYMARA ""MARQA""",789
200102,PUNO,PUNO,ACORA,PARTIDO ACCION POPULAR,497
200102,PUNO,PUNO,ACORA,PARTIDO APRISTA PERUANO,1862
200102,PUNO,PUNO,ACORA,PARTIDO DEMOCRATICO SOMOS PERU,1065
200102,PUNO,PUNO,ACORA,PARTIDO PERU POSIBLE,461
200102,PUNO,PUNO,ACORA,PARTIDO RECONSTRUCCION DEMOCRATICA (PRD),1025
200102,PUNO,PUNO,ACORA,PARTIDO RENACIMIENTO ANDINO,636
200102,PUNO,PUNO,ACORA,PODER DEMOCRATICO REGIONAL,1326
200102,PUNO,PUNO,ACORA,PROYECTO POLITICO AYMARA,2287
200103,PUNO,PUNO,ATUNCOLLA,FRENTE AMPLIO PARA EL DESARROLLO DE PUNO - FADEP,257
200103,PUNO,PUNO,ATUNCOLLA,MOVIMIENTO POLITICO UNION REGIONAL PARA EL DESARROLLO,570
200103,PUNO,PUNO,ATUNCOLLA,PARTIDO ACCION POPULAR,314
200103,PUNO,PUNO,ATUNCOLLA,PARTIDO APRISTA PERUANO,135
200103,PUNO,PUNO,ATUNCOLLA,PARTIDO DEMOCRATICO SOMOS PERU,539
200103,PUNO,PUNO,ATUNCOLLA,PARTIDO PERU POSIBLE,126
200103,PUNO,PUNO,ATUNCOLLA,PODER DEMOCRATICO REGIONAL,336
200104,PUNO,PUNO,CAPACHICA,AGRUPACION INDEPENDIENTE UNION POR EL PERU - FRENTE AMPLIO,774
200104,PUNO,PUNO,CAPACHICA,ALIANZA ELECTORAL UNIDAD NACIONAL,290
200104,PUNO,PUNO,CAPACHICA,FRENTE AMPLIO PARA EL DESARROLLO DE PUNO - FADEP,790
200104,PUNO,PUNO,CAPACHICA,FRENTE INDEPENDIENTE SALVEMOS CAPACHICA,144
200104,PUNO,PUNO,CAPACHICA,MOVIMIENTO NUEVA IZQUIERDA,307
200104,PUNO,PUNO,CAPACHICA,MOVIMIENTO POLITICO UNION REGIONAL PARA EL DESARROLLO,187
200104,PUNO,PUNO,CAPACHICA,"MOVIMIENTO POR LA AUTONOMIA REGIONAL QUECHUA Y AYMARA ""MARQA""",92
200104,PUNO,PUNO,CAPACHICA,PARTIDO ACCION POPULAR,32
200104,PUNO,PUNO,CAPACHICA,PARTIDO APRISTA PERUANO,115
200104,PUNO,PUNO,CAPACHICA,PARTIDO DEMOCRATICO SOMOS PERU,174
200104,PUNO,PUNO,CAPACHICA,PARTIDO PERU POSIBLE,420
200104,PUNO,PUNO,CAPACHICA,PARTIDO RENACIMIENTO ANDINO,404
200104,PUNO,PUNO,CAPACHICA,PODER DEMOCRATICO REGIONAL,492
200105,PUNO,PUNO,COATA,AGRUPACION INDEPENDIENTE UNION POR EL PERU - FRENTE AMPLIO,282
200105,PUNO,PUNO,COATA,MOVIMIENTO NUEVA IZQUIERDA,141
200105,PUNO,PUNO,COATA,MOVIMIENTO POLITICO UNION REGIONAL PARA EL DESARROLLO,639
200105,PUNO,PUNO,COATA,PARTIDO ACCION POPULAR,485
200105,PUNO,PUNO,COATA,PARTIDO APRISTA PERUANO,73
200105,PUNO,PUNO,COATA,PARTIDO DEMOCRATICO SOMOS PERU,882
200105,PUNO,PUNO,COATA,PARTIDO PERU POSIBLE,164
200105,PUNO,PUNO,COATA,PARTIDO RENACIMIENTO ANDINO,91
200105,PUNO,PUNO,COATA,PODER DEMOCRATICO REGIONAL,127
200106,PUNO,PUNO,CHUCUITO,AGRUPACION INDEPENDIENTE UNION POR EL PERU - FRENTE AMPLIO,27
200106,PUNO,PUNO,CHUCUITO,FRENTE AMPLIO PARA EL DESARROLLO DE PUNO - FADEP,245
200106,PUNO,PUNO,CHUCUITO,MOVIMIENTO ANDINO DE PARTICIPACION AYMARA (MAPA),538
200106,PUNO,PUNO,CHUCUITO,"MOVIMIENTO INDEPENDIENTE ""NUEVO PROYECTO CHUCUITO""",167
200106,PUNO,PUNO,CHUCUITO,MOVIMIENTO INDEPENDIENTE LISTOS,50
200106,PUNO,PUNO,CHUCUITO,MOVIMIENTO NUEVA IZQUIERDA,27
200106,PUNO,PUNO,CHUCUITO,MOVIMIENTO POLITICO UNION REGIONAL PARA EL DESARROLLO,221
200106,PUNO,PUNO,CHUCUITO,"MOVIMIENTO POR LA AUTONOMIA REGIONAL QUECHUA Y AYMARA ""MARQA""",334
200106,PUNO,PUNO,CHUCUITO,PARTIDO ACCION POPULAR,25
200106,PUNO,PUNO,CHUCUITO,PARTIDO APRISTA PERUANO,971
200106,PUNO,PUNO,CHUCUITO,PARTIDO DEMOCRATICO SOMOS PERU,351
200106,PUNO,PUNO,CHUCUITO,PARTIDO PERU POSIBLE,143
200106,PUNO,PUNO,CHUCUITO,PARTIDO RECONSTRUCCION DEMOCRATICA (PRD),551
200106,PUNO,PUNO,CHUCUITO,PARTIDO RENACIMIENTO ANDINO,28
200106,PUNO,PUNO,CHUCUITO,PODER DEMOCRATICO REGIONAL,764
200107,PUNO,PUNO,HUATA,FRENTE AMPLIO PARA EL DESARROLLO DE PUNO - FADEP,60
200107,PUNO,PUNO,HUATA,FUERZA DEMOCRATICA,73
200107,PUNO,PUNO,HUATA,MOVIMIENTO NUEVA IZQUIERDA,116
200107,PUNO,PUNO,HUATA,MOVIMIENTO POLITICO UNION REGIONAL PARA EL DESARROLLO,390
200107,PUNO,PUNO,HUATA,PARTIDO ACCION POPULAR,345
200107,PUNO,PUNO,HUATA,PARTIDO APRISTA PERUANO,30
200107,PUNO,PUNO,HUATA,PARTIDO DEMOCRATICO SOMOS PERU,99
200107,PUNO,PUNO,HUATA,PARTIDO PERU POSIBLE,219
200107,PUNO,PUNO,HUATA,PARTIDO RENACIMIENTO ANDINO,220
200108,PUNO,PUNO,MAÑAZO,ALIANZA ELECTORAL UNIDAD NACIONAL,17
200108,PUNO,PUNO,MAÑAZO,FRENTE AMPLIO PARA EL DESARROLLO DE PUNO - FADEP,52
200108,PUNO,PUNO,MAÑAZO,"GENERACION POR OBRAS ""GO""",564
200108,PUNO,PUNO,MAÑAZO,MOVIMIENTO AMPLIO PAIS UNIDO - MAPU,75
200108,PUNO,PUNO,MAÑAZO,MOVIMIENTO POLITICO UNION REGIONAL PARA EL DESARROLLO,705
200108,PUNO,PUNO,MAÑAZO,"MOVIMIENTO POR LA AUTONOMIA REGIONAL QUECHUA Y AYMARA ""MARQA""",268
200108,PUNO,PUNO,MAÑAZO,PARTIDO ACCION POPULAR,75
200108,PUNO,PUNO,MAÑAZO,PARTIDO APRISTA PERUANO,232
200108,PUNO,PUNO,MAÑAZO,PARTIDO DEMOCRATICO SOMOS PERU,217
200108,PUNO,PUNO,MAÑAZO,PARTIDO PERU POSIBLE,56
200108,PUNO,PUNO,MAÑAZO,PARTIDO RENACIMIENTO ANDINO,67
200108,PUNO,PUNO,MAÑAZO,PODER DEMOCRATICO REGIONAL,80
200109,PUNO,PUNO,PAUCARCOLLA,AGRUPACION INDEPENDIENTE UNION POR EL PERU - FRENTE AMPLIO,411
200109,PUNO,PUNO,PAUCARCOLLA,FRENTE AMPLIO PARA EL DESARROLLO DE PUNO - FADEP,127
200109,PUNO,PUNO,PAUCARCOLLA,MOVIMIENTO NUEVA IZQUIERDA,38
200109,PUNO,PUNO,PAUCARCOLLA,MOVIMIENTO POLITICO UNION REGIONAL PARA EL DESARROLLO,97
200109,PUNO,PUNO,PAUCARCOLLA,"MOVIMIENTO POR LA AUTONOMIA REGIONAL QUECHUA Y AYMARA ""MARQA""",172
200109,PUNO,PUNO,PAUCARCOLLA,PARTIDO ACCION POPULAR,43
200109,PUNO,PUNO,PAUCARCOLLA,PARTIDO APRISTA PERUANO,219
200109,PUNO,PUNO,PAUCARCOLLA,PARTIDO DEMOCRATICO SOMOS PERU,249
200109,PUNO,PUNO,PAUCARCOLLA,PARTIDO PERU POSIBLE,34
200109,PUNO,PUNO,PAUCARCOLLA,PARTIDO RENACIMIENTO ANDINO,89
200109,PUNO,PUNO,PAUCARCOLLA,PODER DEMOCRATICO REGIONAL,412
200110,PUNO,PUNO,PICHACANI,AGRUPACION INDEPENDIENTE UNION POR EL PERU - FRENTE AMPLIO,27
200110,PUNO,PUNO,PICHACANI,FRENTE AMPLIO PARA EL DESARROLLO DE PUNO - FADEP,367
200110,PUNO,PUNO,PICHACANI,FUERZA DEMOCRATICA,39
200110,PUNO,PUNO,PICHACANI,MOVIMIENTO NUEVA IZQUIERDA,85
200110,PUNO,PUNO,PICHACANI,MOVIMIENTO POLITICO UNION REGIONAL PARA EL DESARROLLO,1235
200110,PUNO,PUNO,PICHACANI,"MOVIMIENTO POR LA AUTONOMIA REGIONAL QUECHUA Y AYMARA ""MARQA""",316
200110,PUNO,PUNO,PICHACANI,PARTIDO ACCION POPULAR,270
200110,PUNO,PUNO,PICHACANI,PARTIDO APRISTA PERUANO,72
200110,PUNO,PUNO,PICHACANI,PARTIDO DEMOCRATICO SOMOS PERU,187
200110,PUNO,PUNO,PICHACANI,PARTIDO PERU POSIBLE,55
200110,PUNO,PUNO,PICHACANI,PARTIDO RENACIMIENTO ANDINO,23
200110,PUNO,PUNO,PICHACANI,PODER DEMOCRATICO REGIONAL,503
200111,PUNO,PUNO,SAN ANTONIO,FRENTE AMPLIO PARA EL DESARROLLO DE PUNO - FADEP,63
200111,PUNO,PUNO,SAN ANTONIO,MOVIMIENTO POLITICO UNION REGIONAL PARA EL DESARROLLO,137
200111,PUNO,PUNO,SAN ANTONIO,PARTIDO ACCION POPULAR,63
200111,PUNO,PUNO,SAN ANTONIO,PARTIDO APRISTA PERUANO,116
200111,PUNO,PUNO,SAN ANTONIO,PARTIDO PERU POSIBLE,50
200111,PUNO,PUNO,SAN ANTONIO,PODER DEMOCRATICO REGIONAL,111
200112,PUNO,PUNO,TIQUILLACA,AGRUPACION INDEPENDIENTE UNION POR EL PERU - FRENTE AMPLIO,6
200112,PUNO,PUNO,TIQUILLACA,ALIANZA ELECTORAL UNIDAD NACIONAL,11
200112,PUNO,PUNO,TIQUILLACA,FRENTE AMPLIO PARA EL DESARROLLO DE PUNO - FADEP,44
200112,PUNO,PUNO,TIQUILLACA,MOVIMIENTO POLITICO UNION REGIONAL PARA EL DESARROLLO,68
200112,PUNO,PUNO,TIQUILLACA,"MOVIMIENTO POR LA AUTONOMIA REGIONAL QUECHUA Y AYMARA ""MARQA""",82
200112,PUNO,PUNO,TIQUILLACA,PARTIDO ACCION POPULAR,71
200112,PUNO,PUNO,TIQUILLACA,PARTIDO APRISTA PERUANO,24
200112,PUNO,PUNO,TIQUILLACA,PARTIDO DEMOCRATICO SOMOS PERU,75
200112,PUNO,PUNO,TIQUILLACA,PARTIDO PERU POSIBLE,27
200112,PUNO,PUNO,TIQUILLACA,PARTIDO RECONSTRUCCION DEMOCRATICA (PRD),228
200112,PUNO,PUNO,TIQUILLACA,PARTIDO RENACIMIENTO ANDINO,205
200112,PUNO,PUNO,TIQUILLACA,PODER DEMOCRATICO REGIONAL,123
200113,PUNO,PUNO,VILQUE,AGRUPACION INDEPENDIENTE UNION POR EL PERU - FRENTE AMPLIO,180
200113,PUNO,PUNO,VILQUE,MOVIMIENTO NUEVA IZQUIERDA,63
200113,PUNO,PUNO,VILQUE,MOVIMIENTO POLITICO UNION REGIONAL PARA EL DESARROLLO,126
200113,PUNO,PUNO,VILQUE,"MOVIMIENTO POR LA AUTONOMIA REGIONAL QUECHUA Y AYMARA ""MARQA""",134
200113,PUNO,PUNO,VILQUE,PARTIDO ACCION POPULAR,53
200113,PUNO,PUNO,VILQUE,PARTIDO APRISTA PERUANO,69
200113,PUNO,PUNO,VILQUE,PARTIDO DEMOCRATICO SOMOS PERU,108
200113,PUNO,PUNO,VILQUE,PARTIDO PERU POSIBLE,75
200113,PUNO,PUNO,VILQUE,PARTIDO RENACIMIENTO ANDINO,198
200113,PUNO,PUNO,VILQUE,PODER DEMOCRATICO REGIONAL,232
200114,PUNO,PUNO,PLATERIA,AGRUPACION INDEPENDIENTE UNION POR EL PERU - FRENTE AMPLIO,125
200114,PUNO,PUNO,PLATERIA,ALIANZA ELECTORAL UNIDAD NACIONAL,553
200114,PUNO,PUNO,PLATERIA,FRENTE AMPLIO PARA EL DESARROLLO DE PUNO - FADEP,83
200114,PUNO,PUNO,PLATERIA,MOVIMIENTO FUERZA INDEPENDIENTE NUEVA PLATERIA,158
200114,PUNO,PUNO,PLATERIA,"MOVIMIENTO INDEPENDIENTE REGIONAL ""FRENTE UNIDO PROGRESISTA""",152
200114,PUNO,PUNO,PLATERIA,MOVIMIENTO NUEVA IZQUIERDA,272
200114,PUNO,PUNO,PLATERIA,MOVIMIENTO POLITICO UNION REGIONAL PARA EL DESARROLLO,510
200114,PUNO,PUNO,PLATERIA,"MOVIMIENTO POR LA AUTONOMIA REGIONAL QUECHUA Y AYMARA ""MARQA""",211
200114,PUNO,PUNO,PLATERIA,PARTIDO ACCION POPULAR,78
200114,PUNO,PUNO,PLATERIA,PARTIDO APRISTA PERUANO,266
200114,PUNO,PUNO,PLATERIA,PARTIDO DEMOCRATICO SOMOS PERU,389
200114,PUNO,PUNO,PLATERIA,PARTIDO PERU POSIBLE,140
200114,PUNO,PUNO,PLATERIA,PARTIDO RECONSTRUCCION DEMOCRATICA (PRD),164
200114,PUNO,PUNO,PLATERIA,PARTIDO RENACIMIENTO ANDINO,865
200114,PUNO,PUNO,PLATERIA,PODER DEMOCRATICO REGIONAL,287
200115,PUNO,PUNO,AMANTANI,ALIANZA ELECTORAL UNIDAD NACIONAL,143
200115,PUNO,PUNO,AMANTANI,ALIANZA ELECTORAL VAMOS VECINO,362
200115,PUNO,PUNO,AMANTANI,FRENTE AMPLIO PARA EL DESARROLLO DE PUNO - FADEP,369
200115,PUNO,PUNO,AMANTANI,FUERZA DEMOCRATICA,103
200115,PUNO,PUNO,AMANTANI,MOVIMIENTO NUEVA IZQUIERDA,33
200115,PUNO,PUNO,AMANTANI,MOVIMIENTO POLITICO UNION REGIONAL PARA EL DESARROLLO,367
200115,PUNO,PUNO,AMANTANI,"MOVIMIENTO POR LA AUTONOMIA REGIONAL QUECHUA Y AYMARA ""MARQA""",66
200115,PUNO,PUNO,AMANTANI,PARTIDO ACCION POPULAR,29
200115,PUNO,PUNO,AMANTANI,PARTIDO APRISTA PERUANO,56
200115,PUNO,PUNO,AMANTANI,PARTIDO DEMOCRATICO SOMOS PERU,212
200115,PUNO,PUNO,AMANTANI,PARTIDO RENACIMIENTO ANDINO,57
200115,PUNO,PUNO,AMANTANI,PODER DEMOCRATICO REGIONAL,214
200202,PUNO,AZANGARO,ACHAYA,ALIANZA ELECTORAL UNIDAD NACIONAL,28
200202,PUNO,AZANGARO,ACHAYA,FRENTE INDEPENDIENTE AVANCEMOS ACHAYA,140
200202,PUNO,AZANGARO,ACHAYA,FRENTE INDEPENDIENTE MORALIZADOR,133
200202,PUNO,AZANGARO,ACHAYA,MOVIMIENTO AMPLIO PAIS UNIDO - MAPU,25
200202,PUNO,AZANGARO,ACHAYA,MOVIMIENTO POLITICO UNION REGIONAL PARA EL DESARROLLO,245
200202,PUNO,AZANGARO,ACHAYA,PARTIDO ACCION POPULAR,327
200202,PUNO,AZANGARO,ACHAYA,PARTIDO APRISTA PERUANO,85
200202,PUNO,AZANGARO,ACHAYA,PARTIDO PERU POSIBLE,171
200202,PUNO,AZANGARO,ACHAYA,PARTIDO RECONSTRUCCION DEMOCRATICA (PRD),80
200202,PUNO,AZANGARO,ACHAYA,PARTIDO RENACIMIENTO ANDINO,92
200203,PUNO,AZANGARO,ARAPA,AGRUPACION INDEPENDIENTE UNION POR EL PERU - FRENTE AMPLIO,101
200203,PUNO,AZANGARO,ARAPA,FRENTE INDEPENDIENTE SALVEMOS ARAPA CON OBRAS,141
200203,PUNO,AZANGARO,ARAPA,"LISTA INDEPENDIENTE ""DESARROLLO COMUNAL DE ARAPA""",739
200203,PUNO,AZANGARO,ARAPA,"MOVIMIENTO INDEPENDIENTE ""UNIDAD Y TRABAJO""",430
200203,PUNO,AZANGARO,ARAPA,"MOVIMIENTO INDEPENDIENTE REGIONAL ""FRENTE UNIDO PROGRESISTA""",321
200203,PUNO,AZANGARO,ARAPA,MOVIMIENTO NUEVA IZQUIERDA,106
200203,PUNO,AZANGARO,ARAPA,MOVIMIENTO POLITICO UNION REGIONAL PARA EL DESARROLLO,375
200203,PUNO,AZANGARO,ARAPA,"MOVIMIENTO POR LA AUTONOMIA REGIONAL QUECHUA Y AYMARA ""MARQA""",74
200203,PUNO,AZANGARO,ARAPA,PARTIDO ACCION POPULAR,98
200203,PUNO,AZANGARO,ARAPA,PARTIDO APRISTA PERUANO,75
200203,PUNO,AZANGARO,ARAPA,PARTIDO DEMOCRATICO SOMOS PERU,97
200203,PUNO,AZANGARO,ARAPA,PARTIDO PERU POSIBLE,261
200203,PUNO,AZANGARO,ARAPA,PARTIDO RENACIMIENTO ANDINO,108
200203,PUNO,AZANGARO,ARAPA,PODER DEMOCRATICO REGIONAL,104
200204,PUNO,AZANGARO,ASILLO,AGRUPACION INDEPENDIENTE UNION POR EL PERU - FRENTE AMPLIO,336
200204,PUNO,AZANGARO,ASILLO,FRENTE INDEPENDIENTE MORALIZADOR,726
200204,PUNO,AZANGARO,ASILLO,MOVIMIENTO AMPLIO PAIS UNIDO - MAPU,180
200204,PUNO,AZANGARO,ASILLO,MOVIMIENTO NUEVA IZQUIERDA,840
200204,PUNO,AZANGARO,ASILLO,MOVIMIENTO POLITICO UNION REGIONAL PARA EL DESARROLLO,556
200204,PUNO,AZANGARO,ASILLO,"MOVIMIENTO POR LA AUTONOMIA REGIONAL QUECHUA Y AYMARA ""MARQA""",775
200204,PUNO,AZANGARO,ASILLO,PARTIDO APRISTA PERUANO,160
200204,PUNO,AZANGARO,ASILLO,PARTIDO DEMOCRATICO SOMOS PERU,375
200204,PUNO,AZANGARO,ASILLO,PARTIDO PERU POSIBLE,215
200204,PUNO,AZANGARO,ASILLO,PARTIDO POLITICO NACIONAL PRIMERO PERU,380
200204,PUNO,AZANGARO,ASILLO,PARTIDO RECONSTRUCCION DEMOCRATICA (PRD),251
200204,PUNO,AZANGARO,ASILLO,PARTIDO RENACIMIENTO ANDINO,238
200204,PUNO,AZANGARO,ASILLO,PODER DEMOCRATICO REGIONAL,279
200204,PUNO,AZANGARO,ASILLO,TRABAJEMOS POR ASILLO,1129
200205,PUNO,AZANGARO,CAMINACA,FRENTE INDEPENDIENTE UNIDOS POR EL DESARROLLO DE CAMINACA,513
200205,PUNO,AZANGARO,CAMINACA,"MOVIMIENTO INDEPENDIENTE ""CAMINACA AL PROGRESO""",89
200205,PUNO,AZANGARO,CAMINACA,MOVIMIENTO POLITICO UNION REGIONAL PARA EL DESARROLLO,502
200205,PUNO,AZANGARO,CAMINACA,PARTIDO ACCION POPULAR,229
200205,PUNO,AZANGARO,CAMINACA,PARTIDO APRISTA PERUANO,91
200205,PUNO,AZANGARO,CAMINACA,PARTIDO DEMOCRATICO SOMOS PERU,102
200205,PUNO,AZANGARO,CAMINACA,PARTIDO PERU POSIBLE,89
200205,PUNO,AZANGARO,CAMINACA,PARTIDO POLITICO NACIONAL PRIMERO PERU,29
200205,PUNO,AZANGARO,CAMINACA,PARTIDO RENACIMIENTO ANDINO,310
200205,PUNO,AZANGARO,CAMINACA,PODER DEMOCRATICO REGIONAL,151
200206,PUNO,AZANGARO,CHUPA,AGRUPACION INDEPENDIENTE UNION POR EL PERU - FRENTE AMPLIO,222
200206,PUNO,AZANGARO,CHUPA,FRENTE INDEPENDIENTE AGRARISTA Y OBRAS,180
200206,PUNO,AZANGARO,CHUPA,FRENTE INDEPENDIENTE PROGRESISTA POR CHUPA,111
200206,PUNO,AZANGARO,CHUPA,FUERZA DEMOCRATICA,534
200206,PUNO,AZANGARO,CHUPA,MOVIMIENTO AMPLIO PAIS UNIDO - MAPU,190
200206,PUNO,AZANGARO,CHUPA,MOVIMIENTO DE RESISTENCIA POR LA DEMOCRACIA CAMPESINA,298
200206,PUNO,AZANGARO,CHUPA,"MOVIMIENTO INDEPENDIENTE CAMPESINO ""UNION CHUPA""",21
200206,PUNO,AZANGARO,CHUPA,MOVIMIENTO NUEVA IZQUIERDA,263
200206,PUNO,AZANGARO,CHUPA,MOVIMIENTO POLITICO UNION REGIONAL PARA EL DESARROLLO,118
200206,PUNO,AZANGARO,CHUPA,"MOVIMIENTO POR LA AUTONOMIA REGIONAL QUECHUA Y AYMARA ""MARQA""",67
200206,PUNO,AZANGARO,CHUPA,PARTIDO ACCION POPULAR,19
200206,PUNO,AZANGARO,CHUPA,PARTIDO APRISTA PERUANO,186
200206,PUNO,AZANGARO,CHUPA,PARTIDO DEMOCRATICO SOMOS PERU,213
200206,PUNO,AZANGARO,CHUPA,PARTIDO PERU POSIBLE,301
200206,PUNO,AZANGARO,CHUPA,PARTIDO POLITICO NACIONAL PRIMERO PERU,350
200206,PUNO,AZANGARO,CHUPA,PARTIDO RENACIMIENTO ANDINO,36
200206,PUNO,AZANGARO,CHUPA,PODER DEMOCRATICO REGIONAL,86
200206,PUNO,AZANGARO,CHUPA,TODOS POR CHUPA,389
200207,PUNO,AZANGARO,JOSE DOMINGO CHOQUEHUANCA,FRENTE INDEPENDIENTE CHOQUEHUANCA TRABAJO Y PROGRESO,272
200207,PUNO,AZANGARO,JOSE DOMINGO CHOQUEHUANCA,MOVIMIENTO NUEVA IZQUIERDA,328
200207,PUNO,AZANGARO,JOSE DOMINGO CHOQUEHUANCA,MOVIMIENTO POLITICO UNION REGIONAL PARA EL DESARROLLO,88
200207,PUNO,AZANGARO,JOSE DOMINGO CHOQUEHUANCA,"MOVIMIENTO POR LA AUTONOMIA REGIONAL QUECHUA Y AYMARA ""MARQA""",132
200207,PUNO,AZANGARO,JOSE DOMINGO CHOQUEHUANCA,PARTIDO ACCION POPULAR,516
200207,PUNO,AZANGARO,JOSE DOMINGO CHOQUEHUANCA,PARTIDO APRISTA PERUANO,244
200207,PUNO,AZANGARO,JOSE DOMINGO CHOQUEHUANCA,PARTIDO DEMOCRATICO SOMOS PERU,145
200207,PUNO,AZANGARO,JOSE DOMINGO CHOQUEHUANCA,PARTIDO PERU POSIBLE,271
200207,PUNO,AZANGARO,JOSE DOMINGO CHOQUEHUANCA,PARTIDO RENACIMIENTO ANDINO,54
200207,PUNO,AZANGARO,JOSE DOMINGO CHOQUEHUANCA,PODER DEMOCRATICO REGIONAL,440
200208,PUNO,AZANGARO,MUÑANI,AGRUPACION INDEPENDIENTE UNION POR EL PERU - FRENTE AMPLIO,695
200208,PUNO,AZANGARO,MUÑANI,FRENTE INDEPENDIENTE MORALIZADOR,64
200208,PUNO,AZANGARO,MUÑANI,MOVIMIENTO NUEVA IZQUIERDA,387
200208,PUNO,AZANGARO,MUÑANI,MOVIMIENTO POLITICO UNION REGIONAL PARA EL DESARROLLO,152
200208,PUNO,AZANGARO,MUÑANI,"MOVIMIENTO POR LA AUTONOMIA REGIONAL QUECHUA Y AYMARA ""MARQA""",45
200208,PUNO,AZANGARO,MUÑANI,PARTIDO ACCION POPULAR,61
200208,PUNO,AZANGARO,MUÑANI,PARTIDO APRISTA PERUANO,145
200208,PUNO,AZANGARO,MUÑANI,PARTIDO PERU POSIBLE,499
200208,PUNO,AZANGARO,MUÑANI,PARTIDO RECONSTRUCCION DEMOCRATICA (PRD),46
200208,PUNO,AZANGARO,MUÑANI,PARTIDO RENACIMIENTO ANDINO,263
200208,PUNO,AZANGARO,MUÑANI,PODER DEMOCRATICO REGIONAL,141
200210,PUNO,AZANGARO,POTONI,FRENTE INDEPENDIENTE MORALIZADOR,108
200210,PUNO,AZANGARO,POTONI,MOVIMIENTO POLITICO UNION REGIONAL PARA EL DESARROLLO,261
200210,PUNO,AZANGARO,POTONI,PARTIDO ACCION POPULAR,50
200210,PUNO,AZANGARO,POTONI,PARTIDO APRISTA PERUANO,185
200210,PUNO,AZANGARO,POTONI,PARTIDO DEMOCRATICO SOMOS PERU,4
200210,PUNO,AZANGARO,POTONI,PARTIDO PERU POSIBLE,373
200210,PUNO,AZANGARO,POTONI,PODER DEMOCRATICO REGIONAL,142
200212,PUNO,AZANGARO,SAMAN,AGRUPACION INDEPENDIENTE UNION POR EL PERU - FRENTE AMPLIO,588
200212,PUNO,AZANGARO,SAMAN,ALIANZA ELECTORAL UNIDAD NACIONAL,53
200212,PUNO,AZANGARO,SAMAN,"MOVIMIENTO INDEPENDIENTE REGIONAL ""FRENTE UNIDO PROGRESISTA""",134
200212,PUNO,AZANGARO,SAMAN,MOVIMIENTO NUEVA IZQUIERDA,213
200212,PUNO,AZANGARO,SAMAN,MOVIMIENTO POLITICO UNION REGIONAL PARA EL DESARROLLO,233
200212,PUNO,AZANGARO,SAMAN,PARTIDO ACCION POPULAR,726
200212,PUNO,AZANGARO,SAMAN,PARTIDO APRISTA PERUANO,559
200212,PUNO,AZANGARO,SAMAN,PARTIDO DEMOCRATICO SOMOS PERU,309
200212,PUNO,AZANGARO,SAMAN,PARTIDO PERU POSIBLE,445
200212,PUNO,AZANGARO,SAMAN,PARTIDO POLITICO NACIONAL PRIMERO PERU,130
200212,PUNO,AZANGARO,SAMAN,PARTIDO RECONSTRUCCION DEMOCRATICA (PRD),436
200212,PUNO,AZANGARO,SAMAN,PARTIDO RENACIMIENTO ANDINO,390
200212,PUNO,AZANGARO,SAMAN,PODER DEMOCRATICO REGIONAL,64
200213,PUNO,AZANGARO,SAN ANTON,FUERZA DEMOCRATICA,5
200213,PUNO,AZANGARO,SAN ANTON,MOVIMIENTO AMPLIO PAIS UNIDO - MAPU,573
200213,PUNO,AZANGARO,SAN ANTON,MOVIMIENTO NUEVA IZQUIERDA,96
200213,PUNO,AZANGARO,SAN ANTON,MOVIMIENTO POLITICO UNION REGIONAL PARA EL DESARROLLO,165
200213,PUNO,AZANGARO,SAN ANTON,"MOVIMIENTO POR LA AUTONOMIA REGIONAL QUECHUA Y AYMARA ""MARQA""",125
200213,PUNO,AZANGARO,SAN ANTON,PARTIDO ACCION POPULAR,369
200213,PUNO,AZANGARO,SAN ANTON,PARTIDO APRISTA PERUANO,742
200213,PUNO,AZANGARO,SAN ANTON,PARTIDO PERU POSIBLE,362
200213,PUNO,AZANGARO,SAN ANTON,PARTIDO RECONSTRUCCION DEMOCRATICA (PRD),619
200213,PUNO,AZANGARO,SAN ANTON,PODER DEMOCRATICO REGIONAL,111
200214,PUNO,AZANGARO,SAN JOSE,AGRUPACION INDEPENDIENTE UNION POR EL PERU - FRENTE AMPLIO,62
200214,PUNO,AZANGARO,SAN JOSE,FUERZA DEMOCRATICA,38
200214,PUNO,AZANGARO,SAN JOSE,MOVIMIENTO NUEVA IZQUIERDA,158
200214,PUNO,AZANGARO,SAN JOSE,MOVIMIENTO POLITICO UNION REGIONAL PARA EL DESARROLLO,197
200214,PUNO,AZANGARO,SAN JOSE,"MOVIMIENTO POR LA AUTONOMIA REGIONAL QUECHUA Y AYMARA ""MARQA""",100
200214,PUNO,AZANGARO,SAN JOSE,PARTIDO ACCION POPULAR,253
200214,PUNO,AZANGARO,SAN JOSE,PARTIDO APRISTA PERUANO,94
200214,PUNO,AZANGARO,SAN JOSE,PARTIDO DEMOCRATICO SOMOS PERU,296
200214,PUNO,AZANGARO,SAN JOSE,PARTIDO PERU POSIBLE,201
200214,PUNO,AZANGARO,SAN JOSE,PARTIDO POLITICO NACIONAL PRIMERO PERU,184
200214,PUNO,AZANGARO,SAN JOSE,PARTIDO RECONSTRUCCION DEMOCRATICA (PRD),151
200214,PUNO,AZANGARO,SAN JOSE,PARTIDO RENACIMIENTO ANDINO,135
200214,PUNO,AZANGARO,SAN JOSE,PODER DEMOCRATICO REGIONAL,125
200215,PUNO,AZANGARO,SAN JUAN DE SALINAS,AGRUPACION INDEPENDIENTE UNION POR EL PERU - FRENTE AMPLIO,16
200215,PUNO,AZANGARO,SAN JUAN DE SALINAS,FUERZA DEMOCRATICA,303
200215,PUNO,AZANGARO,SAN JUAN DE SALINAS,MOVIMIENTO NUEVA IZQUIERDA,371
200215,PUNO,AZANGARO,SAN JUAN DE SALINAS,MOVIMIENTO POLITICO UNION REGIONAL PARA EL DESARROLLO,40
200215,PUNO,AZANGARO,SAN JUAN DE SALINAS,"MOVIMIENTO POR LA AUTONOMIA REGIONAL QUECHUA Y AYMARA ""MARQA""",120
200215,PUNO,AZANGARO,SAN JUAN DE SALINAS,PARTIDO APRISTA PERUANO,249
200215,PUNO,AZANGARO,SAN JUAN DE SALINAS,PARTIDO PERU POSIBLE,123
200215,PUNO,AZANGARO,SAN JUAN DE SALINAS,PARTIDO POLITICO NACIONAL PRIMERO PERU,41
200215,PUNO,AZANGARO,SAN JUAN DE SALINAS,PARTIDO RECONSTRUCCION DEMOCRATICA (PRD),10
200215,PUNO,AZANGARO,SAN JUAN DE SALINAS,PARTIDO RENACIMIENTO ANDINO,35
200215,PUNO,AZANGARO,SAN JUAN DE SALINAS,PODER DEMOCRATICO REGIONAL,170
200216,PUNO,AZANGARO,SANTIAGO DE PUPUJA,AGRUPACION INDEPENDIENTE UNION POR EL PERU - FRENTE AMPLIO,18
200216,PUNO,AZANGARO,SANTIAGO DE PUPUJA,ALIANZA ELECTORAL UNIDAD NACIONAL,37
200216,PUNO,AZANGARO,SANTIAGO DE PUPUJA,FRENTE INDEPENDIENTE ES HORA DE CAMBIAR SANTIAGO,289
200216,PUNO,AZANGARO,SANTIAGO DE PUPUJA,FRENTE INDEPENDIENTE MORALIZADOR,66
200216,PUNO,AZANGARO,SANTIAGO DE PUPUJA,FUERZA DEMOCRATICA,68
200216,PUNO,AZANGARO,SANTIAGO DE PUPUJA,MOVIMIENTO CONTRA LA CORRUPCION DE SANTIAGO DE PUPUJA,87
200216,PUNO,AZANGARO,SANTIAGO DE PUPUJA,"MOVIMIENTO INDEPENDIENTE ""PAQARIMUY SANTIAGO""",67
200216,PUNO,AZANGARO,SANTIAGO DE PUPUJA,MOVIMIENTO NUEVA IZQUIERDA,138
200216,PUNO,AZANGARO,SANTIAGO DE PUPUJA,MOVIMIENTO POLITICO UNION REGIONAL PARA EL DESARROLLO,309
200216,PUNO,AZANGARO,SANTIAGO DE PUPUJA,"MOVIMIENTO POR LA AUTONOMIA REGIONAL QUECHUA Y AYMARA ""MARQA""",76
200216,PUNO,AZANGARO,SANTIAGO DE PUPUJA,PARTIDO ACCION POPULAR,55
200216,PUNO,AZANGARO,SANTIAGO DE PUPUJA,PARTIDO APRISTA PERUANO,266
200216,PUNO,AZANGARO,SANTIAGO DE PUPUJA,PARTIDO DEMOCRATICO SOMOS PERU,130
200216,PUNO,AZANGARO,SANTIAGO DE PUPUJA,PARTIDO PERU POSIBLE,251
200216,PUNO,AZANGARO,SANTIAGO DE PUPUJA,PARTIDO RECONSTRUCCION DEMOCRATICA (PRD),75
200216,PUNO,AZANGARO,SANTIAGO DE PUPUJA,PARTIDO RENACIMIENTO ANDINO,243
200216,PUNO,AZANGARO,SANTIAGO DE PUPUJA,PODER DEMOCRATICO REGIONAL,122
200216,PUNO,AZANGARO,SANTIAGO DE PUPUJA,UNIDOS POR EL PROGRESO DE SANTIAGO DE PUPUJA,120
200217,PUNO,AZANGARO,TIRAPATA,MOVIMIENTO POLITICO UNION REGIONAL PARA EL DESARROLLO,28
200217,PUNO,AZANGARO,TIRAPATA,PARTIDO ACCION POPULAR,88
200217,PUNO,AZANGARO,TIRAPATA,PARTIDO APRISTA PERUANO,102
200217,PUNO,AZANGARO,TIRAPATA,PARTIDO DEMOCRATICO SOMOS PERU,93
200217,PUNO,AZANGARO,TIRAPATA,PARTIDO PERU POSIBLE,280
200217,PUNO,AZANGARO,TIRAPATA,PODER DEMOCRATICO REGIONAL,191
200302,PUNO,CARABAYA,AJOYANI,"MOVIMIENTO INDEPENDIENTE ""MOSOQ CARABAYA""",174
200302,PUNO,CARABAYA,AJOYANI,MOVIMIENTO POLITICO UNION REGIONAL PARA EL DESARROLLO,112
200302,PUNO,CARABAYA,AJOYANI,"MOVIMIENTO POR LA AUTONOMIA REGIONAL QUECHUA Y AYMARA ""MARQA""",197
200302,PUNO,CARABAYA,AJOYANI,PARTIDO PERU POSIBLE,100
200302,PUNO,CARABAYA,AJOYANI,PODER DEMOCRATICO REGIONAL,96
200303,PUNO,CARABAYA,AYAPATA,"MOVIMIENTO INDEPENDIENTE ""CONSTRUYAMOS AYAPATA""",240
200303,PUNO,CARABAYA,AYAPATA,"MOVIMIENTO INDEPENDIENTE ""MOSOQ CARABAYA""",274
200303,PUNO,CARABAYA,AYAPATA,"MOVIMIENTO POR LA AUTONOMIA REGIONAL QUECHUA Y AYMARA ""MARQA""",271
200303,PUNO,CARABAYA,AYAPATA,PARTIDO DEMOCRATICO SOMOS PERU,250
200303,PUNO,CARABAYA,AYAPATA,PARTIDO PERU POSIBLE,460
200303,PUNO,CARABAYA,AYAPATA,PODER DEMOCRATICO REGIONAL,244
200304,PUNO,CARABAYA,COASA,FRENTE INDEPENDIENTE MORALIZADOR,329
200304,PUNO,CARABAYA,COASA,"MOVIMIENTO INDEPENDIENTE ""MOSOQ CARABAYA""",216
200304,PUNO,CARABAYA,COASA,PARTIDO APRISTA PERUANO,404
200304,PUNO,CARABAYA,COASA,PARTIDO DEMOCRATICO SOMOS PERU,227
200304,PUNO,CARABAYA,COASA,PARTIDO PERU POSIBLE,302
200304,PUNO,CARABAYA,COASA,PODER DEMOCRATICO REGIONAL,327
200305,PUNO,CARABAYA,CORANI,"MOVIMIENTO INDEPENDIENTE ""MOSOQ CARABAYA""",239
200305,PUNO,CARABAYA,CORANI,"MOVIMIENTO POR LA AUTONOMIA REGIONAL QUECHUA Y AYMARA ""MARQA""",116
200305,PUNO,CARABAYA,CORANI,PARTIDO DEMOCRATICO SOMOS PERU,223
200305,PUNO,CARABAYA,CORANI,PARTIDO PERU POSIBLE,245
200305,PUNO,CARABAYA,CORANI,PODER DEMOCRATICO REGIONAL,73
200306,PUNO,CARABAYA,CRUCERO,FUERZA DEMOCRATICA,170
200306,PUNO,CARABAYA,CRUCERO,"MOVIMIENTO INDEPENDIENTE ""FUERZA JOVEN CRUCERO""",180
200306,PUNO,CARABAYA,CRUCERO,"MOVIMIENTO INDEPENDIENTE ""MOSOQ CARABAYA""",720
200306,PUNO,CARABAYA,CRUCERO,"MOVIMIENTO INDEPENDIENTE ""TRABAJEMOS POR CRUCERO""",395
200306,PUNO,CARABAYA,CRUCERO,"MOVIMIENTO INDEPENDIENTE FRENTE DE DESARROLLO POPULAR CRUCERO - ""FDPC""",52
200306,PUNO,CARABAYA,CRUCERO,"MOVIMIENTO INDEPENDIENTE REGIONAL ""FRENTE UNIDO PROGRESISTA""",45
200306,PUNO,CARABAYA,CRUCERO,MOVIMIENTO POLITICO UNION REGIONAL PARA EL DESARROLLO,83
200306,PUNO,CARABAYA,CRUCERO,"MOVIMIENTO POR LA AUTONOMIA REGIONAL QUECHUA Y AYMARA ""MARQA""",354
200306,PUNO,CARABAYA,CRUCERO,PARTIDO ACCION POPULAR,85
200306,PUNO,CARABAYA,CRUCERO,PARTIDO APRISTA PERUANO,157
200306,PUNO,CARABAYA,CRUCERO,PARTIDO DEMOCRATICO SOMOS PERU,55
200306,PUNO,CARABAYA,CRUCERO,PARTIDO PERU POSIBLE,48
200306,PUNO,CARABAYA,CRUCERO,PODER DEMOCRATICO REGIONAL,755
200307,PUNO,CARABAYA,ITUATA,ALIANZA ELECTORAL UNIDAD NACIONAL,101
200307,PUNO,CARABAYA,ITUATA,"MOVIMIENTO INDEPENDIENTE ""MOSOQ CARABAYA""",239
200307,PUNO,CARABAYA,ITUATA,MOVIMIENTO NUEVA IZQUIERDA,135
200307,PUNO,CARABAYA,ITUATA,MOVIMIENTO POLITICO UNION REGIONAL PARA EL DESARROLLO,384
200307,PUNO,CARABAYA,ITUATA,"MOVIMIENTO POR LA AUTONOMIA REGIONAL QUECHUA Y AYMARA ""MARQA""",52
200307,PUNO,CARABAYA,ITUATA,PARTIDO APRISTA PERUANO,70
200307,PUNO,CARABAYA,ITUATA,PARTIDO DEMOCRATICO SOMOS PERU,106
200307,PUNO,CARABAYA,ITUATA,PARTIDO PERU POSIBLE,109
200307,PUNO,CARABAYA,ITUATA,PODER DEMOCRATICO REGIONAL,199
200308,PUNO,CARABAYA,OLLACHEA,AGRUPACION INDEPENDIENTE UNION POR EL PERU - FRENTE AMPLIO,134
200308,PUNO,CARABAYA,OLLACHEA,ALIANZA ELECTORAL UNIDAD NACIONAL,36
200308,PUNO,CARABAYA,OLLACHEA,FRENTE INDEPENDIENTE MORALIZADOR,32
200308,PUNO,CARABAYA,OLLACHEA,"MOVIMIENTO INDEPENDIENTE ""MOSOQ CARABAYA""",219
200308,PUNO,CARABAYA,OLLACHEA,"MOVIMIENTO POR LA AUTONOMIA REGIONAL QUECHUA Y AYMARA ""MARQA""",136
200308,PUNO,CARABAYA,OLLACHEA,PARTIDO APRISTA PERUANO,174
200308,PUNO,CARABAYA,OLLACHEA,PARTIDO DEMOCRATICO SOMOS PERU,59
200308,PUNO,CARABAYA,OLLACHEA,PARTIDO PERU POSIBLE,52
200308,PUNO,CARABAYA,OLLACHEA,PARTIDO RECONSTRUCCION DEMOCRATICA (PRD),177
200308,PUNO,CARABAYA,OLLACHEA,PODER DEMOCRATICO REGIONAL,217
200309,PUNO,CARABAYA,SAN GABAN,ALIANZA ELECTORAL UNIDAD NACIONAL,175
200309,PUNO,CARABAYA,SAN GABAN,FRENTE INDEPENDIENTE MORALIZADOR,15
200309,PUNO,CARABAYA,SAN GABAN,"MOVIMIENTO INDEPENDIENTE ""MOSOQ CARABAYA""",177
200309,PUNO,CARABAYA,SAN GABAN,"MOVIMIENTO POR LA AUTONOMIA REGIONAL QUECHUA Y AYMARA ""MARQA""",126
200309,PUNO,CARABAYA,SAN GABAN,PARTIDO ACCION POPULAR,45
200309,PUNO,CARABAYA,SAN GABAN,PARTIDO APRISTA PERUANO,119
200309,PUNO,CARABAYA,SAN GABAN,PARTIDO DEMOCRATICO SOMOS PERU,23
200309,PUNO,CARABAYA,SAN GABAN,PARTIDO PERU POSIBLE,32
200309,PUNO,CARABAYA,SAN GABAN,PODER DEMOCRATICO REGIONAL,61
200310,PUNO,CARABAYA,USICAYOS,ALIANZA ELECTORAL UNIDAD NACIONAL,130
200310,PUNO,CARABAYA,USICAYOS,"MOVIMIENTO INDEPENDIENTE ""MOSOQ CARABAYA""",170
200310,PUNO,CARABAYA,USICAYOS,MOVIMIENTO POLITICO UNION REGIONAL PARA EL DESARROLLO,64
200310,PUNO,CARABAYA,USICAYOS,"MOVIMIENTO POR LA AUTONOMIA REGIONAL QUECHUA Y AYMARA ""MARQA""",194
200310,PUNO,CARABAYA,USICAYOS,PARTIDO APRISTA PERUANO,137
200310,PUNO,CARABAYA,USICAYOS,PARTIDO DEMOCRATICO SOMOS PERU,90
200310,PUNO,CARABAYA,USICAYOS,PARTIDO PERU POSIBLE,131
200310,PUNO,CARABAYA,USICAYOS,PODER DEMOCRATICO REGIONAL,95
200402,PUNO,CHUCUITO,DESAGUADERO,AGRUPACION INDEPENDIENTE UNION POR EL PERU - FRENTE AMPLIO,632
200402,PUNO,CHUCUITO,DESAGUADERO,ALIANZA ELECTORAL UNIDAD NACIONAL,264
200402,PUNO,CHUCUITO,DESAGUADERO,FRENTE INDEPENDIENTE MORALIZADOR,81
200402,PUNO,CHUCUITO,DESAGUADERO,"MOVIMIENTO POR LA AUTONOMIA REGIONAL QUECHUA Y AYMARA ""MARQA""",499
200402,PUNO,CHUCUITO,DESAGUADERO,PARTIDO ACCION POPULAR,348
200402,PUNO,CHUCUITO,DESAGUADERO,PARTIDO APRISTA PERUANO,839
200402,PUNO,CHUCUITO,DESAGUADERO,PARTIDO DEMOCRATICO SOMOS PERU,101
200402,PUNO,CHUCUITO,DESAGUADERO,PARTIDO PERU POSIBLE,191
200402,PUNO,CHUCUITO,DESAGUADERO,PODER DEMOCRATICO REGIONAL,1201
200403,PUNO,CHUCUITO,HUACULLANI,AGRUPACION INDEPENDIENTE UNION POR EL PERU - FRENTE AMPLIO,0
200403,PUNO,CHUCUITO,HUACULLANI,ALIANZA ELECTORAL UNIDAD NACIONAL,0
200403,PUNO,CHUCUITO,HUACULLANI,FRENTE INDEPENDIENTE MORALIZADOR,0
200403,PUNO,CHUCUITO,HUACULLANI,"MOVIMIENTO INDEPENDIENTE ""FUERZA AYMARA 2002""",0
200403,PUNO,CHUCUITO,HUACULLANI,"MOVIMIENTO INDEPENDIENTE ""ORGULLO AYMARA""",0
200403,PUNO,CHUCUITO,HUACULLANI,MOVIMIENTO NUEVA IZQUIERDA,0
200403,PUNO,CHUCUITO,HUACULLANI,MOVIMIENTO POLITICO UNION REGIONAL PARA EL DESARROLLO,0
200403,PUNO,CHUCUITO,HUACULLANI,"MOVIMIENTO POR LA AUTONOMIA REGIONAL QUECHUA Y AYMARA ""MARQA""",0
200403,PUNO,CHUCUITO,HUACULLANI,PARTIDO ACCION POPULAR,0
200403,PUNO,CHUCUITO,HUACULLANI,PARTIDO APRISTA PERUANO,0
200403,PUNO,CHUCUITO,HUACULLANI,PARTIDO DEMOCRATICO SOMOS PERU,0
200403,PUNO,CHUCUITO,HUACULLANI,PARTIDO PERU POSIBLE,0
200403,PUNO,CHUCUITO,HUACULLANI,PODER DEMOCRATICO REGIONAL,0
200406,PUNO,CHUCUITO,PISACOMA,AGRUPACION INDEPENDIENTE UNION POR EL PERU - FRENTE AMPLIO,493
200406,PUNO,CHUCUITO,PISACOMA,ALIANZA ELECTORAL UNIDAD NACIONAL,70
200406,PUNO,CHUCUITO,PISACOMA,FRENTE INDEPENDIENTE MORALIZADOR,65
200406,PUNO,CHUCUITO,PISACOMA,"MOVIMIENTO POR LA AUTONOMIA REGIONAL QUECHUA Y AYMARA ""MARQA""",83
200406,PUNO,CHUCUITO,PISACOMA,PARTIDO ACCION POPULAR,76
200406,PUNO,CHUCUITO,PISACOMA,PARTIDO APRISTA PERUANO,342
200406,PUNO,CHUCUITO,PISACOMA,PARTIDO DEMOCRATICO SOMOS PERU,189
200406,PUNO,CHUCUITO,PISACOMA,PARTIDO PERU POSIBLE,66
200407,PUNO,CHUCUITO,POMATA,AGRUPACION INDEPENDIENTE UNION POR EL PERU - FRENTE AMPLIO,214
200407,PUNO,CHUCUITO,POMATA,ALIANZA ELECTORAL UNIDAD NACIONAL,80
200407,PUNO,CHUCUITO,POMATA,FRENTE INDEPENDIENTE MORALIZADOR,44
200407,PUNO,CHUCUITO,POMATA,"MOVIMIENTO INDEPENDIENTE ""NUEVA  POMATA""",1278
200407,PUNO,CHUCUITO,POMATA,"MOVIMIENTO INDEPENDIENTE FUERZA CAMPESINA ""F.U.C.A.""",411
200407,PUNO,CHUCUITO,POMATA,"MOVIMIENTO INDEPENDIENTE PROYECTO DEMOCRATICO ""P.O.D.E.R.""",1254
200407,PUNO,CHUCUITO,POMATA,"MOVIMIENTO INDEPENDIENTE REGIONAL ""FRENTE UNIDO PROGRESISTA""",70
200407,PUNO,CHUCUITO,POMATA,MOVIMIENTO NUEVA IZQUIERDA,410
200407,PUNO,CHUCUITO,POMATA,MOVIMIENTO POLITICO UNION REGIONAL PARA EL DESARROLLO,1408
200407,PUNO,CHUCUITO,POMATA,PARTIDO ACCION POPULAR,1084
200407,PUNO,CHUCUITO,POMATA,PARTIDO APRISTA PERUANO,950
200407,PUNO,CHUCUITO,POMATA,PARTIDO DEMOCRATICO SOMOS PERU,122
200407,PUNO,CHUCUITO,POMATA,PARTIDO PERU POSIBLE,526
200407,PUNO,CHUCUITO,POMATA,PARTIDO RECONSTRUCCION DEMOCRATICA (PRD),78
200407,PUNO,CHUCUITO,POMATA,PODER DEMOCRATICO REGIONAL,103
200410,PUNO,CHUCUITO,ZEPITA,AGRUPACION INDEPENDIENTE UNION POR EL PERU - FRENTE AMPLIO,897
200410,PUNO,CHUCUITO,ZEPITA,ALIANZA ELECTORAL UNIDAD NACIONAL,182
200410,PUNO,CHUCUITO,ZEPITA,FRENTE INDEPENDIENTE MORALIZADOR,1915
200410,PUNO,CHUCUITO,ZEPITA,"MOVIMIENTO INDEPENDIENTE ""ADELANTE ZEPITA""",315
200410,PUNO,CHUCUITO,ZEPITA,"MOVIMIENTO INDEPENDIENTE ""UNION ZEPITA""",308
200410,PUNO,CHUCUITO,ZEPITA,MOVIMIENTO POLITICO UNION REGIONAL PARA EL DESARROLLO,222
200410,PUNO,CHUCUITO,ZEPITA,"MOVIMIENTO POR LA AUTONOMIA REGIONAL QUECHUA Y AYMARA ""MARQA""",667
200410,PUNO,CHUCUITO,ZEPITA,PARTIDO ACCION POPULAR,1110
200410,PUNO,CHUCUITO,ZEPITA,PARTIDO APRISTA PERUANO,116
200410,PUNO,CHUCUITO,ZEPITA,PARTIDO DEMOCRATICO SOMOS PERU,253
200410,PUNO,CHUCUITO,ZEPITA,PARTIDO PERU POSIBLE,1073
200410,PUNO,CHUCUITO,ZEPITA,PARTIDO RENACIMIENTO ANDINO,584
200410,PUNO,CHUCUITO,ZEPITA,PODER DEMOCRATICO REGIONAL,125
200412,PUNO,CHUCUITO,KELLUYO,AGRUPACION INDEPENDIENTE UNION POR EL PERU - FRENTE AMPLIO,242
200412,PUNO,CHUCUITO,KELLUYO,ALIANZA ELECTORAL UNIDAD NACIONAL,119
200412,PUNO,CHUCUITO,KELLUYO,FRENTE INDEPENDIENTE MORALIZADOR,197
200412,PUNO,CHUCUITO,KELLUYO,MOVIMIENTO POLITICO UNION REGIONAL PARA EL DESARROLLO,86
200412,PUNO,CHUCUITO,KELLUYO,"MOVIMIENTO POR LA AUTONOMIA REGIONAL QUECHUA Y AYMARA ""MARQA""",248
200412,PUNO,CHUCUITO,KELLUYO,PARTIDO ACCION POPULAR,364
200412,PUNO,CHUCUITO,KELLUYO,PARTIDO APRISTA PERUANO,56
200412,PUNO,CHUCUITO,KELLUYO,PARTIDO DEMOCRATICO SOMOS PERU,314
200412,PUNO,CHUCUITO,KELLUYO,PARTIDO PERU POSIBLE,133
200412,PUNO,CHUCUITO,KELLUYO,PODER DEMOCRATICO REGIONAL,278
200502,PUNO,HUANCANE,COJATA,ALIANZA ELECTORAL UNIDAD NACIONAL,21
200502,PUNO,HUANCANE,COJATA,ALIANZA INDEPENDIENTE NUEVO IMPULSO - AINI,202
200502,PUNO,HUANCANE,COJATA,MOVIMIENTO INDEPENDIENTE ALIANZA TOTAL PARA EL TRABAJO Y DESARROLLO,469
200502,PUNO,HUANCANE,COJATA,MOVIMIENTO INDEPENDIENTE EL TORO,72
200502,PUNO,HUANCANE,COJATA,MOVIMIENTO NUEVA IZQUIERDA,130
200502,PUNO,HUANCANE,COJATA,MOVIMIENTO POLITICO UNION REGIONAL PARA EL DESARROLLO,13
200502,PUNO,HUANCANE,COJATA,"MOVIMIENTO POR LA AUTONOMIA REGIONAL QUECHUA Y AYMARA ""MARQA""",32
200502,PUNO,HUANCANE,COJATA,PARTIDO ACCION POPULAR,20
200502,PUNO,HUANCANE,COJATA,PARTIDO APRISTA PERUANO,50
200502,PUNO,HUANCANE,COJATA,PARTIDO DEMOCRATICO SOMOS PERU,293
200502,PUNO,HUANCANE,COJATA,PARTIDO PERU POSIBLE,298
200502,PUNO,HUANCANE,COJATA,PARTIDO RECONSTRUCCION DEMOCRATICA (PRD),51
200502,PUNO,HUANCANE,COJATA,PARTIDO RENACIMIENTO ANDINO,17
200502,PUNO,HUANCANE,COJATA,PODER DEMOCRATICO REGIONAL,44
200504,PUNO,HUANCANE,INCHUPALLA,ALIANZA ELECTORAL UNIDAD NACIONAL,101
200504,PUNO,HUANCANE,INCHUPALLA,ALIANZA INDEPENDIENTE NUEVO IMPULSO - AINI,40
200504,PUNO,HUANCANE,INCHUPALLA,MOVIMIENTO INDEPENDIENTE ALIANZA TOTAL PARA EL TRABAJO Y DESARROLLO,244
200504,PUNO,HUANCANE,INCHUPALLA,"MOVIMIENTO INDEPENDIENTE REGIONAL ""FRENTE UNIDO PROGRESISTA""",13
200504,PUNO,HUANCANE,INCHUPALLA,MOVIMIENTO NUEVA IZQUIERDA,350
200504,PUNO,HUANCANE,INCHUPALLA,"MOVIMIENTO POR LA AUTONOMIA REGIONAL QUECHUA Y AYMARA ""MARQA""",5
200504,PUNO,HUANCANE,INCHUPALLA,PARTIDO ACCION POPULAR,15
200504,PUNO,HUANCANE,INCHUPALLA,PARTIDO APRISTA PERUANO,291
200504,PUNO,HUANCANE,INCHUPALLA,PARTIDO DEMOCRATICO SOMOS PERU,432
200504,PUNO,HUANCANE,INCHUPALLA,PARTIDO PERU POSIBLE,56
200504,PUNO,HUANCANE,INCHUPALLA,PARTIDO RECONSTRUCCION DEMOCRATICA (PRD),343
200506,PUNO,HUANCANE,PUSI,ALIANZA ELECTORAL UNIDAD NACIONAL,100
200506,PUNO,HUANCANE,PUSI,ALIANZA INDEPENDIENTE NUEVO IMPULSO - AINI,633
200506,PUNO,HUANCANE,PUSI,FRENTE INDEPENDIENTE MORALIZADOR,59
200506,PUNO,HUANCANE,PUSI,MOVIMIENTO INDEPENDIENTE EL TORO,263
200506,PUNO,HUANCANE,PUSI,"MOVIMIENTO INDEPENDIENTE REGIONAL ""FRENTE UNIDO PROGRESISTA""",166
200506,PUNO,HUANCANE,PUSI,MOVIMIENTO NUEVA IZQUIERDA,26
200506,PUNO,HUANCANE,PUSI,MOVIMIENTO UNION POR UNA DEMOCRACIA CAMPESINA UDC - PUSI,130
200506,PUNO,HUANCANE,PUSI,PARTIDO ACCION POPULAR,540
200506,PUNO,HUANCANE,PUSI,PARTIDO DEMOCRATICO SOMOS PERU,285
200506,PUNO,HUANCANE,PUSI,PARTIDO PERU POSIBLE,7
200506,PUNO,HUANCANE,PUSI,PARTIDO RECONSTRUCCION DEMOCRATICA (PRD),208
200506,PUNO,HUANCANE,PUSI,PARTIDO RENACIMIENTO ANDINO,85
200506,PUNO,HUANCANE,PUSI,PODER DEMOCRATICO REGIONAL,104
200507,PUNO,HUANCANE,ROSASPATA,AGRUPACION INDEPENDIENTE UNION POR EL PERU - FRENTE AMPLIO,69
200507,PUNO,HUANCANE,ROSASPATA,ALIANZA ELECTORAL UNIDAD NACIONAL,110
200507,PUNO,HUANCANE,ROSASPATA,ALIANZA INDEPENDIENTE NUEVO IMPULSO - AINI,93
200507,PUNO,HUANCANE,ROSASPATA,FRENTE INDEPENDIENTE MORALIZADOR,139
200507,PUNO,HUANCANE,ROSASPATA,MOVIMIENTO INDEPENDIENTE ALIANZA TOTAL PARA EL TRABAJO Y DESARROLLO,174
200507,PUNO,HUANCANE,ROSASPATA,MOVIMIENTO INDEPENDIENTE EL TORO,121
200507,PUNO,HUANCANE,ROSASPATA,MOVIMIENTO INDEPENDIENTE MI CASA HUANCANE,68
200507,PUNO,HUANCANE,ROSASPATA,"MOVIMIENTO INDEPENDIENTE REGIONAL ""FRENTE UNIDO PROGRESISTA""",91
200507,PUNO,HUANCANE,ROSASPATA,MOVIMIENTO INTEGRACION DE ROSASPATA AVANCEMOS,241
200507,PUNO,HUANCANE,ROSASPATA,MOVIMIENTO NUEVA IZQUIERDA,116
200507,PUNO,HUANCANE,ROSASPATA,MOVIMIENTO POLITICO UNION REGIONAL PARA EL DESARROLLO,173
200507,PUNO,HUANCANE,ROSASPATA,"MOVIMIENTO POR LA AUTONOMIA REGIONAL QUECHUA Y AYMARA ""MARQA""",48
200507,PUNO,HUANCANE,ROSASPATA,PARTIDO ACCION POPULAR,46
200507,PUNO,HUANCANE,ROSASPATA,PARTIDO APRISTA PERUANO,82
200507,PUNO,HUANCANE,ROSASPATA,PARTIDO DEMOCRATICO SOMOS PERU,79
200507,PUNO,HUANCANE,ROSASPATA,PARTIDO PERU POSIBLE,379
200507,PUNO,HUANCANE,ROSASPATA,PARTIDO RECONSTRUCCION DEMOCRATICA (PRD),203
200507,PUNO,HUANCANE,ROSASPATA,PARTIDO RENACIMIENTO ANDINO,122
200507,PUNO,HUANCANE,ROSASPATA,PODER DEMOCRATICO REGIONAL,245
200508,PUNO,HUANCANE,TARACO,AGRUPACION INDEPENDIENTE UNION POR EL PERU - FRENTE AMPLIO,768
200508,PUNO,HUANCANE,TARACO,ALIANZA ELECTORAL UNIDAD NACIONAL,87
200508,PUNO,HUANCANE,TARACO,ALIANZA INDEPENDIENTE NUEVO IMPULSO - AINI,170
200508,PUNO,HUANCANE,TARACO,FRENTE INDEPENDIENTE UNIDOS POR TARACO,887
200508,PUNO,HUANCANE,TARACO,MOVIMIENTO INDEPENDIENTE ALIANZA TOTAL PARA EL TRABAJO Y DESARROLLO,148
200508,PUNO,HUANCANE,TARACO,MOVIMIENTO INDEPENDIENTE ALTERNATIVA ANDINA,813
200508,PUNO,HUANCANE,TARACO,MOVIMIENTO INDEPENDIENTE EL TORO,122
200508,PUNO,HUANCANE,TARACO,"MOVIMIENTO INDEPENDIENTE REGIONAL ""FRENTE UNIDO PROGRESISTA""",544
200508,PUNO,HUANCANE,TARACO,MOVIMIENTO POLITICO UNION REGIONAL PARA EL DESARROLLO,287
200508,PUNO,HUANCANE,TARACO,PARTIDO ACCION POPULAR,1131
200508,PUNO,HUANCANE,TARACO,PARTIDO APRISTA PERUANO,103
200508,PUNO,HUANCANE,TARACO,PARTIDO DEMOCRATICO SOMOS PERU,1013
200508,PUNO,HUANCANE,TARACO,PARTIDO PERU POSIBLE,128
200508,PUNO,HUANCANE,TARACO,PARTIDO RECONSTRUCCION DEMOCRATICA (PRD),505
200508,PUNO,HUANCANE,TARACO,PARTIDO RENACIMIENTO ANDINO,151
200508,PUNO,HUANCANE,TARACO,PODER DEMOCRATICO REGIONAL,111
200509,PUNO,HUANCANE,VILQUE CHICO,AGRUPACION INDEPENDIENTE UNION POR EL PERU - FRENTE AMPLIO,81
200509,PUNO,HUANCANE,VILQUE CHICO,ALIANZA ELECTORAL UNIDAD NACIONAL,93
200509,PUNO,HUANCANE,VILQUE CHICO,ALIANZA INDEPENDIENTE NUEVO IMPULSO - AINI,90
200509,PUNO,HUANCANE,VILQUE CHICO,LISTA INDEPENDIENTE MOVIMIENTO AYMARA,207
200509,PUNO,HUANCANE,VILQUE CHICO,LISTA INDEPENDIENTE SURJAMOS LOS AYMARAS,310
200509,PUNO,HUANCANE,VILQUE CHICO,LISTA INDEPENDIENTE UNION DE CAMPESINOS PROGRESISTAS,104
200509,PUNO,HUANCANE,VILQUE CHICO,MOVIMIENTO INDEPENDIENTE ALIANZA TOTAL PARA EL TRABAJO Y DESARROLLO,207
200509,PUNO,HUANCANE,VILQUE CHICO,MOVIMIENTO INDEPENDIENTE EL TORO,113
200509,PUNO,HUANCANE,VILQUE CHICO,MOVIMIENTO INDEPENDIENTE MI CASA HUANCANE,134
200509,PUNO,HUANCANE,VILQUE CHICO,"MOVIMIENTO INDEPENDIENTE REGIONAL ""FRENTE UNIDO PROGRESISTA""",686
200509,PUNO,HUANCANE,VILQUE CHICO,MOVIMIENTO NUEVA IZQUIERDA,57
200509,PUNO,HUANCANE,VILQUE CHICO,MOVIMIENTO POLITICO UNION REGIONAL PARA EL DESARROLLO,613
200509,PUNO,HUANCANE,VILQUE CHICO,"MOVIMIENTO POR LA AUTONOMIA REGIONAL QUECHUA Y AYMARA ""MARQA""",443
200509,PUNO,HUANCANE,VILQUE CHICO,PARTIDO ACCION POPULAR,595
200509,PUNO,HUANCANE,VILQUE CHICO,PARTIDO DEMOCRATICO SOMOS PERU,327
200509,PUNO,HUANCANE,VILQUE CHICO,PARTIDO PERU POSIBLE,188
200509,PUNO,HUANCANE,VILQUE CHICO,PARTIDO RECONSTRUCCION DEMOCRATICA (PRD),80
200509,PUNO,HUANCANE,VILQUE CHICO,PARTIDO RENACIMIENTO ANDINO,299
200509,PUNO,HUANCANE,VILQUE CHICO,PODER DEMOCRATICO REGIONAL,206
200511,PUNO,HUANCANE,HUATASANI,ALIANZA ELECTORAL UNIDAD NACIONAL,25
200511,PUNO,HUANCANE,HUATASANI,MOVIMIENTO INDEPENDIENTE ALIANZA TOTAL PARA EL TRABAJO Y DESARROLLO,47
200511,PUNO,HUANCANE,HUATASANI,MOVIMIENTO INDEPENDIENTE EL TORO,45
200511,PUNO,HUANCANE,HUATASANI,MOVIMIENTO NUEVA IZQUIERDA,7
200511,PUNO,HUANCANE,HUATASANI,MOVIMIENTO POLITICO UNION REGIONAL PARA EL DESARROLLO,38
200511,PUNO,HUANCANE,HUATASANI,PARTIDO APRISTA PERUANO,127
200511,PUNO,HUANCANE,HUATASANI,PARTIDO DEMOCRATICO SOMOS PERU,339
200511,PUNO,HUANCANE,HUATASANI,PARTIDO PERU POSIBLE,118
200511,PUNO,HUANCANE,HUATASANI,PARTIDO RECONSTRUCCION DEMOCRATICA (PRD),247
200511,PUNO,HUANCANE,HUATASANI,PODER DEMOCRATICO REGIONAL,201
200602,PUNO,LAMPA,CABANILLA,AGRUPACION INDEPENDIENTE UNION POR EL PERU - FRENTE AMPLIO,120
200602,PUNO,LAMPA,CABANILLA,FRENTE INDEPENDIENTE MORALIZADOR,250
200602,PUNO,LAMPA,CABANILLA,FUERZA DEMOCRATICA,80
200602,PUNO,LAMPA,CABANILLA,MOVIMIENTO INDEPENDIENTE CENTRALISTA CABANILLA,382
200602,PUNO,LAMPA,CABANILLA,MOVIMIENTO INDEPENDIENTE FRENTE LIBERAL,68
200602,PUNO,LAMPA,CABANILLA,MOVIMIENTO NUEVA IZQUIERDA,87
200602,PUNO,LAMPA,CABANILLA,MOVIMIENTO POLITICO UNION REGIONAL PARA EL DESARROLLO,90
200602,PUNO,LAMPA,CABANILLA,"MOVIMIENTO POR LA AUTONOMIA REGIONAL QUECHUA Y AYMARA ""MARQA""",124
200602,PUNO,LAMPA,CABANILLA,PARTIDO ACCION POPULAR,357
200602,PUNO,LAMPA,CABANILLA,PARTIDO APRISTA PERUANO,109
200602,PUNO,LAMPA,CABANILLA,PARTIDO DEMOCRATICO SOMOS PERU,181
200602,PUNO,LAMPA,CABANILLA,PARTIDO PERU POSIBLE,70
200602,PUNO,LAMPA,CABANILLA,PARTIDO POLITICO NACIONAL PRIMERO PERU,88
200602,PUNO,LAMPA,CABANILLA,PARTIDO RENACIMIENTO ANDINO,271
200602,PUNO,LAMPA,CABANILLA,PODER DEMOCRATICO REGIONAL,416
200603,PUNO,LAMPA,CALAPUJA,FRENTE INDEPENDIENTE MORALIZADOR,58
200603,PUNO,LAMPA,CALAPUJA,JUNTOS VENCEREMOS EN CALAPUJA,188
200603,PUNO,LAMPA,CALAPUJA,MOVIMIENTO INDEPENDIENTE CALAPUJA AVANZA,17
200603,PUNO,LAMPA,CALAPUJA,"MOVIMIENTO INDEPENDIENTE REGIONAL ""FRENTE UNIDO PROGRESISTA""",41
200603,PUNO,LAMPA,CALAPUJA,MOVIMIENTO NUEVA IZQUIERDA,40
200603,PUNO,LAMPA,CALAPUJA,"MOVIMIENTO POR LA AUTONOMIA REGIONAL QUECHUA Y AYMARA ""MARQA""",113
200603,PUNO,LAMPA,CALAPUJA,PARTIDO APRISTA PERUANO,116
200603,PUNO,LAMPA,CALAPUJA,PARTIDO DEMOCRATICO SOMOS PERU,64
200603,PUNO,LAMPA,CALAPUJA,PARTIDO PERU POSIBLE,60
200603,PUNO,LAMPA,CALAPUJA,PARTIDO RENACIMIENTO ANDINO,76
200603,PUNO,LAMPA,CALAPUJA,PODER DEMOCRATICO REGIONAL,41
200604,PUNO,LAMPA,NICASIO,MOVIMIENTO INDEPENDIENTE CAMINO AL DESARROLLO DE NICASIO,208
200604,PUNO,LAMPA,NICASIO,MOVIMIENTO INDEPENDIENTE FRENTE LIBERAL,153
200604,PUNO,LAMPA,NICASIO,MOVIMIENTO INDEPENDIENTE INDIGENA ANDINA M.I.I.A.,103
200604,PUNO,LAMPA,NICASIO,"MOVIMIENTO INDEPENDIENTE REGIONAL ""FRENTE UNIDO PROGRESISTA""",141
200604,PUNO,LAMPA,NICASIO,"MOVIMIENTO POR LA AUTONOMIA REGIONAL QUECHUA Y AYMARA ""MARQA""",196
200604,PUNO,LAMPA,NICASIO,PARTIDO APRISTA PERUANO,70
200604,PUNO,LAMPA,NICASIO,PARTIDO DEMOCRATICO SOMOS PERU,201
200604,PUNO,LAMPA,NICASIO,PARTIDO PERU POSIBLE,83
200604,PUNO,LAMPA,NICASIO,PARTIDO RENACIMIENTO ANDINO,197
200605,PUNO,LAMPA,OCUVIRI,ALIANZA ELECTORAL UNIDAD NACIONAL,166
200605,PUNO,LAMPA,OCUVIRI,FRENTE INDEPENDIENTE MORALIZADOR,196
200605,PUNO,LAMPA,OCUVIRI,"MOVIMIENTO INDEPENDIENTE REGIONAL ""FRENTE UNIDO PROGRESISTA""",36
200605,PUNO,LAMPA,OCUVIRI,MOVIMIENTO POLITICO UNION REGIONAL PARA EL DESARROLLO,63
200605,PUNO,LAMPA,OCUVIRI,"MOVIMIENTO POR LA AUTONOMIA REGIONAL QUECHUA Y AYMARA ""MARQA""",19
200605,PUNO,LAMPA,OCUVIRI,OCUVIRI AL TRIUNFO Y DESARROLLO ,101
200605,PUNO,LAMPA,OCUVIRI,PARTIDO ACCION POPULAR,58
200605,PUNO,LAMPA,OCUVIRI,PARTIDO APRISTA PERUANO,37
200605,PUNO,LAMPA,OCUVIRI,PARTIDO PERU POSIBLE,38
200605,PUNO,LAMPA,OCUVIRI,PARTIDO RENACIMIENTO ANDINO,22
200606,PUNO,LAMPA,PALCA,FRENTE INDEPENDIENTE MORALIZADOR,91
200606,PUNO,LAMPA,PALCA,MOVIMIENTO INDEPENDIENTE INDIGENA ANDINA M.I.I.A.,44
200606,PUNO,LAMPA,PALCA,"MOVIMIENTO INDEPENDIENTE REGIONAL ""FRENTE UNIDO PROGRESISTA""",99
200606,PUNO,LAMPA,PALCA,PARTIDO APRISTA PERUANO,117
200606,PUNO,LAMPA,PALCA,PARTIDO DEMOCRATICO SOMOS PERU,89
200606,PUNO,LAMPA,PALCA,PARTIDO PERU POSIBLE,41
200606,PUNO,LAMPA,PALCA,PARTIDO POLITICO NACIONAL PRIMERO PERU,147
200606,PUNO,LAMPA,PALCA,PODER DEMOCRATICO REGIONAL,213
200607,PUNO,LAMPA,PARATIA,ALIANZA ELECTORAL UNIDAD NACIONAL,67
200607,PUNO,LAMPA,PARATIA,FRENTE INDEPENDIENTE MORALIZADOR,141
200607,PUNO,LAMPA,PARATIA,MOVIMIENTO INDEPENDIENTE INDIGENA ANDINA M.I.I.A.,21
200607,PUNO,LAMPA,PARATIA,"MOVIMIENTO POR LA AUTONOMIA REGIONAL QUECHUA Y AYMARA ""MARQA""",96
200607,PUNO,LAMPA,PARATIA,PARTIDO APRISTA PERUANO,141
200607,PUNO,LAMPA,PARATIA,PARTIDO DEMOCRATICO SOMOS PERU,80
200607,PUNO,LAMPA,PARATIA,PARTIDO PERU POSIBLE,89
200607,PUNO,LAMPA,PARATIA,PARTIDO RENACIMIENTO ANDINO,95
200607,PUNO,LAMPA,PARATIA,PODER DEMOCRATICO REGIONAL,21
200608,PUNO,LAMPA,PUCARA,MOVIMIENTO AMPLIO PAIS UNIDO - MAPU,79
200608,PUNO,LAMPA,PUCARA,MOVIMIENTO INDEPENDIENTE FRENTE LIBERAL,75
200608,PUNO,LAMPA,PUCARA,"MOVIMIENTO INDEPENDIENTE REGIONAL ""FRENTE UNIDO PROGRESISTA""",380
200608,PUNO,LAMPA,PUCARA,MOVIMIENTO POLITICO UNION REGIONAL PARA EL DESARROLLO,215
200608,PUNO,LAMPA,PUCARA,"MOVIMIENTO POR LA AUTONOMIA REGIONAL QUECHUA Y AYMARA ""MARQA""",213
200608,PUNO,LAMPA,PUCARA,PARTIDO ACCION POPULAR,229
200608,PUNO,LAMPA,PUCARA,PARTIDO APRISTA PERUANO,82
200608,PUNO,LAMPA,PUCARA,PARTIDO DEMOCRATICO SOMOS PERU,72
200608,PUNO,LAMPA,PUCARA,PARTIDO PERU POSIBLE,116
200608,PUNO,LAMPA,PUCARA,PARTIDO RECONSTRUCCION DEMOCRATICA (PRD),104
200608,PUNO,LAMPA,PUCARA,PARTIDO RENACIMIENTO ANDINO,456
200608,PUNO,LAMPA,PUCARA,PODER DEMOCRATICO REGIONAL,99
200608,PUNO,LAMPA,PUCARA,PUKARA LLAKTA MASI,206
200609,PUNO,LAMPA,SANTA LUCIA,AGRUPACION INDEPENDIENTE UNION POR EL PERU - FRENTE AMPLIO,35
200609,PUNO,LAMPA,SANTA LUCIA,ALIANZA ELECTORAL UNIDAD NACIONAL,240
200609,PUNO,LAMPA,SANTA LUCIA,FRENTE INDEPENDIENTE MORALIZADOR,243
200609,PUNO,LAMPA,SANTA LUCIA,MOVIMIENTO INDEPENDIENTE FRENTE LIBERAL,210
200609,PUNO,LAMPA,SANTA LUCIA,"MOVIMIENTO INDEPENDIENTE REGIONAL ""FRENTE UNIDO PROGRESISTA""",200
200609,PUNO,LAMPA,SANTA LUCIA,MOVIMIENTO NUEVA IZQUIERDA,56
200609,PUNO,LAMPA,SANTA LUCIA,MOVIMIENTO POLITICO UNION REGIONAL PARA EL DESARROLLO,284
200609,PUNO,LAMPA,SANTA LUCIA,"MOVIMIENTO POR LA AUTONOMIA REGIONAL QUECHUA Y AYMARA ""MARQA""",74
200609,PUNO,LAMPA,SANTA LUCIA,PARTIDO ACCION POPULAR,248
200609,PUNO,LAMPA,SANTA LUCIA,PARTIDO APRISTA PERUANO,346
200609,PUNO,LAMPA,SANTA LUCIA,PARTIDO DEMOCRATICO SOMOS PERU,834
200609,PUNO,LAMPA,SANTA LUCIA,PARTIDO PERU POSIBLE,149
200609,PUNO,LAMPA,SANTA LUCIA,PARTIDO POLITICO NACIONAL PRIMERO PERU,80
200609,PUNO,LAMPA,SANTA LUCIA,PARTIDO RENACIMIENTO ANDINO,197
200609,PUNO,LAMPA,SANTA LUCIA,PODER DEMOCRATICO REGIONAL,404
200610,PUNO,LAMPA,VILAVILA,MOVIMIENTO INDEPENDIENTE FRENTE LIBERAL,2
200610,PUNO,LAMPA,VILAVILA,"MOVIMIENTO INDEPENDIENTE REGIONAL ""FRENTE UNIDO PROGRESISTA""",190
200610,PUNO,LAMPA,VILAVILA,PARTIDO APRISTA PERUANO,4
200610,PUNO,LAMPA,VILAVILA,PARTIDO DEMOCRATICO SOMOS PERU,165
200610,PUNO,LAMPA,VILAVILA,PARTIDO PERU POSIBLE,56
200610,PUNO,LAMPA,VILAVILA,PODER DEMOCRATICO REGIONAL,48
200702,PUNO,MELGAR,ANTAUTA,ALIANZA ELECTORAL UNIDAD NACIONAL,22
200702,PUNO,MELGAR,ANTAUTA,MOVIMIENTO INDEPENDIENTE ANTAUTA BIENESTAR Y DESARROLLO,175
200702,PUNO,MELGAR,ANTAUTA,MOVIMIENTO INDEPENDIENTE PACHA,42
200702,PUNO,MELGAR,ANTAUTA,"MOVIMIENTO INDEPENDIENTE REGIONAL ""FRENTE UNIDO PROGRESISTA""",144
200702,PUNO,MELGAR,ANTAUTA,"MOVIMIENTO POR LA AUTONOMIA REGIONAL QUECHUA Y AYMARA ""MARQA""",149
200702,PUNO,MELGAR,ANTAUTA,PARTIDO ACCION POPULAR,405
200702,PUNO,MELGAR,ANTAUTA,PARTIDO APRISTA PERUANO,244
200702,PUNO,MELGAR,ANTAUTA,PARTIDO DEMOCRATICO SOMOS PERU,245
200702,PUNO,MELGAR,ANTAUTA,PARTIDO PERU POSIBLE,94
200702,PUNO,MELGAR,ANTAUTA,PARTIDO POLITICO NACIONAL PRIMERO PERU,77
200702,PUNO,MELGAR,ANTAUTA,PODER DEMOCRATICO REGIONAL,84
200703,PUNO,MELGAR,CUPI,CUPI POR TU DESARROLLO,25
200703,PUNO,MELGAR,CUPI,PARTIDO DEMOCRATICO SOMOS PERU,163
200703,PUNO,MELGAR,CUPI,PARTIDO PERU POSIBLE,47
200703,PUNO,MELGAR,CUPI,PARTIDO POLITICO NACIONAL PRIMERO PERU,225
200703,PUNO,MELGAR,CUPI,PODER DEMOCRATICO REGIONAL,126
200704,PUNO,MELGAR,LLALLI,"FRENTE AMPLIO ""MEJOR ALTERNATIVA"" (FAMA)",387
200704,PUNO,MELGAR,LLALLI,MOVIMIENTO POLITICO UNION REGIONAL PARA EL DESARROLLO,46
200704,PUNO,MELGAR,LLALLI,"MOVIMIENTO POR LA AUTONOMIA REGIONAL QUECHUA Y AYMARA ""MARQA""",133
200704,PUNO,MELGAR,LLALLI,PARTIDO ACCION POPULAR,31
200704,PUNO,MELGAR,LLALLI,PARTIDO APRISTA PERUANO,69
200704,PUNO,MELGAR,LLALLI,PARTIDO DEMOCRATICO SOMOS PERU,414
200704,PUNO,MELGAR,LLALLI,PARTIDO PERU POSIBLE,94
200704,PUNO,MELGAR,LLALLI,PARTIDO POLITICO NACIONAL PRIMERO PERU,161
200705,PUNO,MELGAR,MACARI,"MOVIMIENTO INDEPENDIENTE REGIONAL ""FRENTE UNIDO PROGRESISTA""",504
200705,PUNO,MELGAR,MACARI,MOVIMIENTO NUEVA IZQUIERDA,42
200705,PUNO,MELGAR,MACARI,MOVIMIENTO POLITICO UNION REGIONAL PARA EL DESARROLLO,95
200705,PUNO,MELGAR,MACARI,"MOVIMIENTO POR LA AUTONOMIA REGIONAL QUECHUA Y AYMARA ""MARQA""",347
200705,PUNO,MELGAR,MACARI,PARTIDO DEMOCRATICO SOMOS PERU,530
200705,PUNO,MELGAR,MACARI,PARTIDO PERU POSIBLE,233
200705,PUNO,MELGAR,MACARI,PARTIDO POLITICO NACIONAL PRIMERO PERU,674
200705,PUNO,MELGAR,MACARI,PODER DEMOCRATICO REGIONAL,240
200706,PUNO,MELGAR,NUÑOA,AGRUPACION INDEPENDIENTE UNION POR EL PERU - FRENTE AMPLIO,90
200706,PUNO,MELGAR,NUÑOA,ALIANZA ELECTORAL UNIDAD NACIONAL,70
200706,PUNO,MELGAR,NUÑOA,"MOVIMIENTO INDEPENDIENTE REGIONAL ""FRENTE UNIDO PROGRESISTA""",339
200706,PUNO,MELGAR,NUÑOA,MOVIMIENTO NUEVA IZQUIERDA,146
200706,PUNO,MELGAR,NUÑOA,MOVIMIENTO POLITICO UNION REGIONAL PARA EL DESARROLLO,221
200706,PUNO,MELGAR,NUÑOA,"MOVIMIENTO POR LA AUTONOMIA REGIONAL QUECHUA Y AYMARA ""MARQA""",636
200706,PUNO,MELGAR,NUÑOA,PARTIDO APRISTA PERUANO,145
200706,PUNO,MELGAR,NUÑOA,PARTIDO DEMOCRATICO SOMOS PERU,600
200706,PUNO,MELGAR,NUÑOA,PARTIDO PERU POSIBLE,365
200706,PUNO,MELGAR,NUÑOA,PARTIDO POLITICO NACIONAL PRIMERO PERU,312
200706,PUNO,MELGAR,NUÑOA,PARTIDO RENACIMIENTO ANDINO,641
200706,PUNO,MELGAR,NUÑOA,PODER DEMOCRATICO REGIONAL,138
200707,PUNO,MELGAR,ORURILLO,MOVIMIENTO NUEVA IZQUIERDA,98
200707,PUNO,MELGAR,ORURILLO,MOVIMIENTO POLITICO UNION REGIONAL PARA EL DESARROLLO,265
200707,PUNO,MELGAR,ORURILLO,"MOVIMIENTO POR LA AUTONOMIA REGIONAL QUECHUA Y AYMARA ""MARQA""",204
200707,PUNO,MELGAR,ORURILLO,PARTIDO DEMOCRATICO SOMOS PERU,639
200707,PUNO,MELGAR,ORURILLO,PARTIDO PERU POSIBLE,431
200707,PUNO,MELGAR,ORURILLO,PARTIDO POLITICO NACIONAL PRIMERO PERU,911
200707,PUNO,MELGAR,ORURILLO,PARTIDO RENACIMIENTO ANDINO,577
200707,PUNO,MELGAR,ORURILLO,PODER DEMOCRATICO REGIONAL,290
200708,PUNO,MELGAR,SANTA ROSA,AGRUPACION INDEPENDIENTE UNION POR EL PERU - FRENTE AMPLIO,85
200708,PUNO,MELGAR,SANTA ROSA,ALIANZA ELECTORAL UNIDAD NACIONAL,60
200708,PUNO,MELGAR,SANTA ROSA,MOVIMIENTO NUEVA IZQUIERDA,65
200708,PUNO,MELGAR,SANTA ROSA,MOVIMIENTO POLITICO UNION REGIONAL PARA EL DESARROLLO,234
200708,PUNO,MELGAR,SANTA ROSA,"MOVIMIENTO POR LA AUTONOMIA REGIONAL QUECHUA Y AYMARA ""MARQA""",134
200708,PUNO,MELGAR,SANTA ROSA,PARTIDO APRISTA PERUANO,79
200708,PUNO,MELGAR,SANTA ROSA,PARTIDO DEMOCRATICO SOMOS PERU,394
200708,PUNO,MELGAR,SANTA ROSA,PARTIDO PERU POSIBLE,217
200708,PUNO,MELGAR,SANTA ROSA,PARTIDO POLITICO NACIONAL PRIMERO PERU,622
200708,PUNO,MELGAR,SANTA ROSA,PARTIDO RENACIMIENTO ANDINO,130
200708,PUNO,MELGAR,SANTA ROSA,PODER DEMOCRATICO REGIONAL,775
200709,PUNO,MELGAR,UMACHIRI,ALIANZA ELECTORAL UNIDAD NACIONAL,16
200709,PUNO,MELGAR,UMACHIRI,FRENTE INDEPENDIENTE MORALIZADOR,53
200709,PUNO,MELGAR,UMACHIRI,MOVIMIENTO AMPLIO PAIS UNIDO - MAPU,52
200709,PUNO,MELGAR,UMACHIRI,MOVIMIENTO NUEVA IZQUIERDA,50
200709,PUNO,MELGAR,UMACHIRI,MOVIMIENTO POLITICO UNION REGIONAL PARA EL DESARROLLO,156
200709,PUNO,MELGAR,UMACHIRI,"MOVIMIENTO POR LA AUTONOMIA REGIONAL QUECHUA Y AYMARA ""MARQA""",110
200709,PUNO,MELGAR,UMACHIRI,PARTIDO APRISTA PERUANO,87
200709,PUNO,MELGAR,UMACHIRI,PARTIDO DEMOCRATICO SOMOS PERU,178
200709,PUNO,MELGAR,UMACHIRI,PARTIDO PERU POSIBLE,42
200709,PUNO,MELGAR,UMACHIRI,PARTIDO POLITICO NACIONAL PRIMERO PERU,114
200709,PUNO,MELGAR,UMACHIRI,PARTIDO RENACIMIENTO ANDINO,46
200709,PUNO,MELGAR,UMACHIRI,PODER DEMOCRATICO REGIONAL,165
200803,PUNO,SANDIA,CUYOCUYO,ALIANZA ELECTORAL UNIDAD NACIONAL,732
200803,PUNO,SANDIA,CUYOCUYO,MOVIMIENTO NUEVA IZQUIERDA,451
200803,PUNO,SANDIA,CUYOCUYO,PARTIDO ACCION POPULAR,757
200803,PUNO,SANDIA,CUYOCUYO,PARTIDO APRISTA PERUANO,83
200803,PUNO,SANDIA,CUYOCUYO,PODER DEMOCRATICO REGIONAL,435
200804,PUNO,SANDIA,LIMBANI,ALIANZA ELECTORAL UNIDAD NACIONAL,66
200804,PUNO,SANDIA,LIMBANI,FRENTE INDEPENDIENTE MORALIZADOR,248
200804,PUNO,SANDIA,LIMBANI,MOVIMIENTO NUEVA IZQUIERDA,34
200804,PUNO,SANDIA,LIMBANI,MOVIMIENTO POLITICO UNION REGIONAL PARA EL DESARROLLO,86
200804,PUNO,SANDIA,LIMBANI,"MOVIMIENTO POR LA AUTONOMIA REGIONAL QUECHUA Y AYMARA ""MARQA""",75
200804,PUNO,SANDIA,LIMBANI,PARTIDO ACCION POPULAR,266
200804,PUNO,SANDIA,LIMBANI,PARTIDO RENACIMIENTO ANDINO,126
200804,PUNO,SANDIA,LIMBANI,PODER DEMOCRATICO REGIONAL,184
200805,PUNO,SANDIA,PHARA,AGRUPACION INDEPENDIENTE UNION POR EL PERU - FRENTE AMPLIO,211
200805,PUNO,SANDIA,PHARA,ALIANZA ELECTORAL UNIDAD NACIONAL,98
200805,PUNO,SANDIA,PHARA,"MOVIMIENTO INDEPENDIENTE REGIONAL ""FRENTE UNIDO PROGRESISTA""",69
200805,PUNO,SANDIA,PHARA,MOVIMIENTO POLITICO UNION REGIONAL PARA EL DESARROLLO,73
200805,PUNO,SANDIA,PHARA,"MOVIMIENTO POR LA AUTONOMIA REGIONAL QUECHUA Y AYMARA ""MARQA""",27
200805,PUNO,SANDIA,PHARA,PARTIDO ACCION POPULAR,283
200805,PUNO,SANDIA,PHARA,PARTIDO APRISTA PERUANO,25
200805,PUNO,SANDIA,PHARA,PARTIDO DEMOCRATICO SOMOS PERU,155
200805,PUNO,SANDIA,PHARA,"PARTIDO POLITICO INDEPENDIENTE ""AVANCEMOS PHARA""",47
200805,PUNO,SANDIA,PHARA,PODER DEMOCRATICO REGIONAL,427
200806,PUNO,SANDIA,PATAMBUCO,ALIANZA ELECTORAL UNIDAD NACIONAL,74
200806,PUNO,SANDIA,PATAMBUCO,"MOVIMIENTO INDEPENDIENTE REGIONAL ""FRENTE UNIDO PROGRESISTA""",254
200806,PUNO,SANDIA,PATAMBUCO,MOVIMIENTO NUEVA IZQUIERDA,31
200806,PUNO,SANDIA,PATAMBUCO,MOVIMIENTO POLITICO UNION REGIONAL PARA EL DESARROLLO,52
200806,PUNO,SANDIA,PATAMBUCO,"MOVIMIENTO POR LA AUTONOMIA REGIONAL QUECHUA Y AYMARA ""MARQA""",134
200806,PUNO,SANDIA,PATAMBUCO,PARTIDO ACCION POPULAR,81
200806,PUNO,SANDIA,PATAMBUCO,PARTIDO APRISTA PERUANO,137
200806,PUNO,SANDIA,PATAMBUCO,PARTIDO RECONSTRUCCION DEMOCRATICA (PRD),81
200806,PUNO,SANDIA,PATAMBUCO,PODER DEMOCRATICO REGIONAL,640
200807,PUNO,SANDIA,QUIACA,ALIANZA ELECTORAL UNIDAD NACIONAL,62
200807,PUNO,SANDIA,QUIACA,"MOVIMIENTO POR LA AUTONOMIA REGIONAL QUECHUA Y AYMARA ""MARQA""",75
200807,PUNO,SANDIA,QUIACA,PARTIDO ACCION POPULAR,111
200807,PUNO,SANDIA,QUIACA,PARTIDO RENACIMIENTO ANDINO,141
200807,PUNO,SANDIA,QUIACA,PODER DEMOCRATICO REGIONAL,118
200808,PUNO,SANDIA,SAN JUAN DEL ORO,AGRUPACION INDEPENDIENTE UNION POR EL PERU - FRENTE AMPLIO,129
200808,PUNO,SANDIA,SAN JUAN DEL ORO,ALIANZA ELECTORAL UNIDAD NACIONAL,1021
200808,PUNO,SANDIA,SAN JUAN DEL ORO,FRENTE INDEPENDIENTE MORALIZADOR,119
200808,PUNO,SANDIA,SAN JUAN DEL ORO,"MOVIMIENTO INDEPENDIENTE REGIONAL ""FRENTE UNIDO PROGRESISTA""",723
200808,PUNO,SANDIA,SAN JUAN DEL ORO,MOVIMIENTO NUEVA IZQUIERDA,26
200808,PUNO,SANDIA,SAN JUAN DEL ORO,MOVIMIENTO POLITICO UNION REGIONAL PARA EL DESARROLLO,41
200808,PUNO,SANDIA,SAN JUAN DEL ORO,"MOVIMIENTO POR LA AUTONOMIA REGIONAL QUECHUA Y AYMARA ""MARQA""",184
200808,PUNO,SANDIA,SAN JUAN DEL ORO,PARTIDO ACCION POPULAR,562
200808,PUNO,SANDIA,SAN JUAN DEL ORO,PARTIDO APRISTA PERUANO,73
200808,PUNO,SANDIA,SAN JUAN DEL ORO,PARTIDO DEMOCRATICO SOMOS PERU,508
200808,PUNO,SANDIA,SAN JUAN DEL ORO,PARTIDO POLITICO NACIONAL PRIMERO PERU,156
200808,PUNO,SANDIA,SAN JUAN DEL ORO,PARTIDO RECONSTRUCCION DEMOCRATICA (PRD),248
200808,PUNO,SANDIA,SAN JUAN DEL ORO,PARTIDO RENACIMIENTO ANDINO,96
200808,PUNO,SANDIA,SAN JUAN DEL ORO,PODER DEMOCRATICO REGIONAL,405
200810,PUNO,SANDIA,YANAHUAYA,AGRUPACION INDEPENDIENTE UNION POR EL PERU - FRENTE AMPLIO,155
200810,PUNO,SANDIA,YANAHUAYA,ALIANZA ELECTORAL UNIDAD NACIONAL,50
200810,PUNO,SANDIA,YANAHUAYA,"MOVIMIENTO POR LA AUTONOMIA REGIONAL QUECHUA Y AYMARA ""MARQA""",134
200810,PUNO,SANDIA,YANAHUAYA,PARTIDO ACCION POPULAR,290
200810,PUNO,SANDIA,YANAHUAYA,PARTIDO APRISTA PERUANO,133
200810,PUNO,SANDIA,YANAHUAYA,PODER DEMOCRATICO REGIONAL,108
200811,PUNO,SANDIA,ALTO INAMBARI,ALIANZA ELECTORAL UNIDAD NACIONAL,145
200811,PUNO,SANDIA,ALTO INAMBARI,MOVIMIENTO NUEVA IZQUIERDA,338
200811,PUNO,SANDIA,ALTO INAMBARI,MOVIMIENTO POLITICO UNION REGIONAL PARA EL DESARROLLO,73
200811,PUNO,SANDIA,ALTO INAMBARI,"MOVIMIENTO POR LA AUTONOMIA REGIONAL QUECHUA Y AYMARA ""MARQA""",130
200811,PUNO,SANDIA,ALTO INAMBARI,PARTIDO ACCION POPULAR,253
200811,PUNO,SANDIA,ALTO INAMBARI,PARTIDO DEMOCRATICO SOMOS PERU,242
200811,PUNO,SANDIA,ALTO INAMBARI,PARTIDO RENACIMIENTO ANDINO,92
200811,PUNO,SANDIA,ALTO INAMBARI,PODER DEMOCRATICO REGIONAL,81
200902,PUNO,SAN ROMAN,CABANA,AGRUPACION INDEPENDIENTE UNION POR EL PERU - FRENTE AMPLIO,12
200902,PUNO,SAN ROMAN,CABANA,ALIANZA ELECTORAL UNIDAD NACIONAL,47
200902,PUNO,SAN ROMAN,CABANA,FRENTE AMPLIO DE DESARROLLO ESTRATEGICO REGIONAL,63
200902,PUNO,SAN ROMAN,CABANA,"FRENTE NACIONAL DE TRABAJADORES Y CAMPESINOS ""FRENATRACA""",27
200902,PUNO,SAN ROMAN,CABANA,MOVIMIENTO AMPLIO PAIS UNIDO - MAPU,33
200902,PUNO,SAN ROMAN,CABANA,MOVIMIENTO INDEPENDIENTE MORAL Y DESARROLLO,18
200902,PUNO,SAN ROMAN,CABANA,"MOVIMIENTO INDEPENDIENTE REGIONAL ""FRENTE UNIDO PROGRESISTA""",341
200902,PUNO,SAN ROMAN,CABANA,MOVIMIENTO INDEPENDIENTE UNIDOS POR JULIACA,28
200902,PUNO,SAN ROMAN,CABANA,"MOVIMIENTO POR LA AUTONOMIA REGIONAL QUECHUA Y AYMARA ""MARQA""",38
200902,PUNO,SAN ROMAN,CABANA,PARTIDO ACCION POPULAR,100
200902,PUNO,SAN ROMAN,CABANA,PARTIDO APRISTA PERUANO,151
200902,PUNO,SAN ROMAN,CABANA,PARTIDO DEMOCRATICO SOMOS PERU,190
200902,PUNO,SAN ROMAN,CABANA,PARTIDO PERU POSIBLE,280
200902,PUNO,SAN ROMAN,CABANA,PARTIDO POLITICO NACIONAL PRIMERO PERU,32
200902,PUNO,SAN ROMAN,CABANA,PARTIDO RENACIMIENTO ANDINO,168
200902,PUNO,SAN ROMAN,CABANA,PODER DEMOCRATICO REGIONAL,31
200903,PUNO,SAN ROMAN,CABANILLAS,AGRUPACION INDEPENDIENTE UNION POR EL PERU - FRENTE AMPLIO,51
200903,PUNO,SAN ROMAN,CABANILLAS,ALIANZA ELECTORAL UNIDAD NACIONAL,85
200903,PUNO,SAN ROMAN,CABANILLAS,FRENTE AMPLIO DE DESARROLLO ESTRATEGICO REGIONAL,84
200903,PUNO,SAN ROMAN,CABANILLAS,"FRENTE NACIONAL DE TRABAJADORES Y CAMPESINOS ""FRENATRACA""",50
200903,PUNO,SAN ROMAN,CABANILLAS,MOVIMIENTO INDEPENDIENTE MORAL Y DESARROLLO,101
200903,PUNO,SAN ROMAN,CABANILLAS,MOVIMIENTO INDEPENDIENTE NUEVA JULIACA,290
200903,PUNO,SAN ROMAN,CABANILLAS,MOVIMIENTO POLITICO UNION REGIONAL PARA EL DESARROLLO,200
200903,PUNO,SAN ROMAN,CABANILLAS,"MOVIMIENTO POR LA AUTONOMIA REGIONAL QUECHUA Y AYMARA ""MARQA""",228
200903,PUNO,SAN ROMAN,CABANILLAS,PARTIDO ACCION POPULAR,31
200903,PUNO,SAN ROMAN,CABANILLAS,PARTIDO APRISTA PERUANO,227
200903,PUNO,SAN ROMAN,CABANILLAS,PARTIDO PERU POSIBLE,109
200903,PUNO,SAN ROMAN,CABANILLAS,PARTIDO RENACIMIENTO ANDINO,159
200903,PUNO,SAN ROMAN,CABANILLAS,PODER DEMOCRATICO REGIONAL,89
200904,PUNO,SAN ROMAN,CARACOTO,AGRUPACION INDEPENDIENTE UNION POR EL PERU - FRENTE AMPLIO,25
200904,PUNO,SAN ROMAN,CARACOTO,ALIANZA ELECTORAL UNIDAD NACIONAL,143
200904,PUNO,SAN ROMAN,CARACOTO,FRENTE AMPLIO DE DESARROLLO ESTRATEGICO REGIONAL,31
200904,PUNO,SAN ROMAN,CARACOTO,FRENTE INDEPENDIENTE CARACOTO ORGANIZADO,220
200904,PUNO,SAN ROMAN,CARACOTO,"FRENTE NACIONAL DE TRABAJADORES Y CAMPESINOS ""FRENATRACA""",52
200904,PUNO,SAN ROMAN,CARACOTO,MOVIMIENTO INDEPENDIENTE CARACOTO CON OBRAS JUSTAS Y JUNTOS,116
200904,PUNO,SAN ROMAN,CARACOTO,MOVIMIENTO INDEPENDIENTE MORAL Y DESARROLLO,339
200904,PUNO,SAN ROMAN,CARACOTO,MOVIMIENTO INDEPENDIENTE NUEVA JULIACA,67
200904,PUNO,SAN ROMAN,CARACOTO,MOVIMIENTO INDEPENDIENTE UNIDOS POR JULIACA,22
200904,PUNO,SAN ROMAN,CARACOTO,MOVIMIENTO POLITICO UNION REGIONAL PARA EL DESARROLLO,247
200904,PUNO,SAN ROMAN,CARACOTO,"MOVIMIENTO POR LA AUTONOMIA REGIONAL QUECHUA Y AYMARA ""MARQA""",296
200904,PUNO,SAN ROMAN,CARACOTO,PARTIDO ACCION POPULAR,83
200904,PUNO,SAN ROMAN,CARACOTO,PARTIDO APRISTA PERUANO,137
200904,PUNO,SAN ROMAN,CARACOTO,PARTIDO PERU POSIBLE,21
200904,PUNO,SAN ROMAN,CARACOTO,PARTIDO RENACIMIENTO ANDINO,47
200904,PUNO,SAN ROMAN,CARACOTO,PODER DEMOCRATICO REGIONAL,42
201002,PUNO,YUNGUYO,UNICACHI,"MOVIMIENTO INDEPENDIENTE ""NUEVO YUNGUYO""",27
201002,PUNO,YUNGUYO,UNICACHI,MOVIMIENTO POLITICO UNION REGIONAL PARA EL DESARROLLO,299
201002,PUNO,YUNGUYO,UNICACHI,"MOVIMIENTO POR LA AUTONOMIA REGIONAL QUECHUA Y AYMARA ""MARQA""",90
201002,PUNO,YUNGUYO,UNICACHI,PARTIDO ACCION POPULAR,147
201002,PUNO,YUNGUYO,UNICACHI,PARTIDO APRISTA PERUANO,170
201002,PUNO,YUNGUYO,UNICACHI,PARTIDO PERU POSIBLE,66
201003,PUNO,YUNGUYO,ANAPIA,MOVIMIENTO POLITICO UNION REGIONAL PARA EL DESARROLLO,39
201003,PUNO,YUNGUYO,ANAPIA,PARTIDO DEMOCRATICO SOMOS PERU,189
201003,PUNO,YUNGUYO,ANAPIA,PARTIDO PERU POSIBLE,147
201004,PUNO,YUNGUYO,COPANI,"MOVIMIENTO INDEPENDIENTE ""NUEVO YUNGUYO""",107
201004,PUNO,YUNGUYO,COPANI,MOVIMIENTO NUEVA IZQUIERDA,424
201004,PUNO,YUNGUYO,COPANI,MOVIMIENTO POLITICO UNION REGIONAL PARA EL DESARROLLO,521
201004,PUNO,YUNGUYO,COPANI,"MOVIMIENTO POR LA AUTONOMIA REGIONAL QUECHUA Y AYMARA ""MARQA""",429
201004,PUNO,YUNGUYO,COPANI,PARTIDO APRISTA PERUANO,171
201004,PUNO,YUNGUYO,COPANI,PARTIDO DEMOCRATICO SOMOS PERU,149
201004,PUNO,YUNGUYO,COPANI,PARTIDO PERU POSIBLE,217
201004,PUNO,YUNGUYO,COPANI,PODER DEMOCRATICO REGIONAL,68
201005,PUNO,YUNGUYO,CUTURAPI,"MOVIMIENTO INDEPENDIENTE ""NUEVO YUNGUYO""",57
201005,PUNO,YUNGUYO,CUTURAPI,PARTIDO APRISTA PERUANO,170
201005,PUNO,YUNGUYO,CUTURAPI,PARTIDO DEMOCRATICO SOMOS PERU,199
201005,PUNO,YUNGUYO,CUTURAPI,PARTIDO PERU POSIBLE,63
201005,PUNO,YUNGUYO,CUTURAPI,PODER DEMOCRATICO REGIONAL,39
201006,PUNO,YUNGUYO,OLLARAYA,MOVIMIENTO POLITICO UNION REGIONAL PARA EL DESARROLLO,198
201006,PUNO,YUNGUYO,OLLARAYA,"MOVIMIENTO POR LA AUTONOMIA REGIONAL QUECHUA Y AYMARA ""MARQA""",236
201006,PUNO,YUNGUYO,OLLARAYA,PARTIDO ACCION POPULAR,180
201006,PUNO,YUNGUYO,OLLARAYA,PARTIDO APRISTA PERUANO,129
201006,PUNO,YUNGUYO,OLLARAYA,PARTIDO PERU POSIBLE,199
201007,PUNO,YUNGUYO,TINICACHI,PARTIDO DEMOCRATICO SOMOS PERU,133
201007,PUNO,YUNGUYO,TINICACHI,PARTIDO PERU POSIBLE,162
201102,PUNO,SAN ANTONIO DE PUTINA,PEDRO VILCA APAZA,ALIANZA ELECTORAL UNIDAD NACIONAL,156
201102,PUNO,SAN ANTONIO DE PUTINA,PEDRO VILCA APAZA,"MOVIMIENTO POR LA AUTONOMIA REGIONAL QUECHUA Y AYMARA ""MARQA""",142
201102,PUNO,SAN ANTONIO DE PUTINA,PEDRO VILCA APAZA,PARTIDO APRISTA PERUANO,231
201102,PUNO,SAN ANTONIO DE PUTINA,PEDRO VILCA APAZA,PARTIDO DEMOCRATICO SOMOS PERU,63
201102,PUNO,SAN ANTONIO DE PUTINA,PEDRO VILCA APAZA,PARTIDO PERU POSIBLE,151
201102,PUNO,SAN ANTONIO DE PUTINA,PEDRO VILCA APAZA,PODER DEMOCRATICO REGIONAL,99
201103,PUNO,SAN ANTONIO DE PUTINA,QUILCAPUNCU,ALIANZA ELECTORAL UNIDAD NACIONAL,27
201103,PUNO,SAN ANTONIO DE PUTINA,QUILCAPUNCU,FRENTE INDEPENDIENTE MORALIZADOR,65
201103,PUNO,SAN ANTONIO DE PUTINA,QUILCAPUNCU,MOVIMIENTO NUEVA IZQUIERDA,381
201103,PUNO,SAN ANTONIO DE PUTINA,QUILCAPUNCU,MOVIMIENTO POLITICO UNION REGIONAL PARA EL DESARROLLO,556
201103,PUNO,SAN ANTONIO DE PUTINA,QUILCAPUNCU,"MOVIMIENTO POR LA AUTONOMIA REGIONAL QUECHUA Y AYMARA ""MARQA""",207
201103,PUNO,SAN ANTONIO DE PUTINA,QUILCAPUNCU,PARTIDO PERU POSIBLE,71
201103,PUNO,SAN ANTONIO DE PUTINA,QUILCAPUNCU,PODER DEMOCRATICO REGIONAL,448
201104,PUNO,SAN ANTONIO DE PUTINA,ANANEA,ALIANZA ELECTORAL UNIDAD NACIONAL,136
201104,PUNO,SAN ANTONIO DE PUTINA,ANANEA,FUERZA DEMOCRATICA,286
201104,PUNO,SAN ANTONIO DE PUTINA,ANANEA,MOVIMIENTO NUEVA IZQUIERDA,46
201104,PUNO,SAN ANTONIO DE PUTINA,ANANEA,MOVIMIENTO POLITICO UNION REGIONAL PARA EL DESARROLLO,354
201104,PUNO,SAN ANTONIO DE PUTINA,ANANEA,"MOVIMIENTO POR LA AUTONOMIA REGIONAL QUECHUA Y AYMARA ""MARQA""",77
201104,PUNO,SAN ANTONIO DE PUTINA,ANANEA,PARTIDO ACCION POPULAR,82
201104,PUNO,SAN ANTONIO DE PUTINA,ANANEA,PARTIDO APRISTA PERUANO,36
201104,PUNO,SAN ANTONIO DE PUTINA,ANANEA,PARTIDO PERU POSIBLE,85
201104,PUNO,SAN ANTONIO DE PUTINA,ANANEA,PARTIDO POLITICO NACIONAL PRIMERO PERU,37
201104,PUNO,SAN ANTONIO DE PUTINA,ANANEA,PODER DEMOCRATICO REGIONAL,151
201105,PUNO,SAN ANTONIO DE PUTINA,SINA,ALIANZA ELECTORAL UNIDAD NACIONAL,16
201105,PUNO,SAN ANTONIO DE PUTINA,SINA,FUERZA DEMOCRATICA,30
201105,PUNO,SAN ANTONIO DE PUTINA,SINA,MOVIMIENTO POLITICO UNION REGIONAL PARA EL DESARROLLO,75
201105,PUNO,SAN ANTONIO DE PUTINA,SINA,"MOVIMIENTO POR LA AUTONOMIA REGIONAL QUECHUA Y AYMARA ""MARQA""",83
201105,PUNO,SAN ANTONIO DE PUTINA,SINA,PARTIDO APRISTA PERUANO,19
201105,PUNO,SAN ANTONIO DE PUTINA,SINA,PARTIDO DEMOCRATICO SOMOS PERU,36
201105,PUNO,SAN ANTONIO DE PUTINA,SINA,PARTIDO PERU POSIBLE,159
201105,PUNO,SAN ANTONIO DE PUTINA,SINA,PODER DEMOCRATICO REGIONAL,96
201202,PUNO,EL COLLAO,PILCUYO,MOVIMIENTO AMPLIO PAIS UNIDO - MAPU,990
201202,PUNO,EL COLLAO,PILCUYO,"MOVIMIENTO INDEPENDIENTE DEMOCRATICO DE LOS AYMARAS ""M.I.D.A.""",1018
201202,PUNO,EL COLLAO,PILCUYO,"MOVIMIENTO INDEPENDIENTE REGIONAL ""FRENTE UNIDO PROGRESISTA""",336
201202,PUNO,EL COLLAO,PILCUYO,MOVIMIENTO POLITICO UNION REGIONAL PARA EL DESARROLLO,1849
201202,PUNO,EL COLLAO,PILCUYO,"MOVIMIENTO POR LA AUTONOMIA REGIONAL QUECHUA Y AYMARA ""MARQA""",1386
201202,PUNO,EL COLLAO,PILCUYO,PARTIDO APRISTA PERUANO,289
201202,PUNO,EL COLLAO,PILCUYO,PARTIDO DEMOCRATICO SOMOS PERU,898
201202,PUNO,EL COLLAO,PILCUYO,PARTIDO PERU POSIBLE,63
201202,PUNO,EL COLLAO,PILCUYO,PARTIDO RENACIMIENTO ANDINO,569
201202,PUNO,EL COLLAO,PILCUYO,PODER DEMOCRATICO REGIONAL,852
201203,PUNO,EL COLLAO,SANTA ROSA,"MOVIMIENTO INDEPENDIENTE DEMOCRATICO DE LOS AYMARAS ""M.I.D.A.""",331
201203,PUNO,EL COLLAO,SANTA ROSA,MOVIMIENTO POLITICO UNION REGIONAL PARA EL DESARROLLO,405
201203,PUNO,EL COLLAO,SANTA ROSA,"MOVIMIENTO POR LA AUTONOMIA REGIONAL QUECHUA Y AYMARA ""MARQA""",491
201203,PUNO,EL COLLAO,SANTA ROSA,PARTIDO ACCION POPULAR,140
201203,PUNO,EL COLLAO,SANTA ROSA,PARTIDO PERU POSIBLE,104
201203,PUNO,EL COLLAO,SANTA ROSA,PODER DEMOCRATICO REGIONAL,302
201204,PUNO,EL COLLAO,CAPASO,"MOVIMIENTO INDEPENDIENTE DEMOCRATICO DE LOS AYMARAS ""M.I.D.A.""",139
201204,PUNO,EL COLLAO,CAPASO,MOVIMIENTO POLITICO UNION REGIONAL PARA EL DESARROLLO,135
201204,PUNO,EL COLLAO,CAPASO,PARTIDO APRISTA PERUANO,21
201204,PUNO,EL COLLAO,CAPASO,PARTIDO DEMOCRATICO SOMOS PERU,44
201204,PUNO,EL COLLAO,CAPASO,PARTIDO PERU POSIBLE,62
201204,PUNO,EL COLLAO,CAPASO,PODER DEMOCRATICO REGIONAL,0
201205,PUNO,EL COLLAO,CONDURIRI,MOVIMIENTO AMPLIO PAIS UNIDO - MAPU,146
201205,PUNO,EL COLLAO,CONDURIRI,"MOVIMIENTO INDEPENDIENTE REGIONAL ""FRENTE UNIDO PROGRESISTA""",47
201205,PUNO,EL COLLAO,CONDURIRI,MOVIMIENTO POLITICO UNION REGIONAL PARA EL DESARROLLO,114
201205,PUNO,EL COLLAO,CONDURIRI,PARTIDO APRISTA PERUANO,26
201205,PUNO,EL COLLAO,CONDURIRI,PARTIDO DEMOCRATICO SOMOS PERU,351
201205,PUNO,EL COLLAO,CONDURIRI,PARTIDO PERU POSIBLE,119
201205,PUNO,EL COLLAO,CONDURIRI,PODER DEMOCRATICO REGIONAL,226
201302,PUNO,MOHO,CONIMA,ALIANZA ELECTORAL UNIDAD NACIONAL,16
201302,PUNO,MOHO,CONIMA,FRENTE INDEPENDIENTE MORALIZADOR,111
201302,PUNO,MOHO,CONIMA,FUERZA DEMOCRATICA,130
201302,PUNO,MOHO,CONIMA,MOVIMIENTO CONCIENCIA Y TRABAJO,139
201302,PUNO,MOHO,CONIMA,MOVIMIENTO DE INTEGRACION CAMPESINA,77
201302,PUNO,MOHO,CONIMA,"MOVIMIENTO INDEPENDIENTE REGIONAL ""FRENTE UNIDO PROGRESISTA""",150
201302,PUNO,MOHO,CONIMA,MOVIMIENTO INDEPENDIENTE REGIONAL EN ACCION - MIRA,40
201302,PUNO,MOHO,CONIMA,MOVIMIENTO NUEVA IZQUIERDA,19
201302,PUNO,MOHO,CONIMA,MOVIMIENTO POLITICO UNION REGIONAL PARA EL DESARROLLO,40
201302,PUNO,MOHO,CONIMA,PARTIDO ACCION POPULAR,154
201302,PUNO,MOHO,CONIMA,PARTIDO APRISTA PERUANO,55
201302,PUNO,MOHO,CONIMA,PARTIDO DEMOCRATICO SOMOS PERU,302
201302,PUNO,MOHO,CONIMA,PARTIDO PERU POSIBLE,386
201302,PUNO,MOHO,CONIMA,PARTIDO RENACIMIENTO ANDINO,130
201302,PUNO,MOHO,CONIMA,PODER DEMOCRATICO REGIONAL,299
201303,PUNO,MOHO,TILALI,ALIANZA ELECTORAL UNIDAD NACIONAL,36
201303,PUNO,MOHO,TILALI,FRENTE INDEPENDIENTE MORALIZADOR,133
201303,PUNO,MOHO,TILALI,MOVIMIENTO CONCIENCIA Y TRABAJO,151
201303,PUNO,MOHO,TILALI,MOVIMIENTO DE INTEGRACION CAMPESINA,107
201303,PUNO,MOHO,TILALI,MOVIMIENTO INDEPENDIENTE REGIONAL EN ACCION - MIRA,93
201303,PUNO,MOHO,TILALI,MOVIMIENTO NUEVA IZQUIERDA,86
201303,PUNO,MOHO,TILALI,MOVIMIENTO POLITICO UNION REGIONAL PARA EL DESARROLLO,36
201303,PUNO,MOHO,TILALI,PARTIDO ACCION POPULAR,58
201303,PUNO,MOHO,TILALI,PARTIDO APRISTA PERUANO,26
201303,PUNO,MOHO,TILALI,PARTIDO DEMOCRATICO SOMOS PERU,158
201303,PUNO,MOHO,TILALI,PARTIDO PERU POSIBLE,154
201303,PUNO,MOHO,TILALI,PARTIDO POLITICO NACIONAL PRIMERO PERU,187
201303,PUNO,MOHO,TILALI,PARTIDO RENACIMIENTO ANDINO,36
201303,PUNO,MOHO,TILALI,PODER DEMOCRATICO REGIONAL,95
201304,PUNO,MOHO,HUAYRAPATA,ALIANZA ELECTORAL UNIDAD NACIONAL,139
201304,PUNO,MOHO,HUAYRAPATA,MOVIMIENTO DE INTEGRACION CAMPESINA,400
201304,PUNO,MOHO,HUAYRAPATA,MOVIMIENTO INDEPENDIENTE REGIONAL EN ACCION - MIRA,31
201304,PUNO,MOHO,HUAYRAPATA,PARTIDO ACCION POPULAR,50
201304,PUNO,MOHO,HUAYRAPATA,PARTIDO APRISTA PERUANO,272
201304,PUNO,MOHO,HUAYRAPATA,PARTIDO DEMOCRATICO SOMOS PERU,218
201304,PUNO,MOHO,HUAYRAPATA,PARTIDO PERU POSIBLE,81
210102,SAN MARTIN,MOYOBAMBA,CALZADA,ALIANZA ELECTORAL UNIDAD NACIONAL,148
210102,SAN MARTIN,MOYOBAMBA,CALZADA,"MOVIMIENTO INDEPENDIENTE ""ALTO MAYO EN ACCION""",361
210102,SAN MARTIN,MOYOBAMBA,CALZADA,MOVIMIENTO INDEPENDIENTE IDEAS,34
210102,SAN MARTIN,MOYOBAMBA,CALZADA,PARTIDO ACCION POPULAR,34
210102,SAN MARTIN,MOYOBAMBA,CALZADA,PARTIDO APRISTA PERUANO,503
210102,SAN MARTIN,MOYOBAMBA,CALZADA,PARTIDO PERU POSIBLE,477
210103,SAN MARTIN,MOYOBAMBA,HABANA,ALIANZA ELECTORAL UNIDAD NACIONAL,26
210103,SAN MARTIN,MOYOBAMBA,HABANA,"MOVIMIENTO INDEPENDIENTE ""ALTO MAYO EN ACCION""",54
210103,SAN MARTIN,MOYOBAMBA,HABANA,"MOVIMIENTO INDEPENDIENTE ""YA ESTAMOS TRABAJANDO""",248
210103,SAN MARTIN,MOYOBAMBA,HABANA,PARTIDO APRISTA PERUANO,281
210103,SAN MARTIN,MOYOBAMBA,HABANA,PARTIDO PERU POSIBLE,294
210104,SAN MARTIN,MOYOBAMBA,JEPELACIO,ALIANZA ELECTORAL UNIDAD NACIONAL,606
210104,SAN MARTIN,MOYOBAMBA,JEPELACIO,"MOVIMIENTO INDEPENDIENTE ""ALTO MAYO EN ACCION""",764
210104,SAN MARTIN,MOYOBAMBA,JEPELACIO,"MOVIMIENTO INDEPENDIENTE ""YA ESTAMOS TRABAJANDO""",151
210104,SAN MARTIN,MOYOBAMBA,JEPELACIO,MOVIMIENTO INDEPENDIENTE IDEAS,341
210104,SAN MARTIN,MOYOBAMBA,JEPELACIO,PARTIDO ACCION POPULAR,98
210104,SAN MARTIN,MOYOBAMBA,JEPELACIO,PARTIDO APRISTA PERUANO,596
210104,SAN MARTIN,MOYOBAMBA,JEPELACIO,PARTIDO PERU POSIBLE,699
210105,SAN MARTIN,MOYOBAMBA,SORITOR,ALIANZA ELECTORAL UNIDAD NACIONAL,1264
210105,SAN MARTIN,MOYOBAMBA,SORITOR,"MOVIMIENTO INDEPENDIENTE ""ALTO MAYO EN ACCION""",1477
210105,SAN MARTIN,MOYOBAMBA,SORITOR,"MOVIMIENTO INDEPENDIENTE ""YA ESTAMOS TRABAJANDO""",102
210105,SAN MARTIN,MOYOBAMBA,SORITOR,MOVIMIENTO INDEPENDIENTE IDEAS,1655
210105,SAN MARTIN,MOYOBAMBA,SORITOR,PARTIDO ACCION POPULAR,371
210105,SAN MARTIN,MOYOBAMBA,SORITOR,PARTIDO APRISTA PERUANO,531
210105,SAN MARTIN,MOYOBAMBA,SORITOR,PARTIDO PERU POSIBLE,316
210106,SAN MARTIN,MOYOBAMBA,YANTALO,ALIANZA ELECTORAL UNIDAD NACIONAL,310
210106,SAN MARTIN,MOYOBAMBA,YANTALO,"MOVIMIENTO INDEPENDIENTE ""ALTO MAYO EN ACCION""",133
210106,SAN MARTIN,MOYOBAMBA,YANTALO,"MOVIMIENTO INDEPENDIENTE ""YA ESTAMOS TRABAJANDO""",92
210106,SAN MARTIN,MOYOBAMBA,YANTALO,MOVIMIENTO INDEPENDIENTE IDEAS,124
210106,SAN MARTIN,MOYOBAMBA,YANTALO,PARTIDO ACCION POPULAR,60
210106,SAN MARTIN,MOYOBAMBA,YANTALO,PARTIDO APRISTA PERUANO,246
210106,SAN MARTIN,MOYOBAMBA,YANTALO,PARTIDO PERU POSIBLE,275
210202,SAN MARTIN,HUALLAGA,PISCOYACU,ALIANZA ELECTORAL UNIDAD NACIONAL,261
210202,SAN MARTIN,HUALLAGA,PISCOYACU,MOVIMIENTO INDEPENDIENTE NUEVA AMAZONIA,182
210202,SAN MARTIN,HUALLAGA,PISCOYACU,PARTIDO ACCION POPULAR,63
210202,SAN MARTIN,HUALLAGA,PISCOYACU,PARTIDO APRISTA PERUANO,306
210202,SAN MARTIN,HUALLAGA,PISCOYACU,PARTIDO PERU POSIBLE,129
210203,SAN MARTIN,HUALLAGA,SACANCHE,ALIANZA ELECTORAL UNIDAD NACIONAL,86
210203,SAN MARTIN,HUALLAGA,SACANCHE,MOVIMIENTO INDEPENDIENTE NUEVA AMAZONIA,75
210203,SAN MARTIN,HUALLAGA,SACANCHE,PARTIDO ACCION POPULAR,76
210203,SAN MARTIN,HUALLAGA,SACANCHE,PARTIDO APRISTA PERUANO,106
210203,SAN MARTIN,HUALLAGA,SACANCHE,PARTIDO PERU POSIBLE,156
210204,SAN MARTIN,HUALLAGA,TINGO DE SAPOSOA,ALIANZA ELECTORAL UNIDAD NACIONAL,131
210204,SAN MARTIN,HUALLAGA,TINGO DE SAPOSOA,MOVIMIENTO INDEPENDIENTE NUEVA AMAZONIA,57
210204,SAN MARTIN,HUALLAGA,TINGO DE SAPOSOA,PARTIDO ACCION POPULAR,118
210204,SAN MARTIN,HUALLAGA,TINGO DE SAPOSOA,PARTIDO APRISTA PERUANO,24
210205,SAN MARTIN,HUALLAGA,ALTO SAPOSOA,ALIANZA ELECTORAL UNIDAD NACIONAL,212
210205,SAN MARTIN,HUALLAGA,ALTO SAPOSOA,MOVIMIENTO INDEPENDIENTE NUEVA AMAZONIA,64
210205,SAN MARTIN,HUALLAGA,ALTO SAPOSOA,PARTIDO ACCION POPULAR,62
210205,SAN MARTIN,HUALLAGA,ALTO SAPOSOA,PARTIDO APRISTA PERUANO,269
210205,SAN MARTIN,HUALLAGA,ALTO SAPOSOA,PARTIDO PERU POSIBLE,12
210206,SAN MARTIN,HUALLAGA,EL ESLABON,ALIANZA ELECTORAL UNIDAD NACIONAL,0
210206,SAN MARTIN,HUALLAGA,EL ESLABON,MOVIMIENTO INDEPENDIENTE NUEVA AMAZONIA,0
210206,SAN MARTIN,HUALLAGA,EL ESLABON,PARTIDO APRISTA PERUANO,0
210206,SAN MARTIN,HUALLAGA,EL ESLABON,PARTIDO PERU POSIBLE,0
210303,SAN MARTIN,LAMAS,BARRANQUITA,AGRUPACION INDEPENDIENTE UNION POR EL PERU - FRENTE AMPLIO,411
210303,SAN MARTIN,LAMAS,BARRANQUITA,ALIANZA ELECTORAL UNIDAD NACIONAL,50
210303,SAN MARTIN,LAMAS,BARRANQUITA,"MOVIMIENTO DE INTEGRACION PROGRESISTA ""M.I.P.""",359
210303,SAN MARTIN,LAMAS,BARRANQUITA,PARTIDO ACCION POPULAR,61
210303,SAN MARTIN,LAMAS,BARRANQUITA,PARTIDO APRISTA PERUANO,70
210303,SAN MARTIN,LAMAS,BARRANQUITA,PARTIDO DEMOCRATICO SOMOS PERU,457
210303,SAN MARTIN,LAMAS,BARRANQUITA,PARTIDO PERU POSIBLE,223
210304,SAN MARTIN,LAMAS,CAYNARACHI,AGRUPACION INDEPENDIENTE UNION POR EL PERU - FRENTE AMPLIO,96
210304,SAN MARTIN,LAMAS,CAYNARACHI,ALIANZA ELECTORAL UNIDAD NACIONAL,11
210304,SAN MARTIN,LAMAS,CAYNARACHI,"MOVIMIENTO DE INTEGRACION PROGRESISTA ""M.I.P.""",229
210304,SAN MARTIN,LAMAS,CAYNARACHI,MOVIMIENTO INDEPENDIENTE NUEVA AMAZONIA,337
210304,SAN MARTIN,LAMAS,CAYNARACHI,PARTIDO ACCION POPULAR,416
210304,SAN MARTIN,LAMAS,CAYNARACHI,PARTIDO APRISTA PERUANO,469
210304,SAN MARTIN,LAMAS,CAYNARACHI,PARTIDO DEMOCRATICO SOMOS PERU,107
210304,SAN MARTIN,LAMAS,CAYNARACHI,PARTIDO PERU POSIBLE,467
210305,SAN MARTIN,LAMAS,CUÑUMBUQUI,ALIANZA ELECTORAL UNIDAD NACIONAL,489
210305,SAN MARTIN,LAMAS,CUÑUMBUQUI,"MOVIMIENTO DE INTEGRACION PROGRESISTA ""M.I.P.""",327
210305,SAN MARTIN,LAMAS,CUÑUMBUQUI,PARTIDO ACCION POPULAR,222
210305,SAN MARTIN,LAMAS,CUÑUMBUQUI,PARTIDO APRISTA PERUANO,329
210306,SAN MARTIN,LAMAS,PINTO RECODO,AGRUPACION INDEPENDIENTE UNION POR EL PERU - FRENTE AMPLIO,309
210306,SAN MARTIN,LAMAS,PINTO RECODO,ALIANZA ELECTORAL UNIDAD NACIONAL,7
210306,SAN MARTIN,LAMAS,PINTO RECODO,PARTIDO ACCION POPULAR,443
210306,SAN MARTIN,LAMAS,PINTO RECODO,PARTIDO APRISTA PERUANO,225
210306,SAN MARTIN,LAMAS,PINTO RECODO,PARTIDO PERU POSIBLE,304
210307,SAN MARTIN,LAMAS,RUMISAPA,MOVIMIENTO INDEPENDIENTE NUEVA AMAZONIA,146
210307,SAN MARTIN,LAMAS,RUMISAPA,PARTIDO ACCION POPULAR,462
210307,SAN MARTIN,LAMAS,RUMISAPA,PARTIDO APRISTA PERUANO,491
210311,SAN MARTIN,LAMAS,SHANAO,ALIANZA ELECTORAL UNIDAD NACIONAL,9
210311,SAN MARTIN,LAMAS,SHANAO,CONJUNTO TRANSPARENTE MUNICIPAL,12
210311,SAN MARTIN,LAMAS,SHANAO,"MOVIMIENTO DE INTEGRACION PROGRESISTA ""M.I.P.""",429
210311,SAN MARTIN,LAMAS,SHANAO,PARTIDO ACCION POPULAR,389
210311,SAN MARTIN,LAMAS,SHANAO,PARTIDO APRISTA PERUANO,33
210311,SAN MARTIN,LAMAS,SHANAO,PARTIDO PERU POSIBLE,341
210313,SAN MARTIN,LAMAS,TABALOSOS,AGRUPACION INDEPENDIENTE UNION POR EL PERU - FRENTE AMPLIO,24
210313,SAN MARTIN,LAMAS,TABALOSOS,ALIANZA ELECTORAL UNIDAD NACIONAL,530
210313,SAN MARTIN,LAMAS,TABALOSOS,"MOVIMIENTO DE INTEGRACION PROGRESISTA ""M.I.P.""",512
210313,SAN MARTIN,LAMAS,TABALOSOS,MOVIMIENTO INDEPENDIENTE CONTIGO TABALOSOS,330
210313,SAN MARTIN,LAMAS,TABALOSOS,PARTIDO ACCION POPULAR,960
210313,SAN MARTIN,LAMAS,TABALOSOS,PARTIDO APRISTA PERUANO,648
210313,SAN MARTIN,LAMAS,TABALOSOS,PARTIDO DEMOCRATICO SOMOS PERU,216
210313,SAN MARTIN,LAMAS,TABALOSOS,PARTIDO PERU POSIBLE,758
210314,SAN MARTIN,LAMAS,ZAPATERO,ALIANZA ELECTORAL UNIDAD NACIONAL,914
210314,SAN MARTIN,LAMAS,ZAPATERO,"MOVIMIENTO DE INTEGRACION PROGRESISTA ""M.I.P.""",216
210314,SAN MARTIN,LAMAS,ZAPATERO,PARTIDO APRISTA PERUANO,616
210314,SAN MARTIN,LAMAS,ZAPATERO,PARTIDO PERU POSIBLE,259
210315,SAN MARTIN,LAMAS,ALONSO DE ALVARADO,AGRUPACION INDEPENDIENTE UNION POR EL PERU - FRENTE AMPLIO,428
210315,SAN MARTIN,LAMAS,ALONSO DE ALVARADO,ALIANZA ELECTORAL UNIDAD NACIONAL,666
210315,SAN MARTIN,LAMAS,ALONSO DE ALVARADO,"MOVIMIENTO DE INTEGRACION PROGRESISTA ""M.I.P.""",598
210315,SAN MARTIN,LAMAS,ALONSO DE ALVARADO,PARTIDO ACCION POPULAR,69
210315,SAN MARTIN,LAMAS,ALONSO DE ALVARADO,PARTIDO APRISTA PERUANO,732
210315,SAN MARTIN,LAMAS,ALONSO DE ALVARADO,PARTIDO PERU POSIBLE,702
210316,SAN MARTIN,LAMAS,SAN ROQUE DE CUMBAZA,ALIANZA ELECTORAL UNIDAD NACIONAL,4
210316,SAN MARTIN,LAMAS,SAN ROQUE DE CUMBAZA,"MOVIMIENTO DE INTEGRACION PROGRESISTA ""M.I.P.""",144
210316,SAN MARTIN,LAMAS,SAN ROQUE DE CUMBAZA,PARTIDO ACCION POPULAR,43
210316,SAN MARTIN,LAMAS,SAN ROQUE DE CUMBAZA,PARTIDO APRISTA PERUANO,154
210316,SAN MARTIN,LAMAS,SAN ROQUE DE CUMBAZA,PARTIDO PERU POSIBLE,148
210402,SAN MARTIN,MARISCAL CACERES,CAMPANILLA,ALIANZA ELECTORAL UNIDAD NACIONAL,82
210402,SAN MARTIN,MARISCAL CACERES,CAMPANILLA,FRENTE INDEPENDIENTE MORALIZADOR,201
210402,SAN MARTIN,MARISCAL CACERES,CAMPANILLA,MOVIMIENTO DE INTEGRACION PARA EL DESARROLLO AGRARIO (MIDA),572
210402,SAN MARTIN,MARISCAL CACERES,CAMPANILLA,"MOVIMIENTO INDEPENDIENTE ""RECUPEREMOS MARISCAL CACERES""",172
210402,SAN MARTIN,MARISCAL CACERES,CAMPANILLA,PARTIDO ACCION POPULAR,56
210402,SAN MARTIN,MARISCAL CACERES,CAMPANILLA,PARTIDO APRISTA PERUANO,58
210402,SAN MARTIN,MARISCAL CACERES,CAMPANILLA,PARTIDO DEMOCRATICO SOMOS PERU,37
210402,SAN MARTIN,MARISCAL CACERES,CAMPANILLA,PARTIDO PERU POSIBLE,176
210403,SAN MARTIN,MARISCAL CACERES,HUICUNGO,ALIANZA ELECTORAL UNIDAD NACIONAL,38
210403,SAN MARTIN,MARISCAL CACERES,HUICUNGO,FRENTE INDEPENDIENTE MORALIZADOR,144
210403,SAN MARTIN,MARISCAL CACERES,HUICUNGO,MOVIMIENTO DE INTEGRACION PARA EL DESARROLLO AGRARIO (MIDA),176
210403,SAN MARTIN,MARISCAL CACERES,HUICUNGO,"MOVIMIENTO INDEPENDIENTE ""HUICUNGO LUZ AL DESARROLLO""",56
210403,SAN MARTIN,MARISCAL CACERES,HUICUNGO,"MOVIMIENTO INDEPENDIENTE ""RECUPEREMOS MARISCAL CACERES""",277
210403,SAN MARTIN,MARISCAL CACERES,HUICUNGO,PARTIDO ACCION POPULAR,128
210403,SAN MARTIN,MARISCAL CACERES,HUICUNGO,PARTIDO APRISTA PERUANO,191
210403,SAN MARTIN,MARISCAL CACERES,HUICUNGO,PARTIDO DEMOCRATICO SOMOS PERU,9
210403,SAN MARTIN,MARISCAL CACERES,HUICUNGO,PARTIDO PERU POSIBLE,197
210404,SAN MARTIN,MARISCAL CACERES,PACHIZA,FRENTE INDEPENDIENTE MORALIZADOR,70
210404,SAN MARTIN,MARISCAL CACERES,PACHIZA,MOVIMIENTO DE INTEGRACION PARA EL DESARROLLO AGRARIO (MIDA),311
210404,SAN MARTIN,MARISCAL CACERES,PACHIZA,"MOVIMIENTO INDEPENDIENTE ""RECUPEREMOS MARISCAL CACERES""",10
210404,SAN MARTIN,MARISCAL CACERES,PACHIZA,PARTIDO ACCION POPULAR,51
210404,SAN MARTIN,MARISCAL CACERES,PACHIZA,PARTIDO APRISTA PERUANO,63
210404,SAN MARTIN,MARISCAL CACERES,PACHIZA,PARTIDO DEMOCRATICO SOMOS PERU,2
210404,SAN MARTIN,MARISCAL CACERES,PACHIZA,PARTIDO PERU POSIBLE,354
210405,SAN MARTIN,MARISCAL CACERES,PAJARILLO,ALIANZA ELECTORAL UNIDAD NACIONAL,7
210405,SAN MARTIN,MARISCAL CACERES,PAJARILLO,FRENTE INDEPENDIENTE MORALIZADOR,79
210405,SAN MARTIN,MARISCAL CACERES,PAJARILLO,MOVIMIENTO DE INTEGRACION PARA EL DESARROLLO AGRARIO (MIDA),187
210405,SAN MARTIN,MARISCAL CACERES,PAJARILLO,"MOVIMIENTO INDEPENDIENTE ""RECUPEREMOS MARISCAL CACERES""",35
210405,SAN MARTIN,MARISCAL CACERES,PAJARILLO,PARTIDO ACCION POPULAR,29
210405,SAN MARTIN,MARISCAL CACERES,PAJARILLO,PARTIDO APRISTA PERUANO,41
210405,SAN MARTIN,MARISCAL CACERES,PAJARILLO,PARTIDO DEMOCRATICO SOMOS PERU,8
210405,SAN MARTIN,MARISCAL CACERES,PAJARILLO,PARTIDO PERU POSIBLE,94
210502,SAN MARTIN,RIOJA,POSIC,ALIANZA ELECTORAL UNIDAD NACIONAL,22
210502,SAN MARTIN,RIOJA,POSIC,"MOVIMIENTO INDEPENDIENTE ""FUERZA COMUNAL""",128
210502,SAN MARTIN,RIOJA,POSIC,"MOVIMIENTO INDEPENDIENTE ""INTEGRACION ALTO MAYO""",75
210502,SAN MARTIN,RIOJA,POSIC,PARTIDO ACCION POPULAR,15
210502,SAN MARTIN,RIOJA,POSIC,PARTIDO APRISTA PERUANO,130
210502,SAN MARTIN,RIOJA,POSIC,PARTIDO PERU POSIBLE,126
210503,SAN MARTIN,RIOJA,YORONGOS,"MOVIMIENTO INDEPENDIENTE ""FUERZA COMUNAL""",203
210503,SAN MARTIN,RIOJA,YORONGOS,"MOVIMIENTO INDEPENDIENTE ""INTEGRACION ALTO MAYO""",356
210503,SAN MARTIN,RIOJA,YORONGOS,PARTIDO ACCION POPULAR,66
210503,SAN MARTIN,RIOJA,YORONGOS,PARTIDO APRISTA PERUANO,325
210503,SAN MARTIN,RIOJA,YORONGOS,PARTIDO PERU POSIBLE,171
210504,SAN MARTIN,RIOJA,YURACYACU,"MOVIMIENTO INDEPENDIENTE ""YURACYACU ESTA PRIMERO""",1284
210504,SAN MARTIN,RIOJA,YURACYACU,PARTIDO APRISTA PERUANO,516
210504,SAN MARTIN,RIOJA,YURACYACU,PARTIDO DEMOCRATICO SOMOS PERU,83
210504,SAN MARTIN,RIOJA,YURACYACU,PARTIDO PERU POSIBLE,158
210505,SAN MARTIN,RIOJA,NUEVA CAJAMARCA,ALIANZA ELECTORAL UNIDAD NACIONAL,2034
210505,SAN MARTIN,RIOJA,NUEVA CAJAMARCA,"MOVIMIENTO INDEPENDIENTE ""FUERZA COMUNAL""",1955
210505,SAN MARTIN,RIOJA,NUEVA CAJAMARCA,"MOVIMIENTO INDEPENDIENTE ""INTEGRACION ALTO MAYO""",918
210505,SAN MARTIN,RIOJA,NUEVA CAJAMARCA,MOVIMIENTO INDEPENDIENTE NUEVA AMAZONIA,1316
210505,SAN MARTIN,RIOJA,NUEVA CAJAMARCA,PARTIDO ACCION POPULAR,538
210505,SAN MARTIN,RIOJA,NUEVA CAJAMARCA,PARTIDO APRISTA PERUANO,1360
210505,SAN MARTIN,RIOJA,NUEVA CAJAMARCA,PARTIDO DEMOCRATICO SOMOS PERU,414
210505,SAN MARTIN,RIOJA,NUEVA CAJAMARCA,PARTIDO PERU POSIBLE,1015
210506,SAN MARTIN,RIOJA,ELIAS SOPLIN,ALIANZA ELECTORAL UNIDAD NACIONAL,67
210506,SAN MARTIN,RIOJA,ELIAS SOPLIN,"MOVIMIENTO INDEPENDIENTE ""SIMBOLO PERFECTO LA ROCA""",809
210506,SAN MARTIN,RIOJA,ELIAS SOPLIN,MOVIMIENTO INDEPENDIENTE IDEAS,62
210506,SAN MARTIN,RIOJA,ELIAS SOPLIN,PARTIDO ACCION POPULAR,555
210506,SAN MARTIN,RIOJA,ELIAS SOPLIN,PARTIDO APRISTA PERUANO,147
210506,SAN MARTIN,RIOJA,ELIAS SOPLIN,PARTIDO DEMOCRATICO SOMOS PERU,48
210506,SAN MARTIN,RIOJA,ELIAS SOPLIN,PARTIDO PERU POSIBLE,410
210507,SAN MARTIN,RIOJA,SAN FERNANDO,"MOVIMIENTO INDEPENDIENTE ""FUERZA COMUNAL""",323
210507,SAN MARTIN,RIOJA,SAN FERNANDO,"MOVIMIENTO INDEPENDIENTE ""INTEGRACION ALTO MAYO""",294
210507,SAN MARTIN,RIOJA,SAN FERNANDO,PARTIDO ACCION POPULAR,296
210507,SAN MARTIN,RIOJA,SAN FERNANDO,PARTIDO APRISTA PERUANO,227
210507,SAN MARTIN,RIOJA,SAN FERNANDO,PARTIDO DEMOCRATICO SOMOS PERU,195
210508,SAN MARTIN,RIOJA,PARDO MIGUEL,ALIANZA ELECTORAL UNIDAD NACIONAL,424
210508,SAN MARTIN,RIOJA,PARDO MIGUEL,"MOVIMIENTO INDEPENDIENTE ""FUERZA COMUNAL""",427
210508,SAN MARTIN,RIOJA,PARDO MIGUEL,"MOVIMIENTO INDEPENDIENTE ""INTEGRACION ALTO MAYO""",916
210508,SAN MARTIN,RIOJA,PARDO MIGUEL,MOVIMIENTO INDEPENDIENTE IDEAS,579
210508,SAN MARTIN,RIOJA,PARDO MIGUEL,PARTIDO ACCION POPULAR,339
210508,SAN MARTIN,RIOJA,PARDO MIGUEL,PARTIDO APRISTA PERUANO,111
210508,SAN MARTIN,RIOJA,PARDO MIGUEL,PARTIDO PERU POSIBLE,942
210509,SAN MARTIN,RIOJA,AWAJUN,ALIANZA ELECTORAL UNIDAD NACIONAL,390
210509,SAN MARTIN,RIOJA,AWAJUN,"MOVIMIENTO INDEPENDIENTE ""FUERZA COMUNAL""",335
210509,SAN MARTIN,RIOJA,AWAJUN,"MOVIMIENTO INDEPENDIENTE ""INTEGRACION ALTO MAYO""",145
210509,SAN MARTIN,RIOJA,AWAJUN,PARTIDO ACCION POPULAR,84
210509,SAN MARTIN,RIOJA,AWAJUN,PARTIDO APRISTA PERUANO,107
210509,SAN MARTIN,RIOJA,AWAJUN,PARTIDO DEMOCRATICO SOMOS PERU,137
210509,SAN MARTIN,RIOJA,AWAJUN,PARTIDO PERU POSIBLE,155
210602,SAN MARTIN,SAN MARTIN,ALBERTO LEVEAU,ALIANZA ELECTORAL UNIDAD NACIONAL,319
210602,SAN MARTIN,SAN MARTIN,ALBERTO LEVEAU,PARTIDO APRISTA PERUANO,246
210602,SAN MARTIN,SAN MARTIN,ALBERTO LEVEAU,PARTIDO PERU POSIBLE,307
210604,SAN MARTIN,SAN MARTIN,CACATACHI,ALIANZA ELECTORAL UNIDAD NACIONAL,177
210604,SAN MARTIN,SAN MARTIN,CACATACHI,MOVIMIENTO INDEPENDIENTE IDEAS,465
210604,SAN MARTIN,SAN MARTIN,CACATACHI,PARTIDO ACCION POPULAR,192
210604,SAN MARTIN,SAN MARTIN,CACATACHI,PARTIDO APRISTA PERUANO,243
210604,SAN MARTIN,SAN MARTIN,CACATACHI,PARTIDO PERU POSIBLE,365
210606,SAN MARTIN,SAN MARTIN,CHAZUTA,ALIANZA ELECTORAL UNIDAD NACIONAL,321
210606,SAN MARTIN,SAN MARTIN,CHAZUTA,FUERZA SAN MARTINENSE Y MOTOKARRISTAS EN ACCION (FUSAM),37
210606,SAN MARTIN,SAN MARTIN,CHAZUTA,MOVIMIENTO  CHOBA  CHOBA,91
210606,SAN MARTIN,SAN MARTIN,CHAZUTA,MOVIMIENTO INDEPENDIENTE IDEAS,479
210606,SAN MARTIN,SAN MARTIN,CHAZUTA,MOVIMIENTO INDEPENDIENTE NUEVA AMAZONIA,225
210606,SAN MARTIN,SAN MARTIN,CHAZUTA,PARTIDO ACCION POPULAR,384
210606,SAN MARTIN,SAN MARTIN,CHAZUTA,PARTIDO APRISTA PERUANO,473
210606,SAN MARTIN,SAN MARTIN,CHAZUTA,PARTIDO DEMOCRATICO SOMOS PERU,296
210606,SAN MARTIN,SAN MARTIN,CHAZUTA,PARTIDO PERU POSIBLE,194
210607,SAN MARTIN,SAN MARTIN,CHIPURANA,"MOVIMIENTO INDEPENDIENTE ""AVANCEMOS CHIPURANA""",225
210607,SAN MARTIN,SAN MARTIN,CHIPURANA,MOVIMIENTO INDEPENDIENTE IDEAS,65
210607,SAN MARTIN,SAN MARTIN,CHIPURANA,PARTIDO ACCION POPULAR,165
210607,SAN MARTIN,SAN MARTIN,CHIPURANA,PARTIDO APRISTA PERUANO,59
210607,SAN MARTIN,SAN MARTIN,CHIPURANA,PARTIDO DEMOCRATICO SOMOS PERU,34
210607,SAN MARTIN,SAN MARTIN,CHIPURANA,PARTIDO PERU POSIBLE,2
210608,SAN MARTIN,SAN MARTIN,EL PORVENIR,ALIANZA ELECTORAL UNIDAD NACIONAL,142
210608,SAN MARTIN,SAN MARTIN,EL PORVENIR,FUERZA SAN MARTINENSE Y MOTOKARRISTAS EN ACCION (FUSAM),108
210608,SAN MARTIN,SAN MARTIN,EL PORVENIR,PARTIDO ACCION POPULAR,15
210608,SAN MARTIN,SAN MARTIN,EL PORVENIR,PARTIDO APRISTA PERUANO,198
210608,SAN MARTIN,SAN MARTIN,EL PORVENIR,PARTIDO PERU POSIBLE,131
210609,SAN MARTIN,SAN MARTIN,HUIMBAYOC,ALIANZA ELECTORAL UNIDAD NACIONAL,254
210609,SAN MARTIN,SAN MARTIN,HUIMBAYOC,FUERZA SAN MARTINENSE Y MOTOKARRISTAS EN ACCION (FUSAM),12
210609,SAN MARTIN,SAN MARTIN,HUIMBAYOC,PARTIDO ACCION POPULAR,220
210609,SAN MARTIN,SAN MARTIN,HUIMBAYOC,PARTIDO APRISTA PERUANO,349
210609,SAN MARTIN,SAN MARTIN,HUIMBAYOC,PARTIDO DEMOCRATICO SOMOS PERU,269
210609,SAN MARTIN,SAN MARTIN,HUIMBAYOC,PARTIDO PERU POSIBLE,177
210610,SAN MARTIN,SAN MARTIN,JUAN GUERRA,"MOVIMIENTO INDEPENDIENTE ""FUERZA JUAN GUERRINA""",375
210610,SAN MARTIN,SAN MARTIN,JUAN GUERRA,MOVIMIENTO INDEPENDIENTE IDEAS,364
210610,SAN MARTIN,SAN MARTIN,JUAN GUERRA,MOVIMIENTO INDEPENDIENTE NUEVA AMAZONIA,269
210610,SAN MARTIN,SAN MARTIN,JUAN GUERRA,PARTIDO ACCION POPULAR,305
210610,SAN MARTIN,SAN MARTIN,JUAN GUERRA,PARTIDO APRISTA PERUANO,269
210610,SAN MARTIN,SAN MARTIN,JUAN GUERRA,PARTIDO DEMOCRATICO SOMOS PERU,21
210610,SAN MARTIN,SAN MARTIN,JUAN GUERRA,PARTIDO PERU POSIBLE,131
210611,SAN MARTIN,SAN MARTIN,MORALES,ALIANZA ELECTORAL UNIDAD NACIONAL,378
210611,SAN MARTIN,SAN MARTIN,MORALES,FUERZA SAN MARTINENSE Y MOTOKARRISTAS EN ACCION (FUSAM),124
210611,SAN MARTIN,SAN MARTIN,MORALES,MOVIMIENTO DE CONSENSO MORALES EN ACCION,315
210611,SAN MARTIN,SAN MARTIN,MORALES,PARTIDO ACCION POPULAR,899
210611,SAN MARTIN,SAN MARTIN,MORALES,PARTIDO APRISTA PERUANO,1497
210611,SAN MARTIN,SAN MARTIN,MORALES,PARTIDO DEMOCRATICO SOMOS PERU,2121
210611,SAN MARTIN,SAN MARTIN,MORALES,PARTIDO PERU POSIBLE,927
210612,SAN MARTIN,SAN MARTIN,PAPA-PLAYA,ALIANZA ELECTORAL UNIDAD NACIONAL,48
210612,SAN MARTIN,SAN MARTIN,PAPA-PLAYA,FUERZA SAN MARTINENSE Y MOTOKARRISTAS EN ACCION (FUSAM),22
210612,SAN MARTIN,SAN MARTIN,PAPA-PLAYA,PARTIDO ACCION POPULAR,228
210612,SAN MARTIN,SAN MARTIN,PAPA-PLAYA,PARTIDO APRISTA PERUANO,178
210612,SAN MARTIN,SAN MARTIN,PAPA-PLAYA,PARTIDO DEMOCRATICO SOMOS PERU,52
210612,SAN MARTIN,SAN MARTIN,PAPA-PLAYA,PARTIDO PERU POSIBLE,252
210616,SAN MARTIN,SAN MARTIN,SAN ANTONIO,MOVIMIENTO INDEPENDIENTE IDEAS,243
210616,SAN MARTIN,SAN MARTIN,SAN ANTONIO,MOVIMIENTO INDEPENDIENTE NUEVA AMAZONIA,138
210616,SAN MARTIN,SAN MARTIN,SAN ANTONIO,PARTIDO ACCION POPULAR,124
210616,SAN MARTIN,SAN MARTIN,SAN ANTONIO,PARTIDO APRISTA PERUANO,60
210616,SAN MARTIN,SAN MARTIN,SAN ANTONIO,PARTIDO PERU POSIBLE,119
210619,SAN MARTIN,SAN MARTIN,SAUCE,ALIANZA ELECTORAL UNIDAD NACIONAL,343
210619,SAN MARTIN,SAN MARTIN,SAUCE,MOVIMIENTO INDEPENDIENTE MODERNIZACION SAUCINA,267
210619,SAN MARTIN,SAN MARTIN,SAUCE,PARTIDO APRISTA PERUANO,553
210619,SAN MARTIN,SAN MARTIN,SAUCE,PARTIDO DEMOCRATICO SOMOS PERU,5
210619,SAN MARTIN,SAN MARTIN,SAUCE,PARTIDO PERU POSIBLE,703
210620,SAN MARTIN,SAN MARTIN,SHAPAJA,FRENTE DE INTEGRACION COMUNAL - SHAPAJA,643
210620,SAN MARTIN,SAN MARTIN,SHAPAJA,PARTIDO ACCION POPULAR,5
210620,SAN MARTIN,SAN MARTIN,SHAPAJA,PARTIDO APRISTA PERUANO,60
210620,SAN MARTIN,SAN MARTIN,SHAPAJA,PARTIDO PERU POSIBLE,598
210621,SAN MARTIN,SAN MARTIN,LA BANDA DE SHILCAYO,ALIANZA ELECTORAL UNIDAD NACIONAL,783
210621,SAN MARTIN,SAN MARTIN,LA BANDA DE SHILCAYO,FUERZA DEMOCRATICA,879
210621,SAN MARTIN,SAN MARTIN,LA BANDA DE SHILCAYO,FUERZA SAN MARTINENSE Y MOTOKARRISTAS EN ACCION (FUSAM),146
210621,SAN MARTIN,SAN MARTIN,LA BANDA DE SHILCAYO,"MOVIMIENTO INDEPENDIENTE ""SIEMPRE CON LA BANDA DE SHILCAYO""",1438
210621,SAN MARTIN,SAN MARTIN,LA BANDA DE SHILCAYO,MOVIMIENTO INDEPENDIENTE NUEVA AMAZONIA,695
210621,SAN MARTIN,SAN MARTIN,LA BANDA DE SHILCAYO,PARTIDO ACCION POPULAR,1331
210621,SAN MARTIN,SAN MARTIN,LA BANDA DE SHILCAYO,PARTIDO APRISTA PERUANO,1333
210621,SAN MARTIN,SAN MARTIN,LA BANDA DE SHILCAYO,PARTIDO DEMOCRATICO SOMOS PERU,80
210621,SAN MARTIN,SAN MARTIN,LA BANDA DE SHILCAYO,PARTIDO PERU POSIBLE,318
210702,SAN MARTIN,BELLAVISTA,SAN RAFAEL,ALIANZA ELECTORAL UNIDAD NACIONAL,411
210702,SAN MARTIN,BELLAVISTA,SAN RAFAEL,"MOVIMIENTO ""UNIDOS POR BELLAVISTA""",75
210702,SAN MARTIN,BELLAVISTA,SAN RAFAEL,MOVIMIENTO INDEPENDIENTE NUEVA AMAZONIA,122
210702,SAN MARTIN,BELLAVISTA,SAN RAFAEL,PARTIDO APRISTA PERUANO,458
210702,SAN MARTIN,BELLAVISTA,SAN RAFAEL,PARTIDO PERU POSIBLE,160
210703,SAN MARTIN,BELLAVISTA,SAN PABLO,ALIANZA ELECTORAL UNIDAD NACIONAL,679
210703,SAN MARTIN,BELLAVISTA,SAN PABLO,MOVIMIENTO INDEPENDIENTE NUEVA AMAZONIA,961
210703,SAN MARTIN,BELLAVISTA,SAN PABLO,PARTIDO ACCION POPULAR,90
210703,SAN MARTIN,BELLAVISTA,SAN PABLO,PARTIDO APRISTA PERUANO,201
210703,SAN MARTIN,BELLAVISTA,SAN PABLO,PARTIDO PERU POSIBLE,685
210704,SAN MARTIN,BELLAVISTA,ALTO BIAVO,ALIANZA ELECTORAL UNIDAD NACIONAL,227
210704,SAN MARTIN,BELLAVISTA,ALTO BIAVO,PARTIDO ACCION POPULAR,94
210704,SAN MARTIN,BELLAVISTA,ALTO BIAVO,PARTIDO APRISTA PERUANO,122
210704,SAN MARTIN,BELLAVISTA,ALTO BIAVO,PARTIDO PERU POSIBLE,282
210705,SAN MARTIN,BELLAVISTA,HUALLAGA,ALIANZA ELECTORAL UNIDAD NACIONAL,154
210705,SAN MARTIN,BELLAVISTA,HUALLAGA,"MOVIMIENTO ""UNIDOS POR BELLAVISTA""",14
210705,SAN MARTIN,BELLAVISTA,HUALLAGA,MOVIMIENTO INDEPENDIENTE NUEVA AMAZONIA,126
210705,SAN MARTIN,BELLAVISTA,HUALLAGA,PARTIDO ACCION POPULAR,92
210705,SAN MARTIN,BELLAVISTA,HUALLAGA,PARTIDO APRISTA PERUANO,61
210705,SAN MARTIN,BELLAVISTA,HUALLAGA,PARTIDO PERU POSIBLE,74
210706,SAN MARTIN,BELLAVISTA,BAJO BIAVO,ALIANZA ELECTORAL UNIDAD NACIONAL,277
210706,SAN MARTIN,BELLAVISTA,BAJO BIAVO,MOVIMIENTO INDEPENDIENTE NUEVA AMAZONIA,74
210706,SAN MARTIN,BELLAVISTA,BAJO BIAVO,PARTIDO ACCION POPULAR,75
210706,SAN MARTIN,BELLAVISTA,BAJO BIAVO,PARTIDO APRISTA PERUANO,181
210706,SAN MARTIN,BELLAVISTA,BAJO BIAVO,PARTIDO PERU POSIBLE,705
210802,SAN MARTIN,TOCACHE,NUEVO PROGRESO,AHORA EL SOL,341
210802,SAN MARTIN,TOCACHE,NUEVO PROGRESO,ALIANZA ELECTORAL UNIDAD NACIONAL,247
210802,SAN MARTIN,TOCACHE,NUEVO PROGRESO,PARTIDO ACCION POPULAR,425
210802,SAN MARTIN,TOCACHE,NUEVO PROGRESO,PARTIDO APRISTA PERUANO,223
210802,SAN MARTIN,TOCACHE,NUEVO PROGRESO,PARTIDO PERU POSIBLE,105
210803,SAN MARTIN,TOCACHE,POLVORA,MOVIMIENTO INDEPENDIENTE NUEVA AMAZONIA,246
210803,SAN MARTIN,TOCACHE,POLVORA,PARTIDO ACCION POPULAR,230
210803,SAN MARTIN,TOCACHE,POLVORA,PARTIDO APRISTA PERUANO,138
210803,SAN MARTIN,TOCACHE,POLVORA,PARTIDO DEMOCRATICO SOMOS PERU,8
210803,SAN MARTIN,TOCACHE,POLVORA,PARTIDO PERU POSIBLE,194
210804,SAN MARTIN,TOCACHE,SHUNTE,AHORA EL SOL,136
210804,SAN MARTIN,TOCACHE,SHUNTE,ALIANZA ELECTORAL UNIDAD NACIONAL,19
210804,SAN MARTIN,TOCACHE,SHUNTE,PARTIDO ACCION POPULAR,57
210804,SAN MARTIN,TOCACHE,SHUNTE,PARTIDO APRISTA PERUANO,25
210804,SAN MARTIN,TOCACHE,SHUNTE,PARTIDO DEMOCRATICO SOMOS PERU,17
210804,SAN MARTIN,TOCACHE,SHUNTE,PARTIDO PERU POSIBLE,109
210805,SAN MARTIN,TOCACHE,UCHIZA,FRENTE INDEPENDIENTE SOLIDARIDAD UCHICINA,1177
210805,SAN MARTIN,TOCACHE,UCHIZA,FUERZA DEMOCRATICA,433
210805,SAN MARTIN,TOCACHE,UCHIZA,MOVIMIENTO FRENTE DE INTEGRACION DE DESARROLLO AGRARIO,529
210805,SAN MARTIN,TOCACHE,UCHIZA,MOVIMIENTO INDEPENDIENTE CONTIGO UCHIZA,1273
210805,SAN MARTIN,TOCACHE,UCHIZA,MOVIMIENTO INDEPENDIENTE UNIDAD CAMPESINA - UCHIZA,165
210805,SAN MARTIN,TOCACHE,UCHIZA,MOVIMIENTO UCHIZA NUEVA VISION ,225
210805,SAN MARTIN,TOCACHE,UCHIZA,PARTIDO APRISTA PERUANO,182
210805,SAN MARTIN,TOCACHE,UCHIZA,TODOS POR UCHIZA Y RESIDENTES MARAÑONENCES,536
210902,SAN MARTIN,PICOTA,BUENOS AIRES,ALIANZA ELECTORAL UNIDAD NACIONAL,204
210902,SAN MARTIN,PICOTA,BUENOS AIRES,"MOVIMIENTO INDEPENDIENTE ""PICOTA EN ACCION""",167
210902,SAN MARTIN,PICOTA,BUENOS AIRES,MOVIMIENTO INDEPENDIENTE IDEAS,197
210902,SAN MARTIN,PICOTA,BUENOS AIRES,PARTIDO ACCION POPULAR,144
210902,SAN MARTIN,PICOTA,BUENOS AIRES,PARTIDO APRISTA PERUANO,236
210902,SAN MARTIN,PICOTA,BUENOS AIRES,PARTIDO PERU POSIBLE,137
210903,SAN MARTIN,PICOTA,CASPIZAPA,"MOVIMIENTO INDEPENDIENTE ""PICOTA EN ACCION""",0
210903,SAN MARTIN,PICOTA,CASPIZAPA,MOVIMIENTO NUEVA IZQUIERDA,0
210903,SAN MARTIN,PICOTA,CASPIZAPA,PARTIDO APRISTA PERUANO,0
210903,SAN MARTIN,PICOTA,CASPIZAPA,PARTIDO PERU POSIBLE,0
210904,SAN MARTIN,PICOTA,PILLUANA,ALIANZA ELECTORAL UNIDAD NACIONAL,107
210904,SAN MARTIN,PICOTA,PILLUANA,"MOVIMIENTO INDEPENDIENTE ""PICOTA EN ACCION""",65
210904,SAN MARTIN,PICOTA,PILLUANA,MOVIMIENTO INDEPENDIENTE IDEAS,34
210904,SAN MARTIN,PICOTA,PILLUANA,PARTIDO APRISTA PERUANO,116
210904,SAN MARTIN,PICOTA,PILLUANA,PARTIDO PERU POSIBLE,35
210905,SAN MARTIN,PICOTA,PUCACACA,ALIANZA ELECTORAL UNIDAD NACIONAL,35
210905,SAN MARTIN,PICOTA,PUCACACA,"MOVIMIENTO INDEPENDIENTE ""PICOTA EN ACCION""",574
210905,SAN MARTIN,PICOTA,PUCACACA,MOVIMIENTO INDEPENDIENTE IDEAS,97
210905,SAN MARTIN,PICOTA,PUCACACA,MOVIMIENTO NUEVA IZQUIERDA,31
210905,SAN MARTIN,PICOTA,PUCACACA,PARTIDO APRISTA PERUANO,446
210905,SAN MARTIN,PICOTA,PUCACACA,PARTIDO PERU POSIBLE,203
210906,SAN MARTIN,PICOTA,SAN CRISTOBAL,ALIANZA ELECTORAL UNIDAD NACIONAL,53
210906,SAN MARTIN,PICOTA,SAN CRISTOBAL,MOVIMIENTO INDEPENDIENTE DE PROGRESO Y DESARROLLO,169
210906,SAN MARTIN,PICOTA,SAN CRISTOBAL,MOVIMIENTO INDEPENDIENTE IDEAS,23
210906,SAN MARTIN,PICOTA,SAN CRISTOBAL,MOVIMIENTO NUEVA IZQUIERDA,3
210906,SAN MARTIN,PICOTA,SAN CRISTOBAL,PARTIDO ACCION POPULAR,34
210906,SAN MARTIN,PICOTA,SAN CRISTOBAL,PARTIDO APRISTA PERUANO,139
210906,SAN MARTIN,PICOTA,SAN CRISTOBAL,PARTIDO PERU POSIBLE,50
210907,SAN MARTIN,PICOTA,SAN HILARION,AGRUPACION INDEPENDIENTE UNION POR EL PERU - FRENTE AMPLIO,270
210907,SAN MARTIN,PICOTA,SAN HILARION,ALIANZA ELECTORAL UNIDAD NACIONAL,69
210907,SAN MARTIN,PICOTA,SAN HILARION,"MOVIMIENTO INDEPENDIENTE ""PICOTA EN ACCION""",203
210907,SAN MARTIN,PICOTA,SAN HILARION,MOVIMIENTO NUEVA IZQUIERDA,350
210907,SAN MARTIN,PICOTA,SAN HILARION,PARTIDO APRISTA PERUANO,107
210907,SAN MARTIN,PICOTA,SAN HILARION,PARTIDO DEMOCRATICO SOMOS PERU,52
210907,SAN MARTIN,PICOTA,SAN HILARION,PARTIDO PERU POSIBLE,92
210908,SAN MARTIN,PICOTA,TINGO DE PONASA,ALIANZA ELECTORAL UNIDAD NACIONAL,107
210908,SAN MARTIN,PICOTA,TINGO DE PONASA,"MOVIMIENTO INDEPENDIENTE ""PICOTA EN ACCION""",491
210908,SAN MARTIN,PICOTA,TINGO DE PONASA,MOVIMIENTO INDEPENDIENTE IDEAS,259
210908,SAN MARTIN,PICOTA,TINGO DE PONASA,MOVIMIENTO NUEVA IZQUIERDA,20
210908,SAN MARTIN,PICOTA,TINGO DE PONASA,PARTIDO APRISTA PERUANO,167
210908,SAN MARTIN,PICOTA,TINGO DE PONASA,PARTIDO PERU POSIBLE,129
210909,SAN MARTIN,PICOTA,TRES UNIDOS,MOVIMIENTO INDEPENDIENTE NUEVA AMAZONIA,627
210909,SAN MARTIN,PICOTA,TRES UNIDOS,MOVIMIENTO NUEVA IZQUIERDA,2
210909,SAN MARTIN,PICOTA,TRES UNIDOS,PARTIDO APRISTA PERUANO,507
210909,SAN MARTIN,PICOTA,TRES UNIDOS,PARTIDO PERU POSIBLE,93
210910,SAN MARTIN,PICOTA,SHAMBOYACU,ALIANZA ELECTORAL UNIDAD NACIONAL,233
210910,SAN MARTIN,PICOTA,SHAMBOYACU,"MOVIMIENTO INDEPENDIENTE ""PICOTA EN ACCION""",37
210910,SAN MARTIN,PICOTA,SHAMBOYACU,MOVIMIENTO INDEPENDIENTE IDEAS,166
210910,SAN MARTIN,PICOTA,SHAMBOYACU,MOVIMIENTO NUEVA IZQUIERDA,108
210910,SAN MARTIN,PICOTA,SHAMBOYACU,PARTIDO ACCION POPULAR,53
210910,SAN MARTIN,PICOTA,SHAMBOYACU,PARTIDO APRISTA PERUANO,50
210910,SAN MARTIN,PICOTA,SHAMBOYACU,PARTIDO DEMOCRATICO SOMOS PERU,21
210910,SAN MARTIN,PICOTA,SHAMBOYACU,PARTIDO PERU POSIBLE,180
211002,SAN MARTIN,EL DORADO,AGUA BLANCA,ALIANZA ELECTORAL UNIDAD NACIONAL,308
211002,SAN MARTIN,EL DORADO,AGUA BLANCA,MOVIMIENTO INDEPENDIENTE CORAJE Y HONRADEZ POR AGUA BLANCA M.I.C.H.A.B.,194
211002,SAN MARTIN,EL DORADO,AGUA BLANCA,MOVIMIENTO INDEPENDIENTE NUEVA AMAZONIA,100
211002,SAN MARTIN,EL DORADO,AGUA BLANCA,PARTIDO APRISTA PERUANO,120
211002,SAN MARTIN,EL DORADO,AGUA BLANCA,PARTIDO PERU POSIBLE,181
211003,SAN MARTIN,EL DORADO,SHATOJA,PARTIDO APRISTA PERUANO,304
211003,SAN MARTIN,EL DORADO,SHATOJA,PARTIDO PERU POSIBLE,183
211003,SAN MARTIN,EL DORADO,SHATOJA,PODER POPULAR DE SHATOJA,343
211004,SAN MARTIN,EL DORADO,SAN MARTIN,ALIANZA ELECTORAL UNIDAD NACIONAL,689
211004,SAN MARTIN,EL DORADO,SAN MARTIN,MOVIMIENTO INDEPENDIENTE NUEVA AMAZONIA,107
211004,SAN MARTIN,EL DORADO,SAN MARTIN,PARTIDO APRISTA PERUANO,660
211004,SAN MARTIN,EL DORADO,SAN MARTIN,PARTIDO PERU POSIBLE,51
211005,SAN MARTIN,EL DORADO,SANTA ROSA,ALIANZA ELECTORAL UNIDAD NACIONAL,140
211005,SAN MARTIN,EL DORADO,SANTA ROSA,MOVIMIENTO INDEPENDIENTE SANTA ROSA,554
211005,SAN MARTIN,EL DORADO,SANTA ROSA,PARTIDO APRISTA PERUANO,30
211005,SAN MARTIN,EL DORADO,SANTA ROSA,PARTIDO PERU POSIBLE,240
220102,TACNA,TACNA,CALANA,ALIANZA ELECTORAL UNIDAD NACIONAL,184
220102,TACNA,TACNA,CALANA,ALIANZA POR TACNA,304
220102,TACNA,TACNA,CALANA,FRENTE TACNEÑISTA,52
220102,TACNA,TACNA,CALANA,"MOVIMIENTO INDEPENDIENTE ""TRABAJO Y PROGRESO POR CALANA""",233
220102,TACNA,TACNA,CALANA,PARTIDO ACCION POPULAR,65
220102,TACNA,TACNA,CALANA,PARTIDO APRISTA PERUANO,92
220102,TACNA,TACNA,CALANA,PARTIDO DEMOCRATICO SOMOS PERU,34
220102,TACNA,TACNA,CALANA,PARTIDO PERU POSIBLE,119
220102,TACNA,TACNA,CALANA,TACNA HEROICA,36
220102,TACNA,TACNA,CALANA,TODOS CON TACNA,37
220104,TACNA,TACNA,INCLAN,DESCENTRALIZACION Y DESARROLLO,147
220104,TACNA,TACNA,INCLAN,NACIONAL INCA,6
220104,TACNA,TACNA,INCLAN,PARTIDO APRISTA PERUANO,174
220104,TACNA,TACNA,INCLAN,PARTIDO PERU POSIBLE,314
220104,TACNA,TACNA,INCLAN,TACNA HEROICA,81
220107,TACNA,TACNA,PACHIA,ALIANZA ELECTORAL UNIDAD NACIONAL,334
220107,TACNA,TACNA,PACHIA,DESCENTRALIZACION Y DESARROLLO,54
220107,TACNA,TACNA,PACHIA,FRENTE INDEPENDIENTE MORALIZADOR,9
220107,TACNA,TACNA,PACHIA,FRENTE TACNEÑISTA,113
220107,TACNA,TACNA,PACHIA,GOBIERNO CON JUSTICIA,78
220107,TACNA,TACNA,PACHIA,PARTIDO APRISTA PERUANO,199
220107,TACNA,TACNA,PACHIA,PARTIDO DEMOCRATICO SOMOS PERU,14
220107,TACNA,TACNA,PACHIA,PARTIDO PERU POSIBLE,388
220107,TACNA,TACNA,PACHIA,PARTIDO RENACIMIENTO ANDINO,24
220108,TACNA,TACNA,PALCA,ALIANZA ELECTORAL UNIDAD NACIONAL,196
220108,TACNA,TACNA,PALCA,FUERZA Y TRABAJO POR PALCA,78
220108,TACNA,TACNA,PALCA,PARTIDO APRISTA PERUANO,27
220108,TACNA,TACNA,PALCA,PARTIDO PERU POSIBLE,32
220108,TACNA,TACNA,PALCA,PARTIDO RENACIMIENTO ANDINO,137
220108,TACNA,TACNA,PALCA,TACNA HEROICA,48
220108,TACNA,TACNA,PALCA,TODOS CON TACNA,87
220109,TACNA,TACNA,POCOLLAY,ALIANZA ELECTORAL UNIDAD NACIONAL,221
220109,TACNA,TACNA,POCOLLAY,ALIANZA POR TACNA,362
220109,TACNA,TACNA,POCOLLAY,DESCENTRALIZACION Y DESARROLLO,728
220109,TACNA,TACNA,POCOLLAY,FRENTE TACNEÑISTA,1203
220109,TACNA,TACNA,POCOLLAY,MOVIMIENTO INDEPENDIENTE POCOLLAY EN ACCION,97
220109,TACNA,TACNA,POCOLLAY,"MOVIMIENTO POCOLLAY: ""SEGURIDAD Y LIDERAZGO""",78
220109,TACNA,TACNA,POCOLLAY,PARTIDO ACCION POPULAR,122
220109,TACNA,TACNA,POCOLLAY,PARTIDO APRISTA PERUANO,441
220109,TACNA,TACNA,POCOLLAY,PARTIDO PERU POSIBLE,410
220109,TACNA,TACNA,POCOLLAY,PARTIDO RECONSTRUCCION DEMOCRATICA (PRD),86
220109,TACNA,TACNA,POCOLLAY,PARTIDO RENACIMIENTO ANDINO,524
220109,TACNA,TACNA,POCOLLAY,TACNA HEROICA,133
220109,TACNA,TACNA,POCOLLAY,TODOS CON TACNA,516
220110,TACNA,TACNA,SAMA,ALIANZA ELECTORAL UNIDAD NACIONAL,404
220110,TACNA,TACNA,SAMA,FRENTE TACNEÑISTA,19
220110,TACNA,TACNA,SAMA,PARTIDO APRISTA PERUANO,107
220110,TACNA,TACNA,SAMA,PARTIDO PERU POSIBLE,171
220110,TACNA,TACNA,SAMA,TACNA HEROICA,22
220110,TACNA,TACNA,SAMA,TODOS CON TACNA,271
220111,TACNA,TACNA,ALTO DE LA ALIANZA,ALIANZA ELECTORAL UNIDAD NACIONAL,1334
220111,TACNA,TACNA,ALTO DE LA ALIANZA,ALIANZA POR TACNA,2598
220111,TACNA,TACNA,ALTO DE LA ALIANZA,DESCENTRALIZACION Y DESARROLLO,392
220111,TACNA,TACNA,ALTO DE LA ALIANZA,FRENTE INDEPENDIENTE MORALIZADOR,479
220111,TACNA,TACNA,ALTO DE LA ALIANZA,FRENTE TACNEÑISTA,349
220111,TACNA,TACNA,ALTO DE LA ALIANZA,MI GENTE,122
220111,TACNA,TACNA,ALTO DE LA ALIANZA,"MOVIMIENTO INDEPENDIENTE ""TACNA EN ACCION""",1349
220111,TACNA,TACNA,ALTO DE LA ALIANZA,MOVIMIENTO NUEVA IZQUIERDA,185
220111,TACNA,TACNA,ALTO DE LA ALIANZA,MUNICIPIO MODERNO,103
220111,TACNA,TACNA,ALTO DE LA ALIANZA,PARTIDO APRISTA PERUANO,1614
220111,TACNA,TACNA,ALTO DE LA ALIANZA,PARTIDO DEMOCRATICO SOMOS PERU,428
220111,TACNA,TACNA,ALTO DE LA ALIANZA,PARTIDO PERU POSIBLE,477
220111,TACNA,TACNA,ALTO DE LA ALIANZA,PARTIDO RECONSTRUCCION DEMOCRATICA (PRD),435
220111,TACNA,TACNA,ALTO DE LA ALIANZA,PARTIDO RENACIMIENTO ANDINO,936
220111,TACNA,TACNA,ALTO DE LA ALIANZA,TACNA HEROICA,2949
220111,TACNA,TACNA,ALTO DE LA ALIANZA,TODOS CON TACNA,247
220112,TACNA,TACNA,CIUDAD NUEVA,ALIANZA ELECTORAL UNIDAD NACIONAL,859
220112,TACNA,TACNA,CIUDAD NUEVA,DESCENTRALIZACION Y DESARROLLO,382
220112,TACNA,TACNA,CIUDAD NUEVA,FRENTE TACNEÑISTA,140
220112,TACNA,TACNA,CIUDAD NUEVA,FUERZA CIUDAD NUEVA,765
220112,TACNA,TACNA,CIUDAD NUEVA,"MOVIMIENTO INDEPENDIENTE ""TACNA EN ACCION""",367
220112,TACNA,TACNA,CIUDAD NUEVA,PARTIDO ACCION POPULAR,169
220112,TACNA,TACNA,CIUDAD NUEVA,PARTIDO APRISTA PERUANO,863
220112,TACNA,TACNA,CIUDAD NUEVA,PARTIDO DEMOCRATICO SOMOS PERU,2143
220112,TACNA,TACNA,CIUDAD NUEVA,PARTIDO PERU POSIBLE,529
220112,TACNA,TACNA,CIUDAD NUEVA,PARTIDO RENACIMIENTO ANDINO,820
220112,TACNA,TACNA,CIUDAD NUEVA,PROYECTO CIUDAD NUEVA,1281
220112,TACNA,TACNA,CIUDAD NUEVA,RECONSTRUCCION VECINAL,2147
220112,TACNA,TACNA,CIUDAD NUEVA,TACNA HEROICA,607
220112,TACNA,TACNA,CIUDAD NUEVA,TODOS CON TACNA,1421
220113,TACNA,TACNA,CORONEL GREGORIO ALBARRACIN LANCHIPA,ALIANZA ELECTORAL UNIDAD NACIONAL,1218
220113,TACNA,TACNA,CORONEL GREGORIO ALBARRACIN LANCHIPA,ALIANZA POR TACNA,808
220113,TACNA,TACNA,CORONEL GREGORIO ALBARRACIN LANCHIPA,DESCENTRALIZACION Y DESARROLLO,741
220113,TACNA,TACNA,CORONEL GREGORIO ALBARRACIN LANCHIPA,FRENTE INDEPENDIENTE MORALIZADOR,107
220113,TACNA,TACNA,CORONEL GREGORIO ALBARRACIN LANCHIPA,FRENTE TACNEÑISTA,393
220113,TACNA,TACNA,CORONEL GREGORIO ALBARRACIN LANCHIPA,MIA - MOVIMIENTO INDEPENDIENTE ALBARRACIN,1395
220113,TACNA,TACNA,CORONEL GREGORIO ALBARRACIN LANCHIPA,"MOVIMIENTO INDEPENDIENTE ""TACNA EN ACCION""",641
220113,TACNA,TACNA,CORONEL GREGORIO ALBARRACIN LANCHIPA,MOVIMIENTO NUEVA IZQUIERDA,133
220113,TACNA,TACNA,CORONEL GREGORIO ALBARRACIN LANCHIPA,OBRAS ALBARRACINAS,162
220113,TACNA,TACNA,CORONEL GREGORIO ALBARRACIN LANCHIPA,PARTIDO ACCION POPULAR,62
220113,TACNA,TACNA,CORONEL GREGORIO ALBARRACIN LANCHIPA,PARTIDO APRISTA PERUANO,1493
220113,TACNA,TACNA,CORONEL GREGORIO ALBARRACIN LANCHIPA,PARTIDO DEMOCRATICO SOMOS PERU,80
220113,TACNA,TACNA,CORONEL GREGORIO ALBARRACIN LANCHIPA,PARTIDO PERU POSIBLE,655
220113,TACNA,TACNA,CORONEL GREGORIO ALBARRACIN LANCHIPA,PARTIDO RECONSTRUCCION DEMOCRATICA (PRD),154
220113,TACNA,TACNA,CORONEL GREGORIO ALBARRACIN LANCHIPA,PARTIDO RENACIMIENTO ANDINO,1395
220113,TACNA,TACNA,CORONEL GREGORIO ALBARRACIN LANCHIPA,TACNA HEROICA,579
220113,TACNA,TACNA,CORONEL GREGORIO ALBARRACIN LANCHIPA,TODOS CON TACNA,243
220113,TACNA,TACNA,CORONEL GREGORIO ALBARRACIN LANCHIPA,TODOS SOMOS JOVENES,255
220113,TACNA,TACNA,CORONEL GREGORIO ALBARRACIN LANCHIPA,UNIDAD Y PROGRESO ALBARRACINO,661
220205,TACNA,TARATA,CHUCATAMANI,ALIANZA ELECTORAL UNIDAD NACIONAL,66
220205,TACNA,TARATA,CHUCATAMANI,MOVIMIENTO INDEPENDIENTE DESARROLLEMOS TARATA,77
220205,TACNA,TARATA,CHUCATAMANI,MOVIMIENTO INDEPENDIENTE FUERZA AGRARIO,101
220205,TACNA,TARATA,CHUCATAMANI,PARTIDO DEMOCRATICO SOMOS PERU,33
220205,TACNA,TARATA,CHUCATAMANI,PARTIDO PERU POSIBLE,98
220205,TACNA,TARATA,CHUCATAMANI,TACNA HEROICA,46
220206,TACNA,TARATA,ESTIQUE,PARTIDO APRISTA PERUANO,66
220206,TACNA,TARATA,ESTIQUE,PARTIDO PERU POSIBLE,75
220206,TACNA,TARATA,ESTIQUE,TACNA HEROICA,160
220207,TACNA,TARATA,ESTIQUE PAMPA,PARTIDO APRISTA PERUANO,14
220207,TACNA,TARATA,ESTIQUE PAMPA,PARTIDO PERU POSIBLE,4
220207,TACNA,TARATA,ESTIQUE PAMPA,TACNA HEROICA,207
220207,TACNA,TARATA,ESTIQUE PAMPA,TODOS CON TACNA,247
220210,TACNA,TARATA,SITAJARA,MOVIMIENTO INDEPENDIENTE FUERZA AGRARIO,99
220210,TACNA,TARATA,SITAJARA,PARTIDO APRISTA PERUANO,66
220210,TACNA,TARATA,SITAJARA,PARTIDO DEMOCRATICO SOMOS PERU,13
220210,TACNA,TARATA,SITAJARA,PARTIDO PERU POSIBLE,31
220210,TACNA,TARATA,SITAJARA,TACNA HEROICA,18
220211,TACNA,TARATA,SUSAPAYA,ALIANZA ELECTORAL UNIDAD NACIONAL,13
220211,TACNA,TARATA,SUSAPAYA,MOVIMIENTO INDEPENDIENTE DESARROLLEMOS TARATA,78
220211,TACNA,TARATA,SUSAPAYA,MOVIMIENTO INDEPENDIENTE FUERZA AGRARIO,61
220211,TACNA,TARATA,SUSAPAYA,PARTIDO APRISTA PERUANO,57
220211,TACNA,TARATA,SUSAPAYA,PARTIDO DEMOCRATICO SOMOS PERU,19
220211,TACNA,TARATA,SUSAPAYA,PARTIDO PERU POSIBLE,78
220211,TACNA,TARATA,SUSAPAYA,TACNA HEROICA,35
220212,TACNA,TARATA,TARUCACHI,ALIANZA ELECTORAL UNIDAD NACIONAL,122
220212,TACNA,TARATA,TARUCACHI,MOVIMIENTO INDEPENDIENTE DESARROLLEMOS TARATA,221
220212,TACNA,TARATA,TARUCACHI,MOVIMIENTO VECINAL TARUCACHI,31
220212,TACNA,TARATA,TARUCACHI,PARTIDO APRISTA PERUANO,49
220212,TACNA,TARATA,TARUCACHI,PARTIDO PERU POSIBLE,142
220213,TACNA,TARATA,TICACO,MOVIMIENTO INDEPENDIENTE DESARROLLEMOS TARATA,79
220213,TACNA,TARATA,TICACO,MOVIMIENTO INDEPENDIENTE FUERZA AGRARIO,44
220213,TACNA,TARATA,TICACO,MOVIMIENTO NUEVA IZQUIERDA,9
220213,TACNA,TARATA,TICACO,PARTIDO APRISTA PERUANO,35
220213,TACNA,TARATA,TICACO,PARTIDO DEMOCRATICO SOMOS PERU,33
220213,TACNA,TARATA,TICACO,PARTIDO PERU POSIBLE,205
220213,TACNA,TARATA,TICACO,POR NUESTRO PUEBLO,9
220213,TACNA,TARATA,TICACO,TACNA HEROICA,77
220302,TACNA,JORGE BASADRE,ITE,AGRUPACION INDEPENDIENTE UNION POR EL PERU - FRENTE AMPLIO,214
220302,TACNA,JORGE BASADRE,ITE,MOVIMIENTO AGRICOLA BASADRINO,344
220302,TACNA,JORGE BASADRE,ITE,"MOVIMIENTO INDEPENDIENTE ""RENOVACION Y PROGRESO POR ITE""",141
220302,TACNA,JORGE BASADRE,ITE,PARTIDO APRISTA PERUANO,33
220302,TACNA,JORGE BASADRE,ITE,PARTIDO PERU POSIBLE,54
220303,TACNA,JORGE BASADRE,ILABAYA,AGRUPACION INDEPENDIENTE UNION POR EL PERU - FRENTE AMPLIO,406
220303,TACNA,JORGE BASADRE,ILABAYA,FRENTE INDEPENDIENTE RECONSTRUYAMOS ILABAYA,272
220303,TACNA,JORGE BASADRE,ILABAYA,MOVIMIENTO AGRICOLA BASADRINO,497
220303,TACNA,JORGE BASADRE,ILABAYA,PARTIDO APRISTA PERUANO,331
220303,TACNA,JORGE BASADRE,ILABAYA,PARTIDO PERU POSIBLE,147
220402,TACNA,CANDARAVE,CAIRANI,"MOVIMIENTO INDEPENDIENTE ""RENOVACION AGRARIA PARA CAIRANI""",164
220402,TACNA,CANDARAVE,CAIRANI,PARTIDO APRISTA PERUANO,155
220402,TACNA,CANDARAVE,CAIRANI,PARTIDO DEMOCRATICO SOMOS PERU,23
220402,TACNA,CANDARAVE,CAIRANI,PARTIDO PERU POSIBLE,112
220402,TACNA,CANDARAVE,CAIRANI,SOLUCION PARA LOS HERMANOS CANDARAVEÑOS,142
220402,TACNA,CANDARAVE,CAIRANI,TACNA HEROICA,71
220403,TACNA,CANDARAVE,CURIBAYA,MIDER: MOVIMIENTO INDEPENDIENTE DE DESARROLLO RURAL - CANDARAVE,27
220403,TACNA,CANDARAVE,CURIBAYA,PARTIDO APRISTA PERUANO,32
220403,TACNA,CANDARAVE,CURIBAYA,PARTIDO DEMOCRATICO SOMOS PERU,56
220403,TACNA,CANDARAVE,CURIBAYA,PARTIDO PERU POSIBLE,101
220404,TACNA,CANDARAVE,HUANUARA,FRENTE INDEPENDIENTE PARA EL PROGRESO DE HUANUARA,202
220404,TACNA,CANDARAVE,HUANUARA,MIDER: MOVIMIENTO INDEPENDIENTE DE DESARROLLO RURAL - CANDARAVE,18
220404,TACNA,CANDARAVE,HUANUARA,PARTIDO APRISTA PERUANO,17
220404,TACNA,CANDARAVE,HUANUARA,PARTIDO PERU POSIBLE,14
220404,TACNA,CANDARAVE,HUANUARA,SOLUCION PARA LOS HERMANOS CANDARAVEÑOS,92
220404,TACNA,CANDARAVE,HUANUARA,TACNA HEROICA,30
220404,TACNA,CANDARAVE,HUANUARA,TODOS CON TACNA,9
220405,TACNA,CANDARAVE,QUILAHUANI,CANDARAVE EN ACCION,117
220405,TACNA,CANDARAVE,QUILAHUANI,MIDER: MOVIMIENTO INDEPENDIENTE DE DESARROLLO RURAL - CANDARAVE,136
220405,TACNA,CANDARAVE,QUILAHUANI,PARTIDO APRISTA PERUANO,70
220405,TACNA,CANDARAVE,QUILAHUANI,PARTIDO PERU POSIBLE,61
220405,TACNA,CANDARAVE,QUILAHUANI,SOLUCION PARA LOS HERMANOS CANDARAVEÑOS,66
220405,TACNA,CANDARAVE,QUILAHUANI,TACNA HEROICA,109
220406,TACNA,CANDARAVE,CAMILACA,CAMILACA AL DESARROLLO,39
220406,TACNA,CANDARAVE,CAMILACA,MIDER: MOVIMIENTO INDEPENDIENTE DE DESARROLLO RURAL - CANDARAVE,124
220406,TACNA,CANDARAVE,CAMILACA,MOVIMIENTO INDEPENDIENTE A TRABAJAR POR CAMILACA,320
220406,TACNA,CANDARAVE,CAMILACA,PARTIDO APRISTA PERUANO,166
220406,TACNA,CANDARAVE,CAMILACA,PARTIDO DEMOCRATICO SOMOS PERU,33
220406,TACNA,CANDARAVE,CAMILACA,PARTIDO PERU POSIBLE,73
230102,TUMBES,TUMBES,CORRALES,ALIANZA ELECTORAL UNIDAD NACIONAL,696
230102,TUMBES,TUMBES,CORRALES,ALIANZA ELECTORAL VAMOS VECINO,87
230102,TUMBES,TUMBES,CORRALES,FRENTE AMPLIO DE DEFENSA DE LOS INTERESES DE CORRALES (F.A.D.I.C.),1408
230102,TUMBES,TUMBES,CORRALES,MANOS LIMPIAS POR UN TUMBES MEJOR,353
230102,TUMBES,TUMBES,CORRALES,"MOVIMIENTO INDEPENDIENTE ""FRENTE DE DESARROLLO CORRALES""",2436
230102,TUMBES,TUMBES,CORRALES,"MOVIMIENTO INDEPENDIENTE ""IDENTIDAD TUMBESINA""",248
230102,TUMBES,TUMBES,CORRALES,PARTIDO ACCION POPULAR,102
230102,TUMBES,TUMBES,CORRALES,PARTIDO APRISTA PERUANO,876
230102,TUMBES,TUMBES,CORRALES,PARTIDO PERU POSIBLE,609
230102,TUMBES,TUMBES,CORRALES,TODOS POR TUMBES,1634
230103,TUMBES,TUMBES,LA CRUZ,ALIANZA ELECTORAL UNIDAD NACIONAL,377
230103,TUMBES,TUMBES,LA CRUZ,"FRENTE PROGRESISTA ""LA CRUZ""",412
230103,TUMBES,TUMBES,LA CRUZ,MANOS LIMPIAS POR UN TUMBES MEJOR,387
230103,TUMBES,TUMBES,LA CRUZ,"MOVIMIENTO INDEPENDIENTE ""NUEVO HORIZONTE""",304
230103,TUMBES,TUMBES,LA CRUZ,"MOVIMIENTO INDEPENDIENTE ""TRABAJO Y JUVENTUD EN LA CRUZ""",265
230103,TUMBES,TUMBES,LA CRUZ,PARTIDO ACCION POPULAR,247
230103,TUMBES,TUMBES,LA CRUZ,PARTIDO APRISTA PERUANO,375
230103,TUMBES,TUMBES,LA CRUZ,PARTIDO PERU POSIBLE,569
230103,TUMBES,TUMBES,LA CRUZ,PARTIDO POLITICO NACIONAL PRIMERO PERU,274
230104,TUMBES,TUMBES,PAMPAS DE HOSPITAL,"MOVIMIENTO INDEPENDIENTE ""IZQUIERDA PAMPINA""",849
230104,TUMBES,TUMBES,PAMPAS DE HOSPITAL,"MOVIMIENTO INDEPENDIENTE ""MANTO VERDE PAMPINO""",1180
230104,TUMBES,TUMBES,PAMPAS DE HOSPITAL,PARTIDO APRISTA PERUANO,467
230104,TUMBES,TUMBES,PAMPAS DE HOSPITAL,PARTIDO PERU POSIBLE,615
230105,TUMBES,TUMBES,SAN JACINTO,ALIANZA ELECTORAL UNIDAD NACIONAL,469
230105,TUMBES,TUMBES,SAN JACINTO,"MOVIMIENTO INDEPENDIENTE ""IDENTIDAD TUMBESINA""",144
230105,TUMBES,TUMBES,SAN JACINTO,PARTIDO ACCION POPULAR,586
230105,TUMBES,TUMBES,SAN JACINTO,PARTIDO APRISTA PERUANO,1004
230105,TUMBES,TUMBES,SAN JACINTO,PARTIDO DEMOCRATICO SOMOS PERU,364
230105,TUMBES,TUMBES,SAN JACINTO,PARTIDO PERU POSIBLE,576
230105,TUMBES,TUMBES,SAN JACINTO,RECONSTRUCCION PARA UN TUMBES BELLO,820
230105,TUMBES,TUMBES,SAN JACINTO,TODOS POR TUMBES,178
230106,TUMBES,TUMBES,SAN JUAN DE LA VIRGEN,AGRUPACION INDEPENDIENTE UNION POR EL PERU - FRENTE AMPLIO,588
230106,TUMBES,TUMBES,SAN JUAN DE LA VIRGEN,ALIANZA ELECTORAL UNIDAD NACIONAL,102
230106,TUMBES,TUMBES,SAN JUAN DE LA VIRGEN,"MOVIMIENTO ""SEMBRANDO PROGRESO""",367
230106,TUMBES,TUMBES,SAN JUAN DE LA VIRGEN,PARTIDO ACCION POPULAR,141
230106,TUMBES,TUMBES,SAN JUAN DE LA VIRGEN,PARTIDO APRISTA PERUANO,448
230106,TUMBES,TUMBES,SAN JUAN DE LA VIRGEN,PARTIDO DEMOCRATICO SOMOS PERU,444
230106,TUMBES,TUMBES,SAN JUAN DE LA VIRGEN,PARTIDO PERU POSIBLE,243
230202,TUMBES,CONTRALMIRANTE VILLAR,CASITAS,ALIANZA ELECTORAL UNIDAD NACIONAL,32
230202,TUMBES,CONTRALMIRANTE VILLAR,CASITAS,PARTIDO ACCION POPULAR,621
230202,TUMBES,CONTRALMIRANTE VILLAR,CASITAS,PARTIDO PERU POSIBLE,680
230302,TUMBES,ZARUMILLA,MATAPALO,AGRUPACION INDEPENDIENTE UNION POR EL PERU - FRENTE AMPLIO,117
230302,TUMBES,ZARUMILLA,MATAPALO,ALIANZA ELECTORAL UNIDAD NACIONAL,31
230302,TUMBES,ZARUMILLA,MATAPALO,"MOVIMIENTO INDEPENDIENTE ""PUEBLO Y FUERZA AGRARIA""",185
230302,TUMBES,ZARUMILLA,MATAPALO,PARTIDO ACCION POPULAR,190
230302,TUMBES,ZARUMILLA,MATAPALO,PARTIDO APRISTA PERUANO,48
230302,TUMBES,ZARUMILLA,MATAPALO,PARTIDO PERU POSIBLE,106
230303,TUMBES,ZARUMILLA,PAPAYAL,AGRUPACION INDEPENDIENTE UNION POR EL PERU - FRENTE AMPLIO,259
230303,TUMBES,ZARUMILLA,PAPAYAL,ALIANZA ELECTORAL UNIDAD NACIONAL,143
230303,TUMBES,ZARUMILLA,PAPAYAL,"MOVIMIENTO INDEPENDIENTE ""NUEVO RUMBO""",695
230303,TUMBES,ZARUMILLA,PAPAYAL,"MOVIMIENTO INDEPENDIENTE ""PAPAYAL LA FRONTERA VIVA""",458
230303,TUMBES,ZARUMILLA,PAPAYAL,"MOVIMIENTO INDEPENDIENTE ""PUEBLO Y FUERZA AGRARIA""",459
230303,TUMBES,ZARUMILLA,PAPAYAL,PARTIDO ACCION POPULAR,90
230303,TUMBES,ZARUMILLA,PAPAYAL,PARTIDO APRISTA PERUANO,83
230304,TUMBES,ZARUMILLA,AGUAS VERDES,AGRUPACION INDEPENDIENTE UNION POR EL PERU - FRENTE AMPLIO,304
230304,TUMBES,ZARUMILLA,AGUAS VERDES,ALIANZA ELECTORAL UNIDAD NACIONAL,117
230304,TUMBES,ZARUMILLA,AGUAS VERDES,"LISTA INDEPENDIENTE ""POR TI AGUAS VERDES""",995
230304,TUMBES,ZARUMILLA,AGUAS VERDES,MANOS LIMPIAS POR UN TUMBES MEJOR,211
230304,TUMBES,ZARUMILLA,AGUAS VERDES,"MOVIMIENTO INDEPENDIENTE ""ADELANTE RUMBO AL CAMBIO""",470
230304,TUMBES,ZARUMILLA,AGUAS VERDES,"MOVIMIENTO INDEPENDIENTE ""NUEVO RUMBO""",460
230304,TUMBES,ZARUMILLA,AGUAS VERDES,PARTIDO ACCION POPULAR,616
230304,TUMBES,ZARUMILLA,AGUAS VERDES,PARTIDO APRISTA PERUANO,381
240102,CALLAO,CALLAO,BELLAVISTA,AGRUPACION INDEPENDIENTE UNION POR EL PERU - FRENTE AMPLIO,576
240102,CALLAO,CALLAO,BELLAVISTA,ALIANZA ELECTORAL UNIDAD NACIONAL,5918
240102,CALLAO,CALLAO,BELLAVISTA,FUERZA DEMOCRATICA,715
240102,CALLAO,CALLAO,BELLAVISTA,MOVIMIENTO AMPLIO PAIS UNIDO - MAPU,1646
240102,CALLAO,CALLAO,BELLAVISTA,"MOVIMIENTO INDEPENDIENTE ""JUNTOS POR EL CALLAO""",1777
240102,CALLAO,CALLAO,BELLAVISTA,"MOVIMIENTO INDEPENDIENTE CALLAO ""MI CALLAO""",1409
240102,CALLAO,CALLAO,BELLAVISTA,MOVIMIENTO NUEVA IZQUIERDA,411
240102,CALLAO,CALLAO,BELLAVISTA,"MOVIMIENTO POLITICO INDEPENDIENTE ""CHIM PUM CALLAO""",15675
240102,CALLAO,CALLAO,BELLAVISTA,PARTIDO APRISTA PERUANO,9189
240102,CALLAO,CALLAO,BELLAVISTA,PARTIDO DEMOCRATICO SOMOS PERU,2359
240102,CALLAO,CALLAO,BELLAVISTA,PARTIDO PERU POSIBLE,6947
240103,CALLAO,CALLAO,LA PUNTA,AGRUPACION INDEPENDIENTE UNION POR EL PERU - FRENTE AMPLIO,225
240103,CALLAO,CALLAO,LA PUNTA,ALIANZA ELECTORAL UNIDAD NACIONAL,670
240103,CALLAO,CALLAO,LA PUNTA,"MOVIMIENTO ""VIVA LA PUNTA""",1851
240103,CALLAO,CALLAO,LA PUNTA,"MOVIMIENTO INDEPENDIENTE ""JUNTOS POR EL CALLAO""",75
240103,CALLAO,CALLAO,LA PUNTA,"MOVIMIENTO INDEPENDIENTE CALLAO ""MI CALLAO""",161
240103,CALLAO,CALLAO,LA PUNTA,"MOVIMIENTO POLITICO INDEPENDIENTE ""CHIM PUM CALLAO""",1002
240103,CALLAO,CALLAO,LA PUNTA,PARTIDO APRISTA PERUANO,1288
240103,CALLAO,CALLAO,LA PUNTA,PARTIDO DEMOCRATICO SOMOS PERU,215
240103,CALLAO,CALLAO,LA PUNTA,PARTIDO PERU POSIBLE,416
240104,CALLAO,CALLAO,CARMEN DE LA LEGUA-REYNOSO,AGRUPACION INDEPENDIENTE UNION POR EL PERU - FRENTE AMPLIO,1089
240104,CALLAO,CALLAO,CARMEN DE LA LEGUA-REYNOSO,ALIANZA ELECTORAL UNIDAD NACIONAL,2126
240104,CALLAO,CALLAO,CARMEN DE LA LEGUA-REYNOSO,FUERZA DEMOCRATICA,584
240104,CALLAO,CALLAO,CARMEN DE LA LEGUA-REYNOSO,MOVIMIENTO AMPLIO PAIS UNIDO - MAPU,492
240104,CALLAO,CALLAO,CARMEN DE LA LEGUA-REYNOSO,"MOVIMIENTO INDEPENDIENTE ""ALTERNATIVA DISTRITAL PARA EL DESARROLLO""",478
240104,CALLAO,CALLAO,CARMEN DE LA LEGUA-REYNOSO,"MOVIMIENTO INDEPENDIENTE ""JUNTOS POR EL CALLAO""",276
240104,CALLAO,CALLAO,CARMEN DE LA LEGUA-REYNOSO,"MOVIMIENTO INDEPENDIENTE CALLAO ""MI CALLAO""",6812
240104,CALLAO,CALLAO,CARMEN DE LA LEGUA-REYNOSO,MOVIMIENTO NUEVA IZQUIERDA,451
240104,CALLAO,CALLAO,CARMEN DE LA LEGUA-REYNOSO,"MOVIMIENTO POLITICO INDEPENDIENTE ""CHIM PUM CALLAO""",7082
240104,CALLAO,CALLAO,CARMEN DE LA LEGUA-REYNOSO,PARTIDO APRISTA PERUANO,3756
240104,CALLAO,CALLAO,CARMEN DE LA LEGUA-REYNOSO,PARTIDO DEMOCRATICO SOMOS PERU,1081
240104,CALLAO,CALLAO,CARMEN DE LA LEGUA-REYNOSO,PARTIDO PERU POSIBLE,1708
240104,CALLAO,CALLAO,CARMEN DE LA LEGUA-REYNOSO,PARTIDO RENACIMIENTO ANDINO,65
240105,CALLAO,CALLAO,LA PERLA,"AGRUPACION POLITICA ""LA PERLA EN ACCION HACIA LA VICTORIA""",521
240105,CALLAO,CALLAO,LA PERLA,ALIANZA ELECTORAL UNIDAD NACIONAL,1353
240105,CALLAO,CALLAO,LA PERLA,FUERZA DEMOCRATICA,256
240105,CALLAO,CALLAO,LA PERLA,MOVIMIENTO AMPLIO PAIS UNIDO - MAPU,906
240105,CALLAO,CALLAO,LA PERLA,"MOVIMIENTO INDEPENDIENTE ""ACCION PERLEÑA""",489
240105,CALLAO,CALLAO,LA PERLA,"MOVIMIENTO INDEPENDIENTE ""JUNTOS POR EL CALLAO""",707
240105,CALLAO,CALLAO,LA PERLA,"MOVIMIENTO INDEPENDIENTE ""LA PERLA""",814
240105,CALLAO,CALLAO,LA PERLA,"MOVIMIENTO INDEPENDIENTE CALLAO ""MI CALLAO""",8792
240105,CALLAO,CALLAO,LA PERLA,"MOVIMIENTO POLITICO INDEPENDIENTE ""CHIM PUM CALLAO""",8579
240105,CALLAO,CALLAO,LA PERLA,PARTIDO APRISTA PERUANO,5422
240105,CALLAO,CALLAO,LA PERLA,PARTIDO DEMOCRATICO SOMOS PERU,1941
240105,CALLAO,CALLAO,LA PERLA,PARTIDO PERU POSIBLE,2707
240105,CALLAO,CALLAO,LA PERLA,PARTIDO RENACIMIENTO ANDINO,160
240106,CALLAO,CALLAO,VENTANILLA,AGRUPACION INDEPENDIENTE UNION POR EL PERU - FRENTE AMPLIO,748
240106,CALLAO,CALLAO,VENTANILLA,ALIANZA ELECTORAL UNIDAD NACIONAL,4480
240106,CALLAO,CALLAO,VENTANILLA,FRENTE DEMOCRATICO VECINAL,569
240106,CALLAO,CALLAO,VENTANILLA,FUERZA DEMOCRATICA,1044
240106,CALLAO,CALLAO,VENTANILLA,"LISTA INDEPENDIENTE ""SALUD Y DESARROLLO""",4401
240106,CALLAO,CALLAO,VENTANILLA,"MOVIMIENTO CIVICO INDEPENDIENTE ""TODOS POR VENTANILLA""",458
240106,CALLAO,CALLAO,VENTANILLA,"MOVIMIENTO INDEPENDIENTE ""JUNTOS POR EL CALLAO""",2823
240106,CALLAO,CALLAO,VENTANILLA,"MOVIMIENTO INDEPENDIENTE CALLAO ""MI CALLAO""",8947
240106,CALLAO,CALLAO,VENTANILLA,MOVIMIENTO NUEVA IZQUIERDA,347
240106,CALLAO,CALLAO,VENTANILLA,"MOVIMIENTO POLITICO INDEPENDIENTE ""CHIM PUM CALLAO""",3827
240106,CALLAO,CALLAO,VENTANILLA,PARTIDO APRISTA PERUANO,13359
240106,CALLAO,CALLAO,VENTANILLA,PARTIDO DEMOCRATICO SOMOS PERU,3863
240106,CALLAO,CALLAO,VENTANILLA,PARTIDO PERU POSIBLE,5733
250102,UCAYALI,CORONEL PORTILLO,YARINACOCHA,ALIANZA ELECTORAL UNIDAD NACIONAL,961
250102,UCAYALI,CORONEL PORTILLO,YARINACOCHA,CAMBIO EN UCAYALI,466
250102,UCAYALI,CORONEL PORTILLO,YARINACOCHA,"FRENTE REGIONAL ""ACUERDO POPULAR""",271
250102,UCAYALI,CORONEL PORTILLO,YARINACOCHA,FUERZA DEMOCRATICA,106
250102,UCAYALI,CORONEL PORTILLO,YARINACOCHA,"LISTA INDEPENDIENTE ""CAMBIO EN YARINA""",2881
250102,UCAYALI,CORONEL PORTILLO,YARINACOCHA,"MOVIMIENTO CIVICO REGIONAL ""TODO POR UCAYALI""",3769
250102,UCAYALI,CORONEL PORTILLO,YARINACOCHA,"MOVIMIENTO INDEPENDIENTE ""NUEVA AMAZONIA""",2964
250102,UCAYALI,CORONEL PORTILLO,YARINACOCHA,MOVIMIENTO INDEPENDIENTE RENACIMIENTO AMAZONICO (MIRA),100
250102,UCAYALI,CORONEL PORTILLO,YARINACOCHA,MOVIMIENTO NUEVA IZQUIERDA,74
250102,UCAYALI,CORONEL PORTILLO,YARINACOCHA,PARTIDO ACCION POPULAR,1389
250102,UCAYALI,CORONEL PORTILLO,YARINACOCHA,PARTIDO APRISTA PERUANO,806
250102,UCAYALI,CORONEL PORTILLO,YARINACOCHA,PARTIDO DEMOCRATICO SOMOS PERU,130
250102,UCAYALI,CORONEL PORTILLO,YARINACOCHA,PARTIDO PERU POSIBLE,459
250102,UCAYALI,CORONEL PORTILLO,YARINACOCHA,PARTIDO POLITICO NACIONAL PRIMERO PERU,70
250103,UCAYALI,CORONEL PORTILLO,MASISEA,ALIANZA ELECTORAL UNIDAD NACIONAL,383
250103,UCAYALI,CORONEL PORTILLO,MASISEA,CAMBIO EN UCAYALI,434
250103,UCAYALI,CORONEL PORTILLO,MASISEA,"FRENTE REGIONAL ""ACUERDO POPULAR""",170
250103,UCAYALI,CORONEL PORTILLO,MASISEA,FUERZA DEMOCRATICA,161
250103,UCAYALI,CORONEL PORTILLO,MASISEA,"MOVIMIENTO CIVICO REGIONAL ""TODO POR UCAYALI""",662
250103,UCAYALI,CORONEL PORTILLO,MASISEA,"MOVIMIENTO INDEPENDIENTE ""NUEVA AMAZONIA""",371
250103,UCAYALI,CORONEL PORTILLO,MASISEA,MOVIMIENTO INDEPENDIENTE ACCION CIVICA,488
250103,UCAYALI,CORONEL PORTILLO,MASISEA,MOVIMIENTO INDEPENDIENTE RENACIMIENTO AMAZONICO (MIRA),43
250103,UCAYALI,CORONEL PORTILLO,MASISEA,PARTIDO ACCION POPULAR,23
250103,UCAYALI,CORONEL PORTILLO,MASISEA,PARTIDO APRISTA PERUANO,39
250103,UCAYALI,CORONEL PORTILLO,MASISEA,PARTIDO DEMOCRATICO SOMOS PERU,19
250103,UCAYALI,CORONEL PORTILLO,MASISEA,PARTIDO PERU POSIBLE,47
250104,UCAYALI,CORONEL PORTILLO,CAMPOVERDE,ALIANZA ELECTORAL UNIDAD NACIONAL,201
250104,UCAYALI,CORONEL PORTILLO,CAMPOVERDE,CAMBIO EN UCAYALI,373
250104,UCAYALI,CORONEL PORTILLO,CAMPOVERDE,"FRENTE REGIONAL ""ACUERDO POPULAR""",1123
250104,UCAYALI,CORONEL PORTILLO,CAMPOVERDE,"MOVIMIENTO CIVICO REGIONAL ""TODO POR UCAYALI""",1371
250104,UCAYALI,CORONEL PORTILLO,CAMPOVERDE,"MOVIMIENTO INDEPENDIENTE ""NUEVA AMAZONIA""",1411
250104,UCAYALI,CORONEL PORTILLO,CAMPOVERDE,"MOVIMIENTO INDEPENDIENTE ""TRABAJEMOS POR CAMPO VERDE""",82
250104,UCAYALI,CORONEL PORTILLO,CAMPOVERDE,MOVIMIENTO INDEPENDIENTE RENACIMIENTO AMAZONICO (MIRA),42
250104,UCAYALI,CORONEL PORTILLO,CAMPOVERDE,MOVIMIENTO INDEPENDIENTE SIEMPRE UNIDOS,6
250104,UCAYALI,CORONEL PORTILLO,CAMPOVERDE,PARTIDO ACCION POPULAR,62
250104,UCAYALI,CORONEL PORTILLO,CAMPOVERDE,PARTIDO APRISTA PERUANO,116
250104,UCAYALI,CORONEL PORTILLO,CAMPOVERDE,PARTIDO DEMOCRATICO SOMOS PERU,40
250104,UCAYALI,CORONEL PORTILLO,CAMPOVERDE,PARTIDO PERU POSIBLE,68
250105,UCAYALI,CORONEL PORTILLO,IPARIA,ALIANZA ELECTORAL UNIDAD NACIONAL,222
250105,UCAYALI,CORONEL PORTILLO,IPARIA,CAMBIO EN UCAYALI,603
250105,UCAYALI,CORONEL PORTILLO,IPARIA,"FRENTE REGIONAL ""ACUERDO POPULAR""",21
250105,UCAYALI,CORONEL PORTILLO,IPARIA,FUERZA DEMOCRATICA,28
250105,UCAYALI,CORONEL PORTILLO,IPARIA,"MOVIMIENTO CIVICO REGIONAL ""TODO POR UCAYALI""",223
250105,UCAYALI,CORONEL PORTILLO,IPARIA,MOVIMIENTO DE INTEGRACION INDIGENA Y CAMPESINO,457
250105,UCAYALI,CORONEL PORTILLO,IPARIA,"MOVIMIENTO INDEPENDIENTE ""NUEVA AMAZONIA""",300
250105,UCAYALI,CORONEL PORTILLO,IPARIA,MOVIMIENTO INDEPENDIENTE RENACIMIENTO AMAZONICO (MIRA),174
250105,UCAYALI,CORONEL PORTILLO,IPARIA,"MOVIMIENTO INDEPENDIENTE SALVEMOS IPARIA ""MISI""",646
250105,UCAYALI,CORONEL PORTILLO,IPARIA,MOVIMIENTO INDIGENA DE DESARROLLO IPARIA,310
250105,UCAYALI,CORONEL PORTILLO,IPARIA,PARTIDO ACCION POPULAR,6
250105,UCAYALI,CORONEL PORTILLO,IPARIA,PARTIDO APRISTA PERUANO,15
250105,UCAYALI,CORONEL PORTILLO,IPARIA,PARTIDO DEMOCRATICO SOMOS PERU,35
250105,UCAYALI,CORONEL PORTILLO,IPARIA,PARTIDO PERU POSIBLE,40
250106,UCAYALI,CORONEL PORTILLO,NUEVA REQUENA,ALIANZA ELECTORAL UNIDAD NACIONAL,400
250106,UCAYALI,CORONEL PORTILLO,NUEVA REQUENA,CAMBIO EN UCAYALI,186
250106,UCAYALI,CORONEL PORTILLO,NUEVA REQUENA,"MOVIMIENTO CIVICO REGIONAL ""TODO POR UCAYALI""",458
250106,UCAYALI,CORONEL PORTILLO,NUEVA REQUENA,"MOVIMIENTO INDEPENDIENTE ""LA CANOA""",58
250106,UCAYALI,CORONEL PORTILLO,NUEVA REQUENA,"MOVIMIENTO INDEPENDIENTE ""NUEVA AMAZONIA""",273
250106,UCAYALI,CORONEL PORTILLO,NUEVA REQUENA,MOVIMIENTO INDEPENDIENTE SIEMPRE UNIDOS,6
250106,UCAYALI,CORONEL PORTILLO,NUEVA REQUENA,PARTIDO PERU POSIBLE,426
250202,UCAYALI,PADRE ABAD,IRAZOLA,ALIANZA ELECTORAL UNIDAD NACIONAL,136
250202,UCAYALI,PADRE ABAD,IRAZOLA,CAMBIO EN UCAYALI,64
250202,UCAYALI,PADRE ABAD,IRAZOLA,"FRENTE REGIONAL ""ACUERDO POPULAR""",41
250202,UCAYALI,PADRE ABAD,IRAZOLA,FUERZA DEMOCRATICA,220
250202,UCAYALI,PADRE ABAD,IRAZOLA,"MOVIMIENTO INDEPENDIENTE ""AMANECER AGRARIO - MIAA""",910
250202,UCAYALI,PADRE ABAD,IRAZOLA,"MOVIMIENTO INDEPENDIENTE ""NUEVA AMAZONIA""",318
250202,UCAYALI,PADRE ABAD,IRAZOLA,"MOVIMIENTO INDEPENDIENTE POLITICO REGIONAL ""INTEGRANDO UCAYALI""",588
250202,UCAYALI,PADRE ABAD,IRAZOLA,MOVIMIENTO INDEPENDIENTE REIVINDICADOR DE PADRE ABAD (MIRPA),18
250202,UCAYALI,PADRE ABAD,IRAZOLA,PARTIDO ACCION POPULAR,57
250202,UCAYALI,PADRE ABAD,IRAZOLA,PARTIDO APRISTA PERUANO,127
250202,UCAYALI,PADRE ABAD,IRAZOLA,PARTIDO DEMOCRATICO SOMOS PERU,432
250202,UCAYALI,PADRE ABAD,IRAZOLA,PARTIDO PERU POSIBLE,110
250203,UCAYALI,PADRE ABAD,CURIMANA,"MOVIMIENTO CIVICO REGIONAL ""TODO POR UCAYALI""",159
250203,UCAYALI,PADRE ABAD,CURIMANA,"MOVIMIENTO INDEPENDIENTE ""AMANECER AGRARIO - MIAA""",31
250203,UCAYALI,PADRE ABAD,CURIMANA,"MOVIMIENTO INDEPENDIENTE ""NUEVA AMAZONIA""",190
250203,UCAYALI,PADRE ABAD,CURIMANA,"MOVIMIENTO INDEPENDIENTE POLITICO REGIONAL ""INTEGRANDO UCAYALI""",215
250203,UCAYALI,PADRE ABAD,CURIMANA,MOVIMIENTO INDEPENDIENTE REIVINDICADOR DE PADRE ABAD (MIRPA),75
250203,UCAYALI,PADRE ABAD,CURIMANA,PARTIDO ACCION POPULAR,19
250203,UCAYALI,PADRE ABAD,CURIMANA,PARTIDO APRISTA PERUANO,170
250203,UCAYALI,PADRE ABAD,CURIMANA,PARTIDO DEMOCRATICO SOMOS PERU,60
250203,UCAYALI,PADRE ABAD,CURIMANA,PARTIDO PERU POSIBLE,184
250302,UCAYALI,ATALAYA,TAHUANIA,ALIANZA ELECTORAL UNIDAD NACIONAL,2
250302,UCAYALI,ATALAYA,TAHUANIA,FRENTE INDEPENDIENTE INDIGENA Y CAMPESINA (FINCA),362
250302,UCAYALI,ATALAYA,TAHUANIA,"MOVIMIENTO INDEPENDIENTE ""NUEVA AMAZONIA""",10
250302,UCAYALI,ATALAYA,TAHUANIA,MOVIMIENTO INDEPENDIENTE RENACIMIENTO AMAZONICO (MIRA),246
250302,UCAYALI,ATALAYA,TAHUANIA,PARTIDO APRISTA PERUANO,171
250302,UCAYALI,ATALAYA,TAHUANIA,PARTIDO DEMOCRATICO SOMOS PERU,189
250302,UCAYALI,ATALAYA,TAHUANIA,PARTIDO PERU POSIBLE,369
250303,UCAYALI,ATALAYA,YURUA,ALIANZA ELECTORAL UNIDAD NACIONAL,46
250303,UCAYALI,ATALAYA,YURUA,"FRENTE REGIONAL ""ACUERDO POPULAR""",67
250303,UCAYALI,ATALAYA,YURUA,"MOVIMIENTO INDEPENDIENTE ""NUEVA AMAZONIA""",10
250303,UCAYALI,ATALAYA,YURUA,MOVIMIENTO INDEPENDIENTE TRABAJANDO POR YURUA,4
250303,UCAYALI,ATALAYA,YURUA,PARTIDO ACCION POPULAR,14
250303,UCAYALI,ATALAYA,YURUA,PARTIDO APRISTA PERUANO,90
250303,UCAYALI,ATALAYA,YURUA,PARTIDO DEMOCRATICO SOMOS PERU,75
250303,UCAYALI,ATALAYA,YURUA,PARTIDO PERU POSIBLE,24
250304,UCAYALI,ATALAYA,SEPAHUA,ALIANZA ELECTORAL UNIDAD NACIONAL,329
250304,UCAYALI,ATALAYA,SEPAHUA,"MOVIMIENTO INDEPENDIENTE POLITICO REGIONAL ""INTEGRANDO UCAYALI""",217
250304,UCAYALI,ATALAYA,SEPAHUA,PARTIDO ACCION POPULAR,581
250304,UCAYALI,ATALAYA,SEPAHUA,PARTIDO APRISTA PERUANO,93
250304,UCAYALI,ATALAYA,SEPAHUA,PARTIDO DEMOCRATICO SOMOS PERU,31
250304,UCAYALI,ATALAYA,SEPAHUA,PARTIDO PERU POSIBLE,22
