ubigeo,region,provincia,distrito,organizacion_politica,total_votos,sexo,origen_apellido
10102,AMAZONAS,CHACHAPOYAS,ASUNCION,MOVIMIENTO INDEPENDIENTE SURGE AMAZONAS,14,F,CASTELLANO
10102,AMAZONAS,CHACHAPOYAS,ASUNCION,MOVIMIENTO REGIONAL FUERZA AMAZONENSE,116,F,CASTELLANO
10102,AMAZONAS,CHACHAPOYAS,ASUNCION,OBRAS POR AMAZONAS,11,F,CASTELLANO
10102,AMAZONAS,CHACHAPOYAS,ASUNCION,SENTIMIENTO AMAZONENSE REGIONAL,122,F,CASTELLANO
10103,AMAZONAS,CHACHAPOYAS,BALSAS,ALIANZA PARA EL PROGRESO,60,M,CASTELLANO
10103,AMAZONAS,CHACHAPOYAS,BALSAS,MOVIMIENTO INDEPENDIENTE SURGE AMAZONAS,46,M,CASTELLANO
10103,AMAZONAS,CHACHAPOYAS,BALSAS,MOVIMIENTO REGIONAL AMAZONENSE UNIDOS AL CAMPO,79,M,CASTELLANO
10103,AMAZONAS,CHACHAPOYAS,BALSAS,MOVIMIENTO REGIONAL FUERZA AMAZONENSE,207,M,CASTELLANO
10103,AMAZONAS,CHACHAPOYAS,BALSAS,OBRAS POR AMAZONAS,28,M,CASTELLANO
10103,AMAZONAS,CHACHAPOYAS,BALSAS,SENTIMIENTO AMAZONENSE REGIONAL,147,M,CASTELLANO
10103,AMAZONAS,CHACHAPOYAS,BALSAS,UNIDAD Y DEMOCRACIA DE AMAZONAS,145,M,CASTELLANO
10104,AMAZONAS,CHACHAPOYAS,CHETO,MOVIMIENTO REGIONAL FUERZA AMAZONENSE,219,M,CASTELLANO
10104,AMAZONAS,CHACHAPOYAS,CHETO,SENTIMIENTO AMAZONENSE REGIONAL,265,M,CASTELLANO
10105,AMAZONAS,CHACHAPOYAS,CHILIQUIN,MOVIMIENTO REGIONAL AMAZONENSE UNIDOS AL CAMPO,181,M,AYMARA
10105,AMAZONAS,CHACHAPOYAS,CHILIQUIN,MOVIMIENTO REGIONAL FUERZA AMAZONENSE,207,M,AYMARA
10105,AMAZONAS,CHACHAPOYAS,CHILIQUIN,SENTIMIENTO AMAZONENSE REGIONAL,154,M,AYMARA
10106,AMAZONAS,CHACHAPOYAS,CHUQUIBAMBA,ALIANZA PARA EL PROGRESO,313,M,CASTELLANO
10106,AMAZONAS,CHACHAPOYAS,CHUQUIBAMBA,MOVIMIENTO INDEPENDIENTE SURGE AMAZONAS,35,M,CASTELLANO
10106,AMAZONAS,CHACHAPOYAS,CHUQUIBAMBA,MOVIMIENTO REGIONAL AMAZONENSE UNIDOS AL CAMPO,130,M,CASTELLANO
10106,AMAZONAS,CHACHAPOYAS,CHUQUIBAMBA,MOVIMIENTO REGIONAL FUERZA AMAZONENSE,306,M,CASTELLANO
10106,AMAZONAS,CHACHAPOYAS,CHUQUIBAMBA,OBRAS POR AMAZONAS,2,M,CASTELLANO
10106,AMAZONAS,CHACHAPOYAS,CHUQUIBAMBA,SENTIMIENTO AMAZONENSE REGIONAL,151,M,CASTELLANO
10107,AMAZONAS,CHACHAPOYAS,GRANADA,MOVIMIENTO INDEPENDIENTE SURGE AMAZONAS,93,M,AYMARA
10107,AMAZONAS,CHACHAPOYAS,GRANADA,MOVIMIENTO REGIONAL FUERZA AMAZONENSE,142,M,AYMARA
10107,AMAZONAS,CHACHAPOYAS,GRANADA,SENTIMIENTO AMAZONENSE REGIONAL,106,M,AYMARA
10108,AMAZONAS,CHACHAPOYAS,HUANCAS,MOVIMIENTO INDEPENDIENTE SURGE AMAZONAS,67,F,CASTELLANO
10108,AMAZONAS,CHACHAPOYAS,HUANCAS,MOVIMIENTO REGIONAL AMAZONENSE UNIDOS AL CAMPO,20,F,CASTELLANO
10108,AMAZONAS,CHACHAPOYAS,HUANCAS,MOVIMIENTO REGIONAL FUERZA AMAZONENSE,77,F,CASTELLANO
10108,AMAZONAS,CHACHAPOYAS,HUANCAS,OBRAS POR AMAZONAS,47,F,CASTELLANO
10108,AMAZONAS,CHACHAPOYAS,HUANCAS,SENTIMIENTO AMAZONENSE REGIONAL,36,F,CASTELLANO
10108,AMAZONAS,CHACHAPOYAS,HUANCAS,TODOS SOMOS AMAZONAS,51,F,CASTELLANO
10109,AMAZONAS,CHACHAPOYAS,LA JALCA,ALIANZA PARA EL PROGRESO,260,M,CASTELLANO
10109,AMAZONAS,CHACHAPOYAS,LA JALCA,MOVIMIENTO INDEPENDIENTE SURGE AMAZONAS,1,M,CASTELLANO
10109,AMAZONAS,CHACHAPOYAS,LA JALCA,MOVIMIENTO REGIONAL AMAZONENSE UNIDOS AL CAMPO,66,M,CASTELLANO
10109,AMAZONAS,CHACHAPOYAS,LA JALCA,MOVIMIENTO REGIONAL FUERZA AMAZONENSE,647,M,CASTELLANO
10109,AMAZONAS,CHACHAPOYAS,LA JALCA,OBRAS POR AMAZONAS,921,M,CASTELLANO
10109,AMAZONAS,CHACHAPOYAS,LA JALCA,SENTIMIENTO AMAZONENSE REGIONAL,498,M,CASTELLANO
10110,AMAZONAS,CHACHAPOYAS,LEIMEBAMBA,ALIANZA PARA EL PROGRESO,341,M,CASTELLANO
10110,AMAZONAS,CHACHAPOYAS,LEIMEBAMBA,MOVIMIENTO INDEPENDIENTE SURGE AMAZONAS,74,M,CASTELLANO
10110,AMAZONAS,CHACHAPOYAS,LEIMEBAMBA,MOVIMIENTO REGIONAL AMAZONENSE UNIDOS AL CAMPO,346,M,CASTELLANO
10110,AMAZONAS,CHACHAPOYAS,LEIMEBAMBA,MOVIMIENTO REGIONAL FUERZA AMAZONENSE,264,M,CASTELLANO
10110,AMAZONAS,CHACHAPOYAS,LEIMEBAMBA,OBRAS POR AMAZONAS,168,M,CASTELLANO
10110,AMAZONAS,CHACHAPOYAS,LEIMEBAMBA,PARTIDO APRISTA PERUANO,236,M,CASTELLANO
10110,AMAZONAS,CHACHAPOYAS,LEIMEBAMBA,SENTIMIENTO AMAZONENSE REGIONAL,86,M,CASTELLANO
10110,AMAZONAS,CHACHAPOYAS,LEIMEBAMBA,TODOS SOMOS AMAZONAS,246,M,CASTELLANO
10111,AMAZONAS,CHACHAPOYAS,LEVANTO,MOVIMIENTO INDEPENDIENTE SURGE AMAZONAS,178,M,CASTELLANO
10111,AMAZONAS,CHACHAPOYAS,LEVANTO,MOVIMIENTO REGIONAL AMAZONENSE UNIDOS AL CAMPO,220,M,CASTELLANO
10111,AMAZONAS,CHACHAPOYAS,LEVANTO,MOVIMIENTO REGIONAL FUERZA AMAZONENSE,73,M,CASTELLANO
10111,AMAZONAS,CHACHAPOYAS,LEVANTO,OBRAS POR AMAZONAS,4,M,CASTELLANO
10111,AMAZONAS,CHACHAPOYAS,LEVANTO,SENTIMIENTO AMAZONENSE REGIONAL,225,M,CASTELLANO
10112,AMAZONAS,CHACHAPOYAS,MAGDALENA,MOVIMIENTO INDEPENDIENTE SURGE AMAZONAS,84,M,CASTELLANO
10112,AMAZONAS,CHACHAPOYAS,MAGDALENA,MOVIMIENTO REGIONAL AMAZONENSE UNIDOS AL CAMPO,16,M,CASTELLANO
10112,AMAZONAS,CHACHAPOYAS,MAGDALENA,MOVIMIENTO REGIONAL FUERZA AMAZONENSE,190,M,CASTELLANO
10112,AMAZONAS,CHACHAPOYAS,MAGDALENA,OBRAS POR AMAZONAS,8,M,CASTELLANO
10112,AMAZONAS,CHACHAPOYAS,MAGDALENA,SENTIMIENTO AMAZONENSE REGIONAL,217,M,CASTELLANO
10113,AMAZONAS,CHACHAPOYAS,MARISCAL CASTILLA,ALIANZA PARA EL PROGRESO,17,M,CASTELLANO
10113,AMAZONAS,CHACHAPOYAS,MARISCAL CASTILLA,MOVIMIENTO INDEPENDIENTE SURGE AMAZONAS,48,M,CASTELLANO
10113,AMAZONAS,CHACHAPOYAS,MARISCAL CASTILLA,MOVIMIENTO REGIONAL FUERZA AMAZONENSE,135,M,CASTELLANO
10113,AMAZONAS,CHACHAPOYAS,MARISCAL CASTILLA,OBRAS POR AMAZONAS,116,M,CASTELLANO
10113,AMAZONAS,CHACHAPOYAS,MARISCAL CASTILLA,SENTIMIENTO AMAZONENSE REGIONAL,251,M,CASTELLANO
10114,AMAZONAS,CHACHAPOYAS,MOLINOPAMPA,MOVIMIENTO INDEPENDIENTE SURGE AMAZONAS,293,M,QUECHUA
10114,AMAZONAS,CHACHAPOYAS,MOLINOPAMPA,MOVIMIENTO REGIONAL AMAZONENSE UNIDOS AL CAMPO,12,M,QUECHUA
10114,AMAZONAS,CHACHAPOYAS,MOLINOPAMPA,MOVIMIENTO REGIONAL FUERZA AMAZONENSE,432,M,QUECHUA
10114,AMAZONAS,CHACHAPOYAS,MOLINOPAMPA,OBRAS POR AMAZONAS,72,M,QUECHUA
10114,AMAZONAS,CHACHAPOYAS,MOLINOPAMPA,SENTIMIENTO AMAZONENSE REGIONAL,413,M,QUECHUA
10115,AMAZONAS,CHACHAPOYAS,MONTEVIDEO,MOVIMIENTO REGIONAL AMAZONENSE UNIDOS AL CAMPO,214,M,CASTELLANO
10115,AMAZONAS,CHACHAPOYAS,MONTEVIDEO,MOVIMIENTO REGIONAL FUERZA AMAZONENSE,130,M,CASTELLANO
10115,AMAZONAS,CHACHAPOYAS,MONTEVIDEO,OBRAS POR AMAZONAS,20,M,CASTELLANO
10115,AMAZONAS,CHACHAPOYAS,MONTEVIDEO,SENTIMIENTO AMAZONENSE REGIONAL,124,M,CASTELLANO
10116,AMAZONAS,CHACHAPOYAS,OLLEROS,MOVIMIENTO REGIONAL FUERZA AMAZONENSE,147,M,CASTELLANO
10116,AMAZONAS,CHACHAPOYAS,OLLEROS,SENTIMIENTO AMAZONENSE REGIONAL,118,M,CASTELLANO
10117,AMAZONAS,CHACHAPOYAS,QUINJALCA,MOVIMIENTO REGIONAL FUERZA AMAZONENSE,181,M,CASTELLANO
10117,AMAZONAS,CHACHAPOYAS,QUINJALCA,OBRAS POR AMAZONAS,168,M,CASTELLANO
10117,AMAZONAS,CHACHAPOYAS,QUINJALCA,SENTIMIENTO AMAZONENSE REGIONAL,295,M,CASTELLANO
10118,AMAZONAS,CHACHAPOYAS,SAN FRANCISCO DE DAGUAS,ALIANZA PARA EL PROGRESO,9,M,CASTELLANO
10118,AMAZONAS,CHACHAPOYAS,SAN FRANCISCO DE DAGUAS,MOVIMIENTO INDEPENDIENTE SURGE AMAZONAS,73,M,CASTELLANO
10118,AMAZONAS,CHACHAPOYAS,SAN FRANCISCO DE DAGUAS,MOVIMIENTO REGIONAL AMAZONENSE UNIDOS AL CAMPO,85,M,CASTELLANO
10118,AMAZONAS,CHACHAPOYAS,SAN FRANCISCO DE DAGUAS,OBRAS POR AMAZONAS,11,M,CASTELLANO
10118,AMAZONAS,CHACHAPOYAS,SAN FRANCISCO DE DAGUAS,SENTIMIENTO AMAZONENSE REGIONAL,107,M,CASTELLANO
10119,AMAZONAS,CHACHAPOYAS,SAN ISIDRO DE MAINO,MOVIMIENTO INDEPENDIENTE SURGE AMAZONAS,68,M,CASTELLANO
10119,AMAZONAS,CHACHAPOYAS,SAN ISIDRO DE MAINO,MOVIMIENTO REGIONAL FUERZA AMAZONENSE,291,M,CASTELLANO
10119,AMAZONAS,CHACHAPOYAS,SAN ISIDRO DE MAINO,SENTIMIENTO AMAZONENSE REGIONAL,36,M,CASTELLANO
10120,AMAZONAS,CHACHAPOYAS,SOLOCO,MOVIMIENTO INDEPENDIENTE SURGE AMAZONAS,293,M,CASTELLANO
10120,AMAZONAS,CHACHAPOYAS,SOLOCO,MOVIMIENTO REGIONAL FUERZA AMAZONENSE,469,M,CASTELLANO
10120,AMAZONAS,CHACHAPOYAS,SOLOCO,OBRAS POR AMAZONAS,56,M,CASTELLANO
10120,AMAZONAS,CHACHAPOYAS,SOLOCO,SENTIMIENTO AMAZONENSE REGIONAL,143,M,CASTELLANO
10121,AMAZONAS,CHACHAPOYAS,SONCHE,MOVIMIENTO REGIONAL AMAZONENSE UNIDOS AL CAMPO,14,M,CASTELLANO
10121,AMAZONAS,CHACHAPOYAS,SONCHE,MOVIMIENTO REGIONAL FUERZA AMAZONENSE,138,M,CASTELLANO
10121,AMAZONAS,CHACHAPOYAS,SONCHE,SENTIMIENTO AMAZONENSE REGIONAL,80,M,CASTELLANO
10201,AMAZONAS,BAGUA,LA PECA,ALIANZA PARA EL PROGRESO,89,M,CASTELLANO
10201,AMAZONAS,BAGUA,LA PECA,MOVIMIENTO INDEPENDIENTE SURGE AMAZONAS,1026,M,CASTELLANO
10201,AMAZONAS,BAGUA,LA PECA,MOVIMIENTO REGIONAL AMAZONENSE UNIDOS AL CAMPO,914,M,CASTELLANO
10201,AMAZONAS,BAGUA,LA PECA,MOVIMIENTO REGIONAL FUERZA AMAZONENSE,344,M,CASTELLANO
10201,AMAZONAS,BAGUA,LA PECA,OBRAS POR AMAZONAS,80,M,CASTELLANO
10201,AMAZONAS,BAGUA,LA PECA,PARTIDO POPULAR CRISTIANO - PPC,25,M,CASTELLANO
10201,AMAZONAS,BAGUA,LA PECA,SENTIMIENTO AMAZONENSE REGIONAL,1461,M,CASTELLANO
10201,AMAZONAS,BAGUA,LA PECA,TODOS SOMOS AMAZONAS,613,M,CASTELLANO
10201,AMAZONAS,BAGUA,LA PECA,UNIDAD Y DEMOCRACIA DE AMAZONAS,794,M,CASTELLANO
10202,AMAZONAS,BAGUA,ARAMANGO,MOVIMIENTO INDEPENDIENTE SURGE AMAZONAS,1383,M,AYMARA
10202,AMAZONAS,BAGUA,ARAMANGO,MOVIMIENTO REGIONAL AMAZONENSE UNIDOS AL CAMPO,775,M,AYMARA
10202,AMAZONAS,BAGUA,ARAMANGO,MOVIMIENTO REGIONAL FUERZA AMAZONENSE,924,M,AYMARA
10202,AMAZONAS,BAGUA,ARAMANGO,OBRAS POR AMAZONAS,47,M,AYMARA
10202,AMAZONAS,BAGUA,ARAMANGO,PARTIDO POPULAR CRISTIANO - PPC,7,M,AYMARA
10202,AMAZONAS,BAGUA,ARAMANGO,SENTIMIENTO AMAZONENSE REGIONAL,1546,M,AYMARA
10202,AMAZONAS,BAGUA,ARAMANGO,TODOS SOMOS AMAZONAS,70,M,AYMARA
10202,AMAZONAS,BAGUA,ARAMANGO,UNIDAD Y DEMOCRACIA DE AMAZONAS,793,M,AYMARA
10203,AMAZONAS,BAGUA,COPALLIN,ALIANZA PARA EL PROGRESO,377,M,CASTELLANO
10203,AMAZONAS,BAGUA,COPALLIN,MOVIMIENTO INDEPENDIENTE SURGE AMAZONAS,541,M,CASTELLANO
10203,AMAZONAS,BAGUA,COPALLIN,MOVIMIENTO REGIONAL AMAZONENSE UNIDOS AL CAMPO,233,M,CASTELLANO
10203,AMAZONAS,BAGUA,COPALLIN,MOVIMIENTO REGIONAL FUERZA AMAZONENSE,367,M,CASTELLANO
10203,AMAZONAS,BAGUA,COPALLIN,OBRAS POR AMAZONAS,68,M,CASTELLANO
10203,AMAZONAS,BAGUA,COPALLIN,PARTIDO POPULAR CRISTIANO - PPC,42,M,CASTELLANO
10203,AMAZONAS,BAGUA,COPALLIN,SENTIMIENTO AMAZONENSE REGIONAL,682,M,CASTELLANO
10203,AMAZONAS,BAGUA,COPALLIN,TODOS SOMOS AMAZONAS,109,M,CASTELLANO
10203,AMAZONAS,BAGUA,COPALLIN,UNIDAD Y DEMOCRACIA DE AMAZONAS,388,M,CASTELLANO
10204,AMAZONAS,BAGUA,EL PARCO,MOVIMIENTO INDEPENDIENTE SURGE AMAZONAS,116,M,CASTELLANO
10204,AMAZONAS,BAGUA,EL PARCO,MOVIMIENTO REGIONAL AMAZONENSE UNIDOS AL CAMPO,215,M,CASTELLANO
10204,AMAZONAS,BAGUA,EL PARCO,PARTIDO POPULAR CRISTIANO - PPC,9,M,CASTELLANO
10204,AMAZONAS,BAGUA,EL PARCO,SENTIMIENTO AMAZONENSE REGIONAL,760,M,CASTELLANO
10206,AMAZONAS,BAGUA,IMAZA,ACCION POPULAR,541,M,CASTELLANO
10206,AMAZONAS,BAGUA,IMAZA,ALIANZA PARA EL PROGRESO,1159,M,CASTELLANO
10206,AMAZONAS,BAGUA,IMAZA,"EL FRENTE AMPLIO POR JUSTICIA, VIDA Y LIBERTAD",140,M,CASTELLANO
10206,AMAZONAS,BAGUA,IMAZA,MOVIMIENTO INDEPENDIENTE SURGE AMAZONAS,1505,M,CASTELLANO
10206,AMAZONAS,BAGUA,IMAZA,MOVIMIENTO REGIONAL AMAZONENSE UNIDOS AL CAMPO,734,M,CASTELLANO
10206,AMAZONAS,BAGUA,IMAZA,MOVIMIENTO REGIONAL FUERZA AMAZONENSE,1117,M,CASTELLANO
10206,AMAZONAS,BAGUA,IMAZA,OBRAS POR AMAZONAS,239,M,CASTELLANO
10206,AMAZONAS,BAGUA,IMAZA,PARTIDO DEMOCRATICO SOMOS PERU,497,M,CASTELLANO
10206,AMAZONAS,BAGUA,IMAZA,PARTIDO HUMANISTA PERUANO,239,M,CASTELLANO
10206,AMAZONAS,BAGUA,IMAZA,PARTIDO POPULAR CRISTIANO - PPC,167,M,CASTELLANO
10206,AMAZONAS,BAGUA,IMAZA,PERU POSIBLE,675,M,CASTELLANO
10206,AMAZONAS,BAGUA,IMAZA,SENTIMIENTO AMAZONENSE REGIONAL,1214,M,CASTELLANO
10206,AMAZONAS,BAGUA,IMAZA,TODOS SOMOS AMAZONAS,796,M,CASTELLANO
10206,AMAZONAS,BAGUA,IMAZA,UNIDAD Y DEMOCRACIA DE AMAZONAS,259,M,CASTELLANO
10206,AMAZONAS,BAGUA,IMAZA,VAMOS PERU,260,M,CASTELLANO
10302,AMAZONAS,BONGARA,COROSHA,MOVIMIENTO INDEPENDIENTE SURGE AMAZONAS,140,M,CASTELLANO
10302,AMAZONAS,BONGARA,COROSHA,MOVIMIENTO REGIONAL AMAZONENSE UNIDOS AL CAMPO,27,M,CASTELLANO
10302,AMAZONAS,BONGARA,COROSHA,MOVIMIENTO REGIONAL FUERZA AMAZONENSE,18,M,CASTELLANO
10302,AMAZONAS,BONGARA,COROSHA,OBRAS POR AMAZONAS,92,M,CASTELLANO
10302,AMAZONAS,BONGARA,COROSHA,SENTIMIENTO AMAZONENSE REGIONAL,183,M,CASTELLANO
10302,AMAZONAS,BONGARA,COROSHA,TODOS SOMOS AMAZONAS,27,M,CASTELLANO
10303,AMAZONAS,BONGARA,CUISPES,MOVIMIENTO REGIONAL FUERZA AMAZONENSE,273,M,CASTELLANO
10303,AMAZONAS,BONGARA,CUISPES,OBRAS POR AMAZONAS,68,M,CASTELLANO
10303,AMAZONAS,BONGARA,CUISPES,SENTIMIENTO AMAZONENSE REGIONAL,117,M,CASTELLANO
10303,AMAZONAS,BONGARA,CUISPES,TODOS SOMOS AMAZONAS,15,M,CASTELLANO
10304,AMAZONAS,BONGARA,CHISQUILLA,MOVIMIENTO REGIONAL AMAZONENSE UNIDOS AL CAMPO,109,M,CASTELLANO
10304,AMAZONAS,BONGARA,CHISQUILLA,OBRAS POR AMAZONAS,133,M,CASTELLANO
10304,AMAZONAS,BONGARA,CHISQUILLA,SENTIMIENTO AMAZONENSE REGIONAL,24,M,CASTELLANO
10304,AMAZONAS,BONGARA,CHISQUILLA,TODOS SOMOS AMAZONAS,43,M,CASTELLANO
10305,AMAZONAS,BONGARA,CHURUJA,MOVIMIENTO INDEPENDIENTE SURGE AMAZONAS,4,M,CASTELLANO
10305,AMAZONAS,BONGARA,CHURUJA,MOVIMIENTO REGIONAL FUERZA AMAZONENSE,180,M,CASTELLANO
10305,AMAZONAS,BONGARA,CHURUJA,OBRAS POR AMAZONAS,97,M,CASTELLANO
10305,AMAZONAS,BONGARA,CHURUJA,SENTIMIENTO AMAZONENSE REGIONAL,10,M,CASTELLANO
10306,AMAZONAS,BONGARA,FLORIDA,ALIANZA PARA EL PROGRESO,129,M,CASTELLANO
10306,AMAZONAS,BONGARA,FLORIDA,MOVIMIENTO INDEPENDIENTE SURGE AMAZONAS,33,M,CASTELLANO
10306,AMAZONAS,BONGARA,FLORIDA,MOVIMIENTO REGIONAL AMAZONENSE UNIDOS AL CAMPO,482,M,CASTELLANO
10306,AMAZONAS,BONGARA,FLORIDA,MOVIMIENTO REGIONAL FUERZA AMAZONENSE,323,M,CASTELLANO
10306,AMAZONAS,BONGARA,FLORIDA,OBRAS POR AMAZONAS,899,M,CASTELLANO
10306,AMAZONAS,BONGARA,FLORIDA,SENTIMIENTO AMAZONENSE REGIONAL,872,M,CASTELLANO
10306,AMAZONAS,BONGARA,FLORIDA,TODOS SOMOS AMAZONAS,75,M,CASTELLANO
10306,AMAZONAS,BONGARA,FLORIDA,UNIDAD Y DEMOCRACIA DE AMAZONAS,82,M,CASTELLANO
10307,AMAZONAS,BONGARA,RECTA,MOVIMIENTO REGIONAL FUERZA AMAZONENSE,115,M,CASTELLANO
10307,AMAZONAS,BONGARA,RECTA,OBRAS POR AMAZONAS,166,M,CASTELLANO
10307,AMAZONAS,BONGARA,RECTA,SENTIMIENTO AMAZONENSE REGIONAL,42,M,CASTELLANO
10308,AMAZONAS,BONGARA,SAN CARLOS,MOVIMIENTO REGIONAL AMAZONENSE UNIDOS AL CAMPO,143,M,CASTELLANO
10308,AMAZONAS,BONGARA,SAN CARLOS,OBRAS POR AMAZONAS,132,M,CASTELLANO
10308,AMAZONAS,BONGARA,SAN CARLOS,SENTIMIENTO AMAZONENSE REGIONAL,50,M,CASTELLANO
10309,AMAZONAS,BONGARA,SHIPASBAMBA,MOVIMIENTO INDEPENDIENTE SURGE AMAZONAS,77,M,CASTELLANO
10309,AMAZONAS,BONGARA,SHIPASBAMBA,MOVIMIENTO REGIONAL FUERZA AMAZONENSE,50,M,CASTELLANO
10309,AMAZONAS,BONGARA,SHIPASBAMBA,OBRAS POR AMAZONAS,399,M,CASTELLANO
10309,AMAZONAS,BONGARA,SHIPASBAMBA,SENTIMIENTO AMAZONENSE REGIONAL,394,M,CASTELLANO
10309,AMAZONAS,BONGARA,SHIPASBAMBA,TODOS SOMOS AMAZONAS,8,M,CASTELLANO
10310,AMAZONAS,BONGARA,VALERA,MOVIMIENTO INDEPENDIENTE SURGE AMAZONAS,41,M,CASTELLANO
10310,AMAZONAS,BONGARA,VALERA,MOVIMIENTO REGIONAL AMAZONENSE UNIDOS AL CAMPO,41,M,CASTELLANO
10310,AMAZONAS,BONGARA,VALERA,MOVIMIENTO REGIONAL FUERZA AMAZONENSE,54,M,CASTELLANO
10310,AMAZONAS,BONGARA,VALERA,OBRAS POR AMAZONAS,323,M,CASTELLANO
10310,AMAZONAS,BONGARA,VALERA,SENTIMIENTO AMAZONENSE REGIONAL,185,M,CASTELLANO
10310,AMAZONAS,BONGARA,VALERA,UNIDAD Y DEMOCRACIA DE AMAZONAS,34,M,CASTELLANO
10311,AMAZONAS,BONGARA,YAMBRASBAMBA,ALIANZA PARA EL PROGRESO,25,M,CASTELLANO
10311,AMAZONAS,BONGARA,YAMBRASBAMBA,MOVIMIENTO REGIONAL AMAZONENSE UNIDOS AL CAMPO,763,M,CASTELLANO
10311,AMAZONAS,BONGARA,YAMBRASBAMBA,MOVIMIENTO REGIONAL FUERZA AMAZONENSE,247,M,CASTELLANO
10311,AMAZONAS,BONGARA,YAMBRASBAMBA,OBRAS POR AMAZONAS,1000,M,CASTELLANO
10311,AMAZONAS,BONGARA,YAMBRASBAMBA,SENTIMIENTO AMAZONENSE REGIONAL,913,M,CASTELLANO
10311,AMAZONAS,BONGARA,YAMBRASBAMBA,TODOS SOMOS AMAZONAS,67,M,CASTELLANO
10312,AMAZONAS,BONGARA,JAZAN,MOVIMIENTO INDEPENDIENTE SURGE AMAZONAS,180,M,CASTELLANO
10312,AMAZONAS,BONGARA,JAZAN,MOVIMIENTO REGIONAL AMAZONENSE UNIDOS AL CAMPO,1262,M,CASTELLANO
10312,AMAZONAS,BONGARA,JAZAN,MOVIMIENTO REGIONAL FUERZA AMAZONENSE,451,M,CASTELLANO
10312,AMAZONAS,BONGARA,JAZAN,OBRAS POR AMAZONAS,695,M,CASTELLANO
10312,AMAZONAS,BONGARA,JAZAN,SENTIMIENTO AMAZONENSE REGIONAL,728,M,CASTELLANO
10312,AMAZONAS,BONGARA,JAZAN,TODOS SOMOS AMAZONAS,39,M,CASTELLANO
10312,AMAZONAS,BONGARA,JAZAN,UNIDAD Y DEMOCRACIA DE AMAZONAS,78,M,CASTELLANO
10402,AMAZONAS,LUYA,CAMPORREDONDO,ALIANZA PARA EL PROGRESO,598,M,CASTELLANO
10402,AMAZONAS,LUYA,CAMPORREDONDO,MOVIMIENTO INDEPENDIENTE SURGE AMAZONAS,65,M,CASTELLANO
10402,AMAZONAS,LUYA,CAMPORREDONDO,MOVIMIENTO REGIONAL FUERZA AMAZONENSE,427,M,CASTELLANO
10402,AMAZONAS,LUYA,CAMPORREDONDO,OBRAS POR AMAZONAS,581,M,CASTELLANO
10402,AMAZONAS,LUYA,CAMPORREDONDO,SENTIMIENTO AMAZONENSE REGIONAL,191,M,CASTELLANO
10402,AMAZONAS,LUYA,CAMPORREDONDO,TODOS SOMOS AMAZONAS,926,M,CASTELLANO
10403,AMAZONAS,LUYA,COCABAMBA,MOVIMIENTO REGIONAL AMAZONENSE UNIDOS AL CAMPO,136,M,CASTELLANO
10403,AMAZONAS,LUYA,COCABAMBA,MOVIMIENTO REGIONAL FUERZA AMAZONENSE,122,M,CASTELLANO
10403,AMAZONAS,LUYA,COCABAMBA,OBRAS POR AMAZONAS,154,M,CASTELLANO
10403,AMAZONAS,LUYA,COCABAMBA,SENTIMIENTO AMAZONENSE REGIONAL,254,M,CASTELLANO
10403,AMAZONAS,LUYA,COCABAMBA,UNIDAD Y DEMOCRACIA DE AMAZONAS,229,M,CASTELLANO
10404,AMAZONAS,LUYA,COLCAMAR,MOVIMIENTO INDEPENDIENTE SURGE AMAZONAS,22,M,CASTELLANO
10404,AMAZONAS,LUYA,COLCAMAR,MOVIMIENTO REGIONAL AMAZONENSE UNIDOS AL CAMPO,175,M,CASTELLANO
10404,AMAZONAS,LUYA,COLCAMAR,MOVIMIENTO REGIONAL FUERZA AMAZONENSE,80,M,CASTELLANO
10404,AMAZONAS,LUYA,COLCAMAR,OBRAS POR AMAZONAS,395,M,CASTELLANO
10404,AMAZONAS,LUYA,COLCAMAR,SENTIMIENTO AMAZONENSE REGIONAL,342,M,CASTELLANO
10404,AMAZONAS,LUYA,COLCAMAR,UNIDAD Y DEMOCRACIA DE AMAZONAS,202,M,CASTELLANO
10405,AMAZONAS,LUYA,CONILA,MOVIMIENTO INDEPENDIENTE SURGE AMAZONAS,76,M,CASTELLANO
10405,AMAZONAS,LUYA,CONILA,MOVIMIENTO REGIONAL AMAZONENSE UNIDOS AL CAMPO,55,M,CASTELLANO
10405,AMAZONAS,LUYA,CONILA,MOVIMIENTO REGIONAL FUERZA AMAZONENSE,276,M,CASTELLANO
10405,AMAZONAS,LUYA,CONILA,OBRAS POR AMAZONAS,175,M,CASTELLANO
10405,AMAZONAS,LUYA,CONILA,SENTIMIENTO AMAZONENSE REGIONAL,225,M,CASTELLANO
10405,AMAZONAS,LUYA,CONILA,TODOS SOMOS AMAZONAS,202,M,CASTELLANO
10405,AMAZONAS,LUYA,CONILA,UNIDAD Y DEMOCRACIA DE AMAZONAS,55,M,CASTELLANO
10406,AMAZONAS,LUYA,INGUILPATA,ALIANZA PARA EL PROGRESO,132,M,CASTELLANO
10406,AMAZONAS,LUYA,INGUILPATA,MOVIMIENTO REGIONAL FUERZA AMAZONENSE,26,M,CASTELLANO
10406,AMAZONAS,LUYA,INGUILPATA,OBRAS POR AMAZONAS,196,M,CASTELLANO
10406,AMAZONAS,LUYA,INGUILPATA,SENTIMIENTO AMAZONENSE REGIONAL,68,M,CASTELLANO
10407,AMAZONAS,LUYA,LONGUITA,MOVIMIENTO REGIONAL FUERZA AMAZONENSE,234,M,CASTELLANO
10407,AMAZONAS,LUYA,LONGUITA,OBRAS POR AMAZONAS,60,M,CASTELLANO
10407,AMAZONAS,LUYA,LONGUITA,SENTIMIENTO AMAZONENSE REGIONAL,282,M,CASTELLANO
10408,AMAZONAS,LUYA,LONYA CHICO,OBRAS POR AMAZONAS,167,M,CASTELLANO
10408,AMAZONAS,LUYA,LONYA CHICO,SENTIMIENTO AMAZONENSE REGIONAL,252,M,CASTELLANO
10408,AMAZONAS,LUYA,LONYA CHICO,TODOS SOMOS AMAZONAS,190,M,CASTELLANO
10409,AMAZONAS,LUYA,LUYA,MOVIMIENTO INDEPENDIENTE SURGE AMAZONAS,238,M,CASTELLANO
10409,AMAZONAS,LUYA,LUYA,MOVIMIENTO REGIONAL FUERZA AMAZONENSE,331,M,CASTELLANO
10409,AMAZONAS,LUYA,LUYA,OBRAS POR AMAZONAS,871,M,CASTELLANO
10409,AMAZONAS,LUYA,LUYA,SENTIMIENTO AMAZONENSE REGIONAL,348,M,CASTELLANO
10409,AMAZONAS,LUYA,LUYA,UNIDAD Y DEMOCRACIA DE AMAZONAS,121,M,CASTELLANO
10410,AMAZONAS,LUYA,LUYA VIEJO,OBRAS POR AMAZONAS,102,M,CASTELLANO
10410,AMAZONAS,LUYA,LUYA VIEJO,SENTIMIENTO AMAZONENSE REGIONAL,113,M,CASTELLANO
10410,AMAZONAS,LUYA,LUYA VIEJO,TODOS SOMOS AMAZONAS,56,M,CASTELLANO
10411,AMAZONAS,LUYA,MARIA,MOVIMIENTO INDEPENDIENTE SURGE AMAZONAS,137,M,CASTELLANO
10411,AMAZONAS,LUYA,MARIA,MOVIMIENTO REGIONAL FUERZA AMAZONENSE,78,M,CASTELLANO
10411,AMAZONAS,LUYA,MARIA,OBRAS POR AMAZONAS,72,M,CASTELLANO
10411,AMAZONAS,LUYA,MARIA,SENTIMIENTO AMAZONENSE REGIONAL,181,M,CASTELLANO
10411,AMAZONAS,LUYA,MARIA,TODOS SOMOS AMAZONAS,84,M,CASTELLANO
10412,AMAZONAS,LUYA,OCALLI,MOVIMIENTO REGIONAL AMAZONENSE UNIDOS AL CAMPO,81,M,CASTELLANO
10412,AMAZONAS,LUYA,OCALLI,MOVIMIENTO REGIONAL FUERZA AMAZONENSE,631,M,CASTELLANO
10412,AMAZONAS,LUYA,OCALLI,OBRAS POR AMAZONAS,295,M,CASTELLANO
10412,AMAZONAS,LUYA,OCALLI,SENTIMIENTO AMAZONENSE REGIONAL,358,M,CASTELLANO
10412,AMAZONAS,LUYA,OCALLI,TODOS SOMOS AMAZONAS,244,M,CASTELLANO
10413,AMAZONAS,LUYA,OCUMAL,MOVIMIENTO REGIONAL AMAZONENSE UNIDOS AL CAMPO,427,M,CASTELLANO
10413,AMAZONAS,LUYA,OCUMAL,MOVIMIENTO REGIONAL FUERZA AMAZONENSE,20,M,CASTELLANO
10413,AMAZONAS,LUYA,OCUMAL,OBRAS POR AMAZONAS,779,M,CASTELLANO
10413,AMAZONAS,LUYA,OCUMAL,SENTIMIENTO AMAZONENSE REGIONAL,348,M,CASTELLANO
10414,AMAZONAS,LUYA,PISUQUIA,ALIANZA PARA EL PROGRESO,74,M,QUECHUA
10414,AMAZONAS,LUYA,PISUQUIA,MOVIMIENTO INDEPENDIENTE SURGE AMAZONAS,493,M,QUECHUA
10414,AMAZONAS,LUYA,PISUQUIA,MOVIMIENTO REGIONAL FUERZA AMAZONENSE,203,M,QUECHUA
10414,AMAZONAS,LUYA,PISUQUIA,OBRAS POR AMAZONAS,612,M,QUECHUA
10414,AMAZONAS,LUYA,PISUQUIA,SENTIMIENTO AMAZONENSE REGIONAL,386,M,QUECHUA
10414,AMAZONAS,LUYA,PISUQUIA,TODOS SOMOS AMAZONAS,186,M,QUECHUA
10415,AMAZONAS,LUYA,SAN CRISTOBAL,MOVIMIENTO INDEPENDIENTE SURGE AMAZONAS,95,M,CASTELLANO
10415,AMAZONAS,LUYA,SAN CRISTOBAL,MOVIMIENTO REGIONAL AMAZONENSE UNIDOS AL CAMPO,65,M,CASTELLANO
10415,AMAZONAS,LUYA,SAN CRISTOBAL,MOVIMIENTO REGIONAL FUERZA AMAZONENSE,52,M,CASTELLANO
10415,AMAZONAS,LUYA,SAN CRISTOBAL,OBRAS POR AMAZONAS,31,M,CASTELLANO
10415,AMAZONAS,LUYA,SAN CRISTOBAL,PARTIDO DEMOCRATICO SOMOS PERU,62,M,CASTELLANO
10415,AMAZONAS,LUYA,SAN CRISTOBAL,SENTIMIENTO AMAZONENSE REGIONAL,49,M,CASTELLANO
10415,AMAZONAS,LUYA,SAN CRISTOBAL,TODOS SOMOS AMAZONAS,19,M,CASTELLANO
10416,AMAZONAS,LUYA,SAN FRANCISCO DEL YESO,MOVIMIENTO INDEPENDIENTE SURGE AMAZONAS,187,M,CASTELLANO
10416,AMAZONAS,LUYA,SAN FRANCISCO DEL YESO,MOVIMIENTO REGIONAL AMAZONENSE UNIDOS AL CAMPO,42,M,CASTELLANO
10416,AMAZONAS,LUYA,SAN FRANCISCO DEL YESO,MOVIMIENTO REGIONAL FUERZA AMAZONENSE,88,M,CASTELLANO
10416,AMAZONAS,LUYA,SAN FRANCISCO DEL YESO,OBRAS POR AMAZONAS,126,M,CASTELLANO
10416,AMAZONAS,LUYA,SAN FRANCISCO DEL YESO,SENTIMIENTO AMAZONENSE REGIONAL,67,M,CASTELLANO
10417,AMAZONAS,LUYA,SAN JERONIMO,MOVIMIENTO INDEPENDIENTE SURGE AMAZONAS,53,M,CASTELLANO
10417,AMAZONAS,LUYA,SAN JERONIMO,OBRAS POR AMAZONAS,197,M,CASTELLANO
10417,AMAZONAS,LUYA,SAN JERONIMO,SENTIMIENTO AMAZONENSE REGIONAL,124,M,CASTELLANO
10417,AMAZONAS,LUYA,SAN JERONIMO,TODOS SOMOS AMAZONAS,101,M,CASTELLANO
10418,AMAZONAS,LUYA,SAN JUAN DE LOPECANCHA,MOVIMIENTO REGIONAL FUERZA AMAZONENSE,158,M,CASTELLANO
10418,AMAZONAS,LUYA,SAN JUAN DE LOPECANCHA,OBRAS POR AMAZONAS,81,M,CASTELLANO
10418,AMAZONAS,LUYA,SAN JUAN DE LOPECANCHA,SENTIMIENTO AMAZONENSE REGIONAL,83,M,CASTELLANO
10419,AMAZONAS,LUYA,SANTA CATALINA,MOVIMIENTO INDEPENDIENTE SURGE AMAZONAS,72,M,CASTELLANO
10419,AMAZONAS,LUYA,SANTA CATALINA,MOVIMIENTO REGIONAL FUERZA AMAZONENSE,154,M,CASTELLANO
10419,AMAZONAS,LUYA,SANTA CATALINA,OBRAS POR AMAZONAS,193,M,CASTELLANO
10419,AMAZONAS,LUYA,SANTA CATALINA,SENTIMIENTO AMAZONENSE REGIONAL,254,M,CASTELLANO
10419,AMAZONAS,LUYA,SANTA CATALINA,TODOS SOMOS AMAZONAS,184,M,CASTELLANO
10420,AMAZONAS,LUYA,SANTO TOMAS,MOVIMIENTO REGIONAL AMAZONENSE UNIDOS AL CAMPO,247,M,CASTELLANO
10420,AMAZONAS,LUYA,SANTO TOMAS,MOVIMIENTO REGIONAL FUERZA AMAZONENSE,219,M,CASTELLANO
10420,AMAZONAS,LUYA,SANTO TOMAS,OBRAS POR AMAZONAS,327,M,CASTELLANO
10420,AMAZONAS,LUYA,SANTO TOMAS,SENTIMIENTO AMAZONENSE REGIONAL,554,M,CASTELLANO
10420,AMAZONAS,LUYA,SANTO TOMAS,TODOS SOMOS AMAZONAS,154,M,CASTELLANO
10420,AMAZONAS,LUYA,SANTO TOMAS,UNIDAD Y DEMOCRACIA DE AMAZONAS,36,M,CASTELLANO
10421,AMAZONAS,LUYA,TINGO,MOVIMIENTO INDEPENDIENTE SURGE AMAZONAS,138,M,CASTELLANO
10421,AMAZONAS,LUYA,TINGO,MOVIMIENTO REGIONAL AMAZONENSE UNIDOS AL CAMPO,140,M,CASTELLANO
10421,AMAZONAS,LUYA,TINGO,MOVIMIENTO REGIONAL FUERZA AMAZONENSE,97,M,CASTELLANO
10421,AMAZONAS,LUYA,TINGO,OBRAS POR AMAZONAS,125,M,CASTELLANO
10421,AMAZONAS,LUYA,TINGO,SENTIMIENTO AMAZONENSE REGIONAL,226,M,CASTELLANO
10422,AMAZONAS,LUYA,TRITA,MOVIMIENTO INDEPENDIENTE SURGE AMAZONAS,218,M,CASTELLANO
10422,AMAZONAS,LUYA,TRITA,MOVIMIENTO REGIONAL FUERZA AMAZONENSE,199,M,CASTELLANO
10422,AMAZONAS,LUYA,TRITA,OBRAS POR AMAZONAS,138,M,CASTELLANO
10422,AMAZONAS,LUYA,TRITA,SENTIMIENTO AMAZONENSE REGIONAL,173,M,CASTELLANO
10422,AMAZONAS,LUYA,TRITA,UNIDAD Y DEMOCRACIA DE AMAZONAS,0,M,CASTELLANO
10423,AMAZONAS,LUYA,PROVIDENCIA,MOVIMIENTO REGIONAL AMAZONENSE UNIDOS AL CAMPO,105,M,CASTELLANO
10423,AMAZONAS,LUYA,PROVIDENCIA,MOVIMIENTO REGIONAL FUERZA AMAZONENSE,119,M,CASTELLANO
10423,AMAZONAS,LUYA,PROVIDENCIA,OBRAS POR AMAZONAS,174,M,CASTELLANO
10423,AMAZONAS,LUYA,PROVIDENCIA,SENTIMIENTO AMAZONENSE REGIONAL,98,M,CASTELLANO
10423,AMAZONAS,LUYA,PROVIDENCIA,TODOS SOMOS AMAZONAS,212,M,CASTELLANO
10502,AMAZONAS,RODRIGUEZ DE MENDOZA,COCHAMAL,MOVIMIENTO REGIONAL FUERZA AMAZONENSE,161,M,CASTELLANO
10502,AMAZONAS,RODRIGUEZ DE MENDOZA,COCHAMAL,OBRAS POR AMAZONAS,44,M,CASTELLANO
10502,AMAZONAS,RODRIGUEZ DE MENDOZA,COCHAMAL,SENTIMIENTO AMAZONENSE REGIONAL,302,M,CASTELLANO
10503,AMAZONAS,RODRIGUEZ DE MENDOZA,CHIRIMOTO,MOVIMIENTO INDEPENDIENTE SURGE AMAZONAS,137,M,CASTELLANO
10503,AMAZONAS,RODRIGUEZ DE MENDOZA,CHIRIMOTO,MOVIMIENTO REGIONAL AMAZONENSE UNIDOS AL CAMPO,232,M,CASTELLANO
10503,AMAZONAS,RODRIGUEZ DE MENDOZA,CHIRIMOTO,MOVIMIENTO REGIONAL FUERZA AMAZONENSE,416,M,CASTELLANO
10503,AMAZONAS,RODRIGUEZ DE MENDOZA,CHIRIMOTO,OBRAS POR AMAZONAS,121,M,CASTELLANO
10503,AMAZONAS,RODRIGUEZ DE MENDOZA,CHIRIMOTO,SENTIMIENTO AMAZONENSE REGIONAL,185,M,CASTELLANO
10504,AMAZONAS,RODRIGUEZ DE MENDOZA,HUAMBO,ALIANZA PARA EL PROGRESO,332,F,CASTELLANO
10504,AMAZONAS,RODRIGUEZ DE MENDOZA,HUAMBO,MOVIMIENTO INDEPENDIENTE SURGE AMAZONAS,46,F,CASTELLANO
10504,AMAZONAS,RODRIGUEZ DE MENDOZA,HUAMBO,MOVIMIENTO REGIONAL AMAZONENSE UNIDOS AL CAMPO,146,F,CASTELLANO
10504,AMAZONAS,RODRIGUEZ DE MENDOZA,HUAMBO,MOVIMIENTO REGIONAL FUERZA AMAZONENSE,529,F,CASTELLANO
10504,AMAZONAS,RODRIGUEZ DE MENDOZA,HUAMBO,OBRAS POR AMAZONAS,97,F,CASTELLANO
10504,AMAZONAS,RODRIGUEZ DE MENDOZA,HUAMBO,SENTIMIENTO AMAZONENSE REGIONAL,284,F,CASTELLANO
10504,AMAZONAS,RODRIGUEZ DE MENDOZA,HUAMBO,TODOS SOMOS AMAZONAS,222,F,CASTELLANO
10504,AMAZONAS,RODRIGUEZ DE MENDOZA,HUAMBO,UNIDAD Y DEMOCRACIA DE AMAZONAS,51,F,CASTELLANO
10505,AMAZONAS,RODRIGUEZ DE MENDOZA,LIMABAMBA,ALIANZA PARA EL PROGRESO,18,M,CASTELLANO
10505,AMAZONAS,RODRIGUEZ DE MENDOZA,LIMABAMBA,MOVIMIENTO REGIONAL AMAZONENSE UNIDOS AL CAMPO,395,M,CASTELLANO
10505,AMAZONAS,RODRIGUEZ DE MENDOZA,LIMABAMBA,MOVIMIENTO REGIONAL FUERZA AMAZONENSE,217,M,CASTELLANO
10505,AMAZONAS,RODRIGUEZ DE MENDOZA,LIMABAMBA,OBRAS POR AMAZONAS,31,M,CASTELLANO
10505,AMAZONAS,RODRIGUEZ DE MENDOZA,LIMABAMBA,SENTIMIENTO AMAZONENSE REGIONAL,370,M,CASTELLANO
10506,AMAZONAS,RODRIGUEZ DE MENDOZA,LONGAR,MOVIMIENTO REGIONAL AMAZONENSE UNIDOS AL CAMPO,350,F,CASTELLANO
10506,AMAZONAS,RODRIGUEZ DE MENDOZA,LONGAR,MOVIMIENTO REGIONAL FUERZA AMAZONENSE,234,F,CASTELLANO
10506,AMAZONAS,RODRIGUEZ DE MENDOZA,LONGAR,OBRAS POR AMAZONAS,55,F,CASTELLANO
10506,AMAZONAS,RODRIGUEZ DE MENDOZA,LONGAR,SENTIMIENTO AMAZONENSE REGIONAL,498,F,CASTELLANO
10507,AMAZONAS,RODRIGUEZ DE MENDOZA,MILPUCC,MOVIMIENTO REGIONAL FUERZA AMAZONENSE,33,M,CASTELLANO
10507,AMAZONAS,RODRIGUEZ DE MENDOZA,MILPUCC,OBRAS POR AMAZONAS,233,M,CASTELLANO
10507,AMAZONAS,RODRIGUEZ DE MENDOZA,MILPUCC,SENTIMIENTO AMAZONENSE REGIONAL,225,M,CASTELLANO
10508,AMAZONAS,RODRIGUEZ DE MENDOZA,MARISCAL BENAVIDES,ALIANZA PARA EL PROGRESO,21,M,CASTELLANO
10508,AMAZONAS,RODRIGUEZ DE MENDOZA,MARISCAL BENAVIDES,MOVIMIENTO REGIONAL AMAZONENSE UNIDOS AL CAMPO,9,M,CASTELLANO
10508,AMAZONAS,RODRIGUEZ DE MENDOZA,MARISCAL BENAVIDES,MOVIMIENTO REGIONAL FUERZA AMAZONENSE,410,M,CASTELLANO
10508,AMAZONAS,RODRIGUEZ DE MENDOZA,MARISCAL BENAVIDES,OBRAS POR AMAZONAS,308,M,CASTELLANO
10508,AMAZONAS,RODRIGUEZ DE MENDOZA,MARISCAL BENAVIDES,SENTIMIENTO AMAZONENSE REGIONAL,436,M,CASTELLANO
10509,AMAZONAS,RODRIGUEZ DE MENDOZA,OMIA,ALIANZA PARA EL PROGRESO,45,M,CASTELLANO
10509,AMAZONAS,RODRIGUEZ DE MENDOZA,OMIA,MOVIMIENTO INDEPENDIENTE SURGE AMAZONAS,79,M,CASTELLANO
10509,AMAZONAS,RODRIGUEZ DE MENDOZA,OMIA,MOVIMIENTO REGIONAL AMAZONENSE UNIDOS AL CAMPO,645,M,CASTELLANO
10509,AMAZONAS,RODRIGUEZ DE MENDOZA,OMIA,MOVIMIENTO REGIONAL FUERZA AMAZONENSE,604,M,CASTELLANO
10509,AMAZONAS,RODRIGUEZ DE MENDOZA,OMIA,OBRAS POR AMAZONAS,239,M,CASTELLANO
10509,AMAZONAS,RODRIGUEZ DE MENDOZA,OMIA,PARTIDO DEMOCRATICO SOMOS PERU,82,M,CASTELLANO
10509,AMAZONAS,RODRIGUEZ DE MENDOZA,OMIA,SENTIMIENTO AMAZONENSE REGIONAL,1291,M,CASTELLANO
10509,AMAZONAS,RODRIGUEZ DE MENDOZA,OMIA,TODOS SOMOS AMAZONAS,89,M,CASTELLANO
10509,AMAZONAS,RODRIGUEZ DE MENDOZA,OMIA,UNIDAD Y DEMOCRACIA DE AMAZONAS,93,M,CASTELLANO
10510,AMAZONAS,RODRIGUEZ DE MENDOZA,SANTA ROSA,MOVIMIENTO REGIONAL FUERZA AMAZONENSE,132,M,CASTELLANO
10510,AMAZONAS,RODRIGUEZ DE MENDOZA,SANTA ROSA,OBRAS POR AMAZONAS,60,M,CASTELLANO
10510,AMAZONAS,RODRIGUEZ DE MENDOZA,SANTA ROSA,SENTIMIENTO AMAZONENSE REGIONAL,213,M,CASTELLANO
10511,AMAZONAS,RODRIGUEZ DE MENDOZA,TOTORA,MOVIMIENTO REGIONAL FUERZA AMAZONENSE,168,M,CASTELLANO
10511,AMAZONAS,RODRIGUEZ DE MENDOZA,TOTORA,SENTIMIENTO AMAZONENSE REGIONAL,224,M,CASTELLANO
10512,AMAZONAS,RODRIGUEZ DE MENDOZA,VISTA ALEGRE,ALIANZA PARA EL PROGRESO,41,M,CASTELLANO
10512,AMAZONAS,RODRIGUEZ DE MENDOZA,VISTA ALEGRE,MOVIMIENTO INDEPENDIENTE SURGE AMAZONAS,174,M,CASTELLANO
10512,AMAZONAS,RODRIGUEZ DE MENDOZA,VISTA ALEGRE,MOVIMIENTO REGIONAL AMAZONENSE UNIDOS AL CAMPO,137,M,CASTELLANO
10512,AMAZONAS,RODRIGUEZ DE MENDOZA,VISTA ALEGRE,MOVIMIENTO REGIONAL FUERZA AMAZONENSE,352,M,CASTELLANO
10512,AMAZONAS,RODRIGUEZ DE MENDOZA,VISTA ALEGRE,OBRAS POR AMAZONAS,54,M,CASTELLANO
10512,AMAZONAS,RODRIGUEZ DE MENDOZA,VISTA ALEGRE,SENTIMIENTO AMAZONENSE REGIONAL,228,M,CASTELLANO
10512,AMAZONAS,RODRIGUEZ DE MENDOZA,VISTA ALEGRE,TODOS SOMOS AMAZONAS,132,M,CASTELLANO
10602,AMAZONAS,CONDORCANQUI,RIO SANTIAGO,ALIANZA PARA EL PROGRESO,512,M,CASTELLANO
10602,AMAZONAS,CONDORCANQUI,RIO SANTIAGO,"EL FRENTE AMPLIO POR JUSTICIA, VIDA Y LIBERTAD",207,M,CASTELLANO
10602,AMAZONAS,CONDORCANQUI,RIO SANTIAGO,MOVIMIENTO INDEPENDIENTE SURGE AMAZONAS,248,M,CASTELLANO
10602,AMAZONAS,CONDORCANQUI,RIO SANTIAGO,MOVIMIENTO REGIONAL AMAZONENSE UNIDOS AL CAMPO,399,M,CASTELLANO
10602,AMAZONAS,CONDORCANQUI,RIO SANTIAGO,MOVIMIENTO REGIONAL FUERZA AMAZONENSE,324,M,CASTELLANO
10602,AMAZONAS,CONDORCANQUI,RIO SANTIAGO,OBRAS POR AMAZONAS,113,M,CASTELLANO
10602,AMAZONAS,CONDORCANQUI,RIO SANTIAGO,PARTIDO DEMOCRATICO SOMOS PERU,58,M,CASTELLANO
10602,AMAZONAS,CONDORCANQUI,RIO SANTIAGO,PERU POSIBLE,356,M,CASTELLANO
10602,AMAZONAS,CONDORCANQUI,RIO SANTIAGO,SENTIMIENTO AMAZONENSE REGIONAL,502,M,CASTELLANO
10602,AMAZONAS,CONDORCANQUI,RIO SANTIAGO,TODOS SOMOS AMAZONAS,326,M,CASTELLANO
10602,AMAZONAS,CONDORCANQUI,RIO SANTIAGO,UNIDAD Y DEMOCRACIA DE AMAZONAS,931,M,CASTELLANO
10603,AMAZONAS,CONDORCANQUI,EL CENEPA,ALIANZA PARA EL PROGRESO,69,M,CASTELLANO
10603,AMAZONAS,CONDORCANQUI,EL CENEPA,"EL FRENTE AMPLIO POR JUSTICIA, VIDA Y LIBERTAD",60,M,CASTELLANO
10603,AMAZONAS,CONDORCANQUI,EL CENEPA,MOVIMIENTO INDEPENDIENTE SURGE AMAZONAS,181,M,CASTELLANO
10603,AMAZONAS,CONDORCANQUI,EL CENEPA,MOVIMIENTO REGIONAL AMAZONENSE UNIDOS AL CAMPO,56,M,CASTELLANO
10603,AMAZONAS,CONDORCANQUI,EL CENEPA,MOVIMIENTO REGIONAL FUERZA AMAZONENSE,5,M,CASTELLANO
10603,AMAZONAS,CONDORCANQUI,EL CENEPA,OBRAS POR AMAZONAS,7,M,CASTELLANO
10603,AMAZONAS,CONDORCANQUI,EL CENEPA,PARTIDO DEMOCRATICO SOMOS PERU,20,M,CASTELLANO
10603,AMAZONAS,CONDORCANQUI,EL CENEPA,SENTIMIENTO AMAZONENSE REGIONAL,26,M,CASTELLANO
10603,AMAZONAS,CONDORCANQUI,EL CENEPA,TODOS SOMOS AMAZONAS,2,M,CASTELLANO
10603,AMAZONAS,CONDORCANQUI,EL CENEPA,UNIDAD Y DEMOCRACIA DE AMAZONAS,93,M,CASTELLANO
10702,AMAZONAS,UTCUBAMBA,CAJARURO,ACCION POPULAR,665,M,CASTELLANO
10702,AMAZONAS,UTCUBAMBA,CAJARURO,ALIANZA PARA EL PROGRESO,157,M,CASTELLANO
10702,AMAZONAS,UTCUBAMBA,CAJARURO,"EL FRENTE AMPLIO POR JUSTICIA, VIDA Y LIBERTAD",76,M,CASTELLANO
10702,AMAZONAS,UTCUBAMBA,CAJARURO,MOVIMIENTO INDEPENDIENTE SURGE AMAZONAS,1335,M,CASTELLANO
10702,AMAZONAS,UTCUBAMBA,CAJARURO,MOVIMIENTO REGIONAL AMAZONENSE UNIDOS AL CAMPO,1099,M,CASTELLANO
10702,AMAZONAS,UTCUBAMBA,CAJARURO,MOVIMIENTO REGIONAL FUERZA AMAZONENSE,1436,M,CASTELLANO
10702,AMAZONAS,UTCUBAMBA,CAJARURO,OBRAS POR AMAZONAS,747,M,CASTELLANO
10702,AMAZONAS,UTCUBAMBA,CAJARURO,PARTIDO DEMOCRATICO SOMOS PERU,292,M,CASTELLANO
10702,AMAZONAS,UTCUBAMBA,CAJARURO,PERU POSIBLE,494,M,CASTELLANO
10702,AMAZONAS,UTCUBAMBA,CAJARURO,SENTIMIENTO AMAZONENSE REGIONAL,3425,M,CASTELLANO
10702,AMAZONAS,UTCUBAMBA,CAJARURO,TODOS SOMOS AMAZONAS,1487,M,CASTELLANO
10702,AMAZONAS,UTCUBAMBA,CAJARURO,UNIDAD Y DEMOCRACIA DE AMAZONAS,292,M,CASTELLANO
10703,AMAZONAS,UTCUBAMBA,CUMBA,ALIANZA PARA EL PROGRESO,0,M,CASTELLANO
10703,AMAZONAS,UTCUBAMBA,CUMBA,MOVIMIENTO INDEPENDIENTE SURGE AMAZONAS,0,M,CASTELLANO
10703,AMAZONAS,UTCUBAMBA,CUMBA,MOVIMIENTO REGIONAL AMAZONENSE UNIDOS AL CAMPO,0,M,CASTELLANO
10703,AMAZONAS,UTCUBAMBA,CUMBA,MOVIMIENTO REGIONAL FUERZA AMAZONENSE,0,M,CASTELLANO
10703,AMAZONAS,UTCUBAMBA,CUMBA,OBRAS POR AMAZONAS,0,M,CASTELLANO
10703,AMAZONAS,UTCUBAMBA,CUMBA,SENTIMIENTO AMAZONENSE REGIONAL,0,M,CASTELLANO
10703,AMAZONAS,UTCUBAMBA,CUMBA,TODOS SOMOS AMAZONAS,0,M,CASTELLANO
10703,AMAZONAS,UTCUBAMBA,CUMBA,UNIDAD Y DEMOCRACIA DE AMAZONAS,0,M,CASTELLANO
10704,AMAZONAS,UTCUBAMBA,EL MILAGRO,ALIANZA PARA EL PROGRESO,51,M,CASTELLANO
10704,AMAZONAS,UTCUBAMBA,EL MILAGRO,"EL FRENTE AMPLIO POR JUSTICIA, VIDA Y LIBERTAD",100,M,CASTELLANO
10704,AMAZONAS,UTCUBAMBA,EL MILAGRO,MOVIMIENTO INDEPENDIENTE SURGE AMAZONAS,347,M,CASTELLANO
10704,AMAZONAS,UTCUBAMBA,EL MILAGRO,MOVIMIENTO REGIONAL AMAZONENSE UNIDOS AL CAMPO,274,M,CASTELLANO
10704,AMAZONAS,UTCUBAMBA,EL MILAGRO,MOVIMIENTO REGIONAL FUERZA AMAZONENSE,616,M,CASTELLANO
10704,AMAZONAS,UTCUBAMBA,EL MILAGRO,OBRAS POR AMAZONAS,301,M,CASTELLANO
10704,AMAZONAS,UTCUBAMBA,EL MILAGRO,SENTIMIENTO AMAZONENSE REGIONAL,711,M,CASTELLANO
10704,AMAZONAS,UTCUBAMBA,EL MILAGRO,TODOS SOMOS AMAZONAS,37,M,CASTELLANO
10705,AMAZONAS,UTCUBAMBA,JAMALCA,MOVIMIENTO INDEPENDIENTE SURGE AMAZONAS,161,M,CASTELLANO
10705,AMAZONAS,UTCUBAMBA,JAMALCA,MOVIMIENTO REGIONAL AMAZONENSE UNIDOS AL CAMPO,1634,M,CASTELLANO
10705,AMAZONAS,UTCUBAMBA,JAMALCA,MOVIMIENTO REGIONAL FUERZA AMAZONENSE,461,M,CASTELLANO
10705,AMAZONAS,UTCUBAMBA,JAMALCA,OBRAS POR AMAZONAS,40,M,CASTELLANO
10705,AMAZONAS,UTCUBAMBA,JAMALCA,SENTIMIENTO AMAZONENSE REGIONAL,1158,M,CASTELLANO
10705,AMAZONAS,UTCUBAMBA,JAMALCA,TODOS SOMOS AMAZONAS,157,M,CASTELLANO
10705,AMAZONAS,UTCUBAMBA,JAMALCA,UNIDAD Y DEMOCRACIA DE AMAZONAS,28,M,CASTELLANO
10706,AMAZONAS,UTCUBAMBA,LONYA GRANDE,MOVIMIENTO INDEPENDIENTE SURGE AMAZONAS,1342,M,CASTELLANO
10706,AMAZONAS,UTCUBAMBA,LONYA GRANDE,MOVIMIENTO REGIONAL AMAZONENSE UNIDOS AL CAMPO,1598,M,CASTELLANO
10706,AMAZONAS,UTCUBAMBA,LONYA GRANDE,MOVIMIENTO REGIONAL FUERZA AMAZONENSE,1063,M,CASTELLANO
10706,AMAZONAS,UTCUBAMBA,LONYA GRANDE,OBRAS POR AMAZONAS,48,M,CASTELLANO
10706,AMAZONAS,UTCUBAMBA,LONYA GRANDE,SENTIMIENTO AMAZONENSE REGIONAL,327,M,CASTELLANO
10706,AMAZONAS,UTCUBAMBA,LONYA GRANDE,TODOS SOMOS AMAZONAS,17,M,CASTELLANO
10707,AMAZONAS,UTCUBAMBA,YAMON,ALIANZA PARA EL PROGRESO,14,M,CASTELLANO
10707,AMAZONAS,UTCUBAMBA,YAMON,MOVIMIENTO INDEPENDIENTE SURGE AMAZONAS,367,M,CASTELLANO
10707,AMAZONAS,UTCUBAMBA,YAMON,MOVIMIENTO REGIONAL AMAZONENSE UNIDOS AL CAMPO,159,M,CASTELLANO
10707,AMAZONAS,UTCUBAMBA,YAMON,MOVIMIENTO REGIONAL FUERZA AMAZONENSE,433,M,CASTELLANO
10707,AMAZONAS,UTCUBAMBA,YAMON,OBRAS POR AMAZONAS,342,M,CASTELLANO
10707,AMAZONAS,UTCUBAMBA,YAMON,SENTIMIENTO AMAZONENSE REGIONAL,225,M,CASTELLANO
10707,AMAZONAS,UTCUBAMBA,YAMON,TODOS SOMOS AMAZONAS,268,M,CASTELLANO
10707,AMAZONAS,UTCUBAMBA,YAMON,UNIDAD Y DEMOCRACIA DE AMAZONAS,186,M,CASTELLANO
20102,ANCASH,HUARAZ,INDEPENDENCIA,ACCION POPULAR,209,M,CASTELLANO
20102,ANCASH,HUARAZ,INDEPENDENCIA,ALIANZA HORA CERO FUERZA POPULAR,529,M,CASTELLANO
20102,ANCASH,HUARAZ,INDEPENDENCIA,ALIANZA PARA EL PROGRESO,646,M,CASTELLANO
20102,ANCASH,HUARAZ,INDEPENDENCIA,JUNTOS POR HUARAZ,10809,M,CASTELLANO
20102,ANCASH,HUARAZ,INDEPENDENCIA,MOVIMIENTO ACCION NACIONALISTA PERUANO,1977,M,CASTELLANO
20102,ANCASH,HUARAZ,INDEPENDENCIA,MOVIMIENTO INDEPENDIENTE REGIONAL PURO ANCASH,2411,M,CASTELLANO
20102,ANCASH,HUARAZ,INDEPENDENCIA,MOVIMIENTO INDEPENDIENTE REGIONAL RIO SANTA CAUDALOSO,796,M,CASTELLANO
20102,ANCASH,HUARAZ,INDEPENDENCIA,MOVIMIENTO REGIONAL EL MAICITO,1914,M,CASTELLANO
20102,ANCASH,HUARAZ,INDEPENDENCIA,PARTIDO DEMOCRATICO SOMOS PERU,372,M,CASTELLANO
20102,ANCASH,HUARAZ,INDEPENDENCIA,PARTIDO POPULAR CRISTIANO - PPC,137,M,CASTELLANO
20102,ANCASH,HUARAZ,INDEPENDENCIA,PERU PATRIA SEGURA,192,M,CASTELLANO
20102,ANCASH,HUARAZ,INDEPENDENCIA,PERU POSIBLE,369,M,CASTELLANO
20102,ANCASH,HUARAZ,INDEPENDENCIA,RENOVACION ANCASHINA,8850,M,CASTELLANO
20102,ANCASH,HUARAZ,INDEPENDENCIA,RESTAURACION NACIONAL,75,M,CASTELLANO
20102,ANCASH,HUARAZ,INDEPENDENCIA,UNION NACIONALISTA ANCASHINA,164,M,CASTELLANO
20102,ANCASH,HUARAZ,INDEPENDENCIA,UNION POR EL PERU,158,M,CASTELLANO
20102,ANCASH,HUARAZ,INDEPENDENCIA,VAMOS PERU,1020,M,CASTELLANO
20103,ANCASH,HUARAZ,COCHABAMBA,ALIANZA HORA CERO FUERZA POPULAR,3,M,CASTELLANO
20103,ANCASH,HUARAZ,COCHABAMBA,ALIANZA PARA EL PROGRESO,15,M,CASTELLANO
20103,ANCASH,HUARAZ,COCHABAMBA,MOVIMIENTO INDEPENDIENTE REGIONAL PURO ANCASH,74,M,CASTELLANO
20103,ANCASH,HUARAZ,COCHABAMBA,MOVIMIENTO INDEPENDIENTE REGIONAL RIO SANTA CAUDALOSO,44,M,CASTELLANO
20103,ANCASH,HUARAZ,COCHABAMBA,MOVIMIENTO REGIONAL ANDE - MAR,204,M,CASTELLANO
20103,ANCASH,HUARAZ,COCHABAMBA,MOVIMIENTO REGIONAL EL MAICITO,336,M,CASTELLANO
20103,ANCASH,HUARAZ,COCHABAMBA,RENOVACION ANCASHINA,319,M,CASTELLANO
20104,ANCASH,HUARAZ,COLCABAMBA,ALIANZA PARA EL PROGRESO,79,M,CASTELLANO
20104,ANCASH,HUARAZ,COLCABAMBA,MOVIMIENTO INDEPENDIENTE REGIONAL PURO ANCASH,52,M,CASTELLANO
20104,ANCASH,HUARAZ,COLCABAMBA,MOVIMIENTO REGIONAL EL MAICITO,49,M,CASTELLANO
20104,ANCASH,HUARAZ,COLCABAMBA,PARTIDO APRISTA PERUANO,123,M,CASTELLANO
20105,ANCASH,HUARAZ,HUANCHAY,ALIANZA PARA EL PROGRESO,257,M,CASTELLANO
20105,ANCASH,HUARAZ,HUANCHAY,JUNTOS POR HUARAZ,28,M,CASTELLANO
20105,ANCASH,HUARAZ,HUANCHAY,MOVIMIENTO ACCION NACIONALISTA PERUANO,33,M,CASTELLANO
20105,ANCASH,HUARAZ,HUANCHAY,MOVIMIENTO REGIONAL EL MAICITO,281,M,CASTELLANO
20105,ANCASH,HUARAZ,HUANCHAY,PERU POSIBLE,1,M,CASTELLANO
20105,ANCASH,HUARAZ,HUANCHAY,SIEMPRE UNIDOS,149,M,CASTELLANO
20106,ANCASH,HUARAZ,JANGAS,MOVIMIENTO ACCION NACIONALISTA PERUANO,847,M,CASTELLANO
20106,ANCASH,HUARAZ,JANGAS,MOVIMIENTO REGIONAL EL MAICITO,19,M,CASTELLANO
20106,ANCASH,HUARAZ,JANGAS,SIEMPRE UNIDOS,772,M,CASTELLANO
20106,ANCASH,HUARAZ,JANGAS,SOLIDARIDAD NACIONAL,1303,M,CASTELLANO
20107,ANCASH,HUARAZ,LA LIBERTAD,ALIANZA PARA EL PROGRESO,20,F,CASTELLANO
20107,ANCASH,HUARAZ,LA LIBERTAD,JUNTOS POR HUARAZ,2,F,CASTELLANO
20107,ANCASH,HUARAZ,LA LIBERTAD,MOVIMIENTO INDEPENDIENTE REGIONAL PURO ANCASH,89,F,CASTELLANO
20107,ANCASH,HUARAZ,LA LIBERTAD,MOVIMIENTO REGIONAL EL MAICITO,326,F,CASTELLANO
20107,ANCASH,HUARAZ,LA LIBERTAD,RENOVACION ANCASHINA,385,F,CASTELLANO
20108,ANCASH,HUARAZ,OLLEROS,ALIANZA PARA EL PROGRESO,147,M,CASTELLANO
20108,ANCASH,HUARAZ,OLLEROS,JUNTOS POR HUARAZ,69,M,CASTELLANO
20108,ANCASH,HUARAZ,OLLEROS,MOVIMIENTO ACCION NACIONALISTA PERUANO,431,M,CASTELLANO
20108,ANCASH,HUARAZ,OLLEROS,MOVIMIENTO NUEVA IZQUIERDA DE OLLEROS,558,M,CASTELLANO
20108,ANCASH,HUARAZ,OLLEROS,MOVIMIENTO REGIONAL ANDE - MAR,28,M,CASTELLANO
20108,ANCASH,HUARAZ,OLLEROS,RENOVACION ANCASHINA,546,M,CASTELLANO
20108,ANCASH,HUARAZ,OLLEROS,UNION NACIONALISTA ANCASHINA,11,M,CASTELLANO
20109,ANCASH,HUARAZ,PAMPAS GRANDE,MOVIMIENTO INDEPENDIENTE REGIONAL PURO ANCASH,291,M,CASTELLANO
20109,ANCASH,HUARAZ,PAMPAS GRANDE,MOVIMIENTO INDEPENDIENTE REGIONAL RIO SANTA CAUDALOSO,125,M,CASTELLANO
20109,ANCASH,HUARAZ,PAMPAS GRANDE,MOVIMIENTO REGIONAL EL MAICITO,260,M,CASTELLANO
20109,ANCASH,HUARAZ,PAMPAS GRANDE,PARTIDO HUMANISTA PERUANO,50,M,CASTELLANO
20109,ANCASH,HUARAZ,PAMPAS GRANDE,RENOVACION ANCASHINA,11,M,CASTELLANO
20110,ANCASH,HUARAZ,PARIACOTO,ALIANZA HORA CERO FUERZA POPULAR,399,M,CASTELLANO
20110,ANCASH,HUARAZ,PARIACOTO,ALIANZA PARA EL PROGRESO,68,M,CASTELLANO
20110,ANCASH,HUARAZ,PARIACOTO,MOVIMIENTO INDEPENDIENTE REGIONAL PURO ANCASH,716,M,CASTELLANO
20110,ANCASH,HUARAZ,PARIACOTO,MOVIMIENTO REGIONAL EL MAICITO,162,M,CASTELLANO
20110,ANCASH,HUARAZ,PARIACOTO,SIEMPRE UNIDOS,788,M,CASTELLANO
20110,ANCASH,HUARAZ,PARIACOTO,UNION POR EL PERU,491,M,CASTELLANO
20111,ANCASH,HUARAZ,PIRA,ALIANZA PARA EL PROGRESO,473,M,CASTELLANO
20111,ANCASH,HUARAZ,PIRA,JUNTOS POR HUARAZ,91,M,CASTELLANO
20111,ANCASH,HUARAZ,PIRA,MOVIMIENTO ACCION NACIONALISTA PERUANO,281,M,CASTELLANO
20111,ANCASH,HUARAZ,PIRA,MOVIMIENTO INDEPENDIENTE REGIONAL PURO ANCASH,42,M,CASTELLANO
20111,ANCASH,HUARAZ,PIRA,MOVIMIENTO INDEPENDIENTE REGIONAL RIO SANTA CAUDALOSO,8,M,CASTELLANO
20111,ANCASH,HUARAZ,PIRA,MOVIMIENTO REGIONAL EL MAICITO,695,M,CASTELLANO
20111,ANCASH,HUARAZ,PIRA,PARTIDO DEMOCRATICO SOMOS PERU,861,M,CASTELLANO
20111,ANCASH,HUARAZ,PIRA,RENOVACION ANCASHINA,25,M,CASTELLANO
20111,ANCASH,HUARAZ,PIRA,UNION NACIONALISTA ANCASHINA,26,M,CASTELLANO
20112,ANCASH,HUARAZ,TARICA,ALIANZA PARA EL PROGRESO,482,M,CASTELLANO
20112,ANCASH,HUARAZ,TARICA,JUNTOS POR HUARAZ,310,M,CASTELLANO
20112,ANCASH,HUARAZ,TARICA,MOVIMIENTO ACCION NACIONALISTA PERUANO,25,M,CASTELLANO
20112,ANCASH,HUARAZ,TARICA,MOVIMIENTO INDEPENDIENTE REGIONAL PURO ANCASH,622,M,CASTELLANO
20112,ANCASH,HUARAZ,TARICA,MOVIMIENTO INDEPENDIENTE REGIONAL RIO SANTA CAUDALOSO,256,M,CASTELLANO
20112,ANCASH,HUARAZ,TARICA,MOVIMIENTO REGIONAL EL MAICITO,272,M,CASTELLANO
20112,ANCASH,HUARAZ,TARICA,PARTIDO POPULAR CRISTIANO - PPC,99,M,CASTELLANO
20112,ANCASH,HUARAZ,TARICA,RENOVACION ANCASHINA,1017,M,CASTELLANO
20112,ANCASH,HUARAZ,TARICA,SOLIDARIDAD NACIONAL,100,M,CASTELLANO
20112,ANCASH,HUARAZ,TARICA,UNION POR EL PERU,25,M,CASTELLANO
20203,ANCASH,AIJA,CORIS,MOVIMIENTO DEMOCRATICO KORY,111,M,CASTELLANO
20203,ANCASH,AIJA,CORIS,MOVIMIENTO INDEPENDIENTE REGIONAL RIO SANTA CAUDALOSO,504,M,CASTELLANO
20203,ANCASH,AIJA,CORIS,MOVIMIENTO REGIONAL ANDE - MAR,245,M,CASTELLANO
20203,ANCASH,AIJA,CORIS,MOVIMIENTO REGIONAL EL MAICITO,61,M,CASTELLANO
20205,ANCASH,AIJA,HUACLLAN,ALIANZA PARA EL PROGRESO,109,M,CASTELLANO
20205,ANCASH,AIJA,HUACLLAN,MOVIMIENTO ACCION NACIONALISTA PERUANO,134,M,CASTELLANO
20205,ANCASH,AIJA,HUACLLAN,MOVIMIENTO REGIONAL EL MAICITO,140,M,CASTELLANO
20206,ANCASH,AIJA,LA MERCED,ALIANZA PARA EL PROGRESO,484,M,CASTELLANO
20206,ANCASH,AIJA,LA MERCED,MOVIMIENTO ACCION NACIONALISTA PERUANO,107,M,CASTELLANO
20206,ANCASH,AIJA,LA MERCED,MOVIMIENTO INDEPENDIENTE REGIONAL RIO SANTA CAUDALOSO,285,M,CASTELLANO
20206,ANCASH,AIJA,LA MERCED,MOVIMIENTO REGIONAL ANDE - MAR,32,M,CASTELLANO
20206,ANCASH,AIJA,LA MERCED,MOVIMIENTO REGIONAL EL MAICITO,244,M,CASTELLANO
20208,ANCASH,AIJA,SUCCHA,ALIANZA PARA EL PROGRESO,231,M,EXTRANJERO
20208,ANCASH,AIJA,SUCCHA,MOVIMIENTO ACCION NACIONALISTA PERUANO,167,M,EXTRANJERO
20208,ANCASH,AIJA,SUCCHA,MOVIMIENTO INDEPENDIENTE REGIONAL RIO SANTA CAUDALOSO,200,M,EXTRANJERO
20208,ANCASH,AIJA,SUCCHA,PARTIDO APRISTA PERUANO,28,M,EXTRANJERO
20302,ANCASH,BOLOGNESI,ABELARDO PARDO LEZAMETA,ALIANZA PARA EL PROGRESO,88,M,CASTELLANO
20302,ANCASH,BOLOGNESI,ABELARDO PARDO LEZAMETA,PARTIDO APRISTA PERUANO,4,M,CASTELLANO
20302,ANCASH,BOLOGNESI,ABELARDO PARDO LEZAMETA,PARTIDO DEMOCRATICO SOMOS PERU,147,M,CASTELLANO
20304,ANCASH,BOLOGNESI,AQUIA,MOVIMIENTO ACCION NACIONALISTA PERUANO,82,F,CASTELLANO
20304,ANCASH,BOLOGNESI,AQUIA,MOVIMIENTO INDEPENDIENTE REGIONAL RIO SANTA CAUDALOSO,393,F,CASTELLANO
20304,ANCASH,BOLOGNESI,AQUIA,MOVIMIENTO REGIONAL EL MAICITO,388,F,CASTELLANO
20304,ANCASH,BOLOGNESI,AQUIA,PARTIDO DEMOCRATICO SOMOS PERU,50,F,CASTELLANO
20304,ANCASH,BOLOGNESI,AQUIA,SIEMPRE UNIDOS,351,F,CASTELLANO
20304,ANCASH,BOLOGNESI,AQUIA,UNION POR EL PERU,13,F,CASTELLANO
20305,ANCASH,BOLOGNESI,CAJACAY,ALIANZA PARA EL PROGRESO,225,M,CASTELLANO
20305,ANCASH,BOLOGNESI,CAJACAY,JUNTOS POR EL CAMBIO,281,M,CASTELLANO
20305,ANCASH,BOLOGNESI,CAJACAY,MOVIMIENTO INDEPENDIENTE REGIONAL RIO SANTA CAUDALOSO,150,M,CASTELLANO
20305,ANCASH,BOLOGNESI,CAJACAY,MOVIMIENTO REGIONAL ANDE - MAR,172,M,CASTELLANO
20305,ANCASH,BOLOGNESI,CAJACAY,MOVIMIENTO REGIONAL EL MAICITO,19,M,CASTELLANO
20305,ANCASH,BOLOGNESI,CAJACAY,PARTIDO DEMOCRATICO SOMOS PERU,68,M,CASTELLANO
20305,ANCASH,BOLOGNESI,CAJACAY,PERU POSIBLE,117,M,CASTELLANO
20305,ANCASH,BOLOGNESI,CAJACAY,SIEMPRE UNIDOS,27,M,CASTELLANO
20310,ANCASH,BOLOGNESI,HUAYLLACAYAN,ALIANZA PARA EL PROGRESO,24,M,CASTELLANO
20310,ANCASH,BOLOGNESI,HUAYLLACAYAN,MOVIMIENTO INDEPENDIENTE REGIONAL RIO SANTA CAUDALOSO,129,M,CASTELLANO
20310,ANCASH,BOLOGNESI,HUAYLLACAYAN,MOVIMIENTO REGIONAL EL MAICITO,136,M,CASTELLANO
20310,ANCASH,BOLOGNESI,HUAYLLACAYAN,PARTIDO DEMOCRATICO SOMOS PERU,258,M,CASTELLANO
20310,ANCASH,BOLOGNESI,HUAYLLACAYAN,SIEMPRE UNIDOS,218,M,CASTELLANO
20311,ANCASH,BOLOGNESI,HUASTA,MOVIMIENTO INDEPENDIENTE REGIONAL RIO SANTA CAUDALOSO,37,M,CASTELLANO
20311,ANCASH,BOLOGNESI,HUASTA,MOVIMIENTO REGIONAL ANDE - MAR,66,M,CASTELLANO
20311,ANCASH,BOLOGNESI,HUASTA,MOVIMIENTO REGIONAL EL MAICITO,116,M,CASTELLANO
20311,ANCASH,BOLOGNESI,HUASTA,PARTIDO APRISTA PERUANO,14,M,CASTELLANO
20311,ANCASH,BOLOGNESI,HUASTA,PARTIDO DEMOCRATICO SOMOS PERU,269,M,CASTELLANO
20311,ANCASH,BOLOGNESI,HUASTA,SIEMPRE UNIDOS,453,M,CASTELLANO
20311,ANCASH,BOLOGNESI,HUASTA,UNION POR EL PERU,11,M,CASTELLANO
20313,ANCASH,BOLOGNESI,MANGAS,ALIANZA PARA EL PROGRESO,137,M,CASTELLANO
20313,ANCASH,BOLOGNESI,MANGAS,MOVIMIENTO REGIONAL EL MAICITO,28,M,CASTELLANO
20313,ANCASH,BOLOGNESI,MANGAS,PARTIDO DEMOCRATICO SOMOS PERU,54,M,CASTELLANO
20313,ANCASH,BOLOGNESI,MANGAS,SIEMPRE UNIDOS,253,M,CASTELLANO
20315,ANCASH,BOLOGNESI,PACLLON,ALIANZA PARA EL PROGRESO,15,M,CASTELLANO
20315,ANCASH,BOLOGNESI,PACLLON,JUNTOS POR EL CAMBIO,41,M,CASTELLANO
20315,ANCASH,BOLOGNESI,PACLLON,MOVIMIENTO INDEPENDIENTE REGIONAL RIO SANTA CAUDALOSO,24,M,CASTELLANO
20315,ANCASH,BOLOGNESI,PACLLON,MOVIMIENTO REGIONAL EL MAICITO,303,M,CASTELLANO
20315,ANCASH,BOLOGNESI,PACLLON,PARTIDO DEMOCRATICO SOMOS PERU,41,M,CASTELLANO
20315,ANCASH,BOLOGNESI,PACLLON,SIEMPRE UNIDOS,256,M,CASTELLANO
20317,ANCASH,BOLOGNESI,SAN MIGUEL DE CORPANQUI,MOVIMIENTO INDEPENDIENTE REGIONAL RIO SANTA CAUDALOSO,112,M,CASTELLANO
20317,ANCASH,BOLOGNESI,SAN MIGUEL DE CORPANQUI,MOVIMIENTO REGIONAL EL MAICITO,83,M,CASTELLANO
20317,ANCASH,BOLOGNESI,SAN MIGUEL DE CORPANQUI,PARTIDO DEMOCRATICO SOMOS PERU,29,M,CASTELLANO
20320,ANCASH,BOLOGNESI,TICLLOS,ALIANZA PARA EL PROGRESO,25,M,CASTELLANO
20320,ANCASH,BOLOGNESI,TICLLOS,MOVIMIENTO ACCION NACIONALISTA PERUANO,8,M,CASTELLANO
20320,ANCASH,BOLOGNESI,TICLLOS,MOVIMIENTO INDEPENDIENTE REGIONAL RIO SANTA CAUDALOSO,37,M,CASTELLANO
20320,ANCASH,BOLOGNESI,TICLLOS,MOVIMIENTO REGIONAL EL MAICITO,85,M,CASTELLANO
20320,ANCASH,BOLOGNESI,TICLLOS,PARTIDO DEMOCRATICO SOMOS PERU,202,M,CASTELLANO
20320,ANCASH,BOLOGNESI,TICLLOS,SIEMPRE UNIDOS,70,M,CASTELLANO
20321,ANCASH,BOLOGNESI,ANTONIO RAYMONDI,ALIANZA PARA EL PROGRESO,23,M,AYMARA
20321,ANCASH,BOLOGNESI,ANTONIO RAYMONDI,MOVIMIENTO INDEPENDIENTE REGIONAL RIO SANTA CAUDALOSO,61,M,AYMARA
20321,ANCASH,BOLOGNESI,ANTONIO RAYMONDI,MOVIMIENTO REGIONAL ANDE - MAR,238,M,AYMARA
20321,ANCASH,BOLOGNESI,ANTONIO RAYMONDI,MOVIMIENTO REGIONAL EL MAICITO,144,M,AYMARA
20321,ANCASH,BOLOGNESI,ANTONIO RAYMONDI,PARTIDO DEMOCRATICO SOMOS PERU,115,M,AYMARA
20321,ANCASH,BOLOGNESI,ANTONIO RAYMONDI,SIEMPRE UNIDOS,480,M,AYMARA
20322,ANCASH,BOLOGNESI,CANIS,MOVIMIENTO INDEPENDIENTE REGIONAL RIO SANTA CAUDALOSO,57,M,CASTELLANO
20322,ANCASH,BOLOGNESI,CANIS,MOVIMIENTO REGIONAL EL MAICITO,15,M,CASTELLANO
20322,ANCASH,BOLOGNESI,CANIS,PARTIDO DEMOCRATICO SOMOS PERU,171,M,CASTELLANO
20322,ANCASH,BOLOGNESI,CANIS,SIEMPRE UNIDOS,119,M,CASTELLANO
20323,ANCASH,BOLOGNESI,COLQUIOC,MOVIMIENTO INDEPENDIENTE REGIONAL RIO SANTA CAUDALOSO,139,M,CASTELLANO
20323,ANCASH,BOLOGNESI,COLQUIOC,MOVIMIENTO REGIONAL EL MAICITO,273,M,CASTELLANO
20323,ANCASH,BOLOGNESI,COLQUIOC,PARTIDO DEMOCRATICO SOMOS PERU,295,M,CASTELLANO
20323,ANCASH,BOLOGNESI,COLQUIOC,SIEMPRE UNIDOS,604,M,CASTELLANO
20323,ANCASH,BOLOGNESI,COLQUIOC,UNION NACIONALISTA ANCASHINA,22,M,CASTELLANO
20324,ANCASH,BOLOGNESI,LA PRIMAVERA,ALIANZA PARA EL PROGRESO,8,M,QUECHUA
20324,ANCASH,BOLOGNESI,LA PRIMAVERA,MOVIMIENTO INDEPENDIENTE REGIONAL RIO SANTA CAUDALOSO,59,M,QUECHUA
20324,ANCASH,BOLOGNESI,LA PRIMAVERA,MOVIMIENTO REGIONAL ANDE - MAR,75,M,QUECHUA
20324,ANCASH,BOLOGNESI,LA PRIMAVERA,MOVIMIENTO REGIONAL EL MAICITO,59,M,QUECHUA
20324,ANCASH,BOLOGNESI,LA PRIMAVERA,PARTIDO DEMOCRATICO SOMOS PERU,20,M,QUECHUA
20324,ANCASH,BOLOGNESI,LA PRIMAVERA,PERU POSIBLE,48,M,QUECHUA
20324,ANCASH,BOLOGNESI,LA PRIMAVERA,SIEMPRE UNIDOS,49,M,QUECHUA
20325,ANCASH,BOLOGNESI,HUALLANCA,ALIANZA PARA EL PROGRESO,36,M,CASTELLANO
20325,ANCASH,BOLOGNESI,HUALLANCA,MOVIMIENTO ACCION NACIONALISTA PERUANO,40,M,CASTELLANO
20325,ANCASH,BOLOGNESI,HUALLANCA,MOVIMIENTO INDEPENDIENTE REGIONAL RIO SANTA CAUDALOSO,859,M,CASTELLANO
20325,ANCASH,BOLOGNESI,HUALLANCA,MOVIMIENTO REGIONAL ANDE - MAR,64,M,CASTELLANO
20325,ANCASH,BOLOGNESI,HUALLANCA,MOVIMIENTO REGIONAL EL MAICITO,41,M,CASTELLANO
20325,ANCASH,BOLOGNESI,HUALLANCA,PARTIDO DEMOCRATICO SOMOS PERU,1534,M,CASTELLANO
20325,ANCASH,BOLOGNESI,HUALLANCA,PERU POSIBLE,35,M,CASTELLANO
20325,ANCASH,BOLOGNESI,HUALLANCA,SIEMPRE UNIDOS,469,M,CASTELLANO
20402,ANCASH,CARHUAZ,ACOPAMPA,ALIANZA PARA EL PROGRESO,298,M,CASTELLANO
20402,ANCASH,CARHUAZ,ACOPAMPA,MOVIMIENTO ACCION NACIONALISTA PERUANO,201,M,CASTELLANO
20402,ANCASH,CARHUAZ,ACOPAMPA,MOVIMIENTO INDEPENDIENTE REGIONAL RIO SANTA CAUDALOSO,191,M,CASTELLANO
20402,ANCASH,CARHUAZ,ACOPAMPA,PARTIDO APRISTA PERUANO,151,M,CASTELLANO
20402,ANCASH,CARHUAZ,ACOPAMPA,PARTIDO DEMOCRATICO SOMOS PERU,133,M,CASTELLANO
20402,ANCASH,CARHUAZ,ACOPAMPA,PERU POSIBLE,308,M,CASTELLANO
20402,ANCASH,CARHUAZ,ACOPAMPA,UNION NACIONALISTA ANCASHINA,134,M,CASTELLANO
20402,ANCASH,CARHUAZ,ACOPAMPA,UNION POR EL PERU,14,M,CASTELLANO
20403,ANCASH,CARHUAZ,AMASHCA,MOVIMIENTO ACCION NACIONALISTA PERUANO,172,M,CASTELLANO
20403,ANCASH,CARHUAZ,AMASHCA,MOVIMIENTO INDEPENDIENTE REGIONAL PURO ANCASH,121,M,CASTELLANO
20403,ANCASH,CARHUAZ,AMASHCA,MOVIMIENTO INDEPENDIENTE REGIONAL RIO SANTA CAUDALOSO,100,M,CASTELLANO
20403,ANCASH,CARHUAZ,AMASHCA,MOVIMIENTO REGIONAL ANDE - MAR,453,M,CASTELLANO
20403,ANCASH,CARHUAZ,AMASHCA,PARTIDO DEMOCRATICO SOMOS PERU,209,M,CASTELLANO
20403,ANCASH,CARHUAZ,AMASHCA,SIEMPRE UNIDOS,0,M,CASTELLANO
20403,ANCASH,CARHUAZ,AMASHCA,UNION POR EL PERU,176,M,CASTELLANO
20404,ANCASH,CARHUAZ,ANTA,ALIANZA PARA EL PROGRESO,55,M,CASTELLANO
20404,ANCASH,CARHUAZ,ANTA,MOVIMIENTO ACCION NACIONALISTA PERUANO,830,M,CASTELLANO
20404,ANCASH,CARHUAZ,ANTA,MOVIMIENTO INDEPENDIENTE REGIONAL RIO SANTA CAUDALOSO,534,M,CASTELLANO
20404,ANCASH,CARHUAZ,ANTA,PARTIDO DEMOCRATICO SOMOS PERU,184,M,CASTELLANO
20404,ANCASH,CARHUAZ,ANTA,UNION POR EL PERU,10,M,CASTELLANO
20405,ANCASH,CARHUAZ,ATAQUERO,MOVIMIENTO ACCION NACIONALISTA PERUANO,217,M,CASTELLANO
20405,ANCASH,CARHUAZ,ATAQUERO,MOVIMIENTO INDEPENDIENTE REGIONAL RIO SANTA CAUDALOSO,487,M,CASTELLANO
20405,ANCASH,CARHUAZ,ATAQUERO,MOVIMIENTO REGIONAL ANDE - MAR,180,M,CASTELLANO
20405,ANCASH,CARHUAZ,ATAQUERO,PARTIDO DEMOCRATICO SOMOS PERU,336,M,CASTELLANO
20406,ANCASH,CARHUAZ,MARCARA,ALIANZA PARA EL PROGRESO,1161,M,CASTELLANO
20406,ANCASH,CARHUAZ,MARCARA,MOVIMIENTO ACCION NACIONALISTA PERUANO,1338,M,CASTELLANO
20406,ANCASH,CARHUAZ,MARCARA,MOVIMIENTO INDEPENDIENTE REGIONAL RIO SANTA CAUDALOSO,1364,M,CASTELLANO
20406,ANCASH,CARHUAZ,MARCARA,MOVIMIENTO REGIONAL ANDE - MAR,399,M,CASTELLANO
20406,ANCASH,CARHUAZ,MARCARA,PARTIDO DEMOCRATICO SOMOS PERU,1284,M,CASTELLANO
20407,ANCASH,CARHUAZ,PARIAHUANCA,MOVIMIENTO ACCION NACIONALISTA PERUANO,346,M,CASTELLANO
20407,ANCASH,CARHUAZ,PARIAHUANCA,MOVIMIENTO INDEPENDIENTE REGIONAL RIO SANTA CAUDALOSO,226,M,CASTELLANO
20407,ANCASH,CARHUAZ,PARIAHUANCA,MOVIMIENTO REGIONAL ANDE - MAR,132,M,CASTELLANO
20407,ANCASH,CARHUAZ,PARIAHUANCA,PARTIDO DEMOCRATICO SOMOS PERU,31,M,CASTELLANO
20407,ANCASH,CARHUAZ,PARIAHUANCA,UNION POR EL PERU,299,M,CASTELLANO
20408,ANCASH,CARHUAZ,SAN MIGUEL DE ACO,MOVIMIENTO ACCION NACIONALISTA PERUANO,438,M,CASTELLANO
20408,ANCASH,CARHUAZ,SAN MIGUEL DE ACO,MOVIMIENTO REGIONAL ANDE - MAR,255,M,CASTELLANO
20408,ANCASH,CARHUAZ,SAN MIGUEL DE ACO,PARTIDO DEMOCRATICO SOMOS PERU,527,M,CASTELLANO
20408,ANCASH,CARHUAZ,SAN MIGUEL DE ACO,UNION POR EL PERU,181,M,CASTELLANO
20409,ANCASH,CARHUAZ,SHILLA,ALIANZA PARA EL PROGRESO,98,M,CASTELLANO
20409,ANCASH,CARHUAZ,SHILLA,MOVIMIENTO ACCION NACIONALISTA PERUANO,1195,M,CASTELLANO
20409,ANCASH,CARHUAZ,SHILLA,MOVIMIENTO INDEPENDIENTE REGIONAL RIO SANTA CAUDALOSO,796,M,CASTELLANO
20409,ANCASH,CARHUAZ,SHILLA,MOVIMIENTO REGIONAL ANDE - MAR,239,M,CASTELLANO
20409,ANCASH,CARHUAZ,SHILLA,PARTIDO DEMOCRATICO SOMOS PERU,67,M,CASTELLANO
20410,ANCASH,CARHUAZ,TINCO,MOVIMIENTO ACCION NACIONALISTA PERUANO,253,M,CASTELLANO
20410,ANCASH,CARHUAZ,TINCO,MOVIMIENTO INDEPENDIENTE REGIONAL RIO SANTA CAUDALOSO,447,M,CASTELLANO
20410,ANCASH,CARHUAZ,TINCO,MOVIMIENTO REGIONAL ANDE - MAR,297,M,CASTELLANO
20410,ANCASH,CARHUAZ,TINCO,PARTIDO DEMOCRATICO SOMOS PERU,248,M,CASTELLANO
20410,ANCASH,CARHUAZ,TINCO,SIEMPRE UNIDOS,529,M,CASTELLANO
20410,ANCASH,CARHUAZ,TINCO,UNION POR EL PERU,10,M,CASTELLANO
20411,ANCASH,CARHUAZ,YUNGAR,ALIANZA PARA EL PROGRESO,481,M,CASTELLANO
20411,ANCASH,CARHUAZ,YUNGAR,MOVIMIENTO ACCION NACIONALISTA PERUANO,629,M,CASTELLANO
20411,ANCASH,CARHUAZ,YUNGAR,MOVIMIENTO INDEPENDIENTE REGIONAL RIO SANTA CAUDALOSO,123,M,CASTELLANO
20411,ANCASH,CARHUAZ,YUNGAR,PARTIDO DEMOCRATICO SOMOS PERU,626,M,CASTELLANO
20502,ANCASH,CASMA,BUENA VISTA ALTA,ALIANZA PARA EL PROGRESO,543,M,CASTELLANO
20502,ANCASH,CASMA,BUENA VISTA ALTA,JUNTOS POR EL CAMBIO,36,M,CASTELLANO
20502,ANCASH,CASMA,BUENA VISTA ALTA,MOVIMIENTO ACCION NACIONALISTA PERUANO,20,M,CASTELLANO
20502,ANCASH,CASMA,BUENA VISTA ALTA,MOVIMIENTO INDEPENDIENTE REGIONAL PURO ANCASH,177,M,CASTELLANO
20502,ANCASH,CASMA,BUENA VISTA ALTA,MOVIMIENTO INDEPENDIENTE REGIONAL RIO SANTA CAUDALOSO,565,M,CASTELLANO
20502,ANCASH,CASMA,BUENA VISTA ALTA,MOVIMIENTO REGIONAL ANDE - MAR,240,M,CASTELLANO
20502,ANCASH,CASMA,BUENA VISTA ALTA,PARTIDO APRISTA PERUANO,36,M,CASTELLANO
20502,ANCASH,CASMA,BUENA VISTA ALTA,PARTIDO DEMOCRATICO SOMOS PERU,446,M,CASTELLANO
20502,ANCASH,CASMA,BUENA VISTA ALTA,PARTIDO HUMANISTA PERUANO,59,M,CASTELLANO
20502,ANCASH,CASMA,BUENA VISTA ALTA,SIEMPRE UNIDOS,184,M,CASTELLANO
20502,ANCASH,CASMA,BUENA VISTA ALTA,UNION NACIONALISTA ANCASHINA,11,M,CASTELLANO
20502,ANCASH,CASMA,BUENA VISTA ALTA,UNION POR EL PERU,64,M,CASTELLANO
20503,ANCASH,CASMA,COMANDANTE NOEL,ALIANZA PARA EL PROGRESO,283,M,CASTELLANO
20503,ANCASH,CASMA,COMANDANTE NOEL,JUNTOS POR EL CAMBIO,4,M,CASTELLANO
20503,ANCASH,CASMA,COMANDANTE NOEL,MOVIMIENTO ACCION NACIONALISTA PERUANO,31,M,CASTELLANO
20503,ANCASH,CASMA,COMANDANTE NOEL,MOVIMIENTO INDEPENDIENTE REGIONAL PURO ANCASH,37,M,CASTELLANO
20503,ANCASH,CASMA,COMANDANTE NOEL,MOVIMIENTO REGIONAL ANDE - MAR,55,M,CASTELLANO
20503,ANCASH,CASMA,COMANDANTE NOEL,MOVIMIENTO REGIONAL EL MAICITO,88,M,CASTELLANO
20503,ANCASH,CASMA,COMANDANTE NOEL,PARTIDO APRISTA PERUANO,27,M,CASTELLANO
20503,ANCASH,CASMA,COMANDANTE NOEL,PARTIDO DEMOCRATICO SOMOS PERU,559,M,CASTELLANO
20503,ANCASH,CASMA,COMANDANTE NOEL,PARTIDO HUMANISTA PERUANO,15,M,CASTELLANO
20503,ANCASH,CASMA,COMANDANTE NOEL,SIEMPRE UNIDOS,347,M,CASTELLANO
20503,ANCASH,CASMA,COMANDANTE NOEL,UNION NACIONALISTA ANCASHINA,5,M,CASTELLANO
20505,ANCASH,CASMA,YAUTAN,ALIANZA PARA EL PROGRESO,1302,M,CASTELLANO
20505,ANCASH,CASMA,YAUTAN,JUNTOS POR EL CAMBIO,27,M,CASTELLANO
20505,ANCASH,CASMA,YAUTAN,MOVIMIENTO ACCION NACIONALISTA PERUANO,12,M,CASTELLANO
20505,ANCASH,CASMA,YAUTAN,MOVIMIENTO INDEPENDIENTE REGIONAL PURO ANCASH,1482,M,CASTELLANO
20505,ANCASH,CASMA,YAUTAN,MOVIMIENTO INDEPENDIENTE REGIONAL RIO SANTA CAUDALOSO,1115,M,CASTELLANO
20505,ANCASH,CASMA,YAUTAN,PARTIDO APRISTA PERUANO,17,M,CASTELLANO
20505,ANCASH,CASMA,YAUTAN,PARTIDO DEMOCRATICO SOMOS PERU,153,M,CASTELLANO
20505,ANCASH,CASMA,YAUTAN,PARTIDO HUMANISTA PERUANO,52,M,CASTELLANO
20505,ANCASH,CASMA,YAUTAN,SIEMPRE UNIDOS,14,M,CASTELLANO
20505,ANCASH,CASMA,YAUTAN,UNION NACIONALISTA ANCASHINA,8,M,CASTELLANO
20602,ANCASH,CORONGO,ACO,MOVIMIENTO INDEPENDIENTE REGIONAL RIO SANTA CAUDALOSO,149,M,CASTELLANO
20602,ANCASH,CORONGO,ACO,PARTIDO DEMOCRATICO SOMOS PERU,184,M,CASTELLANO
20603,ANCASH,CORONGO,BAMBAS,ALIANZA PARA EL PROGRESO,48,M,CASTELLANO
20603,ANCASH,CORONGO,BAMBAS,JUNTOS POR EL CAMBIO,85,M,CASTELLANO
20603,ANCASH,CORONGO,BAMBAS,MOVIMIENTO ACCION NACIONALISTA PERUANO,57,M,CASTELLANO
20603,ANCASH,CORONGO,BAMBAS,MOVIMIENTO INDEPENDIENTE REGIONAL RIO SANTA CAUDALOSO,87,M,CASTELLANO
20603,ANCASH,CORONGO,BAMBAS,PARTIDO DEMOCRATICO SOMOS PERU,23,M,CASTELLANO
20604,ANCASH,CORONGO,CUSCA,MOVIMIENTO INDEPENDIENTE REGIONAL RIO SANTA CAUDALOSO,557,M,AYMARA
20604,ANCASH,CORONGO,CUSCA,MOVIMIENTO REGIONAL ANDE - MAR,688,M,AYMARA
20604,ANCASH,CORONGO,CUSCA,PARTIDO DEMOCRATICO SOMOS PERU,280,M,AYMARA
20605,ANCASH,CORONGO,LA PAMPA,ALIANZA PARA EL PROGRESO,310,M,CASTELLANO
20605,ANCASH,CORONGO,LA PAMPA,JUNTOS POR EL CAMBIO,54,M,CASTELLANO
20605,ANCASH,CORONGO,LA PAMPA,PARTIDO DEMOCRATICO SOMOS PERU,262,M,CASTELLANO
20605,ANCASH,CORONGO,LA PAMPA,SIEMPRE UNIDOS,39,M,CASTELLANO
20606,ANCASH,CORONGO,YANAC,MOVIMIENTO INDEPENDIENTE REGIONAL RIO SANTA CAUDALOSO,99,M,CASTELLANO
20606,ANCASH,CORONGO,YANAC,MOVIMIENTO REGIONAL ANDE - MAR,69,M,CASTELLANO
20606,ANCASH,CORONGO,YANAC,PARTIDO DEMOCRATICO SOMOS PERU,283,M,CASTELLANO
20607,ANCASH,CORONGO,YUPAN,MOVIMIENTO INDEPENDIENTE REGIONAL RIO SANTA CAUDALOSO,158,M,CASTELLANO
20607,ANCASH,CORONGO,YUPAN,PARTIDO DEMOCRATICO SOMOS PERU,123,M,CASTELLANO
20702,ANCASH,HUAYLAS,HUALLANCA,ALIANZA HORA CERO FUERZA POPULAR,49,M,CASTELLANO
20702,ANCASH,HUAYLAS,HUALLANCA,ALIANZA PARA EL PROGRESO,187,M,CASTELLANO
20702,ANCASH,HUAYLAS,HUALLANCA,JUNTOS POR EL CAMBIO,136,M,CASTELLANO
20702,ANCASH,HUAYLAS,HUALLANCA,MOVIMIENTO ACCION NACIONALISTA PERUANO,86,M,CASTELLANO
20702,ANCASH,HUAYLAS,HUALLANCA,MOVIMIENTO REGIONAL ANDE - MAR,18,M,CASTELLANO
20702,ANCASH,HUAYLAS,HUALLANCA,MOVIMIENTO REGIONAL EL MAICITO,158,M,CASTELLANO
20702,ANCASH,HUAYLAS,HUALLANCA,UNION POR EL PERU,11,M,CASTELLANO
20703,ANCASH,HUAYLAS,HUATA,ALIANZA HORA CERO FUERZA POPULAR,38,M,CASTELLANO
20703,ANCASH,HUAYLAS,HUATA,ALIANZA PARA EL PROGRESO,147,M,CASTELLANO
20703,ANCASH,HUAYLAS,HUATA,JUNTOS POR EL CAMBIO,36,M,CASTELLANO
20703,ANCASH,HUAYLAS,HUATA,MOVIMIENTO INDEPENDIENTE REGIONAL RIO SANTA CAUDALOSO,98,M,CASTELLANO
20703,ANCASH,HUAYLAS,HUATA,MOVIMIENTO REGIONAL ANDE - MAR,134,M,CASTELLANO
20703,ANCASH,HUAYLAS,HUATA,MOVIMIENTO REGIONAL EL MAICITO,111,M,CASTELLANO
20703,ANCASH,HUAYLAS,HUATA,UNION POR EL PERU,275,M,CASTELLANO
20704,ANCASH,HUAYLAS,HUAYLAS,ACCION POPULAR,202,M,CASTELLANO
20704,ANCASH,HUAYLAS,HUAYLAS,MOVIMIENTO ACCION NACIONALISTA PERUANO,116,M,CASTELLANO
20704,ANCASH,HUAYLAS,HUAYLAS,MOVIMIENTO INDEPENDIENTE REGIONAL RIO SANTA CAUDALOSO,663,M,CASTELLANO
20704,ANCASH,HUAYLAS,HUAYLAS,UNION POR EL PERU,30,M,CASTELLANO
20705,ANCASH,HUAYLAS,MATO,ACCION POPULAR,41,M,CASTELLANO
20705,ANCASH,HUAYLAS,MATO,ALIANZA PARA EL PROGRESO,28,M,CASTELLANO
20705,ANCASH,HUAYLAS,MATO,JUNTOS POR EL CAMBIO,208,M,CASTELLANO
20705,ANCASH,HUAYLAS,MATO,MOVIMIENTO ACCION NACIONALISTA PERUANO,78,M,CASTELLANO
20705,ANCASH,HUAYLAS,MATO,MOVIMIENTO INDEPENDIENTE REGIONAL RIO SANTA CAUDALOSO,91,M,CASTELLANO
20705,ANCASH,HUAYLAS,MATO,MOVIMIENTO REGIONAL ANDE - MAR,440,M,CASTELLANO
20705,ANCASH,HUAYLAS,MATO,SIEMPRE UNIDOS,65,M,CASTELLANO
20705,ANCASH,HUAYLAS,MATO,UNION POR EL PERU,259,M,CASTELLANO
20706,ANCASH,HUAYLAS,PAMPAROMAS,ACCION POPULAR,143,M,CASTELLANO
20706,ANCASH,HUAYLAS,PAMPAROMAS,ALIANZA HORA CERO FUERZA POPULAR,723,M,CASTELLANO
20706,ANCASH,HUAYLAS,PAMPAROMAS,ALIANZA PARA EL PROGRESO,1384,M,CASTELLANO
20706,ANCASH,HUAYLAS,PAMPAROMAS,DEMOCRACIA DIRECTA,1,M,CASTELLANO
20706,ANCASH,HUAYLAS,PAMPAROMAS,MOVIMIENTO ACCION NACIONALISTA PERUANO,383,M,CASTELLANO
20706,ANCASH,HUAYLAS,PAMPAROMAS,MOVIMIENTO INDEPENDIENTE REGIONAL RIO SANTA CAUDALOSO,117,M,CASTELLANO
20706,ANCASH,HUAYLAS,PAMPAROMAS,MOVIMIENTO REGIONAL EL MAICITO,466,M,CASTELLANO
20706,ANCASH,HUAYLAS,PAMPAROMAS,UNION NACIONALISTA ANCASHINA,88,M,CASTELLANO
20706,ANCASH,HUAYLAS,PAMPAROMAS,UNION POR EL PERU,325,M,CASTELLANO
20707,ANCASH,HUAYLAS,PUEBLO LIBRE,ACCION POPULAR,375,M,CASTELLANO
20707,ANCASH,HUAYLAS,PUEBLO LIBRE,ALIANZA HORA CERO FUERZA POPULAR,74,M,CASTELLANO
20707,ANCASH,HUAYLAS,PUEBLO LIBRE,ALIANZA PARA EL PROGRESO,482,M,CASTELLANO
20707,ANCASH,HUAYLAS,PUEBLO LIBRE,JUNTOS POR EL CAMBIO,150,M,CASTELLANO
20707,ANCASH,HUAYLAS,PUEBLO LIBRE,MOVIMIENTO ACCION NACIONALISTA PERUANO,65,M,CASTELLANO
20707,ANCASH,HUAYLAS,PUEBLO LIBRE,MOVIMIENTO INDEPENDIENTE REGIONAL PURO ANCASH,209,M,CASTELLANO
20707,ANCASH,HUAYLAS,PUEBLO LIBRE,MOVIMIENTO INDEPENDIENTE REGIONAL RIO SANTA CAUDALOSO,816,M,CASTELLANO
20707,ANCASH,HUAYLAS,PUEBLO LIBRE,MOVIMIENTO REGIONAL ANDE - MAR,445,M,CASTELLANO
20707,ANCASH,HUAYLAS,PUEBLO LIBRE,MOVIMIENTO REGIONAL EL MAICITO,642,M,CASTELLANO
20707,ANCASH,HUAYLAS,PUEBLO LIBRE,PARTIDO POPULAR CRISTIANO - PPC,212,M,CASTELLANO
20707,ANCASH,HUAYLAS,PUEBLO LIBRE,RENOVACION ANCASHINA,92,M,CASTELLANO
20707,ANCASH,HUAYLAS,PUEBLO LIBRE,UNION NACIONALISTA ANCASHINA,79,M,CASTELLANO
20707,ANCASH,HUAYLAS,PUEBLO LIBRE,UNION POR EL PERU,274,M,CASTELLANO
20708,ANCASH,HUAYLAS,SANTA CRUZ,ALIANZA PARA EL PROGRESO,148,M,CASTELLANO
20708,ANCASH,HUAYLAS,SANTA CRUZ,JUNTOS POR EL CAMBIO,116,M,CASTELLANO
20708,ANCASH,HUAYLAS,SANTA CRUZ,MOVIMIENTO ACCION NACIONALISTA PERUANO,495,M,CASTELLANO
20708,ANCASH,HUAYLAS,SANTA CRUZ,MOVIMIENTO INDEPENDIENTE REGIONAL PURO ANCASH,6,M,CASTELLANO
20708,ANCASH,HUAYLAS,SANTA CRUZ,MOVIMIENTO INDEPENDIENTE REGIONAL RIO SANTA CAUDALOSO,284,M,CASTELLANO
20708,ANCASH,HUAYLAS,SANTA CRUZ,MOVIMIENTO REGIONAL ANDE - MAR,163,M,CASTELLANO
20708,ANCASH,HUAYLAS,SANTA CRUZ,MOVIMIENTO REGIONAL EL MAICITO,97,M,CASTELLANO
20708,ANCASH,HUAYLAS,SANTA CRUZ,RENOVACION ANCASHINA,137,M,CASTELLANO
20708,ANCASH,HUAYLAS,SANTA CRUZ,UNION POR EL PERU,401,M,CASTELLANO
20709,ANCASH,HUAYLAS,YURACMARCA,ALIANZA PARA EL PROGRESO,55,M,CASTELLANO
20709,ANCASH,HUAYLAS,YURACMARCA,MOVIMIENTO ACCION NACIONALISTA PERUANO,428,M,CASTELLANO
20709,ANCASH,HUAYLAS,YURACMARCA,MOVIMIENTO INDEPENDIENTE REGIONAL RIO SANTA CAUDALOSO,243,M,CASTELLANO
20709,ANCASH,HUAYLAS,YURACMARCA,MOVIMIENTO REGIONAL ANDE - MAR,7,M,CASTELLANO
20709,ANCASH,HUAYLAS,YURACMARCA,MOVIMIENTO REGIONAL EL MAICITO,419,M,CASTELLANO
20710,ANCASH,HUAYLAS,SANTO TORIBIO,ACCION POPULAR,58,M,CASTELLANO
20710,ANCASH,HUAYLAS,SANTO TORIBIO,ALIANZA HORA CERO FUERZA POPULAR,36,M,CASTELLANO
20710,ANCASH,HUAYLAS,SANTO TORIBIO,MOVIMIENTO ACCION NACIONALISTA PERUANO,184,M,CASTELLANO
20710,ANCASH,HUAYLAS,SANTO TORIBIO,MOVIMIENTO REGIONAL EL MAICITO,121,M,CASTELLANO
20710,ANCASH,HUAYLAS,SANTO TORIBIO,SIEMPRE UNIDOS,60,M,CASTELLANO
20710,ANCASH,HUAYLAS,SANTO TORIBIO,UNION POR EL PERU,148,M,CASTELLANO
20802,ANCASH,HUARI,CAJAY,ALIANZA PARA EL PROGRESO,582,M,CASTELLANO
20802,ANCASH,HUARI,CAJAY,MOVIMIENTO ACCION NACIONALISTA PERUANO,27,M,CASTELLANO
20802,ANCASH,HUARI,CAJAY,MOVIMIENTO INDEPENDIENTE REGIONAL PURO ANCASH,38,M,CASTELLANO
20802,ANCASH,HUARI,CAJAY,MOVIMIENTO REGIONAL EL MAICITO,393,M,CASTELLANO
20802,ANCASH,HUARI,CAJAY,PARTIDO DEMOCRATICO SOMOS PERU,106,M,CASTELLANO
20802,ANCASH,HUARI,CAJAY,RESTAURACION NACIONAL,358,M,CASTELLANO
20802,ANCASH,HUARI,CAJAY,UNION POR EL PERU,558,M,CASTELLANO
20803,ANCASH,HUARI,CHAVIN DE HUANTAR,ALIANZA PARA EL PROGRESO,412,M,CASTELLANO
20803,ANCASH,HUARI,CHAVIN DE HUANTAR,DEMOCRACIA DIRECTA,73,M,CASTELLANO
20803,ANCASH,HUARI,CHAVIN DE HUANTAR,JUNTOS POR EL CAMBIO,83,M,CASTELLANO
20803,ANCASH,HUARI,CHAVIN DE HUANTAR,MOVIMIENTO ACCION NACIONALISTA PERUANO,1231,M,CASTELLANO
20803,ANCASH,HUARI,CHAVIN DE HUANTAR,MOVIMIENTO INDEPENDIENTE REGIONAL PURO ANCASH,532,M,CASTELLANO
20803,ANCASH,HUARI,CHAVIN DE HUANTAR,MOVIMIENTO INDEPENDIENTE REGIONAL RIO SANTA CAUDALOSO,191,M,CASTELLANO
20803,ANCASH,HUARI,CHAVIN DE HUANTAR,MOVIMIENTO REGIONAL ANDE - MAR,79,M,CASTELLANO
20803,ANCASH,HUARI,CHAVIN DE HUANTAR,MOVIMIENTO REGIONAL EL MAICITO,285,M,CASTELLANO
20803,ANCASH,HUARI,CHAVIN DE HUANTAR,PARTIDO DEMOCRATICO SOMOS PERU,874,M,CASTELLANO
20803,ANCASH,HUARI,CHAVIN DE HUANTAR,SIEMPRE UNIDOS,89,M,CASTELLANO
20803,ANCASH,HUARI,CHAVIN DE HUANTAR,UNION NACIONALISTA ANCASHINA,2,M,CASTELLANO
20803,ANCASH,HUARI,CHAVIN DE HUANTAR,UNION POR EL PERU,260,M,CASTELLANO
20804,ANCASH,HUARI,HUACACHI,ACCION POPULAR,3,M,CASTELLANO
20804,ANCASH,HUARI,HUACACHI,ALIANZA PARA EL PROGRESO,574,M,CASTELLANO
20804,ANCASH,HUARI,HUACACHI,MOVIMIENTO ACCION NACIONALISTA PERUANO,7,M,CASTELLANO
20804,ANCASH,HUARI,HUACACHI,MOVIMIENTO INDEPENDIENTE REGIONAL PURO ANCASH,43,M,CASTELLANO
20804,ANCASH,HUARI,HUACACHI,MOVIMIENTO INDEPENDIENTE REGIONAL RIO SANTA CAUDALOSO,112,M,CASTELLANO
20804,ANCASH,HUARI,HUACACHI,PARTIDO DEMOCRATICO SOMOS PERU,383,M,CASTELLANO
20804,ANCASH,HUARI,HUACACHI,SIEMPRE UNIDOS,120,M,CASTELLANO
20804,ANCASH,HUARI,HUACACHI,UNION POR EL PERU,389,M,CASTELLANO
20805,ANCASH,HUARI,HUACHIS,ACCION POPULAR,90,M,CASTELLANO
20805,ANCASH,HUARI,HUACHIS,ALIANZA HORA CERO FUERZA POPULAR,99,M,CASTELLANO
20805,ANCASH,HUARI,HUACHIS,ALIANZA PARA EL PROGRESO,165,M,CASTELLANO
20805,ANCASH,HUARI,HUACHIS,DEMOCRACIA DIRECTA,108,M,CASTELLANO
20805,ANCASH,HUARI,HUACHIS,MOVIMIENTO ACCION NACIONALISTA PERUANO,346,M,CASTELLANO
20805,ANCASH,HUARI,HUACHIS,MOVIMIENTO INDEPENDIENTE REGIONAL PURO ANCASH,39,M,CASTELLANO
20805,ANCASH,HUARI,HUACHIS,MOVIMIENTO INDEPENDIENTE REGIONAL RIO SANTA CAUDALOSO,11,M,CASTELLANO
20805,ANCASH,HUARI,HUACHIS,MOVIMIENTO REGIONAL EL MAICITO,38,M,CASTELLANO
20805,ANCASH,HUARI,HUACHIS,PARTIDO DEMOCRATICO SOMOS PERU,956,M,CASTELLANO
20805,ANCASH,HUARI,HUACHIS,SIEMPRE UNIDOS,40,M,CASTELLANO
20805,ANCASH,HUARI,HUACHIS,UNION POR EL PERU,867,M,CASTELLANO
20806,ANCASH,HUARI,HUACCHIS,ALIANZA PARA EL PROGRESO,310,M,CASTELLANO
20806,ANCASH,HUARI,HUACCHIS,JUNTOS POR EL CAMBIO,129,M,CASTELLANO
20806,ANCASH,HUARI,HUACCHIS,MOVIMIENTO INDEPENDIENTE REGIONAL PURO ANCASH,73,M,CASTELLANO
20806,ANCASH,HUARI,HUACCHIS,MOVIMIENTO INDEPENDIENTE REGIONAL RIO SANTA CAUDALOSO,35,M,CASTELLANO
20806,ANCASH,HUARI,HUACCHIS,PARTIDO DEMOCRATICO SOMOS PERU,413,M,CASTELLANO
20806,ANCASH,HUARI,HUACCHIS,UNION POR EL PERU,322,M,CASTELLANO
20807,ANCASH,HUARI,HUANTAR,ALIANZA PARA EL PROGRESO,320,M,CASTELLANO
20807,ANCASH,HUARI,HUANTAR,MOVIMIENTO ACCION NACIONALISTA PERUANO,442,M,CASTELLANO
20807,ANCASH,HUARI,HUANTAR,MOVIMIENTO INDEPENDIENTE REGIONAL PURO ANCASH,237,M,CASTELLANO
20807,ANCASH,HUARI,HUANTAR,MOVIMIENTO REGIONAL EL MAICITO,244,M,CASTELLANO
20807,ANCASH,HUARI,HUANTAR,PARTIDO DEMOCRATICO SOMOS PERU,30,M,CASTELLANO
20807,ANCASH,HUARI,HUANTAR,RESTAURACION NACIONAL,55,M,CASTELLANO
20807,ANCASH,HUARI,HUANTAR,SIEMPRE UNIDOS,32,M,CASTELLANO
20807,ANCASH,HUARI,HUANTAR,UNION POR EL PERU,579,M,CASTELLANO
20808,ANCASH,HUARI,MASIN,ALIANZA PARA EL PROGRESO,226,F,CASTELLANO
20808,ANCASH,HUARI,MASIN,MOVIMIENTO ACCION NACIONALISTA PERUANO,429,F,CASTELLANO
20808,ANCASH,HUARI,MASIN,MOVIMIENTO INDEPENDIENTE REGIONAL PURO ANCASH,12,F,CASTELLANO
20808,ANCASH,HUARI,MASIN,MOVIMIENTO REGIONAL EL MAICITO,185,F,CASTELLANO
20808,ANCASH,HUARI,MASIN,PARTIDO DEMOCRATICO SOMOS PERU,105,F,CASTELLANO
20808,ANCASH,HUARI,MASIN,PERU POSIBLE,40,F,CASTELLANO
20808,ANCASH,HUARI,MASIN,RESTAURACION NACIONAL,29,F,CASTELLANO
20808,ANCASH,HUARI,MASIN,SIEMPRE UNIDOS,32,F,CASTELLANO
20808,ANCASH,HUARI,MASIN,UNION POR EL PERU,265,F,CASTELLANO
20809,ANCASH,HUARI,PAUCAS,MOVIMIENTO ACCION NACIONALISTA PERUANO,356,M,CASTELLANO
20809,ANCASH,HUARI,PAUCAS,MOVIMIENTO INDEPENDIENTE REGIONAL PURO ANCASH,418,M,CASTELLANO
20809,ANCASH,HUARI,PAUCAS,PARTIDO DEMOCRATICO SOMOS PERU,278,M,CASTELLANO
20809,ANCASH,HUARI,PAUCAS,UNION POR EL PERU,821,M,CASTELLANO
20810,ANCASH,HUARI,PONTO,ALIANZA PARA EL PROGRESO,686,M,CASTELLANO
20810,ANCASH,HUARI,PONTO,MOVIMIENTO INDEPENDIENTE REGIONAL PURO ANCASH,33,M,CASTELLANO
20810,ANCASH,HUARI,PONTO,MOVIMIENTO REGIONAL EL MAICITO,472,M,CASTELLANO
20810,ANCASH,HUARI,PONTO,PARTIDO DEMOCRATICO SOMOS PERU,396,M,CASTELLANO
20810,ANCASH,HUARI,PONTO,UNION POR EL PERU,1093,M,CASTELLANO
20811,ANCASH,HUARI,RAHUAPAMPA,ALIANZA PARA EL PROGRESO,55,M,CASTELLANO
20811,ANCASH,HUARI,RAHUAPAMPA,MOVIMIENTO REGIONAL EL MAICITO,15,M,CASTELLANO
20811,ANCASH,HUARI,RAHUAPAMPA,PARTIDO DEMOCRATICO SOMOS PERU,317,M,CASTELLANO
20811,ANCASH,HUARI,RAHUAPAMPA,UNION POR EL PERU,287,M,CASTELLANO
20812,ANCASH,HUARI,RAPAYAN,ALIANZA PARA EL PROGRESO,505,M,CASTELLANO
20812,ANCASH,HUARI,RAPAYAN,MOVIMIENTO ACCION NACIONALISTA PERUANO,86,M,CASTELLANO
20812,ANCASH,HUARI,RAPAYAN,MOVIMIENTO INDEPENDIENTE REGIONAL PURO ANCASH,74,M,CASTELLANO
20812,ANCASH,HUARI,RAPAYAN,PARTIDO DEMOCRATICO SOMOS PERU,235,M,CASTELLANO
20812,ANCASH,HUARI,RAPAYAN,UNION POR EL PERU,540,M,CASTELLANO
20813,ANCASH,HUARI,SAN MARCOS,ACCION POPULAR,19,M,CASTELLANO
20813,ANCASH,HUARI,SAN MARCOS,ALIANZA PARA EL PROGRESO,224,M,CASTELLANO
20813,ANCASH,HUARI,SAN MARCOS,DEMOCRACIA DIRECTA,129,M,CASTELLANO
20813,ANCASH,HUARI,SAN MARCOS,MOVIMIENTO ACCION NACIONALISTA PERUANO,1560,M,CASTELLANO
20813,ANCASH,HUARI,SAN MARCOS,MOVIMIENTO INDEPENDIENTE REGIONAL PURO ANCASH,256,M,CASTELLANO
20813,ANCASH,HUARI,SAN MARCOS,MOVIMIENTO INDEPENDIENTE REGIONAL RIO SANTA CAUDALOSO,15,M,CASTELLANO
20813,ANCASH,HUARI,SAN MARCOS,MOVIMIENTO REGIONAL ANDE - MAR,124,M,CASTELLANO
20813,ANCASH,HUARI,SAN MARCOS,MOVIMIENTO REGIONAL EL MAICITO,1678,M,CASTELLANO
20813,ANCASH,HUARI,SAN MARCOS,MOVIMIENTO TODOS POR EL CAMBIO,23,M,CASTELLANO
20813,ANCASH,HUARI,SAN MARCOS,PARTIDO DEMOCRATICO SOMOS PERU,2074,M,CASTELLANO
20813,ANCASH,HUARI,SAN MARCOS,PERU POSIBLE,19,M,CASTELLANO
20813,ANCASH,HUARI,SAN MARCOS,RENOVACION ANCASHINA,82,M,CASTELLANO
20813,ANCASH,HUARI,SAN MARCOS,RESTAURACION NACIONAL,124,M,CASTELLANO
20813,ANCASH,HUARI,SAN MARCOS,SIEMPRE UNIDOS,1842,M,CASTELLANO
20813,ANCASH,HUARI,SAN MARCOS,UNIDOS POR SAN MARCOS HACIA EL DESARROLLO,32,M,CASTELLANO
20813,ANCASH,HUARI,SAN MARCOS,UNION NACIONALISTA ANCASHINA,40,M,CASTELLANO
20813,ANCASH,HUARI,SAN MARCOS,UNION POR EL PERU,2316,M,CASTELLANO
20814,ANCASH,HUARI,SAN PEDRO DE CHANA,ALIANZA PARA EL PROGRESO,281,M,CASTELLANO
20814,ANCASH,HUARI,SAN PEDRO DE CHANA,MOVIMIENTO ACCION NACIONALISTA PERUANO,351,M,CASTELLANO
20814,ANCASH,HUARI,SAN PEDRO DE CHANA,PARTIDO APRISTA PERUANO,0,M,CASTELLANO
20814,ANCASH,HUARI,SAN PEDRO DE CHANA,PARTIDO DEMOCRATICO SOMOS PERU,368,M,CASTELLANO
20814,ANCASH,HUARI,SAN PEDRO DE CHANA,RESTAURACION NACIONAL,124,M,CASTELLANO
20814,ANCASH,HUARI,SAN PEDRO DE CHANA,SIEMPRE UNIDOS,60,M,CASTELLANO
20814,ANCASH,HUARI,SAN PEDRO DE CHANA,UNION POR EL PERU,452,M,CASTELLANO
20815,ANCASH,HUARI,UCO,ALIANZA PARA EL PROGRESO,46,M,CASTELLANO
20815,ANCASH,HUARI,UCO,DEMOCRACIA DIRECTA,22,M,CASTELLANO
20815,ANCASH,HUARI,UCO,MOVIMIENTO ACCION NACIONALISTA PERUANO,140,M,CASTELLANO
20815,ANCASH,HUARI,UCO,MOVIMIENTO INDEPENDIENTE REGIONAL PURO ANCASH,10,M,CASTELLANO
20815,ANCASH,HUARI,UCO,MOVIMIENTO REGIONAL EL MAICITO,173,M,CASTELLANO
20815,ANCASH,HUARI,UCO,PARTIDO DEMOCRATICO SOMOS PERU,569,M,CASTELLANO
20815,ANCASH,HUARI,UCO,PARTIDO POPULAR CRISTIANO - PPC,20,M,CASTELLANO
20815,ANCASH,HUARI,UCO,SIEMPRE UNIDOS,11,M,CASTELLANO
20815,ANCASH,HUARI,UCO,UNION POR EL PERU,254,M,CASTELLANO
20816,ANCASH,HUARI,ANRA,ALIANZA PARA EL PROGRESO,645,M,CASTELLANO
20816,ANCASH,HUARI,ANRA,MOVIMIENTO REGIONAL EL MAICITO,37,M,CASTELLANO
20816,ANCASH,HUARI,ANRA,PARTIDO DEMOCRATICO SOMOS PERU,48,M,CASTELLANO
20816,ANCASH,HUARI,ANRA,SIEMPRE UNIDOS,9,M,CASTELLANO
20816,ANCASH,HUARI,ANRA,UNION POR EL PERU,890,M,CASTELLANO
20902,ANCASH,MARISCAL LUZURIAGA,CASCA,JUNTOS POR EL CAMBIO,81,M,CASTELLANO
20902,ANCASH,MARISCAL LUZURIAGA,CASCA,MOVIMIENTO INDEPENDIENTE REGIONAL RIO SANTA CAUDALOSO,785,M,CASTELLANO
20902,ANCASH,MARISCAL LUZURIAGA,CASCA,UNION POR EL PERU,1372,M,CASTELLANO
20903,ANCASH,MARISCAL LUZURIAGA,LUCMA,ALIANZA PARA EL PROGRESO,164,M,CASTELLANO
20903,ANCASH,MARISCAL LUZURIAGA,LUCMA,MOVIMIENTO ACCION NACIONALISTA PERUANO,76,M,CASTELLANO
20903,ANCASH,MARISCAL LUZURIAGA,LUCMA,MOVIMIENTO INDEPENDIENTE REGIONAL RIO SANTA CAUDALOSO,710,M,CASTELLANO
20903,ANCASH,MARISCAL LUZURIAGA,LUCMA,PARTIDO DEMOCRATICO SOMOS PERU,600,M,CASTELLANO
20903,ANCASH,MARISCAL LUZURIAGA,LUCMA,UNION POR EL PERU,29,M,CASTELLANO
20904,ANCASH,MARISCAL LUZURIAGA,FIDEL OLIVAS ESCUDERO,ALIANZA PARA EL PROGRESO,49,M,CASTELLANO
20904,ANCASH,MARISCAL LUZURIAGA,FIDEL OLIVAS ESCUDERO,JUNTOS POR EL CAMBIO,131,M,CASTELLANO
20904,ANCASH,MARISCAL LUZURIAGA,FIDEL OLIVAS ESCUDERO,MOVIMIENTO ACCION NACIONALISTA PERUANO,214,M,CASTELLANO
20904,ANCASH,MARISCAL LUZURIAGA,FIDEL OLIVAS ESCUDERO,MOVIMIENTO INDEPENDIENTE REGIONAL RIO SANTA CAUDALOSO,201,M,CASTELLANO
20904,ANCASH,MARISCAL LUZURIAGA,FIDEL OLIVAS ESCUDERO,MOVIMIENTO REGIONAL ANDE - MAR,26,M,CASTELLANO
20904,ANCASH,MARISCAL LUZURIAGA,FIDEL OLIVAS ESCUDERO,PARTIDO DEMOCRATICO SOMOS PERU,185,M,CASTELLANO
20904,ANCASH,MARISCAL LUZURIAGA,FIDEL OLIVAS ESCUDERO,UNION POR EL PERU,300,M,CASTELLANO
20905,ANCASH,MARISCAL LUZURIAGA,LLAMA,ALIANZA PARA EL PROGRESO,216,M,CASTELLANO
20905,ANCASH,MARISCAL LUZURIAGA,LLAMA,JUNTOS POR EL CAMBIO,128,M,CASTELLANO
20905,ANCASH,MARISCAL LUZURIAGA,LLAMA,MOVIMIENTO ACCION NACIONALISTA PERUANO,96,M,CASTELLANO
20905,ANCASH,MARISCAL LUZURIAGA,LLAMA,MOVIMIENTO INDEPENDIENTE REGIONAL RIO SANTA CAUDALOSO,101,M,CASTELLANO
20905,ANCASH,MARISCAL LUZURIAGA,LLAMA,PARTIDO DEMOCRATICO SOMOS PERU,2,M,CASTELLANO
20905,ANCASH,MARISCAL LUZURIAGA,LLAMA,RENOVACION ANCASHINA,49,M,CASTELLANO
20905,ANCASH,MARISCAL LUZURIAGA,LLAMA,UNION POR EL PERU,225,M,CASTELLANO
20906,ANCASH,MARISCAL LUZURIAGA,LLUMPA,ALIANZA PARA EL PROGRESO,423,M,CASTELLANO
20906,ANCASH,MARISCAL LUZURIAGA,LLUMPA,JUNTOS POR EL CAMBIO,107,M,CASTELLANO
20906,ANCASH,MARISCAL LUZURIAGA,LLUMPA,MOVIMIENTO ACCION NACIONALISTA PERUANO,639,M,CASTELLANO
20906,ANCASH,MARISCAL LUZURIAGA,LLUMPA,MOVIMIENTO INDEPENDIENTE REGIONAL PURO ANCASH,44,M,CASTELLANO
20906,ANCASH,MARISCAL LUZURIAGA,LLUMPA,MOVIMIENTO INDEPENDIENTE REGIONAL RIO SANTA CAUDALOSO,195,M,CASTELLANO
20906,ANCASH,MARISCAL LUZURIAGA,LLUMPA,MOVIMIENTO REGIONAL EL MAICITO,144,M,CASTELLANO
20906,ANCASH,MARISCAL LUZURIAGA,LLUMPA,PARTIDO DEMOCRATICO SOMOS PERU,338,M,CASTELLANO
20906,ANCASH,MARISCAL LUZURIAGA,LLUMPA,SIEMPRE UNIDOS,143,M,CASTELLANO
20906,ANCASH,MARISCAL LUZURIAGA,LLUMPA,UNION POR EL PERU,548,M,CASTELLANO
20907,ANCASH,MARISCAL LUZURIAGA,MUSGA,JUNTOS POR EL CAMBIO,4,M,CASTELLANO
20907,ANCASH,MARISCAL LUZURIAGA,MUSGA,MOVIMIENTO ACCION NACIONALISTA PERUANO,93,M,CASTELLANO
20907,ANCASH,MARISCAL LUZURIAGA,MUSGA,MOVIMIENTO INDEPENDIENTE REGIONAL RIO SANTA CAUDALOSO,274,M,CASTELLANO
20907,ANCASH,MARISCAL LUZURIAGA,MUSGA,PARTIDO DEMOCRATICO SOMOS PERU,90,M,CASTELLANO
20907,ANCASH,MARISCAL LUZURIAGA,MUSGA,UNION POR EL PERU,260,M,CASTELLANO
20908,ANCASH,MARISCAL LUZURIAGA,ELEAZAR GUZMAN BARRON,JUNTOS POR EL CAMBIO,67,M,CASTELLANO
20908,ANCASH,MARISCAL LUZURIAGA,ELEAZAR GUZMAN BARRON,PARTIDO DEMOCRATICO SOMOS PERU,310,M,CASTELLANO
20908,ANCASH,MARISCAL LUZURIAGA,ELEAZAR GUZMAN BARRON,UNION POR EL PERU,302,M,CASTELLANO
21002,ANCASH,PALLASCA,BOLOGNESI,ALIANZA PARA EL PROGRESO,53,M,CASTELLANO
21002,ANCASH,PALLASCA,BOLOGNESI,MOVIMIENTO INDEPENDIENTE REGIONAL RIO SANTA CAUDALOSO,61,M,CASTELLANO
21002,ANCASH,PALLASCA,BOLOGNESI,PARTIDO APRISTA PERUANO,59,M,CASTELLANO
21002,ANCASH,PALLASCA,BOLOGNESI,PERU POSIBLE,228,M,CASTELLANO
21002,ANCASH,PALLASCA,BOLOGNESI,SIEMPRE UNIDOS,179,M,CASTELLANO
21003,ANCASH,PALLASCA,CONCHUCOS,ACCION POPULAR,3,M,CASTELLANO
21003,ANCASH,PALLASCA,CONCHUCOS,ALIANZA PARA EL PROGRESO,57,M,CASTELLANO
21003,ANCASH,PALLASCA,CONCHUCOS,JUNTOS POR EL CAMBIO,150,M,CASTELLANO
21003,ANCASH,PALLASCA,CONCHUCOS,MOVIMIENTO INDEPENDIENTE REGIONAL RIO SANTA CAUDALOSO,598,M,CASTELLANO
21003,ANCASH,PALLASCA,CONCHUCOS,MOVIMIENTO REGIONAL ANDE - MAR,56,M,CASTELLANO
21003,ANCASH,PALLASCA,CONCHUCOS,PARTIDO APRISTA PERUANO,812,M,CASTELLANO
21003,ANCASH,PALLASCA,CONCHUCOS,PARTIDO DEMOCRATICO SOMOS PERU,57,M,CASTELLANO
21003,ANCASH,PALLASCA,CONCHUCOS,PARTIDO HUMANISTA PERUANO,113,M,CASTELLANO
21003,ANCASH,PALLASCA,CONCHUCOS,PERU POSIBLE,1064,M,CASTELLANO
21003,ANCASH,PALLASCA,CONCHUCOS,SIEMPRE UNIDOS,526,M,CASTELLANO
21004,ANCASH,PALLASCA,HUACASCHUQUE,MOVIMIENTO INDEPENDIENTE REGIONAL PURO ANCASH,8,M,CASTELLANO
21004,ANCASH,PALLASCA,HUACASCHUQUE,MOVIMIENTO INDEPENDIENTE REGIONAL RIO SANTA CAUDALOSO,0,M,CASTELLANO
21004,ANCASH,PALLASCA,HUACASCHUQUE,PARTIDO APRISTA PERUANO,218,M,CASTELLANO
21004,ANCASH,PALLASCA,HUACASCHUQUE,PERU POSIBLE,132,M,CASTELLANO
21004,ANCASH,PALLASCA,HUACASCHUQUE,SIEMPRE UNIDOS,2,M,CASTELLANO
21005,ANCASH,PALLASCA,HUANDOVAL,ALIANZA PARA EL PROGRESO,74,M,CASTELLANO
21005,ANCASH,PALLASCA,HUANDOVAL,MOVIMIENTO INDEPENDIENTE REGIONAL RIO SANTA CAUDALOSO,2,M,CASTELLANO
21005,ANCASH,PALLASCA,HUANDOVAL,PARTIDO APRISTA PERUANO,226,M,CASTELLANO
21005,ANCASH,PALLASCA,HUANDOVAL,PERU POSIBLE,213,M,CASTELLANO
21005,ANCASH,PALLASCA,HUANDOVAL,SIEMPRE UNIDOS,4,M,CASTELLANO
21006,ANCASH,PALLASCA,LACABAMBA,ALIANZA PARA EL PROGRESO,55,M,CASTELLANO
21006,ANCASH,PALLASCA,LACABAMBA,MOVIMIENTO INDEPENDIENTE REGIONAL RIO SANTA CAUDALOSO,50,M,CASTELLANO
21006,ANCASH,PALLASCA,LACABAMBA,PARTIDO APRISTA PERUANO,111,M,CASTELLANO
21006,ANCASH,PALLASCA,LACABAMBA,PERU POSIBLE,177,M,CASTELLANO
21006,ANCASH,PALLASCA,LACABAMBA,SIEMPRE UNIDOS,10,M,CASTELLANO
21007,ANCASH,PALLASCA,LLAPO,MOVIMIENTO INDEPENDIENTE REGIONAL RIO SANTA CAUDALOSO,173,M,CASTELLANO
21007,ANCASH,PALLASCA,LLAPO,PERU POSIBLE,42,M,CASTELLANO
21007,ANCASH,PALLASCA,LLAPO,SIEMPRE UNIDOS,98,M,CASTELLANO
21008,ANCASH,PALLASCA,PALLASCA,ACCION POPULAR,6,M,CASTELLANO
21008,ANCASH,PALLASCA,PALLASCA,ALIANZA PARA EL PROGRESO,321,M,CASTELLANO
21008,ANCASH,PALLASCA,PALLASCA,MOVIMIENTO ACCION NACIONALISTA PERUANO,189,M,CASTELLANO
21008,ANCASH,PALLASCA,PALLASCA,MOVIMIENTO INDEPENDIENTE REGIONAL PURO ANCASH,27,M,CASTELLANO
21008,ANCASH,PALLASCA,PALLASCA,MOVIMIENTO INDEPENDIENTE REGIONAL RIO SANTA CAUDALOSO,209,M,CASTELLANO
21008,ANCASH,PALLASCA,PALLASCA,MOVIMIENTO REGIONAL ANDE - MAR,15,M,CASTELLANO
21008,ANCASH,PALLASCA,PALLASCA,PARTIDO APRISTA PERUANO,302,M,CASTELLANO
21008,ANCASH,PALLASCA,PALLASCA,PARTIDO DEMOCRATICO SOMOS PERU,39,M,CASTELLANO
21008,ANCASH,PALLASCA,PALLASCA,PERU POSIBLE,187,M,CASTELLANO
21008,ANCASH,PALLASCA,PALLASCA,SIEMPRE UNIDOS,30,M,CASTELLANO
21009,ANCASH,PALLASCA,PAMPAS,ACCION POPULAR,222,M,CASTELLANO
21009,ANCASH,PALLASCA,PAMPAS,ALIANZA PARA EL PROGRESO,26,M,CASTELLANO
21009,ANCASH,PALLASCA,PAMPAS,MOVIMIENTO INDEPENDIENTE REGIONAL RIO SANTA CAUDALOSO,582,M,CASTELLANO
21009,ANCASH,PALLASCA,PAMPAS,PARTIDO APRISTA PERUANO,45,M,CASTELLANO
21009,ANCASH,PALLASCA,PAMPAS,PARTIDO DEMOCRATICO SOMOS PERU,186,M,CASTELLANO
21009,ANCASH,PALLASCA,PAMPAS,PERU POSIBLE,48,M,CASTELLANO
21009,ANCASH,PALLASCA,PAMPAS,SIEMPRE UNIDOS,778,M,CASTELLANO
21010,ANCASH,PALLASCA,SANTA ROSA,PARTIDO APRISTA PERUANO,120,M,CASTELLANO
21010,ANCASH,PALLASCA,SANTA ROSA,PERU POSIBLE,242,M,CASTELLANO
21010,ANCASH,PALLASCA,SANTA ROSA,SIEMPRE UNIDOS,219,M,CASTELLANO
21011,ANCASH,PALLASCA,TAUCA,MOVIMIENTO INDEPENDIENTE REGIONAL RIO SANTA CAUDALOSO,179,M,CASTELLANO
21011,ANCASH,PALLASCA,TAUCA,PARTIDO APRISTA PERUANO,27,M,CASTELLANO
21011,ANCASH,PALLASCA,TAUCA,PERU POSIBLE,715,M,CASTELLANO
21011,ANCASH,PALLASCA,TAUCA,SIEMPRE UNIDOS,353,M,CASTELLANO
21102,ANCASH,POMABAMBA,HUAYLLAN,ALIANZA PARA EL PROGRESO,315,M,CASTELLANO
21102,ANCASH,POMABAMBA,HUAYLLAN,JUNTOS POR EL CAMBIO,333,M,CASTELLANO
21102,ANCASH,POMABAMBA,HUAYLLAN,MOVIMIENTO INDEPENDIENTE REGIONAL PURO ANCASH,170,M,CASTELLANO
21102,ANCASH,POMABAMBA,HUAYLLAN,MOVIMIENTO INDEPENDIENTE REGIONAL RIO SANTA CAUDALOSO,115,M,CASTELLANO
21102,ANCASH,POMABAMBA,HUAYLLAN,MOVIMIENTO REGIONAL ANDE - MAR,140,M,CASTELLANO
21102,ANCASH,POMABAMBA,HUAYLLAN,PARTIDO DEMOCRATICO SOMOS PERU,330,M,CASTELLANO
21102,ANCASH,POMABAMBA,HUAYLLAN,SIEMPRE UNIDOS,182,M,CASTELLANO
21102,ANCASH,POMABAMBA,HUAYLLAN,UNION POR EL PERU,206,M,CASTELLANO
21103,ANCASH,POMABAMBA,PAROBAMBA,ALIANZA PARA EL PROGRESO,47,M,CASTELLANO
21103,ANCASH,POMABAMBA,PAROBAMBA,JUNTOS POR EL CAMBIO,532,M,CASTELLANO
21103,ANCASH,POMABAMBA,PAROBAMBA,MOVIMIENTO ACCION NACIONALISTA PERUANO,684,M,CASTELLANO
21103,ANCASH,POMABAMBA,PAROBAMBA,MOVIMIENTO INDEPENDIENTE REGIONAL PURO ANCASH,129,M,CASTELLANO
21103,ANCASH,POMABAMBA,PAROBAMBA,MOVIMIENTO INDEPENDIENTE REGIONAL RIO SANTA CAUDALOSO,75,M,CASTELLANO
21103,ANCASH,POMABAMBA,PAROBAMBA,MOVIMIENTO REGIONAL ANDE - MAR,39,M,CASTELLANO
21103,ANCASH,POMABAMBA,PAROBAMBA,MOVIMIENTO REGIONAL EL MAICITO,14,M,CASTELLANO
21103,ANCASH,POMABAMBA,PAROBAMBA,PARTIDO DEMOCRATICO SOMOS PERU,295,M,CASTELLANO
21103,ANCASH,POMABAMBA,PAROBAMBA,SIEMPRE UNIDOS,261,M,CASTELLANO
21103,ANCASH,POMABAMBA,PAROBAMBA,UNION POR EL PERU,750,M,CASTELLANO
21104,ANCASH,POMABAMBA,QUINUABAMBA,ALIANZA PARA EL PROGRESO,267,M,CASTELLANO
21104,ANCASH,POMABAMBA,QUINUABAMBA,JUNTOS POR EL CAMBIO,201,M,CASTELLANO
21104,ANCASH,POMABAMBA,QUINUABAMBA,MOVIMIENTO ACCION NACIONALISTA PERUANO,214,M,CASTELLANO
21104,ANCASH,POMABAMBA,QUINUABAMBA,MOVIMIENTO INDEPENDIENTE REGIONAL RIO SANTA CAUDALOSO,29,M,CASTELLANO
21104,ANCASH,POMABAMBA,QUINUABAMBA,SIEMPRE UNIDOS,63,M,CASTELLANO
21104,ANCASH,POMABAMBA,QUINUABAMBA,UNION POR EL PERU,222,M,CASTELLANO
21202,ANCASH,RECUAY,COTAPARACO,ALIANZA PARA EL PROGRESO,103,M,CASTELLANO
21202,ANCASH,RECUAY,COTAPARACO,MOVIMIENTO ACCION NACIONALISTA PERUANO,197,M,CASTELLANO
21202,ANCASH,RECUAY,COTAPARACO,MOVIMIENTO INDEPENDIENTE REGIONAL RIO SANTA CAUDALOSO,24,M,CASTELLANO
21202,ANCASH,RECUAY,COTAPARACO,SIEMPRE UNIDOS,188,M,CASTELLANO
21203,ANCASH,RECUAY,HUAYLLAPAMPA,ALIANZA HORA CERO FUERZA POPULAR,29,M,CASTELLANO
21203,ANCASH,RECUAY,HUAYLLAPAMPA,MOVIMIENTO ACCION NACIONALISTA PERUANO,268,M,CASTELLANO
21203,ANCASH,RECUAY,HUAYLLAPAMPA,MOVIMIENTO INDEPENDIENTE REGIONAL RIO SANTA CAUDALOSO,137,M,CASTELLANO
21203,ANCASH,RECUAY,HUAYLLAPAMPA,SIEMPRE UNIDOS,187,M,CASTELLANO
21203,ANCASH,RECUAY,HUAYLLAPAMPA,UNION NACIONALISTA ANCASHINA,63,M,CASTELLANO
21204,ANCASH,RECUAY,MARCA,ALIANZA PARA EL PROGRESO,47,M,CASTELLANO
21204,ANCASH,RECUAY,MARCA,MOVIMIENTO ACCION NACIONALISTA PERUANO,104,M,CASTELLANO
21204,ANCASH,RECUAY,MARCA,MOVIMIENTO INDEPENDIENTE REGIONAL PURO ANCASH,97,M,CASTELLANO
21204,ANCASH,RECUAY,MARCA,MOVIMIENTO INDEPENDIENTE REGIONAL RIO SANTA CAUDALOSO,153,M,CASTELLANO
21204,ANCASH,RECUAY,MARCA,SIEMPRE UNIDOS,305,M,CASTELLANO
21204,ANCASH,RECUAY,MARCA,UNION NACIONALISTA ANCASHINA,316,M,CASTELLANO
21205,ANCASH,RECUAY,PAMPAS CHICO,MOVIMIENTO ACCION NACIONALISTA PERUANO,240,M,CASTELLANO
21205,ANCASH,RECUAY,PAMPAS CHICO,MOVIMIENTO INDEPENDIENTE REGIONAL RIO SANTA CAUDALOSO,354,M,CASTELLANO
21205,ANCASH,RECUAY,PAMPAS CHICO,MOVIMIENTO REGIONAL EL MAICITO,36,M,CASTELLANO
21205,ANCASH,RECUAY,PAMPAS CHICO,SIEMPRE UNIDOS,88,M,CASTELLANO
21205,ANCASH,RECUAY,PAMPAS CHICO,UNION NACIONALISTA ANCASHINA,67,M,CASTELLANO
21206,ANCASH,RECUAY,PARARIN,ACCION POPULAR,51,M,CASTELLANO
21206,ANCASH,RECUAY,PARARIN,ALIANZA PARA EL PROGRESO,96,M,CASTELLANO
21206,ANCASH,RECUAY,PARARIN,MOVIMIENTO ACCION NACIONALISTA PERUANO,222,M,CASTELLANO
21206,ANCASH,RECUAY,PARARIN,MOVIMIENTO INDEPENDIENTE REGIONAL PURO ANCASH,81,M,CASTELLANO
21206,ANCASH,RECUAY,PARARIN,MOVIMIENTO INDEPENDIENTE REGIONAL RIO SANTA CAUDALOSO,52,M,CASTELLANO
21206,ANCASH,RECUAY,PARARIN,MOVIMIENTO REGIONAL ANDE - MAR,44,M,CASTELLANO
21206,ANCASH,RECUAY,PARARIN,PARARIN UNIDO POR EL DESARROLLO Y CONTRA LA CORRUPCION,107,M,CASTELLANO
21206,ANCASH,RECUAY,PARARIN,PARTIDO APRISTA PERUANO,4,M,CASTELLANO
21206,ANCASH,RECUAY,PARARIN,SIEMPRE UNIDOS,73,M,CASTELLANO
21206,ANCASH,RECUAY,PARARIN,UNION NACIONALISTA ANCASHINA,229,M,CASTELLANO
21207,ANCASH,RECUAY,TAPACOCHA,ALIANZA PARA EL PROGRESO,62,M,QUECHUA
21207,ANCASH,RECUAY,TAPACOCHA,MOVIMIENTO ACCION NACIONALISTA PERUANO,52,M,QUECHUA
21207,ANCASH,RECUAY,TAPACOCHA,MOVIMIENTO INDEPENDIENTE REGIONAL PURO ANCASH,6,M,QUECHUA
21207,ANCASH,RECUAY,TAPACOCHA,MOVIMIENTO INDEPENDIENTE REGIONAL RIO SANTA CAUDALOSO,124,M,QUECHUA
21207,ANCASH,RECUAY,TAPACOCHA,MOVIMIENTO REGIONAL ANDE - MAR,25,M,QUECHUA
21207,ANCASH,RECUAY,TAPACOCHA,RESTAURACION NACIONAL,17,M,QUECHUA
21207,ANCASH,RECUAY,TAPACOCHA,SIEMPRE UNIDOS,36,M,QUECHUA
21207,ANCASH,RECUAY,TAPACOCHA,UNION NACIONALISTA ANCASHINA,175,M,QUECHUA
21208,ANCASH,RECUAY,TICAPAMPA,ACCION POPULAR,294,M,CASTELLANO
21208,ANCASH,RECUAY,TICAPAMPA,JUNTOS POR EL CAMBIO,61,M,CASTELLANO
21208,ANCASH,RECUAY,TICAPAMPA,MOVIMIENTO ACCION NACIONALISTA PERUANO,376,M,CASTELLANO
21208,ANCASH,RECUAY,TICAPAMPA,MOVIMIENTO INDEPENDIENTE REGIONAL RIO SANTA CAUDALOSO,148,M,CASTELLANO
21208,ANCASH,RECUAY,TICAPAMPA,MOVIMIENTO REGIONAL EL MAICITO,151,M,CASTELLANO
21208,ANCASH,RECUAY,TICAPAMPA,SIEMPRE UNIDOS,218,M,CASTELLANO
21208,ANCASH,RECUAY,TICAPAMPA,UNION NACIONALISTA ANCASHINA,396,M,CASTELLANO
21208,ANCASH,RECUAY,TICAPAMPA,UNION POR EL PERU,69,M,CASTELLANO
21209,ANCASH,RECUAY,LLACLLIN,MOVIMIENTO ACCION NACIONALISTA PERUANO,276,M,CASTELLANO
21209,ANCASH,RECUAY,LLACLLIN,MOVIMIENTO INDEPENDIENTE REGIONAL RIO SANTA CAUDALOSO,41,M,CASTELLANO
21209,ANCASH,RECUAY,LLACLLIN,SIEMPRE UNIDOS,418,M,CASTELLANO
21210,ANCASH,RECUAY,CATAC,ACCION POPULAR,435,M,CASTELLANO
21210,ANCASH,RECUAY,CATAC,ALIANZA PARA EL PROGRESO,70,M,CASTELLANO
21210,ANCASH,RECUAY,CATAC,MOVIMIENTO ACCION NACIONALISTA PERUANO,81,M,CASTELLANO
21210,ANCASH,RECUAY,CATAC,MOVIMIENTO INDEPENDIENTE REGIONAL RIO SANTA CAUDALOSO,376,M,CASTELLANO
21210,ANCASH,RECUAY,CATAC,MOVIMIENTO REGIONAL ANDE - MAR,378,M,CASTELLANO
21210,ANCASH,RECUAY,CATAC,PARTIDO APRISTA PERUANO,260,M,CASTELLANO
21210,ANCASH,RECUAY,CATAC,SIEMPRE UNIDOS,189,M,CASTELLANO
21210,ANCASH,RECUAY,CATAC,UNION NACIONALISTA ANCASHINA,596,M,CASTELLANO
21210,ANCASH,RECUAY,CATAC,UNION POR EL PERU,57,M,CASTELLANO
21302,ANCASH,SANTA,CACERES DEL PERU,ALIANZA HORA CERO FUERZA POPULAR,10,M,CASTELLANO
21302,ANCASH,SANTA,CACERES DEL PERU,ALIANZA PARA EL PROGRESO,138,M,CASTELLANO
21302,ANCASH,SANTA,CACERES DEL PERU,MOVIMIENTO ACCION NACIONALISTA PERUANO,870,M,CASTELLANO
21302,ANCASH,SANTA,CACERES DEL PERU,MOVIMIENTO INDEPENDIENTE REGIONAL PURO ANCASH,266,M,CASTELLANO
21302,ANCASH,SANTA,CACERES DEL PERU,MOVIMIENTO INDEPENDIENTE REGIONAL RIO SANTA CAUDALOSO,635,M,CASTELLANO
21302,ANCASH,SANTA,CACERES DEL PERU,MOVIMIENTO REGIONAL ANDE - MAR,164,M,CASTELLANO
21302,ANCASH,SANTA,CACERES DEL PERU,PARTIDO APRISTA PERUANO,572,M,CASTELLANO
21302,ANCASH,SANTA,CACERES DEL PERU,PARTIDO DEMOCRATICO SOMOS PERU,66,M,CASTELLANO
21302,ANCASH,SANTA,CACERES DEL PERU,PARTIDO HUMANISTA PERUANO,138,M,CASTELLANO
21302,ANCASH,SANTA,CACERES DEL PERU,SIEMPRE UNIDOS,20,M,CASTELLANO
21302,ANCASH,SANTA,CACERES DEL PERU,VAMOS PERU,3,M,CASTELLANO
21303,ANCASH,SANTA,MACATE,ALIANZA PARA EL PROGRESO,11,M,CASTELLANO
21303,ANCASH,SANTA,MACATE,MOVIMIENTO INDEPENDIENTE REGIONAL RIO SANTA CAUDALOSO,372,M,CASTELLANO
21303,ANCASH,SANTA,MACATE,MOVIMIENTO REGIONAL ANDE - MAR,175,M,CASTELLANO
21303,ANCASH,SANTA,MACATE,PARTIDO DEMOCRATICO SOMOS PERU,559,M,CASTELLANO
21303,ANCASH,SANTA,MACATE,PARTIDO HUMANISTA PERUANO,700,M,CASTELLANO
21304,ANCASH,SANTA,MORO,ALIANZA HORA CERO FUERZA POPULAR,78,M,CASTELLANO
21304,ANCASH,SANTA,MORO,MOVIMIENTO INDEPENDIENTE REGIONAL RIO SANTA CAUDALOSO,1463,M,CASTELLANO
21304,ANCASH,SANTA,MORO,MOVIMIENTO REGIONAL ANDE - MAR,1281,M,CASTELLANO
21304,ANCASH,SANTA,MORO,PARTIDO APRISTA PERUANO,1701,M,CASTELLANO
21304,ANCASH,SANTA,MORO,SIEMPRE UNIDOS,113,M,CASTELLANO
21304,ANCASH,SANTA,MORO,VALE ANCASH,2,M,CASTELLANO
21305,ANCASH,SANTA,NEPEÑA,ALIANZA HORA CERO FUERZA POPULAR,85,M,CASTELLANO
21305,ANCASH,SANTA,NEPEÑA,ALIANZA PARA EL PROGRESO,82,M,CASTELLANO
21305,ANCASH,SANTA,NEPEÑA,DEMOCRACIA DIRECTA,3007,M,CASTELLANO
21305,ANCASH,SANTA,NEPEÑA,LUCHO SIEMPRE CON SU PUEBLO,1560,M,CASTELLANO
21305,ANCASH,SANTA,NEPEÑA,MOVIMIENTO INDEPENDIENTE REGIONAL RIO SANTA CAUDALOSO,610,M,CASTELLANO
21305,ANCASH,SANTA,NEPEÑA,PARTIDO APRISTA PERUANO,74,M,CASTELLANO
21305,ANCASH,SANTA,NEPEÑA,PARTIDO DEMOCRATICO SOMOS PERU,286,M,CASTELLANO
21305,ANCASH,SANTA,NEPEÑA,PERU POSIBLE,2196,M,CASTELLANO
21305,ANCASH,SANTA,NEPEÑA,VALE ANCASH,20,M,CASTELLANO
21306,ANCASH,SANTA,SAMANCO,ALIANZA HORA CERO FUERZA POPULAR,70,M,CASTELLANO
21306,ANCASH,SANTA,SAMANCO,ALIANZA PARA EL PROGRESO,266,M,CASTELLANO
21306,ANCASH,SANTA,SAMANCO,DEMOCRACIA DIRECTA,290,M,CASTELLANO
21306,ANCASH,SANTA,SAMANCO,MOVIMIENTO INDEPENDIENTE REGIONAL RIO SANTA CAUDALOSO,219,M,CASTELLANO
21306,ANCASH,SANTA,SAMANCO,MOVIMIENTO REGIONAL ANDE - MAR,857,M,CASTELLANO
21306,ANCASH,SANTA,SAMANCO,PARTIDO APRISTA PERUANO,69,M,CASTELLANO
21306,ANCASH,SANTA,SAMANCO,PARTIDO DEMOCRATICO SOMOS PERU,919,M,CASTELLANO
21306,ANCASH,SANTA,SAMANCO,SIEMPRE UNIDOS,7,M,CASTELLANO
21306,ANCASH,SANTA,SAMANCO,VALE ANCASH,119,M,CASTELLANO
21307,ANCASH,SANTA,SANTA,ALIANZA HORA CERO FUERZA POPULAR,359,M,CASTELLANO
21307,ANCASH,SANTA,SANTA,ALIANZA PARA EL PROGRESO,6314,M,CASTELLANO
21307,ANCASH,SANTA,SANTA,DEMOCRACIA DIRECTA,871,M,CASTELLANO
21307,ANCASH,SANTA,SANTA,MOVIMIENTO ACCION NACIONALISTA PERUANO,329,M,CASTELLANO
21307,ANCASH,SANTA,SANTA,MOVIMIENTO INDEPENDIENTE REGIONAL PURO ANCASH,886,M,CASTELLANO
21307,ANCASH,SANTA,SANTA,MOVIMIENTO INDEPENDIENTE REGIONAL RIO SANTA CAUDALOSO,3278,M,CASTELLANO
21307,ANCASH,SANTA,SANTA,MOVIMIENTO REGIONAL ANDE - MAR,1224,M,CASTELLANO
21307,ANCASH,SANTA,SANTA,PARTIDO APRISTA PERUANO,794,M,CASTELLANO
21307,ANCASH,SANTA,SANTA,PARTIDO DEMOCRATICO SOMOS PERU,494,M,CASTELLANO
21307,ANCASH,SANTA,SANTA,PARTIDO HUMANISTA PERUANO,965,M,CASTELLANO
21307,ANCASH,SANTA,SANTA,PERU PATRIA SEGURA,58,M,CASTELLANO
21307,ANCASH,SANTA,SANTA,SIEMPRE UNIDOS,108,M,CASTELLANO
21308,ANCASH,SANTA,COISHCO,ALIANZA HORA CERO FUERZA POPULAR,131,M,CASTELLANO
21308,ANCASH,SANTA,COISHCO,ALIANZA PARA EL PROGRESO,3211,M,CASTELLANO
21308,ANCASH,SANTA,COISHCO,MOVIMIENTO ACCION NACIONALISTA PERUANO,52,M,CASTELLANO
21308,ANCASH,SANTA,COISHCO,MOVIMIENTO INDEPENDIENTE REGIONAL PURO ANCASH,141,M,CASTELLANO
21308,ANCASH,SANTA,COISHCO,MOVIMIENTO INDEPENDIENTE REGIONAL RIO SANTA CAUDALOSO,1122,M,CASTELLANO
21308,ANCASH,SANTA,COISHCO,MOVIMIENTO REGIONAL ANDE - MAR,2087,M,CASTELLANO
21308,ANCASH,SANTA,COISHCO,PARTIDO APRISTA PERUANO,234,M,CASTELLANO
21308,ANCASH,SANTA,COISHCO,PERU PATRIA SEGURA,82,M,CASTELLANO
21308,ANCASH,SANTA,COISHCO,PERU POSIBLE,608,M,CASTELLANO
21308,ANCASH,SANTA,COISHCO,SIEMPRE UNIDOS,1176,M,CASTELLANO
21309,ANCASH,SANTA,NUEVO CHIMBOTE,ALIANZA HORA CERO FUERZA POPULAR,1321,M,CASTELLANO
21309,ANCASH,SANTA,NUEVO CHIMBOTE,ALIANZA PARA EL PROGRESO,3147,M,CASTELLANO
21309,ANCASH,SANTA,NUEVO CHIMBOTE,DEMOCRACIA DIRECTA,361,M,CASTELLANO
21309,ANCASH,SANTA,NUEVO CHIMBOTE,"EL FRENTE AMPLIO POR JUSTICIA, VIDA Y LIBERTAD",404,M,CASTELLANO
21309,ANCASH,SANTA,NUEVO CHIMBOTE,JUNTOS GOBERNAREMOS,1246,M,CASTELLANO
21309,ANCASH,SANTA,NUEVO CHIMBOTE,MOVIMIENTO ACCION NACIONALISTA PERUANO,7070,M,CASTELLANO
21309,ANCASH,SANTA,NUEVO CHIMBOTE,MOVIMIENTO INDEPENDIENTE REGIONAL PURO ANCASH,1055,M,CASTELLANO
21309,ANCASH,SANTA,NUEVO CHIMBOTE,MOVIMIENTO INDEPENDIENTE REGIONAL RIO SANTA CAUDALOSO,8625,M,CASTELLANO
21309,ANCASH,SANTA,NUEVO CHIMBOTE,MOVIMIENTO REGIONAL ANDE - MAR,2916,M,CASTELLANO
21309,ANCASH,SANTA,NUEVO CHIMBOTE,MOVIMIENTO REGIONAL EL MAICITO,925,M,CASTELLANO
21309,ANCASH,SANTA,NUEVO CHIMBOTE,PARTIDO APRISTA PERUANO,1872,M,CASTELLANO
21309,ANCASH,SANTA,NUEVO CHIMBOTE,PARTIDO DEMOCRATICO SOMOS PERU,1777,M,CASTELLANO
21309,ANCASH,SANTA,NUEVO CHIMBOTE,PARTIDO HUMANISTA PERUANO,5189,M,CASTELLANO
21309,ANCASH,SANTA,NUEVO CHIMBOTE,PERU PATRIA SEGURA,250,M,CASTELLANO
21309,ANCASH,SANTA,NUEVO CHIMBOTE,PERU POSIBLE,2058,M,CASTELLANO
21309,ANCASH,SANTA,NUEVO CHIMBOTE,RENOVACION ANCASHINA,394,M,CASTELLANO
21309,ANCASH,SANTA,NUEVO CHIMBOTE,RESTAURACION NACIONAL,336,M,CASTELLANO
21309,ANCASH,SANTA,NUEVO CHIMBOTE,SIEMPRE UNIDOS,458,M,CASTELLANO
21309,ANCASH,SANTA,NUEVO CHIMBOTE,UNION POR EL PERU,538,M,CASTELLANO
21309,ANCASH,SANTA,NUEVO CHIMBOTE,VALE ANCASH,22414,M,CASTELLANO
21402,ANCASH,SIHUAS,ALFONSO UGARTE,ALIANZA PARA EL PROGRESO,39,M,CASTELLANO
21402,ANCASH,SIHUAS,ALFONSO UGARTE,JUNTOS POR EL CAMBIO,104,M,CASTELLANO
21402,ANCASH,SIHUAS,ALFONSO UGARTE,MOVIMIENTO INDEPENDIENTE REGIONAL RIO SANTA CAUDALOSO,112,M,CASTELLANO
21402,ANCASH,SIHUAS,ALFONSO UGARTE,MOVIMIENTO REGIONAL ANDE - MAR,12,M,CASTELLANO
21402,ANCASH,SIHUAS,ALFONSO UGARTE,UNION NACIONALISTA ANCASHINA,108,M,CASTELLANO
21403,ANCASH,SIHUAS,CHINGALPO,ALIANZA PARA EL PROGRESO,9,M,CASTELLANO
21403,ANCASH,SIHUAS,CHINGALPO,JUNTOS POR EL CAMBIO,80,M,CASTELLANO
21403,ANCASH,SIHUAS,CHINGALPO,MOVILIZACION DE ACCION SOCIALISTA SIHUASINO,43,M,CASTELLANO
21403,ANCASH,SIHUAS,CHINGALPO,MOVIMIENTO ACCION NACIONALISTA PERUANO,22,M,CASTELLANO
21403,ANCASH,SIHUAS,CHINGALPO,MOVIMIENTO INDEPENDIENTE REGIONAL PURO ANCASH,117,M,CASTELLANO
21403,ANCASH,SIHUAS,CHINGALPO,MOVIMIENTO INDEPENDIENTE REGIONAL RIO SANTA CAUDALOSO,111,M,CASTELLANO
21403,ANCASH,SIHUAS,CHINGALPO,MOVIMIENTO REGIONAL ANDE - MAR,26,M,CASTELLANO
21403,ANCASH,SIHUAS,CHINGALPO,MOVIMIENTO REGIONAL EL MAICITO,135,M,CASTELLANO
21403,ANCASH,SIHUAS,CHINGALPO,UNION NACIONALISTA ANCASHINA,9,M,CASTELLANO
21404,ANCASH,SIHUAS,HUAYLLABAMBA,ALIANZA PARA EL PROGRESO,421,M,CASTELLANO
21404,ANCASH,SIHUAS,HUAYLLABAMBA,JUNTOS POR EL CAMBIO,418,M,CASTELLANO
21404,ANCASH,SIHUAS,HUAYLLABAMBA,MOVILIZACION DE ACCION SOCIALISTA SIHUASINO,336,M,CASTELLANO
21404,ANCASH,SIHUAS,HUAYLLABAMBA,MOVIMIENTO INDEPENDIENTE REGIONAL RIO SANTA CAUDALOSO,510,M,CASTELLANO
21404,ANCASH,SIHUAS,HUAYLLABAMBA,UNION NACIONALISTA ANCASHINA,79,M,CASTELLANO
21405,ANCASH,SIHUAS,QUICHES,ALIANZA PARA EL PROGRESO,99,M,CASTELLANO
21405,ANCASH,SIHUAS,QUICHES,JUNTOS POR EL CAMBIO,340,M,CASTELLANO
21405,ANCASH,SIHUAS,QUICHES,MOVILIZACION DE ACCION SOCIALISTA SIHUASINO,276,M,CASTELLANO
21405,ANCASH,SIHUAS,QUICHES,MOVIMIENTO INDEPENDIENTE REGIONAL PURO ANCASH,75,M,CASTELLANO
21405,ANCASH,SIHUAS,QUICHES,MOVIMIENTO INDEPENDIENTE REGIONAL RIO SANTA CAUDALOSO,155,M,CASTELLANO
21405,ANCASH,SIHUAS,QUICHES,MOVIMIENTO REGIONAL ANDE - MAR,130,M,CASTELLANO
21405,ANCASH,SIHUAS,QUICHES,UNION NACIONALISTA ANCASHINA,60,M,CASTELLANO
21406,ANCASH,SIHUAS,SICSIBAMBA,ALIANZA PARA EL PROGRESO,148,F,CASTELLANO
21406,ANCASH,SIHUAS,SICSIBAMBA,JUNTOS POR EL CAMBIO,240,F,CASTELLANO
21406,ANCASH,SIHUAS,SICSIBAMBA,MOVILIZACION DE ACCION SOCIALISTA SIHUASINO,55,F,CASTELLANO
21406,ANCASH,SIHUAS,SICSIBAMBA,MOVIMIENTO INDEPENDIENTE REGIONAL RIO SANTA CAUDALOSO,238,F,CASTELLANO
21406,ANCASH,SIHUAS,SICSIBAMBA,UNION NACIONALISTA ANCASHINA,172,F,CASTELLANO
21407,ANCASH,SIHUAS,ACOBAMBA,ALIANZA PARA EL PROGRESO,28,M,CASTELLANO
21407,ANCASH,SIHUAS,ACOBAMBA,JUNTOS POR EL CAMBIO,211,M,CASTELLANO
21407,ANCASH,SIHUAS,ACOBAMBA,MOVILIZACION DE ACCION SOCIALISTA SIHUASINO,182,M,CASTELLANO
21407,ANCASH,SIHUAS,ACOBAMBA,MOVIMIENTO INDEPENDIENTE REGIONAL PURO ANCASH,194,M,CASTELLANO
21407,ANCASH,SIHUAS,ACOBAMBA,MOVIMIENTO INDEPENDIENTE REGIONAL RIO SANTA CAUDALOSO,59,M,CASTELLANO
21407,ANCASH,SIHUAS,ACOBAMBA,UNION NACIONALISTA ANCASHINA,169,M,CASTELLANO
21408,ANCASH,SIHUAS,CASHAPAMPA,JUNTOS POR EL CAMBIO,371,M,CASTELLANO
21408,ANCASH,SIHUAS,CASHAPAMPA,MICA - MOVILIZACION INDEPENDIENTE CAMPESINO ATUSPARIA,489,M,CASTELLANO
21408,ANCASH,SIHUAS,CASHAPAMPA,MOVILIZACION DE ACCION SOCIALISTA SIHUASINO,37,M,CASTELLANO
21408,ANCASH,SIHUAS,CASHAPAMPA,MOVIMIENTO INDEPENDIENTE REGIONAL RIO SANTA CAUDALOSO,29,M,CASTELLANO
21408,ANCASH,SIHUAS,CASHAPAMPA,UNION NACIONALISTA ANCASHINA,310,M,CASTELLANO
21409,ANCASH,SIHUAS,RAGASH,ALIANZA PARA EL PROGRESO,338,M,CASTELLANO
21409,ANCASH,SIHUAS,RAGASH,MOVILIZACION DE ACCION SOCIALISTA SIHUASINO,603,M,CASTELLANO
21409,ANCASH,SIHUAS,RAGASH,MOVIMIENTO INDEPENDIENTE REGIONAL RIO SANTA CAUDALOSO,78,M,CASTELLANO
21409,ANCASH,SIHUAS,RAGASH,MOVIMIENTO REGIONAL EL MAICITO,80,M,CASTELLANO
21409,ANCASH,SIHUAS,RAGASH,UNION NACIONALISTA ANCASHINA,541,M,CASTELLANO
21410,ANCASH,SIHUAS,SAN JUAN,ALIANZA PARA EL PROGRESO,42,M,CASTELLANO
21410,ANCASH,SIHUAS,SAN JUAN,JUNTOS POR EL CAMBIO,407,M,CASTELLANO
21410,ANCASH,SIHUAS,SAN JUAN,MOVILIZACION DE ACCION SOCIALISTA SIHUASINO,406,M,CASTELLANO
21410,ANCASH,SIHUAS,SAN JUAN,MOVIMIENTO INDEPENDIENTE REGIONAL RIO SANTA CAUDALOSO,945,M,CASTELLANO
21410,ANCASH,SIHUAS,SAN JUAN,UNION NACIONALISTA ANCASHINA,1280,M,CASTELLANO
21502,ANCASH,YUNGAY,CASCAPARA,ACCION POPULAR,266,M,CASTELLANO
21502,ANCASH,YUNGAY,CASCAPARA,ALIANZA HORA CERO FUERZA POPULAR,171,M,CASTELLANO
21502,ANCASH,YUNGAY,CASCAPARA,ALIANZA PARA EL PROGRESO,269,M,CASTELLANO
21502,ANCASH,YUNGAY,CASCAPARA,MOVIMIENTO INDEPENDIENTE PROYECTO JOVEN,16,M,CASTELLANO
21502,ANCASH,YUNGAY,CASCAPARA,MOVIMIENTO INDEPENDIENTE REGIONAL RIO SANTA CAUDALOSO,162,M,CASTELLANO
21502,ANCASH,YUNGAY,CASCAPARA,UNION POR EL PERU,105,M,CASTELLANO
21503,ANCASH,YUNGAY,MANCOS,ACCION POPULAR,323,M,CASTELLANO
21503,ANCASH,YUNGAY,MANCOS,ALIANZA HORA CERO FUERZA POPULAR,338,M,CASTELLANO
21503,ANCASH,YUNGAY,MANCOS,ALIANZA PARA EL PROGRESO,202,M,CASTELLANO
21503,ANCASH,YUNGAY,MANCOS,JUNTOS POR EL CAMBIO,19,M,CASTELLANO
21503,ANCASH,YUNGAY,MANCOS,MOVIMIENTO ACCION NACIONALISTA PERUANO,706,M,CASTELLANO
21503,ANCASH,YUNGAY,MANCOS,MOVIMIENTO INDEPENDIENTE PROYECTO JOVEN,185,M,CASTELLANO
21503,ANCASH,YUNGAY,MANCOS,MOVIMIENTO INDEPENDIENTE REGIONAL RIO SANTA CAUDALOSO,668,M,CASTELLANO
21503,ANCASH,YUNGAY,MANCOS,MOVIMIENTO REGIONAL ANDE - MAR,77,M,CASTELLANO
21503,ANCASH,YUNGAY,MANCOS,PARTIDO APRISTA PERUANO,648,M,CASTELLANO
21503,ANCASH,YUNGAY,MANCOS,RENOVACION ANCASHINA,5,M,CASTELLANO
21503,ANCASH,YUNGAY,MANCOS,UNION POR EL PERU,511,M,CASTELLANO
21504,ANCASH,YUNGAY,MATACOTO,ALIANZA HORA CERO FUERZA POPULAR,330,M,CASTELLANO
21504,ANCASH,YUNGAY,MATACOTO,ALIANZA PARA EL PROGRESO,51,M,CASTELLANO
21504,ANCASH,YUNGAY,MATACOTO,JUNTOS POR EL CAMBIO,40,M,CASTELLANO
21504,ANCASH,YUNGAY,MATACOTO,MOVIMIENTO ACCION NACIONALISTA PERUANO,208,M,CASTELLANO
21504,ANCASH,YUNGAY,MATACOTO,MOVIMIENTO INDEPENDIENTE REGIONAL RIO SANTA CAUDALOSO,244,M,CASTELLANO
21504,ANCASH,YUNGAY,MATACOTO,UNION POR EL PERU,116,M,CASTELLANO
21505,ANCASH,YUNGAY,QUILLO,ACCION POPULAR,290,M,CASTELLANO
21505,ANCASH,YUNGAY,QUILLO,ALIANZA HORA CERO FUERZA POPULAR,300,M,CASTELLANO
21505,ANCASH,YUNGAY,QUILLO,ALIANZA PARA EL PROGRESO,192,M,CASTELLANO
21505,ANCASH,YUNGAY,QUILLO,JUNTOS POR EL CAMBIO,45,M,CASTELLANO
21505,ANCASH,YUNGAY,QUILLO,MOVIMIENTO ACCION NACIONALISTA PERUANO,1263,M,CASTELLANO
21505,ANCASH,YUNGAY,QUILLO,MOVIMIENTO INDEPENDIENTE PROYECTO JOVEN,371,M,CASTELLANO
21505,ANCASH,YUNGAY,QUILLO,MOVIMIENTO INDEPENDIENTE REGIONAL PURO ANCASH,306,M,CASTELLANO
21505,ANCASH,YUNGAY,QUILLO,MOVIMIENTO INDEPENDIENTE REGIONAL RIO SANTA CAUDALOSO,676,M,CASTELLANO
21505,ANCASH,YUNGAY,QUILLO,MOVIMIENTO REGIONAL ANDE - MAR,473,M,CASTELLANO
21505,ANCASH,YUNGAY,QUILLO,UNION POR EL PERU,1788,M,CASTELLANO
21506,ANCASH,YUNGAY,RANRAHIRCA,ACCION POPULAR,10,M,CASTELLANO
21506,ANCASH,YUNGAY,RANRAHIRCA,ALIANZA PARA EL PROGRESO,46,M,CASTELLANO
21506,ANCASH,YUNGAY,RANRAHIRCA,MOVIMIENTO ACCION NACIONALISTA PERUANO,7,M,CASTELLANO
21506,ANCASH,YUNGAY,RANRAHIRCA,MOVIMIENTO INDEPENDIENTE PROYECTO JOVEN,27,M,CASTELLANO
21506,ANCASH,YUNGAY,RANRAHIRCA,MOVIMIENTO INDEPENDIENTE REGIONAL PURO ANCASH,7,M,CASTELLANO
21506,ANCASH,YUNGAY,RANRAHIRCA,MOVIMIENTO INDEPENDIENTE REGIONAL RIO SANTA CAUDALOSO,12,M,CASTELLANO
21506,ANCASH,YUNGAY,RANRAHIRCA,UNION POR EL PERU,21,M,CASTELLANO
21506,ANCASH,YUNGAY,RANRAHIRCA,UNION RANRAHIRCA MOVIMIENTO POLITICO INDEPENDIENTE,12,M,CASTELLANO
21507,ANCASH,YUNGAY,SHUPLUY,ACCION POPULAR,213,M,CASTELLANO
21507,ANCASH,YUNGAY,SHUPLUY,ALIANZA PARA EL PROGRESO,360,M,CASTELLANO
21507,ANCASH,YUNGAY,SHUPLUY,MOVIMIENTO ACCION NACIONALISTA PERUANO,192,M,CASTELLANO
21507,ANCASH,YUNGAY,SHUPLUY,MOVIMIENTO INDEPENDIENTE PROYECTO JOVEN,48,M,CASTELLANO
21507,ANCASH,YUNGAY,SHUPLUY,MOVIMIENTO INDEPENDIENTE REGIONAL RIO SANTA CAUDALOSO,238,M,CASTELLANO
21507,ANCASH,YUNGAY,SHUPLUY,MOVIMIENTO REGIONAL ANDE - MAR,75,M,CASTELLANO
21507,ANCASH,YUNGAY,SHUPLUY,UNION POR EL PERU,54,M,CASTELLANO
21508,ANCASH,YUNGAY,YANAMA,ACCION POPULAR,20,F,CASTELLANO
21508,ANCASH,YUNGAY,YANAMA,ALIANZA HORA CERO FUERZA POPULAR,346,F,CASTELLANO
21508,ANCASH,YUNGAY,YANAMA,MOVIMIENTO ACCION NACIONALISTA PERUANO,917,F,CASTELLANO
21508,ANCASH,YUNGAY,YANAMA,MOVIMIENTO INDEPENDIENTE PROYECTO JOVEN,433,F,CASTELLANO
21508,ANCASH,YUNGAY,YANAMA,MOVIMIENTO INDEPENDIENTE REGIONAL RIO SANTA CAUDALOSO,1398,F,CASTELLANO
21508,ANCASH,YUNGAY,YANAMA,UNION POR EL PERU,150,F,CASTELLANO
21602,ANCASH,ANTONIO RAIMONDI,ACZO,ALIANZA PARA EL PROGRESO,277,M,CASTELLANO
21602,ANCASH,ANTONIO RAIMONDI,ACZO,MOVIMIENTO ACCION NACIONALISTA PERUANO,51,M,CASTELLANO
21602,ANCASH,ANTONIO RAIMONDI,ACZO,MOVIMIENTO INDEPENDIENTE REGIONAL RIO SANTA CAUDALOSO,97,M,CASTELLANO
21602,ANCASH,ANTONIO RAIMONDI,ACZO,MOVIMIENTO REGIONAL EL MAICITO,62,M,CASTELLANO
21602,ANCASH,ANTONIO RAIMONDI,ACZO,PARTIDO DEMOCRATICO SOMOS PERU,226,M,CASTELLANO
21602,ANCASH,ANTONIO RAIMONDI,ACZO,RESTAURACION NACIONAL,132,M,CASTELLANO
21602,ANCASH,ANTONIO RAIMONDI,ACZO,UNION NACIONALISTA ANCASHINA,114,M,CASTELLANO
21603,ANCASH,ANTONIO RAIMONDI,CHACCHO,ACCION POPULAR,19,M,CASTELLANO
21603,ANCASH,ANTONIO RAIMONDI,CHACCHO,ALIANZA PARA EL PROGRESO,154,M,CASTELLANO
21603,ANCASH,ANTONIO RAIMONDI,CHACCHO,JUNTOS POR EL CAMBIO,47,M,CASTELLANO
21603,ANCASH,ANTONIO RAIMONDI,CHACCHO,MOVIMIENTO ACCION NACIONALISTA PERUANO,122,M,CASTELLANO
21603,ANCASH,ANTONIO RAIMONDI,CHACCHO,MOVIMIENTO INDEPENDIENTE REGIONAL PURO ANCASH,135,M,CASTELLANO
21603,ANCASH,ANTONIO RAIMONDI,CHACCHO,MOVIMIENTO REGIONAL EL MAICITO,186,M,CASTELLANO
21603,ANCASH,ANTONIO RAIMONDI,CHACCHO,RESTAURACION NACIONAL,130,M,CASTELLANO
21603,ANCASH,ANTONIO RAIMONDI,CHACCHO,SIEMPRE UNIDOS,33,M,CASTELLANO
21603,ANCASH,ANTONIO RAIMONDI,CHACCHO,UNION NACIONALISTA ANCASHINA,21,M,CASTELLANO
21604,ANCASH,ANTONIO RAIMONDI,CHINGAS,ACCION POPULAR,56,M,CASTELLANO
21604,ANCASH,ANTONIO RAIMONDI,CHINGAS,ALIANZA PARA EL PROGRESO,193,M,CASTELLANO
21604,ANCASH,ANTONIO RAIMONDI,CHINGAS,JUNTOS POR EL CAMBIO,50,M,CASTELLANO
21604,ANCASH,ANTONIO RAIMONDI,CHINGAS,MOVIMIENTO ACCION NACIONALISTA PERUANO,310,M,CASTELLANO
21604,ANCASH,ANTONIO RAIMONDI,CHINGAS,MOVIMIENTO INDEPENDIENTE REGIONAL PURO ANCASH,21,M,CASTELLANO
21604,ANCASH,ANTONIO RAIMONDI,CHINGAS,MOVIMIENTO INDEPENDIENTE REGIONAL RIO SANTA CAUDALOSO,116,M,CASTELLANO
21604,ANCASH,ANTONIO RAIMONDI,CHINGAS,MOVIMIENTO REGIONAL EL MAICITO,68,M,CASTELLANO
21604,ANCASH,ANTONIO RAIMONDI,CHINGAS,RESTAURACION NACIONAL,20,M,CASTELLANO
21604,ANCASH,ANTONIO RAIMONDI,CHINGAS,SIEMPRE UNIDOS,4,M,CASTELLANO
21604,ANCASH,ANTONIO RAIMONDI,CHINGAS,UNION NACIONALISTA ANCASHINA,83,M,CASTELLANO
21605,ANCASH,ANTONIO RAIMONDI,MIRGAS,ACCION POPULAR,119,M,CASTELLANO
21605,ANCASH,ANTONIO RAIMONDI,MIRGAS,ALIANZA PARA EL PROGRESO,310,M,CASTELLANO
21605,ANCASH,ANTONIO RAIMONDI,MIRGAS,JUNTOS POR EL CAMBIO,151,M,CASTELLANO
21605,ANCASH,ANTONIO RAIMONDI,MIRGAS,MOVIMIENTO ACCION NACIONALISTA PERUANO,219,M,CASTELLANO
21605,ANCASH,ANTONIO RAIMONDI,MIRGAS,MOVIMIENTO INDEPENDIENTE REGIONAL PURO ANCASH,224,M,CASTELLANO
21605,ANCASH,ANTONIO RAIMONDI,MIRGAS,MOVIMIENTO INDEPENDIENTE REGIONAL RIO SANTA CAUDALOSO,152,M,CASTELLANO
21605,ANCASH,ANTONIO RAIMONDI,MIRGAS,MOVIMIENTO REGIONAL ANDE - MAR,54,M,CASTELLANO
21605,ANCASH,ANTONIO RAIMONDI,MIRGAS,MOVIMIENTO REGIONAL EL MAICITO,88,M,CASTELLANO
21605,ANCASH,ANTONIO RAIMONDI,MIRGAS,PARTIDO APRISTA PERUANO,23,M,CASTELLANO
21605,ANCASH,ANTONIO RAIMONDI,MIRGAS,PARTIDO HUMANISTA PERUANO,14,M,CASTELLANO
21605,ANCASH,ANTONIO RAIMONDI,MIRGAS,PERU POSIBLE,145,M,CASTELLANO
21605,ANCASH,ANTONIO RAIMONDI,MIRGAS,RESTAURACION NACIONAL,105,M,CASTELLANO
21605,ANCASH,ANTONIO RAIMONDI,MIRGAS,SIEMPRE UNIDOS,64,M,CASTELLANO
21605,ANCASH,ANTONIO RAIMONDI,MIRGAS,UNION NACIONALISTA ANCASHINA,230,M,CASTELLANO
21606,ANCASH,ANTONIO RAIMONDI,SAN JUAN DE RONTOY,ALIANZA PARA EL PROGRESO,123,M,CASTELLANO
21606,ANCASH,ANTONIO RAIMONDI,SAN JUAN DE RONTOY,JUNTOS POR EL CAMBIO,132,M,CASTELLANO
21606,ANCASH,ANTONIO RAIMONDI,SAN JUAN DE RONTOY,MOVIMIENTO ACCION NACIONALISTA PERUANO,54,M,CASTELLANO
21606,ANCASH,ANTONIO RAIMONDI,SAN JUAN DE RONTOY,MOVIMIENTO INDEPENDIENTE REGIONAL PURO ANCASH,144,M,CASTELLANO
21606,ANCASH,ANTONIO RAIMONDI,SAN JUAN DE RONTOY,MOVIMIENTO INDEPENDIENTE REGIONAL RIO SANTA CAUDALOSO,96,M,CASTELLANO
21606,ANCASH,ANTONIO RAIMONDI,SAN JUAN DE RONTOY,RESTAURACION NACIONAL,79,M,CASTELLANO
21702,ANCASH,CARLOS FERMIN FITZCARRALD,YAUYA,ALIANZA PARA EL PROGRESO,821,M,CASTELLANO
21702,ANCASH,CARLOS FERMIN FITZCARRALD,YAUYA,DEMOCRACIA DIRECTA,245,M,CASTELLANO
21702,ANCASH,CARLOS FERMIN FITZCARRALD,YAUYA,MOVIMIENTO ACCION NACIONALISTA PERUANO,439,M,CASTELLANO
21702,ANCASH,CARLOS FERMIN FITZCARRALD,YAUYA,MOVIMIENTO INDEPENDIENTE REGIONAL PURO ANCASH,71,M,CASTELLANO
21702,ANCASH,CARLOS FERMIN FITZCARRALD,YAUYA,MOVIMIENTO REGIONAL ANDE - MAR,17,M,CASTELLANO
21702,ANCASH,CARLOS FERMIN FITZCARRALD,YAUYA,MOVIMIENTO REGIONAL EL MAICITO,10,M,CASTELLANO
21702,ANCASH,CARLOS FERMIN FITZCARRALD,YAUYA,UNION POR EL PERU,609,M,CASTELLANO
21703,ANCASH,CARLOS FERMIN FITZCARRALD,SAN NICOLAS,ALIANZA PARA EL PROGRESO,651,M,CASTELLANO
21703,ANCASH,CARLOS FERMIN FITZCARRALD,SAN NICOLAS,DEMOCRACIA DIRECTA,189,M,CASTELLANO
21703,ANCASH,CARLOS FERMIN FITZCARRALD,SAN NICOLAS,MOVIMIENTO ACCION NACIONALISTA PERUANO,339,M,CASTELLANO
21703,ANCASH,CARLOS FERMIN FITZCARRALD,SAN NICOLAS,MOVIMIENTO REGIONAL EL MAICITO,24,M,CASTELLANO
21703,ANCASH,CARLOS FERMIN FITZCARRALD,SAN NICOLAS,UNION POR EL PERU,262,M,CASTELLANO
21802,ANCASH,ASUNCION,ACOCHACA,ALIANZA PARA EL PROGRESO,1095,M,CASTELLANO
21802,ANCASH,ASUNCION,ACOCHACA,PARTIDO DEMOCRATICO SOMOS PERU,769,M,CASTELLANO
21802,ANCASH,ASUNCION,ACOCHACA,UNION POR EL PERU,56,M,CASTELLANO
21902,ANCASH,HUARMEY,COCHAPETI,ALIANZA PARA EL PROGRESO,290,M,CASTELLANO
21902,ANCASH,HUARMEY,COCHAPETI,LINDO HUARMEY,294,M,CASTELLANO
21903,ANCASH,HUARMEY,HUAYAN,ALIANZA HORA CERO FUERZA POPULAR,61,M,CASTELLANO
21903,ANCASH,HUARMEY,HUAYAN,ALIANZA PARA EL PROGRESO,175,M,CASTELLANO
21903,ANCASH,HUARMEY,HUAYAN,LINDO HUARMEY,283,M,CASTELLANO
21903,ANCASH,HUARMEY,HUAYAN,MOVIMIENTO REGIONAL ANDE - MAR,15,M,CASTELLANO
21903,ANCASH,HUARMEY,HUAYAN,MOVIMIENTO REGIONAL EL MAICITO,10,M,CASTELLANO
21903,ANCASH,HUARMEY,HUAYAN,PURO CORAZON,93,M,CASTELLANO
21904,ANCASH,HUARMEY,MALVAS,LINDO HUARMEY,205,M,CASTELLANO
21904,ANCASH,HUARMEY,MALVAS,MOVIMIENTO ACCION NACIONALISTA PERUANO,199,M,CASTELLANO
21904,ANCASH,HUARMEY,MALVAS,MOVIMIENTO INDEPENDIENTE REGIONAL RIO SANTA CAUDALOSO,84,M,CASTELLANO
21904,ANCASH,HUARMEY,MALVAS,MOVIMIENTO REGIONAL ANDE - MAR,72,M,CASTELLANO
21904,ANCASH,HUARMEY,MALVAS,MOVIMIENTO REGIONAL EL MAICITO,79,M,CASTELLANO
21905,ANCASH,HUARMEY,CULEBRAS,ALIANZA HORA CERO FUERZA POPULAR,271,M,CASTELLANO
21905,ANCASH,HUARMEY,CULEBRAS,ALIANZA PARA EL PROGRESO,30,M,CASTELLANO
21905,ANCASH,HUARMEY,CULEBRAS,LINDO HUARMEY,387,M,CASTELLANO
21905,ANCASH,HUARMEY,CULEBRAS,MOVIMIENTO ACCION NACIONALISTA PERUANO,6,M,CASTELLANO
21905,ANCASH,HUARMEY,CULEBRAS,MOVIMIENTO INDEPENDIENTE REGIONAL RIO SANTA CAUDALOSO,446,M,CASTELLANO
21905,ANCASH,HUARMEY,CULEBRAS,MOVIMIENTO REGIONAL EL MAICITO,211,M,CASTELLANO
22001,ANCASH,OCROS,ACAS,ALIANZA PARA EL PROGRESO,78,M,CASTELLANO
22001,ANCASH,OCROS,ACAS,MOVIMIENTO INDEPENDIENTE REGIONAL RIO SANTA CAUDALOSO,41,M,CASTELLANO
22001,ANCASH,OCROS,ACAS,SIEMPRE UNIDOS,44,M,CASTELLANO
22001,ANCASH,OCROS,ACAS,SOLIDARIDAD NACIONAL,108,M,CASTELLANO
22001,ANCASH,OCROS,ACAS,UNION POR EL PERU,108,M,CASTELLANO
22002,ANCASH,OCROS,CAJAMARQUILLA,ALIANZA PARA EL PROGRESO,68,M,CASTELLANO
22002,ANCASH,OCROS,CAJAMARQUILLA,MOVIMIENTO INDEPENDIENTE REGIONAL RIO SANTA CAUDALOSO,24,M,CASTELLANO
22002,ANCASH,OCROS,CAJAMARQUILLA,PARTIDO HUMANISTA PERUANO,31,M,CASTELLANO
22002,ANCASH,OCROS,CAJAMARQUILLA,UNION POR EL PERU,60,M,CASTELLANO
22003,ANCASH,OCROS,CARHUAPAMPA,ALIANZA PARA EL PROGRESO,46,F,CASTELLANO
22003,ANCASH,OCROS,CARHUAPAMPA,MOVIMIENTO INDEPENDIENTE REGIONAL RIO SANTA CAUDALOSO,102,F,CASTELLANO
22003,ANCASH,OCROS,CARHUAPAMPA,PARTIDO DEMOCRATICO SOMOS PERU,84,F,CASTELLANO
22003,ANCASH,OCROS,CARHUAPAMPA,SIEMPRE UNIDOS,42,F,CASTELLANO
22003,ANCASH,OCROS,CARHUAPAMPA,UNION POR EL PERU,139,F,CASTELLANO
22004,ANCASH,OCROS,COCHAS,ALIANZA PARA EL PROGRESO,193,M,CASTELLANO
22004,ANCASH,OCROS,COCHAS,MOVIMIENTO INDEPENDIENTE REGIONAL RIO SANTA CAUDALOSO,144,M,CASTELLANO
22004,ANCASH,OCROS,COCHAS,PARTIDO DEMOCRATICO SOMOS PERU,150,M,CASTELLANO
22004,ANCASH,OCROS,COCHAS,SIEMPRE UNIDOS,86,M,CASTELLANO
22004,ANCASH,OCROS,COCHAS,SOLIDARIDAD NACIONAL,22,M,CASTELLANO
22004,ANCASH,OCROS,COCHAS,UNION NACIONALISTA ANCASHINA,322,M,CASTELLANO
22004,ANCASH,OCROS,COCHAS,UNION POR EL PERU,103,M,CASTELLANO
22005,ANCASH,OCROS,CONGAS,ALIANZA PARA EL PROGRESO,57,F,CASTELLANO
22005,ANCASH,OCROS,CONGAS,PARTIDO HUMANISTA PERUANO,275,F,CASTELLANO
22005,ANCASH,OCROS,CONGAS,SIEMPRE UNIDOS,237,F,CASTELLANO
22005,ANCASH,OCROS,CONGAS,UNION POR EL PERU,62,F,CASTELLANO
22006,ANCASH,OCROS,LLIPA,ALIANZA PARA EL PROGRESO,14,M,CASTELLANO
22006,ANCASH,OCROS,LLIPA,MOVIMIENTO INDEPENDIENTE REGIONAL RIO SANTA CAUDALOSO,57,M,CASTELLANO
22006,ANCASH,OCROS,LLIPA,PARTIDO HUMANISTA PERUANO,119,M,CASTELLANO
22006,ANCASH,OCROS,LLIPA,UNION POR EL PERU,57,M,CASTELLANO
22008,ANCASH,OCROS,SAN CRISTOBAL DE RAJAN,ALIANZA PARA EL PROGRESO,96,M,CASTELLANO
22008,ANCASH,OCROS,SAN CRISTOBAL DE RAJAN,PARTIDO HUMANISTA PERUANO,189,M,CASTELLANO
22008,ANCASH,OCROS,SAN CRISTOBAL DE RAJAN,SOLIDARIDAD NACIONAL,123,M,CASTELLANO
22008,ANCASH,OCROS,SAN CRISTOBAL DE RAJAN,UNION POR EL PERU,13,M,CASTELLANO
22009,ANCASH,OCROS,SAN PEDRO,ALIANZA PARA EL PROGRESO,107,M,CASTELLANO
22009,ANCASH,OCROS,SAN PEDRO,JUNTOS POR EL CAMBIO,25,M,CASTELLANO
22009,ANCASH,OCROS,SAN PEDRO,MOVIMIENTO INDEPENDIENTE REGIONAL RIO SANTA CAUDALOSO,42,M,CASTELLANO
22009,ANCASH,OCROS,SAN PEDRO,PARTIDO DEMOCRATICO SOMOS PERU,88,M,CASTELLANO
22009,ANCASH,OCROS,SAN PEDRO,PARTIDO HUMANISTA PERUANO,119,M,CASTELLANO
22009,ANCASH,OCROS,SAN PEDRO,SIEMPRE UNIDOS,19,M,CASTELLANO
22009,ANCASH,OCROS,SAN PEDRO,SOLIDARIDAD NACIONAL,155,M,CASTELLANO
22009,ANCASH,OCROS,SAN PEDRO,UNION POR EL PERU,216,M,CASTELLANO
22010,ANCASH,OCROS,SANTIAGO DE CHILCAS,ALIANZA PARA EL PROGRESO,40,M,CASTELLANO
22010,ANCASH,OCROS,SANTIAGO DE CHILCAS,PARTIDO HUMANISTA PERUANO,99,M,CASTELLANO
22010,ANCASH,OCROS,SANTIAGO DE CHILCAS,UNION POR EL PERU,143,M,CASTELLANO
30102,APURIMAC,ABANCAY,CIRCA,ACCION POPULAR,583,M,CASTELLANO
30102,APURIMAC,ABANCAY,CIRCA,ALIANZA PARA EL PROGRESO,33,M,CASTELLANO
30102,APURIMAC,ABANCAY,CIRCA,FUERZA POPULAR,612,M,CASTELLANO
30102,APURIMAC,ABANCAY,CIRCA,MOVIMIENTO INDEPENDIENTE FUERZA CAMPESINA REGIONAL,193,M,CASTELLANO
30102,APURIMAC,ABANCAY,CIRCA,MOVIMIENTO POPULAR KALLPA,229,M,CASTELLANO
30102,APURIMAC,ABANCAY,CIRCA,UNION POR EL PERU,242,M,CASTELLANO
30103,APURIMAC,ABANCAY,CURAHUASI,ACCION POPULAR,1324,M,CASTELLANO
30103,APURIMAC,ABANCAY,CURAHUASI,ALIANZA PARA EL PROGRESO,129,M,CASTELLANO
30103,APURIMAC,ABANCAY,CURAHUASI,FRENTE POPULAR LLAPANCHIK,28,M,CASTELLANO
30103,APURIMAC,ABANCAY,CURAHUASI,FUERZA POPULAR,1459,M,CASTELLANO
30103,APURIMAC,ABANCAY,CURAHUASI,MOVIMIENTO DE INTEGRACION KECHWA APURIMAC,26,M,CASTELLANO
30103,APURIMAC,ABANCAY,CURAHUASI,MOVIMIENTO INDEPENDIENTE FUERZA CAMPESINA REGIONAL,59,M,CASTELLANO
30103,APURIMAC,ABANCAY,CURAHUASI,MOVIMIENTO POPULAR KALLPA,1709,M,CASTELLANO
30103,APURIMAC,ABANCAY,CURAHUASI,PODER POPULAR ANDINO,246,M,CASTELLANO
30103,APURIMAC,ABANCAY,CURAHUASI,UNION POR EL PERU,2542,M,CASTELLANO
30104,APURIMAC,ABANCAY,CHACOCHE,ALIANZA PARA EL PROGRESO,39,M,CASTELLANO
30104,APURIMAC,ABANCAY,CHACOCHE,"EL FRENTE AMPLIO POR JUSTICIA, VIDA Y LIBERTAD",54,M,CASTELLANO
30104,APURIMAC,ABANCAY,CHACOCHE,FUERZA POPULAR,181,M,CASTELLANO
30104,APURIMAC,ABANCAY,CHACOCHE,MOVIMIENTO INDEPENDIENTE FUERZA CAMPESINA REGIONAL,31,M,CASTELLANO
30104,APURIMAC,ABANCAY,CHACOCHE,MOVIMIENTO POPULAR KALLPA,144,M,CASTELLANO
30104,APURIMAC,ABANCAY,CHACOCHE,PODER POPULAR ANDINO,245,M,CASTELLANO
30104,APURIMAC,ABANCAY,CHACOCHE,UNION POR EL PERU,32,M,CASTELLANO
30105,APURIMAC,ABANCAY,HUANIPACA,ACCION POPULAR,7,F,CASTELLANO
30105,APURIMAC,ABANCAY,HUANIPACA,ALIANZA PARA EL PROGRESO,71,F,CASTELLANO
30105,APURIMAC,ABANCAY,HUANIPACA,FRENTE POPULAR LLAPANCHIK,95,F,CASTELLANO
30105,APURIMAC,ABANCAY,HUANIPACA,FUERZA POPULAR,63,F,CASTELLANO
30105,APURIMAC,ABANCAY,HUANIPACA,MOVIMIENTO INDEPENDIENTE FUERZA CAMPESINA REGIONAL,217,F,CASTELLANO
30105,APURIMAC,ABANCAY,HUANIPACA,MOVIMIENTO POPULAR KALLPA,107,F,CASTELLANO
30105,APURIMAC,ABANCAY,HUANIPACA,PARTIDO DEMOCRATICO SOMOS PERU,106,F,CASTELLANO
30105,APURIMAC,ABANCAY,HUANIPACA,PODER POPULAR ANDINO,647,F,CASTELLANO
30105,APURIMAC,ABANCAY,HUANIPACA,UNION POR EL PERU,889,F,CASTELLANO
30106,APURIMAC,ABANCAY,LAMBRAMA,ACCION POPULAR,85,M,CASTELLANO
30106,APURIMAC,ABANCAY,LAMBRAMA,ALIANZA PARA EL PROGRESO,645,M,CASTELLANO
30106,APURIMAC,ABANCAY,LAMBRAMA,FUERZA POPULAR,61,M,CASTELLANO
30106,APURIMAC,ABANCAY,LAMBRAMA,MOVIMIENTO INDEPENDIENTE FUERZA CAMPESINA REGIONAL,28,M,CASTELLANO
30106,APURIMAC,ABANCAY,LAMBRAMA,MOVIMIENTO POPULAR KALLPA,635,M,CASTELLANO
30106,APURIMAC,ABANCAY,LAMBRAMA,PODER POPULAR ANDINO,249,M,CASTELLANO
30106,APURIMAC,ABANCAY,LAMBRAMA,UNION POR EL PERU,282,M,CASTELLANO
30107,APURIMAC,ABANCAY,PICHIRHUA,ACCION POPULAR,136,M,CASTELLANO
30107,APURIMAC,ABANCAY,PICHIRHUA,ALIANZA PARA EL PROGRESO,240,M,CASTELLANO
30107,APURIMAC,ABANCAY,PICHIRHUA,"EL FRENTE AMPLIO POR JUSTICIA, VIDA Y LIBERTAD",76,M,CASTELLANO
30107,APURIMAC,ABANCAY,PICHIRHUA,FRENTE POPULAR LLAPANCHIK,127,M,CASTELLANO
30107,APURIMAC,ABANCAY,PICHIRHUA,FUERZA POPULAR,206,M,CASTELLANO
30107,APURIMAC,ABANCAY,PICHIRHUA,MOVIMIENTO DE INTEGRACION KECHWA APURIMAC,81,M,CASTELLANO
30107,APURIMAC,ABANCAY,PICHIRHUA,"MOVIMIENTO ETNOCACERISTA REGIONAL AMA SUA, AMA LLULLA, AMA QUELLA",8,M,CASTELLANO
30107,APURIMAC,ABANCAY,PICHIRHUA,MOVIMIENTO INDEPENDIENTE FUERZA CAMPESINA REGIONAL,203,M,CASTELLANO
30107,APURIMAC,ABANCAY,PICHIRHUA,MOVIMIENTO POPULAR KALLPA,407,M,CASTELLANO
30107,APURIMAC,ABANCAY,PICHIRHUA,PARTIDO HUMANISTA PERUANO,1,M,CASTELLANO
30107,APURIMAC,ABANCAY,PICHIRHUA,PODER POPULAR ANDINO,248,M,CASTELLANO
30107,APURIMAC,ABANCAY,PICHIRHUA,UNION POR EL PERU,299,M,CASTELLANO
30108,APURIMAC,ABANCAY,SAN PEDRO DE CACHORA,ALIANZA PARA EL PROGRESO,15,M,CASTELLANO
30108,APURIMAC,ABANCAY,SAN PEDRO DE CACHORA,"EL FRENTE AMPLIO POR JUSTICIA, VIDA Y LIBERTAD",5,M,CASTELLANO
30108,APURIMAC,ABANCAY,SAN PEDRO DE CACHORA,FUERZA POPULAR,1044,M,CASTELLANO
30108,APURIMAC,ABANCAY,SAN PEDRO DE CACHORA,MOVIMIENTO DE INTEGRACION KECHWA APURIMAC,3,M,CASTELLANO
30108,APURIMAC,ABANCAY,SAN PEDRO DE CACHORA,"MOVIMIENTO ETNOCACERISTA REGIONAL AMA SUA, AMA LLULLA, AMA QUELLA",80,M,CASTELLANO
30108,APURIMAC,ABANCAY,SAN PEDRO DE CACHORA,MOVIMIENTO INDEPENDIENTE FUERZA CAMPESINA REGIONAL,20,M,CASTELLANO
30108,APURIMAC,ABANCAY,SAN PEDRO DE CACHORA,MOVIMIENTO POPULAR KALLPA,553,M,CASTELLANO
30108,APURIMAC,ABANCAY,SAN PEDRO DE CACHORA,PODER POPULAR ANDINO,7,M,CASTELLANO
30109,APURIMAC,ABANCAY,TAMBURCO,ACCION POPULAR,12,M,CASTELLANO
30109,APURIMAC,ABANCAY,TAMBURCO,ALIANZA PARA EL PROGRESO,263,M,CASTELLANO
30109,APURIMAC,ABANCAY,TAMBURCO,"EL FRENTE AMPLIO POR JUSTICIA, VIDA Y LIBERTAD",30,M,CASTELLANO
30109,APURIMAC,ABANCAY,TAMBURCO,FUERZA POPULAR,425,M,CASTELLANO
30109,APURIMAC,ABANCAY,TAMBURCO,MOVIMIENTO DE INTEGRACION KECHWA APURIMAC,39,M,CASTELLANO
30109,APURIMAC,ABANCAY,TAMBURCO,"MOVIMIENTO ETNOCACERISTA REGIONAL AMA SUA, AMA LLULLA, AMA QUELLA",32,M,CASTELLANO
30109,APURIMAC,ABANCAY,TAMBURCO,MOVIMIENTO INDEPENDIENTE FUERZA CAMPESINA REGIONAL,353,M,CASTELLANO
30109,APURIMAC,ABANCAY,TAMBURCO,MOVIMIENTO POPULAR KALLPA,781,M,CASTELLANO
30109,APURIMAC,ABANCAY,TAMBURCO,PARTIDO APRISTA PERUANO,1380,M,CASTELLANO
30109,APURIMAC,ABANCAY,TAMBURCO,PODER POPULAR ANDINO,258,M,CASTELLANO
30109,APURIMAC,ABANCAY,TAMBURCO,UNION POR EL PERU,220,M,CASTELLANO
30202,APURIMAC,AYMARAES,CAPAYA,ALIANZA PARA EL PROGRESO,30,M,CASTELLANO
30202,APURIMAC,AYMARAES,CAPAYA,FUERZA POPULAR,131,M,CASTELLANO
30202,APURIMAC,AYMARAES,CAPAYA,MOVIMIENTO POPULAR KALLPA,199,M,CASTELLANO
30202,APURIMAC,AYMARAES,CAPAYA,PODER POPULAR ANDINO,20,M,CASTELLANO
30203,APURIMAC,AYMARAES,CARAYBAMBA,FUERZA POPULAR,336,M,CASTELLANO
30203,APURIMAC,AYMARAES,CARAYBAMBA,MOVIMIENTO POPULAR KALLPA,445,M,CASTELLANO
30204,APURIMAC,AYMARAES,COLCABAMBA,ALIANZA PARA EL PROGRESO,24,M,CASTELLANO
30204,APURIMAC,AYMARAES,COLCABAMBA,FUERZA POPULAR,69,M,CASTELLANO
30204,APURIMAC,AYMARAES,COLCABAMBA,MOVIMIENTO DE INTEGRACION KECHWA APURIMAC,127,M,CASTELLANO
30204,APURIMAC,AYMARAES,COLCABAMBA,MOVIMIENTO INDEPENDIENTE FUERZA CAMPESINA REGIONAL,126,M,CASTELLANO
30204,APURIMAC,AYMARAES,COLCABAMBA,MOVIMIENTO POPULAR KALLPA,84,M,CASTELLANO
30205,APURIMAC,AYMARAES,COTARUSE,FUERZA POPULAR,254,M,QUECHUA
30205,APURIMAC,AYMARAES,COTARUSE,MOVIMIENTO INDEPENDIENTE FUERZA CAMPESINA REGIONAL,459,M,QUECHUA
30205,APURIMAC,AYMARAES,COTARUSE,MOVIMIENTO POPULAR KALLPA,339,M,QUECHUA
30205,APURIMAC,AYMARAES,COTARUSE,PODER POPULAR ANDINO,28,M,QUECHUA
30205,APURIMAC,AYMARAES,COTARUSE,UNION POR EL PERU,266,M,QUECHUA
30206,APURIMAC,AYMARAES,CHAPIMARCA,ALIANZA PARA EL PROGRESO,104,M,QUECHUA
30206,APURIMAC,AYMARAES,CHAPIMARCA,"EL FRENTE AMPLIO POR JUSTICIA, VIDA Y LIBERTAD",24,M,QUECHUA
30206,APURIMAC,AYMARAES,CHAPIMARCA,FRENTE POPULAR LLAPANCHIK,103,M,QUECHUA
30206,APURIMAC,AYMARAES,CHAPIMARCA,FUERZA POPULAR,34,M,QUECHUA
30206,APURIMAC,AYMARAES,CHAPIMARCA,"MOVIMIENTO ETNOCACERISTA REGIONAL AMA SUA, AMA LLULLA, AMA QUELLA",175,M,QUECHUA
30206,APURIMAC,AYMARAES,CHAPIMARCA,MOVIMIENTO INDEPENDIENTE FUERZA CAMPESINA REGIONAL,315,M,QUECHUA
30206,APURIMAC,AYMARAES,CHAPIMARCA,MOVIMIENTO POPULAR KALLPA,269,M,QUECHUA
30206,APURIMAC,AYMARAES,CHAPIMARCA,PODER POPULAR ANDINO,90,M,QUECHUA
30206,APURIMAC,AYMARAES,CHAPIMARCA,UNION POR EL PERU,41,M,QUECHUA
30207,APURIMAC,AYMARAES,HUAYLLO,ALIANZA PARA EL PROGRESO,26,M,CASTELLANO
30207,APURIMAC,AYMARAES,HUAYLLO,MOVIMIENTO INDEPENDIENTE FUERZA CAMPESINA REGIONAL,133,M,CASTELLANO
30207,APURIMAC,AYMARAES,HUAYLLO,MOVIMIENTO POPULAR KALLPA,169,M,CASTELLANO
30207,APURIMAC,AYMARAES,HUAYLLO,PODER POPULAR ANDINO,92,M,CASTELLANO
30207,APURIMAC,AYMARAES,HUAYLLO,UNION POR EL PERU,19,M,CASTELLANO
30208,APURIMAC,AYMARAES,LUCRE,ALIANZA PARA EL PROGRESO,8,M,CASTELLANO
30208,APURIMAC,AYMARAES,LUCRE,FUERZA POPULAR,97,M,CASTELLANO
30208,APURIMAC,AYMARAES,LUCRE,MOVIMIENTO INDEPENDIENTE FUERZA CAMPESINA REGIONAL,420,M,CASTELLANO
30208,APURIMAC,AYMARAES,LUCRE,MOVIMIENTO POPULAR KALLPA,270,M,CASTELLANO
30208,APURIMAC,AYMARAES,LUCRE,UNION POR EL PERU,316,M,CASTELLANO
30209,APURIMAC,AYMARAES,POCOHUANCA,ALIANZA PARA EL PROGRESO,7,M,CASTELLANO
30209,APURIMAC,AYMARAES,POCOHUANCA,FUERZA POPULAR,5,M,CASTELLANO
30209,APURIMAC,AYMARAES,POCOHUANCA,MOVIMIENTO INDEPENDIENTE FUERZA CAMPESINA REGIONAL,265,M,CASTELLANO
30209,APURIMAC,AYMARAES,POCOHUANCA,MOVIMIENTO POPULAR KALLPA,352,M,CASTELLANO
30209,APURIMAC,AYMARAES,POCOHUANCA,PODER POPULAR ANDINO,167,M,CASTELLANO
30209,APURIMAC,AYMARAES,POCOHUANCA,UNION POR EL PERU,25,M,CASTELLANO
30210,APURIMAC,AYMARAES,SAÑAYCA,FUERZA POPULAR,77,M,CASTELLANO
30210,APURIMAC,AYMARAES,SAÑAYCA,MOVIMIENTO INDEPENDIENTE FUERZA CAMPESINA REGIONAL,34,M,CASTELLANO
30210,APURIMAC,AYMARAES,SAÑAYCA,MOVIMIENTO POPULAR KALLPA,73,M,CASTELLANO
30210,APURIMAC,AYMARAES,SAÑAYCA,PODER POPULAR ANDINO,156,M,CASTELLANO
30210,APURIMAC,AYMARAES,SAÑAYCA,UNION POR EL PERU,257,M,CASTELLANO
30211,APURIMAC,AYMARAES,SORAYA,FRENTE POPULAR LLAPANCHIK,21,M,CASTELLANO
30211,APURIMAC,AYMARAES,SORAYA,FUERZA POPULAR,128,M,CASTELLANO
30211,APURIMAC,AYMARAES,SORAYA,MOVIMIENTO INDEPENDIENTE FUERZA CAMPESINA REGIONAL,51,M,CASTELLANO
30211,APURIMAC,AYMARAES,SORAYA,MOVIMIENTO POPULAR KALLPA,38,M,CASTELLANO
30211,APURIMAC,AYMARAES,SORAYA,PODER POPULAR ANDINO,99,M,CASTELLANO
30211,APURIMAC,AYMARAES,SORAYA,UNION POR EL PERU,35,M,CASTELLANO
30212,APURIMAC,AYMARAES,TAPAIRIHUA,ALIANZA PARA EL PROGRESO,255,M,CASTELLANO
30212,APURIMAC,AYMARAES,TAPAIRIHUA,FUERZA POPULAR,94,M,CASTELLANO
30212,APURIMAC,AYMARAES,TAPAIRIHUA,MOVIMIENTO INDEPENDIENTE FUERZA CAMPESINA REGIONAL,327,M,CASTELLANO
30212,APURIMAC,AYMARAES,TAPAIRIHUA,MOVIMIENTO POPULAR KALLPA,356,M,CASTELLANO
30212,APURIMAC,AYMARAES,TAPAIRIHUA,PODER POPULAR ANDINO,39,M,CASTELLANO
30212,APURIMAC,AYMARAES,TAPAIRIHUA,UNION POR EL PERU,213,M,CASTELLANO
30213,APURIMAC,AYMARAES,TINTAY,ALIANZA PARA EL PROGRESO,105,M,CASTELLANO
30213,APURIMAC,AYMARAES,TINTAY,FUERZA POPULAR,182,M,CASTELLANO
30213,APURIMAC,AYMARAES,TINTAY,MOVIMIENTO INDEPENDIENTE FUERZA CAMPESINA REGIONAL,639,M,CASTELLANO
30213,APURIMAC,AYMARAES,TINTAY,MOVIMIENTO POPULAR KALLPA,382,M,CASTELLANO
30213,APURIMAC,AYMARAES,TINTAY,PODER POPULAR ANDINO,60,M,CASTELLANO
30213,APURIMAC,AYMARAES,TINTAY,UNION POR EL PERU,453,M,CASTELLANO
30214,APURIMAC,AYMARAES,TORAYA,ALIANZA PARA EL PROGRESO,218,M,CASTELLANO
30214,APURIMAC,AYMARAES,TORAYA,FUERZA POPULAR,112,M,CASTELLANO
30214,APURIMAC,AYMARAES,TORAYA,MOVIMIENTO INDEPENDIENTE FUERZA CAMPESINA REGIONAL,91,M,CASTELLANO
30214,APURIMAC,AYMARAES,TORAYA,MOVIMIENTO POPULAR KALLPA,96,M,CASTELLANO
30214,APURIMAC,AYMARAES,TORAYA,PARTIDO HUMANISTA PERUANO,22,M,CASTELLANO
30214,APURIMAC,AYMARAES,TORAYA,PODER POPULAR ANDINO,93,M,CASTELLANO
30214,APURIMAC,AYMARAES,TORAYA,UNION POR EL PERU,93,M,CASTELLANO
30215,APURIMAC,AYMARAES,YANACA,FUERZA POPULAR,111,M,CASTELLANO
30215,APURIMAC,AYMARAES,YANACA,"MOVIMIENTO ETNOCACERISTA REGIONAL AMA SUA, AMA LLULLA, AMA QUELLA",17,M,CASTELLANO
30215,APURIMAC,AYMARAES,YANACA,MOVIMIENTO INDEPENDIENTE FUERZA CAMPESINA REGIONAL,157,M,CASTELLANO
30215,APURIMAC,AYMARAES,YANACA,MOVIMIENTO POPULAR KALLPA,330,M,CASTELLANO
30215,APURIMAC,AYMARAES,YANACA,PODER POPULAR ANDINO,36,M,CASTELLANO
30215,APURIMAC,AYMARAES,YANACA,UNION POR EL PERU,10,M,CASTELLANO
30216,APURIMAC,AYMARAES,SAN JUAN DE CHACÑA,MOVIMIENTO INDEPENDIENTE FUERZA CAMPESINA REGIONAL,256,M,CASTELLANO
30216,APURIMAC,AYMARAES,SAN JUAN DE CHACÑA,PODER POPULAR ANDINO,301,M,CASTELLANO
30216,APURIMAC,AYMARAES,SAN JUAN DE CHACÑA,UNION POR EL PERU,16,M,CASTELLANO
30217,APURIMAC,AYMARAES,JUSTO APU SAHUARAURA,ALIANZA PARA EL PROGRESO,122,M,CASTELLANO
30217,APURIMAC,AYMARAES,JUSTO APU SAHUARAURA,FUERZA POPULAR,109,M,CASTELLANO
30217,APURIMAC,AYMARAES,JUSTO APU SAHUARAURA,MOVIMIENTO INDEPENDIENTE FUERZA CAMPESINA REGIONAL,132,M,CASTELLANO
30217,APURIMAC,AYMARAES,JUSTO APU SAHUARAURA,MOVIMIENTO POPULAR KALLPA,66,M,CASTELLANO
30302,APURIMAC,ANDAHUAYLAS,ANDARAPA,ALIANZA PARA EL PROGRESO,84,M,CASTELLANO
30302,APURIMAC,ANDAHUAYLAS,ANDARAPA,FUERZA POPULAR,425,M,CASTELLANO
30302,APURIMAC,ANDAHUAYLAS,ANDARAPA,MOVIMIENTO DE INTEGRACION KECHWA APURIMAC,11,M,CASTELLANO
30302,APURIMAC,ANDAHUAYLAS,ANDARAPA,"MOVIMIENTO ETNOCACERISTA REGIONAL AMA SUA, AMA LLULLA, AMA QUELLA",125,M,CASTELLANO
30302,APURIMAC,ANDAHUAYLAS,ANDARAPA,MOVIMIENTO INDEPENDIENTE FUERZA CAMPESINA REGIONAL,353,M,CASTELLANO
30302,APURIMAC,ANDAHUAYLAS,ANDARAPA,MOVIMIENTO POPULAR KALLPA,484,M,CASTELLANO
30302,APURIMAC,ANDAHUAYLAS,ANDARAPA,PERU POSIBLE,95,M,CASTELLANO
30302,APURIMAC,ANDAHUAYLAS,ANDARAPA,PODER POPULAR ANDINO,242,M,CASTELLANO
30302,APURIMAC,ANDAHUAYLAS,ANDARAPA,TODOS UNIDOS POR APURIMAC CHANKA,426,M,CASTELLANO
30302,APURIMAC,ANDAHUAYLAS,ANDARAPA,UNION POR EL PERU,1026,M,CASTELLANO
30303,APURIMAC,ANDAHUAYLAS,CHIARA,ALIANZA PARA EL PROGRESO,29,M,CASTELLANO
30303,APURIMAC,ANDAHUAYLAS,CHIARA,MOVIMIENTO DE INTEGRACION KECHWA APURIMAC,310,M,CASTELLANO
30303,APURIMAC,ANDAHUAYLAS,CHIARA,MOVIMIENTO POPULAR KALLPA,333,M,CASTELLANO
30303,APURIMAC,ANDAHUAYLAS,CHIARA,UNION POR EL PERU,37,M,CASTELLANO
30304,APURIMAC,ANDAHUAYLAS,HUANCARAMA,ACCION POPULAR,507,M,CASTELLANO
30304,APURIMAC,ANDAHUAYLAS,HUANCARAMA,ALIANZA PARA EL PROGRESO,124,M,CASTELLANO
30304,APURIMAC,ANDAHUAYLAS,HUANCARAMA,FUERZA POPULAR,584,M,CASTELLANO
30304,APURIMAC,ANDAHUAYLAS,HUANCARAMA,MOVIMIENTO DE INTEGRACION KECHWA APURIMAC,102,M,CASTELLANO
30304,APURIMAC,ANDAHUAYLAS,HUANCARAMA,MOVIMIENTO INDEPENDIENTE FUERZA CAMPESINA REGIONAL,560,M,CASTELLANO
30304,APURIMAC,ANDAHUAYLAS,HUANCARAMA,MOVIMIENTO POPULAR KALLPA,216,M,CASTELLANO
30304,APURIMAC,ANDAHUAYLAS,HUANCARAMA,PARTIDO HUMANISTA PERUANO,184,M,CASTELLANO
30304,APURIMAC,ANDAHUAYLAS,HUANCARAMA,PERU POSIBLE,174,M,CASTELLANO
30304,APURIMAC,ANDAHUAYLAS,HUANCARAMA,PODER POPULAR ANDINO,379,M,CASTELLANO
30304,APURIMAC,ANDAHUAYLAS,HUANCARAMA,TODOS UNIDOS POR APURIMAC CHANKA,19,M,CASTELLANO
30305,APURIMAC,ANDAHUAYLAS,HUANCARAY,ALIANZA PARA EL PROGRESO,519,M,QUECHUA
30305,APURIMAC,ANDAHUAYLAS,HUANCARAY,FUERZA POPULAR,187,M,QUECHUA
30305,APURIMAC,ANDAHUAYLAS,HUANCARAY,MOVIMIENTO DE INTEGRACION KECHWA APURIMAC,4,M,QUECHUA
30305,APURIMAC,ANDAHUAYLAS,HUANCARAY,MOVIMIENTO INDEPENDIENTE FUERZA CAMPESINA REGIONAL,308,M,QUECHUA
30305,APURIMAC,ANDAHUAYLAS,HUANCARAY,MOVIMIENTO POPULAR KALLPA,315,M,QUECHUA
30305,APURIMAC,ANDAHUAYLAS,HUANCARAY,PARTIDO HUMANISTA PERUANO,9,M,QUECHUA
30305,APURIMAC,ANDAHUAYLAS,HUANCARAY,PODER POPULAR ANDINO,29,M,QUECHUA
30305,APURIMAC,ANDAHUAYLAS,HUANCARAY,TODOS UNIDOS POR APURIMAC CHANKA,585,M,QUECHUA
30305,APURIMAC,ANDAHUAYLAS,HUANCARAY,UNION POR EL PERU,68,M,QUECHUA
30306,APURIMAC,ANDAHUAYLAS,KISHUARA,ALIANZA PARA EL PROGRESO,282,M,QUECHUA
30306,APURIMAC,ANDAHUAYLAS,KISHUARA,FUERZA POPULAR,116,M,QUECHUA
30306,APURIMAC,ANDAHUAYLAS,KISHUARA,MOVIMIENTO DE INTEGRACION KECHWA APURIMAC,371,M,QUECHUA
30306,APURIMAC,ANDAHUAYLAS,KISHUARA,MOVIMIENTO INDEPENDIENTE FUERZA CAMPESINA REGIONAL,349,M,QUECHUA
30306,APURIMAC,ANDAHUAYLAS,KISHUARA,MOVIMIENTO POPULAR KALLPA,1087,M,QUECHUA
30306,APURIMAC,ANDAHUAYLAS,KISHUARA,PARTIDO HUMANISTA PERUANO,350,M,QUECHUA
30306,APURIMAC,ANDAHUAYLAS,KISHUARA,PODER POPULAR ANDINO,635,M,QUECHUA
30306,APURIMAC,ANDAHUAYLAS,KISHUARA,TODOS UNIDOS POR APURIMAC CHANKA,172,M,QUECHUA
30306,APURIMAC,ANDAHUAYLAS,KISHUARA,UNION POR EL PERU,295,M,QUECHUA
30307,APURIMAC,ANDAHUAYLAS,PACOBAMBA,ACCION POPULAR,64,M,CASTELLANO
30307,APURIMAC,ANDAHUAYLAS,PACOBAMBA,ALIANZA PARA EL PROGRESO,236,M,CASTELLANO
30307,APURIMAC,ANDAHUAYLAS,PACOBAMBA,FUERZA POPULAR,89,M,CASTELLANO
30307,APURIMAC,ANDAHUAYLAS,PACOBAMBA,MOVIMIENTO DE INTEGRACION KECHWA APURIMAC,33,M,CASTELLANO
30307,APURIMAC,ANDAHUAYLAS,PACOBAMBA,"MOVIMIENTO ETNOCACERISTA REGIONAL AMA SUA, AMA LLULLA, AMA QUELLA",227,M,CASTELLANO
30307,APURIMAC,ANDAHUAYLAS,PACOBAMBA,MOVIMIENTO INDEPENDIENTE FUERZA CAMPESINA REGIONAL,46,M,CASTELLANO
30307,APURIMAC,ANDAHUAYLAS,PACOBAMBA,MOVIMIENTO POPULAR KALLPA,333,M,CASTELLANO
30307,APURIMAC,ANDAHUAYLAS,PACOBAMBA,PARTIDO HUMANISTA PERUANO,197,M,CASTELLANO
30307,APURIMAC,ANDAHUAYLAS,PACOBAMBA,PODER POPULAR ANDINO,388,M,CASTELLANO
30307,APURIMAC,ANDAHUAYLAS,PACOBAMBA,TODOS UNIDOS POR APURIMAC CHANKA,372,M,CASTELLANO
30307,APURIMAC,ANDAHUAYLAS,PACOBAMBA,UNION POR EL PERU,474,M,CASTELLANO
30308,APURIMAC,ANDAHUAYLAS,PAMPACHIRI,ALIANZA PARA EL PROGRESO,187,M,CASTELLANO
30308,APURIMAC,ANDAHUAYLAS,PAMPACHIRI,FUERZA POPULAR,1,M,CASTELLANO
30308,APURIMAC,ANDAHUAYLAS,PAMPACHIRI,MOVIMIENTO DE INTEGRACION KECHWA APURIMAC,10,M,CASTELLANO
30308,APURIMAC,ANDAHUAYLAS,PAMPACHIRI,MOVIMIENTO POPULAR KALLPA,216,M,CASTELLANO
30308,APURIMAC,ANDAHUAYLAS,PAMPACHIRI,PODER POPULAR ANDINO,205,M,CASTELLANO
30308,APURIMAC,ANDAHUAYLAS,PAMPACHIRI,TODOS UNIDOS POR APURIMAC CHANKA,42,M,CASTELLANO
30308,APURIMAC,ANDAHUAYLAS,PAMPACHIRI,UNION POR EL PERU,415,M,CASTELLANO
30309,APURIMAC,ANDAHUAYLAS,SAN ANTONIO DE CACHI,ALIANZA PARA EL PROGRESO,452,M,CASTELLANO
30309,APURIMAC,ANDAHUAYLAS,SAN ANTONIO DE CACHI,FUERZA POPULAR,289,M,CASTELLANO
30309,APURIMAC,ANDAHUAYLAS,SAN ANTONIO DE CACHI,MOVIMIENTO DE INTEGRACION KECHWA APURIMAC,135,M,CASTELLANO
30309,APURIMAC,ANDAHUAYLAS,SAN ANTONIO DE CACHI,MOVIMIENTO POPULAR KALLPA,280,M,CASTELLANO
30309,APURIMAC,ANDAHUAYLAS,SAN ANTONIO DE CACHI,PODER POPULAR ANDINO,97,M,CASTELLANO
30309,APURIMAC,ANDAHUAYLAS,SAN ANTONIO DE CACHI,TODOS UNIDOS POR APURIMAC CHANKA,198,M,CASTELLANO
30309,APURIMAC,ANDAHUAYLAS,SAN ANTONIO DE CACHI,UNION POR EL PERU,30,M,CASTELLANO
30310,APURIMAC,ANDAHUAYLAS,SAN JERONIMO,ACCION POPULAR,315,M,QUECHUA
30310,APURIMAC,ANDAHUAYLAS,SAN JERONIMO,ALIANZA PARA EL PROGRESO,114,M,QUECHUA
30310,APURIMAC,ANDAHUAYLAS,SAN JERONIMO,FUERZA POPULAR,1664,M,QUECHUA
30310,APURIMAC,ANDAHUAYLAS,SAN JERONIMO,MOVIMIENTO DE INTEGRACION KECHWA APURIMAC,49,M,QUECHUA
30310,APURIMAC,ANDAHUAYLAS,SAN JERONIMO,"MOVIMIENTO ETNOCACERISTA REGIONAL AMA SUA, AMA LLULLA, AMA QUELLA",72,M,QUECHUA
30310,APURIMAC,ANDAHUAYLAS,SAN JERONIMO,MOVIMIENTO INDEPENDIENTE FUERZA CAMPESINA REGIONAL,2072,M,QUECHUA
30310,APURIMAC,ANDAHUAYLAS,SAN JERONIMO,MOVIMIENTO POPULAR KALLPA,708,M,QUECHUA
30310,APURIMAC,ANDAHUAYLAS,SAN JERONIMO,PARTIDO HUMANISTA PERUANO,103,M,QUECHUA
30310,APURIMAC,ANDAHUAYLAS,SAN JERONIMO,PODER POPULAR ANDINO,375,M,QUECHUA
30310,APURIMAC,ANDAHUAYLAS,SAN JERONIMO,TODOS UNIDOS POR APURIMAC CHANKA,241,M,QUECHUA
30310,APURIMAC,ANDAHUAYLAS,SAN JERONIMO,UNION POR EL PERU,3491,M,QUECHUA
30311,APURIMAC,ANDAHUAYLAS,TALAVERA,ACCION POPULAR,590,M,CASTELLANO
30311,APURIMAC,ANDAHUAYLAS,TALAVERA,ALIANZA PARA EL PROGRESO,321,M,CASTELLANO
30311,APURIMAC,ANDAHUAYLAS,TALAVERA,FUERZA POPULAR,371,M,CASTELLANO
30311,APURIMAC,ANDAHUAYLAS,TALAVERA,MOVIMIENTO DE INTEGRACION KECHWA APURIMAC,362,M,CASTELLANO
30311,APURIMAC,ANDAHUAYLAS,TALAVERA,MOVIMIENTO INDEPENDIENTE FUERZA CAMPESINA REGIONAL,746,M,CASTELLANO
30311,APURIMAC,ANDAHUAYLAS,TALAVERA,MOVIMIENTO POPULAR KALLPA,1142,M,CASTELLANO
30311,APURIMAC,ANDAHUAYLAS,TALAVERA,PARTIDO DEMOCRATICO SOMOS PERU,348,M,CASTELLANO
30311,APURIMAC,ANDAHUAYLAS,TALAVERA,PARTIDO HUMANISTA PERUANO,297,M,CASTELLANO
30311,APURIMAC,ANDAHUAYLAS,TALAVERA,PERU POSIBLE,1151,M,CASTELLANO
30311,APURIMAC,ANDAHUAYLAS,TALAVERA,PODER POPULAR ANDINO,219,M,CASTELLANO
30311,APURIMAC,ANDAHUAYLAS,TALAVERA,TODOS UNIDOS POR APURIMAC CHANKA,1603,M,CASTELLANO
30311,APURIMAC,ANDAHUAYLAS,TALAVERA,UNION POR EL PERU,1228,M,CASTELLANO
30312,APURIMAC,ANDAHUAYLAS,TURPO,ALIANZA PARA EL PROGRESO,215,M,CASTELLANO
30312,APURIMAC,ANDAHUAYLAS,TURPO,FUERZA POPULAR,34,M,CASTELLANO
30312,APURIMAC,ANDAHUAYLAS,TURPO,MOVIMIENTO DE INTEGRACION KECHWA APURIMAC,442,M,CASTELLANO
30312,APURIMAC,ANDAHUAYLAS,TURPO,MOVIMIENTO POPULAR KALLPA,632,M,CASTELLANO
30312,APURIMAC,ANDAHUAYLAS,TURPO,PARTIDO HUMANISTA PERUANO,31,M,CASTELLANO
30312,APURIMAC,ANDAHUAYLAS,TURPO,PODER POPULAR ANDINO,24,M,CASTELLANO
30312,APURIMAC,ANDAHUAYLAS,TURPO,TODOS UNIDOS POR APURIMAC CHANKA,207,M,CASTELLANO
30312,APURIMAC,ANDAHUAYLAS,TURPO,UNION POR EL PERU,647,M,CASTELLANO
30313,APURIMAC,ANDAHUAYLAS,PACUCHA,ALIANZA PARA EL PROGRESO,210,M,CASTELLANO
30313,APURIMAC,ANDAHUAYLAS,PACUCHA,FUERZA POPULAR,793,M,CASTELLANO
30313,APURIMAC,ANDAHUAYLAS,PACUCHA,MOVIMIENTO DE INTEGRACION KECHWA APURIMAC,125,M,CASTELLANO
30313,APURIMAC,ANDAHUAYLAS,PACUCHA,MOVIMIENTO INDEPENDIENTE FUERZA CAMPESINA REGIONAL,95,M,CASTELLANO
30313,APURIMAC,ANDAHUAYLAS,PACUCHA,MOVIMIENTO POPULAR KALLPA,1282,M,CASTELLANO
30313,APURIMAC,ANDAHUAYLAS,PACUCHA,PARTIDO HUMANISTA PERUANO,107,M,CASTELLANO
30313,APURIMAC,ANDAHUAYLAS,PACUCHA,PODER POPULAR ANDINO,34,M,CASTELLANO
30313,APURIMAC,ANDAHUAYLAS,PACUCHA,TODOS UNIDOS POR APURIMAC CHANKA,465,M,CASTELLANO
30313,APURIMAC,ANDAHUAYLAS,PACUCHA,UNION POR EL PERU,1939,M,CASTELLANO
30314,APURIMAC,ANDAHUAYLAS,POMACOCHA,FUERZA POPULAR,5,M,CASTELLANO
30314,APURIMAC,ANDAHUAYLAS,POMACOCHA,MOVIMIENTO DE INTEGRACION KECHWA APURIMAC,2,M,CASTELLANO
30314,APURIMAC,ANDAHUAYLAS,POMACOCHA,MOVIMIENTO INDEPENDIENTE FUERZA CAMPESINA REGIONAL,38,M,CASTELLANO
30314,APURIMAC,ANDAHUAYLAS,POMACOCHA,MOVIMIENTO POPULAR KALLPA,260,M,CASTELLANO
30314,APURIMAC,ANDAHUAYLAS,POMACOCHA,PODER POPULAR ANDINO,13,M,CASTELLANO
30314,APURIMAC,ANDAHUAYLAS,POMACOCHA,UNION POR EL PERU,156,M,CASTELLANO
30315,APURIMAC,ANDAHUAYLAS,SANTA MARIA DE CHICMO,ALIANZA PARA EL PROGRESO,171,M,CASTELLANO
30315,APURIMAC,ANDAHUAYLAS,SANTA MARIA DE CHICMO,FUERZA POPULAR,1013,M,CASTELLANO
30315,APURIMAC,ANDAHUAYLAS,SANTA MARIA DE CHICMO,MOVIMIENTO DE INTEGRACION KECHWA APURIMAC,19,M,CASTELLANO
30315,APURIMAC,ANDAHUAYLAS,SANTA MARIA DE CHICMO,MOVIMIENTO INDEPENDIENTE FUERZA CAMPESINA REGIONAL,25,M,CASTELLANO
30315,APURIMAC,ANDAHUAYLAS,SANTA MARIA DE CHICMO,MOVIMIENTO POPULAR KALLPA,1653,M,CASTELLANO
30315,APURIMAC,ANDAHUAYLAS,SANTA MARIA DE CHICMO,PERU POSIBLE,24,M,CASTELLANO
30315,APURIMAC,ANDAHUAYLAS,SANTA MARIA DE CHICMO,PODER POPULAR ANDINO,748,M,CASTELLANO
30315,APURIMAC,ANDAHUAYLAS,SANTA MARIA DE CHICMO,UNION POR EL PERU,1104,M,CASTELLANO
30316,APURIMAC,ANDAHUAYLAS,TUMAY HUARACA,FUERZA POPULAR,152,F,CASTELLANO
30316,APURIMAC,ANDAHUAYLAS,TUMAY HUARACA,MOVIMIENTO DE INTEGRACION KECHWA APURIMAC,177,F,CASTELLANO
30316,APURIMAC,ANDAHUAYLAS,TUMAY HUARACA,MOVIMIENTO POPULAR KALLPA,247,F,CASTELLANO
30316,APURIMAC,ANDAHUAYLAS,TUMAY HUARACA,PARTIDO HUMANISTA PERUANO,26,F,CASTELLANO
30316,APURIMAC,ANDAHUAYLAS,TUMAY HUARACA,PODER POPULAR ANDINO,82,F,CASTELLANO
30316,APURIMAC,ANDAHUAYLAS,TUMAY HUARACA,TODOS UNIDOS POR APURIMAC CHANKA,164,F,CASTELLANO
30316,APURIMAC,ANDAHUAYLAS,TUMAY HUARACA,UNION POR EL PERU,111,F,CASTELLANO
30317,APURIMAC,ANDAHUAYLAS,HUAYANA,ALIANZA PARA EL PROGRESO,13,M,CASTELLANO
30317,APURIMAC,ANDAHUAYLAS,HUAYANA,FUERZA POPULAR,244,M,CASTELLANO
30317,APURIMAC,ANDAHUAYLAS,HUAYANA,MOVIMIENTO POPULAR KALLPA,22,M,CASTELLANO
30317,APURIMAC,ANDAHUAYLAS,HUAYANA,PODER POPULAR ANDINO,25,M,CASTELLANO
30317,APURIMAC,ANDAHUAYLAS,HUAYANA,TODOS UNIDOS POR APURIMAC CHANKA,71,M,CASTELLANO
30317,APURIMAC,ANDAHUAYLAS,HUAYANA,UNION POR EL PERU,183,M,CASTELLANO
30318,APURIMAC,ANDAHUAYLAS,SAN MIGUEL DE CHACCRAMPA,ALIANZA PARA EL PROGRESO,27,M,CASTELLANO
30318,APURIMAC,ANDAHUAYLAS,SAN MIGUEL DE CHACCRAMPA,FUERZA POPULAR,4,M,CASTELLANO
30318,APURIMAC,ANDAHUAYLAS,SAN MIGUEL DE CHACCRAMPA,MOVIMIENTO DE INTEGRACION KECHWA APURIMAC,168,M,CASTELLANO
30318,APURIMAC,ANDAHUAYLAS,SAN MIGUEL DE CHACCRAMPA,MOVIMIENTO POPULAR KALLPA,186,M,CASTELLANO
30318,APURIMAC,ANDAHUAYLAS,SAN MIGUEL DE CHACCRAMPA,PODER POPULAR ANDINO,175,M,CASTELLANO
30318,APURIMAC,ANDAHUAYLAS,SAN MIGUEL DE CHACCRAMPA,TODOS UNIDOS POR APURIMAC CHANKA,173,M,CASTELLANO
30318,APURIMAC,ANDAHUAYLAS,SAN MIGUEL DE CHACCRAMPA,UNION POR EL PERU,279,M,CASTELLANO
30319,APURIMAC,ANDAHUAYLAS,KAQUIABAMBA,ALIANZA PARA EL PROGRESO,101,M,CASTELLANO
30319,APURIMAC,ANDAHUAYLAS,KAQUIABAMBA,FUERZA POPULAR,344,M,CASTELLANO
30319,APURIMAC,ANDAHUAYLAS,KAQUIABAMBA,MOVIMIENTO POPULAR KALLPA,462,M,CASTELLANO
30319,APURIMAC,ANDAHUAYLAS,KAQUIABAMBA,UNION POR EL PERU,448,M,CASTELLANO
30402,APURIMAC,ANTABAMBA,EL ORO,FUERZA POPULAR,26,M,CASTELLANO
30402,APURIMAC,ANTABAMBA,EL ORO,MOVIMIENTO INDEPENDIENTE FUERZA CAMPESINA REGIONAL,37,M,CASTELLANO
30402,APURIMAC,ANTABAMBA,EL ORO,MOVIMIENTO POPULAR KALLPA,133,M,CASTELLANO
30402,APURIMAC,ANTABAMBA,EL ORO,PODER POPULAR ANDINO,120,M,CASTELLANO
30402,APURIMAC,ANTABAMBA,EL ORO,UNION POR EL PERU,78,M,CASTELLANO
30403,APURIMAC,ANTABAMBA,HUAQUIRCA,ALIANZA PARA EL PROGRESO,34,M,CASTELLANO
30403,APURIMAC,ANTABAMBA,HUAQUIRCA,FUERZA POPULAR,18,M,CASTELLANO
30403,APURIMAC,ANTABAMBA,HUAQUIRCA,MOVIMIENTO INDEPENDIENTE FUERZA CAMPESINA REGIONAL,326,M,CASTELLANO
30403,APURIMAC,ANTABAMBA,HUAQUIRCA,MOVIMIENTO POPULAR KALLPA,50,M,CASTELLANO
30403,APURIMAC,ANTABAMBA,HUAQUIRCA,PODER POPULAR ANDINO,225,M,CASTELLANO
30404,APURIMAC,ANTABAMBA,JUAN ESPINOZA MEDRANO,FUERZA POPULAR,20,M,QUECHUA
30404,APURIMAC,ANTABAMBA,JUAN ESPINOZA MEDRANO,MOVIMIENTO INDEPENDIENTE FUERZA CAMPESINA REGIONAL,104,M,QUECHUA
30404,APURIMAC,ANTABAMBA,JUAN ESPINOZA MEDRANO,MOVIMIENTO POPULAR KALLPA,364,M,QUECHUA
30404,APURIMAC,ANTABAMBA,JUAN ESPINOZA MEDRANO,PODER POPULAR ANDINO,205,M,QUECHUA
30404,APURIMAC,ANTABAMBA,JUAN ESPINOZA MEDRANO,UNION POR EL PERU,377,M,QUECHUA
30405,APURIMAC,ANTABAMBA,OROPESA,ALIANZA PARA EL PROGRESO,24,M,CASTELLANO
30405,APURIMAC,ANTABAMBA,OROPESA,MOVIMIENTO DE INTEGRACION KECHWA APURIMAC,314,M,CASTELLANO
30405,APURIMAC,ANTABAMBA,OROPESA,MOVIMIENTO POPULAR KALLPA,121,M,CASTELLANO
30405,APURIMAC,ANTABAMBA,OROPESA,PODER POPULAR ANDINO,44,M,CASTELLANO
30405,APURIMAC,ANTABAMBA,OROPESA,UNION POR EL PERU,501,M,CASTELLANO
30406,APURIMAC,ANTABAMBA,PACHACONAS,ALIANZA PARA EL PROGRESO,142,M,QUECHUA
30406,APURIMAC,ANTABAMBA,PACHACONAS,"EL FRENTE AMPLIO POR JUSTICIA, VIDA Y LIBERTAD",48,M,QUECHUA
30406,APURIMAC,ANTABAMBA,PACHACONAS,FUERZA POPULAR,204,M,QUECHUA
30406,APURIMAC,ANTABAMBA,PACHACONAS,MOVIMIENTO DE INTEGRACION KECHWA APURIMAC,9,M,QUECHUA
30406,APURIMAC,ANTABAMBA,PACHACONAS,MOVIMIENTO INDEPENDIENTE FUERZA CAMPESINA REGIONAL,115,M,QUECHUA
30406,APURIMAC,ANTABAMBA,PACHACONAS,MOVIMIENTO POPULAR KALLPA,52,M,QUECHUA
30406,APURIMAC,ANTABAMBA,PACHACONAS,PODER POPULAR ANDINO,86,M,QUECHUA
30406,APURIMAC,ANTABAMBA,PACHACONAS,UNION POR EL PERU,101,M,QUECHUA
30407,APURIMAC,ANTABAMBA,SABAINO,ALIANZA PARA EL PROGRESO,29,M,CASTELLANO
30407,APURIMAC,ANTABAMBA,SABAINO,FUERZA POPULAR,21,M,CASTELLANO
30407,APURIMAC,ANTABAMBA,SABAINO,MOVIMIENTO INDEPENDIENTE FUERZA CAMPESINA REGIONAL,99,M,CASTELLANO
30407,APURIMAC,ANTABAMBA,SABAINO,MOVIMIENTO POPULAR KALLPA,249,M,CASTELLANO
30407,APURIMAC,ANTABAMBA,SABAINO,PARTIDO HUMANISTA PERUANO,97,M,CASTELLANO
30407,APURIMAC,ANTABAMBA,SABAINO,PODER POPULAR ANDINO,101,M,CASTELLANO
30407,APURIMAC,ANTABAMBA,SABAINO,UNION POR EL PERU,164,M,CASTELLANO
30502,APURIMAC,COTABAMBAS,COYLLURQUI,ALIANZA PARA EL PROGRESO,186,M,CASTELLANO
30502,APURIMAC,COTABAMBAS,COYLLURQUI,FUERZA POPULAR,444,M,CASTELLANO
30502,APURIMAC,COTABAMBAS,COYLLURQUI,MOVIMIENTO INDEPENDIENTE FUERZA CAMPESINA REGIONAL,550,M,CASTELLANO
30502,APURIMAC,COTABAMBAS,COYLLURQUI,MOVIMIENTO POPULAR KALLPA,702,M,CASTELLANO
30502,APURIMAC,COTABAMBAS,COYLLURQUI,PODER POPULAR ANDINO,363,M,CASTELLANO
30502,APURIMAC,COTABAMBAS,COYLLURQUI,UNION POR EL PERU,763,M,CASTELLANO
30503,APURIMAC,COTABAMBAS,COTABAMBAS,"EL FRENTE AMPLIO POR JUSTICIA, VIDA Y LIBERTAD",43,M,CASTELLANO
30503,APURIMAC,COTABAMBAS,COTABAMBAS,FRENTE POPULAR LLAPANCHIK,105,M,CASTELLANO
30503,APURIMAC,COTABAMBAS,COTABAMBAS,FUERZA POPULAR,320,M,CASTELLANO
30503,APURIMAC,COTABAMBAS,COTABAMBAS,MOVIMIENTO DE INTEGRACION KECHWA APURIMAC,29,M,CASTELLANO
30503,APURIMAC,COTABAMBAS,COTABAMBAS,MOVIMIENTO INDEPENDIENTE FUERZA CAMPESINA REGIONAL,321,M,CASTELLANO
30503,APURIMAC,COTABAMBAS,COTABAMBAS,MOVIMIENTO POPULAR KALLPA,442,M,CASTELLANO
30503,APURIMAC,COTABAMBAS,COTABAMBAS,PODER POPULAR ANDINO,322,M,CASTELLANO
30503,APURIMAC,COTABAMBAS,COTABAMBAS,UNION POR EL PERU,316,M,CASTELLANO
30504,APURIMAC,COTABAMBAS,HAQUIRA,ALIANZA PARA EL PROGRESO,250,M,CASTELLANO
30504,APURIMAC,COTABAMBAS,HAQUIRA,FUERZA POPULAR,460,M,CASTELLANO
30504,APURIMAC,COTABAMBAS,HAQUIRA,MOVIMIENTO INDEPENDIENTE FUERZA CAMPESINA REGIONAL,887,M,CASTELLANO
30504,APURIMAC,COTABAMBAS,HAQUIRA,MOVIMIENTO POPULAR KALLPA,978,M,CASTELLANO
30504,APURIMAC,COTABAMBAS,HAQUIRA,PODER POPULAR ANDINO,639,M,CASTELLANO
30504,APURIMAC,COTABAMBAS,HAQUIRA,UNION POR EL PERU,387,M,CASTELLANO
30505,APURIMAC,COTABAMBAS,MARA,FUERZA POPULAR,610,M,AYMARA
30505,APURIMAC,COTABAMBAS,MARA,MOVIMIENTO DE INTEGRACION KECHWA APURIMAC,195,M,AYMARA
30505,APURIMAC,COTABAMBAS,MARA,MOVIMIENTO INDEPENDIENTE FUERZA CAMPESINA REGIONAL,308,M,AYMARA
30505,APURIMAC,COTABAMBAS,MARA,MOVIMIENTO POPULAR KALLPA,614,M,AYMARA
30505,APURIMAC,COTABAMBAS,MARA,PODER POPULAR ANDINO,541,M,AYMARA
30505,APURIMAC,COTABAMBAS,MARA,UNION POR EL PERU,74,M,AYMARA
30506,APURIMAC,COTABAMBAS,CHALLHUAHUACHO,ALIANZA PARA EL PROGRESO,305,M,AYMARA
30506,APURIMAC,COTABAMBAS,CHALLHUAHUACHO,FUERZA POPULAR,442,M,AYMARA
30506,APURIMAC,COTABAMBAS,CHALLHUAHUACHO,MOVIMIENTO INDEPENDIENTE FUERZA CAMPESINA REGIONAL,1211,M,AYMARA
30506,APURIMAC,COTABAMBAS,CHALLHUAHUACHO,MOVIMIENTO POPULAR KALLPA,1255,M,AYMARA
30506,APURIMAC,COTABAMBAS,CHALLHUAHUACHO,PODER POPULAR ANDINO,568,M,AYMARA
30506,APURIMAC,COTABAMBAS,CHALLHUAHUACHO,UNION POR EL PERU,144,M,AYMARA
30602,APURIMAC,GRAU,CURPAHUASI,ALIANZA PARA EL PROGRESO,197,M,QUECHUA
30602,APURIMAC,GRAU,CURPAHUASI,FUERZA POPULAR,89,M,QUECHUA
30602,APURIMAC,GRAU,CURPAHUASI,MOVIMIENTO INDEPENDIENTE FUERZA CAMPESINA REGIONAL,274,M,QUECHUA
30602,APURIMAC,GRAU,CURPAHUASI,MOVIMIENTO POPULAR KALLPA,316,M,QUECHUA
30602,APURIMAC,GRAU,CURPAHUASI,PODER POPULAR ANDINO,275,M,QUECHUA
30602,APURIMAC,GRAU,CURPAHUASI,UNION POR EL PERU,18,M,QUECHUA
30603,APURIMAC,GRAU,HUAYLLATI,ALIANZA PARA EL PROGRESO,111,M,CASTELLANO
30603,APURIMAC,GRAU,HUAYLLATI,FUERZA POPULAR,129,M,CASTELLANO
30603,APURIMAC,GRAU,HUAYLLATI,MOVIMIENTO INDEPENDIENTE FUERZA CAMPESINA REGIONAL,132,M,CASTELLANO
30603,APURIMAC,GRAU,HUAYLLATI,MOVIMIENTO POPULAR KALLPA,243,M,CASTELLANO
30603,APURIMAC,GRAU,HUAYLLATI,PODER POPULAR ANDINO,123,M,CASTELLANO
30603,APURIMAC,GRAU,HUAYLLATI,UNION POR EL PERU,109,M,CASTELLANO
30604,APURIMAC,GRAU,MAMARA,FUERZA POPULAR,17,M,QUECHUA
30604,APURIMAC,GRAU,MAMARA,MOVIMIENTO DE INTEGRACION KECHWA APURIMAC,150,M,QUECHUA
30604,APURIMAC,GRAU,MAMARA,MOVIMIENTO INDEPENDIENTE FUERZA CAMPESINA REGIONAL,43,M,QUECHUA
30604,APURIMAC,GRAU,MAMARA,MOVIMIENTO POPULAR KALLPA,158,M,QUECHUA
30604,APURIMAC,GRAU,MAMARA,PODER POPULAR ANDINO,119,M,QUECHUA
30605,APURIMAC,GRAU,MARISCAL GAMARRA,ALIANZA PARA EL PROGRESO,192,M,CASTELLANO
30605,APURIMAC,GRAU,MARISCAL GAMARRA,FUERZA POPULAR,211,M,CASTELLANO
30605,APURIMAC,GRAU,MARISCAL GAMARRA,MOVIMIENTO INDEPENDIENTE FUERZA CAMPESINA REGIONAL,347,M,CASTELLANO
30605,APURIMAC,GRAU,MARISCAL GAMARRA,MOVIMIENTO POPULAR KALLPA,485,M,CASTELLANO
30605,APURIMAC,GRAU,MARISCAL GAMARRA,PODER POPULAR ANDINO,266,M,CASTELLANO
30605,APURIMAC,GRAU,MARISCAL GAMARRA,UNION POR EL PERU,653,M,CASTELLANO
30606,APURIMAC,GRAU,MICAELA BASTIDAS,MOVIMIENTO INDEPENDIENTE FUERZA CAMPESINA REGIONAL,191,M,CASTELLANO
30606,APURIMAC,GRAU,MICAELA BASTIDAS,MOVIMIENTO POPULAR KALLPA,298,M,CASTELLANO
30606,APURIMAC,GRAU,MICAELA BASTIDAS,PODER POPULAR ANDINO,60,M,CASTELLANO
30606,APURIMAC,GRAU,MICAELA BASTIDAS,UNION POR EL PERU,25,M,CASTELLANO
30607,APURIMAC,GRAU,PROGRESO,ALIANZA PARA EL PROGRESO,338,M,CASTELLANO
30607,APURIMAC,GRAU,PROGRESO,FUERZA POPULAR,140,M,CASTELLANO
30607,APURIMAC,GRAU,PROGRESO,MOVIMIENTO DE INTEGRACION KECHWA APURIMAC,194,M,CASTELLANO
30607,APURIMAC,GRAU,PROGRESO,"MOVIMIENTO ETNOCACERISTA REGIONAL AMA SUA, AMA LLULLA, AMA QUELLA",14,M,CASTELLANO
30607,APURIMAC,GRAU,PROGRESO,MOVIMIENTO INDEPENDIENTE FUERZA CAMPESINA REGIONAL,155,M,CASTELLANO
30607,APURIMAC,GRAU,PROGRESO,MOVIMIENTO POPULAR KALLPA,437,M,CASTELLANO
30607,APURIMAC,GRAU,PROGRESO,PODER POPULAR ANDINO,69,M,CASTELLANO
30607,APURIMAC,GRAU,PROGRESO,UNION POR EL PERU,79,M,CASTELLANO
30608,APURIMAC,GRAU,PATAYPAMPA,ALIANZA PARA EL PROGRESO,22,M,CASTELLANO
30608,APURIMAC,GRAU,PATAYPAMPA,FUERZA POPULAR,56,M,CASTELLANO
30608,APURIMAC,GRAU,PATAYPAMPA,MOVIMIENTO INDEPENDIENTE FUERZA CAMPESINA REGIONAL,3,M,CASTELLANO
30608,APURIMAC,GRAU,PATAYPAMPA,MOVIMIENTO POPULAR KALLPA,282,M,CASTELLANO
30608,APURIMAC,GRAU,PATAYPAMPA,PODER POPULAR ANDINO,198,M,CASTELLANO
30609,APURIMAC,GRAU,SAN ANTONIO,ALIANZA PARA EL PROGRESO,37,F,CASTELLANO
30609,APURIMAC,GRAU,SAN ANTONIO,FUERZA POPULAR,20,F,CASTELLANO
30609,APURIMAC,GRAU,SAN ANTONIO,MOVIMIENTO POPULAR KALLPA,77,F,CASTELLANO
30609,APURIMAC,GRAU,SAN ANTONIO,PODER POPULAR ANDINO,123,F,CASTELLANO
30610,APURIMAC,GRAU,TURPAY,MOVIMIENTO INDEPENDIENTE FUERZA CAMPESINA REGIONAL,99,M,QUECHUA
30610,APURIMAC,GRAU,TURPAY,MOVIMIENTO POPULAR KALLPA,176,M,QUECHUA
30610,APURIMAC,GRAU,TURPAY,PODER POPULAR ANDINO,156,M,QUECHUA
30611,APURIMAC,GRAU,VILCABAMBA,MOVIMIENTO INDEPENDIENTE FUERZA CAMPESINA REGIONAL,280,M,CASTELLANO
30611,APURIMAC,GRAU,VILCABAMBA,MOVIMIENTO POPULAR KALLPA,233,M,CASTELLANO
30611,APURIMAC,GRAU,VILCABAMBA,PODER POPULAR ANDINO,16,M,CASTELLANO
30611,APURIMAC,GRAU,VILCABAMBA,UNION POR EL PERU,59,M,CASTELLANO
30612,APURIMAC,GRAU,VIRUNDO,ALIANZA PARA EL PROGRESO,70,F,CASTELLANO
30612,APURIMAC,GRAU,VIRUNDO,FUERZA POPULAR,89,F,CASTELLANO
30612,APURIMAC,GRAU,VIRUNDO,MOVIMIENTO DE INTEGRACION KECHWA APURIMAC,149,F,CASTELLANO
30612,APURIMAC,GRAU,VIRUNDO,MOVIMIENTO INDEPENDIENTE FUERZA CAMPESINA REGIONAL,103,F,CASTELLANO
30612,APURIMAC,GRAU,VIRUNDO,MOVIMIENTO POPULAR KALLPA,138,F,CASTELLANO
30612,APURIMAC,GRAU,VIRUNDO,PODER POPULAR ANDINO,2,F,CASTELLANO
30613,APURIMAC,GRAU,SANTA ROSA,ALIANZA PARA EL PROGRESO,91,M,QUECHUA
30613,APURIMAC,GRAU,SANTA ROSA,FUERZA POPULAR,8,M,QUECHUA
30613,APURIMAC,GRAU,SANTA ROSA,MOVIMIENTO INDEPENDIENTE FUERZA CAMPESINA REGIONAL,110,M,QUECHUA
30613,APURIMAC,GRAU,SANTA ROSA,MOVIMIENTO POPULAR KALLPA,171,M,QUECHUA
30614,APURIMAC,GRAU,CURASCO,ALIANZA PARA EL PROGRESO,137,M,CASTELLANO
30614,APURIMAC,GRAU,CURASCO,FUERZA POPULAR,60,M,CASTELLANO
30614,APURIMAC,GRAU,CURASCO,MOVIMIENTO DE INTEGRACION KECHWA APURIMAC,36,M,CASTELLANO
30614,APURIMAC,GRAU,CURASCO,MOVIMIENTO INDEPENDIENTE FUERZA CAMPESINA REGIONAL,129,M,CASTELLANO
30614,APURIMAC,GRAU,CURASCO,MOVIMIENTO POPULAR KALLPA,84,M,CASTELLANO
30614,APURIMAC,GRAU,CURASCO,PODER POPULAR ANDINO,155,M,CASTELLANO
30614,APURIMAC,GRAU,CURASCO,UNION POR EL PERU,68,M,CASTELLANO
30702,APURIMAC,CHINCHEROS,ONGOY,ALIANZA PARA EL PROGRESO,337,M,CASTELLANO
30702,APURIMAC,CHINCHEROS,ONGOY,FUERZA POPULAR,588,M,CASTELLANO
30702,APURIMAC,CHINCHEROS,ONGOY,MOVIMIENTO DE INTEGRACION KECHWA APURIMAC,1,M,CASTELLANO
30702,APURIMAC,CHINCHEROS,ONGOY,MOVIMIENTO INDEPENDIENTE FUERZA CAMPESINA REGIONAL,1113,M,CASTELLANO
30702,APURIMAC,CHINCHEROS,ONGOY,PARTIDO HUMANISTA PERUANO,56,M,CASTELLANO
30702,APURIMAC,CHINCHEROS,ONGOY,PODER POPULAR ANDINO,1255,M,CASTELLANO
30702,APURIMAC,CHINCHEROS,ONGOY,UNION POR EL PERU,11,M,CASTELLANO
30703,APURIMAC,CHINCHEROS,OCOBAMBA,ALIANZA PARA EL PROGRESO,18,M,CASTELLANO
30703,APURIMAC,CHINCHEROS,OCOBAMBA,FUERZA POPULAR,903,M,CASTELLANO
30703,APURIMAC,CHINCHEROS,OCOBAMBA,MOVIMIENTO INDEPENDIENTE FUERZA CAMPESINA REGIONAL,650,M,CASTELLANO
30703,APURIMAC,CHINCHEROS,OCOBAMBA,MOVIMIENTO POPULAR KALLPA,451,M,CASTELLANO
30703,APURIMAC,CHINCHEROS,OCOBAMBA,PODER POPULAR ANDINO,1190,M,CASTELLANO
30703,APURIMAC,CHINCHEROS,OCOBAMBA,UNION POR EL PERU,47,M,CASTELLANO
30704,APURIMAC,CHINCHEROS,COCHARCAS,ALIANZA PARA EL PROGRESO,276,M,QUECHUA
30704,APURIMAC,CHINCHEROS,COCHARCAS,FUERZA POPULAR,3,M,QUECHUA
30704,APURIMAC,CHINCHEROS,COCHARCAS,MOVIMIENTO INDEPENDIENTE FUERZA CAMPESINA REGIONAL,445,M,QUECHUA
30704,APURIMAC,CHINCHEROS,COCHARCAS,MOVIMIENTO POPULAR KALLPA,182,M,QUECHUA
30704,APURIMAC,CHINCHEROS,COCHARCAS,PODER POPULAR ANDINO,95,M,QUECHUA
30704,APURIMAC,CHINCHEROS,COCHARCAS,UNION POR EL PERU,4,M,QUECHUA
30705,APURIMAC,CHINCHEROS,ANCO-HUALLO,ALIANZA PARA EL PROGRESO,80,M,QUECHUA
30705,APURIMAC,CHINCHEROS,ANCO-HUALLO,FUERZA POPULAR,262,M,QUECHUA
30705,APURIMAC,CHINCHEROS,ANCO-HUALLO,MOVIMIENTO INDEPENDIENTE FUERZA CAMPESINA REGIONAL,1175,M,QUECHUA
30705,APURIMAC,CHINCHEROS,ANCO-HUALLO,MOVIMIENTO LOCAL LLAQTAMASINCHIK,1835,M,QUECHUA
30705,APURIMAC,CHINCHEROS,ANCO-HUALLO,MOVIMIENTO POPULAR KALLPA,794,M,QUECHUA
30705,APURIMAC,CHINCHEROS,ANCO-HUALLO,PARTIDO HUMANISTA PERUANO,44,M,QUECHUA
30705,APURIMAC,CHINCHEROS,ANCO-HUALLO,PODER POPULAR ANDINO,274,M,QUECHUA
30705,APURIMAC,CHINCHEROS,ANCO-HUALLO,UNION POR EL PERU,197,M,QUECHUA
30706,APURIMAC,CHINCHEROS,HUACCANA,ALIANZA PARA EL PROGRESO,596,M,CASTELLANO
30706,APURIMAC,CHINCHEROS,HUACCANA,FUERZA POPULAR,359,M,CASTELLANO
30706,APURIMAC,CHINCHEROS,HUACCANA,MOVIMIENTO INDEPENDIENTE FUERZA CAMPESINA REGIONAL,637,M,CASTELLANO
30706,APURIMAC,CHINCHEROS,HUACCANA,MOVIMIENTO POPULAR KALLPA,1393,M,CASTELLANO
30706,APURIMAC,CHINCHEROS,HUACCANA,PODER POPULAR ANDINO,889,M,CASTELLANO
30706,APURIMAC,CHINCHEROS,HUACCANA,UNION POR EL PERU,144,M,CASTELLANO
30707,APURIMAC,CHINCHEROS,URANMARCA,ALIANZA PARA EL PROGRESO,2,M,CASTELLANO
30707,APURIMAC,CHINCHEROS,URANMARCA,FUERZA POPULAR,3,M,CASTELLANO
30707,APURIMAC,CHINCHEROS,URANMARCA,MOVIMIENTO INDEPENDIENTE FUERZA CAMPESINA REGIONAL,360,M,CASTELLANO
30707,APURIMAC,CHINCHEROS,URANMARCA,MOVIMIENTO POPULAR KALLPA,428,M,CASTELLANO
30707,APURIMAC,CHINCHEROS,URANMARCA,PODER POPULAR ANDINO,346,M,CASTELLANO
30707,APURIMAC,CHINCHEROS,URANMARCA,UNION POR EL PERU,9,M,CASTELLANO
30708,APURIMAC,CHINCHEROS,RANRACANCHA,ALIANZA PARA EL PROGRESO,594,M,CASTELLANO
30708,APURIMAC,CHINCHEROS,RANRACANCHA,FUERZA POPULAR,509,M,CASTELLANO
30708,APURIMAC,CHINCHEROS,RANRACANCHA,MOVIMIENTO INDEPENDIENTE FUERZA CAMPESINA REGIONAL,120,M,CASTELLANO
30708,APURIMAC,CHINCHEROS,RANRACANCHA,MOVIMIENTO POPULAR KALLPA,664,M,CASTELLANO
30708,APURIMAC,CHINCHEROS,RANRACANCHA,PODER POPULAR ANDINO,21,M,CASTELLANO
30708,APURIMAC,CHINCHEROS,RANRACANCHA,UNION POR EL PERU,16,M,CASTELLANO
40102,AREQUIPA,AREQUIPA,CAYMA,ACCION POPULAR,855,M,CASTELLANO
40102,AREQUIPA,AREQUIPA,CAYMA,AREQUIPA - UNIDOS POR EL GRAN CAMBIO,3986,M,CASTELLANO
40102,AREQUIPA,AREQUIPA,CAYMA,AREQUIPA RENACE,11739,M,CASTELLANO
40102,AREQUIPA,AREQUIPA,CAYMA,"AREQUIPA, TRADICION Y FUTURO",1860,M,CASTELLANO
40102,AREQUIPA,AREQUIPA,CAYMA,DEMOCRACIA DIRECTA,540,M,CASTELLANO
40102,AREQUIPA,AREQUIPA,CAYMA,FUERZA AREQUIPEÑA,5927,M,CASTELLANO
40102,AREQUIPA,AREQUIPA,CAYMA,JUNTOS POR EL DESARROLLO DE AREQUIPA,9116,M,CASTELLANO
40102,AREQUIPA,AREQUIPA,CAYMA,MOVIMIENTO REGIONAL AREQUIPA AVANCEMOS,921,M,CASTELLANO
40102,AREQUIPA,AREQUIPA,CAYMA,PERU PATRIA SEGURA,207,M,CASTELLANO
40102,AREQUIPA,AREQUIPA,CAYMA,SIEMPRE UNIDOS,1364,M,CASTELLANO
40102,AREQUIPA,AREQUIPA,CAYMA,SOLIDARIDAD NACIONAL,386,M,CASTELLANO
40102,AREQUIPA,AREQUIPA,CAYMA,UNION POR EL PERU,839,M,CASTELLANO
40102,AREQUIPA,AREQUIPA,CAYMA,VAMOS AREQUIPA,724,M,CASTELLANO
40102,AREQUIPA,AREQUIPA,CAYMA,VAMOS CAYMA CON LA NUEVA GENERACION 2014,2344,M,CASTELLANO
40102,AREQUIPA,AREQUIPA,CAYMA,VAMOS PERU,7851,M,CASTELLANO
40103,AREQUIPA,AREQUIPA,CERRO COLORADO,ACCION POPULAR,901,M,CASTELLANO
40103,AREQUIPA,AREQUIPA,CERRO COLORADO,ALIANZA PARA EL PROGRESO DE AREQUIPA,876,M,CASTELLANO
40103,AREQUIPA,AREQUIPA,CERRO COLORADO,AREQUIPA - UNIDOS POR EL GRAN CAMBIO,6181,M,CASTELLANO
40103,AREQUIPA,AREQUIPA,CERRO COLORADO,AREQUIPA RENACE,4695,M,CASTELLANO
40103,AREQUIPA,AREQUIPA,CERRO COLORADO,DEMOCRACIA DIRECTA,899,M,CASTELLANO
40103,AREQUIPA,AREQUIPA,CERRO COLORADO,FUERZA AREQUIPEÑA,3898,M,CASTELLANO
40103,AREQUIPA,AREQUIPA,CERRO COLORADO,FUERZA POPULAR,1375,M,CASTELLANO
40103,AREQUIPA,AREQUIPA,CERRO COLORADO,JUNTOS POR EL DESARROLLO DE AREQUIPA,5435,M,CASTELLANO
40103,AREQUIPA,AREQUIPA,CERRO COLORADO,MOVIMIENTO REGIONAL AREQUIPA AVANCEMOS,15537,M,CASTELLANO
40103,AREQUIPA,AREQUIPA,CERRO COLORADO,PARTIDO DEMOCRATICO SOMOS PERU,1601,M,CASTELLANO
40103,AREQUIPA,AREQUIPA,CERRO COLORADO,PARTIDO HUMANISTA PERUANO,888,M,CASTELLANO
40103,AREQUIPA,AREQUIPA,CERRO COLORADO,RESTAURACION NACIONAL,1598,M,CASTELLANO
40103,AREQUIPA,AREQUIPA,CERRO COLORADO,SE DEMOSTRO CON OBRAS,19594,M,CASTELLANO
40103,AREQUIPA,AREQUIPA,CERRO COLORADO,SIEMPRE UNIDOS,1529,M,CASTELLANO
40103,AREQUIPA,AREQUIPA,CERRO COLORADO,SOLIDARIDAD NACIONAL,3533,M,CASTELLANO
40103,AREQUIPA,AREQUIPA,CERRO COLORADO,UNION POR EL PERU,925,M,CASTELLANO
40103,AREQUIPA,AREQUIPA,CERRO COLORADO,VAMOS AREQUIPA,2656,M,CASTELLANO
40103,AREQUIPA,AREQUIPA,CERRO COLORADO,VAMOS PERU,4645,M,CASTELLANO
40104,AREQUIPA,AREQUIPA,CHARACATO,ALIANZA PARA EL PROGRESO DE AREQUIPA,100,M,CASTELLANO
40104,AREQUIPA,AREQUIPA,CHARACATO,AREQUIPA - UNIDOS POR EL GRAN CAMBIO,803,M,CASTELLANO
40104,AREQUIPA,AREQUIPA,CHARACATO,AREQUIPA RENACE,1187,M,CASTELLANO
40104,AREQUIPA,AREQUIPA,CHARACATO,"AREQUIPA, TRADICION Y FUTURO",204,M,CASTELLANO
40104,AREQUIPA,AREQUIPA,CHARACATO,CHARACATO EN SUS ORIGENES,27,M,CASTELLANO
40104,AREQUIPA,AREQUIPA,CHARACATO,DESARROLLO CON DIGNIDAD CHARACATO,123,M,CASTELLANO
40104,AREQUIPA,AREQUIPA,CHARACATO,JUNTOS POR EL DESARROLLO DE AREQUIPA,1056,M,CASTELLANO
40104,AREQUIPA,AREQUIPA,CHARACATO,MOVIMIENTO REGIONAL AREQUIPA AVANCEMOS,295,M,CASTELLANO
40104,AREQUIPA,AREQUIPA,CHARACATO,VAMOS AREQUIPA,476,M,CASTELLANO
40105,AREQUIPA,AREQUIPA,CHIGUATA,ACCION POPULAR,24,M,CASTELLANO
40105,AREQUIPA,AREQUIPA,CHIGUATA,AREQUIPA RENACE,381,M,CASTELLANO
40105,AREQUIPA,AREQUIPA,CHIGUATA,"AREQUIPA, TRADICION Y FUTURO",151,M,CASTELLANO
40105,AREQUIPA,AREQUIPA,CHIGUATA,"EL FRENTE AMPLIO POR JUSTICIA, VIDA Y LIBERTAD",282,M,CASTELLANO
40105,AREQUIPA,AREQUIPA,CHIGUATA,FUERZA AREQUIPEÑA,19,M,CASTELLANO
40105,AREQUIPA,AREQUIPA,CHIGUATA,JUNTOS POR EL DESARROLLO DE AREQUIPA,188,M,CASTELLANO
40105,AREQUIPA,AREQUIPA,CHIGUATA,MOVIMIENTO REGIONAL AREQUIPA AVANCEMOS,478,M,CASTELLANO
40105,AREQUIPA,AREQUIPA,CHIGUATA,SIEMPRE UNIDOS,274,M,CASTELLANO
40105,AREQUIPA,AREQUIPA,CHIGUATA,VAMOS AREQUIPA,436,M,CASTELLANO
40105,AREQUIPA,AREQUIPA,CHIGUATA,VAMOS PERU,157,M,CASTELLANO
40106,AREQUIPA,AREQUIPA,LA JOYA,ACCION POPULAR,172,M,CASTELLANO
40106,AREQUIPA,AREQUIPA,LA JOYA,AREQUIPA - UNIDOS POR EL GRAN CAMBIO,121,M,CASTELLANO
40106,AREQUIPA,AREQUIPA,LA JOYA,AREQUIPA RENACE,1678,M,CASTELLANO
40106,AREQUIPA,AREQUIPA,LA JOYA,"AREQUIPA, TRADICION Y FUTURO",216,M,CASTELLANO
40106,AREQUIPA,AREQUIPA,LA JOYA,DEMOCRACIA DIRECTA,396,M,CASTELLANO
40106,AREQUIPA,AREQUIPA,LA JOYA,FUERZA AREQUIPEÑA,859,M,CASTELLANO
40106,AREQUIPA,AREQUIPA,LA JOYA,FUERZA POPULAR,75,M,CASTELLANO
40106,AREQUIPA,AREQUIPA,LA JOYA,JUNTOS POR EL DESARROLLO DE AREQUIPA,794,M,CASTELLANO
40106,AREQUIPA,AREQUIPA,LA JOYA,RESTAURACION NACIONAL,2178,M,CASTELLANO
40106,AREQUIPA,AREQUIPA,LA JOYA,SIEMPRE UNIDOS,1002,M,CASTELLANO
40106,AREQUIPA,AREQUIPA,LA JOYA,VAMOS AREQUIPA,5710,M,CASTELLANO
40106,AREQUIPA,AREQUIPA,LA JOYA,VAMOS PERU,275,M,CASTELLANO
40107,AREQUIPA,AREQUIPA,MIRAFLORES,ALIANZA PARA EL PROGRESO DE AREQUIPA,863,M,CASTELLANO
40107,AREQUIPA,AREQUIPA,MIRAFLORES,AREQUIPA - UNIDOS POR EL GRAN CAMBIO,5734,M,CASTELLANO
40107,AREQUIPA,AREQUIPA,MIRAFLORES,AREQUIPA RENACE,1729,M,CASTELLANO
40107,AREQUIPA,AREQUIPA,MIRAFLORES,"EL FRENTE AMPLIO POR JUSTICIA, VIDA Y LIBERTAD",514,M,CASTELLANO
40107,AREQUIPA,AREQUIPA,MIRAFLORES,FUERZA AREQUIPEÑA,9626,M,CASTELLANO
40107,AREQUIPA,AREQUIPA,MIRAFLORES,JUNTOS POR EL DESARROLLO DE AREQUIPA,1769,M,CASTELLANO
40107,AREQUIPA,AREQUIPA,MIRAFLORES,PARTIDO DEMOCRATICO SOMOS PERU,874,M,CASTELLANO
40107,AREQUIPA,AREQUIPA,MIRAFLORES,PARTIDO POPULAR CRISTIANO - PPC,352,M,CASTELLANO
40107,AREQUIPA,AREQUIPA,MIRAFLORES,SIEMPRE UNIDOS,983,M,CASTELLANO
40107,AREQUIPA,AREQUIPA,MIRAFLORES,SOLIDARIDAD NACIONAL,2625,M,CASTELLANO
40107,AREQUIPA,AREQUIPA,MIRAFLORES,VAMOS AREQUIPA,8223,M,CASTELLANO
40107,AREQUIPA,AREQUIPA,MIRAFLORES,VAMOS PERU,792,M,CASTELLANO
40108,AREQUIPA,AREQUIPA,MOLLEBAYA,ALIANZA PARA EL PROGRESO DE AREQUIPA,82,M,CASTELLANO
40108,AREQUIPA,AREQUIPA,MOLLEBAYA,AREQUIPA - UNIDOS POR EL GRAN CAMBIO,122,M,CASTELLANO
40108,AREQUIPA,AREQUIPA,MOLLEBAYA,AREQUIPA RENACE,361,M,CASTELLANO
40108,AREQUIPA,AREQUIPA,MOLLEBAYA,"AREQUIPA, TRADICION Y FUTURO",96,M,CASTELLANO
40108,AREQUIPA,AREQUIPA,MOLLEBAYA,FUERZA AREQUIPEÑA,295,M,CASTELLANO
40108,AREQUIPA,AREQUIPA,MOLLEBAYA,JUNTOS POR EL DESARROLLO DE AREQUIPA,327,M,CASTELLANO
40109,AREQUIPA,AREQUIPA,PAUCARPATA,ACCION POPULAR,748,M,CASTELLANO
40109,AREQUIPA,AREQUIPA,PAUCARPATA,ALIANZA PARA EL PROGRESO DE AREQUIPA,12392,M,CASTELLANO
40109,AREQUIPA,AREQUIPA,PAUCARPATA,AREQUIPA - UNIDOS POR EL GRAN CAMBIO,3169,M,CASTELLANO
40109,AREQUIPA,AREQUIPA,PAUCARPATA,AREQUIPA RENACE,8106,M,CASTELLANO
40109,AREQUIPA,AREQUIPA,PAUCARPATA,"AREQUIPA, TRADICION Y FUTURO",1536,M,CASTELLANO
40109,AREQUIPA,AREQUIPA,PAUCARPATA,DEMOCRACIA DIRECTA,1103,M,CASTELLANO
40109,AREQUIPA,AREQUIPA,PAUCARPATA,"EL FRENTE AMPLIO POR JUSTICIA, VIDA Y LIBERTAD",1986,M,CASTELLANO
40109,AREQUIPA,AREQUIPA,PAUCARPATA,FUERZA AREQUIPEÑA,13478,M,CASTELLANO
40109,AREQUIPA,AREQUIPA,PAUCARPATA,FUERZA POPULAR,1653,M,CASTELLANO
40109,AREQUIPA,AREQUIPA,PAUCARPATA,JUNTOS POR EL DESARROLLO DE AREQUIPA,3941,M,CASTELLANO
40109,AREQUIPA,AREQUIPA,PAUCARPATA,MOVIMIENTO REGIONAL AREQUIPA AVANCEMOS,17608,M,CASTELLANO
40109,AREQUIPA,AREQUIPA,PAUCARPATA,SOLIDARIDAD NACIONAL,758,M,CASTELLANO
40109,AREQUIPA,AREQUIPA,PAUCARPATA,UNION POR EL PERU,1920,M,CASTELLANO
40109,AREQUIPA,AREQUIPA,PAUCARPATA,VAMOS AREQUIPA,5619,M,CASTELLANO
40109,AREQUIPA,AREQUIPA,PAUCARPATA,VAMOS PERU,2776,M,CASTELLANO
40110,AREQUIPA,AREQUIPA,POCSI,AREQUIPA RENACE,91,M,CASTELLANO
40110,AREQUIPA,AREQUIPA,POCSI,"AREQUIPA, TRADICION Y FUTURO",11,M,CASTELLANO
40110,AREQUIPA,AREQUIPA,POCSI,JUNTOS POR EL DESARROLLO DE AREQUIPA,168,M,CASTELLANO
40110,AREQUIPA,AREQUIPA,POCSI,PARTIDO POPULAR CRISTIANO - PPC,78,M,CASTELLANO
40110,AREQUIPA,AREQUIPA,POCSI,VAMOS AREQUIPA,97,M,CASTELLANO
40111,AREQUIPA,AREQUIPA,POLOBAYA,AREQUIPA RENACE,308,M,QUECHUA
40111,AREQUIPA,AREQUIPA,POLOBAYA,DEMOCRACIA DIRECTA,13,M,QUECHUA
40111,AREQUIPA,AREQUIPA,POLOBAYA,FUERZA AREQUIPEÑA,186,M,QUECHUA
40111,AREQUIPA,AREQUIPA,POLOBAYA,JUNTOS POR EL DESARROLLO DE AREQUIPA,10,M,QUECHUA
40111,AREQUIPA,AREQUIPA,POLOBAYA,VAMOS AREQUIPA,322,M,QUECHUA
40112,AREQUIPA,AREQUIPA,QUEQUEÑA,AREQUIPA - UNIDOS POR EL GRAN CAMBIO,86,M,QUECHUA
40112,AREQUIPA,AREQUIPA,QUEQUEÑA,AREQUIPA RENACE,497,M,QUECHUA
40112,AREQUIPA,AREQUIPA,QUEQUEÑA,JUNTOS POR EL DESARROLLO DE AREQUIPA,440,M,QUECHUA
40112,AREQUIPA,AREQUIPA,QUEQUEÑA,VAMOS PERU,24,M,QUECHUA
40113,AREQUIPA,AREQUIPA,SABANDIA,AREQUIPA - UNIDOS POR EL GRAN CAMBIO,293,M,CASTELLANO
40113,AREQUIPA,AREQUIPA,SABANDIA,AREQUIPA RENACE,957,M,CASTELLANO
40113,AREQUIPA,AREQUIPA,SABANDIA,"AREQUIPA, TRADICION Y FUTURO",365,M,CASTELLANO
40113,AREQUIPA,AREQUIPA,SABANDIA,VAMOS AREQUIPA,44,M,CASTELLANO
40113,AREQUIPA,AREQUIPA,SABANDIA,VAMOS PERU,797,M,CASTELLANO
40114,AREQUIPA,AREQUIPA,SACHACA,AREQUIPA - UNIDOS POR EL GRAN CAMBIO,1398,M,CASTELLANO
40114,AREQUIPA,AREQUIPA,SACHACA,AREQUIPA RENACE,5529,M,CASTELLANO
40114,AREQUIPA,AREQUIPA,SACHACA,FUERZA AREQUIPEÑA,2126,M,CASTELLANO
40114,AREQUIPA,AREQUIPA,SACHACA,JUNTOS POR EL DESARROLLO DE AREQUIPA,3295,M,CASTELLANO
40114,AREQUIPA,AREQUIPA,SACHACA,PARTIDO POPULAR CRISTIANO - PPC,607,M,CASTELLANO
40114,AREQUIPA,AREQUIPA,SACHACA,SOLIDARIDAD NACIONAL,156,M,CASTELLANO
40114,AREQUIPA,AREQUIPA,SACHACA,VAMOS AREQUIPA,230,M,CASTELLANO
40114,AREQUIPA,AREQUIPA,SACHACA,VAMOS PERU,1405,M,CASTELLANO
40115,AREQUIPA,AREQUIPA,SAN JUAN DE SIGUAS,ACCION POPULAR,106,M,CASTELLANO
40115,AREQUIPA,AREQUIPA,SAN JUAN DE SIGUAS,ALIANZA PARA EL PROGRESO DE AREQUIPA,65,M,CASTELLANO
40115,AREQUIPA,AREQUIPA,SAN JUAN DE SIGUAS,AREQUIPA - UNIDOS POR EL GRAN CAMBIO,175,M,CASTELLANO
40115,AREQUIPA,AREQUIPA,SAN JUAN DE SIGUAS,FUERZA AREQUIPEÑA,224,M,CASTELLANO
40115,AREQUIPA,AREQUIPA,SAN JUAN DE SIGUAS,SAN JUAN DE SIGUAS HACIA EL DESARROLLO,101,M,CASTELLANO
40116,AREQUIPA,AREQUIPA,SAN JUAN DE TARUCANI,AREQUIPA - UNIDOS POR EL GRAN CAMBIO,247,M,CASTELLANO
40116,AREQUIPA,AREQUIPA,SAN JUAN DE TARUCANI,AREQUIPA RENACE,231,M,CASTELLANO
40116,AREQUIPA,AREQUIPA,SAN JUAN DE TARUCANI,"AREQUIPA, TRADICION Y FUTURO",134,M,CASTELLANO
40116,AREQUIPA,AREQUIPA,SAN JUAN DE TARUCANI,FUERZA AREQUIPEÑA,49,M,CASTELLANO
40116,AREQUIPA,AREQUIPA,SAN JUAN DE TARUCANI,SIEMPRE UNIDOS,19,M,CASTELLANO
40116,AREQUIPA,AREQUIPA,SAN JUAN DE TARUCANI,VAMOS PERU,254,M,CASTELLANO
40117,AREQUIPA,AREQUIPA,SANTA ISABEL DE SIGUAS,ACCION POPULAR,80,M,CASTELLANO
40117,AREQUIPA,AREQUIPA,SANTA ISABEL DE SIGUAS,AREQUIPA RENACE,162,M,CASTELLANO
40117,AREQUIPA,AREQUIPA,SANTA ISABEL DE SIGUAS,FUERZA AREQUIPEÑA,83,M,CASTELLANO
40117,AREQUIPA,AREQUIPA,SANTA ISABEL DE SIGUAS,FUERZA POPULAR,182,M,CASTELLANO
40118,AREQUIPA,AREQUIPA,SANTA RITA DE SIHUAS,ACCION POPULAR,633,M,CASTELLANO
40118,AREQUIPA,AREQUIPA,SANTA RITA DE SIHUAS,ALIANZA PARA EL PROGRESO DE AREQUIPA,214,M,CASTELLANO
40118,AREQUIPA,AREQUIPA,SANTA RITA DE SIHUAS,AREQUIPA - UNIDOS POR EL GRAN CAMBIO,587,M,CASTELLANO
40118,AREQUIPA,AREQUIPA,SANTA RITA DE SIHUAS,AREQUIPA RENACE,591,M,CASTELLANO
40118,AREQUIPA,AREQUIPA,SANTA RITA DE SIHUAS,FUERZA AREQUIPEÑA,125,M,CASTELLANO
40118,AREQUIPA,AREQUIPA,SANTA RITA DE SIHUAS,JUNTOS POR EL DESARROLLO DE AREQUIPA,616,M,CASTELLANO
40118,AREQUIPA,AREQUIPA,SANTA RITA DE SIHUAS,SIEMPRE UNIDOS,83,M,CASTELLANO
40118,AREQUIPA,AREQUIPA,SANTA RITA DE SIHUAS,UNION POR EL PERU,83,M,CASTELLANO
40118,AREQUIPA,AREQUIPA,SANTA RITA DE SIHUAS,VAMOS AREQUIPA,190,M,CASTELLANO
40118,AREQUIPA,AREQUIPA,SANTA RITA DE SIHUAS,VAMOS PERU,118,M,CASTELLANO
40119,AREQUIPA,AREQUIPA,SOCABAYA,ALIANZA PARA EL PROGRESO DE AREQUIPA,752,M,CASTELLANO
40119,AREQUIPA,AREQUIPA,SOCABAYA,AREQUIPA - UNIDOS POR EL GRAN CAMBIO,6316,M,CASTELLANO
40119,AREQUIPA,AREQUIPA,SOCABAYA,AREQUIPA RENACE,6927,M,CASTELLANO
40119,AREQUIPA,AREQUIPA,SOCABAYA,"AREQUIPA, TRADICION Y FUTURO",1573,M,CASTELLANO
40119,AREQUIPA,AREQUIPA,SOCABAYA,"EL FRENTE AMPLIO POR JUSTICIA, VIDA Y LIBERTAD",530,M,CASTELLANO
40119,AREQUIPA,AREQUIPA,SOCABAYA,FUERZA AREQUIPEÑA,10679,M,CASTELLANO
40119,AREQUIPA,AREQUIPA,SOCABAYA,JUNTOS POR EL DESARROLLO DE AREQUIPA,2454,M,CASTELLANO
40119,AREQUIPA,AREQUIPA,SOCABAYA,MOVIMIENTO REGIONAL AREQUIPA AVANCEMOS,1534,M,CASTELLANO
40119,AREQUIPA,AREQUIPA,SOCABAYA,PARTIDO DEMOCRATICO SOMOS PERU,629,M,CASTELLANO
40119,AREQUIPA,AREQUIPA,SOCABAYA,SIEMPRE UNIDOS,794,M,CASTELLANO
40119,AREQUIPA,AREQUIPA,SOCABAYA,UNION POR EL PERU,477,M,CASTELLANO
40119,AREQUIPA,AREQUIPA,SOCABAYA,VAMOS AREQUIPA,909,M,CASTELLANO
40119,AREQUIPA,AREQUIPA,SOCABAYA,VAMOS PERU,626,M,CASTELLANO
40120,AREQUIPA,AREQUIPA,TIABAYA,ACCION POPULAR,896,M,CASTELLANO
40120,AREQUIPA,AREQUIPA,TIABAYA,AREQUIPA - UNIDOS POR EL GRAN CAMBIO,165,M,CASTELLANO
40120,AREQUIPA,AREQUIPA,TIABAYA,"AREQUIPA, TRADICION Y FUTURO",863,M,CASTELLANO
40120,AREQUIPA,AREQUIPA,TIABAYA,FUERZA AREQUIPEÑA,2972,M,CASTELLANO
40120,AREQUIPA,AREQUIPA,TIABAYA,FUERZA POPULAR,191,M,CASTELLANO
40120,AREQUIPA,AREQUIPA,TIABAYA,JUNTOS POR EL DESARROLLO DE AREQUIPA,158,M,CASTELLANO
40120,AREQUIPA,AREQUIPA,TIABAYA,VAMOS AREQUIPA,1126,M,CASTELLANO
40120,AREQUIPA,AREQUIPA,TIABAYA,VAMOS PERU,3987,M,CASTELLANO
40121,AREQUIPA,AREQUIPA,UCHUMAYO,AREQUIPA - UNIDOS POR EL GRAN CAMBIO,200,M,CASTELLANO
40121,AREQUIPA,AREQUIPA,UCHUMAYO,AREQUIPA RENACE,1553,M,CASTELLANO
40121,AREQUIPA,AREQUIPA,UCHUMAYO,"EL FRENTE AMPLIO POR JUSTICIA, VIDA Y LIBERTAD",664,M,CASTELLANO
40121,AREQUIPA,AREQUIPA,UCHUMAYO,FUERZA AREQUIPEÑA,1461,M,CASTELLANO
40121,AREQUIPA,AREQUIPA,UCHUMAYO,JUNTOS POR EL DESARROLLO DE AREQUIPA,519,M,CASTELLANO
40121,AREQUIPA,AREQUIPA,UCHUMAYO,SIEMPRE UNIDOS,131,M,CASTELLANO
40121,AREQUIPA,AREQUIPA,UCHUMAYO,UCHUMAYO MERECE MAS,2609,M,CASTELLANO
40121,AREQUIPA,AREQUIPA,UCHUMAYO,UCHUMAYO Y DESARROLLO PARA TODOS,2034,M,CASTELLANO
40121,AREQUIPA,AREQUIPA,UCHUMAYO,VAMOS PERU,249,M,CASTELLANO
40122,AREQUIPA,AREQUIPA,VITOR,ACCION POPULAR,578,F,CASTELLANO
40122,AREQUIPA,AREQUIPA,VITOR,AREQUIPA - UNIDOS POR EL GRAN CAMBIO,259,F,CASTELLANO
40122,AREQUIPA,AREQUIPA,VITOR,AREQUIPA RENACE,152,F,CASTELLANO
40122,AREQUIPA,AREQUIPA,VITOR,FUERZA AREQUIPEÑA,33,F,CASTELLANO
40122,AREQUIPA,AREQUIPA,VITOR,FUERZA POPULAR,74,F,CASTELLANO
40122,AREQUIPA,AREQUIPA,VITOR,JUNTOS POR EL DESARROLLO DE AREQUIPA,49,F,CASTELLANO
40122,AREQUIPA,AREQUIPA,VITOR,VAMOS AREQUIPA,491,F,CASTELLANO
40123,AREQUIPA,AREQUIPA,YANAHUARA,ACCION POPULAR,899,M,CASTELLANO
40123,AREQUIPA,AREQUIPA,YANAHUARA,ALIANZA PARA EL PROGRESO DE AREQUIPA,990,M,CASTELLANO
40123,AREQUIPA,AREQUIPA,YANAHUARA,AREQUIPA - UNIDOS POR EL GRAN CAMBIO,861,M,CASTELLANO
40123,AREQUIPA,AREQUIPA,YANAHUARA,AREQUIPA RENACE,3837,M,CASTELLANO
40123,AREQUIPA,AREQUIPA,YANAHUARA,AVANCEMOS YANAHUARA,3252,M,CASTELLANO
40123,AREQUIPA,AREQUIPA,YANAHUARA,FUERZA AREQUIPEÑA,1170,M,CASTELLANO
40123,AREQUIPA,AREQUIPA,YANAHUARA,FUERZA POPULAR,250,M,CASTELLANO
40123,AREQUIPA,AREQUIPA,YANAHUARA,JUNTOS POR EL DESARROLLO DE AREQUIPA,2894,M,CASTELLANO
40123,AREQUIPA,AREQUIPA,YANAHUARA,PARTIDO POPULAR CRISTIANO - PPC,497,M,CASTELLANO
40123,AREQUIPA,AREQUIPA,YANAHUARA,PERU PATRIA SEGURA,200,M,CASTELLANO
40123,AREQUIPA,AREQUIPA,YANAHUARA,RESTAURACION NACIONAL,491,M,CASTELLANO
40123,AREQUIPA,AREQUIPA,YANAHUARA,UNION POR EL PERU,568,M,CASTELLANO
40123,AREQUIPA,AREQUIPA,YANAHUARA,VAMOS AREQUIPA,547,M,CASTELLANO
40123,AREQUIPA,AREQUIPA,YANAHUARA,VAMOS PERU,1262,M,CASTELLANO
40123,AREQUIPA,AREQUIPA,YANAHUARA,YANAHUARA UN SENTIMIENTO Y TRABAJO,439,M,CASTELLANO
40124,AREQUIPA,AREQUIPA,YARABAMBA,AREQUIPA - UNIDOS POR EL GRAN CAMBIO,458,M,CASTELLANO
40124,AREQUIPA,AREQUIPA,YARABAMBA,AREQUIPA RENACE,426,M,CASTELLANO
40124,AREQUIPA,AREQUIPA,YARABAMBA,JUNTOS POR EL DESARROLLO DE AREQUIPA,222,M,CASTELLANO
40124,AREQUIPA,AREQUIPA,YARABAMBA,SIEMPRE UNIDOS,69,M,CASTELLANO
40124,AREQUIPA,AREQUIPA,YARABAMBA,VAMOS AREQUIPA,147,M,CASTELLANO
40125,AREQUIPA,AREQUIPA,YURA,ALIANZA PARA EL PROGRESO DE AREQUIPA,712,M,CASTELLANO
40125,AREQUIPA,AREQUIPA,YURA,AREQUIPA - UNIDOS POR EL GRAN CAMBIO,4041,M,CASTELLANO
40125,AREQUIPA,AREQUIPA,YURA,AREQUIPA RENACE,746,M,CASTELLANO
40125,AREQUIPA,AREQUIPA,YURA,"AREQUIPA, TRADICION Y FUTURO",86,M,CASTELLANO
40125,AREQUIPA,AREQUIPA,YURA,DEMOCRACIA DIRECTA,126,M,CASTELLANO
40125,AREQUIPA,AREQUIPA,YURA,"EL FRENTE AMPLIO POR JUSTICIA, VIDA Y LIBERTAD",200,M,CASTELLANO
40125,AREQUIPA,AREQUIPA,YURA,FUERZA AREQUIPEÑA,2669,M,CASTELLANO
40125,AREQUIPA,AREQUIPA,YURA,JUNTOS POR EL DESARROLLO DE AREQUIPA,513,M,CASTELLANO
40125,AREQUIPA,AREQUIPA,YURA,MOVIMIENTO REGIONAL AREQUIPA AVANCEMOS,1497,M,CASTELLANO
40125,AREQUIPA,AREQUIPA,YURA,SIEMPRE UNIDOS,222,M,CASTELLANO
40125,AREQUIPA,AREQUIPA,YURA,UNION POR EL PERU,90,M,CASTELLANO
40125,AREQUIPA,AREQUIPA,YURA,VAMOS AREQUIPA,294,M,CASTELLANO
40125,AREQUIPA,AREQUIPA,YURA,VAMOS PERU,300,M,CASTELLANO
40126,AREQUIPA,AREQUIPA,MARIANO MELGAR,ACCION POPULAR,10840,M,CASTELLANO
40126,AREQUIPA,AREQUIPA,MARIANO MELGAR,AREQUIPA - UNIDOS POR EL GRAN CAMBIO,2829,M,CASTELLANO
40126,AREQUIPA,AREQUIPA,MARIANO MELGAR,AREQUIPA RENACE,4826,M,CASTELLANO
40126,AREQUIPA,AREQUIPA,MARIANO MELGAR,FUERZA AREQUIPEÑA,5869,M,CASTELLANO
40126,AREQUIPA,AREQUIPA,MARIANO MELGAR,JUNTOS POR EL DESARROLLO DE AREQUIPA,2025,M,CASTELLANO
40126,AREQUIPA,AREQUIPA,MARIANO MELGAR,MOVIMIENTO REGIONAL AREQUIPA AVANCEMOS,3879,M,CASTELLANO
40126,AREQUIPA,AREQUIPA,MARIANO MELGAR,SIEMPRE UNIDOS,410,M,CASTELLANO
40126,AREQUIPA,AREQUIPA,MARIANO MELGAR,SOLIDARIDAD NACIONAL,388,M,CASTELLANO
40126,AREQUIPA,AREQUIPA,MARIANO MELGAR,UNION POR EL PERU,473,M,CASTELLANO
40126,AREQUIPA,AREQUIPA,MARIANO MELGAR,VAMOS AREQUIPA,2254,M,CASTELLANO
40126,AREQUIPA,AREQUIPA,MARIANO MELGAR,VAMOS PERU,699,M,CASTELLANO
40127,AREQUIPA,AREQUIPA,JACOBO HUNTER,ACCION POPULAR,826,M,CASTELLANO
40127,AREQUIPA,AREQUIPA,JACOBO HUNTER,ALIANZA PARA EL PROGRESO DE AREQUIPA,4328,M,CASTELLANO
40127,AREQUIPA,AREQUIPA,JACOBO HUNTER,AREQUIPA - UNIDOS POR EL GRAN CAMBIO,4184,M,CASTELLANO
40127,AREQUIPA,AREQUIPA,JACOBO HUNTER,AREQUIPA RENACE,6133,M,CASTELLANO
40127,AREQUIPA,AREQUIPA,JACOBO HUNTER,FUERZA AREQUIPEÑA,827,M,CASTELLANO
40127,AREQUIPA,AREQUIPA,JACOBO HUNTER,FUERZA POPULAR,643,M,CASTELLANO
40127,AREQUIPA,AREQUIPA,JACOBO HUNTER,JUNTOS POR EL DESARROLLO DE AREQUIPA,1877,M,CASTELLANO
40127,AREQUIPA,AREQUIPA,JACOBO HUNTER,MOVIMIENTO REGIONAL AREQUIPA AVANCEMOS,686,M,CASTELLANO
40127,AREQUIPA,AREQUIPA,JACOBO HUNTER,RECUPEREMOS HUNTER,8356,M,CASTELLANO
40127,AREQUIPA,AREQUIPA,JACOBO HUNTER,SOLIDARIDAD NACIONAL,386,M,CASTELLANO
40128,AREQUIPA,AREQUIPA,ALTO SELVA ALEGRE,ACCION POPULAR,1189,M,CASTELLANO
40128,AREQUIPA,AREQUIPA,ALTO SELVA ALEGRE,ALIANZA PARA EL PROGRESO DE AREQUIPA,710,M,CASTELLANO
40128,AREQUIPA,AREQUIPA,ALTO SELVA ALEGRE,AREQUIPA - UNIDOS POR EL GRAN CAMBIO,5523,M,CASTELLANO
40128,AREQUIPA,AREQUIPA,ALTO SELVA ALEGRE,AREQUIPA RENACE,13343,M,CASTELLANO
40128,AREQUIPA,AREQUIPA,ALTO SELVA ALEGRE,FUERZA AREQUIPEÑA,418,M,CASTELLANO
40128,AREQUIPA,AREQUIPA,ALTO SELVA ALEGRE,FUERZA POPULAR,973,M,CASTELLANO
40128,AREQUIPA,AREQUIPA,ALTO SELVA ALEGRE,JUNTOS POR EL DESARROLLO DE AREQUIPA,3897,M,CASTELLANO
40128,AREQUIPA,AREQUIPA,ALTO SELVA ALEGRE,MOVIMIENTO REGIONAL AREQUIPA AVANCEMOS,10674,M,CASTELLANO
40128,AREQUIPA,AREQUIPA,ALTO SELVA ALEGRE,SIEMPRE UNIDOS,582,M,CASTELLANO
40128,AREQUIPA,AREQUIPA,ALTO SELVA ALEGRE,SOLIDARIDAD NACIONAL,751,M,CASTELLANO
40128,AREQUIPA,AREQUIPA,ALTO SELVA ALEGRE,UNION POR EL PERU,644,M,CASTELLANO
40128,AREQUIPA,AREQUIPA,ALTO SELVA ALEGRE,VAMOS AREQUIPA,6081,M,CASTELLANO
40128,AREQUIPA,AREQUIPA,ALTO SELVA ALEGRE,VAMOS PERU,2290,M,CASTELLANO
40129,AREQUIPA,AREQUIPA,JOSE LUIS BUSTAMANTE Y RIVERO,ACCION POPULAR,818,M,CASTELLANO
40129,AREQUIPA,AREQUIPA,JOSE LUIS BUSTAMANTE Y RIVERO,ALIANZA PARA EL PROGRESO DE AREQUIPA,7609,M,CASTELLANO
40129,AREQUIPA,AREQUIPA,JOSE LUIS BUSTAMANTE Y RIVERO,AREQUIPA - UNIDOS POR EL GRAN CAMBIO,1197,M,CASTELLANO
40129,AREQUIPA,AREQUIPA,JOSE LUIS BUSTAMANTE Y RIVERO,AREQUIPA RENACE,11405,M,CASTELLANO
40129,AREQUIPA,AREQUIPA,JOSE LUIS BUSTAMANTE Y RIVERO,"AREQUIPA, TRADICION Y FUTURO",1371,M,CASTELLANO
40129,AREQUIPA,AREQUIPA,JOSE LUIS BUSTAMANTE Y RIVERO,FUERZA AREQUIPEÑA,5436,M,CASTELLANO
40129,AREQUIPA,AREQUIPA,JOSE LUIS BUSTAMANTE Y RIVERO,FUERZA POPULAR,632,M,CASTELLANO
40129,AREQUIPA,AREQUIPA,JOSE LUIS BUSTAMANTE Y RIVERO,JUNTOS POR EL DESARROLLO DE AREQUIPA,5078,M,CASTELLANO
40129,AREQUIPA,AREQUIPA,JOSE LUIS BUSTAMANTE Y RIVERO,MOVIMIENTO DISTRITAL DIGNIDAD Y DESARROLLO BUSTAMANTINO,1049,M,CASTELLANO
40129,AREQUIPA,AREQUIPA,JOSE LUIS BUSTAMANTE Y RIVERO,MOVIMIENTO POLITICO DISTRITAL MODERNIDAD Y DEMOCRACIA NUEVA GENERACION,1738,M,CASTELLANO
40129,AREQUIPA,AREQUIPA,JOSE LUIS BUSTAMANTE Y RIVERO,MOVIMIENTO REGIONAL AREQUIPA AVANCEMOS,1661,M,CASTELLANO
40129,AREQUIPA,AREQUIPA,JOSE LUIS BUSTAMANTE Y RIVERO,PARTIDO POPULAR CRISTIANO - PPC,325,M,CASTELLANO
40129,AREQUIPA,AREQUIPA,JOSE LUIS BUSTAMANTE Y RIVERO,PERU PATRIA SEGURA,146,M,CASTELLANO
40129,AREQUIPA,AREQUIPA,JOSE LUIS BUSTAMANTE Y RIVERO,SOLIDARIDAD NACIONAL,2889,M,CASTELLANO
40129,AREQUIPA,AREQUIPA,JOSE LUIS BUSTAMANTE Y RIVERO,VAMOS AREQUIPA,2105,M,CASTELLANO
40202,AREQUIPA,CAYLLOMA,ACHOMA,ALIANZA PARA EL PROGRESO DE AREQUIPA,142,M,CASTELLANO
40202,AREQUIPA,CAYLLOMA,ACHOMA,AREQUIPA - UNIDOS POR EL GRAN CAMBIO,91,M,CASTELLANO
40202,AREQUIPA,CAYLLOMA,ACHOMA,"AREQUIPA, TRADICION Y FUTURO",339,M,CASTELLANO
40202,AREQUIPA,CAYLLOMA,ACHOMA,"EL FRENTE AMPLIO POR JUSTICIA, VIDA Y LIBERTAD",24,M,CASTELLANO
40202,AREQUIPA,CAYLLOMA,ACHOMA,FUERZA AREQUIPEÑA,57,M,CASTELLANO
40202,AREQUIPA,CAYLLOMA,ACHOMA,JUNTOS POR EL DESARROLLO DE AREQUIPA,94,M,CASTELLANO
40203,AREQUIPA,CAYLLOMA,CABANACONDE,ALIANZA PARA EL PROGRESO DE AREQUIPA,260,M,CASTELLANO
40203,AREQUIPA,CAYLLOMA,CABANACONDE,AREQUIPA - UNIDOS POR EL GRAN CAMBIO,51,M,CASTELLANO
40203,AREQUIPA,CAYLLOMA,CABANACONDE,AREQUIPA RENACE,350,M,CASTELLANO
40203,AREQUIPA,CAYLLOMA,CABANACONDE,"AREQUIPA, TRADICION Y FUTURO",185,M,CASTELLANO
40203,AREQUIPA,CAYLLOMA,CABANACONDE,JUNTOS POR EL DESARROLLO DE AREQUIPA,39,M,CASTELLANO
40203,AREQUIPA,CAYLLOMA,CABANACONDE,VAMOS AREQUIPA,207,M,CASTELLANO
40204,AREQUIPA,CAYLLOMA,CAYLLOMA,ALIANZA PARA EL PROGRESO DE AREQUIPA,285,M,CASTELLANO
40204,AREQUIPA,CAYLLOMA,CAYLLOMA,AREQUIPA - UNIDOS POR EL GRAN CAMBIO,329,M,CASTELLANO
40204,AREQUIPA,CAYLLOMA,CAYLLOMA,AREQUIPA RENACE,186,M,CASTELLANO
40204,AREQUIPA,CAYLLOMA,CAYLLOMA,"AREQUIPA, TRADICION Y FUTURO",317,M,CASTELLANO
40204,AREQUIPA,CAYLLOMA,CAYLLOMA,DEMOCRACIA DIRECTA,62,M,CASTELLANO
40204,AREQUIPA,CAYLLOMA,CAYLLOMA,"EL FRENTE AMPLIO POR JUSTICIA, VIDA Y LIBERTAD",95,M,CASTELLANO
40204,AREQUIPA,CAYLLOMA,CAYLLOMA,FUERZA AREQUIPEÑA,92,M,CASTELLANO
40204,AREQUIPA,CAYLLOMA,CAYLLOMA,RESTAURACION NACIONAL,287,M,CASTELLANO
40204,AREQUIPA,CAYLLOMA,CAYLLOMA,SIEMPRE UNIDOS,153,M,CASTELLANO
40205,AREQUIPA,CAYLLOMA,CALLALLI,ALIANZA PARA EL PROGRESO DE AREQUIPA,85,M,QUECHUA
40205,AREQUIPA,CAYLLOMA,CALLALLI,AREQUIPA - UNIDOS POR EL GRAN CAMBIO,392,M,QUECHUA
40205,AREQUIPA,CAYLLOMA,CALLALLI,AREQUIPA RENACE,118,M,QUECHUA
40205,AREQUIPA,CAYLLOMA,CALLALLI,"AREQUIPA, TRADICION Y FUTURO",224,M,QUECHUA
40205,AREQUIPA,CAYLLOMA,CALLALLI,JUNTOS POR EL DESARROLLO DE AREQUIPA,159,M,QUECHUA
40205,AREQUIPA,CAYLLOMA,CALLALLI,RESTAURACION NACIONAL,231,M,QUECHUA
40206,AREQUIPA,CAYLLOMA,COPORAQUE,ALIANZA PARA EL PROGRESO DE AREQUIPA,81,M,CASTELLANO
40206,AREQUIPA,CAYLLOMA,COPORAQUE,AREQUIPA - UNIDOS POR EL GRAN CAMBIO,88,M,CASTELLANO
40206,AREQUIPA,CAYLLOMA,COPORAQUE,AREQUIPA RENACE,39,M,CASTELLANO
40206,AREQUIPA,CAYLLOMA,COPORAQUE,"AREQUIPA, TRADICION Y FUTURO",102,M,CASTELLANO
40206,AREQUIPA,CAYLLOMA,COPORAQUE,FUERZA AREQUIPEÑA,62,M,CASTELLANO
40206,AREQUIPA,CAYLLOMA,COPORAQUE,VAMOS AREQUIPA,256,M,CASTELLANO
40207,AREQUIPA,CAYLLOMA,HUAMBO,ACCION POPULAR,50,M,CASTELLANO
40207,AREQUIPA,CAYLLOMA,HUAMBO,AREQUIPA - UNIDOS POR EL GRAN CAMBIO,83,M,CASTELLANO
40207,AREQUIPA,CAYLLOMA,HUAMBO,AREQUIPA RENACE,98,M,CASTELLANO
40207,AREQUIPA,CAYLLOMA,HUAMBO,"AREQUIPA, TRADICION Y FUTURO",145,M,CASTELLANO
40207,AREQUIPA,CAYLLOMA,HUAMBO,"EL FRENTE AMPLIO POR JUSTICIA, VIDA Y LIBERTAD",41,M,CASTELLANO
40207,AREQUIPA,CAYLLOMA,HUAMBO,VAMOS AREQUIPA,53,M,CASTELLANO
40208,AREQUIPA,CAYLLOMA,HUANCA,AREQUIPA - UNIDOS POR EL GRAN CAMBIO,73,F,CASTELLANO
40208,AREQUIPA,CAYLLOMA,HUANCA,AREQUIPA RENACE,165,F,CASTELLANO
40208,AREQUIPA,CAYLLOMA,HUANCA,"AREQUIPA, TRADICION Y FUTURO",414,F,CASTELLANO
40208,AREQUIPA,CAYLLOMA,HUANCA,FUERZA AREQUIPEÑA,226,F,CASTELLANO
40208,AREQUIPA,CAYLLOMA,HUANCA,JUNTOS POR EL DESARROLLO DE AREQUIPA,74,F,CASTELLANO
40209,AREQUIPA,CAYLLOMA,ICHUPAMPA,ALIANZA PARA EL PROGRESO DE AREQUIPA,150,M,CASTELLANO
40209,AREQUIPA,CAYLLOMA,ICHUPAMPA,AREQUIPA RENACE,63,M,CASTELLANO
40209,AREQUIPA,CAYLLOMA,ICHUPAMPA,"AREQUIPA, TRADICION Y FUTURO",71,M,CASTELLANO
40209,AREQUIPA,CAYLLOMA,ICHUPAMPA,FUERZA AREQUIPEÑA,22,M,CASTELLANO
40209,AREQUIPA,CAYLLOMA,ICHUPAMPA,JUNTOS POR EL DESARROLLO DE AREQUIPA,70,M,CASTELLANO
40209,AREQUIPA,CAYLLOMA,ICHUPAMPA,RESTAURACION NACIONAL,26,M,CASTELLANO
40209,AREQUIPA,CAYLLOMA,ICHUPAMPA,VAMOS AREQUIPA,14,M,CASTELLANO
40210,AREQUIPA,CAYLLOMA,LARI,AREQUIPA - UNIDOS POR EL GRAN CAMBIO,198,M,CASTELLANO
40210,AREQUIPA,CAYLLOMA,LARI,AREQUIPA RENACE,141,M,CASTELLANO
40210,AREQUIPA,CAYLLOMA,LARI,"AREQUIPA, TRADICION Y FUTURO",114,M,CASTELLANO
40210,AREQUIPA,CAYLLOMA,LARI,JUNTOS POR EL DESARROLLO DE AREQUIPA,132,M,CASTELLANO
40211,AREQUIPA,CAYLLOMA,LLUTA,AREQUIPA RENACE,180,M,QUECHUA
40211,AREQUIPA,CAYLLOMA,LLUTA,"AREQUIPA, TRADICION Y FUTURO",599,M,QUECHUA
40211,AREQUIPA,CAYLLOMA,LLUTA,FUERZA AREQUIPEÑA,145,M,QUECHUA
40211,AREQUIPA,CAYLLOMA,LLUTA,JUNTOS POR EL DESARROLLO DE AREQUIPA,135,M,QUECHUA
40212,AREQUIPA,CAYLLOMA,MACA,ALIANZA PARA EL PROGRESO DE AREQUIPA,76,M,CASTELLANO
40212,AREQUIPA,CAYLLOMA,MACA,AREQUIPA - UNIDOS POR EL GRAN CAMBIO,121,M,CASTELLANO
40212,AREQUIPA,CAYLLOMA,MACA,"AREQUIPA, TRADICION Y FUTURO",143,M,CASTELLANO
40212,AREQUIPA,CAYLLOMA,MACA,FUERZA AREQUIPEÑA,43,M,CASTELLANO
40212,AREQUIPA,CAYLLOMA,MACA,JUNTOS POR EL DESARROLLO DE AREQUIPA,189,M,CASTELLANO
40212,AREQUIPA,CAYLLOMA,MACA,PARTIDO POPULAR CRISTIANO - PPC,3,M,CASTELLANO
40213,AREQUIPA,CAYLLOMA,MADRIGAL,ACCION POPULAR,29,M,QUECHUA
40213,AREQUIPA,CAYLLOMA,MADRIGAL,ALIANZA PARA EL PROGRESO DE AREQUIPA,86,M,QUECHUA
40213,AREQUIPA,CAYLLOMA,MADRIGAL,AREQUIPA RENACE,30,M,QUECHUA
40213,AREQUIPA,CAYLLOMA,MADRIGAL,"AREQUIPA, TRADICION Y FUTURO",56,M,QUECHUA
40213,AREQUIPA,CAYLLOMA,MADRIGAL,JUNTOS POR EL DESARROLLO DE AREQUIPA,219,M,QUECHUA
40214,AREQUIPA,CAYLLOMA,SAN ANTONIO DE CHUCA,AREQUIPA - UNIDOS POR EL GRAN CAMBIO,113,M,QUECHUA
40214,AREQUIPA,CAYLLOMA,SAN ANTONIO DE CHUCA,AREQUIPA RENACE,158,M,QUECHUA
40214,AREQUIPA,CAYLLOMA,SAN ANTONIO DE CHUCA,"AREQUIPA, TRADICION Y FUTURO",107,M,QUECHUA
40214,AREQUIPA,CAYLLOMA,SAN ANTONIO DE CHUCA,FUERZA AREQUIPEÑA,170,M,QUECHUA
40214,AREQUIPA,CAYLLOMA,SAN ANTONIO DE CHUCA,VAMOS AREQUIPA,81,M,QUECHUA
40215,AREQUIPA,CAYLLOMA,SIBAYO,AREQUIPA RENACE,65,M,AYMARA
40215,AREQUIPA,CAYLLOMA,SIBAYO,"AREQUIPA, TRADICION Y FUTURO",125,M,AYMARA
40215,AREQUIPA,CAYLLOMA,SIBAYO,FUERZA AREQUIPEÑA,189,M,AYMARA
40215,AREQUIPA,CAYLLOMA,SIBAYO,JUNTOS POR EL DESARROLLO DE AREQUIPA,148,M,AYMARA
40216,AREQUIPA,CAYLLOMA,TAPAY,ALIANZA PARA EL PROGRESO DE AREQUIPA,111,M,AYMARA
40216,AREQUIPA,CAYLLOMA,TAPAY,AREQUIPA - UNIDOS POR EL GRAN CAMBIO,160,M,AYMARA
40216,AREQUIPA,CAYLLOMA,TAPAY,AREQUIPA RENACE,128,M,AYMARA
40216,AREQUIPA,CAYLLOMA,TAPAY,"AREQUIPA, TRADICION Y FUTURO",38,M,AYMARA
40216,AREQUIPA,CAYLLOMA,TAPAY,JUNTOS POR EL DESARROLLO DE AREQUIPA,3,M,AYMARA
40216,AREQUIPA,CAYLLOMA,TAPAY,MOVIMIENTO INDEPENDIENTE POR EL DESARROLLO DE TAPAY - MIDET,25,M,AYMARA
40216,AREQUIPA,CAYLLOMA,TAPAY,SIEMPRE UNIDOS,9,M,AYMARA
40217,AREQUIPA,CAYLLOMA,TISCO,AREQUIPA - UNIDOS POR EL GRAN CAMBIO,222,M,QUECHUA
40217,AREQUIPA,CAYLLOMA,TISCO,AREQUIPA RENACE,47,M,QUECHUA
40217,AREQUIPA,CAYLLOMA,TISCO,"AREQUIPA, TRADICION Y FUTURO",235,M,QUECHUA
40217,AREQUIPA,CAYLLOMA,TISCO,"EL FRENTE AMPLIO POR JUSTICIA, VIDA Y LIBERTAD",157,M,QUECHUA
40217,AREQUIPA,CAYLLOMA,TISCO,FUERZA AREQUIPEÑA,45,M,QUECHUA
40217,AREQUIPA,CAYLLOMA,TISCO,JUNTOS POR EL DESARROLLO DE AREQUIPA,38,M,QUECHUA
40217,AREQUIPA,CAYLLOMA,TISCO,PARTIDO POPULAR CRISTIANO - PPC,30,M,QUECHUA
40218,AREQUIPA,CAYLLOMA,TUTI,ALIANZA PARA EL PROGRESO DE AREQUIPA,58,M,AYMARA
40218,AREQUIPA,CAYLLOMA,TUTI,AREQUIPA - UNIDOS POR EL GRAN CAMBIO,110,M,AYMARA
40218,AREQUIPA,CAYLLOMA,TUTI,AREQUIPA RENACE,73,M,AYMARA
40218,AREQUIPA,CAYLLOMA,TUTI,"AREQUIPA, TRADICION Y FUTURO",197,M,AYMARA
40218,AREQUIPA,CAYLLOMA,TUTI,FUERZA AREQUIPEÑA,32,M,AYMARA
40218,AREQUIPA,CAYLLOMA,TUTI,VAMOS AREQUIPA,58,M,AYMARA
40219,AREQUIPA,CAYLLOMA,YANQUE,AREQUIPA - UNIDOS POR EL GRAN CAMBIO,489,M,QUECHUA
40219,AREQUIPA,CAYLLOMA,YANQUE,AREQUIPA RENACE,124,M,QUECHUA
40219,AREQUIPA,CAYLLOMA,YANQUE,"AREQUIPA, TRADICION Y FUTURO",217,M,QUECHUA
40219,AREQUIPA,CAYLLOMA,YANQUE,"EL FRENTE AMPLIO POR JUSTICIA, VIDA Y LIBERTAD",50,M,QUECHUA
40219,AREQUIPA,CAYLLOMA,YANQUE,FUERZA AREQUIPEÑA,58,M,QUECHUA
40219,AREQUIPA,CAYLLOMA,YANQUE,JUNTOS POR EL DESARROLLO DE AREQUIPA,128,M,QUECHUA
40219,AREQUIPA,CAYLLOMA,YANQUE,VAMOS PERU,174,M,QUECHUA
40220,AREQUIPA,CAYLLOMA,MAJES,ACCION POPULAR,978,M,CASTELLANO
40220,AREQUIPA,CAYLLOMA,MAJES,ALIANZA PARA EL PROGRESO DE AREQUIPA,662,M,CASTELLANO
40220,AREQUIPA,CAYLLOMA,MAJES,AREQUIPA - UNIDOS POR EL GRAN CAMBIO,1510,M,CASTELLANO
40220,AREQUIPA,CAYLLOMA,MAJES,AREQUIPA RENACE,7823,M,CASTELLANO
40220,AREQUIPA,CAYLLOMA,MAJES,"AREQUIPA, TRADICION Y FUTURO",6007,M,CASTELLANO
40220,AREQUIPA,CAYLLOMA,MAJES,"EL FRENTE AMPLIO POR JUSTICIA, VIDA Y LIBERTAD",213,M,CASTELLANO
40220,AREQUIPA,CAYLLOMA,MAJES,FUERZA AREQUIPEÑA,6790,M,CASTELLANO
40220,AREQUIPA,CAYLLOMA,MAJES,FUERZA POPULAR,360,M,CASTELLANO
40220,AREQUIPA,CAYLLOMA,MAJES,JUNTOS POR EL DESARROLLO DE AREQUIPA,499,M,CASTELLANO
40220,AREQUIPA,CAYLLOMA,MAJES,MOVIMIENTO REGIONAL AREQUIPA AVANCEMOS,442,M,CASTELLANO
40220,AREQUIPA,CAYLLOMA,MAJES,SIEMPRE UNIDOS,329,M,CASTELLANO
40220,AREQUIPA,CAYLLOMA,MAJES,SOLIDARIDAD NACIONAL,5807,M,CASTELLANO
40302,AREQUIPA,CAMANA,JOSE MARIA QUIMPER,ALIANZA PARA EL PROGRESO DE AREQUIPA,210,M,CASTELLANO
40302,AREQUIPA,CAMANA,JOSE MARIA QUIMPER,AREQUIPA RENACE,439,M,CASTELLANO
40302,AREQUIPA,CAMANA,JOSE MARIA QUIMPER,"AREQUIPA, TRADICION Y FUTURO",583,M,CASTELLANO
40302,AREQUIPA,CAMANA,JOSE MARIA QUIMPER,FUERZA AREQUIPEÑA,193,M,CASTELLANO
40302,AREQUIPA,CAMANA,JOSE MARIA QUIMPER,FUERZA POPULAR,18,M,CASTELLANO
40302,AREQUIPA,CAMANA,JOSE MARIA QUIMPER,JUNTOS POR EL DESARROLLO DE AREQUIPA,69,M,CASTELLANO
40302,AREQUIPA,CAMANA,JOSE MARIA QUIMPER,UNION POR EL PERU,399,M,CASTELLANO
40302,AREQUIPA,CAMANA,JOSE MARIA QUIMPER,VAMOS AREQUIPA,275,M,CASTELLANO
40302,AREQUIPA,CAMANA,JOSE MARIA QUIMPER,VAMOS PERU,423,M,CASTELLANO
40303,AREQUIPA,CAMANA,MARIANO NICOLAS VALCARCEL,ALIANZA PARA EL PROGRESO DE AREQUIPA,46,M,CASTELLANO
40303,AREQUIPA,CAMANA,MARIANO NICOLAS VALCARCEL,AREQUIPA RENACE,203,M,CASTELLANO
40303,AREQUIPA,CAMANA,MARIANO NICOLAS VALCARCEL,"AREQUIPA, TRADICION Y FUTURO",287,M,CASTELLANO
40303,AREQUIPA,CAMANA,MARIANO NICOLAS VALCARCEL,FUERZA AREQUIPEÑA,568,M,CASTELLANO
40303,AREQUIPA,CAMANA,MARIANO NICOLAS VALCARCEL,JUNTOS POR EL DESARROLLO DE AREQUIPA,76,M,CASTELLANO
40303,AREQUIPA,CAMANA,MARIANO NICOLAS VALCARCEL,VAMOS AREQUIPA,87,M,CASTELLANO
40303,AREQUIPA,CAMANA,MARIANO NICOLAS VALCARCEL,VAMOS PERU,61,M,CASTELLANO
40304,AREQUIPA,CAMANA,MARISCAL CACERES,ALIANZA PARA EL PROGRESO DE AREQUIPA,614,M,CASTELLANO
40304,AREQUIPA,CAMANA,MARISCAL CACERES,AREQUIPA RENACE,517,M,CASTELLANO
40304,AREQUIPA,CAMANA,MARISCAL CACERES,"AREQUIPA, TRADICION Y FUTURO",1054,M,CASTELLANO
40304,AREQUIPA,CAMANA,MARISCAL CACERES,JUNTOS POR EL DESARROLLO DE AREQUIPA,532,M,CASTELLANO
40304,AREQUIPA,CAMANA,MARISCAL CACERES,UNION POR EL PERU,34,M,CASTELLANO
40304,AREQUIPA,CAMANA,MARISCAL CACERES,VAMOS AREQUIPA,435,M,CASTELLANO
40304,AREQUIPA,CAMANA,MARISCAL CACERES,VAMOS PERU,565,M,CASTELLANO
40305,AREQUIPA,CAMANA,NICOLAS DE PIEROLA,AREQUIPA RENACE,1381,M,CASTELLANO
40305,AREQUIPA,CAMANA,NICOLAS DE PIEROLA,"AREQUIPA, TRADICION Y FUTURO",603,M,CASTELLANO
40305,AREQUIPA,CAMANA,NICOLAS DE PIEROLA,FUERZA AREQUIPEÑA,610,M,CASTELLANO
40305,AREQUIPA,CAMANA,NICOLAS DE PIEROLA,FUERZA POPULAR,408,M,CASTELLANO
40305,AREQUIPA,CAMANA,NICOLAS DE PIEROLA,JUNTOS POR EL DESARROLLO DE AREQUIPA,431,M,CASTELLANO
40305,AREQUIPA,CAMANA,NICOLAS DE PIEROLA,UNION POR EL PERU,144,M,CASTELLANO
40305,AREQUIPA,CAMANA,NICOLAS DE PIEROLA,VAMOS AREQUIPA,123,M,CASTELLANO
40305,AREQUIPA,CAMANA,NICOLAS DE PIEROLA,VAMOS PERU,290,M,CASTELLANO
40306,AREQUIPA,CAMANA,OCOÑA,AREQUIPA RENACE,36,M,CASTELLANO
40306,AREQUIPA,CAMANA,OCOÑA,"AREQUIPA, TRADICION Y FUTURO",740,M,CASTELLANO
40306,AREQUIPA,CAMANA,OCOÑA,DEMOCRACIA DIRECTA,61,M,CASTELLANO
40306,AREQUIPA,CAMANA,OCOÑA,FUERZA AREQUIPEÑA,1050,M,CASTELLANO
40306,AREQUIPA,CAMANA,OCOÑA,FUERZA POPULAR,147,M,CASTELLANO
40306,AREQUIPA,CAMANA,OCOÑA,JUNTOS POR EL DESARROLLO DE AREQUIPA,39,M,CASTELLANO
40306,AREQUIPA,CAMANA,OCOÑA,VAMOS PERU,431,M,CASTELLANO
40307,AREQUIPA,CAMANA,QUILCA,ACCION POPULAR,222,M,CASTELLANO
40307,AREQUIPA,CAMANA,QUILCA,AREQUIPA RENACE,81,M,CASTELLANO
40307,AREQUIPA,CAMANA,QUILCA,"AREQUIPA, TRADICION Y FUTURO",293,M,CASTELLANO
40307,AREQUIPA,CAMANA,QUILCA,VAMOS AREQUIPA,6,M,CASTELLANO
40307,AREQUIPA,CAMANA,QUILCA,VAMOS PERU,66,M,CASTELLANO
40308,AREQUIPA,CAMANA,SAMUEL PASTOR,ACCION POPULAR,1528,M,CASTELLANO
40308,AREQUIPA,CAMANA,SAMUEL PASTOR,ALIANZA PARA EL PROGRESO DE AREQUIPA,282,M,CASTELLANO
40308,AREQUIPA,CAMANA,SAMUEL PASTOR,AREQUIPA - UNIDOS POR EL GRAN CAMBIO,117,M,CASTELLANO
40308,AREQUIPA,CAMANA,SAMUEL PASTOR,AREQUIPA RENACE,1369,M,CASTELLANO
40308,AREQUIPA,CAMANA,SAMUEL PASTOR,"AREQUIPA, TRADICION Y FUTURO",410,M,CASTELLANO
40308,AREQUIPA,CAMANA,SAMUEL PASTOR,"EL FRENTE AMPLIO POR JUSTICIA, VIDA Y LIBERTAD",253,M,CASTELLANO
40308,AREQUIPA,CAMANA,SAMUEL PASTOR,FUERZA AREQUIPEÑA,639,M,CASTELLANO
40308,AREQUIPA,CAMANA,SAMUEL PASTOR,FUERZA POPULAR,65,M,CASTELLANO
40308,AREQUIPA,CAMANA,SAMUEL PASTOR,JUNTOS POR EL DESARROLLO DE AREQUIPA,1810,M,CASTELLANO
40308,AREQUIPA,CAMANA,SAMUEL PASTOR,SIEMPRE UNIDOS,115,M,CASTELLANO
40308,AREQUIPA,CAMANA,SAMUEL PASTOR,UNION POR EL PERU,366,M,CASTELLANO
40308,AREQUIPA,CAMANA,SAMUEL PASTOR,VAMOS AREQUIPA,119,M,CASTELLANO
40308,AREQUIPA,CAMANA,SAMUEL PASTOR,VAMOS PERU,901,M,CASTELLANO
40402,AREQUIPA,CARAVELI,ACARI,ACCION POPULAR,140,M,CASTELLANO
40402,AREQUIPA,CARAVELI,ACARI,ALIANZA PARA EL PROGRESO DE AREQUIPA,182,M,CASTELLANO
40402,AREQUIPA,CARAVELI,ACARI,"AREQUIPA, TRADICION Y FUTURO",683,M,CASTELLANO
40402,AREQUIPA,CARAVELI,ACARI,DEMOCRACIA DIRECTA,35,M,CASTELLANO
40402,AREQUIPA,CARAVELI,ACARI,"EL FRENTE AMPLIO POR JUSTICIA, VIDA Y LIBERTAD",85,M,CASTELLANO
40402,AREQUIPA,CARAVELI,ACARI,FUERZA AREQUIPEÑA,598,M,CASTELLANO
40402,AREQUIPA,CARAVELI,ACARI,JUNTOS POR EL DESARROLLO DE AREQUIPA,211,M,CASTELLANO
40402,AREQUIPA,CARAVELI,ACARI,PARTICIPA ACARI,61,M,CASTELLANO
40402,AREQUIPA,CARAVELI,ACARI,PARTIDO POPULAR CRISTIANO - PPC,113,M,CASTELLANO
40402,AREQUIPA,CARAVELI,ACARI,VAMOS AREQUIPA,355,M,CASTELLANO
40403,AREQUIPA,CARAVELI,ATICO,ALIANZA PARA EL PROGRESO DE AREQUIPA,9,M,CASTELLANO
40403,AREQUIPA,CARAVELI,ATICO,"AREQUIPA, TRADICION Y FUTURO",1327,M,CASTELLANO
40403,AREQUIPA,CARAVELI,ATICO,FUERZA AREQUIPEÑA,116,M,CASTELLANO
40403,AREQUIPA,CARAVELI,ATICO,JUNTOS POR EL DESARROLLO DE AREQUIPA,925,M,CASTELLANO
40404,AREQUIPA,CARAVELI,ATIQUIPA,"AREQUIPA, TRADICION Y FUTURO",238,M,QUECHUA
40404,AREQUIPA,CARAVELI,ATIQUIPA,JUNTOS POR EL DESARROLLO DE AREQUIPA,203,M,QUECHUA
40405,AREQUIPA,CARAVELI,BELLA UNION,ACCION POPULAR,4,M,CASTELLANO
40405,AREQUIPA,CARAVELI,BELLA UNION,ALIANZA PARA EL PROGRESO DE AREQUIPA,17,M,CASTELLANO
40405,AREQUIPA,CARAVELI,BELLA UNION,"AREQUIPA, TRADICION Y FUTURO",697,M,CASTELLANO
40405,AREQUIPA,CARAVELI,BELLA UNION,FUERZA AREQUIPEÑA,77,M,CASTELLANO
40405,AREQUIPA,CARAVELI,BELLA UNION,JUNTOS POR EL DESARROLLO DE AREQUIPA,46,M,CASTELLANO
40405,AREQUIPA,CARAVELI,BELLA UNION,VAMOS AREQUIPA,521,M,CASTELLANO
40406,AREQUIPA,CARAVELI,CAHUACHO,ALIANZA PARA EL PROGRESO DE AREQUIPA,58,M,CASTELLANO
40406,AREQUIPA,CARAVELI,CAHUACHO,"AREQUIPA, TRADICION Y FUTURO",119,M,CASTELLANO
40406,AREQUIPA,CARAVELI,CAHUACHO,FUERZA AREQUIPEÑA,246,M,CASTELLANO
40407,AREQUIPA,CARAVELI,CHALA,ACCION POPULAR,64,M,CASTELLANO
40407,AREQUIPA,CARAVELI,CHALA,ALIANZA PARA EL PROGRESO DE AREQUIPA,65,M,CASTELLANO
40407,AREQUIPA,CARAVELI,CHALA,"AREQUIPA, TRADICION Y FUTURO",603,M,CASTELLANO
40407,AREQUIPA,CARAVELI,CHALA,DEMOCRACIA DIRECTA,202,M,CASTELLANO
40407,AREQUIPA,CARAVELI,CHALA,FUERZA AREQUIPEÑA,237,M,CASTELLANO
40407,AREQUIPA,CARAVELI,CHALA,FUERZA POPULAR,625,M,CASTELLANO
40407,AREQUIPA,CARAVELI,CHALA,JUNTOS POR EL DESARROLLO DE AREQUIPA,55,M,CASTELLANO
40407,AREQUIPA,CARAVELI,CHALA,VAMOS AREQUIPA,1147,M,CASTELLANO
40407,AREQUIPA,CARAVELI,CHALA,VAMOS PERU,155,M,CASTELLANO
40408,AREQUIPA,CARAVELI,CHAPARRA,ACCION POPULAR,55,M,QUECHUA
40408,AREQUIPA,CARAVELI,CHAPARRA,"AREQUIPA, TRADICION Y FUTURO",614,M,QUECHUA
40408,AREQUIPA,CARAVELI,CHAPARRA,FUERZA AREQUIPEÑA,230,M,QUECHUA
40408,AREQUIPA,CARAVELI,CHAPARRA,JUNTOS POR EL DESARROLLO DE AREQUIPA,543,M,QUECHUA
40408,AREQUIPA,CARAVELI,CHAPARRA,VAMOS AREQUIPA,27,M,QUECHUA
40409,AREQUIPA,CARAVELI,HUANUHUANU,"AREQUIPA, TRADICION Y FUTURO",382,M,CASTELLANO
40409,AREQUIPA,CARAVELI,HUANUHUANU,FUERZA AREQUIPEÑA,455,M,CASTELLANO
40409,AREQUIPA,CARAVELI,HUANUHUANU,VAMOS AREQUIPA,169,M,CASTELLANO
40410,AREQUIPA,CARAVELI,JAQUI,FUERZA POPULAR,45,M,CASTELLANO
40410,AREQUIPA,CARAVELI,JAQUI,JUNTOS POR EL DESARROLLO DE AREQUIPA,2,M,CASTELLANO
40410,AREQUIPA,CARAVELI,JAQUI,PARTIDO DEMOCRATICO SOMOS PERU,523,M,CASTELLANO
40410,AREQUIPA,CARAVELI,JAQUI,VAMOS AREQUIPA,398,M,CASTELLANO
40411,AREQUIPA,CARAVELI,LOMAS,ACCION POPULAR,213,M,CASTELLANO
40411,AREQUIPA,CARAVELI,LOMAS,ALIANZA PARA EL PROGRESO DE AREQUIPA,61,M,CASTELLANO
40411,AREQUIPA,CARAVELI,LOMAS,AREQUIPA - UNIDOS POR EL GRAN CAMBIO,49,M,CASTELLANO
40411,AREQUIPA,CARAVELI,LOMAS,"AREQUIPA, TRADICION Y FUTURO",47,M,CASTELLANO
40411,AREQUIPA,CARAVELI,LOMAS,DEMOCRACIA DIRECTA,21,M,CASTELLANO
40411,AREQUIPA,CARAVELI,LOMAS,FUERZA AREQUIPEÑA,160,M,CASTELLANO
40411,AREQUIPA,CARAVELI,LOMAS,JUNTOS POR EL DESARROLLO DE AREQUIPA,242,M,CASTELLANO
40411,AREQUIPA,CARAVELI,LOMAS,VAMOS AREQUIPA,94,M,CASTELLANO
40412,AREQUIPA,CARAVELI,QUICACHA,ACCION POPULAR,21,M,CASTELLANO
40412,AREQUIPA,CARAVELI,QUICACHA,ALIANZA PARA EL PROGRESO DE AREQUIPA,148,M,CASTELLANO
40412,AREQUIPA,CARAVELI,QUICACHA,AREQUIPA RENACE,1,M,CASTELLANO
40412,AREQUIPA,CARAVELI,QUICACHA,"AREQUIPA, TRADICION Y FUTURO",265,M,CASTELLANO
40412,AREQUIPA,CARAVELI,QUICACHA,FUERZA POPULAR,130,M,CASTELLANO
40412,AREQUIPA,CARAVELI,QUICACHA,JUNTOS POR EL DESARROLLO DE AREQUIPA,49,M,CASTELLANO
40412,AREQUIPA,CARAVELI,QUICACHA,UNION POR EL PERU,124,M,CASTELLANO
40412,AREQUIPA,CARAVELI,QUICACHA,VAMOS AREQUIPA,222,M,CASTELLANO
40413,AREQUIPA,CARAVELI,YAUCA,FUERZA AREQUIPEÑA,62,M,CASTELLANO
40413,AREQUIPA,CARAVELI,YAUCA,JUNTOS POR EL DESARROLLO DE AREQUIPA,613,M,CASTELLANO
40413,AREQUIPA,CARAVELI,YAUCA,VAMOS AREQUIPA,417,M,CASTELLANO
40502,AREQUIPA,CASTILLA,ANDAGUA,AREQUIPA RENACE,337,M,CASTELLANO
40502,AREQUIPA,CASTILLA,ANDAGUA,"AREQUIPA, TRADICION Y FUTURO",28,M,CASTELLANO
40502,AREQUIPA,CASTILLA,ANDAGUA,JUNTOS POR EL DESARROLLO DE AREQUIPA,281,M,CASTELLANO
40503,AREQUIPA,CASTILLA,AYO,ACCION POPULAR,68,M,QUECHUA
40503,AREQUIPA,CASTILLA,AYO,AREQUIPA RENACE,22,M,QUECHUA
40503,AREQUIPA,CASTILLA,AYO,"AREQUIPA, TRADICION Y FUTURO",102,M,QUECHUA
40503,AREQUIPA,CASTILLA,AYO,DEMOCRACIA DIRECTA,10,M,QUECHUA
40503,AREQUIPA,CASTILLA,AYO,FUERZA AREQUIPEÑA,76,M,QUECHUA
40504,AREQUIPA,CASTILLA,CHACHAS,AREQUIPA RENACE,328,M,CASTELLANO
40504,AREQUIPA,CASTILLA,CHACHAS,FUERZA AREQUIPEÑA,248,M,CASTELLANO
40504,AREQUIPA,CASTILLA,CHACHAS,PARTIDO POPULAR CRISTIANO - PPC,68,M,CASTELLANO
40504,AREQUIPA,CASTILLA,CHACHAS,VAMOS AREQUIPA,131,M,CASTELLANO
40505,AREQUIPA,CASTILLA,CHILCAYMARCA,ACCION POPULAR,52,M,QUECHUA
40505,AREQUIPA,CASTILLA,CHILCAYMARCA,AREQUIPA RENACE,86,M,QUECHUA
40505,AREQUIPA,CASTILLA,CHILCAYMARCA,"AREQUIPA, TRADICION Y FUTURO",164,M,QUECHUA
40505,AREQUIPA,CASTILLA,CHILCAYMARCA,JUNTOS POR EL DESARROLLO DE AREQUIPA,296,M,QUECHUA
40505,AREQUIPA,CASTILLA,CHILCAYMARCA,VAMOS AREQUIPA,32,M,QUECHUA
40506,AREQUIPA,CASTILLA,CHOCO,"AREQUIPA, TRADICION Y FUTURO",48,M,CASTELLANO
40506,AREQUIPA,CASTILLA,CHOCO,FUERZA AREQUIPEÑA,56,M,CASTELLANO
40506,AREQUIPA,CASTILLA,CHOCO,JUNTOS POR EL DESARROLLO DE AREQUIPA,162,M,CASTELLANO
40506,AREQUIPA,CASTILLA,CHOCO,PARTIDO POPULAR CRISTIANO - PPC,161,M,CASTELLANO
40506,AREQUIPA,CASTILLA,CHOCO,VAMOS AREQUIPA,98,M,CASTELLANO
40507,AREQUIPA,CASTILLA,HUANCARQUI,AREQUIPA RENACE,176,M,CASTELLANO
40507,AREQUIPA,CASTILLA,HUANCARQUI,"AREQUIPA, TRADICION Y FUTURO",71,M,CASTELLANO
40507,AREQUIPA,CASTILLA,HUANCARQUI,FUERZA AREQUIPEÑA,385,M,CASTELLANO
40507,AREQUIPA,CASTILLA,HUANCARQUI,JUNTOS POR EL DESARROLLO DE AREQUIPA,393,M,CASTELLANO
40507,AREQUIPA,CASTILLA,HUANCARQUI,VAMOS PERU,106,M,CASTELLANO
40508,AREQUIPA,CASTILLA,MACHAGUAY,ALIANZA PARA EL PROGRESO DE AREQUIPA,38,M,AYMARA
40508,AREQUIPA,CASTILLA,MACHAGUAY,AREQUIPA RENACE,22,M,AYMARA
40508,AREQUIPA,CASTILLA,MACHAGUAY,"AREQUIPA, TRADICION Y FUTURO",69,M,AYMARA
40508,AREQUIPA,CASTILLA,MACHAGUAY,DEMOCRACIA DIRECTA,78,M,AYMARA
40508,AREQUIPA,CASTILLA,MACHAGUAY,FUERZA AREQUIPEÑA,164,M,AYMARA
40508,AREQUIPA,CASTILLA,MACHAGUAY,JUNTOS POR EL DESARROLLO DE AREQUIPA,30,M,AYMARA
40509,AREQUIPA,CASTILLA,ORCOPAMPA,ACCION POPULAR,52,M,QUECHUA
40509,AREQUIPA,CASTILLA,ORCOPAMPA,ALIANZA PARA EL PROGRESO DE AREQUIPA,140,M,QUECHUA
40509,AREQUIPA,CASTILLA,ORCOPAMPA,AREQUIPA - UNIDOS POR EL GRAN CAMBIO,868,M,QUECHUA
40509,AREQUIPA,CASTILLA,ORCOPAMPA,AREQUIPA RENACE,206,M,QUECHUA
40509,AREQUIPA,CASTILLA,ORCOPAMPA,"AREQUIPA, TRADICION Y FUTURO",41,M,QUECHUA
40509,AREQUIPA,CASTILLA,ORCOPAMPA,FUERZA AREQUIPEÑA,941,M,QUECHUA
40509,AREQUIPA,CASTILLA,ORCOPAMPA,JUNTOS POR EL DESARROLLO DE AREQUIPA,231,M,QUECHUA
40509,AREQUIPA,CASTILLA,ORCOPAMPA,VAMOS AREQUIPA,99,M,QUECHUA
40510,AREQUIPA,CASTILLA,PAMPACOLCA,ACCION POPULAR,69,M,CASTELLANO
40510,AREQUIPA,CASTILLA,PAMPACOLCA,AREQUIPA RENACE,189,M,CASTELLANO
40510,AREQUIPA,CASTILLA,PAMPACOLCA,"AREQUIPA, TRADICION Y FUTURO",38,M,CASTELLANO
40510,AREQUIPA,CASTILLA,PAMPACOLCA,FUERZA AREQUIPEÑA,486,M,CASTELLANO
40510,AREQUIPA,CASTILLA,PAMPACOLCA,JUNTOS POR EL DESARROLLO DE AREQUIPA,362,M,CASTELLANO
40510,AREQUIPA,CASTILLA,PAMPACOLCA,VAMOS AREQUIPA,273,M,CASTELLANO
40511,AREQUIPA,CASTILLA,TIPAN,ACCION POPULAR,150,M,CASTELLANO
40511,AREQUIPA,CASTILLA,TIPAN,FUERZA AREQUIPEÑA,63,M,CASTELLANO
40511,AREQUIPA,CASTILLA,TIPAN,JUNTOS POR EL DESARROLLO DE AREQUIPA,87,M,CASTELLANO
40512,AREQUIPA,CASTILLA,URACA,ALIANZA PARA EL PROGRESO DE AREQUIPA,171,M,CASTELLANO
40512,AREQUIPA,CASTILLA,URACA,AREQUIPA RENACE,1284,M,CASTELLANO
40512,AREQUIPA,CASTILLA,URACA,"AREQUIPA, TRADICION Y FUTURO",399,M,CASTELLANO
40512,AREQUIPA,CASTILLA,URACA,FUERZA AREQUIPEÑA,1303,M,CASTELLANO
40512,AREQUIPA,CASTILLA,URACA,JUNTOS POR EL DESARROLLO DE AREQUIPA,870,M,CASTELLANO
40512,AREQUIPA,CASTILLA,URACA,VAMOS AREQUIPA,142,M,CASTELLANO
40513,AREQUIPA,CASTILLA,UÑON,FUERZA AREQUIPEÑA,116,M,CASTELLANO
40513,AREQUIPA,CASTILLA,UÑON,JUNTOS POR EL DESARROLLO DE AREQUIPA,75,M,CASTELLANO
40514,AREQUIPA,CASTILLA,VIRACO,ACCION POPULAR,149,M,CASTELLANO
40514,AREQUIPA,CASTILLA,VIRACO,ALIANZA PARA EL PROGRESO DE AREQUIPA,73,M,CASTELLANO
40514,AREQUIPA,CASTILLA,VIRACO,AREQUIPA - UNIDOS POR EL GRAN CAMBIO,98,M,CASTELLANO
40514,AREQUIPA,CASTILLA,VIRACO,AREQUIPA RENACE,56,M,CASTELLANO
40514,AREQUIPA,CASTILLA,VIRACO,"AREQUIPA, TRADICION Y FUTURO",47,M,CASTELLANO
40514,AREQUIPA,CASTILLA,VIRACO,FUERZA AREQUIPEÑA,70,M,CASTELLANO
40514,AREQUIPA,CASTILLA,VIRACO,JUNTOS POR EL DESARROLLO DE AREQUIPA,89,M,CASTELLANO
40514,AREQUIPA,CASTILLA,VIRACO,VAMOS AREQUIPA,160,M,CASTELLANO
40602,AREQUIPA,CONDESUYOS,ANDARAY,AREQUIPA RENACE,200,M,CASTELLANO
40602,AREQUIPA,CONDESUYOS,ANDARAY,CONDESUYOS PROGRESA,142,M,CASTELLANO
40602,AREQUIPA,CONDESUYOS,ANDARAY,FUERZA AREQUIPEÑA,15,M,CASTELLANO
40602,AREQUIPA,CONDESUYOS,ANDARAY,VAMOS AREQUIPA,57,M,CASTELLANO
40602,AREQUIPA,CONDESUYOS,ANDARAY,VAMOS PERU,17,M,CASTELLANO
40603,AREQUIPA,CONDESUYOS,CAYARANI,ACCION POPULAR,505,M,QUECHUA
40603,AREQUIPA,CONDESUYOS,CAYARANI,AREQUIPA RENACE,89,M,QUECHUA
40603,AREQUIPA,CONDESUYOS,CAYARANI,"AREQUIPA, TRADICION Y FUTURO",251,M,QUECHUA
40603,AREQUIPA,CONDESUYOS,CAYARANI,DEMOCRACIA DIRECTA,153,M,QUECHUA
40603,AREQUIPA,CONDESUYOS,CAYARANI,FUERZA AREQUIPEÑA,67,M,QUECHUA
40603,AREQUIPA,CONDESUYOS,CAYARANI,UNION POR EL PERU,108,M,QUECHUA
40604,AREQUIPA,CONDESUYOS,CHICHAS,AREQUIPA RENACE,213,M,CASTELLANO
40604,AREQUIPA,CONDESUYOS,CHICHAS,CONDESUYOS PROGRESA,214,M,CASTELLANO
40604,AREQUIPA,CONDESUYOS,CHICHAS,VAMOS AREQUIPA,3,M,CASTELLANO
40605,AREQUIPA,CONDESUYOS,IRAY,ALIANZA PARA EL PROGRESO DE AREQUIPA,39,M,CASTELLANO
40605,AREQUIPA,CONDESUYOS,IRAY,AREQUIPA RENACE,152,M,CASTELLANO
40605,AREQUIPA,CONDESUYOS,IRAY,CONDESUYOS PROGRESA,101,M,CASTELLANO
40605,AREQUIPA,CONDESUYOS,IRAY,FUERZA AREQUIPEÑA,216,M,CASTELLANO
40606,AREQUIPA,CONDESUYOS,SALAMANCA,ACCION POPULAR,103,M,CASTELLANO
40606,AREQUIPA,CONDESUYOS,SALAMANCA,AREQUIPA RENACE,75,M,CASTELLANO
40606,AREQUIPA,CONDESUYOS,SALAMANCA,CONDESUYOS PROGRESA,157,M,CASTELLANO
40606,AREQUIPA,CONDESUYOS,SALAMANCA,FUERZA POPULAR,168,M,CASTELLANO
40606,AREQUIPA,CONDESUYOS,SALAMANCA,VAMOS AREQUIPA,4,M,CASTELLANO
40607,AREQUIPA,CONDESUYOS,YANAQUIHUA,AGRUPACION POLITICA JUNTOS POR YANAQUIHUA,539,M,CASTELLANO
40607,AREQUIPA,CONDESUYOS,YANAQUIHUA,AREQUIPA - UNIDOS POR EL GRAN CAMBIO,53,M,CASTELLANO
40607,AREQUIPA,CONDESUYOS,YANAQUIHUA,AREQUIPA RENACE,685,M,CASTELLANO
40607,AREQUIPA,CONDESUYOS,YANAQUIHUA,FUERZA AREQUIPEÑA,430,M,CASTELLANO
40607,AREQUIPA,CONDESUYOS,YANAQUIHUA,VAMOS AREQUIPA,89,M,CASTELLANO
40607,AREQUIPA,CONDESUYOS,YANAQUIHUA,VAMOS PERU,63,M,CASTELLANO
40608,AREQUIPA,CONDESUYOS,RIO GRANDE,AREQUIPA RENACE,611,M,CASTELLANO
40608,AREQUIPA,CONDESUYOS,RIO GRANDE,CONDESUYOS PROGRESA,274,M,CASTELLANO
40608,AREQUIPA,CONDESUYOS,RIO GRANDE,FUERZA AREQUIPEÑA,227,M,CASTELLANO
40608,AREQUIPA,CONDESUYOS,RIO GRANDE,VAMOS AREQUIPA,203,M,CASTELLANO
40702,AREQUIPA,ISLAY,COCACHACRA,ACCION POPULAR,642,M,CASTELLANO
40702,AREQUIPA,ISLAY,COCACHACRA,ALIANZA PARA EL PROGRESO DE AREQUIPA,811,M,CASTELLANO
40702,AREQUIPA,ISLAY,COCACHACRA,"AREQUIPA, TRADICION Y FUTURO",75,M,CASTELLANO
40702,AREQUIPA,ISLAY,COCACHACRA,DEMOCRACIA DIRECTA,90,M,CASTELLANO
40702,AREQUIPA,ISLAY,COCACHACRA,"EL FRENTE AMPLIO POR JUSTICIA, VIDA Y LIBERTAD",2271,M,CASTELLANO
40702,AREQUIPA,ISLAY,COCACHACRA,FUERZA AREQUIPEÑA,1193,M,CASTELLANO
40702,AREQUIPA,ISLAY,COCACHACRA,SIEMPRE UNIDOS,31,M,CASTELLANO
40702,AREQUIPA,ISLAY,COCACHACRA,SOLIDARIDAD NACIONAL,20,M,CASTELLANO
40702,AREQUIPA,ISLAY,COCACHACRA,VAMOS AREQUIPA,294,M,CASTELLANO
40702,AREQUIPA,ISLAY,COCACHACRA,VAMOS PERU,68,M,CASTELLANO
40703,AREQUIPA,ISLAY,DEAN VALDIVIA,ACCION POPULAR,324,M,CASTELLANO
40703,AREQUIPA,ISLAY,DEAN VALDIVIA,ALIANZA PARA EL PROGRESO DE AREQUIPA,19,M,CASTELLANO
40703,AREQUIPA,ISLAY,DEAN VALDIVIA,AREQUIPA - UNIDOS POR EL GRAN CAMBIO,1064,M,CASTELLANO
40703,AREQUIPA,ISLAY,DEAN VALDIVIA,"AREQUIPA, TRADICION Y FUTURO",350,M,CASTELLANO
40703,AREQUIPA,ISLAY,DEAN VALDIVIA,DEMOCRACIA DIRECTA,191,M,CASTELLANO
40703,AREQUIPA,ISLAY,DEAN VALDIVIA,FUERZA AREQUIPEÑA,770,M,CASTELLANO
40703,AREQUIPA,ISLAY,DEAN VALDIVIA,INTEGRACION ISLAY,666,M,CASTELLANO
40703,AREQUIPA,ISLAY,DEAN VALDIVIA,VAMOS AREQUIPA,329,M,CASTELLANO
40704,AREQUIPA,ISLAY,ISLAY,ACCION POPULAR,1003,F,CASTELLANO
40704,AREQUIPA,ISLAY,ISLAY,ALIANZA PARA EL PROGRESO DE AREQUIPA,920,F,CASTELLANO
40704,AREQUIPA,ISLAY,ISLAY,"AREQUIPA, TRADICION Y FUTURO",193,F,CASTELLANO
40704,AREQUIPA,ISLAY,ISLAY,FUERZA AREQUIPEÑA,627,F,CASTELLANO
40704,AREQUIPA,ISLAY,ISLAY,VAMOS AREQUIPA,22,F,CASTELLANO
40705,AREQUIPA,ISLAY,MEJIA,ACCION POPULAR,377,F,CASTELLANO
40705,AREQUIPA,ISLAY,MEJIA,FUERZA AREQUIPEÑA,308,F,CASTELLANO
40705,AREQUIPA,ISLAY,MEJIA,INTEGRACION ISLAY,173,F,CASTELLANO
40705,AREQUIPA,ISLAY,MEJIA,UNION POR EL PERU,56,F,CASTELLANO
40705,AREQUIPA,ISLAY,MEJIA,VAMOS AREQUIPA,62,F,CASTELLANO
40706,AREQUIPA,ISLAY,PUNTA DE BOMBON,ACCION POPULAR,217,M,QUECHUA
40706,AREQUIPA,ISLAY,PUNTA DE BOMBON,ALIANZA PARA EL PROGRESO DE AREQUIPA,147,M,QUECHUA
40706,AREQUIPA,ISLAY,PUNTA DE BOMBON,AREQUIPA - UNIDOS POR EL GRAN CAMBIO,1335,M,QUECHUA
40706,AREQUIPA,ISLAY,PUNTA DE BOMBON,AREQUIPA RENACE,59,M,QUECHUA
40706,AREQUIPA,ISLAY,PUNTA DE BOMBON,"AREQUIPA, TRADICION Y FUTURO",135,M,QUECHUA
40706,AREQUIPA,ISLAY,PUNTA DE BOMBON,FUERZA AREQUIPEÑA,1052,M,QUECHUA
40706,AREQUIPA,ISLAY,PUNTA DE BOMBON,INTEGRACION ISLAY,409,M,QUECHUA
40706,AREQUIPA,ISLAY,PUNTA DE BOMBON,SIEMPRE UNIDOS,70,M,QUECHUA
40706,AREQUIPA,ISLAY,PUNTA DE BOMBON,VAMOS AREQUIPA,712,M,QUECHUA
40802,AREQUIPA,LA UNION,ALCA,AREQUIPA - UNIDOS POR EL GRAN CAMBIO,125,M,CASTELLANO
40802,AREQUIPA,LA UNION,ALCA,AREQUIPA RENACE,153,M,CASTELLANO
40802,AREQUIPA,LA UNION,ALCA,"AREQUIPA, TRADICION Y FUTURO",22,M,CASTELLANO
40802,AREQUIPA,LA UNION,ALCA,DEMOCRACIA DIRECTA,68,M,CASTELLANO
40802,AREQUIPA,LA UNION,ALCA,"EL FRENTE AMPLIO POR JUSTICIA, VIDA Y LIBERTAD",10,M,CASTELLANO
40802,AREQUIPA,LA UNION,ALCA,FUERZA AREQUIPEÑA,143,M,CASTELLANO
40802,AREQUIPA,LA UNION,ALCA,MOVIMIENTO REGIONAL AREQUIPA AVANCEMOS,104,M,CASTELLANO
40802,AREQUIPA,LA UNION,ALCA,SIEMPRE UNIDOS,45,M,CASTELLANO
40802,AREQUIPA,LA UNION,ALCA,VAMOS AREQUIPA,87,M,CASTELLANO
40802,AREQUIPA,LA UNION,ALCA,VAMOS PERU,126,M,CASTELLANO
40803,AREQUIPA,LA UNION,CHARCANA,AREQUIPA RENACE,114,M,CASTELLANO
40803,AREQUIPA,LA UNION,CHARCANA,"AREQUIPA, TRADICION Y FUTURO",53,M,CASTELLANO
40803,AREQUIPA,LA UNION,CHARCANA,FUERZA AREQUIPEÑA,48,M,CASTELLANO
40803,AREQUIPA,LA UNION,CHARCANA,VAMOS AREQUIPA,14,M,CASTELLANO
40803,AREQUIPA,LA UNION,CHARCANA,VAMOS PERU,129,M,CASTELLANO
40804,AREQUIPA,LA UNION,HUAYNACOTAS,AREQUIPA RENACE,138,M,AYMARA
40804,AREQUIPA,LA UNION,HUAYNACOTAS,FUERZA AREQUIPEÑA,125,M,AYMARA
40804,AREQUIPA,LA UNION,HUAYNACOTAS,MOVIMIENTO REGIONAL AREQUIPA AVANCEMOS,226,M,AYMARA
40804,AREQUIPA,LA UNION,HUAYNACOTAS,SIEMPRE UNIDOS,78,M,AYMARA
40804,AREQUIPA,LA UNION,HUAYNACOTAS,VAMOS AREQUIPA,65,M,AYMARA
40804,AREQUIPA,LA UNION,HUAYNACOTAS,VAMOS PERU,214,M,AYMARA
40805,AREQUIPA,LA UNION,PAMPAMARCA,AREQUIPA RENACE,211,M,CASTELLANO
40805,AREQUIPA,LA UNION,PAMPAMARCA,DEMOCRACIA DIRECTA,30,M,CASTELLANO
40805,AREQUIPA,LA UNION,PAMPAMARCA,FUERZA AREQUIPEÑA,179,M,CASTELLANO
40805,AREQUIPA,LA UNION,PAMPAMARCA,MOVIMIENTO REGIONAL AREQUIPA AVANCEMOS,160,M,CASTELLANO
40805,AREQUIPA,LA UNION,PAMPAMARCA,SIEMPRE UNIDOS,27,M,CASTELLANO
40805,AREQUIPA,LA UNION,PAMPAMARCA,VAMOS AREQUIPA,77,M,CASTELLANO
40806,AREQUIPA,LA UNION,PUYCA,AREQUIPA RENACE,267,M,CASTELLANO
40806,AREQUIPA,LA UNION,PUYCA,"AREQUIPA, TRADICION Y FUTURO",44,M,CASTELLANO
40806,AREQUIPA,LA UNION,PUYCA,FUERZA AREQUIPEÑA,119,M,CASTELLANO
40806,AREQUIPA,LA UNION,PUYCA,MOVIMIENTO REGIONAL AREQUIPA AVANCEMOS,257,M,CASTELLANO
40806,AREQUIPA,LA UNION,PUYCA,PARTIDO POPULAR CRISTIANO - PPC,91,M,CASTELLANO
40806,AREQUIPA,LA UNION,PUYCA,SIEMPRE UNIDOS,131,M,CASTELLANO
40806,AREQUIPA,LA UNION,PUYCA,VAMOS AREQUIPA,37,M,CASTELLANO
40806,AREQUIPA,LA UNION,PUYCA,VAMOS PERU,97,M,CASTELLANO
40807,AREQUIPA,LA UNION,QUECHUALLA,ALIANZA PARA EL PROGRESO DE AREQUIPA,90,M,CASTELLANO
40807,AREQUIPA,LA UNION,QUECHUALLA,AREQUIPA RENACE,77,M,CASTELLANO
40807,AREQUIPA,LA UNION,QUECHUALLA,"AREQUIPA, TRADICION Y FUTURO",155,M,CASTELLANO
40807,AREQUIPA,LA UNION,QUECHUALLA,FUERZA AREQUIPEÑA,26,M,CASTELLANO
40808,AREQUIPA,LA UNION,SAYLA,AREQUIPA RENACE,44,M,CASTELLANO
40808,AREQUIPA,LA UNION,SAYLA,FUERZA AREQUIPEÑA,50,M,CASTELLANO
40808,AREQUIPA,LA UNION,SAYLA,SIEMPRE UNIDOS,2,M,CASTELLANO
40808,AREQUIPA,LA UNION,SAYLA,VAMOS AREQUIPA,79,M,CASTELLANO
40809,AREQUIPA,LA UNION,TAURIA,AREQUIPA RENACE,63,M,CASTELLANO
40809,AREQUIPA,LA UNION,TAURIA,FUERZA AREQUIPEÑA,28,M,CASTELLANO
40809,AREQUIPA,LA UNION,TAURIA,VAMOS AREQUIPA,42,M,CASTELLANO
40810,AREQUIPA,LA UNION,TOMEPAMPA,AREQUIPA RENACE,65,M,CASTELLANO
40810,AREQUIPA,LA UNION,TOMEPAMPA,SIEMPRE UNIDOS,183,M,CASTELLANO
40810,AREQUIPA,LA UNION,TOMEPAMPA,VAMOS AREQUIPA,19,M,CASTELLANO
40810,AREQUIPA,LA UNION,TOMEPAMPA,VAMOS PERU,135,M,CASTELLANO
40811,AREQUIPA,LA UNION,TORO,"AREQUIPA, TRADICION Y FUTURO",93,M,QUECHUA
40811,AREQUIPA,LA UNION,TORO,FUERZA AREQUIPEÑA,10,M,QUECHUA
40811,AREQUIPA,LA UNION,TORO,MOVIMIENTO REGIONAL AREQUIPA AVANCEMOS,178,M,QUECHUA
40811,AREQUIPA,LA UNION,TORO,SIEMPRE UNIDOS,28,M,QUECHUA
40811,AREQUIPA,LA UNION,TORO,VAMOS AREQUIPA,19,M,QUECHUA
50102,AYACUCHO,HUAMANGA,ACOS VINCHOS,ALIANZA PARA EL PROGRESO DE AYACUCHO,53,M,QUECHUA
50102,AYACUCHO,HUAMANGA,ACOS VINCHOS,ALIANZA RENACE AYACUCHO,778,M,QUECHUA
50102,AYACUCHO,HUAMANGA,ACOS VINCHOS,FUERZA POPULAR,52,M,QUECHUA
50102,AYACUCHO,HUAMANGA,ACOS VINCHOS,MUSUQ ÑAN,540,M,QUECHUA
50102,AYACUCHO,HUAMANGA,ACOS VINCHOS,PARTIDO APRISTA PERUANO,10,M,QUECHUA
50102,AYACUCHO,HUAMANGA,ACOS VINCHOS,PERU POSIBLE,353,M,QUECHUA
50102,AYACUCHO,HUAMANGA,ACOS VINCHOS,QATUN TARPUY,741,M,QUECHUA
50103,AYACUCHO,HUAMANGA,CARMEN ALTO,ALIANZA PARA EL PROGRESO DE AYACUCHO,2774,M,QUECHUA
50103,AYACUCHO,HUAMANGA,CARMEN ALTO,ALIANZA RENACE AYACUCHO,2217,M,QUECHUA
50103,AYACUCHO,HUAMANGA,CARMEN ALTO,FUERZA POPULAR,301,M,QUECHUA
50103,AYACUCHO,HUAMANGA,CARMEN ALTO,MOVIMIENTO ETNOCACERISTA AYACUCHO,519,M,QUECHUA
50103,AYACUCHO,HUAMANGA,CARMEN ALTO,MOVIMIENTO INDEPENDIENTE INNOVACION REGIONAL,446,M,QUECHUA
50103,AYACUCHO,HUAMANGA,CARMEN ALTO,MUSUQ ÑAN,1508,M,QUECHUA
50103,AYACUCHO,HUAMANGA,CARMEN ALTO,QATUN TARPUY,730,M,QUECHUA
50103,AYACUCHO,HUAMANGA,CARMEN ALTO,UNIDOS POR EL DESARROLLO DE AYACUCHO,1141,M,QUECHUA
50104,AYACUCHO,HUAMANGA,CHIARA,ALIANZA PARA EL PROGRESO DE AYACUCHO,252,M,QUECHUA
50104,AYACUCHO,HUAMANGA,CHIARA,ALIANZA RENACE AYACUCHO,1321,M,QUECHUA
50104,AYACUCHO,HUAMANGA,CHIARA,FUERZA POPULAR,135,M,QUECHUA
50104,AYACUCHO,HUAMANGA,CHIARA,MUSUQ ÑAN,714,M,QUECHUA
50104,AYACUCHO,HUAMANGA,CHIARA,QATUN TARPUY,49,M,QUECHUA
50104,AYACUCHO,HUAMANGA,CHIARA,UNIDOS POR EL DESARROLLO DE AYACUCHO,757,M,QUECHUA
50105,AYACUCHO,HUAMANGA,QUINUA,ALIANZA PARA EL PROGRESO DE AYACUCHO,1268,M,CASTELLANO
50105,AYACUCHO,HUAMANGA,QUINUA,ALIANZA RENACE AYACUCHO,546,M,CASTELLANO
50105,AYACUCHO,HUAMANGA,QUINUA,FUERZA POPULAR,1079,M,CASTELLANO
50105,AYACUCHO,HUAMANGA,QUINUA,MUSUQ ÑAN,474,M,CASTELLANO
50105,AYACUCHO,HUAMANGA,QUINUA,QATUN TARPUY,169,M,CASTELLANO
50106,AYACUCHO,HUAMANGA,SAN JOSE DE TICLLAS,ALIANZA PARA EL PROGRESO DE AYACUCHO,243,M,QUECHUA
50106,AYACUCHO,HUAMANGA,SAN JOSE DE TICLLAS,ALIANZA RENACE AYACUCHO,125,M,QUECHUA
50106,AYACUCHO,HUAMANGA,SAN JOSE DE TICLLAS,FUERZA POPULAR,17,M,QUECHUA
50106,AYACUCHO,HUAMANGA,SAN JOSE DE TICLLAS,MOVIMIENTO INDEPENDIENTE INNOVACION REGIONAL,375,M,QUECHUA
50106,AYACUCHO,HUAMANGA,SAN JOSE DE TICLLAS,MUSUQ ÑAN,236,M,QUECHUA
50106,AYACUCHO,HUAMANGA,SAN JOSE DE TICLLAS,PERU POSIBLE,21,M,QUECHUA
50106,AYACUCHO,HUAMANGA,SAN JOSE DE TICLLAS,UNIDOS POR EL DESARROLLO DE AYACUCHO,38,M,QUECHUA
50107,AYACUCHO,HUAMANGA,SAN JUAN BAUTISTA,ALIANZA PARA EL PROGRESO DE AYACUCHO,2975,M,CASTELLANO
50107,AYACUCHO,HUAMANGA,SAN JUAN BAUTISTA,ALIANZA RENACE AYACUCHO,3048,M,CASTELLANO
50107,AYACUCHO,HUAMANGA,SAN JUAN BAUTISTA,FUERZA POPULAR,1235,M,CASTELLANO
50107,AYACUCHO,HUAMANGA,SAN JUAN BAUTISTA,MOVIMIENTO ETNOCACERISTA AYACUCHO,712,M,CASTELLANO
50107,AYACUCHO,HUAMANGA,SAN JUAN BAUTISTA,MOVIMIENTO INDEPENDIENTE FUERZA SAN JUANINA,999,M,CASTELLANO
50107,AYACUCHO,HUAMANGA,SAN JUAN BAUTISTA,MOVIMIENTO INDEPENDIENTE INNOVACION REGIONAL,4253,M,CASTELLANO
50107,AYACUCHO,HUAMANGA,SAN JUAN BAUTISTA,MUSUQ ÑAN,1259,M,CASTELLANO
50107,AYACUCHO,HUAMANGA,SAN JUAN BAUTISTA,PERU POSIBLE,271,M,CASTELLANO
50107,AYACUCHO,HUAMANGA,SAN JUAN BAUTISTA,QATUN TARPUY,1687,M,CASTELLANO
50107,AYACUCHO,HUAMANGA,SAN JUAN BAUTISTA,UNIDOS POR EL DESARROLLO DE AYACUCHO,2027,M,CASTELLANO
50108,AYACUCHO,HUAMANGA,SANTIAGO DE PISCHA,ALIANZA PARA EL PROGRESO DE AYACUCHO,197,M,AYMARA
50108,AYACUCHO,HUAMANGA,SANTIAGO DE PISCHA,ALIANZA RENACE AYACUCHO,347,M,AYMARA
50108,AYACUCHO,HUAMANGA,SANTIAGO DE PISCHA,MUSUQ ÑAN,110,M,AYMARA
50108,AYACUCHO,HUAMANGA,SANTIAGO DE PISCHA,UNIDOS POR EL DESARROLLO DE AYACUCHO,169,M,AYMARA
50109,AYACUCHO,HUAMANGA,VINCHOS,ALIANZA PARA EL PROGRESO DE AYACUCHO,1317,M,CASTELLANO
50109,AYACUCHO,HUAMANGA,VINCHOS,ALIANZA RENACE AYACUCHO,4379,M,CASTELLANO
50109,AYACUCHO,HUAMANGA,VINCHOS,FUERZA POPULAR,2016,M,CASTELLANO
50109,AYACUCHO,HUAMANGA,VINCHOS,MOVIMIENTO ETNOCACERISTA AYACUCHO,81,M,CASTELLANO
50109,AYACUCHO,HUAMANGA,VINCHOS,MUSUQ ÑAN,225,M,CASTELLANO
50109,AYACUCHO,HUAMANGA,VINCHOS,QATUN TARPUY,120,M,CASTELLANO
50109,AYACUCHO,HUAMANGA,VINCHOS,UNIDOS POR EL DESARROLLO DE AYACUCHO,302,M,CASTELLANO
50110,AYACUCHO,HUAMANGA,TAMBILLO,ALIANZA PARA EL PROGRESO DE AYACUCHO,1018,M,CASTELLANO
50110,AYACUCHO,HUAMANGA,TAMBILLO,ALIANZA RENACE AYACUCHO,1349,M,CASTELLANO
50110,AYACUCHO,HUAMANGA,TAMBILLO,FUERZA POPULAR,779,M,CASTELLANO
50110,AYACUCHO,HUAMANGA,TAMBILLO,MOVIMIENTO INDEPENDIENTE INNOVACION REGIONAL,7,M,CASTELLANO
50111,AYACUCHO,HUAMANGA,ACOCRO,ACCION POPULAR,474,M,CASTELLANO
50111,AYACUCHO,HUAMANGA,ACOCRO,ALIANZA PARA EL PROGRESO DE AYACUCHO,493,M,CASTELLANO
50111,AYACUCHO,HUAMANGA,ACOCRO,ALIANZA RENACE AYACUCHO,859,M,CASTELLANO
50111,AYACUCHO,HUAMANGA,ACOCRO,FUERZA POPULAR,722,M,CASTELLANO
50111,AYACUCHO,HUAMANGA,ACOCRO,MOVIMIENTO ETNOCACERISTA AYACUCHO,28,M,CASTELLANO
50111,AYACUCHO,HUAMANGA,ACOCRO,MOVIMIENTO INDEPENDIENTE INNOVACION REGIONAL,328,M,CASTELLANO
50111,AYACUCHO,HUAMANGA,ACOCRO,MUSUQ ÑAN,450,M,CASTELLANO
50111,AYACUCHO,HUAMANGA,ACOCRO,QATUN TARPUY,31,M,CASTELLANO
50111,AYACUCHO,HUAMANGA,ACOCRO,UNIDOS POR EL DESARROLLO DE AYACUCHO,687,M,CASTELLANO
50112,AYACUCHO,HUAMANGA,SOCOS,ALIANZA PARA EL PROGRESO DE AYACUCHO,896,M,QUECHUA
50112,AYACUCHO,HUAMANGA,SOCOS,ALIANZA RENACE AYACUCHO,1573,M,QUECHUA
50112,AYACUCHO,HUAMANGA,SOCOS,FUERZA POPULAR,503,M,QUECHUA
50112,AYACUCHO,HUAMANGA,SOCOS,MUSUQ ÑAN,1050,M,QUECHUA
50113,AYACUCHO,HUAMANGA,OCROS,ALIANZA PARA EL PROGRESO DE AYACUCHO,1153,M,CASTELLANO
50113,AYACUCHO,HUAMANGA,OCROS,ALIANZA RENACE AYACUCHO,358,M,CASTELLANO
50113,AYACUCHO,HUAMANGA,OCROS,FUERZA POPULAR,412,M,CASTELLANO
50113,AYACUCHO,HUAMANGA,OCROS,MOVIMIENTO INDEPENDIENTE INNOVACION REGIONAL,167,M,CASTELLANO
50113,AYACUCHO,HUAMANGA,OCROS,MUSUQ ÑAN,296,M,CASTELLANO
50113,AYACUCHO,HUAMANGA,OCROS,PARTIDO APRISTA PERUANO,25,M,CASTELLANO
50113,AYACUCHO,HUAMANGA,OCROS,QATUN TARPUY,50,M,CASTELLANO
50113,AYACUCHO,HUAMANGA,OCROS,UNIDOS POR EL DESARROLLO DE AYACUCHO,671,M,CASTELLANO
50114,AYACUCHO,HUAMANGA,PACAYCASA,ALIANZA PARA EL PROGRESO DE AYACUCHO,219,M,CASTELLANO
50114,AYACUCHO,HUAMANGA,PACAYCASA,ALIANZA RENACE AYACUCHO,803,M,CASTELLANO
50114,AYACUCHO,HUAMANGA,PACAYCASA,FUERZA POPULAR,341,M,CASTELLANO
50114,AYACUCHO,HUAMANGA,PACAYCASA,PARTIDO APRISTA PERUANO,284,M,CASTELLANO
50115,AYACUCHO,HUAMANGA,JESUS NAZARENO,ACCION POPULAR,197,M,CASTELLANO
50115,AYACUCHO,HUAMANGA,JESUS NAZARENO,ALIANZA PARA EL PROGRESO DE AYACUCHO,2173,M,CASTELLANO
50115,AYACUCHO,HUAMANGA,JESUS NAZARENO,ALIANZA RENACE AYACUCHO,1083,M,CASTELLANO
50115,AYACUCHO,HUAMANGA,JESUS NAZARENO,FUERZA POPULAR,1014,M,CASTELLANO
50115,AYACUCHO,HUAMANGA,JESUS NAZARENO,MOVIMIENTO ETNOCACERISTA AYACUCHO,585,M,CASTELLANO
50115,AYACUCHO,HUAMANGA,JESUS NAZARENO,MOVIMIENTO INDEPENDIENTE INNOVACION REGIONAL,122,M,CASTELLANO
50115,AYACUCHO,HUAMANGA,JESUS NAZARENO,MUSUQ ÑAN,750,M,CASTELLANO
50115,AYACUCHO,HUAMANGA,JESUS NAZARENO,PARTIDO APRISTA PERUANO,69,M,CASTELLANO
50115,AYACUCHO,HUAMANGA,JESUS NAZARENO,PARTIDO DEMOCRATICO SOMOS PERU,135,M,CASTELLANO
50115,AYACUCHO,HUAMANGA,JESUS NAZARENO,PERU POSIBLE,466,M,CASTELLANO
50115,AYACUCHO,HUAMANGA,JESUS NAZARENO,QATUN TARPUY,850,M,CASTELLANO
50115,AYACUCHO,HUAMANGA,JESUS NAZARENO,UNIDOS POR EL DESARROLLO DE AYACUCHO,464,M,CASTELLANO
50116,AYACUCHO,HUAMANGA,ANDRES AVELINO CACERES DORREGARAY,ACCION POPULAR,82,M,CASTELLANO
50116,AYACUCHO,HUAMANGA,ANDRES AVELINO CACERES DORREGARAY,ALIANZA PARA EL PROGRESO DE AYACUCHO,1034,M,CASTELLANO
50116,AYACUCHO,HUAMANGA,ANDRES AVELINO CACERES DORREGARAY,ALIANZA RENACE AYACUCHO,1257,M,CASTELLANO
50116,AYACUCHO,HUAMANGA,ANDRES AVELINO CACERES DORREGARAY,FUERZA POPULAR,423,M,CASTELLANO
50116,AYACUCHO,HUAMANGA,ANDRES AVELINO CACERES DORREGARAY,MOVIMIENTO ETNOCACERISTA AYACUCHO,82,M,CASTELLANO
50116,AYACUCHO,HUAMANGA,ANDRES AVELINO CACERES DORREGARAY,MOVIMIENTO INDEPENDIENTE INNOVACION REGIONAL,392,M,CASTELLANO
50116,AYACUCHO,HUAMANGA,ANDRES AVELINO CACERES DORREGARAY,MUSUQ ÑAN,1089,M,CASTELLANO
50116,AYACUCHO,HUAMANGA,ANDRES AVELINO CACERES DORREGARAY,PERU POSIBLE,89,M,CASTELLANO
50116,AYACUCHO,HUAMANGA,ANDRES AVELINO CACERES DORREGARAY,QATUN TARPUY,124,M,CASTELLANO
50116,AYACUCHO,HUAMANGA,ANDRES AVELINO CACERES DORREGARAY,SIEMPRE UNIDOS,51,M,CASTELLANO
50116,AYACUCHO,HUAMANGA,ANDRES AVELINO CACERES DORREGARAY,UNIDOS POR EL DESARROLLO DE AYACUCHO,735,M,CASTELLANO
50204,AYACUCHO,CANGALLO,CHUSCHI,ALIANZA PARA EL PROGRESO DE AYACUCHO,1546,M,CASTELLANO
50204,AYACUCHO,CANGALLO,CHUSCHI,ALIANZA RENACE AYACUCHO,43,M,CASTELLANO
50204,AYACUCHO,CANGALLO,CHUSCHI,MUSUQ ÑAN,829,M,CASTELLANO
50204,AYACUCHO,CANGALLO,CHUSCHI,PARTIDO APRISTA PERUANO,12,M,CASTELLANO
50204,AYACUCHO,CANGALLO,CHUSCHI,QATUN TARPUY,397,M,CASTELLANO
50204,AYACUCHO,CANGALLO,CHUSCHI,UNIDOS POR EL DESARROLLO DE AYACUCHO,963,M,CASTELLANO
50206,AYACUCHO,CANGALLO,LOS MOROCHUCOS,ALIANZA PARA EL PROGRESO DE AYACUCHO,171,M,CASTELLANO
50206,AYACUCHO,CANGALLO,LOS MOROCHUCOS,ALIANZA RENACE AYACUCHO,318,M,CASTELLANO
50206,AYACUCHO,CANGALLO,LOS MOROCHUCOS,FUERZA POPULAR,268,M,CASTELLANO
50206,AYACUCHO,CANGALLO,LOS MOROCHUCOS,MOVIMIENTO INDEPENDIENTE INNOVACION REGIONAL,436,M,CASTELLANO
50206,AYACUCHO,CANGALLO,LOS MOROCHUCOS,MUSUQ ÑAN,913,M,CASTELLANO
50206,AYACUCHO,CANGALLO,LOS MOROCHUCOS,PARTIDO APRISTA PERUANO,34,M,CASTELLANO
50206,AYACUCHO,CANGALLO,LOS MOROCHUCOS,QATUN TARPUY,609,M,CASTELLANO
50206,AYACUCHO,CANGALLO,LOS MOROCHUCOS,UNIDOS POR EL DESARROLLO DE AYACUCHO,1359,M,CASTELLANO
50207,AYACUCHO,CANGALLO,PARAS,ACCION POPULAR,29,M,QUECHUA
50207,AYACUCHO,CANGALLO,PARAS,ALIANZA PARA EL PROGRESO DE AYACUCHO,167,M,QUECHUA
50207,AYACUCHO,CANGALLO,PARAS,ALIANZA RENACE AYACUCHO,377,M,QUECHUA
50207,AYACUCHO,CANGALLO,PARAS,DEMOCRACIA DIRECTA,283,M,QUECHUA
50207,AYACUCHO,CANGALLO,PARAS,"EL FRENTE AMPLIO POR JUSTICIA, VIDA Y LIBERTAD",11,M,QUECHUA
50207,AYACUCHO,CANGALLO,PARAS,FUERZA POPULAR,353,M,QUECHUA
50207,AYACUCHO,CANGALLO,PARAS,MOVIMIENTO INDEPENDIENTE REGIONAL TODOS CON AYACUCHO,58,M,QUECHUA
50207,AYACUCHO,CANGALLO,PARAS,PARTIDO APRISTA PERUANO,126,M,QUECHUA
50207,AYACUCHO,CANGALLO,PARAS,QATUN TARPUY,598,M,QUECHUA
50207,AYACUCHO,CANGALLO,PARAS,UNIDOS POR EL DESARROLLO DE AYACUCHO,603,M,QUECHUA
50208,AYACUCHO,CANGALLO,TOTOS,ACCION POPULAR,18,M,CASTELLANO
50208,AYACUCHO,CANGALLO,TOTOS,ALIANZA PARA EL PROGRESO DE AYACUCHO,380,M,CASTELLANO
50208,AYACUCHO,CANGALLO,TOTOS,ALIANZA RENACE AYACUCHO,711,M,CASTELLANO
50208,AYACUCHO,CANGALLO,TOTOS,MOVIMIENTO INDEPENDIENTE INNOVACION REGIONAL,4,M,CASTELLANO
50208,AYACUCHO,CANGALLO,TOTOS,MUSUQ ÑAN,828,M,CASTELLANO
50208,AYACUCHO,CANGALLO,TOTOS,PARTIDO APRISTA PERUANO,2,M,CASTELLANO
50208,AYACUCHO,CANGALLO,TOTOS,QATUN TARPUY,32,M,CASTELLANO
50208,AYACUCHO,CANGALLO,TOTOS,UNIDOS POR EL DESARROLLO DE AYACUCHO,131,M,CASTELLANO
50211,AYACUCHO,CANGALLO,MARIA PARADO DE BELLIDO,ALIANZA PARA EL PROGRESO DE AYACUCHO,387,M,CASTELLANO
50211,AYACUCHO,CANGALLO,MARIA PARADO DE BELLIDO,ALIANZA RENACE AYACUCHO,354,M,CASTELLANO
50211,AYACUCHO,CANGALLO,MARIA PARADO DE BELLIDO,MUSUQ ÑAN,371,M,CASTELLANO
50211,AYACUCHO,CANGALLO,MARIA PARADO DE BELLIDO,QATUN TARPUY,53,M,CASTELLANO
50211,AYACUCHO,CANGALLO,MARIA PARADO DE BELLIDO,UNIDOS POR EL DESARROLLO DE AYACUCHO,44,M,CASTELLANO
50302,AYACUCHO,HUANTA,AYAHUANCO,ALIANZA PARA EL PROGRESO DE AYACUCHO,48,M,AYMARA
50302,AYACUCHO,HUANTA,AYAHUANCO,ALIANZA RENACE AYACUCHO,485,M,AYMARA
50302,AYACUCHO,HUANTA,AYAHUANCO,FUERZA POPULAR,167,M,AYMARA
50302,AYACUCHO,HUANTA,AYAHUANCO,MOVIMIENTO INDEPENDIENTE REGIONAL TODOS CON AYACUCHO,30,M,AYMARA
50302,AYACUCHO,HUANTA,AYAHUANCO,MUSUQ ÑAN,450,M,AYMARA
50302,AYACUCHO,HUANTA,AYAHUANCO,PARTIDO APRISTA PERUANO,3,M,AYMARA
50302,AYACUCHO,HUANTA,AYAHUANCO,PARTIDO DEMOCRATICO SOMOS PERU,64,M,AYMARA
50302,AYACUCHO,HUANTA,AYAHUANCO,QATUN TARPUY,749,M,AYMARA
50303,AYACUCHO,HUANTA,HUAMANGUILLA,ALIANZA PARA EL PROGRESO DE AYACUCHO,673,M,CASTELLANO
50303,AYACUCHO,HUANTA,HUAMANGUILLA,ALIANZA RENACE AYACUCHO,605,M,CASTELLANO
50303,AYACUCHO,HUANTA,HUAMANGUILLA,FUERZA POPULAR,44,M,CASTELLANO
50303,AYACUCHO,HUANTA,HUAMANGUILLA,MOVIMIENTO INDEPENDIENTE REGIONAL TODOS CON AYACUCHO,501,M,CASTELLANO
50303,AYACUCHO,HUANTA,HUAMANGUILLA,MUSUQ ÑAN,240,M,CASTELLANO
50303,AYACUCHO,HUANTA,HUAMANGUILLA,PARTIDO POPULAR CRISTIANO - PPC,2,M,CASTELLANO
50303,AYACUCHO,HUANTA,HUAMANGUILLA,QATUN TARPUY,430,M,CASTELLANO
50304,AYACUCHO,HUANTA,IGUAIN,ALIANZA PARA EL PROGRESO DE AYACUCHO,364,M,QUECHUA
50304,AYACUCHO,HUANTA,IGUAIN,ALIANZA RENACE AYACUCHO,349,M,QUECHUA
50304,AYACUCHO,HUANTA,IGUAIN,FUERZA POPULAR,609,M,QUECHUA
50304,AYACUCHO,HUANTA,IGUAIN,MOVIMIENTO ETNOCACERISTA AYACUCHO,27,M,QUECHUA
50304,AYACUCHO,HUANTA,IGUAIN,MOVIMIENTO INDEPENDIENTE INNOVACION REGIONAL,103,M,QUECHUA
50304,AYACUCHO,HUANTA,IGUAIN,MOVIMIENTO INDEPENDIENTE REGIONAL TODOS CON AYACUCHO,62,M,QUECHUA
50304,AYACUCHO,HUANTA,IGUAIN,MUSUQ ÑAN,183,M,QUECHUA
50304,AYACUCHO,HUANTA,IGUAIN,PARTIDO DEMOCRATICO SOMOS PERU,21,M,QUECHUA
50304,AYACUCHO,HUANTA,IGUAIN,QATUN TARPUY,163,M,QUECHUA
50305,AYACUCHO,HUANTA,LURICOCHA,ALIANZA PARA EL PROGRESO DE AYACUCHO,435,M,QUECHUA
50305,AYACUCHO,HUANTA,LURICOCHA,ALIANZA RENACE AYACUCHO,1202,M,QUECHUA
50305,AYACUCHO,HUANTA,LURICOCHA,FUERZA POPULAR,53,M,QUECHUA
50305,AYACUCHO,HUANTA,LURICOCHA,MOVIMIENTO INDEPENDIENTE REGIONAL TODOS CON AYACUCHO,28,M,QUECHUA
50305,AYACUCHO,HUANTA,LURICOCHA,MUSUQ ÑAN,543,M,QUECHUA
50305,AYACUCHO,HUANTA,LURICOCHA,PARTIDO APRISTA PERUANO,77,M,QUECHUA
50305,AYACUCHO,HUANTA,LURICOCHA,QATUN TARPUY,596,M,QUECHUA
50305,AYACUCHO,HUANTA,LURICOCHA,UNIDOS POR EL DESARROLLO DE AYACUCHO,12,M,QUECHUA
50307,AYACUCHO,HUANTA,SANTILLANA,ALIANZA PARA EL PROGRESO DE AYACUCHO,1677,M,QUECHUA
50307,AYACUCHO,HUANTA,SANTILLANA,ALIANZA RENACE AYACUCHO,1207,M,QUECHUA
50307,AYACUCHO,HUANTA,SANTILLANA,MOVIMIENTO INDEPENDIENTE REGIONAL TODOS CON AYACUCHO,3,M,QUECHUA
50307,AYACUCHO,HUANTA,SANTILLANA,MUSUQ ÑAN,479,M,QUECHUA
50307,AYACUCHO,HUANTA,SANTILLANA,QATUN TARPUY,87,M,QUECHUA
50307,AYACUCHO,HUANTA,SANTILLANA,UNIDOS POR EL DESARROLLO DE AYACUCHO,8,M,QUECHUA
50308,AYACUCHO,HUANTA,SIVIA,ALIANZA PARA EL PROGRESO DE AYACUCHO,297,M,CASTELLANO
50308,AYACUCHO,HUANTA,SIVIA,ALIANZA RENACE AYACUCHO,413,M,CASTELLANO
50308,AYACUCHO,HUANTA,SIVIA,"EL FRENTE AMPLIO POR JUSTICIA, VIDA Y LIBERTAD",105,M,CASTELLANO
50308,AYACUCHO,HUANTA,SIVIA,FUERZA POPULAR,425,M,CASTELLANO
50308,AYACUCHO,HUANTA,SIVIA,MOVIMIENTO INDEPENDIENTE INNOVACION REGIONAL,140,M,CASTELLANO
50308,AYACUCHO,HUANTA,SIVIA,MOVIMIENTO INDEPENDIENTE REGIONAL TODOS CON AYACUCHO,1121,M,CASTELLANO
50308,AYACUCHO,HUANTA,SIVIA,MUSUQ ÑAN,1051,M,CASTELLANO
50308,AYACUCHO,HUANTA,SIVIA,PARTIDO DEMOCRATICO SOMOS PERU,48,M,CASTELLANO
50308,AYACUCHO,HUANTA,SIVIA,PARTIDO POPULAR CRISTIANO - PPC,97,M,CASTELLANO
50308,AYACUCHO,HUANTA,SIVIA,QATUN TARPUY,755,M,CASTELLANO
50308,AYACUCHO,HUANTA,SIVIA,UNIDOS POR EL DESARROLLO DE AYACUCHO,10,M,CASTELLANO
50309,AYACUCHO,HUANTA,LLOCHEGUA,ALIANZA PARA EL PROGRESO DE AYACUCHO,706,M,CASTELLANO
50309,AYACUCHO,HUANTA,LLOCHEGUA,ALIANZA RENACE AYACUCHO,705,M,CASTELLANO
50309,AYACUCHO,HUANTA,LLOCHEGUA,FUERZA POPULAR,703,M,CASTELLANO
50309,AYACUCHO,HUANTA,LLOCHEGUA,MOVIMIENTO ETNOCACERISTA AYACUCHO,16,M,CASTELLANO
50309,AYACUCHO,HUANTA,LLOCHEGUA,MOVIMIENTO INDEPENDIENTE REGIONAL TODOS CON AYACUCHO,59,M,CASTELLANO
50309,AYACUCHO,HUANTA,LLOCHEGUA,MUSUQ ÑAN,551,M,CASTELLANO
50309,AYACUCHO,HUANTA,LLOCHEGUA,PARTIDO DEMOCRATICO SOMOS PERU,42,M,CASTELLANO
50309,AYACUCHO,HUANTA,LLOCHEGUA,PARTIDO POPULAR CRISTIANO - PPC,56,M,CASTELLANO
50309,AYACUCHO,HUANTA,LLOCHEGUA,QATUN TARPUY,355,M,CASTELLANO
50309,AYACUCHO,HUANTA,LLOCHEGUA,SOLIDARIDAD NACIONAL,127,M,CASTELLANO
50309,AYACUCHO,HUANTA,LLOCHEGUA,UNIDOS POR EL DESARROLLO DE AYACUCHO,297,M,CASTELLANO
50310,AYACUCHO,HUANTA,CANAYRE,ALIANZA PARA EL PROGRESO DE AYACUCHO,72,M,CASTELLANO
50310,AYACUCHO,HUANTA,CANAYRE,ALIANZA RENACE AYACUCHO,109,M,CASTELLANO
50310,AYACUCHO,HUANTA,CANAYRE,FUERZA POPULAR,80,M,CASTELLANO
50310,AYACUCHO,HUANTA,CANAYRE,MOVIMIENTO INDEPENDIENTE REGIONAL TODOS CON AYACUCHO,193,M,CASTELLANO
50310,AYACUCHO,HUANTA,CANAYRE,MUSUQ ÑAN,237,M,CASTELLANO
50310,AYACUCHO,HUANTA,CANAYRE,QATUN TARPUY,198,M,CASTELLANO
50402,AYACUCHO,LA MAR,ANCO,ACCION POPULAR,7,M,CASTELLANO
50402,AYACUCHO,LA MAR,ANCO,ALIANZA PARA EL PROGRESO DE AYACUCHO,993,M,CASTELLANO
50402,AYACUCHO,LA MAR,ANCO,ALIANZA RENACE AYACUCHO,751,M,CASTELLANO
50402,AYACUCHO,LA MAR,ANCO,FUERZA POPULAR,275,M,CASTELLANO
50402,AYACUCHO,LA MAR,ANCO,MUSUQ ÑAN,777,M,CASTELLANO
50402,AYACUCHO,LA MAR,ANCO,QATUN TARPUY,582,M,CASTELLANO
50402,AYACUCHO,LA MAR,ANCO,UNIDOS POR EL DESARROLLO DE AYACUCHO,282,M,CASTELLANO
50403,AYACUCHO,LA MAR,AYNA,ACCION POPULAR,359,M,CASTELLANO
50403,AYACUCHO,LA MAR,AYNA,ALIANZA PARA EL PROGRESO DE AYACUCHO,174,M,CASTELLANO
50403,AYACUCHO,LA MAR,AYNA,ALIANZA RENACE AYACUCHO,1720,M,CASTELLANO
50403,AYACUCHO,LA MAR,AYNA,FUERZA POPULAR,295,M,CASTELLANO
50403,AYACUCHO,LA MAR,AYNA,MOVIMIENTO ETNOCACERISTA AYACUCHO,98,M,CASTELLANO
50403,AYACUCHO,LA MAR,AYNA,MOVIMIENTO INDEPENDIENTE INNOVACION REGIONAL,133,M,CASTELLANO
50403,AYACUCHO,LA MAR,AYNA,MUSUQ ÑAN,1110,M,CASTELLANO
50403,AYACUCHO,LA MAR,AYNA,PARTIDO APRISTA PERUANO,6,M,CASTELLANO
50403,AYACUCHO,LA MAR,AYNA,PARTIDO POPULAR CRISTIANO - PPC,34,M,CASTELLANO
50403,AYACUCHO,LA MAR,AYNA,QATUN TARPUY,38,M,CASTELLANO
50403,AYACUCHO,LA MAR,AYNA,UNIDOS POR EL DESARROLLO DE AYACUCHO,153,M,CASTELLANO
50404,AYACUCHO,LA MAR,CHILCAS,ALIANZA PARA EL PROGRESO DE AYACUCHO,313,M,CASTELLANO
50404,AYACUCHO,LA MAR,CHILCAS,ALIANZA RENACE AYACUCHO,122,M,CASTELLANO
50404,AYACUCHO,LA MAR,CHILCAS,FUERZA POPULAR,185,M,CASTELLANO
50404,AYACUCHO,LA MAR,CHILCAS,MOVIMIENTO INDEPENDIENTE REGIONAL TODOS CON AYACUCHO,0,M,CASTELLANO
50404,AYACUCHO,LA MAR,CHILCAS,MUSUQ ÑAN,290,M,CASTELLANO
50404,AYACUCHO,LA MAR,CHILCAS,PARTIDO DEMOCRATICO SOMOS PERU,0,M,CASTELLANO
50404,AYACUCHO,LA MAR,CHILCAS,UNIDOS POR EL DESARROLLO DE AYACUCHO,100,M,CASTELLANO
50405,AYACUCHO,LA MAR,CHUNGUI,ALIANZA PARA EL PROGRESO DE AYACUCHO,112,M,QUECHUA
50405,AYACUCHO,LA MAR,CHUNGUI,ALIANZA RENACE AYACUCHO,32,M,QUECHUA
50405,AYACUCHO,LA MAR,CHUNGUI,FUERZA POPULAR,484,M,QUECHUA
50405,AYACUCHO,LA MAR,CHUNGUI,MOVIMIENTO INDEPENDIENTE REGIONAL TODOS CON AYACUCHO,263,M,QUECHUA
50405,AYACUCHO,LA MAR,CHUNGUI,MUSUQ ÑAN,697,M,QUECHUA
50405,AYACUCHO,LA MAR,CHUNGUI,QATUN TARPUY,260,M,QUECHUA
50405,AYACUCHO,LA MAR,CHUNGUI,UNIDOS POR EL DESARROLLO DE AYACUCHO,233,M,QUECHUA
50406,AYACUCHO,LA MAR,TAMBO,ALIANZA PARA EL PROGRESO DE AYACUCHO,780,M,CASTELLANO
50406,AYACUCHO,LA MAR,TAMBO,ALIANZA RENACE AYACUCHO,1654,M,CASTELLANO
50406,AYACUCHO,LA MAR,TAMBO,FUERZA POPULAR,288,M,CASTELLANO
50406,AYACUCHO,LA MAR,TAMBO,MUSUQ ÑAN,1905,M,CASTELLANO
50406,AYACUCHO,LA MAR,TAMBO,QATUN TARPUY,58,M,CASTELLANO
50406,AYACUCHO,LA MAR,TAMBO,UNIDOS POR EL DESARROLLO DE AYACUCHO,1660,M,CASTELLANO
50407,AYACUCHO,LA MAR,LUIS CARRANZA,ALIANZA PARA EL PROGRESO DE AYACUCHO,334,M,CASTELLANO
50407,AYACUCHO,LA MAR,LUIS CARRANZA,ALIANZA RENACE AYACUCHO,444,M,CASTELLANO
50408,AYACUCHO,LA MAR,SANTA ROSA,ALIANZA PARA EL PROGRESO DE AYACUCHO,717,M,CASTELLANO
50408,AYACUCHO,LA MAR,SANTA ROSA,ALIANZA RENACE AYACUCHO,725,M,CASTELLANO
50408,AYACUCHO,LA MAR,SANTA ROSA,"EL FRENTE AMPLIO POR JUSTICIA, VIDA Y LIBERTAD",102,M,CASTELLANO
50408,AYACUCHO,LA MAR,SANTA ROSA,FUERZA POPULAR,1253,M,CASTELLANO
50408,AYACUCHO,LA MAR,SANTA ROSA,MUSUQ ÑAN,700,M,CASTELLANO
50408,AYACUCHO,LA MAR,SANTA ROSA,PARTIDO DEMOCRATICO SOMOS PERU,484,M,CASTELLANO
50408,AYACUCHO,LA MAR,SANTA ROSA,PERU PATRIA SEGURA,23,M,CASTELLANO
50408,AYACUCHO,LA MAR,SANTA ROSA,QATUN TARPUY,200,M,CASTELLANO
50408,AYACUCHO,LA MAR,SANTA ROSA,SOLIDARIDAD NACIONAL,140,M,CASTELLANO
50408,AYACUCHO,LA MAR,SANTA ROSA,UNIDOS POR EL DESARROLLO DE AYACUCHO,117,M,CASTELLANO
50409,AYACUCHO,LA MAR,SAMUGARI,ALIANZA PARA EL PROGRESO DE AYACUCHO,282,M,CASTELLANO
50409,AYACUCHO,LA MAR,SAMUGARI,ALIANZA RENACE AYACUCHO,1289,M,CASTELLANO
50409,AYACUCHO,LA MAR,SAMUGARI,FUERZA POPULAR,300,M,CASTELLANO
50409,AYACUCHO,LA MAR,SAMUGARI,MOVIMIENTO INDEPENDIENTE INNOVACION REGIONAL,21,M,CASTELLANO
50409,AYACUCHO,LA MAR,SAMUGARI,MUSUQ ÑAN,471,M,CASTELLANO
50409,AYACUCHO,LA MAR,SAMUGARI,QATUN TARPUY,721,M,CASTELLANO
50409,AYACUCHO,LA MAR,SAMUGARI,UNIDOS POR EL DESARROLLO DE AYACUCHO,294,M,CASTELLANO
50410,AYACUCHO,LA MAR,ANCHIHUAY,ALIANZA RENACE AYACUCHO,995,M,CASTELLANO
50410,AYACUCHO,LA MAR,ANCHIHUAY,FUERZA POPULAR,457,M,CASTELLANO
50410,AYACUCHO,LA MAR,ANCHIHUAY,MUSUQ ÑAN,283,M,CASTELLANO
50502,AYACUCHO,LUCANAS,AUCARA,ALIANZA PARA EL PROGRESO DE AYACUCHO,270,M,QUECHUA
50502,AYACUCHO,LUCANAS,AUCARA,ALIANZA RENACE AYACUCHO,180,M,QUECHUA
50502,AYACUCHO,LUCANAS,AUCARA,FUERZA POPULAR,136,M,QUECHUA
50502,AYACUCHO,LUCANAS,AUCARA,MOVIMIENTO INDEPENDIENTE INNOVACION REGIONAL,8,M,QUECHUA
50502,AYACUCHO,LUCANAS,AUCARA,MUSUQ ÑAN,244,M,QUECHUA
50502,AYACUCHO,LUCANAS,AUCARA,PARTIDO APRISTA PERUANO,23,M,QUECHUA
50502,AYACUCHO,LUCANAS,AUCARA,PARTIDO POPULAR CRISTIANO - PPC,13,M,QUECHUA
50502,AYACUCHO,LUCANAS,AUCARA,QATUN TARPUY,211,M,QUECHUA
50503,AYACUCHO,LUCANAS,CABANA,ALIANZA PARA EL PROGRESO DE AYACUCHO,102,M,CASTELLANO
50503,AYACUCHO,LUCANAS,CABANA,ALIANZA RENACE AYACUCHO,225,M,CASTELLANO
50503,AYACUCHO,LUCANAS,CABANA,FUERZA POPULAR,7,M,CASTELLANO
50503,AYACUCHO,LUCANAS,CABANA,MUSUQ ÑAN,17,M,CASTELLANO
50503,AYACUCHO,LUCANAS,CABANA,PARTIDO APRISTA PERUANO,13,M,CASTELLANO
50503,AYACUCHO,LUCANAS,CABANA,QATUN TARPUY,234,M,CASTELLANO
50504,AYACUCHO,LUCANAS,CARMEN SALCEDO,ALIANZA RENACE AYACUCHO,133,M,CASTELLANO
50504,AYACUCHO,LUCANAS,CARMEN SALCEDO,FUERZA POPULAR,196,M,CASTELLANO
50504,AYACUCHO,LUCANAS,CARMEN SALCEDO,PARTIDO APRISTA PERUANO,273,M,CASTELLANO
50504,AYACUCHO,LUCANAS,CARMEN SALCEDO,SOLIDARIDAD NACIONAL,3,M,CASTELLANO
50506,AYACUCHO,LUCANAS,CHAVIÑA,ACCION POPULAR,151,M,CASTELLANO
50506,AYACUCHO,LUCANAS,CHAVIÑA,ALIANZA PARA EL PROGRESO DE AYACUCHO,189,M,CASTELLANO
50506,AYACUCHO,LUCANAS,CHAVIÑA,ALIANZA RENACE AYACUCHO,103,M,CASTELLANO
50506,AYACUCHO,LUCANAS,CHAVIÑA,MOVIMIENTO INDEPENDIENTE INNOVACION REGIONAL,60,M,CASTELLANO
50506,AYACUCHO,LUCANAS,CHAVIÑA,MOVIMIENTO INDEPENDIENTE UNION POR UN FUTURO,114,M,CASTELLANO
50506,AYACUCHO,LUCANAS,CHAVIÑA,MUSUQ ÑAN,85,M,CASTELLANO
50506,AYACUCHO,LUCANAS,CHAVIÑA,PARTIDO APRISTA PERUANO,60,M,CASTELLANO
50506,AYACUCHO,LUCANAS,CHAVIÑA,QATUN TARPUY,26,M,CASTELLANO
50506,AYACUCHO,LUCANAS,CHAVIÑA,SOLIDARIDAD NACIONAL,167,M,CASTELLANO
50508,AYACUCHO,LUCANAS,CHIPAO,ALIANZA PARA EL PROGRESO DE AYACUCHO,29,M,CASTELLANO
50508,AYACUCHO,LUCANAS,CHIPAO,ALIANZA RENACE AYACUCHO,104,M,CASTELLANO
50508,AYACUCHO,LUCANAS,CHIPAO,"EL FRENTE AMPLIO POR JUSTICIA, VIDA Y LIBERTAD",25,M,CASTELLANO
50508,AYACUCHO,LUCANAS,CHIPAO,FUERZA POPULAR,19,M,CASTELLANO
50508,AYACUCHO,LUCANAS,CHIPAO,MOVIMIENTO INDEPENDIENTE INNOVACION REGIONAL,539,M,CASTELLANO
50508,AYACUCHO,LUCANAS,CHIPAO,PARTIDO APRISTA PERUANO,217,M,CASTELLANO
50508,AYACUCHO,LUCANAS,CHIPAO,QATUN TARPUY,35,M,CASTELLANO
50508,AYACUCHO,LUCANAS,CHIPAO,UNIDOS POR EL DESARROLLO DE AYACUCHO,276,M,CASTELLANO
50510,AYACUCHO,LUCANAS,HUAC-HUAS,ALIANZA PARA EL PROGRESO DE AYACUCHO,36,M,CASTELLANO
50510,AYACUCHO,LUCANAS,HUAC-HUAS,ALIANZA RENACE AYACUCHO,210,M,CASTELLANO
50510,AYACUCHO,LUCANAS,HUAC-HUAS,MOVIMIENTO INDEPENDIENTE INNOVACION REGIONAL,38,M,CASTELLANO
50510,AYACUCHO,LUCANAS,HUAC-HUAS,MUSUQ ÑAN,36,M,CASTELLANO
50510,AYACUCHO,LUCANAS,HUAC-HUAS,PARTIDO APRISTA PERUANO,247,M,CASTELLANO
50510,AYACUCHO,LUCANAS,HUAC-HUAS,QATUN TARPUY,194,M,CASTELLANO
50510,AYACUCHO,LUCANAS,HUAC-HUAS,UNIDOS POR EL DESARROLLO DE AYACUCHO,85,M,CASTELLANO
50511,AYACUCHO,LUCANAS,LARAMATE,ALIANZA PARA EL PROGRESO DE AYACUCHO,169,M,CASTELLANO
50511,AYACUCHO,LUCANAS,LARAMATE,ALIANZA RENACE AYACUCHO,312,M,CASTELLANO
50511,AYACUCHO,LUCANAS,LARAMATE,FUERZA POPULAR,25,M,CASTELLANO
50511,AYACUCHO,LUCANAS,LARAMATE,MOVIMIENTO INDEPENDIENTE INNOVACION REGIONAL,198,M,CASTELLANO
50511,AYACUCHO,LUCANAS,LARAMATE,MUSUQ ÑAN,49,M,CASTELLANO
50511,AYACUCHO,LUCANAS,LARAMATE,PARTIDO APRISTA PERUANO,10,M,CASTELLANO
50511,AYACUCHO,LUCANAS,LARAMATE,PERU POSIBLE,91,M,CASTELLANO
50511,AYACUCHO,LUCANAS,LARAMATE,UNIDOS POR EL DESARROLLO DE AYACUCHO,88,M,CASTELLANO
50512,AYACUCHO,LUCANAS,LEONCIO PRADO,ALIANZA RENACE AYACUCHO,174,M,CASTELLANO
50512,AYACUCHO,LUCANAS,LEONCIO PRADO,FUERZA POPULAR,42,M,CASTELLANO
50512,AYACUCHO,LUCANAS,LEONCIO PRADO,MOVIMIENTO INDEPENDIENTE INNOVACION REGIONAL,135,M,CASTELLANO
50512,AYACUCHO,LUCANAS,LEONCIO PRADO,MUSUQ ÑAN,203,M,CASTELLANO
50512,AYACUCHO,LUCANAS,LEONCIO PRADO,PARTIDO APRISTA PERUANO,104,M,CASTELLANO
50512,AYACUCHO,LUCANAS,LEONCIO PRADO,QATUN TARPUY,48,M,CASTELLANO
50513,AYACUCHO,LUCANAS,LUCANAS,ALIANZA PARA EL PROGRESO DE AYACUCHO,418,M,QUECHUA
50513,AYACUCHO,LUCANAS,LUCANAS,ALIANZA RENACE AYACUCHO,539,M,QUECHUA
50513,AYACUCHO,LUCANAS,LUCANAS,FUERZA POPULAR,77,M,QUECHUA
50513,AYACUCHO,LUCANAS,LUCANAS,PARTIDO APRISTA PERUANO,206,M,QUECHUA
50513,AYACUCHO,LUCANAS,LUCANAS,UNIDOS POR EL DESARROLLO DE AYACUCHO,230,M,QUECHUA
50514,AYACUCHO,LUCANAS,LLAUTA,ALIANZA PARA EL PROGRESO DE AYACUCHO,251,M,CASTELLANO
50514,AYACUCHO,LUCANAS,LLAUTA,ALIANZA RENACE AYACUCHO,268,M,CASTELLANO
50514,AYACUCHO,LUCANAS,LLAUTA,FUERZA POPULAR,178,M,CASTELLANO
50514,AYACUCHO,LUCANAS,LLAUTA,MOVIMIENTO INDEPENDIENTE INNOVACION REGIONAL,244,M,CASTELLANO
50516,AYACUCHO,LUCANAS,OCAÑA,FUERZA POPULAR,76,M,CASTELLANO
50516,AYACUCHO,LUCANAS,OCAÑA,MOVIMIENTO INDEPENDIENTE INNOVACION REGIONAL,263,M,CASTELLANO
50516,AYACUCHO,LUCANAS,OCAÑA,PARTIDO APRISTA PERUANO,704,M,CASTELLANO
50516,AYACUCHO,LUCANAS,OCAÑA,QATUN TARPUY,510,M,CASTELLANO
50517,AYACUCHO,LUCANAS,OTOCA,ALIANZA PARA EL PROGRESO DE AYACUCHO,342,M,CASTELLANO
50517,AYACUCHO,LUCANAS,OTOCA,ALIANZA RENACE AYACUCHO,236,M,CASTELLANO
50517,AYACUCHO,LUCANAS,OTOCA,FUERZA POPULAR,106,M,CASTELLANO
50517,AYACUCHO,LUCANAS,OTOCA,MOVIMIENTO INDEPENDIENTE INNOVACION REGIONAL,150,M,CASTELLANO
50517,AYACUCHO,LUCANAS,OTOCA,PARTIDO APRISTA PERUANO,9,M,CASTELLANO
50517,AYACUCHO,LUCANAS,OTOCA,QATUN TARPUY,105,M,CASTELLANO
50517,AYACUCHO,LUCANAS,OTOCA,SOLIDARIDAD NACIONAL,172,M,CASTELLANO
50520,AYACUCHO,LUCANAS,SANCOS,ALIANZA PARA EL PROGRESO DE AYACUCHO,408,M,QUECHUA
50520,AYACUCHO,LUCANAS,SANCOS,ALIANZA RENACE AYACUCHO,248,M,QUECHUA
50520,AYACUCHO,LUCANAS,SANCOS,FUERZA POPULAR,385,M,QUECHUA
50520,AYACUCHO,LUCANAS,SANCOS,MOVIMIENTO INDEPENDIENTE INNOVACION REGIONAL,135,M,QUECHUA
50520,AYACUCHO,LUCANAS,SANCOS,MUSUQ ÑAN,47,M,QUECHUA
50520,AYACUCHO,LUCANAS,SANCOS,PARTIDO APRISTA PERUANO,78,M,QUECHUA
50520,AYACUCHO,LUCANAS,SANCOS,SOLIDARIDAD NACIONAL,23,M,QUECHUA
50520,AYACUCHO,LUCANAS,SANCOS,UNIDOS POR EL DESARROLLO DE AYACUCHO,149,M,QUECHUA
50521,AYACUCHO,LUCANAS,SAN JUAN,ACCION POPULAR,44,M,CASTELLANO
50521,AYACUCHO,LUCANAS,SAN JUAN,ALIANZA PARA EL PROGRESO DE AYACUCHO,181,M,CASTELLANO
50521,AYACUCHO,LUCANAS,SAN JUAN,ALIANZA RENACE AYACUCHO,30,M,CASTELLANO
50521,AYACUCHO,LUCANAS,SAN JUAN,FUERZA POPULAR,20,M,CASTELLANO
50521,AYACUCHO,LUCANAS,SAN JUAN,MOVIMIENTO INDEPENDIENTE INNOVACION REGIONAL,86,M,CASTELLANO
50521,AYACUCHO,LUCANAS,SAN JUAN,MUSUQ ÑAN,20,M,CASTELLANO
50521,AYACUCHO,LUCANAS,SAN JUAN,PARTIDO APRISTA PERUANO,58,M,CASTELLANO
50522,AYACUCHO,LUCANAS,SAN PEDRO,ACCION POPULAR,195,M,QUECHUA
50522,AYACUCHO,LUCANAS,SAN PEDRO,ALIANZA PARA EL PROGRESO DE AYACUCHO,59,M,QUECHUA
50522,AYACUCHO,LUCANAS,SAN PEDRO,ALIANZA RENACE AYACUCHO,383,M,QUECHUA
50522,AYACUCHO,LUCANAS,SAN PEDRO,FUERZA POPULAR,350,M,QUECHUA
50522,AYACUCHO,LUCANAS,SAN PEDRO,MUSUQ ÑAN,110,M,QUECHUA
50522,AYACUCHO,LUCANAS,SAN PEDRO,PARTIDO APRISTA PERUANO,244,M,QUECHUA
50522,AYACUCHO,LUCANAS,SAN PEDRO,QATUN TARPUY,37,M,QUECHUA
50522,AYACUCHO,LUCANAS,SAN PEDRO,SOLIDARIDAD NACIONAL,37,M,QUECHUA
50524,AYACUCHO,LUCANAS,SANTA ANA DE HUAYCAHUACHO,ALIANZA PARA EL PROGRESO DE AYACUCHO,23,M,QUECHUA
50524,AYACUCHO,LUCANAS,SANTA ANA DE HUAYCAHUACHO,ALIANZA RENACE AYACUCHO,84,M,QUECHUA
50524,AYACUCHO,LUCANAS,SANTA ANA DE HUAYCAHUACHO,FUERZA POPULAR,36,M,QUECHUA
50524,AYACUCHO,LUCANAS,SANTA ANA DE HUAYCAHUACHO,MOVIMIENTO INDEPENDIENTE INNOVACION REGIONAL,31,M,QUECHUA
50524,AYACUCHO,LUCANAS,SANTA ANA DE HUAYCAHUACHO,MUSUQ ÑAN,61,M,QUECHUA
50524,AYACUCHO,LUCANAS,SANTA ANA DE HUAYCAHUACHO,QATUN TARPUY,94,M,QUECHUA
50524,AYACUCHO,LUCANAS,SANTA ANA DE HUAYCAHUACHO,SOLIDARIDAD NACIONAL,16,M,QUECHUA
50525,AYACUCHO,LUCANAS,SANTA LUCIA,ALIANZA PARA EL PROGRESO DE AYACUCHO,96,M,CASTELLANO
50525,AYACUCHO,LUCANAS,SANTA LUCIA,ALIANZA RENACE AYACUCHO,255,M,CASTELLANO
50525,AYACUCHO,LUCANAS,SANTA LUCIA,FUERZA POPULAR,87,M,CASTELLANO
50525,AYACUCHO,LUCANAS,SANTA LUCIA,MOVIMIENTO INDEPENDIENTE INNOVACION REGIONAL,147,M,CASTELLANO
50525,AYACUCHO,LUCANAS,SANTA LUCIA,PARTIDO APRISTA PERUANO,108,M,CASTELLANO
50529,AYACUCHO,LUCANAS,SAISA,ALIANZA RENACE AYACUCHO,25,M,CASTELLANO
50529,AYACUCHO,LUCANAS,SAISA,MOVIMIENTO INDEPENDIENTE INNOVACION REGIONAL,110,M,CASTELLANO
50529,AYACUCHO,LUCANAS,SAISA,SOLIDARIDAD NACIONAL,90,M,CASTELLANO
50531,AYACUCHO,LUCANAS,SAN PEDRO DE PALCO,ALIANZA PARA EL PROGRESO DE AYACUCHO,219,M,CASTELLANO
50531,AYACUCHO,LUCANAS,SAN PEDRO DE PALCO,ALIANZA RENACE AYACUCHO,158,M,CASTELLANO
50531,AYACUCHO,LUCANAS,SAN PEDRO DE PALCO,FUERZA POPULAR,10,M,CASTELLANO
50531,AYACUCHO,LUCANAS,SAN PEDRO DE PALCO,MOVIMIENTO INDEPENDIENTE INNOVACION REGIONAL,76,M,CASTELLANO
50531,AYACUCHO,LUCANAS,SAN PEDRO DE PALCO,MUSUQ ÑAN,31,M,CASTELLANO
50531,AYACUCHO,LUCANAS,SAN PEDRO DE PALCO,PARTIDO APRISTA PERUANO,204,M,CASTELLANO
50531,AYACUCHO,LUCANAS,SAN PEDRO DE PALCO,QATUN TARPUY,16,M,CASTELLANO
50531,AYACUCHO,LUCANAS,SAN PEDRO DE PALCO,UNIDOS POR EL DESARROLLO DE AYACUCHO,60,M,CASTELLANO
50532,AYACUCHO,LUCANAS,SAN CRISTOBAL,ACCION POPULAR,189,M,CASTELLANO
50532,AYACUCHO,LUCANAS,SAN CRISTOBAL,ALIANZA PARA EL PROGRESO DE AYACUCHO,199,M,CASTELLANO
50532,AYACUCHO,LUCANAS,SAN CRISTOBAL,ALIANZA RENACE AYACUCHO,92,M,CASTELLANO
50532,AYACUCHO,LUCANAS,SAN CRISTOBAL,FUERZA POPULAR,58,M,CASTELLANO
50532,AYACUCHO,LUCANAS,SAN CRISTOBAL,MUSUQ ÑAN,256,M,CASTELLANO
50532,AYACUCHO,LUCANAS,SAN CRISTOBAL,PARTIDO APRISTA PERUANO,22,M,CASTELLANO
50532,AYACUCHO,LUCANAS,SAN CRISTOBAL,QATUN TARPUY,96,M,CASTELLANO
50604,AYACUCHO,PARINACOCHAS,CORONEL CASTAÑEDA,ALIANZA RENACE AYACUCHO,134,M,CASTELLANO
50604,AYACUCHO,PARINACOCHAS,CORONEL CASTAÑEDA,FUERZA POPULAR,160,M,CASTELLANO
50604,AYACUCHO,PARINACOCHAS,CORONEL CASTAÑEDA,MUSUQ ÑAN,149,M,CASTELLANO
50604,AYACUCHO,PARINACOCHAS,CORONEL CASTAÑEDA,UNIDOS POR EL DESARROLLO DE AYACUCHO,44,M,CASTELLANO
50605,AYACUCHO,PARINACOCHAS,CHUMPI,ALIANZA RENACE AYACUCHO,303,M,CASTELLANO
50605,AYACUCHO,PARINACOCHAS,CHUMPI,FUERZA POPULAR,384,M,CASTELLANO
50605,AYACUCHO,PARINACOCHAS,CHUMPI,MOVIMIENTO INDEPENDIENTE INNOVACION REGIONAL,38,M,CASTELLANO
50605,AYACUCHO,PARINACOCHAS,CHUMPI,MUSUQ ÑAN,429,M,CASTELLANO
50605,AYACUCHO,PARINACOCHAS,CHUMPI,QATUN TARPUY,24,M,CASTELLANO
50605,AYACUCHO,PARINACOCHAS,CHUMPI,UNIDOS POR EL DESARROLLO DE AYACUCHO,18,M,CASTELLANO
50608,AYACUCHO,PARINACOCHAS,PACAPAUSA,ALIANZA RENACE AYACUCHO,130,M,QUECHUA
50608,AYACUCHO,PARINACOCHAS,PACAPAUSA,FUERZA POPULAR,12,M,QUECHUA
50608,AYACUCHO,PARINACOCHAS,PACAPAUSA,MOVIMIENTO INDEPENDIENTE INNOVACION REGIONAL,115,M,QUECHUA
50608,AYACUCHO,PARINACOCHAS,PACAPAUSA,MUSUQ ÑAN,101,M,QUECHUA
50608,AYACUCHO,PARINACOCHAS,PACAPAUSA,QATUN TARPUY,27,M,QUECHUA
50608,AYACUCHO,PARINACOCHAS,PACAPAUSA,UNIDOS POR EL DESARROLLO DE AYACUCHO,8,M,QUECHUA
50611,AYACUCHO,PARINACOCHAS,PULLO,ALIANZA RENACE AYACUCHO,855,M,CASTELLANO
50611,AYACUCHO,PARINACOCHAS,PULLO,MOVIMIENTO INDEPENDIENTE INNOVACION REGIONAL,105,M,CASTELLANO
50611,AYACUCHO,PARINACOCHAS,PULLO,MUSUQ ÑAN,382,M,CASTELLANO
50611,AYACUCHO,PARINACOCHAS,PULLO,QATUN TARPUY,28,M,CASTELLANO
50611,AYACUCHO,PARINACOCHAS,PULLO,UNIDOS POR EL DESARROLLO DE AYACUCHO,106,M,CASTELLANO
50612,AYACUCHO,PARINACOCHAS,PUYUSCA,ALIANZA RENACE AYACUCHO,480,M,CASTELLANO
50612,AYACUCHO,PARINACOCHAS,PUYUSCA,MOVIMIENTO INDEPENDIENTE INNOVACION REGIONAL,332,M,CASTELLANO
50612,AYACUCHO,PARINACOCHAS,PUYUSCA,MUSUQ ÑAN,229,M,CASTELLANO
50612,AYACUCHO,PARINACOCHAS,PUYUSCA,QATUN TARPUY,23,M,CASTELLANO
50612,AYACUCHO,PARINACOCHAS,PUYUSCA,UNIDOS POR EL DESARROLLO DE AYACUCHO,49,M,CASTELLANO
50615,AYACUCHO,PARINACOCHAS,SAN FRANCISCO DE RAVACAYCO,ALIANZA RENACE AYACUCHO,91,M,CASTELLANO
50615,AYACUCHO,PARINACOCHAS,SAN FRANCISCO DE RAVACAYCO,MOVIMIENTO INDEPENDIENTE INNOVACION REGIONAL,81,M,CASTELLANO
50615,AYACUCHO,PARINACOCHAS,SAN FRANCISCO DE RAVACAYCO,MUSUQ ÑAN,26,M,CASTELLANO
50615,AYACUCHO,PARINACOCHAS,SAN FRANCISCO DE RAVACAYCO,PARTIDO APRISTA PERUANO,103,M,CASTELLANO
50615,AYACUCHO,PARINACOCHAS,SAN FRANCISCO DE RAVACAYCO,QATUN TARPUY,28,M,CASTELLANO
50616,AYACUCHO,PARINACOCHAS,UPAHUACHO,ALIANZA RENACE AYACUCHO,142,M,CASTELLANO
50616,AYACUCHO,PARINACOCHAS,UPAHUACHO,MOVIMIENTO INDEPENDIENTE INNOVACION REGIONAL,263,M,CASTELLANO
50616,AYACUCHO,PARINACOCHAS,UPAHUACHO,MUSUQ ÑAN,231,M,CASTELLANO
50616,AYACUCHO,PARINACOCHAS,UPAHUACHO,QATUN TARPUY,5,M,CASTELLANO
50616,AYACUCHO,PARINACOCHAS,UPAHUACHO,UNIDOS POR EL DESARROLLO DE AYACUCHO,51,M,CASTELLANO
50702,AYACUCHO,VICTOR FAJARDO,ALCAMENCA,ALIANZA PARA EL PROGRESO DE AYACUCHO,443,M,CASTELLANO
50702,AYACUCHO,VICTOR FAJARDO,ALCAMENCA,ALIANZA RENACE AYACUCHO,348,M,CASTELLANO
50702,AYACUCHO,VICTOR FAJARDO,ALCAMENCA,FUERZA POPULAR,206,M,CASTELLANO
50702,AYACUCHO,VICTOR FAJARDO,ALCAMENCA,MOVIMIENTO INDEPENDIENTE INNOVACION REGIONAL,68,M,CASTELLANO
50702,AYACUCHO,VICTOR FAJARDO,ALCAMENCA,MUSUQ ÑAN,107,M,CASTELLANO
50702,AYACUCHO,VICTOR FAJARDO,ALCAMENCA,QATUN TARPUY,41,M,CASTELLANO
50703,AYACUCHO,VICTOR FAJARDO,APONGO,ALIANZA PARA EL PROGRESO DE AYACUCHO,20,M,CASTELLANO
50703,AYACUCHO,VICTOR FAJARDO,APONGO,ALIANZA RENACE AYACUCHO,47,M,CASTELLANO
50703,AYACUCHO,VICTOR FAJARDO,APONGO,FUERZA POPULAR,41,M,CASTELLANO
50703,AYACUCHO,VICTOR FAJARDO,APONGO,MOVIMIENTO INDEPENDIENTE INNOVACION REGIONAL,98,M,CASTELLANO
50703,AYACUCHO,VICTOR FAJARDO,APONGO,MUSUQ ÑAN,112,M,CASTELLANO
50703,AYACUCHO,VICTOR FAJARDO,APONGO,QATUN TARPUY,84,M,CASTELLANO
50703,AYACUCHO,VICTOR FAJARDO,APONGO,UNIDOS POR EL DESARROLLO DE AYACUCHO,15,M,CASTELLANO
50704,AYACUCHO,VICTOR FAJARDO,CANARIA,ALIANZA PARA EL PROGRESO DE AYACUCHO,177,M,CASTELLANO
50704,AYACUCHO,VICTOR FAJARDO,CANARIA,ALIANZA RENACE AYACUCHO,335,M,CASTELLANO
50704,AYACUCHO,VICTOR FAJARDO,CANARIA,FUERZA POPULAR,298,M,CASTELLANO
50704,AYACUCHO,VICTOR FAJARDO,CANARIA,MOVIMIENTO INDEPENDIENTE INNOVACION REGIONAL,128,M,CASTELLANO
50704,AYACUCHO,VICTOR FAJARDO,CANARIA,MUSUQ ÑAN,92,M,CASTELLANO
50704,AYACUCHO,VICTOR FAJARDO,CANARIA,QATUN TARPUY,81,M,CASTELLANO
50704,AYACUCHO,VICTOR FAJARDO,CANARIA,UNIDOS POR EL DESARROLLO DE AYACUCHO,69,M,CASTELLANO
50706,AYACUCHO,VICTOR FAJARDO,CAYARA,ALIANZA PARA EL PROGRESO DE AYACUCHO,123,M,QUECHUA
50706,AYACUCHO,VICTOR FAJARDO,CAYARA,ALIANZA RENACE AYACUCHO,269,M,QUECHUA
50706,AYACUCHO,VICTOR FAJARDO,CAYARA,MUSUQ ÑAN,164,M,QUECHUA
50706,AYACUCHO,VICTOR FAJARDO,CAYARA,QATUN TARPUY,64,M,QUECHUA
50707,AYACUCHO,VICTOR FAJARDO,COLCA,ALIANZA PARA EL PROGRESO DE AYACUCHO,81,M,CASTELLANO
50707,AYACUCHO,VICTOR FAJARDO,COLCA,ALIANZA RENACE AYACUCHO,280,M,CASTELLANO
50707,AYACUCHO,VICTOR FAJARDO,COLCA,FUERZA POPULAR,122,M,CASTELLANO
50707,AYACUCHO,VICTOR FAJARDO,COLCA,MOVIMIENTO ETNOCACERISTA AYACUCHO,1,M,CASTELLANO
50707,AYACUCHO,VICTOR FAJARDO,COLCA,MUSUQ ÑAN,173,M,CASTELLANO
50707,AYACUCHO,VICTOR FAJARDO,COLCA,QATUN TARPUY,262,M,CASTELLANO
50708,AYACUCHO,VICTOR FAJARDO,HUALLA,ACCION POPULAR,202,M,CASTELLANO
50708,AYACUCHO,VICTOR FAJARDO,HUALLA,ALIANZA PARA EL PROGRESO DE AYACUCHO,148,M,CASTELLANO
50708,AYACUCHO,VICTOR FAJARDO,HUALLA,ALIANZA RENACE AYACUCHO,176,M,CASTELLANO
50708,AYACUCHO,VICTOR FAJARDO,HUALLA,FUERZA POPULAR,111,M,CASTELLANO
50708,AYACUCHO,VICTOR FAJARDO,HUALLA,MUSUQ ÑAN,159,M,CASTELLANO
50708,AYACUCHO,VICTOR FAJARDO,HUALLA,QATUN TARPUY,175,M,CASTELLANO
50709,AYACUCHO,VICTOR FAJARDO,HUAMANQUIQUIA,ALIANZA PARA EL PROGRESO DE AYACUCHO,118,M,CASTELLANO
50709,AYACUCHO,VICTOR FAJARDO,HUAMANQUIQUIA,ALIANZA RENACE AYACUCHO,262,M,CASTELLANO
50709,AYACUCHO,VICTOR FAJARDO,HUAMANQUIQUIA,FUERZA POPULAR,49,M,CASTELLANO
50709,AYACUCHO,VICTOR FAJARDO,HUAMANQUIQUIA,MOVIMIENTO INDEPENDIENTE INNOVACION REGIONAL,27,M,CASTELLANO
50709,AYACUCHO,VICTOR FAJARDO,HUAMANQUIQUIA,MUSUQ ÑAN,160,M,CASTELLANO
50709,AYACUCHO,VICTOR FAJARDO,HUAMANQUIQUIA,QATUN TARPUY,9,M,CASTELLANO
50710,AYACUCHO,VICTOR FAJARDO,HUANCARAYLLA,ALIANZA PARA EL PROGRESO DE AYACUCHO,200,M,CASTELLANO
50710,AYACUCHO,VICTOR FAJARDO,HUANCARAYLLA,ALIANZA RENACE AYACUCHO,181,M,CASTELLANO
50710,AYACUCHO,VICTOR FAJARDO,HUANCARAYLLA,FUERZA POPULAR,75,M,CASTELLANO
50710,AYACUCHO,VICTOR FAJARDO,HUANCARAYLLA,MOVIMIENTO INDEPENDIENTE INNOVACION REGIONAL,2,M,CASTELLANO
50710,AYACUCHO,VICTOR FAJARDO,HUANCARAYLLA,MUSUQ ÑAN,82,M,CASTELLANO
50710,AYACUCHO,VICTOR FAJARDO,HUANCARAYLLA,QATUN TARPUY,118,M,CASTELLANO
50710,AYACUCHO,VICTOR FAJARDO,HUANCARAYLLA,UNIDOS POR EL DESARROLLO DE AYACUCHO,70,M,CASTELLANO
50713,AYACUCHO,VICTOR FAJARDO,SARHUA,ALIANZA PARA EL PROGRESO DE AYACUCHO,186,M,CASTELLANO
50713,AYACUCHO,VICTOR FAJARDO,SARHUA,ALIANZA RENACE AYACUCHO,213,M,CASTELLANO
50713,AYACUCHO,VICTOR FAJARDO,SARHUA,FUERZA POPULAR,22,M,CASTELLANO
50713,AYACUCHO,VICTOR FAJARDO,SARHUA,MOVIMIENTO ETNOCACERISTA AYACUCHO,24,M,CASTELLANO
50713,AYACUCHO,VICTOR FAJARDO,SARHUA,MUSUQ ÑAN,422,M,CASTELLANO
50713,AYACUCHO,VICTOR FAJARDO,SARHUA,QATUN TARPUY,284,M,CASTELLANO
50713,AYACUCHO,VICTOR FAJARDO,SARHUA,UNIDOS POR EL DESARROLLO DE AYACUCHO,67,M,CASTELLANO
50714,AYACUCHO,VICTOR FAJARDO,VILCANCHOS,ALIANZA PARA EL PROGRESO DE AYACUCHO,281,M,CASTELLANO
50714,AYACUCHO,VICTOR FAJARDO,VILCANCHOS,ALIANZA RENACE AYACUCHO,430,M,CASTELLANO
50714,AYACUCHO,VICTOR FAJARDO,VILCANCHOS,FUERZA POPULAR,241,M,CASTELLANO
50714,AYACUCHO,VICTOR FAJARDO,VILCANCHOS,MOVIMIENTO INDEPENDIENTE INNOVACION REGIONAL,18,M,CASTELLANO
50714,AYACUCHO,VICTOR FAJARDO,VILCANCHOS,MUSUQ ÑAN,166,M,CASTELLANO
50714,AYACUCHO,VICTOR FAJARDO,VILCANCHOS,PARTIDO POPULAR CRISTIANO - PPC,67,M,CASTELLANO
50714,AYACUCHO,VICTOR FAJARDO,VILCANCHOS,QATUN TARPUY,426,M,CASTELLANO
50715,AYACUCHO,VICTOR FAJARDO,ASQUIPATA,ALIANZA PARA EL PROGRESO DE AYACUCHO,62,M,QUECHUA
50715,AYACUCHO,VICTOR FAJARDO,ASQUIPATA,ALIANZA RENACE AYACUCHO,116,M,QUECHUA
50715,AYACUCHO,VICTOR FAJARDO,ASQUIPATA,MUSUQ ÑAN,89,M,QUECHUA
50715,AYACUCHO,VICTOR FAJARDO,ASQUIPATA,QATUN TARPUY,32,M,QUECHUA
50802,AYACUCHO,HUANCA SANCOS,SACSAMARCA,ALIANZA PARA EL PROGRESO DE AYACUCHO,58,M,CASTELLANO
50802,AYACUCHO,HUANCA SANCOS,SACSAMARCA,ALIANZA RENACE AYACUCHO,73,M,CASTELLANO
50802,AYACUCHO,HUANCA SANCOS,SACSAMARCA,FUERZA POPULAR,223,M,CASTELLANO
50802,AYACUCHO,HUANCA SANCOS,SACSAMARCA,MUSUQ ÑAN,209,M,CASTELLANO
50802,AYACUCHO,HUANCA SANCOS,SACSAMARCA,QATUN TARPUY,267,M,CASTELLANO
50803,AYACUCHO,HUANCA SANCOS,SANTIAGO DE LUCANAMARCA,ALIANZA PARA EL PROGRESO DE AYACUCHO,155,M,QUECHUA
50803,AYACUCHO,HUANCA SANCOS,SANTIAGO DE LUCANAMARCA,ALIANZA RENACE AYACUCHO,49,M,QUECHUA
50803,AYACUCHO,HUANCA SANCOS,SANTIAGO DE LUCANAMARCA,FUERZA POPULAR,61,M,QUECHUA
50803,AYACUCHO,HUANCA SANCOS,SANTIAGO DE LUCANAMARCA,MOVIMIENTO INDEPENDIENTE INNOVACION REGIONAL,164,M,QUECHUA
50803,AYACUCHO,HUANCA SANCOS,SANTIAGO DE LUCANAMARCA,MUSUQ ÑAN,257,M,QUECHUA
50803,AYACUCHO,HUANCA SANCOS,SANTIAGO DE LUCANAMARCA,PARTIDO POPULAR CRISTIANO - PPC,148,M,QUECHUA
50803,AYACUCHO,HUANCA SANCOS,SANTIAGO DE LUCANAMARCA,QATUN TARPUY,198,M,QUECHUA
50804,AYACUCHO,HUANCA SANCOS,CARAPO,ALIANZA PARA EL PROGRESO DE AYACUCHO,307,M,CASTELLANO
50804,AYACUCHO,HUANCA SANCOS,CARAPO,ALIANZA RENACE AYACUCHO,41,M,CASTELLANO
50804,AYACUCHO,HUANCA SANCOS,CARAPO,FUERZA POPULAR,82,M,CASTELLANO
50804,AYACUCHO,HUANCA SANCOS,CARAPO,MUSUQ ÑAN,322,M,CASTELLANO
50804,AYACUCHO,HUANCA SANCOS,CARAPO,QATUN TARPUY,489,M,CASTELLANO
50902,AYACUCHO,VILCAS HUAMAN,VISCHONGO,ALIANZA PARA EL PROGRESO DE AYACUCHO,358,M,CASTELLANO
50902,AYACUCHO,VILCAS HUAMAN,VISCHONGO,ALIANZA RENACE AYACUCHO,704,M,CASTELLANO
50902,AYACUCHO,VILCAS HUAMAN,VISCHONGO,FUERZA POPULAR,240,M,CASTELLANO
50902,AYACUCHO,VILCAS HUAMAN,VISCHONGO,MOVIMIENTO INDEPENDIENTE INNOVACION REGIONAL,2,M,CASTELLANO
50902,AYACUCHO,VILCAS HUAMAN,VISCHONGO,MUSUQ ÑAN,319,M,CASTELLANO
50902,AYACUCHO,VILCAS HUAMAN,VISCHONGO,QATUN TARPUY,454,M,CASTELLANO
50903,AYACUCHO,VILCAS HUAMAN,ACCOMARCA,ALIANZA PARA EL PROGRESO DE AYACUCHO,186,M,CASTELLANO
50903,AYACUCHO,VILCAS HUAMAN,ACCOMARCA,ALIANZA RENACE AYACUCHO,269,M,CASTELLANO
50903,AYACUCHO,VILCAS HUAMAN,ACCOMARCA,FUERZA POPULAR,145,M,CASTELLANO
50903,AYACUCHO,VILCAS HUAMAN,ACCOMARCA,MUSUQ ÑAN,107,M,CASTELLANO
50903,AYACUCHO,VILCAS HUAMAN,ACCOMARCA,QATUN TARPUY,64,M,CASTELLANO
50904,AYACUCHO,VILCAS HUAMAN,CARHUANCA,ALIANZA PARA EL PROGRESO DE AYACUCHO,262,M,CASTELLANO
50904,AYACUCHO,VILCAS HUAMAN,CARHUANCA,ALIANZA RENACE AYACUCHO,142,M,CASTELLANO
50904,AYACUCHO,VILCAS HUAMAN,CARHUANCA,FUERZA POPULAR,60,M,CASTELLANO
50904,AYACUCHO,VILCAS HUAMAN,CARHUANCA,MUSUQ ÑAN,15,M,CASTELLANO
50904,AYACUCHO,VILCAS HUAMAN,CARHUANCA,QATUN TARPUY,86,M,CASTELLANO
50905,AYACUCHO,VILCAS HUAMAN,CONCEPCION,ALIANZA PARA EL PROGRESO DE AYACUCHO,35,M,CASTELLANO
50905,AYACUCHO,VILCAS HUAMAN,CONCEPCION,ALIANZA RENACE AYACUCHO,15,M,CASTELLANO
50905,AYACUCHO,VILCAS HUAMAN,CONCEPCION,FUERZA POPULAR,643,M,CASTELLANO
50905,AYACUCHO,VILCAS HUAMAN,CONCEPCION,MUSUQ ÑAN,46,M,CASTELLANO
50905,AYACUCHO,VILCAS HUAMAN,CONCEPCION,QATUN TARPUY,556,M,CASTELLANO
50906,AYACUCHO,VILCAS HUAMAN,HUAMBALPA,ALIANZA PARA EL PROGRESO DE AYACUCHO,356,M,CASTELLANO
50906,AYACUCHO,VILCAS HUAMAN,HUAMBALPA,ALIANZA RENACE AYACUCHO,116,M,CASTELLANO
50906,AYACUCHO,VILCAS HUAMAN,HUAMBALPA,FUERZA POPULAR,87,M,CASTELLANO
50906,AYACUCHO,VILCAS HUAMAN,HUAMBALPA,MOVIMIENTO INDEPENDIENTE INNOVACION REGIONAL,143,M,CASTELLANO
50906,AYACUCHO,VILCAS HUAMAN,HUAMBALPA,MUSUQ ÑAN,31,M,CASTELLANO
50906,AYACUCHO,VILCAS HUAMAN,HUAMBALPA,QATUN TARPUY,270,M,CASTELLANO
50907,AYACUCHO,VILCAS HUAMAN,SAURAMA,ALIANZA PARA EL PROGRESO DE AYACUCHO,219,M,CASTELLANO
50907,AYACUCHO,VILCAS HUAMAN,SAURAMA,ALIANZA RENACE AYACUCHO,125,M,CASTELLANO
50907,AYACUCHO,VILCAS HUAMAN,SAURAMA,FUERZA POPULAR,0,M,CASTELLANO
50907,AYACUCHO,VILCAS HUAMAN,SAURAMA,MUSUQ ÑAN,69,M,CASTELLANO
50907,AYACUCHO,VILCAS HUAMAN,SAURAMA,QATUN TARPUY,141,M,CASTELLANO
50908,AYACUCHO,VILCAS HUAMAN,INDEPENDENCIA,ALIANZA PARA EL PROGRESO DE AYACUCHO,185,M,CASTELLANO
50908,AYACUCHO,VILCAS HUAMAN,INDEPENDENCIA,ALIANZA RENACE AYACUCHO,203,M,CASTELLANO
50908,AYACUCHO,VILCAS HUAMAN,INDEPENDENCIA,MUSUQ ÑAN,99,M,CASTELLANO
50908,AYACUCHO,VILCAS HUAMAN,INDEPENDENCIA,QATUN TARPUY,249,M,CASTELLANO
51002,AYACUCHO,PAUCAR DEL SARA SARA,COLTA,ALIANZA PARA EL PROGRESO DE AYACUCHO,71,M,QUECHUA
51002,AYACUCHO,PAUCAR DEL SARA SARA,COLTA,ALIANZA RENACE AYACUCHO,59,M,QUECHUA
51002,AYACUCHO,PAUCAR DEL SARA SARA,COLTA,FUERZA POPULAR,15,M,QUECHUA
51002,AYACUCHO,PAUCAR DEL SARA SARA,COLTA,MOVIMIENTO INDEPENDIENTE INNOVACION REGIONAL,51,M,QUECHUA
51002,AYACUCHO,PAUCAR DEL SARA SARA,COLTA,QATUN TARPUY,27,M,QUECHUA
51002,AYACUCHO,PAUCAR DEL SARA SARA,COLTA,UNIDOS POR EL DESARROLLO DE AYACUCHO,6,M,QUECHUA
51003,AYACUCHO,PAUCAR DEL SARA SARA,CORCULLA,ACCION POPULAR,0,M,CASTELLANO
51003,AYACUCHO,PAUCAR DEL SARA SARA,CORCULLA,ALIANZA PARA EL PROGRESO DE AYACUCHO,60,M,CASTELLANO
51003,AYACUCHO,PAUCAR DEL SARA SARA,CORCULLA,MOVIMIENTO INDEPENDIENTE INNOVACION REGIONAL,161,M,CASTELLANO
51003,AYACUCHO,PAUCAR DEL SARA SARA,CORCULLA,PARTIDO APRISTA PERUANO,5,M,CASTELLANO
51003,AYACUCHO,PAUCAR DEL SARA SARA,CORCULLA,UNIDOS POR EL DESARROLLO DE AYACUCHO,4,M,CASTELLANO
51004,AYACUCHO,PAUCAR DEL SARA SARA,LAMPA,ACCION POPULAR,35,M,CASTELLANO
51004,AYACUCHO,PAUCAR DEL SARA SARA,LAMPA,ALIANZA PARA EL PROGRESO DE AYACUCHO,181,M,CASTELLANO
51004,AYACUCHO,PAUCAR DEL SARA SARA,LAMPA,ALIANZA RENACE AYACUCHO,100,M,CASTELLANO
51004,AYACUCHO,PAUCAR DEL SARA SARA,LAMPA,FUERZA POPULAR,171,M,CASTELLANO
51004,AYACUCHO,PAUCAR DEL SARA SARA,LAMPA,MOVIMIENTO INDEPENDIENTE INNOVACION REGIONAL,67,M,CASTELLANO
51004,AYACUCHO,PAUCAR DEL SARA SARA,LAMPA,PARTIDO APRISTA PERUANO,20,M,CASTELLANO
51004,AYACUCHO,PAUCAR DEL SARA SARA,LAMPA,QATUN TARPUY,98,M,CASTELLANO
51004,AYACUCHO,PAUCAR DEL SARA SARA,LAMPA,UNIDOS POR EL DESARROLLO DE AYACUCHO,174,M,CASTELLANO
51005,AYACUCHO,PAUCAR DEL SARA SARA,MARCABAMBA,ALIANZA PARA EL PROGRESO DE AYACUCHO,19,M,CASTELLANO
51005,AYACUCHO,PAUCAR DEL SARA SARA,MARCABAMBA,ALIANZA RENACE AYACUCHO,51,M,CASTELLANO
51005,AYACUCHO,PAUCAR DEL SARA SARA,MARCABAMBA,FUERZA POPULAR,115,M,CASTELLANO
51005,AYACUCHO,PAUCAR DEL SARA SARA,MARCABAMBA,MOVIMIENTO INDEPENDIENTE INNOVACION REGIONAL,24,M,CASTELLANO
51005,AYACUCHO,PAUCAR DEL SARA SARA,MARCABAMBA,PARTIDO APRISTA PERUANO,63,M,CASTELLANO
51005,AYACUCHO,PAUCAR DEL SARA SARA,MARCABAMBA,QATUN TARPUY,23,M,CASTELLANO
51005,AYACUCHO,PAUCAR DEL SARA SARA,MARCABAMBA,UNIDOS POR EL DESARROLLO DE AYACUCHO,50,M,CASTELLANO
51006,AYACUCHO,PAUCAR DEL SARA SARA,OYOLO,ACCION POPULAR,18,M,AYMARA
51006,AYACUCHO,PAUCAR DEL SARA SARA,OYOLO,ALIANZA PARA EL PROGRESO DE AYACUCHO,4,M,AYMARA
51006,AYACUCHO,PAUCAR DEL SARA SARA,OYOLO,ALIANZA RENACE AYACUCHO,32,M,AYMARA
51006,AYACUCHO,PAUCAR DEL SARA SARA,OYOLO,FUERZA POPULAR,53,M,AYMARA
51006,AYACUCHO,PAUCAR DEL SARA SARA,OYOLO,MOVIMIENTO INDEPENDIENTE INNOVACION REGIONAL,42,M,AYMARA
51006,AYACUCHO,PAUCAR DEL SARA SARA,OYOLO,PARTIDO APRISTA PERUANO,9,M,AYMARA
51006,AYACUCHO,PAUCAR DEL SARA SARA,OYOLO,QATUN TARPUY,149,M,AYMARA
51006,AYACUCHO,PAUCAR DEL SARA SARA,OYOLO,UNIDOS POR EL DESARROLLO DE AYACUCHO,120,M,AYMARA
51007,AYACUCHO,PAUCAR DEL SARA SARA,PARARCA,ACCION POPULAR,3,M,CASTELLANO
51007,AYACUCHO,PAUCAR DEL SARA SARA,PARARCA,ALIANZA PARA EL PROGRESO DE AYACUCHO,50,M,CASTELLANO
51007,AYACUCHO,PAUCAR DEL SARA SARA,PARARCA,ALIANZA RENACE AYACUCHO,50,M,CASTELLANO
51007,AYACUCHO,PAUCAR DEL SARA SARA,PARARCA,FUERZA POPULAR,40,M,CASTELLANO
51007,AYACUCHO,PAUCAR DEL SARA SARA,PARARCA,MOVIMIENTO INDEPENDIENTE INNOVACION REGIONAL,64,M,CASTELLANO
51007,AYACUCHO,PAUCAR DEL SARA SARA,PARARCA,QATUN TARPUY,26,M,CASTELLANO
51007,AYACUCHO,PAUCAR DEL SARA SARA,PARARCA,UNIDOS POR EL DESARROLLO DE AYACUCHO,32,M,CASTELLANO
51008,AYACUCHO,PAUCAR DEL SARA SARA,SAN JAVIER DE ALPABAMBA,ALIANZA PARA EL PROGRESO DE AYACUCHO,3,M,CASTELLANO
51008,AYACUCHO,PAUCAR DEL SARA SARA,SAN JAVIER DE ALPABAMBA,ALIANZA RENACE AYACUCHO,110,M,CASTELLANO
51008,AYACUCHO,PAUCAR DEL SARA SARA,SAN JAVIER DE ALPABAMBA,FUERZA POPULAR,118,M,CASTELLANO
51008,AYACUCHO,PAUCAR DEL SARA SARA,SAN JAVIER DE ALPABAMBA,UNIDOS POR EL DESARROLLO DE AYACUCHO,100,M,CASTELLANO
51009,AYACUCHO,PAUCAR DEL SARA SARA,SAN JOSE DE USHUA,ALIANZA PARA EL PROGRESO DE AYACUCHO,18,M,CASTELLANO
51009,AYACUCHO,PAUCAR DEL SARA SARA,SAN JOSE DE USHUA,ALIANZA RENACE AYACUCHO,24,M,CASTELLANO
51009,AYACUCHO,PAUCAR DEL SARA SARA,SAN JOSE DE USHUA,FUERZA POPULAR,16,M,CASTELLANO
51009,AYACUCHO,PAUCAR DEL SARA SARA,SAN JOSE DE USHUA,MOVIMIENTO INDEPENDIENTE INNOVACION REGIONAL,46,M,CASTELLANO
51009,AYACUCHO,PAUCAR DEL SARA SARA,SAN JOSE DE USHUA,PARTIDO APRISTA PERUANO,23,M,CASTELLANO
51010,AYACUCHO,PAUCAR DEL SARA SARA,SARA SARA,ACCION POPULAR,46,M,CASTELLANO
51010,AYACUCHO,PAUCAR DEL SARA SARA,SARA SARA,ALIANZA RENACE AYACUCHO,68,M,CASTELLANO
51010,AYACUCHO,PAUCAR DEL SARA SARA,SARA SARA,FUERZA POPULAR,74,M,CASTELLANO
51010,AYACUCHO,PAUCAR DEL SARA SARA,SARA SARA,QATUN TARPUY,16,M,CASTELLANO
51010,AYACUCHO,PAUCAR DEL SARA SARA,SARA SARA,UNIDOS POR EL DESARROLLO DE AYACUCHO,130,M,CASTELLANO
51102,AYACUCHO,SUCRE,BELEN,ALIANZA PARA EL PROGRESO DE AYACUCHO,15,M,CASTELLANO
51102,AYACUCHO,SUCRE,BELEN,ALIANZA RENACE AYACUCHO,46,M,CASTELLANO
51102,AYACUCHO,SUCRE,BELEN,MUSUQ ÑAN,0,M,CASTELLANO
51102,AYACUCHO,SUCRE,BELEN,QATUN TARPUY,112,M,CASTELLANO
51102,AYACUCHO,SUCRE,BELEN,UNIDOS POR EL DESARROLLO DE AYACUCHO,40,M,CASTELLANO
51103,AYACUCHO,SUCRE,CHALCOS,ALIANZA PARA EL PROGRESO DE AYACUCHO,19,M,QUECHUA
51103,AYACUCHO,SUCRE,CHALCOS,ALIANZA RENACE AYACUCHO,87,M,QUECHUA
51103,AYACUCHO,SUCRE,CHALCOS,MUSUQ ÑAN,52,M,QUECHUA
51103,AYACUCHO,SUCRE,CHALCOS,QATUN TARPUY,59,M,QUECHUA
51103,AYACUCHO,SUCRE,CHALCOS,UNIDOS POR EL DESARROLLO DE AYACUCHO,86,M,QUECHUA
51104,AYACUCHO,SUCRE,SAN SALVADOR DE QUIJE,ALIANZA PARA EL PROGRESO DE AYACUCHO,173,M,CASTELLANO
51104,AYACUCHO,SUCRE,SAN SALVADOR DE QUIJE,ALIANZA RENACE AYACUCHO,100,M,CASTELLANO
51104,AYACUCHO,SUCRE,SAN SALVADOR DE QUIJE,FUERZA POPULAR,87,M,CASTELLANO
51104,AYACUCHO,SUCRE,SAN SALVADOR DE QUIJE,MOVIMIENTO INDEPENDIENTE INNOVACION REGIONAL,63,M,CASTELLANO
51104,AYACUCHO,SUCRE,SAN SALVADOR DE QUIJE,MUSUQ ÑAN,96,M,CASTELLANO
51104,AYACUCHO,SUCRE,SAN SALVADOR DE QUIJE,QATUN TARPUY,4,M,CASTELLANO
51104,AYACUCHO,SUCRE,SAN SALVADOR DE QUIJE,UNIDOS POR EL DESARROLLO DE AYACUCHO,130,M,CASTELLANO
51105,AYACUCHO,SUCRE,PAICO,ALIANZA PARA EL PROGRESO DE AYACUCHO,121,M,CASTELLANO
51105,AYACUCHO,SUCRE,PAICO,ALIANZA RENACE AYACUCHO,91,M,CASTELLANO
51105,AYACUCHO,SUCRE,PAICO,MUSUQ ÑAN,1,M,CASTELLANO
51105,AYACUCHO,SUCRE,PAICO,QATUN TARPUY,118,M,CASTELLANO
51105,AYACUCHO,SUCRE,PAICO,UNIDOS POR EL DESARROLLO DE AYACUCHO,32,M,CASTELLANO
51106,AYACUCHO,SUCRE,SANTIAGO DE PAUCARAY,ALIANZA PARA EL PROGRESO DE AYACUCHO,82,M,CASTELLANO
51106,AYACUCHO,SUCRE,SANTIAGO DE PAUCARAY,ALIANZA RENACE AYACUCHO,83,M,CASTELLANO
51106,AYACUCHO,SUCRE,SANTIAGO DE PAUCARAY,MOVIMIENTO INDEPENDIENTE INNOVACION REGIONAL,47,M,CASTELLANO
51106,AYACUCHO,SUCRE,SANTIAGO DE PAUCARAY,MUSUQ ÑAN,71,M,CASTELLANO
51106,AYACUCHO,SUCRE,SANTIAGO DE PAUCARAY,QATUN TARPUY,43,M,CASTELLANO
51106,AYACUCHO,SUCRE,SANTIAGO DE PAUCARAY,UNIDOS POR EL DESARROLLO DE AYACUCHO,32,M,CASTELLANO
51107,AYACUCHO,SUCRE,SAN PEDRO DE LARCAY,ALIANZA PARA EL PROGRESO DE AYACUCHO,165,M,CASTELLANO
51107,AYACUCHO,SUCRE,SAN PEDRO DE LARCAY,ALIANZA RENACE AYACUCHO,220,M,CASTELLANO
51107,AYACUCHO,SUCRE,SAN PEDRO DE LARCAY,MOVIMIENTO INDEPENDIENTE INNOVACION REGIONAL,8,M,CASTELLANO
51107,AYACUCHO,SUCRE,SAN PEDRO DE LARCAY,QATUN TARPUY,20,M,CASTELLANO
51108,AYACUCHO,SUCRE,SORAS,ALIANZA RENACE AYACUCHO,134,M,CASTELLANO
51108,AYACUCHO,SUCRE,SORAS,MUSUQ ÑAN,328,M,CASTELLANO
51108,AYACUCHO,SUCRE,SORAS,QATUN TARPUY,4,M,CASTELLANO
51109,AYACUCHO,SUCRE,HUACAÑA,ALIANZA PARA EL PROGRESO DE AYACUCHO,95,M,CASTELLANO
51109,AYACUCHO,SUCRE,HUACAÑA,MOVIMIENTO INDEPENDIENTE INNOVACION REGIONAL,28,M,CASTELLANO
51109,AYACUCHO,SUCRE,HUACAÑA,MUSUQ ÑAN,104,M,CASTELLANO
51109,AYACUCHO,SUCRE,HUACAÑA,QATUN TARPUY,19,M,CASTELLANO
51109,AYACUCHO,SUCRE,HUACAÑA,UNIDOS POR EL DESARROLLO DE AYACUCHO,9,M,CASTELLANO
51110,AYACUCHO,SUCRE,CHILCAYOC,ALIANZA PARA EL PROGRESO DE AYACUCHO,22,M,CASTELLANO
51110,AYACUCHO,SUCRE,CHILCAYOC,ALIANZA RENACE AYACUCHO,43,M,CASTELLANO
51110,AYACUCHO,SUCRE,CHILCAYOC,MOVIMIENTO INDEPENDIENTE INNOVACION REGIONAL,6,M,CASTELLANO
51110,AYACUCHO,SUCRE,CHILCAYOC,MUSUQ ÑAN,155,M,CASTELLANO
51110,AYACUCHO,SUCRE,CHILCAYOC,QATUN TARPUY,1,M,CASTELLANO
51110,AYACUCHO,SUCRE,CHILCAYOC,UNIDOS POR EL DESARROLLO DE AYACUCHO,117,M,CASTELLANO
51111,AYACUCHO,SUCRE,MORCOLLA,ALIANZA PARA EL PROGRESO DE AYACUCHO,79,M,CASTELLANO
51111,AYACUCHO,SUCRE,MORCOLLA,ALIANZA RENACE AYACUCHO,312,M,CASTELLANO
51111,AYACUCHO,SUCRE,MORCOLLA,MOVIMIENTO INDEPENDIENTE INNOVACION REGIONAL,41,M,CASTELLANO
51111,AYACUCHO,SUCRE,MORCOLLA,MUSUQ ÑAN,34,M,CASTELLANO
51111,AYACUCHO,SUCRE,MORCOLLA,QATUN TARPUY,46,M,CASTELLANO
51111,AYACUCHO,SUCRE,MORCOLLA,UNIDOS POR EL DESARROLLO DE AYACUCHO,283,M,CASTELLANO
60102,CAJAMARCA,CAJAMARCA,ASUNCION,ACCION POPULAR,713,M,CASTELLANO
60102,CAJAMARCA,CAJAMARCA,ASUNCION,ALIANZA PARA EL PROGRESO,54,M,CASTELLANO
60102,CAJAMARCA,CAJAMARCA,ASUNCION,CAJAMARCA EN ACCION,587,M,CASTELLANO
60102,CAJAMARCA,CAJAMARCA,ASUNCION,CAJAMARCA SIEMPRE VERDE,545,M,CASTELLANO
60102,CAJAMARCA,CAJAMARCA,ASUNCION,FRENTE REGIONAL DE CAJAMARCA,1193,M,CASTELLANO
60102,CAJAMARCA,CAJAMARCA,ASUNCION,LUCHEMOS POR CAJAMARCA,73,M,CASTELLANO
60102,CAJAMARCA,CAJAMARCA,ASUNCION,PARTIDO APRISTA PERUANO,1197,M,CASTELLANO
60102,CAJAMARCA,CAJAMARCA,ASUNCION,PERU POSIBLE,65,M,CASTELLANO
60103,CAJAMARCA,CAJAMARCA,COSPAN,DEMOCRACIA DIRECTA,19,M,CASTELLANO
60103,CAJAMARCA,CAJAMARCA,COSPAN,FRENTE REGIONAL DE CAJAMARCA,669,M,CASTELLANO
60103,CAJAMARCA,CAJAMARCA,COSPAN,FUERZA POPULAR,1356,M,CASTELLANO
60103,CAJAMARCA,CAJAMARCA,COSPAN,MOVIMIENTO DE AFIRMACION SOCIAL,1245,M,CASTELLANO
60103,CAJAMARCA,CAJAMARCA,COSPAN,MOVIMIENTO INDEPENDIENTE DIALOGO SOCIAL,9,M,CASTELLANO
60103,CAJAMARCA,CAJAMARCA,COSPAN,PARTIDO APRISTA PERUANO,207,M,CASTELLANO
60104,CAJAMARCA,CAJAMARCA,CHETILLA,CAJAMARCA SIEMPRE VERDE,51,M,CASTELLANO
60104,CAJAMARCA,CAJAMARCA,CHETILLA,"EL FRENTE AMPLIO POR JUSTICIA, VIDA Y LIBERTAD",481,M,CASTELLANO
60104,CAJAMARCA,CAJAMARCA,CHETILLA,FRENTE REGIONAL DE CAJAMARCA,556,M,CASTELLANO
60104,CAJAMARCA,CAJAMARCA,CHETILLA,FUERZA POPULAR,178,M,CASTELLANO
60104,CAJAMARCA,CAJAMARCA,CHETILLA,PARTIDO APRISTA PERUANO,492,M,CASTELLANO
60104,CAJAMARCA,CAJAMARCA,CHETILLA,RESTAURACION NACIONAL,19,M,CASTELLANO
60105,CAJAMARCA,CAJAMARCA,ENCAÑADA,ALIANZA PARA EL PROGRESO,899,M,QUECHUA
60105,CAJAMARCA,CAJAMARCA,ENCAÑADA,CAJAMARCA EN ACCION,4610,M,QUECHUA
60105,CAJAMARCA,CAJAMARCA,ENCAÑADA,DEMOCRACIA DIRECTA,137,M,QUECHUA
60105,CAJAMARCA,CAJAMARCA,ENCAÑADA,"EL FRENTE AMPLIO POR JUSTICIA, VIDA Y LIBERTAD",280,M,QUECHUA
60105,CAJAMARCA,CAJAMARCA,ENCAÑADA,ENCAÑADINOS EN ACCION,5630,M,QUECHUA
60105,CAJAMARCA,CAJAMARCA,ENCAÑADA,FRENTE REGIONAL DE CAJAMARCA,3217,M,QUECHUA
60105,CAJAMARCA,CAJAMARCA,ENCAÑADA,FUERZA POPULAR,1083,M,QUECHUA
60105,CAJAMARCA,CAJAMARCA,ENCAÑADA,MOVIMIENTO REGIONAL FUERZA SOCIAL CAJAMARCA,251,M,QUECHUA
60105,CAJAMARCA,CAJAMARCA,ENCAÑADA,PARTIDO APRISTA PERUANO,43,M,QUECHUA
60106,CAJAMARCA,CAJAMARCA,JESUS,ALIANZA PARA EL PROGRESO,304,M,CASTELLANO
60106,CAJAMARCA,CAJAMARCA,JESUS,CAJAMARCA EN ACCION,439,M,CASTELLANO
60106,CAJAMARCA,CAJAMARCA,JESUS,CAJAMARCA SIEMPRE VERDE,468,M,CASTELLANO
60106,CAJAMARCA,CAJAMARCA,JESUS,ESPERANZA DEL PUEBLO,114,M,CASTELLANO
60106,CAJAMARCA,CAJAMARCA,JESUS,FRENTE REGIONAL DE CAJAMARCA,226,M,CASTELLANO
60106,CAJAMARCA,CAJAMARCA,JESUS,FUERZA POPULAR,1018,M,CASTELLANO
60106,CAJAMARCA,CAJAMARCA,JESUS,MOVIMIENTO DE AFIRMACION SOCIAL,1494,M,CASTELLANO
60106,CAJAMARCA,CAJAMARCA,JESUS,MOVIMIENTO INDEPENDIENTE DIALOGO SOCIAL,1361,M,CASTELLANO
60106,CAJAMARCA,CAJAMARCA,JESUS,MOVIMIENTO REGIONAL FUERZA SOCIAL CAJAMARCA,54,M,CASTELLANO
60106,CAJAMARCA,CAJAMARCA,JESUS,PARTIDO APRISTA PERUANO,1444,M,CASTELLANO
60106,CAJAMARCA,CAJAMARCA,JESUS,PARTIDO DEMOCRATICO SOMOS PERU,17,M,CASTELLANO
60107,CAJAMARCA,CAJAMARCA,LOS BAÑOS DEL INCA,BAÑOS DEL INCA UNIDOS,2002,M,QUECHUA
60107,CAJAMARCA,CAJAMARCA,LOS BAÑOS DEL INCA,DEMOCRACIA DIRECTA,120,M,QUECHUA
60107,CAJAMARCA,CAJAMARCA,LOS BAÑOS DEL INCA,FRENTE REGIONAL DE CAJAMARCA,1107,M,QUECHUA
60107,CAJAMARCA,CAJAMARCA,LOS BAÑOS DEL INCA,FUERZA BAÑOSINA,4467,M,QUECHUA
60107,CAJAMARCA,CAJAMARCA,LOS BAÑOS DEL INCA,FUERZA POPULAR,2547,M,QUECHUA
60107,CAJAMARCA,CAJAMARCA,LOS BAÑOS DEL INCA,GOBERNABILIDAD E INCLUSION SOCIAL GIS,152,M,QUECHUA
60107,CAJAMARCA,CAJAMARCA,LOS BAÑOS DEL INCA,MOVIMIENTO REGIONAL FUERZA SOCIAL CAJAMARCA,2741,M,QUECHUA
60107,CAJAMARCA,CAJAMARCA,LOS BAÑOS DEL INCA,PARTIDO APRISTA PERUANO,211,M,QUECHUA
60107,CAJAMARCA,CAJAMARCA,LOS BAÑOS DEL INCA,PROPUESTA VECINAL,4970,M,QUECHUA
60107,CAJAMARCA,CAJAMARCA,LOS BAÑOS DEL INCA,RESTAURACION NACIONAL,84,M,QUECHUA
60108,CAJAMARCA,CAJAMARCA,LLACANORA,ACCION POPULAR,40,M,CASTELLANO
60108,CAJAMARCA,CAJAMARCA,LLACANORA,ALIANZA PARA EL PROGRESO,48,M,CASTELLANO
60108,CAJAMARCA,CAJAMARCA,LLACANORA,CAJAMARCA EN ACCION,342,M,CASTELLANO
60108,CAJAMARCA,CAJAMARCA,LLACANORA,CAJAMARCA SIEMPRE VERDE,784,M,CASTELLANO
60108,CAJAMARCA,CAJAMARCA,LLACANORA,FRENTE REGIONAL DE CAJAMARCA,546,M,CASTELLANO
60108,CAJAMARCA,CAJAMARCA,LLACANORA,FUERZA POPULAR,436,M,CASTELLANO
60108,CAJAMARCA,CAJAMARCA,LLACANORA,LUCHEMOS POR CAJAMARCA,49,M,CASTELLANO
60108,CAJAMARCA,CAJAMARCA,LLACANORA,MOVIMIENTO REGIONAL FUERZA SOCIAL CAJAMARCA,672,M,CASTELLANO
60109,CAJAMARCA,CAJAMARCA,MAGDALENA,ACCION POPULAR,2057,M,CASTELLANO
60109,CAJAMARCA,CAJAMARCA,MAGDALENA,CAJAMARCA EN ACCION,204,M,CASTELLANO
60109,CAJAMARCA,CAJAMARCA,MAGDALENA,CAJAMARCA SIEMPRE VERDE,426,M,CASTELLANO
60109,CAJAMARCA,CAJAMARCA,MAGDALENA,FUERZA POPULAR,1719,M,CASTELLANO
60109,CAJAMARCA,CAJAMARCA,MAGDALENA,LUCHEMOS POR CAJAMARCA,59,M,CASTELLANO
60109,CAJAMARCA,CAJAMARCA,MAGDALENA,UNION POR EL PERU,979,M,CASTELLANO
60110,CAJAMARCA,CAJAMARCA,MATARA,CAJAMARCA EN ACCION,145,M,CASTELLANO
60110,CAJAMARCA,CAJAMARCA,MATARA,"EL FRENTE AMPLIO POR JUSTICIA, VIDA Y LIBERTAD",153,M,CASTELLANO
60110,CAJAMARCA,CAJAMARCA,MATARA,FUERZA POPULAR,294,M,CASTELLANO
60110,CAJAMARCA,CAJAMARCA,MATARA,MOVIMIENTO INDEPENDIENTE DIALOGO SOCIAL,743,M,CASTELLANO
60110,CAJAMARCA,CAJAMARCA,MATARA,MOVIMIENTO REGIONAL FUERZA SOCIAL CAJAMARCA,1125,M,CASTELLANO
60111,CAJAMARCA,CAJAMARCA,NAMORA,CAJAMARCA EN ACCION,277,M,CASTELLANO
60111,CAJAMARCA,CAJAMARCA,NAMORA,CAJAMARCA SIEMPRE VERDE,180,M,CASTELLANO
60111,CAJAMARCA,CAJAMARCA,NAMORA,DEMOCRACIA DIRECTA,270,M,CASTELLANO
60111,CAJAMARCA,CAJAMARCA,NAMORA,ESPERANZA DEL PUEBLO,31,M,CASTELLANO
60111,CAJAMARCA,CAJAMARCA,NAMORA,FRENTE REGIONAL DE CAJAMARCA,193,M,CASTELLANO
60111,CAJAMARCA,CAJAMARCA,NAMORA,LUCHEMOS POR CAJAMARCA,1169,M,CASTELLANO
60111,CAJAMARCA,CAJAMARCA,NAMORA,MOVIMIENTO DE AFIRMACION SOCIAL,515,M,CASTELLANO
60111,CAJAMARCA,CAJAMARCA,NAMORA,MOVIMIENTO INDEPENDIENTE DIALOGO SOCIAL,714,M,CASTELLANO
60111,CAJAMARCA,CAJAMARCA,NAMORA,PARTIDO APRISTA PERUANO,305,M,CASTELLANO
60111,CAJAMARCA,CAJAMARCA,NAMORA,PARTIDO DEMOCRATICO SOMOS PERU,1187,M,CASTELLANO
60112,CAJAMARCA,CAJAMARCA,SAN JUAN,ACCION POPULAR,52,M,CASTELLANO
60112,CAJAMARCA,CAJAMARCA,SAN JUAN,CAJAMARCA EN ACCION,80,M,CASTELLANO
60112,CAJAMARCA,CAJAMARCA,SAN JUAN,CAJAMARCA SIEMPRE VERDE,38,M,CASTELLANO
60112,CAJAMARCA,CAJAMARCA,SAN JUAN,DEMOCRACIA DIRECTA,242,M,CASTELLANO
60112,CAJAMARCA,CAJAMARCA,SAN JUAN,FRENTE REGIONAL DE CAJAMARCA,311,M,CASTELLANO
60112,CAJAMARCA,CAJAMARCA,SAN JUAN,FUERZA POPULAR,981,M,CASTELLANO
60112,CAJAMARCA,CAJAMARCA,SAN JUAN,MOVIMIENTO REGIONAL FUERZA SOCIAL CAJAMARCA,62,M,CASTELLANO
60112,CAJAMARCA,CAJAMARCA,SAN JUAN,PARTIDO APRISTA PERUANO,63,M,CASTELLANO
60112,CAJAMARCA,CAJAMARCA,SAN JUAN,PARTIDO POPULAR CRISTIANO - PPC,993,M,CASTELLANO
60202,CAJAMARCA,CAJABAMBA,CACHACHI,ACCION POPULAR,1700,M,CASTELLANO
60202,CAJAMARCA,CAJABAMBA,CACHACHI,ALIANZA PARA EL PROGRESO,129,M,CASTELLANO
60202,CAJAMARCA,CAJABAMBA,CACHACHI,CAJAMARCA SIEMPRE VERDE,651,M,CASTELLANO
60202,CAJAMARCA,CAJABAMBA,CACHACHI,FRENTE REGIONAL DE CAJAMARCA,535,M,CASTELLANO
60202,CAJAMARCA,CAJABAMBA,CACHACHI,FUERZA POPULAR,86,M,CASTELLANO
60202,CAJAMARCA,CAJABAMBA,CACHACHI,MOVIMIENTO INDEPENDIENTE DIALOGO SOCIAL,60,M,CASTELLANO
60202,CAJAMARCA,CAJABAMBA,CACHACHI,MOVIMIENTO REGIONAL FUERZA SOCIAL CAJAMARCA,1035,M,CASTELLANO
60202,CAJAMARCA,CAJABAMBA,CACHACHI,PARTIDO APRISTA PERUANO,2092,M,CASTELLANO
60202,CAJAMARCA,CAJABAMBA,CACHACHI,PARTIDO DEMOCRATICO SOMOS PERU,56,M,CASTELLANO
60203,CAJAMARCA,CAJABAMBA,CONDEBAMBA,ALIANZA PARA EL PROGRESO,331,M,CASTELLANO
60203,CAJAMARCA,CAJABAMBA,CONDEBAMBA,CAJAMARCA SIEMPRE VERDE,1054,M,CASTELLANO
60203,CAJAMARCA,CAJABAMBA,CONDEBAMBA,FRENTE REGIONAL DE CAJAMARCA,738,M,CASTELLANO
60203,CAJAMARCA,CAJABAMBA,CONDEBAMBA,FUERZA POPULAR,506,M,CASTELLANO
60203,CAJAMARCA,CAJABAMBA,CONDEBAMBA,GLORIABAMBA,942,M,CASTELLANO
60203,CAJAMARCA,CAJABAMBA,CONDEBAMBA,MOVIMIENTO DE AFIRMACION SOCIAL,388,M,CASTELLANO
60203,CAJAMARCA,CAJABAMBA,CONDEBAMBA,MOVIMIENTO INDEPENDIENTE DIALOGO SOCIAL,206,M,CASTELLANO
60203,CAJAMARCA,CAJABAMBA,CONDEBAMBA,MOVIMIENTO REGIONAL FUERZA SOCIAL CAJAMARCA,508,M,CASTELLANO
60203,CAJAMARCA,CAJABAMBA,CONDEBAMBA,PARTIDO APRISTA PERUANO,95,M,CASTELLANO
60205,CAJAMARCA,CAJABAMBA,SITACOCHA,CAJAMARCA SIEMPRE VERDE,508,M,CASTELLANO
60205,CAJAMARCA,CAJABAMBA,SITACOCHA,DEMOCRACIA DIRECTA,346,M,CASTELLANO
60205,CAJAMARCA,CAJABAMBA,SITACOCHA,GLORIABAMBA,932,M,CASTELLANO
60205,CAJAMARCA,CAJABAMBA,SITACOCHA,MOVIMIENTO DE AFIRMACION SOCIAL,935,M,CASTELLANO
60205,CAJAMARCA,CAJABAMBA,SITACOCHA,MOVIMIENTO REGIONAL FUERZA SOCIAL CAJAMARCA,59,M,CASTELLANO
60302,CAJAMARCA,CELENDIN,CORTEGANA,CAJAMARCA SIEMPRE VERDE,32,M,CASTELLANO
60302,CAJAMARCA,CELENDIN,CORTEGANA,FUERZA POPULAR,139,M,CASTELLANO
60302,CAJAMARCA,CELENDIN,CORTEGANA,MOVIMIENTO DE AFIRMACION SOCIAL,1210,M,CASTELLANO
60302,CAJAMARCA,CELENDIN,CORTEGANA,MOVIMIENTO INDEPENDIENTE DIALOGO SOCIAL,700,M,CASTELLANO
60302,CAJAMARCA,CELENDIN,CORTEGANA,MOVIMIENTO REGIONAL FUERZA SOCIAL CAJAMARCA,1416,M,CASTELLANO
60302,CAJAMARCA,CELENDIN,CORTEGANA,SOLIDARIDAD NACIONAL,43,M,CASTELLANO
60303,CAJAMARCA,CELENDIN,CHUMUCH,CAJAMARCA SIEMPRE VERDE,80,M,CASTELLANO
60303,CAJAMARCA,CELENDIN,CHUMUCH,"EL FRENTE AMPLIO POR JUSTICIA, VIDA Y LIBERTAD",24,M,CASTELLANO
60303,CAJAMARCA,CELENDIN,CHUMUCH,FRENTE REGIONAL DE CAJAMARCA,417,M,CASTELLANO
60303,CAJAMARCA,CELENDIN,CHUMUCH,FUERZA POPULAR,40,M,CASTELLANO
60303,CAJAMARCA,CELENDIN,CHUMUCH,MOVIMIENTO DE AFIRMACION SOCIAL,20,M,CASTELLANO
60303,CAJAMARCA,CELENDIN,CHUMUCH,MOVIMIENTO INDEPENDIENTE DIALOGO SOCIAL,461,M,CASTELLANO
60303,CAJAMARCA,CELENDIN,CHUMUCH,MOVIMIENTO REGIONAL FUERZA SOCIAL CAJAMARCA,14,M,CASTELLANO
60303,CAJAMARCA,CELENDIN,CHUMUCH,SOLIDARIDAD NACIONAL,459,M,CASTELLANO
60304,CAJAMARCA,CELENDIN,HUASMIN,CAJAMARCA SIEMPRE VERDE,2374,M,CASTELLANO
60304,CAJAMARCA,CELENDIN,HUASMIN,"EL FRENTE AMPLIO POR JUSTICIA, VIDA Y LIBERTAD",217,M,CASTELLANO
60304,CAJAMARCA,CELENDIN,HUASMIN,FUERZA POPULAR,29,M,CASTELLANO
60304,CAJAMARCA,CELENDIN,HUASMIN,MOVIMIENTO DE AFIRMACION SOCIAL,2832,M,CASTELLANO
60304,CAJAMARCA,CELENDIN,HUASMIN,MOVIMIENTO INDEPENDIENTE DIALOGO SOCIAL,186,M,CASTELLANO
60304,CAJAMARCA,CELENDIN,HUASMIN,MOVIMIENTO REGIONAL FUERZA SOCIAL CAJAMARCA,515,M,CASTELLANO
60304,CAJAMARCA,CELENDIN,HUASMIN,SOLIDARIDAD NACIONAL,17,M,CASTELLANO
60305,CAJAMARCA,CELENDIN,JORGE CHAVEZ,ACCION POPULAR,13,M,CASTELLANO
60305,CAJAMARCA,CELENDIN,JORGE CHAVEZ,CAJAMARCA SIEMPRE VERDE,163,M,CASTELLANO
60305,CAJAMARCA,CELENDIN,JORGE CHAVEZ,FUERZA POPULAR,8,M,CASTELLANO
60305,CAJAMARCA,CELENDIN,JORGE CHAVEZ,MOVIMIENTO DE AFIRMACION SOCIAL,139,M,CASTELLANO
60305,CAJAMARCA,CELENDIN,JORGE CHAVEZ,MOVIMIENTO INDEPENDIENTE DIALOGO SOCIAL,127,M,CASTELLANO
60306,CAJAMARCA,CELENDIN,JOSE GALVEZ,CAJAMARCA SIEMPRE VERDE,350,M,CASTELLANO
60306,CAJAMARCA,CELENDIN,JOSE GALVEZ,FRENTE REGIONAL DE CAJAMARCA,164,M,CASTELLANO
60306,CAJAMARCA,CELENDIN,JOSE GALVEZ,MOVIMIENTO DE AFIRMACION SOCIAL,859,M,CASTELLANO
60306,CAJAMARCA,CELENDIN,JOSE GALVEZ,MOVIMIENTO INDEPENDIENTE DIALOGO SOCIAL,255,M,CASTELLANO
60306,CAJAMARCA,CELENDIN,JOSE GALVEZ,SOLIDARIDAD NACIONAL,90,M,CASTELLANO
60307,CAJAMARCA,CELENDIN,MIGUEL IGLESIAS,ALIANZA PARA EL PROGRESO,20,M,CASTELLANO
60307,CAJAMARCA,CELENDIN,MIGUEL IGLESIAS,CAJAMARCA SIEMPRE VERDE,731,M,CASTELLANO
60307,CAJAMARCA,CELENDIN,MIGUEL IGLESIAS,FRENTE REGIONAL DE CAJAMARCA,603,M,CASTELLANO
60307,CAJAMARCA,CELENDIN,MIGUEL IGLESIAS,FUERZA POPULAR,55,M,CASTELLANO
60307,CAJAMARCA,CELENDIN,MIGUEL IGLESIAS,MOVIMIENTO DE AFIRMACION SOCIAL,620,M,CASTELLANO
60307,CAJAMARCA,CELENDIN,MIGUEL IGLESIAS,MOVIMIENTO INDEPENDIENTE DIALOGO SOCIAL,220,M,CASTELLANO
60307,CAJAMARCA,CELENDIN,MIGUEL IGLESIAS,SOLIDARIDAD NACIONAL,72,M,CASTELLANO
60308,CAJAMARCA,CELENDIN,OXAMARCA,CAJAMARCA SIEMPRE VERDE,228,M,CASTELLANO
60308,CAJAMARCA,CELENDIN,OXAMARCA,"EL FRENTE AMPLIO POR JUSTICIA, VIDA Y LIBERTAD",699,M,CASTELLANO
60308,CAJAMARCA,CELENDIN,OXAMARCA,FRENTE REGIONAL DE CAJAMARCA,305,M,CASTELLANO
60308,CAJAMARCA,CELENDIN,OXAMARCA,FUERZA POPULAR,9,M,CASTELLANO
60308,CAJAMARCA,CELENDIN,OXAMARCA,MOVIMIENTO DE AFIRMACION SOCIAL,924,M,CASTELLANO
60308,CAJAMARCA,CELENDIN,OXAMARCA,MOVIMIENTO INDEPENDIENTE DIALOGO SOCIAL,358,M,CASTELLANO
60308,CAJAMARCA,CELENDIN,OXAMARCA,MOVIMIENTO REGIONAL FUERZA SOCIAL CAJAMARCA,897,M,CASTELLANO
60309,CAJAMARCA,CELENDIN,SOROCHUCO,CAJAMARCA SIEMPRE VERDE,730,M,CASTELLANO
60309,CAJAMARCA,CELENDIN,SOROCHUCO,FRENTE REGIONAL DE CAJAMARCA,94,M,CASTELLANO
60309,CAJAMARCA,CELENDIN,SOROCHUCO,FUERZA POPULAR,51,M,CASTELLANO
60309,CAJAMARCA,CELENDIN,SOROCHUCO,MOVIMIENTO DE AFIRMACION SOCIAL,2855,M,CASTELLANO
60309,CAJAMARCA,CELENDIN,SOROCHUCO,MOVIMIENTO INDEPENDIENTE DIALOGO SOCIAL,1824,M,CASTELLANO
60309,CAJAMARCA,CELENDIN,SOROCHUCO,MOVIMIENTO REGIONAL FUERZA SOCIAL CAJAMARCA,120,M,CASTELLANO
60309,CAJAMARCA,CELENDIN,SOROCHUCO,SOLIDARIDAD NACIONAL,12,M,CASTELLANO
60310,CAJAMARCA,CELENDIN,SUCRE,ACCION POPULAR,747,M,CASTELLANO
60310,CAJAMARCA,CELENDIN,SUCRE,ALIANZA PARA EL PROGRESO,41,M,CASTELLANO
60310,CAJAMARCA,CELENDIN,SUCRE,CAJAMARCA SIEMPRE VERDE,144,M,CASTELLANO
60310,CAJAMARCA,CELENDIN,SUCRE,FRENTE REGIONAL DE CAJAMARCA,234,M,CASTELLANO
60310,CAJAMARCA,CELENDIN,SUCRE,FUERZA POPULAR,47,M,CASTELLANO
60310,CAJAMARCA,CELENDIN,SUCRE,MOVIMIENTO DE AFIRMACION SOCIAL,674,M,CASTELLANO
60310,CAJAMARCA,CELENDIN,SUCRE,MOVIMIENTO INDEPENDIENTE DIALOGO SOCIAL,404,M,CASTELLANO
60310,CAJAMARCA,CELENDIN,SUCRE,MOVIMIENTO REGIONAL FUERZA SOCIAL CAJAMARCA,400,M,CASTELLANO
60311,CAJAMARCA,CELENDIN,UTCO,ALIANZA PARA EL PROGRESO,24,M,CASTELLANO
60311,CAJAMARCA,CELENDIN,UTCO,CAJAMARCA SIEMPRE VERDE,48,M,CASTELLANO
60311,CAJAMARCA,CELENDIN,UTCO,"EL FRENTE AMPLIO POR JUSTICIA, VIDA Y LIBERTAD",51,M,CASTELLANO
60311,CAJAMARCA,CELENDIN,UTCO,FRENTE REGIONAL DE CAJAMARCA,62,M,CASTELLANO
60311,CAJAMARCA,CELENDIN,UTCO,FUERZA POPULAR,28,M,CASTELLANO
60311,CAJAMARCA,CELENDIN,UTCO,MOVIMIENTO DE AFIRMACION SOCIAL,191,M,CASTELLANO
60311,CAJAMARCA,CELENDIN,UTCO,MOVIMIENTO INDEPENDIENTE DIALOGO SOCIAL,163,M,CASTELLANO
60311,CAJAMARCA,CELENDIN,UTCO,MOVIMIENTO REGIONAL FUERZA SOCIAL CAJAMARCA,33,M,CASTELLANO
60311,CAJAMARCA,CELENDIN,UTCO,SOLIDARIDAD NACIONAL,72,M,CASTELLANO
60312,CAJAMARCA,CELENDIN,LA LIBERTAD DE PALLAN,CAJAMARCA SIEMPRE VERDE,766,M,CASTELLANO
60312,CAJAMARCA,CELENDIN,LA LIBERTAD DE PALLAN,"EL FRENTE AMPLIO POR JUSTICIA, VIDA Y LIBERTAD",13,M,CASTELLANO
60312,CAJAMARCA,CELENDIN,LA LIBERTAD DE PALLAN,FRENTE REGIONAL DE CAJAMARCA,1376,M,CASTELLANO
60312,CAJAMARCA,CELENDIN,LA LIBERTAD DE PALLAN,MOVIMIENTO DE AFIRMACION SOCIAL,1281,M,CASTELLANO
60312,CAJAMARCA,CELENDIN,LA LIBERTAD DE PALLAN,MOVIMIENTO INDEPENDIENTE DIALOGO SOCIAL,140,M,CASTELLANO
60312,CAJAMARCA,CELENDIN,LA LIBERTAD DE PALLAN,MOVIMIENTO REGIONAL FUERZA SOCIAL CAJAMARCA,166,M,CASTELLANO
60312,CAJAMARCA,CELENDIN,LA LIBERTAD DE PALLAN,SOLIDARIDAD NACIONAL,29,M,CASTELLANO
60403,CAJAMARCA,CONTUMAZA,CHILETE,ALIANZA PARA EL PROGRESO,817,M,CASTELLANO
60403,CAJAMARCA,CONTUMAZA,CHILETE,CAJAMARCA SIEMPRE VERDE,445,M,CASTELLANO
60403,CAJAMARCA,CONTUMAZA,CHILETE,FRENTE REGIONAL DE CAJAMARCA,174,M,CASTELLANO
60403,CAJAMARCA,CONTUMAZA,CHILETE,FUERZA POPULAR,158,M,CASTELLANO
60403,CAJAMARCA,CONTUMAZA,CHILETE,MOVIMIENTO DE AFIRMACION SOCIAL,111,M,CASTELLANO
60403,CAJAMARCA,CONTUMAZA,CHILETE,MOVIMIENTO INDEPENDIENTE DIALOGO SOCIAL,35,M,CASTELLANO
60403,CAJAMARCA,CONTUMAZA,CHILETE,PARTIDO APRISTA PERUANO,63,M,CASTELLANO
60404,CAJAMARCA,CONTUMAZA,GUZMANGO,ALIANZA PARA EL PROGRESO,99,M,CASTELLANO
60404,CAJAMARCA,CONTUMAZA,GUZMANGO,CAJAMARCA SIEMPRE VERDE,480,M,CASTELLANO
60404,CAJAMARCA,CONTUMAZA,GUZMANGO,FUERZA POPULAR,151,M,CASTELLANO
60404,CAJAMARCA,CONTUMAZA,GUZMANGO,MOVIMIENTO DE AFIRMACION SOCIAL,336,M,CASTELLANO
60404,CAJAMARCA,CONTUMAZA,GUZMANGO,MOVIMIENTO INDEPENDIENTE DIALOGO SOCIAL,126,M,CASTELLANO
60404,CAJAMARCA,CONTUMAZA,GUZMANGO,MOVIMIENTO REGIONAL FUERZA SOCIAL CAJAMARCA,110,M,CASTELLANO
60404,CAJAMARCA,CONTUMAZA,GUZMANGO,PARTIDO APRISTA PERUANO,190,M,CASTELLANO
60405,CAJAMARCA,CONTUMAZA,SAN BENITO,ACCION POPULAR,41,M,CASTELLANO
60405,CAJAMARCA,CONTUMAZA,SAN BENITO,ALIANZA PARA EL PROGRESO,263,M,CASTELLANO
60405,CAJAMARCA,CONTUMAZA,SAN BENITO,CAJAMARCA SIEMPRE VERDE,75,M,CASTELLANO
60405,CAJAMARCA,CONTUMAZA,SAN BENITO,FUERZA POPULAR,790,M,CASTELLANO
60405,CAJAMARCA,CONTUMAZA,SAN BENITO,MOVIMIENTO DE AFIRMACION SOCIAL,64,M,CASTELLANO
60405,CAJAMARCA,CONTUMAZA,SAN BENITO,MOVIMIENTO INDEPENDIENTE DIALOGO SOCIAL,52,M,CASTELLANO
60405,CAJAMARCA,CONTUMAZA,SAN BENITO,MOVIMIENTO REGIONAL FUERZA SOCIAL CAJAMARCA,436,M,CASTELLANO
60405,CAJAMARCA,CONTUMAZA,SAN BENITO,PARTIDO APRISTA PERUANO,102,M,CASTELLANO
60405,CAJAMARCA,CONTUMAZA,SAN BENITO,RESTAURACION NACIONAL,76,M,CASTELLANO
60406,CAJAMARCA,CONTUMAZA,CUPISNIQUE,ALIANZA PARA EL PROGRESO,112,M,CASTELLANO
60406,CAJAMARCA,CONTUMAZA,CUPISNIQUE,CAJAMARCA SIEMPRE VERDE,301,M,CASTELLANO
60406,CAJAMARCA,CONTUMAZA,CUPISNIQUE,FRENTE REGIONAL DE CAJAMARCA,185,M,CASTELLANO
60406,CAJAMARCA,CONTUMAZA,CUPISNIQUE,FUERZA POPULAR,348,M,CASTELLANO
60407,CAJAMARCA,CONTUMAZA,TANTARICA,ALIANZA PARA EL PROGRESO,359,M,CASTELLANO
60407,CAJAMARCA,CONTUMAZA,TANTARICA,CAJAMARCA SIEMPRE VERDE,698,M,CASTELLANO
60407,CAJAMARCA,CONTUMAZA,TANTARICA,FUERZA POPULAR,151,M,CASTELLANO
60407,CAJAMARCA,CONTUMAZA,TANTARICA,MOVIMIENTO DE AFIRMACION SOCIAL,63,M,CASTELLANO
60407,CAJAMARCA,CONTUMAZA,TANTARICA,MOVIMIENTO INDEPENDIENTE DIALOGO SOCIAL,4,M,CASTELLANO
60407,CAJAMARCA,CONTUMAZA,TANTARICA,PARTIDO APRISTA PERUANO,140,M,CASTELLANO
60408,CAJAMARCA,CONTUMAZA,YONAN,ALIANZA PARA EL PROGRESO,897,M,CASTELLANO
60408,CAJAMARCA,CONTUMAZA,YONAN,CAJAMARCA SIEMPRE VERDE,113,M,CASTELLANO
60408,CAJAMARCA,CONTUMAZA,YONAN,FRENTE REGIONAL DE CAJAMARCA,170,M,CASTELLANO
60408,CAJAMARCA,CONTUMAZA,YONAN,FUERZA POPULAR,1143,M,CASTELLANO
60408,CAJAMARCA,CONTUMAZA,YONAN,MOVIMIENTO DE AFIRMACION SOCIAL,119,M,CASTELLANO
60408,CAJAMARCA,CONTUMAZA,YONAN,MOVIMIENTO INDEPENDIENTE DIALOGO SOCIAL,79,M,CASTELLANO
60408,CAJAMARCA,CONTUMAZA,YONAN,MOVIMIENTO REGIONAL FUERZA SOCIAL CAJAMARCA,11,M,CASTELLANO
60408,CAJAMARCA,CONTUMAZA,YONAN,PARTIDO APRISTA PERUANO,1367,M,CASTELLANO
60409,CAJAMARCA,CONTUMAZA,SANTA CRUZ DE TOLED,ALIANZA PARA EL PROGRESO,21,M,CASTELLANO
60409,CAJAMARCA,CONTUMAZA,SANTA CRUZ DE TOLED,FRENTE REGIONAL DE CAJAMARCA,4,M,CASTELLANO
60409,CAJAMARCA,CONTUMAZA,SANTA CRUZ DE TOLED,FUERZA POPULAR,339,M,CASTELLANO
60409,CAJAMARCA,CONTUMAZA,SANTA CRUZ DE TOLED,MOVIMIENTO DE AFIRMACION SOCIAL,183,M,CASTELLANO
60409,CAJAMARCA,CONTUMAZA,SANTA CRUZ DE TOLED,UNION POR EL PERU,264,M,CASTELLANO
60502,CAJAMARCA,CUTERVO,CALLAYUC,ALIANZA PARA EL PROGRESO,29,M,CASTELLANO
60502,CAJAMARCA,CUTERVO,CALLAYUC,CAJAMARCA SIEMPRE VERDE,1525,M,CASTELLANO
60502,CAJAMARCA,CUTERVO,CALLAYUC,FRENTE REGIONAL DE CAJAMARCA,1480,M,CASTELLANO
60502,CAJAMARCA,CUTERVO,CALLAYUC,FUERZA POPULAR,54,M,CASTELLANO
60502,CAJAMARCA,CUTERVO,CALLAYUC,MOVIMIENTO DE AFIRMACION SOCIAL,270,M,CASTELLANO
60502,CAJAMARCA,CUTERVO,CALLAYUC,MOVIMIENTO INDEPENDIENTE DIALOGO SOCIAL,35,M,CASTELLANO
60502,CAJAMARCA,CUTERVO,CALLAYUC,MOVIMIENTO REGIONAL FUERZA SOCIAL CAJAMARCA,818,M,CASTELLANO
60503,CAJAMARCA,CUTERVO,CUJILLO,CAJAMARCA SIEMPRE VERDE,285,M,CASTELLANO
60503,CAJAMARCA,CUTERVO,CUJILLO,FRENTE REGIONAL DE CAJAMARCA,15,M,CASTELLANO
60503,CAJAMARCA,CUTERVO,CUJILLO,MOVIMIENTO DE AFIRMACION SOCIAL,676,M,CASTELLANO
60503,CAJAMARCA,CUTERVO,CUJILLO,MOVIMIENTO REGIONAL FUERZA SOCIAL CAJAMARCA,662,M,CASTELLANO
60504,CAJAMARCA,CUTERVO,CHOROS,CAJAMARCA SIEMPRE VERDE,481,M,CASTELLANO
60504,CAJAMARCA,CUTERVO,CHOROS,FRENTE REGIONAL DE CAJAMARCA,53,M,CASTELLANO
60504,CAJAMARCA,CUTERVO,CHOROS,FUERZA POPULAR,382,M,CASTELLANO
60504,CAJAMARCA,CUTERVO,CHOROS,MOVIMIENTO DE AFIRMACION SOCIAL,816,M,CASTELLANO
60504,CAJAMARCA,CUTERVO,CHOROS,MOVIMIENTO REGIONAL FUERZA SOCIAL CAJAMARCA,7,M,CASTELLANO
60505,CAJAMARCA,CUTERVO,LA RAMADA,CAJAMARCA SIEMPRE VERDE,401,M,CASTELLANO
60505,CAJAMARCA,CUTERVO,LA RAMADA,FRENTE REGIONAL DE CAJAMARCA,160,M,CASTELLANO
60505,CAJAMARCA,CUTERVO,LA RAMADA,MOVIMIENTO DE AFIRMACION SOCIAL,820,M,CASTELLANO
60505,CAJAMARCA,CUTERVO,LA RAMADA,MOVIMIENTO REGIONAL FUERZA SOCIAL CAJAMARCA,443,M,CASTELLANO
60506,CAJAMARCA,CUTERVO,PIMPINGOS,ALIANZA PARA EL PROGRESO,13,M,CASTELLANO
60506,CAJAMARCA,CUTERVO,PIMPINGOS,CAJAMARCA SIEMPRE VERDE,251,M,CASTELLANO
60506,CAJAMARCA,CUTERVO,PIMPINGOS,FRENTE REGIONAL DE CAJAMARCA,281,M,CASTELLANO
60506,CAJAMARCA,CUTERVO,PIMPINGOS,FUERZA POPULAR,33,M,CASTELLANO
60506,CAJAMARCA,CUTERVO,PIMPINGOS,MOVIMIENTO DE AFIRMACION SOCIAL,747,M,CASTELLANO
60506,CAJAMARCA,CUTERVO,PIMPINGOS,MOVIMIENTO INDEPENDIENTE DIALOGO SOCIAL,760,M,CASTELLANO
60506,CAJAMARCA,CUTERVO,PIMPINGOS,MOVIMIENTO REGIONAL FUERZA SOCIAL CAJAMARCA,432,M,CASTELLANO
60506,CAJAMARCA,CUTERVO,PIMPINGOS,PARTIDO APRISTA PERUANO,1,M,CASTELLANO
60506,CAJAMARCA,CUTERVO,PIMPINGOS,PERU PATRIA SEGURA,20,M,CASTELLANO
60506,CAJAMARCA,CUTERVO,PIMPINGOS,PERU POSIBLE,353,M,CASTELLANO
60507,CAJAMARCA,CUTERVO,QUEROCOTILLO,CAJAMARCA SIEMPRE VERDE,2266,M,CASTELLANO
60507,CAJAMARCA,CUTERVO,QUEROCOTILLO,FRENTE REGIONAL DE CAJAMARCA,2491,M,CASTELLANO
60507,CAJAMARCA,CUTERVO,QUEROCOTILLO,MOVIMIENTO DE AFIRMACION SOCIAL,1349,M,CASTELLANO
60507,CAJAMARCA,CUTERVO,QUEROCOTILLO,MOVIMIENTO INDEPENDIENTE DIALOGO SOCIAL,53,M,CASTELLANO
60507,CAJAMARCA,CUTERVO,QUEROCOTILLO,MOVIMIENTO REGIONAL FUERZA SOCIAL CAJAMARCA,21,M,CASTELLANO
60508,CAJAMARCA,CUTERVO,SAN ANDRES DE CUTERVO,ALIANZA PARA EL PROGRESO,68,M,CASTELLANO
60508,CAJAMARCA,CUTERVO,SAN ANDRES DE CUTERVO,CAJAMARCA SIEMPRE VERDE,262,M,CASTELLANO
60508,CAJAMARCA,CUTERVO,SAN ANDRES DE CUTERVO,FRENTE REGIONAL DE CAJAMARCA,6,M,CASTELLANO
60508,CAJAMARCA,CUTERVO,SAN ANDRES DE CUTERVO,FUERZA POPULAR,6,M,CASTELLANO
60508,CAJAMARCA,CUTERVO,SAN ANDRES DE CUTERVO,MOVIMIENTO DE AFIRMACION SOCIAL,1321,M,CASTELLANO
60508,CAJAMARCA,CUTERVO,SAN ANDRES DE CUTERVO,MOVIMIENTO REGIONAL FUERZA SOCIAL CAJAMARCA,1091,M,CASTELLANO
60508,CAJAMARCA,CUTERVO,SAN ANDRES DE CUTERVO,PARTIDO APRISTA PERUANO,0,M,CASTELLANO
60509,CAJAMARCA,CUTERVO,SAN JUAN DE CUTERVO,CAJAMARCA SIEMPRE VERDE,372,M,CASTELLANO
60509,CAJAMARCA,CUTERVO,SAN JUAN DE CUTERVO,MOVIMIENTO DE AFIRMACION SOCIAL,742,M,CASTELLANO
60509,CAJAMARCA,CUTERVO,SAN JUAN DE CUTERVO,MOVIMIENTO INDEPENDIENTE DIALOGO SOCIAL,341,M,CASTELLANO
60510,CAJAMARCA,CUTERVO,SAN LUIS DE LUCMA,CAJAMARCA SIEMPRE VERDE,703,M,CASTELLANO
60510,CAJAMARCA,CUTERVO,SAN LUIS DE LUCMA,FRENTE REGIONAL DE CAJAMARCA,314,M,CASTELLANO
60510,CAJAMARCA,CUTERVO,SAN LUIS DE LUCMA,MOVIMIENTO DE AFIRMACION SOCIAL,35,M,CASTELLANO
60510,CAJAMARCA,CUTERVO,SAN LUIS DE LUCMA,MOVIMIENTO INDEPENDIENTE DIALOGO SOCIAL,74,M,CASTELLANO
60510,CAJAMARCA,CUTERVO,SAN LUIS DE LUCMA,MOVIMIENTO REGIONAL FUERZA SOCIAL CAJAMARCA,862,M,CASTELLANO
60511,CAJAMARCA,CUTERVO,SANTA CRUZ,ACCION POPULAR,499,M,CASTELLANO
60511,CAJAMARCA,CUTERVO,SANTA CRUZ,CAJAMARCA SIEMPRE VERDE,400,M,CASTELLANO
60511,CAJAMARCA,CUTERVO,SANTA CRUZ,FRENTE REGIONAL DE CAJAMARCA,634,M,CASTELLANO
60511,CAJAMARCA,CUTERVO,SANTA CRUZ,FUERZA POPULAR,9,M,CASTELLANO
60511,CAJAMARCA,CUTERVO,SANTA CRUZ,MOVIMIENTO DE AFIRMACION SOCIAL,40,M,CASTELLANO
60511,CAJAMARCA,CUTERVO,SANTA CRUZ,MOVIMIENTO INDEPENDIENTE DIALOGO SOCIAL,9,M,CASTELLANO
60511,CAJAMARCA,CUTERVO,SANTA CRUZ,MOVIMIENTO REGIONAL FUERZA SOCIAL CAJAMARCA,34,M,CASTELLANO
60512,CAJAMARCA,CUTERVO,SANTO DOMINGO DE LA CAPILLA,ALIANZA PARA EL PROGRESO,18,M,CASTELLANO
60512,CAJAMARCA,CUTERVO,SANTO DOMINGO DE LA CAPILLA,CAJAMARCA SIEMPRE VERDE,1103,M,CASTELLANO
60512,CAJAMARCA,CUTERVO,SANTO DOMINGO DE LA CAPILLA,FRENTE REGIONAL DE CAJAMARCA,781,M,CASTELLANO
60512,CAJAMARCA,CUTERVO,SANTO DOMINGO DE LA CAPILLA,FUERZA POPULAR,56,M,CASTELLANO
60512,CAJAMARCA,CUTERVO,SANTO DOMINGO DE LA CAPILLA,MOVIMIENTO DE AFIRMACION SOCIAL,1241,M,CASTELLANO
60512,CAJAMARCA,CUTERVO,SANTO DOMINGO DE LA CAPILLA,MOVIMIENTO INDEPENDIENTE DIALOGO SOCIAL,159,M,CASTELLANO
60513,CAJAMARCA,CUTERVO,SANTO TOMAS,ALIANZA PARA EL PROGRESO,112,M,CASTELLANO
60513,CAJAMARCA,CUTERVO,SANTO TOMAS,CAJAMARCA SIEMPRE VERDE,324,M,CASTELLANO
60513,CAJAMARCA,CUTERVO,SANTO TOMAS,FRENTE REGIONAL DE CAJAMARCA,537,M,CASTELLANO
60513,CAJAMARCA,CUTERVO,SANTO TOMAS,MOVIMIENTO DE AFIRMACION SOCIAL,774,M,CASTELLANO
60513,CAJAMARCA,CUTERVO,SANTO TOMAS,MOVIMIENTO INDEPENDIENTE DIALOGO SOCIAL,652,M,CASTELLANO
60513,CAJAMARCA,CUTERVO,SANTO TOMAS,PARTIDO APRISTA PERUANO,1188,M,CASTELLANO
60514,CAJAMARCA,CUTERVO,SOCOTA,CAJAMARCA SIEMPRE VERDE,1527,M,CASTELLANO
60514,CAJAMARCA,CUTERVO,SOCOTA,FRENTE REGIONAL DE CAJAMARCA,219,M,CASTELLANO
60514,CAJAMARCA,CUTERVO,SOCOTA,FUERZA POPULAR,28,M,CASTELLANO
60514,CAJAMARCA,CUTERVO,SOCOTA,MOVIMIENTO DE AFIRMACION SOCIAL,1532,M,CASTELLANO
60514,CAJAMARCA,CUTERVO,SOCOTA,MOVIMIENTO REGIONAL FUERZA SOCIAL CAJAMARCA,1923,M,CASTELLANO
60515,CAJAMARCA,CUTERVO,TORIBIO CASANOVA,CAJAMARCA SIEMPRE VERDE,406,M,CASTELLANO
60515,CAJAMARCA,CUTERVO,TORIBIO CASANOVA,FRENTE REGIONAL DE CAJAMARCA,375,M,CASTELLANO
60515,CAJAMARCA,CUTERVO,TORIBIO CASANOVA,MOVIMIENTO REGIONAL FUERZA SOCIAL CAJAMARCA,4,M,CASTELLANO
60602,CAJAMARCA,CHOTA,ANGUIA,ALIANZA PARA EL PROGRESO,64,M,CASTELLANO
60602,CAJAMARCA,CHOTA,ANGUIA,FRENTE REGIONAL DE CAJAMARCA,1066,M,CASTELLANO
60602,CAJAMARCA,CHOTA,ANGUIA,FUERZA POPULAR,45,M,CASTELLANO
60602,CAJAMARCA,CHOTA,ANGUIA,MOVIMIENTO DE AFIRMACION SOCIAL,825,M,CASTELLANO
60603,CAJAMARCA,CHOTA,COCHABAMBA,ALIANZA PARA EL PROGRESO,683,M,CASTELLANO
60603,CAJAMARCA,CHOTA,COCHABAMBA,CAJAMARCA SIEMPRE VERDE,752,M,CASTELLANO
60603,CAJAMARCA,CHOTA,COCHABAMBA,FRENTE REGIONAL DE CAJAMARCA,744,M,CASTELLANO
60603,CAJAMARCA,CHOTA,COCHABAMBA,FUERZA POPULAR,357,M,CASTELLANO
60603,CAJAMARCA,CHOTA,COCHABAMBA,MOVIMIENTO DE AFIRMACION SOCIAL,400,M,CASTELLANO
60603,CAJAMARCA,CHOTA,COCHABAMBA,MOVIMIENTO INDEPENDIENTE DIALOGO SOCIAL,40,M,CASTELLANO
60603,CAJAMARCA,CHOTA,COCHABAMBA,MOVIMIENTO REGIONAL FUERZA SOCIAL CAJAMARCA,50,M,CASTELLANO
60603,CAJAMARCA,CHOTA,COCHABAMBA,PARTIDO APRISTA PERUANO,11,M,CASTELLANO
60604,CAJAMARCA,CHOTA,CONCHAN,ACCION POPULAR,16,M,CASTELLANO
60604,CAJAMARCA,CHOTA,CONCHAN,ALIANZA PARA EL PROGRESO,496,M,CASTELLANO
60604,CAJAMARCA,CHOTA,CONCHAN,CAJAMARCA SIEMPRE VERDE,743,M,CASTELLANO
60604,CAJAMARCA,CHOTA,CONCHAN,FRENTE REGIONAL DE CAJAMARCA,828,M,CASTELLANO
60604,CAJAMARCA,CHOTA,CONCHAN,FUERZA POPULAR,221,M,CASTELLANO
60604,CAJAMARCA,CHOTA,CONCHAN,MOVIMIENTO DE AFIRMACION SOCIAL,145,M,CASTELLANO
60604,CAJAMARCA,CHOTA,CONCHAN,MOVIMIENTO INDEPENDIENTE DIALOGO SOCIAL,1,M,CASTELLANO
60604,CAJAMARCA,CHOTA,CONCHAN,MOVIMIENTO PROGRESISTA DE LOS CAMPESINOS Y TRABAJADORES,117,M,CASTELLANO
60605,CAJAMARCA,CHOTA,CHADIN,ALIANZA PARA EL PROGRESO,497,M,CASTELLANO
60605,CAJAMARCA,CHOTA,CHADIN,CAJAMARCA SIEMPRE VERDE,566,M,CASTELLANO
60605,CAJAMARCA,CHOTA,CHADIN,FRENTE REGIONAL DE CAJAMARCA,718,M,CASTELLANO
60605,CAJAMARCA,CHOTA,CHADIN,MOVIMIENTO DE AFIRMACION SOCIAL,316,M,CASTELLANO
60605,CAJAMARCA,CHOTA,CHADIN,MOVIMIENTO INDEPENDIENTE DIALOGO SOCIAL,86,M,CASTELLANO
60606,CAJAMARCA,CHOTA,CHIGUIRIP,ALIANZA PARA EL PROGRESO,922,M,QUECHUA
60606,CAJAMARCA,CHOTA,CHIGUIRIP,CAJAMARCA SIEMPRE VERDE,50,M,QUECHUA
60606,CAJAMARCA,CHOTA,CHIGUIRIP,FRENTE REGIONAL DE CAJAMARCA,868,M,QUECHUA
60606,CAJAMARCA,CHOTA,CHIGUIRIP,MOVIMIENTO DE AFIRMACION SOCIAL,572,M,QUECHUA
60607,CAJAMARCA,CHOTA,CHIMBAN,CAJAMARCA SIEMPRE VERDE,111,M,CASTELLANO
60607,CAJAMARCA,CHOTA,CHIMBAN,FRENTE REGIONAL DE CAJAMARCA,561,M,CASTELLANO
60607,CAJAMARCA,CHOTA,CHIMBAN,MOVIMIENTO DE AFIRMACION SOCIAL,693,M,CASTELLANO
60608,CAJAMARCA,CHOTA,HUAMBOS,ACCION POPULAR,98,M,CASTELLANO
60608,CAJAMARCA,CHOTA,HUAMBOS,ALIANZA PARA EL PROGRESO,41,M,CASTELLANO
60608,CAJAMARCA,CHOTA,HUAMBOS,CAJAMARCA SIEMPRE VERDE,1171,M,CASTELLANO
60608,CAJAMARCA,CHOTA,HUAMBOS,FRENTE REGIONAL DE CAJAMARCA,569,M,CASTELLANO
60608,CAJAMARCA,CHOTA,HUAMBOS,FUERZA POPULAR,157,M,CASTELLANO
60608,CAJAMARCA,CHOTA,HUAMBOS,MOVIMIENTO DE AFIRMACION SOCIAL,1524,M,CASTELLANO
60608,CAJAMARCA,CHOTA,HUAMBOS,MOVIMIENTO INDEPENDIENTE DIALOGO SOCIAL,83,M,CASTELLANO
60608,CAJAMARCA,CHOTA,HUAMBOS,MOVIMIENTO REGIONAL FUERZA SOCIAL CAJAMARCA,824,M,CASTELLANO
60609,CAJAMARCA,CHOTA,LAJAS,ALIANZA PARA EL PROGRESO,96,M,CASTELLANO
60609,CAJAMARCA,CHOTA,LAJAS,CAJAMARCA SIEMPRE VERDE,164,M,CASTELLANO
60609,CAJAMARCA,CHOTA,LAJAS,FRENTE REGIONAL DE CAJAMARCA,1073,M,CASTELLANO
60609,CAJAMARCA,CHOTA,LAJAS,FUERZA POPULAR,654,M,CASTELLANO
60609,CAJAMARCA,CHOTA,LAJAS,MOVIMIENTO DE AFIRMACION SOCIAL,2802,M,CASTELLANO
60609,CAJAMARCA,CHOTA,LAJAS,MOVIMIENTO INDEPENDIENTE DIALOGO SOCIAL,1232,M,CASTELLANO
60609,CAJAMARCA,CHOTA,LAJAS,MOVIMIENTO POLITICO INDEPENDIENTE EMPRENDIENDO EL CAMBIO,815,M,CASTELLANO
60609,CAJAMARCA,CHOTA,LAJAS,MOVIMIENTO REGIONAL FUERZA SOCIAL CAJAMARCA,290,M,CASTELLANO
60609,CAJAMARCA,CHOTA,LAJAS,PARTIDO APRISTA PERUANO,119,M,CASTELLANO
60610,CAJAMARCA,CHOTA,LLAMA,ACCION POPULAR,1009,M,CASTELLANO
60610,CAJAMARCA,CHOTA,LLAMA,ALIANZA PARA EL PROGRESO,151,M,CASTELLANO
60610,CAJAMARCA,CHOTA,LLAMA,CAJAMARCA SIEMPRE VERDE,1180,M,CASTELLANO
60610,CAJAMARCA,CHOTA,LLAMA,FRENTE REGIONAL DE CAJAMARCA,956,M,CASTELLANO
60610,CAJAMARCA,CHOTA,LLAMA,FUERZA POPULAR,44,M,CASTELLANO
60610,CAJAMARCA,CHOTA,LLAMA,MOVIMIENTO DE AFIRMACION SOCIAL,144,M,CASTELLANO
60610,CAJAMARCA,CHOTA,LLAMA,MOVIMIENTO INDEPENDIENTE DIALOGO SOCIAL,53,M,CASTELLANO
60610,CAJAMARCA,CHOTA,LLAMA,MOVIMIENTO REGIONAL FUERZA SOCIAL CAJAMARCA,39,M,CASTELLANO
60610,CAJAMARCA,CHOTA,LLAMA,PARTIDO APRISTA PERUANO,33,M,CASTELLANO
60611,CAJAMARCA,CHOTA,MIRACOSTA,ACCION POPULAR,187,M,CASTELLANO
60611,CAJAMARCA,CHOTA,MIRACOSTA,ALIANZA PARA EL PROGRESO,24,M,CASTELLANO
60611,CAJAMARCA,CHOTA,MIRACOSTA,CAJAMARCA SIEMPRE VERDE,487,M,CASTELLANO
60611,CAJAMARCA,CHOTA,MIRACOSTA,FRENTE REGIONAL DE CAJAMARCA,322,M,CASTELLANO
60611,CAJAMARCA,CHOTA,MIRACOSTA,MOVIMIENTO DE AFIRMACION SOCIAL,463,M,CASTELLANO
60611,CAJAMARCA,CHOTA,MIRACOSTA,MOVIMIENTO REGIONAL FUERZA SOCIAL CAJAMARCA,423,M,CASTELLANO
60612,CAJAMARCA,CHOTA,PACCHA,ALIANZA PARA EL PROGRESO,0,M,CASTELLANO
60612,CAJAMARCA,CHOTA,PACCHA,FRENTE REGIONAL DE CAJAMARCA,0,M,CASTELLANO
60612,CAJAMARCA,CHOTA,PACCHA,MOVIMIENTO DE AFIRMACION SOCIAL,0,M,CASTELLANO
60612,CAJAMARCA,CHOTA,PACCHA,MOVIMIENTO INDEPENDIENTE DIALOGO SOCIAL,0,M,CASTELLANO
60613,CAJAMARCA,CHOTA,PION,ACCION POPULAR,441,M,CASTELLANO
60613,CAJAMARCA,CHOTA,PION,FRENTE REGIONAL DE CAJAMARCA,550,M,CASTELLANO
60614,CAJAMARCA,CHOTA,QUEROCOTO,ALIANZA PARA EL PROGRESO,2,M,CASTELLANO
60614,CAJAMARCA,CHOTA,QUEROCOTO,CAJAMARCA SIEMPRE VERDE,364,M,CASTELLANO
60614,CAJAMARCA,CHOTA,QUEROCOTO,FRENTE REGIONAL DE CAJAMARCA,1279,M,CASTELLANO
60614,CAJAMARCA,CHOTA,QUEROCOTO,MOVIMIENTO DE AFIRMACION SOCIAL,2319,M,CASTELLANO
60614,CAJAMARCA,CHOTA,QUEROCOTO,MOVIMIENTO INDEPENDIENTE DIALOGO SOCIAL,339,M,CASTELLANO
60614,CAJAMARCA,CHOTA,QUEROCOTO,MOVIMIENTO REGIONAL FUERZA SOCIAL CAJAMARCA,299,M,CASTELLANO
60615,CAJAMARCA,CHOTA,TACABAMBA,ALIANZA PARA EL PROGRESO,253,M,CASTELLANO
60615,CAJAMARCA,CHOTA,TACABAMBA,CAJAMARCA SIEMPRE VERDE,386,M,CASTELLANO
60615,CAJAMARCA,CHOTA,TACABAMBA,FRENTE REGIONAL DE CAJAMARCA,757,M,CASTELLANO
60615,CAJAMARCA,CHOTA,TACABAMBA,MOVIMIENTO DE AFIRMACION SOCIAL,2865,M,CASTELLANO
60615,CAJAMARCA,CHOTA,TACABAMBA,MOVIMIENTO POLITICO INDEPENDIENTE EMPRENDIENDO EL CAMBIO,1136,M,CASTELLANO
60615,CAJAMARCA,CHOTA,TACABAMBA,PARTIDO HUMANISTA PERUANO,2257,M,CASTELLANO
60616,CAJAMARCA,CHOTA,TOCMOCHE,ALIANZA PARA EL PROGRESO,381,F,CASTELLANO
60616,CAJAMARCA,CHOTA,TOCMOCHE,FRENTE REGIONAL DE CAJAMARCA,123,F,CASTELLANO
60616,CAJAMARCA,CHOTA,TOCMOCHE,MOVIMIENTO DE AFIRMACION SOCIAL,227,F,CASTELLANO
60617,CAJAMARCA,CHOTA,SAN JUAN DE LICUPIS,ALIANZA PARA EL PROGRESO,48,M,CASTELLANO
60617,CAJAMARCA,CHOTA,SAN JUAN DE LICUPIS,CAJAMARCA SIEMPRE VERDE,93,M,CASTELLANO
60617,CAJAMARCA,CHOTA,SAN JUAN DE LICUPIS,FRENTE REGIONAL DE CAJAMARCA,96,M,CASTELLANO
60617,CAJAMARCA,CHOTA,SAN JUAN DE LICUPIS,FUERZA POPULAR,190,M,CASTELLANO
60617,CAJAMARCA,CHOTA,SAN JUAN DE LICUPIS,MOVIMIENTO DE AFIRMACION SOCIAL,364,M,CASTELLANO
60618,CAJAMARCA,CHOTA,CHOROPAMPA,ALIANZA PARA EL PROGRESO,244,M,CASTELLANO
60618,CAJAMARCA,CHOTA,CHOROPAMPA,CAJAMARCA SIEMPRE VERDE,483,M,CASTELLANO
60618,CAJAMARCA,CHOTA,CHOROPAMPA,FRENTE REGIONAL DE CAJAMARCA,436,M,CASTELLANO
60618,CAJAMARCA,CHOTA,CHOROPAMPA,MOVIMIENTO DE AFIRMACION SOCIAL,323,M,CASTELLANO
60618,CAJAMARCA,CHOTA,CHOROPAMPA,MOVIMIENTO REGIONAL FUERZA SOCIAL CAJAMARCA,217,M,CASTELLANO
60619,CAJAMARCA,CHOTA,CHALAMARCA,ALIANZA PARA EL PROGRESO,1580,M,CASTELLANO
60619,CAJAMARCA,CHOTA,CHALAMARCA,FRENTE REGIONAL DE CAJAMARCA,1558,M,CASTELLANO
60619,CAJAMARCA,CHOTA,CHALAMARCA,MOVIMIENTO DE AFIRMACION SOCIAL,590,M,CASTELLANO
60619,CAJAMARCA,CHOTA,CHALAMARCA,MOVIMIENTO INDEPENDIENTE DIALOGO SOCIAL,1454,M,CASTELLANO
60619,CAJAMARCA,CHOTA,CHALAMARCA,PARTIDO APRISTA PERUANO,41,M,CASTELLANO
60702,CAJAMARCA,HUALGAYOC,CHUGUR,ALIANZA PARA EL PROGRESO,55,M,CASTELLANO
60702,CAJAMARCA,HUALGAYOC,CHUGUR,CAJAMARCA SIEMPRE VERDE,118,M,CASTELLANO
60702,CAJAMARCA,HUALGAYOC,CHUGUR,"EL FRENTE AMPLIO POR JUSTICIA, VIDA Y LIBERTAD",409,M,CASTELLANO
60702,CAJAMARCA,HUALGAYOC,CHUGUR,FRENTE REGIONAL DE CAJAMARCA,285,M,CASTELLANO
60702,CAJAMARCA,HUALGAYOC,CHUGUR,MOVIMIENTO DE AFIRMACION SOCIAL,840,M,CASTELLANO
60702,CAJAMARCA,HUALGAYOC,CHUGUR,MOVIMIENTO INDEPENDIENTE DIALOGO SOCIAL,320,M,CASTELLANO
60703,CAJAMARCA,HUALGAYOC,HUALGAYOC,ALIANZA PARA EL PROGRESO,76,M,CASTELLANO
60703,CAJAMARCA,HUALGAYOC,HUALGAYOC,CAJAMARCA SIEMPRE VERDE,67,M,CASTELLANO
60703,CAJAMARCA,HUALGAYOC,HUALGAYOC,DEMOCRACIA DIRECTA,1939,M,CASTELLANO
60703,CAJAMARCA,HUALGAYOC,HUALGAYOC,"EL FRENTE AMPLIO POR JUSTICIA, VIDA Y LIBERTAD",985,M,CASTELLANO
60703,CAJAMARCA,HUALGAYOC,HUALGAYOC,FRENTE REGIONAL DE CAJAMARCA,1430,M,CASTELLANO
60703,CAJAMARCA,HUALGAYOC,HUALGAYOC,FUERZA POPULAR,115,M,CASTELLANO
60703,CAJAMARCA,HUALGAYOC,HUALGAYOC,MOVIMIENTO DE AFIRMACION SOCIAL,552,M,CASTELLANO
60703,CAJAMARCA,HUALGAYOC,HUALGAYOC,MOVIMIENTO INDEPENDIENTE DIALOGO SOCIAL,1702,M,CASTELLANO
60703,CAJAMARCA,HUALGAYOC,HUALGAYOC,MOVIMIENTO REGIONAL FUERZA SOCIAL CAJAMARCA,177,M,CASTELLANO
60802,CAJAMARCA,JAEN,BELLAVISTA,ACCION POPULAR,773,M,CASTELLANO
60802,CAJAMARCA,JAEN,BELLAVISTA,ALIANZA PARA EL PROGRESO,196,M,CASTELLANO
60802,CAJAMARCA,JAEN,BELLAVISTA,CAJAMARCA SIEMPRE VERDE,1323,M,CASTELLANO
60802,CAJAMARCA,JAEN,BELLAVISTA,FRENTE REGIONAL DE CAJAMARCA,647,M,CASTELLANO
60802,CAJAMARCA,JAEN,BELLAVISTA,FUERZA POPULAR,555,M,CASTELLANO
60802,CAJAMARCA,JAEN,BELLAVISTA,MOVIMIENTO DE AFIRMACION SOCIAL,577,M,CASTELLANO
60802,CAJAMARCA,JAEN,BELLAVISTA,MOVIMIENTO INDEPENDIENTE DIALOGO SOCIAL,1047,M,CASTELLANO
60802,CAJAMARCA,JAEN,BELLAVISTA,MOVIMIENTO REGIONAL FUERZA SOCIAL CAJAMARCA,1838,M,CASTELLANO
60802,CAJAMARCA,JAEN,BELLAVISTA,PARTIDO APRISTA PERUANO,528,M,CASTELLANO
60803,CAJAMARCA,JAEN,COLASAY,ACCION POPULAR,1884,M,CASTELLANO
60803,CAJAMARCA,JAEN,COLASAY,ALIANZA PARA EL PROGRESO,67,M,CASTELLANO
60803,CAJAMARCA,JAEN,COLASAY,CAJAMARCA SIEMPRE VERDE,1575,M,CASTELLANO
60803,CAJAMARCA,JAEN,COLASAY,FRENTE REGIONAL DE CAJAMARCA,879,M,CASTELLANO
60803,CAJAMARCA,JAEN,COLASAY,FUERZA POPULAR,814,M,CASTELLANO
60803,CAJAMARCA,JAEN,COLASAY,MOVIMIENTO DE AFIRMACION SOCIAL,87,M,CASTELLANO
60803,CAJAMARCA,JAEN,COLASAY,MOVIMIENTO REGIONAL FUERZA SOCIAL CAJAMARCA,807,M,CASTELLANO
60804,CAJAMARCA,JAEN,CHONTALI,ACCION POPULAR,1474,M,CASTELLANO
60804,CAJAMARCA,JAEN,CHONTALI,ALIANZA PARA EL PROGRESO,65,M,CASTELLANO
60804,CAJAMARCA,JAEN,CHONTALI,CAJAMARCA SIEMPRE VERDE,1861,M,CASTELLANO
60804,CAJAMARCA,JAEN,CHONTALI,FRENTE REGIONAL DE CAJAMARCA,1814,M,CASTELLANO
60804,CAJAMARCA,JAEN,CHONTALI,FUERZA POPULAR,97,M,CASTELLANO
60805,CAJAMARCA,JAEN,POMAHUACA,ACCION POPULAR,1382,M,CASTELLANO
60805,CAJAMARCA,JAEN,POMAHUACA,ALIANZA PARA EL PROGRESO,88,M,CASTELLANO
60805,CAJAMARCA,JAEN,POMAHUACA,FRENTE REGIONAL DE CAJAMARCA,555,M,CASTELLANO
60805,CAJAMARCA,JAEN,POMAHUACA,MOVIMIENTO DE AFIRMACION SOCIAL,113,M,CASTELLANO
60805,CAJAMARCA,JAEN,POMAHUACA,MOVIMIENTO INDEPENDIENTE DIALOGO SOCIAL,1285,M,CASTELLANO
60805,CAJAMARCA,JAEN,POMAHUACA,MOVIMIENTO REGIONAL FUERZA SOCIAL CAJAMARCA,29,M,CASTELLANO
60805,CAJAMARCA,JAEN,POMAHUACA,PARTIDO APRISTA PERUANO,985,M,CASTELLANO
60806,CAJAMARCA,JAEN,PUCARA,ACCION POPULAR,241,M,CASTELLANO
60806,CAJAMARCA,JAEN,PUCARA,CAJAMARCA SIEMPRE VERDE,372,M,CASTELLANO
60806,CAJAMARCA,JAEN,PUCARA,FRENTE REGIONAL DE CAJAMARCA,259,M,CASTELLANO
60806,CAJAMARCA,JAEN,PUCARA,FUERZA POPULAR,8,M,CASTELLANO
60806,CAJAMARCA,JAEN,PUCARA,MOVIMIENTO DE AFIRMACION SOCIAL,39,M,CASTELLANO
60806,CAJAMARCA,JAEN,PUCARA,PARTIDO APRISTA PERUANO,59,M,CASTELLANO
60807,CAJAMARCA,JAEN,SALLIQUE,ACCION POPULAR,1431,M,CASTELLANO
60807,CAJAMARCA,JAEN,SALLIQUE,FRENTE REGIONAL DE CAJAMARCA,1169,M,CASTELLANO
60807,CAJAMARCA,JAEN,SALLIQUE,MOVIMIENTO DE AFIRMACION SOCIAL,988,M,CASTELLANO
60808,CAJAMARCA,JAEN,SAN FELIPE,ACCION POPULAR,87,M,CASTELLANO
60808,CAJAMARCA,JAEN,SAN FELIPE,ALIANZA PARA EL PROGRESO,333,M,CASTELLANO
60808,CAJAMARCA,JAEN,SAN FELIPE,CAJAMARCA SIEMPRE VERDE,708,M,CASTELLANO
60808,CAJAMARCA,JAEN,SAN FELIPE,"EL FRENTE AMPLIO POR JUSTICIA, VIDA Y LIBERTAD",19,M,CASTELLANO
60808,CAJAMARCA,JAEN,SAN FELIPE,FRENTE REGIONAL DE CAJAMARCA,812,M,CASTELLANO
60808,CAJAMARCA,JAEN,SAN FELIPE,FUERZA POPULAR,272,M,CASTELLANO
60808,CAJAMARCA,JAEN,SAN FELIPE,MOVIMIENTO INDEPENDIENTE DIALOGO SOCIAL,55,M,CASTELLANO
60808,CAJAMARCA,JAEN,SAN FELIPE,MOVIMIENTO REGIONAL FUERZA SOCIAL CAJAMARCA,274,M,CASTELLANO
60808,CAJAMARCA,JAEN,SAN FELIPE,PERU POSIBLE,115,M,CASTELLANO
60809,CAJAMARCA,JAEN,SAN JOSE DEL ALTO,ACCION POPULAR,311,M,CASTELLANO
60809,CAJAMARCA,JAEN,SAN JOSE DEL ALTO,FRENTE REGIONAL DE CAJAMARCA,1108,M,CASTELLANO
60809,CAJAMARCA,JAEN,SAN JOSE DEL ALTO,FUERZA POPULAR,452,M,CASTELLANO
60809,CAJAMARCA,JAEN,SAN JOSE DEL ALTO,MOVIMIENTO DE AFIRMACION SOCIAL,1581,M,CASTELLANO
60809,CAJAMARCA,JAEN,SAN JOSE DEL ALTO,MOVIMIENTO REGIONAL FUERZA SOCIAL CAJAMARCA,184,M,CASTELLANO
60810,CAJAMARCA,JAEN,SANTA ROSA,CAJAMARCA SIEMPRE VERDE,2459,M,CASTELLANO
60810,CAJAMARCA,JAEN,SANTA ROSA,FRENTE REGIONAL DE CAJAMARCA,1490,M,CASTELLANO
60810,CAJAMARCA,JAEN,SANTA ROSA,MOVIMIENTO INDEPENDIENTE DIALOGO SOCIAL,2199,M,CASTELLANO
60811,CAJAMARCA,JAEN,LAS PIRIAS,CAJAMARCA SIEMPRE VERDE,1383,M,CASTELLANO
60811,CAJAMARCA,JAEN,LAS PIRIAS,FRENTE REGIONAL DE CAJAMARCA,1249,M,CASTELLANO
60811,CAJAMARCA,JAEN,LAS PIRIAS,FUERZA POPULAR,1010,M,CASTELLANO
60812,CAJAMARCA,JAEN,HUABAL,ACCION POPULAR,526,M,CASTELLANO
60812,CAJAMARCA,JAEN,HUABAL,CAJAMARCA SIEMPRE VERDE,1497,M,CASTELLANO
60812,CAJAMARCA,JAEN,HUABAL,FRENTE REGIONAL DE CAJAMARCA,62,M,CASTELLANO
60812,CAJAMARCA,JAEN,HUABAL,FUERZA POPULAR,1674,M,CASTELLANO
60812,CAJAMARCA,JAEN,HUABAL,MOVIMIENTO INDEPENDIENTE DIALOGO SOCIAL,905,M,CASTELLANO
60812,CAJAMARCA,JAEN,HUABAL,MOVIMIENTO REGIONAL FUERZA SOCIAL CAJAMARCA,124,M,CASTELLANO
60812,CAJAMARCA,JAEN,HUABAL,PARTIDO APRISTA PERUANO,16,M,CASTELLANO
60902,CAJAMARCA,SANTA CRUZ,CATACHE,ALIANZA PARA EL PROGRESO,446,M,CASTELLANO
60902,CAJAMARCA,SANTA CRUZ,CATACHE,CAJAMARCA SIEMPRE VERDE,1390,M,CASTELLANO
60902,CAJAMARCA,SANTA CRUZ,CATACHE,FRENTE REGIONAL DE CAJAMARCA,703,M,CASTELLANO
60902,CAJAMARCA,SANTA CRUZ,CATACHE,FUERZA POPULAR,117,M,CASTELLANO
60902,CAJAMARCA,SANTA CRUZ,CATACHE,MOVIMIENTO DE AFIRMACION SOCIAL,1102,M,CASTELLANO
60902,CAJAMARCA,SANTA CRUZ,CATACHE,MOVIMIENTO INDEPENDIENTE DIALOGO SOCIAL,931,M,CASTELLANO
60902,CAJAMARCA,SANTA CRUZ,CATACHE,PARTIDO APRISTA PERUANO,7,M,CASTELLANO
60903,CAJAMARCA,SANTA CRUZ,CHANCAYBAÑOS,ALIANZA PARA EL PROGRESO,19,M,CASTELLANO
60903,CAJAMARCA,SANTA CRUZ,CHANCAYBAÑOS,CAJAMARCA SIEMPRE VERDE,915,M,CASTELLANO
60903,CAJAMARCA,SANTA CRUZ,CHANCAYBAÑOS,FRENTE REGIONAL DE CAJAMARCA,459,M,CASTELLANO
60903,CAJAMARCA,SANTA CRUZ,CHANCAYBAÑOS,FUERZA POPULAR,467,M,CASTELLANO
60903,CAJAMARCA,SANTA CRUZ,CHANCAYBAÑOS,MOVIMIENTO DE AFIRMACION SOCIAL,221,M,CASTELLANO
60903,CAJAMARCA,SANTA CRUZ,CHANCAYBAÑOS,MOVIMIENTO INDEPENDIENTE DIALOGO SOCIAL,682,M,CASTELLANO
60904,CAJAMARCA,SANTA CRUZ,LA ESPERANZA,CAJAMARCA SIEMPRE VERDE,529,M,CASTELLANO
60904,CAJAMARCA,SANTA CRUZ,LA ESPERANZA,FRENTE REGIONAL DE CAJAMARCA,392,M,CASTELLANO
60904,CAJAMARCA,SANTA CRUZ,LA ESPERANZA,FUERZA POPULAR,385,M,CASTELLANO
60904,CAJAMARCA,SANTA CRUZ,LA ESPERANZA,MOVIMIENTO DE AFIRMACION SOCIAL,79,M,CASTELLANO
60904,CAJAMARCA,SANTA CRUZ,LA ESPERANZA,MOVIMIENTO INDEPENDIENTE DIALOGO SOCIAL,577,M,CASTELLANO
60905,CAJAMARCA,SANTA CRUZ,NINABAMBA,ALIANZA PARA EL PROGRESO,74,M,CASTELLANO
60905,CAJAMARCA,SANTA CRUZ,NINABAMBA,CAJAMARCA SIEMPRE VERDE,499,M,CASTELLANO
60905,CAJAMARCA,SANTA CRUZ,NINABAMBA,FRENTE REGIONAL DE CAJAMARCA,90,M,CASTELLANO
60905,CAJAMARCA,SANTA CRUZ,NINABAMBA,FUERZA POPULAR,47,M,CASTELLANO
60905,CAJAMARCA,SANTA CRUZ,NINABAMBA,MOVIMIENTO DE AFIRMACION SOCIAL,501,M,CASTELLANO
60905,CAJAMARCA,SANTA CRUZ,NINABAMBA,MOVIMIENTO INDEPENDIENTE DIALOGO SOCIAL,769,M,CASTELLANO
60906,CAJAMARCA,SANTA CRUZ,PULAN,ACCION POPULAR,22,M,CASTELLANO
60906,CAJAMARCA,SANTA CRUZ,PULAN,ALIANZA PARA EL PROGRESO,215,M,CASTELLANO
60906,CAJAMARCA,SANTA CRUZ,PULAN,CAJAMARCA SIEMPRE VERDE,379,M,CASTELLANO
60906,CAJAMARCA,SANTA CRUZ,PULAN,FRENTE REGIONAL DE CAJAMARCA,223,M,CASTELLANO
60906,CAJAMARCA,SANTA CRUZ,PULAN,FUERZA POPULAR,380,M,CASTELLANO
60906,CAJAMARCA,SANTA CRUZ,PULAN,LUCHEMOS POR CAJAMARCA,434,M,CASTELLANO
60906,CAJAMARCA,SANTA CRUZ,PULAN,MOVIMIENTO DE AFIRMACION SOCIAL,193,M,CASTELLANO
60906,CAJAMARCA,SANTA CRUZ,PULAN,MOVIMIENTO INDEPENDIENTE DIALOGO SOCIAL,539,M,CASTELLANO
60906,CAJAMARCA,SANTA CRUZ,PULAN,MOVIMIENTO POLITICO INDEPENDIENTE EMPRENDIENDO EL CAMBIO,125,M,CASTELLANO
60907,CAJAMARCA,SANTA CRUZ,SEXI,CAJAMARCA SIEMPRE VERDE,137,M,CASTELLANO
60907,CAJAMARCA,SANTA CRUZ,SEXI,FRENTE REGIONAL DE CAJAMARCA,145,M,CASTELLANO
60907,CAJAMARCA,SANTA CRUZ,SEXI,FUERZA POPULAR,39,M,CASTELLANO
60907,CAJAMARCA,SANTA CRUZ,SEXI,MOVIMIENTO INDEPENDIENTE DIALOGO SOCIAL,38,M,CASTELLANO
60908,CAJAMARCA,SANTA CRUZ,UTICYACU,MOVIMIENTO INDEPENDIENTE DIALOGO SOCIAL,507,M,CASTELLANO
60908,CAJAMARCA,SANTA CRUZ,UTICYACU,PARTIDO APRISTA PERUANO,284,M,CASTELLANO
60909,CAJAMARCA,SANTA CRUZ,YAUYUCAN,ALIANZA PARA EL PROGRESO,125,M,CASTELLANO
60909,CAJAMARCA,SANTA CRUZ,YAUYUCAN,CAJAMARCA SIEMPRE VERDE,723,M,CASTELLANO
60909,CAJAMARCA,SANTA CRUZ,YAUYUCAN,FRENTE REGIONAL DE CAJAMARCA,30,M,CASTELLANO
60909,CAJAMARCA,SANTA CRUZ,YAUYUCAN,FUERZA POPULAR,3,M,CASTELLANO
60909,CAJAMARCA,SANTA CRUZ,YAUYUCAN,MOVIMIENTO INDEPENDIENTE DIALOGO SOCIAL,1106,M,CASTELLANO
60910,CAJAMARCA,SANTA CRUZ,ANDABAMBA,CAJAMARCA SIEMPRE VERDE,258,M,CASTELLANO
60910,CAJAMARCA,SANTA CRUZ,ANDABAMBA,FRENTE REGIONAL DE CAJAMARCA,96,M,CASTELLANO
60910,CAJAMARCA,SANTA CRUZ,ANDABAMBA,MOVIMIENTO INDEPENDIENTE DIALOGO SOCIAL,289,M,CASTELLANO
60911,CAJAMARCA,SANTA CRUZ,SAUCEPAMPA,CAJAMARCA SIEMPRE VERDE,417,M,CASTELLANO
60911,CAJAMARCA,SANTA CRUZ,SAUCEPAMPA,FRENTE REGIONAL DE CAJAMARCA,399,M,CASTELLANO
60911,CAJAMARCA,SANTA CRUZ,SAUCEPAMPA,MOVIMIENTO INDEPENDIENTE DIALOGO SOCIAL,436,M,CASTELLANO
60911,CAJAMARCA,SANTA CRUZ,SAUCEPAMPA,MOVIMIENTO POLITICO INDEPENDIENTE EMPRENDIENDO EL CAMBIO,368,M,CASTELLANO
61002,CAJAMARCA,SAN MIGUEL,CALQUIS,CAJAMARCA SIEMPRE VERDE,202,M,CASTELLANO
61002,CAJAMARCA,SAN MIGUEL,CALQUIS,FUERZA POPULAR,0,M,CASTELLANO
61002,CAJAMARCA,SAN MIGUEL,CALQUIS,MOVIMIENTO DE AFIRMACION SOCIAL,16,M,CASTELLANO
61002,CAJAMARCA,SAN MIGUEL,CALQUIS,MOVIMIENTO INDEPENDIENTE DIALOGO SOCIAL,136,M,CASTELLANO
61002,CAJAMARCA,SAN MIGUEL,CALQUIS,MOVIMIENTO REGIONAL FUERZA SOCIAL CAJAMARCA,108,M,CASTELLANO
61003,CAJAMARCA,SAN MIGUEL,LA FLORIDA,CAJAMARCA SIEMPRE VERDE,159,M,CASTELLANO
61003,CAJAMARCA,SAN MIGUEL,LA FLORIDA,FRENTE REGIONAL DE CAJAMARCA,6,M,CASTELLANO
61003,CAJAMARCA,SAN MIGUEL,LA FLORIDA,MOVIMIENTO DE AFIRMACION SOCIAL,464,M,CASTELLANO
61003,CAJAMARCA,SAN MIGUEL,LA FLORIDA,MOVIMIENTO INDEPENDIENTE DIALOGO SOCIAL,377,M,CASTELLANO
61003,CAJAMARCA,SAN MIGUEL,LA FLORIDA,MOVIMIENTO REGIONAL FUERZA SOCIAL CAJAMARCA,393,M,CASTELLANO
61004,CAJAMARCA,SAN MIGUEL,LLAPA,CAJAMARCA SIEMPRE VERDE,0,M,CASTELLANO
61004,CAJAMARCA,SAN MIGUEL,LLAPA,FRENTE REGIONAL DE CAJAMARCA,0,M,CASTELLANO
61004,CAJAMARCA,SAN MIGUEL,LLAPA,FUERZA POPULAR,0,M,CASTELLANO
61004,CAJAMARCA,SAN MIGUEL,LLAPA,LUCHEMOS POR CAJAMARCA,0,M,CASTELLANO
61004,CAJAMARCA,SAN MIGUEL,LLAPA,MOVIMIENTO DE AFIRMACION SOCIAL,0,M,CASTELLANO
61004,CAJAMARCA,SAN MIGUEL,LLAPA,MOVIMIENTO INDEPENDIENTE DIALOGO SOCIAL,0,M,CASTELLANO
61004,CAJAMARCA,SAN MIGUEL,LLAPA,MOVIMIENTO REGIONAL FUERZA SOCIAL CAJAMARCA,0,M,CASTELLANO
61004,CAJAMARCA,SAN MIGUEL,LLAPA,PARTIDO APRISTA PERUANO,0,M,CASTELLANO
61005,CAJAMARCA,SAN MIGUEL,NANCHOC,CAJAMARCA SIEMPRE VERDE,213,F,CASTELLANO
61005,CAJAMARCA,SAN MIGUEL,NANCHOC,FRENTE REGIONAL DE CAJAMARCA,69,F,CASTELLANO
61005,CAJAMARCA,SAN MIGUEL,NANCHOC,FUERZA POPULAR,286,F,CASTELLANO
61005,CAJAMARCA,SAN MIGUEL,NANCHOC,MOVIMIENTO DE AFIRMACION SOCIAL,384,F,CASTELLANO
61005,CAJAMARCA,SAN MIGUEL,NANCHOC,MOVIMIENTO INDEPENDIENTE DIALOGO SOCIAL,27,F,CASTELLANO
61005,CAJAMARCA,SAN MIGUEL,NANCHOC,MOVIMIENTO REGIONAL FUERZA SOCIAL CAJAMARCA,75,F,CASTELLANO
61006,CAJAMARCA,SAN MIGUEL,NIEPOS,CAJAMARCA SIEMPRE VERDE,537,M,CASTELLANO
61006,CAJAMARCA,SAN MIGUEL,NIEPOS,FRENTE REGIONAL DE CAJAMARCA,235,M,CASTELLANO
61006,CAJAMARCA,SAN MIGUEL,NIEPOS,FUERZA POPULAR,398,M,CASTELLANO
61006,CAJAMARCA,SAN MIGUEL,NIEPOS,MOVIMIENTO DE AFIRMACION SOCIAL,126,M,CASTELLANO
61006,CAJAMARCA,SAN MIGUEL,NIEPOS,MOVIMIENTO INDEPENDIENTE DIALOGO SOCIAL,480,M,CASTELLANO
61006,CAJAMARCA,SAN MIGUEL,NIEPOS,MOVIMIENTO REGIONAL FUERZA SOCIAL CAJAMARCA,86,M,CASTELLANO
61007,CAJAMARCA,SAN MIGUEL,SAN GREGORIO,ALIANZA PARA EL PROGRESO,45,M,CASTELLANO
61007,CAJAMARCA,SAN MIGUEL,SAN GREGORIO,CAJAMARCA SIEMPRE VERDE,74,M,CASTELLANO
61007,CAJAMARCA,SAN MIGUEL,SAN GREGORIO,FUERZA POPULAR,49,M,CASTELLANO
61007,CAJAMARCA,SAN MIGUEL,SAN GREGORIO,MOVIMIENTO DE AFIRMACION SOCIAL,160,M,CASTELLANO
61007,CAJAMARCA,SAN MIGUEL,SAN GREGORIO,MOVIMIENTO INDEPENDIENTE DIALOGO SOCIAL,34,M,CASTELLANO
61007,CAJAMARCA,SAN MIGUEL,SAN GREGORIO,MOVIMIENTO REGIONAL FUERZA SOCIAL CAJAMARCA,17,M,CASTELLANO
61007,CAJAMARCA,SAN MIGUEL,SAN GREGORIO,PARTIDO APRISTA PERUANO,5,M,CASTELLANO
61008,CAJAMARCA,SAN MIGUEL,SAN SILVESTRE DE COCHAN,ALIANZA PARA EL PROGRESO,49,M,CASTELLANO
61008,CAJAMARCA,SAN MIGUEL,SAN SILVESTRE DE COCHAN,CAJAMARCA SIEMPRE VERDE,467,M,CASTELLANO
61008,CAJAMARCA,SAN MIGUEL,SAN SILVESTRE DE COCHAN,DEMOCRACIA DIRECTA,13,M,CASTELLANO
61008,CAJAMARCA,SAN MIGUEL,SAN SILVESTRE DE COCHAN,FRENTE REGIONAL DE CAJAMARCA,35,M,CASTELLANO
61008,CAJAMARCA,SAN MIGUEL,SAN SILVESTRE DE COCHAN,FUERZA POPULAR,247,M,CASTELLANO
61008,CAJAMARCA,SAN MIGUEL,SAN SILVESTRE DE COCHAN,MOVIMIENTO DE AFIRMACION SOCIAL,110,M,CASTELLANO
61008,CAJAMARCA,SAN MIGUEL,SAN SILVESTRE DE COCHAN,MOVIMIENTO REGIONAL FUERZA SOCIAL CAJAMARCA,728,M,CASTELLANO
61008,CAJAMARCA,SAN MIGUEL,SAN SILVESTRE DE COCHAN,PARTIDO APRISTA PERUANO,320,M,CASTELLANO
61009,CAJAMARCA,SAN MIGUEL,EL PRADO,ALIANZA PARA EL PROGRESO,64,M,CASTELLANO
61009,CAJAMARCA,SAN MIGUEL,EL PRADO,CAJAMARCA SIEMPRE VERDE,750,M,CASTELLANO
61009,CAJAMARCA,SAN MIGUEL,EL PRADO,FRENTE REGIONAL DE CAJAMARCA,79,M,CASTELLANO
61009,CAJAMARCA,SAN MIGUEL,EL PRADO,FUERZA POPULAR,30,M,CASTELLANO
61009,CAJAMARCA,SAN MIGUEL,EL PRADO,MOVIMIENTO DE AFIRMACION SOCIAL,502,M,CASTELLANO
61009,CAJAMARCA,SAN MIGUEL,EL PRADO,MOVIMIENTO INDEPENDIENTE DIALOGO SOCIAL,310,M,CASTELLANO
61009,CAJAMARCA,SAN MIGUEL,EL PRADO,MOVIMIENTO REGIONAL FUERZA SOCIAL CAJAMARCA,480,M,CASTELLANO
61009,CAJAMARCA,SAN MIGUEL,EL PRADO,PARTIDO APRISTA PERUANO,75,M,CASTELLANO
61009,CAJAMARCA,SAN MIGUEL,EL PRADO,PARTIDO DEMOCRATICO SOMOS PERU,26,M,CASTELLANO
61010,CAJAMARCA,SAN MIGUEL,UNION AGUA BLANCA,ALIANZA PARA EL PROGRESO,244,M,CASTELLANO
61010,CAJAMARCA,SAN MIGUEL,UNION AGUA BLANCA,CAJAMARCA SIEMPRE VERDE,46,M,CASTELLANO
61010,CAJAMARCA,SAN MIGUEL,UNION AGUA BLANCA,FRENTE REGIONAL DE CAJAMARCA,496,M,CASTELLANO
61010,CAJAMARCA,SAN MIGUEL,UNION AGUA BLANCA,FUERZA POPULAR,75,M,CASTELLANO
61010,CAJAMARCA,SAN MIGUEL,UNION AGUA BLANCA,LUCHEMOS POR CAJAMARCA,8,M,CASTELLANO
61010,CAJAMARCA,SAN MIGUEL,UNION AGUA BLANCA,MOVIMIENTO DE AFIRMACION SOCIAL,294,M,CASTELLANO
61010,CAJAMARCA,SAN MIGUEL,UNION AGUA BLANCA,MOVIMIENTO INDEPENDIENTE DIALOGO SOCIAL,11,M,CASTELLANO
61010,CAJAMARCA,SAN MIGUEL,UNION AGUA BLANCA,MOVIMIENTO REGIONAL FUERZA SOCIAL CAJAMARCA,472,M,CASTELLANO
61010,CAJAMARCA,SAN MIGUEL,UNION AGUA BLANCA,PARTIDO APRISTA PERUANO,368,M,CASTELLANO
61011,CAJAMARCA,SAN MIGUEL,TONGOD,CAJAMARCA SIEMPRE VERDE,0,M,CASTELLANO
61011,CAJAMARCA,SAN MIGUEL,TONGOD,FUERZA POPULAR,0,M,CASTELLANO
61011,CAJAMARCA,SAN MIGUEL,TONGOD,MOVIMIENTO DE AFIRMACION SOCIAL,0,M,CASTELLANO
61011,CAJAMARCA,SAN MIGUEL,TONGOD,MOVIMIENTO INDEPENDIENTE DIALOGO SOCIAL,0,M,CASTELLANO
61011,CAJAMARCA,SAN MIGUEL,TONGOD,MOVIMIENTO REGIONAL FUERZA SOCIAL CAJAMARCA,0,M,CASTELLANO
61012,CAJAMARCA,SAN MIGUEL,CATILLUC,CAJAMARCA SIEMPRE VERDE,418,M,CASTELLANO
61012,CAJAMARCA,SAN MIGUEL,CATILLUC,FUERZA POPULAR,163,M,CASTELLANO
61012,CAJAMARCA,SAN MIGUEL,CATILLUC,MOVIMIENTO DE AFIRMACION SOCIAL,528,M,CASTELLANO
61012,CAJAMARCA,SAN MIGUEL,CATILLUC,MOVIMIENTO INDEPENDIENTE DIALOGO SOCIAL,178,M,CASTELLANO
61012,CAJAMARCA,SAN MIGUEL,CATILLUC,MOVIMIENTO REGIONAL FUERZA SOCIAL CAJAMARCA,722,M,CASTELLANO
61013,CAJAMARCA,SAN MIGUEL,BOLIVAR,FRENTE REGIONAL DE CAJAMARCA,14,M,CASTELLANO
61013,CAJAMARCA,SAN MIGUEL,BOLIVAR,FUERZA POPULAR,274,M,CASTELLANO
61013,CAJAMARCA,SAN MIGUEL,BOLIVAR,MOVIMIENTO DE AFIRMACION SOCIAL,92,M,CASTELLANO
61013,CAJAMARCA,SAN MIGUEL,BOLIVAR,MOVIMIENTO INDEPENDIENTE DIALOGO SOCIAL,314,M,CASTELLANO
61013,CAJAMARCA,SAN MIGUEL,BOLIVAR,MOVIMIENTO REGIONAL FUERZA SOCIAL CAJAMARCA,210,M,CASTELLANO
61102,CAJAMARCA,SAN IGNACIO,CHIRINOS,ACCION POPULAR,1665,M,CASTELLANO
61102,CAJAMARCA,SAN IGNACIO,CHIRINOS,ALIANZA PARA EL PROGRESO,668,M,CASTELLANO
61102,CAJAMARCA,SAN IGNACIO,CHIRINOS,CAJAMARCA SIEMPRE VERDE,162,M,CASTELLANO
61102,CAJAMARCA,SAN IGNACIO,CHIRINOS,FUERZA POPULAR,142,M,CASTELLANO
61102,CAJAMARCA,SAN IGNACIO,CHIRINOS,MOVIMIENTO INDEPENDIENTE DIALOGO SOCIAL,109,M,CASTELLANO
61102,CAJAMARCA,SAN IGNACIO,CHIRINOS,MOVIMIENTO REGIONAL FUERZA SOCIAL CAJAMARCA,2169,M,CASTELLANO
61102,CAJAMARCA,SAN IGNACIO,CHIRINOS,ORGANIZACION POLITICA LOCAL FUERZA CAMPESINA,2170,M,CASTELLANO
61103,CAJAMARCA,SAN IGNACIO,HUARANGO,ACCION POPULAR,2980,M,CASTELLANO
61103,CAJAMARCA,SAN IGNACIO,HUARANGO,CAJAMARCA SIEMPRE VERDE,1543,M,CASTELLANO
61103,CAJAMARCA,SAN IGNACIO,HUARANGO,MOVIMIENTO INDEPENDIENTE DIALOGO SOCIAL,2593,M,CASTELLANO
61103,CAJAMARCA,SAN IGNACIO,HUARANGO,MOVIMIENTO REGIONAL FUERZA SOCIAL CAJAMARCA,2812,M,CASTELLANO
61103,CAJAMARCA,SAN IGNACIO,HUARANGO,ORGANIZACION POLITICA LOCAL FUERZA CAMPESINA,307,M,CASTELLANO
61104,CAJAMARCA,SAN IGNACIO,NAMBALLE,ACCION POPULAR,1108,M,CASTELLANO
61104,CAJAMARCA,SAN IGNACIO,NAMBALLE,CAJAMARCA SIEMPRE VERDE,123,M,CASTELLANO
61104,CAJAMARCA,SAN IGNACIO,NAMBALLE,FRENTE REGIONAL DE CAJAMARCA,68,M,CASTELLANO
61104,CAJAMARCA,SAN IGNACIO,NAMBALLE,FUERZA POPULAR,10,M,CASTELLANO
61104,CAJAMARCA,SAN IGNACIO,NAMBALLE,MOVIMIENTO INDEPENDIENTE DIALOGO SOCIAL,1422,M,CASTELLANO
61104,CAJAMARCA,SAN IGNACIO,NAMBALLE,MOVIMIENTO REGIONAL FUERZA SOCIAL CAJAMARCA,1415,M,CASTELLANO
61104,CAJAMARCA,SAN IGNACIO,NAMBALLE,ORGANIZACION POLITICA LOCAL FUERZA CAMPESINA,267,M,CASTELLANO
61105,CAJAMARCA,SAN IGNACIO,LA COIPA,ACCION POPULAR,363,M,CASTELLANO
61105,CAJAMARCA,SAN IGNACIO,LA COIPA,CAJAMARCA SIEMPRE VERDE,143,M,CASTELLANO
61105,CAJAMARCA,SAN IGNACIO,LA COIPA,FRENTE REGIONAL DE CAJAMARCA,2928,M,CASTELLANO
61105,CAJAMARCA,SAN IGNACIO,LA COIPA,FUERZA POPULAR,32,M,CASTELLANO
61105,CAJAMARCA,SAN IGNACIO,LA COIPA,MOVIMIENTO INDEPENDIENTE DIALOGO SOCIAL,92,M,CASTELLANO
61105,CAJAMARCA,SAN IGNACIO,LA COIPA,MOVIMIENTO REGIONAL FUERZA SOCIAL CAJAMARCA,2038,M,CASTELLANO
61105,CAJAMARCA,SAN IGNACIO,LA COIPA,ORGANIZACION POLITICA LOCAL FUERZA CAMPESINA,4027,M,CASTELLANO
61106,CAJAMARCA,SAN IGNACIO,SAN JOSE DE LOURDES,ACCION POPULAR,2175,M,CASTELLANO
61106,CAJAMARCA,SAN IGNACIO,SAN JOSE DE LOURDES,ALIANZA PARA EL PROGRESO,710,M,CASTELLANO
61106,CAJAMARCA,SAN IGNACIO,SAN JOSE DE LOURDES,CAJAMARCA SIEMPRE VERDE,1358,M,CASTELLANO
61106,CAJAMARCA,SAN IGNACIO,SAN JOSE DE LOURDES,FRENTE REGIONAL DE CAJAMARCA,101,M,CASTELLANO
61106,CAJAMARCA,SAN IGNACIO,SAN JOSE DE LOURDES,FUERZA POPULAR,332,M,CASTELLANO
61106,CAJAMARCA,SAN IGNACIO,SAN JOSE DE LOURDES,MOVIMIENTO INDEPENDIENTE DIALOGO SOCIAL,1966,M,CASTELLANO
61106,CAJAMARCA,SAN IGNACIO,SAN JOSE DE LOURDES,MOVIMIENTO POLITICO INDEPENDIENTE EMPRENDIENDO EL CAMBIO,33,M,CASTELLANO
61106,CAJAMARCA,SAN IGNACIO,SAN JOSE DE LOURDES,MOVIMIENTO REGIONAL FUERZA SOCIAL CAJAMARCA,1108,M,CASTELLANO
61106,CAJAMARCA,SAN IGNACIO,SAN JOSE DE LOURDES,ORGANIZACION POLITICA LOCAL FUERZA CAMPESINA,475,M,CASTELLANO
61107,CAJAMARCA,SAN IGNACIO,TABACONAS,ACCION POPULAR,2920,M,CASTELLANO
61107,CAJAMARCA,SAN IGNACIO,TABACONAS,ALIANZA PARA EL PROGRESO,45,M,CASTELLANO
61107,CAJAMARCA,SAN IGNACIO,TABACONAS,CAJAMARCA SIEMPRE VERDE,152,M,CASTELLANO
61107,CAJAMARCA,SAN IGNACIO,TABACONAS,FUERZA POPULAR,122,M,CASTELLANO
61107,CAJAMARCA,SAN IGNACIO,TABACONAS,MOVIMIENTO INDEPENDIENTE DIALOGO SOCIAL,185,M,CASTELLANO
61107,CAJAMARCA,SAN IGNACIO,TABACONAS,MOVIMIENTO REGIONAL FUERZA SOCIAL CAJAMARCA,2800,M,CASTELLANO
61107,CAJAMARCA,SAN IGNACIO,TABACONAS,ORGANIZACION POLITICA LOCAL FUERZA CAMPESINA,2075,M,CASTELLANO
61202,CAJAMARCA,SAN MARCOS,ICHOCAN,ALIANZA PARA EL PROGRESO,501,M,CASTELLANO
61202,CAJAMARCA,SAN MARCOS,ICHOCAN,CAJAMARCA SIEMPRE VERDE,32,M,CASTELLANO
61202,CAJAMARCA,SAN MARCOS,ICHOCAN,FRENTE REGIONAL DE CAJAMARCA,91,M,CASTELLANO
61202,CAJAMARCA,SAN MARCOS,ICHOCAN,FUERZA POPULAR,223,M,CASTELLANO
61202,CAJAMARCA,SAN MARCOS,ICHOCAN,MOVIMIENTO INDEPENDIENTE DIALOGO SOCIAL,340,M,CASTELLANO
61203,CAJAMARCA,SAN MARCOS,GREGORIO PITA,ALIANZA PARA EL PROGRESO,456,M,CASTELLANO
61203,CAJAMARCA,SAN MARCOS,GREGORIO PITA,CAJAMARCA SIEMPRE VERDE,253,M,CASTELLANO
61203,CAJAMARCA,SAN MARCOS,GREGORIO PITA,"EL FRENTE AMPLIO POR JUSTICIA, VIDA Y LIBERTAD",587,M,CASTELLANO
61203,CAJAMARCA,SAN MARCOS,GREGORIO PITA,FRENTE REGIONAL DE CAJAMARCA,19,M,CASTELLANO
61203,CAJAMARCA,SAN MARCOS,GREGORIO PITA,FUERZA POPULAR,87,M,CASTELLANO
61203,CAJAMARCA,SAN MARCOS,GREGORIO PITA,MOVIMIENTO DE AFIRMACION SOCIAL,865,M,CASTELLANO
61203,CAJAMARCA,SAN MARCOS,GREGORIO PITA,MOVIMIENTO INDEPENDIENTE DIALOGO SOCIAL,626,M,CASTELLANO
61203,CAJAMARCA,SAN MARCOS,GREGORIO PITA,PARTIDO DEMOCRATICO SOMOS PERU,86,M,CASTELLANO
61204,CAJAMARCA,SAN MARCOS,JOSE MANUEL QUIROZ,ALIANZA PARA EL PROGRESO,725,M,CASTELLANO
61204,CAJAMARCA,SAN MARCOS,JOSE MANUEL QUIROZ,CAJAMARCA SIEMPRE VERDE,378,M,CASTELLANO
61204,CAJAMARCA,SAN MARCOS,JOSE MANUEL QUIROZ,FRENTE REGIONAL DE CAJAMARCA,22,M,CASTELLANO
61204,CAJAMARCA,SAN MARCOS,JOSE MANUEL QUIROZ,FUERZA POPULAR,242,M,CASTELLANO
61204,CAJAMARCA,SAN MARCOS,JOSE MANUEL QUIROZ,MOVIMIENTO DE AFIRMACION SOCIAL,261,M,CASTELLANO
61204,CAJAMARCA,SAN MARCOS,JOSE MANUEL QUIROZ,MOVIMIENTO INDEPENDIENTE DIALOGO SOCIAL,257,M,CASTELLANO
61205,CAJAMARCA,SAN MARCOS,EDUARDO VILLANUEVA,ALIANZA PARA EL PROGRESO,218,M,CASTELLANO
61205,CAJAMARCA,SAN MARCOS,EDUARDO VILLANUEVA,CAJAMARCA SIEMPRE VERDE,147,M,CASTELLANO
61205,CAJAMARCA,SAN MARCOS,EDUARDO VILLANUEVA,"EL FRENTE AMPLIO POR JUSTICIA, VIDA Y LIBERTAD",198,M,CASTELLANO
61205,CAJAMARCA,SAN MARCOS,EDUARDO VILLANUEVA,FRENTE REGIONAL DE CAJAMARCA,150,M,CASTELLANO
61205,CAJAMARCA,SAN MARCOS,EDUARDO VILLANUEVA,FUERZA POPULAR,97,M,CASTELLANO
61205,CAJAMARCA,SAN MARCOS,EDUARDO VILLANUEVA,LUCHEMOS POR CAJAMARCA,40,M,CASTELLANO
61205,CAJAMARCA,SAN MARCOS,EDUARDO VILLANUEVA,MOVIMIENTO DE AFIRMACION SOCIAL,104,M,CASTELLANO
61205,CAJAMARCA,SAN MARCOS,EDUARDO VILLANUEVA,MOVIMIENTO INDEPENDIENTE DIALOGO SOCIAL,56,M,CASTELLANO
61205,CAJAMARCA,SAN MARCOS,EDUARDO VILLANUEVA,MOVIMIENTO REGIONAL FUERZA SOCIAL CAJAMARCA,315,M,CASTELLANO
61205,CAJAMARCA,SAN MARCOS,EDUARDO VILLANUEVA,PARTIDO APRISTA PERUANO,50,M,CASTELLANO
61206,CAJAMARCA,SAN MARCOS,JOSE SABOGAL,ALIANZA PARA EL PROGRESO,691,M,CASTELLANO
61206,CAJAMARCA,SAN MARCOS,JOSE SABOGAL,"EL FRENTE AMPLIO POR JUSTICIA, VIDA Y LIBERTAD",363,M,CASTELLANO
61206,CAJAMARCA,SAN MARCOS,JOSE SABOGAL,FRENTE REGIONAL DE CAJAMARCA,13,M,CASTELLANO
61206,CAJAMARCA,SAN MARCOS,JOSE SABOGAL,FUERZA POPULAR,86,M,CASTELLANO
61206,CAJAMARCA,SAN MARCOS,JOSE SABOGAL,MOVIMIENTO DE AFIRMACION SOCIAL,1715,M,CASTELLANO
61206,CAJAMARCA,SAN MARCOS,JOSE SABOGAL,MOVIMIENTO INDEPENDIENTE DIALOGO SOCIAL,895,M,CASTELLANO
61206,CAJAMARCA,SAN MARCOS,JOSE SABOGAL,PARTIDO DEMOCRATICO SOMOS PERU,1720,M,CASTELLANO
61207,CAJAMARCA,SAN MARCOS,CHANCAY,ALIANZA PARA EL PROGRESO,121,M,CASTELLANO
61207,CAJAMARCA,SAN MARCOS,CHANCAY,CAJAMARCA SIEMPRE VERDE,337,M,CASTELLANO
61207,CAJAMARCA,SAN MARCOS,CHANCAY,FRENTE REGIONAL DE CAJAMARCA,73,M,CASTELLANO
61207,CAJAMARCA,SAN MARCOS,CHANCAY,FUERZA POPULAR,526,M,CASTELLANO
61207,CAJAMARCA,SAN MARCOS,CHANCAY,MOVIMIENTO DE AFIRMACION SOCIAL,536,M,CASTELLANO
61302,CAJAMARCA,SAN PABLO,SAN BERNARDINO,ALIANZA PARA EL PROGRESO,91,M,CASTELLANO
61302,CAJAMARCA,SAN PABLO,SAN BERNARDINO,CAJAMARCA SIEMPRE VERDE,962,M,CASTELLANO
61302,CAJAMARCA,SAN PABLO,SAN BERNARDINO,FRENTE REGIONAL DE CAJAMARCA,1034,M,CASTELLANO
61302,CAJAMARCA,SAN PABLO,SAN BERNARDINO,FUERZA POPULAR,45,M,CASTELLANO
61302,CAJAMARCA,SAN PABLO,SAN BERNARDINO,MOVIMIENTO DE AFIRMACION SOCIAL,107,M,CASTELLANO
61302,CAJAMARCA,SAN PABLO,SAN BERNARDINO,MOVIMIENTO REGIONAL FUERZA SOCIAL CAJAMARCA,222,M,CASTELLANO
61303,CAJAMARCA,SAN PABLO,SAN LUIS,ALIANZA PARA EL PROGRESO,170,M,CASTELLANO
61303,CAJAMARCA,SAN PABLO,SAN LUIS,CAJAMARCA SIEMPRE VERDE,297,M,CASTELLANO
61303,CAJAMARCA,SAN PABLO,SAN LUIS,FRENTE REGIONAL DE CAJAMARCA,232,M,CASTELLANO
61303,CAJAMARCA,SAN PABLO,SAN LUIS,FUERZA POPULAR,95,M,CASTELLANO
61303,CAJAMARCA,SAN PABLO,SAN LUIS,MOVIMIENTO DE AFIRMACION SOCIAL,228,M,CASTELLANO
61304,CAJAMARCA,SAN PABLO,TUMBADEN,ACCION POPULAR,29,M,CASTELLANO
61304,CAJAMARCA,SAN PABLO,TUMBADEN,ALIANZA PARA EL PROGRESO,645,M,CASTELLANO
61304,CAJAMARCA,SAN PABLO,TUMBADEN,CAJAMARCA SIEMPRE VERDE,548,M,CASTELLANO
61304,CAJAMARCA,SAN PABLO,TUMBADEN,FRENTE REGIONAL DE CAJAMARCA,458,M,CASTELLANO
61304,CAJAMARCA,SAN PABLO,TUMBADEN,MOVIMIENTO DE AFIRMACION SOCIAL,708,M,CASTELLANO
61304,CAJAMARCA,SAN PABLO,TUMBADEN,MOVIMIENTO REGIONAL FUERZA SOCIAL CAJAMARCA,122,M,CASTELLANO
70102,CUSCO,CUSCO,CCORCA,ACCION POPULAR,481,M,QUECHUA
70102,CUSCO,CUSCO,CCORCA,ALIANZA POPULAR,17,M,QUECHUA
70102,CUSCO,CUSCO,CCORCA,MOVIMIENTO REGIONAL ACUERDO POPULAR UNIFICADO,141,M,QUECHUA
70102,CUSCO,CUSCO,CCORCA,PATRIA ARRIBA PERU ADELANTE,25,M,QUECHUA
70102,CUSCO,CUSCO,CCORCA,SIEMPRE UNIDOS,198,M,QUECHUA
70102,CUSCO,CUSCO,CCORCA,TIERRA Y LIBERTAD CUSCO,593,M,QUECHUA
70103,CUSCO,CUSCO,POROY,ACCION POPULAR,531,M,CASTELLANO
70103,CUSCO,CUSCO,POROY,KAUSACHUN CUSCO,73,M,CASTELLANO
70103,CUSCO,CUSCO,POROY,MOVIMIENTO REGIONAL ACUERDO POPULAR UNIFICADO,63,M,CASTELLANO
70103,CUSCO,CUSCO,POROY,MOVIMIENTO REGIONAL INKA PACHAKUTEQ,1234,M,CASTELLANO
70103,CUSCO,CUSCO,POROY,MOVIMIENTO REGIONAL TAWANTINSUYO,166,M,CASTELLANO
70103,CUSCO,CUSCO,POROY,PARTIDO DEMOCRATICO SOMOS PERU,86,M,CASTELLANO
70103,CUSCO,CUSCO,POROY,PATRIA ARRIBA PERU ADELANTE,605,M,CASTELLANO
70103,CUSCO,CUSCO,POROY,SIEMPRE UNIDOS,315,M,CASTELLANO
70104,CUSCO,CUSCO,SAN JERONIMO,ACCION POPULAR,463,M,CASTELLANO
70104,CUSCO,CUSCO,SAN JERONIMO,ALIANZA PARA EL PROGRESO,1311,M,CASTELLANO
70104,CUSCO,CUSCO,SAN JERONIMO,ALIANZA POPULAR,500,M,CASTELLANO
70104,CUSCO,CUSCO,SAN JERONIMO,MOVIMIENTO REGIONAL ACUERDO POPULAR UNIFICADO,5184,M,CASTELLANO
70104,CUSCO,CUSCO,SAN JERONIMO,MOVIMIENTO REGIONAL INKA PACHAKUTEQ,363,M,CASTELLANO
70104,CUSCO,CUSCO,SAN JERONIMO,MOVIMIENTO REGIONAL TAWANTINSUYO,1461,M,CASTELLANO
70104,CUSCO,CUSCO,SAN JERONIMO,PARTIDO DEMOCRATICO SOMOS PERU,2702,M,CASTELLANO
70104,CUSCO,CUSCO,SAN JERONIMO,PARTIDO HUMANISTA PERUANO,250,M,CASTELLANO
70104,CUSCO,CUSCO,SAN JERONIMO,PATRIA ARRIBA PERU ADELANTE,335,M,CASTELLANO
70104,CUSCO,CUSCO,SAN JERONIMO,SIEMPRE UNIDOS,5893,M,CASTELLANO
70105,CUSCO,CUSCO,SAN SEBASTIAN,ACCION POPULAR,827,M,CASTELLANO
70105,CUSCO,CUSCO,SAN SEBASTIAN,ALIANZA PARA EL PROGRESO,744,M,CASTELLANO
70105,CUSCO,CUSCO,SAN SEBASTIAN,ALIANZA POPULAR,931,M,CASTELLANO
70105,CUSCO,CUSCO,SAN SEBASTIAN,AUTOGOBIERNO AYLLU,484,M,CASTELLANO
70105,CUSCO,CUSCO,SAN SEBASTIAN,FUERZA INKA AMAZONICA,547,M,CASTELLANO
70105,CUSCO,CUSCO,SAN SEBASTIAN,KAUSACHUN CUSCO,5755,M,CASTELLANO
70105,CUSCO,CUSCO,SAN SEBASTIAN,MOVIMIENTO REGIONAL ACUERDO POPULAR UNIFICADO,11377,M,CASTELLANO
70105,CUSCO,CUSCO,SAN SEBASTIAN,MOVIMIENTO REGIONAL INKA PACHAKUTEQ,692,M,CASTELLANO
70105,CUSCO,CUSCO,SAN SEBASTIAN,MOVIMIENTO REGIONAL TAWANTINSUYO,1054,M,CASTELLANO
70105,CUSCO,CUSCO,SAN SEBASTIAN,PARTIDO DEMOCRATICO SOMOS PERU,10814,M,CASTELLANO
70105,CUSCO,CUSCO,SAN SEBASTIAN,PARTIDO HUMANISTA PERUANO,616,M,CASTELLANO
70105,CUSCO,CUSCO,SAN SEBASTIAN,PARTIDO POPULAR CRISTIANO - PPC,395,M,CASTELLANO
70105,CUSCO,CUSCO,SAN SEBASTIAN,PATRIA ARRIBA PERU ADELANTE,470,M,CASTELLANO
70105,CUSCO,CUSCO,SAN SEBASTIAN,SIEMPRE UNIDOS,3353,M,CASTELLANO
70105,CUSCO,CUSCO,SAN SEBASTIAN,TIERRA Y LIBERTAD CUSCO,785,M,CASTELLANO
70106,CUSCO,CUSCO,SANTIAGO,ACCION POPULAR,1238,M,CASTELLANO
70106,CUSCO,CUSCO,SANTIAGO,ALIANZA PARA EL PROGRESO,1652,M,CASTELLANO
70106,CUSCO,CUSCO,SANTIAGO,ALIANZA POPULAR,1238,M,CASTELLANO
70106,CUSCO,CUSCO,SANTIAGO,AUTOGOBIERNO AYLLU,795,M,CASTELLANO
70106,CUSCO,CUSCO,SANTIAGO,FUERZA INKA AMAZONICA,722,M,CASTELLANO
70106,CUSCO,CUSCO,SANTIAGO,FUERZA POPULAR,582,M,CASTELLANO
70106,CUSCO,CUSCO,SANTIAGO,KAUSACHUN CUSCO,5226,M,CASTELLANO
70106,CUSCO,CUSCO,SANTIAGO,MOVIMIENTO REGIONAL ACUERDO POPULAR UNIFICADO,2149,M,CASTELLANO
70106,CUSCO,CUSCO,SANTIAGO,MOVIMIENTO REGIONAL INKA PACHAKUTEQ,1280,M,CASTELLANO
70106,CUSCO,CUSCO,SANTIAGO,MOVIMIENTO REGIONAL TAWANTINSUYO,12797,M,CASTELLANO
70106,CUSCO,CUSCO,SANTIAGO,PARTIDO DEMOCRATICO SOMOS PERU,16564,M,CASTELLANO
70106,CUSCO,CUSCO,SANTIAGO,PARTIDO HUMANISTA PERUANO,625,M,CASTELLANO
70106,CUSCO,CUSCO,SANTIAGO,PARTIDO POPULAR CRISTIANO - PPC,332,M,CASTELLANO
70106,CUSCO,CUSCO,SANTIAGO,PATRIA ARRIBA PERU ADELANTE,952,M,CASTELLANO
70106,CUSCO,CUSCO,SANTIAGO,TIERRA Y LIBERTAD CUSCO,1565,M,CASTELLANO
70107,CUSCO,CUSCO,SAYLLA,ALIANZA POPULAR,320,M,QUECHUA
70107,CUSCO,CUSCO,SAYLLA,KAUSACHUN CUSCO,904,M,QUECHUA
70107,CUSCO,CUSCO,SAYLLA,MOVIMIENTO REGIONAL ACUERDO POPULAR UNIFICADO,298,M,QUECHUA
70107,CUSCO,CUSCO,SAYLLA,SIEMPRE UNIDOS,452,M,QUECHUA
70108,CUSCO,CUSCO,WANCHAQ,ACCION POPULAR,1178,M,CASTELLANO
70108,CUSCO,CUSCO,WANCHAQ,ALIANZA PARA EL PROGRESO,943,M,CASTELLANO
70108,CUSCO,CUSCO,WANCHAQ,ALIANZA POPULAR,2663,M,CASTELLANO
70108,CUSCO,CUSCO,WANCHAQ,AUTOGOBIERNO AYLLU,786,M,CASTELLANO
70108,CUSCO,CUSCO,WANCHAQ,FUERZA INKA AMAZONICA,1142,M,CASTELLANO
70108,CUSCO,CUSCO,WANCHAQ,FUERZA POPULAR,1596,M,CASTELLANO
70108,CUSCO,CUSCO,WANCHAQ,KAUSACHUN CUSCO,9422,M,CASTELLANO
70108,CUSCO,CUSCO,WANCHAQ,MOVIMIENTO REGIONAL ACUERDO POPULAR UNIFICADO,4586,M,CASTELLANO
70108,CUSCO,CUSCO,WANCHAQ,MOVIMIENTO REGIONAL TAWANTINSUYO,458,M,CASTELLANO
70108,CUSCO,CUSCO,WANCHAQ,PARTIDO DEMOCRATICO SOMOS PERU,2050,M,CASTELLANO
70108,CUSCO,CUSCO,WANCHAQ,PARTIDO HUMANISTA PERUANO,730,M,CASTELLANO
70108,CUSCO,CUSCO,WANCHAQ,PARTIDO POPULAR CRISTIANO - PPC,1222,M,CASTELLANO
70108,CUSCO,CUSCO,WANCHAQ,PATRIA ARRIBA PERU ADELANTE,445,M,CASTELLANO
70108,CUSCO,CUSCO,WANCHAQ,RECONSTRUYAMOS WANCHAQ,9814,M,CASTELLANO
70108,CUSCO,CUSCO,WANCHAQ,TIERRA Y LIBERTAD CUSCO,1067,M,CASTELLANO
70202,CUSCO,ACOMAYO,ACOPIA,AUTOGOBIERNO AYLLU,55,M,AYMARA
70202,CUSCO,ACOMAYO,ACOPIA,FUERZA POPULAR,501,M,AYMARA
70202,CUSCO,ACOMAYO,ACOPIA,MOVIMIENTO REGIONAL ACUERDO POPULAR UNIFICADO,516,M,AYMARA
70202,CUSCO,ACOMAYO,ACOPIA,MOVIMIENTO REGIONAL INKA PACHAKUTEQ,46,M,AYMARA
70202,CUSCO,ACOMAYO,ACOPIA,MOVIMIENTO REGIONAL TAWANTINSUYO,31,M,AYMARA
70202,CUSCO,ACOMAYO,ACOPIA,SIEMPRE UNIDOS,363,M,AYMARA
70203,CUSCO,ACOMAYO,ACOS,ALIANZA PARA EL PROGRESO,38,M,CASTELLANO
70203,CUSCO,ACOMAYO,ACOS,FUERZA POPULAR,201,M,CASTELLANO
70203,CUSCO,ACOMAYO,ACOS,KAUSACHUN CUSCO,76,M,CASTELLANO
70203,CUSCO,ACOMAYO,ACOS,MOVIMIENTO REGIONAL ACUERDO POPULAR UNIFICADO,390,M,CASTELLANO
70203,CUSCO,ACOMAYO,ACOS,MOVIMIENTO REGIONAL INKA PACHAKUTEQ,176,M,CASTELLANO
70203,CUSCO,ACOMAYO,ACOS,MOVIMIENTO REGIONAL TAWANTINSUYO,142,M,CASTELLANO
70203,CUSCO,ACOMAYO,ACOS,SIEMPRE UNIDOS,315,M,CASTELLANO
70203,CUSCO,ACOMAYO,ACOS,TIERRA Y LIBERTAD CUSCO,13,M,CASTELLANO
70204,CUSCO,ACOMAYO,POMACANCHI,ALIANZA PARA EL PROGRESO,53,M,CASTELLANO
70204,CUSCO,ACOMAYO,POMACANCHI,AUTOGOBIERNO AYLLU,31,M,CASTELLANO
70204,CUSCO,ACOMAYO,POMACANCHI,FUERZA POPULAR,1083,M,CASTELLANO
70204,CUSCO,ACOMAYO,POMACANCHI,MOVIMIENTO REGIONAL ACUERDO POPULAR UNIFICADO,552,M,CASTELLANO
70204,CUSCO,ACOMAYO,POMACANCHI,MOVIMIENTO REGIONAL INKA PACHAKUTEQ,648,M,CASTELLANO
70204,CUSCO,ACOMAYO,POMACANCHI,MOVIMIENTO REGIONAL TAWANTINSUYO,411,M,CASTELLANO
70204,CUSCO,ACOMAYO,POMACANCHI,SIEMPRE UNIDOS,1088,M,CASTELLANO
70205,CUSCO,ACOMAYO,RONDOCAN,ACCION POPULAR,17,M,CASTELLANO
70205,CUSCO,ACOMAYO,RONDOCAN,ALIANZA PARA EL PROGRESO,3,M,CASTELLANO
70205,CUSCO,ACOMAYO,RONDOCAN,AUTOGOBIERNO AYLLU,292,M,CASTELLANO
70205,CUSCO,ACOMAYO,RONDOCAN,FUERZA POPULAR,143,M,CASTELLANO
70205,CUSCO,ACOMAYO,RONDOCAN,KAUSACHUN CUSCO,74,M,CASTELLANO
70205,CUSCO,ACOMAYO,RONDOCAN,MOVIMIENTO REGIONAL ACUERDO POPULAR UNIFICADO,462,M,CASTELLANO
70205,CUSCO,ACOMAYO,RONDOCAN,MOVIMIENTO REGIONAL INKA PACHAKUTEQ,108,M,CASTELLANO
70205,CUSCO,ACOMAYO,RONDOCAN,MOVIMIENTO REGIONAL TAWANTINSUYO,147,M,CASTELLANO
70205,CUSCO,ACOMAYO,RONDOCAN,SIEMPRE UNIDOS,327,M,CASTELLANO
70206,CUSCO,ACOMAYO,SANGARARA,FUERZA POPULAR,494,M,CASTELLANO
70206,CUSCO,ACOMAYO,SANGARARA,MOVIMIENTO REGIONAL ACUERDO POPULAR UNIFICADO,461,M,CASTELLANO
70206,CUSCO,ACOMAYO,SANGARARA,MOVIMIENTO REGIONAL INKA PACHAKUTEQ,140,M,CASTELLANO
70206,CUSCO,ACOMAYO,SANGARARA,MOVIMIENTO REGIONAL TAWANTINSUYO,45,M,CASTELLANO
70206,CUSCO,ACOMAYO,SANGARARA,PARTIDO DEMOCRATICO SOMOS PERU,30,M,CASTELLANO
70206,CUSCO,ACOMAYO,SANGARARA,SIEMPRE UNIDOS,583,M,CASTELLANO
70207,CUSCO,ACOMAYO,MOSOC LLACTA,ALIANZA PARA EL PROGRESO,73,M,QUECHUA
70207,CUSCO,ACOMAYO,MOSOC LLACTA,FUERZA POPULAR,56,M,QUECHUA
70207,CUSCO,ACOMAYO,MOSOC LLACTA,MOVIMIENTO REGIONAL ACUERDO POPULAR UNIFICADO,165,M,QUECHUA
70207,CUSCO,ACOMAYO,MOSOC LLACTA,MOVIMIENTO REGIONAL INKA PACHAKUTEQ,251,M,QUECHUA
70207,CUSCO,ACOMAYO,MOSOC LLACTA,SIEMPRE UNIDOS,150,M,QUECHUA
70302,CUSCO,ANTA,CHINCHAYPUJIO,ALIANZA POPULAR,257,M,CASTELLANO
70302,CUSCO,ANTA,CHINCHAYPUJIO,AUTOGOBIERNO AYLLU,175,M,CASTELLANO
70302,CUSCO,ANTA,CHINCHAYPUJIO,FUERZA INKA AMAZONICA,5,M,CASTELLANO
70302,CUSCO,ANTA,CHINCHAYPUJIO,KAUSACHUN CUSCO,23,M,CASTELLANO
70302,CUSCO,ANTA,CHINCHAYPUJIO,MOVIMIENTO REGIONAL ACUERDO POPULAR UNIFICADO,748,M,CASTELLANO
70302,CUSCO,ANTA,CHINCHAYPUJIO,MOVIMIENTO REGIONAL INKA PACHAKUTEQ,510,M,CASTELLANO
70302,CUSCO,ANTA,CHINCHAYPUJIO,PARTIDO DEMOCRATICO SOMOS PERU,514,M,CASTELLANO
70302,CUSCO,ANTA,CHINCHAYPUJIO,PARTIDO HUMANISTA PERUANO,12,M,CASTELLANO
70302,CUSCO,ANTA,CHINCHAYPUJIO,TIERRA Y LIBERTAD CUSCO,583,M,CASTELLANO
70303,CUSCO,ANTA,HUAROCONDO,ALIANZA PARA EL PROGRESO,25,M,QUECHUA
70303,CUSCO,ANTA,HUAROCONDO,ALIANZA POPULAR,271,M,QUECHUA
70303,CUSCO,ANTA,HUAROCONDO,KAUSACHUN CUSCO,389,M,QUECHUA
70303,CUSCO,ANTA,HUAROCONDO,MOVIMIENTO REGIONAL ACUERDO POPULAR UNIFICADO,823,M,QUECHUA
70303,CUSCO,ANTA,HUAROCONDO,MOVIMIENTO REGIONAL INKA PACHAKUTEQ,222,M,QUECHUA
70303,CUSCO,ANTA,HUAROCONDO,MOVIMIENTO REGIONAL TAWANTINSUYO,197,M,QUECHUA
70303,CUSCO,ANTA,HUAROCONDO,SIEMPRE UNIDOS,90,M,QUECHUA
70303,CUSCO,ANTA,HUAROCONDO,TIERRA Y LIBERTAD CUSCO,930,M,QUECHUA
70304,CUSCO,ANTA,LIMATAMBO,ACCION POPULAR,104,M,CASTELLANO
70304,CUSCO,ANTA,LIMATAMBO,ALIANZA POPULAR,1993,M,CASTELLANO
70304,CUSCO,ANTA,LIMATAMBO,MOVIMIENTO REGIONAL ACUERDO POPULAR UNIFICADO,1628,M,CASTELLANO
70304,CUSCO,ANTA,LIMATAMBO,MOVIMIENTO REGIONAL INKA PACHAKUTEQ,76,M,CASTELLANO
70304,CUSCO,ANTA,LIMATAMBO,MOVIMIENTO REGIONAL TAWANTINSUYO,413,M,CASTELLANO
70304,CUSCO,ANTA,LIMATAMBO,TIERRA Y LIBERTAD CUSCO,135,M,CASTELLANO
70305,CUSCO,ANTA,MOLLEPATA,ACCION POPULAR,55,M,CASTELLANO
70305,CUSCO,ANTA,MOLLEPATA,ALIANZA POPULAR,261,M,CASTELLANO
70305,CUSCO,ANTA,MOLLEPATA,AUTOGOBIERNO AYLLU,57,M,CASTELLANO
70305,CUSCO,ANTA,MOLLEPATA,MOVIMIENTO REGIONAL ACUERDO POPULAR UNIFICADO,300,M,CASTELLANO
70305,CUSCO,ANTA,MOLLEPATA,MOVIMIENTO REGIONAL TAWANTINSUYO,1101,M,CASTELLANO
70306,CUSCO,ANTA,PUCYURA,ALIANZA POPULAR,499,M,CASTELLANO
70306,CUSCO,ANTA,PUCYURA,KAUSACHUN CUSCO,116,M,CASTELLANO
70306,CUSCO,ANTA,PUCYURA,MOVIMIENTO REGIONAL ACUERDO POPULAR UNIFICADO,261,M,CASTELLANO
70306,CUSCO,ANTA,PUCYURA,MOVIMIENTO REGIONAL INKA PACHAKUTEQ,330,M,CASTELLANO
70306,CUSCO,ANTA,PUCYURA,MOVIMIENTO REGIONAL TAWANTINSUYO,92,M,CASTELLANO
70306,CUSCO,ANTA,PUCYURA,TIERRA Y LIBERTAD CUSCO,550,M,CASTELLANO
70307,CUSCO,ANTA,ZURITE,ALIANZA POPULAR,671,M,CASTELLANO
70307,CUSCO,ANTA,ZURITE,MOVIMIENTO REGIONAL ACUERDO POPULAR UNIFICADO,240,M,CASTELLANO
70307,CUSCO,ANTA,ZURITE,MOVIMIENTO REGIONAL INKA PACHAKUTEQ,28,M,CASTELLANO
70307,CUSCO,ANTA,ZURITE,MOVIMIENTO REGIONAL TAWANTINSUYO,865,M,CASTELLANO
70307,CUSCO,ANTA,ZURITE,PARTIDO DEMOCRATICO SOMOS PERU,344,M,CASTELLANO
70307,CUSCO,ANTA,ZURITE,TIERRA Y LIBERTAD CUSCO,53,M,CASTELLANO
70308,CUSCO,ANTA,CACHIMAYO,ALIANZA POPULAR,595,M,QUECHUA
70308,CUSCO,ANTA,CACHIMAYO,MOVIMIENTO REGIONAL ACUERDO POPULAR UNIFICADO,94,M,QUECHUA
70308,CUSCO,ANTA,CACHIMAYO,MOVIMIENTO REGIONAL TAWANTINSUYO,53,M,QUECHUA
70308,CUSCO,ANTA,CACHIMAYO,TIERRA Y LIBERTAD CUSCO,725,M,QUECHUA
70309,CUSCO,ANTA,ANCAHUASI,ACCION POPULAR,152,M,QUECHUA
70309,CUSCO,ANTA,ANCAHUASI,ALIANZA POPULAR,139,M,QUECHUA
70309,CUSCO,ANTA,ANCAHUASI,AUTOGOBIERNO AYLLU,81,M,QUECHUA
70309,CUSCO,ANTA,ANCAHUASI,KAUSACHUN CUSCO,589,M,QUECHUA
70309,CUSCO,ANTA,ANCAHUASI,MOVIMIENTO REGIONAL ACUERDO POPULAR UNIFICADO,1229,M,QUECHUA
70309,CUSCO,ANTA,ANCAHUASI,MOVIMIENTO REGIONAL INKA PACHAKUTEQ,18,M,QUECHUA
70309,CUSCO,ANTA,ANCAHUASI,MOVIMIENTO REGIONAL TAWANTINSUYO,1281,M,QUECHUA
70309,CUSCO,ANTA,ANCAHUASI,TIERRA Y LIBERTAD CUSCO,181,M,QUECHUA
70402,CUSCO,CALCA,COYA,ACCION POPULAR,384,M,CASTELLANO
70402,CUSCO,CALCA,COYA,ALIANZA PARA EL PROGRESO,213,M,CASTELLANO
70402,CUSCO,CALCA,COYA,AUTOGOBIERNO AYLLU,103,M,CASTELLANO
70402,CUSCO,CALCA,COYA,KAUSACHUN CUSCO,557,M,CASTELLANO
70402,CUSCO,CALCA,COYA,MOVIMIENTO REGIONAL ACUERDO POPULAR UNIFICADO,594,M,CASTELLANO
70402,CUSCO,CALCA,COYA,MOVIMIENTO REGIONAL INKA PACHAKUTEQ,286,M,CASTELLANO
70403,CUSCO,CALCA,LAMAY,ALIANZA PARA EL PROGRESO,456,M,CASTELLANO
70403,CUSCO,CALCA,LAMAY,AUTOGOBIERNO AYLLU,626,M,CASTELLANO
70403,CUSCO,CALCA,LAMAY,KAUSACHUN CUSCO,110,M,CASTELLANO
70403,CUSCO,CALCA,LAMAY,MOVIMIENTO REGIONAL ACUERDO POPULAR UNIFICADO,1259,M,CASTELLANO
70403,CUSCO,CALCA,LAMAY,MOVIMIENTO REGIONAL TAWANTINSUYO,471,M,CASTELLANO
70404,CUSCO,CALCA,LARES,ACCION POPULAR,85,M,CASTELLANO
70404,CUSCO,CALCA,LARES,ALIANZA PARA EL PROGRESO,609,M,CASTELLANO
70404,CUSCO,CALCA,LARES,AUTOGOBIERNO AYLLU,17,M,CASTELLANO
70404,CUSCO,CALCA,LARES,FUERZA INKA AMAZONICA,60,M,CASTELLANO
70404,CUSCO,CALCA,LARES,KAUSACHUN CUSCO,63,M,CASTELLANO
70404,CUSCO,CALCA,LARES,MOVIMIENTO REGIONAL ACUERDO POPULAR UNIFICADO,535,M,CASTELLANO
70404,CUSCO,CALCA,LARES,MOVIMIENTO REGIONAL INKA PACHAKUTEQ,1594,M,CASTELLANO
70404,CUSCO,CALCA,LARES,PARTIDO DEMOCRATICO SOMOS PERU,407,M,CASTELLANO
70405,CUSCO,CALCA,PISAC,ACCION POPULAR,906,M,QUECHUA
70405,CUSCO,CALCA,PISAC,ALIANZA PARA EL PROGRESO,1365,M,QUECHUA
70405,CUSCO,CALCA,PISAC,AUTOGOBIERNO AYLLU,437,M,QUECHUA
70405,CUSCO,CALCA,PISAC,KAUSACHUN CUSCO,591,M,QUECHUA
70405,CUSCO,CALCA,PISAC,MOVIMIENTO REGIONAL ACUERDO POPULAR UNIFICADO,1139,M,QUECHUA
70405,CUSCO,CALCA,PISAC,MOVIMIENTO REGIONAL INKA PACHAKUTEQ,678,M,QUECHUA
70406,CUSCO,CALCA,SAN SALVADOR,ALIANZA PARA EL PROGRESO,663,M,CASTELLANO
70406,CUSCO,CALCA,SAN SALVADOR,AUTOGOBIERNO AYLLU,308,M,CASTELLANO
70406,CUSCO,CALCA,SAN SALVADOR,KAUSACHUN CUSCO,103,M,CASTELLANO
70406,CUSCO,CALCA,SAN SALVADOR,MOVIMIENTO REGIONAL ACUERDO POPULAR UNIFICADO,1135,M,CASTELLANO
70406,CUSCO,CALCA,SAN SALVADOR,MOVIMIENTO REGIONAL INKA PACHAKUTEQ,562,M,CASTELLANO
70407,CUSCO,CALCA,TARAY,ALIANZA PARA EL PROGRESO,331,M,QUECHUA
70407,CUSCO,CALCA,TARAY,ALIANZA POPULAR,253,M,QUECHUA
70407,CUSCO,CALCA,TARAY,AUTOGOBIERNO AYLLU,734,M,QUECHUA
70407,CUSCO,CALCA,TARAY,KAUSACHUN CUSCO,273,M,QUECHUA
70407,CUSCO,CALCA,TARAY,MOVIMIENTO REGIONAL ACUERDO POPULAR UNIFICADO,435,M,QUECHUA
70407,CUSCO,CALCA,TARAY,MOVIMIENTO REGIONAL INKA PACHAKUTEQ,595,M,QUECHUA
70408,CUSCO,CALCA,YANATILE,ALIANZA PARA EL PROGRESO,611,M,CASTELLANO
70408,CUSCO,CALCA,YANATILE,ALIANZA POPULAR,378,M,CASTELLANO
70408,CUSCO,CALCA,YANATILE,AUTOGOBIERNO AYLLU,250,M,CASTELLANO
70408,CUSCO,CALCA,YANATILE,FUERZA INKA AMAZONICA,45,M,CASTELLANO
70408,CUSCO,CALCA,YANATILE,KAUSACHUN CUSCO,1490,M,CASTELLANO
70408,CUSCO,CALCA,YANATILE,MOVIMIENTO REGIONAL ACUERDO POPULAR UNIFICADO,549,M,CASTELLANO
70408,CUSCO,CALCA,YANATILE,MOVIMIENTO REGIONAL INKA PACHAKUTEQ,1114,M,CASTELLANO
70408,CUSCO,CALCA,YANATILE,MOVIMIENTO REGIONAL TAWANTINSUYO,415,M,CASTELLANO
70408,CUSCO,CALCA,YANATILE,PARTIDO POPULAR CRISTIANO - PPC,67,M,CASTELLANO
70502,CUSCO,CANAS,CHECCA,ALIANZA POPULAR,555,M,CASTELLANO
70502,CUSCO,CANAS,CHECCA,FUERZA INKA AMAZONICA,36,M,CASTELLANO
70502,CUSCO,CANAS,CHECCA,MOVIMIENTO REGIONAL ACUERDO POPULAR UNIFICADO,600,M,CASTELLANO
70502,CUSCO,CANAS,CHECCA,MOVIMIENTO REGIONAL INKA PACHAKUTEQ,549,M,CASTELLANO
70502,CUSCO,CANAS,CHECCA,MOVIMIENTO REGIONAL TAWANTINSUYO,1192,M,CASTELLANO
70503,CUSCO,CANAS,KUNTURKANKI,FUERZA INKA AMAZONICA,156,M,AYMARA
70503,CUSCO,CANAS,KUNTURKANKI,MOVIMIENTO REGIONAL ACUERDO POPULAR UNIFICADO,716,M,AYMARA
70503,CUSCO,CANAS,KUNTURKANKI,MOVIMIENTO REGIONAL INKA PACHAKUTEQ,784,M,AYMARA
70503,CUSCO,CANAS,KUNTURKANKI,MOVIMIENTO REGIONAL TAWANTINSUYO,1220,M,AYMARA
70503,CUSCO,CANAS,KUNTURKANKI,TIERRA Y LIBERTAD CUSCO,267,M,AYMARA
70504,CUSCO,CANAS,LANGUI,ALIANZA PARA EL PROGRESO,24,M,QUECHUA
70504,CUSCO,CANAS,LANGUI,FUERZA INKA AMAZONICA,427,M,QUECHUA
70504,CUSCO,CANAS,LANGUI,MOVIMIENTO REGIONAL ACUERDO POPULAR UNIFICADO,99,M,QUECHUA
70504,CUSCO,CANAS,LANGUI,MOVIMIENTO REGIONAL INKA PACHAKUTEQ,335,M,QUECHUA
70504,CUSCO,CANAS,LANGUI,MOVIMIENTO REGIONAL TAWANTINSUYO,765,M,QUECHUA
70504,CUSCO,CANAS,LANGUI,TIERRA Y LIBERTAD CUSCO,36,M,QUECHUA
70505,CUSCO,CANAS,LAYO,ALIANZA PARA EL PROGRESO,115,M,QUECHUA
70505,CUSCO,CANAS,LAYO,FUERZA INKA AMAZONICA,92,M,QUECHUA
70505,CUSCO,CANAS,LAYO,KAUSACHUN CUSCO,244,M,QUECHUA
70505,CUSCO,CANAS,LAYO,MOVIMIENTO REGIONAL ACUERDO POPULAR UNIFICADO,555,M,QUECHUA
70505,CUSCO,CANAS,LAYO,MOVIMIENTO REGIONAL INKA PACHAKUTEQ,993,M,QUECHUA
70505,CUSCO,CANAS,LAYO,MOVIMIENTO REGIONAL TAWANTINSUYO,1051,M,QUECHUA
70505,CUSCO,CANAS,LAYO,TIERRA Y LIBERTAD CUSCO,81,M,QUECHUA
70506,CUSCO,CANAS,PAMPAMARCA,ALIANZA PARA EL PROGRESO,207,M,CASTELLANO
70506,CUSCO,CANAS,PAMPAMARCA,ALIANZA POPULAR,126,M,CASTELLANO
70506,CUSCO,CANAS,PAMPAMARCA,AUTOGOBIERNO AYLLU,88,M,CASTELLANO
70506,CUSCO,CANAS,PAMPAMARCA,FUERZA INKA AMAZONICA,113,M,CASTELLANO
70506,CUSCO,CANAS,PAMPAMARCA,MOVIMIENTO REGIONAL ACUERDO POPULAR UNIFICADO,234,M,CASTELLANO
70506,CUSCO,CANAS,PAMPAMARCA,MOVIMIENTO REGIONAL TAWANTINSUYO,249,M,CASTELLANO
70507,CUSCO,CANAS,QUEHUE,AUTOGOBIERNO AYLLU,158,M,QUECHUA
70507,CUSCO,CANAS,QUEHUE,FUERZA INKA AMAZONICA,190,M,QUECHUA
70507,CUSCO,CANAS,QUEHUE,MOVIMIENTO REGIONAL ACUERDO POPULAR UNIFICADO,480,M,QUECHUA
70507,CUSCO,CANAS,QUEHUE,MOVIMIENTO REGIONAL TAWANTINSUYO,768,M,QUECHUA
70508,CUSCO,CANAS,TUPAC AMARU,ALIANZA POPULAR,107,M,CASTELLANO
70508,CUSCO,CANAS,TUPAC AMARU,FUERZA INKA AMAZONICA,97,M,CASTELLANO
70508,CUSCO,CANAS,TUPAC AMARU,MOVIMIENTO REGIONAL ACUERDO POPULAR UNIFICADO,649,M,CASTELLANO
70508,CUSCO,CANAS,TUPAC AMARU,MOVIMIENTO REGIONAL INKA PACHAKUTEQ,483,M,CASTELLANO
70508,CUSCO,CANAS,TUPAC AMARU,MOVIMIENTO REGIONAL TAWANTINSUYO,535,M,CASTELLANO
70602,CUSCO,CANCHIS,COMBAPATA,ALIANZA POPULAR,762,M,CASTELLANO
70602,CUSCO,CANCHIS,COMBAPATA,FUERZA INKA AMAZONICA,72,M,CASTELLANO
70602,CUSCO,CANCHIS,COMBAPATA,KAUSACHUN CUSCO,37,M,CASTELLANO
70602,CUSCO,CANCHIS,COMBAPATA,MOVIMIENTO REGIONAL ACUERDO POPULAR UNIFICADO,819,M,CASTELLANO
70602,CUSCO,CANCHIS,COMBAPATA,MOVIMIENTO REGIONAL INKA PACHAKUTEQ,461,M,CASTELLANO
70602,CUSCO,CANCHIS,COMBAPATA,MOVIMIENTO REGIONAL TAWANTINSUYO,592,M,CASTELLANO
70602,CUSCO,CANCHIS,COMBAPATA,TIERRA Y LIBERTAD CUSCO,47,M,CASTELLANO
70603,CUSCO,CANCHIS,CHECACUPE,ALIANZA POPULAR,1139,M,CASTELLANO
70603,CUSCO,CANCHIS,CHECACUPE,AUTOGOBIERNO AYLLU,296,M,CASTELLANO
70603,CUSCO,CANCHIS,CHECACUPE,KAUSACHUN CUSCO,39,M,CASTELLANO
70603,CUSCO,CANCHIS,CHECACUPE,MOVIMIENTO REGIONAL ACUERDO POPULAR UNIFICADO,1041,M,CASTELLANO
70603,CUSCO,CANCHIS,CHECACUPE,MOVIMIENTO REGIONAL INKA PACHAKUTEQ,220,M,CASTELLANO
70603,CUSCO,CANCHIS,CHECACUPE,PATRIA ARRIBA PERU ADELANTE,49,M,CASTELLANO
70604,CUSCO,CANCHIS,MARANGANI,ALIANZA PARA EL PROGRESO,44,M,QUECHUA
70604,CUSCO,CANCHIS,MARANGANI,ALIANZA POPULAR,2513,M,QUECHUA
70604,CUSCO,CANCHIS,MARANGANI,AUTOGOBIERNO AYLLU,2208,M,QUECHUA
70604,CUSCO,CANCHIS,MARANGANI,KAUSACHUN CUSCO,24,M,QUECHUA
70604,CUSCO,CANCHIS,MARANGANI,MOVIMIENTO REGIONAL ACUERDO POPULAR UNIFICADO,922,M,QUECHUA
70604,CUSCO,CANCHIS,MARANGANI,MOVIMIENTO REGIONAL INKA PACHAKUTEQ,219,M,QUECHUA
70604,CUSCO,CANCHIS,MARANGANI,MOVIMIENTO REGIONAL TAWANTINSUYO,142,M,QUECHUA
70604,CUSCO,CANCHIS,MARANGANI,PATRIA ARRIBA PERU ADELANTE,35,M,QUECHUA
70604,CUSCO,CANCHIS,MARANGANI,SIEMPRE UNIDOS,153,M,QUECHUA
70605,CUSCO,CANCHIS,PITUMARCA,ALIANZA PARA EL PROGRESO,55,M,QUECHUA
70605,CUSCO,CANCHIS,PITUMARCA,ALIANZA POPULAR,1203,M,QUECHUA
70605,CUSCO,CANCHIS,PITUMARCA,AUTOGOBIERNO AYLLU,746,M,QUECHUA
70605,CUSCO,CANCHIS,PITUMARCA,FUERZA INKA AMAZONICA,36,M,QUECHUA
70605,CUSCO,CANCHIS,PITUMARCA,KAUSACHUN CUSCO,89,M,QUECHUA
70605,CUSCO,CANCHIS,PITUMARCA,MOVIMIENTO REGIONAL ACUERDO POPULAR UNIFICADO,1105,M,QUECHUA
70605,CUSCO,CANCHIS,PITUMARCA,MOVIMIENTO REGIONAL INKA PACHAKUTEQ,582,M,QUECHUA
70605,CUSCO,CANCHIS,PITUMARCA,PATRIA ARRIBA PERU ADELANTE,38,M,QUECHUA
70605,CUSCO,CANCHIS,PITUMARCA,SIEMPRE UNIDOS,47,M,QUECHUA
70605,CUSCO,CANCHIS,PITUMARCA,TIERRA Y LIBERTAD CUSCO,22,M,QUECHUA
70606,CUSCO,CANCHIS,SAN PABLO,ALIANZA POPULAR,408,M,QUECHUA
70606,CUSCO,CANCHIS,SAN PABLO,AUTOGOBIERNO AYLLU,735,M,QUECHUA
70606,CUSCO,CANCHIS,SAN PABLO,FUERZA INKA AMAZONICA,81,M,QUECHUA
70606,CUSCO,CANCHIS,SAN PABLO,KAUSACHUN CUSCO,132,M,QUECHUA
70606,CUSCO,CANCHIS,SAN PABLO,MOVIMIENTO REGIONAL ACUERDO POPULAR UNIFICADO,963,M,QUECHUA
70606,CUSCO,CANCHIS,SAN PABLO,MOVIMIENTO REGIONAL INKA PACHAKUTEQ,73,M,QUECHUA
70606,CUSCO,CANCHIS,SAN PABLO,PATRIA ARRIBA PERU ADELANTE,45,M,QUECHUA
70606,CUSCO,CANCHIS,SAN PABLO,TIERRA Y LIBERTAD CUSCO,559,M,QUECHUA
70607,CUSCO,CANCHIS,SAN PEDRO,ALIANZA PARA EL PROGRESO,45,M,CASTELLANO
70607,CUSCO,CANCHIS,SAN PEDRO,ALIANZA POPULAR,610,M,CASTELLANO
70607,CUSCO,CANCHIS,SAN PEDRO,DEMOCRACIA DIRECTA,38,M,CASTELLANO
70607,CUSCO,CANCHIS,SAN PEDRO,FUERZA INKA AMAZONICA,182,M,CASTELLANO
70607,CUSCO,CANCHIS,SAN PEDRO,KAUSACHUN CUSCO,16,M,CASTELLANO
70607,CUSCO,CANCHIS,SAN PEDRO,MOVIMIENTO REGIONAL ACUERDO POPULAR UNIFICADO,655,M,CASTELLANO
70607,CUSCO,CANCHIS,SAN PEDRO,MOVIMIENTO REGIONAL INKA PACHAKUTEQ,424,M,CASTELLANO
70607,CUSCO,CANCHIS,SAN PEDRO,TIERRA Y LIBERTAD CUSCO,29,M,CASTELLANO
70608,CUSCO,CANCHIS,TINTA,ALIANZA POPULAR,125,M,QUECHUA
70608,CUSCO,CANCHIS,TINTA,KAUSACHUN CUSCO,47,M,QUECHUA
70608,CUSCO,CANCHIS,TINTA,MOVIMIENTO REGIONAL ACUERDO POPULAR UNIFICADO,1603,M,QUECHUA
70608,CUSCO,CANCHIS,TINTA,MOVIMIENTO REGIONAL INKA PACHAKUTEQ,881,M,QUECHUA
70608,CUSCO,CANCHIS,TINTA,MOVIMIENTO REGIONAL TAWANTINSUYO,685,M,QUECHUA
70702,CUSCO,CHUMBIVILCAS,CAPACMARCA,ALIANZA PARA EL PROGRESO,15,M,CASTELLANO
70702,CUSCO,CHUMBIVILCAS,CAPACMARCA,AUTOGOBIERNO AYLLU,274,M,CASTELLANO
70702,CUSCO,CHUMBIVILCAS,CAPACMARCA,KAUSACHUN CUSCO,79,M,CASTELLANO
70702,CUSCO,CHUMBIVILCAS,CAPACMARCA,MOVIMIENTO REGIONAL ACUERDO POPULAR UNIFICADO,109,M,CASTELLANO
70702,CUSCO,CHUMBIVILCAS,CAPACMARCA,MOVIMIENTO REGIONAL INKA PACHAKUTEQ,374,M,CASTELLANO
70702,CUSCO,CHUMBIVILCAS,CAPACMARCA,MOVIMIENTO REGIONAL TAWANTINSUYO,508,M,CASTELLANO
70702,CUSCO,CHUMBIVILCAS,CAPACMARCA,PATRIA ARRIBA PERU ADELANTE,11,M,CASTELLANO
70702,CUSCO,CHUMBIVILCAS,CAPACMARCA,TIERRA Y LIBERTAD CUSCO,832,M,CASTELLANO
70702,CUSCO,CHUMBIVILCAS,CAPACMARCA,UNION POR EL PERU,179,M,CASTELLANO
70703,CUSCO,CHUMBIVILCAS,COLQUEMARCA,ALIANZA POPULAR,46,M,CASTELLANO
70703,CUSCO,CHUMBIVILCAS,COLQUEMARCA,AUTOGOBIERNO AYLLU,1047,M,CASTELLANO
70703,CUSCO,CHUMBIVILCAS,COLQUEMARCA,KAUSACHUN CUSCO,523,M,CASTELLANO
70703,CUSCO,CHUMBIVILCAS,COLQUEMARCA,MOVIMIENTO REGIONAL ACUERDO POPULAR UNIFICADO,707,M,CASTELLANO
70703,CUSCO,CHUMBIVILCAS,COLQUEMARCA,MOVIMIENTO REGIONAL INKA PACHAKUTEQ,562,M,CASTELLANO
70703,CUSCO,CHUMBIVILCAS,COLQUEMARCA,MOVIMIENTO REGIONAL TAWANTINSUYO,236,M,CASTELLANO
70703,CUSCO,CHUMBIVILCAS,COLQUEMARCA,PATRIA ARRIBA PERU ADELANTE,104,M,CASTELLANO
70703,CUSCO,CHUMBIVILCAS,COLQUEMARCA,SIEMPRE UNIDOS,10,M,CASTELLANO
70703,CUSCO,CHUMBIVILCAS,COLQUEMARCA,TIERRA Y LIBERTAD CUSCO,178,M,CASTELLANO
70703,CUSCO,CHUMBIVILCAS,COLQUEMARCA,UNION POR EL PERU,1013,M,CASTELLANO
70704,CUSCO,CHUMBIVILCAS,CHAMACA,ALIANZA PARA EL PROGRESO,44,M,QUECHUA
70704,CUSCO,CHUMBIVILCAS,CHAMACA,AUTOGOBIERNO AYLLU,78,M,QUECHUA
70704,CUSCO,CHUMBIVILCAS,CHAMACA,MOVIMIENTO REGIONAL ACUERDO POPULAR UNIFICADO,107,M,QUECHUA
70704,CUSCO,CHUMBIVILCAS,CHAMACA,MOVIMIENTO REGIONAL INKA PACHAKUTEQ,345,M,QUECHUA
70704,CUSCO,CHUMBIVILCAS,CHAMACA,MOVIMIENTO REGIONAL TAWANTINSUYO,986,M,QUECHUA
70704,CUSCO,CHUMBIVILCAS,CHAMACA,PATRIA ARRIBA PERU ADELANTE,73,M,QUECHUA
70704,CUSCO,CHUMBIVILCAS,CHAMACA,TIERRA Y LIBERTAD CUSCO,755,M,QUECHUA
70704,CUSCO,CHUMBIVILCAS,CHAMACA,UNION POR EL PERU,1076,M,QUECHUA
70705,CUSCO,CHUMBIVILCAS,LIVITACA,ALIANZA PARA EL PROGRESO,33,M,CASTELLANO
70705,CUSCO,CHUMBIVILCAS,LIVITACA,AUTOGOBIERNO AYLLU,1268,M,CASTELLANO
70705,CUSCO,CHUMBIVILCAS,LIVITACA,FUERZA INKA AMAZONICA,210,M,CASTELLANO
70705,CUSCO,CHUMBIVILCAS,LIVITACA,KAUSACHUN CUSCO,115,M,CASTELLANO
70705,CUSCO,CHUMBIVILCAS,LIVITACA,MOVIMIENTO REGIONAL ACUERDO POPULAR UNIFICADO,82,M,CASTELLANO
70705,CUSCO,CHUMBIVILCAS,LIVITACA,MOVIMIENTO REGIONAL INKA PACHAKUTEQ,1493,M,CASTELLANO
70705,CUSCO,CHUMBIVILCAS,LIVITACA,MOVIMIENTO REGIONAL TAWANTINSUYO,65,M,CASTELLANO
70705,CUSCO,CHUMBIVILCAS,LIVITACA,PATRIA ARRIBA PERU ADELANTE,120,M,CASTELLANO
70705,CUSCO,CHUMBIVILCAS,LIVITACA,TIERRA Y LIBERTAD CUSCO,1409,M,CASTELLANO
70705,CUSCO,CHUMBIVILCAS,LIVITACA,UNION POR EL PERU,342,M,CASTELLANO
70706,CUSCO,CHUMBIVILCAS,LLUSCO,AUTOGOBIERNO AYLLU,51,M,CASTELLANO
70706,CUSCO,CHUMBIVILCAS,LLUSCO,FUERZA INKA AMAZONICA,454,M,CASTELLANO
70706,CUSCO,CHUMBIVILCAS,LLUSCO,KAUSACHUN CUSCO,81,M,CASTELLANO
70706,CUSCO,CHUMBIVILCAS,LLUSCO,MOVIMIENTO REGIONAL INKA PACHAKUTEQ,538,M,CASTELLANO
70706,CUSCO,CHUMBIVILCAS,LLUSCO,MOVIMIENTO REGIONAL TAWANTINSUYO,1445,M,CASTELLANO
70706,CUSCO,CHUMBIVILCAS,LLUSCO,TIERRA Y LIBERTAD CUSCO,670,M,CASTELLANO
70707,CUSCO,CHUMBIVILCAS,QUIÑOTA,AUTOGOBIERNO AYLLU,255,M,QUECHUA
70707,CUSCO,CHUMBIVILCAS,QUIÑOTA,FUERZA POPULAR,104,M,QUECHUA
70707,CUSCO,CHUMBIVILCAS,QUIÑOTA,KAUSACHUN CUSCO,36,M,QUECHUA
70707,CUSCO,CHUMBIVILCAS,QUIÑOTA,MOVIMIENTO REGIONAL INKA PACHAKUTEQ,94,M,QUECHUA
70707,CUSCO,CHUMBIVILCAS,QUIÑOTA,MOVIMIENTO REGIONAL TAWANTINSUYO,654,M,QUECHUA
70707,CUSCO,CHUMBIVILCAS,QUIÑOTA,PATRIA ARRIBA PERU ADELANTE,35,M,QUECHUA
70707,CUSCO,CHUMBIVILCAS,QUIÑOTA,TIERRA Y LIBERTAD CUSCO,139,M,QUECHUA
70707,CUSCO,CHUMBIVILCAS,QUIÑOTA,UNION POR EL PERU,776,M,QUECHUA
70708,CUSCO,CHUMBIVILCAS,VELILLE,ALIANZA PARA EL PROGRESO,21,M,CASTELLANO
70708,CUSCO,CHUMBIVILCAS,VELILLE,AUTOGOBIERNO AYLLU,611,M,CASTELLANO
70708,CUSCO,CHUMBIVILCAS,VELILLE,FUERZA INKA AMAZONICA,241,M,CASTELLANO
70708,CUSCO,CHUMBIVILCAS,VELILLE,KAUSACHUN CUSCO,92,M,CASTELLANO
70708,CUSCO,CHUMBIVILCAS,VELILLE,MOVIMIENTO REGIONAL ACUERDO POPULAR UNIFICADO,129,M,CASTELLANO
70708,CUSCO,CHUMBIVILCAS,VELILLE,MOVIMIENTO REGIONAL INKA PACHAKUTEQ,1190,M,CASTELLANO
70708,CUSCO,CHUMBIVILCAS,VELILLE,MOVIMIENTO REGIONAL TAWANTINSUYO,1180,M,CASTELLANO
70708,CUSCO,CHUMBIVILCAS,VELILLE,PATRIA ARRIBA PERU ADELANTE,61,M,CASTELLANO
70708,CUSCO,CHUMBIVILCAS,VELILLE,TIERRA Y LIBERTAD CUSCO,354,M,CASTELLANO
70708,CUSCO,CHUMBIVILCAS,VELILLE,UNION POR EL PERU,307,M,CASTELLANO
70802,CUSCO,ESPINAR,CONDOROMA,AUTOGOBIERNO AYLLU,182,M,CASTELLANO
70802,CUSCO,ESPINAR,CONDOROMA,MOVIMIENTO REGIONAL ACUERDO POPULAR UNIFICADO,205,M,CASTELLANO
70802,CUSCO,ESPINAR,CONDOROMA,SIEMPRE UNIDOS,196,M,CASTELLANO
70802,CUSCO,ESPINAR,CONDOROMA,TIERRA Y LIBERTAD CUSCO,36,M,CASTELLANO
70803,CUSCO,ESPINAR,COPORAQUE,ACCION POPULAR,99,M,QUECHUA
70803,CUSCO,ESPINAR,COPORAQUE,ALIANZA PARA EL PROGRESO,92,M,QUECHUA
70803,CUSCO,ESPINAR,COPORAQUE,ALIANZA POPULAR,79,M,QUECHUA
70803,CUSCO,ESPINAR,COPORAQUE,AUTOGOBIERNO AYLLU,153,M,QUECHUA
70803,CUSCO,ESPINAR,COPORAQUE,MOVIMIENTO INDEPENDIENTE CENTENARIO ESPINAR,1217,M,QUECHUA
70803,CUSCO,ESPINAR,COPORAQUE,MOVIMIENTO REGIONAL ACUERDO POPULAR UNIFICADO,362,M,QUECHUA
70803,CUSCO,ESPINAR,COPORAQUE,MOVIMIENTO REGIONAL INKA PACHAKUTEQ,2813,M,QUECHUA
70803,CUSCO,ESPINAR,COPORAQUE,SIEMPRE UNIDOS,2160,M,QUECHUA
70803,CUSCO,ESPINAR,COPORAQUE,TIERRA Y LIBERTAD CUSCO,68,M,QUECHUA
70804,CUSCO,ESPINAR,OCORURO,ACCION POPULAR,54,M,QUECHUA
70804,CUSCO,ESPINAR,OCORURO,ALIANZA POPULAR,22,M,QUECHUA
70804,CUSCO,ESPINAR,OCORURO,FUERZA INKA AMAZONICA,100,M,QUECHUA
70804,CUSCO,ESPINAR,OCORURO,MOVIMIENTO INDEPENDIENTE CENTENARIO ESPINAR,187,M,QUECHUA
70804,CUSCO,ESPINAR,OCORURO,MOVIMIENTO REGIONAL ACUERDO POPULAR UNIFICADO,68,M,QUECHUA
70804,CUSCO,ESPINAR,OCORURO,MOVIMIENTO REGIONAL INKA PACHAKUTEQ,260,M,QUECHUA
70804,CUSCO,ESPINAR,OCORURO,SIEMPRE UNIDOS,147,M,QUECHUA
70804,CUSCO,ESPINAR,OCORURO,TIERRA Y LIBERTAD CUSCO,23,M,QUECHUA
70805,CUSCO,ESPINAR,PALLPATA,ACCION POPULAR,90,M,EXTRANJERO
70805,CUSCO,ESPINAR,PALLPATA,ALIANZA PARA EL PROGRESO,30,M,EXTRANJERO
70805,CUSCO,ESPINAR,PALLPATA,ALIANZA POPULAR,37,M,EXTRANJERO
70805,CUSCO,ESPINAR,PALLPATA,AUTOGOBIERNO AYLLU,73,M,EXTRANJERO
70805,CUSCO,ESPINAR,PALLPATA,MOVIMIENTO INDEPENDIENTE CENTENARIO ESPINAR,770,M,EXTRANJERO
70805,CUSCO,ESPINAR,PALLPATA,MOVIMIENTO REGIONAL ACUERDO POPULAR UNIFICADO,120,M,EXTRANJERO
70805,CUSCO,ESPINAR,PALLPATA,MOVIMIENTO REGIONAL INKA PACHAKUTEQ,177,M,EXTRANJERO
70805,CUSCO,ESPINAR,PALLPATA,SIEMPRE UNIDOS,1074,M,EXTRANJERO
70805,CUSCO,ESPINAR,PALLPATA,TIERRA Y LIBERTAD CUSCO,745,M,EXTRANJERO
70806,CUSCO,ESPINAR,PICHIGUA,ACCION POPULAR,31,M,CASTELLANO
70806,CUSCO,ESPINAR,PICHIGUA,FUERZA INKA AMAZONICA,231,M,CASTELLANO
70806,CUSCO,ESPINAR,PICHIGUA,MOVIMIENTO INDEPENDIENTE CENTENARIO ESPINAR,854,M,CASTELLANO
70806,CUSCO,ESPINAR,PICHIGUA,MOVIMIENTO REGIONAL ACUERDO POPULAR UNIFICADO,359,M,CASTELLANO
70806,CUSCO,ESPINAR,PICHIGUA,MOVIMIENTO REGIONAL INKA PACHAKUTEQ,317,M,CASTELLANO
70806,CUSCO,ESPINAR,PICHIGUA,SIEMPRE UNIDOS,416,M,CASTELLANO
70806,CUSCO,ESPINAR,PICHIGUA,TIERRA Y LIBERTAD CUSCO,63,M,CASTELLANO
70807,CUSCO,ESPINAR,SUYCKUTAMBO,AUTOGOBIERNO AYLLU,160,M,QUECHUA
70807,CUSCO,ESPINAR,SUYCKUTAMBO,FUERZA POPULAR,51,M,QUECHUA
70807,CUSCO,ESPINAR,SUYCKUTAMBO,MOVIMIENTO INDEPENDIENTE CENTENARIO ESPINAR,547,M,QUECHUA
70807,CUSCO,ESPINAR,SUYCKUTAMBO,MOVIMIENTO REGIONAL INKA PACHAKUTEQ,503,M,QUECHUA
70807,CUSCO,ESPINAR,SUYCKUTAMBO,SIEMPRE UNIDOS,234,M,QUECHUA
70808,CUSCO,ESPINAR,ALTO PICHIGUA,MOVIMIENTO INDEPENDIENTE CENTENARIO ESPINAR,766,M,CASTELLANO
70808,CUSCO,ESPINAR,ALTO PICHIGUA,MOVIMIENTO REGIONAL ACUERDO POPULAR UNIFICADO,130,M,CASTELLANO
70808,CUSCO,ESPINAR,ALTO PICHIGUA,MOVIMIENTO REGIONAL INKA PACHAKUTEQ,208,M,CASTELLANO
70808,CUSCO,ESPINAR,ALTO PICHIGUA,SIEMPRE UNIDOS,423,M,CASTELLANO
70902,CUSCO,LA CONVENCION,ECHARATE,ACCION PARA UN GOBIERNO RESPONSABLE Y ORGANIZADO,3985,M,CASTELLANO
70902,CUSCO,LA CONVENCION,ECHARATE,ACCION POPULAR,62,M,CASTELLANO
70902,CUSCO,LA CONVENCION,ECHARATE,ALIANZA POPULAR,552,M,CASTELLANO
70902,CUSCO,LA CONVENCION,ECHARATE,AUTOGOBIERNO AYLLU,80,M,CASTELLANO
70902,CUSCO,LA CONVENCION,ECHARATE,FUERZA INKA AMAZONICA,2953,M,CASTELLANO
70902,CUSCO,LA CONVENCION,ECHARATE,FUERZA POPULAR,71,M,CASTELLANO
70902,CUSCO,LA CONVENCION,ECHARATE,MOVIMIENTO REGIONAL ACUERDO POPULAR UNIFICADO,8993,M,CASTELLANO
70902,CUSCO,LA CONVENCION,ECHARATE,MOVIMIENTO REGIONAL INKA PACHAKUTEQ,71,M,CASTELLANO
70902,CUSCO,LA CONVENCION,ECHARATE,MOVIMIENTO REGIONAL TAWANTINSUYO,48,M,CASTELLANO
70902,CUSCO,LA CONVENCION,ECHARATE,PARTIDO DEMOCRATICO SOMOS PERU,5442,M,CASTELLANO
70902,CUSCO,LA CONVENCION,ECHARATE,PATRIA ARRIBA PERU ADELANTE,182,M,CASTELLANO
70902,CUSCO,LA CONVENCION,ECHARATE,TIERRA Y LIBERTAD CUSCO,575,M,CASTELLANO
70903,CUSCO,LA CONVENCION,HUAYOPATA,FUERZA INKA AMAZONICA,74,M,CASTELLANO
70903,CUSCO,LA CONVENCION,HUAYOPATA,MOVIMIENTO REGIONAL ACUERDO POPULAR UNIFICADO,1592,M,CASTELLANO
70903,CUSCO,LA CONVENCION,HUAYOPATA,MOVIMIENTO REGIONAL INKA PACHAKUTEQ,174,M,CASTELLANO
70903,CUSCO,LA CONVENCION,HUAYOPATA,PARTIDO DEMOCRATICO SOMOS PERU,1098,M,CASTELLANO
70903,CUSCO,LA CONVENCION,HUAYOPATA,PATRIA ARRIBA PERU ADELANTE,172,M,CASTELLANO
70903,CUSCO,LA CONVENCION,HUAYOPATA,SIEMPRE UNIDOS,187,M,CASTELLANO
70903,CUSCO,LA CONVENCION,HUAYOPATA,TIERRA Y LIBERTAD CUSCO,516,M,CASTELLANO
70904,CUSCO,LA CONVENCION,MARANURA,ALIANZA PARA EL PROGRESO,136,M,CASTELLANO
70904,CUSCO,LA CONVENCION,MARANURA,FUERZA INKA AMAZONICA,1438,M,CASTELLANO
70904,CUSCO,LA CONVENCION,MARANURA,FUERZA POPULAR,509,M,CASTELLANO
70904,CUSCO,LA CONVENCION,MARANURA,MOVIMIENTO REGIONAL ACUERDO POPULAR UNIFICADO,1738,M,CASTELLANO
70904,CUSCO,LA CONVENCION,MARANURA,MOVIMIENTO REGIONAL INKA PACHAKUTEQ,10,M,CASTELLANO
70904,CUSCO,LA CONVENCION,MARANURA,PARTIDO DEMOCRATICO SOMOS PERU,701,M,CASTELLANO
70904,CUSCO,LA CONVENCION,MARANURA,PATRIA ARRIBA PERU ADELANTE,57,M,CASTELLANO
70904,CUSCO,LA CONVENCION,MARANURA,TIERRA Y LIBERTAD CUSCO,122,M,CASTELLANO
70905,CUSCO,LA CONVENCION,OCOBAMBA,ALIANZA PARA EL PROGRESO,118,M,CASTELLANO
70905,CUSCO,LA CONVENCION,OCOBAMBA,FUERZA INKA AMAZONICA,1347,M,CASTELLANO
70905,CUSCO,LA CONVENCION,OCOBAMBA,MOVIMIENTO REGIONAL ACUERDO POPULAR UNIFICADO,542,M,CASTELLANO
70905,CUSCO,LA CONVENCION,OCOBAMBA,PARTIDO DEMOCRATICO SOMOS PERU,1352,M,CASTELLANO
70906,CUSCO,LA CONVENCION,SANTA TERESA,ACCION POPULAR,11,M,CASTELLANO
70906,CUSCO,LA CONVENCION,SANTA TERESA,ALIANZA PARA EL PROGRESO,676,M,CASTELLANO
70906,CUSCO,LA CONVENCION,SANTA TERESA,AUTOGOBIERNO AYLLU,90,M,CASTELLANO
70906,CUSCO,LA CONVENCION,SANTA TERESA,FUERZA INKA AMAZONICA,1421,M,CASTELLANO
70906,CUSCO,LA CONVENCION,SANTA TERESA,FUERZA POPULAR,60,M,CASTELLANO
70906,CUSCO,LA CONVENCION,SANTA TERESA,MOVIMIENTO REGIONAL ACUERDO POPULAR UNIFICADO,1743,M,CASTELLANO
70906,CUSCO,LA CONVENCION,SANTA TERESA,PARTIDO DEMOCRATICO SOMOS PERU,523,M,CASTELLANO
70906,CUSCO,LA CONVENCION,SANTA TERESA,PATRIA ARRIBA PERU ADELANTE,168,M,CASTELLANO
70907,CUSCO,LA CONVENCION,VILCABAMBA,ACCION POPULAR,26,M,CASTELLANO
70907,CUSCO,LA CONVENCION,VILCABAMBA,ALIANZA PARA EL PROGRESO,37,M,CASTELLANO
70907,CUSCO,LA CONVENCION,VILCABAMBA,AUTOGOBIERNO AYLLU,2867,M,CASTELLANO
70907,CUSCO,LA CONVENCION,VILCABAMBA,FUERZA INKA AMAZONICA,292,M,CASTELLANO
70907,CUSCO,LA CONVENCION,VILCABAMBA,MOVIMIENTO REGIONAL ACUERDO POPULAR UNIFICADO,3638,M,CASTELLANO
70907,CUSCO,LA CONVENCION,VILCABAMBA,PARTIDO DEMOCRATICO SOMOS PERU,408,M,CASTELLANO
70907,CUSCO,LA CONVENCION,VILCABAMBA,PATRIA ARRIBA PERU ADELANTE,546,M,CASTELLANO
70907,CUSCO,LA CONVENCION,VILCABAMBA,SIEMPRE UNIDOS,2035,M,CASTELLANO
70907,CUSCO,LA CONVENCION,VILCABAMBA,TIERRA Y LIBERTAD CUSCO,36,M,CASTELLANO
70908,CUSCO,LA CONVENCION,QUELLOUNO,ALIANZA PARA EL PROGRESO,26,M,CASTELLANO
70908,CUSCO,LA CONVENCION,QUELLOUNO,AUTOGOBIERNO AYLLU,2032,M,CASTELLANO
70908,CUSCO,LA CONVENCION,QUELLOUNO,FUERZA INKA AMAZONICA,881,M,CASTELLANO
70908,CUSCO,LA CONVENCION,QUELLOUNO,MOVIMIENTO REGIONAL ACUERDO POPULAR UNIFICADO,2283,M,CASTELLANO
70908,CUSCO,LA CONVENCION,QUELLOUNO,PARTIDO DEMOCRATICO SOMOS PERU,57,M,CASTELLANO
70908,CUSCO,LA CONVENCION,QUELLOUNO,PATRIA ARRIBA PERU ADELANTE,225,M,CASTELLANO
70908,CUSCO,LA CONVENCION,QUELLOUNO,TIERRA Y LIBERTAD CUSCO,1605,M,CASTELLANO
70909,CUSCO,LA CONVENCION,KIMBIRI,ALIANZA PARA EL PROGRESO,4194,M,QUECHUA
70909,CUSCO,LA CONVENCION,KIMBIRI,AUTOGOBIERNO AYLLU,2636,M,QUECHUA
70909,CUSCO,LA CONVENCION,KIMBIRI,FUERZA INKA AMAZONICA,1668,M,QUECHUA
70909,CUSCO,LA CONVENCION,KIMBIRI,MOVIMIENTO REGIONAL ACUERDO POPULAR UNIFICADO,138,M,QUECHUA
70909,CUSCO,LA CONVENCION,KIMBIRI,MOVIMIENTO REGIONAL TAWANTINSUYO,182,M,QUECHUA
70909,CUSCO,LA CONVENCION,KIMBIRI,PARTIDO DEMOCRATICO SOMOS PERU,850,M,QUECHUA
70910,CUSCO,LA CONVENCION,PICHARI,ALIANZA PARA EL PROGRESO,934,M,CASTELLANO
70910,CUSCO,LA CONVENCION,PICHARI,FUERZA INKA AMAZONICA,2249,M,CASTELLANO
70910,CUSCO,LA CONVENCION,PICHARI,FUERZA POPULAR,68,M,CASTELLANO
70910,CUSCO,LA CONVENCION,PICHARI,KAUSACHUN CUSCO,46,M,CASTELLANO
70910,CUSCO,LA CONVENCION,PICHARI,MOVIMIENTO REGIONAL ACUERDO POPULAR UNIFICADO,3225,M,CASTELLANO
70910,CUSCO,LA CONVENCION,PICHARI,MOVIMIENTO REGIONAL INKA PACHAKUTEQ,26,M,CASTELLANO
70910,CUSCO,LA CONVENCION,PICHARI,PARTIDO DEMOCRATICO SOMOS PERU,4067,M,CASTELLANO
70910,CUSCO,LA CONVENCION,PICHARI,PATRIA ARRIBA PERU ADELANTE,59,M,CASTELLANO
71002,CUSCO,PARURO,ACCHA,ALIANZA PARA EL PROGRESO,77,M,CASTELLANO
71002,CUSCO,PARURO,ACCHA,AUTOGOBIERNO AYLLU,75,M,CASTELLANO
71002,CUSCO,PARURO,ACCHA,FUERZA INKA AMAZONICA,126,M,CASTELLANO
71002,CUSCO,PARURO,ACCHA,FUERZA POPULAR,111,M,CASTELLANO
71002,CUSCO,PARURO,ACCHA,KAUSACHUN CUSCO,111,M,CASTELLANO
71002,CUSCO,PARURO,ACCHA,MOVIMIENTO REGIONAL ACUERDO POPULAR UNIFICADO,612,M,CASTELLANO
71002,CUSCO,PARURO,ACCHA,PATRIA ARRIBA PERU ADELANTE,253,M,CASTELLANO
71002,CUSCO,PARURO,ACCHA,SIEMPRE UNIDOS,474,M,CASTELLANO
71003,CUSCO,PARURO,CCAPI,ALIANZA PARA EL PROGRESO,16,M,QUECHUA
71003,CUSCO,PARURO,CCAPI,AUTOGOBIERNO AYLLU,698,M,QUECHUA
71003,CUSCO,PARURO,CCAPI,FUERZA INKA AMAZONICA,645,M,QUECHUA
71003,CUSCO,PARURO,CCAPI,KAUSACHUN CUSCO,298,M,QUECHUA
71003,CUSCO,PARURO,CCAPI,MOVIMIENTO REGIONAL ACUERDO POPULAR UNIFICADO,179,M,QUECHUA
71003,CUSCO,PARURO,CCAPI,SIEMPRE UNIDOS,56,M,QUECHUA
71004,CUSCO,PARURO,COLCHA,ALIANZA PARA EL PROGRESO,94,M,CASTELLANO
71004,CUSCO,PARURO,COLCHA,ALIANZA POPULAR,41,M,CASTELLANO
71004,CUSCO,PARURO,COLCHA,AUTOGOBIERNO AYLLU,112,M,CASTELLANO
71004,CUSCO,PARURO,COLCHA,FUERZA INKA AMAZONICA,20,M,CASTELLANO
71004,CUSCO,PARURO,COLCHA,KAUSACHUN CUSCO,60,M,CASTELLANO
71004,CUSCO,PARURO,COLCHA,MOVIMIENTO REGIONAL ACUERDO POPULAR UNIFICADO,107,M,CASTELLANO
71004,CUSCO,PARURO,COLCHA,MOVIMIENTO REGIONAL INKA PACHAKUTEQ,64,M,CASTELLANO
71004,CUSCO,PARURO,COLCHA,MOVIMIENTO REGIONAL TAWANTINSUYO,32,M,CASTELLANO
71004,CUSCO,PARURO,COLCHA,PARTIDO DEMOCRATICO SOMOS PERU,23,M,CASTELLANO
71004,CUSCO,PARURO,COLCHA,PATRIA ARRIBA PERU ADELANTE,111,M,CASTELLANO
71004,CUSCO,PARURO,COLCHA,SIEMPRE UNIDOS,76,M,CASTELLANO
71005,CUSCO,PARURO,HUANOQUITE,ALIANZA PARA EL PROGRESO,72,M,CASTELLANO
71005,CUSCO,PARURO,HUANOQUITE,AUTOGOBIERNO AYLLU,1076,M,CASTELLANO
71005,CUSCO,PARURO,HUANOQUITE,FUERZA INKA AMAZONICA,509,M,CASTELLANO
71005,CUSCO,PARURO,HUANOQUITE,FUERZA POPULAR,188,M,CASTELLANO
71005,CUSCO,PARURO,HUANOQUITE,MOVIMIENTO REGIONAL ACUERDO POPULAR UNIFICADO,869,M,CASTELLANO
71005,CUSCO,PARURO,HUANOQUITE,MOVIMIENTO REGIONAL INKA PACHAKUTEQ,14,M,CASTELLANO
71005,CUSCO,PARURO,HUANOQUITE,SIEMPRE UNIDOS,250,M,CASTELLANO
71006,CUSCO,PARURO,OMACHA,ALIANZA PARA EL PROGRESO,19,M,CASTELLANO
71006,CUSCO,PARURO,OMACHA,AUTOGOBIERNO AYLLU,126,M,CASTELLANO
71006,CUSCO,PARURO,OMACHA,FUERZA INKA AMAZONICA,962,M,CASTELLANO
71006,CUSCO,PARURO,OMACHA,MOVIMIENTO REGIONAL ACUERDO POPULAR UNIFICADO,1227,M,CASTELLANO
71006,CUSCO,PARURO,OMACHA,PARTIDO DEMOCRATICO SOMOS PERU,213,M,CASTELLANO
71007,CUSCO,PARURO,YAURISQUE,ALIANZA PARA EL PROGRESO,235,M,QUECHUA
71007,CUSCO,PARURO,YAURISQUE,FUERZA INKA AMAZONICA,552,M,QUECHUA
71007,CUSCO,PARURO,YAURISQUE,KAUSACHUN CUSCO,182,M,QUECHUA
71007,CUSCO,PARURO,YAURISQUE,MOVIMIENTO REGIONAL ACUERDO POPULAR UNIFICADO,729,M,QUECHUA
71008,CUSCO,PARURO,PACCARITAMBO,AUTOGOBIERNO AYLLU,377,M,CASTELLANO
71008,CUSCO,PARURO,PACCARITAMBO,FUERZA INKA AMAZONICA,407,M,CASTELLANO
71008,CUSCO,PARURO,PACCARITAMBO,MOVIMIENTO REGIONAL ACUERDO POPULAR UNIFICADO,411,M,CASTELLANO
71008,CUSCO,PARURO,PACCARITAMBO,PATRIA ARRIBA PERU ADELANTE,163,M,CASTELLANO
71009,CUSCO,PARURO,PILLPINTO,ALIANZA PARA EL PROGRESO,133,M,CASTELLANO
71009,CUSCO,PARURO,PILLPINTO,FUERZA INKA AMAZONICA,236,M,CASTELLANO
71009,CUSCO,PARURO,PILLPINTO,MOVIMIENTO REGIONAL ACUERDO POPULAR UNIFICADO,202,M,CASTELLANO
71009,CUSCO,PARURO,PILLPINTO,SIEMPRE UNIDOS,236,M,CASTELLANO
71102,CUSCO,PAUCARTAMBO,CAICAY,ACCION POPULAR,10,M,CASTELLANO
71102,CUSCO,PAUCARTAMBO,CAICAY,ALIANZA POPULAR,241,M,CASTELLANO
71102,CUSCO,PAUCARTAMBO,CAICAY,AUTOGOBIERNO AYLLU,235,M,CASTELLANO
71102,CUSCO,PAUCARTAMBO,CAICAY,KAUSACHUN CUSCO,362,M,CASTELLANO
71102,CUSCO,PAUCARTAMBO,CAICAY,MOVIMIENTO REGIONAL ACUERDO POPULAR UNIFICADO,136,M,CASTELLANO
71102,CUSCO,PAUCARTAMBO,CAICAY,MOVIMIENTO REGIONAL INKA PACHAKUTEQ,37,M,CASTELLANO
71102,CUSCO,PAUCARTAMBO,CAICAY,MOVIMIENTO REGIONAL TAWANTINSUYO,251,M,CASTELLANO
71102,CUSCO,PAUCARTAMBO,CAICAY,SIEMPRE UNIDOS,293,M,CASTELLANO
71103,CUSCO,PAUCARTAMBO,COLQUEPATA,ACCION POPULAR,235,M,CASTELLANO
71103,CUSCO,PAUCARTAMBO,COLQUEPATA,ALIANZA POPULAR,593,M,CASTELLANO
71103,CUSCO,PAUCARTAMBO,COLQUEPATA,AUTOGOBIERNO AYLLU,1087,M,CASTELLANO
71103,CUSCO,PAUCARTAMBO,COLQUEPATA,EL VERDADERO CAMBIO 2015,168,M,CASTELLANO
71103,CUSCO,PAUCARTAMBO,COLQUEPATA,FUERZA POPULAR,29,M,CASTELLANO
71103,CUSCO,PAUCARTAMBO,COLQUEPATA,KAUSACHUN CUSCO,162,M,CASTELLANO
71103,CUSCO,PAUCARTAMBO,COLQUEPATA,MOVIMIENTO REGIONAL ACUERDO POPULAR UNIFICADO,84,M,CASTELLANO
71103,CUSCO,PAUCARTAMBO,COLQUEPATA,MOVIMIENTO REGIONAL INKA PACHAKUTEQ,515,M,CASTELLANO
71103,CUSCO,PAUCARTAMBO,COLQUEPATA,MOVIMIENTO REGIONAL TAWANTINSUYO,747,M,CASTELLANO
71103,CUSCO,PAUCARTAMBO,COLQUEPATA,PARTIDO POPULAR CRISTIANO - PPC,26,M,CASTELLANO
71103,CUSCO,PAUCARTAMBO,COLQUEPATA,PATRIA ARRIBA PERU ADELANTE,60,M,CASTELLANO
71103,CUSCO,PAUCARTAMBO,COLQUEPATA,SIEMPRE UNIDOS,473,M,CASTELLANO
71104,CUSCO,PAUCARTAMBO,CHALLABAMBA,ACCION POPULAR,1800,M,CASTELLANO
71104,CUSCO,PAUCARTAMBO,CHALLABAMBA,ALIANZA POPULAR,336,M,CASTELLANO
71104,CUSCO,PAUCARTAMBO,CHALLABAMBA,AUTOGOBIERNO AYLLU,37,M,CASTELLANO
71104,CUSCO,PAUCARTAMBO,CHALLABAMBA,FUERZA INKA AMAZONICA,36,M,CASTELLANO
71104,CUSCO,PAUCARTAMBO,CHALLABAMBA,KAUSACHUN CUSCO,12,M,CASTELLANO
71104,CUSCO,PAUCARTAMBO,CHALLABAMBA,MOVIMIENTO REGIONAL ACUERDO POPULAR UNIFICADO,741,M,CASTELLANO
71104,CUSCO,PAUCARTAMBO,CHALLABAMBA,MOVIMIENTO REGIONAL INKA PACHAKUTEQ,38,M,CASTELLANO
71104,CUSCO,PAUCARTAMBO,CHALLABAMBA,MOVIMIENTO REGIONAL TAWANTINSUYO,183,M,CASTELLANO
71104,CUSCO,PAUCARTAMBO,CHALLABAMBA,PATRIA ARRIBA PERU ADELANTE,31,M,CASTELLANO
71104,CUSCO,PAUCARTAMBO,CHALLABAMBA,SIEMPRE UNIDOS,640,M,CASTELLANO
71105,CUSCO,PAUCARTAMBO,KOSÑIPATA,ACCION POPULAR,23,M,CASTELLANO
71105,CUSCO,PAUCARTAMBO,KOSÑIPATA,ALIANZA PARA EL PROGRESO,89,M,CASTELLANO
71105,CUSCO,PAUCARTAMBO,KOSÑIPATA,ALIANZA POPULAR,343,M,CASTELLANO
71105,CUSCO,PAUCARTAMBO,KOSÑIPATA,AUTOGOBIERNO AYLLU,595,M,CASTELLANO
71105,CUSCO,PAUCARTAMBO,KOSÑIPATA,KAUSACHUN CUSCO,87,M,CASTELLANO
71105,CUSCO,PAUCARTAMBO,KOSÑIPATA,MOVIMIENTO REGIONAL ACUERDO POPULAR UNIFICADO,47,M,CASTELLANO
71105,CUSCO,PAUCARTAMBO,KOSÑIPATA,MOVIMIENTO REGIONAL INKA PACHAKUTEQ,774,M,CASTELLANO
71105,CUSCO,PAUCARTAMBO,KOSÑIPATA,MOVIMIENTO REGIONAL TAWANTINSUYO,109,M,CASTELLANO
71105,CUSCO,PAUCARTAMBO,KOSÑIPATA,PATRIA ARRIBA PERU ADELANTE,66,M,CASTELLANO
71105,CUSCO,PAUCARTAMBO,KOSÑIPATA,SIEMPRE UNIDOS,108,M,CASTELLANO
71106,CUSCO,PAUCARTAMBO,HUANCARANI,ACCION POPULAR,73,M,CASTELLANO
71106,CUSCO,PAUCARTAMBO,HUANCARANI,ALIANZA POPULAR,133,M,CASTELLANO
71106,CUSCO,PAUCARTAMBO,HUANCARANI,AUTOGOBIERNO AYLLU,1284,M,CASTELLANO
71106,CUSCO,PAUCARTAMBO,HUANCARANI,FUERZA POPULAR,96,M,CASTELLANO
71106,CUSCO,PAUCARTAMBO,HUANCARANI,MOVIMIENTO REGIONAL ACUERDO POPULAR UNIFICADO,1000,M,CASTELLANO
71106,CUSCO,PAUCARTAMBO,HUANCARANI,SIEMPRE UNIDOS,718,M,CASTELLANO
71202,CUSCO,QUISPICANCHI,ANDAHUAYLILLAS,ALIANZA POPULAR,486,M,CASTELLANO
71202,CUSCO,QUISPICANCHI,ANDAHUAYLILLAS,AUTOGOBIERNO AYLLU,785,M,CASTELLANO
71202,CUSCO,QUISPICANCHI,ANDAHUAYLILLAS,FUERZA INKA AMAZONICA,299,M,CASTELLANO
71202,CUSCO,QUISPICANCHI,ANDAHUAYLILLAS,KAUSACHUN CUSCO,25,M,CASTELLANO
71202,CUSCO,QUISPICANCHI,ANDAHUAYLILLAS,MOVIMIENTO REGIONAL ACUERDO POPULAR UNIFICADO,183,M,CASTELLANO
71202,CUSCO,QUISPICANCHI,ANDAHUAYLILLAS,MOVIMIENTO REGIONAL TAWANTINSUYO,74,M,CASTELLANO
71202,CUSCO,QUISPICANCHI,ANDAHUAYLILLAS,TIERRA Y LIBERTAD CUSCO,1073,M,CASTELLANO
71203,CUSCO,QUISPICANCHI,CAMANTI,ALIANZA PARA EL PROGRESO,349,M,CASTELLANO
71203,CUSCO,QUISPICANCHI,CAMANTI,ALIANZA POPULAR,27,M,CASTELLANO
71203,CUSCO,QUISPICANCHI,CAMANTI,AUTOGOBIERNO AYLLU,310,M,CASTELLANO
71203,CUSCO,QUISPICANCHI,CAMANTI,FUERZA INKA AMAZONICA,31,M,CASTELLANO
71203,CUSCO,QUISPICANCHI,CAMANTI,FUERZA POPULAR,152,M,CASTELLANO
71203,CUSCO,QUISPICANCHI,CAMANTI,KAUSACHUN CUSCO,239,M,CASTELLANO
71203,CUSCO,QUISPICANCHI,CAMANTI,MOVIMIENTO REGIONAL ACUERDO POPULAR UNIFICADO,164,M,CASTELLANO
71203,CUSCO,QUISPICANCHI,CAMANTI,MOVIMIENTO REGIONAL INKA PACHAKUTEQ,4,M,CASTELLANO
71203,CUSCO,QUISPICANCHI,CAMANTI,SIEMPRE UNIDOS,75,M,CASTELLANO
71204,CUSCO,QUISPICANCHI,CCARHUAYO,AUTOGOBIERNO AYLLU,537,M,AYMARA
71204,CUSCO,QUISPICANCHI,CCARHUAYO,FUERZA INKA AMAZONICA,416,M,AYMARA
71204,CUSCO,QUISPICANCHI,CCARHUAYO,KAUSACHUN CUSCO,203,M,AYMARA
71204,CUSCO,QUISPICANCHI,CCARHUAYO,MOVIMIENTO REGIONAL ACUERDO POPULAR UNIFICADO,523,M,AYMARA
71205,CUSCO,QUISPICANCHI,CCATCA,ALIANZA POPULAR,1539,M,CASTELLANO
71205,CUSCO,QUISPICANCHI,CCATCA,AUTOGOBIERNO AYLLU,989,M,CASTELLANO
71205,CUSCO,QUISPICANCHI,CCATCA,FUERZA INKA AMAZONICA,464,M,CASTELLANO
71205,CUSCO,QUISPICANCHI,CCATCA,KAUSACHUN CUSCO,497,M,CASTELLANO
71205,CUSCO,QUISPICANCHI,CCATCA,MOVIMIENTO REGIONAL ACUERDO POPULAR UNIFICADO,1826,M,CASTELLANO
71205,CUSCO,QUISPICANCHI,CCATCA,MOVIMIENTO REGIONAL INKA PACHAKUTEQ,55,M,CASTELLANO
71205,CUSCO,QUISPICANCHI,CCATCA,PATRIA ARRIBA PERU ADELANTE,749,M,CASTELLANO
71205,CUSCO,QUISPICANCHI,CCATCA,TIERRA Y LIBERTAD CUSCO,119,M,CASTELLANO
71206,CUSCO,QUISPICANCHI,CUSIPATA,ALIANZA PARA EL PROGRESO,246,M,AYMARA
71206,CUSCO,QUISPICANCHI,CUSIPATA,ALIANZA POPULAR,300,M,AYMARA
71206,CUSCO,QUISPICANCHI,CUSIPATA,FUERZA INKA AMAZONICA,248,M,AYMARA
71206,CUSCO,QUISPICANCHI,CUSIPATA,KAUSACHUN CUSCO,334,M,AYMARA
71206,CUSCO,QUISPICANCHI,CUSIPATA,MOVIMIENTO REGIONAL ACUERDO POPULAR UNIFICADO,863,M,AYMARA
71206,CUSCO,QUISPICANCHI,CUSIPATA,MOVIMIENTO REGIONAL INKA PACHAKUTEQ,782,M,AYMARA
71207,CUSCO,QUISPICANCHI,HUARO,ALIANZA PARA EL PROGRESO,170,M,CASTELLANO
71207,CUSCO,QUISPICANCHI,HUARO,AUTOGOBIERNO AYLLU,508,M,CASTELLANO
71207,CUSCO,QUISPICANCHI,HUARO,FUERZA INKA AMAZONICA,530,M,CASTELLANO
71207,CUSCO,QUISPICANCHI,HUARO,KAUSACHUN CUSCO,397,M,CASTELLANO
71207,CUSCO,QUISPICANCHI,HUARO,MOVIMIENTO REGIONAL ACUERDO POPULAR UNIFICADO,587,M,CASTELLANO
71207,CUSCO,QUISPICANCHI,HUARO,MOVIMIENTO REGIONAL INKA PACHAKUTEQ,38,M,CASTELLANO
71207,CUSCO,QUISPICANCHI,HUARO,MOVIMIENTO REGIONAL TAWANTINSUYO,48,M,CASTELLANO
71208,CUSCO,QUISPICANCHI,LUCRE,ACCION POPULAR,493,M,CASTELLANO
71208,CUSCO,QUISPICANCHI,LUCRE,ALIANZA POPULAR,210,M,CASTELLANO
71208,CUSCO,QUISPICANCHI,LUCRE,AUTOGOBIERNO AYLLU,90,M,CASTELLANO
71208,CUSCO,QUISPICANCHI,LUCRE,FUERZA INKA AMAZONICA,252,M,CASTELLANO
71208,CUSCO,QUISPICANCHI,LUCRE,KAUSACHUN CUSCO,249,M,CASTELLANO
71208,CUSCO,QUISPICANCHI,LUCRE,MOVIMIENTO REGIONAL ACUERDO POPULAR UNIFICADO,967,M,CASTELLANO
71208,CUSCO,QUISPICANCHI,LUCRE,MOVIMIENTO REGIONAL INKA PACHAKUTEQ,28,M,CASTELLANO
71208,CUSCO,QUISPICANCHI,LUCRE,SIEMPRE UNIDOS,223,M,CASTELLANO
71209,CUSCO,QUISPICANCHI,MARCAPATA,ALIANZA PARA EL PROGRESO,83,M,CASTELLANO
71209,CUSCO,QUISPICANCHI,MARCAPATA,ALIANZA POPULAR,518,M,CASTELLANO
71209,CUSCO,QUISPICANCHI,MARCAPATA,AUTOGOBIERNO AYLLU,633,M,CASTELLANO
71209,CUSCO,QUISPICANCHI,MARCAPATA,FUERZA INKA AMAZONICA,83,M,CASTELLANO
71209,CUSCO,QUISPICANCHI,MARCAPATA,FUERZA POPULAR,226,M,CASTELLANO
71209,CUSCO,QUISPICANCHI,MARCAPATA,KAUSACHUN CUSCO,74,M,CASTELLANO
71209,CUSCO,QUISPICANCHI,MARCAPATA,MOVIMIENTO REGIONAL ACUERDO POPULAR UNIFICADO,126,M,CASTELLANO
71209,CUSCO,QUISPICANCHI,MARCAPATA,MOVIMIENTO REGIONAL TAWANTINSUYO,222,M,CASTELLANO
71209,CUSCO,QUISPICANCHI,MARCAPATA,PARTIDO HUMANISTA PERUANO,15,M,CASTELLANO
71209,CUSCO,QUISPICANCHI,MARCAPATA,SAHUANCCAY PUKARA,425,M,CASTELLANO
71210,CUSCO,QUISPICANCHI,OCONGATE,AUTOGOBIERNO AYLLU,1797,M,CASTELLANO
71210,CUSCO,QUISPICANCHI,OCONGATE,FUERZA INKA AMAZONICA,158,M,CASTELLANO
71210,CUSCO,QUISPICANCHI,OCONGATE,KAUSACHUN CUSCO,1006,M,CASTELLANO
71210,CUSCO,QUISPICANCHI,OCONGATE,MOVIMIENTO REGIONAL ACUERDO POPULAR UNIFICADO,4163,M,CASTELLANO
71210,CUSCO,QUISPICANCHI,OCONGATE,MOVIMIENTO REGIONAL INKA PACHAKUTEQ,54,M,CASTELLANO
71211,CUSCO,QUISPICANCHI,OROPESA,ALIANZA POPULAR,127,M,CASTELLANO
71211,CUSCO,QUISPICANCHI,OROPESA,AUTOGOBIERNO AYLLU,1111,M,CASTELLANO
71211,CUSCO,QUISPICANCHI,OROPESA,FUERZA INKA AMAZONICA,169,M,CASTELLANO
71211,CUSCO,QUISPICANCHI,OROPESA,KAUSACHUN CUSCO,761,M,CASTELLANO
71211,CUSCO,QUISPICANCHI,OROPESA,MOVIMIENTO REGIONAL ACUERDO POPULAR UNIFICADO,1075,M,CASTELLANO
71211,CUSCO,QUISPICANCHI,OROPESA,MOVIMIENTO REGIONAL INKA PACHAKUTEQ,185,M,CASTELLANO
71211,CUSCO,QUISPICANCHI,OROPESA,PARTIDO DEMOCRATICO SOMOS PERU,366,M,CASTELLANO
71212,CUSCO,QUISPICANCHI,QUIQUIJANA,ACCION POPULAR,61,M,CASTELLANO
71212,CUSCO,QUISPICANCHI,QUIQUIJANA,ALIANZA PARA EL PROGRESO,23,M,CASTELLANO
71212,CUSCO,QUISPICANCHI,QUIQUIJANA,ALIANZA POPULAR,1484,M,CASTELLANO
71212,CUSCO,QUISPICANCHI,QUIQUIJANA,FUERZA INKA AMAZONICA,157,M,CASTELLANO
71212,CUSCO,QUISPICANCHI,QUIQUIJANA,KAUSACHUN CUSCO,1971,M,CASTELLANO
71212,CUSCO,QUISPICANCHI,QUIQUIJANA,MOVIMIENTO REGIONAL ACUERDO POPULAR UNIFICADO,1167,M,CASTELLANO
71212,CUSCO,QUISPICANCHI,QUIQUIJANA,MOVIMIENTO REGIONAL INKA PACHAKUTEQ,31,M,CASTELLANO
71212,CUSCO,QUISPICANCHI,QUIQUIJANA,MOVIMIENTO REGIONAL TAWANTINSUYO,38,M,CASTELLANO
71302,CUSCO,URUBAMBA,CHINCHERO,ALIANZA PARA EL PROGRESO,59,M,CASTELLANO
71302,CUSCO,URUBAMBA,CHINCHERO,AUTOGOBIERNO AYLLU,83,M,CASTELLANO
71302,CUSCO,URUBAMBA,CHINCHERO,FUERZA INKA AMAZONICA,285,M,CASTELLANO
71302,CUSCO,URUBAMBA,CHINCHERO,KAUSACHUN CUSCO,79,M,CASTELLANO
71302,CUSCO,URUBAMBA,CHINCHERO,MOVIMIENTO REGIONAL ACUERDO POPULAR UNIFICADO,1240,M,CASTELLANO
71302,CUSCO,URUBAMBA,CHINCHERO,MOVIMIENTO REGIONAL INKA PACHAKUTEQ,393,M,CASTELLANO
71302,CUSCO,URUBAMBA,CHINCHERO,MOVIMIENTO REGIONAL TAWANTINSUYO,177,M,CASTELLANO
71302,CUSCO,URUBAMBA,CHINCHERO,PARTIDO DEMOCRATICO SOMOS PERU,293,M,CASTELLANO
71302,CUSCO,URUBAMBA,CHINCHERO,PARTIDO HUMANISTA PERUANO,681,M,CASTELLANO
71302,CUSCO,URUBAMBA,CHINCHERO,PATRIA ARRIBA PERU ADELANTE,134,M,CASTELLANO
71302,CUSCO,URUBAMBA,CHINCHERO,SIEMPRE UNIDOS,131,M,CASTELLANO
71302,CUSCO,URUBAMBA,CHINCHERO,TIERRA Y LIBERTAD CUSCO,2264,M,CASTELLANO
71303,CUSCO,URUBAMBA,HUAYLLABAMBA,ACCION POPULAR,462,M,CASTELLANO
71303,CUSCO,URUBAMBA,HUAYLLABAMBA,ALIANZA PARA EL PROGRESO,33,M,CASTELLANO
71303,CUSCO,URUBAMBA,HUAYLLABAMBA,AUTOGOBIERNO AYLLU,454,M,CASTELLANO
71303,CUSCO,URUBAMBA,HUAYLLABAMBA,KAUSACHUN CUSCO,28,M,CASTELLANO
71303,CUSCO,URUBAMBA,HUAYLLABAMBA,MOVIMIENTO REGIONAL ACUERDO POPULAR UNIFICADO,759,M,CASTELLANO
71303,CUSCO,URUBAMBA,HUAYLLABAMBA,MOVIMIENTO REGIONAL INKA PACHAKUTEQ,58,M,CASTELLANO
71303,CUSCO,URUBAMBA,HUAYLLABAMBA,PARTIDO DEMOCRATICO SOMOS PERU,295,M,CASTELLANO
71303,CUSCO,URUBAMBA,HUAYLLABAMBA,TIERRA Y LIBERTAD CUSCO,578,M,CASTELLANO
71304,CUSCO,URUBAMBA,MACHUPICCHU,ACCION POPULAR,52,M,CASTELLANO
71304,CUSCO,URUBAMBA,MACHUPICCHU,ALIANZA PARA EL PROGRESO,1019,M,CASTELLANO
71304,CUSCO,URUBAMBA,MACHUPICCHU,KAUSACHUN CUSCO,12,M,CASTELLANO
71304,CUSCO,URUBAMBA,MACHUPICCHU,MOVIMIENTO REGIONAL ACUERDO POPULAR UNIFICADO,751,M,CASTELLANO
71304,CUSCO,URUBAMBA,MACHUPICCHU,MOVIMIENTO REGIONAL INKA PACHAKUTEQ,93,M,CASTELLANO
71304,CUSCO,URUBAMBA,MACHUPICCHU,SIEMPRE UNIDOS,898,M,CASTELLANO
71304,CUSCO,URUBAMBA,MACHUPICCHU,TIERRA Y LIBERTAD CUSCO,640,M,CASTELLANO
71305,CUSCO,URUBAMBA,MARAS,ACCION POPULAR,766,M,QUECHUA
71305,CUSCO,URUBAMBA,MARAS,ALIANZA PARA EL PROGRESO,59,M,QUECHUA
71305,CUSCO,URUBAMBA,MARAS,AUTOGOBIERNO AYLLU,363,M,QUECHUA
71305,CUSCO,URUBAMBA,MARAS,FUERZA INKA AMAZONICA,380,M,QUECHUA
71305,CUSCO,URUBAMBA,MARAS,MOVIMIENTO REGIONAL ACUERDO POPULAR UNIFICADO,690,M,QUECHUA
71305,CUSCO,URUBAMBA,MARAS,MOVIMIENTO REGIONAL INKA PACHAKUTEQ,56,M,QUECHUA
71305,CUSCO,URUBAMBA,MARAS,PARTIDO DEMOCRATICO SOMOS PERU,402,M,QUECHUA
71305,CUSCO,URUBAMBA,MARAS,PARTIDO HUMANISTA PERUANO,13,M,QUECHUA
71305,CUSCO,URUBAMBA,MARAS,PATRIA ARRIBA PERU ADELANTE,268,M,QUECHUA
71305,CUSCO,URUBAMBA,MARAS,TIERRA Y LIBERTAD CUSCO,301,M,QUECHUA
71306,CUSCO,URUBAMBA,OLLANTAYTAMBO,ACCION POPULAR,1031,M,CASTELLANO
71306,CUSCO,URUBAMBA,OLLANTAYTAMBO,ALIANZA PARA EL PROGRESO,253,M,CASTELLANO
71306,CUSCO,URUBAMBA,OLLANTAYTAMBO,AUTOGOBIERNO AYLLU,331,M,CASTELLANO
71306,CUSCO,URUBAMBA,OLLANTAYTAMBO,FUERZA INKA AMAZONICA,7,M,CASTELLANO
71306,CUSCO,URUBAMBA,OLLANTAYTAMBO,KAUSACHUN CUSCO,226,M,CASTELLANO
71306,CUSCO,URUBAMBA,OLLANTAYTAMBO,MOVIMIENTO REGIONAL ACUERDO POPULAR UNIFICADO,559,M,CASTELLANO
71306,CUSCO,URUBAMBA,OLLANTAYTAMBO,MOVIMIENTO REGIONAL INKA PACHAKUTEQ,548,M,CASTELLANO
71306,CUSCO,URUBAMBA,OLLANTAYTAMBO,PARTIDO DEMOCRATICO SOMOS PERU,950,M,CASTELLANO
71306,CUSCO,URUBAMBA,OLLANTAYTAMBO,TIERRA Y LIBERTAD CUSCO,1186,M,CASTELLANO
71307,CUSCO,URUBAMBA,YUCAY,AUTOGOBIERNO AYLLU,421,F,QUECHUA
71307,CUSCO,URUBAMBA,YUCAY,FUERZA INKA AMAZONICA,146,F,QUECHUA
71307,CUSCO,URUBAMBA,YUCAY,MOVIMIENTO REGIONAL ACUERDO POPULAR UNIFICADO,453,F,QUECHUA
71307,CUSCO,URUBAMBA,YUCAY,MOVIMIENTO REGIONAL INKA PACHAKUTEQ,68,F,QUECHUA
71307,CUSCO,URUBAMBA,YUCAY,PARTIDO DEMOCRATICO SOMOS PERU,83,F,QUECHUA
71307,CUSCO,URUBAMBA,YUCAY,TIERRA Y LIBERTAD CUSCO,563,F,QUECHUA
80102,HUANCAVELICA,HUANCAVELICA,ACOBAMBILLA,ACCION DE GOBERNABILIDAD PARA LA UNIDAD ANDINA,76,M,CASTELLANO
80102,HUANCAVELICA,HUANCAVELICA,ACOBAMBILLA,ALIANZA PARA EL PROGRESO,129,M,CASTELLANO
80102,HUANCAVELICA,HUANCAVELICA,ACOBAMBILLA,MOVIMIENTO INDEPENDIENTE DE CAMPESINOS Y PROFESIONALES,211,M,CASTELLANO
80102,HUANCAVELICA,HUANCAVELICA,ACOBAMBILLA,MOVIMIENTO INDEPENDIENTE REGIONAL AYLLU,247,M,CASTELLANO
80102,HUANCAVELICA,HUANCAVELICA,ACOBAMBILLA,MOVIMIENTO INDEPENDIENTE REGIONAL UNIDOS POR HUANCAVELICA,86,M,CASTELLANO
80102,HUANCAVELICA,HUANCAVELICA,ACOBAMBILLA,MOVIMIENTO INDEPENDIENTE TRABAJANDO PARA TODOS,299,M,CASTELLANO
80102,HUANCAVELICA,HUANCAVELICA,ACOBAMBILLA,MOVIMIENTO POLITICO FUERZA HUANCAVELICA,160,M,CASTELLANO
80102,HUANCAVELICA,HUANCAVELICA,ACOBAMBILLA,MOVIMIENTO REGIONAL AYNI,317,M,CASTELLANO
80103,HUANCAVELICA,HUANCAVELICA,ACORIA,ACCION DE GOBERNABILIDAD PARA LA UNIDAD ANDINA,66,M,CASTELLANO
80103,HUANCAVELICA,HUANCAVELICA,ACORIA,ACCION POPULAR,200,M,CASTELLANO
80103,HUANCAVELICA,HUANCAVELICA,ACORIA,ALIANZA PARA EL PROGRESO,239,M,CASTELLANO
80103,HUANCAVELICA,HUANCAVELICA,ACORIA,"EL FRENTE AMPLIO POR JUSTICIA, VIDA Y LIBERTAD",148,M,CASTELLANO
80103,HUANCAVELICA,HUANCAVELICA,ACORIA,FRENTE REGIONAL PODER COMUNAL,14,M,CASTELLANO
80103,HUANCAVELICA,HUANCAVELICA,ACORIA,MOVIMIENTO INDEPENDIENTE DE CAMPESINOS Y PROFESIONALES,340,M,CASTELLANO
80103,HUANCAVELICA,HUANCAVELICA,ACORIA,MOVIMIENTO INDEPENDIENTE REGIONAL AYLLU,2341,M,CASTELLANO
80103,HUANCAVELICA,HUANCAVELICA,ACORIA,MOVIMIENTO INDEPENDIENTE REGIONAL UNIDOS POR HUANCAVELICA,710,M,CASTELLANO
80103,HUANCAVELICA,HUANCAVELICA,ACORIA,MOVIMIENTO INDEPENDIENTE TRABAJANDO PARA TODOS,2779,M,CASTELLANO
80103,HUANCAVELICA,HUANCAVELICA,ACORIA,MOVIMIENTO POLITICO FUERZA HUANCAVELICA,79,M,CASTELLANO
80103,HUANCAVELICA,HUANCAVELICA,ACORIA,MOVIMIENTO POLITICO INDEPENDIENTE TODOS UNIDOS POR ACORIA,612,M,CASTELLANO
80103,HUANCAVELICA,HUANCAVELICA,ACORIA,MOVIMIENTO REGIONAL AYNI,231,M,CASTELLANO
80103,HUANCAVELICA,HUANCAVELICA,ACORIA,PARTIDO DEMOCRATICO SOMOS PERU,2430,M,CASTELLANO
80103,HUANCAVELICA,HUANCAVELICA,ACORIA,PARTIDO HUMANISTA PERUANO,7,M,CASTELLANO
80103,HUANCAVELICA,HUANCAVELICA,ACORIA,PROYECTO INTEGRACIONISTA DE COMUNIDADES ORGANIZADAS,7,M,CASTELLANO
80104,HUANCAVELICA,HUANCAVELICA,CONAYCA,ALIANZA PARA EL PROGRESO,24,M,CASTELLANO
80104,HUANCAVELICA,HUANCAVELICA,CONAYCA,MOVIMIENTO INDEPENDIENTE DE CAMPESINOS Y PROFESIONALES,22,M,CASTELLANO
80104,HUANCAVELICA,HUANCAVELICA,CONAYCA,MOVIMIENTO INDEPENDIENTE REGIONAL AYLLU,42,M,CASTELLANO
80104,HUANCAVELICA,HUANCAVELICA,CONAYCA,MOVIMIENTO INDEPENDIENTE REGIONAL UNIDOS POR HUANCAVELICA,62,M,CASTELLANO
80104,HUANCAVELICA,HUANCAVELICA,CONAYCA,MOVIMIENTO INDEPENDIENTE TRABAJANDO PARA TODOS,203,M,CASTELLANO
80104,HUANCAVELICA,HUANCAVELICA,CONAYCA,MOVIMIENTO POLITICO FUERZA HUANCAVELICA,182,M,CASTELLANO
80104,HUANCAVELICA,HUANCAVELICA,CONAYCA,MOVIMIENTO REGIONAL AYNI,17,M,CASTELLANO
80104,HUANCAVELICA,HUANCAVELICA,CONAYCA,PROYECTO INTEGRACIONISTA DE COMUNIDADES ORGANIZADAS,92,M,CASTELLANO
80105,HUANCAVELICA,HUANCAVELICA,CUENCA,ACCION DE GOBERNABILIDAD PARA LA UNIDAD ANDINA,56,M,CASTELLANO
80105,HUANCAVELICA,HUANCAVELICA,CUENCA,ALIANZA PARA EL PROGRESO,43,M,CASTELLANO
80105,HUANCAVELICA,HUANCAVELICA,CUENCA,DEMOCRACIA DIRECTA,77,M,CASTELLANO
80105,HUANCAVELICA,HUANCAVELICA,CUENCA,MOVIMIENTO INDEPENDIENTE DE CAMPESINOS Y PROFESIONALES,189,M,CASTELLANO
80105,HUANCAVELICA,HUANCAVELICA,CUENCA,MOVIMIENTO INDEPENDIENTE REGIONAL AYLLU,193,M,CASTELLANO
80105,HUANCAVELICA,HUANCAVELICA,CUENCA,MOVIMIENTO INDEPENDIENTE REGIONAL UNIDOS POR HUANCAVELICA,183,M,CASTELLANO
80105,HUANCAVELICA,HUANCAVELICA,CUENCA,MOVIMIENTO INDEPENDIENTE TRABAJANDO PARA TODOS,127,M,CASTELLANO
80105,HUANCAVELICA,HUANCAVELICA,CUENCA,MOVIMIENTO POLITICO FUERZA HUANCAVELICA,53,M,CASTELLANO
80105,HUANCAVELICA,HUANCAVELICA,CUENCA,MOVIMIENTO REGIONAL AYNI,64,M,CASTELLANO
80105,HUANCAVELICA,HUANCAVELICA,CUENCA,PARTIDO DEMOCRATICO SOMOS PERU,25,M,CASTELLANO
80105,HUANCAVELICA,HUANCAVELICA,CUENCA,PROYECTO INTEGRACIONISTA DE COMUNIDADES ORGANIZADAS,106,M,CASTELLANO
80106,HUANCAVELICA,HUANCAVELICA,HUACHOCOLPA,ACCION DE GOBERNABILIDAD PARA LA UNIDAD ANDINA,20,M,QUECHUA
80106,HUANCAVELICA,HUANCAVELICA,HUACHOCOLPA,ALIANZA PARA EL PROGRESO,37,M,QUECHUA
80106,HUANCAVELICA,HUANCAVELICA,HUACHOCOLPA,FRENTE REGIONAL PODER COMUNAL,123,M,QUECHUA
80106,HUANCAVELICA,HUANCAVELICA,HUACHOCOLPA,MOVIMIENTO INDEPENDIENTE DE CAMPESINOS Y PROFESIONALES,53,M,QUECHUA
80106,HUANCAVELICA,HUANCAVELICA,HUACHOCOLPA,MOVIMIENTO INDEPENDIENTE REGIONAL AYLLU,208,M,QUECHUA
80106,HUANCAVELICA,HUANCAVELICA,HUACHOCOLPA,MOVIMIENTO INDEPENDIENTE TRABAJANDO PARA TODOS,354,M,QUECHUA
80106,HUANCAVELICA,HUANCAVELICA,HUACHOCOLPA,MOVIMIENTO REGIONAL AYNI,332,M,QUECHUA
80106,HUANCAVELICA,HUANCAVELICA,HUACHOCOLPA,PARTIDO DEMOCRATICO SOMOS PERU,18,M,QUECHUA
80108,HUANCAVELICA,HUANCAVELICA,HUAYLLAHUARA,ALIANZA PARA EL PROGRESO,77,M,CASTELLANO
80108,HUANCAVELICA,HUANCAVELICA,HUAYLLAHUARA,MOVIMIENTO INDEPENDIENTE DE CAMPESINOS Y PROFESIONALES,22,M,CASTELLANO
80108,HUANCAVELICA,HUANCAVELICA,HUAYLLAHUARA,MOVIMIENTO INDEPENDIENTE REGIONAL AYLLU,310,M,CASTELLANO
80108,HUANCAVELICA,HUANCAVELICA,HUAYLLAHUARA,MOVIMIENTO INDEPENDIENTE TRABAJANDO PARA TODOS,190,M,CASTELLANO
80109,HUANCAVELICA,HUANCAVELICA,IZCUCHACA,ACCION DE GOBERNABILIDAD PARA LA UNIDAD ANDINA,123,M,CASTELLANO
80109,HUANCAVELICA,HUANCAVELICA,IZCUCHACA,ALIANZA PARA EL PROGRESO,24,M,CASTELLANO
80109,HUANCAVELICA,HUANCAVELICA,IZCUCHACA,MOVIMIENTO INDEPENDIENTE DE CAMPESINOS Y PROFESIONALES,49,M,CASTELLANO
80109,HUANCAVELICA,HUANCAVELICA,IZCUCHACA,MOVIMIENTO INDEPENDIENTE REGIONAL AYLLU,247,M,CASTELLANO
80109,HUANCAVELICA,HUANCAVELICA,IZCUCHACA,MOVIMIENTO INDEPENDIENTE REGIONAL UNIDOS POR HUANCAVELICA,28,M,CASTELLANO
80109,HUANCAVELICA,HUANCAVELICA,IZCUCHACA,MOVIMIENTO INDEPENDIENTE TRABAJANDO PARA TODOS,149,M,CASTELLANO
80109,HUANCAVELICA,HUANCAVELICA,IZCUCHACA,MOVIMIENTO REGIONAL AYNI,49,M,CASTELLANO
80110,HUANCAVELICA,HUANCAVELICA,LARIA,MOVIMIENTO INDEPENDIENTE REGIONAL AYLLU,214,M,QUECHUA
80110,HUANCAVELICA,HUANCAVELICA,LARIA,MOVIMIENTO INDEPENDIENTE REGIONAL UNIDOS POR HUANCAVELICA,202,M,QUECHUA
80110,HUANCAVELICA,HUANCAVELICA,LARIA,MOVIMIENTO INDEPENDIENTE TRABAJANDO PARA TODOS,207,M,QUECHUA
80110,HUANCAVELICA,HUANCAVELICA,LARIA,MOVIMIENTO REGIONAL AYNI,109,M,QUECHUA
80111,HUANCAVELICA,HUANCAVELICA,MANTA,ACCION DE GOBERNABILIDAD PARA LA UNIDAD ANDINA,12,M,CASTELLANO
80111,HUANCAVELICA,HUANCAVELICA,MANTA,ALIANZA PARA EL PROGRESO,64,M,CASTELLANO
80111,HUANCAVELICA,HUANCAVELICA,MANTA,MOVIMIENTO INDEPENDIENTE DE CAMPESINOS Y PROFESIONALES,100,M,CASTELLANO
80111,HUANCAVELICA,HUANCAVELICA,MANTA,MOVIMIENTO INDEPENDIENTE REGIONAL AYLLU,82,M,CASTELLANO
80111,HUANCAVELICA,HUANCAVELICA,MANTA,MOVIMIENTO INDEPENDIENTE REGIONAL UNIDOS POR HUANCAVELICA,40,M,CASTELLANO
80111,HUANCAVELICA,HUANCAVELICA,MANTA,MOVIMIENTO INDEPENDIENTE TRABAJANDO PARA TODOS,86,M,CASTELLANO
80111,HUANCAVELICA,HUANCAVELICA,MANTA,MOVIMIENTO REGIONAL AYNI,139,M,CASTELLANO
80112,HUANCAVELICA,HUANCAVELICA,MARISCAL CACERES,MOVIMIENTO INDEPENDIENTE DE CAMPESINOS Y PROFESIONALES,10,M,QUECHUA
80112,HUANCAVELICA,HUANCAVELICA,MARISCAL CACERES,MOVIMIENTO INDEPENDIENTE REGIONAL AYLLU,331,M,QUECHUA
80112,HUANCAVELICA,HUANCAVELICA,MARISCAL CACERES,MOVIMIENTO INDEPENDIENTE TRABAJANDO PARA TODOS,331,M,QUECHUA
80112,HUANCAVELICA,HUANCAVELICA,MARISCAL CACERES,MOVIMIENTO REGIONAL AYNI,6,M,QUECHUA
80112,HUANCAVELICA,HUANCAVELICA,MARISCAL CACERES,PARTIDO DEMOCRATICO SOMOS PERU,188,M,QUECHUA
80113,HUANCAVELICA,HUANCAVELICA,MOYA,ACCION DE GOBERNABILIDAD PARA LA UNIDAD ANDINA,140,M,CASTELLANO
80113,HUANCAVELICA,HUANCAVELICA,MOYA,ALIANZA PARA EL PROGRESO,1,M,CASTELLANO
80113,HUANCAVELICA,HUANCAVELICA,MOYA,MOVIMIENTO INDEPENDIENTE DE CAMPESINOS Y PROFESIONALES,64,M,CASTELLANO
80113,HUANCAVELICA,HUANCAVELICA,MOYA,MOVIMIENTO INDEPENDIENTE REGIONAL AYLLU,220,M,CASTELLANO
80113,HUANCAVELICA,HUANCAVELICA,MOYA,MOVIMIENTO INDEPENDIENTE REGIONAL UNIDOS POR HUANCAVELICA,38,M,CASTELLANO
80113,HUANCAVELICA,HUANCAVELICA,MOYA,MOVIMIENTO INDEPENDIENTE TRABAJANDO PARA TODOS,282,M,CASTELLANO
80113,HUANCAVELICA,HUANCAVELICA,MOYA,MOVIMIENTO REGIONAL AYNI,0,M,CASTELLANO
80113,HUANCAVELICA,HUANCAVELICA,MOYA,PARTIDO DEMOCRATICO SOMOS PERU,39,M,CASTELLANO
80114,HUANCAVELICA,HUANCAVELICA,NUEVO OCCORO,ACCION DE GOBERNABILIDAD PARA LA UNIDAD ANDINA,55,M,QUECHUA
80114,HUANCAVELICA,HUANCAVELICA,NUEVO OCCORO,ACCION POPULAR,172,M,QUECHUA
80114,HUANCAVELICA,HUANCAVELICA,NUEVO OCCORO,ALIANZA PARA EL PROGRESO,43,M,QUECHUA
80114,HUANCAVELICA,HUANCAVELICA,NUEVO OCCORO,MOVIMIENTO INDEPENDIENTE DE CAMPESINOS Y PROFESIONALES,382,M,QUECHUA
80114,HUANCAVELICA,HUANCAVELICA,NUEVO OCCORO,MOVIMIENTO INDEPENDIENTE REGIONAL AYLLU,350,M,QUECHUA
80114,HUANCAVELICA,HUANCAVELICA,NUEVO OCCORO,MOVIMIENTO INDEPENDIENTE TRABAJANDO PARA TODOS,94,M,QUECHUA
80114,HUANCAVELICA,HUANCAVELICA,NUEVO OCCORO,MOVIMIENTO REGIONAL AYNI,22,M,QUECHUA
80114,HUANCAVELICA,HUANCAVELICA,NUEVO OCCORO,PROYECTO INTEGRACIONISTA DE COMUNIDADES ORGANIZADAS,1,M,QUECHUA
80115,HUANCAVELICA,HUANCAVELICA,PALCA,ACCION DE GOBERNABILIDAD PARA LA UNIDAD ANDINA,119,M,QUECHUA
80115,HUANCAVELICA,HUANCAVELICA,PALCA,ALIANZA PARA EL PROGRESO,42,M,QUECHUA
80115,HUANCAVELICA,HUANCAVELICA,PALCA,FRENTE REGIONAL PODER COMUNAL,6,M,QUECHUA
80115,HUANCAVELICA,HUANCAVELICA,PALCA,MOVIMIENTO INDEPENDIENTE DE CAMPESINOS Y PROFESIONALES,77,M,QUECHUA
80115,HUANCAVELICA,HUANCAVELICA,PALCA,MOVIMIENTO INDEPENDIENTE REGIONAL AYLLU,656,M,QUECHUA
80115,HUANCAVELICA,HUANCAVELICA,PALCA,MOVIMIENTO INDEPENDIENTE REGIONAL UNIDOS POR HUANCAVELICA,66,M,QUECHUA
80115,HUANCAVELICA,HUANCAVELICA,PALCA,MOVIMIENTO INDEPENDIENTE TRABAJANDO PARA TODOS,421,M,QUECHUA
80115,HUANCAVELICA,HUANCAVELICA,PALCA,MOVIMIENTO POLITICO FUERZA HUANCAVELICA,20,M,QUECHUA
80115,HUANCAVELICA,HUANCAVELICA,PALCA,MOVIMIENTO REGIONAL AYNI,261,M,QUECHUA
80116,HUANCAVELICA,HUANCAVELICA,PILCHACA,ALIANZA PARA EL PROGRESO,25,M,CASTELLANO
80116,HUANCAVELICA,HUANCAVELICA,PILCHACA,MOVIMIENTO INDEPENDIENTE REGIONAL AYLLU,243,M,CASTELLANO
80116,HUANCAVELICA,HUANCAVELICA,PILCHACA,MOVIMIENTO INDEPENDIENTE TRABAJANDO PARA TODOS,222,M,CASTELLANO
80116,HUANCAVELICA,HUANCAVELICA,PILCHACA,MOVIMIENTO REGIONAL AYNI,10,M,CASTELLANO
80117,HUANCAVELICA,HUANCAVELICA,VILCA,ACCION DE GOBERNABILIDAD PARA LA UNIDAD ANDINA,129,M,CASTELLANO
80117,HUANCAVELICA,HUANCAVELICA,VILCA,"EL FRENTE AMPLIO POR JUSTICIA, VIDA Y LIBERTAD",87,M,CASTELLANO
80117,HUANCAVELICA,HUANCAVELICA,VILCA,MOVIMIENTO INDEPENDIENTE DE CAMPESINOS Y PROFESIONALES,197,M,CASTELLANO
80117,HUANCAVELICA,HUANCAVELICA,VILCA,MOVIMIENTO INDEPENDIENTE REGIONAL AYLLU,394,M,CASTELLANO
80117,HUANCAVELICA,HUANCAVELICA,VILCA,MOVIMIENTO INDEPENDIENTE REGIONAL UNIDOS POR HUANCAVELICA,99,M,CASTELLANO
80117,HUANCAVELICA,HUANCAVELICA,VILCA,MOVIMIENTO INDEPENDIENTE TRABAJANDO PARA TODOS,180,M,CASTELLANO
80117,HUANCAVELICA,HUANCAVELICA,VILCA,MOVIMIENTO POLITICO FUERZA HUANCAVELICA,160,M,CASTELLANO
80117,HUANCAVELICA,HUANCAVELICA,VILCA,MOVIMIENTO REGIONAL AYNI,71,M,CASTELLANO
80117,HUANCAVELICA,HUANCAVELICA,VILCA,PARTIDO DEMOCRATICO SOMOS PERU,11,M,CASTELLANO
80118,HUANCAVELICA,HUANCAVELICA,YAULI,ALIANZA PARA EL PROGRESO,69,M,CASTELLANO
80118,HUANCAVELICA,HUANCAVELICA,YAULI,MOVIMIENTO INDEPENDIENTE DE CAMPESINOS Y PROFESIONALES,2779,M,CASTELLANO
80118,HUANCAVELICA,HUANCAVELICA,YAULI,MOVIMIENTO INDEPENDIENTE REGIONAL AYLLU,1783,M,CASTELLANO
80118,HUANCAVELICA,HUANCAVELICA,YAULI,MOVIMIENTO INDEPENDIENTE REGIONAL UNIDOS POR HUANCAVELICA,22,M,CASTELLANO
80118,HUANCAVELICA,HUANCAVELICA,YAULI,MOVIMIENTO INDEPENDIENTE TRABAJANDO PARA TODOS,3543,M,CASTELLANO
80118,HUANCAVELICA,HUANCAVELICA,YAULI,MOVIMIENTO REGIONAL AYNI,2459,M,CASTELLANO
80119,HUANCAVELICA,HUANCAVELICA,ASCENSION,ACCION DE GOBERNABILIDAD PARA LA UNIDAD ANDINA,439,M,CASTELLANO
80119,HUANCAVELICA,HUANCAVELICA,ASCENSION,ALIANZA PARA EL PROGRESO,912,M,CASTELLANO
80119,HUANCAVELICA,HUANCAVELICA,ASCENSION,DEMOCRACIA DIRECTA,57,M,CASTELLANO
80119,HUANCAVELICA,HUANCAVELICA,ASCENSION,FRENTE REGIONAL PODER COMUNAL,56,M,CASTELLANO
80119,HUANCAVELICA,HUANCAVELICA,ASCENSION,FUERZA PROGRESISTA ANDINA,652,M,CASTELLANO
80119,HUANCAVELICA,HUANCAVELICA,ASCENSION,MOVIMIENTO INDEPENDIENTE DE CAMPESINOS Y PROFESIONALES,419,M,CASTELLANO
80119,HUANCAVELICA,HUANCAVELICA,ASCENSION,MOVIMIENTO INDEPENDIENTE REGIONAL AYLLU,1164,M,CASTELLANO
80119,HUANCAVELICA,HUANCAVELICA,ASCENSION,MOVIMIENTO INDEPENDIENTE REGIONAL UNIDOS POR HUANCAVELICA,215,M,CASTELLANO
80119,HUANCAVELICA,HUANCAVELICA,ASCENSION,MOVIMIENTO INDEPENDIENTE TRABAJANDO PARA TODOS,1042,M,CASTELLANO
80119,HUANCAVELICA,HUANCAVELICA,ASCENSION,MOVIMIENTO POLITICO FUERZA HUANCAVELICA,234,M,CASTELLANO
80119,HUANCAVELICA,HUANCAVELICA,ASCENSION,MOVIMIENTO REGIONAL AYNI,262,M,CASTELLANO
80120,HUANCAVELICA,HUANCAVELICA,HUANDO,ACCION DE GOBERNABILIDAD PARA LA UNIDAD ANDINA,834,M,CASTELLANO
80120,HUANCAVELICA,HUANCAVELICA,HUANDO,ALIANZA PARA EL PROGRESO,13,M,CASTELLANO
80120,HUANCAVELICA,HUANCAVELICA,HUANDO,"EL FRENTE AMPLIO POR JUSTICIA, VIDA Y LIBERTAD",48,M,CASTELLANO
80120,HUANCAVELICA,HUANCAVELICA,HUANDO,MOVIMIENTO INDEPENDIENTE DE CAMPESINOS Y PROFESIONALES,37,M,CASTELLANO
80120,HUANCAVELICA,HUANCAVELICA,HUANDO,MOVIMIENTO INDEPENDIENTE REGIONAL AYLLU,815,M,CASTELLANO
80120,HUANCAVELICA,HUANCAVELICA,HUANDO,MOVIMIENTO INDEPENDIENTE REGIONAL UNIDOS POR HUANCAVELICA,111,M,CASTELLANO
80120,HUANCAVELICA,HUANCAVELICA,HUANDO,MOVIMIENTO INDEPENDIENTE TRABAJANDO PARA TODOS,1386,M,CASTELLANO
80120,HUANCAVELICA,HUANCAVELICA,HUANDO,MOVIMIENTO POLITICO FUERZA HUANCAVELICA,25,M,CASTELLANO
80120,HUANCAVELICA,HUANCAVELICA,HUANDO,MOVIMIENTO REGIONAL AYNI,342,M,CASTELLANO
80202,HUANCAVELICA,ACOBAMBA,ANTA,MOVIMIENTO INDEPENDIENTE DE CAMPESINOS Y PROFESIONALES,34,M,QUECHUA
80202,HUANCAVELICA,ACOBAMBA,ANTA,MOVIMIENTO INDEPENDIENTE REGIONAL AYLLU,730,M,QUECHUA
80202,HUANCAVELICA,ACOBAMBA,ANTA,MOVIMIENTO INDEPENDIENTE TRABAJANDO PARA TODOS,1268,M,QUECHUA
80202,HUANCAVELICA,ACOBAMBA,ANTA,MOVIMIENTO REGIONAL AYNI,932,M,QUECHUA
80203,HUANCAVELICA,ACOBAMBA,ANDABAMBA,FRENTE REGIONAL PODER COMUNAL,400,M,CASTELLANO
80203,HUANCAVELICA,ACOBAMBA,ANDABAMBA,MOVIMIENTO INDEPENDIENTE DE CAMPESINOS Y PROFESIONALES,198,M,CASTELLANO
80203,HUANCAVELICA,ACOBAMBA,ANDABAMBA,MOVIMIENTO INDEPENDIENTE REGIONAL AYLLU,636,M,CASTELLANO
80203,HUANCAVELICA,ACOBAMBA,ANDABAMBA,MOVIMIENTO INDEPENDIENTE TRABAJANDO PARA TODOS,276,M,CASTELLANO
80203,HUANCAVELICA,ACOBAMBA,ANDABAMBA,MOVIMIENTO REGIONAL AYNI,476,M,CASTELLANO
80204,HUANCAVELICA,ACOBAMBA,CAJA,ACCION DE GOBERNABILIDAD PARA LA UNIDAD ANDINA,33,M,CASTELLANO
80204,HUANCAVELICA,ACOBAMBA,CAJA,MOVIMIENTO INDEPENDIENTE DE CAMPESINOS Y PROFESIONALES,33,M,CASTELLANO
80204,HUANCAVELICA,ACOBAMBA,CAJA,MOVIMIENTO INDEPENDIENTE REGIONAL AYLLU,681,M,CASTELLANO
80204,HUANCAVELICA,ACOBAMBA,CAJA,MOVIMIENTO INDEPENDIENTE TRABAJANDO PARA TODOS,604,M,CASTELLANO
80204,HUANCAVELICA,ACOBAMBA,CAJA,MOVIMIENTO POLITICO FUERZA HUANCAVELICA,12,M,CASTELLANO
80204,HUANCAVELICA,ACOBAMBA,CAJA,MOVIMIENTO REGIONAL AYNI,25,M,CASTELLANO
80205,HUANCAVELICA,ACOBAMBA,MARCAS,MOVIMIENTO INDEPENDIENTE DE CAMPESINOS Y PROFESIONALES,60,M,CASTELLANO
80205,HUANCAVELICA,ACOBAMBA,MARCAS,MOVIMIENTO INDEPENDIENTE REGIONAL AYLLU,402,M,CASTELLANO
80205,HUANCAVELICA,ACOBAMBA,MARCAS,MOVIMIENTO INDEPENDIENTE TRABAJANDO PARA TODOS,495,M,CASTELLANO
80205,HUANCAVELICA,ACOBAMBA,MARCAS,MOVIMIENTO POLITICO FUERZA HUANCAVELICA,6,M,CASTELLANO
80205,HUANCAVELICA,ACOBAMBA,MARCAS,MOVIMIENTO REGIONAL AYNI,136,M,CASTELLANO
80206,HUANCAVELICA,ACOBAMBA,PAUCARA,ACCION DE GOBERNABILIDAD PARA LA UNIDAD ANDINA,10,M,CASTELLANO
80206,HUANCAVELICA,ACOBAMBA,PAUCARA,MOVIMIENTO INDEPENDIENTE DE CAMPESINOS Y PROFESIONALES,586,M,CASTELLANO
80206,HUANCAVELICA,ACOBAMBA,PAUCARA,MOVIMIENTO INDEPENDIENTE REGIONAL AYLLU,2954,M,CASTELLANO
80206,HUANCAVELICA,ACOBAMBA,PAUCARA,MOVIMIENTO INDEPENDIENTE TRABAJANDO PARA TODOS,2003,M,CASTELLANO
80206,HUANCAVELICA,ACOBAMBA,PAUCARA,MOVIMIENTO REGIONAL AYNI,658,M,CASTELLANO
80207,HUANCAVELICA,ACOBAMBA,POMACOCHA,MOVIMIENTO INDEPENDIENTE DE CAMPESINOS Y PROFESIONALES,396,M,CASTELLANO
80207,HUANCAVELICA,ACOBAMBA,POMACOCHA,MOVIMIENTO INDEPENDIENTE REGIONAL AYLLU,334,M,CASTELLANO
80207,HUANCAVELICA,ACOBAMBA,POMACOCHA,MOVIMIENTO INDEPENDIENTE TRABAJANDO PARA TODOS,659,M,CASTELLANO
80207,HUANCAVELICA,ACOBAMBA,POMACOCHA,MOVIMIENTO POLITICO FUERZA HUANCAVELICA,8,M,CASTELLANO
80207,HUANCAVELICA,ACOBAMBA,POMACOCHA,MOVIMIENTO REGIONAL AYNI,34,M,CASTELLANO
80208,HUANCAVELICA,ACOBAMBA,ROSARIO,FRENTE REGIONAL PODER COMUNAL,7,M,CASTELLANO
80208,HUANCAVELICA,ACOBAMBA,ROSARIO,MOVIMIENTO INDEPENDIENTE DE CAMPESINOS Y PROFESIONALES,694,M,CASTELLANO
80208,HUANCAVELICA,ACOBAMBA,ROSARIO,MOVIMIENTO INDEPENDIENTE REGIONAL AYLLU,656,M,CASTELLANO
80208,HUANCAVELICA,ACOBAMBA,ROSARIO,MOVIMIENTO INDEPENDIENTE TRABAJANDO PARA TODOS,1068,M,CASTELLANO
80208,HUANCAVELICA,ACOBAMBA,ROSARIO,MOVIMIENTO REGIONAL AYNI,641,M,CASTELLANO
80302,HUANCAVELICA,ANGARAES,ANCHONGA,ACCION DE GOBERNABILIDAD PARA LA UNIDAD ANDINA,37,M,CASTELLANO
80302,HUANCAVELICA,ANGARAES,ANCHONGA,FRENTE REGIONAL PODER COMUNAL,121,M,CASTELLANO
80302,HUANCAVELICA,ANGARAES,ANCHONGA,MOVIMIENTO INDEPENDIENTE DE CAMPESINOS Y PROFESIONALES,413,M,CASTELLANO
80302,HUANCAVELICA,ANGARAES,ANCHONGA,MOVIMIENTO INDEPENDIENTE REGIONAL AYLLU,975,M,CASTELLANO
80302,HUANCAVELICA,ANGARAES,ANCHONGA,MOVIMIENTO INDEPENDIENTE REGIONAL UNIDOS POR HUANCAVELICA,1086,M,CASTELLANO
80302,HUANCAVELICA,ANGARAES,ANCHONGA,MOVIMIENTO INDEPENDIENTE TRABAJANDO PARA TODOS,593,M,CASTELLANO
80302,HUANCAVELICA,ANGARAES,ANCHONGA,MOVIMIENTO POLITICO FUERZA HUANCAVELICA,20,M,CASTELLANO
80303,HUANCAVELICA,ANGARAES,CALLANMARCA,ACCION DE GOBERNABILIDAD PARA LA UNIDAD ANDINA,16,M,CASTELLANO
80303,HUANCAVELICA,ANGARAES,CALLANMARCA,FRENTE REGIONAL PODER COMUNAL,35,M,CASTELLANO
80303,HUANCAVELICA,ANGARAES,CALLANMARCA,MOVIMIENTO INDEPENDIENTE REGIONAL AYLLU,307,M,CASTELLANO
80303,HUANCAVELICA,ANGARAES,CALLANMARCA,MOVIMIENTO INDEPENDIENTE REGIONAL UNIDOS POR HUANCAVELICA,26,M,CASTELLANO
80303,HUANCAVELICA,ANGARAES,CALLANMARCA,MOVIMIENTO INDEPENDIENTE TRABAJANDO PARA TODOS,163,M,CASTELLANO
80304,HUANCAVELICA,ANGARAES,CONGALLA,ACCION DE GOBERNABILIDAD PARA LA UNIDAD ANDINA,141,M,QUECHUA
80304,HUANCAVELICA,ANGARAES,CONGALLA,FRENTE REGIONAL PODER COMUNAL,131,M,QUECHUA
80304,HUANCAVELICA,ANGARAES,CONGALLA,MOVIMIENTO INDEPENDIENTE DE CAMPESINOS Y PROFESIONALES,28,M,QUECHUA
80304,HUANCAVELICA,ANGARAES,CONGALLA,MOVIMIENTO INDEPENDIENTE REGIONAL AYLLU,467,M,QUECHUA
80304,HUANCAVELICA,ANGARAES,CONGALLA,MOVIMIENTO INDEPENDIENTE REGIONAL UNIDOS POR HUANCAVELICA,719,M,QUECHUA
80304,HUANCAVELICA,ANGARAES,CONGALLA,MOVIMIENTO INDEPENDIENTE TRABAJANDO PARA TODOS,350,M,QUECHUA
80305,HUANCAVELICA,ANGARAES,CHINCHO,ACCION DE GOBERNABILIDAD PARA LA UNIDAD ANDINA,13,M,CASTELLANO
80305,HUANCAVELICA,ANGARAES,CHINCHO,FRENTE REGIONAL PODER COMUNAL,2,M,CASTELLANO
80305,HUANCAVELICA,ANGARAES,CHINCHO,MOVIMIENTO INDEPENDIENTE DE CAMPESINOS Y PROFESIONALES,205,M,CASTELLANO
80305,HUANCAVELICA,ANGARAES,CHINCHO,MOVIMIENTO INDEPENDIENTE REGIONAL AYLLU,20,M,CASTELLANO
80305,HUANCAVELICA,ANGARAES,CHINCHO,MOVIMIENTO INDEPENDIENTE REGIONAL UNIDOS POR HUANCAVELICA,255,M,CASTELLANO
80305,HUANCAVELICA,ANGARAES,CHINCHO,MOVIMIENTO INDEPENDIENTE TRABAJANDO PARA TODOS,107,M,CASTELLANO
80305,HUANCAVELICA,ANGARAES,CHINCHO,MOVIMIENTO POLITICO FUERZA HUANCAVELICA,142,M,CASTELLANO
80306,HUANCAVELICA,ANGARAES,HUALLAY-GRANDE,FRENTE REGIONAL PODER COMUNAL,49,M,CASTELLANO
80306,HUANCAVELICA,ANGARAES,HUALLAY-GRANDE,MOVIMIENTO INDEPENDIENTE DE CAMPESINOS Y PROFESIONALES,4,M,CASTELLANO
80306,HUANCAVELICA,ANGARAES,HUALLAY-GRANDE,MOVIMIENTO INDEPENDIENTE REGIONAL AYLLU,473,M,CASTELLANO
80306,HUANCAVELICA,ANGARAES,HUALLAY-GRANDE,MOVIMIENTO INDEPENDIENTE TRABAJANDO PARA TODOS,414,M,CASTELLANO
80307,HUANCAVELICA,ANGARAES,HUANCA-HUANCA,ACCION DE GOBERNABILIDAD PARA LA UNIDAD ANDINA,5,M,CASTELLANO
80307,HUANCAVELICA,ANGARAES,HUANCA-HUANCA,FRENTE REGIONAL PODER COMUNAL,228,M,CASTELLANO
80307,HUANCAVELICA,ANGARAES,HUANCA-HUANCA,MOVIMIENTO INDEPENDIENTE REGIONAL AYLLU,284,M,CASTELLANO
80307,HUANCAVELICA,ANGARAES,HUANCA-HUANCA,MOVIMIENTO INDEPENDIENTE REGIONAL UNIDOS POR HUANCAVELICA,6,M,CASTELLANO
80307,HUANCAVELICA,ANGARAES,HUANCA-HUANCA,MOVIMIENTO INDEPENDIENTE TRABAJANDO PARA TODOS,222,M,CASTELLANO
80308,HUANCAVELICA,ANGARAES,JULCAMARCA,ALIANZA PARA EL PROGRESO,38,M,CASTELLANO
80308,HUANCAVELICA,ANGARAES,JULCAMARCA,FRENTE REGIONAL PODER COMUNAL,75,M,CASTELLANO
80308,HUANCAVELICA,ANGARAES,JULCAMARCA,MOVIMIENTO INDEPENDIENTE REGIONAL AYLLU,244,M,CASTELLANO
80308,HUANCAVELICA,ANGARAES,JULCAMARCA,MOVIMIENTO INDEPENDIENTE TRABAJANDO PARA TODOS,194,M,CASTELLANO
80308,HUANCAVELICA,ANGARAES,JULCAMARCA,MOVIMIENTO POLITICO FUERZA HUANCAVELICA,124,M,CASTELLANO
80308,HUANCAVELICA,ANGARAES,JULCAMARCA,MOVIMIENTO REGIONAL AYNI,24,M,CASTELLANO
80309,HUANCAVELICA,ANGARAES,SAN ANTONIO DE ANTAPARCO,ACCION DE GOBERNABILIDAD PARA LA UNIDAD ANDINA,18,M,QUECHUA
80309,HUANCAVELICA,ANGARAES,SAN ANTONIO DE ANTAPARCO,FRENTE REGIONAL PODER COMUNAL,72,M,QUECHUA
80309,HUANCAVELICA,ANGARAES,SAN ANTONIO DE ANTAPARCO,MOVIMIENTO INDEPENDIENTE REGIONAL AYLLU,190,M,QUECHUA
80309,HUANCAVELICA,ANGARAES,SAN ANTONIO DE ANTAPARCO,MOVIMIENTO INDEPENDIENTE REGIONAL UNIDOS POR HUANCAVELICA,237,M,QUECHUA
80309,HUANCAVELICA,ANGARAES,SAN ANTONIO DE ANTAPARCO,MOVIMIENTO INDEPENDIENTE TRABAJANDO PARA TODOS,253,M,QUECHUA
80310,HUANCAVELICA,ANGARAES,SANTO TOMAS DE PATA,ACCION DE GOBERNABILIDAD PARA LA UNIDAD ANDINA,70,M,CASTELLANO
80310,HUANCAVELICA,ANGARAES,SANTO TOMAS DE PATA,FRENTE REGIONAL PODER COMUNAL,32,M,CASTELLANO
80310,HUANCAVELICA,ANGARAES,SANTO TOMAS DE PATA,MOVIMIENTO INDEPENDIENTE REGIONAL AYLLU,159,M,CASTELLANO
80310,HUANCAVELICA,ANGARAES,SANTO TOMAS DE PATA,MOVIMIENTO INDEPENDIENTE REGIONAL UNIDOS POR HUANCAVELICA,320,M,CASTELLANO
80310,HUANCAVELICA,ANGARAES,SANTO TOMAS DE PATA,MOVIMIENTO INDEPENDIENTE TRABAJANDO PARA TODOS,160,M,CASTELLANO
80311,HUANCAVELICA,ANGARAES,SECCLLA,ACCION DE GOBERNABILIDAD PARA LA UNIDAD ANDINA,149,M,CASTELLANO
80311,HUANCAVELICA,ANGARAES,SECCLLA,FRENTE REGIONAL PODER COMUNAL,28,M,CASTELLANO
80311,HUANCAVELICA,ANGARAES,SECCLLA,MOVIMIENTO INDEPENDIENTE DE CAMPESINOS Y PROFESIONALES,27,M,CASTELLANO
80311,HUANCAVELICA,ANGARAES,SECCLLA,MOVIMIENTO INDEPENDIENTE REGIONAL AYLLU,21,M,CASTELLANO
80311,HUANCAVELICA,ANGARAES,SECCLLA,MOVIMIENTO INDEPENDIENTE REGIONAL UNIDOS POR HUANCAVELICA,825,M,CASTELLANO
80311,HUANCAVELICA,ANGARAES,SECCLLA,MOVIMIENTO INDEPENDIENTE TRABAJANDO PARA TODOS,642,M,CASTELLANO
80312,HUANCAVELICA,ANGARAES,CCOCHACCASA,ACCION DE GOBERNABILIDAD PARA LA UNIDAD ANDINA,432,M,QUECHUA
80312,HUANCAVELICA,ANGARAES,CCOCHACCASA,FRENTE REGIONAL PODER COMUNAL,199,M,QUECHUA
80312,HUANCAVELICA,ANGARAES,CCOCHACCASA,MOVIMIENTO INDEPENDIENTE DE CAMPESINOS Y PROFESIONALES,23,M,QUECHUA
80312,HUANCAVELICA,ANGARAES,CCOCHACCASA,MOVIMIENTO INDEPENDIENTE REGIONAL AYLLU,317,M,QUECHUA
80312,HUANCAVELICA,ANGARAES,CCOCHACCASA,MOVIMIENTO INDEPENDIENTE REGIONAL UNIDOS POR HUANCAVELICA,375,M,QUECHUA
80312,HUANCAVELICA,ANGARAES,CCOCHACCASA,MOVIMIENTO INDEPENDIENTE TRABAJANDO PARA TODOS,212,M,QUECHUA
80312,HUANCAVELICA,ANGARAES,CCOCHACCASA,MOVIMIENTO REGIONAL AYNI,138,M,QUECHUA
80402,HUANCAVELICA,CASTROVIRREYNA,ARMA,ACCION POPULAR,52,M,CASTELLANO
80402,HUANCAVELICA,CASTROVIRREYNA,ARMA,ALIANZA PARA EL PROGRESO,22,M,CASTELLANO
80402,HUANCAVELICA,CASTROVIRREYNA,ARMA,MOVIMIENTO INDEPENDIENTE DE CAMPESINOS Y PROFESIONALES,249,M,CASTELLANO
80402,HUANCAVELICA,CASTROVIRREYNA,ARMA,MOVIMIENTO INDEPENDIENTE REGIONAL AYLLU,175,M,CASTELLANO
80402,HUANCAVELICA,CASTROVIRREYNA,ARMA,MOVIMIENTO INDEPENDIENTE REGIONAL UNIDOS POR HUANCAVELICA,261,M,CASTELLANO
80402,HUANCAVELICA,CASTROVIRREYNA,ARMA,MOVIMIENTO INDEPENDIENTE TRABAJANDO PARA TODOS,260,M,CASTELLANO
80402,HUANCAVELICA,CASTROVIRREYNA,ARMA,MOVIMIENTO REGIONAL AYNI,96,M,CASTELLANO
80403,HUANCAVELICA,CASTROVIRREYNA,AURAHUA,ACCION POPULAR,162,M,CASTELLANO
80403,HUANCAVELICA,CASTROVIRREYNA,AURAHUA,FRENTE REGIONAL PODER COMUNAL,76,M,CASTELLANO
80403,HUANCAVELICA,CASTROVIRREYNA,AURAHUA,MOVIMIENTO INDEPENDIENTE DE CAMPESINOS Y PROFESIONALES,69,M,CASTELLANO
80403,HUANCAVELICA,CASTROVIRREYNA,AURAHUA,MOVIMIENTO INDEPENDIENTE REGIONAL AYLLU,319,M,CASTELLANO
80403,HUANCAVELICA,CASTROVIRREYNA,AURAHUA,MOVIMIENTO INDEPENDIENTE REGIONAL UNIDOS POR HUANCAVELICA,28,M,CASTELLANO
80403,HUANCAVELICA,CASTROVIRREYNA,AURAHUA,MOVIMIENTO INDEPENDIENTE TRABAJANDO PARA TODOS,175,M,CASTELLANO
80403,HUANCAVELICA,CASTROVIRREYNA,AURAHUA,MOVIMIENTO POLITICO FUERZA HUANCAVELICA,12,M,CASTELLANO
80403,HUANCAVELICA,CASTROVIRREYNA,AURAHUA,MOVIMIENTO REGIONAL AYNI,234,M,CASTELLANO
80405,HUANCAVELICA,CASTROVIRREYNA,CAPILLAS,MOVIMIENTO INDEPENDIENTE DE CAMPESINOS Y PROFESIONALES,141,M,CASTELLANO
80405,HUANCAVELICA,CASTROVIRREYNA,CAPILLAS,MOVIMIENTO INDEPENDIENTE REGIONAL AYLLU,142,M,CASTELLANO
80405,HUANCAVELICA,CASTROVIRREYNA,CAPILLAS,MOVIMIENTO INDEPENDIENTE REGIONAL UNIDOS POR HUANCAVELICA,465,M,CASTELLANO
80405,HUANCAVELICA,CASTROVIRREYNA,CAPILLAS,MOVIMIENTO INDEPENDIENTE TRABAJANDO PARA TODOS,74,M,CASTELLANO
80405,HUANCAVELICA,CASTROVIRREYNA,CAPILLAS,MOVIMIENTO REGIONAL AYNI,388,M,CASTELLANO
80406,HUANCAVELICA,CASTROVIRREYNA,COCAS,MOVIMIENTO INDEPENDIENTE DE CAMPESINOS Y PROFESIONALES,402,M,CASTELLANO
80406,HUANCAVELICA,CASTROVIRREYNA,COCAS,MOVIMIENTO INDEPENDIENTE REGIONAL AYLLU,68,M,CASTELLANO
80406,HUANCAVELICA,CASTROVIRREYNA,COCAS,MOVIMIENTO INDEPENDIENTE TRABAJANDO PARA TODOS,241,M,CASTELLANO
80406,HUANCAVELICA,CASTROVIRREYNA,COCAS,MOVIMIENTO REGIONAL AYNI,49,M,CASTELLANO
80408,HUANCAVELICA,CASTROVIRREYNA,CHUPAMARCA,ACCION POPULAR,43,M,CASTELLANO
80408,HUANCAVELICA,CASTROVIRREYNA,CHUPAMARCA,MOVIMIENTO INDEPENDIENTE DE CAMPESINOS Y PROFESIONALES,323,M,CASTELLANO
80408,HUANCAVELICA,CASTROVIRREYNA,CHUPAMARCA,MOVIMIENTO INDEPENDIENTE REGIONAL AYLLU,144,M,CASTELLANO
80408,HUANCAVELICA,CASTROVIRREYNA,CHUPAMARCA,MOVIMIENTO INDEPENDIENTE REGIONAL UNIDOS POR HUANCAVELICA,185,M,CASTELLANO
80409,HUANCAVELICA,CASTROVIRREYNA,HUACHOS,MOVIMIENTO INDEPENDIENTE DE CAMPESINOS Y PROFESIONALES,300,M,CASTELLANO
80409,HUANCAVELICA,CASTROVIRREYNA,HUACHOS,MOVIMIENTO INDEPENDIENTE REGIONAL AYLLU,371,M,CASTELLANO
80409,HUANCAVELICA,CASTROVIRREYNA,HUACHOS,MOVIMIENTO INDEPENDIENTE REGIONAL UNIDOS POR HUANCAVELICA,163,M,CASTELLANO
80409,HUANCAVELICA,CASTROVIRREYNA,HUACHOS,MOVIMIENTO INDEPENDIENTE TRABAJANDO PARA TODOS,346,M,CASTELLANO
80409,HUANCAVELICA,CASTROVIRREYNA,HUACHOS,MOVIMIENTO REGIONAL AYNI,42,M,CASTELLANO
80410,HUANCAVELICA,CASTROVIRREYNA,HUAMATAMBO,MOVIMIENTO INDEPENDIENTE DE CAMPESINOS Y PROFESIONALES,41,M,CASTELLANO
80410,HUANCAVELICA,CASTROVIRREYNA,HUAMATAMBO,MOVIMIENTO INDEPENDIENTE REGIONAL AYLLU,67,M,CASTELLANO
80410,HUANCAVELICA,CASTROVIRREYNA,HUAMATAMBO,MOVIMIENTO INDEPENDIENTE REGIONAL UNIDOS POR HUANCAVELICA,225,M,CASTELLANO
80410,HUANCAVELICA,CASTROVIRREYNA,HUAMATAMBO,MOVIMIENTO REGIONAL AYNI,158,M,CASTELLANO
80414,HUANCAVELICA,CASTROVIRREYNA,MOLLEPAMPA,MOVIMIENTO INDEPENDIENTE DE CAMPESINOS Y PROFESIONALES,133,M,QUECHUA
80414,HUANCAVELICA,CASTROVIRREYNA,MOLLEPAMPA,MOVIMIENTO INDEPENDIENTE REGIONAL AYLLU,228,M,QUECHUA
80414,HUANCAVELICA,CASTROVIRREYNA,MOLLEPAMPA,MOVIMIENTO INDEPENDIENTE REGIONAL UNIDOS POR HUANCAVELICA,158,M,QUECHUA
80414,HUANCAVELICA,CASTROVIRREYNA,MOLLEPAMPA,MOVIMIENTO INDEPENDIENTE TRABAJANDO PARA TODOS,174,M,QUECHUA
80414,HUANCAVELICA,CASTROVIRREYNA,MOLLEPAMPA,MOVIMIENTO POLITICO FUERZA HUANCAVELICA,31,M,QUECHUA
80414,HUANCAVELICA,CASTROVIRREYNA,MOLLEPAMPA,MOVIMIENTO REGIONAL AYNI,65,M,QUECHUA
80422,HUANCAVELICA,CASTROVIRREYNA,SAN JUAN,MOVIMIENTO INDEPENDIENTE REGIONAL AYLLU,13,M,CASTELLANO
80422,HUANCAVELICA,CASTROVIRREYNA,SAN JUAN,MOVIMIENTO INDEPENDIENTE REGIONAL UNIDOS POR HUANCAVELICA,292,M,CASTELLANO
80422,HUANCAVELICA,CASTROVIRREYNA,SAN JUAN,MOVIMIENTO INDEPENDIENTE TRABAJANDO PARA TODOS,341,M,CASTELLANO
80427,HUANCAVELICA,CASTROVIRREYNA,TANTARA,ACCION DE GOBERNABILIDAD PARA LA UNIDAD ANDINA,76,M,CASTELLANO
80427,HUANCAVELICA,CASTROVIRREYNA,TANTARA,ACCION POPULAR,2,M,CASTELLANO
80427,HUANCAVELICA,CASTROVIRREYNA,TANTARA,MOVIMIENTO INDEPENDIENTE DE CAMPESINOS Y PROFESIONALES,86,M,CASTELLANO
80427,HUANCAVELICA,CASTROVIRREYNA,TANTARA,MOVIMIENTO INDEPENDIENTE REGIONAL AYLLU,234,M,CASTELLANO
80427,HUANCAVELICA,CASTROVIRREYNA,TANTARA,MOVIMIENTO INDEPENDIENTE REGIONAL UNIDOS POR HUANCAVELICA,250,M,CASTELLANO
80427,HUANCAVELICA,CASTROVIRREYNA,TANTARA,MOVIMIENTO INDEPENDIENTE TRABAJANDO PARA TODOS,75,M,CASTELLANO
80427,HUANCAVELICA,CASTROVIRREYNA,TANTARA,MOVIMIENTO POLITICO FUERZA HUANCAVELICA,4,M,CASTELLANO
80428,HUANCAVELICA,CASTROVIRREYNA,TICRAPO,ACCION POPULAR,10,M,CASTELLANO
80428,HUANCAVELICA,CASTROVIRREYNA,TICRAPO,MOVIMIENTO INDEPENDIENTE DE CAMPESINOS Y PROFESIONALES,273,M,CASTELLANO
80428,HUANCAVELICA,CASTROVIRREYNA,TICRAPO,MOVIMIENTO INDEPENDIENTE REGIONAL AYLLU,295,M,CASTELLANO
80428,HUANCAVELICA,CASTROVIRREYNA,TICRAPO,MOVIMIENTO INDEPENDIENTE REGIONAL UNIDOS POR HUANCAVELICA,216,M,CASTELLANO
80428,HUANCAVELICA,CASTROVIRREYNA,TICRAPO,MOVIMIENTO INDEPENDIENTE TRABAJANDO PARA TODOS,298,M,CASTELLANO
80428,HUANCAVELICA,CASTROVIRREYNA,TICRAPO,MOVIMIENTO POLITICO FUERZA HUANCAVELICA,31,M,CASTELLANO
80428,HUANCAVELICA,CASTROVIRREYNA,TICRAPO,MOVIMIENTO REGIONAL AYNI,305,M,CASTELLANO
80429,HUANCAVELICA,CASTROVIRREYNA,SANTA ANA,ALIANZA PARA EL PROGRESO,102,M,CASTELLANO
80429,HUANCAVELICA,CASTROVIRREYNA,SANTA ANA,MOVIMIENTO INDEPENDIENTE DE CAMPESINOS Y PROFESIONALES,41,M,CASTELLANO
80429,HUANCAVELICA,CASTROVIRREYNA,SANTA ANA,MOVIMIENTO INDEPENDIENTE REGIONAL AYLLU,257,M,CASTELLANO
80429,HUANCAVELICA,CASTROVIRREYNA,SANTA ANA,MOVIMIENTO INDEPENDIENTE TRABAJANDO PARA TODOS,169,M,CASTELLANO
80429,HUANCAVELICA,CASTROVIRREYNA,SANTA ANA,MOVIMIENTO POLITICO FUERZA HUANCAVELICA,4,M,CASTELLANO
80429,HUANCAVELICA,CASTROVIRREYNA,SANTA ANA,MOVIMIENTO REGIONAL AYNI,346,M,CASTELLANO
80502,HUANCAVELICA,TAYACAJA,ACOSTAMBO,ACCION DE GOBERNABILIDAD PARA LA UNIDAD ANDINA,106,M,CASTELLANO
80502,HUANCAVELICA,TAYACAJA,ACOSTAMBO,FRENTE REGIONAL PODER COMUNAL,68,M,CASTELLANO
80502,HUANCAVELICA,TAYACAJA,ACOSTAMBO,MOVIMIENTO INDEPENDIENTE DE CAMPESINOS Y PROFESIONALES,107,M,CASTELLANO
80502,HUANCAVELICA,TAYACAJA,ACOSTAMBO,MOVIMIENTO INDEPENDIENTE REGIONAL AYLLU,641,M,CASTELLANO
80502,HUANCAVELICA,TAYACAJA,ACOSTAMBO,MOVIMIENTO INDEPENDIENTE REGIONAL UNIDOS POR HUANCAVELICA,75,M,CASTELLANO
80502,HUANCAVELICA,TAYACAJA,ACOSTAMBO,MOVIMIENTO INDEPENDIENTE TRABAJANDO PARA TODOS,623,M,CASTELLANO
80502,HUANCAVELICA,TAYACAJA,ACOSTAMBO,MOVIMIENTO POLITICO FUERZA HUANCAVELICA,48,M,CASTELLANO
80502,HUANCAVELICA,TAYACAJA,ACOSTAMBO,MOVIMIENTO REGIONAL AYNI,557,M,CASTELLANO
80502,HUANCAVELICA,TAYACAJA,ACOSTAMBO,PROYECTO INTEGRACIONISTA DE COMUNIDADES ORGANIZADAS,30,M,CASTELLANO
80503,HUANCAVELICA,TAYACAJA,ACRAQUIA,ACCION DE GOBERNABILIDAD PARA LA UNIDAD ANDINA,517,M,CASTELLANO
80503,HUANCAVELICA,TAYACAJA,ACRAQUIA,MOVIMIENTO INDEPENDIENTE DE CAMPESINOS Y PROFESIONALES,72,M,CASTELLANO
80503,HUANCAVELICA,TAYACAJA,ACRAQUIA,MOVIMIENTO INDEPENDIENTE REGIONAL AYLLU,370,M,CASTELLANO
80503,HUANCAVELICA,TAYACAJA,ACRAQUIA,MOVIMIENTO INDEPENDIENTE REGIONAL UNIDOS POR HUANCAVELICA,85,M,CASTELLANO
80503,HUANCAVELICA,TAYACAJA,ACRAQUIA,MOVIMIENTO INDEPENDIENTE TRABAJANDO PARA TODOS,658,M,CASTELLANO
80503,HUANCAVELICA,TAYACAJA,ACRAQUIA,MOVIMIENTO POLITICO FUERZA HUANCAVELICA,39,M,CASTELLANO
80503,HUANCAVELICA,TAYACAJA,ACRAQUIA,MOVIMIENTO REGIONAL AYNI,591,M,CASTELLANO
80504,HUANCAVELICA,TAYACAJA,AHUAYCHA,ACCION DE GOBERNABILIDAD PARA LA UNIDAD ANDINA,153,M,CASTELLANO
80504,HUANCAVELICA,TAYACAJA,AHUAYCHA,MOVIMIENTO INDEPENDIENTE DE CAMPESINOS Y PROFESIONALES,359,M,CASTELLANO
80504,HUANCAVELICA,TAYACAJA,AHUAYCHA,MOVIMIENTO INDEPENDIENTE REGIONAL AYLLU,345,M,CASTELLANO
80504,HUANCAVELICA,TAYACAJA,AHUAYCHA,MOVIMIENTO INDEPENDIENTE REGIONAL UNIDOS POR HUANCAVELICA,21,M,CASTELLANO
80504,HUANCAVELICA,TAYACAJA,AHUAYCHA,MOVIMIENTO INDEPENDIENTE TRABAJANDO PARA TODOS,711,M,CASTELLANO
80504,HUANCAVELICA,TAYACAJA,AHUAYCHA,MOVIMIENTO POLITICO FUERZA HUANCAVELICA,16,M,CASTELLANO
80504,HUANCAVELICA,TAYACAJA,AHUAYCHA,MOVIMIENTO REGIONAL AYNI,608,M,CASTELLANO
80504,HUANCAVELICA,TAYACAJA,AHUAYCHA,PROYECTO INTEGRACIONISTA DE COMUNIDADES ORGANIZADAS,5,M,CASTELLANO
80506,HUANCAVELICA,TAYACAJA,COLCABAMBA,ACCION DE GOBERNABILIDAD PARA LA UNIDAD ANDINA,273,M,CASTELLANO
80506,HUANCAVELICA,TAYACAJA,COLCABAMBA,ACCION POPULAR,207,M,CASTELLANO
80506,HUANCAVELICA,TAYACAJA,COLCABAMBA,ALIANZA PARA EL PROGRESO,376,M,CASTELLANO
80506,HUANCAVELICA,TAYACAJA,COLCABAMBA,FRENTE REGIONAL PODER COMUNAL,229,M,CASTELLANO
80506,HUANCAVELICA,TAYACAJA,COLCABAMBA,MOVIMIENTO INDEPENDIENTE DE CAMPESINOS Y PROFESIONALES,478,M,CASTELLANO
80506,HUANCAVELICA,TAYACAJA,COLCABAMBA,MOVIMIENTO INDEPENDIENTE REGIONAL AYLLU,1707,M,CASTELLANO
80506,HUANCAVELICA,TAYACAJA,COLCABAMBA,MOVIMIENTO INDEPENDIENTE REGIONAL UNIDOS POR HUANCAVELICA,301,M,CASTELLANO
80506,HUANCAVELICA,TAYACAJA,COLCABAMBA,MOVIMIENTO INDEPENDIENTE TRABAJANDO PARA TODOS,1393,M,CASTELLANO
80506,HUANCAVELICA,TAYACAJA,COLCABAMBA,MOVIMIENTO POLITICO FUERZA HUANCAVELICA,907,M,CASTELLANO
80506,HUANCAVELICA,TAYACAJA,COLCABAMBA,MOVIMIENTO REGIONAL AYNI,1691,M,CASTELLANO
80506,HUANCAVELICA,TAYACAJA,COLCABAMBA,PROYECTO INTEGRACIONISTA DE COMUNIDADES ORGANIZADAS,930,M,CASTELLANO
80506,HUANCAVELICA,TAYACAJA,COLCABAMBA,TRABAJANDO POR COLCABAMBA,11,M,CASTELLANO
80509,HUANCAVELICA,TAYACAJA,DANIEL HERNANDEZ,ACCION DE GOBERNABILIDAD PARA LA UNIDAD ANDINA,939,M,QUECHUA
80509,HUANCAVELICA,TAYACAJA,DANIEL HERNANDEZ,MOVIMIENTO INDEPENDIENTE DE CAMPESINOS Y PROFESIONALES,125,M,QUECHUA
80509,HUANCAVELICA,TAYACAJA,DANIEL HERNANDEZ,MOVIMIENTO INDEPENDIENTE REGIONAL AYLLU,865,M,QUECHUA
80509,HUANCAVELICA,TAYACAJA,DANIEL HERNANDEZ,MOVIMIENTO INDEPENDIENTE REGIONAL UNIDOS POR HUANCAVELICA,81,M,QUECHUA
80509,HUANCAVELICA,TAYACAJA,DANIEL HERNANDEZ,MOVIMIENTO INDEPENDIENTE TRABAJANDO PARA TODOS,1466,M,QUECHUA
80509,HUANCAVELICA,TAYACAJA,DANIEL HERNANDEZ,MOVIMIENTO POLITICO FUERZA HUANCAVELICA,149,M,QUECHUA
80509,HUANCAVELICA,TAYACAJA,DANIEL HERNANDEZ,MOVIMIENTO REGIONAL AYNI,1296,M,QUECHUA
80509,HUANCAVELICA,TAYACAJA,DANIEL HERNANDEZ,PARTIDO APRISTA PERUANO,8,M,QUECHUA
80511,HUANCAVELICA,TAYACAJA,HUACHOCOLPA,MOVIMIENTO INDEPENDIENTE DE CAMPESINOS Y PROFESIONALES,36,M,CASTELLANO
80511,HUANCAVELICA,TAYACAJA,HUACHOCOLPA,MOVIMIENTO INDEPENDIENTE REGIONAL AYLLU,686,M,CASTELLANO
80511,HUANCAVELICA,TAYACAJA,HUACHOCOLPA,MOVIMIENTO INDEPENDIENTE TRABAJANDO PARA TODOS,97,M,CASTELLANO
80511,HUANCAVELICA,TAYACAJA,HUACHOCOLPA,MOVIMIENTO POLITICO FUERZA HUANCAVELICA,505,M,CASTELLANO
80511,HUANCAVELICA,TAYACAJA,HUACHOCOLPA,MOVIMIENTO REGIONAL AYNI,288,M,CASTELLANO
80512,HUANCAVELICA,TAYACAJA,HUARIBAMBA,ACCION POPULAR,83,M,CASTELLANO
80512,HUANCAVELICA,TAYACAJA,HUARIBAMBA,FRENTE REGIONAL PODER COMUNAL,58,M,CASTELLANO
80512,HUANCAVELICA,TAYACAJA,HUARIBAMBA,MOVIMIENTO INDEPENDIENTE DE CAMPESINOS Y PROFESIONALES,714,M,CASTELLANO
80512,HUANCAVELICA,TAYACAJA,HUARIBAMBA,MOVIMIENTO INDEPENDIENTE REGIONAL AYLLU,635,M,CASTELLANO
80512,HUANCAVELICA,TAYACAJA,HUARIBAMBA,MOVIMIENTO INDEPENDIENTE REGIONAL UNIDOS POR HUANCAVELICA,391,M,CASTELLANO
80512,HUANCAVELICA,TAYACAJA,HUARIBAMBA,MOVIMIENTO INDEPENDIENTE TRABAJANDO PARA TODOS,944,M,CASTELLANO
80512,HUANCAVELICA,TAYACAJA,HUARIBAMBA,MOVIMIENTO REGIONAL AYNI,1041,M,CASTELLANO
80515,HUANCAVELICA,TAYACAJA,ÑAHUIMPUQUIO,MOVIMIENTO INDEPENDIENTE DE CAMPESINOS Y PROFESIONALES,85,M,CASTELLANO
80515,HUANCAVELICA,TAYACAJA,ÑAHUIMPUQUIO,MOVIMIENTO INDEPENDIENTE REGIONAL AYLLU,293,M,CASTELLANO
80515,HUANCAVELICA,TAYACAJA,ÑAHUIMPUQUIO,MOVIMIENTO INDEPENDIENTE REGIONAL UNIDOS POR HUANCAVELICA,39,M,CASTELLANO
80515,HUANCAVELICA,TAYACAJA,ÑAHUIMPUQUIO,MOVIMIENTO INDEPENDIENTE TRABAJANDO PARA TODOS,249,M,CASTELLANO
80515,HUANCAVELICA,TAYACAJA,ÑAHUIMPUQUIO,MOVIMIENTO POLITICO FUERZA HUANCAVELICA,59,M,CASTELLANO
80515,HUANCAVELICA,TAYACAJA,ÑAHUIMPUQUIO,MOVIMIENTO REGIONAL AYNI,60,M,CASTELLANO
80515,HUANCAVELICA,TAYACAJA,ÑAHUIMPUQUIO,PROYECTO INTEGRACIONISTA DE COMUNIDADES ORGANIZADAS,197,M,CASTELLANO
80517,HUANCAVELICA,TAYACAJA,PAZOS,ACCION DE GOBERNABILIDAD PARA LA UNIDAD ANDINA,411,M,QUECHUA
80517,HUANCAVELICA,TAYACAJA,PAZOS,ACCION POPULAR,495,M,QUECHUA
80517,HUANCAVELICA,TAYACAJA,PAZOS,MOVIMIENTO INDEPENDIENTE REGIONAL AYLLU,885,M,QUECHUA
80517,HUANCAVELICA,TAYACAJA,PAZOS,MOVIMIENTO INDEPENDIENTE REGIONAL UNIDOS POR HUANCAVELICA,501,M,QUECHUA
80517,HUANCAVELICA,TAYACAJA,PAZOS,MOVIMIENTO INDEPENDIENTE TRABAJANDO PARA TODOS,414,M,QUECHUA
80517,HUANCAVELICA,TAYACAJA,PAZOS,MOVIMIENTO POLITICO FUERZA HUANCAVELICA,268,M,QUECHUA
80517,HUANCAVELICA,TAYACAJA,PAZOS,MOVIMIENTO REGIONAL AYNI,363,M,QUECHUA
80518,HUANCAVELICA,TAYACAJA,QUISHUAR,MOVIMIENTO INDEPENDIENTE DE CAMPESINOS Y PROFESIONALES,94,M,CASTELLANO
80518,HUANCAVELICA,TAYACAJA,QUISHUAR,MOVIMIENTO INDEPENDIENTE REGIONAL AYLLU,102,M,CASTELLANO
80518,HUANCAVELICA,TAYACAJA,QUISHUAR,MOVIMIENTO INDEPENDIENTE TRABAJANDO PARA TODOS,117,M,CASTELLANO
80518,HUANCAVELICA,TAYACAJA,QUISHUAR,MOVIMIENTO POLITICO FUERZA HUANCAVELICA,29,M,CASTELLANO
80518,HUANCAVELICA,TAYACAJA,QUISHUAR,MOVIMIENTO REGIONAL AYNI,12,M,CASTELLANO
80519,HUANCAVELICA,TAYACAJA,SALCABAMBA,ACCION DE GOBERNABILIDAD PARA LA UNIDAD ANDINA,432,M,CASTELLANO
80519,HUANCAVELICA,TAYACAJA,SALCABAMBA,MOVIMIENTO INDEPENDIENTE DE CAMPESINOS Y PROFESIONALES,770,M,CASTELLANO
80519,HUANCAVELICA,TAYACAJA,SALCABAMBA,MOVIMIENTO INDEPENDIENTE REGIONAL AYLLU,324,M,CASTELLANO
80519,HUANCAVELICA,TAYACAJA,SALCABAMBA,MOVIMIENTO INDEPENDIENTE REGIONAL UNIDOS POR HUANCAVELICA,18,M,CASTELLANO
80519,HUANCAVELICA,TAYACAJA,SALCABAMBA,MOVIMIENTO INDEPENDIENTE TRABAJANDO PARA TODOS,309,M,CASTELLANO
80519,HUANCAVELICA,TAYACAJA,SALCABAMBA,MOVIMIENTO POLITICO FUERZA HUANCAVELICA,238,M,CASTELLANO
80519,HUANCAVELICA,TAYACAJA,SALCABAMBA,MOVIMIENTO REGIONAL AYNI,185,M,CASTELLANO
80519,HUANCAVELICA,TAYACAJA,SALCABAMBA,PROYECTO INTEGRACIONISTA DE COMUNIDADES ORGANIZADAS,20,M,CASTELLANO
80520,HUANCAVELICA,TAYACAJA,SAN MARCOS DE ROCCHAC,ACCION DE GOBERNABILIDAD PARA LA UNIDAD ANDINA,5,M,CASTELLANO
80520,HUANCAVELICA,TAYACAJA,SAN MARCOS DE ROCCHAC,FRENTE REGIONAL PODER COMUNAL,20,M,CASTELLANO
80520,HUANCAVELICA,TAYACAJA,SAN MARCOS DE ROCCHAC,MOVIMIENTO INDEPENDIENTE DE CAMPESINOS Y PROFESIONALES,312,M,CASTELLANO
80520,HUANCAVELICA,TAYACAJA,SAN MARCOS DE ROCCHAC,MOVIMIENTO INDEPENDIENTE REGIONAL AYLLU,381,M,CASTELLANO
80520,HUANCAVELICA,TAYACAJA,SAN MARCOS DE ROCCHAC,MOVIMIENTO INDEPENDIENTE REGIONAL UNIDOS POR HUANCAVELICA,34,M,CASTELLANO
80520,HUANCAVELICA,TAYACAJA,SAN MARCOS DE ROCCHAC,MOVIMIENTO INDEPENDIENTE TRABAJANDO PARA TODOS,485,M,CASTELLANO
80520,HUANCAVELICA,TAYACAJA,SAN MARCOS DE ROCCHAC,MOVIMIENTO POLITICO FUERZA HUANCAVELICA,359,M,CASTELLANO
80520,HUANCAVELICA,TAYACAJA,SAN MARCOS DE ROCCHAC,MOVIMIENTO REGIONAL AYNI,193,M,CASTELLANO
80520,HUANCAVELICA,TAYACAJA,SAN MARCOS DE ROCCHAC,PROYECTO INTEGRACIONISTA DE COMUNIDADES ORGANIZADAS,22,M,CASTELLANO
80523,HUANCAVELICA,TAYACAJA,SURCUBAMBA,MOVIMIENTO INDEPENDIENTE REGIONAL AYLLU,139,M,CASTELLANO
80523,HUANCAVELICA,TAYACAJA,SURCUBAMBA,MOVIMIENTO INDEPENDIENTE TRABAJANDO PARA TODOS,852,M,CASTELLANO
80523,HUANCAVELICA,TAYACAJA,SURCUBAMBA,MOVIMIENTO POLITICO FUERZA HUANCAVELICA,328,M,CASTELLANO
80523,HUANCAVELICA,TAYACAJA,SURCUBAMBA,MOVIMIENTO REGIONAL AYNI,1309,M,CASTELLANO
80525,HUANCAVELICA,TAYACAJA,TINTAY PUNCU,ALIANZA PARA EL PROGRESO,212,F,CASTELLANO
80525,HUANCAVELICA,TAYACAJA,TINTAY PUNCU,MOVIMIENTO INDEPENDIENTE DE CAMPESINOS Y PROFESIONALES,33,F,CASTELLANO
80525,HUANCAVELICA,TAYACAJA,TINTAY PUNCU,MOVIMIENTO INDEPENDIENTE REGIONAL AYLLU,617,F,CASTELLANO
80525,HUANCAVELICA,TAYACAJA,TINTAY PUNCU,MOVIMIENTO INDEPENDIENTE REGIONAL UNIDOS POR HUANCAVELICA,91,F,CASTELLANO
80525,HUANCAVELICA,TAYACAJA,TINTAY PUNCU,MOVIMIENTO INDEPENDIENTE TRABAJANDO PARA TODOS,684,F,CASTELLANO
80525,HUANCAVELICA,TAYACAJA,TINTAY PUNCU,MOVIMIENTO POLITICO FUERZA HUANCAVELICA,50,F,CASTELLANO
80525,HUANCAVELICA,TAYACAJA,TINTAY PUNCU,MOVIMIENTO REGIONAL AYNI,53,F,CASTELLANO
80525,HUANCAVELICA,TAYACAJA,TINTAY PUNCU,PROYECTO INTEGRACIONISTA DE COMUNIDADES ORGANIZADAS,30,F,CASTELLANO
80526,HUANCAVELICA,TAYACAJA,SALCAHUASI,MOVIMIENTO INDEPENDIENTE DE CAMPESINOS Y PROFESIONALES,35,M,CASTELLANO
80526,HUANCAVELICA,TAYACAJA,SALCAHUASI,MOVIMIENTO INDEPENDIENTE REGIONAL AYLLU,414,M,CASTELLANO
80526,HUANCAVELICA,TAYACAJA,SALCAHUASI,MOVIMIENTO INDEPENDIENTE REGIONAL UNIDOS POR HUANCAVELICA,413,M,CASTELLANO
80526,HUANCAVELICA,TAYACAJA,SALCAHUASI,MOVIMIENTO INDEPENDIENTE TRABAJANDO PARA TODOS,547,M,CASTELLANO
80526,HUANCAVELICA,TAYACAJA,SALCAHUASI,MOVIMIENTO POLITICO FUERZA HUANCAVELICA,141,M,CASTELLANO
80526,HUANCAVELICA,TAYACAJA,SALCAHUASI,MOVIMIENTO REGIONAL AYNI,94,M,CASTELLANO
80601,HUANCAVELICA,HUAYTARA,AYAVI,ACCION POPULAR,48,M,CASTELLANO
80601,HUANCAVELICA,HUAYTARA,AYAVI,ALIANZA PARA EL PROGRESO,34,M,CASTELLANO
80601,HUANCAVELICA,HUAYTARA,AYAVI,FRENTE REGIONAL PODER COMUNAL,5,M,CASTELLANO
80601,HUANCAVELICA,HUAYTARA,AYAVI,MOVIMIENTO INDEPENDIENTE DE CAMPESINOS Y PROFESIONALES,65,M,CASTELLANO
80601,HUANCAVELICA,HUAYTARA,AYAVI,MOVIMIENTO INDEPENDIENTE REGIONAL AYLLU,94,M,CASTELLANO
80601,HUANCAVELICA,HUAYTARA,AYAVI,MOVIMIENTO INDEPENDIENTE REGIONAL UNIDOS POR HUANCAVELICA,84,M,CASTELLANO
80601,HUANCAVELICA,HUAYTARA,AYAVI,MOVIMIENTO INDEPENDIENTE TRABAJANDO PARA TODOS,163,M,CASTELLANO
80601,HUANCAVELICA,HUAYTARA,AYAVI,MOVIMIENTO POLITICO FUERZA HUANCAVELICA,87,M,CASTELLANO
80601,HUANCAVELICA,HUAYTARA,AYAVI,MOVIMIENTO REGIONAL AYNI,66,M,CASTELLANO
80602,HUANCAVELICA,HUAYTARA,CORDOVA,ACCION DE GOBERNABILIDAD PARA LA UNIDAD ANDINA,0,F,QUECHUA
80602,HUANCAVELICA,HUAYTARA,CORDOVA,ACCION POPULAR,0,F,QUECHUA
80602,HUANCAVELICA,HUAYTARA,CORDOVA,CORDOVA AL PROGRESO DE SUS ANEXOS,0,F,QUECHUA
80602,HUANCAVELICA,HUAYTARA,CORDOVA,MOVIMIENTO INDEPENDIENTE DE CAMPESINOS Y PROFESIONALES,0,F,QUECHUA
80602,HUANCAVELICA,HUAYTARA,CORDOVA,MOVIMIENTO INDEPENDIENTE REGIONAL AYLLU,0,F,QUECHUA
80602,HUANCAVELICA,HUAYTARA,CORDOVA,MOVIMIENTO INDEPENDIENTE TRABAJANDO PARA TODOS,0,F,QUECHUA
80602,HUANCAVELICA,HUAYTARA,CORDOVA,MOVIMIENTO POLITICO FUERZA HUANCAVELICA,0,F,QUECHUA
80602,HUANCAVELICA,HUAYTARA,CORDOVA,MOVIMIENTO REGIONAL AYNI,0,F,QUECHUA
80603,HUANCAVELICA,HUAYTARA,HUAYACUNDO ARMA,ACCION POPULAR,139,M,CASTELLANO
80603,HUANCAVELICA,HUAYTARA,HUAYACUNDO ARMA,ALIANZA PARA EL PROGRESO,77,M,CASTELLANO
80603,HUANCAVELICA,HUAYTARA,HUAYACUNDO ARMA,MOVIMIENTO INDEPENDIENTE REGIONAL AYLLU,66,M,CASTELLANO
80603,HUANCAVELICA,HUAYTARA,HUAYACUNDO ARMA,MOVIMIENTO INDEPENDIENTE TRABAJANDO PARA TODOS,47,M,CASTELLANO
80603,HUANCAVELICA,HUAYTARA,HUAYACUNDO ARMA,MOVIMIENTO POLITICO FUERZA HUANCAVELICA,80,M,CASTELLANO
80603,HUANCAVELICA,HUAYTARA,HUAYACUNDO ARMA,MOVIMIENTO REGIONAL AYNI,38,M,CASTELLANO
80605,HUANCAVELICA,HUAYTARA,LARAMARCA,ACCION POPULAR,134,M,CASTELLANO
80605,HUANCAVELICA,HUAYTARA,LARAMARCA,MOVIMIENTO INDEPENDIENTE REGIONAL AYLLU,46,M,CASTELLANO
80605,HUANCAVELICA,HUAYTARA,LARAMARCA,MOVIMIENTO INDEPENDIENTE TRABAJANDO PARA TODOS,66,M,CASTELLANO
80605,HUANCAVELICA,HUAYTARA,LARAMARCA,MOVIMIENTO POLITICO FUERZA HUANCAVELICA,28,M,CASTELLANO
80605,HUANCAVELICA,HUAYTARA,LARAMARCA,MOVIMIENTO REGIONAL AYNI,119,M,CASTELLANO
80606,HUANCAVELICA,HUAYTARA,OCOYO,ACCION POPULAR,235,M,CASTELLANO
80606,HUANCAVELICA,HUAYTARA,OCOYO,ALIANZA PARA EL PROGRESO,75,M,CASTELLANO
80606,HUANCAVELICA,HUAYTARA,OCOYO,MOVIMIENTO INDEPENDIENTE REGIONAL AYLLU,208,M,CASTELLANO
80606,HUANCAVELICA,HUAYTARA,OCOYO,MOVIMIENTO INDEPENDIENTE REGIONAL UNIDOS POR HUANCAVELICA,20,M,CASTELLANO
80606,HUANCAVELICA,HUAYTARA,OCOYO,MOVIMIENTO INDEPENDIENTE TRABAJANDO PARA TODOS,138,M,CASTELLANO
80606,HUANCAVELICA,HUAYTARA,OCOYO,MOVIMIENTO POLITICO FUERZA HUANCAVELICA,94,M,CASTELLANO
80607,HUANCAVELICA,HUAYTARA,PILPICHACA,ACCION DE GOBERNABILIDAD PARA LA UNIDAD ANDINA,138,M,CASTELLANO
80607,HUANCAVELICA,HUAYTARA,PILPICHACA,ACCION POPULAR,87,M,CASTELLANO
80607,HUANCAVELICA,HUAYTARA,PILPICHACA,ALIANZA PARA EL PROGRESO,211,M,CASTELLANO
80607,HUANCAVELICA,HUAYTARA,PILPICHACA,FRENTE REGIONAL PODER COMUNAL,26,M,CASTELLANO
80607,HUANCAVELICA,HUAYTARA,PILPICHACA,MOVIMIENTO INDEPENDIENTE DE CAMPESINOS Y PROFESIONALES,280,M,CASTELLANO
80607,HUANCAVELICA,HUAYTARA,PILPICHACA,MOVIMIENTO INDEPENDIENTE REGIONAL AYLLU,366,M,CASTELLANO
80607,HUANCAVELICA,HUAYTARA,PILPICHACA,MOVIMIENTO INDEPENDIENTE REGIONAL UNIDOS POR HUANCAVELICA,276,M,CASTELLANO
80607,HUANCAVELICA,HUAYTARA,PILPICHACA,MOVIMIENTO INDEPENDIENTE TRABAJANDO PARA TODOS,417,M,CASTELLANO
80607,HUANCAVELICA,HUAYTARA,PILPICHACA,MOVIMIENTO POLITICO FUERZA HUANCAVELICA,69,M,CASTELLANO
80607,HUANCAVELICA,HUAYTARA,PILPICHACA,MOVIMIENTO REGIONAL AYNI,136,M,CASTELLANO
80608,HUANCAVELICA,HUAYTARA,QUERCO,ACCION POPULAR,54,M,CASTELLANO
80608,HUANCAVELICA,HUAYTARA,QUERCO,ALIANZA PARA EL PROGRESO,18,M,CASTELLANO
80608,HUANCAVELICA,HUAYTARA,QUERCO,MOVIMIENTO INDEPENDIENTE REGIONAL AYLLU,293,M,CASTELLANO
80608,HUANCAVELICA,HUAYTARA,QUERCO,MOVIMIENTO INDEPENDIENTE TRABAJANDO PARA TODOS,299,M,CASTELLANO
80608,HUANCAVELICA,HUAYTARA,QUERCO,MOVIMIENTO REGIONAL AYNI,104,M,CASTELLANO
80609,HUANCAVELICA,HUAYTARA,QUITO-ARMA,ACCION POPULAR,76,F,CASTELLANO
80609,HUANCAVELICA,HUAYTARA,QUITO-ARMA,MOVIMIENTO INDEPENDIENTE REGIONAL AYLLU,151,F,CASTELLANO
80609,HUANCAVELICA,HUAYTARA,QUITO-ARMA,MOVIMIENTO INDEPENDIENTE TRABAJANDO PARA TODOS,166,F,CASTELLANO
80609,HUANCAVELICA,HUAYTARA,QUITO-ARMA,MOVIMIENTO POLITICO FUERZA HUANCAVELICA,214,F,CASTELLANO
80610,HUANCAVELICA,HUAYTARA,SAN ANTONIO DE CUSICANCHA,ACCION POPULAR,155,M,CASTELLANO
80610,HUANCAVELICA,HUAYTARA,SAN ANTONIO DE CUSICANCHA,MOVIMIENTO INDEPENDIENTE DE CAMPESINOS Y PROFESIONALES,18,M,CASTELLANO
80610,HUANCAVELICA,HUAYTARA,SAN ANTONIO DE CUSICANCHA,MOVIMIENTO INDEPENDIENTE REGIONAL AYLLU,65,M,CASTELLANO
80610,HUANCAVELICA,HUAYTARA,SAN ANTONIO DE CUSICANCHA,MOVIMIENTO INDEPENDIENTE REGIONAL UNIDOS POR HUANCAVELICA,170,M,CASTELLANO
80610,HUANCAVELICA,HUAYTARA,SAN ANTONIO DE CUSICANCHA,MOVIMIENTO INDEPENDIENTE TRABAJANDO PARA TODOS,149,M,CASTELLANO
80610,HUANCAVELICA,HUAYTARA,SAN ANTONIO DE CUSICANCHA,MOVIMIENTO POLITICO FUERZA HUANCAVELICA,54,M,CASTELLANO
80610,HUANCAVELICA,HUAYTARA,SAN ANTONIO DE CUSICANCHA,MOVIMIENTO REGIONAL AYNI,204,M,CASTELLANO
80611,HUANCAVELICA,HUAYTARA,SAN FRANCISCO DE SANGAYAICO,ACCION POPULAR,106,M,CASTELLANO
80611,HUANCAVELICA,HUAYTARA,SAN FRANCISCO DE SANGAYAICO,MOVIMIENTO INDEPENDIENTE DE CAMPESINOS Y PROFESIONALES,110,M,CASTELLANO
80611,HUANCAVELICA,HUAYTARA,SAN FRANCISCO DE SANGAYAICO,MOVIMIENTO INDEPENDIENTE REGIONAL AYLLU,56,M,CASTELLANO
80611,HUANCAVELICA,HUAYTARA,SAN FRANCISCO DE SANGAYAICO,MOVIMIENTO POLITICO FUERZA HUANCAVELICA,75,M,CASTELLANO
80611,HUANCAVELICA,HUAYTARA,SAN FRANCISCO DE SANGAYAICO,MOVIMIENTO REGIONAL AYNI,480,M,CASTELLANO
80612,HUANCAVELICA,HUAYTARA,SAN ISIDRO,ACCION POPULAR,20,M,QUECHUA
80612,HUANCAVELICA,HUAYTARA,SAN ISIDRO,ALIANZA PARA EL PROGRESO,1,M,QUECHUA
80612,HUANCAVELICA,HUAYTARA,SAN ISIDRO,MOVIMIENTO INDEPENDIENTE REGIONAL AYLLU,286,M,QUECHUA
80612,HUANCAVELICA,HUAYTARA,SAN ISIDRO,MOVIMIENTO INDEPENDIENTE TRABAJANDO PARA TODOS,194,M,QUECHUA
80612,HUANCAVELICA,HUAYTARA,SAN ISIDRO,MOVIMIENTO POLITICO FUERZA HUANCAVELICA,137,M,QUECHUA
80613,HUANCAVELICA,HUAYTARA,SANTIAGO DE CHOCORVOS,ACCION DE GOBERNABILIDAD PARA LA UNIDAD ANDINA,160,M,CASTELLANO
80613,HUANCAVELICA,HUAYTARA,SANTIAGO DE CHOCORVOS,ACCION POPULAR,990,M,CASTELLANO
80613,HUANCAVELICA,HUAYTARA,SANTIAGO DE CHOCORVOS,ALIANZA PARA EL PROGRESO,26,M,CASTELLANO
80613,HUANCAVELICA,HUAYTARA,SANTIAGO DE CHOCORVOS,MOVIMIENTO INDEPENDIENTE DE CAMPESINOS Y PROFESIONALES,15,M,CASTELLANO
80613,HUANCAVELICA,HUAYTARA,SANTIAGO DE CHOCORVOS,MOVIMIENTO INDEPENDIENTE REGIONAL AYLLU,568,M,CASTELLANO
80613,HUANCAVELICA,HUAYTARA,SANTIAGO DE CHOCORVOS,MOVIMIENTO POLITICO FUERZA HUANCAVELICA,91,M,CASTELLANO
80613,HUANCAVELICA,HUAYTARA,SANTIAGO DE CHOCORVOS,MOVIMIENTO REGIONAL AYNI,305,M,CASTELLANO
80614,HUANCAVELICA,HUAYTARA,SANTIAGO DE QUIRAHUARA,ACCION POPULAR,30,M,CASTELLANO
80614,HUANCAVELICA,HUAYTARA,SANTIAGO DE QUIRAHUARA,MOVIMIENTO INDEPENDIENTE REGIONAL AYLLU,250,M,CASTELLANO
80614,HUANCAVELICA,HUAYTARA,SANTIAGO DE QUIRAHUARA,MOVIMIENTO INDEPENDIENTE TRABAJANDO PARA TODOS,457,M,CASTELLANO
80615,HUANCAVELICA,HUAYTARA,SANTO DOMINGO DE CAPILLAS,ACCION POPULAR,161,M,CASTELLANO
80615,HUANCAVELICA,HUAYTARA,SANTO DOMINGO DE CAPILLAS,MOVIMIENTO INDEPENDIENTE DE CAMPESINOS Y PROFESIONALES,61,M,CASTELLANO
80615,HUANCAVELICA,HUAYTARA,SANTO DOMINGO DE CAPILLAS,MOVIMIENTO INDEPENDIENTE REGIONAL AYLLU,173,M,CASTELLANO
80615,HUANCAVELICA,HUAYTARA,SANTO DOMINGO DE CAPILLAS,MOVIMIENTO INDEPENDIENTE TRABAJANDO PARA TODOS,223,M,CASTELLANO
80615,HUANCAVELICA,HUAYTARA,SANTO DOMINGO DE CAPILLAS,MOVIMIENTO POLITICO FUERZA HUANCAVELICA,52,M,CASTELLANO
80615,HUANCAVELICA,HUAYTARA,SANTO DOMINGO DE CAPILLAS,MOVIMIENTO REGIONAL AYNI,39,M,CASTELLANO
80616,HUANCAVELICA,HUAYTARA,TAMBO,ACCION POPULAR,142,M,CASTELLANO
80616,HUANCAVELICA,HUAYTARA,TAMBO,MOVIMIENTO INDEPENDIENTE DE CAMPESINOS Y PROFESIONALES,174,M,CASTELLANO
80616,HUANCAVELICA,HUAYTARA,TAMBO,MOVIMIENTO INDEPENDIENTE REGIONAL AYLLU,230,M,CASTELLANO
80616,HUANCAVELICA,HUAYTARA,TAMBO,MOVIMIENTO INDEPENDIENTE TRABAJANDO PARA TODOS,235,M,CASTELLANO
80616,HUANCAVELICA,HUAYTARA,TAMBO,MOVIMIENTO POLITICO FUERZA HUANCAVELICA,46,M,CASTELLANO
80616,HUANCAVELICA,HUAYTARA,TAMBO,MOVIMIENTO REGIONAL AYNI,17,M,CASTELLANO
80702,HUANCAVELICA,CHURCAMPA,ANCO,MOVIMIENTO INDEPENDIENTE DE CAMPESINOS Y PROFESIONALES,315,M,CASTELLANO
80702,HUANCAVELICA,CHURCAMPA,ANCO,MOVIMIENTO INDEPENDIENTE REGIONAL AYLLU,98,M,CASTELLANO
80702,HUANCAVELICA,CHURCAMPA,ANCO,MOVIMIENTO INDEPENDIENTE REGIONAL UNIDOS POR HUANCAVELICA,1435,M,CASTELLANO
80702,HUANCAVELICA,CHURCAMPA,ANCO,MOVIMIENTO INDEPENDIENTE TRABAJANDO PARA TODOS,639,M,CASTELLANO
80702,HUANCAVELICA,CHURCAMPA,ANCO,MOVIMIENTO REGIONAL AYNI,487,M,CASTELLANO
80702,HUANCAVELICA,CHURCAMPA,ANCO,PROYECTO INTEGRACIONISTA DE COMUNIDADES ORGANIZADAS,13,M,CASTELLANO
80703,HUANCAVELICA,CHURCAMPA,CHINCHIHUASI,MOVIMIENTO INDEPENDIENTE DE CAMPESINOS Y PROFESIONALES,82,M,QUECHUA
80703,HUANCAVELICA,CHURCAMPA,CHINCHIHUASI,MOVIMIENTO INDEPENDIENTE REGIONAL AYLLU,130,M,QUECHUA
80703,HUANCAVELICA,CHURCAMPA,CHINCHIHUASI,MOVIMIENTO INDEPENDIENTE REGIONAL UNIDOS POR HUANCAVELICA,218,M,QUECHUA
80703,HUANCAVELICA,CHURCAMPA,CHINCHIHUASI,MOVIMIENTO INDEPENDIENTE TRABAJANDO PARA TODOS,703,M,QUECHUA
80703,HUANCAVELICA,CHURCAMPA,CHINCHIHUASI,MOVIMIENTO REGIONAL AYNI,76,M,QUECHUA
80703,HUANCAVELICA,CHURCAMPA,CHINCHIHUASI,PROYECTO INTEGRACIONISTA DE COMUNIDADES ORGANIZADAS,82,M,QUECHUA
80704,HUANCAVELICA,CHURCAMPA,EL CARMEN,ACCION DE GOBERNABILIDAD PARA LA UNIDAD ANDINA,60,M,CASTELLANO
80704,HUANCAVELICA,CHURCAMPA,EL CARMEN,MOVIMIENTO INDEPENDIENTE DE CAMPESINOS Y PROFESIONALES,58,M,CASTELLANO
80704,HUANCAVELICA,CHURCAMPA,EL CARMEN,MOVIMIENTO INDEPENDIENTE REGIONAL AYLLU,394,M,CASTELLANO
80704,HUANCAVELICA,CHURCAMPA,EL CARMEN,MOVIMIENTO INDEPENDIENTE REGIONAL UNIDOS POR HUANCAVELICA,197,M,CASTELLANO
80704,HUANCAVELICA,CHURCAMPA,EL CARMEN,MOVIMIENTO INDEPENDIENTE TRABAJANDO PARA TODOS,414,M,CASTELLANO
80704,HUANCAVELICA,CHURCAMPA,EL CARMEN,MOVIMIENTO REGIONAL AYNI,152,M,CASTELLANO
80705,HUANCAVELICA,CHURCAMPA,LA MERCED,ACCION DE GOBERNABILIDAD PARA LA UNIDAD ANDINA,25,M,CASTELLANO
80705,HUANCAVELICA,CHURCAMPA,LA MERCED,MOVIMIENTO INDEPENDIENTE REGIONAL AYLLU,283,M,CASTELLANO
80705,HUANCAVELICA,CHURCAMPA,LA MERCED,MOVIMIENTO INDEPENDIENTE TRABAJANDO PARA TODOS,232,M,CASTELLANO
80706,HUANCAVELICA,CHURCAMPA,LOCROJA,ACCION DE GOBERNABILIDAD PARA LA UNIDAD ANDINA,56,M,CASTELLANO
80706,HUANCAVELICA,CHURCAMPA,LOCROJA,MOVIMIENTO INDEPENDIENTE DE CAMPESINOS Y PROFESIONALES,51,M,CASTELLANO
80706,HUANCAVELICA,CHURCAMPA,LOCROJA,MOVIMIENTO INDEPENDIENTE REGIONAL AYLLU,637,M,CASTELLANO
80706,HUANCAVELICA,CHURCAMPA,LOCROJA,MOVIMIENTO INDEPENDIENTE REGIONAL UNIDOS POR HUANCAVELICA,277,M,CASTELLANO
80706,HUANCAVELICA,CHURCAMPA,LOCROJA,MOVIMIENTO INDEPENDIENTE TRABAJANDO PARA TODOS,650,M,CASTELLANO
80706,HUANCAVELICA,CHURCAMPA,LOCROJA,MOVIMIENTO REGIONAL AYNI,45,M,CASTELLANO
80706,HUANCAVELICA,CHURCAMPA,LOCROJA,PROYECTO INTEGRACIONISTA DE COMUNIDADES ORGANIZADAS,214,M,CASTELLANO
80707,HUANCAVELICA,CHURCAMPA,PAUCARBAMBA,ACCION DE GOBERNABILIDAD PARA LA UNIDAD ANDINA,8,M,CASTELLANO
80707,HUANCAVELICA,CHURCAMPA,PAUCARBAMBA,MOVIMIENTO INDEPENDIENTE DE CAMPESINOS Y PROFESIONALES,11,M,CASTELLANO
80707,HUANCAVELICA,CHURCAMPA,PAUCARBAMBA,MOVIMIENTO INDEPENDIENTE REGIONAL AYLLU,68,M,CASTELLANO
80707,HUANCAVELICA,CHURCAMPA,PAUCARBAMBA,MOVIMIENTO INDEPENDIENTE REGIONAL UNIDOS POR HUANCAVELICA,797,M,CASTELLANO
80707,HUANCAVELICA,CHURCAMPA,PAUCARBAMBA,MOVIMIENTO INDEPENDIENTE TRABAJANDO PARA TODOS,1517,M,CASTELLANO
80707,HUANCAVELICA,CHURCAMPA,PAUCARBAMBA,MOVIMIENTO REGIONAL AYNI,140,M,CASTELLANO
80708,HUANCAVELICA,CHURCAMPA,SAN MIGUEL DE MAYOCC,ACCION DE GOBERNABILIDAD PARA LA UNIDAD ANDINA,43,M,CASTELLANO
80708,HUANCAVELICA,CHURCAMPA,SAN MIGUEL DE MAYOCC,MOVIMIENTO INDEPENDIENTE DE CAMPESINOS Y PROFESIONALES,72,M,CASTELLANO
80708,HUANCAVELICA,CHURCAMPA,SAN MIGUEL DE MAYOCC,MOVIMIENTO INDEPENDIENTE REGIONAL AYLLU,261,M,CASTELLANO
80708,HUANCAVELICA,CHURCAMPA,SAN MIGUEL DE MAYOCC,MOVIMIENTO INDEPENDIENTE REGIONAL UNIDOS POR HUANCAVELICA,111,M,CASTELLANO
80708,HUANCAVELICA,CHURCAMPA,SAN MIGUEL DE MAYOCC,MOVIMIENTO INDEPENDIENTE TRABAJANDO PARA TODOS,38,M,CASTELLANO
80708,HUANCAVELICA,CHURCAMPA,SAN MIGUEL DE MAYOCC,MOVIMIENTO REGIONAL AYNI,86,M,CASTELLANO
80709,HUANCAVELICA,CHURCAMPA,SAN PEDRO DE CORIS,ACCION DE GOBERNABILIDAD PARA LA UNIDAD ANDINA,191,M,CASTELLANO
80709,HUANCAVELICA,CHURCAMPA,SAN PEDRO DE CORIS,MOVIMIENTO INDEPENDIENTE DE CAMPESINOS Y PROFESIONALES,169,M,CASTELLANO
80709,HUANCAVELICA,CHURCAMPA,SAN PEDRO DE CORIS,MOVIMIENTO INDEPENDIENTE REGIONAL AYLLU,350,M,CASTELLANO
80709,HUANCAVELICA,CHURCAMPA,SAN PEDRO DE CORIS,MOVIMIENTO INDEPENDIENTE REGIONAL UNIDOS POR HUANCAVELICA,38,M,CASTELLANO
80709,HUANCAVELICA,CHURCAMPA,SAN PEDRO DE CORIS,MOVIMIENTO INDEPENDIENTE TRABAJANDO PARA TODOS,511,M,CASTELLANO
80709,HUANCAVELICA,CHURCAMPA,SAN PEDRO DE CORIS,MOVIMIENTO POLITICO FUERZA HUANCAVELICA,1,M,CASTELLANO
80709,HUANCAVELICA,CHURCAMPA,SAN PEDRO DE CORIS,MOVIMIENTO REGIONAL AYNI,466,M,CASTELLANO
80709,HUANCAVELICA,CHURCAMPA,SAN PEDRO DE CORIS,PROYECTO INTEGRACIONISTA DE COMUNIDADES ORGANIZADAS,55,M,CASTELLANO
80710,HUANCAVELICA,CHURCAMPA,PACHAMARCA,ACCION DE GOBERNABILIDAD PARA LA UNIDAD ANDINA,22,M,CASTELLANO
80710,HUANCAVELICA,CHURCAMPA,PACHAMARCA,MOVIMIENTO INDEPENDIENTE DE CAMPESINOS Y PROFESIONALES,144,M,CASTELLANO
80710,HUANCAVELICA,CHURCAMPA,PACHAMARCA,MOVIMIENTO INDEPENDIENTE REGIONAL AYLLU,170,M,CASTELLANO
80710,HUANCAVELICA,CHURCAMPA,PACHAMARCA,MOVIMIENTO INDEPENDIENTE REGIONAL UNIDOS POR HUANCAVELICA,127,M,CASTELLANO
80710,HUANCAVELICA,CHURCAMPA,PACHAMARCA,MOVIMIENTO INDEPENDIENTE TRABAJANDO PARA TODOS,37,M,CASTELLANO
80710,HUANCAVELICA,CHURCAMPA,PACHAMARCA,MOVIMIENTO REGIONAL AYNI,425,M,CASTELLANO
80710,HUANCAVELICA,CHURCAMPA,PACHAMARCA,PROYECTO INTEGRACIONISTA DE COMUNIDADES ORGANIZADAS,257,M,CASTELLANO
80711,HUANCAVELICA,CHURCAMPA,COSME,MOVIMIENTO INDEPENDIENTE REGIONAL AYLLU,97,M,CASTELLANO
80711,HUANCAVELICA,CHURCAMPA,COSME,MOVIMIENTO INDEPENDIENTE REGIONAL UNIDOS POR HUANCAVELICA,334,M,CASTELLANO
80711,HUANCAVELICA,CHURCAMPA,COSME,MOVIMIENTO INDEPENDIENTE TRABAJANDO PARA TODOS,684,M,CASTELLANO
80711,HUANCAVELICA,CHURCAMPA,COSME,MOVIMIENTO REGIONAL AYNI,124,M,CASTELLANO
80711,HUANCAVELICA,CHURCAMPA,COSME,PROYECTO INTEGRACIONISTA DE COMUNIDADES ORGANIZADAS,384,M,CASTELLANO
90102,HUANUCO,HUANUCO,CHINCHAO,ACCION POPULAR,835,M,CASTELLANO
90102,HUANUCO,HUANUCO,CHINCHAO,ALIANZA PARA EL PROGRESO,54,M,CASTELLANO
90102,HUANUCO,HUANUCO,CHINCHAO,AUTENTICO REGIONAL,51,M,CASTELLANO
90102,HUANUCO,HUANUCO,CHINCHAO,AVANZADA REGIONAL INDEPENDIENTE UNIDOS POR HUANUCO,2693,M,CASTELLANO
90102,HUANUCO,HUANUCO,CHINCHAO,CUENTA CONMIGO,28,M,CASTELLANO
90102,HUANUCO,HUANUCO,CHINCHAO,FUERZA POPULAR,306,M,CASTELLANO
90102,HUANUCO,HUANUCO,CHINCHAO,MOVIMIENTO INDEPENDIENTE REGIONAL LUCHEMOS POR HUANUCO,57,M,CASTELLANO
90102,HUANUCO,HUANUCO,CHINCHAO,MOVIMIENTO INTEGRACION DESCENTRALISTA,2628,M,CASTELLANO
90102,HUANUCO,HUANUCO,CHINCHAO,MOVIMIENTO POLITICO FRENTE AMPLIO REGIONAL PAISANOCUNA,243,M,CASTELLANO
90102,HUANUCO,HUANUCO,CHINCHAO,MOVIMIENTO POLITICO HECHOS Y NO PALABRAS,1213,M,CASTELLANO
90102,HUANUCO,HUANUCO,CHINCHAO,PARTIDO DEMOCRATICO SOMOS PERU,1702,M,CASTELLANO
90102,HUANUCO,HUANUCO,CHINCHAO,UNION POR EL PERU,583,M,CASTELLANO
90103,HUANUCO,HUANUCO,CHURUBAMBA,ACCION POPULAR,696,M,CASTELLANO
90103,HUANUCO,HUANUCO,CHURUBAMBA,AUTENTICO REGIONAL,28,M,CASTELLANO
90103,HUANUCO,HUANUCO,CHURUBAMBA,AVANZADA REGIONAL INDEPENDIENTE UNIDOS POR HUANUCO,1564,M,CASTELLANO
90103,HUANUCO,HUANUCO,CHURUBAMBA,CUENTA CONMIGO,3,M,CASTELLANO
90103,HUANUCO,HUANUCO,CHURUBAMBA,MOVIMIENTO INTEGRACION DESCENTRALISTA,4122,M,CASTELLANO
90103,HUANUCO,HUANUCO,CHURUBAMBA,MOVIMIENTO POLITICO HECHOS Y NO PALABRAS,34,M,CASTELLANO
90103,HUANUCO,HUANUCO,CHURUBAMBA,PARTIDO DEMOCRATICO SOMOS PERU,1980,M,CASTELLANO
90103,HUANUCO,HUANUCO,CHURUBAMBA,UNION POR EL PERU,593,M,CASTELLANO
90104,HUANUCO,HUANUCO,MARGOS,ACCION POPULAR,237,M,CASTELLANO
90104,HUANUCO,HUANUCO,MARGOS,AUTENTICO REGIONAL,188,M,CASTELLANO
90104,HUANUCO,HUANUCO,MARGOS,AVANZADA REGIONAL INDEPENDIENTE UNIDOS POR HUANUCO,257,M,CASTELLANO
90104,HUANUCO,HUANUCO,MARGOS,MOVIMIENTO INDEPENDIENTE REGIONAL LUCHEMOS POR HUANUCO,354,M,CASTELLANO
90104,HUANUCO,HUANUCO,MARGOS,MOVIMIENTO INTEGRACION DESCENTRALISTA,972,M,CASTELLANO
90104,HUANUCO,HUANUCO,MARGOS,MOVIMIENTO POLITICO FRENTE AMPLIO REGIONAL PAISANOCUNA,225,M,CASTELLANO
90104,HUANUCO,HUANUCO,MARGOS,MOVIMIENTO POLITICO HECHOS Y NO PALABRAS,6,M,CASTELLANO
90104,HUANUCO,HUANUCO,MARGOS,PARTIDO DEMOCRATICO SOMOS PERU,1172,M,CASTELLANO
90104,HUANUCO,HUANUCO,MARGOS,UNION POR EL PERU,55,M,CASTELLANO
90104,HUANUCO,HUANUCO,MARGOS,VAMOS PERU,15,M,CASTELLANO
90105,HUANUCO,HUANUCO,QUISQUI,ACCION POPULAR,288,M,CASTELLANO
90105,HUANUCO,HUANUCO,QUISQUI,AVANZADA REGIONAL INDEPENDIENTE UNIDOS POR HUANUCO,11,M,CASTELLANO
90105,HUANUCO,HUANUCO,QUISQUI,MOVIMIENTO INTEGRACION DESCENTRALISTA,18,M,CASTELLANO
90105,HUANUCO,HUANUCO,QUISQUI,MOVIMIENTO POLITICO HECHOS Y NO PALABRAS,321,M,CASTELLANO
90105,HUANUCO,HUANUCO,QUISQUI,PARTIDO DEMOCRATICO SOMOS PERU,18,M,CASTELLANO
90106,HUANUCO,HUANUCO,SAN FRANCISCO DE CAYRAN,AUTENTICO REGIONAL,322,M,CASTELLANO
90106,HUANUCO,HUANUCO,SAN FRANCISCO DE CAYRAN,AVANZADA REGIONAL INDEPENDIENTE UNIDOS POR HUANUCO,376,M,CASTELLANO
90106,HUANUCO,HUANUCO,SAN FRANCISCO DE CAYRAN,FUERZA POPULAR,311,M,CASTELLANO
90106,HUANUCO,HUANUCO,SAN FRANCISCO DE CAYRAN,MOVIMIENTO INDEPENDIENTE REGIONAL LUCHEMOS POR HUANUCO,283,M,CASTELLANO
90106,HUANUCO,HUANUCO,SAN FRANCISCO DE CAYRAN,MOVIMIENTO INTEGRACION DESCENTRALISTA,152,M,CASTELLANO
90106,HUANUCO,HUANUCO,SAN FRANCISCO DE CAYRAN,MOVIMIENTO POLITICO FRENTE AMPLIO REGIONAL PAISANOCUNA,74,M,CASTELLANO
90106,HUANUCO,HUANUCO,SAN FRANCISCO DE CAYRAN,MOVIMIENTO POLITICO HECHOS Y NO PALABRAS,492,M,CASTELLANO
90106,HUANUCO,HUANUCO,SAN FRANCISCO DE CAYRAN,PARTIDO DEMOCRATICO SOMOS PERU,122,M,CASTELLANO
90106,HUANUCO,HUANUCO,SAN FRANCISCO DE CAYRAN,UNION POR EL PERU,505,M,CASTELLANO
90107,HUANUCO,HUANUCO,SAN PEDRO DE CHAULAN,ACCION POPULAR,382,M,CASTELLANO
90107,HUANUCO,HUANUCO,SAN PEDRO DE CHAULAN,ALIANZA PARA EL PROGRESO,7,M,CASTELLANO
90107,HUANUCO,HUANUCO,SAN PEDRO DE CHAULAN,AVANZADA REGIONAL INDEPENDIENTE UNIDOS POR HUANUCO,783,M,CASTELLANO
90107,HUANUCO,HUANUCO,SAN PEDRO DE CHAULAN,MOVIMIENTO INTEGRACION DESCENTRALISTA,160,M,CASTELLANO
90107,HUANUCO,HUANUCO,SAN PEDRO DE CHAULAN,MOVIMIENTO POLITICO FRENTE AMPLIO REGIONAL PAISANOCUNA,180,M,CASTELLANO
90107,HUANUCO,HUANUCO,SAN PEDRO DE CHAULAN,PARTIDO DEMOCRATICO SOMOS PERU,646,M,CASTELLANO
90108,HUANUCO,HUANUCO,SANTA MARIA DEL VALLE,ACCION POPULAR,137,M,CASTELLANO
90108,HUANUCO,HUANUCO,SANTA MARIA DEL VALLE,AUTENTICO REGIONAL,75,M,CASTELLANO
90108,HUANUCO,HUANUCO,SANTA MARIA DEL VALLE,AVANZADA REGIONAL INDEPENDIENTE UNIDOS POR HUANUCO,688,M,CASTELLANO
90108,HUANUCO,HUANUCO,SANTA MARIA DEL VALLE,CUENTA CONMIGO,31,M,CASTELLANO
90108,HUANUCO,HUANUCO,SANTA MARIA DEL VALLE,MOVIMIENTO INDEPENDIENTE REGIONAL LUCHEMOS POR HUANUCO,2004,M,CASTELLANO
90108,HUANUCO,HUANUCO,SANTA MARIA DEL VALLE,MOVIMIENTO INTEGRACION DESCENTRALISTA,757,M,CASTELLANO
90108,HUANUCO,HUANUCO,SANTA MARIA DEL VALLE,MOVIMIENTO POLITICO FRENTE AMPLIO REGIONAL PAISANOCUNA,143,M,CASTELLANO
90108,HUANUCO,HUANUCO,SANTA MARIA DEL VALLE,MOVIMIENTO POLITICO HECHOS Y NO PALABRAS,1776,M,CASTELLANO
90108,HUANUCO,HUANUCO,SANTA MARIA DEL VALLE,PARTIDO DEMOCRATICO SOMOS PERU,3293,M,CASTELLANO
90108,HUANUCO,HUANUCO,SANTA MARIA DEL VALLE,UNION POR EL PERU,78,M,CASTELLANO
90109,HUANUCO,HUANUCO,YARUMAYO,ACCION POPULAR,171,M,CASTELLANO
90109,HUANUCO,HUANUCO,YARUMAYO,AVANZADA REGIONAL INDEPENDIENTE UNIDOS POR HUANUCO,499,M,CASTELLANO
90109,HUANUCO,HUANUCO,YARUMAYO,CUENTA CONMIGO,15,M,CASTELLANO
90109,HUANUCO,HUANUCO,YARUMAYO,MOVIMIENTO INTEGRACION DESCENTRALISTA,520,M,CASTELLANO
90109,HUANUCO,HUANUCO,YARUMAYO,MOVIMIENTO POLITICO FRENTE AMPLIO REGIONAL PAISANOCUNA,320,M,CASTELLANO
90109,HUANUCO,HUANUCO,YARUMAYO,PARTIDO DEMOCRATICO SOMOS PERU,246,M,CASTELLANO
90109,HUANUCO,HUANUCO,YARUMAYO,UNION POR EL PERU,28,M,CASTELLANO
90110,HUANUCO,HUANUCO,AMARILIS,ACCION POPULAR,628,M,CASTELLANO
90110,HUANUCO,HUANUCO,AMARILIS,ALIANZA PARA EL PROGRESO,1306,M,CASTELLANO
90110,HUANUCO,HUANUCO,AMARILIS,AUTENTICO REGIONAL,746,M,CASTELLANO
90110,HUANUCO,HUANUCO,AMARILIS,AVANZADA REGIONAL INDEPENDIENTE UNIDOS POR HUANUCO,3780,M,CASTELLANO
90110,HUANUCO,HUANUCO,AMARILIS,CUENTA CONMIGO,597,M,CASTELLANO
90110,HUANUCO,HUANUCO,AMARILIS,"EL FRENTE AMPLIO POR JUSTICIA, VIDA Y LIBERTAD",206,M,CASTELLANO
90110,HUANUCO,HUANUCO,AMARILIS,FUERZA POPULAR,1618,M,CASTELLANO
90110,HUANUCO,HUANUCO,AMARILIS,MOVIMIENTO INDEPENDIENTE REGIONAL LUCHEMOS POR HUANUCO,466,M,CASTELLANO
90110,HUANUCO,HUANUCO,AMARILIS,MOVIMIENTO INTEGRACION DESCENTRALISTA,8099,M,CASTELLANO
90110,HUANUCO,HUANUCO,AMARILIS,MOVIMIENTO POLITICO FRENTE AMPLIO REGIONAL PAISANOCUNA,8198,M,CASTELLANO
90110,HUANUCO,HUANUCO,AMARILIS,MOVIMIENTO POLITICO HECHOS Y NO PALABRAS,2249,M,CASTELLANO
90110,HUANUCO,HUANUCO,AMARILIS,PARTIDO DEMOCRATICO SOMOS PERU,3147,M,CASTELLANO
90110,HUANUCO,HUANUCO,AMARILIS,PARTIDO HUMANISTA PERUANO,329,M,CASTELLANO
90110,HUANUCO,HUANUCO,AMARILIS,RESTAURACION NACIONAL,717,M,CASTELLANO
90110,HUANUCO,HUANUCO,AMARILIS,UNION POR EL PERU,1374,M,CASTELLANO
90110,HUANUCO,HUANUCO,AMARILIS,VAMOS PERU,425,M,CASTELLANO
90111,HUANUCO,HUANUCO,PILLCO MARCA,ACCION POPULAR,2288,M,CASTELLANO
90111,HUANUCO,HUANUCO,PILLCO MARCA,ALIANZA PARA EL PROGRESO,1160,M,CASTELLANO
90111,HUANUCO,HUANUCO,PILLCO MARCA,AUTENTICO REGIONAL,554,M,CASTELLANO
90111,HUANUCO,HUANUCO,PILLCO MARCA,AVANZADA REGIONAL INDEPENDIENTE UNIDOS POR HUANUCO,818,M,CASTELLANO
90111,HUANUCO,HUANUCO,PILLCO MARCA,CUENTA CONMIGO,301,M,CASTELLANO
90111,HUANUCO,HUANUCO,PILLCO MARCA,"EL FRENTE AMPLIO POR JUSTICIA, VIDA Y LIBERTAD",117,M,CASTELLANO
90111,HUANUCO,HUANUCO,PILLCO MARCA,FUERZA POPULAR,272,M,CASTELLANO
90111,HUANUCO,HUANUCO,PILLCO MARCA,MOVIMIENTO INDEPENDIENTE REGIONAL LUCHEMOS POR HUANUCO,777,M,CASTELLANO
90111,HUANUCO,HUANUCO,PILLCO MARCA,MOVIMIENTO INTEGRACION DESCENTRALISTA,1453,M,CASTELLANO
90111,HUANUCO,HUANUCO,PILLCO MARCA,MOVIMIENTO POLITICO FRENTE AMPLIO REGIONAL PAISANOCUNA,574,M,CASTELLANO
90111,HUANUCO,HUANUCO,PILLCO MARCA,MOVIMIENTO POLITICO HECHOS Y NO PALABRAS,1482,M,CASTELLANO
90111,HUANUCO,HUANUCO,PILLCO MARCA,PARTIDO DEMOCRATICO SOMOS PERU,1546,M,CASTELLANO
90111,HUANUCO,HUANUCO,PILLCO MARCA,UNION POR EL PERU,424,M,CASTELLANO
90111,HUANUCO,HUANUCO,PILLCO MARCA,VAMOS PERU,305,M,CASTELLANO
90112,HUANUCO,HUANUCO,YACUS,AVANZADA REGIONAL INDEPENDIENTE UNIDOS POR HUANUCO,8,M,CASTELLANO
90112,HUANUCO,HUANUCO,YACUS,MOVIMIENTO INTEGRACION DESCENTRALISTA,790,M,CASTELLANO
90112,HUANUCO,HUANUCO,YACUS,PARTIDO DEMOCRATICO SOMOS PERU,965,M,CASTELLANO
90112,HUANUCO,HUANUCO,YACUS,UNION POR EL PERU,8,M,CASTELLANO
90202,HUANUCO,AMBO,CAYNA,AVANZADA REGIONAL INDEPENDIENTE UNIDOS POR HUANUCO,26,M,CASTELLANO
90202,HUANUCO,AMBO,CAYNA,MOVIMIENTO INTEGRACION DESCENTRALISTA,725,M,CASTELLANO
90202,HUANUCO,AMBO,CAYNA,MOVIMIENTO POLITICO HECHOS Y NO PALABRAS,385,M,CASTELLANO
90202,HUANUCO,AMBO,CAYNA,PARTIDO DEMOCRATICO SOMOS PERU,853,M,CASTELLANO
90202,HUANUCO,AMBO,CAYNA,UNION POR EL PERU,7,M,CASTELLANO
90203,HUANUCO,AMBO,COLPAS,AVANZADA REGIONAL INDEPENDIENTE UNIDOS POR HUANUCO,296,M,CASTELLANO
90203,HUANUCO,AMBO,COLPAS,FUERZA POPULAR,276,M,CASTELLANO
90203,HUANUCO,AMBO,COLPAS,MOVIMIENTO INTEGRACION DESCENTRALISTA,444,M,CASTELLANO
90203,HUANUCO,AMBO,COLPAS,MOVIMIENTO POLITICO FRENTE AMPLIO REGIONAL PAISANOCUNA,45,M,CASTELLANO
90203,HUANUCO,AMBO,COLPAS,PARTIDO DEMOCRATICO SOMOS PERU,211,M,CASTELLANO
90203,HUANUCO,AMBO,COLPAS,UNION POR EL PERU,196,M,CASTELLANO
90204,HUANUCO,AMBO,CONCHAMARCA,ACCION POPULAR,739,F,CASTELLANO
90204,HUANUCO,AMBO,CONCHAMARCA,AVANZADA REGIONAL INDEPENDIENTE UNIDOS POR HUANUCO,879,F,CASTELLANO
90204,HUANUCO,AMBO,CONCHAMARCA,FUERZA POPULAR,233,F,CASTELLANO
90204,HUANUCO,AMBO,CONCHAMARCA,MOVIMIENTO INTEGRACION DESCENTRALISTA,592,F,CASTELLANO
90204,HUANUCO,AMBO,CONCHAMARCA,MOVIMIENTO POLITICO FRENTE AMPLIO REGIONAL PAISANOCUNA,21,F,CASTELLANO
90204,HUANUCO,AMBO,CONCHAMARCA,MOVIMIENTO POLITICO HECHOS Y NO PALABRAS,91,F,CASTELLANO
90204,HUANUCO,AMBO,CONCHAMARCA,PARTIDO DEMOCRATICO SOMOS PERU,664,F,CASTELLANO
90204,HUANUCO,AMBO,CONCHAMARCA,UNION POR EL PERU,33,F,CASTELLANO
90205,HUANUCO,AMBO,HUACAR,AVANZADA REGIONAL INDEPENDIENTE UNIDOS POR HUANUCO,1104,M,CASTELLANO
90205,HUANUCO,AMBO,HUACAR,FUERZA POPULAR,1430,M,CASTELLANO
90205,HUANUCO,AMBO,HUACAR,MOVIMIENTO INTEGRACION DESCENTRALISTA,1172,M,CASTELLANO
90205,HUANUCO,AMBO,HUACAR,MOVIMIENTO POLITICO FRENTE AMPLIO REGIONAL PAISANOCUNA,110,M,CASTELLANO
90205,HUANUCO,AMBO,HUACAR,MOVIMIENTO POLITICO HECHOS Y NO PALABRAS,60,M,CASTELLANO
90205,HUANUCO,AMBO,HUACAR,PARTIDO DEMOCRATICO SOMOS PERU,197,M,CASTELLANO
90205,HUANUCO,AMBO,HUACAR,UNION POR EL PERU,183,M,CASTELLANO
90206,HUANUCO,AMBO,SAN FRANCISCO,ALIANZA PARA EL PROGRESO,17,M,CASTELLANO
90206,HUANUCO,AMBO,SAN FRANCISCO,AVANZADA REGIONAL INDEPENDIENTE UNIDOS POR HUANUCO,318,M,CASTELLANO
90206,HUANUCO,AMBO,SAN FRANCISCO,CUENTA CONMIGO,13,M,CASTELLANO
90206,HUANUCO,AMBO,SAN FRANCISCO,FUERZA POPULAR,55,M,CASTELLANO
90206,HUANUCO,AMBO,SAN FRANCISCO,MOVIMIENTO INDEPENDIENTE REGIONAL LUCHEMOS POR HUANUCO,8,M,CASTELLANO
90206,HUANUCO,AMBO,SAN FRANCISCO,MOVIMIENTO INTEGRACION DESCENTRALISTA,112,M,CASTELLANO
90206,HUANUCO,AMBO,SAN FRANCISCO,MOVIMIENTO POLITICO FRENTE AMPLIO REGIONAL PAISANOCUNA,252,M,CASTELLANO
90206,HUANUCO,AMBO,SAN FRANCISCO,MOVIMIENTO POLITICO HECHOS Y NO PALABRAS,229,M,CASTELLANO
90206,HUANUCO,AMBO,SAN FRANCISCO,PARTIDO DEMOCRATICO SOMOS PERU,269,M,CASTELLANO
90206,HUANUCO,AMBO,SAN FRANCISCO,UNION POR EL PERU,80,M,CASTELLANO
90207,HUANUCO,AMBO,SAN RAFAEL,ACCION POPULAR,352,M,CASTELLANO
90207,HUANUCO,AMBO,SAN RAFAEL,ALIANZA PARA EL PROGRESO,53,M,CASTELLANO
90207,HUANUCO,AMBO,SAN RAFAEL,AVANZADA REGIONAL INDEPENDIENTE UNIDOS POR HUANUCO,83,M,CASTELLANO
90207,HUANUCO,AMBO,SAN RAFAEL,FRENTE DEMOCRATICO REGIONAL,7,M,CASTELLANO
90207,HUANUCO,AMBO,SAN RAFAEL,FUERZA POPULAR,55,M,CASTELLANO
90207,HUANUCO,AMBO,SAN RAFAEL,MOVIMIENTO INDEPENDIENTE REGIONAL LUCHEMOS POR HUANUCO,14,M,CASTELLANO
90207,HUANUCO,AMBO,SAN RAFAEL,MOVIMIENTO INTEGRACION DESCENTRALISTA,890,M,CASTELLANO
90207,HUANUCO,AMBO,SAN RAFAEL,MOVIMIENTO POLITICO FRENTE AMPLIO REGIONAL PAISANOCUNA,21,M,CASTELLANO
90207,HUANUCO,AMBO,SAN RAFAEL,MOVIMIENTO POLITICO HECHOS Y NO PALABRAS,1276,M,CASTELLANO
90207,HUANUCO,AMBO,SAN RAFAEL,PARTIDO DEMOCRATICO SOMOS PERU,1052,M,CASTELLANO
90207,HUANUCO,AMBO,SAN RAFAEL,UNION POR EL PERU,996,M,CASTELLANO
90208,HUANUCO,AMBO,TOMAY-KICHWA,ACCION POPULAR,43,M,CASTELLANO
90208,HUANUCO,AMBO,TOMAY-KICHWA,AVANZADA REGIONAL INDEPENDIENTE UNIDOS POR HUANUCO,894,M,CASTELLANO
90208,HUANUCO,AMBO,TOMAY-KICHWA,FUERZA POPULAR,9,M,CASTELLANO
90208,HUANUCO,AMBO,TOMAY-KICHWA,MOVIMIENTO INDEPENDIENTE REGIONAL LUCHEMOS POR HUANUCO,95,M,CASTELLANO
90208,HUANUCO,AMBO,TOMAY-KICHWA,MOVIMIENTO INTEGRACION DESCENTRALISTA,140,M,CASTELLANO
90208,HUANUCO,AMBO,TOMAY-KICHWA,MOVIMIENTO POLITICO FRENTE AMPLIO REGIONAL PAISANOCUNA,60,M,CASTELLANO
90208,HUANUCO,AMBO,TOMAY-KICHWA,PARTIDO DEMOCRATICO SOMOS PERU,925,M,CASTELLANO
90307,HUANUCO,DOS DE MAYO,CHUQUIS,ACCION POPULAR,197,M,CASTELLANO
90307,HUANUCO,DOS DE MAYO,CHUQUIS,AVANZADA REGIONAL INDEPENDIENTE UNIDOS POR HUANUCO,330,M,CASTELLANO
90307,HUANUCO,DOS DE MAYO,CHUQUIS,CUENTA CONMIGO,27,M,CASTELLANO
90307,HUANUCO,DOS DE MAYO,CHUQUIS,FUERZA POPULAR,71,M,CASTELLANO
90307,HUANUCO,DOS DE MAYO,CHUQUIS,MOVIMIENTO INDEPENDIENTE REGIONAL LUCHEMOS POR HUANUCO,119,M,CASTELLANO
90307,HUANUCO,DOS DE MAYO,CHUQUIS,MOVIMIENTO INTEGRACION DESCENTRALISTA,435,M,CASTELLANO
90307,HUANUCO,DOS DE MAYO,CHUQUIS,MOVIMIENTO POLITICO FRENTE AMPLIO REGIONAL PAISANOCUNA,50,M,CASTELLANO
90307,HUANUCO,DOS DE MAYO,CHUQUIS,MOVIMIENTO POLITICO HECHOS Y NO PALABRAS,83,M,CASTELLANO
90307,HUANUCO,DOS DE MAYO,CHUQUIS,PARTIDO DEMOCRATICO SOMOS PERU,420,M,CASTELLANO
90307,HUANUCO,DOS DE MAYO,CHUQUIS,UNION POR EL PERU,171,M,CASTELLANO
90312,HUANUCO,DOS DE MAYO,MARIAS,AVANZADA REGIONAL INDEPENDIENTE UNIDOS POR HUANUCO,1274,M,CASTELLANO
90312,HUANUCO,DOS DE MAYO,MARIAS,FUERZA POPULAR,16,M,CASTELLANO
90312,HUANUCO,DOS DE MAYO,MARIAS,MOVIMIENTO INTEGRACION DESCENTRALISTA,361,M,CASTELLANO
90312,HUANUCO,DOS DE MAYO,MARIAS,PARTIDO DEMOCRATICO SOMOS PERU,1003,M,CASTELLANO
90312,HUANUCO,DOS DE MAYO,MARIAS,UNION POR EL PERU,39,M,CASTELLANO
90314,HUANUCO,DOS DE MAYO,PACHAS,ACCION POPULAR,22,M,QUECHUA
90314,HUANUCO,DOS DE MAYO,PACHAS,AVANZADA REGIONAL INDEPENDIENTE UNIDOS POR HUANUCO,169,M,QUECHUA
90314,HUANUCO,DOS DE MAYO,PACHAS,MOVIMIENTO INDEPENDIENTE REGIONAL LUCHEMOS POR HUANUCO,1745,M,QUECHUA
90314,HUANUCO,DOS DE MAYO,PACHAS,MOVIMIENTO INTEGRACION DESCENTRALISTA,167,M,QUECHUA
90314,HUANUCO,DOS DE MAYO,PACHAS,PARTIDO DEMOCRATICO SOMOS PERU,224,M,QUECHUA
90314,HUANUCO,DOS DE MAYO,PACHAS,UNION POR EL PERU,891,M,QUECHUA
90316,HUANUCO,DOS DE MAYO,QUIVILLA,AVANZADA REGIONAL INDEPENDIENTE UNIDOS POR HUANUCO,290,M,CASTELLANO
90316,HUANUCO,DOS DE MAYO,QUIVILLA,MOVIMIENTO INTEGRACION DESCENTRALISTA,437,M,CASTELLANO
90316,HUANUCO,DOS DE MAYO,QUIVILLA,UNION POR EL PERU,33,M,CASTELLANO
90317,HUANUCO,DOS DE MAYO,RIPAN,ACCION POPULAR,125,M,CASTELLANO
90317,HUANUCO,DOS DE MAYO,RIPAN,ALIANZA PARA EL PROGRESO,14,M,CASTELLANO
90317,HUANUCO,DOS DE MAYO,RIPAN,AVANZADA REGIONAL INDEPENDIENTE UNIDOS POR HUANUCO,562,M,CASTELLANO
90317,HUANUCO,DOS DE MAYO,RIPAN,CUENTA CONMIGO,60,M,CASTELLANO
90317,HUANUCO,DOS DE MAYO,RIPAN,FUERZA POPULAR,101,M,CASTELLANO
90317,HUANUCO,DOS DE MAYO,RIPAN,MOVIMIENTO INDEPENDIENTE REGIONAL LUCHEMOS POR HUANUCO,427,M,CASTELLANO
90317,HUANUCO,DOS DE MAYO,RIPAN,MOVIMIENTO INTEGRACION DESCENTRALISTA,578,M,CASTELLANO
90317,HUANUCO,DOS DE MAYO,RIPAN,MOVIMIENTO POLITICO FRENTE AMPLIO REGIONAL PAISANOCUNA,68,M,CASTELLANO
90317,HUANUCO,DOS DE MAYO,RIPAN,MOVIMIENTO POLITICO HECHOS Y NO PALABRAS,138,M,CASTELLANO
90317,HUANUCO,DOS DE MAYO,RIPAN,PARTIDO DEMOCRATICO SOMOS PERU,487,M,CASTELLANO
90317,HUANUCO,DOS DE MAYO,RIPAN,UNION POR EL PERU,67,M,CASTELLANO
90321,HUANUCO,DOS DE MAYO,SHUNQUI,ACCION POPULAR,57,M,CASTELLANO
90321,HUANUCO,DOS DE MAYO,SHUNQUI,AVANZADA REGIONAL INDEPENDIENTE UNIDOS POR HUANUCO,305,M,CASTELLANO
90321,HUANUCO,DOS DE MAYO,SHUNQUI,CUENTA CONMIGO,35,M,CASTELLANO
90321,HUANUCO,DOS DE MAYO,SHUNQUI,MOVIMIENTO INDEPENDIENTE REGIONAL LUCHEMOS POR HUANUCO,31,M,CASTELLANO
90321,HUANUCO,DOS DE MAYO,SHUNQUI,MOVIMIENTO INTEGRACION DESCENTRALISTA,210,M,CASTELLANO
90321,HUANUCO,DOS DE MAYO,SHUNQUI,PARTIDO DEMOCRATICO SOMOS PERU,114,M,CASTELLANO
90321,HUANUCO,DOS DE MAYO,SHUNQUI,UNION POR EL PERU,372,M,CASTELLANO
90322,HUANUCO,DOS DE MAYO,SILLAPATA,ACCION POPULAR,57,M,CASTELLANO
90322,HUANUCO,DOS DE MAYO,SILLAPATA,AVANZADA REGIONAL INDEPENDIENTE UNIDOS POR HUANUCO,184,M,CASTELLANO
90322,HUANUCO,DOS DE MAYO,SILLAPATA,FUERZA POPULAR,6,M,CASTELLANO
90322,HUANUCO,DOS DE MAYO,SILLAPATA,MOVIMIENTO INDEPENDIENTE REGIONAL LUCHEMOS POR HUANUCO,541,M,CASTELLANO
90322,HUANUCO,DOS DE MAYO,SILLAPATA,MOVIMIENTO INTEGRACION DESCENTRALISTA,96,M,CASTELLANO
90322,HUANUCO,DOS DE MAYO,SILLAPATA,MOVIMIENTO POLITICO FRENTE AMPLIO REGIONAL PAISANOCUNA,25,M,CASTELLANO
90322,HUANUCO,DOS DE MAYO,SILLAPATA,PARTIDO DEMOCRATICO SOMOS PERU,363,M,CASTELLANO
90322,HUANUCO,DOS DE MAYO,SILLAPATA,UNION POR EL PERU,466,M,CASTELLANO
90323,HUANUCO,DOS DE MAYO,YANAS,ACCION POPULAR,205,M,CASTELLANO
90323,HUANUCO,DOS DE MAYO,YANAS,AVANZADA REGIONAL INDEPENDIENTE UNIDOS POR HUANUCO,273,M,CASTELLANO
90323,HUANUCO,DOS DE MAYO,YANAS,FUERZA POPULAR,46,M,CASTELLANO
90323,HUANUCO,DOS DE MAYO,YANAS,MOVIMIENTO INDEPENDIENTE REGIONAL LUCHEMOS POR HUANUCO,126,M,CASTELLANO
90323,HUANUCO,DOS DE MAYO,YANAS,MOVIMIENTO INTEGRACION DESCENTRALISTA,396,M,CASTELLANO
90323,HUANUCO,DOS DE MAYO,YANAS,PARTIDO DEMOCRATICO SOMOS PERU,497,M,CASTELLANO
90323,HUANUCO,DOS DE MAYO,YANAS,UNION POR EL PERU,15,M,CASTELLANO
90402,HUANUCO,HUAMALIES,ARANCAY,ACCION POPULAR,71,M,CASTELLANO
90402,HUANUCO,HUAMALIES,ARANCAY,AUTENTICO REGIONAL,171,M,CASTELLANO
90402,HUANUCO,HUAMALIES,ARANCAY,AVANZADA REGIONAL INDEPENDIENTE UNIDOS POR HUANUCO,198,M,CASTELLANO
90402,HUANUCO,HUAMALIES,ARANCAY,MOVIMIENTO INDEPENDIENTE REGIONAL LUCHEMOS POR HUANUCO,120,M,CASTELLANO
90402,HUANUCO,HUAMALIES,ARANCAY,MOVIMIENTO INTEGRACION DESCENTRALISTA,276,M,CASTELLANO
90402,HUANUCO,HUAMALIES,ARANCAY,MOVIMIENTO POLITICO FRENTE AMPLIO REGIONAL PAISANOCUNA,46,M,CASTELLANO
90402,HUANUCO,HUAMALIES,ARANCAY,MOVIMIENTO POLITICO HECHOS Y NO PALABRAS,72,M,CASTELLANO
90402,HUANUCO,HUAMALIES,ARANCAY,PARTIDO DEMOCRATICO SOMOS PERU,52,M,CASTELLANO
90402,HUANUCO,HUAMALIES,ARANCAY,UNION POR EL PERU,214,M,CASTELLANO
90402,HUANUCO,HUAMALIES,ARANCAY,VAMOS PERU,25,M,CASTELLANO
90403,HUANUCO,HUAMALIES,CHAVIN DE PARIARCA,ACCION POPULAR,22,M,CASTELLANO
90403,HUANUCO,HUAMALIES,CHAVIN DE PARIARCA,AUTENTICO REGIONAL,43,M,CASTELLANO
90403,HUANUCO,HUAMALIES,CHAVIN DE PARIARCA,AVANZADA REGIONAL INDEPENDIENTE UNIDOS POR HUANUCO,446,M,CASTELLANO
90403,HUANUCO,HUAMALIES,CHAVIN DE PARIARCA,FUERZA POPULAR,138,M,CASTELLANO
90403,HUANUCO,HUAMALIES,CHAVIN DE PARIARCA,MOVIMIENTO INDEPENDIENTE REGIONAL LUCHEMOS POR HUANUCO,11,M,CASTELLANO
90403,HUANUCO,HUAMALIES,CHAVIN DE PARIARCA,MOVIMIENTO INTEGRACION DESCENTRALISTA,157,M,CASTELLANO
90403,HUANUCO,HUAMALIES,CHAVIN DE PARIARCA,MOVIMIENTO POLITICO FRENTE AMPLIO REGIONAL PAISANOCUNA,270,M,CASTELLANO
90403,HUANUCO,HUAMALIES,CHAVIN DE PARIARCA,MOVIMIENTO POLITICO HECHOS Y NO PALABRAS,307,M,CASTELLANO
90403,HUANUCO,HUAMALIES,CHAVIN DE PARIARCA,PARTIDO DEMOCRATICO SOMOS PERU,394,M,CASTELLANO
90403,HUANUCO,HUAMALIES,CHAVIN DE PARIARCA,VAMOS PERU,1,M,CASTELLANO
90404,HUANUCO,HUAMALIES,JACAS GRANDE,ACCION POPULAR,71,M,CASTELLANO
90404,HUANUCO,HUAMALIES,JACAS GRANDE,ALIANZA PARA EL PROGRESO,78,M,CASTELLANO
90404,HUANUCO,HUAMALIES,JACAS GRANDE,AUTENTICO REGIONAL,31,M,CASTELLANO
90404,HUANUCO,HUAMALIES,JACAS GRANDE,AVANZADA REGIONAL INDEPENDIENTE UNIDOS POR HUANUCO,187,M,CASTELLANO
90404,HUANUCO,HUAMALIES,JACAS GRANDE,"EL FRENTE AMPLIO POR JUSTICIA, VIDA Y LIBERTAD",602,M,CASTELLANO
90404,HUANUCO,HUAMALIES,JACAS GRANDE,MOVIMIENTO INTEGRACION DESCENTRALISTA,1154,M,CASTELLANO
90404,HUANUCO,HUAMALIES,JACAS GRANDE,MOVIMIENTO POLITICO FRENTE AMPLIO REGIONAL PAISANOCUNA,282,M,CASTELLANO
90404,HUANUCO,HUAMALIES,JACAS GRANDE,MOVIMIENTO POLITICO HECHOS Y NO PALABRAS,131,M,CASTELLANO
90404,HUANUCO,HUAMALIES,JACAS GRANDE,PARTIDO DEMOCRATICO SOMOS PERU,191,M,CASTELLANO
90404,HUANUCO,HUAMALIES,JACAS GRANDE,UNION POR EL PERU,90,M,CASTELLANO
90404,HUANUCO,HUAMALIES,JACAS GRANDE,VAMOS PERU,38,M,CASTELLANO
90405,HUANUCO,HUAMALIES,JIRCAN,ACCION POPULAR,251,M,CASTELLANO
90405,HUANUCO,HUAMALIES,JIRCAN,MOVIMIENTO INTEGRACION DESCENTRALISTA,42,M,CASTELLANO
90405,HUANUCO,HUAMALIES,JIRCAN,MOVIMIENTO POLITICO FRENTE AMPLIO REGIONAL PAISANOCUNA,110,M,CASTELLANO
90405,HUANUCO,HUAMALIES,JIRCAN,MOVIMIENTO POLITICO HECHOS Y NO PALABRAS,5,M,CASTELLANO
90405,HUANUCO,HUAMALIES,JIRCAN,PARTIDO DEMOCRATICO SOMOS PERU,314,M,CASTELLANO
90405,HUANUCO,HUAMALIES,JIRCAN,VAMOS PERU,178,M,CASTELLANO
90406,HUANUCO,HUAMALIES,MIRAFLORES,ACCION POPULAR,80,M,CASTELLANO
90406,HUANUCO,HUAMALIES,MIRAFLORES,AUTENTICO REGIONAL,11,M,CASTELLANO
90406,HUANUCO,HUAMALIES,MIRAFLORES,AVANZADA REGIONAL INDEPENDIENTE UNIDOS POR HUANUCO,538,M,CASTELLANO
90406,HUANUCO,HUAMALIES,MIRAFLORES,MOVIMIENTO INTEGRACION DESCENTRALISTA,212,M,CASTELLANO
90406,HUANUCO,HUAMALIES,MIRAFLORES,MOVIMIENTO POLITICO FRENTE AMPLIO REGIONAL PAISANOCUNA,643,M,CASTELLANO
90406,HUANUCO,HUAMALIES,MIRAFLORES,MOVIMIENTO POLITICO HECHOS Y NO PALABRAS,157,M,CASTELLANO
90406,HUANUCO,HUAMALIES,MIRAFLORES,PARTIDO DEMOCRATICO SOMOS PERU,64,M,CASTELLANO
90407,HUANUCO,HUAMALIES,MONZON,ACCION POPULAR,65,M,CASTELLANO
90407,HUANUCO,HUAMALIES,MONZON,AVANZADA REGIONAL INDEPENDIENTE UNIDOS POR HUANUCO,2026,M,CASTELLANO
90407,HUANUCO,HUAMALIES,MONZON,"EL FRENTE AMPLIO POR JUSTICIA, VIDA Y LIBERTAD",43,M,CASTELLANO
90407,HUANUCO,HUAMALIES,MONZON,MOVIMIENTO INTEGRACION DESCENTRALISTA,69,M,CASTELLANO
90407,HUANUCO,HUAMALIES,MONZON,MOVIMIENTO POLITICO FRENTE AMPLIO REGIONAL PAISANOCUNA,28,M,CASTELLANO
90407,HUANUCO,HUAMALIES,MONZON,MOVIMIENTO POLITICO HECHOS Y NO PALABRAS,1631,M,CASTELLANO
90407,HUANUCO,HUAMALIES,MONZON,PARTIDO DEMOCRATICO SOMOS PERU,1514,M,CASTELLANO
90407,HUANUCO,HUAMALIES,MONZON,VAMOS PERU,2,M,CASTELLANO
90408,HUANUCO,HUAMALIES,PUNCHAO,ACCION POPULAR,351,M,CASTELLANO
90408,HUANUCO,HUAMALIES,PUNCHAO,AUTENTICO REGIONAL,23,M,CASTELLANO
90408,HUANUCO,HUAMALIES,PUNCHAO,AVANZADA REGIONAL INDEPENDIENTE UNIDOS POR HUANUCO,241,M,CASTELLANO
90408,HUANUCO,HUAMALIES,PUNCHAO,MOVIMIENTO INTEGRACION DESCENTRALISTA,36,M,CASTELLANO
90408,HUANUCO,HUAMALIES,PUNCHAO,MOVIMIENTO POLITICO HECHOS Y NO PALABRAS,358,M,CASTELLANO
90408,HUANUCO,HUAMALIES,PUNCHAO,PARTIDO DEMOCRATICO SOMOS PERU,284,M,CASTELLANO
90408,HUANUCO,HUAMALIES,PUNCHAO,UNION POR EL PERU,55,M,CASTELLANO
90409,HUANUCO,HUAMALIES,PUÑOS,ACCION POPULAR,501,M,CASTELLANO
90409,HUANUCO,HUAMALIES,PUÑOS,AVANZADA REGIONAL INDEPENDIENTE UNIDOS POR HUANUCO,288,M,CASTELLANO
90409,HUANUCO,HUAMALIES,PUÑOS,MOVIMIENTO INDEPENDIENTE REGIONAL LUCHEMOS POR HUANUCO,73,M,CASTELLANO
90409,HUANUCO,HUAMALIES,PUÑOS,MOVIMIENTO INTEGRACION DESCENTRALISTA,611,M,CASTELLANO
90409,HUANUCO,HUAMALIES,PUÑOS,MOVIMIENTO POLITICO FRENTE AMPLIO REGIONAL PAISANOCUNA,148,M,CASTELLANO
90409,HUANUCO,HUAMALIES,PUÑOS,PARTIDO DEMOCRATICO SOMOS PERU,585,M,CASTELLANO
90409,HUANUCO,HUAMALIES,PUÑOS,VAMOS PERU,45,M,CASTELLANO
90410,HUANUCO,HUAMALIES,SINGA,ALIANZA PARA EL PROGRESO,31,M,CASTELLANO
90410,HUANUCO,HUAMALIES,SINGA,AVANZADA REGIONAL INDEPENDIENTE UNIDOS POR HUANUCO,732,M,CASTELLANO
90410,HUANUCO,HUAMALIES,SINGA,MOVIMIENTO INTEGRACION DESCENTRALISTA,657,M,CASTELLANO
90410,HUANUCO,HUAMALIES,SINGA,MOVIMIENTO POLITICO FRENTE AMPLIO REGIONAL PAISANOCUNA,40,M,CASTELLANO
90410,HUANUCO,HUAMALIES,SINGA,MOVIMIENTO POLITICO HECHOS Y NO PALABRAS,252,M,CASTELLANO
90410,HUANUCO,HUAMALIES,SINGA,PARTIDO DEMOCRATICO SOMOS PERU,124,M,CASTELLANO
90411,HUANUCO,HUAMALIES,TANTAMAYO,ACCION POPULAR,24,M,CASTELLANO
90411,HUANUCO,HUAMALIES,TANTAMAYO,AUTENTICO REGIONAL,13,M,CASTELLANO
90411,HUANUCO,HUAMALIES,TANTAMAYO,AVANZADA REGIONAL INDEPENDIENTE UNIDOS POR HUANUCO,423,M,CASTELLANO
90411,HUANUCO,HUAMALIES,TANTAMAYO,MOVIMIENTO INTEGRACION DESCENTRALISTA,66,M,CASTELLANO
90411,HUANUCO,HUAMALIES,TANTAMAYO,MOVIMIENTO POLITICO FRENTE AMPLIO REGIONAL PAISANOCUNA,108,M,CASTELLANO
90411,HUANUCO,HUAMALIES,TANTAMAYO,MOVIMIENTO POLITICO HECHOS Y NO PALABRAS,279,M,CASTELLANO
90411,HUANUCO,HUAMALIES,TANTAMAYO,PARTIDO DEMOCRATICO SOMOS PERU,151,M,CASTELLANO
90411,HUANUCO,HUAMALIES,TANTAMAYO,VAMOS PERU,61,M,CASTELLANO
90502,HUANUCO,MARAÑON,CHOLON,ACCION POPULAR,216,M,CASTELLANO
90502,HUANUCO,MARAÑON,CHOLON,AUTENTICO REGIONAL,388,M,CASTELLANO
90502,HUANUCO,MARAÑON,CHOLON,AVANZADA REGIONAL INDEPENDIENTE UNIDOS POR HUANUCO,1221,M,CASTELLANO
90502,HUANUCO,MARAÑON,CHOLON,MOVIMIENTO INDEPENDIENTE REGIONAL LUCHEMOS POR HUANUCO,1105,M,CASTELLANO
90502,HUANUCO,MARAÑON,CHOLON,MOVIMIENTO INTEGRACION DESCENTRALISTA,43,M,CASTELLANO
90502,HUANUCO,MARAÑON,CHOLON,MOVIMIENTO POLITICO FRENTE AMPLIO REGIONAL PAISANOCUNA,44,M,CASTELLANO
90502,HUANUCO,MARAÑON,CHOLON,PERU POSIBLE,222,M,CASTELLANO
90505,HUANUCO,MARAÑON,SAN BUENAVENTURA,ACCION POPULAR,15,M,CASTELLANO
90505,HUANUCO,MARAÑON,SAN BUENAVENTURA,AVANZADA REGIONAL INDEPENDIENTE UNIDOS POR HUANUCO,513,M,CASTELLANO
90505,HUANUCO,MARAÑON,SAN BUENAVENTURA,MOVIMIENTO INDEPENDIENTE REGIONAL LUCHEMOS POR HUANUCO,528,M,CASTELLANO
90505,HUANUCO,MARAÑON,SAN BUENAVENTURA,PARTIDO DEMOCRATICO SOMOS PERU,16,M,CASTELLANO
90505,HUANUCO,MARAÑON,SAN BUENAVENTURA,PERU POSIBLE,42,M,CASTELLANO
90602,HUANUCO,LEONCIO PRADO,DANIEL ALOMIA ROBLES,ACCION POPULAR,689,M,QUECHUA
90602,HUANUCO,LEONCIO PRADO,DANIEL ALOMIA ROBLES,ALIANZA PARA EL PROGRESO,47,M,QUECHUA
90602,HUANUCO,LEONCIO PRADO,DANIEL ALOMIA ROBLES,AUTENTICO REGIONAL,54,M,QUECHUA
90602,HUANUCO,LEONCIO PRADO,DANIEL ALOMIA ROBLES,AVANZADA REGIONAL INDEPENDIENTE UNIDOS POR HUANUCO,367,M,QUECHUA
90602,HUANUCO,LEONCIO PRADO,DANIEL ALOMIA ROBLES,CUENTA CONMIGO,35,M,QUECHUA
90602,HUANUCO,LEONCIO PRADO,DANIEL ALOMIA ROBLES,"EL FRENTE AMPLIO POR JUSTICIA, VIDA Y LIBERTAD",96,M,QUECHUA
90602,HUANUCO,LEONCIO PRADO,DANIEL ALOMIA ROBLES,FUERZA POPULAR,205,M,QUECHUA
90602,HUANUCO,LEONCIO PRADO,DANIEL ALOMIA ROBLES,MOVIMIENTO INDEPENDIENTE REGIONAL LUCHEMOS POR HUANUCO,326,M,QUECHUA
90602,HUANUCO,LEONCIO PRADO,DANIEL ALOMIA ROBLES,MOVIMIENTO INTEGRACION DESCENTRALISTA,438,M,QUECHUA
90602,HUANUCO,LEONCIO PRADO,DANIEL ALOMIA ROBLES,MOVIMIENTO POLITICO FRENTE AMPLIO REGIONAL PAISANOCUNA,187,M,QUECHUA
90602,HUANUCO,LEONCIO PRADO,DANIEL ALOMIA ROBLES,MOVIMIENTO POLITICO HECHOS Y NO PALABRAS,345,M,QUECHUA
90602,HUANUCO,LEONCIO PRADO,DANIEL ALOMIA ROBLES,PARTIDO DEMOCRATICO SOMOS PERU,366,M,QUECHUA
90602,HUANUCO,LEONCIO PRADO,DANIEL ALOMIA ROBLES,PERU POSIBLE,75,M,QUECHUA
90602,HUANUCO,LEONCIO PRADO,DANIEL ALOMIA ROBLES,RESTAURACION NACIONAL,122,M,QUECHUA
90602,HUANUCO,LEONCIO PRADO,DANIEL ALOMIA ROBLES,UNION POR EL PERU,80,M,QUECHUA
90602,HUANUCO,LEONCIO PRADO,DANIEL ALOMIA ROBLES,VAMOS PERU,44,M,QUECHUA
90603,HUANUCO,LEONCIO PRADO,HERMILIO VALDIZAN,ACCION POPULAR,151,M,CASTELLANO
90603,HUANUCO,LEONCIO PRADO,HERMILIO VALDIZAN,ALIANZA PARA EL PROGRESO,18,M,CASTELLANO
90603,HUANUCO,LEONCIO PRADO,HERMILIO VALDIZAN,AVANZADA REGIONAL INDEPENDIENTE UNIDOS POR HUANUCO,422,M,CASTELLANO
90603,HUANUCO,LEONCIO PRADO,HERMILIO VALDIZAN,FUERZA POPULAR,113,M,CASTELLANO
90603,HUANUCO,LEONCIO PRADO,HERMILIO VALDIZAN,MOVIMIENTO INDEPENDIENTE REGIONAL LUCHEMOS POR HUANUCO,30,M,CASTELLANO
90603,HUANUCO,LEONCIO PRADO,HERMILIO VALDIZAN,MOVIMIENTO INTEGRACION DESCENTRALISTA,323,M,CASTELLANO
90603,HUANUCO,LEONCIO PRADO,HERMILIO VALDIZAN,MOVIMIENTO POLITICO FRENTE AMPLIO REGIONAL PAISANOCUNA,565,M,CASTELLANO
90603,HUANUCO,LEONCIO PRADO,HERMILIO VALDIZAN,MOVIMIENTO POLITICO HECHOS Y NO PALABRAS,133,M,CASTELLANO
90603,HUANUCO,LEONCIO PRADO,HERMILIO VALDIZAN,PARTIDO DEMOCRATICO SOMOS PERU,161,M,CASTELLANO
90603,HUANUCO,LEONCIO PRADO,HERMILIO VALDIZAN,PERU POSIBLE,229,M,CASTELLANO
90603,HUANUCO,LEONCIO PRADO,HERMILIO VALDIZAN,UNION POR EL PERU,23,M,CASTELLANO
90604,HUANUCO,LEONCIO PRADO,LUYANDO,ACCION POPULAR,132,F,CASTELLANO
90604,HUANUCO,LEONCIO PRADO,LUYANDO,ALIANZA PARA EL PROGRESO,12,F,CASTELLANO
90604,HUANUCO,LEONCIO PRADO,LUYANDO,AUTENTICO REGIONAL,80,F,CASTELLANO
90604,HUANUCO,LEONCIO PRADO,LUYANDO,AVANZADA REGIONAL INDEPENDIENTE UNIDOS POR HUANUCO,1150,F,CASTELLANO
90604,HUANUCO,LEONCIO PRADO,LUYANDO,CUENTA CONMIGO,150,F,CASTELLANO
90604,HUANUCO,LEONCIO PRADO,LUYANDO,"EL FRENTE AMPLIO POR JUSTICIA, VIDA Y LIBERTAD",197,F,CASTELLANO
90604,HUANUCO,LEONCIO PRADO,LUYANDO,FRENTE DEMOCRATICO REGIONAL,38,F,CASTELLANO
90604,HUANUCO,LEONCIO PRADO,LUYANDO,FUERZA POPULAR,468,F,CASTELLANO
90604,HUANUCO,LEONCIO PRADO,LUYANDO,MOVIMIENTO INDEPENDIENTE REGIONAL LUCHEMOS POR HUANUCO,204,F,CASTELLANO
90604,HUANUCO,LEONCIO PRADO,LUYANDO,MOVIMIENTO INTEGRACION DESCENTRALISTA,153,F,CASTELLANO
90604,HUANUCO,LEONCIO PRADO,LUYANDO,MOVIMIENTO POLITICO FRENTE AMPLIO REGIONAL PAISANOCUNA,299,F,CASTELLANO
90604,HUANUCO,LEONCIO PRADO,LUYANDO,MOVIMIENTO POLITICO HECHOS Y NO PALABRAS,207,F,CASTELLANO
90604,HUANUCO,LEONCIO PRADO,LUYANDO,PARTIDO DEMOCRATICO SOMOS PERU,602,F,CASTELLANO
90604,HUANUCO,LEONCIO PRADO,LUYANDO,PERU POSIBLE,42,F,CASTELLANO
90604,HUANUCO,LEONCIO PRADO,LUYANDO,RESTAURACION NACIONAL,13,F,CASTELLANO
90604,HUANUCO,LEONCIO PRADO,LUYANDO,UNION POR EL PERU,37,F,CASTELLANO
90604,HUANUCO,LEONCIO PRADO,LUYANDO,VAMOS PERU,23,F,CASTELLANO
90605,HUANUCO,LEONCIO PRADO,MARIANO DAMASO BERAUN,ALIANZA PARA EL PROGRESO,154,M,CASTELLANO
90605,HUANUCO,LEONCIO PRADO,MARIANO DAMASO BERAUN,AUTENTICO REGIONAL,202,M,CASTELLANO
90605,HUANUCO,LEONCIO PRADO,MARIANO DAMASO BERAUN,AVANZADA REGIONAL INDEPENDIENTE UNIDOS POR HUANUCO,1801,M,CASTELLANO
90605,HUANUCO,LEONCIO PRADO,MARIANO DAMASO BERAUN,FRENTE DEMOCRATICO REGIONAL,17,M,CASTELLANO
90605,HUANUCO,LEONCIO PRADO,MARIANO DAMASO BERAUN,FUERZA POPULAR,698,M,CASTELLANO
90605,HUANUCO,LEONCIO PRADO,MARIANO DAMASO BERAUN,MOVIMIENTO INDEPENDIENTE REGIONAL LUCHEMOS POR HUANUCO,21,M,CASTELLANO
90605,HUANUCO,LEONCIO PRADO,MARIANO DAMASO BERAUN,MOVIMIENTO INTEGRACION DESCENTRALISTA,278,M,CASTELLANO
90605,HUANUCO,LEONCIO PRADO,MARIANO DAMASO BERAUN,MOVIMIENTO POLITICO FRENTE AMPLIO REGIONAL PAISANOCUNA,84,M,CASTELLANO
90605,HUANUCO,LEONCIO PRADO,MARIANO DAMASO BERAUN,MOVIMIENTO POLITICO HECHOS Y NO PALABRAS,483,M,CASTELLANO
90605,HUANUCO,LEONCIO PRADO,MARIANO DAMASO BERAUN,PARTIDO DEMOCRATICO SOMOS PERU,1291,M,CASTELLANO
90605,HUANUCO,LEONCIO PRADO,MARIANO DAMASO BERAUN,RESTAURACION NACIONAL,25,M,CASTELLANO
90606,HUANUCO,LEONCIO PRADO,JOSE CRESPO Y CASTILLO,ACCION POPULAR,239,M,CASTELLANO
90606,HUANUCO,LEONCIO PRADO,JOSE CRESPO Y CASTILLO,ALIANZA PARA EL PROGRESO,796,M,CASTELLANO
90606,HUANUCO,LEONCIO PRADO,JOSE CRESPO Y CASTILLO,AUTENTICO REGIONAL,700,M,CASTELLANO
90606,HUANUCO,LEONCIO PRADO,JOSE CRESPO Y CASTILLO,AVANZADA REGIONAL INDEPENDIENTE UNIDOS POR HUANUCO,2211,M,CASTELLANO
90606,HUANUCO,LEONCIO PRADO,JOSE CRESPO Y CASTILLO,CUENTA CONMIGO,754,M,CASTELLANO
90606,HUANUCO,LEONCIO PRADO,JOSE CRESPO Y CASTILLO,"EL FRENTE AMPLIO POR JUSTICIA, VIDA Y LIBERTAD",142,M,CASTELLANO
90606,HUANUCO,LEONCIO PRADO,JOSE CRESPO Y CASTILLO,FUERZA POPULAR,233,M,CASTELLANO
90606,HUANUCO,LEONCIO PRADO,JOSE CRESPO Y CASTILLO,MOVIMIENTO INDEPENDIENTE REGIONAL LUCHEMOS POR HUANUCO,1156,M,CASTELLANO
90606,HUANUCO,LEONCIO PRADO,JOSE CRESPO Y CASTILLO,MOVIMIENTO INTEGRACION DESCENTRALISTA,1540,M,CASTELLANO
90606,HUANUCO,LEONCIO PRADO,JOSE CRESPO Y CASTILLO,MOVIMIENTO POLITICO FRENTE AMPLIO REGIONAL PAISANOCUNA,373,M,CASTELLANO
90606,HUANUCO,LEONCIO PRADO,JOSE CRESPO Y CASTILLO,MOVIMIENTO POLITICO HECHOS Y NO PALABRAS,2586,M,CASTELLANO
90606,HUANUCO,LEONCIO PRADO,JOSE CRESPO Y CASTILLO,PARTIDO DEMOCRATICO SOMOS PERU,777,M,CASTELLANO
90606,HUANUCO,LEONCIO PRADO,JOSE CRESPO Y CASTILLO,RESTAURACION NACIONAL,234,M,CASTELLANO
90606,HUANUCO,LEONCIO PRADO,JOSE CRESPO Y CASTILLO,UNION POR EL PERU,138,M,CASTELLANO
90606,HUANUCO,LEONCIO PRADO,JOSE CRESPO Y CASTILLO,VAMOS PERU,95,M,CASTELLANO
90702,HUANUCO,PACHITEA,CHAGLLA,ACCION POPULAR,1235,M,CASTELLANO
90702,HUANUCO,PACHITEA,CHAGLLA,ALIANZA PARA EL PROGRESO,94,M,CASTELLANO
90702,HUANUCO,PACHITEA,CHAGLLA,AUTENTICO REGIONAL,129,M,CASTELLANO
90702,HUANUCO,PACHITEA,CHAGLLA,AVANZADA REGIONAL INDEPENDIENTE UNIDOS POR HUANUCO,1039,M,CASTELLANO
90702,HUANUCO,PACHITEA,CHAGLLA,CUENTA CONMIGO,2,M,CASTELLANO
90702,HUANUCO,PACHITEA,CHAGLLA,FUERZA POPULAR,123,M,CASTELLANO
90702,HUANUCO,PACHITEA,CHAGLLA,MOVIMIENTO INTEGRACION DESCENTRALISTA,838,M,CASTELLANO
90702,HUANUCO,PACHITEA,CHAGLLA,MOVIMIENTO POLITICO FRENTE AMPLIO REGIONAL PAISANOCUNA,180,M,CASTELLANO
90702,HUANUCO,PACHITEA,CHAGLLA,MOVIMIENTO POLITICO HECHOS Y NO PALABRAS,49,M,CASTELLANO
90702,HUANUCO,PACHITEA,CHAGLLA,PARTIDO DEMOCRATICO SOMOS PERU,273,M,CASTELLANO
90702,HUANUCO,PACHITEA,CHAGLLA,UNION POR EL PERU,584,M,CASTELLANO
90704,HUANUCO,PACHITEA,MOLINO,ACCION POPULAR,122,M,CASTELLANO
90704,HUANUCO,PACHITEA,MOLINO,AUTENTICO REGIONAL,174,M,CASTELLANO
90704,HUANUCO,PACHITEA,MOLINO,AVANZADA REGIONAL INDEPENDIENTE UNIDOS POR HUANUCO,182,M,CASTELLANO
90704,HUANUCO,PACHITEA,MOLINO,CUENTA CONMIGO,37,M,CASTELLANO
90704,HUANUCO,PACHITEA,MOLINO,FUERZA POPULAR,71,M,CASTELLANO
90704,HUANUCO,PACHITEA,MOLINO,MOVIMIENTO INDEPENDIENTE REGIONAL LUCHEMOS POR HUANUCO,12,M,CASTELLANO
90704,HUANUCO,PACHITEA,MOLINO,MOVIMIENTO INTEGRACION DESCENTRALISTA,1288,M,CASTELLANO
90704,HUANUCO,PACHITEA,MOLINO,MOVIMIENTO POLITICO FRENTE AMPLIO REGIONAL PAISANOCUNA,2867,M,CASTELLANO
90704,HUANUCO,PACHITEA,MOLINO,MOVIMIENTO POLITICO HECHOS Y NO PALABRAS,448,M,CASTELLANO
90704,HUANUCO,PACHITEA,MOLINO,PARTIDO DEMOCRATICO SOMOS PERU,694,M,CASTELLANO
90704,HUANUCO,PACHITEA,MOLINO,UNION POR EL PERU,127,M,CASTELLANO
90706,HUANUCO,PACHITEA,UMARI,ACCION POPULAR,49,M,EXTRANJERO
90706,HUANUCO,PACHITEA,UMARI,AUTENTICO REGIONAL,40,M,EXTRANJERO
90706,HUANUCO,PACHITEA,UMARI,AVANZADA REGIONAL INDEPENDIENTE UNIDOS POR HUANUCO,525,M,EXTRANJERO
90706,HUANUCO,PACHITEA,UMARI,FUERZA POPULAR,24,M,EXTRANJERO
90706,HUANUCO,PACHITEA,UMARI,MOVIMIENTO INTEGRACION DESCENTRALISTA,252,M,EXTRANJERO
90706,HUANUCO,PACHITEA,UMARI,MOVIMIENTO POLITICO FRENTE AMPLIO REGIONAL PAISANOCUNA,2095,M,EXTRANJERO
90706,HUANUCO,PACHITEA,UMARI,MOVIMIENTO POLITICO HECHOS Y NO PALABRAS,1005,M,EXTRANJERO
90706,HUANUCO,PACHITEA,UMARI,PARTIDO DEMOCRATICO SOMOS PERU,763,M,EXTRANJERO
90706,HUANUCO,PACHITEA,UMARI,UNION POR EL PERU,17,M,EXTRANJERO
90801,HUANUCO,PUERTO INCA,HONORIA,ACCION POPULAR,520,M,CASTELLANO
90801,HUANUCO,PUERTO INCA,HONORIA,AVANZADA REGIONAL INDEPENDIENTE UNIDOS POR HUANUCO,497,M,CASTELLANO
90801,HUANUCO,PUERTO INCA,HONORIA,FUERZA POPULAR,425,M,CASTELLANO
90801,HUANUCO,PUERTO INCA,HONORIA,MOVIMIENTO INDEPENDIENTE REGIONAL LUCHEMOS POR HUANUCO,84,M,CASTELLANO
90801,HUANUCO,PUERTO INCA,HONORIA,MOVIMIENTO INTEGRACION DESCENTRALISTA,259,M,CASTELLANO
90801,HUANUCO,PUERTO INCA,HONORIA,MOVIMIENTO POLITICO FRENTE AMPLIO REGIONAL PAISANOCUNA,370,M,CASTELLANO
90801,HUANUCO,PUERTO INCA,HONORIA,MOVIMIENTO POLITICO HECHOS Y NO PALABRAS,54,M,CASTELLANO
90801,HUANUCO,PUERTO INCA,HONORIA,PARTIDO DEMOCRATICO SOMOS PERU,91,M,CASTELLANO
90801,HUANUCO,PUERTO INCA,HONORIA,UNION POR EL PERU,26,M,CASTELLANO
90803,HUANUCO,PUERTO INCA,CODO DEL POZUZO,AVANZADA REGIONAL INDEPENDIENTE UNIDOS POR HUANUCO,238,M,CASTELLANO
90803,HUANUCO,PUERTO INCA,CODO DEL POZUZO,FUERZA POPULAR,357,M,CASTELLANO
90803,HUANUCO,PUERTO INCA,CODO DEL POZUZO,MOVIMIENTO INDEPENDIENTE REGIONAL LUCHEMOS POR HUANUCO,54,M,CASTELLANO
90803,HUANUCO,PUERTO INCA,CODO DEL POZUZO,MOVIMIENTO INTEGRACION DESCENTRALISTA,563,M,CASTELLANO
90803,HUANUCO,PUERTO INCA,CODO DEL POZUZO,MOVIMIENTO POLITICO HECHOS Y NO PALABRAS,92,M,CASTELLANO
90803,HUANUCO,PUERTO INCA,CODO DEL POZUZO,PARTIDO DEMOCRATICO SOMOS PERU,837,M,CASTELLANO
90803,HUANUCO,PUERTO INCA,CODO DEL POZUZO,UNION POR EL PERU,289,M,CASTELLANO
90804,HUANUCO,PUERTO INCA,TOURNAVISTA,ACCION POPULAR,66,F,CASTELLANO
90804,HUANUCO,PUERTO INCA,TOURNAVISTA,AUTENTICO REGIONAL,101,F,CASTELLANO
90804,HUANUCO,PUERTO INCA,TOURNAVISTA,AVANZADA REGIONAL INDEPENDIENTE UNIDOS POR HUANUCO,214,F,CASTELLANO
90804,HUANUCO,PUERTO INCA,TOURNAVISTA,CUENTA CONMIGO,168,F,CASTELLANO
90804,HUANUCO,PUERTO INCA,TOURNAVISTA,FUERZA POPULAR,217,F,CASTELLANO
90804,HUANUCO,PUERTO INCA,TOURNAVISTA,MOVIMIENTO INDEPENDIENTE REGIONAL LUCHEMOS POR HUANUCO,55,F,CASTELLANO
90804,HUANUCO,PUERTO INCA,TOURNAVISTA,MOVIMIENTO INTEGRACION DESCENTRALISTA,538,F,CASTELLANO
90804,HUANUCO,PUERTO INCA,TOURNAVISTA,MOVIMIENTO POLITICO FRENTE AMPLIO REGIONAL PAISANOCUNA,25,F,CASTELLANO
90804,HUANUCO,PUERTO INCA,TOURNAVISTA,MOVIMIENTO POLITICO HECHOS Y NO PALABRAS,234,F,CASTELLANO
90804,HUANUCO,PUERTO INCA,TOURNAVISTA,PARTIDO DEMOCRATICO SOMOS PERU,130,F,CASTELLANO
90804,HUANUCO,PUERTO INCA,TOURNAVISTA,RESTAURACION NACIONAL,256,F,CASTELLANO
90804,HUANUCO,PUERTO INCA,TOURNAVISTA,UNION POR EL PERU,45,F,CASTELLANO
90805,HUANUCO,PUERTO INCA,YUYAPICHIS,ALIANZA PARA EL PROGRESO,487,F,CASTELLANO
90805,HUANUCO,PUERTO INCA,YUYAPICHIS,AVANZADA REGIONAL INDEPENDIENTE UNIDOS POR HUANUCO,176,F,CASTELLANO
90805,HUANUCO,PUERTO INCA,YUYAPICHIS,FUERZA POPULAR,194,F,CASTELLANO
90805,HUANUCO,PUERTO INCA,YUYAPICHIS,MOVIMIENTO INDEPENDIENTE REGIONAL LUCHEMOS POR HUANUCO,53,F,CASTELLANO
90805,HUANUCO,PUERTO INCA,YUYAPICHIS,MOVIMIENTO INTEGRACION DESCENTRALISTA,533,F,CASTELLANO
90805,HUANUCO,PUERTO INCA,YUYAPICHIS,MOVIMIENTO POLITICO FRENTE AMPLIO REGIONAL PAISANOCUNA,68,F,CASTELLANO
90805,HUANUCO,PUERTO INCA,YUYAPICHIS,MOVIMIENTO POLITICO HECHOS Y NO PALABRAS,143,F,CASTELLANO
90805,HUANUCO,PUERTO INCA,YUYAPICHIS,PARTIDO DEMOCRATICO SOMOS PERU,91,F,CASTELLANO
90805,HUANUCO,PUERTO INCA,YUYAPICHIS,UNION POR EL PERU,185,F,CASTELLANO
90902,HUANUCO,HUACAYBAMBA,PINRA,ACCION POPULAR,219,M,CASTELLANO
90902,HUANUCO,HUACAYBAMBA,PINRA,ALIANZA PARA EL PROGRESO,486,M,CASTELLANO
90902,HUANUCO,HUACAYBAMBA,PINRA,AVANZADA REGIONAL INDEPENDIENTE UNIDOS POR HUANUCO,700,M,CASTELLANO
90902,HUANUCO,HUACAYBAMBA,PINRA,CUENTA CONMIGO,48,M,CASTELLANO
90902,HUANUCO,HUACAYBAMBA,PINRA,MOVIMIENTO INTEGRACION DESCENTRALISTA,455,M,CASTELLANO
90902,HUANUCO,HUACAYBAMBA,PINRA,MOVIMIENTO POLITICO FRENTE AMPLIO REGIONAL PAISANOCUNA,416,M,CASTELLANO
90902,HUANUCO,HUACAYBAMBA,PINRA,MOVIMIENTO POLITICO HECHOS Y NO PALABRAS,317,M,CASTELLANO
90902,HUANUCO,HUACAYBAMBA,PINRA,PARTIDO DEMOCRATICO SOMOS PERU,280,M,CASTELLANO
90902,HUANUCO,HUACAYBAMBA,PINRA,UNION POR EL PERU,26,M,CASTELLANO
90903,HUANUCO,HUACAYBAMBA,CANCHABAMBA,ACCION POPULAR,226,M,CASTELLANO
90903,HUANUCO,HUACAYBAMBA,CANCHABAMBA,ALIANZA PARA EL PROGRESO,475,M,CASTELLANO
90903,HUANUCO,HUACAYBAMBA,CANCHABAMBA,AVANZADA REGIONAL INDEPENDIENTE UNIDOS POR HUANUCO,305,M,CASTELLANO
90903,HUANUCO,HUACAYBAMBA,CANCHABAMBA,MOVIMIENTO INTEGRACION DESCENTRALISTA,44,M,CASTELLANO
90903,HUANUCO,HUACAYBAMBA,CANCHABAMBA,MOVIMIENTO POLITICO FRENTE AMPLIO REGIONAL PAISANOCUNA,161,M,CASTELLANO
90903,HUANUCO,HUACAYBAMBA,CANCHABAMBA,MOVIMIENTO POLITICO HECHOS Y NO PALABRAS,112,M,CASTELLANO
90903,HUANUCO,HUACAYBAMBA,CANCHABAMBA,PARTIDO DEMOCRATICO SOMOS PERU,189,M,CASTELLANO
90904,HUANUCO,HUACAYBAMBA,COCHABAMBA,ACCION POPULAR,15,M,CASTELLANO
90904,HUANUCO,HUACAYBAMBA,COCHABAMBA,ALIANZA PARA EL PROGRESO,281,M,CASTELLANO
90904,HUANUCO,HUACAYBAMBA,COCHABAMBA,AVANZADA REGIONAL INDEPENDIENTE UNIDOS POR HUANUCO,125,M,CASTELLANO
90904,HUANUCO,HUACAYBAMBA,COCHABAMBA,CUENTA CONMIGO,3,M,CASTELLANO
90904,HUANUCO,HUACAYBAMBA,COCHABAMBA,MOVIMIENTO INTEGRACION DESCENTRALISTA,66,M,CASTELLANO
90904,HUANUCO,HUACAYBAMBA,COCHABAMBA,MOVIMIENTO POLITICO FRENTE AMPLIO REGIONAL PAISANOCUNA,202,M,CASTELLANO
90904,HUANUCO,HUACAYBAMBA,COCHABAMBA,MOVIMIENTO POLITICO HECHOS Y NO PALABRAS,120,M,CASTELLANO
90904,HUANUCO,HUACAYBAMBA,COCHABAMBA,PARTIDO DEMOCRATICO SOMOS PERU,120,M,CASTELLANO
91002,HUANUCO,LAURICOCHA,BAÑOS,ACCION POPULAR,115,M,CASTELLANO
91002,HUANUCO,LAURICOCHA,BAÑOS,AUTENTICO REGIONAL,46,M,CASTELLANO
91002,HUANUCO,LAURICOCHA,BAÑOS,AVANZADA REGIONAL INDEPENDIENTE UNIDOS POR HUANUCO,359,M,CASTELLANO
91002,HUANUCO,LAURICOCHA,BAÑOS,FUERZA POPULAR,240,M,CASTELLANO
91002,HUANUCO,LAURICOCHA,BAÑOS,MOVIMIENTO INTEGRACION DESCENTRALISTA,386,M,CASTELLANO
91002,HUANUCO,LAURICOCHA,BAÑOS,MOVIMIENTO POLITICO FRENTE AMPLIO REGIONAL PAISANOCUNA,161,M,CASTELLANO
91002,HUANUCO,LAURICOCHA,BAÑOS,PARTIDO DEMOCRATICO SOMOS PERU,606,M,CASTELLANO
91003,HUANUCO,LAURICOCHA,SAN FRANCISCO DE ASIS,ACCION POPULAR,102,M,CASTELLANO
91003,HUANUCO,LAURICOCHA,SAN FRANCISCO DE ASIS,AUTENTICO REGIONAL,216,M,CASTELLANO
91003,HUANUCO,LAURICOCHA,SAN FRANCISCO DE ASIS,AVANZADA REGIONAL INDEPENDIENTE UNIDOS POR HUANUCO,263,M,CASTELLANO
91003,HUANUCO,LAURICOCHA,SAN FRANCISCO DE ASIS,MOVIMIENTO INTEGRACION DESCENTRALISTA,224,M,CASTELLANO
91003,HUANUCO,LAURICOCHA,SAN FRANCISCO DE ASIS,MOVIMIENTO POLITICO FRENTE AMPLIO REGIONAL PAISANOCUNA,265,M,CASTELLANO
91003,HUANUCO,LAURICOCHA,SAN FRANCISCO DE ASIS,MOVIMIENTO POLITICO HECHOS Y NO PALABRAS,107,M,CASTELLANO
91003,HUANUCO,LAURICOCHA,SAN FRANCISCO DE ASIS,PARTIDO DEMOCRATICO SOMOS PERU,325,M,CASTELLANO
91003,HUANUCO,LAURICOCHA,SAN FRANCISCO DE ASIS,UNION POR EL PERU,134,M,CASTELLANO
91004,HUANUCO,LAURICOCHA,QUEROPALCA,ACCION POPULAR,82,M,CASTELLANO
91004,HUANUCO,LAURICOCHA,QUEROPALCA,AUTENTICO REGIONAL,135,M,CASTELLANO
91004,HUANUCO,LAURICOCHA,QUEROPALCA,AVANZADA REGIONAL INDEPENDIENTE UNIDOS POR HUANUCO,131,M,CASTELLANO
91004,HUANUCO,LAURICOCHA,QUEROPALCA,MOVIMIENTO INTEGRACION DESCENTRALISTA,70,M,CASTELLANO
91004,HUANUCO,LAURICOCHA,QUEROPALCA,MOVIMIENTO POLITICO FRENTE AMPLIO REGIONAL PAISANOCUNA,33,M,CASTELLANO
91004,HUANUCO,LAURICOCHA,QUEROPALCA,PARTIDO DEMOCRATICO SOMOS PERU,107,M,CASTELLANO
91004,HUANUCO,LAURICOCHA,QUEROPALCA,UNION POR EL PERU,21,M,CASTELLANO
91005,HUANUCO,LAURICOCHA,SAN MIGUEL DE CAURI,ACCION POPULAR,3,M,CASTELLANO
91005,HUANUCO,LAURICOCHA,SAN MIGUEL DE CAURI,AVANZADA REGIONAL INDEPENDIENTE UNIDOS POR HUANUCO,1235,M,CASTELLANO
91005,HUANUCO,LAURICOCHA,SAN MIGUEL DE CAURI,MOVIMIENTO INTEGRACION DESCENTRALISTA,1086,M,CASTELLANO
91005,HUANUCO,LAURICOCHA,SAN MIGUEL DE CAURI,PARTIDO DEMOCRATICO SOMOS PERU,162,M,CASTELLANO
91006,HUANUCO,LAURICOCHA,RONDOS,ACCION POPULAR,80,M,CASTELLANO
91006,HUANUCO,LAURICOCHA,RONDOS,AUTENTICO REGIONAL,200,M,CASTELLANO
91006,HUANUCO,LAURICOCHA,RONDOS,AVANZADA REGIONAL INDEPENDIENTE UNIDOS POR HUANUCO,599,M,CASTELLANO
91006,HUANUCO,LAURICOCHA,RONDOS,CUENTA CONMIGO,72,M,CASTELLANO
91006,HUANUCO,LAURICOCHA,RONDOS,FUERZA POPULAR,76,M,CASTELLANO
91006,HUANUCO,LAURICOCHA,RONDOS,MOVIMIENTO INDEPENDIENTE REGIONAL LUCHEMOS POR HUANUCO,21,M,CASTELLANO
91006,HUANUCO,LAURICOCHA,RONDOS,MOVIMIENTO INTEGRACION DESCENTRALISTA,580,M,CASTELLANO
91006,HUANUCO,LAURICOCHA,RONDOS,MOVIMIENTO POLITICO FRENTE AMPLIO REGIONAL PAISANOCUNA,668,M,CASTELLANO
91006,HUANUCO,LAURICOCHA,RONDOS,MOVIMIENTO POLITICO HECHOS Y NO PALABRAS,148,M,CASTELLANO
91006,HUANUCO,LAURICOCHA,RONDOS,PARTIDO DEMOCRATICO SOMOS PERU,62,M,CASTELLANO
91006,HUANUCO,LAURICOCHA,RONDOS,UNION POR EL PERU,99,M,CASTELLANO
91007,HUANUCO,LAURICOCHA,JIVIA,ACCION POPULAR,22,M,CASTELLANO
91007,HUANUCO,LAURICOCHA,JIVIA,AUTENTICO REGIONAL,245,M,CASTELLANO
91007,HUANUCO,LAURICOCHA,JIVIA,AVANZADA REGIONAL INDEPENDIENTE UNIDOS POR HUANUCO,110,M,CASTELLANO
91007,HUANUCO,LAURICOCHA,JIVIA,FUERZA POPULAR,91,M,CASTELLANO
91007,HUANUCO,LAURICOCHA,JIVIA,MOVIMIENTO INTEGRACION DESCENTRALISTA,341,M,CASTELLANO
91007,HUANUCO,LAURICOCHA,JIVIA,MOVIMIENTO POLITICO FRENTE AMPLIO REGIONAL PAISANOCUNA,5,M,CASTELLANO
91007,HUANUCO,LAURICOCHA,JIVIA,MOVIMIENTO POLITICO HECHOS Y NO PALABRAS,11,M,CASTELLANO
91007,HUANUCO,LAURICOCHA,JIVIA,PARTIDO DEMOCRATICO SOMOS PERU,296,M,CASTELLANO
91007,HUANUCO,LAURICOCHA,JIVIA,UNION POR EL PERU,121,M,CASTELLANO
91102,HUANUCO,YAROWILCA,APARICIO POMARES,AUTENTICO REGIONAL,9,M,CASTELLANO
91102,HUANUCO,YAROWILCA,APARICIO POMARES,AVANZADA REGIONAL INDEPENDIENTE UNIDOS POR HUANUCO,750,M,CASTELLANO
91102,HUANUCO,YAROWILCA,APARICIO POMARES,FUERZA POPULAR,134,M,CASTELLANO
91102,HUANUCO,YAROWILCA,APARICIO POMARES,MOVIMIENTO INDEPENDIENTE REGIONAL LUCHEMOS POR HUANUCO,182,M,CASTELLANO
91102,HUANUCO,YAROWILCA,APARICIO POMARES,MOVIMIENTO INTEGRACION DESCENTRALISTA,956,M,CASTELLANO
91102,HUANUCO,YAROWILCA,APARICIO POMARES,MOVIMIENTO POLITICO FRENTE AMPLIO REGIONAL PAISANOCUNA,511,M,CASTELLANO
91102,HUANUCO,YAROWILCA,APARICIO POMARES,MOVIMIENTO POLITICO HECHOS Y NO PALABRAS,38,M,CASTELLANO
91102,HUANUCO,YAROWILCA,APARICIO POMARES,PARTIDO DEMOCRATICO SOMOS PERU,735,M,CASTELLANO
91102,HUANUCO,YAROWILCA,APARICIO POMARES,UNION POR EL PERU,389,M,CASTELLANO
91103,HUANUCO,YAROWILCA,CAHUAC,AVANZADA REGIONAL INDEPENDIENTE UNIDOS POR HUANUCO,417,F,QUECHUA
91103,HUANUCO,YAROWILCA,CAHUAC,FUERZA POPULAR,286,F,QUECHUA
91103,HUANUCO,YAROWILCA,CAHUAC,MOVIMIENTO INTEGRACION DESCENTRALISTA,105,F,QUECHUA
91103,HUANUCO,YAROWILCA,CAHUAC,MOVIMIENTO POLITICO FRENTE AMPLIO REGIONAL PAISANOCUNA,305,F,QUECHUA
91103,HUANUCO,YAROWILCA,CAHUAC,MOVIMIENTO POLITICO HECHOS Y NO PALABRAS,128,F,QUECHUA
91103,HUANUCO,YAROWILCA,CAHUAC,PARTIDO DEMOCRATICO SOMOS PERU,268,F,QUECHUA
91103,HUANUCO,YAROWILCA,CAHUAC,UNION POR EL PERU,41,F,QUECHUA
91104,HUANUCO,YAROWILCA,CHACABAMBA,ACCION POPULAR,107,M,CASTELLANO
91104,HUANUCO,YAROWILCA,CHACABAMBA,AVANZADA REGIONAL INDEPENDIENTE UNIDOS POR HUANUCO,113,M,CASTELLANO
91104,HUANUCO,YAROWILCA,CHACABAMBA,CUENTA CONMIGO,46,M,CASTELLANO
91104,HUANUCO,YAROWILCA,CHACABAMBA,FUERZA POPULAR,154,M,CASTELLANO
91104,HUANUCO,YAROWILCA,CHACABAMBA,MOVIMIENTO INDEPENDIENTE REGIONAL LUCHEMOS POR HUANUCO,39,M,CASTELLANO
91104,HUANUCO,YAROWILCA,CHACABAMBA,MOVIMIENTO INTEGRACION DESCENTRALISTA,221,M,CASTELLANO
91104,HUANUCO,YAROWILCA,CHACABAMBA,MOVIMIENTO POLITICO FRENTE AMPLIO REGIONAL PAISANOCUNA,482,M,CASTELLANO
91104,HUANUCO,YAROWILCA,CHACABAMBA,MOVIMIENTO POLITICO HECHOS Y NO PALABRAS,46,M,CASTELLANO
91104,HUANUCO,YAROWILCA,CHACABAMBA,PARTIDO DEMOCRATICO SOMOS PERU,287,M,CASTELLANO
91104,HUANUCO,YAROWILCA,CHACABAMBA,UNION POR EL PERU,153,M,CASTELLANO
91105,HUANUCO,YAROWILCA,JACAS CHICO,ALIANZA PARA EL PROGRESO,32,M,CASTELLANO
91105,HUANUCO,YAROWILCA,JACAS CHICO,AUTENTICO REGIONAL,84,M,CASTELLANO
91105,HUANUCO,YAROWILCA,JACAS CHICO,AVANZADA REGIONAL INDEPENDIENTE UNIDOS POR HUANUCO,102,M,CASTELLANO
91105,HUANUCO,YAROWILCA,JACAS CHICO,CUENTA CONMIGO,121,M,CASTELLANO
91105,HUANUCO,YAROWILCA,JACAS CHICO,FUERZA POPULAR,131,M,CASTELLANO
91105,HUANUCO,YAROWILCA,JACAS CHICO,MOVIMIENTO INDEPENDIENTE REGIONAL LUCHEMOS POR HUANUCO,99,M,CASTELLANO
91105,HUANUCO,YAROWILCA,JACAS CHICO,MOVIMIENTO INTEGRACION DESCENTRALISTA,47,M,CASTELLANO
91105,HUANUCO,YAROWILCA,JACAS CHICO,MOVIMIENTO POLITICO FRENTE AMPLIO REGIONAL PAISANOCUNA,338,M,CASTELLANO
91105,HUANUCO,YAROWILCA,JACAS CHICO,MOVIMIENTO POLITICO HECHOS Y NO PALABRAS,57,M,CASTELLANO
91105,HUANUCO,YAROWILCA,JACAS CHICO,PARTIDO DEMOCRATICO SOMOS PERU,299,M,CASTELLANO
91105,HUANUCO,YAROWILCA,JACAS CHICO,RESTAURACION NACIONAL,137,M,CASTELLANO
91105,HUANUCO,YAROWILCA,JACAS CHICO,UNION POR EL PERU,195,M,CASTELLANO
91106,HUANUCO,YAROWILCA,OBAS,ACCION POPULAR,111,M,CASTELLANO
91106,HUANUCO,YAROWILCA,OBAS,AUTENTICO REGIONAL,139,M,CASTELLANO
91106,HUANUCO,YAROWILCA,OBAS,AVANZADA REGIONAL INDEPENDIENTE UNIDOS POR HUANUCO,249,M,CASTELLANO
91106,HUANUCO,YAROWILCA,OBAS,CUENTA CONMIGO,10,M,CASTELLANO
91106,HUANUCO,YAROWILCA,OBAS,"EL FRENTE AMPLIO POR JUSTICIA, VIDA Y LIBERTAD",27,M,CASTELLANO
91106,HUANUCO,YAROWILCA,OBAS,FUERZA POPULAR,19,M,CASTELLANO
91106,HUANUCO,YAROWILCA,OBAS,MOVIMIENTO INDEPENDIENTE REGIONAL LUCHEMOS POR HUANUCO,62,M,CASTELLANO
91106,HUANUCO,YAROWILCA,OBAS,MOVIMIENTO INTEGRACION DESCENTRALISTA,773,M,CASTELLANO
91106,HUANUCO,YAROWILCA,OBAS,MOVIMIENTO POLITICO FRENTE AMPLIO REGIONAL PAISANOCUNA,995,M,CASTELLANO
91106,HUANUCO,YAROWILCA,OBAS,MOVIMIENTO POLITICO HECHOS Y NO PALABRAS,229,M,CASTELLANO
91106,HUANUCO,YAROWILCA,OBAS,PARTIDO DEMOCRATICO SOMOS PERU,354,M,CASTELLANO
91106,HUANUCO,YAROWILCA,OBAS,PARTIDO HUMANISTA PERUANO,13,M,CASTELLANO
91106,HUANUCO,YAROWILCA,OBAS,UNION POR EL PERU,68,M,CASTELLANO
91107,HUANUCO,YAROWILCA,PAMPAMARCA,AUTENTICO REGIONAL,255,M,CASTELLANO
91107,HUANUCO,YAROWILCA,PAMPAMARCA,FUERZA POPULAR,36,M,CASTELLANO
91107,HUANUCO,YAROWILCA,PAMPAMARCA,MOVIMIENTO INDEPENDIENTE REGIONAL LUCHEMOS POR HUANUCO,228,M,CASTELLANO
91107,HUANUCO,YAROWILCA,PAMPAMARCA,MOVIMIENTO INTEGRACION DESCENTRALISTA,186,M,CASTELLANO
91107,HUANUCO,YAROWILCA,PAMPAMARCA,MOVIMIENTO POLITICO FRENTE AMPLIO REGIONAL PAISANOCUNA,209,M,CASTELLANO
91107,HUANUCO,YAROWILCA,PAMPAMARCA,MOVIMIENTO POLITICO HECHOS Y NO PALABRAS,13,M,CASTELLANO
91107,HUANUCO,YAROWILCA,PAMPAMARCA,PARTIDO DEMOCRATICO SOMOS PERU,26,M,CASTELLANO
91107,HUANUCO,YAROWILCA,PAMPAMARCA,UNION POR EL PERU,205,M,CASTELLANO
91108,HUANUCO,YAROWILCA,CHORAS,ACCION POPULAR,101,M,CASTELLANO
91108,HUANUCO,YAROWILCA,CHORAS,AUTENTICO REGIONAL,383,M,CASTELLANO
91108,HUANUCO,YAROWILCA,CHORAS,AVANZADA REGIONAL INDEPENDIENTE UNIDOS POR HUANUCO,296,M,CASTELLANO
91108,HUANUCO,YAROWILCA,CHORAS,CUENTA CONMIGO,150,M,CASTELLANO
91108,HUANUCO,YAROWILCA,CHORAS,FUERZA POPULAR,1,M,CASTELLANO
91108,HUANUCO,YAROWILCA,CHORAS,MOVIMIENTO INDEPENDIENTE REGIONAL LUCHEMOS POR HUANUCO,218,M,CASTELLANO
91108,HUANUCO,YAROWILCA,CHORAS,MOVIMIENTO INTEGRACION DESCENTRALISTA,432,M,CASTELLANO
91108,HUANUCO,YAROWILCA,CHORAS,MOVIMIENTO POLITICO FRENTE AMPLIO REGIONAL PAISANOCUNA,208,M,CASTELLANO
91108,HUANUCO,YAROWILCA,CHORAS,MOVIMIENTO POLITICO HECHOS Y NO PALABRAS,3,M,CASTELLANO
91108,HUANUCO,YAROWILCA,CHORAS,PARTIDO DEMOCRATICO SOMOS PERU,91,M,CASTELLANO
91108,HUANUCO,YAROWILCA,CHORAS,UNION POR EL PERU,238,M,CASTELLANO
100102,ICA,ICA,LA TINGUIÑA,ALIANZA PARA EL PROGRESO,189,M,CASTELLANO
100102,ICA,ICA,LA TINGUIÑA,ALIANZA REGIONAL INDEPENDIENTE,66,M,CASTELLANO
100102,ICA,ICA,LA TINGUIÑA,"EL FRENTE AMPLIO POR JUSTICIA, VIDA Y LIBERTAD",172,M,CASTELLANO
100102,ICA,ICA,LA TINGUIÑA,FUERZA POPULAR,2778,M,CASTELLANO
100102,ICA,ICA,LA TINGUIÑA,MOVIMIENTO REGIONAL OBRAS POR LA MODERNIDAD,3015,M,CASTELLANO
100102,ICA,ICA,LA TINGUIÑA,PARTIDO APRISTA PERUANO,4328,M,CASTELLANO
100102,ICA,ICA,LA TINGUIÑA,PARTIDO HUMANISTA PERUANO,146,M,CASTELLANO
100102,ICA,ICA,LA TINGUIÑA,PARTIDO REGIONAL DE INTEGRACION,3368,M,CASTELLANO
100102,ICA,ICA,LA TINGUIÑA,UNIDOS POR LA REGION,3107,M,CASTELLANO
100102,ICA,ICA,LA TINGUIÑA,UNION POR EL PERU,447,M,CASTELLANO
100102,ICA,ICA,LA TINGUIÑA,VAMOS PERU,708,M,CASTELLANO
100103,ICA,ICA,LOS AQUIJES,ACCION POPULAR,111,M,CASTELLANO
100103,ICA,ICA,LOS AQUIJES,ALIANZA PARA EL PROGRESO,713,M,CASTELLANO
100103,ICA,ICA,LOS AQUIJES,FUERZA POPULAR,757,M,CASTELLANO
100103,ICA,ICA,LOS AQUIJES,MOVIMIENTO REGIONAL OBRAS POR LA MODERNIDAD,2537,M,CASTELLANO
100103,ICA,ICA,LOS AQUIJES,PARTIDO APRISTA PERUANO,1495,M,CASTELLANO
100103,ICA,ICA,LOS AQUIJES,PARTIDO DEMOCRATICO SOMOS PERU,129,M,CASTELLANO
100103,ICA,ICA,LOS AQUIJES,PARTIDO HUMANISTA PERUANO,34,M,CASTELLANO
100103,ICA,ICA,LOS AQUIJES,PARTIDO REGIONAL DE INTEGRACION,1657,M,CASTELLANO
100103,ICA,ICA,LOS AQUIJES,UNIDOS POR LA REGION,376,M,CASTELLANO
100103,ICA,ICA,LOS AQUIJES,UNION POR EL PERU,64,M,CASTELLANO
100103,ICA,ICA,LOS AQUIJES,VAMOS PERU,319,M,CASTELLANO
100104,ICA,ICA,PARCONA,ALIANZA PARA EL PROGRESO,190,M,CASTELLANO
100104,ICA,ICA,PARCONA,"EL FRENTE AMPLIO POR JUSTICIA, VIDA Y LIBERTAD",276,M,CASTELLANO
100104,ICA,ICA,PARCONA,FRENTE INDEPENDIENTE DEMOCRATICO DE PARCONA,119,M,CASTELLANO
100104,ICA,ICA,PARCONA,FUERZA POPULAR,2957,M,CASTELLANO
100104,ICA,ICA,PARCONA,MOVIMIENTO REGIONAL OBRAS POR LA MODERNIDAD,7273,M,CASTELLANO
100104,ICA,ICA,PARCONA,PARTIDO APRISTA PERUANO,806,M,CASTELLANO
100104,ICA,ICA,PARCONA,PARTIDO REGIONAL DE INTEGRACION,6314,M,CASTELLANO
100104,ICA,ICA,PARCONA,SOLIDARIDAD NACIONAL,234,M,CASTELLANO
100104,ICA,ICA,PARCONA,UNIDOS POR LA REGION,4121,M,CASTELLANO
100104,ICA,ICA,PARCONA,UNION POR EL PERU,418,M,CASTELLANO
100104,ICA,ICA,PARCONA,VAMOS PERU,1637,M,CASTELLANO
100105,ICA,ICA,PUEBLO NUEVO,ALIANZA PARA EL PROGRESO,20,F,CASTELLANO
100105,ICA,ICA,PUEBLO NUEVO,FUERZA POPULAR,63,F,CASTELLANO
100105,ICA,ICA,PUEBLO NUEVO,MOVIMIENTO INDEPENDIENTE REGIONAL HAMBRE CERO,15,F,CASTELLANO
100105,ICA,ICA,PUEBLO NUEVO,MOVIMIENTO REGIONAL OBRAS POR LA MODERNIDAD,39,F,CASTELLANO
100105,ICA,ICA,PUEBLO NUEVO,PARTIDO APRISTA PERUANO,27,F,CASTELLANO
100105,ICA,ICA,PUEBLO NUEVO,PARTIDO POPULAR CRISTIANO - PPC,19,F,CASTELLANO
100105,ICA,ICA,PUEBLO NUEVO,PARTIDO REGIONAL DE INTEGRACION,21,F,CASTELLANO
100105,ICA,ICA,PUEBLO NUEVO,SOLIDARIDAD NACIONAL,71,F,CASTELLANO
100105,ICA,ICA,PUEBLO NUEVO,UNIDOS POR LA REGION,64,F,CASTELLANO
100105,ICA,ICA,PUEBLO NUEVO,UNION POR EL PERU,31,F,CASTELLANO
100105,ICA,ICA,PUEBLO NUEVO,VAMOS PERU,102,F,CASTELLANO
100106,ICA,ICA,SALAS,ALIANZA PARA EL PROGRESO,227,M,CASTELLANO
100106,ICA,ICA,SALAS,"EL FRENTE AMPLIO POR JUSTICIA, VIDA Y LIBERTAD",821,M,CASTELLANO
100106,ICA,ICA,SALAS,FUERZA POPULAR,1548,M,CASTELLANO
100106,ICA,ICA,SALAS,MOVIMIENTO REGIONAL OBRAS POR LA MODERNIDAD,2443,M,CASTELLANO
100106,ICA,ICA,SALAS,PARTIDO APRISTA PERUANO,1649,M,CASTELLANO
100106,ICA,ICA,SALAS,PARTIDO REGIONAL DE INTEGRACION,1153,M,CASTELLANO
100106,ICA,ICA,SALAS,UNIDOS POR LA REGION,1155,M,CASTELLANO
100106,ICA,ICA,SALAS,UNION POR EL PERU,388,M,CASTELLANO
100106,ICA,ICA,SALAS,VAMOS PERU,172,M,CASTELLANO
100107,ICA,ICA,SAN JOSE DE LOS MOLINOS,ALIANZA PARA EL PROGRESO,47,M,CASTELLANO
100107,ICA,ICA,SAN JOSE DE LOS MOLINOS,"EL FRENTE AMPLIO POR JUSTICIA, VIDA Y LIBERTAD",48,M,CASTELLANO
100107,ICA,ICA,SAN JOSE DE LOS MOLINOS,FRENTE CIVICO LIBERTAD,81,M,CASTELLANO
100107,ICA,ICA,SAN JOSE DE LOS MOLINOS,FUERZA POPULAR,1930,M,CASTELLANO
100107,ICA,ICA,SAN JOSE DE LOS MOLINOS,MOVIMIENTO REGIONAL OBRAS POR LA MODERNIDAD,322,M,CASTELLANO
100107,ICA,ICA,SAN JOSE DE LOS MOLINOS,PARTIDO APRISTA PERUANO,94,M,CASTELLANO
100107,ICA,ICA,SAN JOSE DE LOS MOLINOS,PARTIDO REGIONAL DE INTEGRACION,1299,M,CASTELLANO
100107,ICA,ICA,SAN JOSE DE LOS MOLINOS,UNIDOS POR LA REGION,25,M,CASTELLANO
100108,ICA,ICA,SAN JUAN BAUTISTA,ALIANZA PARA EL PROGRESO,294,M,QUECHUA
100108,ICA,ICA,SAN JUAN BAUTISTA,FUERZA POPULAR,1806,M,QUECHUA
100108,ICA,ICA,SAN JUAN BAUTISTA,MOVIMIENTO REGIONAL OBRAS POR LA MODERNIDAD,241,M,QUECHUA
100108,ICA,ICA,SAN JUAN BAUTISTA,PARTIDO APRISTA PERUANO,1869,M,QUECHUA
100108,ICA,ICA,SAN JUAN BAUTISTA,PARTIDO REGIONAL DE INTEGRACION,158,M,QUECHUA
100108,ICA,ICA,SAN JUAN BAUTISTA,SOLIDARIDAD NACIONAL,5,M,QUECHUA
100108,ICA,ICA,SAN JUAN BAUTISTA,UNIDOS POR LA REGION,28,M,QUECHUA
100108,ICA,ICA,SAN JUAN BAUTISTA,VAMOS PERU,120,M,QUECHUA
100109,ICA,ICA,SANTIAGO,ALIANZA PARA EL PROGRESO,140,M,CASTELLANO
100109,ICA,ICA,SANTIAGO,"EL FRENTE AMPLIO POR JUSTICIA, VIDA Y LIBERTAD",305,M,CASTELLANO
100109,ICA,ICA,SANTIAGO,FUERZA POPULAR,1762,M,CASTELLANO
100109,ICA,ICA,SANTIAGO,MOVIMIENTO REGIONAL OBRAS POR LA MODERNIDAD,2172,M,CASTELLANO
100109,ICA,ICA,SANTIAGO,PARTIDO APRISTA PERUANO,3850,M,CASTELLANO
100109,ICA,ICA,SANTIAGO,PARTIDO REGIONAL DE INTEGRACION,2908,M,CASTELLANO
100109,ICA,ICA,SANTIAGO,SOLIDARIDAD NACIONAL,144,M,CASTELLANO
100109,ICA,ICA,SANTIAGO,UNIDOS POR LA REGION,914,M,CASTELLANO
100109,ICA,ICA,SANTIAGO,UNION POR EL PERU,422,M,CASTELLANO
100109,ICA,ICA,SANTIAGO,VAMOS PERU,702,M,CASTELLANO
100110,ICA,ICA,SUBTANJALLA,ALIANZA PARA EL PROGRESO,116,M,CASTELLANO
100110,ICA,ICA,SUBTANJALLA,"EL FRENTE AMPLIO POR JUSTICIA, VIDA Y LIBERTAD",886,M,CASTELLANO
100110,ICA,ICA,SUBTANJALLA,FUERZA POPULAR,1577,M,CASTELLANO
100110,ICA,ICA,SUBTANJALLA,MOVIMIENTO INDEPENDIENTE REGIONAL HAMBRE CERO,39,M,CASTELLANO
100110,ICA,ICA,SUBTANJALLA,MOVIMIENTO REGIONAL OBRAS POR LA MODERNIDAD,1768,M,CASTELLANO
100110,ICA,ICA,SUBTANJALLA,PARTIDO APRISTA PERUANO,2545,M,CASTELLANO
100110,ICA,ICA,SUBTANJALLA,PARTIDO REGIONAL DE INTEGRACION,2979,M,CASTELLANO
100110,ICA,ICA,SUBTANJALLA,UNIDOS POR LA REGION,782,M,CASTELLANO
100110,ICA,ICA,SUBTANJALLA,UNION POR EL PERU,712,M,CASTELLANO
100111,ICA,ICA,YAUCA DEL ROSARIO,FUERZA POPULAR,751,M,QUECHUA
100111,ICA,ICA,YAUCA DEL ROSARIO,MOVIMIENTO REGIONAL OBRAS POR LA MODERNIDAD,516,M,QUECHUA
100111,ICA,ICA,YAUCA DEL ROSARIO,PARTIDO APRISTA PERUANO,43,M,QUECHUA
100111,ICA,ICA,YAUCA DEL ROSARIO,PARTIDO REGIONAL DE INTEGRACION,491,M,QUECHUA
100111,ICA,ICA,YAUCA DEL ROSARIO,UNIDOS POR LA REGION,53,M,QUECHUA
100111,ICA,ICA,YAUCA DEL ROSARIO,VAMOS PERU,67,M,QUECHUA
100112,ICA,ICA,TATE,ALIANZA PARA EL PROGRESO,11,M,CASTELLANO
100112,ICA,ICA,TATE,FUERZA POPULAR,174,M,CASTELLANO
100112,ICA,ICA,TATE,MOVIMIENTO REGIONAL OBRAS POR LA MODERNIDAD,836,M,CASTELLANO
100112,ICA,ICA,TATE,PARTIDO APRISTA PERUANO,625,M,CASTELLANO
100112,ICA,ICA,TATE,PARTIDO REGIONAL DE INTEGRACION,442,M,CASTELLANO
100112,ICA,ICA,TATE,UNIDOS POR LA REGION,720,M,CASTELLANO
100112,ICA,ICA,TATE,VAMOS PERU,226,M,CASTELLANO
100113,ICA,ICA,PACHACUTEC,FUERZA POPULAR,1360,M,CASTELLANO
100113,ICA,ICA,PACHACUTEC,MOVIMIENTO REGIONAL OBRAS POR LA MODERNIDAD,319,M,CASTELLANO
100113,ICA,ICA,PACHACUTEC,PARTIDO APRISTA PERUANO,239,M,CASTELLANO
100113,ICA,ICA,PACHACUTEC,PARTIDO REGIONAL DE INTEGRACION,641,M,CASTELLANO
100113,ICA,ICA,PACHACUTEC,UNIDOS POR LA REGION,248,M,CASTELLANO
100113,ICA,ICA,PACHACUTEC,UNION POR EL PERU,86,M,CASTELLANO
100113,ICA,ICA,PACHACUTEC,VAMOS PERU,1152,M,CASTELLANO
100114,ICA,ICA,OCUCAJE,ALIANZA PARA EL PROGRESO,35,M,CASTELLANO
100114,ICA,ICA,OCUCAJE,FUERZA POPULAR,859,M,CASTELLANO
100114,ICA,ICA,OCUCAJE,MOVIMIENTO REGIONAL OBRAS POR LA MODERNIDAD,434,M,CASTELLANO
100114,ICA,ICA,OCUCAJE,PARTIDO APRISTA PERUANO,303,M,CASTELLANO
100114,ICA,ICA,OCUCAJE,PARTIDO REGIONAL DE INTEGRACION,709,M,CASTELLANO
100114,ICA,ICA,OCUCAJE,UNIDOS POR LA REGION,40,M,CASTELLANO
100114,ICA,ICA,OCUCAJE,VAMOS PERU,64,M,CASTELLANO
100202,ICA,CHINCHA,CHAVIN,ALIANZA PARA EL PROGRESO,144,M,CASTELLANO
100202,ICA,CHINCHA,CHAVIN,ALIANZA REGIONAL INDEPENDIENTE,371,M,CASTELLANO
100202,ICA,CHINCHA,CHAVIN,FUERZA POPULAR,149,M,CASTELLANO
100202,ICA,CHINCHA,CHAVIN,MOVIMIENTO REGIONAL OBRAS POR LA MODERNIDAD,172,M,CASTELLANO
100202,ICA,CHINCHA,CHAVIN,PARTIDO HUMANISTA PERUANO,270,M,CASTELLANO
100202,ICA,CHINCHA,CHAVIN,PARTIDO REGIONAL DE INTEGRACION,413,M,CASTELLANO
100202,ICA,CHINCHA,CHAVIN,UNIDOS POR CHAVIN,85,M,CASTELLANO
100202,ICA,CHINCHA,CHAVIN,UNIDOS POR LA REGION,268,M,CASTELLANO
100202,ICA,CHINCHA,CHAVIN,UNION POR EL PERU,555,M,CASTELLANO
100203,ICA,CHINCHA,CHINCHA BAJA,ALIANZA PARA EL PROGRESO,94,M,CASTELLANO
100203,ICA,CHINCHA,CHINCHA BAJA,FUERZA POPULAR,609,M,CASTELLANO
100203,ICA,CHINCHA,CHINCHA BAJA,MOVIMIENTO REGIONAL OBRAS POR LA MODERNIDAD,4057,M,CASTELLANO
100203,ICA,CHINCHA,CHINCHA BAJA,PARTIDO REGIONAL DE INTEGRACION,2724,M,CASTELLANO
100203,ICA,CHINCHA,CHINCHA BAJA,PERU PATRIA SEGURA,79,M,CASTELLANO
100204,ICA,CHINCHA,EL CARMEN,ALIANZA PARA EL PROGRESO,67,M,CASTELLANO
100204,ICA,CHINCHA,EL CARMEN,ALIANZA REGIONAL INDEPENDIENTE,1741,M,CASTELLANO
100204,ICA,CHINCHA,EL CARMEN,FUERZA POPULAR,598,M,CASTELLANO
100204,ICA,CHINCHA,EL CARMEN,MOVIMIENTO REGIONAL OBRAS POR LA MODERNIDAD,3041,M,CASTELLANO
100204,ICA,CHINCHA,EL CARMEN,PARTIDO APRISTA PERUANO,135,M,CASTELLANO
100204,ICA,CHINCHA,EL CARMEN,PARTIDO HUMANISTA PERUANO,266,M,CASTELLANO
100204,ICA,CHINCHA,EL CARMEN,PARTIDO POPULAR CRISTIANO - PPC,11,M,CASTELLANO
100204,ICA,CHINCHA,EL CARMEN,PERU PATRIA SEGURA,180,M,CASTELLANO
100204,ICA,CHINCHA,EL CARMEN,PERU POSIBLE,208,M,CASTELLANO
100204,ICA,CHINCHA,EL CARMEN,SOLIDARIDAD NACIONAL,125,M,CASTELLANO
100204,ICA,CHINCHA,EL CARMEN,UNIDOS POR LA REGION,183,M,CASTELLANO
100204,ICA,CHINCHA,EL CARMEN,UNION POR EL PERU,621,M,CASTELLANO
100205,ICA,CHINCHA,GROCIO PRADO,ACCION POPULAR,63,M,CASTELLANO
100205,ICA,CHINCHA,GROCIO PRADO,ALIANZA PARA EL PROGRESO,71,M,CASTELLANO
100205,ICA,CHINCHA,GROCIO PRADO,ALIANZA REGIONAL INDEPENDIENTE,2414,M,CASTELLANO
100205,ICA,CHINCHA,GROCIO PRADO,FUERZA POPULAR,2029,M,CASTELLANO
100205,ICA,CHINCHA,GROCIO PRADO,GROCIO PRADO A LA MODERNIDAD,90,M,CASTELLANO
100205,ICA,CHINCHA,GROCIO PRADO,MOVIMIENTO REGIONAL OBRAS POR LA MODERNIDAD,855,M,CASTELLANO
100205,ICA,CHINCHA,GROCIO PRADO,PARTIDO HUMANISTA PERUANO,125,M,CASTELLANO
100205,ICA,CHINCHA,GROCIO PRADO,PARTIDO REGIONAL DE INTEGRACION,3183,M,CASTELLANO
100205,ICA,CHINCHA,GROCIO PRADO,UNIDOS POR LA REGION,3103,M,CASTELLANO
100205,ICA,CHINCHA,GROCIO PRADO,UNION POR EL PERU,125,M,CASTELLANO
100206,ICA,CHINCHA,SAN PEDRO DE HUACARPANA,ALIANZA REGIONAL INDEPENDIENTE,264,M,CASTELLANO
100206,ICA,CHINCHA,SAN PEDRO DE HUACARPANA,FUERZA POPULAR,409,M,CASTELLANO
100206,ICA,CHINCHA,SAN PEDRO DE HUACARPANA,MOVIMIENTO REGIONAL OBRAS POR LA MODERNIDAD,21,M,CASTELLANO
100206,ICA,CHINCHA,SAN PEDRO DE HUACARPANA,PARTIDO POPULAR CRISTIANO - PPC,51,M,CASTELLANO
100207,ICA,CHINCHA,SUNAMPE,ALIANZA PARA EL PROGRESO,680,M,CASTELLANO
100207,ICA,CHINCHA,SUNAMPE,ALIANZA REGIONAL INDEPENDIENTE,1710,M,CASTELLANO
100207,ICA,CHINCHA,SUNAMPE,FUERZA POPULAR,1657,M,CASTELLANO
100207,ICA,CHINCHA,SUNAMPE,MOVIMIENTO REGIONAL OBRAS POR LA MODERNIDAD,2959,M,CASTELLANO
100207,ICA,CHINCHA,SUNAMPE,PARTIDO HUMANISTA PERUANO,282,M,CASTELLANO
100207,ICA,CHINCHA,SUNAMPE,PARTIDO REGIONAL DE INTEGRACION,2421,M,CASTELLANO
100207,ICA,CHINCHA,SUNAMPE,PERU PATRIA SEGURA,139,M,CASTELLANO
100207,ICA,CHINCHA,SUNAMPE,SOLIDARIDAD NACIONAL,1399,M,CASTELLANO
100207,ICA,CHINCHA,SUNAMPE,UNION POR EL PERU,1049,M,CASTELLANO
100208,ICA,CHINCHA,TAMBO DE MORA,ACCION POPULAR,43,M,CASTELLANO
100208,ICA,CHINCHA,TAMBO DE MORA,FUERZA POPULAR,763,M,CASTELLANO
100208,ICA,CHINCHA,TAMBO DE MORA,MOVIMIENTO REGIONAL OBRAS POR LA MODERNIDAD,1200,M,CASTELLANO
100208,ICA,CHINCHA,TAMBO DE MORA,PARTIDO REGIONAL DE INTEGRACION,809,M,CASTELLANO
100209,ICA,CHINCHA,ALTO LARAN,ACCION POPULAR,87,F,CASTELLANO
100209,ICA,CHINCHA,ALTO LARAN,ALIANZA PARA EL PROGRESO,111,F,CASTELLANO
100209,ICA,CHINCHA,ALTO LARAN,FRENTE INDEPENDIENTE LARAN RUMBO AL CAMBIO,1872,F,CASTELLANO
100209,ICA,CHINCHA,ALTO LARAN,UNIDOS POR LA REGION,1612,F,CASTELLANO
100209,ICA,CHINCHA,ALTO LARAN,UNION POR EL PERU,66,F,CASTELLANO
100210,ICA,CHINCHA,PUEBLO NUEVO,ACCION POPULAR,571,F,CASTELLANO
100210,ICA,CHINCHA,PUEBLO NUEVO,ALIANZA PARA EL PROGRESO,177,F,CASTELLANO
100210,ICA,CHINCHA,PUEBLO NUEVO,ALIANZA REGIONAL INDEPENDIENTE,5142,F,CASTELLANO
100210,ICA,CHINCHA,PUEBLO NUEVO,FUERZA POPULAR,2153,F,CASTELLANO
100210,ICA,CHINCHA,PUEBLO NUEVO,MOVIMIENTO INDEPENDIENTE REGIONAL HAMBRE CERO,152,F,CASTELLANO
100210,ICA,CHINCHA,PUEBLO NUEVO,MOVIMIENTO REGIONAL OBRAS POR LA MODERNIDAD,2985,F,CASTELLANO
100210,ICA,CHINCHA,PUEBLO NUEVO,PARTIDO HUMANISTA PERUANO,545,F,CASTELLANO
100210,ICA,CHINCHA,PUEBLO NUEVO,PARTIDO REGIONAL DE INTEGRACION,9990,F,CASTELLANO
100210,ICA,CHINCHA,PUEBLO NUEVO,PERU PATRIA SEGURA,367,F,CASTELLANO
100210,ICA,CHINCHA,PUEBLO NUEVO,UNIDOS POR LA REGION,2869,F,CASTELLANO
100210,ICA,CHINCHA,PUEBLO NUEVO,UNION POR EL PERU,975,F,CASTELLANO
100211,ICA,CHINCHA,SAN JUAN DE YANAC,ALIANZA PARA EL PROGRESO,51,M,CASTELLANO
100211,ICA,CHINCHA,SAN JUAN DE YANAC,ALIANZA REGIONAL INDEPENDIENTE,279,M,CASTELLANO
100211,ICA,CHINCHA,SAN JUAN DE YANAC,FUERZA POPULAR,28,M,CASTELLANO
100211,ICA,CHINCHA,SAN JUAN DE YANAC,MOVIMIENTO REGIONAL OBRAS POR LA MODERNIDAD,99,M,CASTELLANO
100211,ICA,CHINCHA,SAN JUAN DE YANAC,PARTIDO HUMANISTA PERUANO,53,M,CASTELLANO
100211,ICA,CHINCHA,SAN JUAN DE YANAC,PARTIDO REGIONAL DE INTEGRACION,12,M,CASTELLANO
100211,ICA,CHINCHA,SAN JUAN DE YANAC,RESTAURACION NACIONAL,305,M,CASTELLANO
100302,ICA,NAZCA,CHANGUILLO,ACCION POPULAR,398,M,CASTELLANO
100302,ICA,NAZCA,CHANGUILLO,ALIANZA PARA EL PROGRESO,170,M,CASTELLANO
100302,ICA,NAZCA,CHANGUILLO,FUERZA POPULAR,15,M,CASTELLANO
100302,ICA,NAZCA,CHANGUILLO,MOVIMIENTO INDEPENDIENTE REGIONAL HAMBRE CERO,27,M,CASTELLANO
100302,ICA,NAZCA,CHANGUILLO,MOVIMIENTO REGIONAL OBRAS POR LA MODERNIDAD,251,M,CASTELLANO
100302,ICA,NAZCA,CHANGUILLO,PARTIDO APRISTA PERUANO,13,M,CASTELLANO
100302,ICA,NAZCA,CHANGUILLO,PARTIDO HUMANISTA PERUANO,19,M,CASTELLANO
100302,ICA,NAZCA,CHANGUILLO,PARTIDO REGIONAL DE INTEGRACION,294,M,CASTELLANO
100302,ICA,NAZCA,CHANGUILLO,UNIDOS POR LA REGION,484,M,CASTELLANO
100302,ICA,NAZCA,CHANGUILLO,UNION POR EL PERU,39,M,CASTELLANO
100303,ICA,NAZCA,EL INGENIO,ACCION POPULAR,202,M,CASTELLANO
100303,ICA,NAZCA,EL INGENIO,ALIANZA PARA EL PROGRESO,12,M,CASTELLANO
100303,ICA,NAZCA,EL INGENIO,FUERZA POPULAR,366,M,CASTELLANO
100303,ICA,NAZCA,EL INGENIO,MOVIMIENTO REGIONAL OBRAS POR LA MODERNIDAD,696,M,CASTELLANO
100303,ICA,NAZCA,EL INGENIO,PARTIDO APRISTA PERUANO,23,M,CASTELLANO
100303,ICA,NAZCA,EL INGENIO,PARTIDO HUMANISTA PERUANO,5,M,CASTELLANO
100303,ICA,NAZCA,EL INGENIO,PARTIDO REGIONAL DE INTEGRACION,561,M,CASTELLANO
100303,ICA,NAZCA,EL INGENIO,SOLIDARIDAD NACIONAL,91,M,CASTELLANO
100303,ICA,NAZCA,EL INGENIO,UNIDOS POR LA REGION,230,M,CASTELLANO
100304,ICA,NAZCA,MARCONA,ACCION POPULAR,142,M,CASTELLANO
100304,ICA,NAZCA,MARCONA,ALIANZA PARA EL PROGRESO,1759,M,CASTELLANO
100304,ICA,NAZCA,MARCONA,FUERZA POPULAR,34,M,CASTELLANO
100304,ICA,NAZCA,MARCONA,MOVIMIENTO REGIONAL OBRAS POR LA MODERNIDAD,2277,M,CASTELLANO
100304,ICA,NAZCA,MARCONA,MOVIMIENTO VECINAL MARCONA UNIDA,62,M,CASTELLANO
100304,ICA,NAZCA,MARCONA,PARTIDO APRISTA PERUANO,22,M,CASTELLANO
100304,ICA,NAZCA,MARCONA,PARTIDO HUMANISTA PERUANO,29,M,CASTELLANO
100304,ICA,NAZCA,MARCONA,PARTIDO REGIONAL DE INTEGRACION,2607,M,CASTELLANO
100304,ICA,NAZCA,MARCONA,SOLIDARIDAD NACIONAL,284,M,CASTELLANO
100304,ICA,NAZCA,MARCONA,UNIDOS POR LA REGION,1499,M,CASTELLANO
100305,ICA,NAZCA,VISTA ALEGRE,ACCION POPULAR,902,M,CASTELLANO
100305,ICA,NAZCA,VISTA ALEGRE,ALIANZA PARA EL PROGRESO,840,M,CASTELLANO
100305,ICA,NAZCA,VISTA ALEGRE,FUERZA POPULAR,472,M,CASTELLANO
100305,ICA,NAZCA,VISTA ALEGRE,MOVIMIENTO REGIONAL OBRAS POR LA MODERNIDAD,2148,M,CASTELLANO
100305,ICA,NAZCA,VISTA ALEGRE,PARTIDO APRISTA PERUANO,140,M,CASTELLANO
100305,ICA,NAZCA,VISTA ALEGRE,PARTIDO HUMANISTA PERUANO,126,M,CASTELLANO
100305,ICA,NAZCA,VISTA ALEGRE,PARTIDO REGIONAL DE INTEGRACION,1721,M,CASTELLANO
100305,ICA,NAZCA,VISTA ALEGRE,SOLIDARIDAD NACIONAL,218,M,CASTELLANO
100305,ICA,NAZCA,VISTA ALEGRE,UNIDOS POR LA REGION,2781,M,CASTELLANO
100305,ICA,NAZCA,VISTA ALEGRE,UNION POR EL PERU,73,M,CASTELLANO
100402,ICA,PISCO,HUANCANO,FUERZA POPULAR,125,M,CASTELLANO
100402,ICA,PISCO,HUANCANO,MOVIMIENTO REGIONAL OBRAS POR LA MODERNIDAD,537,M,CASTELLANO
100402,ICA,PISCO,HUANCANO,PARTIDO HUMANISTA PERUANO,13,M,CASTELLANO
100402,ICA,PISCO,HUANCANO,PARTIDO REGIONAL DE INTEGRACION,138,M,CASTELLANO
100402,ICA,PISCO,HUANCANO,UNIDOS POR LA REGION,447,M,CASTELLANO
100403,ICA,PISCO,HUMAY,ALIANZA PARA EL PROGRESO,280,M,QUECHUA
100403,ICA,PISCO,HUMAY,FUERZA POPULAR,21,M,QUECHUA
100403,ICA,PISCO,HUMAY,MOVIMIENTO INDEPENDIENTE REGIONAL HAMBRE CERO,208,M,QUECHUA
100403,ICA,PISCO,HUMAY,MOVIMIENTO REGIONAL OBRAS POR LA MODERNIDAD,774,M,QUECHUA
100403,ICA,PISCO,HUMAY,PARTIDO HUMANISTA PERUANO,8,M,QUECHUA
100403,ICA,PISCO,HUMAY,PARTIDO REGIONAL DE INTEGRACION,763,M,QUECHUA
100403,ICA,PISCO,HUMAY,SOLIDARIDAD NACIONAL,671,M,QUECHUA
100403,ICA,PISCO,HUMAY,UNIDOS POR LA REGION,876,M,QUECHUA
100404,ICA,PISCO,INDEPENDENCIA,ACCION POPULAR,74,M,CASTELLANO
100404,ICA,PISCO,INDEPENDENCIA,ALIANZA PARA EL PROGRESO,1198,M,CASTELLANO
100404,ICA,PISCO,INDEPENDENCIA,FUERZA POPULAR,190,M,CASTELLANO
100404,ICA,PISCO,INDEPENDENCIA,MOVIMIENTO INDEPENDIENTE REGIONAL HAMBRE CERO,100,M,CASTELLANO
100404,ICA,PISCO,INDEPENDENCIA,MOVIMIENTO REGIONAL OBRAS POR LA MODERNIDAD,2693,M,CASTELLANO
100404,ICA,PISCO,INDEPENDENCIA,PARTIDO REGIONAL DE INTEGRACION,1958,M,CASTELLANO
100404,ICA,PISCO,INDEPENDENCIA,SOLIDARIDAD NACIONAL,538,M,CASTELLANO
100405,ICA,PISCO,PARACAS,FUERZA POPULAR,924,M,CASTELLANO
100405,ICA,PISCO,PARACAS,NUEVA SOCIEDAD,67,M,CASTELLANO
100405,ICA,PISCO,PARACAS,PARTIDO REGIONAL DE INTEGRACION,428,M,CASTELLANO
100405,ICA,PISCO,PARACAS,SOLIDARIDAD NACIONAL,296,M,CASTELLANO
100405,ICA,PISCO,PARACAS,UNIDOS POR LA REGION,569,M,CASTELLANO
100405,ICA,PISCO,PARACAS,UNIDOS POR PARACAS,652,M,CASTELLANO
100406,ICA,PISCO,SAN ANDRES,ACCION POPULAR,841,M,QUECHUA
100406,ICA,PISCO,SAN ANDRES,ALIANZA PARA EL PROGRESO,689,M,QUECHUA
100406,ICA,PISCO,SAN ANDRES,FUERZA POPULAR,90,M,QUECHUA
100406,ICA,PISCO,SAN ANDRES,JUNTOS SAN ANDRESINOS,817,M,QUECHUA
100406,ICA,PISCO,SAN ANDRES,MOVIMIENTO INDEPENDIENTE REGIONAL HAMBRE CERO,106,M,QUECHUA
100406,ICA,PISCO,SAN ANDRES,MOVIMIENTO REGIONAL OBRAS POR LA MODERNIDAD,1822,M,QUECHUA
100406,ICA,PISCO,SAN ANDRES,PARTIDO REGIONAL DE INTEGRACION,980,M,QUECHUA
100406,ICA,PISCO,SAN ANDRES,UNIDOS POR LA REGION,1601,M,QUECHUA
100406,ICA,PISCO,SAN ANDRES,UNION POR EL PERU,1391,M,QUECHUA
100407,ICA,PISCO,SAN CLEMENTE,ACCION POPULAR,1681,M,QUECHUA
100407,ICA,PISCO,SAN CLEMENTE,MOVIMIENTO INDEPENDIENTE REGIONAL HAMBRE CERO,193,M,QUECHUA
100407,ICA,PISCO,SAN CLEMENTE,MOVIMIENTO REGIONAL OBRAS POR LA MODERNIDAD,1491,M,QUECHUA
100407,ICA,PISCO,SAN CLEMENTE,PARTIDO HUMANISTA PERUANO,100,M,QUECHUA
100407,ICA,PISCO,SAN CLEMENTE,PARTIDO REGIONAL DE INTEGRACION,2149,M,QUECHUA
100407,ICA,PISCO,SAN CLEMENTE,RESTAURACION NACIONAL,337,M,QUECHUA
100407,ICA,PISCO,SAN CLEMENTE,SOLIDARIDAD NACIONAL,529,M,QUECHUA
100407,ICA,PISCO,SAN CLEMENTE,UNIDOS POR LA REGION,4545,M,QUECHUA
100408,ICA,PISCO,TUPAC AMARU INCA,ACCION POPULAR,229,M,CASTELLANO
100408,ICA,PISCO,TUPAC AMARU INCA,ALIANZA PARA EL PROGRESO,796,M,CASTELLANO
100408,ICA,PISCO,TUPAC AMARU INCA,FUERZA POPULAR,113,M,CASTELLANO
100408,ICA,PISCO,TUPAC AMARU INCA,MOVIMIENTO INDEPENDIENTE REGIONAL HAMBRE CERO,216,M,CASTELLANO
100408,ICA,PISCO,TUPAC AMARU INCA,MOVIMIENTO REGIONAL OBRAS POR LA MODERNIDAD,545,M,CASTELLANO
100408,ICA,PISCO,TUPAC AMARU INCA,PARTIDO APRISTA PERUANO,234,M,CASTELLANO
100408,ICA,PISCO,TUPAC AMARU INCA,PARTIDO HUMANISTA PERUANO,294,M,CASTELLANO
100408,ICA,PISCO,TUPAC AMARU INCA,PARTIDO REGIONAL DE INTEGRACION,2236,M,CASTELLANO
100408,ICA,PISCO,TUPAC AMARU INCA,UNIDOS POR LA REGION,2500,M,CASTELLANO
100502,ICA,PALPA,LLIPATA,ACCION POPULAR,173,M,CASTELLANO
100502,ICA,PALPA,LLIPATA,ALIANZA PARA EL PROGRESO,178,M,CASTELLANO
100502,ICA,PALPA,LLIPATA,FUERZA POPULAR,152,M,CASTELLANO
100502,ICA,PALPA,LLIPATA,MOVIMIENTO REGIONAL OBRAS POR LA MODERNIDAD,245,M,CASTELLANO
100502,ICA,PALPA,LLIPATA,PARTIDO REGIONAL DE INTEGRACION,358,M,CASTELLANO
100502,ICA,PALPA,LLIPATA,UNIDOS POR LA REGION,37,M,CASTELLANO
100503,ICA,PALPA,RIO GRANDE,ACCION POPULAR,633,M,CASTELLANO
100503,ICA,PALPA,RIO GRANDE,FUERZA POPULAR,78,M,CASTELLANO
100503,ICA,PALPA,RIO GRANDE,MOVIMIENTO REGIONAL OBRAS POR LA MODERNIDAD,436,M,CASTELLANO
100503,ICA,PALPA,RIO GRANDE,PARTIDO REGIONAL DE INTEGRACION,711,M,CASTELLANO
100503,ICA,PALPA,RIO GRANDE,UNIDOS POR LA REGION,79,M,CASTELLANO
100504,ICA,PALPA,SANTA CRUZ,ACCION POPULAR,242,M,CASTELLANO
100504,ICA,PALPA,SANTA CRUZ,ALIANZA PARA EL PROGRESO,102,M,CASTELLANO
100504,ICA,PALPA,SANTA CRUZ,FUERZA POPULAR,8,M,CASTELLANO
100504,ICA,PALPA,SANTA CRUZ,MOVIMIENTO REGIONAL OBRAS POR LA MODERNIDAD,339,M,CASTELLANO
100504,ICA,PALPA,SANTA CRUZ,PARTIDO REGIONAL DE INTEGRACION,314,M,CASTELLANO
100504,ICA,PALPA,SANTA CRUZ,UNIDOS POR LA REGION,69,M,CASTELLANO
100505,ICA,PALPA,TIBILLO,ACCION POPULAR,32,M,CASTELLANO
100505,ICA,PALPA,TIBILLO,FUERZA POPULAR,39,M,CASTELLANO
100505,ICA,PALPA,TIBILLO,MOVIMIENTO REGIONAL OBRAS POR LA MODERNIDAD,168,M,CASTELLANO
100505,ICA,PALPA,TIBILLO,PARTIDO REGIONAL DE INTEGRACION,57,M,CASTELLANO
100505,ICA,PALPA,TIBILLO,UNIDOS POR LA REGION,90,M,CASTELLANO
110103,JUNIN,HUANCAYO,CARHUACALLANGA,ACCION POPULAR,53,M,CASTELLANO
110103,JUNIN,HUANCAYO,CARHUACALLANGA,JUNIN SOSTENIBLE CON SU GENTE,88,M,CASTELLANO
110103,JUNIN,HUANCAYO,CARHUACALLANGA,JUNTOS POR JUNIN,83,M,CASTELLANO
110103,JUNIN,HUANCAYO,CARHUACALLANGA,MOVIMIENTO POLITICO REGIONAL PERU LIBRE,70,M,CASTELLANO
110103,JUNIN,HUANCAYO,CARHUACALLANGA,MOVIMIENTO REGIONAL BLOQUE POPULAR JUNIN,44,M,CASTELLANO
110104,JUNIN,HUANCAYO,COLCA,ACCION POPULAR,5,M,CASTELLANO
110104,JUNIN,HUANCAYO,COLCA,ALIANZA PARA EL PROGRESO,18,M,CASTELLANO
110104,JUNIN,HUANCAYO,COLCA,"EL FRENTE AMPLIO POR JUSTICIA, VIDA Y LIBERTAD",14,M,CASTELLANO
110104,JUNIN,HUANCAYO,COLCA,JUNIN SOSTENIBLE CON SU GENTE,47,M,CASTELLANO
110104,JUNIN,HUANCAYO,COLCA,JUNTOS POR JUNIN,224,M,CASTELLANO
110104,JUNIN,HUANCAYO,COLCA,MOVIMIENTO POLITICO REGIONAL PERU LIBRE,473,M,CASTELLANO
110104,JUNIN,HUANCAYO,COLCA,MOVIMIENTO REGIONAL INDEPENDIENTE CON EL PERU,9,M,CASTELLANO
110105,JUNIN,HUANCAYO,CULLHUAS,ACCION POPULAR,355,M,CASTELLANO
110105,JUNIN,HUANCAYO,CULLHUAS,ALIANZA PARA EL PROGRESO,250,M,CASTELLANO
110105,JUNIN,HUANCAYO,CULLHUAS,JUNIN EMPRENDEDORES RUMBO AL 21,301,M,CASTELLANO
110105,JUNIN,HUANCAYO,CULLHUAS,JUNIN SOSTENIBLE CON SU GENTE,329,M,CASTELLANO
110105,JUNIN,HUANCAYO,CULLHUAS,JUNTOS POR JUNIN,112,M,CASTELLANO
110105,JUNIN,HUANCAYO,CULLHUAS,MOVIMIENTO POLITICO REGIONAL PERU LIBRE,96,M,CASTELLANO
110105,JUNIN,HUANCAYO,CULLHUAS,MOVIMIENTO REGIONAL BLOQUE POPULAR JUNIN,218,M,CASTELLANO
110105,JUNIN,HUANCAYO,CULLHUAS,MOVIMIENTO REGIONAL INDEPENDIENTE CON EL PERU,2,M,CASTELLANO
110106,JUNIN,HUANCAYO,CHACAPAMPA,"EL FRENTE AMPLIO POR JUSTICIA, VIDA Y LIBERTAD",168,M,CASTELLANO
110106,JUNIN,HUANCAYO,CHACAPAMPA,JUNIN EMPRENDEDORES RUMBO AL 21,227,M,CASTELLANO
110106,JUNIN,HUANCAYO,CHACAPAMPA,JUNIN SOSTENIBLE CON SU GENTE,50,M,CASTELLANO
110106,JUNIN,HUANCAYO,CHACAPAMPA,JUNTOS POR JUNIN,60,M,CASTELLANO
110106,JUNIN,HUANCAYO,CHACAPAMPA,MOVIMIENTO POLITICO REGIONAL PERU LIBRE,85,M,CASTELLANO
110106,JUNIN,HUANCAYO,CHACAPAMPA,MOVIMIENTO REGIONAL BLOQUE POPULAR JUNIN,53,M,CASTELLANO
110107,JUNIN,HUANCAYO,CHICCHE,ACCION POPULAR,51,M,CASTELLANO
110107,JUNIN,HUANCAYO,CHICCHE,JUNIN SOSTENIBLE CON SU GENTE,79,M,CASTELLANO
110107,JUNIN,HUANCAYO,CHICCHE,JUNTOS POR JUNIN,87,M,CASTELLANO
110107,JUNIN,HUANCAYO,CHICCHE,MOVIMIENTO REGIONAL BLOQUE POPULAR JUNIN,131,M,CASTELLANO
110108,JUNIN,HUANCAYO,CHILCA,ACCION POPULAR,1699,M,CASTELLANO
110108,JUNIN,HUANCAYO,CHILCA,ALIANZA PARA EL PROGRESO,7223,M,CASTELLANO
110108,JUNIN,HUANCAYO,CHILCA,"EL FRENTE AMPLIO POR JUSTICIA, VIDA Y LIBERTAD",196,M,CASTELLANO
110108,JUNIN,HUANCAYO,CHILCA,FUERZA POPULAR,3397,M,CASTELLANO
110108,JUNIN,HUANCAYO,CHILCA,JUNIN EMPRENDEDORES RUMBO AL 21,2067,M,CASTELLANO
110108,JUNIN,HUANCAYO,CHILCA,JUNIN SOSTENIBLE CON SU GENTE,12575,M,CASTELLANO
110108,JUNIN,HUANCAYO,CHILCA,JUNTOS POR JUNIN,3867,M,CASTELLANO
110108,JUNIN,HUANCAYO,CHILCA,MOVIMIENTO POLITICO REGIONAL PERU LIBRE,5877,M,CASTELLANO
110108,JUNIN,HUANCAYO,CHILCA,MOVIMIENTO REGIONAL BLOQUE POPULAR JUNIN,1706,M,CASTELLANO
110108,JUNIN,HUANCAYO,CHILCA,MOVIMIENTO REGIONAL INDEPENDIENTE CON EL PERU,1619,M,CASTELLANO
110108,JUNIN,HUANCAYO,CHILCA,PARTIDO DEMOCRATICO SOMOS PERU,308,M,CASTELLANO
110108,JUNIN,HUANCAYO,CHILCA,PARTIDO HUMANISTA PERUANO,2368,M,CASTELLANO
110108,JUNIN,HUANCAYO,CHILCA,PERU POSIBLE,292,M,CASTELLANO
110108,JUNIN,HUANCAYO,CHILCA,POR LA UNIDAD Y LA MODERNIDAD DE JUNIN VENCEREMOS,188,M,CASTELLANO
110108,JUNIN,HUANCAYO,CHILCA,SIEMPRE UNIDOS,308,M,CASTELLANO
110109,JUNIN,HUANCAYO,CHONGOS ALTO,ACCION POPULAR,160,M,CASTELLANO
110109,JUNIN,HUANCAYO,CHONGOS ALTO,MOVIMIENTO POLITICO REGIONAL PERU LIBRE,570,M,CASTELLANO
110112,JUNIN,HUANCAYO,CHUPURO,ALIANZA PARA EL PROGRESO,109,M,QUECHUA
110112,JUNIN,HUANCAYO,CHUPURO,FUERZA POPULAR,211,M,QUECHUA
110112,JUNIN,HUANCAYO,CHUPURO,JUNIN EMPRENDEDORES RUMBO AL 21,207,M,QUECHUA
110112,JUNIN,HUANCAYO,CHUPURO,JUNTOS POR JUNIN,239,M,QUECHUA
110112,JUNIN,HUANCAYO,CHUPURO,MOVIMIENTO POLITICO REGIONAL PERU LIBRE,410,M,QUECHUA
110112,JUNIN,HUANCAYO,CHUPURO,MOVIMIENTO REGIONAL BLOQUE POPULAR JUNIN,50,M,QUECHUA
110112,JUNIN,HUANCAYO,CHUPURO,MOVIMIENTO REGIONAL INDEPENDIENTE CON EL PERU,73,M,QUECHUA
110113,JUNIN,HUANCAYO,EL TAMBO,ACCION POPULAR,8338,M,CASTELLANO
110113,JUNIN,HUANCAYO,EL TAMBO,ALIANZA PARA EL PROGRESO,4345,M,CASTELLANO
110113,JUNIN,HUANCAYO,EL TAMBO,DEMOCRACIA DIRECTA,454,M,CASTELLANO
110113,JUNIN,HUANCAYO,EL TAMBO,"EL FRENTE AMPLIO POR JUSTICIA, VIDA Y LIBERTAD",790,M,CASTELLANO
110113,JUNIN,HUANCAYO,EL TAMBO,FUERZA POPULAR,3526,M,CASTELLANO
110113,JUNIN,HUANCAYO,EL TAMBO,JUNIN EMPRENDEDORES RUMBO AL 21,4919,M,CASTELLANO
110113,JUNIN,HUANCAYO,EL TAMBO,JUNIN SOSTENIBLE CON SU GENTE,21590,M,CASTELLANO
110113,JUNIN,HUANCAYO,EL TAMBO,JUNTOS POR JUNIN,3805,M,CASTELLANO
110113,JUNIN,HUANCAYO,EL TAMBO,MOVIMIENTO ETNOCACERISTA DE JUNIN,1060,M,CASTELLANO
110113,JUNIN,HUANCAYO,EL TAMBO,MOVIMIENTO POLITICO REGIONAL PERU LIBRE,23877,M,CASTELLANO
110113,JUNIN,HUANCAYO,EL TAMBO,MOVIMIENTO REGIONAL BLOQUE POPULAR JUNIN,1025,M,CASTELLANO
110113,JUNIN,HUANCAYO,EL TAMBO,MOVIMIENTO REGIONAL INDEPENDIENTE CON EL PERU,2028,M,CASTELLANO
110113,JUNIN,HUANCAYO,EL TAMBO,PARTIDO DEMOCRATICO SOMOS PERU,706,M,CASTELLANO
110113,JUNIN,HUANCAYO,EL TAMBO,PARTIDO HUMANISTA PERUANO,505,M,CASTELLANO
110113,JUNIN,HUANCAYO,EL TAMBO,PARTIDO POPULAR CRISTIANO - PPC,849,M,CASTELLANO
110113,JUNIN,HUANCAYO,EL TAMBO,PERU POSIBLE,5854,M,CASTELLANO
110113,JUNIN,HUANCAYO,EL TAMBO,SOLIDARIDAD NACIONAL,1295,M,CASTELLANO
110114,JUNIN,HUANCAYO,HUACRAPUQUIO,ACCION POPULAR,113,F,CASTELLANO
110114,JUNIN,HUANCAYO,HUACRAPUQUIO,"EL FRENTE AMPLIO POR JUSTICIA, VIDA Y LIBERTAD",22,F,CASTELLANO
110114,JUNIN,HUANCAYO,HUACRAPUQUIO,FUERZA POPULAR,251,F,CASTELLANO
110114,JUNIN,HUANCAYO,HUACRAPUQUIO,JUNIN EMPRENDEDORES RUMBO AL 21,1,F,CASTELLANO
110114,JUNIN,HUANCAYO,HUACRAPUQUIO,JUNIN SOSTENIBLE CON SU GENTE,98,F,CASTELLANO
110114,JUNIN,HUANCAYO,HUACRAPUQUIO,JUNTOS POR JUNIN,45,F,CASTELLANO
110114,JUNIN,HUANCAYO,HUACRAPUQUIO,MOVIMIENTO POLITICO REGIONAL PERU LIBRE,67,F,CASTELLANO
110114,JUNIN,HUANCAYO,HUACRAPUQUIO,MOVIMIENTO REGIONAL BLOQUE POPULAR JUNIN,41,F,CASTELLANO
110114,JUNIN,HUANCAYO,HUACRAPUQUIO,SOLIDARIDAD NACIONAL,139,F,CASTELLANO
110116,JUNIN,HUANCAYO,HUALHUAS,ACCION POPULAR,375,M,CASTELLANO
110116,JUNIN,HUANCAYO,HUALHUAS,ALIANZA PARA EL PROGRESO,157,M,CASTELLANO
110116,JUNIN,HUANCAYO,HUALHUAS,FUERZA POPULAR,82,M,CASTELLANO
110116,JUNIN,HUANCAYO,HUALHUAS,JUNIN EMPRENDEDORES RUMBO AL 21,298,M,CASTELLANO
110116,JUNIN,HUANCAYO,HUALHUAS,JUNIN SOSTENIBLE CON SU GENTE,474,M,CASTELLANO
110116,JUNIN,HUANCAYO,HUALHUAS,JUNTOS POR JUNIN,132,M,CASTELLANO
110116,JUNIN,HUANCAYO,HUALHUAS,MOVIMIENTO POLITICO REGIONAL PERU LIBRE,159,M,CASTELLANO
110116,JUNIN,HUANCAYO,HUALHUAS,MOVIMIENTO REGIONAL BLOQUE POPULAR JUNIN,56,M,CASTELLANO
110116,JUNIN,HUANCAYO,HUALHUAS,MOVIMIENTO REGIONAL INDEPENDIENTE CON EL PERU,261,M,CASTELLANO
110116,JUNIN,HUANCAYO,HUALHUAS,PERU POSIBLE,63,M,CASTELLANO
110116,JUNIN,HUANCAYO,HUALHUAS,SOLIDARIDAD NACIONAL,100,M,CASTELLANO
110118,JUNIN,HUANCAYO,HUANCAN,ACCION POPULAR,141,M,CASTELLANO
110118,JUNIN,HUANCAYO,HUANCAN,ALIANZA PARA EL PROGRESO,114,M,CASTELLANO
110118,JUNIN,HUANCAYO,HUANCAN,JUNIN EMPRENDEDORES RUMBO AL 21,1203,M,CASTELLANO
110118,JUNIN,HUANCAYO,HUANCAN,JUNIN SOSTENIBLE CON SU GENTE,2692,M,CASTELLANO
110118,JUNIN,HUANCAYO,HUANCAN,JUNTOS POR JUNIN,1561,M,CASTELLANO
110118,JUNIN,HUANCAYO,HUANCAN,MOVIMIENTO POLITICO REGIONAL PERU LIBRE,1409,M,CASTELLANO
110118,JUNIN,HUANCAYO,HUANCAN,MOVIMIENTO REGIONAL BLOQUE POPULAR JUNIN,50,M,CASTELLANO
110118,JUNIN,HUANCAYO,HUANCAN,MOVIMIENTO REGIONAL INDEPENDIENTE CON EL PERU,140,M,CASTELLANO
110119,JUNIN,HUANCAYO,HUASICANCHA,ACCION POPULAR,36,M,CASTELLANO
110119,JUNIN,HUANCAYO,HUASICANCHA,ALIANZA PARA EL PROGRESO,35,M,CASTELLANO
110119,JUNIN,HUANCAYO,HUASICANCHA,FUERZA POPULAR,24,M,CASTELLANO
110119,JUNIN,HUANCAYO,HUASICANCHA,JUNIN EMPRENDEDORES RUMBO AL 21,27,M,CASTELLANO
110119,JUNIN,HUANCAYO,HUASICANCHA,JUNIN SOSTENIBLE CON SU GENTE,107,M,CASTELLANO
110119,JUNIN,HUANCAYO,HUASICANCHA,JUNTOS POR JUNIN,28,M,CASTELLANO
110119,JUNIN,HUANCAYO,HUASICANCHA,MOVIMIENTO POLITICO REGIONAL PERU LIBRE,56,M,CASTELLANO
110119,JUNIN,HUANCAYO,HUASICANCHA,MOVIMIENTO REGIONAL BLOQUE POPULAR JUNIN,52,M,CASTELLANO
110119,JUNIN,HUANCAYO,HUASICANCHA,MOVIMIENTO REGIONAL INDEPENDIENTE CON EL PERU,68,M,CASTELLANO
110120,JUNIN,HUANCAYO,HUAYUCACHI,ACCION POPULAR,1002,M,CASTELLANO
110120,JUNIN,HUANCAYO,HUAYUCACHI,"EL FRENTE AMPLIO POR JUSTICIA, VIDA Y LIBERTAD",141,M,CASTELLANO
110120,JUNIN,HUANCAYO,HUAYUCACHI,FUERZA POPULAR,183,M,CASTELLANO
110120,JUNIN,HUANCAYO,HUAYUCACHI,JUNIN EMPRENDEDORES RUMBO AL 21,152,M,CASTELLANO
110120,JUNIN,HUANCAYO,HUAYUCACHI,JUNIN SOSTENIBLE CON SU GENTE,1255,M,CASTELLANO
110120,JUNIN,HUANCAYO,HUAYUCACHI,JUNTOS POR JUNIN,403,M,CASTELLANO
110120,JUNIN,HUANCAYO,HUAYUCACHI,MOVIMIENTO POLITICO REGIONAL PERU LIBRE,653,M,CASTELLANO
110120,JUNIN,HUANCAYO,HUAYUCACHI,MOVIMIENTO REGIONAL BLOQUE POPULAR JUNIN,866,M,CASTELLANO
110121,JUNIN,HUANCAYO,INGENIO,ACCION POPULAR,463,M,QUECHUA
110121,JUNIN,HUANCAYO,INGENIO,FUERZA POPULAR,32,M,QUECHUA
110121,JUNIN,HUANCAYO,INGENIO,JUNIN EMPRENDEDORES RUMBO AL 21,40,M,QUECHUA
110121,JUNIN,HUANCAYO,INGENIO,JUNTOS POR JUNIN,316,M,QUECHUA
110121,JUNIN,HUANCAYO,INGENIO,MOVIMIENTO POLITICO REGIONAL PERU LIBRE,273,M,QUECHUA
110121,JUNIN,HUANCAYO,INGENIO,MOVIMIENTO REGIONAL BLOQUE POPULAR JUNIN,90,M,QUECHUA
110121,JUNIN,HUANCAYO,INGENIO,SOLIDARIDAD NACIONAL,80,M,QUECHUA
110122,JUNIN,HUANCAYO,PARIAHUANCA,ACCION POPULAR,1041,M,QUECHUA
110122,JUNIN,HUANCAYO,PARIAHUANCA,ALIANZA PARA EL PROGRESO,502,M,QUECHUA
110122,JUNIN,HUANCAYO,PARIAHUANCA,DEMOCRACIA DIRECTA,195,M,QUECHUA
110122,JUNIN,HUANCAYO,PARIAHUANCA,JUNIN EMPRENDEDORES RUMBO AL 21,11,M,QUECHUA
110122,JUNIN,HUANCAYO,PARIAHUANCA,JUNTOS POR JUNIN,7,M,QUECHUA
110122,JUNIN,HUANCAYO,PARIAHUANCA,MOVIMIENTO ETNOCACERISTA DE JUNIN,495,M,QUECHUA
110122,JUNIN,HUANCAYO,PARIAHUANCA,MOVIMIENTO POLITICO REGIONAL PERU LIBRE,155,M,QUECHUA
110122,JUNIN,HUANCAYO,PARIAHUANCA,MOVIMIENTO REGIONAL BLOQUE POPULAR JUNIN,248,M,QUECHUA
110122,JUNIN,HUANCAYO,PARIAHUANCA,PERU POSIBLE,511,M,QUECHUA
110122,JUNIN,HUANCAYO,PARIAHUANCA,SOLIDARIDAD NACIONAL,16,M,QUECHUA
110123,JUNIN,HUANCAYO,PILCOMAYO,ACCION POPULAR,126,M,CASTELLANO
110123,JUNIN,HUANCAYO,PILCOMAYO,FUERZA POPULAR,2755,M,CASTELLANO
110123,JUNIN,HUANCAYO,PILCOMAYO,JUNIN EMPRENDEDORES RUMBO AL 21,848,M,CASTELLANO
110123,JUNIN,HUANCAYO,PILCOMAYO,JUNIN SOSTENIBLE CON SU GENTE,3322,M,CASTELLANO
110123,JUNIN,HUANCAYO,PILCOMAYO,JUNTOS POR JUNIN,144,M,CASTELLANO
110123,JUNIN,HUANCAYO,PILCOMAYO,MOVIMIENTO POLITICO REGIONAL PERU LIBRE,782,M,CASTELLANO
110123,JUNIN,HUANCAYO,PILCOMAYO,MOVIMIENTO REGIONAL BLOQUE POPULAR JUNIN,56,M,CASTELLANO
110123,JUNIN,HUANCAYO,PILCOMAYO,PARTIDO DEMOCRATICO SOMOS PERU,60,M,CASTELLANO
110123,JUNIN,HUANCAYO,PILCOMAYO,SOLIDARIDAD NACIONAL,76,M,CASTELLANO
110124,JUNIN,HUANCAYO,PUCARA,ACCION POPULAR,47,M,CASTELLANO
110124,JUNIN,HUANCAYO,PUCARA,FUERZA POPULAR,90,M,CASTELLANO
110124,JUNIN,HUANCAYO,PUCARA,JUNIN EMPRENDEDORES RUMBO AL 21,88,M,CASTELLANO
110124,JUNIN,HUANCAYO,PUCARA,JUNIN SOSTENIBLE CON SU GENTE,523,M,CASTELLANO
110124,JUNIN,HUANCAYO,PUCARA,JUNTOS POR JUNIN,770,M,CASTELLANO
110124,JUNIN,HUANCAYO,PUCARA,MOVIMIENTO POLITICO REGIONAL PERU LIBRE,564,M,CASTELLANO
110124,JUNIN,HUANCAYO,PUCARA,MOVIMIENTO REGIONAL INDEPENDIENTE CON EL PERU,33,M,CASTELLANO
110124,JUNIN,HUANCAYO,PUCARA,PARTIDO HUMANISTA PERUANO,741,M,CASTELLANO
110125,JUNIN,HUANCAYO,QUICHUAY,ACCION POPULAR,210,M,CASTELLANO
110125,JUNIN,HUANCAYO,QUICHUAY,FUERZA POPULAR,66,M,CASTELLANO
110125,JUNIN,HUANCAYO,QUICHUAY,JUNIN EMPRENDEDORES RUMBO AL 21,89,M,CASTELLANO
110125,JUNIN,HUANCAYO,QUICHUAY,JUNIN SOSTENIBLE CON SU GENTE,99,M,CASTELLANO
110125,JUNIN,HUANCAYO,QUICHUAY,JUNTOS POR JUNIN,148,M,CASTELLANO
110125,JUNIN,HUANCAYO,QUICHUAY,MOVIMIENTO REGIONAL BLOQUE POPULAR JUNIN,50,M,CASTELLANO
110126,JUNIN,HUANCAYO,QUILCAS,ACCION POPULAR,287,M,CASTELLANO
110126,JUNIN,HUANCAYO,QUILCAS,ALIANZA PARA EL PROGRESO,286,M,CASTELLANO
110126,JUNIN,HUANCAYO,QUILCAS,FUERZA POPULAR,135,M,CASTELLANO
110126,JUNIN,HUANCAYO,QUILCAS,JUNIN EMPRENDEDORES RUMBO AL 21,188,M,CASTELLANO
110126,JUNIN,HUANCAYO,QUILCAS,JUNIN SOSTENIBLE CON SU GENTE,338,M,CASTELLANO
110126,JUNIN,HUANCAYO,QUILCAS,JUNTOS POR JUNIN,57,M,CASTELLANO
110126,JUNIN,HUANCAYO,QUILCAS,MOVIMIENTO POLITICO REGIONAL PERU LIBRE,239,M,CASTELLANO
110126,JUNIN,HUANCAYO,QUILCAS,MOVIMIENTO REGIONAL BLOQUE POPULAR JUNIN,202,M,CASTELLANO
110126,JUNIN,HUANCAYO,QUILCAS,PARTIDO HUMANISTA PERUANO,386,M,CASTELLANO
110127,JUNIN,HUANCAYO,SAN AGUSTIN,ACCION POPULAR,231,M,CASTELLANO
110127,JUNIN,HUANCAYO,SAN AGUSTIN,ALIANZA PARA EL PROGRESO,152,M,CASTELLANO
110127,JUNIN,HUANCAYO,SAN AGUSTIN,"EL FRENTE AMPLIO POR JUSTICIA, VIDA Y LIBERTAD",104,M,CASTELLANO
110127,JUNIN,HUANCAYO,SAN AGUSTIN,FUERZA POPULAR,350,M,CASTELLANO
110127,JUNIN,HUANCAYO,SAN AGUSTIN,JUNIN EMPRENDEDORES RUMBO AL 21,1211,M,CASTELLANO
110127,JUNIN,HUANCAYO,SAN AGUSTIN,JUNIN SOSTENIBLE CON SU GENTE,882,M,CASTELLANO
110127,JUNIN,HUANCAYO,SAN AGUSTIN,JUNTOS POR JUNIN,234,M,CASTELLANO
110127,JUNIN,HUANCAYO,SAN AGUSTIN,MOVIMIENTO POLITICO REGIONAL PERU LIBRE,1515,M,CASTELLANO
110127,JUNIN,HUANCAYO,SAN AGUSTIN,MOVIMIENTO REGIONAL BLOQUE POPULAR JUNIN,418,M,CASTELLANO
110127,JUNIN,HUANCAYO,SAN AGUSTIN,MOVIMIENTO REGIONAL INDEPENDIENTE CON EL PERU,214,M,CASTELLANO
110127,JUNIN,HUANCAYO,SAN AGUSTIN,PERU POSIBLE,172,M,CASTELLANO
110127,JUNIN,HUANCAYO,SAN AGUSTIN,SOLIDARIDAD NACIONAL,710,M,CASTELLANO
110128,JUNIN,HUANCAYO,SAN JERONIMO DE TUNAN,ACCION POPULAR,117,M,CASTELLANO
110128,JUNIN,HUANCAYO,SAN JERONIMO DE TUNAN,ALIANZA PARA EL PROGRESO,491,M,CASTELLANO
110128,JUNIN,HUANCAYO,SAN JERONIMO DE TUNAN,FUERZA POPULAR,787,M,CASTELLANO
110128,JUNIN,HUANCAYO,SAN JERONIMO DE TUNAN,JUNIN EMPRENDEDORES RUMBO AL 21,269,M,CASTELLANO
110128,JUNIN,HUANCAYO,SAN JERONIMO DE TUNAN,JUNIN SOSTENIBLE CON SU GENTE,1444,M,CASTELLANO
110128,JUNIN,HUANCAYO,SAN JERONIMO DE TUNAN,JUNTOS POR JUNIN,98,M,CASTELLANO
110128,JUNIN,HUANCAYO,SAN JERONIMO DE TUNAN,MOVIMIENTO POLITICO REGIONAL PERU LIBRE,633,M,CASTELLANO
110128,JUNIN,HUANCAYO,SAN JERONIMO DE TUNAN,MOVIMIENTO REGIONAL BLOQUE POPULAR JUNIN,94,M,CASTELLANO
110128,JUNIN,HUANCAYO,SAN JERONIMO DE TUNAN,MOVIMIENTO REGIONAL INDEPENDIENTE CON EL PERU,92,M,CASTELLANO
110128,JUNIN,HUANCAYO,SAN JERONIMO DE TUNAN,PARTIDO DEMOCRATICO SOMOS PERU,201,M,CASTELLANO
110128,JUNIN,HUANCAYO,SAN JERONIMO DE TUNAN,SOLIDARIDAD NACIONAL,122,M,CASTELLANO
110128,JUNIN,HUANCAYO,SAN JERONIMO DE TUNAN,TRABAJEMOS POR SAN JERONIMO,1276,M,CASTELLANO
110131,JUNIN,HUANCAYO,SANTO DOMINGO DE ACOBAMBA,ACCION POPULAR,121,M,CASTELLANO
110131,JUNIN,HUANCAYO,SANTO DOMINGO DE ACOBAMBA,ALIANZA PARA EL PROGRESO,198,M,CASTELLANO
110131,JUNIN,HUANCAYO,SANTO DOMINGO DE ACOBAMBA,"EL FRENTE AMPLIO POR JUSTICIA, VIDA Y LIBERTAD",584,M,CASTELLANO
110131,JUNIN,HUANCAYO,SANTO DOMINGO DE ACOBAMBA,JUNIN EMPRENDEDORES RUMBO AL 21,25,M,CASTELLANO
110131,JUNIN,HUANCAYO,SANTO DOMINGO DE ACOBAMBA,JUNIN SOSTENIBLE CON SU GENTE,792,M,CASTELLANO
110131,JUNIN,HUANCAYO,SANTO DOMINGO DE ACOBAMBA,JUNTOS POR JUNIN,373,M,CASTELLANO
110131,JUNIN,HUANCAYO,SANTO DOMINGO DE ACOBAMBA,MOVIMIENTO ETNOCACERISTA DE JUNIN,340,M,CASTELLANO
110131,JUNIN,HUANCAYO,SANTO DOMINGO DE ACOBAMBA,MOVIMIENTO POLITICO REGIONAL PERU LIBRE,415,M,CASTELLANO
110131,JUNIN,HUANCAYO,SANTO DOMINGO DE ACOBAMBA,MOVIMIENTO REGIONAL BLOQUE POPULAR JUNIN,15,M,CASTELLANO
110132,JUNIN,HUANCAYO,SAÑO,ACCION POPULAR,109,M,CASTELLANO
110132,JUNIN,HUANCAYO,SAÑO,JUNIN EMPRENDEDORES RUMBO AL 21,338,M,CASTELLANO
110132,JUNIN,HUANCAYO,SAÑO,JUNIN SOSTENIBLE CON SU GENTE,873,M,CASTELLANO
110132,JUNIN,HUANCAYO,SAÑO,JUNTOS POR JUNIN,800,M,CASTELLANO
110132,JUNIN,HUANCAYO,SAÑO,MOVIMIENTO POLITICO REGIONAL PERU LIBRE,200,M,CASTELLANO
110132,JUNIN,HUANCAYO,SAÑO,MOVIMIENTO REGIONAL BLOQUE POPULAR JUNIN,80,M,CASTELLANO
110133,JUNIN,HUANCAYO,SAPALLANGA,ACCION POPULAR,1874,M,CASTELLANO
110133,JUNIN,HUANCAYO,SAPALLANGA,ALIANZA PARA EL PROGRESO,196,M,CASTELLANO
110133,JUNIN,HUANCAYO,SAPALLANGA,FUERZA POPULAR,137,M,CASTELLANO
110133,JUNIN,HUANCAYO,SAPALLANGA,JUNIN EMPRENDEDORES RUMBO AL 21,321,M,CASTELLANO
110133,JUNIN,HUANCAYO,SAPALLANGA,JUNIN SOSTENIBLE CON SU GENTE,3406,M,CASTELLANO
110133,JUNIN,HUANCAYO,SAPALLANGA,JUNTOS POR JUNIN,751,M,CASTELLANO
110133,JUNIN,HUANCAYO,SAPALLANGA,MOVIMIENTO POLITICO REGIONAL PERU LIBRE,821,M,CASTELLANO
110133,JUNIN,HUANCAYO,SAPALLANGA,MOVIMIENTO REGIONAL BLOQUE POPULAR JUNIN,522,M,CASTELLANO
110133,JUNIN,HUANCAYO,SAPALLANGA,MOVIMIENTO REGIONAL INDEPENDIENTE CON EL PERU,207,M,CASTELLANO
110133,JUNIN,HUANCAYO,SAPALLANGA,SOLIDARIDAD NACIONAL,234,M,CASTELLANO
110134,JUNIN,HUANCAYO,SICAYA,FUERZA POPULAR,53,M,CASTELLANO
110134,JUNIN,HUANCAYO,SICAYA,JUNIN SOSTENIBLE CON SU GENTE,2451,M,CASTELLANO
110134,JUNIN,HUANCAYO,SICAYA,JUNTOS POR JUNIN,1480,M,CASTELLANO
110134,JUNIN,HUANCAYO,SICAYA,MOVIMIENTO POLITICO REGIONAL PERU LIBRE,201,M,CASTELLANO
110136,JUNIN,HUANCAYO,VIQUES,ACCION POPULAR,310,M,CASTELLANO
110136,JUNIN,HUANCAYO,VIQUES,ALIANZA PARA EL PROGRESO,57,M,CASTELLANO
110136,JUNIN,HUANCAYO,VIQUES,FUERZA POPULAR,9,M,CASTELLANO
110136,JUNIN,HUANCAYO,VIQUES,JUNIN EMPRENDEDORES RUMBO AL 21,31,M,CASTELLANO
110136,JUNIN,HUANCAYO,VIQUES,JUNIN SOSTENIBLE CON SU GENTE,18,M,CASTELLANO
110136,JUNIN,HUANCAYO,VIQUES,JUNTOS POR JUNIN,333,M,CASTELLANO
110136,JUNIN,HUANCAYO,VIQUES,MOVIMIENTO POLITICO REGIONAL PERU LIBRE,229,M,CASTELLANO
110136,JUNIN,HUANCAYO,VIQUES,MOVIMIENTO REGIONAL BLOQUE POPULAR JUNIN,199,M,CASTELLANO
110202,JUNIN,CONCEPCION,ACO,ACCION POPULAR,54,M,CASTELLANO
110202,JUNIN,CONCEPCION,ACO,ALIANZA PARA EL PROGRESO,85,M,CASTELLANO
110202,JUNIN,CONCEPCION,ACO,FUERZA POPULAR,224,M,CASTELLANO
110202,JUNIN,CONCEPCION,ACO,JUNIN EMPRENDEDORES RUMBO AL 21,45,M,CASTELLANO
110202,JUNIN,CONCEPCION,ACO,JUNIN SOSTENIBLE CON SU GENTE,63,M,CASTELLANO
110202,JUNIN,CONCEPCION,ACO,JUNTOS POR JUNIN,319,M,CASTELLANO
110202,JUNIN,CONCEPCION,ACO,MOVIMIENTO POLITICO REGIONAL PERU LIBRE,59,M,CASTELLANO
110202,JUNIN,CONCEPCION,ACO,MOVIMIENTO REGIONAL BLOQUE POPULAR JUNIN,68,M,CASTELLANO
110202,JUNIN,CONCEPCION,ACO,PARTIDO POPULAR CRISTIANO - PPC,37,M,CASTELLANO
110203,JUNIN,CONCEPCION,ANDAMARCA,ACCION POPULAR,51,F,CASTELLANO
110203,JUNIN,CONCEPCION,ANDAMARCA,ALIANZA PARA EL PROGRESO,29,F,CASTELLANO
110203,JUNIN,CONCEPCION,ANDAMARCA,"EL FRENTE AMPLIO POR JUSTICIA, VIDA Y LIBERTAD",197,F,CASTELLANO
110203,JUNIN,CONCEPCION,ANDAMARCA,FUERZA POPULAR,615,F,CASTELLANO
110203,JUNIN,CONCEPCION,ANDAMARCA,JUNIN EMPRENDEDORES RUMBO AL 21,53,F,CASTELLANO
110203,JUNIN,CONCEPCION,ANDAMARCA,JUNIN SOSTENIBLE CON SU GENTE,140,F,CASTELLANO
110203,JUNIN,CONCEPCION,ANDAMARCA,JUNTOS POR JUNIN,371,F,CASTELLANO
110203,JUNIN,CONCEPCION,ANDAMARCA,MOVIMIENTO ETNOCACERISTA DE JUNIN,21,F,CASTELLANO
110203,JUNIN,CONCEPCION,ANDAMARCA,MOVIMIENTO POLITICO REGIONAL PERU LIBRE,227,F,CASTELLANO
110203,JUNIN,CONCEPCION,ANDAMARCA,MOVIMIENTO REGIONAL BLOQUE POPULAR JUNIN,483,F,CASTELLANO
110203,JUNIN,CONCEPCION,ANDAMARCA,PARTIDO POPULAR CRISTIANO - PPC,30,F,CASTELLANO
110204,JUNIN,CONCEPCION,COMAS,ACCION POPULAR,261,M,CASTELLANO
110204,JUNIN,CONCEPCION,COMAS,ALIANZA PARA EL PROGRESO,61,M,CASTELLANO
110204,JUNIN,CONCEPCION,COMAS,"EL FRENTE AMPLIO POR JUSTICIA, VIDA Y LIBERTAD",95,M,CASTELLANO
110204,JUNIN,CONCEPCION,COMAS,FUERZA POPULAR,55,M,CASTELLANO
110204,JUNIN,CONCEPCION,COMAS,JUNIN EMPRENDEDORES RUMBO AL 21,203,M,CASTELLANO
110204,JUNIN,CONCEPCION,COMAS,JUNIN SOSTENIBLE CON SU GENTE,557,M,CASTELLANO
110204,JUNIN,CONCEPCION,COMAS,JUNTOS POR JUNIN,272,M,CASTELLANO
110204,JUNIN,CONCEPCION,COMAS,MOVIMIENTO POLITICO REGIONAL PERU LIBRE,588,M,CASTELLANO
110204,JUNIN,CONCEPCION,COMAS,MOVIMIENTO REGIONAL BLOQUE POPULAR JUNIN,649,M,CASTELLANO
110204,JUNIN,CONCEPCION,COMAS,MOVIMIENTO REGIONAL INDEPENDIENTE CON EL PERU,240,M,CASTELLANO
110204,JUNIN,CONCEPCION,COMAS,PARTIDO HUMANISTA PERUANO,42,M,CASTELLANO
110204,JUNIN,CONCEPCION,COMAS,PARTIDO POPULAR CRISTIANO - PPC,100,M,CASTELLANO
110204,JUNIN,CONCEPCION,COMAS,PERU POSIBLE,38,M,CASTELLANO
110205,JUNIN,CONCEPCION,COCHAS,ACCION POPULAR,163,M,CASTELLANO
110205,JUNIN,CONCEPCION,COCHAS,ALIANZA PARA EL PROGRESO,16,M,CASTELLANO
110205,JUNIN,CONCEPCION,COCHAS,JUNIN SOSTENIBLE CON SU GENTE,371,M,CASTELLANO
110205,JUNIN,CONCEPCION,COCHAS,JUNTOS POR JUNIN,292,M,CASTELLANO
110205,JUNIN,CONCEPCION,COCHAS,MOVIMIENTO POLITICO REGIONAL PERU LIBRE,69,M,CASTELLANO
110205,JUNIN,CONCEPCION,COCHAS,PARTIDO POPULAR CRISTIANO - PPC,58,M,CASTELLANO
110206,JUNIN,CONCEPCION,CHAMBARA,ALIANZA PARA EL PROGRESO,98,M,CASTELLANO
110206,JUNIN,CONCEPCION,CHAMBARA,FUERZA POPULAR,538,M,CASTELLANO
110206,JUNIN,CONCEPCION,CHAMBARA,JUNIN EMPRENDEDORES RUMBO AL 21,62,M,CASTELLANO
110206,JUNIN,CONCEPCION,CHAMBARA,JUNIN SOSTENIBLE CON SU GENTE,109,M,CASTELLANO
110206,JUNIN,CONCEPCION,CHAMBARA,MOVIMIENTO POLITICO REGIONAL PERU LIBRE,632,M,CASTELLANO
110206,JUNIN,CONCEPCION,CHAMBARA,MOVIMIENTO REGIONAL BLOQUE POPULAR JUNIN,207,M,CASTELLANO
110207,JUNIN,CONCEPCION,HEROINAS TOLEDO,ALIANZA PARA EL PROGRESO,36,F,CASTELLANO
110207,JUNIN,CONCEPCION,HEROINAS TOLEDO,FUERZA POPULAR,187,F,CASTELLANO
110207,JUNIN,CONCEPCION,HEROINAS TOLEDO,JUNIN SOSTENIBLE CON SU GENTE,203,F,CASTELLANO
110207,JUNIN,CONCEPCION,HEROINAS TOLEDO,JUNTOS POR JUNIN,169,F,CASTELLANO
110207,JUNIN,CONCEPCION,HEROINAS TOLEDO,MOVIMIENTO POLITICO REGIONAL PERU LIBRE,21,F,CASTELLANO
110207,JUNIN,CONCEPCION,HEROINAS TOLEDO,MOVIMIENTO REGIONAL BLOQUE POPULAR JUNIN,165,F,CASTELLANO
110207,JUNIN,CONCEPCION,HEROINAS TOLEDO,PARTIDO POPULAR CRISTIANO - PPC,7,F,CASTELLANO
110208,JUNIN,CONCEPCION,MANZANARES,JUNIN EMPRENDEDORES RUMBO AL 21,151,M,CASTELLANO
110208,JUNIN,CONCEPCION,MANZANARES,JUNIN SOSTENIBLE CON SU GENTE,246,M,CASTELLANO
110208,JUNIN,CONCEPCION,MANZANARES,JUNTOS POR JUNIN,210,M,CASTELLANO
110208,JUNIN,CONCEPCION,MANZANARES,MOVIMIENTO POLITICO REGIONAL PERU LIBRE,352,M,CASTELLANO
110209,JUNIN,CONCEPCION,MARISCAL CASTILLA,ACCION POPULAR,178,M,CASTELLANO
110209,JUNIN,CONCEPCION,MARISCAL CASTILLA,JUNIN SOSTENIBLE CON SU GENTE,432,M,CASTELLANO
110209,JUNIN,CONCEPCION,MARISCAL CASTILLA,JUNTOS POR JUNIN,22,M,CASTELLANO
110209,JUNIN,CONCEPCION,MARISCAL CASTILLA,MOVIMIENTO POLITICO REGIONAL PERU LIBRE,273,M,CASTELLANO
110209,JUNIN,CONCEPCION,MARISCAL CASTILLA,MOVIMIENTO REGIONAL BLOQUE POPULAR JUNIN,50,M,CASTELLANO
110210,JUNIN,CONCEPCION,MATAHUASI,ACCION POPULAR,251,M,CASTELLANO
110210,JUNIN,CONCEPCION,MATAHUASI,ALIANZA PARA EL PROGRESO,162,M,CASTELLANO
110210,JUNIN,CONCEPCION,MATAHUASI,FUERZA POPULAR,493,M,CASTELLANO
110210,JUNIN,CONCEPCION,MATAHUASI,JUNIN EMPRENDEDORES RUMBO AL 21,161,M,CASTELLANO
110210,JUNIN,CONCEPCION,MATAHUASI,JUNIN SOSTENIBLE CON SU GENTE,130,M,CASTELLANO
110210,JUNIN,CONCEPCION,MATAHUASI,JUNTOS POR JUNIN,466,M,CASTELLANO
110210,JUNIN,CONCEPCION,MATAHUASI,MOVIMIENTO POLITICO REGIONAL PERU LIBRE,135,M,CASTELLANO
110210,JUNIN,CONCEPCION,MATAHUASI,MOVIMIENTO REGIONAL BLOQUE POPULAR JUNIN,588,M,CASTELLANO
110210,JUNIN,CONCEPCION,MATAHUASI,PARTIDO POPULAR CRISTIANO - PPC,178,M,CASTELLANO
110211,JUNIN,CONCEPCION,MITO,ALIANZA PARA EL PROGRESO,64,M,QUECHUA
110211,JUNIN,CONCEPCION,MITO,JUNIN EMPRENDEDORES RUMBO AL 21,50,M,QUECHUA
110211,JUNIN,CONCEPCION,MITO,JUNTOS POR JUNIN,286,M,QUECHUA
110211,JUNIN,CONCEPCION,MITO,MOVIMIENTO POLITICO REGIONAL PERU LIBRE,61,M,QUECHUA
110211,JUNIN,CONCEPCION,MITO,MOVIMIENTO REGIONAL BLOQUE POPULAR JUNIN,289,M,QUECHUA
110212,JUNIN,CONCEPCION,NUEVE DE JULIO,JUNIN EMPRENDEDORES RUMBO AL 21,183,M,CASTELLANO
110212,JUNIN,CONCEPCION,NUEVE DE JULIO,JUNIN SOSTENIBLE CON SU GENTE,421,M,CASTELLANO
110212,JUNIN,CONCEPCION,NUEVE DE JULIO,JUNTOS POR JUNIN,32,M,CASTELLANO
110212,JUNIN,CONCEPCION,NUEVE DE JULIO,MOVIMIENTO POLITICO REGIONAL PERU LIBRE,89,M,CASTELLANO
110212,JUNIN,CONCEPCION,NUEVE DE JULIO,PARTIDO POPULAR CRISTIANO - PPC,105,M,CASTELLANO
110213,JUNIN,CONCEPCION,ORCOTUNA,ACCION POPULAR,548,M,CASTELLANO
110213,JUNIN,CONCEPCION,ORCOTUNA,ALIANZA PARA EL PROGRESO,128,M,CASTELLANO
110213,JUNIN,CONCEPCION,ORCOTUNA,"EL FRENTE AMPLIO POR JUSTICIA, VIDA Y LIBERTAD",73,M,CASTELLANO
110213,JUNIN,CONCEPCION,ORCOTUNA,FUERZA POPULAR,186,M,CASTELLANO
110213,JUNIN,CONCEPCION,ORCOTUNA,JUNIN EMPRENDEDORES RUMBO AL 21,78,M,CASTELLANO
110213,JUNIN,CONCEPCION,ORCOTUNA,JUNIN SOSTENIBLE CON SU GENTE,120,M,CASTELLANO
110213,JUNIN,CONCEPCION,ORCOTUNA,JUNTOS POR JUNIN,354,M,CASTELLANO
110213,JUNIN,CONCEPCION,ORCOTUNA,MOVIMIENTO POLITICO REGIONAL PERU LIBRE,519,M,CASTELLANO
110213,JUNIN,CONCEPCION,ORCOTUNA,MOVIMIENTO REGIONAL BLOQUE POPULAR JUNIN,21,M,CASTELLANO
110213,JUNIN,CONCEPCION,ORCOTUNA,PARTIDO POPULAR CRISTIANO - PPC,64,M,CASTELLANO
110214,JUNIN,CONCEPCION,SANTA ROSA DE OCOPA,ACCION POPULAR,235,M,CASTELLANO
110214,JUNIN,CONCEPCION,SANTA ROSA DE OCOPA,ALIANZA PARA EL PROGRESO,30,M,CASTELLANO
110214,JUNIN,CONCEPCION,SANTA ROSA DE OCOPA,FUERZA POPULAR,46,M,CASTELLANO
110214,JUNIN,CONCEPCION,SANTA ROSA DE OCOPA,JUNIN EMPRENDEDORES RUMBO AL 21,21,M,CASTELLANO
110214,JUNIN,CONCEPCION,SANTA ROSA DE OCOPA,JUNIN SOSTENIBLE CON SU GENTE,338,M,CASTELLANO
110214,JUNIN,CONCEPCION,SANTA ROSA DE OCOPA,JUNTOS POR JUNIN,173,M,CASTELLANO
110214,JUNIN,CONCEPCION,SANTA ROSA DE OCOPA,MOVIMIENTO ETNOCACERISTA DE JUNIN,30,M,CASTELLANO
110214,JUNIN,CONCEPCION,SANTA ROSA DE OCOPA,MOVIMIENTO POLITICO REGIONAL PERU LIBRE,218,M,CASTELLANO
110214,JUNIN,CONCEPCION,SANTA ROSA DE OCOPA,MOVIMIENTO REGIONAL BLOQUE POPULAR JUNIN,38,M,CASTELLANO
110214,JUNIN,CONCEPCION,SANTA ROSA DE OCOPA,PARTIDO POPULAR CRISTIANO - PPC,46,M,CASTELLANO
110215,JUNIN,CONCEPCION,SAN JOSE DE QUERO,ALIANZA PARA EL PROGRESO,359,M,CASTELLANO
110215,JUNIN,CONCEPCION,SAN JOSE DE QUERO,JUNIN EMPRENDEDORES RUMBO AL 21,116,M,CASTELLANO
110215,JUNIN,CONCEPCION,SAN JOSE DE QUERO,JUNIN SOSTENIBLE CON SU GENTE,1239,M,CASTELLANO
110215,JUNIN,CONCEPCION,SAN JOSE DE QUERO,JUNTOS POR JUNIN,447,M,CASTELLANO
110215,JUNIN,CONCEPCION,SAN JOSE DE QUERO,MOVIMIENTO POLITICO REGIONAL PERU LIBRE,374,M,CASTELLANO
110215,JUNIN,CONCEPCION,SAN JOSE DE QUERO,MOVIMIENTO REGIONAL BLOQUE POPULAR JUNIN,30,M,CASTELLANO
110215,JUNIN,CONCEPCION,SAN JOSE DE QUERO,PARTIDO DEMOCRATICO SOMOS PERU,106,M,CASTELLANO
110215,JUNIN,CONCEPCION,SAN JOSE DE QUERO,PARTIDO POPULAR CRISTIANO - PPC,41,M,CASTELLANO
110302,JUNIN,JAUJA,ACOLLA,ACCION POPULAR,72,M,CASTELLANO
110302,JUNIN,JAUJA,ACOLLA,ALIANZA PARA EL PROGRESO,114,M,CASTELLANO
110302,JUNIN,JAUJA,ACOLLA,"EL FRENTE AMPLIO POR JUSTICIA, VIDA Y LIBERTAD",72,M,CASTELLANO
110302,JUNIN,JAUJA,ACOLLA,FUERZA POPULAR,99,M,CASTELLANO
110302,JUNIN,JAUJA,ACOLLA,JUNIN EMPRENDEDORES RUMBO AL 21,642,M,CASTELLANO
110302,JUNIN,JAUJA,ACOLLA,JUNIN SOSTENIBLE CON SU GENTE,1298,M,CASTELLANO
110302,JUNIN,JAUJA,ACOLLA,JUNTOS POR JUNIN,708,M,CASTELLANO
110302,JUNIN,JAUJA,ACOLLA,MOVIMIENTO POLITICO REGIONAL PERU LIBRE,269,M,CASTELLANO
110302,JUNIN,JAUJA,ACOLLA,MOVIMIENTO REGIONAL BLOQUE POPULAR JUNIN,162,M,CASTELLANO
110302,JUNIN,JAUJA,ACOLLA,MOVIMIENTO REGIONAL INDEPENDIENTE CON EL PERU,158,M,CASTELLANO
110302,JUNIN,JAUJA,ACOLLA,SOLIDARIDAD NACIONAL,71,M,CASTELLANO
110303,JUNIN,JAUJA,APATA,ALIANZA PARA EL PROGRESO,79,M,CASTELLANO
110303,JUNIN,JAUJA,APATA,FUERZA POPULAR,63,M,CASTELLANO
110303,JUNIN,JAUJA,APATA,JUNIN EMPRENDEDORES RUMBO AL 21,107,M,CASTELLANO
110303,JUNIN,JAUJA,APATA,JUNIN SOSTENIBLE CON SU GENTE,1022,M,CASTELLANO
110303,JUNIN,JAUJA,APATA,JUNTOS POR JUNIN,275,M,CASTELLANO
110303,JUNIN,JAUJA,APATA,MOVIMIENTO POLITICO REGIONAL PERU LIBRE,942,M,CASTELLANO
110304,JUNIN,JAUJA,ATAURA,ALIANZA PARA EL PROGRESO,235,M,CASTELLANO
110304,JUNIN,JAUJA,ATAURA,JUNIN EMPRENDEDORES RUMBO AL 21,28,M,CASTELLANO
110304,JUNIN,JAUJA,ATAURA,JUNIN SOSTENIBLE CON SU GENTE,264,M,CASTELLANO
110304,JUNIN,JAUJA,ATAURA,JUNTOS POR JUNIN,213,M,CASTELLANO
110304,JUNIN,JAUJA,ATAURA,MOVIMIENTO REGIONAL BLOQUE POPULAR JUNIN,146,M,CASTELLANO
110305,JUNIN,JAUJA,CANCHAYLLO,FUERZA POPULAR,126,M,CASTELLANO
110305,JUNIN,JAUJA,CANCHAYLLO,JUNIN EMPRENDEDORES RUMBO AL 21,89,M,CASTELLANO
110305,JUNIN,JAUJA,CANCHAYLLO,JUNIN SOSTENIBLE CON SU GENTE,88,M,CASTELLANO
110305,JUNIN,JAUJA,CANCHAYLLO,JUNTOS POR JUNIN,60,M,CASTELLANO
110305,JUNIN,JAUJA,CANCHAYLLO,MOVIMIENTO REGIONAL BLOQUE POPULAR JUNIN,270,M,CASTELLANO
110305,JUNIN,JAUJA,CANCHAYLLO,PARTIDO DEMOCRATICO SOMOS PERU,277,M,CASTELLANO
110306,JUNIN,JAUJA,EL MANTARO,ACCION POPULAR,77,M,CASTELLANO
110306,JUNIN,JAUJA,EL MANTARO,ALIANZA PARA EL PROGRESO,46,M,CASTELLANO
110306,JUNIN,JAUJA,EL MANTARO,FUERZA POPULAR,359,M,CASTELLANO
110306,JUNIN,JAUJA,EL MANTARO,JUNIN EMPRENDEDORES RUMBO AL 21,63,M,CASTELLANO
110306,JUNIN,JAUJA,EL MANTARO,JUNIN SOSTENIBLE CON SU GENTE,190,M,CASTELLANO
110306,JUNIN,JAUJA,EL MANTARO,JUNTOS POR JUNIN,137,M,CASTELLANO
110306,JUNIN,JAUJA,EL MANTARO,MOVIMIENTO POLITICO REGIONAL PERU LIBRE,206,M,CASTELLANO
110306,JUNIN,JAUJA,EL MANTARO,MOVIMIENTO REGIONAL BLOQUE POPULAR JUNIN,297,M,CASTELLANO
110307,JUNIN,JAUJA,HUAMALI,ACCION POPULAR,48,M,CASTELLANO
110307,JUNIN,JAUJA,HUAMALI,ALIANZA PARA EL PROGRESO,33,M,CASTELLANO
110307,JUNIN,JAUJA,HUAMALI,FUERZA POPULAR,166,M,CASTELLANO
110307,JUNIN,JAUJA,HUAMALI,JUNIN EMPRENDEDORES RUMBO AL 21,32,M,CASTELLANO
110307,JUNIN,JAUJA,HUAMALI,JUNIN SOSTENIBLE CON SU GENTE,265,M,CASTELLANO
110307,JUNIN,JAUJA,HUAMALI,JUNTOS POR JUNIN,105,M,CASTELLANO
110307,JUNIN,JAUJA,HUAMALI,MOVIMIENTO REGIONAL BLOQUE POPULAR JUNIN,249,M,CASTELLANO
110307,JUNIN,JAUJA,HUAMALI,MOVIMIENTO REGIONAL INDEPENDIENTE CON EL PERU,74,M,CASTELLANO
110308,JUNIN,JAUJA,HUARIPAMPA,FUERZA POPULAR,73,M,CASTELLANO
110308,JUNIN,JAUJA,HUARIPAMPA,JUNIN EMPRENDEDORES RUMBO AL 21,19,M,CASTELLANO
110308,JUNIN,JAUJA,HUARIPAMPA,JUNIN SOSTENIBLE CON SU GENTE,213,M,CASTELLANO
110308,JUNIN,JAUJA,HUARIPAMPA,JUNTOS POR JUNIN,323,M,CASTELLANO
110309,JUNIN,JAUJA,HUERTAS,FUERZA POPULAR,93,M,CASTELLANO
110309,JUNIN,JAUJA,HUERTAS,JUNIN EMPRENDEDORES RUMBO AL 21,648,M,CASTELLANO
110309,JUNIN,JAUJA,HUERTAS,JUNTOS POR JUNIN,416,M,CASTELLANO
110310,JUNIN,JAUJA,JANJAILLO,ALIANZA PARA EL PROGRESO,100,M,CASTELLANO
110310,JUNIN,JAUJA,JANJAILLO,JUNIN EMPRENDEDORES RUMBO AL 21,71,M,CASTELLANO
110310,JUNIN,JAUJA,JANJAILLO,JUNIN SOSTENIBLE CON SU GENTE,86,M,CASTELLANO
110310,JUNIN,JAUJA,JANJAILLO,JUNTOS POR JUNIN,74,M,CASTELLANO
110310,JUNIN,JAUJA,JANJAILLO,MOVIMIENTO POLITICO REGIONAL PERU LIBRE,18,M,CASTELLANO
110310,JUNIN,JAUJA,JANJAILLO,MOVIMIENTO REGIONAL BLOQUE POPULAR JUNIN,132,M,CASTELLANO
110311,JUNIN,JAUJA,JULCAN,ACCION POPULAR,165,F,CASTELLANO
110311,JUNIN,JAUJA,JULCAN,ALIANZA PARA EL PROGRESO,98,F,CASTELLANO
110311,JUNIN,JAUJA,JULCAN,JUNIN EMPRENDEDORES RUMBO AL 21,118,F,CASTELLANO
110311,JUNIN,JAUJA,JULCAN,JUNIN SOSTENIBLE CON SU GENTE,118,F,CASTELLANO
110311,JUNIN,JAUJA,JULCAN,JUNTOS POR JUNIN,76,F,CASTELLANO
110311,JUNIN,JAUJA,JULCAN,MOVIMIENTO POLITICO REGIONAL PERU LIBRE,42,F,CASTELLANO
110311,JUNIN,JAUJA,JULCAN,MOVIMIENTO REGIONAL INDEPENDIENTE CON EL PERU,18,F,CASTELLANO
110312,JUNIN,JAUJA,LEONOR ORDOÑEZ,ALIANZA PARA EL PROGRESO,47,M,CASTELLANO
110312,JUNIN,JAUJA,LEONOR ORDOÑEZ,FUERZA POPULAR,20,M,CASTELLANO
110312,JUNIN,JAUJA,LEONOR ORDOÑEZ,JUNIN EMPRENDEDORES RUMBO AL 21,100,M,CASTELLANO
110312,JUNIN,JAUJA,LEONOR ORDOÑEZ,JUNIN SOSTENIBLE CON SU GENTE,395,M,CASTELLANO
110312,JUNIN,JAUJA,LEONOR ORDOÑEZ,JUNTOS POR JUNIN,354,M,CASTELLANO
110312,JUNIN,JAUJA,LEONOR ORDOÑEZ,MOVIMIENTO REGIONAL BLOQUE POPULAR JUNIN,21,M,CASTELLANO
110313,JUNIN,JAUJA,LLOCLLAPAMPA,ALIANZA PARA EL PROGRESO,203,M,CASTELLANO
110313,JUNIN,JAUJA,LLOCLLAPAMPA,JUNIN EMPRENDEDORES RUMBO AL 21,82,M,CASTELLANO
110313,JUNIN,JAUJA,LLOCLLAPAMPA,JUNIN SOSTENIBLE CON SU GENTE,163,M,CASTELLANO
110313,JUNIN,JAUJA,LLOCLLAPAMPA,JUNTOS POR JUNIN,257,M,CASTELLANO
110313,JUNIN,JAUJA,LLOCLLAPAMPA,MOVIMIENTO REGIONAL BLOQUE POPULAR JUNIN,141,M,CASTELLANO
110313,JUNIN,JAUJA,LLOCLLAPAMPA,MOVIMIENTO REGIONAL INDEPENDIENTE CON EL PERU,7,M,CASTELLANO
110314,JUNIN,JAUJA,MARCO,ALIANZA PARA EL PROGRESO,48,M,CASTELLANO
110314,JUNIN,JAUJA,MARCO,FUERZA POPULAR,190,M,CASTELLANO
110314,JUNIN,JAUJA,MARCO,JUNIN EMPRENDEDORES RUMBO AL 21,96,M,CASTELLANO
110314,JUNIN,JAUJA,MARCO,JUNIN SOSTENIBLE CON SU GENTE,162,M,CASTELLANO
110314,JUNIN,JAUJA,MARCO,JUNTOS POR JUNIN,298,M,CASTELLANO
110314,JUNIN,JAUJA,MARCO,MOVIMIENTO POLITICO REGIONAL PERU LIBRE,175,M,CASTELLANO
110315,JUNIN,JAUJA,MASMA,ALIANZA PARA EL PROGRESO,184,M,CASTELLANO
110315,JUNIN,JAUJA,MASMA,FUERZA POPULAR,208,M,CASTELLANO
110315,JUNIN,JAUJA,MASMA,JUNIN EMPRENDEDORES RUMBO AL 21,92,M,CASTELLANO
110315,JUNIN,JAUJA,MASMA,JUNIN SOSTENIBLE CON SU GENTE,61,M,CASTELLANO
110315,JUNIN,JAUJA,MASMA,JUNTOS POR JUNIN,113,M,CASTELLANO
110315,JUNIN,JAUJA,MASMA,MOVIMIENTO POLITICO REGIONAL PERU LIBRE,276,M,CASTELLANO
110315,JUNIN,JAUJA,MASMA,MOVIMIENTO REGIONAL BLOQUE POPULAR JUNIN,139,M,CASTELLANO
110315,JUNIN,JAUJA,MASMA,SOLIDARIDAD NACIONAL,57,M,CASTELLANO
110316,JUNIN,JAUJA,MOLINOS,ACCION POPULAR,334,M,QUECHUA
110316,JUNIN,JAUJA,MOLINOS,ALIANZA PARA EL PROGRESO,76,M,QUECHUA
110316,JUNIN,JAUJA,MOLINOS,JUNIN EMPRENDEDORES RUMBO AL 21,109,M,QUECHUA
110316,JUNIN,JAUJA,MOLINOS,JUNIN SOSTENIBLE CON SU GENTE,80,M,QUECHUA
110316,JUNIN,JAUJA,MOLINOS,JUNTOS POR JUNIN,381,M,QUECHUA
110316,JUNIN,JAUJA,MOLINOS,MOVIMIENTO POLITICO REGIONAL PERU LIBRE,17,M,QUECHUA
110317,JUNIN,JAUJA,MONOBAMBA,JUNIN EMPRENDEDORES RUMBO AL 21,88,M,EXTRANJERO
110317,JUNIN,JAUJA,MONOBAMBA,JUNTOS POR JUNIN,439,M,EXTRANJERO
110317,JUNIN,JAUJA,MONOBAMBA,MOVIMIENTO POLITICO REGIONAL PERU LIBRE,35,M,EXTRANJERO
110317,JUNIN,JAUJA,MONOBAMBA,MOVIMIENTO REGIONAL BLOQUE POPULAR JUNIN,250,M,EXTRANJERO
110318,JUNIN,JAUJA,MUQUI,ALIANZA PARA EL PROGRESO,143,M,CASTELLANO
110318,JUNIN,JAUJA,MUQUI,JUNIN EMPRENDEDORES RUMBO AL 21,268,M,CASTELLANO
110318,JUNIN,JAUJA,MUQUI,JUNTOS POR JUNIN,189,M,CASTELLANO
110319,JUNIN,JAUJA,MUQUIYAUYO,JUNIN EMPRENDEDORES RUMBO AL 21,273,M,QUECHUA
110319,JUNIN,JAUJA,MUQUIYAUYO,JUNIN SOSTENIBLE CON SU GENTE,142,M,QUECHUA
110319,JUNIN,JAUJA,MUQUIYAUYO,JUNTOS POR JUNIN,476,M,QUECHUA
110319,JUNIN,JAUJA,MUQUIYAUYO,MOVIMIENTO POLITICO REGIONAL PERU LIBRE,323,M,QUECHUA
110320,JUNIN,JAUJA,PACA,"EL FRENTE AMPLIO POR JUSTICIA, VIDA Y LIBERTAD",58,M,CASTELLANO
110320,JUNIN,JAUJA,PACA,FUERZA POPULAR,83,M,CASTELLANO
110320,JUNIN,JAUJA,PACA,JUNIN EMPRENDEDORES RUMBO AL 21,116,M,CASTELLANO
110320,JUNIN,JAUJA,PACA,JUNIN SOSTENIBLE CON SU GENTE,267,M,CASTELLANO
110320,JUNIN,JAUJA,PACA,JUNTOS POR JUNIN,48,M,CASTELLANO
110320,JUNIN,JAUJA,PACA,MOVIMIENTO REGIONAL BLOQUE POPULAR JUNIN,4,M,CASTELLANO
110320,JUNIN,JAUJA,PACA,MOVIMIENTO REGIONAL INDEPENDIENTE CON EL PERU,40,M,CASTELLANO
110321,JUNIN,JAUJA,PACCHA,ALIANZA PARA EL PROGRESO,76,M,CASTELLANO
110321,JUNIN,JAUJA,PACCHA,FUERZA POPULAR,271,M,CASTELLANO
110321,JUNIN,JAUJA,PACCHA,JUNIN EMPRENDEDORES RUMBO AL 21,332,M,CASTELLANO
110321,JUNIN,JAUJA,PACCHA,JUNIN SOSTENIBLE CON SU GENTE,244,M,CASTELLANO
110321,JUNIN,JAUJA,PACCHA,JUNTOS POR JUNIN,102,M,CASTELLANO
110321,JUNIN,JAUJA,PACCHA,MOVIMIENTO REGIONAL BLOQUE POPULAR JUNIN,5,M,CASTELLANO
110321,JUNIN,JAUJA,PACCHA,MOVIMIENTO REGIONAL INDEPENDIENTE CON EL PERU,28,M,CASTELLANO
110322,JUNIN,JAUJA,PANCAN,FUERZA POPULAR,131,M,CASTELLANO
110322,JUNIN,JAUJA,PANCAN,JUNIN EMPRENDEDORES RUMBO AL 21,183,M,CASTELLANO
110322,JUNIN,JAUJA,PANCAN,JUNIN SOSTENIBLE CON SU GENTE,108,M,CASTELLANO
110322,JUNIN,JAUJA,PANCAN,JUNTOS POR JUNIN,307,M,CASTELLANO
110322,JUNIN,JAUJA,PANCAN,MOVIMIENTO REGIONAL BLOQUE POPULAR JUNIN,43,M,CASTELLANO
110323,JUNIN,JAUJA,PARCO,ACCION POPULAR,55,M,CASTELLANO
110323,JUNIN,JAUJA,PARCO,ALIANZA PARA EL PROGRESO,240,M,CASTELLANO
110323,JUNIN,JAUJA,PARCO,FUERZA POPULAR,70,M,CASTELLANO
110323,JUNIN,JAUJA,PARCO,JUNIN EMPRENDEDORES RUMBO AL 21,24,M,CASTELLANO
110323,JUNIN,JAUJA,PARCO,JUNIN SOSTENIBLE CON SU GENTE,206,M,CASTELLANO
110323,JUNIN,JAUJA,PARCO,JUNTOS POR JUNIN,177,M,CASTELLANO
110323,JUNIN,JAUJA,PARCO,MOVIMIENTO REGIONAL BLOQUE POPULAR JUNIN,50,M,CASTELLANO
110323,JUNIN,JAUJA,PARCO,PERU POSIBLE,117,M,CASTELLANO
110324,JUNIN,JAUJA,POMACANCHA,ALIANZA PARA EL PROGRESO,229,M,CASTELLANO
110324,JUNIN,JAUJA,POMACANCHA,FUERZA POPULAR,70,M,CASTELLANO
110324,JUNIN,JAUJA,POMACANCHA,JUNIN EMPRENDEDORES RUMBO AL 21,121,M,CASTELLANO
110324,JUNIN,JAUJA,POMACANCHA,JUNTOS POR JUNIN,276,M,CASTELLANO
110325,JUNIN,JAUJA,RICRAN,ALIANZA PARA EL PROGRESO,52,M,CASTELLANO
110325,JUNIN,JAUJA,RICRAN,FUERZA POPULAR,143,M,CASTELLANO
110325,JUNIN,JAUJA,RICRAN,JUNIN EMPRENDEDORES RUMBO AL 21,208,M,CASTELLANO
110325,JUNIN,JAUJA,RICRAN,JUNIN SOSTENIBLE CON SU GENTE,131,M,CASTELLANO
110325,JUNIN,JAUJA,RICRAN,JUNTOS POR JUNIN,221,M,CASTELLANO
110325,JUNIN,JAUJA,RICRAN,MOVIMIENTO REGIONAL BLOQUE POPULAR JUNIN,34,M,CASTELLANO
110326,JUNIN,JAUJA,SAN LORENZO,FUERZA POPULAR,272,M,CASTELLANO
110326,JUNIN,JAUJA,SAN LORENZO,JUNIN EMPRENDEDORES RUMBO AL 21,61,M,CASTELLANO
110326,JUNIN,JAUJA,SAN LORENZO,JUNIN SOSTENIBLE CON SU GENTE,407,M,CASTELLANO
110326,JUNIN,JAUJA,SAN LORENZO,JUNTOS POR JUNIN,96,M,CASTELLANO
110326,JUNIN,JAUJA,SAN LORENZO,MOVIMIENTO POLITICO REGIONAL PERU LIBRE,211,M,CASTELLANO
110326,JUNIN,JAUJA,SAN LORENZO,MOVIMIENTO REGIONAL BLOQUE POPULAR JUNIN,36,M,CASTELLANO
110327,JUNIN,JAUJA,SAN PEDRO DE CHUNAN,ALIANZA PARA EL PROGRESO,103,M,CASTELLANO
110327,JUNIN,JAUJA,SAN PEDRO DE CHUNAN,FUERZA POPULAR,131,M,CASTELLANO
110327,JUNIN,JAUJA,SAN PEDRO DE CHUNAN,JUNIN EMPRENDEDORES RUMBO AL 21,76,M,CASTELLANO
110327,JUNIN,JAUJA,SAN PEDRO DE CHUNAN,JUNIN SOSTENIBLE CON SU GENTE,58,M,CASTELLANO
110327,JUNIN,JAUJA,SAN PEDRO DE CHUNAN,JUNTOS POR JUNIN,19,M,CASTELLANO
110327,JUNIN,JAUJA,SAN PEDRO DE CHUNAN,MOVIMIENTO POLITICO REGIONAL PERU LIBRE,103,M,CASTELLANO
110327,JUNIN,JAUJA,SAN PEDRO DE CHUNAN,MOVIMIENTO REGIONAL BLOQUE POPULAR JUNIN,47,M,CASTELLANO
110327,JUNIN,JAUJA,SAN PEDRO DE CHUNAN,MOVIMIENTO REGIONAL INDEPENDIENTE CON EL PERU,4,M,CASTELLANO
110328,JUNIN,JAUJA,SINCOS,ACCION POPULAR,38,M,CASTELLANO
110328,JUNIN,JAUJA,SINCOS,ALIANZA PARA EL PROGRESO,162,M,CASTELLANO
110328,JUNIN,JAUJA,SINCOS,"EL FRENTE AMPLIO POR JUSTICIA, VIDA Y LIBERTAD",18,M,CASTELLANO
110328,JUNIN,JAUJA,SINCOS,FUERZA POPULAR,322,M,CASTELLANO
110328,JUNIN,JAUJA,SINCOS,JUNIN EMPRENDEDORES RUMBO AL 21,510,M,CASTELLANO
110328,JUNIN,JAUJA,SINCOS,JUNIN SOSTENIBLE CON SU GENTE,462,M,CASTELLANO
110328,JUNIN,JAUJA,SINCOS,JUNTOS POR JUNIN,24,M,CASTELLANO
110328,JUNIN,JAUJA,SINCOS,MOVIMIENTO POLITICO REGIONAL PERU LIBRE,341,M,CASTELLANO
110328,JUNIN,JAUJA,SINCOS,MOVIMIENTO REGIONAL BLOQUE POPULAR JUNIN,17,M,CASTELLANO
110328,JUNIN,JAUJA,SINCOS,MOVIMIENTO REGIONAL INDEPENDIENTE CON EL PERU,36,M,CASTELLANO
110329,JUNIN,JAUJA,TUNAN MARCA,ACCION POPULAR,34,M,CASTELLANO
110329,JUNIN,JAUJA,TUNAN MARCA,ALIANZA PARA EL PROGRESO,195,M,CASTELLANO
110329,JUNIN,JAUJA,TUNAN MARCA,FUERZA POPULAR,39,M,CASTELLANO
110329,JUNIN,JAUJA,TUNAN MARCA,JUNIN EMPRENDEDORES RUMBO AL 21,39,M,CASTELLANO
110329,JUNIN,JAUJA,TUNAN MARCA,JUNIN SOSTENIBLE CON SU GENTE,95,M,CASTELLANO
110329,JUNIN,JAUJA,TUNAN MARCA,JUNTOS POR JUNIN,172,M,CASTELLANO
110329,JUNIN,JAUJA,TUNAN MARCA,MOVIMIENTO REGIONAL INDEPENDIENTE CON EL PERU,87,M,CASTELLANO
110330,JUNIN,JAUJA,YAULI,ACCION POPULAR,54,M,CASTELLANO
110330,JUNIN,JAUJA,YAULI,ALIANZA PARA EL PROGRESO,131,M,CASTELLANO
110330,JUNIN,JAUJA,YAULI,FUERZA POPULAR,207,M,CASTELLANO
110330,JUNIN,JAUJA,YAULI,JUNIN EMPRENDEDORES RUMBO AL 21,86,M,CASTELLANO
110330,JUNIN,JAUJA,YAULI,JUNIN SOSTENIBLE CON SU GENTE,25,M,CASTELLANO
110330,JUNIN,JAUJA,YAULI,JUNTOS POR JUNIN,131,M,CASTELLANO
110330,JUNIN,JAUJA,YAULI,MOVIMIENTO POLITICO REGIONAL PERU LIBRE,86,M,CASTELLANO
110330,JUNIN,JAUJA,YAULI,MOVIMIENTO REGIONAL BLOQUE POPULAR JUNIN,76,M,CASTELLANO
110331,JUNIN,JAUJA,CURICACA,ALIANZA PARA EL PROGRESO,107,M,CASTELLANO
110331,JUNIN,JAUJA,CURICACA,JUNIN EMPRENDEDORES RUMBO AL 21,81,M,CASTELLANO
110331,JUNIN,JAUJA,CURICACA,JUNIN SOSTENIBLE CON SU GENTE,347,M,CASTELLANO
110331,JUNIN,JAUJA,CURICACA,JUNTOS POR JUNIN,181,M,CASTELLANO
110331,JUNIN,JAUJA,CURICACA,MOVIMIENTO REGIONAL BLOQUE POPULAR JUNIN,69,M,CASTELLANO
110331,JUNIN,JAUJA,CURICACA,MOVIMIENTO REGIONAL INDEPENDIENTE CON EL PERU,30,M,CASTELLANO
110332,JUNIN,JAUJA,MASMA CHICCHE,ALIANZA PARA EL PROGRESO,29,M,CASTELLANO
110332,JUNIN,JAUJA,MASMA CHICCHE,FUERZA POPULAR,56,M,CASTELLANO
110332,JUNIN,JAUJA,MASMA CHICCHE,JUNIN EMPRENDEDORES RUMBO AL 21,132,M,CASTELLANO
110332,JUNIN,JAUJA,MASMA CHICCHE,JUNTOS POR JUNIN,139,M,CASTELLANO
110332,JUNIN,JAUJA,MASMA CHICCHE,MOVIMIENTO REGIONAL BLOQUE POPULAR JUNIN,113,M,CASTELLANO
110333,JUNIN,JAUJA,SAUSA,"EL FRENTE AMPLIO POR JUSTICIA, VIDA Y LIBERTAD",223,M,CASTELLANO
110333,JUNIN,JAUJA,SAUSA,FUERZA POPULAR,172,M,CASTELLANO
110333,JUNIN,JAUJA,SAUSA,JUNIN EMPRENDEDORES RUMBO AL 21,283,M,CASTELLANO
110333,JUNIN,JAUJA,SAUSA,JUNIN SOSTENIBLE CON SU GENTE,128,M,CASTELLANO
110333,JUNIN,JAUJA,SAUSA,JUNTOS POR JUNIN,407,M,CASTELLANO
110333,JUNIN,JAUJA,SAUSA,MOVIMIENTO POLITICO REGIONAL PERU LIBRE,29,M,CASTELLANO
110333,JUNIN,JAUJA,SAUSA,MOVIMIENTO REGIONAL BLOQUE POPULAR JUNIN,85,M,CASTELLANO
110334,JUNIN,JAUJA,YAUYOS,ACCION POPULAR,61,M,CASTELLANO
110334,JUNIN,JAUJA,YAUYOS,ALIANZA PARA EL PROGRESO,474,M,CASTELLANO
110334,JUNIN,JAUJA,YAUYOS,FUERZA POPULAR,127,M,CASTELLANO
110334,JUNIN,JAUJA,YAUYOS,JUNIN EMPRENDEDORES RUMBO AL 21,433,M,CASTELLANO
110334,JUNIN,JAUJA,YAUYOS,JUNIN SOSTENIBLE CON SU GENTE,716,M,CASTELLANO
110334,JUNIN,JAUJA,YAUYOS,JUNTOS POR JUNIN,1148,M,CASTELLANO
110334,JUNIN,JAUJA,YAUYOS,MOVIMIENTO POLITICO REGIONAL PERU LIBRE,71,M,CASTELLANO
110334,JUNIN,JAUJA,YAUYOS,MOVIMIENTO REGIONAL BLOQUE POPULAR JUNIN,552,M,CASTELLANO
110334,JUNIN,JAUJA,YAUYOS,MOVIMIENTO REGIONAL INDEPENDIENTE CON EL PERU,210,M,CASTELLANO
110334,JUNIN,JAUJA,YAUYOS,SOLIDARIDAD NACIONAL,572,M,CASTELLANO
110402,JUNIN,JUNIN,CARHUAMAYO,ACCION POPULAR,40,M,CASTELLANO
110402,JUNIN,JUNIN,CARHUAMAYO,ALIANZA PARA EL PROGRESO,184,M,CASTELLANO
110402,JUNIN,JUNIN,CARHUAMAYO,JUNIN EMPRENDEDORES RUMBO AL 21,124,M,CASTELLANO
110402,JUNIN,JUNIN,CARHUAMAYO,JUNIN SOSTENIBLE CON SU GENTE,815,M,CASTELLANO
110402,JUNIN,JUNIN,CARHUAMAYO,JUNTOS POR JUNIN,561,M,CASTELLANO
110402,JUNIN,JUNIN,CARHUAMAYO,MOVIMIENTO POLITICO REGIONAL PERU LIBRE,390,M,CASTELLANO
110402,JUNIN,JUNIN,CARHUAMAYO,MOVIMIENTO REGIONAL BLOQUE POPULAR JUNIN,20,M,CASTELLANO
110402,JUNIN,JUNIN,CARHUAMAYO,MOVIMIENTO REGIONAL INDEPENDIENTE CON EL PERU,4,M,CASTELLANO
110402,JUNIN,JUNIN,CARHUAMAYO,SOLIDARIDAD NACIONAL,129,M,CASTELLANO
110403,JUNIN,JUNIN,ONDORES,ALIANZA PARA EL PROGRESO,226,M,CASTELLANO
110403,JUNIN,JUNIN,ONDORES,JUNIN EMPRENDEDORES RUMBO AL 21,280,M,CASTELLANO
110403,JUNIN,JUNIN,ONDORES,JUNIN SOSTENIBLE CON SU GENTE,132,M,CASTELLANO
110403,JUNIN,JUNIN,ONDORES,JUNTOS POR JUNIN,211,M,CASTELLANO
110403,JUNIN,JUNIN,ONDORES,MOVIMIENTO POLITICO REGIONAL PERU LIBRE,147,M,CASTELLANO
110403,JUNIN,JUNIN,ONDORES,MOVIMIENTO REGIONAL BLOQUE POPULAR JUNIN,60,M,CASTELLANO
110404,JUNIN,JUNIN,ULCUMAYO,ALIANZA PARA EL PROGRESO,118,M,QUECHUA
110404,JUNIN,JUNIN,ULCUMAYO,JUNIN EMPRENDEDORES RUMBO AL 21,33,M,QUECHUA
110404,JUNIN,JUNIN,ULCUMAYO,JUNIN SOSTENIBLE CON SU GENTE,955,M,QUECHUA
110404,JUNIN,JUNIN,ULCUMAYO,JUNTOS POR JUNIN,506,M,QUECHUA
110404,JUNIN,JUNIN,ULCUMAYO,MOVIMIENTO POLITICO REGIONAL PERU LIBRE,646,M,QUECHUA
110404,JUNIN,JUNIN,ULCUMAYO,MOVIMIENTO REGIONAL BLOQUE POPULAR JUNIN,24,M,QUECHUA
110404,JUNIN,JUNIN,ULCUMAYO,MOVIMIENTO REGIONAL INDEPENDIENTE CON EL PERU,15,M,QUECHUA
110502,JUNIN,TARMA,ACOBAMBA,FUERZA POPULAR,1837,M,CASTELLANO
110502,JUNIN,TARMA,ACOBAMBA,JUNIN EMPRENDEDORES RUMBO AL 21,284,M,CASTELLANO
110502,JUNIN,TARMA,ACOBAMBA,JUNIN SOSTENIBLE CON SU GENTE,899,M,CASTELLANO
110502,JUNIN,TARMA,ACOBAMBA,JUNTOS POR JUNIN,358,M,CASTELLANO
110502,JUNIN,TARMA,ACOBAMBA,MOVIMIENTO POLITICO REGIONAL PERU LIBRE,1174,M,CASTELLANO
110502,JUNIN,TARMA,ACOBAMBA,MOVIMIENTO REGIONAL BLOQUE POPULAR JUNIN,243,M,CASTELLANO
110502,JUNIN,TARMA,ACOBAMBA,MOVIMIENTO REGIONAL INDEPENDIENTE CON EL PERU,127,M,CASTELLANO
110502,JUNIN,TARMA,ACOBAMBA,TARMA CORAZON,70,M,CASTELLANO
110503,JUNIN,TARMA,HUARICOLCA,FUERZA POPULAR,223,M,CASTELLANO
110503,JUNIN,TARMA,HUARICOLCA,JUNIN SOSTENIBLE CON SU GENTE,220,M,CASTELLANO
110503,JUNIN,TARMA,HUARICOLCA,JUNTOS POR JUNIN,309,M,CASTELLANO
110503,JUNIN,TARMA,HUARICOLCA,MOVIMIENTO POLITICO REGIONAL PERU LIBRE,128,M,CASTELLANO
110503,JUNIN,TARMA,HUARICOLCA,MOVIMIENTO REGIONAL INDEPENDIENTE CON EL PERU,23,M,CASTELLANO
110503,JUNIN,TARMA,HUARICOLCA,TARMA CORAZON,210,M,CASTELLANO
110504,JUNIN,TARMA,HUASAHUASI,FUERZA POPULAR,1678,M,CASTELLANO
110504,JUNIN,TARMA,HUASAHUASI,JUNIN EMPRENDEDORES RUMBO AL 21,99,M,CASTELLANO
110504,JUNIN,TARMA,HUASAHUASI,JUNIN SOSTENIBLE CON SU GENTE,1469,M,CASTELLANO
110504,JUNIN,TARMA,HUASAHUASI,JUNTOS POR JUNIN,107,M,CASTELLANO
110504,JUNIN,TARMA,HUASAHUASI,MOVIMIENTO POLITICO REGIONAL PERU LIBRE,939,M,CASTELLANO
110504,JUNIN,TARMA,HUASAHUASI,MOVIMIENTO REGIONAL BLOQUE POPULAR JUNIN,205,M,CASTELLANO
110504,JUNIN,TARMA,HUASAHUASI,MOVIMIENTO REGIONAL INDEPENDIENTE CON EL PERU,82,M,CASTELLANO
110504,JUNIN,TARMA,HUASAHUASI,TARMA CORAZON,173,M,CASTELLANO
110505,JUNIN,TARMA,LA UNION,ALIANZA PARA EL PROGRESO,64,M,CASTELLANO
110505,JUNIN,TARMA,LA UNION,"EL FRENTE AMPLIO POR JUSTICIA, VIDA Y LIBERTAD",95,M,CASTELLANO
110505,JUNIN,TARMA,LA UNION,FUERZA POPULAR,374,M,CASTELLANO
110505,JUNIN,TARMA,LA UNION,JUNIN EMPRENDEDORES RUMBO AL 21,37,M,CASTELLANO
110505,JUNIN,TARMA,LA UNION,JUNIN SOSTENIBLE CON SU GENTE,337,M,CASTELLANO
110505,JUNIN,TARMA,LA UNION,JUNTOS POR JUNIN,133,M,CASTELLANO
110505,JUNIN,TARMA,LA UNION,MOVIMIENTO POLITICO REGIONAL PERU LIBRE,619,M,CASTELLANO
110505,JUNIN,TARMA,LA UNION,MOVIMIENTO REGIONAL BLOQUE POPULAR JUNIN,48,M,CASTELLANO
110505,JUNIN,TARMA,LA UNION,MOVIMIENTO REGIONAL INDEPENDIENTE CON EL PERU,56,M,CASTELLANO
110505,JUNIN,TARMA,LA UNION,TARMA CORAZON,9,M,CASTELLANO
110506,JUNIN,TARMA,PALCA,FUERZA POPULAR,668,M,CASTELLANO
110506,JUNIN,TARMA,PALCA,JUNIN EMPRENDEDORES RUMBO AL 21,55,M,CASTELLANO
110506,JUNIN,TARMA,PALCA,JUNIN SOSTENIBLE CON SU GENTE,1208,M,CASTELLANO
110506,JUNIN,TARMA,PALCA,JUNTOS POR JUNIN,604,M,CASTELLANO
110506,JUNIN,TARMA,PALCA,MOVIMIENTO POLITICO REGIONAL PERU LIBRE,196,M,CASTELLANO
110506,JUNIN,TARMA,PALCA,MOVIMIENTO REGIONAL BLOQUE POPULAR JUNIN,101,M,CASTELLANO
110506,JUNIN,TARMA,PALCA,MOVIMIENTO REGIONAL INDEPENDIENTE CON EL PERU,142,M,CASTELLANO
110506,JUNIN,TARMA,PALCA,TARMA CORAZON,107,M,CASTELLANO
110507,JUNIN,TARMA,PALCAMAYO,FUERZA POPULAR,546,M,CASTELLANO
110507,JUNIN,TARMA,PALCAMAYO,JUNIN EMPRENDEDORES RUMBO AL 21,26,M,CASTELLANO
110507,JUNIN,TARMA,PALCAMAYO,JUNIN SOSTENIBLE CON SU GENTE,128,M,CASTELLANO
110507,JUNIN,TARMA,PALCAMAYO,JUNTOS POR JUNIN,623,M,CASTELLANO
110507,JUNIN,TARMA,PALCAMAYO,MOVIMIENTO POLITICO REGIONAL PERU LIBRE,696,M,CASTELLANO
110507,JUNIN,TARMA,PALCAMAYO,MOVIMIENTO REGIONAL BLOQUE POPULAR JUNIN,30,M,CASTELLANO
110507,JUNIN,TARMA,PALCAMAYO,MOVIMIENTO REGIONAL INDEPENDIENTE CON EL PERU,102,M,CASTELLANO
110508,JUNIN,TARMA,SAN PEDRO DE CAJAS,ACCION POPULAR,368,M,CASTELLANO
110508,JUNIN,TARMA,SAN PEDRO DE CAJAS,FUERZA POPULAR,757,M,CASTELLANO
110508,JUNIN,TARMA,SAN PEDRO DE CAJAS,JUNIN EMPRENDEDORES RUMBO AL 21,108,M,CASTELLANO
110508,JUNIN,TARMA,SAN PEDRO DE CAJAS,JUNIN SOSTENIBLE CON SU GENTE,318,M,CASTELLANO
110508,JUNIN,TARMA,SAN PEDRO DE CAJAS,JUNTOS POR JUNIN,119,M,CASTELLANO
110508,JUNIN,TARMA,SAN PEDRO DE CAJAS,MOVIMIENTO POLITICO REGIONAL PERU LIBRE,280,M,CASTELLANO
110508,JUNIN,TARMA,SAN PEDRO DE CAJAS,MOVIMIENTO REGIONAL BLOQUE POPULAR JUNIN,76,M,CASTELLANO
110508,JUNIN,TARMA,SAN PEDRO DE CAJAS,MOVIMIENTO REGIONAL INDEPENDIENTE CON EL PERU,78,M,CASTELLANO
110509,JUNIN,TARMA,TAPO,FUERZA POPULAR,92,M,CASTELLANO
110509,JUNIN,TARMA,TAPO,JUNIN EMPRENDEDORES RUMBO AL 21,169,M,CASTELLANO
110509,JUNIN,TARMA,TAPO,JUNIN SOSTENIBLE CON SU GENTE,662,M,CASTELLANO
110509,JUNIN,TARMA,TAPO,JUNTOS POR JUNIN,543,M,CASTELLANO
110509,JUNIN,TARMA,TAPO,MOVIMIENTO POLITICO REGIONAL PERU LIBRE,253,M,CASTELLANO
110509,JUNIN,TARMA,TAPO,MOVIMIENTO REGIONAL BLOQUE POPULAR JUNIN,14,M,CASTELLANO
110509,JUNIN,TARMA,TAPO,MOVIMIENTO REGIONAL INDEPENDIENTE CON EL PERU,71,M,CASTELLANO
110509,JUNIN,TARMA,TAPO,TARMA CORAZON,47,M,CASTELLANO
110602,JUNIN,YAULI,CHACAPALPA,ALIANZA PARA EL PROGRESO,129,M,CASTELLANO
110602,JUNIN,YAULI,CHACAPALPA,JUNIN EMPRENDEDORES RUMBO AL 21,55,M,CASTELLANO
110602,JUNIN,YAULI,CHACAPALPA,JUNIN SOSTENIBLE CON SU GENTE,170,M,CASTELLANO
110602,JUNIN,YAULI,CHACAPALPA,JUNTOS POR JUNIN,36,M,CASTELLANO
110602,JUNIN,YAULI,CHACAPALPA,MOVIMIENTO POLITICO REGIONAL PERU LIBRE,140,M,CASTELLANO
110602,JUNIN,YAULI,CHACAPALPA,MOVIMIENTO REGIONAL BLOQUE POPULAR JUNIN,109,M,CASTELLANO
110602,JUNIN,YAULI,CHACAPALPA,SOLIDARIDAD NACIONAL,68,M,CASTELLANO
110603,JUNIN,YAULI,HUAY-HUAY,ALIANZA PARA EL PROGRESO,131,M,QUECHUA
110603,JUNIN,YAULI,HUAY-HUAY,JUNIN EMPRENDEDORES RUMBO AL 21,133,M,QUECHUA
110603,JUNIN,YAULI,HUAY-HUAY,JUNIN SOSTENIBLE CON SU GENTE,131,M,QUECHUA
110603,JUNIN,YAULI,HUAY-HUAY,JUNTOS POR JUNIN,215,M,QUECHUA
110603,JUNIN,YAULI,HUAY-HUAY,MOVIMIENTO POLITICO REGIONAL PERU LIBRE,45,M,QUECHUA
110603,JUNIN,YAULI,HUAY-HUAY,MOVIMIENTO REGIONAL BLOQUE POPULAR JUNIN,52,M,QUECHUA
110604,JUNIN,YAULI,MARCAPOMACOCHA,ALIANZA PARA EL PROGRESO,299,M,CASTELLANO
110604,JUNIN,YAULI,MARCAPOMACOCHA,JUNIN SOSTENIBLE CON SU GENTE,419,M,CASTELLANO
110604,JUNIN,YAULI,MARCAPOMACOCHA,JUNTOS POR JUNIN,31,M,CASTELLANO
110605,JUNIN,YAULI,MOROCOCHA,ALIANZA PARA EL PROGRESO,89,M,CASTELLANO
110605,JUNIN,YAULI,MOROCOCHA,JUNIN EMPRENDEDORES RUMBO AL 21,116,M,CASTELLANO
110605,JUNIN,YAULI,MOROCOCHA,JUNIN SOSTENIBLE CON SU GENTE,503,M,CASTELLANO
110605,JUNIN,YAULI,MOROCOCHA,JUNTOS POR JUNIN,380,M,CASTELLANO
110605,JUNIN,YAULI,MOROCOCHA,MOVIMIENTO ETNOCACERISTA DE JUNIN,153,M,CASTELLANO
110605,JUNIN,YAULI,MOROCOCHA,MOVIMIENTO POLITICO REGIONAL PERU LIBRE,209,M,CASTELLANO
110605,JUNIN,YAULI,MOROCOCHA,MOVIMIENTO REGIONAL BLOQUE POPULAR JUNIN,451,M,CASTELLANO
110605,JUNIN,YAULI,MOROCOCHA,MOVIMIENTO REGIONAL INDEPENDIENTE CON EL PERU,505,M,CASTELLANO
110605,JUNIN,YAULI,MOROCOCHA,PARTIDO DEMOCRATICO SOMOS PERU,71,M,CASTELLANO
110605,JUNIN,YAULI,MOROCOCHA,SOLIDARIDAD NACIONAL,183,M,CASTELLANO
110606,JUNIN,YAULI,PACCHA,ALIANZA PARA EL PROGRESO,90,M,CASTELLANO
110606,JUNIN,YAULI,PACCHA,FUERZA POPULAR,93,M,CASTELLANO
110606,JUNIN,YAULI,PACCHA,JUNIN EMPRENDEDORES RUMBO AL 21,108,M,CASTELLANO
110606,JUNIN,YAULI,PACCHA,JUNTOS POR JUNIN,224,M,CASTELLANO
110606,JUNIN,YAULI,PACCHA,MOVIMIENTO POLITICO REGIONAL PERU LIBRE,64,M,CASTELLANO
110606,JUNIN,YAULI,PACCHA,MOVIMIENTO REGIONAL BLOQUE POPULAR JUNIN,316,M,CASTELLANO
110606,JUNIN,YAULI,PACCHA,SOLIDARIDAD NACIONAL,143,M,CASTELLANO
110607,JUNIN,YAULI,SANTA BARBARA DE CARHUACAYAN,ALIANZA PARA EL PROGRESO,37,M,CASTELLANO
110607,JUNIN,YAULI,SANTA BARBARA DE CARHUACAYAN,JUNIN SOSTENIBLE CON SU GENTE,124,M,CASTELLANO
110607,JUNIN,YAULI,SANTA BARBARA DE CARHUACAYAN,JUNTOS POR JUNIN,108,M,CASTELLANO
110607,JUNIN,YAULI,SANTA BARBARA DE CARHUACAYAN,MOVIMIENTO POLITICO REGIONAL PERU LIBRE,124,M,CASTELLANO
110607,JUNIN,YAULI,SANTA BARBARA DE CARHUACAYAN,MOVIMIENTO REGIONAL BLOQUE POPULAR JUNIN,33,M,CASTELLANO
110608,JUNIN,YAULI,SUITUCANCHA,ALIANZA PARA EL PROGRESO,117,M,CASTELLANO
110608,JUNIN,YAULI,SUITUCANCHA,FUERZA POPULAR,17,M,CASTELLANO
110608,JUNIN,YAULI,SUITUCANCHA,JUNIN EMPRENDEDORES RUMBO AL 21,46,M,CASTELLANO
110608,JUNIN,YAULI,SUITUCANCHA,JUNIN SOSTENIBLE CON SU GENTE,137,M,CASTELLANO
110608,JUNIN,YAULI,SUITUCANCHA,JUNTOS POR JUNIN,195,M,CASTELLANO
110608,JUNIN,YAULI,SUITUCANCHA,MOVIMIENTO POLITICO REGIONAL PERU LIBRE,26,M,CASTELLANO
110608,JUNIN,YAULI,SUITUCANCHA,MOVIMIENTO REGIONAL BLOQUE POPULAR JUNIN,29,M,CASTELLANO
110609,JUNIN,YAULI,YAULI,ALIANZA PARA EL PROGRESO,1063,M,CASTELLANO
110609,JUNIN,YAULI,YAULI,JUNIN EMPRENDEDORES RUMBO AL 21,251,M,CASTELLANO
110609,JUNIN,YAULI,YAULI,JUNIN SOSTENIBLE CON SU GENTE,162,M,CASTELLANO
110609,JUNIN,YAULI,YAULI,JUNTOS POR JUNIN,505,M,CASTELLANO
110609,JUNIN,YAULI,YAULI,MOVIMIENTO POLITICO REGIONAL PERU LIBRE,92,M,CASTELLANO
110609,JUNIN,YAULI,YAULI,MOVIMIENTO REGIONAL BLOQUE POPULAR JUNIN,53,M,CASTELLANO
110610,JUNIN,YAULI,SANTA ROSA DE SACCO,ALIANZA PARA EL PROGRESO,1307,M,CASTELLANO
110610,JUNIN,YAULI,SANTA ROSA DE SACCO,"EL FRENTE AMPLIO POR JUSTICIA, VIDA Y LIBERTAD",83,M,CASTELLANO
110610,JUNIN,YAULI,SANTA ROSA DE SACCO,FUERZA POPULAR,135,M,CASTELLANO
110610,JUNIN,YAULI,SANTA ROSA DE SACCO,JUNIN EMPRENDEDORES RUMBO AL 21,1103,M,CASTELLANO
110610,JUNIN,YAULI,SANTA ROSA DE SACCO,JUNIN SOSTENIBLE CON SU GENTE,620,M,CASTELLANO
110610,JUNIN,YAULI,SANTA ROSA DE SACCO,JUNTOS POR JUNIN,566,M,CASTELLANO
110610,JUNIN,YAULI,SANTA ROSA DE SACCO,MOVIMIENTO POLITICO REGIONAL PERU LIBRE,401,M,CASTELLANO
110610,JUNIN,YAULI,SANTA ROSA DE SACCO,MOVIMIENTO REGIONAL BLOQUE POPULAR JUNIN,787,M,CASTELLANO
110610,JUNIN,YAULI,SANTA ROSA DE SACCO,MOVIMIENTO REGIONAL INDEPENDIENTE CON EL PERU,100,M,CASTELLANO
110702,JUNIN,SATIPO,COVIRIALI,ALIANZA PARA EL PROGRESO,6,M,CASTELLANO
110702,JUNIN,SATIPO,COVIRIALI,"EL FRENTE AMPLIO POR JUSTICIA, VIDA Y LIBERTAD",131,M,CASTELLANO
110702,JUNIN,SATIPO,COVIRIALI,FUERZA POPULAR,560,M,CASTELLANO
110702,JUNIN,SATIPO,COVIRIALI,JUNIN EMPRENDEDORES RUMBO AL 21,332,M,CASTELLANO
110702,JUNIN,SATIPO,COVIRIALI,JUNIN SOSTENIBLE CON SU GENTE,791,M,CASTELLANO
110702,JUNIN,SATIPO,COVIRIALI,JUNTOS POR JUNIN,60,M,CASTELLANO
110702,JUNIN,SATIPO,COVIRIALI,MOVIMIENTO ETNOCACERISTA DE JUNIN,36,M,CASTELLANO
110702,JUNIN,SATIPO,COVIRIALI,MOVIMIENTO POLITICO REGIONAL PERU LIBRE,75,M,CASTELLANO
110702,JUNIN,SATIPO,COVIRIALI,MOVIMIENTO REGIONAL BLOQUE POPULAR JUNIN,65,M,CASTELLANO
110702,JUNIN,SATIPO,COVIRIALI,MOVIMIENTO REGIONAL INDEPENDIENTE CON EL PERU,15,M,CASTELLANO
110703,JUNIN,SATIPO,LLAYLLA,ALIANZA PARA EL PROGRESO,297,M,CASTELLANO
110703,JUNIN,SATIPO,LLAYLLA,"EL FRENTE AMPLIO POR JUSTICIA, VIDA Y LIBERTAD",69,M,CASTELLANO
110703,JUNIN,SATIPO,LLAYLLA,FUERZA POPULAR,237,M,CASTELLANO
110703,JUNIN,SATIPO,LLAYLLA,JUNIN EMPRENDEDORES RUMBO AL 21,177,M,CASTELLANO
110703,JUNIN,SATIPO,LLAYLLA,JUNIN SOSTENIBLE CON SU GENTE,697,M,CASTELLANO
110703,JUNIN,SATIPO,LLAYLLA,JUNTOS POR JUNIN,63,M,CASTELLANO
110703,JUNIN,SATIPO,LLAYLLA,MOVIMIENTO ETNOCACERISTA DE JUNIN,83,M,CASTELLANO
110703,JUNIN,SATIPO,LLAYLLA,MOVIMIENTO POLITICO REGIONAL PERU LIBRE,137,M,CASTELLANO
110703,JUNIN,SATIPO,LLAYLLA,MOVIMIENTO REGIONAL BLOQUE POPULAR JUNIN,322,M,CASTELLANO
110703,JUNIN,SATIPO,LLAYLLA,MOVIMIENTO REGIONAL INDEPENDIENTE CON EL PERU,8,M,CASTELLANO
110704,JUNIN,SATIPO,MAZAMARI,"EL FRENTE AMPLIO POR JUSTICIA, VIDA Y LIBERTAD",170,M,CASTELLANO
110704,JUNIN,SATIPO,MAZAMARI,FUERZA POPULAR,663,M,CASTELLANO
110704,JUNIN,SATIPO,MAZAMARI,JUNIN EMPRENDEDORES RUMBO AL 21,2375,M,CASTELLANO
110704,JUNIN,SATIPO,MAZAMARI,JUNIN SOSTENIBLE CON SU GENTE,2565,M,CASTELLANO
110704,JUNIN,SATIPO,MAZAMARI,JUNTOS POR JUNIN,708,M,CASTELLANO
110704,JUNIN,SATIPO,MAZAMARI,MOVIMIENTO POLITICO REGIONAL PERU LIBRE,435,M,CASTELLANO
110704,JUNIN,SATIPO,MAZAMARI,MOVIMIENTO REGIONAL BLOQUE POPULAR JUNIN,2376,M,CASTELLANO
110704,JUNIN,SATIPO,MAZAMARI,MOVIMIENTO REGIONAL INDEPENDIENTE CON EL PERU,54,M,CASTELLANO
110705,JUNIN,SATIPO,PAMPA HERMOSA,ALIANZA PARA EL PROGRESO,9,M,CASTELLANO
110705,JUNIN,SATIPO,PAMPA HERMOSA,FUERZA POPULAR,582,M,CASTELLANO
110705,JUNIN,SATIPO,PAMPA HERMOSA,JUNIN EMPRENDEDORES RUMBO AL 21,652,M,CASTELLANO
110705,JUNIN,SATIPO,PAMPA HERMOSA,JUNIN SOSTENIBLE CON SU GENTE,794,M,CASTELLANO
110705,JUNIN,SATIPO,PAMPA HERMOSA,JUNTOS POR JUNIN,51,M,CASTELLANO
110705,JUNIN,SATIPO,PAMPA HERMOSA,MOVIMIENTO POLITICO REGIONAL PERU LIBRE,24,M,CASTELLANO
110705,JUNIN,SATIPO,PAMPA HERMOSA,MOVIMIENTO REGIONAL BLOQUE POPULAR JUNIN,53,M,CASTELLANO
110706,JUNIN,SATIPO,PANGOA,"EL FRENTE AMPLIO POR JUSTICIA, VIDA Y LIBERTAD",436,M,CASTELLANO
110706,JUNIN,SATIPO,PANGOA,FUERZA POPULAR,2727,M,CASTELLANO
110706,JUNIN,SATIPO,PANGOA,JUNIN EMPRENDEDORES RUMBO AL 21,2801,M,CASTELLANO
110706,JUNIN,SATIPO,PANGOA,JUNIN SOSTENIBLE CON SU GENTE,9889,M,CASTELLANO
110706,JUNIN,SATIPO,PANGOA,JUNTOS POR JUNIN,398,M,CASTELLANO
110706,JUNIN,SATIPO,PANGOA,MOVIMIENTO ETNOCACERISTA DE JUNIN,345,M,CASTELLANO
110706,JUNIN,SATIPO,PANGOA,MOVIMIENTO POLITICO REGIONAL PERU LIBRE,1423,M,CASTELLANO
110706,JUNIN,SATIPO,PANGOA,MOVIMIENTO REGIONAL BLOQUE POPULAR JUNIN,312,M,CASTELLANO
110706,JUNIN,SATIPO,PANGOA,MOVIMIENTO REGIONAL INDEPENDIENTE CON EL PERU,108,M,CASTELLANO
110707,JUNIN,SATIPO,RIO NEGRO,ALIANZA PARA EL PROGRESO,1000,M,CASTELLANO
110707,JUNIN,SATIPO,RIO NEGRO,FUERZA POPULAR,1867,M,CASTELLANO
110707,JUNIN,SATIPO,RIO NEGRO,JUNIN EMPRENDEDORES RUMBO AL 21,1367,M,CASTELLANO
110707,JUNIN,SATIPO,RIO NEGRO,JUNIN SOSTENIBLE CON SU GENTE,3005,M,CASTELLANO
110707,JUNIN,SATIPO,RIO NEGRO,JUNTOS POR JUNIN,473,M,CASTELLANO
110707,JUNIN,SATIPO,RIO NEGRO,MOVIMIENTO ETNOCACERISTA DE JUNIN,106,M,CASTELLANO
110707,JUNIN,SATIPO,RIO NEGRO,MOVIMIENTO POLITICO REGIONAL PERU LIBRE,260,M,CASTELLANO
110707,JUNIN,SATIPO,RIO NEGRO,MOVIMIENTO REGIONAL BLOQUE POPULAR JUNIN,104,M,CASTELLANO
110707,JUNIN,SATIPO,RIO NEGRO,MOVIMIENTO REGIONAL INDEPENDIENTE CON EL PERU,171,M,CASTELLANO
110708,JUNIN,SATIPO,RIO TAMBO,FUERZA POPULAR,1012,M,CASTELLANO
110708,JUNIN,SATIPO,RIO TAMBO,JUNIN EMPRENDEDORES RUMBO AL 21,1623,M,CASTELLANO
110708,JUNIN,SATIPO,RIO TAMBO,JUNIN SOSTENIBLE CON SU GENTE,4185,M,CASTELLANO
110708,JUNIN,SATIPO,RIO TAMBO,JUNTOS POR JUNIN,67,M,CASTELLANO
110708,JUNIN,SATIPO,RIO TAMBO,MOVIMIENTO POLITICO REGIONAL PERU LIBRE,77,M,CASTELLANO
110708,JUNIN,SATIPO,RIO TAMBO,MOVIMIENTO REGIONAL BLOQUE POPULAR JUNIN,58,M,CASTELLANO
110802,JUNIN,CHANCHAMAYO,SAN RAMON,ALIANZA PARA EL PROGRESO,539,M,CASTELLANO
110802,JUNIN,CHANCHAMAYO,SAN RAMON,"EL FRENTE AMPLIO POR JUSTICIA, VIDA Y LIBERTAD",134,M,CASTELLANO
110802,JUNIN,CHANCHAMAYO,SAN RAMON,FUERZA POPULAR,3925,M,CASTELLANO
110802,JUNIN,CHANCHAMAYO,SAN RAMON,JUNIN EMPRENDEDORES RUMBO AL 21,2460,M,CASTELLANO
110802,JUNIN,CHANCHAMAYO,SAN RAMON,JUNIN SOSTENIBLE CON SU GENTE,3248,M,CASTELLANO
110802,JUNIN,CHANCHAMAYO,SAN RAMON,JUNTOS POR JUNIN,598,M,CASTELLANO
110802,JUNIN,CHANCHAMAYO,SAN RAMON,MOVIMIENTO POLITICO REGIONAL PERU LIBRE,352,M,CASTELLANO
110802,JUNIN,CHANCHAMAYO,SAN RAMON,MOVIMIENTO REGIONAL BLOQUE POPULAR JUNIN,379,M,CASTELLANO
110802,JUNIN,CHANCHAMAYO,SAN RAMON,MOVIMIENTO REGIONAL INDEPENDIENTE CON EL PERU,72,M,CASTELLANO
110802,JUNIN,CHANCHAMAYO,SAN RAMON,PERU POSIBLE,200,M,CASTELLANO
110803,JUNIN,CHANCHAMAYO,VITOC,ALIANZA PARA EL PROGRESO,134,M,CASTELLANO
110803,JUNIN,CHANCHAMAYO,VITOC,FUERZA POPULAR,376,M,CASTELLANO
110803,JUNIN,CHANCHAMAYO,VITOC,JUNIN EMPRENDEDORES RUMBO AL 21,310,M,CASTELLANO
110803,JUNIN,CHANCHAMAYO,VITOC,JUNIN SOSTENIBLE CON SU GENTE,169,M,CASTELLANO
110803,JUNIN,CHANCHAMAYO,VITOC,JUNTOS POR JUNIN,207,M,CASTELLANO
110803,JUNIN,CHANCHAMAYO,VITOC,MOVIMIENTO POLITICO REGIONAL PERU LIBRE,44,M,CASTELLANO
110804,JUNIN,CHANCHAMAYO,SAN LUIS DE SHUARO,FUERZA POPULAR,789,M,CASTELLANO
110804,JUNIN,CHANCHAMAYO,SAN LUIS DE SHUARO,JUNIN EMPRENDEDORES RUMBO AL 21,432,M,CASTELLANO
110804,JUNIN,CHANCHAMAYO,SAN LUIS DE SHUARO,JUNIN SOSTENIBLE CON SU GENTE,241,M,CASTELLANO
110804,JUNIN,CHANCHAMAYO,SAN LUIS DE SHUARO,JUNTOS POR JUNIN,227,M,CASTELLANO
110804,JUNIN,CHANCHAMAYO,SAN LUIS DE SHUARO,MOVIMIENTO POLITICO REGIONAL PERU LIBRE,563,M,CASTELLANO
110804,JUNIN,CHANCHAMAYO,SAN LUIS DE SHUARO,MOVIMIENTO REGIONAL BLOQUE POPULAR JUNIN,429,M,CASTELLANO
110805,JUNIN,CHANCHAMAYO,PICHANAQUI,ACCION POPULAR,1177,M,CASTELLANO
110805,JUNIN,CHANCHAMAYO,PICHANAQUI,ALIANZA PARA EL PROGRESO,836,M,CASTELLANO
110805,JUNIN,CHANCHAMAYO,PICHANAQUI,"EL FRENTE AMPLIO POR JUSTICIA, VIDA Y LIBERTAD",1820,M,CASTELLANO
110805,JUNIN,CHANCHAMAYO,PICHANAQUI,FUERZA POPULAR,2582,M,CASTELLANO
110805,JUNIN,CHANCHAMAYO,PICHANAQUI,JUNIN EMPRENDEDORES RUMBO AL 21,563,M,CASTELLANO
110805,JUNIN,CHANCHAMAYO,PICHANAQUI,JUNIN SOSTENIBLE CON SU GENTE,4666,M,CASTELLANO
110805,JUNIN,CHANCHAMAYO,PICHANAQUI,JUNTOS POR JUNIN,1383,M,CASTELLANO
110805,JUNIN,CHANCHAMAYO,PICHANAQUI,MOVIMIENTO POLITICO REGIONAL PERU LIBRE,756,M,CASTELLANO
110805,JUNIN,CHANCHAMAYO,PICHANAQUI,MOVIMIENTO REGIONAL BLOQUE POPULAR JUNIN,2624,M,CASTELLANO
110805,JUNIN,CHANCHAMAYO,PICHANAQUI,MOVIMIENTO REGIONAL INDEPENDIENTE CON EL PERU,514,M,CASTELLANO
110805,JUNIN,CHANCHAMAYO,PICHANAQUI,PARTIDO DEMOCRATICO SOMOS PERU,1574,M,CASTELLANO
110805,JUNIN,CHANCHAMAYO,PICHANAQUI,PARTIDO HUMANISTA PERUANO,1104,M,CASTELLANO
110806,JUNIN,CHANCHAMAYO,PERENE,ALIANZA PARA EL PROGRESO,317,M,CASTELLANO
110806,JUNIN,CHANCHAMAYO,PERENE,"EL FRENTE AMPLIO POR JUSTICIA, VIDA Y LIBERTAD",815,M,CASTELLANO
110806,JUNIN,CHANCHAMAYO,PERENE,FUERZA POPULAR,3175,M,CASTELLANO
110806,JUNIN,CHANCHAMAYO,PERENE,JUNIN EMPRENDEDORES RUMBO AL 21,2844,M,CASTELLANO
110806,JUNIN,CHANCHAMAYO,PERENE,JUNIN SOSTENIBLE CON SU GENTE,3436,M,CASTELLANO
110806,JUNIN,CHANCHAMAYO,PERENE,JUNTOS POR JUNIN,1262,M,CASTELLANO
110806,JUNIN,CHANCHAMAYO,PERENE,MOVIMIENTO POLITICO REGIONAL PERU LIBRE,1703,M,CASTELLANO
110806,JUNIN,CHANCHAMAYO,PERENE,MOVIMIENTO REGIONAL BLOQUE POPULAR JUNIN,4524,M,CASTELLANO
110806,JUNIN,CHANCHAMAYO,PERENE,MOVIMIENTO REGIONAL INDEPENDIENTE CON EL PERU,180,M,CASTELLANO
110902,JUNIN,CHUPACA,AHUAC,ALIANZA PARA EL PROGRESO,859,M,CASTELLANO
110902,JUNIN,CHUPACA,AHUAC,FUERZA POPULAR,1026,M,CASTELLANO
110902,JUNIN,CHUPACA,AHUAC,JUNIN EMPRENDEDORES RUMBO AL 21,134,M,CASTELLANO
110902,JUNIN,CHUPACA,AHUAC,JUNIN SOSTENIBLE CON SU GENTE,907,M,CASTELLANO
110902,JUNIN,CHUPACA,AHUAC,JUNTOS POR JUNIN,98,M,CASTELLANO
110902,JUNIN,CHUPACA,AHUAC,MOVIMIENTO POLITICO REGIONAL PERU LIBRE,657,M,CASTELLANO
110902,JUNIN,CHUPACA,AHUAC,MOVIMIENTO REGIONAL BLOQUE POPULAR JUNIN,3,M,CASTELLANO
110902,JUNIN,CHUPACA,AHUAC,MOVIMIENTO REGIONAL INDEPENDIENTE CON EL PERU,26,M,CASTELLANO
110903,JUNIN,CHUPACA,CHONGOS BAJO,ALIANZA PARA EL PROGRESO,159,M,CASTELLANO
110903,JUNIN,CHUPACA,CHONGOS BAJO,FUERZA POPULAR,154,M,CASTELLANO
110903,JUNIN,CHUPACA,CHONGOS BAJO,JUNIN EMPRENDEDORES RUMBO AL 21,363,M,CASTELLANO
110903,JUNIN,CHUPACA,CHONGOS BAJO,JUNIN SOSTENIBLE CON SU GENTE,731,M,CASTELLANO
110903,JUNIN,CHUPACA,CHONGOS BAJO,JUNTOS POR JUNIN,153,M,CASTELLANO
110903,JUNIN,CHUPACA,CHONGOS BAJO,MOVIMIENTO POLITICO REGIONAL PERU LIBRE,871,M,CASTELLANO
110904,JUNIN,CHUPACA,HUACHAC,ALIANZA PARA EL PROGRESO,138,M,CASTELLANO
110904,JUNIN,CHUPACA,HUACHAC,FUERZA POPULAR,98,M,CASTELLANO
110904,JUNIN,CHUPACA,HUACHAC,JUNIN EMPRENDEDORES RUMBO AL 21,64,M,CASTELLANO
110904,JUNIN,CHUPACA,HUACHAC,JUNIN SOSTENIBLE CON SU GENTE,440,M,CASTELLANO
110904,JUNIN,CHUPACA,HUACHAC,JUNTOS POR JUNIN,441,M,CASTELLANO
110904,JUNIN,CHUPACA,HUACHAC,MOVIMIENTO POLITICO REGIONAL PERU LIBRE,417,M,CASTELLANO
110904,JUNIN,CHUPACA,HUACHAC,MOVIMIENTO REGIONAL BLOQUE POPULAR JUNIN,26,M,CASTELLANO
110905,JUNIN,CHUPACA,HUAMANCACA CHICO,ACCION POPULAR,546,M,CASTELLANO
110905,JUNIN,CHUPACA,HUAMANCACA CHICO,ALIANZA PARA EL PROGRESO,143,M,CASTELLANO
110905,JUNIN,CHUPACA,HUAMANCACA CHICO,"EL FRENTE AMPLIO POR JUSTICIA, VIDA Y LIBERTAD",54,M,CASTELLANO
110905,JUNIN,CHUPACA,HUAMANCACA CHICO,FUERZA POPULAR,112,M,CASTELLANO
110905,JUNIN,CHUPACA,HUAMANCACA CHICO,JUNIN EMPRENDEDORES RUMBO AL 21,298,M,CASTELLANO
110905,JUNIN,CHUPACA,HUAMANCACA CHICO,JUNIN SOSTENIBLE CON SU GENTE,602,M,CASTELLANO
110905,JUNIN,CHUPACA,HUAMANCACA CHICO,JUNTOS POR JUNIN,352,M,CASTELLANO
110905,JUNIN,CHUPACA,HUAMANCACA CHICO,MOVIMIENTO POLITICO REGIONAL PERU LIBRE,309,M,CASTELLANO
110905,JUNIN,CHUPACA,HUAMANCACA CHICO,MOVIMIENTO REGIONAL INDEPENDIENTE CON EL PERU,128,M,CASTELLANO
110905,JUNIN,CHUPACA,HUAMANCACA CHICO,SOLIDARIDAD NACIONAL,288,M,CASTELLANO
110906,JUNIN,CHUPACA,SAN JUAN DE YSCOS,ALIANZA PARA EL PROGRESO,109,M,CASTELLANO
110906,JUNIN,CHUPACA,SAN JUAN DE YSCOS,"EL FRENTE AMPLIO POR JUSTICIA, VIDA Y LIBERTAD",70,M,CASTELLANO
110906,JUNIN,CHUPACA,SAN JUAN DE YSCOS,FUERZA POPULAR,142,M,CASTELLANO
110906,JUNIN,CHUPACA,SAN JUAN DE YSCOS,JUNIN SOSTENIBLE CON SU GENTE,334,M,CASTELLANO
110906,JUNIN,CHUPACA,SAN JUAN DE YSCOS,JUNTOS POR JUNIN,318,M,CASTELLANO
110906,JUNIN,CHUPACA,SAN JUAN DE YSCOS,MOVIMIENTO POLITICO REGIONAL PERU LIBRE,489,M,CASTELLANO
110907,JUNIN,CHUPACA,SAN JUAN DE JARPA,ALIANZA PARA EL PROGRESO,167,M,CASTELLANO
110907,JUNIN,CHUPACA,SAN JUAN DE JARPA,"EL FRENTE AMPLIO POR JUSTICIA, VIDA Y LIBERTAD",40,M,CASTELLANO
110907,JUNIN,CHUPACA,SAN JUAN DE JARPA,FUERZA POPULAR,177,M,CASTELLANO
110907,JUNIN,CHUPACA,SAN JUAN DE JARPA,JUNIN EMPRENDEDORES RUMBO AL 21,144,M,CASTELLANO
110907,JUNIN,CHUPACA,SAN JUAN DE JARPA,JUNIN SOSTENIBLE CON SU GENTE,430,M,CASTELLANO
110907,JUNIN,CHUPACA,SAN JUAN DE JARPA,JUNTOS POR JUNIN,377,M,CASTELLANO
110907,JUNIN,CHUPACA,SAN JUAN DE JARPA,MOVIMIENTO POLITICO REGIONAL PERU LIBRE,177,M,CASTELLANO
110907,JUNIN,CHUPACA,SAN JUAN DE JARPA,MOVIMIENTO REGIONAL BLOQUE POPULAR JUNIN,62,M,CASTELLANO
110907,JUNIN,CHUPACA,SAN JUAN DE JARPA,SOLIDARIDAD NACIONAL,30,M,CASTELLANO
110908,JUNIN,CHUPACA,TRES DE DICIEMBRE,ALIANZA PARA EL PROGRESO,87,M,CASTELLANO
110908,JUNIN,CHUPACA,TRES DE DICIEMBRE,FUERZA POPULAR,25,M,CASTELLANO
110908,JUNIN,CHUPACA,TRES DE DICIEMBRE,JUNIN EMPRENDEDORES RUMBO AL 21,378,M,CASTELLANO
110908,JUNIN,CHUPACA,TRES DE DICIEMBRE,JUNIN SOSTENIBLE CON SU GENTE,443,M,CASTELLANO
110908,JUNIN,CHUPACA,TRES DE DICIEMBRE,JUNTOS POR JUNIN,21,M,CASTELLANO
110908,JUNIN,CHUPACA,TRES DE DICIEMBRE,MOVIMIENTO POLITICO REGIONAL PERU LIBRE,232,M,CASTELLANO
110908,JUNIN,CHUPACA,TRES DE DICIEMBRE,MOVIMIENTO REGIONAL BLOQUE POPULAR JUNIN,39,M,CASTELLANO
110908,JUNIN,CHUPACA,TRES DE DICIEMBRE,MOVIMIENTO REGIONAL INDEPENDIENTE CON EL PERU,64,M,CASTELLANO
110909,JUNIN,CHUPACA,YANACANCHA,ALIANZA PARA EL PROGRESO,333,M,CASTELLANO
110909,JUNIN,CHUPACA,YANACANCHA,"EL FRENTE AMPLIO POR JUSTICIA, VIDA Y LIBERTAD",2,M,CASTELLANO
110909,JUNIN,CHUPACA,YANACANCHA,FUERZA POPULAR,134,M,CASTELLANO
110909,JUNIN,CHUPACA,YANACANCHA,JUNIN EMPRENDEDORES RUMBO AL 21,181,M,CASTELLANO
110909,JUNIN,CHUPACA,YANACANCHA,JUNIN SOSTENIBLE CON SU GENTE,272,M,CASTELLANO
110909,JUNIN,CHUPACA,YANACANCHA,JUNTOS POR JUNIN,114,M,CASTELLANO
110909,JUNIN,CHUPACA,YANACANCHA,MOVIMIENTO POLITICO REGIONAL PERU LIBRE,226,M,CASTELLANO
110909,JUNIN,CHUPACA,YANACANCHA,MOVIMIENTO REGIONAL BLOQUE POPULAR JUNIN,179,M,CASTELLANO
120102,LA LIBERTAD,TRUJILLO,HUANCHACO,ACCION POPULAR,261,M,CASTELLANO
120102,LA LIBERTAD,TRUJILLO,HUANCHACO,ALIANZA PARA EL PROGRESO,13268,M,CASTELLANO
120102,LA LIBERTAD,TRUJILLO,HUANCHACO,"EL FRENTE AMPLIO POR JUSTICIA, VIDA Y LIBERTAD",2988,M,CASTELLANO
120102,LA LIBERTAD,TRUJILLO,HUANCHACO,FUERZA POPULAR,1465,M,CASTELLANO
120102,LA LIBERTAD,TRUJILLO,HUANCHACO,PARTIDO APRISTA PERUANO,6034,M,CASTELLANO
120102,LA LIBERTAD,TRUJILLO,HUANCHACO,PARTIDO HUMANISTA PERUANO,219,M,CASTELLANO
120102,LA LIBERTAD,TRUJILLO,HUANCHACO,RESTAURACION NACIONAL,570,M,CASTELLANO
120103,LA LIBERTAD,TRUJILLO,LAREDO,ALIANZA PARA EL PROGRESO,5969,M,CASTELLANO
120103,LA LIBERTAD,TRUJILLO,LAREDO,CONTIGO LAREDO,7327,M,CASTELLANO
120103,LA LIBERTAD,TRUJILLO,LAREDO,DEMOCRACIA DIRECTA,463,M,CASTELLANO
120103,LA LIBERTAD,TRUJILLO,LAREDO,"MOVIMIENTO REGIONAL INDEPENDIENTE DE CAMPESINOS, OBREROS, EMPLEADOS Y ESTUDIANTES",149,M,CASTELLANO
120103,LA LIBERTAD,TRUJILLO,LAREDO,MOVIMIENTO REGIONAL PARA EL DESARROLLO CON SEGURIDAD Y HONRADEZ,1082,M,CASTELLANO
120103,LA LIBERTAD,TRUJILLO,LAREDO,PARTIDO APRISTA PERUANO,3510,M,CASTELLANO
120103,LA LIBERTAD,TRUJILLO,LAREDO,RESTAURACION NACIONAL,718,M,CASTELLANO
120103,LA LIBERTAD,TRUJILLO,LAREDO,VAMOS PERU,107,M,CASTELLANO
120104,LA LIBERTAD,TRUJILLO,MOCHE,ACCION POPULAR,343,M,QUECHUA
120104,LA LIBERTAD,TRUJILLO,MOCHE,ALIANZA PARA EL PROGRESO,9596,M,QUECHUA
120104,LA LIBERTAD,TRUJILLO,MOCHE,PARTIDO APRISTA PERUANO,4644,M,QUECHUA
120104,LA LIBERTAD,TRUJILLO,MOCHE,PARTIDO HUMANISTA PERUANO,367,M,QUECHUA
120104,LA LIBERTAD,TRUJILLO,MOCHE,RESTAURACION NACIONAL,2825,M,QUECHUA
120104,LA LIBERTAD,TRUJILLO,MOCHE,SUMATE POR UNA NUEVA LIBERTAD,535,M,QUECHUA
120104,LA LIBERTAD,TRUJILLO,MOCHE,VAMOS PERU,211,M,QUECHUA
120105,LA LIBERTAD,TRUJILLO,SALAVERRY,ALIANZA PARA EL PROGRESO,4072,M,CASTELLANO
120105,LA LIBERTAD,TRUJILLO,SALAVERRY,MOVIMIENTO REGIONAL PARA EL DESARROLLO CON SEGURIDAD Y HONRADEZ,637,M,CASTELLANO
120105,LA LIBERTAD,TRUJILLO,SALAVERRY,PARTIDO APRISTA PERUANO,3060,M,CASTELLANO
120106,LA LIBERTAD,TRUJILLO,SIMBAL,ALIANZA PARA EL PROGRESO,397,M,CASTELLANO
120106,LA LIBERTAD,TRUJILLO,SIMBAL,FUERZA POPULAR,461,M,CASTELLANO
120106,LA LIBERTAD,TRUJILLO,SIMBAL,PARTIDO APRISTA PERUANO,1948,M,CASTELLANO
120107,LA LIBERTAD,TRUJILLO,VICTOR LARCO HERRERA,ACCION POPULAR,183,M,CASTELLANO
120107,LA LIBERTAD,TRUJILLO,VICTOR LARCO HERRERA,ALIANZA PARA EL PROGRESO,11655,M,CASTELLANO
120107,LA LIBERTAD,TRUJILLO,VICTOR LARCO HERRERA,FUERZA POPULAR,8394,M,CASTELLANO
120107,LA LIBERTAD,TRUJILLO,VICTOR LARCO HERRERA,"MOVIMIENTO REGIONAL INDEPENDIENTE DE CAMPESINOS, OBREROS, EMPLEADOS Y ESTUDIANTES",153,M,CASTELLANO
120107,LA LIBERTAD,TRUJILLO,VICTOR LARCO HERRERA,MOVIMIENTO REGIONAL PARA EL DESARROLLO CON SEGURIDAD Y HONRADEZ,3235,M,CASTELLANO
120107,LA LIBERTAD,TRUJILLO,VICTOR LARCO HERRERA,PARTIDO APRISTA PERUANO,9079,M,CASTELLANO
120107,LA LIBERTAD,TRUJILLO,VICTOR LARCO HERRERA,PERU POSIBLE,92,M,CASTELLANO
120107,LA LIBERTAD,TRUJILLO,VICTOR LARCO HERRERA,RESTAURACION NACIONAL,1213,M,CASTELLANO
120107,LA LIBERTAD,TRUJILLO,VICTOR LARCO HERRERA,SUMATE POR UNA NUEVA LIBERTAD,1953,M,CASTELLANO
120109,LA LIBERTAD,TRUJILLO,POROTO,ALIANZA PARA EL PROGRESO,650,F,CASTELLANO
120109,LA LIBERTAD,TRUJILLO,POROTO,FUERZA POPULAR,867,F,CASTELLANO
120109,LA LIBERTAD,TRUJILLO,POROTO,"MOVIMIENTO REGIONAL INDEPENDIENTE DE CAMPESINOS, OBREROS, EMPLEADOS Y ESTUDIANTES",133,F,CASTELLANO
120109,LA LIBERTAD,TRUJILLO,POROTO,MOVIMIENTO REGIONAL PARA EL DESARROLLO CON SEGURIDAD Y HONRADEZ,180,F,CASTELLANO
120109,LA LIBERTAD,TRUJILLO,POROTO,PARTIDO APRISTA PERUANO,532,F,CASTELLANO
120110,LA LIBERTAD,TRUJILLO,EL PORVENIR,ALIANZA PARA EL PROGRESO,17423,M,CASTELLANO
120110,LA LIBERTAD,TRUJILLO,EL PORVENIR,DEMOCRACIA DIRECTA,1663,M,CASTELLANO
120110,LA LIBERTAD,TRUJILLO,EL PORVENIR,FUERZA POPULAR,3030,M,CASTELLANO
120110,LA LIBERTAD,TRUJILLO,EL PORVENIR,"MOVIMIENTO REGIONAL INDEPENDIENTE DE CAMPESINOS, OBREROS, EMPLEADOS Y ESTUDIANTES",439,M,CASTELLANO
120110,LA LIBERTAD,TRUJILLO,EL PORVENIR,MOVIMIENTO REGIONAL PARA EL DESARROLLO CON SEGURIDAD Y HONRADEZ,7490,M,CASTELLANO
120110,LA LIBERTAD,TRUJILLO,EL PORVENIR,PARTIDO APRISTA PERUANO,32134,M,CASTELLANO
120110,LA LIBERTAD,TRUJILLO,EL PORVENIR,PARTIDO HUMANISTA PERUANO,829,M,CASTELLANO
120110,LA LIBERTAD,TRUJILLO,EL PORVENIR,PERU PATRIA SEGURA,994,M,CASTELLANO
120110,LA LIBERTAD,TRUJILLO,EL PORVENIR,RESTAURACION NACIONAL,839,M,CASTELLANO
120110,LA LIBERTAD,TRUJILLO,EL PORVENIR,SUMATE POR UNA NUEVA LIBERTAD,6060,M,CASTELLANO
120110,LA LIBERTAD,TRUJILLO,EL PORVENIR,VAMOS PERU,230,M,CASTELLANO
120111,LA LIBERTAD,TRUJILLO,LA ESPERANZA,ACCION POPULAR,638,M,CASTELLANO
120111,LA LIBERTAD,TRUJILLO,LA ESPERANZA,ALIANZA PARA EL PROGRESO,40809,M,CASTELLANO
120111,LA LIBERTAD,TRUJILLO,LA ESPERANZA,DEMOCRACIA DIRECTA,782,M,CASTELLANO
120111,LA LIBERTAD,TRUJILLO,LA ESPERANZA,"EL FRENTE AMPLIO POR JUSTICIA, VIDA Y LIBERTAD",372,M,CASTELLANO
120111,LA LIBERTAD,TRUJILLO,LA ESPERANZA,FUERZA POPULAR,4719,M,CASTELLANO
120111,LA LIBERTAD,TRUJILLO,LA ESPERANZA,"MOVIMIENTO REGIONAL INDEPENDIENTE DE CAMPESINOS, OBREROS, EMPLEADOS Y ESTUDIANTES",407,M,CASTELLANO
120111,LA LIBERTAD,TRUJILLO,LA ESPERANZA,MOVIMIENTO REGIONAL PARA EL DESARROLLO CON SEGURIDAD Y HONRADEZ,10540,M,CASTELLANO
120111,LA LIBERTAD,TRUJILLO,LA ESPERANZA,PARTIDO APRISTA PERUANO,25390,M,CASTELLANO
120111,LA LIBERTAD,TRUJILLO,LA ESPERANZA,PARTIDO HUMANISTA PERUANO,803,M,CASTELLANO
120111,LA LIBERTAD,TRUJILLO,LA ESPERANZA,RESTAURACION NACIONAL,872,M,CASTELLANO
120111,LA LIBERTAD,TRUJILLO,LA ESPERANZA,VAMOS PERU,1091,M,CASTELLANO
120112,LA LIBERTAD,TRUJILLO,FLORENCIA DE MORA,ALIANZA PARA EL PROGRESO,3839,M,CASTELLANO
120112,LA LIBERTAD,TRUJILLO,FLORENCIA DE MORA,DEMOCRACIA DIRECTA,373,M,CASTELLANO
120112,LA LIBERTAD,TRUJILLO,FLORENCIA DE MORA,"MOVIMIENTO REGIONAL INDEPENDIENTE DE CAMPESINOS, OBREROS, EMPLEADOS Y ESTUDIANTES",1374,M,CASTELLANO
120112,LA LIBERTAD,TRUJILLO,FLORENCIA DE MORA,MOVIMIENTO REGIONAL PARA EL DESARROLLO CON SEGURIDAD Y HONRADEZ,3103,M,CASTELLANO
120112,LA LIBERTAD,TRUJILLO,FLORENCIA DE MORA,PARTIDO APRISTA PERUANO,12728,M,CASTELLANO
120112,LA LIBERTAD,TRUJILLO,FLORENCIA DE MORA,PARTIDO HUMANISTA PERUANO,573,M,CASTELLANO
120112,LA LIBERTAD,TRUJILLO,FLORENCIA DE MORA,RESTAURACION NACIONAL,1330,M,CASTELLANO
120112,LA LIBERTAD,TRUJILLO,FLORENCIA DE MORA,SUMATE POR UNA NUEVA LIBERTAD,9239,M,CASTELLANO
120202,LA LIBERTAD,BOLIVAR,BAMBAMARCA,ALIANZA PARA EL PROGRESO,438,M,CASTELLANO
120202,LA LIBERTAD,BOLIVAR,BAMBAMARCA,MOVIMIENTO REGIONAL PARA EL DESARROLLO CON SEGURIDAD Y HONRADEZ,416,M,CASTELLANO
120202,LA LIBERTAD,BOLIVAR,BAMBAMARCA,PARTIDO APRISTA PERUANO,366,M,CASTELLANO
120202,LA LIBERTAD,BOLIVAR,BAMBAMARCA,PARTIDO POPULAR CRISTIANO - PPC,211,M,CASTELLANO
120203,LA LIBERTAD,BOLIVAR,CONDORMARCA,ACCION POPULAR,65,M,CASTELLANO
120203,LA LIBERTAD,BOLIVAR,CONDORMARCA,ALIANZA PARA EL PROGRESO,39,M,CASTELLANO
120203,LA LIBERTAD,BOLIVAR,CONDORMARCA,FUERZA POPULAR,34,M,CASTELLANO
120203,LA LIBERTAD,BOLIVAR,CONDORMARCA,"MOVIMIENTO REGIONAL INDEPENDIENTE DE CAMPESINOS, OBREROS, EMPLEADOS Y ESTUDIANTES",89,M,CASTELLANO
120203,LA LIBERTAD,BOLIVAR,CONDORMARCA,MOVIMIENTO REGIONAL PARA EL DESARROLLO CON SEGURIDAD Y HONRADEZ,172,M,CASTELLANO
120203,LA LIBERTAD,BOLIVAR,CONDORMARCA,PARTIDO APRISTA PERUANO,126,M,CASTELLANO
120203,LA LIBERTAD,BOLIVAR,CONDORMARCA,PARTIDO POPULAR CRISTIANO - PPC,265,M,CASTELLANO
120203,LA LIBERTAD,BOLIVAR,CONDORMARCA,PERU POSIBLE,168,M,CASTELLANO
120203,LA LIBERTAD,BOLIVAR,CONDORMARCA,SUMATE POR UNA NUEVA LIBERTAD,25,M,CASTELLANO
120204,LA LIBERTAD,BOLIVAR,LONGOTEA,ALIANZA PARA EL PROGRESO,127,M,CASTELLANO
120204,LA LIBERTAD,BOLIVAR,LONGOTEA,FUERZA POPULAR,42,M,CASTELLANO
120204,LA LIBERTAD,BOLIVAR,LONGOTEA,MOVIMIENTO REGIONAL PARA EL DESARROLLO CON SEGURIDAD Y HONRADEZ,283,M,CASTELLANO
120204,LA LIBERTAD,BOLIVAR,LONGOTEA,PARTIDO APRISTA PERUANO,255,M,CASTELLANO
120204,LA LIBERTAD,BOLIVAR,LONGOTEA,PARTIDO POPULAR CRISTIANO - PPC,296,M,CASTELLANO
120205,LA LIBERTAD,BOLIVAR,UCUNCHA,ALIANZA PARA EL PROGRESO,337,M,CASTELLANO
120205,LA LIBERTAD,BOLIVAR,UCUNCHA,MOVIMIENTO REGIONAL PARA EL DESARROLLO CON SEGURIDAD Y HONRADEZ,281,M,CASTELLANO
120205,LA LIBERTAD,BOLIVAR,UCUNCHA,PARTIDO POPULAR CRISTIANO - PPC,46,M,CASTELLANO
120206,LA LIBERTAD,BOLIVAR,UCHUMARCA,ALIANZA PARA EL PROGRESO,264,M,CASTELLANO
120206,LA LIBERTAD,BOLIVAR,UCHUMARCA,"EL FRENTE AMPLIO POR JUSTICIA, VIDA Y LIBERTAD",25,M,CASTELLANO
120206,LA LIBERTAD,BOLIVAR,UCHUMARCA,FUERZA POPULAR,270,M,CASTELLANO
120206,LA LIBERTAD,BOLIVAR,UCHUMARCA,PARTIDO APRISTA PERUANO,88,M,CASTELLANO
120206,LA LIBERTAD,BOLIVAR,UCHUMARCA,PARTIDO HUMANISTA PERUANO,52,M,CASTELLANO
120206,LA LIBERTAD,BOLIVAR,UCHUMARCA,PARTIDO POPULAR CRISTIANO - PPC,321,M,CASTELLANO
120206,LA LIBERTAD,BOLIVAR,UCHUMARCA,RESTAURACION NACIONAL,141,M,CASTELLANO
120206,LA LIBERTAD,BOLIVAR,UCHUMARCA,SUMATE POR UNA NUEVA LIBERTAD,29,M,CASTELLANO
120302,LA LIBERTAD,SANCHEZ CARRION,COCHORCO,ALIANZA PARA EL PROGRESO,585,M,CASTELLANO
120302,LA LIBERTAD,SANCHEZ CARRION,COCHORCO,FUERZA POPULAR,332,M,CASTELLANO
120302,LA LIBERTAD,SANCHEZ CARRION,COCHORCO,"MOVIMIENTO REGIONAL INDEPENDIENTE DE CAMPESINOS, OBREROS, EMPLEADOS Y ESTUDIANTES",596,M,CASTELLANO
120302,LA LIBERTAD,SANCHEZ CARRION,COCHORCO,MOVIMIENTO REGIONAL PARA EL DESARROLLO CON SEGURIDAD Y HONRADEZ,290,M,CASTELLANO
120302,LA LIBERTAD,SANCHEZ CARRION,COCHORCO,PARTIDO DEMOCRATICO SOMOS PERU,525,M,CASTELLANO
120302,LA LIBERTAD,SANCHEZ CARRION,COCHORCO,PARTIDO HUMANISTA PERUANO,144,M,CASTELLANO
120302,LA LIBERTAD,SANCHEZ CARRION,COCHORCO,SUMATE POR UNA NUEVA LIBERTAD,893,M,CASTELLANO
120302,LA LIBERTAD,SANCHEZ CARRION,COCHORCO,UNION POR EL PERU,294,M,CASTELLANO
120303,LA LIBERTAD,SANCHEZ CARRION,CURGOS,ALIANZA PARA EL PROGRESO,885,M,CASTELLANO
120303,LA LIBERTAD,SANCHEZ CARRION,CURGOS,FUERZA POPULAR,521,M,CASTELLANO
120303,LA LIBERTAD,SANCHEZ CARRION,CURGOS,"MOVIMIENTO REGIONAL INDEPENDIENTE DE CAMPESINOS, OBREROS, EMPLEADOS Y ESTUDIANTES",534,M,CASTELLANO
120303,LA LIBERTAD,SANCHEZ CARRION,CURGOS,PARTIDO APRISTA PERUANO,289,M,CASTELLANO
120303,LA LIBERTAD,SANCHEZ CARRION,CURGOS,PARTIDO DEMOCRATICO SOMOS PERU,119,M,CASTELLANO
120303,LA LIBERTAD,SANCHEZ CARRION,CURGOS,PARTIDO HUMANISTA PERUANO,401,M,CASTELLANO
120303,LA LIBERTAD,SANCHEZ CARRION,CURGOS,RESTAURACION NACIONAL,168,M,CASTELLANO
120303,LA LIBERTAD,SANCHEZ CARRION,CURGOS,SUMATE POR UNA NUEVA LIBERTAD,821,M,CASTELLANO
120304,LA LIBERTAD,SANCHEZ CARRION,CHUGAY,ALIANZA PARA EL PROGRESO,3492,M,CASTELLANO
120304,LA LIBERTAD,SANCHEZ CARRION,CHUGAY,FUERZA POPULAR,999,M,CASTELLANO
120304,LA LIBERTAD,SANCHEZ CARRION,CHUGAY,"MOVIMIENTO REGIONAL INDEPENDIENTE DE CAMPESINOS, OBREROS, EMPLEADOS Y ESTUDIANTES",111,M,CASTELLANO
120304,LA LIBERTAD,SANCHEZ CARRION,CHUGAY,PARTIDO APRISTA PERUANO,931,M,CASTELLANO
120304,LA LIBERTAD,SANCHEZ CARRION,CHUGAY,PARTIDO HUMANISTA PERUANO,55,M,CASTELLANO
120304,LA LIBERTAD,SANCHEZ CARRION,CHUGAY,SUMATE POR UNA NUEVA LIBERTAD,1874,M,CASTELLANO
120305,LA LIBERTAD,SANCHEZ CARRION,MARCABAL,ALIANZA PARA EL PROGRESO,1899,M,CASTELLANO
120305,LA LIBERTAD,SANCHEZ CARRION,MARCABAL,FUERZA POPULAR,64,M,CASTELLANO
120305,LA LIBERTAD,SANCHEZ CARRION,MARCABAL,"MOVIMIENTO REGIONAL INDEPENDIENTE DE CAMPESINOS, OBREROS, EMPLEADOS Y ESTUDIANTES",23,M,CASTELLANO
120305,LA LIBERTAD,SANCHEZ CARRION,MARCABAL,PARTIDO APRISTA PERUANO,1734,M,CASTELLANO
120305,LA LIBERTAD,SANCHEZ CARRION,MARCABAL,SUMATE POR UNA NUEVA LIBERTAD,1872,M,CASTELLANO
120306,LA LIBERTAD,SANCHEZ CARRION,SANAGORAN,ALIANZA PARA EL PROGRESO,2851,M,CASTELLANO
120306,LA LIBERTAD,SANCHEZ CARRION,SANAGORAN,PARTIDO APRISTA PERUANO,120,M,CASTELLANO
120306,LA LIBERTAD,SANCHEZ CARRION,SANAGORAN,PARTIDO HUMANISTA PERUANO,48,M,CASTELLANO
120306,LA LIBERTAD,SANCHEZ CARRION,SANAGORAN,RESTAURACION NACIONAL,139,M,CASTELLANO
120306,LA LIBERTAD,SANCHEZ CARRION,SANAGORAN,SUMATE POR UNA NUEVA LIBERTAD,1769,M,CASTELLANO
120307,LA LIBERTAD,SANCHEZ CARRION,SARIN,ACCION POPULAR,170,M,CASTELLANO
120307,LA LIBERTAD,SANCHEZ CARRION,SARIN,ALIANZA PARA EL PROGRESO,1376,M,CASTELLANO
120307,LA LIBERTAD,SANCHEZ CARRION,SARIN,FUERZA POPULAR,847,M,CASTELLANO
120307,LA LIBERTAD,SANCHEZ CARRION,SARIN,"MOVIMIENTO REGIONAL INDEPENDIENTE DE CAMPESINOS, OBREROS, EMPLEADOS Y ESTUDIANTES",808,M,CASTELLANO
120307,LA LIBERTAD,SANCHEZ CARRION,SARIN,MOVIMIENTO REGIONAL PARA EL DESARROLLO CON SEGURIDAD Y HONRADEZ,496,M,CASTELLANO
120307,LA LIBERTAD,SANCHEZ CARRION,SARIN,SUMATE POR UNA NUEVA LIBERTAD,528,M,CASTELLANO
120308,LA LIBERTAD,SANCHEZ CARRION,SARTIMBAMBA,ACCION POPULAR,861,M,CASTELLANO
120308,LA LIBERTAD,SANCHEZ CARRION,SARTIMBAMBA,ALIANZA PARA EL PROGRESO,1530,M,CASTELLANO
120308,LA LIBERTAD,SANCHEZ CARRION,SARTIMBAMBA,FUERZA POPULAR,950,M,CASTELLANO
120308,LA LIBERTAD,SANCHEZ CARRION,SARTIMBAMBA,"MOVIMIENTO REGIONAL INDEPENDIENTE DE CAMPESINOS, OBREROS, EMPLEADOS Y ESTUDIANTES",291,M,CASTELLANO
120308,LA LIBERTAD,SANCHEZ CARRION,SARTIMBAMBA,PARTIDO APRISTA PERUANO,205,M,CASTELLANO
120308,LA LIBERTAD,SANCHEZ CARRION,SARTIMBAMBA,PARTIDO DEMOCRATICO SOMOS PERU,0,M,CASTELLANO
120308,LA LIBERTAD,SANCHEZ CARRION,SARTIMBAMBA,PARTIDO HUMANISTA PERUANO,310,M,CASTELLANO
120308,LA LIBERTAD,SANCHEZ CARRION,SARTIMBAMBA,SUMATE POR UNA NUEVA LIBERTAD,1090,M,CASTELLANO
120402,LA LIBERTAD,OTUZCO,AGALLPAMPA,ALIANZA PARA EL PROGRESO,374,M,CASTELLANO
120402,LA LIBERTAD,OTUZCO,AGALLPAMPA,FUERZA POPULAR,6,M,CASTELLANO
120402,LA LIBERTAD,OTUZCO,AGALLPAMPA,"MOVIMIENTO REGIONAL INDEPENDIENTE DE CAMPESINOS, OBREROS, EMPLEADOS Y ESTUDIANTES",1053,M,CASTELLANO
120402,LA LIBERTAD,OTUZCO,AGALLPAMPA,PARTIDO APRISTA PERUANO,603,M,CASTELLANO
120402,LA LIBERTAD,OTUZCO,AGALLPAMPA,PERU PATRIA SEGURA,129,M,CASTELLANO
120402,LA LIBERTAD,OTUZCO,AGALLPAMPA,RESTAURACION NACIONAL,1568,M,CASTELLANO
120402,LA LIBERTAD,OTUZCO,AGALLPAMPA,SOLIDARIDAD NACIONAL,91,M,CASTELLANO
120403,LA LIBERTAD,OTUZCO,CHARAT,ALIANZA PARA EL PROGRESO,51,M,CASTELLANO
120403,LA LIBERTAD,OTUZCO,CHARAT,"MOVIMIENTO REGIONAL INDEPENDIENTE DE CAMPESINOS, OBREROS, EMPLEADOS Y ESTUDIANTES",774,M,CASTELLANO
120403,LA LIBERTAD,OTUZCO,CHARAT,MOVIMIENTO REGIONAL PARA EL DESARROLLO CON SEGURIDAD Y HONRADEZ,62,M,CASTELLANO
120403,LA LIBERTAD,OTUZCO,CHARAT,PARTIDO APRISTA PERUANO,23,M,CASTELLANO
120403,LA LIBERTAD,OTUZCO,CHARAT,PARTIDO HUMANISTA PERUANO,71,M,CASTELLANO
120403,LA LIBERTAD,OTUZCO,CHARAT,RESTAURACION NACIONAL,756,M,CASTELLANO
120404,LA LIBERTAD,OTUZCO,HUARANCHAL,ALIANZA PARA EL PROGRESO,105,M,CASTELLANO
120404,LA LIBERTAD,OTUZCO,HUARANCHAL,"MOVIMIENTO REGIONAL INDEPENDIENTE DE CAMPESINOS, OBREROS, EMPLEADOS Y ESTUDIANTES",943,M,CASTELLANO
120404,LA LIBERTAD,OTUZCO,HUARANCHAL,PARTIDO APRISTA PERUANO,29,M,CASTELLANO
120404,LA LIBERTAD,OTUZCO,HUARANCHAL,PARTIDO HUMANISTA PERUANO,535,M,CASTELLANO
120404,LA LIBERTAD,OTUZCO,HUARANCHAL,RESTAURACION NACIONAL,1345,M,CASTELLANO
120405,LA LIBERTAD,OTUZCO,LA CUESTA,ALIANZA PARA EL PROGRESO,263,M,CASTELLANO
120405,LA LIBERTAD,OTUZCO,LA CUESTA,"MOVIMIENTO REGIONAL INDEPENDIENTE DE CAMPESINOS, OBREROS, EMPLEADOS Y ESTUDIANTES",151,M,CASTELLANO
120405,LA LIBERTAD,OTUZCO,LA CUESTA,PARTIDO APRISTA PERUANO,402,M,CASTELLANO
120405,LA LIBERTAD,OTUZCO,LA CUESTA,RESTAURACION NACIONAL,45,M,CASTELLANO
120408,LA LIBERTAD,OTUZCO,PARANDAY,ALIANZA PARA EL PROGRESO,271,M,QUECHUA
120408,LA LIBERTAD,OTUZCO,PARANDAY,PARTIDO APRISTA PERUANO,7,M,QUECHUA
120408,LA LIBERTAD,OTUZCO,PARANDAY,PARTIDO HUMANISTA PERUANO,90,M,QUECHUA
120408,LA LIBERTAD,OTUZCO,PARANDAY,RESTAURACION NACIONAL,179,M,QUECHUA
120409,LA LIBERTAD,OTUZCO,SALPO,ALIANZA PARA EL PROGRESO,115,M,CASTELLANO
120409,LA LIBERTAD,OTUZCO,SALPO,DEMOCRACIA DIRECTA,950,M,CASTELLANO
120409,LA LIBERTAD,OTUZCO,SALPO,FUERZA POPULAR,24,M,CASTELLANO
120409,LA LIBERTAD,OTUZCO,SALPO,"MOVIMIENTO REGIONAL INDEPENDIENTE DE CAMPESINOS, OBREROS, EMPLEADOS Y ESTUDIANTES",153,M,CASTELLANO
120409,LA LIBERTAD,OTUZCO,SALPO,MOVIMIENTO REGIONAL PARA EL DESARROLLO CON SEGURIDAD Y HONRADEZ,65,M,CASTELLANO
120409,LA LIBERTAD,OTUZCO,SALPO,PARTIDO APRISTA PERUANO,1985,M,CASTELLANO
120409,LA LIBERTAD,OTUZCO,SALPO,PARTIDO DEMOCRATICO SOMOS PERU,39,M,CASTELLANO
120409,LA LIBERTAD,OTUZCO,SALPO,RESTAURACION NACIONAL,460,M,CASTELLANO
120409,LA LIBERTAD,OTUZCO,SALPO,SOLIDARIDAD NACIONAL,14,M,CASTELLANO
120409,LA LIBERTAD,OTUZCO,SALPO,VAMOS PERU,16,M,CASTELLANO
120410,LA LIBERTAD,OTUZCO,SINSICAP,ACCION POPULAR,21,M,CASTELLANO
120410,LA LIBERTAD,OTUZCO,SINSICAP,ALIANZA PARA EL PROGRESO,75,M,CASTELLANO
120410,LA LIBERTAD,OTUZCO,SINSICAP,DEMOCRACIA DIRECTA,290,M,CASTELLANO
120410,LA LIBERTAD,OTUZCO,SINSICAP,"MOVIMIENTO REGIONAL INDEPENDIENTE DE CAMPESINOS, OBREROS, EMPLEADOS Y ESTUDIANTES",142,M,CASTELLANO
120410,LA LIBERTAD,OTUZCO,SINSICAP,PARTIDO APRISTA PERUANO,133,M,CASTELLANO
120410,LA LIBERTAD,OTUZCO,SINSICAP,PARTIDO HUMANISTA PERUANO,111,M,CASTELLANO
120410,LA LIBERTAD,OTUZCO,SINSICAP,RESTAURACION NACIONAL,1018,M,CASTELLANO
120410,LA LIBERTAD,OTUZCO,SINSICAP,SOLIDARIDAD NACIONAL,27,M,CASTELLANO
120411,LA LIBERTAD,OTUZCO,USQUIL,ALIANZA PARA EL PROGRESO,210,M,CASTELLANO
120411,LA LIBERTAD,OTUZCO,USQUIL,"MOVIMIENTO REGIONAL INDEPENDIENTE DE CAMPESINOS, OBREROS, EMPLEADOS Y ESTUDIANTES",3868,M,CASTELLANO
120411,LA LIBERTAD,OTUZCO,USQUIL,PARTIDO APRISTA PERUANO,253,M,CASTELLANO
120411,LA LIBERTAD,OTUZCO,USQUIL,RESTAURACION NACIONAL,7361,M,CASTELLANO
120411,LA LIBERTAD,OTUZCO,USQUIL,SOLIDARIDAD NACIONAL,29,M,CASTELLANO
120413,LA LIBERTAD,OTUZCO,MACHE,ALIANZA PARA EL PROGRESO,296,M,CASTELLANO
120413,LA LIBERTAD,OTUZCO,MACHE,"MOVIMIENTO REGIONAL INDEPENDIENTE DE CAMPESINOS, OBREROS, EMPLEADOS Y ESTUDIANTES",876,M,CASTELLANO
120413,LA LIBERTAD,OTUZCO,MACHE,PARTIDO APRISTA PERUANO,952,M,CASTELLANO
120413,LA LIBERTAD,OTUZCO,MACHE,RESTAURACION NACIONAL,381,M,CASTELLANO
120413,LA LIBERTAD,OTUZCO,MACHE,SOLIDARIDAD NACIONAL,4,M,CASTELLANO
120503,LA LIBERTAD,PACASMAYO,GUADALUPE,ALIANZA PARA EL PROGRESO,7374,M,CASTELLANO
120503,LA LIBERTAD,PACASMAYO,GUADALUPE,"EL FRENTE AMPLIO POR JUSTICIA, VIDA Y LIBERTAD",263,M,CASTELLANO
120503,LA LIBERTAD,PACASMAYO,GUADALUPE,FUERZA POPULAR,2685,M,CASTELLANO
120503,LA LIBERTAD,PACASMAYO,GUADALUPE,MOVIMIENTO INDEPENDIENTE UNIDOS POR GUADALUPE,1251,M,CASTELLANO
120503,LA LIBERTAD,PACASMAYO,GUADALUPE,MOVIMIENTO REGIONAL PARA EL DESARROLLO CON SEGURIDAD Y HONRADEZ,1357,M,CASTELLANO
120503,LA LIBERTAD,PACASMAYO,GUADALUPE,PARTIDO APRISTA PERUANO,4510,M,CASTELLANO
120503,LA LIBERTAD,PACASMAYO,GUADALUPE,PERU PATRIA SEGURA,681,M,CASTELLANO
120503,LA LIBERTAD,PACASMAYO,GUADALUPE,VAMOS PERU,728,M,CASTELLANO
120504,LA LIBERTAD,PACASMAYO,JEQUETEPEQUE,ALIANZA PARA EL PROGRESO,463,M,CASTELLANO
120504,LA LIBERTAD,PACASMAYO,JEQUETEPEQUE,FUERZA POPULAR,506,M,CASTELLANO
120504,LA LIBERTAD,PACASMAYO,JEQUETEPEQUE,MOVIMIENTO REGIONAL PARA EL DESARROLLO CON SEGURIDAD Y HONRADEZ,334,M,CASTELLANO
120504,LA LIBERTAD,PACASMAYO,JEQUETEPEQUE,PARTIDO POPULAR CRISTIANO - PPC,3,M,CASTELLANO
120504,LA LIBERTAD,PACASMAYO,JEQUETEPEQUE,PERU PATRIA SEGURA,694,M,CASTELLANO
120504,LA LIBERTAD,PACASMAYO,JEQUETEPEQUE,RESTAURACION NACIONAL,118,M,CASTELLANO
120506,LA LIBERTAD,PACASMAYO,PACASMAYO,ACCION POPULAR,1220,M,CASTELLANO
120506,LA LIBERTAD,PACASMAYO,PACASMAYO,DEMOCRACIA DIRECTA,2332,M,CASTELLANO
120506,LA LIBERTAD,PACASMAYO,PACASMAYO,FRATERNIDAD Y SOLIDARIDAD PACASMAYINA,558,M,CASTELLANO
120506,LA LIBERTAD,PACASMAYO,PACASMAYO,FUERZA POPULAR,1807,M,CASTELLANO
120506,LA LIBERTAD,PACASMAYO,PACASMAYO,MOVIMIENTO REGIONAL PARA EL DESARROLLO CON SEGURIDAD Y HONRADEZ,3756,M,CASTELLANO
120506,LA LIBERTAD,PACASMAYO,PACASMAYO,PARTIDO APRISTA PERUANO,926,M,CASTELLANO
120506,LA LIBERTAD,PACASMAYO,PACASMAYO,PARTIDO POPULAR CRISTIANO - PPC,2541,M,CASTELLANO
120506,LA LIBERTAD,PACASMAYO,PACASMAYO,PERU PATRIA SEGURA,0,M,CASTELLANO
120506,LA LIBERTAD,PACASMAYO,PACASMAYO,RESTAURACION NACIONAL,1126,M,CASTELLANO
120506,LA LIBERTAD,PACASMAYO,PACASMAYO,SUMATE POR UNA NUEVA LIBERTAD,362,M,CASTELLANO
120508,LA LIBERTAD,PACASMAYO,SAN JOSE,ALIANZA PARA EL PROGRESO,3155,M,CASTELLANO
120508,LA LIBERTAD,PACASMAYO,SAN JOSE,FUERZA POPULAR,2521,M,CASTELLANO
120508,LA LIBERTAD,PACASMAYO,SAN JOSE,JUNTOS NUEVAMENTE Y OBRAS PARA TODOS,511,M,CASTELLANO
120508,LA LIBERTAD,PACASMAYO,SAN JOSE,MOVIMIENTO REGIONAL PARA EL DESARROLLO CON SEGURIDAD Y HONRADEZ,249,M,CASTELLANO
120508,LA LIBERTAD,PACASMAYO,SAN JOSE,PARTIDO APRISTA PERUANO,169,M,CASTELLANO
120602,LA LIBERTAD,PATAZ,BULDIBUYO,ACCION POPULAR,1017,M,CASTELLANO
120602,LA LIBERTAD,PATAZ,BULDIBUYO,ALIANZA PARA EL PROGRESO,618,M,CASTELLANO
120602,LA LIBERTAD,PATAZ,BULDIBUYO,PARTIDO APRISTA PERUANO,173,M,CASTELLANO
120602,LA LIBERTAD,PATAZ,BULDIBUYO,RESTAURACION NACIONAL,132,M,CASTELLANO
120602,LA LIBERTAD,PATAZ,BULDIBUYO,SUMATE POR UNA NUEVA LIBERTAD,21,M,CASTELLANO
120602,LA LIBERTAD,PATAZ,BULDIBUYO,UNION POR EL PERU,11,M,CASTELLANO
120603,LA LIBERTAD,PATAZ,CHILLIA,ACCION POPULAR,1561,M,CASTELLANO
120603,LA LIBERTAD,PATAZ,CHILLIA,ALIANZA PARA EL PROGRESO,98,M,CASTELLANO
120603,LA LIBERTAD,PATAZ,CHILLIA,FUERZA POPULAR,60,M,CASTELLANO
120603,LA LIBERTAD,PATAZ,CHILLIA,PARTIDO APRISTA PERUANO,1044,M,CASTELLANO
120603,LA LIBERTAD,PATAZ,CHILLIA,RESTAURACION NACIONAL,730,M,CASTELLANO
120603,LA LIBERTAD,PATAZ,CHILLIA,SUMATE POR UNA NUEVA LIBERTAD,1343,M,CASTELLANO
120603,LA LIBERTAD,PATAZ,CHILLIA,UNION POR EL PERU,26,M,CASTELLANO
120604,LA LIBERTAD,PATAZ,HUAYLILLAS,ALIANZA PARA EL PROGRESO,241,M,CASTELLANO
120604,LA LIBERTAD,PATAZ,HUAYLILLAS,PARTIDO APRISTA PERUANO,493,M,CASTELLANO
120604,LA LIBERTAD,PATAZ,HUAYLILLAS,SUMATE POR UNA NUEVA LIBERTAD,12,M,CASTELLANO
120605,LA LIBERTAD,PATAZ,HUANCASPATA,ACCION POPULAR,539,M,CASTELLANO
120605,LA LIBERTAD,PATAZ,HUANCASPATA,ALIANZA PARA EL PROGRESO,551,M,CASTELLANO
120605,LA LIBERTAD,PATAZ,HUANCASPATA,DEMOCRACIA DIRECTA,41,M,CASTELLANO
120605,LA LIBERTAD,PATAZ,HUANCASPATA,FUERZA POPULAR,102,M,CASTELLANO
120605,LA LIBERTAD,PATAZ,HUANCASPATA,PARTIDO APRISTA PERUANO,279,M,CASTELLANO
120605,LA LIBERTAD,PATAZ,HUANCASPATA,PERU PATRIA SEGURA,50,M,CASTELLANO
120605,LA LIBERTAD,PATAZ,HUANCASPATA,RESTAURACION NACIONAL,48,M,CASTELLANO
120605,LA LIBERTAD,PATAZ,HUANCASPATA,SUMATE POR UNA NUEVA LIBERTAD,237,M,CASTELLANO
120605,LA LIBERTAD,PATAZ,HUANCASPATA,UNION POR EL PERU,41,M,CASTELLANO
120606,LA LIBERTAD,PATAZ,HUAYO,ACCION POPULAR,648,M,CASTELLANO
120606,LA LIBERTAD,PATAZ,HUAYO,ALIANZA PARA EL PROGRESO,414,M,CASTELLANO
120606,LA LIBERTAD,PATAZ,HUAYO,DEMOCRACIA DIRECTA,52,M,CASTELLANO
120606,LA LIBERTAD,PATAZ,HUAYO,FUERZA POPULAR,40,M,CASTELLANO
120606,LA LIBERTAD,PATAZ,HUAYO,PARTIDO APRISTA PERUANO,239,M,CASTELLANO
120606,LA LIBERTAD,PATAZ,HUAYO,RESTAURACION NACIONAL,370,M,CASTELLANO
120606,LA LIBERTAD,PATAZ,HUAYO,SOLIDARIDAD NACIONAL,19,M,CASTELLANO
120606,LA LIBERTAD,PATAZ,HUAYO,SUMATE POR UNA NUEVA LIBERTAD,22,M,CASTELLANO
120607,LA LIBERTAD,PATAZ,ONGON,ACCION POPULAR,334,M,CASTELLANO
120607,LA LIBERTAD,PATAZ,ONGON,ALIANZA PARA EL PROGRESO,190,M,CASTELLANO
120607,LA LIBERTAD,PATAZ,ONGON,DEMOCRACIA DIRECTA,41,M,CASTELLANO
120607,LA LIBERTAD,PATAZ,ONGON,FUERZA POPULAR,15,M,CASTELLANO
120607,LA LIBERTAD,PATAZ,ONGON,PARTIDO APRISTA PERUANO,21,M,CASTELLANO
120607,LA LIBERTAD,PATAZ,ONGON,RESTAURACION NACIONAL,82,M,CASTELLANO
120607,LA LIBERTAD,PATAZ,ONGON,SUMATE POR UNA NUEVA LIBERTAD,160,M,CASTELLANO
120607,LA LIBERTAD,PATAZ,ONGON,UNION POR EL PERU,3,M,CASTELLANO
120608,LA LIBERTAD,PATAZ,PARCOY,ACCION POPULAR,592,M,CASTELLANO
120608,LA LIBERTAD,PATAZ,PARCOY,ALIANZA PARA EL PROGRESO,312,M,CASTELLANO
120608,LA LIBERTAD,PATAZ,PARCOY,DEMOCRACIA DIRECTA,644,M,CASTELLANO
120608,LA LIBERTAD,PATAZ,PARCOY,FUERZA POPULAR,969,M,CASTELLANO
120608,LA LIBERTAD,PATAZ,PARCOY,"MOVIMIENTO REGIONAL INDEPENDIENTE DE CAMPESINOS, OBREROS, EMPLEADOS Y ESTUDIANTES",55,M,CASTELLANO
120608,LA LIBERTAD,PATAZ,PARCOY,MOVIMIENTO REGIONAL PARA EL DESARROLLO CON SEGURIDAD Y HONRADEZ,199,M,CASTELLANO
120608,LA LIBERTAD,PATAZ,PARCOY,PARTIDO APRISTA PERUANO,361,M,CASTELLANO
120608,LA LIBERTAD,PATAZ,PARCOY,PERU PATRIA SEGURA,102,M,CASTELLANO
120608,LA LIBERTAD,PATAZ,PARCOY,PERU POSIBLE,139,M,CASTELLANO
120608,LA LIBERTAD,PATAZ,PARCOY,RESTAURACION NACIONAL,65,M,CASTELLANO
120608,LA LIBERTAD,PATAZ,PARCOY,SOLIDARIDAD NACIONAL,33,M,CASTELLANO
120608,LA LIBERTAD,PATAZ,PARCOY,SUMATE POR UNA NUEVA LIBERTAD,392,M,CASTELLANO
120608,LA LIBERTAD,PATAZ,PARCOY,UNION POR EL PERU,183,M,CASTELLANO
120609,LA LIBERTAD,PATAZ,PATAZ,ACCION POPULAR,91,M,CASTELLANO
120609,LA LIBERTAD,PATAZ,PATAZ,ALIANZA PARA EL PROGRESO,260,M,CASTELLANO
120609,LA LIBERTAD,PATAZ,PATAZ,FUERZA POPULAR,257,M,CASTELLANO
120609,LA LIBERTAD,PATAZ,PATAZ,PARTIDO APRISTA PERUANO,507,M,CASTELLANO
120609,LA LIBERTAD,PATAZ,PATAZ,RUMBO AL DESARROLLO,450,M,CASTELLANO
120609,LA LIBERTAD,PATAZ,PATAZ,SUMATE POR UNA NUEVA LIBERTAD,1039,M,CASTELLANO
120610,LA LIBERTAD,PATAZ,PIAS,ACCION POPULAR,97,M,CASTELLANO
120610,LA LIBERTAD,PATAZ,PIAS,FUERZA POPULAR,427,M,CASTELLANO
120610,LA LIBERTAD,PATAZ,PIAS,SUMATE POR UNA NUEVA LIBERTAD,226,M,CASTELLANO
120611,LA LIBERTAD,PATAZ,TAURIJA,ACCION POPULAR,76,M,CASTELLANO
120611,LA LIBERTAD,PATAZ,TAURIJA,ALIANZA PARA EL PROGRESO,197,M,CASTELLANO
120611,LA LIBERTAD,PATAZ,TAURIJA,FUERZA POPULAR,25,M,CASTELLANO
120611,LA LIBERTAD,PATAZ,TAURIJA,PARTIDO APRISTA PERUANO,20,M,CASTELLANO
120611,LA LIBERTAD,PATAZ,TAURIJA,RESTAURACION NACIONAL,11,M,CASTELLANO
120611,LA LIBERTAD,PATAZ,TAURIJA,SUMATE POR UNA NUEVA LIBERTAD,223,M,CASTELLANO
120612,LA LIBERTAD,PATAZ,URPAY,ACCION POPULAR,397,M,CASTELLANO
120612,LA LIBERTAD,PATAZ,URPAY,ALIANZA PARA EL PROGRESO,155,M,CASTELLANO
120612,LA LIBERTAD,PATAZ,URPAY,DEMOCRACIA DIRECTA,59,M,CASTELLANO
120612,LA LIBERTAD,PATAZ,URPAY,FUERZA POPULAR,118,M,CASTELLANO
120612,LA LIBERTAD,PATAZ,URPAY,PARTIDO APRISTA PERUANO,58,M,CASTELLANO
120612,LA LIBERTAD,PATAZ,URPAY,RESTAURACION NACIONAL,32,M,CASTELLANO
120612,LA LIBERTAD,PATAZ,URPAY,SUMATE POR UNA NUEVA LIBERTAD,436,M,CASTELLANO
120612,LA LIBERTAD,PATAZ,URPAY,UNION POR EL PERU,104,M,CASTELLANO
120613,LA LIBERTAD,PATAZ,SANTIAGO DE CHALLAS,ACCION POPULAR,210,M,CASTELLANO
120613,LA LIBERTAD,PATAZ,SANTIAGO DE CHALLAS,ALIANZA PARA EL PROGRESO,145,M,CASTELLANO
120613,LA LIBERTAD,PATAZ,SANTIAGO DE CHALLAS,DEMOCRACIA DIRECTA,33,M,CASTELLANO
120613,LA LIBERTAD,PATAZ,SANTIAGO DE CHALLAS,"EL FRENTE AMPLIO POR JUSTICIA, VIDA Y LIBERTAD",163,M,CASTELLANO
120613,LA LIBERTAD,PATAZ,SANTIAGO DE CHALLAS,FUERZA POPULAR,133,M,CASTELLANO
120613,LA LIBERTAD,PATAZ,SANTIAGO DE CHALLAS,PARTIDO APRISTA PERUANO,266,M,CASTELLANO
120613,LA LIBERTAD,PATAZ,SANTIAGO DE CHALLAS,PARTIDO POPULAR CRISTIANO - PPC,103,M,CASTELLANO
120613,LA LIBERTAD,PATAZ,SANTIAGO DE CHALLAS,SUMATE POR UNA NUEVA LIBERTAD,102,M,CASTELLANO
120702,LA LIBERTAD,SANTIAGO DE CHUCO,CACHICADAN,ACCION POPULAR,23,M,CASTELLANO
120702,LA LIBERTAD,SANTIAGO DE CHUCO,CACHICADAN,ALIANZA PARA EL PROGRESO,1543,M,CASTELLANO
120702,LA LIBERTAD,SANTIAGO DE CHUCO,CACHICADAN,DIGNIDAD SANTIAGUINA,2,M,CASTELLANO
120702,LA LIBERTAD,SANTIAGO DE CHUCO,CACHICADAN,FUERZA POPULAR,102,M,CASTELLANO
120702,LA LIBERTAD,SANTIAGO DE CHUCO,CACHICADAN,UNION POR EL PERU,1269,M,CASTELLANO
120702,LA LIBERTAD,SANTIAGO DE CHUCO,CACHICADAN,VAMOS PERU,22,M,CASTELLANO
120703,LA LIBERTAD,SANTIAGO DE CHUCO,MOLLEBAMBA,ALIANZA PARA EL PROGRESO,114,M,CASTELLANO
120703,LA LIBERTAD,SANTIAGO DE CHUCO,MOLLEBAMBA,PARTIDO POPULAR CRISTIANO - PPC,188,M,CASTELLANO
120703,LA LIBERTAD,SANTIAGO DE CHUCO,MOLLEBAMBA,POR EL DESARROLLO DE MOLLEBAMBA Y SUS CASERIOS,542,M,CASTELLANO
120704,LA LIBERTAD,SANTIAGO DE CHUCO,MOLLEPATA,ALIANZA PARA EL PROGRESO,0,M,CASTELLANO
120704,LA LIBERTAD,SANTIAGO DE CHUCO,MOLLEPATA,DIGNIDAD SANTIAGUINA,0,M,CASTELLANO
120704,LA LIBERTAD,SANTIAGO DE CHUCO,MOLLEPATA,JUNTOS POR LA RESTAURACION AGRARIA,0,M,CASTELLANO
120704,LA LIBERTAD,SANTIAGO DE CHUCO,MOLLEPATA,"MOVIMIENTO REGIONAL INDEPENDIENTE DE CAMPESINOS, OBREROS, EMPLEADOS Y ESTUDIANTES",0,M,CASTELLANO
120704,LA LIBERTAD,SANTIAGO DE CHUCO,MOLLEPATA,MOVIMIENTO REGIONAL PARA EL DESARROLLO CON SEGURIDAD Y HONRADEZ,0,M,CASTELLANO
120704,LA LIBERTAD,SANTIAGO DE CHUCO,MOLLEPATA,PARTIDO POPULAR CRISTIANO - PPC,0,M,CASTELLANO
120704,LA LIBERTAD,SANTIAGO DE CHUCO,MOLLEPATA,RESTAURACION NACIONAL,0,M,CASTELLANO
120704,LA LIBERTAD,SANTIAGO DE CHUCO,MOLLEPATA,SUMATE POR UNA NUEVA LIBERTAD,0,M,CASTELLANO
120705,LA LIBERTAD,SANTIAGO DE CHUCO,QUIRUVILCA,ACCION POPULAR,137,M,CASTELLANO
120705,LA LIBERTAD,SANTIAGO DE CHUCO,QUIRUVILCA,ALIANZA PARA EL PROGRESO,555,M,CASTELLANO
120705,LA LIBERTAD,SANTIAGO DE CHUCO,QUIRUVILCA,DIGNIDAD SANTIAGUINA,52,M,CASTELLANO
120705,LA LIBERTAD,SANTIAGO DE CHUCO,QUIRUVILCA,"MOVIMIENTO REGIONAL INDEPENDIENTE DE CAMPESINOS, OBREROS, EMPLEADOS Y ESTUDIANTES",128,M,CASTELLANO
120705,LA LIBERTAD,SANTIAGO DE CHUCO,QUIRUVILCA,MOVIMIENTO REGIONAL PARA EL DESARROLLO CON SEGURIDAD Y HONRADEZ,41,M,CASTELLANO
120705,LA LIBERTAD,SANTIAGO DE CHUCO,QUIRUVILCA,PARTIDO APRISTA PERUANO,2466,M,CASTELLANO
120705,LA LIBERTAD,SANTIAGO DE CHUCO,QUIRUVILCA,PARTIDO POPULAR CRISTIANO - PPC,1054,M,CASTELLANO
120705,LA LIBERTAD,SANTIAGO DE CHUCO,QUIRUVILCA,RESTAURACION NACIONAL,561,M,CASTELLANO
120705,LA LIBERTAD,SANTIAGO DE CHUCO,QUIRUVILCA,SIEMPRE UNIDOS,8,M,CASTELLANO
120705,LA LIBERTAD,SANTIAGO DE CHUCO,QUIRUVILCA,VAMOS PERU,29,M,CASTELLANO
120706,LA LIBERTAD,SANTIAGO DE CHUCO,SANTA CRUZ DE CHUCA,ALIANZA PARA EL PROGRESO,565,M,CASTELLANO
120706,LA LIBERTAD,SANTIAGO DE CHUCO,SANTA CRUZ DE CHUCA,DEMOCRACIA DIRECTA,56,M,CASTELLANO
120706,LA LIBERTAD,SANTIAGO DE CHUCO,SANTA CRUZ DE CHUCA,"MOVIMIENTO REGIONAL INDEPENDIENTE DE CAMPESINOS, OBREROS, EMPLEADOS Y ESTUDIANTES",639,M,CASTELLANO
120706,LA LIBERTAD,SANTIAGO DE CHUCO,SANTA CRUZ DE CHUCA,MOVIMIENTO REGIONAL PARA EL DESARROLLO CON SEGURIDAD Y HONRADEZ,55,M,CASTELLANO
120706,LA LIBERTAD,SANTIAGO DE CHUCO,SANTA CRUZ DE CHUCA,PARTIDO APRISTA PERUANO,118,M,CASTELLANO
120706,LA LIBERTAD,SANTIAGO DE CHUCO,SANTA CRUZ DE CHUCA,UNION POR EL PERU,22,M,CASTELLANO
120706,LA LIBERTAD,SANTIAGO DE CHUCO,SANTA CRUZ DE CHUCA,VAMOS PERU,67,M,CASTELLANO
120707,LA LIBERTAD,SANTIAGO DE CHUCO,SITABAMBA,ACCION POPULAR,243,M,CASTELLANO
120707,LA LIBERTAD,SANTIAGO DE CHUCO,SITABAMBA,ALIANZA PARA EL PROGRESO,247,M,CASTELLANO
120707,LA LIBERTAD,SANTIAGO DE CHUCO,SITABAMBA,DEMOCRACIA DIRECTA,42,M,CASTELLANO
120707,LA LIBERTAD,SANTIAGO DE CHUCO,SITABAMBA,DIGNIDAD SANTIAGUINA,447,M,CASTELLANO
120707,LA LIBERTAD,SANTIAGO DE CHUCO,SITABAMBA,"EL FRENTE AMPLIO POR JUSTICIA, VIDA Y LIBERTAD",64,M,CASTELLANO
120707,LA LIBERTAD,SANTIAGO DE CHUCO,SITABAMBA,FUERZA POPULAR,191,M,CASTELLANO
120707,LA LIBERTAD,SANTIAGO DE CHUCO,SITABAMBA,"MOVIMIENTO REGIONAL INDEPENDIENTE DE CAMPESINOS, OBREROS, EMPLEADOS Y ESTUDIANTES",233,M,CASTELLANO
120707,LA LIBERTAD,SANTIAGO DE CHUCO,SITABAMBA,RESTAURACION NACIONAL,25,M,CASTELLANO
120707,LA LIBERTAD,SANTIAGO DE CHUCO,SITABAMBA,SUMATE POR UNA NUEVA LIBERTAD,88,M,CASTELLANO
120708,LA LIBERTAD,SANTIAGO DE CHUCO,ANGASMARCA,ACCION POPULAR,681,M,CASTELLANO
120708,LA LIBERTAD,SANTIAGO DE CHUCO,ANGASMARCA,ALIANZA PARA EL PROGRESO,159,M,CASTELLANO
120708,LA LIBERTAD,SANTIAGO DE CHUCO,ANGASMARCA,DEMOCRACIA DIRECTA,166,M,CASTELLANO
120708,LA LIBERTAD,SANTIAGO DE CHUCO,ANGASMARCA,DIGNIDAD SANTIAGUINA,174,M,CASTELLANO
120708,LA LIBERTAD,SANTIAGO DE CHUCO,ANGASMARCA,"MOVIMIENTO REGIONAL INDEPENDIENTE DE CAMPESINOS, OBREROS, EMPLEADOS Y ESTUDIANTES",356,M,CASTELLANO
120708,LA LIBERTAD,SANTIAGO DE CHUCO,ANGASMARCA,PARTIDO APRISTA PERUANO,119,M,CASTELLANO
120708,LA LIBERTAD,SANTIAGO DE CHUCO,ANGASMARCA,PARTIDO POPULAR CRISTIANO - PPC,8,M,CASTELLANO
120708,LA LIBERTAD,SANTIAGO DE CHUCO,ANGASMARCA,RESTAURACION NACIONAL,173,M,CASTELLANO
120708,LA LIBERTAD,SANTIAGO DE CHUCO,ANGASMARCA,SUMATE POR UNA NUEVA LIBERTAD,187,M,CASTELLANO
120708,LA LIBERTAD,SANTIAGO DE CHUCO,ANGASMARCA,UNION POR EL PERU,119,M,CASTELLANO
120708,LA LIBERTAD,SANTIAGO DE CHUCO,ANGASMARCA,VAMOS PERU,135,M,CASTELLANO
120802,LA LIBERTAD,ASCOPE,CHICAMA,ACCION POR EL BIENESTAR,26,M,CASTELLANO
120802,LA LIBERTAD,ASCOPE,CHICAMA,ALIANZA PARA EL PROGRESO,2024,M,CASTELLANO
120802,LA LIBERTAD,ASCOPE,CHICAMA,FUERZA POPULAR,686,M,CASTELLANO
120802,LA LIBERTAD,ASCOPE,CHICAMA,MAS ACCION,1125,M,CASTELLANO
120802,LA LIBERTAD,ASCOPE,CHICAMA,MOVIMIENTO INDEPENDIENTE GENERACION CONSCIENTE - MI GENTE,1649,M,CASTELLANO
120802,LA LIBERTAD,ASCOPE,CHICAMA,MOVIMIENTO REGIONAL PARA EL DESARROLLO CON SEGURIDAD Y HONRADEZ,1056,M,CASTELLANO
120802,LA LIBERTAD,ASCOPE,CHICAMA,PARTIDO APRISTA PERUANO,1714,M,CASTELLANO
120802,LA LIBERTAD,ASCOPE,CHICAMA,PARTIDO POPULAR CRISTIANO - PPC,166,M,CASTELLANO
120802,LA LIBERTAD,ASCOPE,CHICAMA,SOLIDARIDAD NACIONAL,487,M,CASTELLANO
120803,LA LIBERTAD,ASCOPE,CHOCOPE,ALIANZA PARA EL PROGRESO,1395,M,CASTELLANO
120803,LA LIBERTAD,ASCOPE,CHOCOPE,FUERZA POPULAR,310,M,CASTELLANO
120803,LA LIBERTAD,ASCOPE,CHOCOPE,MAS ACCION,337,M,CASTELLANO
120803,LA LIBERTAD,ASCOPE,CHOCOPE,MOVIMIENTO REGIONAL PARA EL DESARROLLO CON SEGURIDAD Y HONRADEZ,2573,M,CASTELLANO
120803,LA LIBERTAD,ASCOPE,CHOCOPE,PARTIDO APRISTA PERUANO,2062,M,CASTELLANO
120804,LA LIBERTAD,ASCOPE,SANTIAGO DE CAO,ACCION POR EL BIENESTAR,994,M,CASTELLANO
120804,LA LIBERTAD,ASCOPE,SANTIAGO DE CAO,ALIANZA PARA EL PROGRESO,701,M,CASTELLANO
120804,LA LIBERTAD,ASCOPE,SANTIAGO DE CAO,DEMOCRACIA DIRECTA,479,M,CASTELLANO
120804,LA LIBERTAD,ASCOPE,SANTIAGO DE CAO,"EL FRENTE AMPLIO POR JUSTICIA, VIDA Y LIBERTAD",532,M,CASTELLANO
120804,LA LIBERTAD,ASCOPE,SANTIAGO DE CAO,MAS ACCION,3725,M,CASTELLANO
120804,LA LIBERTAD,ASCOPE,SANTIAGO DE CAO,MOVIMIENTO INDEPENDIENTE DIGNIDAD VECINAL,95,M,CASTELLANO
120804,LA LIBERTAD,ASCOPE,SANTIAGO DE CAO,MOVIMIENTO REGIONAL PARA EL DESARROLLO CON SEGURIDAD Y HONRADEZ,236,M,CASTELLANO
120804,LA LIBERTAD,ASCOPE,SANTIAGO DE CAO,PARTIDO APRISTA PERUANO,2519,M,CASTELLANO
120804,LA LIBERTAD,ASCOPE,SANTIAGO DE CAO,PARTIDO POPULAR CRISTIANO - PPC,2506,M,CASTELLANO
120805,LA LIBERTAD,ASCOPE,MAGDALENA DE CAO,ALIANZA PARA EL PROGRESO,471,M,CASTELLANO
120805,LA LIBERTAD,ASCOPE,MAGDALENA DE CAO,FUERZA POPULAR,591,M,CASTELLANO
120805,LA LIBERTAD,ASCOPE,MAGDALENA DE CAO,MAS ACCION,151,M,CASTELLANO
120805,LA LIBERTAD,ASCOPE,MAGDALENA DE CAO,PARTIDO APRISTA PERUANO,198,M,CASTELLANO
120805,LA LIBERTAD,ASCOPE,MAGDALENA DE CAO,PARTIDO HUMANISTA PERUANO,431,M,CASTELLANO
120806,LA LIBERTAD,ASCOPE,PAIJAN,ACCION POR EL BIENESTAR,94,M,CASTELLANO
120806,LA LIBERTAD,ASCOPE,PAIJAN,ALIANZA PARA EL PROGRESO,4461,M,CASTELLANO
120806,LA LIBERTAD,ASCOPE,PAIJAN,FUERZA POPULAR,2146,M,CASTELLANO
120806,LA LIBERTAD,ASCOPE,PAIJAN,MAS ACCION,4407,M,CASTELLANO
120806,LA LIBERTAD,ASCOPE,PAIJAN,MOVIMIENTO REGIONAL PARA EL DESARROLLO CON SEGURIDAD Y HONRADEZ,108,M,CASTELLANO
120806,LA LIBERTAD,ASCOPE,PAIJAN,PARTIDO APRISTA PERUANO,1960,M,CASTELLANO
120806,LA LIBERTAD,ASCOPE,PAIJAN,SOLIDARIDAD NACIONAL,136,M,CASTELLANO
120806,LA LIBERTAD,ASCOPE,PAIJAN,¡ARRIBA PAIJAN!,234,M,CASTELLANO
120807,LA LIBERTAD,ASCOPE,RAZURI,ALIANZA PARA EL PROGRESO,632,F,CASTELLANO
120807,LA LIBERTAD,ASCOPE,RAZURI,FUERZA POPULAR,884,F,CASTELLANO
120807,LA LIBERTAD,ASCOPE,RAZURI,MAS ACCION,396,F,CASTELLANO
120807,LA LIBERTAD,ASCOPE,RAZURI,MOVIMIENTO REGIONAL PARA EL DESARROLLO CON SEGURIDAD Y HONRADEZ,827,F,CASTELLANO
120807,LA LIBERTAD,ASCOPE,RAZURI,PARTIDO APRISTA PERUANO,1265,F,CASTELLANO
120807,LA LIBERTAD,ASCOPE,RAZURI,RESTAURACION NACIONAL,32,F,CASTELLANO
120808,LA LIBERTAD,ASCOPE,CASA GRANDE,ACCION POR EL BIENESTAR,1710,M,CASTELLANO
120808,LA LIBERTAD,ASCOPE,CASA GRANDE,ALIANZA PARA EL PROGRESO,3992,M,CASTELLANO
120808,LA LIBERTAD,ASCOPE,CASA GRANDE,DEMOCRACIA DIRECTA,241,M,CASTELLANO
120808,LA LIBERTAD,ASCOPE,CASA GRANDE,FUERZA POPULAR,1525,M,CASTELLANO
120808,LA LIBERTAD,ASCOPE,CASA GRANDE,MAS ACCION,720,M,CASTELLANO
120808,LA LIBERTAD,ASCOPE,CASA GRANDE,MOVIMIENTO INDEPENDIENTE DIGNIDAD VECINAL,709,M,CASTELLANO
120808,LA LIBERTAD,ASCOPE,CASA GRANDE,MOVIMIENTO INDEPENDIENTE TIERRA DULCE,1103,M,CASTELLANO
120808,LA LIBERTAD,ASCOPE,CASA GRANDE,MOVIMIENTO POLITICO INDEPENDIENTE MI VALLE CHICAMA CASA GRANDE,847,M,CASTELLANO
120808,LA LIBERTAD,ASCOPE,CASA GRANDE,"MOVIMIENTO REGIONAL INDEPENDIENTE DE CAMPESINOS, OBREROS, EMPLEADOS Y ESTUDIANTES",198,M,CASTELLANO
120808,LA LIBERTAD,ASCOPE,CASA GRANDE,MOVIMIENTO REGIONAL PARA EL DESARROLLO CON SEGURIDAD Y HONRADEZ,1000,M,CASTELLANO
120808,LA LIBERTAD,ASCOPE,CASA GRANDE,PARTIDO APRISTA PERUANO,2296,M,CASTELLANO
120808,LA LIBERTAD,ASCOPE,CASA GRANDE,PARTIDO HUMANISTA PERUANO,233,M,CASTELLANO
120808,LA LIBERTAD,ASCOPE,CASA GRANDE,PARTIDO POPULAR CRISTIANO - PPC,80,M,CASTELLANO
120808,LA LIBERTAD,ASCOPE,CASA GRANDE,PERU PATRIA SEGURA,366,M,CASTELLANO
120808,LA LIBERTAD,ASCOPE,CASA GRANDE,RESTAURACION NACIONAL,31,M,CASTELLANO
120808,LA LIBERTAD,ASCOPE,CASA GRANDE,SIEMPRE UNIDOS,83,M,CASTELLANO
120808,LA LIBERTAD,ASCOPE,CASA GRANDE,SOLIDARIDAD NACIONAL,406,M,CASTELLANO
120808,LA LIBERTAD,ASCOPE,CASA GRANDE,SUMATE POR UNA NUEVA LIBERTAD,942,M,CASTELLANO
120808,LA LIBERTAD,ASCOPE,CASA GRANDE,UNION POR EL PERU,77,M,CASTELLANO
120808,LA LIBERTAD,ASCOPE,CASA GRANDE,VAMOS PERU,176,M,CASTELLANO
120902,LA LIBERTAD,CHEPEN,PACANGA,ALIANZA PARA EL PROGRESO,333,M,CASTELLANO
120902,LA LIBERTAD,CHEPEN,PACANGA,FUERZA POPULAR,161,M,CASTELLANO
120902,LA LIBERTAD,CHEPEN,PACANGA,JUNTOS POR EL CAMBIO DE CHEPEN,4622,M,CASTELLANO
120902,LA LIBERTAD,CHEPEN,PACANGA,"PACANGA, CONSTRUYENDO FUTURO",3186,M,CASTELLANO
120903,LA LIBERTAD,CHEPEN,PUEBLO NUEVO,ALIANZA PARA EL PROGRESO,734,M,CASTELLANO
120903,LA LIBERTAD,CHEPEN,PUEBLO NUEVO,LA ESPERANZA DE LA PROVINCIA DE CHEPEN,2526,M,CASTELLANO
120903,LA LIBERTAD,CHEPEN,PUEBLO NUEVO,PARTIDO APRISTA PERUANO,3631,M,CASTELLANO
121002,LA LIBERTAD,JULCAN,CARABAMBA,ALIANZA PARA EL PROGRESO,846,M,CASTELLANO
121002,LA LIBERTAD,JULCAN,CARABAMBA,DEMOCRACIA DIRECTA,45,M,CASTELLANO
121002,LA LIBERTAD,JULCAN,CARABAMBA,"EL FRENTE AMPLIO POR JUSTICIA, VIDA Y LIBERTAD",70,M,CASTELLANO
121002,LA LIBERTAD,JULCAN,CARABAMBA,FUERZA POPULAR,1027,M,CASTELLANO
121002,LA LIBERTAD,JULCAN,CARABAMBA,"MOVIMIENTO REGIONAL INDEPENDIENTE DE CAMPESINOS, OBREROS, EMPLEADOS Y ESTUDIANTES",49,M,CASTELLANO
121002,LA LIBERTAD,JULCAN,CARABAMBA,MOVIMIENTO REGIONAL PARA EL DESARROLLO CON SEGURIDAD Y HONRADEZ,163,M,CASTELLANO
121002,LA LIBERTAD,JULCAN,CARABAMBA,PARTIDO APRISTA PERUANO,795,M,CASTELLANO
121002,LA LIBERTAD,JULCAN,CARABAMBA,RESTAURACION NACIONAL,578,M,CASTELLANO
121003,LA LIBERTAD,JULCAN,CALAMARCA,ACCION POPULAR,178,M,CASTELLANO
121003,LA LIBERTAD,JULCAN,CALAMARCA,ALIANZA PARA EL PROGRESO,140,M,CASTELLANO
121003,LA LIBERTAD,JULCAN,CALAMARCA,FUERZA POPULAR,1772,M,CASTELLANO
121003,LA LIBERTAD,JULCAN,CALAMARCA,RESTAURACION NACIONAL,1339,M,CASTELLANO
121003,LA LIBERTAD,JULCAN,CALAMARCA,TRABAJEMOS UNIDOS POR CALAMARCA,238,M,CASTELLANO
121004,LA LIBERTAD,JULCAN,HUASO,ALIANZA PARA EL PROGRESO,166,M,CASTELLANO
121004,LA LIBERTAD,JULCAN,HUASO,FUERZA POPULAR,66,M,CASTELLANO
121004,LA LIBERTAD,JULCAN,HUASO,JUNTOS POR EL PROGRESO DE HUASO,850,M,CASTELLANO
121004,LA LIBERTAD,JULCAN,HUASO,MOVIMIENTO INDEPENDIENTE TRABAJANDO POR EL DESARROLLO DE HUASO,508,M,CASTELLANO
121004,LA LIBERTAD,JULCAN,HUASO,MOVIMIENTO REGIONAL PARA EL DESARROLLO CON SEGURIDAD Y HONRADEZ,171,M,CASTELLANO
121004,LA LIBERTAD,JULCAN,HUASO,PARTIDO APRISTA PERUANO,444,M,CASTELLANO
121004,LA LIBERTAD,JULCAN,HUASO,PARTIDO HUMANISTA PERUANO,200,M,CASTELLANO
121004,LA LIBERTAD,JULCAN,HUASO,PERU POSIBLE,499,M,CASTELLANO
121102,LA LIBERTAD,GRAN CHIMU,LUCMA,ALIANZA PARA EL PROGRESO,267,M,CASTELLANO
121102,LA LIBERTAD,GRAN CHIMU,LUCMA,DEMOCRACIA DIRECTA,12,M,CASTELLANO
121102,LA LIBERTAD,GRAN CHIMU,LUCMA,FUERZA POPULAR,214,M,CASTELLANO
121102,LA LIBERTAD,GRAN CHIMU,LUCMA,PARTIDO APRISTA PERUANO,201,M,CASTELLANO
121102,LA LIBERTAD,GRAN CHIMU,LUCMA,PARTIDO HUMANISTA PERUANO,90,M,CASTELLANO
121102,LA LIBERTAD,GRAN CHIMU,LUCMA,PERU POSIBLE,30,M,CASTELLANO
121102,LA LIBERTAD,GRAN CHIMU,LUCMA,RENOVACION GRAN CHIMU,169,M,CASTELLANO
121102,LA LIBERTAD,GRAN CHIMU,LUCMA,SUMATE POR UNA NUEVA LIBERTAD,28,M,CASTELLANO
121103,LA LIBERTAD,GRAN CHIMU,MARMOT,ALIANZA PARA EL PROGRESO,403,M,CASTELLANO
121103,LA LIBERTAD,GRAN CHIMU,MARMOT,MOVIMIENTO REGIONAL PARA EL DESARROLLO CON SEGURIDAD Y HONRADEZ,217,M,CASTELLANO
121103,LA LIBERTAD,GRAN CHIMU,MARMOT,PARTIDO APRISTA PERUANO,234,M,CASTELLANO
121103,LA LIBERTAD,GRAN CHIMU,MARMOT,PARTIDO POPULAR CRISTIANO - PPC,73,M,CASTELLANO
121103,LA LIBERTAD,GRAN CHIMU,MARMOT,PERU PATRIA SEGURA,16,M,CASTELLANO
121103,LA LIBERTAD,GRAN CHIMU,MARMOT,RENOVACION GRAN CHIMU,223,M,CASTELLANO
121103,LA LIBERTAD,GRAN CHIMU,MARMOT,VAMOS PERU,21,M,CASTELLANO
121104,LA LIBERTAD,GRAN CHIMU,SAYAPULLO,ALIANZA PARA EL PROGRESO,804,M,CASTELLANO
121104,LA LIBERTAD,GRAN CHIMU,SAYAPULLO,DEMOCRACIA DIRECTA,58,M,CASTELLANO
121104,LA LIBERTAD,GRAN CHIMU,SAYAPULLO,FUERZA POPULAR,609,M,CASTELLANO
121104,LA LIBERTAD,GRAN CHIMU,SAYAPULLO,MOVIMIENTO REGIONAL PARA EL DESARROLLO CON SEGURIDAD Y HONRADEZ,668,M,CASTELLANO
121104,LA LIBERTAD,GRAN CHIMU,SAYAPULLO,ORGANIZACION POLITICA LOCAL DISTRITAL RENACER SAYAPULLO,88,M,CASTELLANO
121104,LA LIBERTAD,GRAN CHIMU,SAYAPULLO,PARTIDO APRISTA PERUANO,107,M,CASTELLANO
121104,LA LIBERTAD,GRAN CHIMU,SAYAPULLO,PARTIDO HUMANISTA PERUANO,63,M,CASTELLANO
121104,LA LIBERTAD,GRAN CHIMU,SAYAPULLO,RENOVACION GRAN CHIMU,529,M,CASTELLANO
121202,LA LIBERTAD,VIRU,CHAO,ALIANZA PARA EL PROGRESO,1273,M,CASTELLANO
121202,LA LIBERTAD,VIRU,CHAO,FRENTE PROVINCIAL DE VIRU,1299,M,CASTELLANO
121202,LA LIBERTAD,VIRU,CHAO,FUERZA POPULAR,885,M,CASTELLANO
121202,LA LIBERTAD,VIRU,CHAO,"MOVIMIENTO REGIONAL INDEPENDIENTE DE CAMPESINOS, OBREROS, EMPLEADOS Y ESTUDIANTES",37,M,CASTELLANO
121202,LA LIBERTAD,VIRU,CHAO,MOVIMIENTO REGIONAL PARA EL DESARROLLO CON SEGURIDAD Y HONRADEZ,86,M,CASTELLANO
121202,LA LIBERTAD,VIRU,CHAO,PARTIDO APRISTA PERUANO,3163,M,CASTELLANO
121202,LA LIBERTAD,VIRU,CHAO,PARTIDO HUMANISTA PERUANO,1734,M,CASTELLANO
121202,LA LIBERTAD,VIRU,CHAO,PERU CAMBIO TOTAL,121,M,CASTELLANO
121202,LA LIBERTAD,VIRU,CHAO,SOLIDARIDAD NACIONAL,107,M,CASTELLANO
121202,LA LIBERTAD,VIRU,CHAO,SUMATE POR UNA NUEVA LIBERTAD,2282,M,CASTELLANO
121203,LA LIBERTAD,VIRU,GUADALUPITO,ALIANZA PARA EL PROGRESO,372,M,CASTELLANO
121203,LA LIBERTAD,VIRU,GUADALUPITO,FRENTE PROVINCIAL DE VIRU,19,M,CASTELLANO
121203,LA LIBERTAD,VIRU,GUADALUPITO,FUERZA POPULAR,309,M,CASTELLANO
121203,LA LIBERTAD,VIRU,GUADALUPITO,PARTIDO APRISTA PERUANO,1597,M,CASTELLANO
121203,LA LIBERTAD,VIRU,GUADALUPITO,PARTIDO DEMOCRATICO SOMOS PERU,8,M,CASTELLANO
121203,LA LIBERTAD,VIRU,GUADALUPITO,SUMATE POR UNA NUEVA LIBERTAD,1368,M,CASTELLANO
130102,LAMBAYEQUE,CHICLAYO,CHONGOYAPE,ACCION POPULAR,81,M,CASTELLANO
130102,LAMBAYEQUE,CHICLAYO,CHONGOYAPE,ALIANZA PARA EL PROGRESO,4381,M,CASTELLANO
130102,LAMBAYEQUE,CHICLAYO,CHONGOYAPE,FUERZA POPULAR,1137,M,CASTELLANO
130102,LAMBAYEQUE,CHICLAYO,CHONGOYAPE,PARTIDO APRISTA PERUANO,3693,M,CASTELLANO
130102,LAMBAYEQUE,CHICLAYO,CHONGOYAPE,PARTIDO DEMOCRATICO SOMOS PERU,953,M,CASTELLANO
130103,LAMBAYEQUE,CHICLAYO,ETEN,ALIANZA PARA EL PROGRESO,351,M,CASTELLANO
130103,LAMBAYEQUE,CHICLAYO,ETEN,MOVIMIENTO POLITICO INDEPENDIENTE ATIN,3259,M,CASTELLANO
130103,LAMBAYEQUE,CHICLAYO,ETEN,PARTIDO APRISTA PERUANO,982,M,CASTELLANO
130103,LAMBAYEQUE,CHICLAYO,ETEN,PARTIDO HUMANISTA PERUANO,2625,M,CASTELLANO
130104,LAMBAYEQUE,CHICLAYO,ETEN PUERTO,ALIANZA PARA EL PROGRESO,348,M,CASTELLANO
130104,LAMBAYEQUE,CHICLAYO,ETEN PUERTO,MOVIMIENTO REGIONAL DE LAS MANOS LIMPIAS,396,M,CASTELLANO
130104,LAMBAYEQUE,CHICLAYO,ETEN PUERTO,PARTIDO HUMANISTA PERUANO,596,M,CASTELLANO
130104,LAMBAYEQUE,CHICLAYO,ETEN PUERTO,PARTIDO POPULAR CRISTIANO - PPC,292,M,CASTELLANO
130105,LAMBAYEQUE,CHICLAYO,LAGUNAS,ALIANZA PARA EL PROGRESO,433,M,CASTELLANO
130105,LAMBAYEQUE,CHICLAYO,LAGUNAS,DEMOCRACIA DIRECTA,41,M,CASTELLANO
130105,LAMBAYEQUE,CHICLAYO,LAGUNAS,"EL FRENTE AMPLIO POR JUSTICIA, VIDA Y LIBERTAD",347,M,CASTELLANO
130105,LAMBAYEQUE,CHICLAYO,LAGUNAS,FUERZA POPULAR,483,M,CASTELLANO
130105,LAMBAYEQUE,CHICLAYO,LAGUNAS,LAGUNAS SI PODEMOS,223,M,CASTELLANO
130105,LAMBAYEQUE,CHICLAYO,LAGUNAS,MOVIMIENTO REGIONAL DE LAS MANOS LIMPIAS,870,M,CASTELLANO
130105,LAMBAYEQUE,CHICLAYO,LAGUNAS,PARTIDO APRISTA PERUANO,1255,M,CASTELLANO
130105,LAMBAYEQUE,CHICLAYO,LAGUNAS,PARTIDO DEMOCRATICO SOMOS PERU,1070,M,CASTELLANO
130105,LAMBAYEQUE,CHICLAYO,LAGUNAS,PARTIDO HUMANISTA PERUANO,203,M,CASTELLANO
130106,LAMBAYEQUE,CHICLAYO,MONSEFU,ACCION POPULAR,1482,M,CASTELLANO
130106,LAMBAYEQUE,CHICLAYO,MONSEFU,ALIANZA PARA EL PROGRESO,5892,M,CASTELLANO
130106,LAMBAYEQUE,CHICLAYO,MONSEFU,"EL FRENTE AMPLIO POR JUSTICIA, VIDA Y LIBERTAD",3856,M,CASTELLANO
130106,LAMBAYEQUE,CHICLAYO,MONSEFU,FUERZA POPULAR,2470,M,CASTELLANO
130106,LAMBAYEQUE,CHICLAYO,MONSEFU,MOVIMIENTO REGIONAL DE LAS MANOS LIMPIAS,29,M,CASTELLANO
130106,LAMBAYEQUE,CHICLAYO,MONSEFU,PARTIDO APRISTA PERUANO,4342,M,CASTELLANO
130106,LAMBAYEQUE,CHICLAYO,MONSEFU,PARTIDO HUMANISTA PERUANO,1713,M,CASTELLANO
130106,LAMBAYEQUE,CHICLAYO,MONSEFU,VAMOS PERU,130,M,CASTELLANO
130107,LAMBAYEQUE,CHICLAYO,NUEVA ARICA,ALIANZA PARA EL PROGRESO,524,M,CASTELLANO
130107,LAMBAYEQUE,CHICLAYO,NUEVA ARICA,"EL FRENTE AMPLIO POR JUSTICIA, VIDA Y LIBERTAD",18,M,CASTELLANO
130107,LAMBAYEQUE,CHICLAYO,NUEVA ARICA,FUERZA POPULAR,226,M,CASTELLANO
130107,LAMBAYEQUE,CHICLAYO,NUEVA ARICA,MOVIMIENTO REGIONAL DE LAS MANOS LIMPIAS,158,M,CASTELLANO
130107,LAMBAYEQUE,CHICLAYO,NUEVA ARICA,PARTIDO APRISTA PERUANO,336,M,CASTELLANO
130107,LAMBAYEQUE,CHICLAYO,NUEVA ARICA,PARTIDO HUMANISTA PERUANO,30,M,CASTELLANO
130107,LAMBAYEQUE,CHICLAYO,NUEVA ARICA,RESTAURACION NACIONAL,349,M,CASTELLANO
130108,LAMBAYEQUE,CHICLAYO,OYOTUN,ALIANZA PARA EL PROGRESO,935,M,CASTELLANO
130108,LAMBAYEQUE,CHICLAYO,OYOTUN,CAMBIO NORTEÑO,732,M,CASTELLANO
130108,LAMBAYEQUE,CHICLAYO,OYOTUN,FUERZA POPULAR,786,M,CASTELLANO
130108,LAMBAYEQUE,CHICLAYO,OYOTUN,MOVIMIENTO REGIONAL DE LAS MANOS LIMPIAS,39,M,CASTELLANO
130108,LAMBAYEQUE,CHICLAYO,OYOTUN,PARTIDO APRISTA PERUANO,1804,M,CASTELLANO
130108,LAMBAYEQUE,CHICLAYO,OYOTUN,PARTIDO HUMANISTA PERUANO,184,M,CASTELLANO
130109,LAMBAYEQUE,CHICLAYO,PICSI,FUERZA PICSI,2049,M,CASTELLANO
130109,LAMBAYEQUE,CHICLAYO,PICSI,FUERZA POPULAR,380,M,CASTELLANO
130109,LAMBAYEQUE,CHICLAYO,PICSI,PARTIDO APRISTA PERUANO,826,M,CASTELLANO
130109,LAMBAYEQUE,CHICLAYO,PICSI,PARTIDO DEMOCRATICO SOMOS PERU,281,M,CASTELLANO
130109,LAMBAYEQUE,CHICLAYO,PICSI,PARTIDO HUMANISTA PERUANO,1215,M,CASTELLANO
130109,LAMBAYEQUE,CHICLAYO,PICSI,RESTAURACION NACIONAL,58,M,CASTELLANO
130110,LAMBAYEQUE,CHICLAYO,PIMENTEL,AGRUPACION POLITICA VECINAL RAICES,4327,M,CASTELLANO
130110,LAMBAYEQUE,CHICLAYO,PIMENTEL,ALIANZA PARA EL PROGRESO,2676,M,CASTELLANO
130110,LAMBAYEQUE,CHICLAYO,PIMENTEL,DEMOCRACIA DIRECTA,110,M,CASTELLANO
130110,LAMBAYEQUE,CHICLAYO,PIMENTEL,"EL FRENTE AMPLIO POR JUSTICIA, VIDA Y LIBERTAD",408,M,CASTELLANO
130110,LAMBAYEQUE,CHICLAYO,PIMENTEL,FUERZA POPULAR,811,M,CASTELLANO
130110,LAMBAYEQUE,CHICLAYO,PIMENTEL,PARTIDO HUMANISTA PERUANO,445,M,CASTELLANO
130110,LAMBAYEQUE,CHICLAYO,PIMENTEL,SIGAMOS MODERNIZANDO PIMENTEL,4209,M,CASTELLANO
130110,LAMBAYEQUE,CHICLAYO,PIMENTEL,SOLIDARIDAD NACIONAL,144,M,CASTELLANO
130111,LAMBAYEQUE,CHICLAYO,REQUE,ACCION POPULAR,1083,M,CASTELLANO
130111,LAMBAYEQUE,CHICLAYO,REQUE,ALIANZA PARA EL PROGRESO,2565,M,CASTELLANO
130111,LAMBAYEQUE,CHICLAYO,REQUE,PARTIDO APRISTA PERUANO,227,M,CASTELLANO
130111,LAMBAYEQUE,CHICLAYO,REQUE,SOLIDARIDAD NACIONAL,1071,M,CASTELLANO
130111,LAMBAYEQUE,CHICLAYO,REQUE,UNIDAD VECINAL POR REQUE,2967,M,CASTELLANO
130112,LAMBAYEQUE,CHICLAYO,JOSE LEONARDO ORTIZ,ACCION POPULAR,2511,M,CASTELLANO
130112,LAMBAYEQUE,CHICLAYO,JOSE LEONARDO ORTIZ,ALIANZA PARA EL PROGRESO,9997,M,CASTELLANO
130112,LAMBAYEQUE,CHICLAYO,JOSE LEONARDO ORTIZ,CAMBIO NORTEÑO,2106,M,CASTELLANO
130112,LAMBAYEQUE,CHICLAYO,JOSE LEONARDO ORTIZ,DEMOCRACIA DIRECTA,761,M,CASTELLANO
130112,LAMBAYEQUE,CHICLAYO,JOSE LEONARDO ORTIZ,"EL FRENTE AMPLIO POR JUSTICIA, VIDA Y LIBERTAD",10150,M,CASTELLANO
130112,LAMBAYEQUE,CHICLAYO,JOSE LEONARDO ORTIZ,FUERZA POPULAR,11337,M,CASTELLANO
130112,LAMBAYEQUE,CHICLAYO,JOSE LEONARDO ORTIZ,MOVIMIENTO INDEPENDIENTE DISTRITAL ESPERANZA LEONARDINA,1733,M,CASTELLANO
130112,LAMBAYEQUE,CHICLAYO,JOSE LEONARDO ORTIZ,MOVIMIENTO REGIONAL DE LAS MANOS LIMPIAS,2393,M,CASTELLANO
130112,LAMBAYEQUE,CHICLAYO,JOSE LEONARDO ORTIZ,PARTIDO APRISTA PERUANO,13559,M,CASTELLANO
130112,LAMBAYEQUE,CHICLAYO,JOSE LEONARDO ORTIZ,PARTIDO DEMOCRATICO SOMOS PERU,1042,M,CASTELLANO
130112,LAMBAYEQUE,CHICLAYO,JOSE LEONARDO ORTIZ,PARTIDO HUMANISTA PERUANO,1870,M,CASTELLANO
130112,LAMBAYEQUE,CHICLAYO,JOSE LEONARDO ORTIZ,PARTIDO POPULAR CRISTIANO - PPC,802,M,CASTELLANO
130112,LAMBAYEQUE,CHICLAYO,JOSE LEONARDO ORTIZ,SIEMPRE UNIDOS,357,M,CASTELLANO
130112,LAMBAYEQUE,CHICLAYO,JOSE LEONARDO ORTIZ,SOLIDARIDAD NACIONAL,27828,M,CASTELLANO
130113,LAMBAYEQUE,CHICLAYO,SANTA ROSA,ALIANZA PARA EL PROGRESO,2379,M,CASTELLANO
130113,LAMBAYEQUE,CHICLAYO,SANTA ROSA,FUERZA POPULAR,786,M,CASTELLANO
130113,LAMBAYEQUE,CHICLAYO,SANTA ROSA,MOVIMIENTO REGIONAL DE LAS MANOS LIMPIAS,48,M,CASTELLANO
130113,LAMBAYEQUE,CHICLAYO,SANTA ROSA,PARTIDO HUMANISTA PERUANO,1502,M,CASTELLANO
130113,LAMBAYEQUE,CHICLAYO,SANTA ROSA,SOLIDARIDAD NACIONAL,187,M,CASTELLANO
130113,LAMBAYEQUE,CHICLAYO,SANTA ROSA,VAMOS PERU,1606,M,CASTELLANO
130114,LAMBAYEQUE,CHICLAYO,SAÑA,ALIANZA PARA EL PROGRESO,1712,M,CASTELLANO
130114,LAMBAYEQUE,CHICLAYO,SAÑA,ESPERANZA CIUDADANA,68,M,CASTELLANO
130114,LAMBAYEQUE,CHICLAYO,SAÑA,MOVIMIENTO REGIONAL DE LAS MANOS LIMPIAS,279,M,CASTELLANO
130114,LAMBAYEQUE,CHICLAYO,SAÑA,PARTIDO APRISTA PERUANO,1853,M,CASTELLANO
130114,LAMBAYEQUE,CHICLAYO,SAÑA,PARTIDO HUMANISTA PERUANO,34,M,CASTELLANO
130114,LAMBAYEQUE,CHICLAYO,SAÑA,SOLIDARIDAD NACIONAL,776,M,CASTELLANO
130115,LAMBAYEQUE,CHICLAYO,LA VICTORIA,ALIANZA PARA EL PROGRESO,9133,M,CASTELLANO
130115,LAMBAYEQUE,CHICLAYO,LA VICTORIA,"EL FRENTE AMPLIO POR JUSTICIA, VIDA Y LIBERTAD",324,M,CASTELLANO
130115,LAMBAYEQUE,CHICLAYO,LA VICTORIA,ESPERANZA CIUDADANA,230,M,CASTELLANO
130115,LAMBAYEQUE,CHICLAYO,LA VICTORIA,FUERZA POPULAR,22562,M,CASTELLANO
130115,LAMBAYEQUE,CHICLAYO,LA VICTORIA,PARTIDO APRISTA PERUANO,1209,M,CASTELLANO
130115,LAMBAYEQUE,CHICLAYO,LA VICTORIA,PARTIDO HUMANISTA PERUANO,9972,M,CASTELLANO
130115,LAMBAYEQUE,CHICLAYO,LA VICTORIA,PARTIDO POPULAR CRISTIANO - PPC,531,M,CASTELLANO
130115,LAMBAYEQUE,CHICLAYO,LA VICTORIA,RESTAURACION NACIONAL,183,M,CASTELLANO
130116,LAMBAYEQUE,CHICLAYO,CAYALTI,ALIANZA PARA EL PROGRESO,2054,M,CASTELLANO
130116,LAMBAYEQUE,CHICLAYO,CAYALTI,DEMOCRACIA DIRECTA,562,M,CASTELLANO
130116,LAMBAYEQUE,CHICLAYO,CAYALTI,ESPERANZA CIUDADANA,83,M,CASTELLANO
130116,LAMBAYEQUE,CHICLAYO,CAYALTI,FUERZA POPULAR,484,M,CASTELLANO
130116,LAMBAYEQUE,CHICLAYO,CAYALTI,MAYORIA AUTONOMA CAYALTI AL DESARROLLO,977,M,CASTELLANO
130116,LAMBAYEQUE,CHICLAYO,CAYALTI,MOVIMIENTO REGIONAL DE LAS MANOS LIMPIAS,324,M,CASTELLANO
130116,LAMBAYEQUE,CHICLAYO,CAYALTI,PARTIDO APRISTA PERUANO,2120,M,CASTELLANO
130116,LAMBAYEQUE,CHICLAYO,CAYALTI,PARTIDO POPULAR CRISTIANO - PPC,1133,M,CASTELLANO
130116,LAMBAYEQUE,CHICLAYO,CAYALTI,RESTAURACION NACIONAL,142,M,CASTELLANO
130116,LAMBAYEQUE,CHICLAYO,CAYALTI,SOLIDARIDAD NACIONAL,76,M,CASTELLANO
130116,LAMBAYEQUE,CHICLAYO,CAYALTI,TRABAJO Y PUNTO. CAYALTI,881,M,CASTELLANO
130117,LAMBAYEQUE,CHICLAYO,PATAPO,ALIANZA PARA EL PROGRESO,2747,M,QUECHUA
130117,LAMBAYEQUE,CHICLAYO,PATAPO,"EL FRENTE AMPLIO POR JUSTICIA, VIDA Y LIBERTAD",130,M,QUECHUA
130117,LAMBAYEQUE,CHICLAYO,PATAPO,FUERZA POPULAR,2035,M,QUECHUA
130117,LAMBAYEQUE,CHICLAYO,PATAPO,MOVIMIENTO REGIONAL DE LAS MANOS LIMPIAS,118,M,QUECHUA
130117,LAMBAYEQUE,CHICLAYO,PATAPO,PARTIDO APRISTA PERUANO,3946,M,QUECHUA
130117,LAMBAYEQUE,CHICLAYO,PATAPO,PARTIDO DEMOCRATICO SOMOS PERU,734,M,QUECHUA
130117,LAMBAYEQUE,CHICLAYO,PATAPO,SOLIDARIDAD NACIONAL,2044,M,QUECHUA
130118,LAMBAYEQUE,CHICLAYO,POMALCA,ALIANZA PARA EL PROGRESO,4184,M,CASTELLANO
130118,LAMBAYEQUE,CHICLAYO,POMALCA,"EL FRENTE AMPLIO POR JUSTICIA, VIDA Y LIBERTAD",148,M,CASTELLANO
130118,LAMBAYEQUE,CHICLAYO,POMALCA,MOVIMIENTO REGIONAL DE LAS MANOS LIMPIAS,1472,M,CASTELLANO
130118,LAMBAYEQUE,CHICLAYO,POMALCA,PARTIDO APRISTA PERUANO,1766,M,CASTELLANO
130118,LAMBAYEQUE,CHICLAYO,POMALCA,PARTIDO DEMOCRATICO SOMOS PERU,1554,M,CASTELLANO
130118,LAMBAYEQUE,CHICLAYO,POMALCA,PARTIDO HUMANISTA PERUANO,466,M,CASTELLANO
130118,LAMBAYEQUE,CHICLAYO,POMALCA,PARTIDO POPULAR CRISTIANO - PPC,190,M,CASTELLANO
130118,LAMBAYEQUE,CHICLAYO,POMALCA,RESTAURACION NACIONAL,1841,M,CASTELLANO
130118,LAMBAYEQUE,CHICLAYO,POMALCA,SOLIDARIDAD NACIONAL,444,M,CASTELLANO
130118,LAMBAYEQUE,CHICLAYO,POMALCA,VAMOS PERU,229,M,CASTELLANO
130119,LAMBAYEQUE,CHICLAYO,PUCALA,ALIANZA PARA EL PROGRESO,518,M,CASTELLANO
130119,LAMBAYEQUE,CHICLAYO,PUCALA,DEMOCRACIA DIRECTA,548,M,CASTELLANO
130119,LAMBAYEQUE,CHICLAYO,PUCALA,"EL FRENTE AMPLIO POR JUSTICIA, VIDA Y LIBERTAD",81,M,CASTELLANO
130119,LAMBAYEQUE,CHICLAYO,PUCALA,FUERZA POPULAR,359,M,CASTELLANO
130119,LAMBAYEQUE,CHICLAYO,PUCALA,MOVIMIENTO REGIONAL DE LAS MANOS LIMPIAS,385,M,CASTELLANO
130119,LAMBAYEQUE,CHICLAYO,PUCALA,PARTIDO APRISTA PERUANO,927,M,CASTELLANO
130119,LAMBAYEQUE,CHICLAYO,PUCALA,PARTIDO HUMANISTA PERUANO,583,M,CASTELLANO
130119,LAMBAYEQUE,CHICLAYO,PUCALA,PARTIDO POPULAR CRISTIANO - PPC,93,M,CASTELLANO
130119,LAMBAYEQUE,CHICLAYO,PUCALA,RESTAURACION NACIONAL,1326,M,CASTELLANO
130120,LAMBAYEQUE,CHICLAYO,TUMAN,ACCION POPULAR,203,M,CASTELLANO
130120,LAMBAYEQUE,CHICLAYO,TUMAN,ALIANZA PARA EL PROGRESO,3600,M,CASTELLANO
130120,LAMBAYEQUE,CHICLAYO,TUMAN,DEMOCRACIA DIRECTA,3952,M,CASTELLANO
130120,LAMBAYEQUE,CHICLAYO,TUMAN,"EL FRENTE AMPLIO POR JUSTICIA, VIDA Y LIBERTAD",53,M,CASTELLANO
130120,LAMBAYEQUE,CHICLAYO,TUMAN,FUERZA POPULAR,309,M,CASTELLANO
130120,LAMBAYEQUE,CHICLAYO,TUMAN,PARTIDO APRISTA PERUANO,253,M,CASTELLANO
130120,LAMBAYEQUE,CHICLAYO,TUMAN,PARTIDO HUMANISTA PERUANO,1297,M,CASTELLANO
130120,LAMBAYEQUE,CHICLAYO,TUMAN,SOLIDARIDAD NACIONAL,5778,M,CASTELLANO
130202,LAMBAYEQUE,FERREÑAFE,INCAHUASI,ACCION POPULAR,560,M,CASTELLANO
130202,LAMBAYEQUE,FERREÑAFE,INCAHUASI,ALIANZA PARA EL PROGRESO,172,M,CASTELLANO
130202,LAMBAYEQUE,FERREÑAFE,INCAHUASI,DIGNIDAD Y ESPERANZA FERREÑAFANA,26,M,CASTELLANO
130202,LAMBAYEQUE,FERREÑAFE,INCAHUASI,"EL FRENTE AMPLIO POR JUSTICIA, VIDA Y LIBERTAD",60,M,CASTELLANO
130202,LAMBAYEQUE,FERREÑAFE,INCAHUASI,FUERZA POPULAR,817,M,CASTELLANO
130202,LAMBAYEQUE,FERREÑAFE,INCAHUASI,FUERZA POR INCAHUASI,822,M,CASTELLANO
130202,LAMBAYEQUE,FERREÑAFE,INCAHUASI,PARTIDO HUMANISTA PERUANO,1571,M,CASTELLANO
130202,LAMBAYEQUE,FERREÑAFE,INCAHUASI,PARTIDO POPULAR CRISTIANO - PPC,607,M,CASTELLANO
130202,LAMBAYEQUE,FERREÑAFE,INCAHUASI,RESTAURACION NACIONAL,62,M,CASTELLANO
130202,LAMBAYEQUE,FERREÑAFE,INCAHUASI,SIEMPRE INTEGRACION ANDINA - INCAHUASI,2055,M,CASTELLANO
130203,LAMBAYEQUE,FERREÑAFE,CAÑARIS,ACCION POPULAR,1956,M,CASTELLANO
130203,LAMBAYEQUE,FERREÑAFE,CAÑARIS,ALIANZA PARA EL PROGRESO,2012,M,CASTELLANO
130203,LAMBAYEQUE,FERREÑAFE,CAÑARIS,DIGNIDAD Y ESPERANZA FERREÑAFANA,7,M,CASTELLANO
130203,LAMBAYEQUE,FERREÑAFE,CAÑARIS,FUERZA POPULAR,124,M,CASTELLANO
130203,LAMBAYEQUE,FERREÑAFE,CAÑARIS,PARTIDO DEMOCRATICO SOMOS PERU,5,M,CASTELLANO
130203,LAMBAYEQUE,FERREÑAFE,CAÑARIS,PULLA KAÑARISPAQ,2174,M,CASTELLANO
130203,LAMBAYEQUE,FERREÑAFE,CAÑARIS,RESTAURACION NACIONAL,113,M,CASTELLANO
130204,LAMBAYEQUE,FERREÑAFE,PITIPO,ACCION POPULAR,2039,M,CASTELLANO
130204,LAMBAYEQUE,FERREÑAFE,PITIPO,ALIANZA PARA EL PROGRESO,2409,M,CASTELLANO
130204,LAMBAYEQUE,FERREÑAFE,PITIPO,DIGNIDAD Y ESPERANZA FERREÑAFANA,32,M,CASTELLANO
130204,LAMBAYEQUE,FERREÑAFE,PITIPO,FUERZA POPULAR,1063,M,CASTELLANO
130204,LAMBAYEQUE,FERREÑAFE,PITIPO,PARTIDO APRISTA PERUANO,2583,M,CASTELLANO
130204,LAMBAYEQUE,FERREÑAFE,PITIPO,PARTIDO DEMOCRATICO SOMOS PERU,18,M,CASTELLANO
130204,LAMBAYEQUE,FERREÑAFE,PITIPO,PERU POSIBLE,1249,M,CASTELLANO
130204,LAMBAYEQUE,FERREÑAFE,PITIPO,RESTAURACION NACIONAL,451,M,CASTELLANO
130205,LAMBAYEQUE,FERREÑAFE,PUEBLO NUEVO,ACCION POPULAR,2745,M,CASTELLANO
130205,LAMBAYEQUE,FERREÑAFE,PUEBLO NUEVO,ALIANZA PARA EL PROGRESO,1838,M,CASTELLANO
130205,LAMBAYEQUE,FERREÑAFE,PUEBLO NUEVO,DIGNIDAD Y ESPERANZA FERREÑAFANA,31,M,CASTELLANO
130205,LAMBAYEQUE,FERREÑAFE,PUEBLO NUEVO,FUERZA POPULAR,923,M,CASTELLANO
130205,LAMBAYEQUE,FERREÑAFE,PUEBLO NUEVO,PARTIDO DEMOCRATICO SOMOS PERU,1503,M,CASTELLANO
130205,LAMBAYEQUE,FERREÑAFE,PUEBLO NUEVO,PARTIDO HUMANISTA PERUANO,199,M,CASTELLANO
130205,LAMBAYEQUE,FERREÑAFE,PUEBLO NUEVO,RESTAURACION NACIONAL,100,M,CASTELLANO
130206,LAMBAYEQUE,FERREÑAFE,MANUEL ANTONIO MESONES MURO,ACCION POPULAR,827,M,CASTELLANO
130206,LAMBAYEQUE,FERREÑAFE,MANUEL ANTONIO MESONES MURO,ALIANZA PARA EL PROGRESO,938,M,CASTELLANO
130206,LAMBAYEQUE,FERREÑAFE,MANUEL ANTONIO MESONES MURO,DIGNIDAD Y ESPERANZA FERREÑAFANA,36,M,CASTELLANO
130206,LAMBAYEQUE,FERREÑAFE,MANUEL ANTONIO MESONES MURO,FUERZA POPULAR,194,M,CASTELLANO
130206,LAMBAYEQUE,FERREÑAFE,MANUEL ANTONIO MESONES MURO,PARTIDO APRISTA PERUANO,325,M,CASTELLANO
130206,LAMBAYEQUE,FERREÑAFE,MANUEL ANTONIO MESONES MURO,RESTAURACION NACIONAL,67,M,CASTELLANO
130302,LAMBAYEQUE,LAMBAYEQUE,CHOCHOPE,ALIANZA PARA EL PROGRESO,462,M,CASTELLANO
130302,LAMBAYEQUE,LAMBAYEQUE,CHOCHOPE,FUERZA POPULAR,10,M,CASTELLANO
130302,LAMBAYEQUE,LAMBAYEQUE,CHOCHOPE,PARTIDO APRISTA PERUANO,278,M,CASTELLANO
130302,LAMBAYEQUE,LAMBAYEQUE,CHOCHOPE,PARTIDO HUMANISTA PERUANO,516,M,CASTELLANO
130302,LAMBAYEQUE,LAMBAYEQUE,CHOCHOPE,RESTAURACION NACIONAL,32,M,CASTELLANO
130303,LAMBAYEQUE,LAMBAYEQUE,ILLIMO,ALIANZA PARA EL PROGRESO,0,M,CASTELLANO
130303,LAMBAYEQUE,LAMBAYEQUE,ILLIMO,FUERZA POPULAR,0,M,CASTELLANO
130303,LAMBAYEQUE,LAMBAYEQUE,ILLIMO,PARTIDO APRISTA PERUANO,0,M,CASTELLANO
130303,LAMBAYEQUE,LAMBAYEQUE,ILLIMO,PARTIDO HUMANISTA PERUANO,0,M,CASTELLANO
130303,LAMBAYEQUE,LAMBAYEQUE,ILLIMO,VAMOS PERU,0,M,CASTELLANO
130304,LAMBAYEQUE,LAMBAYEQUE,JAYANCA,ACCION POPULAR,356,M,CASTELLANO
130304,LAMBAYEQUE,LAMBAYEQUE,JAYANCA,ALIANZA PARA EL PROGRESO,3052,M,CASTELLANO
130304,LAMBAYEQUE,LAMBAYEQUE,JAYANCA,FUERZA POPULAR,521,M,CASTELLANO
130304,LAMBAYEQUE,LAMBAYEQUE,JAYANCA,PARTIDO APRISTA PERUANO,2903,M,CASTELLANO
130304,LAMBAYEQUE,LAMBAYEQUE,JAYANCA,PARTIDO HUMANISTA PERUANO,1608,M,CASTELLANO
130304,LAMBAYEQUE,LAMBAYEQUE,JAYANCA,PARTIDO POPULAR CRISTIANO - PPC,58,M,CASTELLANO
130305,LAMBAYEQUE,LAMBAYEQUE,MOCHUMI,ALIANZA PARA EL PROGRESO,4197,M,CASTELLANO
130305,LAMBAYEQUE,LAMBAYEQUE,MOCHUMI,FUERZA POPULAR,1211,M,CASTELLANO
130305,LAMBAYEQUE,LAMBAYEQUE,MOCHUMI,PARTIDO APRISTA PERUANO,1626,M,CASTELLANO
130305,LAMBAYEQUE,LAMBAYEQUE,MOCHUMI,PARTIDO HUMANISTA PERUANO,513,M,CASTELLANO
130305,LAMBAYEQUE,LAMBAYEQUE,MOCHUMI,PARTIDO POPULAR CRISTIANO - PPC,350,M,CASTELLANO
130305,LAMBAYEQUE,LAMBAYEQUE,MOCHUMI,RESTAURACION NACIONAL,1172,M,CASTELLANO
130306,LAMBAYEQUE,LAMBAYEQUE,MORROPE,ALIANZA PARA EL PROGRESO,7731,M,CASTELLANO
130306,LAMBAYEQUE,LAMBAYEQUE,MORROPE,FUERZA POPULAR,5412,M,CASTELLANO
130306,LAMBAYEQUE,LAMBAYEQUE,MORROPE,PARTIDO APRISTA PERUANO,7024,M,CASTELLANO
130306,LAMBAYEQUE,LAMBAYEQUE,MORROPE,RESTAURACION NACIONAL,1155,M,CASTELLANO
130307,LAMBAYEQUE,LAMBAYEQUE,MOTUPE,ACCION POPULAR,206,M,CASTELLANO
130307,LAMBAYEQUE,LAMBAYEQUE,MOTUPE,ALIANZA PARA EL PROGRESO,4540,M,CASTELLANO
130307,LAMBAYEQUE,LAMBAYEQUE,MOTUPE,CAMBIO NORTEÑO,223,M,CASTELLANO
130307,LAMBAYEQUE,LAMBAYEQUE,MOTUPE,FUERZA POPULAR,3699,M,CASTELLANO
130307,LAMBAYEQUE,LAMBAYEQUE,MOTUPE,PARTIDO APRISTA PERUANO,4625,M,CASTELLANO
130307,LAMBAYEQUE,LAMBAYEQUE,MOTUPE,PARTIDO HUMANISTA PERUANO,565,M,CASTELLANO
130307,LAMBAYEQUE,LAMBAYEQUE,MOTUPE,SIEMPRE UNIDOS,244,M,CASTELLANO
130308,LAMBAYEQUE,LAMBAYEQUE,OLMOS,ACCION POPULAR,941,M,CASTELLANO
130308,LAMBAYEQUE,LAMBAYEQUE,OLMOS,ALIANZA PARA EL PROGRESO,6686,M,CASTELLANO
130308,LAMBAYEQUE,LAMBAYEQUE,OLMOS,"EL FRENTE AMPLIO POR JUSTICIA, VIDA Y LIBERTAD",1258,M,CASTELLANO
130308,LAMBAYEQUE,LAMBAYEQUE,OLMOS,FUERZA POPULAR,8429,M,CASTELLANO
130308,LAMBAYEQUE,LAMBAYEQUE,OLMOS,PARTIDO APRISTA PERUANO,4153,M,CASTELLANO
130308,LAMBAYEQUE,LAMBAYEQUE,OLMOS,PARTIDO HUMANISTA PERUANO,654,M,CASTELLANO
130309,LAMBAYEQUE,LAMBAYEQUE,PACORA,ALIANZA PARA EL PROGRESO,1512,M,CASTELLANO
130309,LAMBAYEQUE,LAMBAYEQUE,PACORA,FUERZA POPULAR,112,M,CASTELLANO
130309,LAMBAYEQUE,LAMBAYEQUE,PACORA,PARTIDO APRISTA PERUANO,2192,M,CASTELLANO
130309,LAMBAYEQUE,LAMBAYEQUE,PACORA,PARTIDO HUMANISTA PERUANO,553,M,CASTELLANO
130310,LAMBAYEQUE,LAMBAYEQUE,SALAS,ACCION POPULAR,1456,M,CASTELLANO
130310,LAMBAYEQUE,LAMBAYEQUE,SALAS,ALIANZA PARA EL PROGRESO,1246,M,CASTELLANO
130310,LAMBAYEQUE,LAMBAYEQUE,SALAS,FUERZA AGRARIA SALEÑA,42,M,CASTELLANO
130310,LAMBAYEQUE,LAMBAYEQUE,SALAS,FUERZA POPULAR,112,M,CASTELLANO
130310,LAMBAYEQUE,LAMBAYEQUE,SALAS,PARTIDO APRISTA PERUANO,1270,M,CASTELLANO
130310,LAMBAYEQUE,LAMBAYEQUE,SALAS,PARTIDO DEMOCRATICO SOMOS PERU,1844,M,CASTELLANO
130310,LAMBAYEQUE,LAMBAYEQUE,SALAS,PARTIDO HUMANISTA PERUANO,52,M,CASTELLANO
130310,LAMBAYEQUE,LAMBAYEQUE,SALAS,PARTIDO POPULAR CRISTIANO - PPC,14,M,CASTELLANO
130310,LAMBAYEQUE,LAMBAYEQUE,SALAS,SIEMPRE UNIDOS,124,M,CASTELLANO
130311,LAMBAYEQUE,LAMBAYEQUE,SAN JOSE,ACCION POPULAR,118,M,CASTELLANO
130311,LAMBAYEQUE,LAMBAYEQUE,SAN JOSE,ALIANZA PARA EL PROGRESO,3822,M,CASTELLANO
130311,LAMBAYEQUE,LAMBAYEQUE,SAN JOSE,FUERZA POPULAR,657,M,CASTELLANO
130311,LAMBAYEQUE,LAMBAYEQUE,SAN JOSE,PARTIDO APRISTA PERUANO,2036,M,CASTELLANO
130311,LAMBAYEQUE,LAMBAYEQUE,SAN JOSE,PARTIDO DEMOCRATICO SOMOS PERU,553,M,CASTELLANO
130311,LAMBAYEQUE,LAMBAYEQUE,SAN JOSE,PARTIDO HUMANISTA PERUANO,333,M,CASTELLANO
130311,LAMBAYEQUE,LAMBAYEQUE,SAN JOSE,SIEMPRE UNIDOS,439,M,CASTELLANO
130312,LAMBAYEQUE,LAMBAYEQUE,TUCUME,ACCION POPULAR,159,M,CASTELLANO
130312,LAMBAYEQUE,LAMBAYEQUE,TUCUME,ALIANZA PARA EL PROGRESO,2875,M,CASTELLANO
130312,LAMBAYEQUE,LAMBAYEQUE,TUCUME,FUERZA POPULAR,3763,M,CASTELLANO
130312,LAMBAYEQUE,LAMBAYEQUE,TUCUME,MOVIMIENTO INDEPENDIENTE TUCUMANO ROCA FUERTE,326,M,CASTELLANO
130312,LAMBAYEQUE,LAMBAYEQUE,TUCUME,PARTIDO APRISTA PERUANO,1854,M,CASTELLANO
130312,LAMBAYEQUE,LAMBAYEQUE,TUCUME,PARTIDO POPULAR CRISTIANO - PPC,2759,M,CASTELLANO
130312,LAMBAYEQUE,LAMBAYEQUE,TUCUME,RESTAURACION NACIONAL,621,M,CASTELLANO
140102,LIMA,LIMA,ANCON,ACCION POPULAR,219,M,CASTELLANO
140102,LIMA,LIMA,ANCON,ALIANZA PARA EL PROGRESO,754,M,CASTELLANO
140102,LIMA,LIMA,ANCON,DEMOCRACIA DIRECTA,71,M,CASTELLANO
140102,LIMA,LIMA,ANCON,"EL FRENTE AMPLIO POR JUSTICIA, VIDA Y LIBERTAD",270,M,CASTELLANO
140102,LIMA,LIMA,ANCON,FUERZA POPULAR,1212,M,CASTELLANO
140102,LIMA,LIMA,ANCON,PARTIDO DEMOCRATICO SOMOS PERU,5079,M,CASTELLANO
140102,LIMA,LIMA,ANCON,PARTIDO HUMANISTA PERUANO,232,M,CASTELLANO
140102,LIMA,LIMA,ANCON,PARTIDO POPULAR CRISTIANO - PPC,2982,M,CASTELLANO
140102,LIMA,LIMA,ANCON,PERU POSIBLE,1359,M,CASTELLANO
140102,LIMA,LIMA,ANCON,SIEMPRE UNIDOS,6533,M,CASTELLANO
140102,LIMA,LIMA,ANCON,SOLIDARIDAD NACIONAL,3193,M,CASTELLANO
140103,LIMA,LIMA,ATE,ACCION POPULAR,5609,M,CASTELLANO
140103,LIMA,LIMA,ATE,ALIANZA PARA EL PROGRESO,14537,M,CASTELLANO
140103,LIMA,LIMA,ATE,DEMOCRACIA DIRECTA,3652,M,CASTELLANO
140103,LIMA,LIMA,ATE,DIALOGO VECINAL,8695,M,CASTELLANO
140103,LIMA,LIMA,ATE,FUERZA POPULAR,12222,M,CASTELLANO
140103,LIMA,LIMA,ATE,PARTIDO APRISTA PERUANO,9703,M,CASTELLANO
140103,LIMA,LIMA,ATE,PARTIDO DEMOCRATICO SOMOS PERU,14378,M,CASTELLANO
140103,LIMA,LIMA,ATE,PARTIDO HUMANISTA PERUANO,4482,M,CASTELLANO
140103,LIMA,LIMA,ATE,PARTIDO POPULAR CRISTIANO - PPC,88873,M,CASTELLANO
140103,LIMA,LIMA,ATE,PERU PATRIA SEGURA,5880,M,CASTELLANO
140103,LIMA,LIMA,ATE,RESTAURACION NACIONAL,5053,M,CASTELLANO
140103,LIMA,LIMA,ATE,SIEMPRE UNIDOS,5488,M,CASTELLANO
140103,LIMA,LIMA,ATE,SOLIDARIDAD NACIONAL,108727,M,CASTELLANO
140104,LIMA,LIMA,BREÑA,ACCION POPULAR,1608,M,EXTRANJERO
140104,LIMA,LIMA,BREÑA,ALIANZA PARA EL PROGRESO,3262,M,EXTRANJERO
140104,LIMA,LIMA,BREÑA,DEMOCRACIA DIRECTA,980,M,EXTRANJERO
140104,LIMA,LIMA,BREÑA,FUERZA POPULAR,3588,M,EXTRANJERO
140104,LIMA,LIMA,BREÑA,PARTIDO APRISTA PERUANO,12727,M,EXTRANJERO
140104,LIMA,LIMA,BREÑA,PARTIDO DEMOCRATICO SOMOS PERU,2801,M,EXTRANJERO
140104,LIMA,LIMA,BREÑA,PARTIDO HUMANISTA PERUANO,1192,M,EXTRANJERO
140104,LIMA,LIMA,BREÑA,PARTIDO POPULAR CRISTIANO - PPC,10315,M,EXTRANJERO
140104,LIMA,LIMA,BREÑA,PERU PATRIA SEGURA,6182,M,EXTRANJERO
140104,LIMA,LIMA,BREÑA,PERU POSIBLE,995,M,EXTRANJERO
140104,LIMA,LIMA,BREÑA,SIEMPRE UNIDOS,1990,M,EXTRANJERO
140104,LIMA,LIMA,BREÑA,SOLIDARIDAD NACIONAL,27461,M,EXTRANJERO
140104,LIMA,LIMA,BREÑA,VAMOS PERU,921,M,EXTRANJERO
140105,LIMA,LIMA,CARABAYLLO,ACCION POPULAR,1116,M,CASTELLANO
140105,LIMA,LIMA,CARABAYLLO,ALIANZA PARA EL PROGRESO,27612,M,CASTELLANO
140105,LIMA,LIMA,CARABAYLLO,DEMOCRACIA DIRECTA,851,M,CASTELLANO
140105,LIMA,LIMA,CARABAYLLO,DIALOGO VECINAL,3211,M,CASTELLANO
140105,LIMA,LIMA,CARABAYLLO,"EL FRENTE AMPLIO POR JUSTICIA, VIDA Y LIBERTAD",565,M,CASTELLANO
140105,LIMA,LIMA,CARABAYLLO,FUERZA POPULAR,4162,M,CASTELLANO
140105,LIMA,LIMA,CARABAYLLO,PARTIDO APRISTA PERUANO,2857,M,CASTELLANO
140105,LIMA,LIMA,CARABAYLLO,PARTIDO DEMOCRATICO SOMOS PERU,8880,M,CASTELLANO
140105,LIMA,LIMA,CARABAYLLO,PARTIDO HUMANISTA PERUANO,716,M,CASTELLANO
140105,LIMA,LIMA,CARABAYLLO,PARTIDO NACIONALISTA PERUANO,757,M,CASTELLANO
140105,LIMA,LIMA,CARABAYLLO,PARTIDO POPULAR CRISTIANO - PPC,34138,M,CASTELLANO
140105,LIMA,LIMA,CARABAYLLO,PERU PATRIA SEGURA,1289,M,CASTELLANO
140105,LIMA,LIMA,CARABAYLLO,PERU POSIBLE,998,M,CASTELLANO
140105,LIMA,LIMA,CARABAYLLO,RESTAURACION NACIONAL,887,M,CASTELLANO
140105,LIMA,LIMA,CARABAYLLO,SIEMPRE UNIDOS,2253,M,CASTELLANO
140105,LIMA,LIMA,CARABAYLLO,SOLIDARIDAD NACIONAL,28923,M,CASTELLANO
140105,LIMA,LIMA,CARABAYLLO,UNION POR EL PERU,2668,M,CASTELLANO
140105,LIMA,LIMA,CARABAYLLO,VAMOS PERU,988,M,CASTELLANO
140106,LIMA,LIMA,COMAS,ACCION POPULAR,2290,M,CASTELLANO
140106,LIMA,LIMA,COMAS,ALIANZA PARA EL PROGRESO,18061,M,CASTELLANO
140106,LIMA,LIMA,COMAS,COMAS AL EXITO,2019,M,CASTELLANO
140106,LIMA,LIMA,COMAS,DEMOCRACIA DIRECTA,2931,M,CASTELLANO
140106,LIMA,LIMA,COMAS,DIALOGO VECINAL,10051,M,CASTELLANO
140106,LIMA,LIMA,COMAS,"EL FRENTE AMPLIO POR JUSTICIA, VIDA Y LIBERTAD",1390,M,CASTELLANO
140106,LIMA,LIMA,COMAS,FUERZA POPULAR,8332,M,CASTELLANO
140106,LIMA,LIMA,COMAS,PARTIDO APRISTA PERUANO,8885,M,CASTELLANO
140106,LIMA,LIMA,COMAS,PARTIDO DEMOCRATICO SOMOS PERU,31668,M,CASTELLANO
140106,LIMA,LIMA,COMAS,PARTIDO HUMANISTA PERUANO,4119,M,CASTELLANO
140106,LIMA,LIMA,COMAS,PARTIDO POPULAR CRISTIANO - PPC,9016,M,CASTELLANO
140106,LIMA,LIMA,COMAS,PERU PATRIA SEGURA,3712,M,CASTELLANO
140106,LIMA,LIMA,COMAS,RESTAURACION NACIONAL,2503,M,CASTELLANO
140106,LIMA,LIMA,COMAS,SIEMPRE UNIDOS,6666,M,CASTELLANO
140106,LIMA,LIMA,COMAS,SOLIDARIDAD NACIONAL,172427,M,CASTELLANO
140106,LIMA,LIMA,COMAS,UNION POR EL PERU,8464,M,CASTELLANO
140106,LIMA,LIMA,COMAS,VAMOS PERU,6760,M,CASTELLANO
140107,LIMA,LIMA,CHACLACAYO,ACCION POPULAR,754,M,CASTELLANO
140107,LIMA,LIMA,CHACLACAYO,ALIANZA PARA EL PROGRESO,2159,M,CASTELLANO
140107,LIMA,LIMA,CHACLACAYO,CHACLACAYO SI PUEDE,683,M,CASTELLANO
140107,LIMA,LIMA,CHACLACAYO,DIALOGO VECINAL,694,M,CASTELLANO
140107,LIMA,LIMA,CHACLACAYO,PARTIDO APRISTA PERUANO,879,M,CASTELLANO
140107,LIMA,LIMA,CHACLACAYO,PARTIDO DEMOCRATICO SOMOS PERU,2120,M,CASTELLANO
140107,LIMA,LIMA,CHACLACAYO,PARTIDO HUMANISTA PERUANO,733,M,CASTELLANO
140107,LIMA,LIMA,CHACLACAYO,PARTIDO POPULAR CRISTIANO - PPC,2148,M,CASTELLANO
140107,LIMA,LIMA,CHACLACAYO,PERU PATRIA SEGURA,4061,M,CASTELLANO
140107,LIMA,LIMA,CHACLACAYO,RESTAURACION NACIONAL,427,M,CASTELLANO
140107,LIMA,LIMA,CHACLACAYO,SIEMPRE UNIDOS,6567,M,CASTELLANO
140107,LIMA,LIMA,CHACLACAYO,SOLIDARIDAD NACIONAL,5929,M,CASTELLANO
140107,LIMA,LIMA,CHACLACAYO,TODOS SOMOS CHACLACAYO,1306,M,CASTELLANO
140107,LIMA,LIMA,CHACLACAYO,VAMOS PERU,294,M,CASTELLANO
140108,LIMA,LIMA,CHORRILLOS,ACCION POPULAR,3200,M,EXTRANJERO
140108,LIMA,LIMA,CHORRILLOS,ALIANZA PARA EL PROGRESO,3571,M,EXTRANJERO
140108,LIMA,LIMA,CHORRILLOS,DEMOCRACIA DIRECTA,1911,M,EXTRANJERO
140108,LIMA,LIMA,CHORRILLOS,DIALOGO VECINAL,10737,M,EXTRANJERO
140108,LIMA,LIMA,CHORRILLOS,"EL FRENTE AMPLIO POR JUSTICIA, VIDA Y LIBERTAD",1097,M,EXTRANJERO
140108,LIMA,LIMA,CHORRILLOS,FUERZA POPULAR,15587,M,EXTRANJERO
140108,LIMA,LIMA,CHORRILLOS,MAS OBRAS Y DESARROLLO SOCIAL,87849,M,EXTRANJERO
140108,LIMA,LIMA,CHORRILLOS,PARTIDO APRISTA PERUANO,6780,M,EXTRANJERO
140108,LIMA,LIMA,CHORRILLOS,PARTIDO DEMOCRATICO SOMOS PERU,5650,M,EXTRANJERO
140108,LIMA,LIMA,CHORRILLOS,PARTIDO HUMANISTA PERUANO,793,M,EXTRANJERO
140108,LIMA,LIMA,CHORRILLOS,PARTIDO POPULAR CRISTIANO - PPC,10278,M,EXTRANJERO
140108,LIMA,LIMA,CHORRILLOS,PERU PATRIA SEGURA,5364,M,EXTRANJERO
140108,LIMA,LIMA,CHORRILLOS,PERU POSIBLE,1443,M,EXTRANJERO
140108,LIMA,LIMA,CHORRILLOS,RESTAURACION NACIONAL,2475,M,EXTRANJERO
140108,LIMA,LIMA,CHORRILLOS,SIEMPRE UNIDOS,5104,M,EXTRANJERO
140108,LIMA,LIMA,CHORRILLOS,UNION POR EL PERU,927,M,EXTRANJERO
140108,LIMA,LIMA,CHORRILLOS,VAMOS PERU,6994,M,EXTRANJERO
140109,LIMA,LIMA,LA VICTORIA,ACCION POPULAR,2268,M,CASTELLANO
140109,LIMA,LIMA,LA VICTORIA,ALIANZA PARA EL PROGRESO,2112,M,CASTELLANO
140109,LIMA,LIMA,LA VICTORIA,DEMOCRACIA DIRECTA,9002,M,CASTELLANO
140109,LIMA,LIMA,LA VICTORIA,DIALOGO VECINAL,8884,M,CASTELLANO
140109,LIMA,LIMA,LA VICTORIA,FUERZA POPULAR,10479,M,CASTELLANO
140109,LIMA,LIMA,LA VICTORIA,PARTIDO APRISTA PERUANO,11119,M,CASTELLANO
140109,LIMA,LIMA,LA VICTORIA,PARTIDO DEMOCRATICO SOMOS PERU,10648,M,CASTELLANO
140109,LIMA,LIMA,LA VICTORIA,PARTIDO HUMANISTA PERUANO,2006,M,CASTELLANO
140109,LIMA,LIMA,LA VICTORIA,PARTIDO POPULAR CRISTIANO - PPC,14874,M,CASTELLANO
140109,LIMA,LIMA,LA VICTORIA,PERU PATRIA SEGURA,19593,M,CASTELLANO
140109,LIMA,LIMA,LA VICTORIA,PERU POSIBLE,1014,M,CASTELLANO
140109,LIMA,LIMA,LA VICTORIA,SIEMPRE UNIDOS,1772,M,CASTELLANO
140109,LIMA,LIMA,LA VICTORIA,SOLIDARIDAD NACIONAL,49269,M,CASTELLANO
140109,LIMA,LIMA,LA VICTORIA,VAMOS PERU,3098,M,CASTELLANO
140110,LIMA,LIMA,LA MOLINA,ACCION POPULAR,3691,M,CASTELLANO
140110,LIMA,LIMA,LA MOLINA,ALIANZA PARA EL PROGRESO,3844,M,CASTELLANO
140110,LIMA,LIMA,LA MOLINA,FUERZA POPULAR,3258,M,CASTELLANO
140110,LIMA,LIMA,LA MOLINA,PARTIDO APRISTA PERUANO,4376,M,CASTELLANO
140110,LIMA,LIMA,LA MOLINA,PARTIDO DEMOCRATICO SOMOS PERU,37312,M,CASTELLANO
140110,LIMA,LIMA,LA MOLINA,PARTIDO POPULAR CRISTIANO - PPC,8682,M,CASTELLANO
140110,LIMA,LIMA,LA MOLINA,RESTAURACION NACIONAL,3030,M,CASTELLANO
140110,LIMA,LIMA,LA MOLINA,SOLIDARIDAD NACIONAL,34906,M,CASTELLANO
140110,LIMA,LIMA,LA MOLINA,UNION POR EL PERU,612,M,CASTELLANO
140110,LIMA,LIMA,LA MOLINA,VAMOS PERU,9134,M,CASTELLANO
140111,LIMA,LIMA,LINCE,ACCION POPULAR,3338,M,CASTELLANO
140111,LIMA,LIMA,LINCE,ALIANZA PARA EL PROGRESO,828,M,CASTELLANO
140111,LIMA,LIMA,LINCE,DIALOGO VECINAL,3739,M,CASTELLANO
140111,LIMA,LIMA,LINCE,PARTIDO DEMOCRATICO SOMOS PERU,3385,M,CASTELLANO
140111,LIMA,LIMA,LINCE,PARTIDO HUMANISTA PERUANO,587,M,CASTELLANO
140111,LIMA,LIMA,LINCE,PARTIDO POPULAR CRISTIANO - PPC,6944,M,CASTELLANO
140111,LIMA,LIMA,LINCE,PERU PATRIA SEGURA,2070,M,CASTELLANO
140111,LIMA,LIMA,LINCE,SIEMPRE UNIDOS,1689,M,CASTELLANO
140111,LIMA,LIMA,LINCE,SOLIDARIDAD NACIONAL,22489,M,CASTELLANO
140111,LIMA,LIMA,LINCE,VAMOS PERU,1153,M,CASTELLANO
140111,LIMA,LIMA,LINCE,VOCES DE LINCE,13765,M,CASTELLANO
140112,LIMA,LIMA,LURIGANCHO,ACCION POPULAR,17365,M,CASTELLANO
140112,LIMA,LIMA,LURIGANCHO,ALIANZA PARA EL PROGRESO,1601,M,CASTELLANO
140112,LIMA,LIMA,LURIGANCHO,DEMOCRACIA DIRECTA,1405,M,CASTELLANO
140112,LIMA,LIMA,LURIGANCHO,DIALOGO VECINAL,2273,M,CASTELLANO
140112,LIMA,LIMA,LURIGANCHO,PARTIDO APRISTA PERUANO,2120,M,CASTELLANO
140112,LIMA,LIMA,LURIGANCHO,PARTIDO POPULAR CRISTIANO - PPC,12833,M,CASTELLANO
140112,LIMA,LIMA,LURIGANCHO,PERU PATRIA SEGURA,1184,M,CASTELLANO
140112,LIMA,LIMA,LURIGANCHO,PERU POSIBLE,6695,M,CASTELLANO
140112,LIMA,LIMA,LURIGANCHO,RESTAURACION NACIONAL,787,M,CASTELLANO
140112,LIMA,LIMA,LURIGANCHO,SIEMPRE UNIDOS,1643,M,CASTELLANO
140112,LIMA,LIMA,LURIGANCHO,SOLIDARIDAD NACIONAL,36756,M,CASTELLANO
140113,LIMA,LIMA,LURIN,ACCION POPULAR,276,M,CASTELLANO
140113,LIMA,LIMA,LURIN,ALIANZA PARA EL PROGRESO,851,M,CASTELLANO
140113,LIMA,LIMA,LURIN,FUERZA POPULAR,1822,M,CASTELLANO
140113,LIMA,LIMA,LURIN,LUCHANDO POR UN FUTURO MEJOR,772,M,CASTELLANO
140113,LIMA,LIMA,LURIN,PARTIDO APRISTA PERUANO,9687,M,CASTELLANO
140113,LIMA,LIMA,LURIN,PARTIDO DEMOCRATICO SOMOS PERU,328,M,CASTELLANO
140113,LIMA,LIMA,LURIN,PARTIDO HUMANISTA PERUANO,366,M,CASTELLANO
140113,LIMA,LIMA,LURIN,PARTIDO POPULAR CRISTIANO - PPC,911,M,CASTELLANO
140113,LIMA,LIMA,LURIN,PERU PATRIA SEGURA,1480,M,CASTELLANO
140113,LIMA,LIMA,LURIN,PERU POSIBLE,521,M,CASTELLANO
140113,LIMA,LIMA,LURIN,RESTAURACION NACIONAL,2206,M,CASTELLANO
140113,LIMA,LIMA,LURIN,SOLIDARIDAD NACIONAL,21670,M,CASTELLANO
140113,LIMA,LIMA,LURIN,VAMOS PERU,282,M,CASTELLANO
140114,LIMA,LIMA,MAGDALENA DEL MAR,ACCION POPULAR,1294,M,CASTELLANO
140114,LIMA,LIMA,MAGDALENA DEL MAR,ALIANZA PARA EL PROGRESO,1257,M,CASTELLANO
140114,LIMA,LIMA,MAGDALENA DEL MAR,DEMOCRACIA DIRECTA,431,M,CASTELLANO
140114,LIMA,LIMA,MAGDALENA DEL MAR,DIALOGO VECINAL,2578,M,CASTELLANO
140114,LIMA,LIMA,MAGDALENA DEL MAR,MAGDALENA AVANZA,26189,M,CASTELLANO
140114,LIMA,LIMA,MAGDALENA DEL MAR,PARTIDO APRISTA PERUANO,2766,M,CASTELLANO
140114,LIMA,LIMA,MAGDALENA DEL MAR,PARTIDO DEMOCRATICO SOMOS PERU,5333,M,CASTELLANO
140114,LIMA,LIMA,MAGDALENA DEL MAR,PARTIDO HUMANISTA PERUANO,281,M,CASTELLANO
140114,LIMA,LIMA,MAGDALENA DEL MAR,PARTIDO POPULAR CRISTIANO - PPC,6136,M,CASTELLANO
140115,LIMA,LIMA,MIRAFLORES,ALIANZA PARA EL PROGRESO,1482,M,CASTELLANO
140115,LIMA,LIMA,MIRAFLORES,DIALOGO VECINAL,4507,M,CASTELLANO
140115,LIMA,LIMA,MIRAFLORES,FUERZA POPULAR,2646,M,CASTELLANO
140115,LIMA,LIMA,MIRAFLORES,PARTIDO APRISTA PERUANO,4975,M,CASTELLANO
140115,LIMA,LIMA,MIRAFLORES,PARTIDO DEMOCRATICO SOMOS PERU,37490,M,CASTELLANO
140115,LIMA,LIMA,MIRAFLORES,PARTIDO POPULAR CRISTIANO - PPC,6000,M,CASTELLANO
140115,LIMA,LIMA,MIRAFLORES,PERU PATRIA SEGURA,7863,M,CASTELLANO
140115,LIMA,LIMA,MIRAFLORES,SOLIDARIDAD NACIONAL,16780,M,CASTELLANO
140115,LIMA,LIMA,MIRAFLORES,VAMOS PERU,7792,M,CASTELLANO
140116,LIMA,LIMA,PACHACAMAC,ALIANZA PARA EL PROGRESO,2225,M,QUECHUA
140116,LIMA,LIMA,PACHACAMAC,FUERZA POPULAR,3690,M,QUECHUA
140116,LIMA,LIMA,PACHACAMAC,PARTIDO APRISTA PERUANO,792,M,QUECHUA
140116,LIMA,LIMA,PACHACAMAC,PARTIDO DEMOCRATICO SOMOS PERU,8522,M,QUECHUA
140116,LIMA,LIMA,PACHACAMAC,PARTIDO HUMANISTA PERUANO,475,M,QUECHUA
140116,LIMA,LIMA,PACHACAMAC,PARTIDO POPULAR CRISTIANO - PPC,5547,M,QUECHUA
140116,LIMA,LIMA,PACHACAMAC,PERU PATRIA SEGURA,2433,M,QUECHUA
140116,LIMA,LIMA,PACHACAMAC,RESTAURACION NACIONAL,3018,M,QUECHUA
140116,LIMA,LIMA,PACHACAMAC,SOLIDARIDAD NACIONAL,14457,M,QUECHUA
140116,LIMA,LIMA,PACHACAMAC,UNION POR EL PERU,864,M,QUECHUA
140116,LIMA,LIMA,PACHACAMAC,VAMOS PERU,973,M,QUECHUA
140117,LIMA,LIMA,PUEBLO LIBRE,ACCION POPULAR,4864,M,CASTELLANO
140117,LIMA,LIMA,PUEBLO LIBRE,ALIANZA PARA EL PROGRESO,1156,M,CASTELLANO
140117,LIMA,LIMA,PUEBLO LIBRE,DIALOGO VECINAL,5862,M,CASTELLANO
140117,LIMA,LIMA,PUEBLO LIBRE,FUERZA POPULAR,2661,M,CASTELLANO
140117,LIMA,LIMA,PUEBLO LIBRE,PARTIDO APRISTA PERUANO,5572,M,CASTELLANO
140117,LIMA,LIMA,PUEBLO LIBRE,PARTIDO DEMOCRATICO SOMOS PERU,1784,M,CASTELLANO
140117,LIMA,LIMA,PUEBLO LIBRE,PARTIDO HUMANISTA PERUANO,430,M,CASTELLANO
140117,LIMA,LIMA,PUEBLO LIBRE,PARTIDO POPULAR CRISTIANO - PPC,18712,M,CASTELLANO
140117,LIMA,LIMA,PUEBLO LIBRE,PERU POSIBLE,577,M,CASTELLANO
140117,LIMA,LIMA,PUEBLO LIBRE,SIEMPRE UNIDOS,813,M,CASTELLANO
140117,LIMA,LIMA,PUEBLO LIBRE,SOLIDARIDAD NACIONAL,27346,M,CASTELLANO
140117,LIMA,LIMA,PUEBLO LIBRE,VAMOS PERU,1061,M,CASTELLANO
140118,LIMA,LIMA,PUCUSANA,ACCION POPULAR,84,M,CASTELLANO
140118,LIMA,LIMA,PUCUSANA,ALIANZA PARA EL PROGRESO,1267,M,CASTELLANO
140118,LIMA,LIMA,PUCUSANA,DEMOCRACIA DIRECTA,122,M,CASTELLANO
140118,LIMA,LIMA,PUCUSANA,FUERZA POPULAR,848,M,CASTELLANO
140118,LIMA,LIMA,PUCUSANA,PARTIDO APRISTA PERUANO,1292,M,CASTELLANO
140118,LIMA,LIMA,PUCUSANA,PARTIDO DEMOCRATICO SOMOS PERU,1165,M,CASTELLANO
140118,LIMA,LIMA,PUCUSANA,RESTAURACION NACIONAL,364,M,CASTELLANO
140118,LIMA,LIMA,PUCUSANA,SIEMPRE UNIDOS,100,M,CASTELLANO
140118,LIMA,LIMA,PUCUSANA,SOLIDARIDAD NACIONAL,2317,M,CASTELLANO
140119,LIMA,LIMA,PUENTE PIEDRA,ACCION POPULAR,621,M,CASTELLANO
140119,LIMA,LIMA,PUENTE PIEDRA,ALIANZA PARA EL PROGRESO,2088,M,CASTELLANO
140119,LIMA,LIMA,PUENTE PIEDRA,DEMOCRACIA DIRECTA,1010,M,CASTELLANO
140119,LIMA,LIMA,PUENTE PIEDRA,FUERZA POPULAR,4874,M,CASTELLANO
140119,LIMA,LIMA,PUENTE PIEDRA,PARTIDO APRISTA PERUANO,3156,M,CASTELLANO
140119,LIMA,LIMA,PUENTE PIEDRA,PARTIDO DEMOCRATICO SOMOS PERU,1950,M,CASTELLANO
140119,LIMA,LIMA,PUENTE PIEDRA,PARTIDO HUMANISTA PERUANO,421,M,CASTELLANO
140119,LIMA,LIMA,PUENTE PIEDRA,PARTIDO POPULAR CRISTIANO - PPC,771,M,CASTELLANO
140119,LIMA,LIMA,PUENTE PIEDRA,PERU PATRIA SEGURA,1367,M,CASTELLANO
140119,LIMA,LIMA,PUENTE PIEDRA,PERU POSIBLE,36209,M,CASTELLANO
140119,LIMA,LIMA,PUENTE PIEDRA,SIEMPRE UNIDOS,33323,M,CASTELLANO
140119,LIMA,LIMA,PUENTE PIEDRA,SOLIDARIDAD NACIONAL,43280,M,CASTELLANO
140119,LIMA,LIMA,PUENTE PIEDRA,UNION POR EL PERU,649,M,CASTELLANO
140119,LIMA,LIMA,PUENTE PIEDRA,VAMOS PERU,3799,M,CASTELLANO
140119,LIMA,LIMA,PUENTE PIEDRA,YAWAR TORO,7606,M,CASTELLANO
140120,LIMA,LIMA,PUNTA HERMOSA,ACCION POPULAR,322,M,CASTELLANO
140120,LIMA,LIMA,PUNTA HERMOSA,ALIANZA PARA EL PROGRESO,633,M,CASTELLANO
140120,LIMA,LIMA,PUNTA HERMOSA,FRENTE INDEPENDIENTE DE UNIDAD VECINAL DE PUNTA HERMOSA,209,M,CASTELLANO
140120,LIMA,LIMA,PUNTA HERMOSA,PARTIDO POPULAR CRISTIANO - PPC,1792,M,CASTELLANO
140120,LIMA,LIMA,PUNTA HERMOSA,PERU PATRIA SEGURA,959,M,CASTELLANO
140120,LIMA,LIMA,PUNTA HERMOSA,SOLIDARIDAD NACIONAL,444,M,CASTELLANO
140120,LIMA,LIMA,PUNTA HERMOSA,UNION POR EL PERU,32,M,CASTELLANO
140120,LIMA,LIMA,PUNTA HERMOSA,VAMOS PERU,29,M,CASTELLANO
140121,LIMA,LIMA,PUNTA NEGRA,ACCION POPULAR,25,M,CASTELLANO
140121,LIMA,LIMA,PUNTA NEGRA,ALIANZA PARA EL PROGRESO,140,M,CASTELLANO
140121,LIMA,LIMA,PUNTA NEGRA,DIALOGO VECINAL,697,M,CASTELLANO
140121,LIMA,LIMA,PUNTA NEGRA,FUERZA POPULAR,82,M,CASTELLANO
140121,LIMA,LIMA,PUNTA NEGRA,PARTIDO DEMOCRATICO SOMOS PERU,175,M,CASTELLANO
140121,LIMA,LIMA,PUNTA NEGRA,PARTIDO HUMANISTA PERUANO,47,M,CASTELLANO
140121,LIMA,LIMA,PUNTA NEGRA,PARTIDO POPULAR CRISTIANO - PPC,745,M,CASTELLANO
140121,LIMA,LIMA,PUNTA NEGRA,RESTAURACION NACIONAL,194,M,CASTELLANO
140121,LIMA,LIMA,PUNTA NEGRA,SIEMPRE UNIDOS,1680,M,CASTELLANO
140121,LIMA,LIMA,PUNTA NEGRA,SOLIDARIDAD NACIONAL,748,M,CASTELLANO
140122,LIMA,LIMA,RIMAC,ACCION POPULAR,1505,M,CASTELLANO
140122,LIMA,LIMA,RIMAC,ALIANZA PARA EL PROGRESO,3312,M,CASTELLANO
140122,LIMA,LIMA,RIMAC,DEMOCRACIA DIRECTA,5198,M,CASTELLANO
140122,LIMA,LIMA,RIMAC,DIALOGO VECINAL,6533,M,CASTELLANO
140122,LIMA,LIMA,RIMAC,FUERZA POPULAR,4807,M,CASTELLANO
140122,LIMA,LIMA,RIMAC,PARTIDO APRISTA PERUANO,10457,M,CASTELLANO
140122,LIMA,LIMA,RIMAC,PARTIDO DEMOCRATICO SOMOS PERU,11095,M,CASTELLANO
140122,LIMA,LIMA,RIMAC,PARTIDO HUMANISTA PERUANO,982,M,CASTELLANO
140122,LIMA,LIMA,RIMAC,PARTIDO POPULAR CRISTIANO - PPC,2646,M,CASTELLANO
140122,LIMA,LIMA,RIMAC,PERU PATRIA SEGURA,16808,M,CASTELLANO
140122,LIMA,LIMA,RIMAC,PERU POSIBLE,1013,M,CASTELLANO
140122,LIMA,LIMA,RIMAC,"RIMAC, CAMINO A LA MODERNIDAD",1768,M,CASTELLANO
140122,LIMA,LIMA,RIMAC,SIEMPRE UNIDOS,2634,M,CASTELLANO
140122,LIMA,LIMA,RIMAC,SOLIDARIDAD NACIONAL,49561,M,CASTELLANO
140122,LIMA,LIMA,RIMAC,VAMOS PERU,6803,M,CASTELLANO
140123,LIMA,LIMA,SAN BARTOLO,ACCION POPULAR,34,M,CASTELLANO
140123,LIMA,LIMA,SAN BARTOLO,ALIANZA PARA EL PROGRESO,120,M,CASTELLANO
140123,LIMA,LIMA,SAN BARTOLO,FUERZA POPULAR,846,M,CASTELLANO
140123,LIMA,LIMA,SAN BARTOLO,PARTIDO DEMOCRATICO SOMOS PERU,1459,M,CASTELLANO
140123,LIMA,LIMA,SAN BARTOLO,PARTIDO POPULAR CRISTIANO - PPC,23,M,CASTELLANO
140123,LIMA,LIMA,SAN BARTOLO,PERU PATRIA SEGURA,275,M,CASTELLANO
140123,LIMA,LIMA,SAN BARTOLO,SOLIDARIDAD NACIONAL,1557,M,CASTELLANO
140123,LIMA,LIMA,SAN BARTOLO,VAMOS PERU,25,M,CASTELLANO
140124,LIMA,LIMA,SAN ISIDRO,ALIANZA PARA EL PROGRESO,434,M,CASTELLANO
140124,LIMA,LIMA,SAN ISIDRO,DEMOCRACIA DIRECTA,343,M,CASTELLANO
140124,LIMA,LIMA,SAN ISIDRO,FUERZA POPULAR,14144,M,CASTELLANO
140124,LIMA,LIMA,SAN ISIDRO,PARTIDO DEMOCRATICO SOMOS PERU,3193,M,CASTELLANO
140124,LIMA,LIMA,SAN ISIDRO,PARTIDO POPULAR CRISTIANO - PPC,15016,M,CASTELLANO
140124,LIMA,LIMA,SAN ISIDRO,PERU PATRIA SEGURA,2062,M,CASTELLANO
140124,LIMA,LIMA,SAN ISIDRO,PERU POSIBLE,412,M,CASTELLANO
140124,LIMA,LIMA,SAN ISIDRO,RESTAURACION NACIONAL,6464,M,CASTELLANO
140124,LIMA,LIMA,SAN ISIDRO,SIEMPRE UNIDOS,625,M,CASTELLANO
140124,LIMA,LIMA,SAN ISIDRO,SOLIDARIDAD NACIONAL,7249,M,CASTELLANO
140124,LIMA,LIMA,SAN ISIDRO,VAMOS PERU,732,M,CASTELLANO
140125,LIMA,LIMA,BARRANCO,ACCION POPULAR,1099,M,CASTELLANO
140125,LIMA,LIMA,BARRANCO,ALIANZA PARA EL PROGRESO,9097,M,CASTELLANO
140125,LIMA,LIMA,BARRANCO,DECISION BARRANCO,7751,M,CASTELLANO
140125,LIMA,LIMA,BARRANCO,DEMOCRACIA DIRECTA,250,M,CASTELLANO
140125,LIMA,LIMA,BARRANCO,PARTIDO APRISTA PERUANO,2877,M,CASTELLANO
140125,LIMA,LIMA,BARRANCO,PARTIDO DEMOCRATICO SOMOS PERU,4850,M,CASTELLANO
140125,LIMA,LIMA,BARRANCO,PARTIDO HUMANISTA PERUANO,337,M,CASTELLANO
140125,LIMA,LIMA,BARRANCO,PARTIDO POPULAR CRISTIANO - PPC,6690,M,CASTELLANO
140125,LIMA,LIMA,BARRANCO,SIEMPRE UNIDOS,503,M,CASTELLANO
140125,LIMA,LIMA,BARRANCO,VAMOS PERU,684,M,CASTELLANO
140126,LIMA,LIMA,SAN MARTIN DE PORRES,ACCION POPULAR,4219,M,CASTELLANO
140126,LIMA,LIMA,SAN MARTIN DE PORRES,DEMOCRACIA DIRECTA,4075,M,CASTELLANO
140126,LIMA,LIMA,SAN MARTIN DE PORRES,DIALOGO VECINAL,10735,M,CASTELLANO
140126,LIMA,LIMA,SAN MARTIN DE PORRES,FUERZA POPULAR,11797,M,CASTELLANO
140126,LIMA,LIMA,SAN MARTIN DE PORRES,PARTIDO APRISTA PERUANO,13548,M,CASTELLANO
140126,LIMA,LIMA,SAN MARTIN DE PORRES,PARTIDO DEMOCRATICO SOMOS PERU,7757,M,CASTELLANO
140126,LIMA,LIMA,SAN MARTIN DE PORRES,PARTIDO HUMANISTA PERUANO,1811,M,CASTELLANO
140126,LIMA,LIMA,SAN MARTIN DE PORRES,PARTIDO POPULAR CRISTIANO - PPC,17699,M,CASTELLANO
140126,LIMA,LIMA,SAN MARTIN DE PORRES,PERU PATRIA SEGURA,5241,M,CASTELLANO
140126,LIMA,LIMA,SAN MARTIN DE PORRES,PERU POSIBLE,5023,M,CASTELLANO
140126,LIMA,LIMA,SAN MARTIN DE PORRES,RESTAURACION NACIONAL,2646,M,CASTELLANO
140126,LIMA,LIMA,SAN MARTIN DE PORRES,SIEMPRE UNIDOS,127972,M,CASTELLANO
140126,LIMA,LIMA,SAN MARTIN DE PORRES,SOLIDARIDAD NACIONAL,127094,M,CASTELLANO
140126,LIMA,LIMA,SAN MARTIN DE PORRES,UNION POR EL PERU,1949,M,CASTELLANO
140126,LIMA,LIMA,SAN MARTIN DE PORRES,VAMOS PERU,3958,M,CASTELLANO
140127,LIMA,LIMA,SAN MIGUEL,ACCION POPULAR,2237,M,CASTELLANO
140127,LIMA,LIMA,SAN MIGUEL,ALIANZA PARA EL PROGRESO,1949,M,CASTELLANO
140127,LIMA,LIMA,SAN MIGUEL,DEMOCRACIA DIRECTA,627,M,CASTELLANO
140127,LIMA,LIMA,SAN MIGUEL,DIALOGO VECINAL,5047,M,CASTELLANO
140127,LIMA,LIMA,SAN MIGUEL,FUERZA POPULAR,2657,M,CASTELLANO
140127,LIMA,LIMA,SAN MIGUEL,PARTIDO APRISTA PERUANO,6025,M,CASTELLANO
140127,LIMA,LIMA,SAN MIGUEL,PARTIDO DEMOCRATICO SOMOS PERU,2483,M,CASTELLANO
140127,LIMA,LIMA,SAN MIGUEL,PARTIDO POPULAR CRISTIANO - PPC,4843,M,CASTELLANO
140127,LIMA,LIMA,SAN MIGUEL,PERU PATRIA SEGURA,40822,M,CASTELLANO
140127,LIMA,LIMA,SAN MIGUEL,SOLIDARIDAD NACIONAL,30319,M,CASTELLANO
140127,LIMA,LIMA,SAN MIGUEL,VAMOS PERU,843,M,CASTELLANO
140128,LIMA,LIMA,SANTA MARIA DEL MAR,ACCION POPULAR,299,M,CASTELLANO
140128,LIMA,LIMA,SANTA MARIA DEL MAR,PARTIDO POPULAR CRISTIANO - PPC,405,M,CASTELLANO
140128,LIMA,LIMA,SANTA MARIA DEL MAR,PERU PATRIA SEGURA,406,M,CASTELLANO
140128,LIMA,LIMA,SANTA MARIA DEL MAR,UNION POR EL PERU,15,M,CASTELLANO
140129,LIMA,LIMA,SANTA ROSA,ACCION POPULAR,1999,M,CASTELLANO
140129,LIMA,LIMA,SANTA ROSA,ALIANZA PARA EL PROGRESO,622,M,CASTELLANO
140129,LIMA,LIMA,SANTA ROSA,DEMOCRACIA DIRECTA,133,M,CASTELLANO
140129,LIMA,LIMA,SANTA ROSA,FUERZA POPULAR,375,M,CASTELLANO
140129,LIMA,LIMA,SANTA ROSA,PARTIDO DEMOCRATICO SOMOS PERU,350,M,CASTELLANO
140129,LIMA,LIMA,SANTA ROSA,PARTIDO POPULAR CRISTIANO - PPC,430,M,CASTELLANO
140129,LIMA,LIMA,SANTA ROSA,PERU POSIBLE,98,M,CASTELLANO
140129,LIMA,LIMA,SANTA ROSA,SIEMPRE UNIDOS,1303,M,CASTELLANO
140129,LIMA,LIMA,SANTA ROSA,SOLIDARIDAD NACIONAL,3911,M,CASTELLANO
140130,LIMA,LIMA,SANTIAGO DE SURCO,ACCION POPULAR,4357,M,CASTELLANO
140130,LIMA,LIMA,SANTIAGO DE SURCO,ALIANZA PARA EL PROGRESO,2746,M,CASTELLANO
140130,LIMA,LIMA,SANTIAGO DE SURCO,CORAZON SURCANO,2797,M,CASTELLANO
140130,LIMA,LIMA,SANTIAGO DE SURCO,DEMOCRACIA DIRECTA,2827,M,CASTELLANO
140130,LIMA,LIMA,SANTIAGO DE SURCO,DIALOGO VECINAL,6853,M,CASTELLANO
140130,LIMA,LIMA,SANTIAGO DE SURCO,FUERZA POPULAR,18475,M,CASTELLANO
140130,LIMA,LIMA,SANTIAGO DE SURCO,PARTIDO APRISTA PERUANO,10264,M,CASTELLANO
140130,LIMA,LIMA,SANTIAGO DE SURCO,PARTIDO DEMOCRATICO SOMOS PERU,73589,M,CASTELLANO
140130,LIMA,LIMA,SANTIAGO DE SURCO,PARTIDO HUMANISTA PERUANO,1046,M,CASTELLANO
140130,LIMA,LIMA,SANTIAGO DE SURCO,PARTIDO POPULAR CRISTIANO - PPC,21998,M,CASTELLANO
140130,LIMA,LIMA,SANTIAGO DE SURCO,PERU PATRIA SEGURA,6347,M,CASTELLANO
140130,LIMA,LIMA,SANTIAGO DE SURCO,RESTAURACION NACIONAL,3258,M,CASTELLANO
140130,LIMA,LIMA,SANTIAGO DE SURCO,SIEMPRE UNIDOS,1006,M,CASTELLANO
140130,LIMA,LIMA,SANTIAGO DE SURCO,SOLIDARIDAD NACIONAL,46818,M,CASTELLANO
140130,LIMA,LIMA,SANTIAGO DE SURCO,VAMOS PERU,11791,M,CASTELLANO
140131,LIMA,LIMA,SURQUILLO,ACCION POPULAR,1316,M,QUECHUA
140131,LIMA,LIMA,SURQUILLO,ALIANZA PARA EL PROGRESO,1249,M,QUECHUA
140131,LIMA,LIMA,SURQUILLO,FUERZA POPULAR,1839,M,QUECHUA
140131,LIMA,LIMA,SURQUILLO,PARTIDO APRISTA PERUANO,5223,M,QUECHUA
140131,LIMA,LIMA,SURQUILLO,PARTIDO DEMOCRATICO SOMOS PERU,2984,M,QUECHUA
140131,LIMA,LIMA,SURQUILLO,PARTIDO POPULAR CRISTIANO - PPC,25949,M,QUECHUA
140131,LIMA,LIMA,SURQUILLO,PERU PATRIA SEGURA,3240,M,QUECHUA
140131,LIMA,LIMA,SURQUILLO,SIEMPRE UNIDOS,927,M,QUECHUA
140131,LIMA,LIMA,SURQUILLO,SOLIDARIDAD NACIONAL,23815,M,QUECHUA
140131,LIMA,LIMA,SURQUILLO,VAMOS PERU,2624,M,QUECHUA
140132,LIMA,LIMA,VILLA MARIA DEL TRIUNFO,ACCION POPULAR,1371,M,QUECHUA
140132,LIMA,LIMA,VILLA MARIA DEL TRIUNFO,ALIANZA PARA EL PROGRESO,2916,M,QUECHUA
140132,LIMA,LIMA,VILLA MARIA DEL TRIUNFO,DEMOCRACIA DIRECTA,5170,M,QUECHUA
140132,LIMA,LIMA,VILLA MARIA DEL TRIUNFO,"EL FRENTE AMPLIO POR JUSTICIA, VIDA Y LIBERTAD",641,M,QUECHUA
140132,LIMA,LIMA,VILLA MARIA DEL TRIUNFO,FUERZA POPULAR,15791,M,QUECHUA
140132,LIMA,LIMA,VILLA MARIA DEL TRIUNFO,PARTIDO APRISTA PERUANO,7739,M,QUECHUA
140132,LIMA,LIMA,VILLA MARIA DEL TRIUNFO,PARTIDO DEMOCRATICO SOMOS PERU,12756,M,QUECHUA
140132,LIMA,LIMA,VILLA MARIA DEL TRIUNFO,PARTIDO HUMANISTA PERUANO,1622,M,QUECHUA
140132,LIMA,LIMA,VILLA MARIA DEL TRIUNFO,PARTIDO POPULAR CRISTIANO - PPC,6528,M,QUECHUA
140132,LIMA,LIMA,VILLA MARIA DEL TRIUNFO,PERU PATRIA SEGURA,30245,M,QUECHUA
140132,LIMA,LIMA,VILLA MARIA DEL TRIUNFO,PERU POSIBLE,54043,M,QUECHUA
140132,LIMA,LIMA,VILLA MARIA DEL TRIUNFO,SIEMPRE UNIDOS,7131,M,QUECHUA
140132,LIMA,LIMA,VILLA MARIA DEL TRIUNFO,SOLIDARIDAD NACIONAL,63701,M,QUECHUA
140132,LIMA,LIMA,VILLA MARIA DEL TRIUNFO,UNION POR EL PERU,3339,M,QUECHUA
140132,LIMA,LIMA,VILLA MARIA DEL TRIUNFO,VAMOS PERU,5975,M,QUECHUA
140132,LIMA,LIMA,VILLA MARIA DEL TRIUNFO,VILLA MEJOR PARA TODOS,2974,M,QUECHUA
140133,LIMA,LIMA,JESUS MARIA,ACCION POPULAR,2492,M,CASTELLANO
140133,LIMA,LIMA,JESUS MARIA,ALIANZA PARA EL PROGRESO,1545,M,CASTELLANO
140133,LIMA,LIMA,JESUS MARIA,DEMOCRACIA DIRECTA,397,M,CASTELLANO
140133,LIMA,LIMA,JESUS MARIA,DIALOGO VECINAL,6360,M,CASTELLANO
140133,LIMA,LIMA,JESUS MARIA,FUERZA POPULAR,3809,M,CASTELLANO
140133,LIMA,LIMA,JESUS MARIA,PARTIDO APRISTA PERUANO,6306,M,CASTELLANO
140133,LIMA,LIMA,JESUS MARIA,PARTIDO DEMOCRATICO SOMOS PERU,4435,M,CASTELLANO
140133,LIMA,LIMA,JESUS MARIA,PARTIDO HUMANISTA PERUANO,657,M,CASTELLANO
140133,LIMA,LIMA,JESUS MARIA,PARTIDO POPULAR CRISTIANO - PPC,20465,M,CASTELLANO
140133,LIMA,LIMA,JESUS MARIA,PERU PATRIA SEGURA,4563,M,CASTELLANO
140133,LIMA,LIMA,JESUS MARIA,PERU POSIBLE,712,M,CASTELLANO
140133,LIMA,LIMA,JESUS MARIA,SIEMPRE UNIDOS,1036,M,CASTELLANO
140133,LIMA,LIMA,JESUS MARIA,SOLIDARIDAD NACIONAL,24037,M,CASTELLANO
140133,LIMA,LIMA,JESUS MARIA,VAMOS PERU,3801,M,CASTELLANO
140134,LIMA,LIMA,INDEPENDENCIA,ACCION POPULAR,2701,M,CASTELLANO
140134,LIMA,LIMA,INDEPENDENCIA,ALIANZA PARA EL PROGRESO,1907,M,CASTELLANO
140134,LIMA,LIMA,INDEPENDENCIA,DEMOCRACIA DIRECTA,1825,M,CASTELLANO
140134,LIMA,LIMA,INDEPENDENCIA,FUERZA POPULAR,2947,M,CASTELLANO
140134,LIMA,LIMA,INDEPENDENCIA,PARTIDO APRISTA PERUANO,4385,M,CASTELLANO
140134,LIMA,LIMA,INDEPENDENCIA,PARTIDO DEMOCRATICO SOMOS PERU,9585,M,CASTELLANO
140134,LIMA,LIMA,INDEPENDENCIA,PARTIDO HUMANISTA PERUANO,1807,M,CASTELLANO
140134,LIMA,LIMA,INDEPENDENCIA,PARTIDO POPULAR CRISTIANO - PPC,14456,M,CASTELLANO
140134,LIMA,LIMA,INDEPENDENCIA,PERU PATRIA SEGURA,13547,M,CASTELLANO
140134,LIMA,LIMA,INDEPENDENCIA,PERU POSIBLE,13347,M,CASTELLANO
140134,LIMA,LIMA,INDEPENDENCIA,SIEMPRE UNIDOS,12092,M,CASTELLANO
140134,LIMA,LIMA,INDEPENDENCIA,SOLIDARIDAD NACIONAL,42052,M,CASTELLANO
140134,LIMA,LIMA,INDEPENDENCIA,UNION POR EL PERU,1543,M,CASTELLANO
140134,LIMA,LIMA,INDEPENDENCIA,VAMOS PERU,1060,M,CASTELLANO
140135,LIMA,LIMA,EL AGUSTINO,ACCION POPULAR,1188,M,CASTELLANO
140135,LIMA,LIMA,EL AGUSTINO,ALIANZA PARA EL PROGRESO,1546,M,CASTELLANO
140135,LIMA,LIMA,EL AGUSTINO,CONTIGO AGUSTINO,901,M,CASTELLANO
140135,LIMA,LIMA,EL AGUSTINO,DIALOGO VECINAL,2645,M,CASTELLANO
140135,LIMA,LIMA,EL AGUSTINO,"EL FRENTE AMPLIO POR JUSTICIA, VIDA Y LIBERTAD",1014,M,CASTELLANO
140135,LIMA,LIMA,EL AGUSTINO,FUERZA POPULAR,5808,M,CASTELLANO
140135,LIMA,LIMA,EL AGUSTINO,PARTIDO DEMOCRATICO SOMOS PERU,5552,M,CASTELLANO
140135,LIMA,LIMA,EL AGUSTINO,PARTIDO HUMANISTA PERUANO,746,M,CASTELLANO
140135,LIMA,LIMA,EL AGUSTINO,PERU PATRIA SEGURA,47242,M,CASTELLANO
140135,LIMA,LIMA,EL AGUSTINO,PERU POSIBLE,571,M,CASTELLANO
140135,LIMA,LIMA,EL AGUSTINO,SIEMPRE UNIDOS,1784,M,CASTELLANO
140135,LIMA,LIMA,EL AGUSTINO,SOLIDARIDAD NACIONAL,43427,M,CASTELLANO
140135,LIMA,LIMA,EL AGUSTINO,VAMOS PERU,978,M,CASTELLANO
140136,LIMA,LIMA,SAN JUAN DE MIRAFLORES,ACCION POPULAR,6171,M,CASTELLANO
140136,LIMA,LIMA,SAN JUAN DE MIRAFLORES,ALIANZA PARA EL PROGRESO,4781,M,CASTELLANO
140136,LIMA,LIMA,SAN JUAN DE MIRAFLORES,DEMOCRACIA DIRECTA,2429,M,CASTELLANO
140136,LIMA,LIMA,SAN JUAN DE MIRAFLORES,DIALOGO VECINAL,12435,M,CASTELLANO
140136,LIMA,LIMA,SAN JUAN DE MIRAFLORES,FUERZA POPULAR,25560,M,CASTELLANO
140136,LIMA,LIMA,SAN JUAN DE MIRAFLORES,PARTIDO APRISTA PERUANO,8478,M,CASTELLANO
140136,LIMA,LIMA,SAN JUAN DE MIRAFLORES,PARTIDO DEMOCRATICO SOMOS PERU,10331,M,CASTELLANO
140136,LIMA,LIMA,SAN JUAN DE MIRAFLORES,PARTIDO HUMANISTA PERUANO,3992,M,CASTELLANO
140136,LIMA,LIMA,SAN JUAN DE MIRAFLORES,PARTIDO POPULAR CRISTIANO - PPC,69132,M,CASTELLANO
140136,LIMA,LIMA,SAN JUAN DE MIRAFLORES,PERU PATRIA SEGURA,28304,M,CASTELLANO
140136,LIMA,LIMA,SAN JUAN DE MIRAFLORES,SIEMPRE UNIDOS,3832,M,CASTELLANO
140136,LIMA,LIMA,SAN JUAN DE MIRAFLORES,SOLIDARIDAD NACIONAL,53282,M,CASTELLANO
140136,LIMA,LIMA,SAN JUAN DE MIRAFLORES,UNION POR EL PERU,1225,M,CASTELLANO
140136,LIMA,LIMA,SAN JUAN DE MIRAFLORES,VAMOS PERU,3090,M,CASTELLANO
140137,LIMA,LIMA,SAN JUAN DE LURIGANCHO,ACCION POPULAR,5475,M,CASTELLANO
140137,LIMA,LIMA,SAN JUAN DE LURIGANCHO,ALIANZA PARA EL PROGRESO,143970,M,CASTELLANO
140137,LIMA,LIMA,SAN JUAN DE LURIGANCHO,DEMOCRACIA DIRECTA,7261,M,CASTELLANO
140137,LIMA,LIMA,SAN JUAN DE LURIGANCHO,DIALOGO VECINAL,57683,M,CASTELLANO
140137,LIMA,LIMA,SAN JUAN DE LURIGANCHO,"EL FRENTE AMPLIO POR JUSTICIA, VIDA Y LIBERTAD",1634,M,CASTELLANO
140137,LIMA,LIMA,SAN JUAN DE LURIGANCHO,FUERZA POPULAR,50330,M,CASTELLANO
140137,LIMA,LIMA,SAN JUAN DE LURIGANCHO,PARTIDO APRISTA PERUANO,22182,M,CASTELLANO
140137,LIMA,LIMA,SAN JUAN DE LURIGANCHO,PARTIDO DEMOCRATICO SOMOS PERU,38862,M,CASTELLANO
140137,LIMA,LIMA,SAN JUAN DE LURIGANCHO,PARTIDO HUMANISTA PERUANO,2948,M,CASTELLANO
140137,LIMA,LIMA,SAN JUAN DE LURIGANCHO,PARTIDO POPULAR CRISTIANO - PPC,13875,M,CASTELLANO
140137,LIMA,LIMA,SAN JUAN DE LURIGANCHO,PERU PATRIA SEGURA,7450,M,CASTELLANO
140137,LIMA,LIMA,SAN JUAN DE LURIGANCHO,PERU POSIBLE,3576,M,CASTELLANO
140137,LIMA,LIMA,SAN JUAN DE LURIGANCHO,RESTAURACION NACIONAL,9111,M,CASTELLANO
140137,LIMA,LIMA,SAN JUAN DE LURIGANCHO,SIEMPRE UNIDOS,17380,M,CASTELLANO
140137,LIMA,LIMA,SAN JUAN DE LURIGANCHO,SOLIDARIDAD NACIONAL,111149,M,CASTELLANO
140137,LIMA,LIMA,SAN JUAN DE LURIGANCHO,VAMOS PERU,4160,M,CASTELLANO
140138,LIMA,LIMA,SAN LUIS,ACCION POPULAR,706,M,CASTELLANO
140138,LIMA,LIMA,SAN LUIS,ALIANZA PARA EL PROGRESO,920,M,CASTELLANO
140138,LIMA,LIMA,SAN LUIS,DEMOCRACIA DIRECTA,407,M,CASTELLANO
140138,LIMA,LIMA,SAN LUIS,DIALOGO VECINAL,1674,M,CASTELLANO
140138,LIMA,LIMA,SAN LUIS,FUERZA POPULAR,2509,M,CASTELLANO
140138,LIMA,LIMA,SAN LUIS,PARTIDO DEMOCRATICO SOMOS PERU,10423,M,CASTELLANO
140138,LIMA,LIMA,SAN LUIS,PARTIDO HUMANISTA PERUANO,638,M,CASTELLANO
140138,LIMA,LIMA,SAN LUIS,PARTIDO POPULAR CRISTIANO - PPC,2926,M,CASTELLANO
140138,LIMA,LIMA,SAN LUIS,PERU PATRIA SEGURA,3191,M,CASTELLANO
140138,LIMA,LIMA,SAN LUIS,PERU POSIBLE,648,M,CASTELLANO
140138,LIMA,LIMA,SAN LUIS,RESTAURACION NACIONAL,8330,M,CASTELLANO
140138,LIMA,LIMA,SAN LUIS,SIEMPRE UNIDOS,1594,M,CASTELLANO
140138,LIMA,LIMA,SAN LUIS,UNION POR EL PERU,6072,M,CASTELLANO
140138,LIMA,LIMA,SAN LUIS,VAMOS PERU,2787,M,CASTELLANO
140139,LIMA,LIMA,CIENEGUILLA,ALIANZA PARA EL PROGRESO,137,M,CASTELLANO
140139,LIMA,LIMA,CIENEGUILLA,PARTIDO DEMOCRATICO SOMOS PERU,1905,M,CASTELLANO
140139,LIMA,LIMA,CIENEGUILLA,PARTIDO POPULAR CRISTIANO - PPC,6593,M,CASTELLANO
140139,LIMA,LIMA,CIENEGUILLA,PERU POSIBLE,171,M,CASTELLANO
140139,LIMA,LIMA,CIENEGUILLA,SOLIDARIDAD NACIONAL,3440,M,CASTELLANO
140139,LIMA,LIMA,CIENEGUILLA,VAMOS PERU,919,M,CASTELLANO
140140,LIMA,LIMA,SAN BORJA,ACCION POPULAR,2937,M,CASTELLANO
140140,LIMA,LIMA,SAN BORJA,DIALOGO VECINAL,3428,M,CASTELLANO
140140,LIMA,LIMA,SAN BORJA,MOVIMIENTO INDEPENDIENTE AMIGO SAN BORJINO,2082,M,CASTELLANO
140140,LIMA,LIMA,SAN BORJA,PARTIDO DEMOCRATICO SOMOS PERU,20479,M,CASTELLANO
140140,LIMA,LIMA,SAN BORJA,PARTIDO POPULAR CRISTIANO - PPC,40118,M,CASTELLANO
140140,LIMA,LIMA,SAN BORJA,PERU PATRIA SEGURA,2527,M,CASTELLANO
140140,LIMA,LIMA,SAN BORJA,PERU POSIBLE,877,M,CASTELLANO
140140,LIMA,LIMA,SAN BORJA,SIEMPRE UNIDOS,845,M,CASTELLANO
140140,LIMA,LIMA,SAN BORJA,SOLIDARIDAD NACIONAL,14294,M,CASTELLANO
140140,LIMA,LIMA,SAN BORJA,VAMOS PERU,1747,M,CASTELLANO
140141,LIMA,LIMA,VILLA EL SALVADOR,ACCION POPULAR,2250,M,CASTELLANO
140141,LIMA,LIMA,VILLA EL SALVADOR,ALIANZA PARA EL PROGRESO,21512,M,CASTELLANO
140141,LIMA,LIMA,VILLA EL SALVADOR,DEMOCRACIA DIRECTA,2901,M,CASTELLANO
140141,LIMA,LIMA,VILLA EL SALVADOR,DIALOGO VECINAL,10519,M,CASTELLANO
140141,LIMA,LIMA,VILLA EL SALVADOR,FUERZA POPULAR,6696,M,CASTELLANO
140141,LIMA,LIMA,VILLA EL SALVADOR,MOVIMIENTO INDEPENDIENTE POLITICO VILLA CAMBIA,152050,M,CASTELLANO
140141,LIMA,LIMA,VILLA EL SALVADOR,PARTIDO APRISTA PERUANO,6420,M,CASTELLANO
140141,LIMA,LIMA,VILLA EL SALVADOR,PARTIDO DEMOCRATICO SOMOS PERU,6952,M,CASTELLANO
140141,LIMA,LIMA,VILLA EL SALVADOR,PARTIDO HUMANISTA PERUANO,3039,M,CASTELLANO
140141,LIMA,LIMA,VILLA EL SALVADOR,PARTIDO POPULAR CRISTIANO - PPC,3182,M,CASTELLANO
140141,LIMA,LIMA,VILLA EL SALVADOR,PERU PATRIA SEGURA,4672,M,CASTELLANO
140141,LIMA,LIMA,VILLA EL SALVADOR,PERU POSIBLE,2934,M,CASTELLANO
140141,LIMA,LIMA,VILLA EL SALVADOR,SIEMPRE UNIDOS,2070,M,CASTELLANO
140141,LIMA,LIMA,VILLA EL SALVADOR,VAMOS PERU,2637,M,CASTELLANO
140142,LIMA,LIMA,LOS OLIVOS,ACCION POPULAR,2047,M,CASTELLANO
140142,LIMA,LIMA,LOS OLIVOS,ALIANZA PARA EL PROGRESO,1449,M,CASTELLANO
140142,LIMA,LIMA,LOS OLIVOS,DEMOCRACIA DIRECTA,1133,M,CASTELLANO
140142,LIMA,LIMA,LOS OLIVOS,FUERZA POPULAR,5477,M,CASTELLANO
140142,LIMA,LIMA,LOS OLIVOS,PARTIDO APRISTA PERUANO,6754,M,CASTELLANO
140142,LIMA,LIMA,LOS OLIVOS,PARTIDO DEMOCRATICO SOMOS PERU,4082,M,CASTELLANO
140142,LIMA,LIMA,LOS OLIVOS,PARTIDO POPULAR CRISTIANO - PPC,9150,M,CASTELLANO
140142,LIMA,LIMA,LOS OLIVOS,PERU PATRIA SEGURA,2650,M,CASTELLANO
140142,LIMA,LIMA,LOS OLIVOS,PERU POSIBLE,59545,M,CASTELLANO
140142,LIMA,LIMA,LOS OLIVOS,POR TI LOS OLIVOS,23693,M,CASTELLANO
140142,LIMA,LIMA,LOS OLIVOS,RESTAURACION NACIONAL,1917,M,CASTELLANO
140142,LIMA,LIMA,LOS OLIVOS,SIEMPRE UNIDOS,48448,M,CASTELLANO
140142,LIMA,LIMA,LOS OLIVOS,SOLIDARIDAD NACIONAL,37946,M,CASTELLANO
140142,LIMA,LIMA,LOS OLIVOS,UNION POR EL PERU,2477,M,CASTELLANO
140142,LIMA,LIMA,LOS OLIVOS,VAMOS PERU,1265,M,CASTELLANO
140143,LIMA,LIMA,SANTA ANITA,ACCION POPULAR,6435,F,CASTELLANO
140143,LIMA,LIMA,SANTA ANITA,ALIANZA PARA EL PROGRESO,3166,F,CASTELLANO
140143,LIMA,LIMA,SANTA ANITA,DEMOCRACIA DIRECTA,1988,F,CASTELLANO
140143,LIMA,LIMA,SANTA ANITA,FUERZA POPULAR,4411,F,CASTELLANO
140143,LIMA,LIMA,SANTA ANITA,PARTIDO APRISTA PERUANO,6571,F,CASTELLANO
140143,LIMA,LIMA,SANTA ANITA,PARTIDO DEMOCRATICO SOMOS PERU,4607,F,CASTELLANO
140143,LIMA,LIMA,SANTA ANITA,PARTIDO HUMANISTA PERUANO,1384,F,CASTELLANO
140143,LIMA,LIMA,SANTA ANITA,PARTIDO POPULAR CRISTIANO - PPC,34742,F,CASTELLANO
140143,LIMA,LIMA,SANTA ANITA,PERU PATRIA SEGURA,8895,F,CASTELLANO
140143,LIMA,LIMA,SANTA ANITA,PERU POSIBLE,4355,F,CASTELLANO
140143,LIMA,LIMA,SANTA ANITA,SIEMPRE UNIDOS,8000,F,CASTELLANO
140143,LIMA,LIMA,SANTA ANITA,SOLIDARIDAD NACIONAL,45932,F,CASTELLANO
140143,LIMA,LIMA,SANTA ANITA,UNION POR EL PERU,763,F,CASTELLANO
140143,LIMA,LIMA,SANTA ANITA,VAMOS PERU,2455,F,CASTELLANO
140205,LIMA,CAJATAMBO,COPA,ALIANZA PARA EL PROGRESO,58,M,CASTELLANO
140205,LIMA,CAJATAMBO,COPA,CONCERTACION PARA EL DESARROLLO REGIONAL - LIMA,169,M,CASTELLANO
140205,LIMA,CAJATAMBO,COPA,FUERZA REGIONAL,18,M,CASTELLANO
140205,LIMA,CAJATAMBO,COPA,MOVIMIENTO REGIONAL UNIDAD CIVICA LIMA,145,M,CASTELLANO
140205,LIMA,CAJATAMBO,COPA,PATRIA JOVEN,280,M,CASTELLANO
140206,LIMA,CAJATAMBO,GORGOR,ALIANZA PARA EL PROGRESO,152,M,CASTELLANO
140206,LIMA,CAJATAMBO,GORGOR,CONCERTACION PARA EL DESARROLLO REGIONAL - LIMA,233,M,CASTELLANO
140206,LIMA,CAJATAMBO,GORGOR,FUERZA POPULAR,11,M,CASTELLANO
140206,LIMA,CAJATAMBO,GORGOR,FUERZA REGIONAL,97,M,CASTELLANO
140206,LIMA,CAJATAMBO,GORGOR,MOVIMIENTO REGIONAL UNIDAD CIVICA LIMA,17,M,CASTELLANO
140206,LIMA,CAJATAMBO,GORGOR,PATRIA JOVEN,108,M,CASTELLANO
140206,LIMA,CAJATAMBO,GORGOR,VAMOS PERU,189,M,CASTELLANO
140207,LIMA,CAJATAMBO,HUANCAPON,ALIANZA PARA EL PROGRESO,287,M,CASTELLANO
140207,LIMA,CAJATAMBO,HUANCAPON,CONCERTACION PARA EL DESARROLLO REGIONAL - LIMA,67,M,CASTELLANO
140207,LIMA,CAJATAMBO,HUANCAPON,FUERZA REGIONAL,32,M,CASTELLANO
140207,LIMA,CAJATAMBO,HUANCAPON,MOVIMIENTO REGIONAL UNIDAD CIVICA LIMA,16,M,CASTELLANO
140207,LIMA,CAJATAMBO,HUANCAPON,PATRIA JOVEN,230,M,CASTELLANO
140207,LIMA,CAJATAMBO,HUANCAPON,SIEMPRE UNIDOS,126,M,CASTELLANO
140208,LIMA,CAJATAMBO,MANAS,ALIANZA PARA EL PROGRESO,338,M,CASTELLANO
140208,LIMA,CAJATAMBO,MANAS,CONCERTACION PARA EL DESARROLLO REGIONAL - LIMA,183,M,CASTELLANO
140208,LIMA,CAJATAMBO,MANAS,MOVIMIENTO REGIONAL UNIDAD CIVICA LIMA,52,M,CASTELLANO
140208,LIMA,CAJATAMBO,MANAS,PATRIA JOVEN,271,M,CASTELLANO
140302,LIMA,CANTA,ARAHUAY,CONCERTACION PARA EL DESARROLLO REGIONAL - LIMA,117,F,CASTELLANO
140302,LIMA,CANTA,ARAHUAY,FUERZA REGIONAL,101,F,CASTELLANO
140302,LIMA,CANTA,ARAHUAY,PATRIA JOVEN,103,F,CASTELLANO
140302,LIMA,CANTA,ARAHUAY,SIEMPRE UNIDOS,260,F,CASTELLANO
140303,LIMA,CANTA,HUAMANTANGA,ALIANZA PARA EL PROGRESO,89,M,CASTELLANO
140303,LIMA,CANTA,HUAMANTANGA,FUERZA REGIONAL,338,M,CASTELLANO
140303,LIMA,CANTA,HUAMANTANGA,MOVIMIENTO REGIONAL UNIDAD CIVICA LIMA,22,M,CASTELLANO
140303,LIMA,CANTA,HUAMANTANGA,SIEMPRE UNIDOS,259,M,CASTELLANO
140304,LIMA,CANTA,HUAROS,ALIANZA PARA EL PROGRESO,41,M,CASTELLANO
140304,LIMA,CANTA,HUAROS,FUERZA REGIONAL,217,M,CASTELLANO
140304,LIMA,CANTA,HUAROS,MOVIMIENTO REGIONAL UNIDAD CIVICA LIMA,18,M,CASTELLANO
140304,LIMA,CANTA,HUAROS,PATRIA JOVEN,305,M,CASTELLANO
140304,LIMA,CANTA,HUAROS,SIEMPRE UNIDOS,126,M,CASTELLANO
140305,LIMA,CANTA,LACHAQUI,ALIANZA PARA EL PROGRESO,113,M,QUECHUA
140305,LIMA,CANTA,LACHAQUI,CONCERTACION PARA EL DESARROLLO REGIONAL - LIMA,32,M,QUECHUA
140305,LIMA,CANTA,LACHAQUI,FUERZA POPULAR,37,M,QUECHUA
140305,LIMA,CANTA,LACHAQUI,FUERZA REGIONAL,52,M,QUECHUA
140305,LIMA,CANTA,LACHAQUI,MOVIMIENTO REGIONAL UNIDAD CIVICA LIMA,150,M,QUECHUA
140305,LIMA,CANTA,LACHAQUI,PATRIA JOVEN,185,M,QUECHUA
140305,LIMA,CANTA,LACHAQUI,SIEMPRE UNIDOS,71,M,QUECHUA
140306,LIMA,CANTA,SAN BUENAVENTURA,CONCERTACION PARA EL DESARROLLO REGIONAL - LIMA,32,M,CASTELLANO
140306,LIMA,CANTA,SAN BUENAVENTURA,FUERZA POPULAR,7,M,CASTELLANO
140306,LIMA,CANTA,SAN BUENAVENTURA,FUERZA REGIONAL,124,M,CASTELLANO
140306,LIMA,CANTA,SAN BUENAVENTURA,MOVIMIENTO REGIONAL UNIDAD CIVICA LIMA,10,M,CASTELLANO
140306,LIMA,CANTA,SAN BUENAVENTURA,PATRIA JOVEN,67,M,CASTELLANO
140306,LIMA,CANTA,SAN BUENAVENTURA,SIEMPRE UNIDOS,126,M,CASTELLANO
140307,LIMA,CANTA,SANTA ROSA DE QUIVES,ALIANZA PARA EL PROGRESO,753,M,CASTELLANO
140307,LIMA,CANTA,SANTA ROSA DE QUIVES,CONCERTACION PARA EL DESARROLLO REGIONAL - LIMA,216,M,CASTELLANO
140307,LIMA,CANTA,SANTA ROSA DE QUIVES,FUERZA REGIONAL,390,M,CASTELLANO
140307,LIMA,CANTA,SANTA ROSA DE QUIVES,MOVIMIENTO REGIONAL UNIDAD CIVICA LIMA,111,M,CASTELLANO
140307,LIMA,CANTA,SANTA ROSA DE QUIVES,PATRIA JOVEN,500,M,CASTELLANO
140307,LIMA,CANTA,SANTA ROSA DE QUIVES,SIEMPRE UNIDOS,1027,M,CASTELLANO
140307,LIMA,CANTA,SANTA ROSA DE QUIVES,UNION POR EL PERU,262,M,CASTELLANO
140402,LIMA,CAÑETE,CALANGO,ACCION POPULAR,207,M,CASTELLANO
140402,LIMA,CAÑETE,CALANGO,ALIANZA PARA EL PROGRESO,264,M,CASTELLANO
140402,LIMA,CAÑETE,CALANGO,COLECTIVO CIUDADANO CONFIANZA PERU,67,M,CASTELLANO
140402,LIMA,CAÑETE,CALANGO,CONCERTACION PARA EL DESARROLLO REGIONAL - LIMA,288,M,CASTELLANO
140402,LIMA,CAÑETE,CALANGO,FUERZA POPULAR,353,M,CASTELLANO
140402,LIMA,CAÑETE,CALANGO,MOVIMIENTO REGIONAL JUSTICIA Y CAPACIDAD,54,M,CASTELLANO
140402,LIMA,CAÑETE,CALANGO,MOVIMIENTO REGIONAL UNIDAD CIVICA LIMA,56,M,CASTELLANO
140402,LIMA,CAÑETE,CALANGO,PATRIA JOVEN,195,M,CASTELLANO
140402,LIMA,CAÑETE,CALANGO,SOLIDARIDAD NACIONAL,83,M,CASTELLANO
140403,LIMA,CAÑETE,CERRO AZUL,ACCION POPULAR,392,M,CASTELLANO
140403,LIMA,CAÑETE,CERRO AZUL,ALIANZA PARA EL PROGRESO,74,M,CASTELLANO
140403,LIMA,CAÑETE,CERRO AZUL,COLECTIVO CIUDADANO CONFIANZA PERU,1487,M,CASTELLANO
140403,LIMA,CAÑETE,CERRO AZUL,CONCERTACION PARA EL DESARROLLO REGIONAL - LIMA,1438,M,CASTELLANO
140403,LIMA,CAÑETE,CERRO AZUL,FUERZA POPULAR,87,M,CASTELLANO
140403,LIMA,CAÑETE,CERRO AZUL,PATRIA JOVEN,766,M,CASTELLANO
140403,LIMA,CAÑETE,CERRO AZUL,SOLIDARIDAD NACIONAL,264,M,CASTELLANO
140404,LIMA,CAÑETE,COAYLLO,ALIANZA PARA EL PROGRESO,403,M,CASTELLANO
140404,LIMA,CAÑETE,COAYLLO,COLECTIVO CIUDADANO CONFIANZA PERU,26,M,CASTELLANO
140404,LIMA,CAÑETE,COAYLLO,FUERZA POPULAR,37,M,CASTELLANO
140404,LIMA,CAÑETE,COAYLLO,MOVIMIENTO REGIONAL JUSTICIA Y CAPACIDAD,232,M,CASTELLANO
140404,LIMA,CAÑETE,COAYLLO,MOVIMIENTO REGIONAL UNIDAD CIVICA LIMA,51,M,CASTELLANO
140404,LIMA,CAÑETE,COAYLLO,PATRIA JOVEN,571,M,CASTELLANO
140405,LIMA,CAÑETE,CHILCA,ACCION POPULAR,413,M,QUECHUA
140405,LIMA,CAÑETE,CHILCA,ALIANZA PARA EL PROGRESO,34,M,QUECHUA
140405,LIMA,CAÑETE,CHILCA,COLECTIVO CIUDADANO CONFIANZA PERU,627,M,QUECHUA
140405,LIMA,CAÑETE,CHILCA,CONCERTACION PARA EL DESARROLLO REGIONAL - LIMA,2282,M,QUECHUA
140405,LIMA,CAÑETE,CHILCA,FUERZA POPULAR,386,M,QUECHUA
140405,LIMA,CAÑETE,CHILCA,FUERZA REGIONAL,321,M,QUECHUA
140405,LIMA,CAÑETE,CHILCA,MOVIMIENTO REGIONAL JUSTICIA Y CAPACIDAD,72,M,QUECHUA
140405,LIMA,CAÑETE,CHILCA,PARTIDO DEMOCRATICO SOMOS PERU,396,M,QUECHUA
140405,LIMA,CAÑETE,CHILCA,PARTIDO HUMANISTA PERUANO,273,M,QUECHUA
140405,LIMA,CAÑETE,CHILCA,PATRIA JOVEN,2043,M,QUECHUA
140405,LIMA,CAÑETE,CHILCA,RESTAURACION NACIONAL,1677,M,QUECHUA
140405,LIMA,CAÑETE,CHILCA,SIEMPRE UNIDOS,153,M,QUECHUA
140406,LIMA,CAÑETE,IMPERIAL,ACCION POPULAR,119,M,CASTELLANO
140406,LIMA,CAÑETE,IMPERIAL,ALIANZA PARA EL PROGRESO,1312,M,CASTELLANO
140406,LIMA,CAÑETE,IMPERIAL,COLECTIVO CIUDADANO CONFIANZA PERU,724,M,CASTELLANO
140406,LIMA,CAÑETE,IMPERIAL,CONCERTACION PARA EL DESARROLLO REGIONAL - LIMA,1958,M,CASTELLANO
140406,LIMA,CAÑETE,IMPERIAL,FUERZA POPULAR,2679,M,CASTELLANO
140406,LIMA,CAÑETE,IMPERIAL,FUERZA REGIONAL,5267,M,CASTELLANO
140406,LIMA,CAÑETE,IMPERIAL,MOVIMIENTO REGIONAL JUSTICIA Y CAPACIDAD,5801,M,CASTELLANO
140406,LIMA,CAÑETE,IMPERIAL,MOVIMIENTO REGIONAL UNIDAD CIVICA LIMA,2128,M,CASTELLANO
140406,LIMA,CAÑETE,IMPERIAL,PARTIDO DEMOCRATICO SOMOS PERU,423,M,CASTELLANO
140406,LIMA,CAÑETE,IMPERIAL,PARTIDO HUMANISTA PERUANO,114,M,CASTELLANO
140406,LIMA,CAÑETE,IMPERIAL,PATRIA JOVEN,932,M,CASTELLANO
140406,LIMA,CAÑETE,IMPERIAL,SIEMPRE UNIDOS,139,M,CASTELLANO
140406,LIMA,CAÑETE,IMPERIAL,SOLIDARIDAD NACIONAL,536,M,CASTELLANO
140407,LIMA,CAÑETE,LUNAHUANA,ACCION POPULAR,173,M,CASTELLANO
140407,LIMA,CAÑETE,LUNAHUANA,ALIANZA PARA EL PROGRESO,794,M,CASTELLANO
140407,LIMA,CAÑETE,LUNAHUANA,COLECTIVO CIUDADANO CONFIANZA PERU,62,M,CASTELLANO
140407,LIMA,CAÑETE,LUNAHUANA,CONCERTACION PARA EL DESARROLLO REGIONAL - LIMA,235,M,CASTELLANO
140407,LIMA,CAÑETE,LUNAHUANA,FUERZA POPULAR,455,M,CASTELLANO
140407,LIMA,CAÑETE,LUNAHUANA,MOVIMIENTO REGIONAL JUSTICIA Y CAPACIDAD,24,M,CASTELLANO
140407,LIMA,CAÑETE,LUNAHUANA,MOVIMIENTO REGIONAL UNIDAD CIVICA LIMA,608,M,CASTELLANO
140407,LIMA,CAÑETE,LUNAHUANA,PATRIA JOVEN,319,M,CASTELLANO
140407,LIMA,CAÑETE,LUNAHUANA,SOLIDARIDAD NACIONAL,46,M,CASTELLANO
140408,LIMA,CAÑETE,MALA,ALIANZA PARA EL PROGRESO,4626,F,CASTELLANO
140408,LIMA,CAÑETE,MALA,COLECTIVO CIUDADANO CONFIANZA PERU,204,F,CASTELLANO
140408,LIMA,CAÑETE,MALA,CONCERTACION PARA EL DESARROLLO REGIONAL - LIMA,277,F,CASTELLANO
140408,LIMA,CAÑETE,MALA,FUERZA POPULAR,2785,F,CASTELLANO
140408,LIMA,CAÑETE,MALA,FUERZA REGIONAL,220,F,CASTELLANO
140408,LIMA,CAÑETE,MALA,MOVIMIENTO REGIONAL JUSTICIA Y CAPACIDAD,1720,F,CASTELLANO
140408,LIMA,CAÑETE,MALA,MOVIMIENTO REGIONAL UNIDAD CIVICA LIMA,1424,F,CASTELLANO
140408,LIMA,CAÑETE,MALA,PARTIDO DEMOCRATICO SOMOS PERU,117,F,CASTELLANO
140408,LIMA,CAÑETE,MALA,PATRIA JOVEN,3951,F,CASTELLANO
140408,LIMA,CAÑETE,MALA,SIEMPRE UNIDOS,550,F,CASTELLANO
140408,LIMA,CAÑETE,MALA,SOLIDARIDAD NACIONAL,693,F,CASTELLANO
140409,LIMA,CAÑETE,NUEVO IMPERIAL,ACCION POPULAR,804,M,QUECHUA
140409,LIMA,CAÑETE,NUEVO IMPERIAL,ALIANZA PARA EL PROGRESO,2354,M,QUECHUA
140409,LIMA,CAÑETE,NUEVO IMPERIAL,COLECTIVO CIUDADANO CONFIANZA PERU,933,M,QUECHUA
140409,LIMA,CAÑETE,NUEVO IMPERIAL,CONCERTACION PARA EL DESARROLLO REGIONAL - LIMA,153,M,QUECHUA
140409,LIMA,CAÑETE,NUEVO IMPERIAL,FUERZA POPULAR,1409,M,QUECHUA
140409,LIMA,CAÑETE,NUEVO IMPERIAL,FUERZA REGIONAL,1462,M,QUECHUA
140409,LIMA,CAÑETE,NUEVO IMPERIAL,MOVIMIENTO REGIONAL JUSTICIA Y CAPACIDAD,799,M,QUECHUA
140409,LIMA,CAÑETE,NUEVO IMPERIAL,MOVIMIENTO REGIONAL UNIDAD CIVICA LIMA,588,M,QUECHUA
140409,LIMA,CAÑETE,NUEVO IMPERIAL,PARTIDO DEMOCRATICO SOMOS PERU,495,M,QUECHUA
140409,LIMA,CAÑETE,NUEVO IMPERIAL,PARTIDO HUMANISTA PERUANO,89,M,QUECHUA
140409,LIMA,CAÑETE,NUEVO IMPERIAL,PATRIA JOVEN,1169,M,QUECHUA
140409,LIMA,CAÑETE,NUEVO IMPERIAL,SIEMPRE UNIDOS,40,M,QUECHUA
140409,LIMA,CAÑETE,NUEVO IMPERIAL,SOLIDARIDAD NACIONAL,379,M,QUECHUA
140409,LIMA,CAÑETE,NUEVO IMPERIAL,UNION POR EL PERU,365,M,QUECHUA
140410,LIMA,CAÑETE,PACARAN,ACCION POPULAR,62,F,CASTELLANO
140410,LIMA,CAÑETE,PACARAN,ALIANZA PARA EL PROGRESO,251,F,CASTELLANO
140410,LIMA,CAÑETE,PACARAN,COLECTIVO CIUDADANO CONFIANZA PERU,62,F,CASTELLANO
140410,LIMA,CAÑETE,PACARAN,CONCERTACION PARA EL DESARROLLO REGIONAL - LIMA,127,F,CASTELLANO
140410,LIMA,CAÑETE,PACARAN,FUERZA POPULAR,22,F,CASTELLANO
140410,LIMA,CAÑETE,PACARAN,FUERZA REGIONAL,241,F,CASTELLANO
140410,LIMA,CAÑETE,PACARAN,MOVIMIENTO REGIONAL JUSTICIA Y CAPACIDAD,46,F,CASTELLANO
140410,LIMA,CAÑETE,PACARAN,MOVIMIENTO REGIONAL UNIDAD CIVICA LIMA,195,F,CASTELLANO
140410,LIMA,CAÑETE,PACARAN,PATRIA JOVEN,188,F,CASTELLANO
140410,LIMA,CAÑETE,PACARAN,SIEMPRE UNIDOS,33,F,CASTELLANO
140410,LIMA,CAÑETE,PACARAN,SOLIDARIDAD NACIONAL,23,F,CASTELLANO
140411,LIMA,CAÑETE,QUILMANA,ACCION POPULAR,2058,M,CASTELLANO
140411,LIMA,CAÑETE,QUILMANA,ALIANZA PARA EL PROGRESO,294,M,CASTELLANO
140411,LIMA,CAÑETE,QUILMANA,COLECTIVO CIUDADANO CONFIANZA PERU,211,M,CASTELLANO
140411,LIMA,CAÑETE,QUILMANA,CONCERTACION PARA EL DESARROLLO REGIONAL - LIMA,141,M,CASTELLANO
140411,LIMA,CAÑETE,QUILMANA,FUERZA POPULAR,1908,M,CASTELLANO
140411,LIMA,CAÑETE,QUILMANA,FUERZA REGIONAL,421,M,CASTELLANO
140411,LIMA,CAÑETE,QUILMANA,MOVIMIENTO REGIONAL JUSTICIA Y CAPACIDAD,104,M,CASTELLANO
140411,LIMA,CAÑETE,QUILMANA,MOVIMIENTO REGIONAL UNIDAD CIVICA LIMA,150,M,CASTELLANO
140411,LIMA,CAÑETE,QUILMANA,PARTIDO DEMOCRATICO SOMOS PERU,985,M,CASTELLANO
140411,LIMA,CAÑETE,QUILMANA,PATRIA JOVEN,2215,M,CASTELLANO
140411,LIMA,CAÑETE,QUILMANA,SOLIDARIDAD NACIONAL,106,M,CASTELLANO
140412,LIMA,CAÑETE,SAN ANTONIO,ACCION POPULAR,513,M,CASTELLANO
140412,LIMA,CAÑETE,SAN ANTONIO,ALIANZA PARA EL PROGRESO,40,M,CASTELLANO
140412,LIMA,CAÑETE,SAN ANTONIO,COLECTIVO CIUDADANO CONFIANZA PERU,224,M,CASTELLANO
140412,LIMA,CAÑETE,SAN ANTONIO,CONCERTACION PARA EL DESARROLLO REGIONAL - LIMA,658,M,CASTELLANO
140412,LIMA,CAÑETE,SAN ANTONIO,FUERZA POPULAR,94,M,CASTELLANO
140412,LIMA,CAÑETE,SAN ANTONIO,MOVIMIENTO REGIONAL JUSTICIA Y CAPACIDAD,116,M,CASTELLANO
140412,LIMA,CAÑETE,SAN ANTONIO,PATRIA JOVEN,708,M,CASTELLANO
140412,LIMA,CAÑETE,SAN ANTONIO,SOLIDARIDAD NACIONAL,48,M,CASTELLANO
140413,LIMA,CAÑETE,SAN LUIS,ACCION POPULAR,358,M,CASTELLANO
140413,LIMA,CAÑETE,SAN LUIS,ALIANZA PARA EL PROGRESO,211,M,CASTELLANO
140413,LIMA,CAÑETE,SAN LUIS,COLECTIVO CIUDADANO CONFIANZA PERU,2276,M,CASTELLANO
140413,LIMA,CAÑETE,SAN LUIS,CONCERTACION PARA EL DESARROLLO REGIONAL - LIMA,1035,M,CASTELLANO
140413,LIMA,CAÑETE,SAN LUIS,FUERZA POPULAR,578,M,CASTELLANO
140413,LIMA,CAÑETE,SAN LUIS,FUERZA REGIONAL,53,M,CASTELLANO
140413,LIMA,CAÑETE,SAN LUIS,MOVIMIENTO REGIONAL JUSTICIA Y CAPACIDAD,83,M,CASTELLANO
140413,LIMA,CAÑETE,SAN LUIS,MOVIMIENTO REGIONAL UNIDAD CIVICA LIMA,953,M,CASTELLANO
140413,LIMA,CAÑETE,SAN LUIS,PARTIDO DEMOCRATICO SOMOS PERU,822,M,CASTELLANO
140413,LIMA,CAÑETE,SAN LUIS,PATRIA JOVEN,1116,M,CASTELLANO
140413,LIMA,CAÑETE,SAN LUIS,SOLIDARIDAD NACIONAL,342,M,CASTELLANO
140414,LIMA,CAÑETE,SANTA CRUZ DE FLORES,ALIANZA PARA EL PROGRESO,128,M,CASTELLANO
140414,LIMA,CAÑETE,SANTA CRUZ DE FLORES,CONCERTACION PARA EL DESARROLLO REGIONAL - LIMA,133,M,CASTELLANO
140414,LIMA,CAÑETE,SANTA CRUZ DE FLORES,FUERZA POPULAR,754,M,CASTELLANO
140414,LIMA,CAÑETE,SANTA CRUZ DE FLORES,MOVIMIENTO REGIONAL JUSTICIA Y CAPACIDAD,219,M,CASTELLANO
140414,LIMA,CAÑETE,SANTA CRUZ DE FLORES,MOVIMIENTO REGIONAL UNIDAD CIVICA LIMA,241,M,CASTELLANO
140414,LIMA,CAÑETE,SANTA CRUZ DE FLORES,PATRIA JOVEN,217,M,CASTELLANO
140415,LIMA,CAÑETE,ZUÑIGA,ACCION POPULAR,252,M,CASTELLANO
140415,LIMA,CAÑETE,ZUÑIGA,ALIANZA PARA EL PROGRESO,4,M,CASTELLANO
140415,LIMA,CAÑETE,ZUÑIGA,COLECTIVO CIUDADANO CONFIANZA PERU,115,M,CASTELLANO
140415,LIMA,CAÑETE,ZUÑIGA,CONCERTACION PARA EL DESARROLLO REGIONAL - LIMA,65,M,CASTELLANO
140415,LIMA,CAÑETE,ZUÑIGA,FUERZA POPULAR,31,M,CASTELLANO
140415,LIMA,CAÑETE,ZUÑIGA,FUERZA REGIONAL,215,M,CASTELLANO
140415,LIMA,CAÑETE,ZUÑIGA,MOVIMIENTO REGIONAL JUSTICIA Y CAPACIDAD,164,M,CASTELLANO
140415,LIMA,CAÑETE,ZUÑIGA,PATRIA JOVEN,223,M,CASTELLANO
140416,LIMA,CAÑETE,ASIA,ACCION POPULAR,940,M,CASTELLANO
140416,LIMA,CAÑETE,ASIA,ALIANZA PARA EL PROGRESO,377,M,CASTELLANO
140416,LIMA,CAÑETE,ASIA,COLECTIVO CIUDADANO CONFIANZA PERU,40,M,CASTELLANO
140416,LIMA,CAÑETE,ASIA,CONCERTACION PARA EL DESARROLLO REGIONAL - LIMA,888,M,CASTELLANO
140416,LIMA,CAÑETE,ASIA,FUERZA POPULAR,149,M,CASTELLANO
140416,LIMA,CAÑETE,ASIA,FUERZA REGIONAL,207,M,CASTELLANO
140416,LIMA,CAÑETE,ASIA,MOVIMIENTO POLITICO CRECER PERU,105,M,CASTELLANO
140416,LIMA,CAÑETE,ASIA,MOVIMIENTO REGIONAL JUSTICIA Y CAPACIDAD,178,M,CASTELLANO
140416,LIMA,CAÑETE,ASIA,PARTIDO DEMOCRATICO SOMOS PERU,1072,M,CASTELLANO
140416,LIMA,CAÑETE,ASIA,PATRIA JOVEN,1492,M,CASTELLANO
140416,LIMA,CAÑETE,ASIA,SIEMPRE UNIDOS,615,M,CASTELLANO
140416,LIMA,CAÑETE,ASIA,SOLIDARIDAD NACIONAL,85,M,CASTELLANO
140502,LIMA,HUAURA,AMBAR,ACCION POPULAR,55,M,CASTELLANO
140502,LIMA,HUAURA,AMBAR,ALIANZA PARA EL PROGRESO,107,M,CASTELLANO
140502,LIMA,HUAURA,AMBAR,CONCERTACION PARA EL DESARROLLO REGIONAL - LIMA,194,M,CASTELLANO
140502,LIMA,HUAURA,AMBAR,"EL FRENTE AMPLIO POR JUSTICIA, VIDA Y LIBERTAD",21,M,CASTELLANO
140502,LIMA,HUAURA,AMBAR,FUERZA POPULAR,250,M,CASTELLANO
140502,LIMA,HUAURA,AMBAR,FUERZA REGIONAL,239,M,CASTELLANO
140502,LIMA,HUAURA,AMBAR,MOVIMIENTO REGIONAL UNIDAD CIVICA LIMA,35,M,CASTELLANO
140502,LIMA,HUAURA,AMBAR,PATRIA JOVEN,263,M,CASTELLANO
140504,LIMA,HUAURA,CALETA DE CARQUIN,ALIANZA PARA EL PROGRESO,1195,M,CASTELLANO
140504,LIMA,HUAURA,CALETA DE CARQUIN,CONCERTACION PARA EL DESARROLLO REGIONAL - LIMA,82,M,CASTELLANO
140504,LIMA,HUAURA,CALETA DE CARQUIN,"EL FRENTE AMPLIO POR JUSTICIA, VIDA Y LIBERTAD",17,M,CASTELLANO
140504,LIMA,HUAURA,CALETA DE CARQUIN,FUERZA POPULAR,644,M,CASTELLANO
140504,LIMA,HUAURA,CALETA DE CARQUIN,FUERZA REGIONAL,1171,M,CASTELLANO
140504,LIMA,HUAURA,CALETA DE CARQUIN,MOVIMIENTO REGIONAL JUSTICIA Y CAPACIDAD,19,M,CASTELLANO
140504,LIMA,HUAURA,CALETA DE CARQUIN,MOVIMIENTO REGIONAL UNIDAD CIVICA LIMA,61,M,CASTELLANO
140504,LIMA,HUAURA,CALETA DE CARQUIN,PARTIDO DEMOCRATICO SOMOS PERU,223,M,CASTELLANO
140504,LIMA,HUAURA,CALETA DE CARQUIN,PARTIDO HUMANISTA PERUANO,111,M,CASTELLANO
140505,LIMA,HUAURA,CHECRAS,ALIANZA PARA EL PROGRESO,5,M,CASTELLANO
140505,LIMA,HUAURA,CHECRAS,COLECTIVO CIUDADANO CONFIANZA PERU,242,M,CASTELLANO
140505,LIMA,HUAURA,CHECRAS,CONCERTACION PARA EL DESARROLLO REGIONAL - LIMA,33,M,CASTELLANO
140505,LIMA,HUAURA,CHECRAS,PATRIA JOVEN,247,M,CASTELLANO
140506,LIMA,HUAURA,HUALMAY,ALIANZA PARA EL PROGRESO,2908,M,CASTELLANO
140506,LIMA,HUAURA,HUALMAY,COLECTIVO CIUDADANO CONFIANZA PERU,244,M,CASTELLANO
140506,LIMA,HUAURA,HUALMAY,CONCERTACION PARA EL DESARROLLO REGIONAL - LIMA,5906,M,CASTELLANO
140506,LIMA,HUAURA,HUALMAY,"EL FRENTE AMPLIO POR JUSTICIA, VIDA Y LIBERTAD",237,M,CASTELLANO
140506,LIMA,HUAURA,HUALMAY,FUERZA POPULAR,1792,M,CASTELLANO
140506,LIMA,HUAURA,HUALMAY,FUERZA REGIONAL,645,M,CASTELLANO
140506,LIMA,HUAURA,HUALMAY,MOVIMIENTO REGIONAL JUSTICIA Y CAPACIDAD,399,M,CASTELLANO
140506,LIMA,HUAURA,HUALMAY,MOVIMIENTO REGIONAL UNIDAD CIVICA LIMA,303,M,CASTELLANO
140506,LIMA,HUAURA,HUALMAY,PARTIDO DEMOCRATICO SOMOS PERU,250,M,CASTELLANO
140506,LIMA,HUAURA,HUALMAY,PARTIDO HUMANISTA PERUANO,772,M,CASTELLANO
140506,LIMA,HUAURA,HUALMAY,PATRIA JOVEN,495,M,CASTELLANO
140506,LIMA,HUAURA,HUALMAY,SIEMPRE UNIDOS,302,M,CASTELLANO
140507,LIMA,HUAURA,HUAURA,ACCION POPULAR,98,M,CASTELLANO
140507,LIMA,HUAURA,HUAURA,ALIANZA PARA EL PROGRESO,6117,M,CASTELLANO
140507,LIMA,HUAURA,HUAURA,COLECTIVO CIUDADANO CONFIANZA PERU,276,M,CASTELLANO
140507,LIMA,HUAURA,HUAURA,CONCERTACION PARA EL DESARROLLO REGIONAL - LIMA,1337,M,CASTELLANO
140507,LIMA,HUAURA,HUAURA,"EL FRENTE AMPLIO POR JUSTICIA, VIDA Y LIBERTAD",176,M,CASTELLANO
140507,LIMA,HUAURA,HUAURA,FUERZA POPULAR,2746,M,CASTELLANO
140507,LIMA,HUAURA,HUAURA,FUERZA REGIONAL,1213,M,CASTELLANO
140507,LIMA,HUAURA,HUAURA,MOVIMIENTO REGIONAL JUSTICIA Y CAPACIDAD,441,M,CASTELLANO
140507,LIMA,HUAURA,HUAURA,MOVIMIENTO REGIONAL UNIDAD CIVICA LIMA,395,M,CASTELLANO
140507,LIMA,HUAURA,HUAURA,PARTIDO DEMOCRATICO SOMOS PERU,795,M,CASTELLANO
140507,LIMA,HUAURA,HUAURA,PARTIDO POPULAR CRISTIANO - PPC,22,M,CASTELLANO
140507,LIMA,HUAURA,HUAURA,PATRIA JOVEN,4343,M,CASTELLANO
140507,LIMA,HUAURA,HUAURA,SIEMPRE UNIDOS,309,M,CASTELLANO
140507,LIMA,HUAURA,HUAURA,UNION POR EL PERU,151,M,CASTELLANO
140508,LIMA,HUAURA,LEONCIO PRADO,ALIANZA PARA EL PROGRESO,266,M,CASTELLANO
140508,LIMA,HUAURA,LEONCIO PRADO,CONCERTACION PARA EL DESARROLLO REGIONAL - LIMA,579,M,CASTELLANO
140508,LIMA,HUAURA,LEONCIO PRADO,PATRIA JOVEN,437,M,CASTELLANO
140509,LIMA,HUAURA,PACCHO,ACCION POPULAR,117,M,CASTELLANO
140509,LIMA,HUAURA,PACCHO,ALIANZA PARA EL PROGRESO,168,M,CASTELLANO
140509,LIMA,HUAURA,PACCHO,COLECTIVO CIUDADANO CONFIANZA PERU,17,M,CASTELLANO
140509,LIMA,HUAURA,PACCHO,CONCERTACION PARA EL DESARROLLO REGIONAL - LIMA,239,M,CASTELLANO
140509,LIMA,HUAURA,PACCHO,"EL FRENTE AMPLIO POR JUSTICIA, VIDA Y LIBERTAD",51,M,CASTELLANO
140509,LIMA,HUAURA,PACCHO,FUERZA POPULAR,127,M,CASTELLANO
140509,LIMA,HUAURA,PACCHO,FUERZA REGIONAL,57,M,CASTELLANO
140509,LIMA,HUAURA,PACCHO,MOVIMIENTO REGIONAL UNIDAD CIVICA LIMA,8,M,CASTELLANO
140509,LIMA,HUAURA,PACCHO,PARTIDO POPULAR CRISTIANO - PPC,8,M,CASTELLANO
140509,LIMA,HUAURA,PACCHO,PATRIA JOVEN,35,M,CASTELLANO
140509,LIMA,HUAURA,PACCHO,SIEMPRE UNIDOS,28,M,CASTELLANO
140509,LIMA,HUAURA,PACCHO,UNION POR EL PERU,12,M,CASTELLANO
140511,LIMA,HUAURA,SANTA LEONOR,ALIANZA PARA EL PROGRESO,65,M,CASTELLANO
140511,LIMA,HUAURA,SANTA LEONOR,CONCERTACION PARA EL DESARROLLO REGIONAL - LIMA,22,M,CASTELLANO
140511,LIMA,HUAURA,SANTA LEONOR,"EL FRENTE AMPLIO POR JUSTICIA, VIDA Y LIBERTAD",28,M,CASTELLANO
140511,LIMA,HUAURA,SANTA LEONOR,FUERZA POPULAR,225,M,CASTELLANO
140511,LIMA,HUAURA,SANTA LEONOR,MOVIMIENTO REGIONAL UNIDAD CIVICA LIMA,108,M,CASTELLANO
140511,LIMA,HUAURA,SANTA LEONOR,PATRIA JOVEN,100,M,CASTELLANO
140511,LIMA,HUAURA,SANTA LEONOR,SOLIDARIDAD NACIONAL,30,M,CASTELLANO
140512,LIMA,HUAURA,SANTA MARIA,ACCION POPULAR,254,M,CASTELLANO
140512,LIMA,HUAURA,SANTA MARIA,ALIANZA PARA EL PROGRESO,1613,M,CASTELLANO
140512,LIMA,HUAURA,SANTA MARIA,COLECTIVO CIUDADANO CONFIANZA PERU,117,M,CASTELLANO
140512,LIMA,HUAURA,SANTA MARIA,CONCERTACION PARA EL DESARROLLO REGIONAL - LIMA,3341,M,CASTELLANO
140512,LIMA,HUAURA,SANTA MARIA,"EL FRENTE AMPLIO POR JUSTICIA, VIDA Y LIBERTAD",203,M,CASTELLANO
140512,LIMA,HUAURA,SANTA MARIA,FUERZA POPULAR,2418,M,CASTELLANO
140512,LIMA,HUAURA,SANTA MARIA,FUERZA REGIONAL,3741,M,CASTELLANO
140512,LIMA,HUAURA,SANTA MARIA,MOVIMIENTO REGIONAL JUSTICIA Y CAPACIDAD,742,M,CASTELLANO
140512,LIMA,HUAURA,SANTA MARIA,MOVIMIENTO REGIONAL UNIDAD CIVICA LIMA,741,M,CASTELLANO
140512,LIMA,HUAURA,SANTA MARIA,PARTIDO DEMOCRATICO SOMOS PERU,187,M,CASTELLANO
140512,LIMA,HUAURA,SANTA MARIA,PARTIDO HUMANISTA PERUANO,281,M,CASTELLANO
140512,LIMA,HUAURA,SANTA MARIA,PARTIDO POPULAR CRISTIANO - PPC,114,M,CASTELLANO
140512,LIMA,HUAURA,SANTA MARIA,PATRIA JOVEN,1442,M,CASTELLANO
140512,LIMA,HUAURA,SANTA MARIA,SIEMPRE UNIDOS,445,M,CASTELLANO
140512,LIMA,HUAURA,SANTA MARIA,SOLIDARIDAD NACIONAL,1887,M,CASTELLANO
140512,LIMA,HUAURA,SANTA MARIA,UNION POR EL PERU,535,M,CASTELLANO
140512,LIMA,HUAURA,SANTA MARIA,VAMOS PERU,131,M,CASTELLANO
140513,LIMA,HUAURA,SAYAN,ACCION POPULAR,206,M,CASTELLANO
140513,LIMA,HUAURA,SAYAN,ALIANZA PARA EL PROGRESO,1210,M,CASTELLANO
140513,LIMA,HUAURA,SAYAN,COLECTIVO CIUDADANO CONFIANZA PERU,354,M,CASTELLANO
140513,LIMA,HUAURA,SAYAN,CONCERTACION PARA EL DESARROLLO REGIONAL - LIMA,2041,M,CASTELLANO
140513,LIMA,HUAURA,SAYAN,"EL FRENTE AMPLIO POR JUSTICIA, VIDA Y LIBERTAD",72,M,CASTELLANO
140513,LIMA,HUAURA,SAYAN,FUERZA POPULAR,2266,M,CASTELLANO
140513,LIMA,HUAURA,SAYAN,FUERZA REGIONAL,329,M,CASTELLANO
140513,LIMA,HUAURA,SAYAN,MOVIMIENTO REGIONAL JUSTICIA Y CAPACIDAD,159,M,CASTELLANO
140513,LIMA,HUAURA,SAYAN,MOVIMIENTO REGIONAL UNIDAD CIVICA LIMA,818,M,CASTELLANO
140513,LIMA,HUAURA,SAYAN,PARTIDO DEMOCRATICO SOMOS PERU,430,M,CASTELLANO
140513,LIMA,HUAURA,SAYAN,PATRIA JOVEN,1739,M,CASTELLANO
140513,LIMA,HUAURA,SAYAN,SIEMPRE UNIDOS,970,M,CASTELLANO
140513,LIMA,HUAURA,SAYAN,SOLIDARIDAD NACIONAL,206,M,CASTELLANO
140513,LIMA,HUAURA,SAYAN,UNION POR EL PERU,486,M,CASTELLANO
140516,LIMA,HUAURA,VEGUETA,ACCION POPULAR,38,M,CASTELLANO
140516,LIMA,HUAURA,VEGUETA,ALIANZA PARA EL PROGRESO,2599,M,CASTELLANO
140516,LIMA,HUAURA,VEGUETA,CONCERTACION PARA EL DESARROLLO REGIONAL - LIMA,1000,M,CASTELLANO
140516,LIMA,HUAURA,VEGUETA,"EL FRENTE AMPLIO POR JUSTICIA, VIDA Y LIBERTAD",62,M,CASTELLANO
140516,LIMA,HUAURA,VEGUETA,FUERZA POPULAR,1130,M,CASTELLANO
140516,LIMA,HUAURA,VEGUETA,FUERZA REGIONAL,2101,M,CASTELLANO
140516,LIMA,HUAURA,VEGUETA,MOVIMIENTO REGIONAL JUSTICIA Y CAPACIDAD,217,M,CASTELLANO
140516,LIMA,HUAURA,VEGUETA,MOVIMIENTO REGIONAL UNIDAD CIVICA LIMA,237,M,CASTELLANO
140516,LIMA,HUAURA,VEGUETA,PATRIA JOVEN,1892,M,CASTELLANO
140516,LIMA,HUAURA,VEGUETA,SIEMPRE UNIDOS,397,M,CASTELLANO
140516,LIMA,HUAURA,VEGUETA,SOLIDARIDAD NACIONAL,1472,M,CASTELLANO
140602,LIMA,HUAROCHIRI,ANTIOQUIA,ACCION POPULAR,22,M,CASTELLANO
140602,LIMA,HUAROCHIRI,ANTIOQUIA,CONCERTACION PARA EL DESARROLLO REGIONAL - LIMA,209,M,CASTELLANO
140602,LIMA,HUAROCHIRI,ANTIOQUIA,FUERZA POPULAR,37,M,CASTELLANO
140602,LIMA,HUAROCHIRI,ANTIOQUIA,FUERZA REGIONAL,151,M,CASTELLANO
140602,LIMA,HUAROCHIRI,ANTIOQUIA,MOVIMIENTO REGIONAL UNIDAD CIVICA LIMA,201,M,CASTELLANO
140602,LIMA,HUAROCHIRI,ANTIOQUIA,PARTIDO DEMOCRATICO SOMOS PERU,366,M,CASTELLANO
140602,LIMA,HUAROCHIRI,ANTIOQUIA,PARTIDO NACIONALISTA PERUANO,40,M,CASTELLANO
140602,LIMA,HUAROCHIRI,ANTIOQUIA,PATRIA JOVEN,57,M,CASTELLANO
140603,LIMA,HUAROCHIRI,CALLAHUANCA,ALIANZA PARA EL PROGRESO,39,M,CASTELLANO
140603,LIMA,HUAROCHIRI,CALLAHUANCA,FUERZA POPULAR,134,M,CASTELLANO
140603,LIMA,HUAROCHIRI,CALLAHUANCA,MOVIMIENTO REGIONAL UNIDAD CIVICA LIMA,138,M,CASTELLANO
140603,LIMA,HUAROCHIRI,CALLAHUANCA,PATRIA JOVEN,399,M,CASTELLANO
140604,LIMA,HUAROCHIRI,CARAMPOMA,ALIANZA PARA EL PROGRESO,23,M,CASTELLANO
140604,LIMA,HUAROCHIRI,CARAMPOMA,CONCERTACION PARA EL DESARROLLO REGIONAL - LIMA,179,M,CASTELLANO
140604,LIMA,HUAROCHIRI,CARAMPOMA,FUERZA POPULAR,200,M,CASTELLANO
140604,LIMA,HUAROCHIRI,CARAMPOMA,MOVIMIENTO REGIONAL UNIDAD CIVICA LIMA,50,M,CASTELLANO
140604,LIMA,HUAROCHIRI,CARAMPOMA,PARTIDO DEMOCRATICO SOMOS PERU,1,M,CASTELLANO
140604,LIMA,HUAROCHIRI,CARAMPOMA,PATRIA JOVEN,74,M,CASTELLANO
140605,LIMA,HUAROCHIRI,SAN PEDRO DE CASTA,ALIANZA PARA EL PROGRESO,18,M,CASTELLANO
140605,LIMA,HUAROCHIRI,SAN PEDRO DE CASTA,CONCERTACION PARA EL DESARROLLO REGIONAL - LIMA,312,M,CASTELLANO
140605,LIMA,HUAROCHIRI,SAN PEDRO DE CASTA,FUERZA POPULAR,63,M,CASTELLANO
140605,LIMA,HUAROCHIRI,SAN PEDRO DE CASTA,MOVIMIENTO REGIONAL UNIDAD CIVICA LIMA,185,M,CASTELLANO
140605,LIMA,HUAROCHIRI,SAN PEDRO DE CASTA,PARTIDO DEMOCRATICO SOMOS PERU,46,M,CASTELLANO
140605,LIMA,HUAROCHIRI,SAN PEDRO DE CASTA,PATRIA JOVEN,184,M,CASTELLANO
140606,LIMA,HUAROCHIRI,CUENCA,CONCERTACION PARA EL DESARROLLO REGIONAL - LIMA,226,M,CASTELLANO
140606,LIMA,HUAROCHIRI,CUENCA,PARTIDO DEMOCRATICO SOMOS PERU,241,M,CASTELLANO
140607,LIMA,HUAROCHIRI,CHICLA,ACCION POPULAR,65,M,CASTELLANO
140607,LIMA,HUAROCHIRI,CHICLA,ALIANZA PARA EL PROGRESO,52,M,CASTELLANO
140607,LIMA,HUAROCHIRI,CHICLA,CONCERTACION PARA EL DESARROLLO REGIONAL - LIMA,268,M,CASTELLANO
140607,LIMA,HUAROCHIRI,CHICLA,FUERZA POPULAR,270,M,CASTELLANO
140607,LIMA,HUAROCHIRI,CHICLA,FUERZA REGIONAL,56,M,CASTELLANO
140607,LIMA,HUAROCHIRI,CHICLA,MOVIMIENTO REGIONAL UNIDAD CIVICA LIMA,500,M,CASTELLANO
140607,LIMA,HUAROCHIRI,CHICLA,PARTIDO DEMOCRATICO SOMOS PERU,124,M,CASTELLANO
140607,LIMA,HUAROCHIRI,CHICLA,PATRIA JOVEN,457,M,CASTELLANO
140607,LIMA,HUAROCHIRI,CHICLA,SIEMPRE UNIDOS,89,M,CASTELLANO
140607,LIMA,HUAROCHIRI,CHICLA,SOLIDARIDAD NACIONAL,22,M,CASTELLANO
140608,LIMA,HUAROCHIRI,HUANZA,ALIANZA PARA EL PROGRESO,3,M,CASTELLANO
140608,LIMA,HUAROCHIRI,HUANZA,CONCERTACION PARA EL DESARROLLO REGIONAL - LIMA,42,M,CASTELLANO
140608,LIMA,HUAROCHIRI,HUANZA,FUERZA POPULAR,114,M,CASTELLANO
140608,LIMA,HUAROCHIRI,HUANZA,FUERZA REGIONAL,132,M,CASTELLANO
140608,LIMA,HUAROCHIRI,HUANZA,MOVIMIENTO REGIONAL UNIDAD CIVICA LIMA,168,M,CASTELLANO
140608,LIMA,HUAROCHIRI,HUANZA,PATRIA JOVEN,19,M,CASTELLANO
140608,LIMA,HUAROCHIRI,HUANZA,PERU POSIBLE,16,M,CASTELLANO
140608,LIMA,HUAROCHIRI,HUANZA,SIEMPRE UNIDOS,69,M,CASTELLANO
140609,LIMA,HUAROCHIRI,HUAROCHIRI,ALIANZA PARA EL PROGRESO,0,M,CASTELLANO
140609,LIMA,HUAROCHIRI,HUAROCHIRI,CONCERTACION PARA EL DESARROLLO REGIONAL - LIMA,0,M,CASTELLANO
140609,LIMA,HUAROCHIRI,HUAROCHIRI,FUERZA POPULAR,0,M,CASTELLANO
140609,LIMA,HUAROCHIRI,HUAROCHIRI,FUERZA REGIONAL,0,M,CASTELLANO
140609,LIMA,HUAROCHIRI,HUAROCHIRI,MOVIMIENTO REGIONAL UNIDAD CIVICA LIMA,0,M,CASTELLANO
140609,LIMA,HUAROCHIRI,HUAROCHIRI,PARTIDO DEMOCRATICO SOMOS PERU,0,M,CASTELLANO
140609,LIMA,HUAROCHIRI,HUAROCHIRI,PATRIA JOVEN,0,M,CASTELLANO
140609,LIMA,HUAROCHIRI,HUAROCHIRI,PERU POSIBLE,0,M,CASTELLANO
140609,LIMA,HUAROCHIRI,HUAROCHIRI,SOLIDARIDAD NACIONAL,0,M,CASTELLANO
140610,LIMA,HUAROCHIRI,LAHUAYTAMBO,FUERZA POPULAR,71,M,CASTELLANO
140610,LIMA,HUAROCHIRI,LAHUAYTAMBO,FUERZA REGIONAL,5,M,CASTELLANO
140610,LIMA,HUAROCHIRI,LAHUAYTAMBO,MOVIMIENTO REGIONAL UNIDAD CIVICA LIMA,91,M,CASTELLANO
140610,LIMA,HUAROCHIRI,LAHUAYTAMBO,PARTIDO DEMOCRATICO SOMOS PERU,85,M,CASTELLANO
140610,LIMA,HUAROCHIRI,LAHUAYTAMBO,PATRIA JOVEN,161,M,CASTELLANO
140610,LIMA,HUAROCHIRI,LAHUAYTAMBO,SIEMPRE UNIDOS,38,M,CASTELLANO
140610,LIMA,HUAROCHIRI,LAHUAYTAMBO,SOLIDARIDAD NACIONAL,37,M,CASTELLANO
140611,LIMA,HUAROCHIRI,LANGA,ALIANZA PARA EL PROGRESO,48,M,CASTELLANO
140611,LIMA,HUAROCHIRI,LANGA,CONCERTACION PARA EL DESARROLLO REGIONAL - LIMA,74,M,CASTELLANO
140611,LIMA,HUAROCHIRI,LANGA,FUERZA POPULAR,63,M,CASTELLANO
140611,LIMA,HUAROCHIRI,LANGA,FUERZA REGIONAL,63,M,CASTELLANO
140611,LIMA,HUAROCHIRI,LANGA,MOVIMIENTO REGIONAL UNIDAD CIVICA LIMA,73,M,CASTELLANO
140611,LIMA,HUAROCHIRI,LANGA,PARTIDO DEMOCRATICO SOMOS PERU,166,M,CASTELLANO
140611,LIMA,HUAROCHIRI,LANGA,PARTIDO NACIONALISTA PERUANO,20,M,CASTELLANO
140611,LIMA,HUAROCHIRI,LANGA,PATRIA JOVEN,109,M,CASTELLANO
140612,LIMA,HUAROCHIRI,MARIATANA,ALIANZA PARA EL PROGRESO,255,M,CASTELLANO
140612,LIMA,HUAROCHIRI,MARIATANA,CONCERTACION PARA EL DESARROLLO REGIONAL - LIMA,284,M,CASTELLANO
140612,LIMA,HUAROCHIRI,MARIATANA,FUERZA REGIONAL,152,M,CASTELLANO
140612,LIMA,HUAROCHIRI,MARIATANA,MOVIMIENTO REGIONAL UNIDAD CIVICA LIMA,177,M,CASTELLANO
140612,LIMA,HUAROCHIRI,MARIATANA,PATRIA JOVEN,145,M,CASTELLANO
140613,LIMA,HUAROCHIRI,RICARDO PALMA,ALIANZA PARA EL PROGRESO,66,M,CASTELLANO
140613,LIMA,HUAROCHIRI,RICARDO PALMA,COLECTIVO CIUDADANO CONFIANZA PERU,586,M,CASTELLANO
140613,LIMA,HUAROCHIRI,RICARDO PALMA,CONCERTACION PARA EL DESARROLLO REGIONAL - LIMA,697,M,CASTELLANO
140613,LIMA,HUAROCHIRI,RICARDO PALMA,FUERZA REGIONAL,83,M,CASTELLANO
140613,LIMA,HUAROCHIRI,RICARDO PALMA,MOVIMIENTO REGIONAL UNIDAD CIVICA LIMA,32,M,CASTELLANO
140613,LIMA,HUAROCHIRI,RICARDO PALMA,PARTIDO NACIONALISTA PERUANO,16,M,CASTELLANO
140613,LIMA,HUAROCHIRI,RICARDO PALMA,PATRIA JOVEN,578,M,CASTELLANO
140613,LIMA,HUAROCHIRI,RICARDO PALMA,SIEMPRE UNIDOS,36,M,CASTELLANO
140613,LIMA,HUAROCHIRI,RICARDO PALMA,SOLIDARIDAD NACIONAL,77,M,CASTELLANO
140614,LIMA,HUAROCHIRI,SAN ANDRES DE TUPICOCHA,ACCION POPULAR,228,M,CASTELLANO
140614,LIMA,HUAROCHIRI,SAN ANDRES DE TUPICOCHA,MOVIMIENTO REGIONAL UNIDAD CIVICA LIMA,238,M,CASTELLANO
140614,LIMA,HUAROCHIRI,SAN ANDRES DE TUPICOCHA,PATRIA JOVEN,383,M,CASTELLANO
140615,LIMA,HUAROCHIRI,SAN ANTONIO,ALIANZA PARA EL PROGRESO,2708,M,CASTELLANO
140615,LIMA,HUAROCHIRI,SAN ANTONIO,CONCERTACION PARA EL DESARROLLO REGIONAL - LIMA,1315,M,CASTELLANO
140615,LIMA,HUAROCHIRI,SAN ANTONIO,FUERZA POPULAR,941,M,CASTELLANO
140615,LIMA,HUAROCHIRI,SAN ANTONIO,FUERZA REGIONAL,353,M,CASTELLANO
140615,LIMA,HUAROCHIRI,SAN ANTONIO,MOVIMIENTO REGIONAL UNIDAD CIVICA LIMA,724,M,CASTELLANO
140615,LIMA,HUAROCHIRI,SAN ANTONIO,PARTIDO DEMOCRATICO SOMOS PERU,213,M,CASTELLANO
140615,LIMA,HUAROCHIRI,SAN ANTONIO,PARTIDO HUMANISTA PERUANO,232,M,CASTELLANO
140615,LIMA,HUAROCHIRI,SAN ANTONIO,PARTIDO NACIONALISTA PERUANO,290,M,CASTELLANO
140615,LIMA,HUAROCHIRI,SAN ANTONIO,PATRIA JOVEN,5350,M,CASTELLANO
140615,LIMA,HUAROCHIRI,SAN ANTONIO,PERU POSIBLE,474,M,CASTELLANO
140615,LIMA,HUAROCHIRI,SAN ANTONIO,SIEMPRE UNIDOS,739,M,CASTELLANO
140615,LIMA,HUAROCHIRI,SAN ANTONIO,SOLIDARIDAD NACIONAL,1482,M,CASTELLANO
140616,LIMA,HUAROCHIRI,SAN BARTOLOME,ACCION POPULAR,185,F,CASTELLANO
140616,LIMA,HUAROCHIRI,SAN BARTOLOME,ALIANZA PARA EL PROGRESO,213,F,CASTELLANO
140616,LIMA,HUAROCHIRI,SAN BARTOLOME,CONCERTACION PARA EL DESARROLLO REGIONAL - LIMA,141,F,CASTELLANO
140616,LIMA,HUAROCHIRI,SAN BARTOLOME,MOVIMIENTO REGIONAL UNIDAD CIVICA LIMA,254,F,CASTELLANO
140616,LIMA,HUAROCHIRI,SAN BARTOLOME,PATRIA JOVEN,160,F,CASTELLANO
140617,LIMA,HUAROCHIRI,SAN DAMIAN,ALIANZA PARA EL PROGRESO,86,M,CASTELLANO
140617,LIMA,HUAROCHIRI,SAN DAMIAN,CONCERTACION PARA EL DESARROLLO REGIONAL - LIMA,263,M,CASTELLANO
140617,LIMA,HUAROCHIRI,SAN DAMIAN,FUERZA REGIONAL,245,M,CASTELLANO
140617,LIMA,HUAROCHIRI,SAN DAMIAN,MOVIMIENTO REGIONAL UNIDAD CIVICA LIMA,69,M,CASTELLANO
140617,LIMA,HUAROCHIRI,SAN DAMIAN,PARTIDO DEMOCRATICO SOMOS PERU,113,M,CASTELLANO
140617,LIMA,HUAROCHIRI,SAN DAMIAN,PATRIA JOVEN,197,M,CASTELLANO
140617,LIMA,HUAROCHIRI,SAN DAMIAN,SIEMPRE UNIDOS,57,M,CASTELLANO
140618,LIMA,HUAROCHIRI,SANGALLAYA,CONCERTACION PARA EL DESARROLLO REGIONAL - LIMA,6,M,CASTELLANO
140618,LIMA,HUAROCHIRI,SANGALLAYA,FUERZA POPULAR,11,M,CASTELLANO
140618,LIMA,HUAROCHIRI,SANGALLAYA,MOVIMIENTO REGIONAL UNIDAD CIVICA LIMA,182,M,CASTELLANO
140618,LIMA,HUAROCHIRI,SANGALLAYA,PATRIA JOVEN,147,M,CASTELLANO
140619,LIMA,HUAROCHIRI,SAN JUAN DE TANTARANCHE,CONCERTACION PARA EL DESARROLLO REGIONAL - LIMA,79,M,CASTELLANO
140619,LIMA,HUAROCHIRI,SAN JUAN DE TANTARANCHE,MOVIMIENTO REGIONAL UNIDAD CIVICA LIMA,63,M,CASTELLANO
140619,LIMA,HUAROCHIRI,SAN JUAN DE TANTARANCHE,PARTIDO DEMOCRATICO SOMOS PERU,13,M,CASTELLANO
140619,LIMA,HUAROCHIRI,SAN JUAN DE TANTARANCHE,PATRIA JOVEN,66,M,CASTELLANO
140620,LIMA,HUAROCHIRI,SAN LORENZO DE QUINTI,CONCERTACION PARA EL DESARROLLO REGIONAL - LIMA,103,M,CASTELLANO
140620,LIMA,HUAROCHIRI,SAN LORENZO DE QUINTI,FUERZA POPULAR,113,M,CASTELLANO
140620,LIMA,HUAROCHIRI,SAN LORENZO DE QUINTI,MOVIMIENTO REGIONAL UNIDAD CIVICA LIMA,577,M,CASTELLANO
140620,LIMA,HUAROCHIRI,SAN LORENZO DE QUINTI,PARTIDO DEMOCRATICO SOMOS PERU,25,M,CASTELLANO
140620,LIMA,HUAROCHIRI,SAN LORENZO DE QUINTI,PATRIA JOVEN,158,M,CASTELLANO
140621,LIMA,HUAROCHIRI,SAN MATEO,ALIANZA PARA EL PROGRESO,149,M,CASTELLANO
140621,LIMA,HUAROCHIRI,SAN MATEO,CONCERTACION PARA EL DESARROLLO REGIONAL - LIMA,759,M,CASTELLANO
140621,LIMA,HUAROCHIRI,SAN MATEO,FUERZA POPULAR,118,M,CASTELLANO
140621,LIMA,HUAROCHIRI,SAN MATEO,FUERZA REGIONAL,127,M,CASTELLANO
140621,LIMA,HUAROCHIRI,SAN MATEO,MOVIMIENTO REGIONAL UNIDAD CIVICA LIMA,912,M,CASTELLANO
140621,LIMA,HUAROCHIRI,SAN MATEO,PATRIA JOVEN,968,M,CASTELLANO
140621,LIMA,HUAROCHIRI,SAN MATEO,SIEMPRE UNIDOS,113,M,CASTELLANO
140621,LIMA,HUAROCHIRI,SAN MATEO,SOLIDARIDAD NACIONAL,127,M,CASTELLANO
140622,LIMA,HUAROCHIRI,SAN MATEO DE OTAO,ALIANZA PARA EL PROGRESO,9,M,CASTELLANO
140622,LIMA,HUAROCHIRI,SAN MATEO DE OTAO,CONCERTACION PARA EL DESARROLLO REGIONAL - LIMA,366,M,CASTELLANO
140622,LIMA,HUAROCHIRI,SAN MATEO DE OTAO,FUERZA POPULAR,48,M,CASTELLANO
140622,LIMA,HUAROCHIRI,SAN MATEO DE OTAO,FUERZA REGIONAL,182,M,CASTELLANO
140622,LIMA,HUAROCHIRI,SAN MATEO DE OTAO,MOVIMIENTO REGIONAL UNIDAD CIVICA LIMA,344,M,CASTELLANO
140622,LIMA,HUAROCHIRI,SAN MATEO DE OTAO,PARTIDO NACIONALISTA PERUANO,49,M,CASTELLANO
140622,LIMA,HUAROCHIRI,SAN MATEO DE OTAO,PATRIA JOVEN,152,M,CASTELLANO
140622,LIMA,HUAROCHIRI,SAN MATEO DE OTAO,SOLIDARIDAD NACIONAL,51,M,CASTELLANO
140623,LIMA,HUAROCHIRI,SAN PEDRO DE HUANCAYRE,MOVIMIENTO REGIONAL UNIDAD CIVICA LIMA,68,M,QUECHUA
140623,LIMA,HUAROCHIRI,SAN PEDRO DE HUANCAYRE,PATRIA JOVEN,107,M,QUECHUA
140623,LIMA,HUAROCHIRI,SAN PEDRO DE HUANCAYRE,SOLIDARIDAD NACIONAL,0,M,QUECHUA
140624,LIMA,HUAROCHIRI,SANTA CRUZ DE COCACHACRA,ALIANZA PARA EL PROGRESO,472,M,CASTELLANO
140624,LIMA,HUAROCHIRI,SANTA CRUZ DE COCACHACRA,CONCERTACION PARA EL DESARROLLO REGIONAL - LIMA,444,M,CASTELLANO
140624,LIMA,HUAROCHIRI,SANTA CRUZ DE COCACHACRA,FUERZA REGIONAL,19,M,CASTELLANO
140624,LIMA,HUAROCHIRI,SANTA CRUZ DE COCACHACRA,MOVIMIENTO REGIONAL UNIDAD CIVICA LIMA,317,M,CASTELLANO
140624,LIMA,HUAROCHIRI,SANTA CRUZ DE COCACHACRA,PATRIA JOVEN,149,M,CASTELLANO
140625,LIMA,HUAROCHIRI,SANTA EULALIA,ALIANZA PARA EL PROGRESO,40,M,CASTELLANO
140625,LIMA,HUAROCHIRI,SANTA EULALIA,CONCERTACION PARA EL DESARROLLO REGIONAL - LIMA,2489,M,CASTELLANO
140625,LIMA,HUAROCHIRI,SANTA EULALIA,FUERZA POPULAR,247,M,CASTELLANO
140625,LIMA,HUAROCHIRI,SANTA EULALIA,FUERZA REGIONAL,163,M,CASTELLANO
140625,LIMA,HUAROCHIRI,SANTA EULALIA,MOVIMIENTO REGIONAL UNIDAD CIVICA LIMA,1941,M,CASTELLANO
140625,LIMA,HUAROCHIRI,SANTA EULALIA,PARTIDO HUMANISTA PERUANO,38,M,CASTELLANO
140625,LIMA,HUAROCHIRI,SANTA EULALIA,PATRIA JOVEN,2285,M,CASTELLANO
140626,LIMA,HUAROCHIRI,SANTIAGO DE ANCHUCAYA,ACCION POPULAR,49,M,CASTELLANO
140626,LIMA,HUAROCHIRI,SANTIAGO DE ANCHUCAYA,CONCERTACION PARA EL DESARROLLO REGIONAL - LIMA,130,M,CASTELLANO
140626,LIMA,HUAROCHIRI,SANTIAGO DE ANCHUCAYA,MOVIMIENTO REGIONAL UNIDAD CIVICA LIMA,85,M,CASTELLANO
140626,LIMA,HUAROCHIRI,SANTIAGO DE ANCHUCAYA,PATRIA JOVEN,108,M,CASTELLANO
140627,LIMA,HUAROCHIRI,SANTIAGO DE TUNA,CONCERTACION PARA EL DESARROLLO REGIONAL - LIMA,216,M,CASTELLANO
140627,LIMA,HUAROCHIRI,SANTIAGO DE TUNA,FUERZA POPULAR,41,M,CASTELLANO
140627,LIMA,HUAROCHIRI,SANTIAGO DE TUNA,MOVIMIENTO REGIONAL UNIDAD CIVICA LIMA,34,M,CASTELLANO
140627,LIMA,HUAROCHIRI,SANTIAGO DE TUNA,PATRIA JOVEN,133,M,CASTELLANO
140628,LIMA,HUAROCHIRI,SANTO DOMINGO DE LOS OLLEROS,CONCERTACION PARA EL DESARROLLO REGIONAL - LIMA,166,M,CASTELLANO
140628,LIMA,HUAROCHIRI,SANTO DOMINGO DE LOS OLLEROS,MOVIMIENTO REGIONAL UNIDAD CIVICA LIMA,610,M,CASTELLANO
140628,LIMA,HUAROCHIRI,SANTO DOMINGO DE LOS OLLEROS,PARTIDO NACIONALISTA PERUANO,8,M,CASTELLANO
140628,LIMA,HUAROCHIRI,SANTO DOMINGO DE LOS OLLEROS,PATRIA JOVEN,964,M,CASTELLANO
140629,LIMA,HUAROCHIRI,SURCO,ALIANZA PARA EL PROGRESO,29,M,QUECHUA
140629,LIMA,HUAROCHIRI,SURCO,CONCERTACION PARA EL DESARROLLO REGIONAL - LIMA,356,M,QUECHUA
140629,LIMA,HUAROCHIRI,SURCO,FUERZA POPULAR,35,M,QUECHUA
140629,LIMA,HUAROCHIRI,SURCO,MOVIMIENTO REGIONAL UNIDAD CIVICA LIMA,400,M,QUECHUA
140629,LIMA,HUAROCHIRI,SURCO,PATRIA JOVEN,519,M,QUECHUA
140629,LIMA,HUAROCHIRI,SURCO,SIEMPRE UNIDOS,34,M,QUECHUA
140629,LIMA,HUAROCHIRI,SURCO,SOLIDARIDAD NACIONAL,33,M,QUECHUA
140630,LIMA,HUAROCHIRI,HUACHUPAMPA,ACCION POPULAR,251,M,CASTELLANO
140630,LIMA,HUAROCHIRI,HUACHUPAMPA,ALIANZA PARA EL PROGRESO,41,M,CASTELLANO
140630,LIMA,HUAROCHIRI,HUACHUPAMPA,MOVIMIENTO REGIONAL UNIDAD CIVICA LIMA,323,M,CASTELLANO
140631,LIMA,HUAROCHIRI,LARAOS,CONCERTACION PARA EL DESARROLLO REGIONAL - LIMA,74,M,CASTELLANO
140631,LIMA,HUAROCHIRI,LARAOS,MOVIMIENTO REGIONAL UNIDAD CIVICA LIMA,172,M,CASTELLANO
140631,LIMA,HUAROCHIRI,LARAOS,PATRIA JOVEN,41,M,CASTELLANO
140632,LIMA,HUAROCHIRI,SAN JUAN DE IRIS,CONCERTACION PARA EL DESARROLLO REGIONAL - LIMA,70,M,CASTELLANO
140632,LIMA,HUAROCHIRI,SAN JUAN DE IRIS,MOVIMIENTO REGIONAL UNIDAD CIVICA LIMA,183,M,CASTELLANO
140632,LIMA,HUAROCHIRI,SAN JUAN DE IRIS,PATRIA JOVEN,125,M,CASTELLANO
140632,LIMA,HUAROCHIRI,SAN JUAN DE IRIS,SIEMPRE UNIDOS,27,M,CASTELLANO
140702,LIMA,YAUYOS,ALIS,ALIANZA PARA EL PROGRESO,5,M,CASTELLANO
140702,LIMA,YAUYOS,ALIS,CONCERTACION PARA EL DESARROLLO REGIONAL - LIMA,10,M,CASTELLANO
140702,LIMA,YAUYOS,ALIS,FUERZA POPULAR,7,M,CASTELLANO
140702,LIMA,YAUYOS,ALIS,FUERZA REGIONAL,224,M,CASTELLANO
140702,LIMA,YAUYOS,ALIS,PATRIA JOVEN,171,M,CASTELLANO
140703,LIMA,YAUYOS,AYAUCA,ALIANZA PARA EL PROGRESO,19,M,QUECHUA
140703,LIMA,YAUYOS,AYAUCA,COLECTIVO CIUDADANO CONFIANZA PERU,43,M,QUECHUA
140703,LIMA,YAUYOS,AYAUCA,CONCERTACION PARA EL DESARROLLO REGIONAL - LIMA,44,M,QUECHUA
140703,LIMA,YAUYOS,AYAUCA,FUERZA POPULAR,124,M,QUECHUA
140703,LIMA,YAUYOS,AYAUCA,FUERZA REGIONAL,50,M,QUECHUA
140703,LIMA,YAUYOS,AYAUCA,MOVIMIENTO INDEPENDIENTE ACCION COLECTIVA,105,M,QUECHUA
140703,LIMA,YAUYOS,AYAUCA,MOVIMIENTO REGIONAL JUSTICIA Y CAPACIDAD,129,M,QUECHUA
140703,LIMA,YAUYOS,AYAUCA,MOVIMIENTO REGIONAL UNIDAD CIVICA LIMA,15,M,QUECHUA
140703,LIMA,YAUYOS,AYAUCA,PARTIDO DEMOCRATICO SOMOS PERU,77,M,QUECHUA
140703,LIMA,YAUYOS,AYAUCA,PARTIDO POPULAR CRISTIANO - PPC,190,M,QUECHUA
140703,LIMA,YAUYOS,AYAUCA,PATRIA JOVEN,100,M,QUECHUA
140703,LIMA,YAUYOS,AYAUCA,PERU POSIBLE,17,M,QUECHUA
140704,LIMA,YAUYOS,AYAVIRI,CONCERTACION PARA EL DESARROLLO REGIONAL - LIMA,44,M,CASTELLANO
140704,LIMA,YAUYOS,AYAVIRI,FUERZA REGIONAL,37,M,CASTELLANO
140704,LIMA,YAUYOS,AYAVIRI,MOVIMIENTO REGIONAL UNIDAD CIVICA LIMA,103,M,CASTELLANO
140704,LIMA,YAUYOS,AYAVIRI,PATRIA JOVEN,84,M,CASTELLANO
140704,LIMA,YAUYOS,AYAVIRI,PERU POSIBLE,124,M,CASTELLANO
140705,LIMA,YAUYOS,AZANGARO,ALIANZA PARA EL PROGRESO,7,M,QUECHUA
140705,LIMA,YAUYOS,AZANGARO,CONCERTACION PARA EL DESARROLLO REGIONAL - LIMA,8,M,QUECHUA
140705,LIMA,YAUYOS,AZANGARO,FUERZA POPULAR,12,M,QUECHUA
140705,LIMA,YAUYOS,AZANGARO,FUERZA REGIONAL,106,M,QUECHUA
140705,LIMA,YAUYOS,AZANGARO,MOVIMIENTO REGIONAL JUSTICIA Y CAPACIDAD,9,M,QUECHUA
140705,LIMA,YAUYOS,AZANGARO,MOVIMIENTO REGIONAL UNIDAD CIVICA LIMA,40,M,QUECHUA
140705,LIMA,YAUYOS,AZANGARO,PARTIDO DEMOCRATICO SOMOS PERU,89,M,QUECHUA
140705,LIMA,YAUYOS,AZANGARO,PATRIA JOVEN,127,M,QUECHUA
140705,LIMA,YAUYOS,AZANGARO,PERU POSIBLE,50,M,QUECHUA
140706,LIMA,YAUYOS,CACRA,ALIANZA PARA EL PROGRESO,39,M,QUECHUA
140706,LIMA,YAUYOS,CACRA,CONCERTACION PARA EL DESARROLLO REGIONAL - LIMA,62,M,QUECHUA
140706,LIMA,YAUYOS,CACRA,FUERZA POPULAR,58,M,QUECHUA
140706,LIMA,YAUYOS,CACRA,FUERZA REGIONAL,107,M,QUECHUA
140706,LIMA,YAUYOS,CACRA,PATRIA JOVEN,155,M,QUECHUA
140706,LIMA,YAUYOS,CACRA,PERU POSIBLE,36,M,QUECHUA
140707,LIMA,YAUYOS,CARANIA,ALIANZA PARA EL PROGRESO,49,M,CASTELLANO
140707,LIMA,YAUYOS,CARANIA,FUERZA POPULAR,26,M,CASTELLANO
140707,LIMA,YAUYOS,CARANIA,PATRIA JOVEN,73,M,CASTELLANO
140708,LIMA,YAUYOS,COCHAS,FUERZA REGIONAL,15,M,CASTELLANO
140708,LIMA,YAUYOS,COCHAS,PATRIA JOVEN,57,M,CASTELLANO
140708,LIMA,YAUYOS,COCHAS,PERU POSIBLE,46,M,CASTELLANO
140709,LIMA,YAUYOS,COLONIA,ACCION POPULAR,82,M,QUECHUA
140709,LIMA,YAUYOS,COLONIA,ALIANZA PARA EL PROGRESO,140,M,QUECHUA
140709,LIMA,YAUYOS,COLONIA,CONCERTACION PARA EL DESARROLLO REGIONAL - LIMA,24,M,QUECHUA
140709,LIMA,YAUYOS,COLONIA,FUERZA POPULAR,240,M,QUECHUA
140709,LIMA,YAUYOS,COLONIA,FUERZA REGIONAL,123,M,QUECHUA
140709,LIMA,YAUYOS,COLONIA,MOVIMIENTO REGIONAL UNIDAD CIVICA LIMA,100,M,QUECHUA
140709,LIMA,YAUYOS,COLONIA,PARTIDO DEMOCRATICO SOMOS PERU,69,M,QUECHUA
140709,LIMA,YAUYOS,COLONIA,PATRIA JOVEN,94,M,QUECHUA
140709,LIMA,YAUYOS,COLONIA,PERU POSIBLE,14,M,QUECHUA
140709,LIMA,YAUYOS,COLONIA,UNION POR EL PERU,43,M,QUECHUA
140710,LIMA,YAUYOS,CHOCOS,ALIANZA PARA EL PROGRESO,145,M,CASTELLANO
140710,LIMA,YAUYOS,CHOCOS,CONCERTACION PARA EL DESARROLLO REGIONAL - LIMA,43,M,CASTELLANO
140710,LIMA,YAUYOS,CHOCOS,FUERZA POPULAR,204,M,CASTELLANO
140710,LIMA,YAUYOS,CHOCOS,FUERZA REGIONAL,48,M,CASTELLANO
140710,LIMA,YAUYOS,CHOCOS,MOVIMIENTO REGIONAL JUSTICIA Y CAPACIDAD,14,M,CASTELLANO
140710,LIMA,YAUYOS,CHOCOS,MOVIMIENTO REGIONAL UNIDAD CIVICA LIMA,201,M,CASTELLANO
140710,LIMA,YAUYOS,CHOCOS,PARTIDO DEMOCRATICO SOMOS PERU,174,M,CASTELLANO
140710,LIMA,YAUYOS,CHOCOS,PATRIA JOVEN,285,M,CASTELLANO
140710,LIMA,YAUYOS,CHOCOS,PERU POSIBLE,29,M,CASTELLANO
140711,LIMA,YAUYOS,HUAMPARA,ALIANZA PARA EL PROGRESO,74,M,AYMARA
140711,LIMA,YAUYOS,HUAMPARA,MOVIMIENTO REGIONAL UNIDAD CIVICA LIMA,79,M,AYMARA
140711,LIMA,YAUYOS,HUAMPARA,PARTIDO DEMOCRATICO SOMOS PERU,151,M,AYMARA
140711,LIMA,YAUYOS,HUAMPARA,PARTIDO POPULAR CRISTIANO - PPC,81,M,AYMARA
140711,LIMA,YAUYOS,HUAMPARA,PATRIA JOVEN,99,M,AYMARA
140712,LIMA,YAUYOS,HUANCAYA,CONCERTACION PARA EL DESARROLLO REGIONAL - LIMA,20,M,AYMARA
140712,LIMA,YAUYOS,HUANCAYA,FUERZA REGIONAL,77,M,AYMARA
140712,LIMA,YAUYOS,HUANCAYA,MOVIMIENTO REGIONAL JUSTICIA Y CAPACIDAD,107,M,AYMARA
140712,LIMA,YAUYOS,HUANCAYA,PARTIDO DEMOCRATICO SOMOS PERU,50,M,AYMARA
140712,LIMA,YAUYOS,HUANCAYA,PATRIA JOVEN,198,M,AYMARA
140712,LIMA,YAUYOS,HUANCAYA,PERU POSIBLE,13,M,AYMARA
140713,LIMA,YAUYOS,HUANGASCAR,ALIANZA PARA EL PROGRESO,0,M,CASTELLANO
140713,LIMA,YAUYOS,HUANGASCAR,CONCERTACION PARA EL DESARROLLO REGIONAL - LIMA,0,M,CASTELLANO
140713,LIMA,YAUYOS,HUANGASCAR,FUERZA POPULAR,0,M,CASTELLANO
140713,LIMA,YAUYOS,HUANGASCAR,FUERZA REGIONAL,0,M,CASTELLANO
140713,LIMA,YAUYOS,HUANGASCAR,MOVIMIENTO REGIONAL UNIDAD CIVICA LIMA,0,M,CASTELLANO
140713,LIMA,YAUYOS,HUANGASCAR,PATRIA JOVEN,0,M,CASTELLANO
140713,LIMA,YAUYOS,HUANGASCAR,PERU POSIBLE,0,M,CASTELLANO
140714,LIMA,YAUYOS,HUANTAN,CONCERTACION PARA EL DESARROLLO REGIONAL - LIMA,18,M,CASTELLANO
140714,LIMA,YAUYOS,HUANTAN,FUERZA POPULAR,51,M,CASTELLANO
140714,LIMA,YAUYOS,HUANTAN,FUERZA REGIONAL,159,M,CASTELLANO
140714,LIMA,YAUYOS,HUANTAN,MOVIMIENTO REGIONAL JUSTICIA Y CAPACIDAD,139,M,CASTELLANO
140714,LIMA,YAUYOS,HUANTAN,MOVIMIENTO REGIONAL UNIDAD CIVICA LIMA,81,M,CASTELLANO
140714,LIMA,YAUYOS,HUANTAN,PARTIDO DEMOCRATICO SOMOS PERU,5,M,CASTELLANO
140714,LIMA,YAUYOS,HUANTAN,PATRIA JOVEN,159,M,CASTELLANO
140715,LIMA,YAUYOS,HUAÑEC,CONCERTACION PARA EL DESARROLLO REGIONAL - LIMA,38,M,CASTELLANO
140715,LIMA,YAUYOS,HUAÑEC,MOVIMIENTO REGIONAL JUSTICIA Y CAPACIDAD,78,M,CASTELLANO
140715,LIMA,YAUYOS,HUAÑEC,PARTIDO DEMOCRATICO SOMOS PERU,121,M,CASTELLANO
140715,LIMA,YAUYOS,HUAÑEC,PATRIA JOVEN,66,M,CASTELLANO
140715,LIMA,YAUYOS,HUAÑEC,PERU POSIBLE,182,M,CASTELLANO
140716,LIMA,YAUYOS,LARAOS,ALIANZA PARA EL PROGRESO,48,M,CASTELLANO
140716,LIMA,YAUYOS,LARAOS,CONCERTACION PARA EL DESARROLLO REGIONAL - LIMA,3,M,CASTELLANO
140716,LIMA,YAUYOS,LARAOS,FUERZA REGIONAL,23,M,CASTELLANO
140716,LIMA,YAUYOS,LARAOS,MOVIMIENTO REGIONAL UNIDAD CIVICA LIMA,111,M,CASTELLANO
140716,LIMA,YAUYOS,LARAOS,PARTIDO DEMOCRATICO SOMOS PERU,130,M,CASTELLANO
140716,LIMA,YAUYOS,LARAOS,PATRIA JOVEN,143,M,CASTELLANO
140716,LIMA,YAUYOS,LARAOS,PERU POSIBLE,1,M,CASTELLANO
140717,LIMA,YAUYOS,LINCHA,ALIANZA PARA EL PROGRESO,47,M,CASTELLANO
140717,LIMA,YAUYOS,LINCHA,COLECTIVO CIUDADANO CONFIANZA PERU,33,M,CASTELLANO
140717,LIMA,YAUYOS,LINCHA,CONCERTACION PARA EL DESARROLLO REGIONAL - LIMA,147,M,CASTELLANO
140717,LIMA,YAUYOS,LINCHA,FUERZA POPULAR,29,M,CASTELLANO
140717,LIMA,YAUYOS,LINCHA,FUERZA REGIONAL,122,M,CASTELLANO
140717,LIMA,YAUYOS,LINCHA,PARTIDO DEMOCRATICO SOMOS PERU,55,M,CASTELLANO
140717,LIMA,YAUYOS,LINCHA,PATRIA JOVEN,125,M,CASTELLANO
140718,LIMA,YAUYOS,MIRAFLORES,CONCERTACION PARA EL DESARROLLO REGIONAL - LIMA,46,M,QUECHUA
140718,LIMA,YAUYOS,MIRAFLORES,MOVIMIENTO REGIONAL UNIDAD CIVICA LIMA,2,M,QUECHUA
140718,LIMA,YAUYOS,MIRAFLORES,PARTIDO DEMOCRATICO SOMOS PERU,47,M,QUECHUA
140718,LIMA,YAUYOS,MIRAFLORES,PATRIA JOVEN,119,M,QUECHUA
140718,LIMA,YAUYOS,MIRAFLORES,PERU POSIBLE,16,M,QUECHUA
140719,LIMA,YAUYOS,OMAS,CONCERTACION PARA EL DESARROLLO REGIONAL - LIMA,229,M,CASTELLANO
140719,LIMA,YAUYOS,OMAS,MOVIMIENTO REGIONAL UNIDAD CIVICA LIMA,197,M,CASTELLANO
140719,LIMA,YAUYOS,OMAS,PATRIA JOVEN,314,M,CASTELLANO
140719,LIMA,YAUYOS,OMAS,PERU POSIBLE,9,M,CASTELLANO
140720,LIMA,YAUYOS,QUINCHES,ALIANZA PARA EL PROGRESO,65,F,CASTELLANO
140720,LIMA,YAUYOS,QUINCHES,CONCERTACION PARA EL DESARROLLO REGIONAL - LIMA,112,F,CASTELLANO
140720,LIMA,YAUYOS,QUINCHES,FUERZA POPULAR,44,F,CASTELLANO
140720,LIMA,YAUYOS,QUINCHES,FUERZA REGIONAL,44,F,CASTELLANO
140720,LIMA,YAUYOS,QUINCHES,MOVIMIENTO REGIONAL JUSTICIA Y CAPACIDAD,3,F,CASTELLANO
140720,LIMA,YAUYOS,QUINCHES,MOVIMIENTO REGIONAL UNIDAD CIVICA LIMA,101,F,CASTELLANO
140720,LIMA,YAUYOS,QUINCHES,PARTIDO DEMOCRATICO SOMOS PERU,95,F,CASTELLANO
140720,LIMA,YAUYOS,QUINCHES,PATRIA JOVEN,115,F,CASTELLANO
140720,LIMA,YAUYOS,QUINCHES,PERU POSIBLE,66,F,CASTELLANO
140721,LIMA,YAUYOS,QUINOCAY,ALIANZA PARA EL PROGRESO,35,M,CASTELLANO
140721,LIMA,YAUYOS,QUINOCAY,CONCERTACION PARA EL DESARROLLO REGIONAL - LIMA,84,M,CASTELLANO
140721,LIMA,YAUYOS,QUINOCAY,FUERZA POPULAR,4,M,CASTELLANO
140721,LIMA,YAUYOS,QUINOCAY,MOVIMIENTO REGIONAL UNIDAD CIVICA LIMA,154,M,CASTELLANO
140721,LIMA,YAUYOS,QUINOCAY,PARTIDO DEMOCRATICO SOMOS PERU,94,M,CASTELLANO
140721,LIMA,YAUYOS,QUINOCAY,PATRIA JOVEN,50,M,CASTELLANO
140722,LIMA,YAUYOS,SAN JOAQUIN,CONCERTACION PARA EL DESARROLLO REGIONAL - LIMA,112,M,CASTELLANO
140722,LIMA,YAUYOS,SAN JOAQUIN,PATRIA JOVEN,27,M,CASTELLANO
140722,LIMA,YAUYOS,SAN JOAQUIN,PERU POSIBLE,85,M,CASTELLANO
140723,LIMA,YAUYOS,SAN PEDRO DE PILAS,CONCERTACION PARA EL DESARROLLO REGIONAL - LIMA,56,M,QUECHUA
140723,LIMA,YAUYOS,SAN PEDRO DE PILAS,MOVIMIENTO REGIONAL JUSTICIA Y CAPACIDAD,6,M,QUECHUA
140723,LIMA,YAUYOS,SAN PEDRO DE PILAS,MOVIMIENTO REGIONAL UNIDAD CIVICA LIMA,77,M,QUECHUA
140723,LIMA,YAUYOS,SAN PEDRO DE PILAS,PATRIA JOVEN,70,M,QUECHUA
140723,LIMA,YAUYOS,SAN PEDRO DE PILAS,PERU POSIBLE,92,M,QUECHUA
140724,LIMA,YAUYOS,TANTA,CONCERTACION PARA EL DESARROLLO REGIONAL - LIMA,150,M,CASTELLANO
140724,LIMA,YAUYOS,TANTA,MOVIMIENTO REGIONAL JUSTICIA Y CAPACIDAD,130,M,CASTELLANO
140724,LIMA,YAUYOS,TANTA,PARTIDO DEMOCRATICO SOMOS PERU,8,M,CASTELLANO
140724,LIMA,YAUYOS,TANTA,PATRIA JOVEN,117,M,CASTELLANO
140724,LIMA,YAUYOS,TANTA,PERU POSIBLE,88,M,CASTELLANO
140725,LIMA,YAUYOS,TAURIPAMPA,CONCERTACION PARA EL DESARROLLO REGIONAL - LIMA,176,M,CASTELLANO
140725,LIMA,YAUYOS,TAURIPAMPA,FUERZA POPULAR,203,M,CASTELLANO
140725,LIMA,YAUYOS,TAURIPAMPA,MOVIMIENTO REGIONAL UNIDAD CIVICA LIMA,31,M,CASTELLANO
140725,LIMA,YAUYOS,TAURIPAMPA,PATRIA JOVEN,110,M,CASTELLANO
140725,LIMA,YAUYOS,TAURIPAMPA,PERU POSIBLE,163,M,CASTELLANO
140726,LIMA,YAUYOS,TUPE,ALIANZA PARA EL PROGRESO,8,M,CASTELLANO
140726,LIMA,YAUYOS,TUPE,FUERZA REGIONAL,210,M,CASTELLANO
140726,LIMA,YAUYOS,TUPE,MOVIMIENTO REGIONAL UNIDAD CIVICA LIMA,71,M,CASTELLANO
140726,LIMA,YAUYOS,TUPE,PARTIDO DEMOCRATICO SOMOS PERU,152,M,CASTELLANO
140726,LIMA,YAUYOS,TUPE,PATRIA JOVEN,80,M,CASTELLANO
140726,LIMA,YAUYOS,TUPE,PERU POSIBLE,1,M,CASTELLANO
140727,LIMA,YAUYOS,TOMAS,ALIANZA PARA EL PROGRESO,35,F,CASTELLANO
140727,LIMA,YAUYOS,TOMAS,CONCERTACION PARA EL DESARROLLO REGIONAL - LIMA,45,F,CASTELLANO
140727,LIMA,YAUYOS,TOMAS,FUERZA POPULAR,24,F,CASTELLANO
140727,LIMA,YAUYOS,TOMAS,FUERZA REGIONAL,31,F,CASTELLANO
140727,LIMA,YAUYOS,TOMAS,PARTIDO POPULAR CRISTIANO - PPC,203,F,CASTELLANO
140727,LIMA,YAUYOS,TOMAS,PATRIA JOVEN,323,F,CASTELLANO
140728,LIMA,YAUYOS,VIÑAC,ACCION POPULAR,83,M,CASTELLANO
140728,LIMA,YAUYOS,VIÑAC,ALIANZA PARA EL PROGRESO,206,M,CASTELLANO
140728,LIMA,YAUYOS,VIÑAC,COLECTIVO CIUDADANO CONFIANZA PERU,7,M,CASTELLANO
140728,LIMA,YAUYOS,VIÑAC,CONCERTACION PARA EL DESARROLLO REGIONAL - LIMA,314,M,CASTELLANO
140728,LIMA,YAUYOS,VIÑAC,FUERZA POPULAR,50,M,CASTELLANO
140728,LIMA,YAUYOS,VIÑAC,FUERZA REGIONAL,291,M,CASTELLANO
140728,LIMA,YAUYOS,VIÑAC,MOVIMIENTO REGIONAL JUSTICIA Y CAPACIDAD,24,M,CASTELLANO
140728,LIMA,YAUYOS,VIÑAC,MOVIMIENTO REGIONAL UNIDAD CIVICA LIMA,16,M,CASTELLANO
140728,LIMA,YAUYOS,VIÑAC,PARTIDO DEMOCRATICO SOMOS PERU,38,M,CASTELLANO
140728,LIMA,YAUYOS,VIÑAC,PARTIDO POPULAR CRISTIANO - PPC,70,M,CASTELLANO
140728,LIMA,YAUYOS,VIÑAC,PATRIA JOVEN,78,M,CASTELLANO
140728,LIMA,YAUYOS,VIÑAC,PERU POSIBLE,8,M,CASTELLANO
140728,LIMA,YAUYOS,VIÑAC,RESTAURACION NACIONAL,55,M,CASTELLANO
140729,LIMA,YAUYOS,VITIS,ALIANZA PARA EL PROGRESO,12,M,CASTELLANO
140729,LIMA,YAUYOS,VITIS,CONCERTACION PARA EL DESARROLLO REGIONAL - LIMA,67,M,CASTELLANO
140729,LIMA,YAUYOS,VITIS,FUERZA REGIONAL,49,M,CASTELLANO
140729,LIMA,YAUYOS,VITIS,MOVIMIENTO REGIONAL UNIDAD CIVICA LIMA,61,M,CASTELLANO
140729,LIMA,YAUYOS,VITIS,PATRIA JOVEN,82,M,CASTELLANO
140729,LIMA,YAUYOS,VITIS,PERU POSIBLE,2,M,CASTELLANO
140730,LIMA,YAUYOS,HONGOS,ALIANZA PARA EL PROGRESO,47,M,CASTELLANO
140730,LIMA,YAUYOS,HONGOS,CONCERTACION PARA EL DESARROLLO REGIONAL - LIMA,158,M,CASTELLANO
140730,LIMA,YAUYOS,HONGOS,HONGOS XXI,116,M,CASTELLANO
140730,LIMA,YAUYOS,HONGOS,PATRIA JOVEN,63,M,CASTELLANO
140730,LIMA,YAUYOS,HONGOS,PERU POSIBLE,8,M,CASTELLANO
140731,LIMA,YAUYOS,MADEAN,ALIANZA PARA EL PROGRESO,83,M,CASTELLANO
140731,LIMA,YAUYOS,MADEAN,CONCERTACION PARA EL DESARROLLO REGIONAL - LIMA,62,M,CASTELLANO
140731,LIMA,YAUYOS,MADEAN,FUERZA POPULAR,88,M,CASTELLANO
140731,LIMA,YAUYOS,MADEAN,FUERZA REGIONAL,107,M,CASTELLANO
140731,LIMA,YAUYOS,MADEAN,MOVIMIENTO REGIONAL JUSTICIA Y CAPACIDAD,43,M,CASTELLANO
140731,LIMA,YAUYOS,MADEAN,MOVIMIENTO REGIONAL UNIDAD CIVICA LIMA,68,M,CASTELLANO
140731,LIMA,YAUYOS,MADEAN,PARTIDO DEMOCRATICO SOMOS PERU,18,M,CASTELLANO
140731,LIMA,YAUYOS,MADEAN,PARTIDO POPULAR CRISTIANO - PPC,112,M,CASTELLANO
140731,LIMA,YAUYOS,MADEAN,PATRIA JOVEN,110,M,CASTELLANO
140732,LIMA,YAUYOS,PUTINZA,ALIANZA PARA EL PROGRESO,38,M,CASTELLANO
140732,LIMA,YAUYOS,PUTINZA,CONCERTACION PARA EL DESARROLLO REGIONAL - LIMA,221,M,CASTELLANO
140732,LIMA,YAUYOS,PUTINZA,PARTIDO DEMOCRATICO SOMOS PERU,123,M,CASTELLANO
140732,LIMA,YAUYOS,PUTINZA,PATRIA JOVEN,315,M,CASTELLANO
140733,LIMA,YAUYOS,CATAHUASI,ALIANZA PARA EL PROGRESO,244,M,CASTELLANO
140733,LIMA,YAUYOS,CATAHUASI,CONCERTACION PARA EL DESARROLLO REGIONAL - LIMA,158,M,CASTELLANO
140733,LIMA,YAUYOS,CATAHUASI,FUERZA POPULAR,107,M,CASTELLANO
140733,LIMA,YAUYOS,CATAHUASI,FUERZA REGIONAL,146,M,CASTELLANO
140733,LIMA,YAUYOS,CATAHUASI,MOVIMIENTO REGIONAL JUSTICIA Y CAPACIDAD,24,M,CASTELLANO
140733,LIMA,YAUYOS,CATAHUASI,PARTIDO DEMOCRATICO SOMOS PERU,12,M,CASTELLANO
140733,LIMA,YAUYOS,CATAHUASI,PATRIA JOVEN,234,M,CASTELLANO
140733,LIMA,YAUYOS,CATAHUASI,PERU POSIBLE,13,M,CASTELLANO
140802,LIMA,HUARAL,ATAVILLOS ALTO,ALIANZA PARA EL PROGRESO,65,M,CASTELLANO
140802,LIMA,HUARAL,ATAVILLOS ALTO,CONCERTACION PARA EL DESARROLLO REGIONAL - LIMA,267,M,CASTELLANO
140802,LIMA,HUARAL,ATAVILLOS ALTO,FUERZA REGIONAL,87,M,CASTELLANO
140802,LIMA,HUARAL,ATAVILLOS ALTO,PATRIA JOVEN,101,M,CASTELLANO
140802,LIMA,HUARAL,ATAVILLOS ALTO,PERU POSIBLE,31,M,CASTELLANO
140803,LIMA,HUARAL,ATAVILLOS BAJO,ALIANZA PARA EL PROGRESO,119,M,CASTELLANO
140803,LIMA,HUARAL,ATAVILLOS BAJO,CONCERTACION PARA EL DESARROLLO REGIONAL - LIMA,171,M,CASTELLANO
140803,LIMA,HUARAL,ATAVILLOS BAJO,FUERZA POPULAR,9,M,CASTELLANO
140803,LIMA,HUARAL,ATAVILLOS BAJO,FUERZA REGIONAL,329,M,CASTELLANO
140803,LIMA,HUARAL,ATAVILLOS BAJO,PATRIA JOVEN,53,M,CASTELLANO
140803,LIMA,HUARAL,ATAVILLOS BAJO,PERU POSIBLE,38,M,CASTELLANO
140804,LIMA,HUARAL,AUCALLAMA,ALIANZA PARA EL PROGRESO,809,M,CASTELLANO
140804,LIMA,HUARAL,AUCALLAMA,COLECTIVO CIUDADANO CONFIANZA PERU,356,M,CASTELLANO
140804,LIMA,HUARAL,AUCALLAMA,CONCERTACION PARA EL DESARROLLO REGIONAL - LIMA,1976,M,CASTELLANO
140804,LIMA,HUARAL,AUCALLAMA,FUERZA POPULAR,268,M,CASTELLANO
140804,LIMA,HUARAL,AUCALLAMA,FUERZA REGIONAL,283,M,CASTELLANO
140804,LIMA,HUARAL,AUCALLAMA,MOVIMIENTO REGIONAL JUSTICIA Y CAPACIDAD,45,M,CASTELLANO
140804,LIMA,HUARAL,AUCALLAMA,MOVIMIENTO REGIONAL UNIDAD CIVICA LIMA,275,M,CASTELLANO
140804,LIMA,HUARAL,AUCALLAMA,PARTIDO DEMOCRATICO SOMOS PERU,39,M,CASTELLANO
140804,LIMA,HUARAL,AUCALLAMA,PATRIA JOVEN,1455,M,CASTELLANO
140804,LIMA,HUARAL,AUCALLAMA,PERU POSIBLE,131,M,CASTELLANO
140804,LIMA,HUARAL,AUCALLAMA,SOLIDARIDAD NACIONAL,1688,M,CASTELLANO
140805,LIMA,HUARAL,CHANCAY,ACCION POPULAR,2103,M,CASTELLANO
140805,LIMA,HUARAL,CHANCAY,ALIANZA PARA EL PROGRESO,1369,M,CASTELLANO
140805,LIMA,HUARAL,CHANCAY,CONCERTACION PARA EL DESARROLLO REGIONAL - LIMA,9350,M,CASTELLANO
140805,LIMA,HUARAL,CHANCAY,FUERZA POPULAR,3838,M,CASTELLANO
140805,LIMA,HUARAL,CHANCAY,FUERZA REGIONAL,937,M,CASTELLANO
140805,LIMA,HUARAL,CHANCAY,MOVIMIENTO REGIONAL JUSTICIA Y CAPACIDAD,88,M,CASTELLANO
140805,LIMA,HUARAL,CHANCAY,MOVIMIENTO REGIONAL UNIDAD CIVICA LIMA,655,M,CASTELLANO
140805,LIMA,HUARAL,CHANCAY,PARTIDO DEMOCRATICO SOMOS PERU,130,M,CASTELLANO
140805,LIMA,HUARAL,CHANCAY,PATRIA JOVEN,9738,M,CASTELLANO
140805,LIMA,HUARAL,CHANCAY,SOLIDARIDAD NACIONAL,1237,M,CASTELLANO
140806,LIMA,HUARAL,IHUARI,ACCION POPULAR,105,M,CASTELLANO
140806,LIMA,HUARAL,IHUARI,ALIANZA PARA EL PROGRESO,434,M,CASTELLANO
140806,LIMA,HUARAL,IHUARI,COLECTIVO CIUDADANO CONFIANZA PERU,6,M,CASTELLANO
140806,LIMA,HUARAL,IHUARI,CONCERTACION PARA EL DESARROLLO REGIONAL - LIMA,185,M,CASTELLANO
140806,LIMA,HUARAL,IHUARI,FUERZA POPULAR,54,M,CASTELLANO
140806,LIMA,HUARAL,IHUARI,FUERZA REGIONAL,68,M,CASTELLANO
140806,LIMA,HUARAL,IHUARI,PARTIDO HUMANISTA PERUANO,155,M,CASTELLANO
140806,LIMA,HUARAL,IHUARI,PATRIA JOVEN,566,M,CASTELLANO
140806,LIMA,HUARAL,IHUARI,PERU POSIBLE,4,M,CASTELLANO
140806,LIMA,HUARAL,IHUARI,SOLIDARIDAD NACIONAL,114,M,CASTELLANO
140807,LIMA,HUARAL,LAMPIAN,ALIANZA PARA EL PROGRESO,165,M,CASTELLANO
140807,LIMA,HUARAL,LAMPIAN,COLECTIVO CIUDADANO CONFIANZA PERU,152,M,CASTELLANO
140807,LIMA,HUARAL,LAMPIAN,FUERZA POPULAR,33,M,CASTELLANO
140807,LIMA,HUARAL,LAMPIAN,MOVIMIENTO REGIONAL UNIDAD CIVICA LIMA,51,M,CASTELLANO
140807,LIMA,HUARAL,LAMPIAN,PATRIA JOVEN,42,M,CASTELLANO
140807,LIMA,HUARAL,LAMPIAN,PERU POSIBLE,108,M,CASTELLANO
140808,LIMA,HUARAL,PACARAOS,ALIANZA PARA EL PROGRESO,106,M,CASTELLANO
140808,LIMA,HUARAL,PACARAOS,CONCERTACION PARA EL DESARROLLO REGIONAL - LIMA,122,M,CASTELLANO
140808,LIMA,HUARAL,PACARAOS,FUERZA POPULAR,57,M,CASTELLANO
140808,LIMA,HUARAL,PACARAOS,FUERZA REGIONAL,14,M,CASTELLANO
140808,LIMA,HUARAL,PACARAOS,PERU POSIBLE,199,M,CASTELLANO
140808,LIMA,HUARAL,PACARAOS,SOLIDARIDAD NACIONAL,39,M,CASTELLANO
140809,LIMA,HUARAL,SAN MIGUEL DE ACOS,ALIANZA PARA EL PROGRESO,68,M,CASTELLANO
140809,LIMA,HUARAL,SAN MIGUEL DE ACOS,CONCERTACION PARA EL DESARROLLO REGIONAL - LIMA,148,M,CASTELLANO
140809,LIMA,HUARAL,SAN MIGUEL DE ACOS,FUERZA REGIONAL,161,M,CASTELLANO
140809,LIMA,HUARAL,SAN MIGUEL DE ACOS,MOVIMIENTO REGIONAL JUSTICIA Y CAPACIDAD,15,M,CASTELLANO
140809,LIMA,HUARAL,SAN MIGUEL DE ACOS,PATRIA JOVEN,222,M,CASTELLANO
140809,LIMA,HUARAL,SAN MIGUEL DE ACOS,SOLIDARIDAD NACIONAL,49,M,CASTELLANO
140810,LIMA,HUARAL,VEINTISIETE DE NOVIEMBRE,ALIANZA PARA EL PROGRESO,27,M,CASTELLANO
140810,LIMA,HUARAL,VEINTISIETE DE NOVIEMBRE,FUERZA POPULAR,164,M,CASTELLANO
140810,LIMA,HUARAL,VEINTISIETE DE NOVIEMBRE,MOVIMIENTO REGIONAL UNIDAD CIVICA LIMA,23,M,CASTELLANO
140810,LIMA,HUARAL,VEINTISIETE DE NOVIEMBRE,SOLIDARIDAD NACIONAL,220,M,CASTELLANO
140811,LIMA,HUARAL,SANTA CRUZ DE ANDAMARCA,ALIANZA PARA EL PROGRESO,115,M,CASTELLANO
140811,LIMA,HUARAL,SANTA CRUZ DE ANDAMARCA,CONCERTACION PARA EL DESARROLLO REGIONAL - LIMA,87,M,CASTELLANO
140811,LIMA,HUARAL,SANTA CRUZ DE ANDAMARCA,FUERZA REGIONAL,16,M,CASTELLANO
140811,LIMA,HUARAL,SANTA CRUZ DE ANDAMARCA,MOVIMIENTO REGIONAL UNIDAD CIVICA LIMA,2,M,CASTELLANO
140811,LIMA,HUARAL,SANTA CRUZ DE ANDAMARCA,PATRIA JOVEN,54,M,CASTELLANO
140811,LIMA,HUARAL,SANTA CRUZ DE ANDAMARCA,PERU POSIBLE,21,M,CASTELLANO
140812,LIMA,HUARAL,SUMBILCA,ALIANZA PARA EL PROGRESO,0,M,CASTELLANO
140812,LIMA,HUARAL,SUMBILCA,COLECTIVO CIUDADANO CONFIANZA PERU,0,M,CASTELLANO
140812,LIMA,HUARAL,SUMBILCA,CONCERTACION PARA EL DESARROLLO REGIONAL - LIMA,0,M,CASTELLANO
140812,LIMA,HUARAL,SUMBILCA,FUERZA POPULAR,0,M,CASTELLANO
140812,LIMA,HUARAL,SUMBILCA,FUERZA REGIONAL,0,M,CASTELLANO
140812,LIMA,HUARAL,SUMBILCA,MOVIMIENTO REGIONAL UNIDAD CIVICA LIMA,0,M,CASTELLANO
140812,LIMA,HUARAL,SUMBILCA,PATRIA JOVEN,0,M,CASTELLANO
140812,LIMA,HUARAL,SUMBILCA,PERU POSIBLE,0,M,CASTELLANO
140812,LIMA,HUARAL,SUMBILCA,SOLIDARIDAD NACIONAL,0,M,CASTELLANO
140902,LIMA,BARRANCA,PARAMONGA,ACCION POPULAR,223,M,CASTELLANO
140902,LIMA,BARRANCA,PARAMONGA,ALIANZA PARA EL PROGRESO,3753,M,CASTELLANO
140902,LIMA,BARRANCA,PARAMONGA,COLECTIVO CIUDADANO CONFIANZA PERU,123,M,CASTELLANO
140902,LIMA,BARRANCA,PARAMONGA,CONCERTACION PARA EL DESARROLLO REGIONAL - LIMA,2898,M,CASTELLANO
140902,LIMA,BARRANCA,PARAMONGA,FUERZA POPULAR,514,M,CASTELLANO
140902,LIMA,BARRANCA,PARAMONGA,FUERZA REGIONAL,219,M,CASTELLANO
140902,LIMA,BARRANCA,PARAMONGA,MOVIMIENTO REGIONAL UNIDAD CIVICA LIMA,231,M,CASTELLANO
140902,LIMA,BARRANCA,PARAMONGA,PARTIDO HUMANISTA PERUANO,418,M,CASTELLANO
140902,LIMA,BARRANCA,PARAMONGA,PATRIA JOVEN,1612,M,CASTELLANO
140902,LIMA,BARRANCA,PARAMONGA,PLAN PARAMONGA LIBERATE ACCIONA MUJER,252,M,CASTELLANO
140902,LIMA,BARRANCA,PARAMONGA,RESTAURACION NACIONAL,98,M,CASTELLANO
140902,LIMA,BARRANCA,PARAMONGA,SIEMPRE UNIDOS,271,M,CASTELLANO
140902,LIMA,BARRANCA,PARAMONGA,SOLIDARIDAD NACIONAL,453,M,CASTELLANO
140902,LIMA,BARRANCA,PARAMONGA,UNION POR EL PERU,540,M,CASTELLANO
140902,LIMA,BARRANCA,PARAMONGA,VAMOS PERU,1364,M,CASTELLANO
140903,LIMA,BARRANCA,PATIVILCA,ACCION POPULAR,448,M,CASTELLANO
140903,LIMA,BARRANCA,PATIVILCA,ALIANZA PARA EL PROGRESO,2001,M,CASTELLANO
140903,LIMA,BARRANCA,PATIVILCA,COLECTIVO CIUDADANO CONFIANZA PERU,33,M,CASTELLANO
140903,LIMA,BARRANCA,PATIVILCA,CONCERTACION PARA EL DESARROLLO REGIONAL - LIMA,1331,M,CASTELLANO
140903,LIMA,BARRANCA,PATIVILCA,FUERZA POPULAR,1317,M,CASTELLANO
140903,LIMA,BARRANCA,PATIVILCA,FUERZA REGIONAL,1746,M,CASTELLANO
140903,LIMA,BARRANCA,PATIVILCA,PARTIDO HUMANISTA PERUANO,100,M,CASTELLANO
140903,LIMA,BARRANCA,PATIVILCA,PARTIDO POPULAR CRISTIANO - PPC,58,M,CASTELLANO
140903,LIMA,BARRANCA,PATIVILCA,PATRIA JOVEN,1191,M,CASTELLANO
140903,LIMA,BARRANCA,PATIVILCA,SIEMPRE UNIDOS,1240,M,CASTELLANO
140903,LIMA,BARRANCA,PATIVILCA,UNION POR EL PERU,261,M,CASTELLANO
140904,LIMA,BARRANCA,SUPE,ALEGRIA Y ESPERANZA,479,M,CASTELLANO
140904,LIMA,BARRANCA,SUPE,ALIANZA PARA EL PROGRESO,3662,M,CASTELLANO
140904,LIMA,BARRANCA,SUPE,COLECTIVO CIUDADANO CONFIANZA PERU,1672,M,CASTELLANO
140904,LIMA,BARRANCA,SUPE,CONCERTACION PARA EL DESARROLLO REGIONAL - LIMA,960,M,CASTELLANO
140904,LIMA,BARRANCA,SUPE,FUERZA POPULAR,912,M,CASTELLANO
140904,LIMA,BARRANCA,SUPE,FUERZA REGIONAL,377,M,CASTELLANO
140904,LIMA,BARRANCA,SUPE,ORGANIZACION POLITICA NACIONALISTA CAMBIEMOS SUPE,283,M,CASTELLANO
140904,LIMA,BARRANCA,SUPE,PARTIDO DEMOCRATICO SOMOS PERU,308,M,CASTELLANO
140904,LIMA,BARRANCA,SUPE,PARTIDO HUMANISTA PERUANO,169,M,CASTELLANO
140904,LIMA,BARRANCA,SUPE,RESTAURACION NACIONAL,202,M,CASTELLANO
140904,LIMA,BARRANCA,SUPE,SIEMPRE UNIDOS,568,M,CASTELLANO
140904,LIMA,BARRANCA,SUPE,UNION POR EL PERU,96,M,CASTELLANO
140904,LIMA,BARRANCA,SUPE,VAMOS PERU,2152,M,CASTELLANO
140905,LIMA,BARRANCA,SUPE PUERTO,AGRUPACION PORTEÑOS UNIDOS,62,M,CASTELLANO
140905,LIMA,BARRANCA,SUPE PUERTO,ALIANZA PARA EL PROGRESO,330,M,CASTELLANO
140905,LIMA,BARRANCA,SUPE PUERTO,CONCERTACION PARA EL DESARROLLO REGIONAL - LIMA,986,M,CASTELLANO
140905,LIMA,BARRANCA,SUPE PUERTO,"EL FRENTE AMPLIO POR JUSTICIA, VIDA Y LIBERTAD",516,M,CASTELLANO
140905,LIMA,BARRANCA,SUPE PUERTO,FUERZA POPULAR,1304,M,CASTELLANO
140905,LIMA,BARRANCA,SUPE PUERTO,FUERZA REGIONAL,179,M,CASTELLANO
140905,LIMA,BARRANCA,SUPE PUERTO,MOVIMIENTO REGIONAL UNIDAD CIVICA LIMA,250,M,CASTELLANO
140905,LIMA,BARRANCA,SUPE PUERTO,PARTIDO HUMANISTA PERUANO,249,M,CASTELLANO
140905,LIMA,BARRANCA,SUPE PUERTO,PATRIA JOVEN,619,M,CASTELLANO
140905,LIMA,BARRANCA,SUPE PUERTO,SIEMPRE UNIDOS,1225,M,CASTELLANO
140905,LIMA,BARRANCA,SUPE PUERTO,UNION POR EL PERU,35,M,CASTELLANO
141002,LIMA,OYON,NAVAN,ALIANZA PARA EL PROGRESO,338,F,CASTELLANO
141002,LIMA,OYON,NAVAN,CONCERTACION PARA EL DESARROLLO REGIONAL - LIMA,105,F,CASTELLANO
141002,LIMA,OYON,NAVAN,PARTIDO APRISTA PERUANO,47,F,CASTELLANO
141002,LIMA,OYON,NAVAN,UNION POR EL PERU,152,F,CASTELLANO
141003,LIMA,OYON,CAUJUL,ALIANZA PARA EL PROGRESO,88,M,CASTELLANO
141003,LIMA,OYON,CAUJUL,CONCERTACION PARA EL DESARROLLO REGIONAL - LIMA,193,M,CASTELLANO
141003,LIMA,OYON,CAUJUL,FUERZA POPULAR,33,M,CASTELLANO
141003,LIMA,OYON,CAUJUL,PARTIDO APRISTA PERUANO,17,M,CASTELLANO
141003,LIMA,OYON,CAUJUL,UNION POR EL PERU,22,M,CASTELLANO
141004,LIMA,OYON,ANDAJES,ACCION POPULAR,8,M,CASTELLANO
141004,LIMA,OYON,ANDAJES,ALIANZA PARA EL PROGRESO,171,M,CASTELLANO
141004,LIMA,OYON,ANDAJES,CONCERTACION PARA EL DESARROLLO REGIONAL - LIMA,79,M,CASTELLANO
141004,LIMA,OYON,ANDAJES,FUERZA POPULAR,11,M,CASTELLANO
141004,LIMA,OYON,ANDAJES,MOVIMIENTO REGIONAL UNIDAD CIVICA LIMA,19,M,CASTELLANO
141004,LIMA,OYON,ANDAJES,PARTIDO APRISTA PERUANO,87,M,CASTELLANO
141005,LIMA,OYON,PACHANGARA,ACCION POPULAR,59,M,CASTELLANO
141005,LIMA,OYON,PACHANGARA,ALIANZA PARA EL PROGRESO,26,M,CASTELLANO
141005,LIMA,OYON,PACHANGARA,CONCERTACION PARA EL DESARROLLO REGIONAL - LIMA,387,M,CASTELLANO
141005,LIMA,OYON,PACHANGARA,PARTIDO APRISTA PERUANO,785,M,CASTELLANO
141005,LIMA,OYON,PACHANGARA,PARTIDO DEMOCRATICO SOMOS PERU,214,M,CASTELLANO
141005,LIMA,OYON,PACHANGARA,SIEMPRE UNIDOS,166,M,CASTELLANO
141005,LIMA,OYON,PACHANGARA,UNION PARA EL DESARROLLO Y EL PARA EL P'PROGRESO,6,M,CASTELLANO
141006,LIMA,OYON,COCHAMARCA,ALIANZA PARA EL PROGRESO,338,M,CASTELLANO
141006,LIMA,OYON,COCHAMARCA,CONCERTACION PARA EL DESARROLLO REGIONAL - LIMA,194,M,CASTELLANO
141006,LIMA,OYON,COCHAMARCA,FUERZA REGIONAL,48,M,CASTELLANO
141006,LIMA,OYON,COCHAMARCA,PARTIDO APRISTA PERUANO,314,M,CASTELLANO
150102,LORETO,MAYNAS,ALTO NANAY,ACCION POPULAR,5,M,CASTELLANO
150102,LORETO,MAYNAS,ALTO NANAY,ALIANZA PARA EL PROGRESO,186,M,CASTELLANO
150102,LORETO,MAYNAS,ALTO NANAY,FUERZA LORETANA,551,M,CASTELLANO
150102,LORETO,MAYNAS,ALTO NANAY,MOVIMIENTO ESPERANZA REGION AMAZONICA,11,M,CASTELLANO
150102,LORETO,MAYNAS,ALTO NANAY,MOVIMIENTO INDEPENDIENTE LORETO - MI LORETO,218,M,CASTELLANO
150102,LORETO,MAYNAS,ALTO NANAY,MOVIMIENTO INDEPENDIENTE REGIONALISTA AMAZONICO LORETO,14,M,CASTELLANO
150102,LORETO,MAYNAS,ALTO NANAY,MOVIMIENTO INTEGRACION LORETANA,774,M,CASTELLANO
150102,LORETO,MAYNAS,ALTO NANAY,MOVIMIENTO POLITICO REGIONAL UNIPOL,31,M,CASTELLANO
150102,LORETO,MAYNAS,ALTO NANAY,PARTIDO DEMOCRATICO SOMOS PERU,50,M,CASTELLANO
150102,LORETO,MAYNAS,ALTO NANAY,PARTIDO POPULAR CRISTIANO - PPC,15,M,CASTELLANO
150103,LORETO,MAYNAS,FERNANDO LORES,ACCION POPULAR,768,M,CASTELLANO
150103,LORETO,MAYNAS,FERNANDO LORES,FUERZA LORETANA,896,M,CASTELLANO
150103,LORETO,MAYNAS,FERNANDO LORES,MOVIMIENTO ESPERANZA REGION AMAZONICA,1472,M,CASTELLANO
150103,LORETO,MAYNAS,FERNANDO LORES,MOVIMIENTO INDEPENDIENTE LORETO - MI LORETO,1563,M,CASTELLANO
150103,LORETO,MAYNAS,FERNANDO LORES,MOVIMIENTO INDEPENDIENTE REGIONALISTA AMAZONICO LORETO,81,M,CASTELLANO
150103,LORETO,MAYNAS,FERNANDO LORES,MOVIMIENTO INTEGRACION LORETANA,2049,M,CASTELLANO
150104,LORETO,MAYNAS,LAS AMAZONAS,FUERZA LORETANA,1914,M,CASTELLANO
150104,LORETO,MAYNAS,LAS AMAZONAS,MOVIMIENTO INDEPENDIENTE LORETO - MI LORETO,1004,M,CASTELLANO
150104,LORETO,MAYNAS,LAS AMAZONAS,MOVIMIENTO INTEGRACION LORETANA,1687,M,CASTELLANO
150105,LORETO,MAYNAS,MAZAN,ACCION POPULAR,125,M,CASTELLANO
150105,LORETO,MAYNAS,MAZAN,FUERZA LORETANA,2192,M,CASTELLANO
150105,LORETO,MAYNAS,MAZAN,MOVIMIENTO ESPERANZA REGION AMAZONICA,392,M,CASTELLANO
150105,LORETO,MAYNAS,MAZAN,MOVIMIENTO INDEPENDIENTE LORETO - MI LORETO,1904,M,CASTELLANO
150105,LORETO,MAYNAS,MAZAN,MOVIMIENTO INDEPENDIENTE REGIONALISTA AMAZONICO LORETO,58,M,CASTELLANO
150105,LORETO,MAYNAS,MAZAN,MOVIMIENTO INTEGRACION LORETANA,1571,M,CASTELLANO
150105,LORETO,MAYNAS,MAZAN,MOVIMIENTO POLITICO REGIONAL UNIPOL,5,M,CASTELLANO
150106,LORETO,MAYNAS,NAPO,ACCION POPULAR,860,M,CASTELLANO
150106,LORETO,MAYNAS,NAPO,FUERZA LORETANA,94,M,CASTELLANO
150106,LORETO,MAYNAS,NAPO,MOVIMIENTO ESPERANZA REGION AMAZONICA,36,M,CASTELLANO
150106,LORETO,MAYNAS,NAPO,MOVIMIENTO INDEPENDIENTE LORETO - MI LORETO,981,M,CASTELLANO
150106,LORETO,MAYNAS,NAPO,MOVIMIENTO INDEPENDIENTE REGIONALISTA AMAZONICO LORETO,681,M,CASTELLANO
150106,LORETO,MAYNAS,NAPO,MOVIMIENTO INTEGRACION LORETANA,1837,M,CASTELLANO
150106,LORETO,MAYNAS,NAPO,MOVIMIENTO POLITICO REGIONAL UNIPOL,96,M,CASTELLANO
150106,LORETO,MAYNAS,NAPO,PARTIDO POPULAR CRISTIANO - PPC,518,M,CASTELLANO
150107,LORETO,MAYNAS,PUTUMAYO,ACCION POPULAR,964,M,CASTELLANO
150107,LORETO,MAYNAS,PUTUMAYO,FUERZA LORETANA,243,M,CASTELLANO
150107,LORETO,MAYNAS,PUTUMAYO,MOVIMIENTO ESPERANZA REGION AMAZONICA,183,M,CASTELLANO
150107,LORETO,MAYNAS,PUTUMAYO,MOVIMIENTO INDEPENDIENTE LORETO - MI LORETO,831,M,CASTELLANO
150107,LORETO,MAYNAS,PUTUMAYO,MOVIMIENTO INDEPENDIENTE REGIONALISTA AMAZONICO LORETO,13,M,CASTELLANO
150107,LORETO,MAYNAS,PUTUMAYO,MOVIMIENTO INTEGRACION LORETANA,28,M,CASTELLANO
150107,LORETO,MAYNAS,PUTUMAYO,MOVIMIENTO POLITICO REGIONAL UNIPOL,80,M,CASTELLANO
150108,LORETO,MAYNAS,TORRES CAUSANA,FUERZA LORETANA,617,M,CASTELLANO
150108,LORETO,MAYNAS,TORRES CAUSANA,MOVIMIENTO ESPERANZA REGION AMAZONICA,460,M,CASTELLANO
150108,LORETO,MAYNAS,TORRES CAUSANA,MOVIMIENTO INDEPENDIENTE LORETO - MI LORETO,59,M,CASTELLANO
150108,LORETO,MAYNAS,TORRES CAUSANA,MOVIMIENTO INDEPENDIENTE REGIONALISTA AMAZONICO LORETO,728,M,CASTELLANO
150108,LORETO,MAYNAS,TORRES CAUSANA,MOVIMIENTO INTEGRACION LORETANA,91,M,CASTELLANO
150110,LORETO,MAYNAS,INDIANA,ACCION POPULAR,28,F,CASTELLANO
150110,LORETO,MAYNAS,INDIANA,ALIANZA PARA EL PROGRESO,145,F,CASTELLANO
150110,LORETO,MAYNAS,INDIANA,FUERZA LORETANA,971,F,CASTELLANO
150110,LORETO,MAYNAS,INDIANA,MOVIMIENTO ESPERANZA REGION AMAZONICA,1340,F,CASTELLANO
150110,LORETO,MAYNAS,INDIANA,MOVIMIENTO INDEPENDIENTE LORETO - MI LORETO,1678,F,CASTELLANO
150110,LORETO,MAYNAS,INDIANA,MOVIMIENTO INDEPENDIENTE REGIONALISTA AMAZONICO LORETO,124,F,CASTELLANO
150110,LORETO,MAYNAS,INDIANA,MOVIMIENTO INTEGRACION LORETANA,1001,F,CASTELLANO
150110,LORETO,MAYNAS,INDIANA,MOVIMIENTO POLITICO INDEPENDIENTE REGIONAL MOTOR DEL DESARROLLO,58,F,CASTELLANO
150110,LORETO,MAYNAS,INDIANA,PARTIDO POPULAR CRISTIANO - PPC,190,F,CASTELLANO
150111,LORETO,MAYNAS,PUNCHANA,ACCION POPULAR,3825,M,CASTELLANO
150111,LORETO,MAYNAS,PUNCHANA,FUERZA LORETANA,8533,M,CASTELLANO
150111,LORETO,MAYNAS,PUNCHANA,MOVIMIENTO ESPERANZA REGION AMAZONICA,1499,M,CASTELLANO
150111,LORETO,MAYNAS,PUNCHANA,MOVIMIENTO INDEPENDIENTE LORETO - MI LORETO,2959,M,CASTELLANO
150111,LORETO,MAYNAS,PUNCHANA,MOVIMIENTO INDEPENDIENTE REGIONALISTA AMAZONICO LORETO,8648,M,CASTELLANO
150111,LORETO,MAYNAS,PUNCHANA,MOVIMIENTO INTEGRACION LORETANA,13426,M,CASTELLANO
150111,LORETO,MAYNAS,PUNCHANA,MOVIMIENTO POLITICO REGIONAL UNIPOL,202,M,CASTELLANO
150111,LORETO,MAYNAS,PUNCHANA,PARTIDO POPULAR CRISTIANO - PPC,361,M,CASTELLANO
150111,LORETO,MAYNAS,PUNCHANA,SIEMPRE UNIDOS,107,M,CASTELLANO
150112,LORETO,MAYNAS,BELEN,ACCION POPULAR,609,M,CASTELLANO
150112,LORETO,MAYNAS,BELEN,ALIANZA PARA EL PROGRESO,711,M,CASTELLANO
150112,LORETO,MAYNAS,BELEN,FUERZA LORETANA,8092,M,CASTELLANO
150112,LORETO,MAYNAS,BELEN,MOVIMIENTO ESPERANZA REGION AMAZONICA,450,M,CASTELLANO
150112,LORETO,MAYNAS,BELEN,MOVIMIENTO INDEPENDIENTE REGIONALISTA AMAZONICO LORETO,2703,M,CASTELLANO
150112,LORETO,MAYNAS,BELEN,MOVIMIENTO INTEGRACION LORETANA,10642,M,CASTELLANO
150112,LORETO,MAYNAS,BELEN,MOVIMIENTO POLITICO INDEPENDIENTE REGIONAL MOTOR DEL DESARROLLO,5689,M,CASTELLANO
150112,LORETO,MAYNAS,BELEN,MOVIMIENTO POLITICO REGIONAL UNIPOL,290,M,CASTELLANO
150112,LORETO,MAYNAS,BELEN,PARTIDO POPULAR CRISTIANO - PPC,534,M,CASTELLANO
150113,LORETO,MAYNAS,SAN JUAN BAUTISTA,ACCION POPULAR,1111,M,CASTELLANO
150113,LORETO,MAYNAS,SAN JUAN BAUTISTA,ALIANZA PARA EL PROGRESO,430,M,CASTELLANO
150113,LORETO,MAYNAS,SAN JUAN BAUTISTA,FUERZA LORETANA,7592,M,CASTELLANO
150113,LORETO,MAYNAS,SAN JUAN BAUTISTA,MOVIMIENTO ESPERANZA REGION AMAZONICA,593,M,CASTELLANO
150113,LORETO,MAYNAS,SAN JUAN BAUTISTA,MOVIMIENTO INDEPENDIENTE LORETO - MI LORETO,1680,M,CASTELLANO
150113,LORETO,MAYNAS,SAN JUAN BAUTISTA,MOVIMIENTO INDEPENDIENTE REGIONALISTA AMAZONICO LORETO,8969,M,CASTELLANO
150113,LORETO,MAYNAS,SAN JUAN BAUTISTA,MOVIMIENTO INTEGRACION LORETANA,24512,M,CASTELLANO
150113,LORETO,MAYNAS,SAN JUAN BAUTISTA,MOVIMIENTO POLITICO REGIONAL UNIPOL,198,M,CASTELLANO
150114,LORETO,MAYNAS,TENIENTE MANUEL CLAVERO,FUERZA LORETANA,389,M,CASTELLANO
150114,LORETO,MAYNAS,TENIENTE MANUEL CLAVERO,MOVIMIENTO ESPERANZA REGION AMAZONICA,271,M,CASTELLANO
150114,LORETO,MAYNAS,TENIENTE MANUEL CLAVERO,MOVIMIENTO INDEPENDIENTE LORETO - MI LORETO,299,M,CASTELLANO
150114,LORETO,MAYNAS,TENIENTE MANUEL CLAVERO,MOVIMIENTO INTEGRACION LORETANA,259,M,CASTELLANO
150202,LORETO,ALTO AMAZONAS,BALSAPUERTO,ACCION POPULAR,330,M,CASTELLANO
150202,LORETO,ALTO AMAZONAS,BALSAPUERTO,ALIANZA PARA EL PROGRESO,1105,M,CASTELLANO
150202,LORETO,ALTO AMAZONAS,BALSAPUERTO,DEMOCRACIA DIRECTA,46,M,CASTELLANO
150202,LORETO,ALTO AMAZONAS,BALSAPUERTO,FUERZA LORETANA,339,M,CASTELLANO
150202,LORETO,ALTO AMAZONAS,BALSAPUERTO,MOVIMIENTO ESPERANZA REGION AMAZONICA,30,M,CASTELLANO
150202,LORETO,ALTO AMAZONAS,BALSAPUERTO,MOVIMIENTO INDEPENDIENTE LORETO - MI LORETO,1437,M,CASTELLANO
150202,LORETO,ALTO AMAZONAS,BALSAPUERTO,MOVIMIENTO INDEPENDIENTE REGIONALISTA AMAZONICO LORETO,96,M,CASTELLANO
150202,LORETO,ALTO AMAZONAS,BALSAPUERTO,MOVIMIENTO INTEGRACION LORETANA,860,M,CASTELLANO
150202,LORETO,ALTO AMAZONAS,BALSAPUERTO,MOVIMIENTO POLITICO REGIONAL UNIPOL,732,M,CASTELLANO
150202,LORETO,ALTO AMAZONAS,BALSAPUERTO,PARTIDO NACIONALISTA PERUANO,406,M,CASTELLANO
150205,LORETO,ALTO AMAZONAS,JEBEROS,ACCION POPULAR,346,M,CASTELLANO
150205,LORETO,ALTO AMAZONAS,JEBEROS,FUERZA LORETANA,392,M,CASTELLANO
150205,LORETO,ALTO AMAZONAS,JEBEROS,MOVIMIENTO INTEGRACION LORETANA,550,M,CASTELLANO
150205,LORETO,ALTO AMAZONAS,JEBEROS,PARTIDO NACIONALISTA PERUANO,611,M,CASTELLANO
150206,LORETO,ALTO AMAZONAS,LAGUNAS,ACCION POPULAR,916,M,CASTELLANO
150206,LORETO,ALTO AMAZONAS,LAGUNAS,FUERZA LORETANA,1202,M,CASTELLANO
150206,LORETO,ALTO AMAZONAS,LAGUNAS,MI ESPERANZA LAGUNINA,648,M,CASTELLANO
150206,LORETO,ALTO AMAZONAS,LAGUNAS,MOVIMIENTO ESPERANZA REGION AMAZONICA,186,M,CASTELLANO
150206,LORETO,ALTO AMAZONAS,LAGUNAS,MOVIMIENTO INDEPENDIENTE LORETO - MI LORETO,1638,M,CASTELLANO
150206,LORETO,ALTO AMAZONAS,LAGUNAS,MOVIMIENTO INTEGRACION LORETANA,1176,M,CASTELLANO
150210,LORETO,ALTO AMAZONAS,SANTA CRUZ,ACCION POPULAR,104,M,CASTELLANO
150210,LORETO,ALTO AMAZONAS,SANTA CRUZ,ALIANZA PARA EL PROGRESO,23,M,CASTELLANO
150210,LORETO,ALTO AMAZONAS,SANTA CRUZ,DEMOCRACIA DIRECTA,8,M,CASTELLANO
150210,LORETO,ALTO AMAZONAS,SANTA CRUZ,FUERZA LORETANA,168,M,CASTELLANO
150210,LORETO,ALTO AMAZONAS,SANTA CRUZ,MOVIMIENTO ESPERANZA REGION AMAZONICA,33,M,CASTELLANO
150210,LORETO,ALTO AMAZONAS,SANTA CRUZ,MOVIMIENTO INDEPENDIENTE LORETO - MI LORETO,393,M,CASTELLANO
150210,LORETO,ALTO AMAZONAS,SANTA CRUZ,MOVIMIENTO INTEGRACION LORETANA,683,M,CASTELLANO
150210,LORETO,ALTO AMAZONAS,SANTA CRUZ,PARTIDO NACIONALISTA PERUANO,488,M,CASTELLANO
150211,LORETO,ALTO AMAZONAS,TENIENTE CESAR LOPEZ ROJAS,ACCION POPULAR,880,M,CASTELLANO
150211,LORETO,ALTO AMAZONAS,TENIENTE CESAR LOPEZ ROJAS,DEMOCRACIA DIRECTA,12,M,CASTELLANO
150211,LORETO,ALTO AMAZONAS,TENIENTE CESAR LOPEZ ROJAS,FUERZA LORETANA,649,M,CASTELLANO
150211,LORETO,ALTO AMAZONAS,TENIENTE CESAR LOPEZ ROJAS,MOVIMIENTO ESPERANZA REGION AMAZONICA,64,M,CASTELLANO
150211,LORETO,ALTO AMAZONAS,TENIENTE CESAR LOPEZ ROJAS,MOVIMIENTO INDEPENDIENTE LORETO - MI LORETO,1012,M,CASTELLANO
150211,LORETO,ALTO AMAZONAS,TENIENTE CESAR LOPEZ ROJAS,MOVIMIENTO INTEGRACION LORETANA,520,M,CASTELLANO
150302,LORETO,LORETO,PARINARI,ACCION POPULAR,0,M,CASTELLANO
150302,LORETO,LORETO,PARINARI,FUERZA LORETANA,0,M,CASTELLANO
150302,LORETO,LORETO,PARINARI,MOVIMIENTO ESPERANZA REGION AMAZONICA,0,M,CASTELLANO
150302,LORETO,LORETO,PARINARI,MOVIMIENTO INDEPENDIENTE LORETO - MI LORETO,0,M,CASTELLANO
150302,LORETO,LORETO,PARINARI,MOVIMIENTO INTEGRACION LORETANA,0,M,CASTELLANO
150302,LORETO,LORETO,PARINARI,PARTIDO NACIONALISTA PERUANO,0,M,CASTELLANO
150303,LORETO,LORETO,TIGRE,ACCION POPULAR,10,F,CASTELLANO
150303,LORETO,LORETO,TIGRE,FUERZA LORETANA,1231,F,CASTELLANO
150303,LORETO,LORETO,TIGRE,MOVIMIENTO ESPERANZA REGION AMAZONICA,53,F,CASTELLANO
150303,LORETO,LORETO,TIGRE,MOVIMIENTO INDEPENDIENTE LORETO - MI LORETO,1178,F,CASTELLANO
150303,LORETO,LORETO,TIGRE,MOVIMIENTO INTEGRACION LORETANA,677,F,CASTELLANO
150303,LORETO,LORETO,TIGRE,PARTIDO NACIONALISTA PERUANO,4,F,CASTELLANO
150304,LORETO,LORETO,URARINAS,ACCION POPULAR,46,M,CASTELLANO
150304,LORETO,LORETO,URARINAS,FUERZA LORETANA,1428,M,CASTELLANO
150304,LORETO,LORETO,URARINAS,MOVIMIENTO ESPERANZA REGION AMAZONICA,143,M,CASTELLANO
150304,LORETO,LORETO,URARINAS,MOVIMIENTO INDEPENDIENTE LORETO - MI LORETO,886,M,CASTELLANO
150304,LORETO,LORETO,URARINAS,MOVIMIENTO INTEGRACION LORETANA,1725,M,CASTELLANO
150304,LORETO,LORETO,URARINAS,MOVIMIENTO POLITICO INDEPENDIENTE REGIONAL MOTOR DEL DESARROLLO,3,M,CASTELLANO
150304,LORETO,LORETO,URARINAS,MOVIMIENTO POLITICO REGIONAL UNIPOL,52,M,CASTELLANO
150304,LORETO,LORETO,URARINAS,PARTIDO NACIONALISTA PERUANO,39,M,CASTELLANO
150304,LORETO,LORETO,URARINAS,PARTIDO POPULAR CRISTIANO - PPC,45,M,CASTELLANO
150305,LORETO,LORETO,TROMPETEROS,ACCION POPULAR,200,M,CASTELLANO
150305,LORETO,LORETO,TROMPETEROS,FUERZA LORETANA,387,M,CASTELLANO
150305,LORETO,LORETO,TROMPETEROS,MOVIMIENTO ESPERANZA REGION AMAZONICA,706,M,CASTELLANO
150305,LORETO,LORETO,TROMPETEROS,MOVIMIENTO INDEPENDIENTE LORETO - MI LORETO,286,M,CASTELLANO
150305,LORETO,LORETO,TROMPETEROS,MOVIMIENTO INTEGRACION LORETANA,214,M,CASTELLANO
150305,LORETO,LORETO,TROMPETEROS,PARTIDO NACIONALISTA PERUANO,917,M,CASTELLANO
150402,LORETO,REQUENA,ALTO TAPICHE,ACCION POPULAR,122,M,CASTELLANO
150402,LORETO,REQUENA,ALTO TAPICHE,FUERZA LORETANA,186,M,CASTELLANO
150402,LORETO,REQUENA,ALTO TAPICHE,MOVIMIENTO ESPERANZA REGION AMAZONICA,107,M,CASTELLANO
150402,LORETO,REQUENA,ALTO TAPICHE,MOVIMIENTO INDEPENDIENTE LORETO - MI LORETO,284,M,CASTELLANO
150402,LORETO,REQUENA,ALTO TAPICHE,MOVIMIENTO INTEGRACION LORETANA,190,M,CASTELLANO
150403,LORETO,REQUENA,CAPELO,ACCION POPULAR,5,M,CASTELLANO
150403,LORETO,REQUENA,CAPELO,FUERZA LORETANA,661,M,CASTELLANO
150403,LORETO,REQUENA,CAPELO,MOVIMIENTO ESPERANZA REGION AMAZONICA,489,M,CASTELLANO
150403,LORETO,REQUENA,CAPELO,MOVIMIENTO INDEPENDIENTE LORETO - MI LORETO,196,M,CASTELLANO
150403,LORETO,REQUENA,CAPELO,MOVIMIENTO INTEGRACION LORETANA,247,M,CASTELLANO
150403,LORETO,REQUENA,CAPELO,MOVIMIENTO POLITICO INDEPENDIENTE REGIONAL MOTOR DEL DESARROLLO,11,M,CASTELLANO
150404,LORETO,REQUENA,EMILIO SAN MARTIN,FUERZA LORETANA,1127,M,CASTELLANO
150404,LORETO,REQUENA,EMILIO SAN MARTIN,MOVIMIENTO ESPERANZA REGION AMAZONICA,31,M,CASTELLANO
150404,LORETO,REQUENA,EMILIO SAN MARTIN,MOVIMIENTO INDEPENDIENTE LORETO - MI LORETO,1018,M,CASTELLANO
150404,LORETO,REQUENA,EMILIO SAN MARTIN,MOVIMIENTO INTEGRACION LORETANA,289,M,CASTELLANO
150405,LORETO,REQUENA,MAQUIA,ACCION POPULAR,163,M,CASTELLANO
150405,LORETO,REQUENA,MAQUIA,FUERZA LORETANA,793,M,CASTELLANO
150405,LORETO,REQUENA,MAQUIA,MOVIMIENTO ESPERANZA REGION AMAZONICA,21,M,CASTELLANO
150405,LORETO,REQUENA,MAQUIA,MOVIMIENTO INDEPENDIENTE LORETO - MI LORETO,782,M,CASTELLANO
150405,LORETO,REQUENA,MAQUIA,MOVIMIENTO INTEGRACION LORETANA,1080,M,CASTELLANO
150405,LORETO,REQUENA,MAQUIA,MOVIMIENTO POLITICO REGIONAL UNIPOL,51,M,CASTELLANO
150405,LORETO,REQUENA,MAQUIA,PARTIDO POPULAR CRISTIANO - PPC,7,M,CASTELLANO
150406,LORETO,REQUENA,PUINAHUA,ACCION POPULAR,15,M,CASTELLANO
150406,LORETO,REQUENA,PUINAHUA,ALIANZA PARA EL PROGRESO,26,M,CASTELLANO
150406,LORETO,REQUENA,PUINAHUA,FUERZA LORETANA,880,M,CASTELLANO
150406,LORETO,REQUENA,PUINAHUA,MOVIMIENTO ESPERANZA REGION AMAZONICA,1326,M,CASTELLANO
150406,LORETO,REQUENA,PUINAHUA,MOVIMIENTO INDEPENDIENTE LORETO - MI LORETO,18,M,CASTELLANO
150406,LORETO,REQUENA,PUINAHUA,MOVIMIENTO INTEGRACION LORETANA,101,M,CASTELLANO
150407,LORETO,REQUENA,SAQUENA,ACCION POPULAR,380,M,CASTELLANO
150407,LORETO,REQUENA,SAQUENA,FUERZA LORETANA,470,M,CASTELLANO
150407,LORETO,REQUENA,SAQUENA,MOVIMIENTO ESPERANZA REGION AMAZONICA,271,M,CASTELLANO
150407,LORETO,REQUENA,SAQUENA,MOVIMIENTO INDEPENDIENTE LORETO - MI LORETO,451,M,CASTELLANO
150407,LORETO,REQUENA,SAQUENA,MOVIMIENTO INTEGRACION LORETANA,270,M,CASTELLANO
150407,LORETO,REQUENA,SAQUENA,MOVIMIENTO POLITICO REGIONAL UNIPOL,21,M,CASTELLANO
150408,LORETO,REQUENA,SOPLIN,FUERZA LORETANA,104,M,CASTELLANO
150408,LORETO,REQUENA,SOPLIN,MOVIMIENTO ESPERANZA REGION AMAZONICA,132,M,CASTELLANO
150408,LORETO,REQUENA,SOPLIN,MOVIMIENTO INDEPENDIENTE LORETO - MI LORETO,155,M,CASTELLANO
150408,LORETO,REQUENA,SOPLIN,MOVIMIENTO INTEGRACION LORETANA,151,M,CASTELLANO
150409,LORETO,REQUENA,TAPICHE,FUERZA LORETANA,308,M,CASTELLANO
150409,LORETO,REQUENA,TAPICHE,MOVIMIENTO INDEPENDIENTE LORETO - MI LORETO,315,M,CASTELLANO
150409,LORETO,REQUENA,TAPICHE,MOVIMIENTO INTEGRACION LORETANA,86,M,CASTELLANO
150410,LORETO,REQUENA,JENARO HERRERA,FUERZA LORETANA,1049,M,CASTELLANO
150410,LORETO,REQUENA,JENARO HERRERA,MOVIMIENTO ESPERANZA REGION AMAZONICA,400,M,CASTELLANO
150410,LORETO,REQUENA,JENARO HERRERA,MOVIMIENTO INDEPENDIENTE LORETO - MI LORETO,445,M,CASTELLANO
150410,LORETO,REQUENA,JENARO HERRERA,MOVIMIENTO INTEGRACION LORETANA,370,M,CASTELLANO
150411,LORETO,REQUENA,YAQUERANA,ACCION POPULAR,392,M,CASTELLANO
150411,LORETO,REQUENA,YAQUERANA,ALIANZA PARA EL PROGRESO,0,M,CASTELLANO
150411,LORETO,REQUENA,YAQUERANA,FUERZA LORETANA,88,M,CASTELLANO
150411,LORETO,REQUENA,YAQUERANA,MOVIMIENTO ESPERANZA REGION AMAZONICA,207,M,CASTELLANO
150411,LORETO,REQUENA,YAQUERANA,MOVIMIENTO INDEPENDIENTE LORETO - MI LORETO,74,M,CASTELLANO
150411,LORETO,REQUENA,YAQUERANA,MOVIMIENTO INTEGRACION LORETANA,130,M,CASTELLANO
150411,LORETO,REQUENA,YAQUERANA,PARTIDO POPULAR CRISTIANO - PPC,73,M,CASTELLANO
150502,LORETO,UCAYALI,VARGAS GUERRA,ACCION POPULAR,71,M,CASTELLANO
150502,LORETO,UCAYALI,VARGAS GUERRA,FUERZA LORETANA,1263,M,CASTELLANO
150502,LORETO,UCAYALI,VARGAS GUERRA,MOVIMIENTO ESPERANZA REGION AMAZONICA,1327,M,CASTELLANO
150502,LORETO,UCAYALI,VARGAS GUERRA,MOVIMIENTO INDEPENDIENTE LORETO - MI LORETO,746,M,CASTELLANO
150502,LORETO,UCAYALI,VARGAS GUERRA,MOVIMIENTO INTEGRACION LORETANA,193,M,CASTELLANO
150503,LORETO,UCAYALI,PADRE MARQUEZ,FUERZA LORETANA,1548,M,CASTELLANO
150503,LORETO,UCAYALI,PADRE MARQUEZ,MOVIMIENTO INDEPENDIENTE LORETO - MI LORETO,1204,M,CASTELLANO
150503,LORETO,UCAYALI,PADRE MARQUEZ,MOVIMIENTO INTEGRACION LORETANA,114,M,CASTELLANO
150504,LORETO,UCAYALI,PAMPA HERMOSA,FUERZA LORETANA,725,M,CASTELLANO
150504,LORETO,UCAYALI,PAMPA HERMOSA,MOVIMIENTO ESPERANZA REGION AMAZONICA,41,M,CASTELLANO
150504,LORETO,UCAYALI,PAMPA HERMOSA,MOVIMIENTO INDEPENDIENTE LORETO - MI LORETO,1340,M,CASTELLANO
150504,LORETO,UCAYALI,PAMPA HERMOSA,MOVIMIENTO INTEGRACION LORETANA,46,M,CASTELLANO
150505,LORETO,UCAYALI,SARAYACU,ACCION POPULAR,124,M,CASTELLANO
150505,LORETO,UCAYALI,SARAYACU,ALIANZA PARA EL PROGRESO,40,M,CASTELLANO
150505,LORETO,UCAYALI,SARAYACU,ARRIBA SARAYACU,492,M,CASTELLANO
150505,LORETO,UCAYALI,SARAYACU,FUERZA LORETANA,1713,M,CASTELLANO
150505,LORETO,UCAYALI,SARAYACU,MOVIMIENTO ESPERANZA REGION AMAZONICA,673,M,CASTELLANO
150505,LORETO,UCAYALI,SARAYACU,MOVIMIENTO INDEPENDIENTE LORETO - MI LORETO,1665,M,CASTELLANO
150505,LORETO,UCAYALI,SARAYACU,MOVIMIENTO INTEGRACION LORETANA,975,M,CASTELLANO
150505,LORETO,UCAYALI,SARAYACU,MOVIMIENTO POLITICO INDEPENDIENTE REGIONAL MOTOR DEL DESARROLLO,6,M,CASTELLANO
150505,LORETO,UCAYALI,SARAYACU,MOVIMIENTO POLITICO REGIONAL UNIPOL,6,M,CASTELLANO
150506,LORETO,UCAYALI,INAHUAYA,ACCION POPULAR,34,M,CASTELLANO
150506,LORETO,UCAYALI,INAHUAYA,FUERZA LORETANA,369,M,CASTELLANO
150506,LORETO,UCAYALI,INAHUAYA,MOVIMIENTO ESPERANZA REGION AMAZONICA,38,M,CASTELLANO
150506,LORETO,UCAYALI,INAHUAYA,MOVIMIENTO INDEPENDIENTE LORETO - MI LORETO,347,M,CASTELLANO
150506,LORETO,UCAYALI,INAHUAYA,MOVIMIENTO INTEGRACION LORETANA,201,M,CASTELLANO
150602,LORETO,MARISCAL RAMON CASTILLA,PEBAS,ACCION POPULAR,1368,F,EXTRANJERO
150602,LORETO,MARISCAL RAMON CASTILLA,PEBAS,ALIANZA PARA EL PROGRESO,6,F,EXTRANJERO
150602,LORETO,MARISCAL RAMON CASTILLA,PEBAS,FUERZA LORETANA,1293,F,EXTRANJERO
150602,LORETO,MARISCAL RAMON CASTILLA,PEBAS,MOVIMIENTO ESPERANZA REGION AMAZONICA,662,F,EXTRANJERO
150602,LORETO,MARISCAL RAMON CASTILLA,PEBAS,MOVIMIENTO INDEPENDIENTE LORETO - MI LORETO,318,F,EXTRANJERO
150602,LORETO,MARISCAL RAMON CASTILLA,PEBAS,MOVIMIENTO INDEPENDIENTE REGIONALISTA AMAZONICO LORETO,339,F,EXTRANJERO
150602,LORETO,MARISCAL RAMON CASTILLA,PEBAS,MOVIMIENTO INTEGRACION LORETANA,738,F,EXTRANJERO
150603,LORETO,MARISCAL RAMON CASTILLA,YAVARI,ACCION POPULAR,923,M,CASTELLANO
150603,LORETO,MARISCAL RAMON CASTILLA,YAVARI,FUERZA LORETANA,1789,M,CASTELLANO
150603,LORETO,MARISCAL RAMON CASTILLA,YAVARI,MOVIMIENTO ESPERANZA REGION AMAZONICA,105,M,CASTELLANO
150603,LORETO,MARISCAL RAMON CASTILLA,YAVARI,MOVIMIENTO INDEPENDIENTE LORETO - MI LORETO,211,M,CASTELLANO
150603,LORETO,MARISCAL RAMON CASTILLA,YAVARI,MOVIMIENTO INDEPENDIENTE REGIONALISTA AMAZONICO LORETO,801,M,CASTELLANO
150603,LORETO,MARISCAL RAMON CASTILLA,YAVARI,MOVIMIENTO INTEGRACION LORETANA,58,M,CASTELLANO
150604,LORETO,MARISCAL RAMON CASTILLA,SAN PABLO,ACCION POPULAR,492,M,CASTELLANO
150604,LORETO,MARISCAL RAMON CASTILLA,SAN PABLO,FUERZA LORETANA,1206,M,CASTELLANO
150604,LORETO,MARISCAL RAMON CASTILLA,SAN PABLO,MOVIMIENTO ESPERANZA REGION AMAZONICA,347,M,CASTELLANO
150604,LORETO,MARISCAL RAMON CASTILLA,SAN PABLO,MOVIMIENTO INDEPENDIENTE LORETO - MI LORETO,1099,M,CASTELLANO
150604,LORETO,MARISCAL RAMON CASTILLA,SAN PABLO,MOVIMIENTO INDEPENDIENTE REGIONALISTA AMAZONICO LORETO,635,M,CASTELLANO
150604,LORETO,MARISCAL RAMON CASTILLA,SAN PABLO,MOVIMIENTO INTEGRACION LORETANA,31,M,CASTELLANO
150604,LORETO,MARISCAL RAMON CASTILLA,SAN PABLO,PARTIDO HUMANISTA PERUANO,141,M,CASTELLANO
150702,LORETO,DATEM DEL MARAÑON,ANDOAS,ACCION POPULAR,130,M,CASTELLANO
150702,LORETO,DATEM DEL MARAÑON,ANDOAS,ALIANZA PARA EL PROGRESO,403,M,CASTELLANO
150702,LORETO,DATEM DEL MARAÑON,ANDOAS,FUERZA LORETANA,230,M,CASTELLANO
150702,LORETO,DATEM DEL MARAÑON,ANDOAS,MOVIMIENTO ESPERANZA REGION AMAZONICA,164,M,CASTELLANO
150702,LORETO,DATEM DEL MARAÑON,ANDOAS,MOVIMIENTO INDEPENDIENTE LORETO - MI LORETO,191,M,CASTELLANO
150702,LORETO,DATEM DEL MARAÑON,ANDOAS,PARTIDO NACIONALISTA PERUANO,615,M,CASTELLANO
150703,LORETO,DATEM DEL MARAÑON,CAHUAPANAS,ACCION POPULAR,197,M,CASTELLANO
150703,LORETO,DATEM DEL MARAÑON,CAHUAPANAS,ALIANZA PARA EL PROGRESO,140,M,CASTELLANO
150703,LORETO,DATEM DEL MARAÑON,CAHUAPANAS,FUERZA LORETANA,16,M,CASTELLANO
150703,LORETO,DATEM DEL MARAÑON,CAHUAPANAS,MOVIMIENTO ESPERANZA REGION AMAZONICA,121,M,CASTELLANO
150703,LORETO,DATEM DEL MARAÑON,CAHUAPANAS,MOVIMIENTO INDEPENDIENTE LORETO - MI LORETO,871,M,CASTELLANO
150703,LORETO,DATEM DEL MARAÑON,CAHUAPANAS,PARTIDO NACIONALISTA PERUANO,203,M,CASTELLANO
150703,LORETO,DATEM DEL MARAÑON,CAHUAPANAS,SOLIDARIDAD NACIONAL,271,M,CASTELLANO
150703,LORETO,DATEM DEL MARAÑON,CAHUAPANAS,UNION POR EL PERU,85,M,CASTELLANO
150704,LORETO,DATEM DEL MARAÑON,MANSERICHE,ALIANZA PARA EL PROGRESO,682,M,CASTELLANO
150704,LORETO,DATEM DEL MARAÑON,MANSERICHE,FUERZA LORETANA,466,M,CASTELLANO
150704,LORETO,DATEM DEL MARAÑON,MANSERICHE,MOVIMIENTO ESPERANZA REGION AMAZONICA,574,M,CASTELLANO
150704,LORETO,DATEM DEL MARAÑON,MANSERICHE,MOVIMIENTO INDEPENDIENTE LORETO - MI LORETO,107,M,CASTELLANO
150704,LORETO,DATEM DEL MARAÑON,MANSERICHE,MOVIMIENTO INTEGRACION LORETANA,320,M,CASTELLANO
150704,LORETO,DATEM DEL MARAÑON,MANSERICHE,PARTIDO NACIONALISTA PERUANO,63,M,CASTELLANO
150704,LORETO,DATEM DEL MARAÑON,MANSERICHE,SOLIDARIDAD NACIONAL,233,M,CASTELLANO
150704,LORETO,DATEM DEL MARAÑON,MANSERICHE,UNION POR EL PERU,374,M,CASTELLANO
150705,LORETO,DATEM DEL MARAÑON,MORONA,ALIANZA PARA EL PROGRESO,236,M,CASTELLANO
150705,LORETO,DATEM DEL MARAÑON,MORONA,FUERZA LORETANA,529,M,CASTELLANO
150705,LORETO,DATEM DEL MARAÑON,MORONA,MOVIMIENTO ESPERANZA REGION AMAZONICA,227,M,CASTELLANO
150705,LORETO,DATEM DEL MARAÑON,MORONA,MOVIMIENTO INDEPENDIENTE LORETO - MI LORETO,54,M,CASTELLANO
150705,LORETO,DATEM DEL MARAÑON,MORONA,MOVIMIENTO INTEGRACION LORETANA,409,M,CASTELLANO
150705,LORETO,DATEM DEL MARAÑON,MORONA,PARTIDO NACIONALISTA PERUANO,49,M,CASTELLANO
150705,LORETO,DATEM DEL MARAÑON,MORONA,UNION POR EL PERU,693,M,CASTELLANO
150706,LORETO,DATEM DEL MARAÑON,PASTAZA,ALIANZA PARA EL PROGRESO,23,M,CASTELLANO
150706,LORETO,DATEM DEL MARAÑON,PASTAZA,FUERZA LORETANA,778,M,CASTELLANO
150706,LORETO,DATEM DEL MARAÑON,PASTAZA,MOVIMIENTO INDEPENDIENTE LORETO - MI LORETO,495,M,CASTELLANO
150706,LORETO,DATEM DEL MARAÑON,PASTAZA,MOVIMIENTO INTEGRACION LORETANA,1362,M,CASTELLANO
150706,LORETO,DATEM DEL MARAÑON,PASTAZA,PARTIDO NACIONALISTA PERUANO,56,M,CASTELLANO
150706,LORETO,DATEM DEL MARAÑON,PASTAZA,UNION POR EL PERU,641,M,CASTELLANO
160102,MADRE DE DIOS,TAMBOPATA,INAMBARI,"EL FRENTE AMPLIO POR JUSTICIA, VIDA Y LIBERTAD",715,M,QUECHUA
160102,MADRE DE DIOS,TAMBOPATA,INAMBARI,MOVIMIENTO INDEPENDIENTE AMOR POR MADRE DE DIOS,591,M,QUECHUA
160102,MADRE DE DIOS,TAMBOPATA,INAMBARI,MOVIMIENTO INDEPENDIENTE OBRAS SIEMPRE OBRAS,248,M,QUECHUA
160102,MADRE DE DIOS,TAMBOPATA,INAMBARI,MOVIMIENTO REGIONAL FUERZA POR MADRE DE DIOS,1097,M,QUECHUA
160102,MADRE DE DIOS,TAMBOPATA,INAMBARI,PARTIDO APRISTA PERUANO,351,M,QUECHUA
160102,MADRE DE DIOS,TAMBOPATA,INAMBARI,PARTIDO HUMANISTA PERUANO,233,M,QUECHUA
160102,MADRE DE DIOS,TAMBOPATA,INAMBARI,PARTIDO POPULAR CRISTIANO - PPC,216,M,QUECHUA
160102,MADRE DE DIOS,TAMBOPATA,INAMBARI,UNION POR EL PERU,126,M,QUECHUA
160103,MADRE DE DIOS,TAMBOPATA,LAS PIEDRAS,ACCION POPULAR,267,M,CASTELLANO
160103,MADRE DE DIOS,TAMBOPATA,LAS PIEDRAS,"EL FRENTE AMPLIO POR JUSTICIA, VIDA Y LIBERTAD",380,M,CASTELLANO
160103,MADRE DE DIOS,TAMBOPATA,LAS PIEDRAS,MOVIMIENTO INDEPENDIENTE AMOR POR MADRE DE DIOS,586,M,CASTELLANO
160103,MADRE DE DIOS,TAMBOPATA,LAS PIEDRAS,MOVIMIENTO INDEPENDIENTE OBRAS SIEMPRE OBRAS,292,M,CASTELLANO
160103,MADRE DE DIOS,TAMBOPATA,LAS PIEDRAS,MOVIMIENTO REGIONAL DE MADRE DE DIOS MINEROS UNIDOS,163,M,CASTELLANO
160103,MADRE DE DIOS,TAMBOPATA,LAS PIEDRAS,MOVIMIENTO REGIONAL FUERZA POR MADRE DE DIOS,282,M,CASTELLANO
160103,MADRE DE DIOS,TAMBOPATA,LAS PIEDRAS,PARTIDO APRISTA PERUANO,254,M,CASTELLANO
160103,MADRE DE DIOS,TAMBOPATA,LAS PIEDRAS,PARTIDO HUMANISTA PERUANO,178,M,CASTELLANO
160103,MADRE DE DIOS,TAMBOPATA,LAS PIEDRAS,PARTIDO POPULAR CRISTIANO - PPC,74,M,CASTELLANO
160103,MADRE DE DIOS,TAMBOPATA,LAS PIEDRAS,SIEMPRE UNIDOS,363,M,CASTELLANO
160103,MADRE DE DIOS,TAMBOPATA,LAS PIEDRAS,UNION POR EL PERU,592,M,CASTELLANO
160104,MADRE DE DIOS,TAMBOPATA,LABERINTO,DEMOCRACIA DIRECTA,1115,M,CASTELLANO
160104,MADRE DE DIOS,TAMBOPATA,LABERINTO,"EL FRENTE AMPLIO POR JUSTICIA, VIDA Y LIBERTAD",140,M,CASTELLANO
160104,MADRE DE DIOS,TAMBOPATA,LABERINTO,MOVIMIENTO INDEPENDIENTE AMOR POR MADRE DE DIOS,89,M,CASTELLANO
160104,MADRE DE DIOS,TAMBOPATA,LABERINTO,MOVIMIENTO INDEPENDIENTE OBRAS SIEMPRE OBRAS,241,M,CASTELLANO
160104,MADRE DE DIOS,TAMBOPATA,LABERINTO,MOVIMIENTO REGIONAL FUERZA POR MADRE DE DIOS,437,M,CASTELLANO
160104,MADRE DE DIOS,TAMBOPATA,LABERINTO,PARTIDO APRISTA PERUANO,59,M,CASTELLANO
160202,MADRE DE DIOS,MANU,FITZCARRALD,ALIANZA PARA EL PROGRESO,87,M,CASTELLANO
160202,MADRE DE DIOS,MANU,FITZCARRALD,MOVIMIENTO INDEPENDIENTE AMOR POR MADRE DE DIOS,164,M,CASTELLANO
160202,MADRE DE DIOS,MANU,FITZCARRALD,MOVIMIENTO INDEPENDIENTE OBRAS SIEMPRE OBRAS,12,M,CASTELLANO
160202,MADRE DE DIOS,MANU,FITZCARRALD,MOVIMIENTO REGIONAL FUERZA POR MADRE DE DIOS,15,M,CASTELLANO
160202,MADRE DE DIOS,MANU,FITZCARRALD,PARTIDO APRISTA PERUANO,43,M,CASTELLANO
160202,MADRE DE DIOS,MANU,FITZCARRALD,PARTIDO HUMANISTA PERUANO,50,M,CASTELLANO
160203,MADRE DE DIOS,MANU,MADRE DE DIOS,ACCION POPULAR,176,M,CASTELLANO
160203,MADRE DE DIOS,MANU,MADRE DE DIOS,MOVIMIENTO INDEPENDIENTE AMOR POR MADRE DE DIOS,376,M,CASTELLANO
160203,MADRE DE DIOS,MANU,MADRE DE DIOS,MOVIMIENTO INDEPENDIENTE OBRAS SIEMPRE OBRAS,295,M,CASTELLANO
160203,MADRE DE DIOS,MANU,MADRE DE DIOS,MOVIMIENTO REGIONAL FUERZA POR MADRE DE DIOS,218,M,CASTELLANO
160203,MADRE DE DIOS,MANU,MADRE DE DIOS,PARTIDO APRISTA PERUANO,52,M,CASTELLANO
160203,MADRE DE DIOS,MANU,MADRE DE DIOS,PARTIDO HUMANISTA PERUANO,45,M,CASTELLANO
160203,MADRE DE DIOS,MANU,MADRE DE DIOS,PARTIDO POPULAR CRISTIANO - PPC,341,M,CASTELLANO
160203,MADRE DE DIOS,MANU,MADRE DE DIOS,UNION POR EL PERU,467,M,CASTELLANO
160204,MADRE DE DIOS,MANU,HUEPETUHE,DEMOCRACIA DIRECTA,664,M,CASTELLANO
160204,MADRE DE DIOS,MANU,HUEPETUHE,"EL FRENTE AMPLIO POR JUSTICIA, VIDA Y LIBERTAD",135,M,CASTELLANO
160204,MADRE DE DIOS,MANU,HUEPETUHE,MOVIMIENTO INDEPENDIENTE AMOR POR MADRE DE DIOS,408,M,CASTELLANO
160204,MADRE DE DIOS,MANU,HUEPETUHE,MOVIMIENTO INDEPENDIENTE OBRAS SIEMPRE OBRAS,65,M,CASTELLANO
160204,MADRE DE DIOS,MANU,HUEPETUHE,MOVIMIENTO REGIONAL DE MADRE DE DIOS MINEROS UNIDOS,103,M,CASTELLANO
160204,MADRE DE DIOS,MANU,HUEPETUHE,MOVIMIENTO REGIONAL FUERZA POR MADRE DE DIOS,845,M,CASTELLANO
160204,MADRE DE DIOS,MANU,HUEPETUHE,PARTIDO APRISTA PERUANO,118,M,CASTELLANO
160204,MADRE DE DIOS,MANU,HUEPETUHE,PARTIDO HUMANISTA PERUANO,295,M,CASTELLANO
160204,MADRE DE DIOS,MANU,HUEPETUHE,PARTIDO POPULAR CRISTIANO - PPC,125,M,CASTELLANO
160204,MADRE DE DIOS,MANU,HUEPETUHE,SIEMPRE UNIDOS,109,M,CASTELLANO
160204,MADRE DE DIOS,MANU,HUEPETUHE,UNION POR EL PERU,126,M,CASTELLANO
160302,MADRE DE DIOS,TAHUAMANU,IBERIA,ALIANZA PARA EL PROGRESO,89,M,CASTELLANO
160302,MADRE DE DIOS,TAHUAMANU,IBERIA,MOVIMIENTO INDEPENDIENTE AMOR POR MADRE DE DIOS,420,M,CASTELLANO
160302,MADRE DE DIOS,TAHUAMANU,IBERIA,MOVIMIENTO INDEPENDIENTE OBRAS SIEMPRE OBRAS,935,M,CASTELLANO
160302,MADRE DE DIOS,TAHUAMANU,IBERIA,MOVIMIENTO REGIONAL FUERZA POR MADRE DE DIOS,280,M,CASTELLANO
160302,MADRE DE DIOS,TAHUAMANU,IBERIA,PARTIDO APRISTA PERUANO,574,M,CASTELLANO
160302,MADRE DE DIOS,TAHUAMANU,IBERIA,PARTIDO HUMANISTA PERUANO,106,M,CASTELLANO
160302,MADRE DE DIOS,TAHUAMANU,IBERIA,SIEMPRE UNIDOS,110,M,CASTELLANO
160302,MADRE DE DIOS,TAHUAMANU,IBERIA,UNION POR EL PERU,68,M,CASTELLANO
160303,MADRE DE DIOS,TAHUAMANU,TAHUAMANU,MOVIMIENTO INDEPENDIENTE AMOR POR MADRE DE DIOS,196,M,CASTELLANO
160303,MADRE DE DIOS,TAHUAMANU,TAHUAMANU,MOVIMIENTO INDEPENDIENTE OBRAS SIEMPRE OBRAS,290,M,CASTELLANO
160303,MADRE DE DIOS,TAHUAMANU,TAHUAMANU,MOVIMIENTO REGIONAL FUERZA POR MADRE DE DIOS,123,M,CASTELLANO
160303,MADRE DE DIOS,TAHUAMANU,TAHUAMANU,PARTIDO APRISTA PERUANO,325,M,CASTELLANO
160303,MADRE DE DIOS,TAHUAMANU,TAHUAMANU,PARTIDO HUMANISTA PERUANO,183,M,CASTELLANO
170102,MOQUEGUA,MARISCAL NIETO,CARUMAS,FRENTE DE INTEGRACION REGIONAL MOQUEGUA EMPRENDEDORA FIRME,100,M,CASTELLANO
170102,MOQUEGUA,MARISCAL NIETO,CARUMAS,MOVIMIENTO INDEPENDIENTE UNIDOS VAMOS ADELANTE - MI UVA,1111,M,CASTELLANO
170102,MOQUEGUA,MARISCAL NIETO,CARUMAS,MOVIMIENTO LIDER - LISTA DE INTEGRACION PARA EL DESARROLLO REGIONAL,742,M,CASTELLANO
170102,MOQUEGUA,MARISCAL NIETO,CARUMAS,MOVIMIENTO POLITICO REGIONAL CONTIGO MOQUEGUA,549,M,CASTELLANO
170103,MOQUEGUA,MARISCAL NIETO,CUCHUMBAYA,FRENTE DE INTEGRACION REGIONAL MOQUEGUA EMPRENDEDORA FIRME,84,M,CASTELLANO
170103,MOQUEGUA,MARISCAL NIETO,CUCHUMBAYA,KAUSACHUN,266,M,CASTELLANO
170103,MOQUEGUA,MARISCAL NIETO,CUCHUMBAYA,MOVIMIENTO INDEPENDIENTE UNIDOS VAMOS ADELANTE - MI UVA,570,M,CASTELLANO
170103,MOQUEGUA,MARISCAL NIETO,CUCHUMBAYA,MOVIMIENTO LIDER - LISTA DE INTEGRACION PARA EL DESARROLLO REGIONAL,511,M,CASTELLANO
170104,MOQUEGUA,MARISCAL NIETO,SAN CRISTOBAL,ALIANZA PARA EL PROGRESO,72,M,AYMARA
170104,MOQUEGUA,MARISCAL NIETO,SAN CRISTOBAL,FRENTE DE INTEGRACION REGIONAL MOQUEGUA EMPRENDEDORA FIRME,130,M,AYMARA
170104,MOQUEGUA,MARISCAL NIETO,SAN CRISTOBAL,MOVIMIENTO INDEPENDIENTE UNIDOS VAMOS ADELANTE - MI UVA,939,M,AYMARA
170104,MOQUEGUA,MARISCAL NIETO,SAN CRISTOBAL,MOVIMIENTO LIDER - LISTA DE INTEGRACION PARA EL DESARROLLO REGIONAL,1320,M,AYMARA
170104,MOQUEGUA,MARISCAL NIETO,SAN CRISTOBAL,MOVIMIENTO POLITICO REGIONAL CONTIGO MOQUEGUA,89,M,AYMARA
170104,MOQUEGUA,MARISCAL NIETO,SAN CRISTOBAL,UNION POR EL PERU,303,M,AYMARA
170105,MOQUEGUA,MARISCAL NIETO,TORATA,FRENTE DE INTEGRACION REGIONAL MOQUEGUA EMPRENDEDORA FIRME,144,M,QUECHUA
170105,MOQUEGUA,MARISCAL NIETO,TORATA,LISTA INDEPENDIENTE UNIDOS POR EL CAMBIO DE  TORATA,2888,M,QUECHUA
170105,MOQUEGUA,MARISCAL NIETO,TORATA,LISTA NUEVA TORATA,1384,M,QUECHUA
170105,MOQUEGUA,MARISCAL NIETO,TORATA,MOVIMIENTO POLITICO REGIONAL CONTIGO MOQUEGUA,1019,M,QUECHUA
170105,MOQUEGUA,MARISCAL NIETO,TORATA,SOMOS INDEPENDIENTES,174,M,QUECHUA
170105,MOQUEGUA,MARISCAL NIETO,TORATA,UNION POR EL PERU,235,M,QUECHUA
170106,MOQUEGUA,MARISCAL NIETO,SAMEGUA,CONTIGO SAMEGUA,146,M,CASTELLANO
170106,MOQUEGUA,MARISCAL NIETO,SAMEGUA,DIGNIDAD SAMEGUANA,1655,M,CASTELLANO
170106,MOQUEGUA,MARISCAL NIETO,SAMEGUA,FRENTE DE INTEGRACION REGIONAL MOQUEGUA EMPRENDEDORA FIRME,345,M,CASTELLANO
170106,MOQUEGUA,MARISCAL NIETO,SAMEGUA,KAUSACHUN,1319,M,CASTELLANO
170106,MOQUEGUA,MARISCAL NIETO,SAMEGUA,MOVIMIENTO INDEPENDIENTE UNIDOS VAMOS ADELANTE - MI UVA,1652,M,CASTELLANO
170202,MOQUEGUA,GENERAL SANCHEZ CERRO,COALAQUE,ALIANZA PARA EL PROGRESO,32,M,CASTELLANO
170202,MOQUEGUA,GENERAL SANCHEZ CERRO,COALAQUE,FRENTE DE INTEGRACION REGIONAL MOQUEGUA EMPRENDEDORA FIRME,169,M,CASTELLANO
170202,MOQUEGUA,GENERAL SANCHEZ CERRO,COALAQUE,KAUSACHUN,307,M,CASTELLANO
170202,MOQUEGUA,GENERAL SANCHEZ CERRO,COALAQUE,MOVIMIENTO POLITICO REGIONAL CONTIGO MOQUEGUA,12,M,CASTELLANO
170202,MOQUEGUA,GENERAL SANCHEZ CERRO,COALAQUE,PARTIDO DEMOCRATICO SOMOS PERU,243,M,CASTELLANO
170202,MOQUEGUA,GENERAL SANCHEZ CERRO,COALAQUE,UNION POR EL PERU,11,M,CASTELLANO
170202,MOQUEGUA,GENERAL SANCHEZ CERRO,COALAQUE,VAMOS PERU,2,M,CASTELLANO
170203,MOQUEGUA,GENERAL SANCHEZ CERRO,CHOJATA,FRENTE DE INTEGRACION REGIONAL MOQUEGUA EMPRENDEDORA FIRME,211,M,CASTELLANO
170203,MOQUEGUA,GENERAL SANCHEZ CERRO,CHOJATA,KAUSACHUN,294,M,CASTELLANO
170203,MOQUEGUA,GENERAL SANCHEZ CERRO,CHOJATA,MOVIMIENTO LIDER - LISTA DE INTEGRACION PARA EL DESARROLLO REGIONAL,339,M,CASTELLANO
170204,MOQUEGUA,GENERAL SANCHEZ CERRO,ICHUÑA,ACCION POPULAR,73,M,CASTELLANO
170204,MOQUEGUA,GENERAL SANCHEZ CERRO,ICHUÑA,ALIANZA DEMOCRATICA UNION ICHUÑA,59,M,CASTELLANO
170204,MOQUEGUA,GENERAL SANCHEZ CERRO,ICHUÑA,"EL FRENTE AMPLIO POR JUSTICIA, VIDA Y LIBERTAD",32,M,CASTELLANO
170204,MOQUEGUA,GENERAL SANCHEZ CERRO,ICHUÑA,FRENTE DE INTEGRACION REGIONAL MOQUEGUA EMPRENDEDORA FIRME,511,M,CASTELLANO
170204,MOQUEGUA,GENERAL SANCHEZ CERRO,ICHUÑA,KAUSACHUN,363,M,CASTELLANO
170204,MOQUEGUA,GENERAL SANCHEZ CERRO,ICHUÑA,PARTIDO DEMOCRATICO SOMOS PERU,10,M,CASTELLANO
170204,MOQUEGUA,GENERAL SANCHEZ CERRO,ICHUÑA,UNION POR EL PERU,615,M,CASTELLANO
170205,MOQUEGUA,GENERAL SANCHEZ CERRO,LA CAPILLA,"EL FRENTE AMPLIO POR JUSTICIA, VIDA Y LIBERTAD",20,F,CASTELLANO
170205,MOQUEGUA,GENERAL SANCHEZ CERRO,LA CAPILLA,FRENTE DE INTEGRACION REGIONAL MOQUEGUA EMPRENDEDORA FIRME,115,F,CASTELLANO
170205,MOQUEGUA,GENERAL SANCHEZ CERRO,LA CAPILLA,KAUSACHUN,75,F,CASTELLANO
170205,MOQUEGUA,GENERAL SANCHEZ CERRO,LA CAPILLA,MOVIMIENTO DISTRITAL POR LA NUEVA CAPILLA,22,F,CASTELLANO
170205,MOQUEGUA,GENERAL SANCHEZ CERRO,LA CAPILLA,MOVIMIENTO INDEPENDIENTE UNIDOS VAMOS ADELANTE - MI UVA,39,F,CASTELLANO
170205,MOQUEGUA,GENERAL SANCHEZ CERRO,LA CAPILLA,MOVIMIENTO LIDER - LISTA DE INTEGRACION PARA EL DESARROLLO REGIONAL,37,F,CASTELLANO
170205,MOQUEGUA,GENERAL SANCHEZ CERRO,LA CAPILLA,PARTIDO DEMOCRATICO SOMOS PERU,69,F,CASTELLANO
170206,MOQUEGUA,GENERAL SANCHEZ CERRO,LLOQUE,ALIANZA PARA EL PROGRESO,45,M,AYMARA
170206,MOQUEGUA,GENERAL SANCHEZ CERRO,LLOQUE,"EL FRENTE AMPLIO POR JUSTICIA, VIDA Y LIBERTAD",87,M,AYMARA
170206,MOQUEGUA,GENERAL SANCHEZ CERRO,LLOQUE,FRENTE DE INTEGRACION REGIONAL MOQUEGUA EMPRENDEDORA FIRME,15,M,AYMARA
170206,MOQUEGUA,GENERAL SANCHEZ CERRO,LLOQUE,KAUSACHUN,195,M,AYMARA
170206,MOQUEGUA,GENERAL SANCHEZ CERRO,LLOQUE,MOVIMIENTO INDEPENDIENTE UNIDOS VAMOS ADELANTE - MI UVA,55,M,AYMARA
170206,MOQUEGUA,GENERAL SANCHEZ CERRO,LLOQUE,MOVIMIENTO LIDER - LISTA DE INTEGRACION PARA EL DESARROLLO REGIONAL,119,M,AYMARA
170206,MOQUEGUA,GENERAL SANCHEZ CERRO,LLOQUE,SOLIDARIDAD NACIONAL,85,M,AYMARA
170207,MOQUEGUA,GENERAL SANCHEZ CERRO,MATALAQUE,FRENTE DE INTEGRACION REGIONAL MOQUEGUA EMPRENDEDORA FIRME,34,M,CASTELLANO
170207,MOQUEGUA,GENERAL SANCHEZ CERRO,MATALAQUE,KAUSACHUN,256,M,CASTELLANO
170207,MOQUEGUA,GENERAL SANCHEZ CERRO,MATALAQUE,MOVIMIENTO LIDER - LISTA DE INTEGRACION PARA EL DESARROLLO REGIONAL,64,M,CASTELLANO
170207,MOQUEGUA,GENERAL SANCHEZ CERRO,MATALAQUE,PARTIDO APRISTA PERUANO,152,M,CASTELLANO
170208,MOQUEGUA,GENERAL SANCHEZ CERRO,PUQUINA,ALIANZA PARA EL PROGRESO,27,M,QUECHUA
170208,MOQUEGUA,GENERAL SANCHEZ CERRO,PUQUINA,"EL FRENTE AMPLIO POR JUSTICIA, VIDA Y LIBERTAD",139,M,QUECHUA
170208,MOQUEGUA,GENERAL SANCHEZ CERRO,PUQUINA,FRENTE DE INTEGRACION REGIONAL MOQUEGUA EMPRENDEDORA FIRME,442,M,QUECHUA
170208,MOQUEGUA,GENERAL SANCHEZ CERRO,PUQUINA,KAUSACHUN,150,M,QUECHUA
170208,MOQUEGUA,GENERAL SANCHEZ CERRO,PUQUINA,MOVIMIENTO INDEPENDIENTE UNIDOS VAMOS ADELANTE - MI UVA,90,M,QUECHUA
170208,MOQUEGUA,GENERAL SANCHEZ CERRO,PUQUINA,MOVIMIENTO LIDER - LISTA DE INTEGRACION PARA EL DESARROLLO REGIONAL,235,M,QUECHUA
170208,MOQUEGUA,GENERAL SANCHEZ CERRO,PUQUINA,MOVIMIENTO POLITICO REGIONAL CONTIGO MOQUEGUA,49,M,QUECHUA
170208,MOQUEGUA,GENERAL SANCHEZ CERRO,PUQUINA,PARTIDO DEMOCRATICO SOMOS PERU,89,M,QUECHUA
170208,MOQUEGUA,GENERAL SANCHEZ CERRO,PUQUINA,UNION POR EL PERU,509,M,QUECHUA
170209,MOQUEGUA,GENERAL SANCHEZ CERRO,QUINISTAQUILLAS,FRENTE DE INTEGRACION REGIONAL MOQUEGUA EMPRENDEDORA FIRME,133,M,CASTELLANO
170209,MOQUEGUA,GENERAL SANCHEZ CERRO,QUINISTAQUILLAS,KAUSACHUN,183,M,CASTELLANO
170209,MOQUEGUA,GENERAL SANCHEZ CERRO,QUINISTAQUILLAS,SOLIDARIDAD NACIONAL,94,M,CASTELLANO
170210,MOQUEGUA,GENERAL SANCHEZ CERRO,UBINAS,"EL FRENTE AMPLIO POR JUSTICIA, VIDA Y LIBERTAD",101,M,CASTELLANO
170210,MOQUEGUA,GENERAL SANCHEZ CERRO,UBINAS,FRENTE DE INTEGRACION REGIONAL MOQUEGUA EMPRENDEDORA FIRME,232,M,CASTELLANO
170210,MOQUEGUA,GENERAL SANCHEZ CERRO,UBINAS,JUNTOS AL PROGRESO AHORA,730,M,CASTELLANO
170210,MOQUEGUA,GENERAL SANCHEZ CERRO,UBINAS,KAUSACHUN,489,M,CASTELLANO
170210,MOQUEGUA,GENERAL SANCHEZ CERRO,UBINAS,PARTIDO DEMOCRATICO SOMOS PERU,186,M,CASTELLANO
170211,MOQUEGUA,GENERAL SANCHEZ CERRO,YUNGA,ALIANZA PARA EL PROGRESO,32,M,CASTELLANO
170211,MOQUEGUA,GENERAL SANCHEZ CERRO,YUNGA,"EL FRENTE AMPLIO POR JUSTICIA, VIDA Y LIBERTAD",60,M,CASTELLANO
170211,MOQUEGUA,GENERAL SANCHEZ CERRO,YUNGA,FRENTE DE INTEGRACION REGIONAL MOQUEGUA EMPRENDEDORA FIRME,56,M,CASTELLANO
170211,MOQUEGUA,GENERAL SANCHEZ CERRO,YUNGA,KAUSACHUN,59,M,CASTELLANO
170211,MOQUEGUA,GENERAL SANCHEZ CERRO,YUNGA,MOVIMIENTO INDEPENDIENTE UNIDOS VAMOS ADELANTE - MI UVA,25,M,CASTELLANO
170211,MOQUEGUA,GENERAL SANCHEZ CERRO,YUNGA,MOVIMIENTO LIDER - LISTA DE INTEGRACION PARA EL DESARROLLO REGIONAL,121,M,CASTELLANO
170211,MOQUEGUA,GENERAL SANCHEZ CERRO,YUNGA,MOVIMIENTO POLITICO REGIONAL CONTIGO MOQUEGUA,34,M,CASTELLANO
170211,MOQUEGUA,GENERAL SANCHEZ CERRO,YUNGA,PARTIDO DEMOCRATICO SOMOS PERU,20,M,CASTELLANO
170211,MOQUEGUA,GENERAL SANCHEZ CERRO,YUNGA,SOLIDARIDAD NACIONAL,37,M,CASTELLANO
170211,MOQUEGUA,GENERAL SANCHEZ CERRO,YUNGA,UNION POR EL PERU,69,M,CASTELLANO
170211,MOQUEGUA,GENERAL SANCHEZ CERRO,YUNGA,VAMOS PERU,70,M,CASTELLANO
170302,MOQUEGUA,ILO,EL ALGARROBAL,DEMOCRACIA DIRECTA,159,M,QUECHUA
170302,MOQUEGUA,ILO,EL ALGARROBAL,"EL FRENTE AMPLIO POR JUSTICIA, VIDA Y LIBERTAD",18,M,QUECHUA
170302,MOQUEGUA,ILO,EL ALGARROBAL,FRENTE DE INTEGRACION REGIONAL MOQUEGUA EMPRENDEDORA FIRME,50,M,QUECHUA
170302,MOQUEGUA,ILO,EL ALGARROBAL,MOVIMIENTO LIDER - LISTA DE INTEGRACION PARA EL DESARROLLO REGIONAL,67,M,QUECHUA
170302,MOQUEGUA,ILO,EL ALGARROBAL,MOVIMIENTO POLITICO REGIONAL CONTIGO MOQUEGUA,103,M,QUECHUA
170302,MOQUEGUA,ILO,EL ALGARROBAL,NUESTRO ILO - MOQUEGUA - SANCHEZ CERRO,74,M,QUECHUA
170302,MOQUEGUA,ILO,EL ALGARROBAL,SOLIDARIDAD POPULAR,10,M,QUECHUA
170303,MOQUEGUA,ILO,PACOCHA,DEMOCRACIA DIRECTA,1133,M,CASTELLANO
170303,MOQUEGUA,ILO,PACOCHA,"EL FRENTE AMPLIO POR JUSTICIA, VIDA Y LIBERTAD",70,M,CASTELLANO
170303,MOQUEGUA,ILO,PACOCHA,FRENTE DE INTEGRACION REGIONAL MOQUEGUA EMPRENDEDORA FIRME,268,M,CASTELLANO
170303,MOQUEGUA,ILO,PACOCHA,MOVIMIENTO LIDER - LISTA DE INTEGRACION PARA EL DESARROLLO REGIONAL,457,M,CASTELLANO
170303,MOQUEGUA,ILO,PACOCHA,NUESTRO ILO - MOQUEGUA - SANCHEZ CERRO,548,M,CASTELLANO
170303,MOQUEGUA,ILO,PACOCHA,SOLIDARIDAD POPULAR,835,M,CASTELLANO
180103,PASCO,PASCO,HUACHON,ACCION POPULAR,188,M,CASTELLANO
180103,PASCO,PASCO,HUACHON,ALIANZA PARA EL PROGRESO,80,M,CASTELLANO
180103,PASCO,PASCO,HUACHON,CONCERTACION EN LA REGION,36,M,CASTELLANO
180103,PASCO,PASCO,HUACHON,FUERZA POPULAR,886,M,CASTELLANO
180103,PASCO,PASCO,HUACHON,MOVIMIENTO REGIONAL FRENTE ANDINO AMAZONICO,529,M,CASTELLANO
180103,PASCO,PASCO,HUACHON,PARTIDO DEMOCRATICO SOMOS PERU,657,M,CASTELLANO
180104,PASCO,PASCO,HUARIACA,ALIANZA PARA EL PROGRESO,638,M,CASTELLANO
180104,PASCO,PASCO,HUARIACA,CONCERTACION EN LA REGION,171,M,CASTELLANO
180104,PASCO,PASCO,HUARIACA,FUERZA POPULAR,912,M,CASTELLANO
180104,PASCO,PASCO,HUARIACA,PARTIDO APRISTA PERUANO,273,M,CASTELLANO
180104,PASCO,PASCO,HUARIACA,PASCO DIGNIDAD,839,M,CASTELLANO
180104,PASCO,PASCO,HUARIACA,SOLIDARIDAD NACIONAL,575,M,CASTELLANO
180105,PASCO,PASCO,HUAYLLAY,ACCION POPULAR,763,M,CASTELLANO
180105,PASCO,PASCO,HUAYLLAY,ALIANZA PARA EL PROGRESO,444,M,CASTELLANO
180105,PASCO,PASCO,HUAYLLAY,CONCERTACION EN LA REGION,183,M,CASTELLANO
180105,PASCO,PASCO,HUAYLLAY,FUERZA POPULAR,1322,M,CASTELLANO
180105,PASCO,PASCO,HUAYLLAY,MOVIMIENTO REGIONAL FRENTE ANDINO AMAZONICO,237,M,CASTELLANO
180105,PASCO,PASCO,HUAYLLAY,PARTIDO HUMANISTA PERUANO,5,M,CASTELLANO
180105,PASCO,PASCO,HUAYLLAY,PASCO DIGNIDAD,89,M,CASTELLANO
180105,PASCO,PASCO,HUAYLLAY,SOLIDARIDAD NACIONAL,1023,M,CASTELLANO
180105,PASCO,PASCO,HUAYLLAY,UNION POR EL PERU,220,M,CASTELLANO
180106,PASCO,PASCO,NINACACA,ALIANZA PARA EL PROGRESO,291,M,CASTELLANO
180106,PASCO,PASCO,NINACACA,CONCERTACION EN LA REGION,561,M,CASTELLANO
180106,PASCO,PASCO,NINACACA,FUERZA POPULAR,481,M,CASTELLANO
180106,PASCO,PASCO,NINACACA,PASCO DIGNIDAD,203,M,CASTELLANO
180106,PASCO,PASCO,NINACACA,PASCO VERDE,746,M,CASTELLANO
180107,PASCO,PASCO,PALLANCHACRA,ALIANZA PARA EL PROGRESO,28,M,CASTELLANO
180107,PASCO,PASCO,PALLANCHACRA,FUERZA POPULAR,475,M,CASTELLANO
180107,PASCO,PASCO,PALLANCHACRA,MOVIMIENTO INDEPENDIENTE PALLANCHACRA RUMBO AL CAMBIO,273,M,CASTELLANO
180107,PASCO,PASCO,PALLANCHACRA,MOVIMIENTO REGIONAL FRENTE ANDINO AMAZONICO,377,M,CASTELLANO
180107,PASCO,PASCO,PALLANCHACRA,PARTIDO DEMOCRATICO SOMOS PERU,282,M,CASTELLANO
180107,PASCO,PASCO,PALLANCHACRA,PASCO DIGNIDAD,78,M,CASTELLANO
180107,PASCO,PASCO,PALLANCHACRA,SOLIDARIDAD NACIONAL,208,M,CASTELLANO
180108,PASCO,PASCO,PAUCARTAMBO,ALIANZA PARA EL PROGRESO,92,M,CASTELLANO
180108,PASCO,PASCO,PAUCARTAMBO,CONCERTACION EN LA REGION,101,M,CASTELLANO
180108,PASCO,PASCO,PAUCARTAMBO,MOVIMIENTO REGIONAL FRENTE ANDINO AMAZONICO,73,M,CASTELLANO
180108,PASCO,PASCO,PAUCARTAMBO,PARTIDO DEMOCRATICO SOMOS PERU,2135,M,CASTELLANO
180108,PASCO,PASCO,PAUCARTAMBO,PASCO VERDE,1317,M,CASTELLANO
180108,PASCO,PASCO,PAUCARTAMBO,SOLIDARIDAD NACIONAL,1625,M,CASTELLANO
180108,PASCO,PASCO,PAUCARTAMBO,UNION POR EL PERU,1005,M,CASTELLANO
180109,PASCO,PASCO,SAN FRANCISCO DE ASIS DE YARUSYACAN,ACCION POPULAR,1373,M,CASTELLANO
180109,PASCO,PASCO,SAN FRANCISCO DE ASIS DE YARUSYACAN,ALIANZA PARA EL PROGRESO,92,M,CASTELLANO
180109,PASCO,PASCO,SAN FRANCISCO DE ASIS DE YARUSYACAN,FUERZA POPULAR,145,M,CASTELLANO
180109,PASCO,PASCO,SAN FRANCISCO DE ASIS DE YARUSYACAN,MOVIMIENTO REGIONAL FRENTE ANDINO AMAZONICO,35,M,CASTELLANO
180109,PASCO,PASCO,SAN FRANCISCO DE ASIS DE YARUSYACAN,PARTIDO DEMOCRATICO SOMOS PERU,710,M,CASTELLANO
180109,PASCO,PASCO,SAN FRANCISCO DE ASIS DE YARUSYACAN,UNION POR EL PERU,1855,M,CASTELLANO
180110,PASCO,PASCO,SIMON BOLIVAR,ALIANZA PARA EL PROGRESO,198,M,CASTELLANO
180110,PASCO,PASCO,SIMON BOLIVAR,CONCERTACION EN LA REGION,788,M,CASTELLANO
180110,PASCO,PASCO,SIMON BOLIVAR,FUERZA POPULAR,2129,M,CASTELLANO
180110,PASCO,PASCO,SIMON BOLIVAR,MOVIMIENTO REGIONAL FRENTE ANDINO AMAZONICO,1510,M,CASTELLANO
180110,PASCO,PASCO,SIMON BOLIVAR,PARTIDO DEMOCRATICO SOMOS PERU,465,M,CASTELLANO
180110,PASCO,PASCO,SIMON BOLIVAR,PASCO DIGNIDAD,1366,M,CASTELLANO
180111,PASCO,PASCO,TICLACAYAN,ALIANZA PARA EL PROGRESO,96,M,CASTELLANO
180111,PASCO,PASCO,TICLACAYAN,CONCERTACION EN LA REGION,272,M,CASTELLANO
180111,PASCO,PASCO,TICLACAYAN,FUERZA POPULAR,680,M,CASTELLANO
180111,PASCO,PASCO,TICLACAYAN,MOVIMIENTO REGIONAL FRENTE ANDINO AMAZONICO,219,M,CASTELLANO
180111,PASCO,PASCO,TICLACAYAN,PARTIDO DEMOCRATICO SOMOS PERU,511,M,CASTELLANO
180111,PASCO,PASCO,TICLACAYAN,SOLIDARIDAD NACIONAL,1025,M,CASTELLANO
180112,PASCO,PASCO,TINYAHUARCO,ALIANZA PARA EL PROGRESO,90,F,CASTELLANO
180112,PASCO,PASCO,TINYAHUARCO,CONCERTACION EN LA REGION,596,F,CASTELLANO
180112,PASCO,PASCO,TINYAHUARCO,FUERZA POPULAR,688,F,CASTELLANO
180112,PASCO,PASCO,TINYAHUARCO,MOVIMIENTO REGIONAL FRENTE ANDINO AMAZONICO,83,F,CASTELLANO
180112,PASCO,PASCO,TINYAHUARCO,SOLIDARIDAD NACIONAL,2038,F,CASTELLANO
180113,PASCO,PASCO,VICCO,ALIANZA PARA EL PROGRESO,384,M,CASTELLANO
180113,PASCO,PASCO,VICCO,CONCERTACION EN LA REGION,322,M,CASTELLANO
180113,PASCO,PASCO,VICCO,FUERZA POPULAR,389,M,CASTELLANO
180113,PASCO,PASCO,VICCO,MOVIMIENTO REGIONAL FRENTE ANDINO AMAZONICO,498,M,CASTELLANO
180113,PASCO,PASCO,VICCO,PARTIDO DEMOCRATICO SOMOS PERU,476,M,CASTELLANO
180113,PASCO,PASCO,VICCO,PARTIDO HUMANISTA PERUANO,74,M,CASTELLANO
180113,PASCO,PASCO,VICCO,PASCO DIGNIDAD,27,M,CASTELLANO
180114,PASCO,PASCO,YANACANCHA,ACCION POPULAR,1271,M,CASTELLANO
180114,PASCO,PASCO,YANACANCHA,ALIANZA PARA EL PROGRESO,375,M,CASTELLANO
180114,PASCO,PASCO,YANACANCHA,CONCERTACION EN LA REGION,1641,M,CASTELLANO
180114,PASCO,PASCO,YANACANCHA,FUERZA POPULAR,2886,M,CASTELLANO
180114,PASCO,PASCO,YANACANCHA,MOVIMIENTO REGIONAL FRENTE ANDINO AMAZONICO,307,M,CASTELLANO
180114,PASCO,PASCO,YANACANCHA,ORGANIZACION INDEPENDIENTE LEALTAD CRISTIANA,242,M,CASTELLANO
180114,PASCO,PASCO,YANACANCHA,PARTIDO DEMOCRATICO SOMOS PERU,412,M,CASTELLANO
180114,PASCO,PASCO,YANACANCHA,PARTIDO HUMANISTA PERUANO,66,M,CASTELLANO
180114,PASCO,PASCO,YANACANCHA,PASCO DIGNIDAD,1479,M,CASTELLANO
180114,PASCO,PASCO,YANACANCHA,SOLIDARIDAD NACIONAL,4888,M,CASTELLANO
180114,PASCO,PASCO,YANACANCHA,UNION POR EL PERU,303,M,CASTELLANO
180202,PASCO,DANIEL ALCIDES CARRION,CHACAYAN,ALIANZA PARA EL PROGRESO,403,M,CASTELLANO
180202,PASCO,DANIEL ALCIDES CARRION,CHACAYAN,FUERZA POPULAR,309,M,CASTELLANO
180202,PASCO,DANIEL ALCIDES CARRION,CHACAYAN,MOVIMIENTO REGIONAL FRENTE ANDINO AMAZONICO,666,M,CASTELLANO
180202,PASCO,DANIEL ALCIDES CARRION,CHACAYAN,PASCO DIGNIDAD,249,M,CASTELLANO
180203,PASCO,DANIEL ALCIDES CARRION,GOYLLARISQUIZGA,ALIANZA PARA EL PROGRESO,151,M,CASTELLANO
180203,PASCO,DANIEL ALCIDES CARRION,GOYLLARISQUIZGA,CONCERTACION EN LA REGION,71,M,CASTELLANO
180203,PASCO,DANIEL ALCIDES CARRION,GOYLLARISQUIZGA,FUERZA POPULAR,162,M,CASTELLANO
180203,PASCO,DANIEL ALCIDES CARRION,GOYLLARISQUIZGA,MOVIMIENTO REGIONAL FRENTE ANDINO AMAZONICO,192,M,CASTELLANO
180203,PASCO,DANIEL ALCIDES CARRION,GOYLLARISQUIZGA,PARTIDO DEMOCRATICO SOMOS PERU,33,M,CASTELLANO
180203,PASCO,DANIEL ALCIDES CARRION,GOYLLARISQUIZGA,PASCO DIGNIDAD,16,M,CASTELLANO
180204,PASCO,DANIEL ALCIDES CARRION,PAUCAR,ALIANZA PARA EL PROGRESO,255,M,CASTELLANO
180204,PASCO,DANIEL ALCIDES CARRION,PAUCAR,CONCERTACION EN LA REGION,284,M,CASTELLANO
180204,PASCO,DANIEL ALCIDES CARRION,PAUCAR,FUERZA POPULAR,416,M,CASTELLANO
180204,PASCO,DANIEL ALCIDES CARRION,PAUCAR,MOVIMIENTO REGIONAL FRENTE ANDINO AMAZONICO,162,M,CASTELLANO
180204,PASCO,DANIEL ALCIDES CARRION,PAUCAR,SOLIDARIDAD NACIONAL,153,M,CASTELLANO
180205,PASCO,DANIEL ALCIDES CARRION,SAN PEDRO DE PILLAO,ALIANZA PARA EL PROGRESO,209,M,CASTELLANO
180205,PASCO,DANIEL ALCIDES CARRION,SAN PEDRO DE PILLAO,CONCERTACION EN LA REGION,262,M,CASTELLANO
180205,PASCO,DANIEL ALCIDES CARRION,SAN PEDRO DE PILLAO,FUERZA POPULAR,260,M,CASTELLANO
180205,PASCO,DANIEL ALCIDES CARRION,SAN PEDRO DE PILLAO,MOVIMIENTO REGIONAL FRENTE ANDINO AMAZONICO,97,M,CASTELLANO
180205,PASCO,DANIEL ALCIDES CARRION,SAN PEDRO DE PILLAO,PASCO DIGNIDAD,107,M,CASTELLANO
180205,PASCO,DANIEL ALCIDES CARRION,SAN PEDRO DE PILLAO,UNION POR EL PERU,84,M,CASTELLANO
180206,PASCO,DANIEL ALCIDES CARRION,SANTA ANA DE TUSI,ACCION POPULAR,10,M,CASTELLANO
180206,PASCO,DANIEL ALCIDES CARRION,SANTA ANA DE TUSI,ALIANZA PARA EL PROGRESO,755,M,CASTELLANO
180206,PASCO,DANIEL ALCIDES CARRION,SANTA ANA DE TUSI,CONCERTACION EN LA REGION,1365,M,CASTELLANO
180206,PASCO,DANIEL ALCIDES CARRION,SANTA ANA DE TUSI,FUERZA POPULAR,158,M,CASTELLANO
180206,PASCO,DANIEL ALCIDES CARRION,SANTA ANA DE TUSI,PARTIDO DEMOCRATICO SOMOS PERU,41,M,CASTELLANO
180206,PASCO,DANIEL ALCIDES CARRION,SANTA ANA DE TUSI,PASCO DIGNIDAD,1952,M,CASTELLANO
180206,PASCO,DANIEL ALCIDES CARRION,SANTA ANA DE TUSI,SOLIDARIDAD NACIONAL,31,M,CASTELLANO
180206,PASCO,DANIEL ALCIDES CARRION,SANTA ANA DE TUSI,UNION POR EL PERU,52,M,CASTELLANO
180207,PASCO,DANIEL ALCIDES CARRION,TAPUC,ALIANZA PARA EL PROGRESO,96,M,CASTELLANO
180207,PASCO,DANIEL ALCIDES CARRION,TAPUC,CONCERTACION EN LA REGION,518,M,CASTELLANO
180207,PASCO,DANIEL ALCIDES CARRION,TAPUC,FUERZA POPULAR,244,M,CASTELLANO
180207,PASCO,DANIEL ALCIDES CARRION,TAPUC,MOVIMIENTO REGIONAL FRENTE ANDINO AMAZONICO,430,M,CASTELLANO
180207,PASCO,DANIEL ALCIDES CARRION,TAPUC,PASCO DIGNIDAD,32,M,CASTELLANO
180207,PASCO,DANIEL ALCIDES CARRION,TAPUC,UNION POR EL PERU,25,M,CASTELLANO
180208,PASCO,DANIEL ALCIDES CARRION,VILCABAMBA,ALIANZA PARA EL PROGRESO,61,M,CASTELLANO
180208,PASCO,DANIEL ALCIDES CARRION,VILCABAMBA,CONCERTACION EN LA REGION,246,M,CASTELLANO
180208,PASCO,DANIEL ALCIDES CARRION,VILCABAMBA,FUERZA POPULAR,313,M,CASTELLANO
180208,PASCO,DANIEL ALCIDES CARRION,VILCABAMBA,MOVIMIENTO REGIONAL FRENTE ANDINO AMAZONICO,148,M,CASTELLANO
180208,PASCO,DANIEL ALCIDES CARRION,VILCABAMBA,PARTIDO DEMOCRATICO SOMOS PERU,195,M,CASTELLANO
180208,PASCO,DANIEL ALCIDES CARRION,VILCABAMBA,SOLIDARIDAD NACIONAL,173,M,CASTELLANO
180302,PASCO,OXAPAMPA,CHONTABAMBA,ACCION POPULAR,208,M,CASTELLANO
180302,PASCO,OXAPAMPA,CHONTABAMBA,ALIANZA PARA EL PROGRESO,49,M,CASTELLANO
180302,PASCO,OXAPAMPA,CHONTABAMBA,CONCERTACION EN LA REGION,400,M,CASTELLANO
180302,PASCO,OXAPAMPA,CHONTABAMBA,FUERZA POPULAR,278,M,CASTELLANO
180302,PASCO,OXAPAMPA,CHONTABAMBA,MOVIMIENTO REGIONAL FRENTE ANDINO AMAZONICO,386,M,CASTELLANO
180302,PASCO,OXAPAMPA,CHONTABAMBA,PARTIDO DEMOCRATICO SOMOS PERU,209,M,CASTELLANO
180302,PASCO,OXAPAMPA,CHONTABAMBA,PASCO DIGNIDAD,321,M,CASTELLANO
180302,PASCO,OXAPAMPA,CHONTABAMBA,PASCO VERDE,302,M,CASTELLANO
180302,PASCO,OXAPAMPA,CHONTABAMBA,UNION POR EL PERU,49,M,CASTELLANO
180303,PASCO,OXAPAMPA,HUANCABAMBA,ACCION POPULAR,4,M,CASTELLANO
180303,PASCO,OXAPAMPA,HUANCABAMBA,ALIANZA PARA EL PROGRESO,152,M,CASTELLANO
180303,PASCO,OXAPAMPA,HUANCABAMBA,CONCERTACION EN LA REGION,680,M,CASTELLANO
180303,PASCO,OXAPAMPA,HUANCABAMBA,FUERZA POPULAR,115,M,CASTELLANO
180303,PASCO,OXAPAMPA,HUANCABAMBA,MOVIMIENTO REGIONAL FRENTE ANDINO AMAZONICO,266,M,CASTELLANO
180303,PASCO,OXAPAMPA,HUANCABAMBA,PARTIDO DEMOCRATICO SOMOS PERU,550,M,CASTELLANO
180303,PASCO,OXAPAMPA,HUANCABAMBA,PASCO DIGNIDAD,506,M,CASTELLANO
180303,PASCO,OXAPAMPA,HUANCABAMBA,PASCO VERDE,1079,M,CASTELLANO
180303,PASCO,OXAPAMPA,HUANCABAMBA,UNION POR EL PERU,20,M,CASTELLANO
180304,PASCO,OXAPAMPA,PUERTO BERMUDEZ,ACCION POPULAR,3,F,CASTELLANO
180304,PASCO,OXAPAMPA,PUERTO BERMUDEZ,ALIANZA PARA EL PROGRESO,16,F,CASTELLANO
180304,PASCO,OXAPAMPA,PUERTO BERMUDEZ,CONCERTACION EN LA REGION,67,F,CASTELLANO
180304,PASCO,OXAPAMPA,PUERTO BERMUDEZ,FUERZA POPULAR,49,F,CASTELLANO
180304,PASCO,OXAPAMPA,PUERTO BERMUDEZ,MOVIMIENTO REGIONAL FRENTE ANDINO AMAZONICO,82,F,CASTELLANO
180304,PASCO,OXAPAMPA,PUERTO BERMUDEZ,PARTIDO DEMOCRATICO SOMOS PERU,54,F,CASTELLANO
180304,PASCO,OXAPAMPA,PUERTO BERMUDEZ,PASCO DIGNIDAD,8,F,CASTELLANO
180304,PASCO,OXAPAMPA,PUERTO BERMUDEZ,PASCO VERDE,281,F,CASTELLANO
180304,PASCO,OXAPAMPA,PUERTO BERMUDEZ,PERU POSIBLE,31,F,CASTELLANO
180304,PASCO,OXAPAMPA,PUERTO BERMUDEZ,SIEMPRE UNIDOS,67,F,CASTELLANO
180305,PASCO,OXAPAMPA,VILLA RICA,ALIANZA PARA EL PROGRESO,108,M,CASTELLANO
180305,PASCO,OXAPAMPA,VILLA RICA,CONCERTACION EN LA REGION,47,M,CASTELLANO
180305,PASCO,OXAPAMPA,VILLA RICA,FUERZA POPULAR,2510,M,CASTELLANO
180305,PASCO,OXAPAMPA,VILLA RICA,MOVIMIENTO REGIONAL FRENTE ANDINO AMAZONICO,150,M,CASTELLANO
180305,PASCO,OXAPAMPA,VILLA RICA,PARTIDO DEMOCRATICO SOMOS PERU,2037,M,CASTELLANO
180305,PASCO,OXAPAMPA,VILLA RICA,PASCO DIGNIDAD,52,M,CASTELLANO
180305,PASCO,OXAPAMPA,VILLA RICA,PASCO VERDE,3383,M,CASTELLANO
180305,PASCO,OXAPAMPA,VILLA RICA,UNION POR EL PERU,326,M,CASTELLANO
180306,PASCO,OXAPAMPA,POZUZO,ACCION POPULAR,27,M,CASTELLANO
180306,PASCO,OXAPAMPA,POZUZO,ALIANZA PARA EL PROGRESO,501,M,CASTELLANO
180306,PASCO,OXAPAMPA,POZUZO,CONCERTACION EN LA REGION,363,M,CASTELLANO
180306,PASCO,OXAPAMPA,POZUZO,FUERZA POPULAR,648,M,CASTELLANO
180306,PASCO,OXAPAMPA,POZUZO,MOVIMIENTO REGIONAL FRENTE ANDINO AMAZONICO,892,M,CASTELLANO
180306,PASCO,OXAPAMPA,POZUZO,PARTIDO DEMOCRATICO SOMOS PERU,181,M,CASTELLANO
180306,PASCO,OXAPAMPA,POZUZO,PASCO DIGNIDAD,303,M,CASTELLANO
180306,PASCO,OXAPAMPA,POZUZO,UNION POR EL PERU,108,M,CASTELLANO
180307,PASCO,OXAPAMPA,PALCAZU,ALIANZA PARA EL PROGRESO,420,M,CASTELLANO
180307,PASCO,OXAPAMPA,PALCAZU,CONCERTACION EN LA REGION,345,M,CASTELLANO
180307,PASCO,OXAPAMPA,PALCAZU,FUERZA POPULAR,502,M,CASTELLANO
180307,PASCO,OXAPAMPA,PALCAZU,MOVIMIENTO REGIONAL FRENTE ANDINO AMAZONICO,482,M,CASTELLANO
180307,PASCO,OXAPAMPA,PALCAZU,PARTIDO DEMOCRATICO SOMOS PERU,930,M,CASTELLANO
180307,PASCO,OXAPAMPA,PALCAZU,PASCO DIGNIDAD,361,M,CASTELLANO
180307,PASCO,OXAPAMPA,PALCAZU,PASCO VERDE,295,M,CASTELLANO
180307,PASCO,OXAPAMPA,PALCAZU,UNION POR EL PERU,87,M,CASTELLANO
180308,PASCO,OXAPAMPA,CONSTITUCION,ALIANZA PARA EL PROGRESO,237,M,CASTELLANO
180308,PASCO,OXAPAMPA,CONSTITUCION,CONCERTACION EN LA REGION,94,M,CASTELLANO
180308,PASCO,OXAPAMPA,CONSTITUCION,FUERZA POPULAR,264,M,CASTELLANO
180308,PASCO,OXAPAMPA,CONSTITUCION,MOVIMIENTO REGIONAL FRENTE ANDINO AMAZONICO,817,M,CASTELLANO
180308,PASCO,OXAPAMPA,CONSTITUCION,PARTIDO DEMOCRATICO SOMOS PERU,757,M,CASTELLANO
180308,PASCO,OXAPAMPA,CONSTITUCION,PARTIDO HUMANISTA PERUANO,97,M,CASTELLANO
180308,PASCO,OXAPAMPA,CONSTITUCION,PASCO DIGNIDAD,68,M,CASTELLANO
180308,PASCO,OXAPAMPA,CONSTITUCION,PASCO VERDE,124,M,CASTELLANO
180308,PASCO,OXAPAMPA,CONSTITUCION,PERU POSIBLE,1299,M,CASTELLANO
180308,PASCO,OXAPAMPA,CONSTITUCION,SOLIDARIDAD NACIONAL,27,M,CASTELLANO
180308,PASCO,OXAPAMPA,CONSTITUCION,UNION POR EL PERU,26,M,CASTELLANO
190103,PIURA,PIURA,CASTILLA,AGRO SI,4465,M,CASTELLANO
190103,PIURA,PIURA,CASTILLA,ALIANZA PARA EL PROGRESO,5648,M,CASTELLANO
190103,PIURA,PIURA,CASTILLA,FUERZA POPULAR,2367,M,CASTELLANO
190103,PIURA,PIURA,CASTILLA,MOVIMIENTO DE AFIRMACION SOCIAL - ACCION,355,M,CASTELLANO
190103,PIURA,PIURA,CASTILLA,MOVIMIENTO INDEPENDIENTE FUERZA REGIONAL,3328,M,CASTELLANO
190103,PIURA,PIURA,CASTILLA,MOVIMIENTO REGIONAL OBRAS + OBRAS,1946,M,CASTELLANO
190103,PIURA,PIURA,CASTILLA,MOVIMIENTO REGIONAL SEGURIDAD Y PROSPERIDAD,6756,M,CASTELLANO
190103,PIURA,PIURA,CASTILLA,PARTIDO DEMOCRATICO SOMOS PERU,399,M,CASTELLANO
190103,PIURA,PIURA,CASTILLA,PARTIDO HUMANISTA PERUANO,730,M,CASTELLANO
190103,PIURA,PIURA,CASTILLA,PERU PATRIA SEGURA,2570,M,CASTELLANO
190103,PIURA,PIURA,CASTILLA,POR TODOS,1681,M,CASTELLANO
190103,PIURA,PIURA,CASTILLA,REGION PARA TODOS,14900,M,CASTELLANO
190103,PIURA,PIURA,CASTILLA,SIEMPRE UNIDOS,396,M,CASTELLANO
190103,PIURA,PIURA,CASTILLA,UNION DEMOCRATICA DEL NORTE,25351,M,CASTELLANO
190103,PIURA,PIURA,CASTILLA,VAMOS PERU,314,M,CASTELLANO
190104,PIURA,PIURA,CATACAOS,ACCION POPULAR,154,M,CASTELLANO
190104,PIURA,PIURA,CATACAOS,AGRO SI,225,M,CASTELLANO
190104,PIURA,PIURA,CATACAOS,ALIANZA PARA EL PROGRESO,6668,M,CASTELLANO
190104,PIURA,PIURA,CATACAOS,FUERZA POPULAR,1096,M,CASTELLANO
190104,PIURA,PIURA,CATACAOS,MOVIMIENTO INDEPENDIENTE FUERZA REGIONAL,746,M,CASTELLANO
190104,PIURA,PIURA,CATACAOS,MOVIMIENTO REGIONAL OBRAS + OBRAS,1042,M,CASTELLANO
190104,PIURA,PIURA,CATACAOS,PARTIDO DEMOCRATICO SOMOS PERU,2595,M,CASTELLANO
190104,PIURA,PIURA,CATACAOS,SALVEMOS CATACAOS,1515,M,CASTELLANO
190104,PIURA,PIURA,CATACAOS,SIEMPRE CATACAOS,4807,M,CASTELLANO
190104,PIURA,PIURA,CATACAOS,UNION DEMOCRATICA DEL NORTE,16384,M,CASTELLANO
190105,PIURA,PIURA,LA ARENA,AGRO SI,73,M,CASTELLANO
190105,PIURA,PIURA,LA ARENA,ALIANZA PARA EL PROGRESO,6560,M,CASTELLANO
190105,PIURA,PIURA,LA ARENA,ALTERNATIVA DE RENOVACION ARENENSE,3310,M,CASTELLANO
190105,PIURA,PIURA,LA ARENA,FUERZA POPULAR,115,M,CASTELLANO
190105,PIURA,PIURA,LA ARENA,MOVIMIENTO INDEPENDIENTE FUERZA REGIONAL,2733,M,CASTELLANO
190105,PIURA,PIURA,LA ARENA,POR TODOS,5120,M,CASTELLANO
190105,PIURA,PIURA,LA ARENA,REGION PARA TODOS,237,M,CASTELLANO
190105,PIURA,PIURA,LA ARENA,VAMOS PERU,107,M,CASTELLANO
190106,PIURA,PIURA,LA UNION,AGRO SI,100,M,CASTELLANO
190106,PIURA,PIURA,LA UNION,ALIANZA PARA EL PROGRESO,139,M,CASTELLANO
190106,PIURA,PIURA,LA UNION,FUERZA POPULAR,770,M,CASTELLANO
190106,PIURA,PIURA,LA UNION,LA UNION CORAZON,5215,M,CASTELLANO
190106,PIURA,PIURA,LA UNION,MOVIMIENTO INDEPENDIENTE FUERZA REGIONAL,3443,M,CASTELLANO
190106,PIURA,PIURA,LA UNION,MOVIMIENTO REGIONAL OBRAS + OBRAS,275,M,CASTELLANO
190106,PIURA,PIURA,LA UNION,MOVIMIENTO REGIONAL SEGURIDAD Y PROSPERIDAD,2819,M,CASTELLANO
190106,PIURA,PIURA,LA UNION,PARTIDO DEMOCRATICO SOMOS PERU,317,M,CASTELLANO
190106,PIURA,PIURA,LA UNION,REGION PARA TODOS,2311,M,CASTELLANO
190106,PIURA,PIURA,LA UNION,UNION DEMOCRATICA DEL NORTE,4293,M,CASTELLANO
190107,PIURA,PIURA,LAS LOMAS,AGRO SI,524,M,CASTELLANO
190107,PIURA,PIURA,LAS LOMAS,ALIANZA PARA EL PROGRESO,2224,M,CASTELLANO
190107,PIURA,PIURA,LAS LOMAS,"EL FRENTE AMPLIO POR JUSTICIA, VIDA Y LIBERTAD",201,M,CASTELLANO
190107,PIURA,PIURA,LAS LOMAS,FUERZA POPULAR,305,M,CASTELLANO
190107,PIURA,PIURA,LAS LOMAS,MOVIMIENTO DE AFIRMACION SOCIAL - ACCION,1808,M,CASTELLANO
190107,PIURA,PIURA,LAS LOMAS,MOVIMIENTO INDEPENDIENTE FUERZA REGIONAL,610,M,CASTELLANO
190107,PIURA,PIURA,LAS LOMAS,MOVIMIENTO REGIONAL OBRAS + OBRAS,2932,M,CASTELLANO
190107,PIURA,PIURA,LAS LOMAS,MOVIMIENTO REGIONAL SEGURIDAD Y PROSPERIDAD,1409,M,CASTELLANO
190107,PIURA,PIURA,LAS LOMAS,PARTIDO DEMOCRATICO SOMOS PERU,442,M,CASTELLANO
190107,PIURA,PIURA,LAS LOMAS,REGION PARA TODOS,617,M,CASTELLANO
190107,PIURA,PIURA,LAS LOMAS,UNION DEMOCRATICA DEL NORTE,2497,M,CASTELLANO
190109,PIURA,PIURA,TAMBO GRANDE,AGRO SI,2411,M,CASTELLANO
190109,PIURA,PIURA,TAMBO GRANDE,ALIANZA PARA EL PROGRESO,3259,M,CASTELLANO
190109,PIURA,PIURA,TAMBO GRANDE,FUERZA POPULAR,250,M,CASTELLANO
190109,PIURA,PIURA,TAMBO GRANDE,MOVIMIENTO DE AFIRMACION SOCIAL - ACCION,297,M,CASTELLANO
190109,PIURA,PIURA,TAMBO GRANDE,MOVIMIENTO INDEPENDIENTE FUERZA REGIONAL,992,M,CASTELLANO
190109,PIURA,PIURA,TAMBO GRANDE,MOVIMIENTO REGIONAL OBRAS + OBRAS,2234,M,CASTELLANO
190109,PIURA,PIURA,TAMBO GRANDE,MOVIMIENTO REGIONAL SEGURIDAD Y PROSPERIDAD,16003,M,CASTELLANO
190109,PIURA,PIURA,TAMBO GRANDE,REGION PARA TODOS,6285,M,CASTELLANO
190109,PIURA,PIURA,TAMBO GRANDE,UNION DEMOCRATICA DEL NORTE,15992,M,CASTELLANO
190113,PIURA,PIURA,CURA MORI,ACCION POPULAR,40,M,CASTELLANO
190113,PIURA,PIURA,CURA MORI,ALIANZA PARA EL PROGRESO,83,M,CASTELLANO
190113,PIURA,PIURA,CURA MORI,FUERZA POPULAR,545,M,CASTELLANO
190113,PIURA,PIURA,CURA MORI,MOVIMIENTO INDEPENDIENTE FUERZA REGIONAL,167,M,CASTELLANO
190113,PIURA,PIURA,CURA MORI,MOVIMIENTO REGIONAL OBRAS + OBRAS,1707,M,CASTELLANO
190113,PIURA,PIURA,CURA MORI,MOVIMIENTO REGIONAL SEGURIDAD Y PROSPERIDAD,2437,M,CASTELLANO
190113,PIURA,PIURA,CURA MORI,PARTIDO DEMOCRATICO SOMOS PERU,184,M,CASTELLANO
190113,PIURA,PIURA,CURA MORI,POR TODOS,103,M,CASTELLANO
190113,PIURA,PIURA,CURA MORI,REGION PARA TODOS,1301,M,CASTELLANO
190113,PIURA,PIURA,CURA MORI,UNION DEMOCRATICA DEL NORTE,1825,M,CASTELLANO
190114,PIURA,PIURA,EL TALLAN,AGRO SI,71,M,CASTELLANO
190114,PIURA,PIURA,EL TALLAN,ALIANZA PARA EL PROGRESO,507,M,CASTELLANO
190114,PIURA,PIURA,EL TALLAN,MOVIMIENTO REGIONAL OBRAS + OBRAS,544,M,CASTELLANO
190114,PIURA,PIURA,EL TALLAN,MOVIMIENTO REGIONAL SEGURIDAD Y PROSPERIDAD,735,M,CASTELLANO
190114,PIURA,PIURA,EL TALLAN,REGION PARA TODOS,519,M,CASTELLANO
190114,PIURA,PIURA,EL TALLAN,UNION DEMOCRATICA DEL NORTE,266,M,CASTELLANO
190115,PIURA,PIURA,VEINTISEIS DE OCTUBRE,ACCION POPULAR,316,M,CASTELLANO
190115,PIURA,PIURA,VEINTISEIS DE OCTUBRE,AGRO SI,3067,M,CASTELLANO
190115,PIURA,PIURA,VEINTISEIS DE OCTUBRE,ALIANZA PARA EL PROGRESO,6231,M,CASTELLANO
190115,PIURA,PIURA,VEINTISEIS DE OCTUBRE,DEMOCRACIA DIRECTA,137,M,CASTELLANO
190115,PIURA,PIURA,VEINTISEIS DE OCTUBRE,FUERZA POPULAR,3990,M,CASTELLANO
190115,PIURA,PIURA,VEINTISEIS DE OCTUBRE,MOVIMIENTO DE AFIRMACION SOCIAL - ACCION,902,M,CASTELLANO
190115,PIURA,PIURA,VEINTISEIS DE OCTUBRE,MOVIMIENTO INDEPENDIENTE FUERZA REGIONAL,4529,M,CASTELLANO
190115,PIURA,PIURA,VEINTISEIS DE OCTUBRE,MOVIMIENTO REGIONAL OBRAS + OBRAS,2354,M,CASTELLANO
190115,PIURA,PIURA,VEINTISEIS DE OCTUBRE,MOVIMIENTO REGIONAL SEGURIDAD Y PROSPERIDAD,8006,M,CASTELLANO
190115,PIURA,PIURA,VEINTISEIS DE OCTUBRE,PARTIDO DEMOCRATICO SOMOS PERU,687,M,CASTELLANO
190115,PIURA,PIURA,VEINTISEIS DE OCTUBRE,PARTIDO HUMANISTA PERUANO,84,M,CASTELLANO
190115,PIURA,PIURA,VEINTISEIS DE OCTUBRE,PERU POSIBLE,931,M,CASTELLANO
190115,PIURA,PIURA,VEINTISEIS DE OCTUBRE,POR TODOS,426,M,CASTELLANO
190115,PIURA,PIURA,VEINTISEIS DE OCTUBRE,REGION PARA TODOS,9465,M,CASTELLANO
190115,PIURA,PIURA,VEINTISEIS DE OCTUBRE,SIEMPRE UNIDOS,2147,M,CASTELLANO
190115,PIURA,PIURA,VEINTISEIS DE OCTUBRE,UNIDOS CONSTRUYENDO,162,M,CASTELLANO
190115,PIURA,PIURA,VEINTISEIS DE OCTUBRE,UNION DEMOCRATICA DEL NORTE,11198,M,CASTELLANO
190115,PIURA,PIURA,VEINTISEIS DE OCTUBRE,UNION POR EL PERU,341,M,CASTELLANO
190115,PIURA,PIURA,VEINTISEIS DE OCTUBRE,VAMOS PERU,1560,M,CASTELLANO
190202,PIURA,AYABACA,FRIAS,ALTERNATIVA DE PAZ Y DESARROLLO,4896,M,CASTELLANO
190202,PIURA,AYABACA,FRIAS,FUERZA POPULAR,42,M,CASTELLANO
190202,PIURA,AYABACA,FRIAS,MOVIMIENTO INDEPENDIENTE FUERZA REGIONAL,1678,M,CASTELLANO
190202,PIURA,AYABACA,FRIAS,UNION DEMOCRATICA DEL NORTE,3696,M,CASTELLANO
190203,PIURA,AYABACA,LAGUNAS,ALIANZA PARA EL PROGRESO,19,M,CASTELLANO
190203,PIURA,AYABACA,LAGUNAS,ALTERNATIVA DE PAZ Y DESARROLLO,1541,M,CASTELLANO
190203,PIURA,AYABACA,LAGUNAS,MOVIMIENTO INDEPENDIENTE FUERZA REGIONAL,168,M,CASTELLANO
190203,PIURA,AYABACA,LAGUNAS,UNION DEMOCRATICA DEL NORTE,1332,M,CASTELLANO
190204,PIURA,AYABACA,MONTERO,ALIANZA PARA EL PROGRESO,63,M,CASTELLANO
190204,PIURA,AYABACA,MONTERO,ALTERNATIVA DE PAZ Y DESARROLLO,1561,M,CASTELLANO
190204,PIURA,AYABACA,MONTERO,FUERZA POPULAR,937,M,CASTELLANO
190204,PIURA,AYABACA,MONTERO,UNION DEMOCRATICA DEL NORTE,1220,M,CASTELLANO
190205,PIURA,AYABACA,PACAIPAMPA,AGRO SI,4003,M,CASTELLANO
190205,PIURA,AYABACA,PACAIPAMPA,ALTERNATIVA DE PAZ Y DESARROLLO,2339,M,CASTELLANO
190205,PIURA,AYABACA,PACAIPAMPA,REGION PARA TODOS,2988,M,CASTELLANO
190206,PIURA,AYABACA,SAPILLICA,AGRO SI,7,M,CASTELLANO
190206,PIURA,AYABACA,SAPILLICA,ALIANZA PARA EL PROGRESO,457,M,CASTELLANO
190206,PIURA,AYABACA,SAPILLICA,ALTERNATIVA DE PAZ Y DESARROLLO,370,M,CASTELLANO
190206,PIURA,AYABACA,SAPILLICA,MOVIMIENTO DE AFIRMACION SOCIAL - ACCION,89,M,CASTELLANO
190206,PIURA,AYABACA,SAPILLICA,MOVIMIENTO INDEPENDIENTE FUERZA REGIONAL,680,M,CASTELLANO
190206,PIURA,AYABACA,SAPILLICA,PARTIDO DEMOCRATICO SOMOS PERU,1802,M,CASTELLANO
190206,PIURA,AYABACA,SAPILLICA,REGION PARA TODOS,177,M,CASTELLANO
190206,PIURA,AYABACA,SAPILLICA,UNION DEMOCRATICA DEL NORTE,1741,M,CASTELLANO
190207,PIURA,AYABACA,SICCHEZ,MOVIMIENTO INDEPENDIENTE FUERZA REGIONAL,753,M,CASTELLANO
190207,PIURA,AYABACA,SICCHEZ,UNION DEMOCRATICA DEL NORTE,830,M,CASTELLANO
190208,PIURA,AYABACA,SUYO,ALIANZA PARA EL PROGRESO,756,M,QUECHUA
190208,PIURA,AYABACA,SUYO,ALTERNATIVA DE PAZ Y DESARROLLO,1333,M,QUECHUA
190208,PIURA,AYABACA,SUYO,MOVIMIENTO INDEPENDIENTE FUERZA REGIONAL,600,M,QUECHUA
190208,PIURA,AYABACA,SUYO,PARTIDO HUMANISTA PERUANO,2532,M,QUECHUA
190208,PIURA,AYABACA,SUYO,UNION DEMOCRATICA DEL NORTE,964,M,QUECHUA
190209,PIURA,AYABACA,JILILI,ALTERNATIVA DE PAZ Y DESARROLLO,835,M,CASTELLANO
190209,PIURA,AYABACA,JILILI,MOVIMIENTO INDEPENDIENTE FUERZA REGIONAL,41,M,CASTELLANO
190209,PIURA,AYABACA,JILILI,UNION DEMOCRATICA DEL NORTE,863,M,CASTELLANO
190210,PIURA,AYABACA,PAIMAS,AGRO SI,812,M,CASTELLANO
190210,PIURA,AYABACA,PAIMAS,ALIANZA PARA EL PROGRESO,643,M,CASTELLANO
190210,PIURA,AYABACA,PAIMAS,ALTERNATIVA DE PAZ Y DESARROLLO,717,M,CASTELLANO
190210,PIURA,AYABACA,PAIMAS,FUERZA POPULAR,73,M,CASTELLANO
190210,PIURA,AYABACA,PAIMAS,MOVIMIENTO INDEPENDIENTE FUERZA REGIONAL,953,M,CASTELLANO
190210,PIURA,AYABACA,PAIMAS,PARTIDO DEMOCRATICO SOMOS PERU,68,M,CASTELLANO
190210,PIURA,AYABACA,PAIMAS,REGION PARA TODOS,282,M,CASTELLANO
190210,PIURA,AYABACA,PAIMAS,UNION DEMOCRATICA DEL NORTE,1368,M,CASTELLANO
190302,PIURA,HUANCABAMBA,CANCHAQUE,AGRO SI,800,M,CASTELLANO
190302,PIURA,HUANCABAMBA,CANCHAQUE,ALIANZA PARA EL PROGRESO,161,M,CASTELLANO
190302,PIURA,HUANCABAMBA,CANCHAQUE,FRENTE DEMOCRATICO POR EL CAMBIO DE CANCHAQUE,720,M,CASTELLANO
190302,PIURA,HUANCABAMBA,CANCHAQUE,MOVIMIENTO DE AFIRMACION SOCIAL - ACCION,1202,M,CASTELLANO
190302,PIURA,HUANCABAMBA,CANCHAQUE,MOVIMIENTO INDEPENDIENTE FUERZA REGIONAL,276,M,CASTELLANO
190302,PIURA,HUANCABAMBA,CANCHAQUE,PARTIDO DEMOCRATICO SOMOS PERU,178,M,CASTELLANO
190302,PIURA,HUANCABAMBA,CANCHAQUE,POR TODOS,98,M,CASTELLANO
190302,PIURA,HUANCABAMBA,CANCHAQUE,UNION DEMOCRATICA DEL NORTE,830,M,CASTELLANO
190303,PIURA,HUANCABAMBA,HUARMACA,AGRO SI,166,M,CASTELLANO
190303,PIURA,HUANCABAMBA,HUARMACA,ALIANZA PARA EL PROGRESO,8888,M,CASTELLANO
190303,PIURA,HUANCABAMBA,HUARMACA,FUERZA POPULAR,136,M,CASTELLANO
190303,PIURA,HUANCABAMBA,HUARMACA,MOVIMIENTO DE AFIRMACION SOCIAL - ACCION,609,M,CASTELLANO
190303,PIURA,HUANCABAMBA,HUARMACA,MOVIMIENTO INDEPENDIENTE FUERZA REGIONAL,6931,M,CASTELLANO
190304,PIURA,HUANCABAMBA,SONDOR,AGRO SI,262,M,CASTELLANO
190304,PIURA,HUANCABAMBA,SONDOR,ALIANZA PARA EL PROGRESO,50,M,CASTELLANO
190304,PIURA,HUANCABAMBA,SONDOR,MOVIMIENTO DE AFIRMACION SOCIAL - ACCION,1560,M,CASTELLANO
190304,PIURA,HUANCABAMBA,SONDOR,MOVIMIENTO INDEPENDIENTE FUERZA REGIONAL,1683,M,CASTELLANO
190304,PIURA,HUANCABAMBA,SONDOR,PARTIDO DEMOCRATICO SOMOS PERU,83,M,CASTELLANO
190304,PIURA,HUANCABAMBA,SONDOR,UNION DEMOCRATICA DEL NORTE,51,M,CASTELLANO
190305,PIURA,HUANCABAMBA,SONDORILLO,AGRO SI,426,M,QUECHUA
190305,PIURA,HUANCABAMBA,SONDORILLO,ALIANZA PARA EL PROGRESO,552,M,QUECHUA
190305,PIURA,HUANCABAMBA,SONDORILLO,MOVIMIENTO DE AFIRMACION SOCIAL - ACCION,1711,M,QUECHUA
190305,PIURA,HUANCABAMBA,SONDORILLO,MOVIMIENTO INDEPENDIENTE FUERZA REGIONAL,987,M,QUECHUA
190305,PIURA,HUANCABAMBA,SONDORILLO,PARTIDO DEMOCRATICO SOMOS PERU,1560,M,QUECHUA
190306,PIURA,HUANCABAMBA,EL CARMEN DE LA FRONTERA,ACCION POPULAR,59,M,CASTELLANO
190306,PIURA,HUANCABAMBA,EL CARMEN DE LA FRONTERA,AGRO SI,1682,M,CASTELLANO
190306,PIURA,HUANCABAMBA,EL CARMEN DE LA FRONTERA,ALIANZA PARA EL PROGRESO,45,M,CASTELLANO
190306,PIURA,HUANCABAMBA,EL CARMEN DE LA FRONTERA,ALTERNATIVA DE PAZ Y DESARROLLO,1276,M,CASTELLANO
190306,PIURA,HUANCABAMBA,EL CARMEN DE LA FRONTERA,MOVIMIENTO DE AFIRMACION SOCIAL - ACCION,2359,M,CASTELLANO
190306,PIURA,HUANCABAMBA,EL CARMEN DE LA FRONTERA,MOVIMIENTO INDEPENDIENTE FUERZA REGIONAL,462,M,CASTELLANO
190306,PIURA,HUANCABAMBA,EL CARMEN DE LA FRONTERA,PARTIDO DEMOCRATICO SOMOS PERU,95,M,CASTELLANO
190307,PIURA,HUANCABAMBA,SAN MIGUEL DE EL FAIQUE,AGRO SI,1328,M,CASTELLANO
190307,PIURA,HUANCABAMBA,SAN MIGUEL DE EL FAIQUE,ALIANZA PARA EL PROGRESO,979,M,CASTELLANO
190307,PIURA,HUANCABAMBA,SAN MIGUEL DE EL FAIQUE,MOVIMIENTO DE AFIRMACION SOCIAL - ACCION,1182,M,CASTELLANO
190307,PIURA,HUANCABAMBA,SAN MIGUEL DE EL FAIQUE,MOVIMIENTO INDEPENDIENTE FUERZA REGIONAL,266,M,CASTELLANO
190307,PIURA,HUANCABAMBA,SAN MIGUEL DE EL FAIQUE,PARTIDO DEMOCRATICO SOMOS PERU,1097,M,CASTELLANO
190308,PIURA,HUANCABAMBA,LALAQUIZ,AGRO SI,1139,M,CASTELLANO
190308,PIURA,HUANCABAMBA,LALAQUIZ,MOVIMIENTO DE AFIRMACION SOCIAL - ACCION,1201,M,CASTELLANO
190308,PIURA,HUANCABAMBA,LALAQUIZ,MOVIMIENTO INDEPENDIENTE FUERZA REGIONAL,486,M,CASTELLANO
190308,PIURA,HUANCABAMBA,LALAQUIZ,MOVIMIENTO REGIONAL SEGURIDAD Y PROSPERIDAD,112,M,CASTELLANO
190402,PIURA,MORROPON,BUENOS AIRES,ALIANZA PARA EL PROGRESO,227,M,CASTELLANO
190402,PIURA,MORROPON,BUENOS AIRES,MOVIMIENTO REGIONAL SEGURIDAD Y PROSPERIDAD,2280,M,CASTELLANO
190402,PIURA,MORROPON,BUENOS AIRES,PARTIDO DEMOCRATICO SOMOS PERU,268,M,CASTELLANO
190402,PIURA,MORROPON,BUENOS AIRES,REGION PARA TODOS,2217,M,CASTELLANO
190402,PIURA,MORROPON,BUENOS AIRES,UNION DEMOCRATICA DEL NORTE,141,M,CASTELLANO
190403,PIURA,MORROPON,CHALACO,MOVIMIENTO INDEPENDIENTE FUERZA REGIONAL,32,M,CASTELLANO
190403,PIURA,MORROPON,CHALACO,PARTIDO DEMOCRATICO SOMOS PERU,1755,M,CASTELLANO
190403,PIURA,MORROPON,CHALACO,REGION PARA TODOS,33,M,CASTELLANO
190403,PIURA,MORROPON,CHALACO,UNION DEMOCRATICA DEL NORTE,2152,M,CASTELLANO
190404,PIURA,MORROPON,MORROPON,AGRO SI,173,M,CASTELLANO
190404,PIURA,MORROPON,MORROPON,ALIANZA PARA EL PROGRESO,438,M,CASTELLANO
190404,PIURA,MORROPON,MORROPON,FUERZA POPULAR,87,M,CASTELLANO
190404,PIURA,MORROPON,MORROPON,MOVIMIENTO DE AFIRMACION SOCIAL - ACCION,463,M,CASTELLANO
190404,PIURA,MORROPON,MORROPON,MOVIMIENTO INDEPENDIENTE FUERZA REGIONAL,1228,M,CASTELLANO
190404,PIURA,MORROPON,MORROPON,MOVIMIENTO REGIONAL SEGURIDAD Y PROSPERIDAD,748,M,CASTELLANO
190404,PIURA,MORROPON,MORROPON,PARTIDO DEMOCRATICO SOMOS PERU,557,M,CASTELLANO
190404,PIURA,MORROPON,MORROPON,PARTIDO HUMANISTA PERUANO,84,M,CASTELLANO
190404,PIURA,MORROPON,MORROPON,POR TODOS,740,M,CASTELLANO
190404,PIURA,MORROPON,MORROPON,REGION PARA TODOS,2071,M,CASTELLANO
190404,PIURA,MORROPON,MORROPON,UNION DEMOCRATICA DEL NORTE,670,M,CASTELLANO
190405,PIURA,MORROPON,SALITRAL,ALIANZA PARA EL PROGRESO,1879,M,CASTELLANO
190405,PIURA,MORROPON,SALITRAL,MOVIMIENTO INDEPENDIENTE FUERZA REGIONAL,58,M,CASTELLANO
190405,PIURA,MORROPON,SALITRAL,MOVIMIENTO REGIONAL SEGURIDAD Y PROSPERIDAD,111,M,CASTELLANO
190405,PIURA,MORROPON,SALITRAL,PARTIDO DEMOCRATICO SOMOS PERU,1524,M,CASTELLANO
190405,PIURA,MORROPON,SALITRAL,REGION PARA TODOS,114,M,CASTELLANO
190405,PIURA,MORROPON,SALITRAL,UNION DEMOCRATICA DEL NORTE,1118,M,CASTELLANO
190406,PIURA,MORROPON,SANTA CATALINA DE MOSSA,MOVIMIENTO REGIONAL SEGURIDAD Y PROSPERIDAD,26,M,CASTELLANO
190406,PIURA,MORROPON,SANTA CATALINA DE MOSSA,REGION PARA TODOS,1110,M,CASTELLANO
190406,PIURA,MORROPON,SANTA CATALINA DE MOSSA,UNION DEMOCRATICA DEL NORTE,1121,M,CASTELLANO
190407,PIURA,MORROPON,SANTO DOMINGO,MOVIMIENTO DE AFIRMACION SOCIAL - ACCION,8,M,CASTELLANO
190407,PIURA,MORROPON,SANTO DOMINGO,REGION PARA TODOS,2615,M,CASTELLANO
190407,PIURA,MORROPON,SANTO DOMINGO,UNION DEMOCRATICA DEL NORTE,1032,M,CASTELLANO
190408,PIURA,MORROPON,LA MATANZA,MOVIMIENTO DE AFIRMACION SOCIAL - ACCION,372,M,CASTELLANO
190408,PIURA,MORROPON,LA MATANZA,MOVIMIENTO REGIONAL OBRAS + OBRAS,69,M,CASTELLANO
190408,PIURA,MORROPON,LA MATANZA,MOVIMIENTO REGIONAL SEGURIDAD Y PROSPERIDAD,2311,M,CASTELLANO
190408,PIURA,MORROPON,LA MATANZA,PARTIDO DEMOCRATICO SOMOS PERU,3348,M,CASTELLANO
190408,PIURA,MORROPON,LA MATANZA,REGION PARA TODOS,1598,M,CASTELLANO
190408,PIURA,MORROPON,LA MATANZA,UNION DEMOCRATICA DEL NORTE,187,M,CASTELLANO
190409,PIURA,MORROPON,YAMANGO,ACCION POPULAR,1533,M,CASTELLANO
190409,PIURA,MORROPON,YAMANGO,ALIANZA PARA EL PROGRESO,23,M,CASTELLANO
190409,PIURA,MORROPON,YAMANGO,FUERZA POPULAR,34,M,CASTELLANO
190409,PIURA,MORROPON,YAMANGO,MOVIMIENTO DE AFIRMACION SOCIAL - ACCION,3,M,CASTELLANO
190409,PIURA,MORROPON,YAMANGO,MOVIMIENTO INDEPENDIENTE FUERZA REGIONAL,346,M,CASTELLANO
190409,PIURA,MORROPON,YAMANGO,MOVIMIENTO REGIONAL SEGURIDAD Y PROSPERIDAD,1415,M,CASTELLANO
190409,PIURA,MORROPON,YAMANGO,PARTIDO DEMOCRATICO SOMOS PERU,99,M,CASTELLANO
190409,PIURA,MORROPON,YAMANGO,POR TODOS,272,M,CASTELLANO
190410,PIURA,MORROPON,SAN JUAN DE BIGOTE,FUERZA POPULAR,5,M,CASTELLANO
190410,PIURA,MORROPON,SAN JUAN DE BIGOTE,MOVIMIENTO INDEPENDIENTE FUERZA REGIONAL,1320,M,CASTELLANO
190410,PIURA,MORROPON,SAN JUAN DE BIGOTE,MOVIMIENTO REGIONAL SEGURIDAD Y PROSPERIDAD,115,M,CASTELLANO
190410,PIURA,MORROPON,SAN JUAN DE BIGOTE,PARTIDO DEMOCRATICO SOMOS PERU,1751,M,CASTELLANO
190410,PIURA,MORROPON,SAN JUAN DE BIGOTE,REGION PARA TODOS,765,M,CASTELLANO
190410,PIURA,MORROPON,SAN JUAN DE BIGOTE,UNION DEMOCRATICA DEL NORTE,296,M,CASTELLANO
190502,PIURA,PAITA,AMOTAPE,ACCION POPULAR,77,M,CASTELLANO
190502,PIURA,PAITA,AMOTAPE,ALIANZA PARA EL PROGRESO,129,M,CASTELLANO
190502,PIURA,PAITA,AMOTAPE,FUERZA PROVINCIAL PAITEÑA,578,M,CASTELLANO
190502,PIURA,PAITA,AMOTAPE,MOVIMIENTO REGIONAL SEGURIDAD Y PROSPERIDAD,732,M,CASTELLANO
190502,PIURA,PAITA,AMOTAPE,PARTIDO DEMOCRATICO SOMOS PERU,53,M,CASTELLANO
190503,PIURA,PAITA,ARENAL,ALIANZA PARA EL PROGRESO,160,M,CASTELLANO
190503,PIURA,PAITA,ARENAL,FUERZA PROVINCIAL PAITEÑA,415,M,CASTELLANO
190503,PIURA,PAITA,ARENAL,MOVIMIENTO REGIONAL SEGURIDAD Y PROSPERIDAD,281,M,CASTELLANO
190504,PIURA,PAITA,LA HUACA,ACCION POPULAR,152,M,CASTELLANO
190504,PIURA,PAITA,LA HUACA,ALIANZA PARA EL PROGRESO,2593,M,CASTELLANO
190504,PIURA,PAITA,LA HUACA,FUERZA PROVINCIAL PAITEÑA,3630,M,CASTELLANO
190504,PIURA,PAITA,LA HUACA,MOVIMIENTO REGIONAL SEGURIDAD Y PROSPERIDAD,420,M,CASTELLANO
190504,PIURA,PAITA,LA HUACA,PARTIDO DEMOCRATICO SOMOS PERU,319,M,CASTELLANO
190505,PIURA,PAITA,COLAN,ACCION POPULAR,1730,M,CASTELLANO
190505,PIURA,PAITA,COLAN,ALIANZA PARA EL PROGRESO,243,M,CASTELLANO
190505,PIURA,PAITA,COLAN,FUERZA PROVINCIAL PAITEÑA,207,M,CASTELLANO
190505,PIURA,PAITA,COLAN,MOVIMIENTO REGIONAL SEGURIDAD Y PROSPERIDAD,3497,M,CASTELLANO
190505,PIURA,PAITA,COLAN,PARTIDO DEMOCRATICO SOMOS PERU,3009,M,CASTELLANO
190506,PIURA,PAITA,TAMARINDO,ACCION POPULAR,82,M,CASTELLANO
190506,PIURA,PAITA,TAMARINDO,ALIANZA PARA EL PROGRESO,336,M,CASTELLANO
190506,PIURA,PAITA,TAMARINDO,FUERZA PROVINCIAL PAITEÑA,1602,M,CASTELLANO
190506,PIURA,PAITA,TAMARINDO,MOVIMIENTO REGIONAL SEGURIDAD Y PROSPERIDAD,1011,M,CASTELLANO
190506,PIURA,PAITA,TAMARINDO,PARTIDO DEMOCRATICO SOMOS PERU,46,M,CASTELLANO
190507,PIURA,PAITA,VICHAYAL,ACCION POPULAR,1159,M,CASTELLANO
190507,PIURA,PAITA,VICHAYAL,ALIANZA PARA EL PROGRESO,376,M,CASTELLANO
190507,PIURA,PAITA,VICHAYAL,FUERZA POPULAR,112,M,CASTELLANO
190507,PIURA,PAITA,VICHAYAL,FUERZA PROVINCIAL PAITEÑA,407,M,CASTELLANO
190507,PIURA,PAITA,VICHAYAL,MOVIMIENTO REGIONAL SEGURIDAD Y PROSPERIDAD,686,M,CASTELLANO
190507,PIURA,PAITA,VICHAYAL,PARTIDO DEMOCRATICO SOMOS PERU,105,M,CASTELLANO
190507,PIURA,PAITA,VICHAYAL,POR TODOS,31,M,CASTELLANO
190602,PIURA,SULLANA,BELLAVISTA,ACCION POPULAR,87,M,CASTELLANO
190602,PIURA,SULLANA,BELLAVISTA,ALIANZA PARA EL PROGRESO,2410,M,CASTELLANO
190602,PIURA,SULLANA,BELLAVISTA,"EL FRENTE AMPLIO POR JUSTICIA, VIDA Y LIBERTAD",276,M,CASTELLANO
190602,PIURA,SULLANA,BELLAVISTA,FUERZA POPULAR,1476,M,CASTELLANO
190602,PIURA,SULLANA,BELLAVISTA,MOVIMIENTO INDEPENDIENTE FUERZA REGIONAL,258,M,CASTELLANO
190602,PIURA,SULLANA,BELLAVISTA,MOVIMIENTO REGIONAL OBRAS + OBRAS,120,M,CASTELLANO
190602,PIURA,SULLANA,BELLAVISTA,MOVIMIENTO REGIONAL SEGURIDAD Y PROSPERIDAD,4511,M,CASTELLANO
190602,PIURA,SULLANA,BELLAVISTA,PARTIDO HUMANISTA PERUANO,2588,M,CASTELLANO
190602,PIURA,SULLANA,BELLAVISTA,REGION PARA TODOS,7456,M,CASTELLANO
190602,PIURA,SULLANA,BELLAVISTA,UNION DEMOCRATICA DEL NORTE,3369,M,CASTELLANO
190603,PIURA,SULLANA,LANCONES,AGRO SI,381,M,CASTELLANO
190603,PIURA,SULLANA,LANCONES,MOVIMIENTO INDEPENDIENTE VUELVE LA ESPERANZA,2030,M,CASTELLANO
190603,PIURA,SULLANA,LANCONES,PARTIDO HUMANISTA PERUANO,49,M,CASTELLANO
190603,PIURA,SULLANA,LANCONES,UNION DEMOCRATICA DEL NORTE,3426,M,CASTELLANO
190604,PIURA,SULLANA,MARCAVELICA,ACCION POPULAR,833,M,CASTELLANO
190604,PIURA,SULLANA,MARCAVELICA,AGRO SI,952,M,CASTELLANO
190604,PIURA,SULLANA,MARCAVELICA,ALIANZA PARA EL PROGRESO,3813,M,CASTELLANO
190604,PIURA,SULLANA,MARCAVELICA,"EL FRENTE AMPLIO POR JUSTICIA, VIDA Y LIBERTAD",32,M,CASTELLANO
190604,PIURA,SULLANA,MARCAVELICA,FUERZA POPULAR,391,M,CASTELLANO
190604,PIURA,SULLANA,MARCAVELICA,MOVIMIENTO INDEPENDIENTE FUERZA REGIONAL,1190,M,CASTELLANO
190604,PIURA,SULLANA,MARCAVELICA,MOVIMIENTO REGIONAL OBRAS + OBRAS,149,M,CASTELLANO
190604,PIURA,SULLANA,MARCAVELICA,MOVIMIENTO REGIONAL SEGURIDAD Y PROSPERIDAD,1088,M,CASTELLANO
190604,PIURA,SULLANA,MARCAVELICA,PARTIDO DEMOCRATICO SOMOS PERU,127,M,CASTELLANO
190604,PIURA,SULLANA,MARCAVELICA,PARTIDO HUMANISTA PERUANO,1229,M,CASTELLANO
190604,PIURA,SULLANA,MARCAVELICA,REGION PARA TODOS,1686,M,CASTELLANO
190604,PIURA,SULLANA,MARCAVELICA,UNION DEMOCRATICA DEL NORTE,3932,M,CASTELLANO
190605,PIURA,SULLANA,MIGUEL CHECA,MOVIMIENTO REGIONAL OBRAS + OBRAS,46,M,CASTELLANO
190605,PIURA,SULLANA,MIGUEL CHECA,MOVIMIENTO REGIONAL SEGURIDAD Y PROSPERIDAD,2658,M,CASTELLANO
190605,PIURA,SULLANA,MIGUEL CHECA,PARTIDO HUMANISTA PERUANO,1894,M,CASTELLANO
190606,PIURA,SULLANA,QUERECOTILLO,AGRO SI,197,M,CASTELLANO
190606,PIURA,SULLANA,QUERECOTILLO,MOVIMIENTO REGIONAL OBRAS + OBRAS,1906,M,CASTELLANO
190606,PIURA,SULLANA,QUERECOTILLO,MOVIMIENTO REGIONAL SEGURIDAD Y PROSPERIDAD,4490,M,CASTELLANO
190606,PIURA,SULLANA,QUERECOTILLO,PARTIDO DEMOCRATICO SOMOS PERU,2512,M,CASTELLANO
190606,PIURA,SULLANA,QUERECOTILLO,PARTIDO HUMANISTA PERUANO,1966,M,CASTELLANO
190606,PIURA,SULLANA,QUERECOTILLO,REGION PARA TODOS,188,M,CASTELLANO
190606,PIURA,SULLANA,QUERECOTILLO,UNION DEMOCRATICA DEL NORTE,2502,M,CASTELLANO
190607,PIURA,SULLANA,SALITRAL,ACCION POPULAR,1038,M,CASTELLANO
190607,PIURA,SULLANA,SALITRAL,AGRO SI,74,M,CASTELLANO
190607,PIURA,SULLANA,SALITRAL,FUERZA POPULAR,255,M,CASTELLANO
190607,PIURA,SULLANA,SALITRAL,MOVIMIENTO INDEPENDIENTE FUERZA REGIONAL,40,M,CASTELLANO
190607,PIURA,SULLANA,SALITRAL,MOVIMIENTO REGIONAL OBRAS + OBRAS,17,M,CASTELLANO
190607,PIURA,SULLANA,SALITRAL,MOVIMIENTO REGIONAL SEGURIDAD Y PROSPERIDAD,1382,M,CASTELLANO
190607,PIURA,SULLANA,SALITRAL,PARTIDO HUMANISTA PERUANO,770,M,CASTELLANO
190607,PIURA,SULLANA,SALITRAL,UNION DEMOCRATICA DEL NORTE,343,M,CASTELLANO
190608,PIURA,SULLANA,IGNACIO ESCUDERO,AGRO SI,1640,M,CASTELLANO
190608,PIURA,SULLANA,IGNACIO ESCUDERO,ALIANZA PARA EL PROGRESO,168,M,CASTELLANO
190608,PIURA,SULLANA,IGNACIO ESCUDERO,MOVIMIENTO INDEPENDIENTE FUERZA REGIONAL,1680,M,CASTELLANO
190608,PIURA,SULLANA,IGNACIO ESCUDERO,MOVIMIENTO REGIONAL OBRAS + OBRAS,2377,M,CASTELLANO
190608,PIURA,SULLANA,IGNACIO ESCUDERO,MOVIMIENTO REGIONAL SEGURIDAD Y PROSPERIDAD,994,M,CASTELLANO
190608,PIURA,SULLANA,IGNACIO ESCUDERO,PARTIDO HUMANISTA PERUANO,646,M,CASTELLANO
190608,PIURA,SULLANA,IGNACIO ESCUDERO,REGION PARA TODOS,513,M,CASTELLANO
190608,PIURA,SULLANA,IGNACIO ESCUDERO,UNION DEMOCRATICA DEL NORTE,2463,M,CASTELLANO
190702,PIURA,TALARA,EL ALTO,AGRO SI,23,M,CASTELLANO
190702,PIURA,TALARA,EL ALTO,ALIANZA PARA EL PROGRESO,72,M,CASTELLANO
190702,PIURA,TALARA,EL ALTO,FUERZA POPULAR,112,M,CASTELLANO
190702,PIURA,TALARA,EL ALTO,MOVIMIENTO DE AFIRMACION SOCIAL - ACCION,666,M,CASTELLANO
190702,PIURA,TALARA,EL ALTO,MOVIMIENTO INDEPENDIENTE FUERZA REGIONAL,24,M,CASTELLANO
190702,PIURA,TALARA,EL ALTO,MOVIMIENTO INDEPENDIENTE TALARA DIGNIDAD,1290,M,CASTELLANO
190702,PIURA,TALARA,EL ALTO,MOVIMIENTO POLITICO INDEPENDIENTE EL ALTO AVANZA,1786,M,CASTELLANO
190702,PIURA,TALARA,EL ALTO,MOVIMIENTO REGIONAL OBRAS + OBRAS,240,M,CASTELLANO
190702,PIURA,TALARA,EL ALTO,MOVIMIENTO REGIONAL SEGURIDAD Y PROSPERIDAD,78,M,CASTELLANO
190702,PIURA,TALARA,EL ALTO,REGION PARA TODOS,59,M,CASTELLANO
190702,PIURA,TALARA,EL ALTO,"UNION, GESTION Y ACCION",76,M,CASTELLANO
190703,PIURA,TALARA,LA BREA,ALIANZA PARA EL PROGRESO,130,M,CASTELLANO
190703,PIURA,TALARA,LA BREA,MOVIMIENTO DE AFIRMACION SOCIAL - ACCION,1821,M,CASTELLANO
190703,PIURA,TALARA,LA BREA,MOVIMIENTO INDEPENDIENTE FUERZA REGIONAL,73,M,CASTELLANO
190703,PIURA,TALARA,LA BREA,MOVIMIENTO INDEPENDIENTE TALARA DIGNIDAD,1247,M,CASTELLANO
190703,PIURA,TALARA,LA BREA,MOVIMIENTO REGIONAL OBRAS + OBRAS,997,M,CASTELLANO
190703,PIURA,TALARA,LA BREA,MOVIMIENTO REGIONAL SEGURIDAD Y PROSPERIDAD,483,M,CASTELLANO
190703,PIURA,TALARA,LA BREA,NUEVO NEGRITOS,325,M,CASTELLANO
190703,PIURA,TALARA,LA BREA,PARTIDO DEMOCRATICO SOMOS PERU,2422,M,CASTELLANO
190703,PIURA,TALARA,LA BREA,UNION DEMOCRATICA DEL NORTE,322,M,CASTELLANO
190704,PIURA,TALARA,LOBITOS,ALIANZA PARA EL PROGRESO,18,M,CASTELLANO
190704,PIURA,TALARA,LOBITOS,MOVIMIENTO INDEPENDIENTE TALARA DIGNIDAD,321,M,CASTELLANO
190704,PIURA,TALARA,LOBITOS,PARTIDO DEMOCRATICO SOMOS PERU,539,M,CASTELLANO
190704,PIURA,TALARA,LOBITOS,UNION DEMOCRATICA DEL NORTE,64,M,CASTELLANO
190705,PIURA,TALARA,MANCORA,ALIANZA PARA EL PROGRESO,114,M,CASTELLANO
190705,PIURA,TALARA,MANCORA,FUERZA POPULAR,174,M,CASTELLANO
190705,PIURA,TALARA,MANCORA,MOVIMIENTO INDEPENDIENTE TALARA DIGNIDAD,468,M,CASTELLANO
190705,PIURA,TALARA,MANCORA,MOVIMIENTO REGIONAL SEGURIDAD Y PROSPERIDAD,170,M,CASTELLANO
190705,PIURA,TALARA,MANCORA,PARTIDO DEMOCRATICO SOMOS PERU,1358,M,CASTELLANO
190705,PIURA,TALARA,MANCORA,REGION PARA TODOS,107,M,CASTELLANO
190705,PIURA,TALARA,MANCORA,REMA,1540,M,CASTELLANO
190705,PIURA,TALARA,MANCORA,UNION DEMOCRATICA DEL NORTE,1721,M,CASTELLANO
190706,PIURA,TALARA,LOS ORGANOS,ALIANZA PARA EL PROGRESO,283,M,CASTELLANO
190706,PIURA,TALARA,LOS ORGANOS,MOVIMIENTO DE AFIRMACION SOCIAL - ACCION,1143,M,CASTELLANO
190706,PIURA,TALARA,LOS ORGANOS,MOVIMIENTO INDEPENDIENTE TALARA DIGNIDAD,185,M,CASTELLANO
190706,PIURA,TALARA,LOS ORGANOS,MOVIMIENTO REGIONAL SEGURIDAD Y PROSPERIDAD,125,M,CASTELLANO
190706,PIURA,TALARA,LOS ORGANOS,PARTIDO DEMOCRATICO SOMOS PERU,1860,M,CASTELLANO
190706,PIURA,TALARA,LOS ORGANOS,REGION PARA TODOS,1902,M,CASTELLANO
190706,PIURA,TALARA,LOS ORGANOS,UNION DEMOCRATICA DEL NORTE,176,M,CASTELLANO
190802,PIURA,SECHURA,VICE,JUNTOS POR VICE,2459,M,CASTELLANO
190802,PIURA,SECHURA,VICE,MAR SECHURANO,2961,M,CASTELLANO
190802,PIURA,SECHURA,VICE,SECHURANOS UNIDOS,733,M,CASTELLANO
190802,PIURA,SECHURA,VICE,SOMOS VICE,1898,M,CASTELLANO
190803,PIURA,SECHURA,BERNAL,SEGUIMOS AVANZANDO HACIA LA MODERNIDAD,1949,M,CASTELLANO
190803,PIURA,SECHURA,BERNAL,UNIDAD Y DIGNIDAD POR BERNAL,2099,M,CASTELLANO
190804,PIURA,SECHURA,BELLAVISTA DE LA UNION,AGRO SI,565,M,CASTELLANO
190804,PIURA,SECHURA,BELLAVISTA DE LA UNION,ALIANZA PARA EL PROGRESO,589,M,CASTELLANO
190804,PIURA,SECHURA,BELLAVISTA DE LA UNION,MOVIMIENTO REGIONAL OBRAS + OBRAS,264,M,CASTELLANO
190804,PIURA,SECHURA,BELLAVISTA DE LA UNION,MOVIMIENTO REGIONAL SEGURIDAD Y PROSPERIDAD,346,M,CASTELLANO
190804,PIURA,SECHURA,BELLAVISTA DE LA UNION,REGION PARA TODOS,442,M,CASTELLANO
190804,PIURA,SECHURA,BELLAVISTA DE LA UNION,UNION DEMOCRATICA DEL NORTE,584,M,CASTELLANO
190805,PIURA,SECHURA,CRISTO NOS VALGA,ACCION POPULAR,12,M,CASTELLANO
190805,PIURA,SECHURA,CRISTO NOS VALGA,COMANDEMOS EL CAMBIO,36,M,CASTELLANO
190805,PIURA,SECHURA,CRISTO NOS VALGA,DESARROLLEMOS CRISTO NOS VALGA,20,M,CASTELLANO
190805,PIURA,SECHURA,CRISTO NOS VALGA,MOVIMIENTO REGIONAL SEGURIDAD Y PROSPERIDAD,62,M,CASTELLANO
190805,PIURA,SECHURA,CRISTO NOS VALGA,REGION PARA TODOS,40,M,CASTELLANO
190805,PIURA,SECHURA,CRISTO NOS VALGA,SECHURA RUMBO AL PROGRESO,116,M,CASTELLANO
190805,PIURA,SECHURA,CRISTO NOS VALGA,SECHURANOS UNIDOS,21,M,CASTELLANO
190805,PIURA,SECHURA,CRISTO NOS VALGA,SOLIDARIDAD NACIONAL,17,M,CASTELLANO
190806,PIURA,SECHURA,RINCONADA-LLICUAR,ALIANZA PARA EL PROGRESO,177,M,CASTELLANO
190806,PIURA,SECHURA,RINCONADA-LLICUAR,MOVIMIENTO REGIONAL SEGURIDAD Y PROSPERIDAD,855,M,CASTELLANO
190806,PIURA,SECHURA,RINCONADA-LLICUAR,REGION PARA TODOS,112,M,CASTELLANO
190806,PIURA,SECHURA,RINCONADA-LLICUAR,UNION DEMOCRATICA DEL NORTE,932,M,CASTELLANO
200102,PUNO,PUNO,ACORA,ALIANZA PARA EL PROGRESO,95,M,AYMARA
200102,PUNO,PUNO,ACORA,DEMOCRACIA DIRECTA,1965,M,AYMARA
200102,PUNO,PUNO,ACORA,FRENTE AMPLIO DE PUNO,314,M,AYMARA
200102,PUNO,PUNO,ACORA,FRENTE AMPLIO PARA EL DESARROLLO DEL PUEBLO,1603,M,AYMARA
200102,PUNO,PUNO,ACORA,FUERZA POPULAR,77,M,AYMARA
200102,PUNO,PUNO,ACORA,MOVIMIENTO AGRARIO PUNEÑO,654,M,AYMARA
200102,PUNO,PUNO,ACORA,PODER ANDINO,2038,M,AYMARA
200102,PUNO,PUNO,ACORA,PODER DEMOCRATICO REGIONAL,308,M,AYMARA
200102,PUNO,PUNO,ACORA,POR LAS COMUNIDADES FUENTE DE INTEGRACION ANDINA DE PUNO - CONFIA - PUNO,1830,M,AYMARA
200102,PUNO,PUNO,ACORA,PROYECTO DE LA INTEGRACION PARA LA COOPERACION,1457,M,AYMARA
200102,PUNO,PUNO,ACORA,PROYECTO POLITICO AQUI,1576,M,AYMARA
200102,PUNO,PUNO,ACORA,RESTAURACION NACIONAL,357,M,AYMARA
200102,PUNO,PUNO,ACORA,SIEMPRE UNIDOS,218,M,AYMARA
200102,PUNO,PUNO,ACORA,UNION POR EL PERU,187,M,AYMARA
200103,PUNO,PUNO,ATUNCOLLA,DEMOCRACIA DIRECTA,837,M,AYMARA
200103,PUNO,PUNO,ATUNCOLLA,FRENTE AMPLIO PARA EL DESARROLLO DEL PUEBLO,723,M,AYMARA
200103,PUNO,PUNO,ATUNCOLLA,PODER ANDINO,711,M,AYMARA
200103,PUNO,PUNO,ATUNCOLLA,POR LAS COMUNIDADES FUENTE DE INTEGRACION ANDINA DE PUNO - CONFIA - PUNO,243,M,AYMARA
200103,PUNO,PUNO,ATUNCOLLA,UNION POR EL PERU,412,M,AYMARA
200104,PUNO,PUNO,CAPACHICA,ALIANZA PARA EL PROGRESO,1239,M,CASTELLANO
200104,PUNO,PUNO,CAPACHICA,DEMOCRACIA DIRECTA,486,M,CASTELLANO
200104,PUNO,PUNO,CAPACHICA,FRENTE AMPLIO DE PUNO,248,M,CASTELLANO
200104,PUNO,PUNO,CAPACHICA,FRENTE AMPLIO PARA EL DESARROLLO DEL PUEBLO,198,M,CASTELLANO
200104,PUNO,PUNO,CAPACHICA,MORAL Y DESARROLLO,1162,M,CASTELLANO
200104,PUNO,PUNO,CAPACHICA,MOVIMIENTO AGRARIO PUNEÑO,27,M,CASTELLANO
200104,PUNO,PUNO,CAPACHICA,PODER ANDINO,1033,M,CASTELLANO
200104,PUNO,PUNO,CAPACHICA,PODER DEMOCRATICO REGIONAL,132,M,CASTELLANO
200104,PUNO,PUNO,CAPACHICA,POR LAS COMUNIDADES FUENTE DE INTEGRACION ANDINA DE PUNO - CONFIA - PUNO,648,M,CASTELLANO
200104,PUNO,PUNO,CAPACHICA,PROYECTO DE LA INTEGRACION PARA LA COOPERACION,260,M,CASTELLANO
200104,PUNO,PUNO,CAPACHICA,PROYECTO POLITICO AQUI,94,M,CASTELLANO
200104,PUNO,PUNO,CAPACHICA,RESTAURACION NACIONAL,154,M,CASTELLANO
200105,PUNO,PUNO,COATA,ACCION POPULAR,222,M,CASTELLANO
200105,PUNO,PUNO,COATA,DEMOCRACIA DIRECTA,403,M,CASTELLANO
200105,PUNO,PUNO,COATA,FRENTE AMPLIO DE PUNO,97,M,CASTELLANO
200105,PUNO,PUNO,COATA,FRENTE AMPLIO PARA EL DESARROLLO DEL PUEBLO,64,M,CASTELLANO
200105,PUNO,PUNO,COATA,PODER ANDINO,289,M,CASTELLANO
200105,PUNO,PUNO,COATA,POR LAS COMUNIDADES FUENTE DE INTEGRACION ANDINA DE PUNO - CONFIA - PUNO,1342,M,CASTELLANO
200105,PUNO,PUNO,COATA,PROYECTO DE LA INTEGRACION PARA LA COOPERACION,95,M,CASTELLANO
200105,PUNO,PUNO,COATA,PROYECTO POLITICO AQUI,1290,M,CASTELLANO
200105,PUNO,PUNO,COATA,RESTAURACION NACIONAL,53,M,CASTELLANO
200105,PUNO,PUNO,COATA,UNION POR EL PERU,62,M,CASTELLANO
200106,PUNO,PUNO,CHUCUITO,ACCION POPULAR,121,M,AYMARA
200106,PUNO,PUNO,CHUCUITO,ALIANZA PARA EL PROGRESO,103,M,AYMARA
200106,PUNO,PUNO,CHUCUITO,DEMOCRACIA DIRECTA,1140,M,AYMARA
200106,PUNO,PUNO,CHUCUITO,FRENTE AMPLIO PARA EL DESARROLLO DEL PUEBLO,521,M,AYMARA
200106,PUNO,PUNO,CHUCUITO,FUERZA POPULAR,116,M,AYMARA
200106,PUNO,PUNO,CHUCUITO,MOVIMIENTO AL SOCIALISMO Y LIBERTAD,56,M,AYMARA
200106,PUNO,PUNO,CHUCUITO,MOVIMIENTO ANDINO SOCIALISTA,37,M,AYMARA
200106,PUNO,PUNO,CHUCUITO,PODER ANDINO,1154,M,AYMARA
200106,PUNO,PUNO,CHUCUITO,POR LAS COMUNIDADES FUENTE DE INTEGRACION ANDINA DE PUNO - CONFIA - PUNO,1050,M,AYMARA
200106,PUNO,PUNO,CHUCUITO,PROYECTO DE LA INTEGRACION PARA LA COOPERACION,409,M,AYMARA
200106,PUNO,PUNO,CHUCUITO,PROYECTO POLITICO AQUI,100,M,AYMARA
200106,PUNO,PUNO,CHUCUITO,RESTAURACION NACIONAL,180,M,AYMARA
200107,PUNO,PUNO,HUATA,ACCION POPULAR,90,M,CASTELLANO
200107,PUNO,PUNO,HUATA,DEMOCRACIA DIRECTA,621,M,CASTELLANO
200107,PUNO,PUNO,HUATA,FRENTE AMPLIO PARA EL DESARROLLO DEL PUEBLO,429,M,CASTELLANO
200107,PUNO,PUNO,HUATA,MOVIMIENTO ANDINO SOCIALISTA,124,M,CASTELLANO
200107,PUNO,PUNO,HUATA,PARTIDO HUMANISTA PERUANO,124,M,CASTELLANO
200107,PUNO,PUNO,HUATA,PODER ANDINO,314,M,CASTELLANO
200107,PUNO,PUNO,HUATA,PODER DEMOCRATICO REGIONAL,237,M,CASTELLANO
200107,PUNO,PUNO,HUATA,PROYECTO DE LA INTEGRACION PARA LA COOPERACION,25,M,CASTELLANO
200108,PUNO,PUNO,MAÑAZO,ACCION POPULAR,73,M,AYMARA
200108,PUNO,PUNO,MAÑAZO,ALIANZA PARA EL PROGRESO,105,M,AYMARA
200108,PUNO,PUNO,MAÑAZO,DEMOCRACIA DIRECTA,62,M,AYMARA
200108,PUNO,PUNO,MAÑAZO,FRENTE AMPLIO PARA EL DESARROLLO DEL PUEBLO,1088,M,AYMARA
200108,PUNO,PUNO,MAÑAZO,POR LAS COMUNIDADES FUENTE DE INTEGRACION ANDINA DE PUNO - CONFIA - PUNO,1054,M,AYMARA
200108,PUNO,PUNO,MAÑAZO,PROYECTO DE LA INTEGRACION PARA LA COOPERACION,302,M,AYMARA
200108,PUNO,PUNO,MAÑAZO,PROYECTO POLITICO AQUI,326,M,AYMARA
200109,PUNO,PUNO,PAUCARCOLLA,ALIANZA PARA EL PROGRESO,57,M,CASTELLANO
200109,PUNO,PUNO,PAUCARCOLLA,DEMOCRACIA DIRECTA,85,M,CASTELLANO
200109,PUNO,PUNO,PAUCARCOLLA,FRENTE AMPLIO PARA EL DESARROLLO DEL PUEBLO,430,M,CASTELLANO
200109,PUNO,PUNO,PAUCARCOLLA,MOVIMIENTO ANDINO SOCIALISTA,393,M,CASTELLANO
200109,PUNO,PUNO,PAUCARCOLLA,PODER ANDINO,151,M,CASTELLANO
200109,PUNO,PUNO,PAUCARCOLLA,PODER DEMOCRATICO REGIONAL,348,M,CASTELLANO
200109,PUNO,PUNO,PAUCARCOLLA,POR LAS COMUNIDADES FUENTE DE INTEGRACION ANDINA DE PUNO - CONFIA - PUNO,399,M,CASTELLANO
200109,PUNO,PUNO,PAUCARCOLLA,PROYECTO DE LA INTEGRACION PARA LA COOPERACION,297,M,CASTELLANO
200109,PUNO,PUNO,PAUCARCOLLA,PROYECTO POLITICO AQUI,499,M,CASTELLANO
200109,PUNO,PUNO,PAUCARCOLLA,RESTAURACION NACIONAL,163,M,CASTELLANO
200110,PUNO,PUNO,PICHACANI,ALIANZA PARA EL PROGRESO,30,M,AYMARA
200110,PUNO,PUNO,PICHACANI,DEMOCRACIA DIRECTA,1752,M,AYMARA
200110,PUNO,PUNO,PICHACANI,FRENTE AMPLIO PARA EL DESARROLLO DEL PUEBLO,109,M,AYMARA
200110,PUNO,PUNO,PICHACANI,FUERZA POPULAR,7,M,AYMARA
200110,PUNO,PUNO,PICHACANI,PODER ANDINO,126,M,AYMARA
200110,PUNO,PUNO,PICHACANI,POR LAS COMUNIDADES FUENTE DE INTEGRACION ANDINA DE PUNO - CONFIA - PUNO,1254,M,AYMARA
200110,PUNO,PUNO,PICHACANI,RESTAURACION NACIONAL,641,M,AYMARA
200111,PUNO,PUNO,SAN ANTONIO,PODER ANDINO,64,M,CASTELLANO
200111,PUNO,PUNO,SAN ANTONIO,POR LAS COMUNIDADES FUENTE DE INTEGRACION ANDINA DE PUNO - CONFIA - PUNO,327,M,CASTELLANO
200111,PUNO,PUNO,SAN ANTONIO,PROYECTO DE LA INTEGRACION PARA LA COOPERACION,91,M,CASTELLANO
200111,PUNO,PUNO,SAN ANTONIO,PROYECTO POLITICO AQUI,275,M,CASTELLANO
200112,PUNO,PUNO,TIQUILLACA,DEMOCRACIA DIRECTA,420,M,CASTELLANO
200112,PUNO,PUNO,TIQUILLACA,FRENTE AMPLIO PARA EL DESARROLLO DEL PUEBLO,544,M,CASTELLANO
200112,PUNO,PUNO,TIQUILLACA,POR LAS COMUNIDADES FUENTE DE INTEGRACION ANDINA DE PUNO - CONFIA - PUNO,441,M,CASTELLANO
200112,PUNO,PUNO,TIQUILLACA,PROYECTO DE LA INTEGRACION PARA LA COOPERACION,291,M,CASTELLANO
200113,PUNO,PUNO,VILQUE,DEMOCRACIA DIRECTA,132,M,CASTELLANO
200113,PUNO,PUNO,VILQUE,FRENTE AMPLIO PARA EL DESARROLLO DEL PUEBLO,507,M,CASTELLANO
200113,PUNO,PUNO,VILQUE,PODER ANDINO,231,M,CASTELLANO
200113,PUNO,PUNO,VILQUE,POR LAS COMUNIDADES FUENTE DE INTEGRACION ANDINA DE PUNO - CONFIA - PUNO,150,M,CASTELLANO
200113,PUNO,PUNO,VILQUE,PROYECTO DE LA INTEGRACION PARA LA COOPERACION,92,M,CASTELLANO
200113,PUNO,PUNO,VILQUE,RESTAURACION NACIONAL,663,M,CASTELLANO
200114,PUNO,PUNO,PLATERIA,ALIANZA PARA EL PROGRESO,46,M,CASTELLANO
200114,PUNO,PUNO,PLATERIA,DEMOCRACIA DIRECTA,665,M,CASTELLANO
200114,PUNO,PUNO,PLATERIA,FRENTE AMPLIO PARA EL DESARROLLO DEL PUEBLO,145,M,CASTELLANO
200114,PUNO,PUNO,PLATERIA,MORAL Y DESARROLLO,507,M,CASTELLANO
200114,PUNO,PUNO,PLATERIA,MOVIMIENTO AL SOCIALISMO Y LIBERTAD,70,M,CASTELLANO
200114,PUNO,PUNO,PLATERIA,PODER ANDINO,1109,M,CASTELLANO
200114,PUNO,PUNO,PLATERIA,PODER DEMOCRATICO REGIONAL,117,M,CASTELLANO
200114,PUNO,PUNO,PLATERIA,POR LAS COMUNIDADES FUENTE DE INTEGRACION ANDINA DE PUNO - CONFIA - PUNO,1189,M,CASTELLANO
200114,PUNO,PUNO,PLATERIA,PROYECTO DE LA INTEGRACION PARA LA COOPERACION,223,M,CASTELLANO
200114,PUNO,PUNO,PLATERIA,PROYECTO POLITICO AQUI,81,M,CASTELLANO
200114,PUNO,PUNO,PLATERIA,RESTAURACION NACIONAL,333,M,CASTELLANO
200115,PUNO,PUNO,AMANTANI,ALIANZA PARA EL PROGRESO,310,M,QUECHUA
200115,PUNO,PUNO,AMANTANI,DEMOCRACIA DIRECTA,751,M,QUECHUA
200115,PUNO,PUNO,AMANTANI,FRENTE AMPLIO PARA EL DESARROLLO DEL PUEBLO,614,M,QUECHUA
200115,PUNO,PUNO,AMANTANI,FUERZA POPULAR,21,M,QUECHUA
200115,PUNO,PUNO,AMANTANI,MOVIMIENTO ANDINO SOCIALISTA,77,M,QUECHUA
200115,PUNO,PUNO,AMANTANI,PODER ANDINO,764,M,QUECHUA
200115,PUNO,PUNO,AMANTANI,PROYECTO DE LA INTEGRACION PARA LA COOPERACION,517,M,QUECHUA
200202,PUNO,AZANGARO,ACHAYA,ALIANZA PARA EL PROGRESO,116,M,CASTELLANO
200202,PUNO,AZANGARO,ACHAYA,FRENTE AMPLIO DE PUNO,108,M,CASTELLANO
200202,PUNO,AZANGARO,ACHAYA,FRENTE AMPLIO PARA EL DESARROLLO DEL PUEBLO,756,M,CASTELLANO
200202,PUNO,AZANGARO,ACHAYA,PODER ANDINO,174,M,CASTELLANO
200202,PUNO,AZANGARO,ACHAYA,POR LAS COMUNIDADES FUENTE DE INTEGRACION ANDINA DE PUNO - CONFIA - PUNO,746,M,CASTELLANO
200202,PUNO,AZANGARO,ACHAYA,PROYECTO DE LA INTEGRACION PARA LA COOPERACION,534,M,CASTELLANO
200202,PUNO,AZANGARO,ACHAYA,PROYECTO POLITICO AQUI,257,M,CASTELLANO
200203,PUNO,AZANGARO,ARAPA,ACCION POPULAR,281,M,CASTELLANO
200203,PUNO,AZANGARO,ARAPA,ALIANZA PARA EL PROGRESO,169,M,CASTELLANO
200203,PUNO,AZANGARO,ARAPA,DEMOCRACIA DIRECTA,430,M,CASTELLANO
200203,PUNO,AZANGARO,ARAPA,FRENTE AMPLIO PARA EL DESARROLLO DEL PUEBLO,192,M,CASTELLANO
200203,PUNO,AZANGARO,ARAPA,MORAL Y DESARROLLO,625,M,CASTELLANO
200203,PUNO,AZANGARO,ARAPA,MOVIMIENTO AGRARIO PUNEÑO,258,M,CASTELLANO
200203,PUNO,AZANGARO,ARAPA,PODER ANDINO,667,M,CASTELLANO
200203,PUNO,AZANGARO,ARAPA,PODER DEMOCRATICO REGIONAL,74,M,CASTELLANO
200203,PUNO,AZANGARO,ARAPA,POR LAS COMUNIDADES FUENTE DE INTEGRACION ANDINA DE PUNO - CONFIA - PUNO,469,M,CASTELLANO
200203,PUNO,AZANGARO,ARAPA,PROYECTO DE LA INTEGRACION PARA LA COOPERACION,757,M,CASTELLANO
200203,PUNO,AZANGARO,ARAPA,PROYECTO POLITICO AQUI,759,M,CASTELLANO
200204,PUNO,AZANGARO,ASILLO,ALIANZA PARA EL PROGRESO,436,M,AYMARA
200204,PUNO,AZANGARO,ASILLO,DEMOCRACIA DIRECTA,1003,M,AYMARA
200204,PUNO,AZANGARO,ASILLO,FRENTE AMPLIO DE PUNO,1570,M,AYMARA
200204,PUNO,AZANGARO,ASILLO,FRENTE AMPLIO PARA EL DESARROLLO DEL PUEBLO,1175,M,AYMARA
200204,PUNO,AZANGARO,ASILLO,MORAL Y DESARROLLO,143,M,AYMARA
200204,PUNO,AZANGARO,ASILLO,PODER ANDINO,178,M,AYMARA
200204,PUNO,AZANGARO,ASILLO,POR LAS COMUNIDADES FUENTE DE INTEGRACION ANDINA DE PUNO - CONFIA - PUNO,1195,M,AYMARA
200204,PUNO,AZANGARO,ASILLO,PROYECTO DE LA INTEGRACION PARA LA COOPERACION,2421,M,AYMARA
200204,PUNO,AZANGARO,ASILLO,PROYECTO POLITICO AQUI,475,M,AYMARA
200205,PUNO,AZANGARO,CAMINACA,FRENTE AMPLIO PARA EL DESARROLLO DEL PUEBLO,1416,M,QUECHUA
200205,PUNO,AZANGARO,CAMINACA,PODER DEMOCRATICO REGIONAL,1835,M,QUECHUA
200205,PUNO,AZANGARO,CAMINACA,PROYECTO DE LA INTEGRACION PARA LA COOPERACION,252,M,QUECHUA
200206,PUNO,AZANGARO,CHUPA,ALIANZA PARA EL PROGRESO,759,M,QUECHUA
200206,PUNO,AZANGARO,CHUPA,DEMOCRACIA DIRECTA,416,M,QUECHUA
200206,PUNO,AZANGARO,CHUPA,FRENTE AMPLIO DE PUNO,892,M,QUECHUA
200206,PUNO,AZANGARO,CHUPA,PODER ANDINO,47,M,QUECHUA
200206,PUNO,AZANGARO,CHUPA,POR LAS COMUNIDADES FUENTE DE INTEGRACION ANDINA DE PUNO - CONFIA - PUNO,460,M,QUECHUA
200206,PUNO,AZANGARO,CHUPA,PROYECTO DE LA INTEGRACION PARA LA COOPERACION,1256,M,QUECHUA
200206,PUNO,AZANGARO,CHUPA,PROYECTO POLITICO AQUI,978,M,QUECHUA
200207,PUNO,AZANGARO,JOSE DOMINGO CHOQUEHUANCA,ACCION POPULAR,395,M,CASTELLANO
200207,PUNO,AZANGARO,JOSE DOMINGO CHOQUEHUANCA,DEMOCRACIA DIRECTA,88,M,CASTELLANO
200207,PUNO,AZANGARO,JOSE DOMINGO CHOQUEHUANCA,FRENTE AMPLIO PARA EL DESARROLLO DEL PUEBLO,654,M,CASTELLANO
200207,PUNO,AZANGARO,JOSE DOMINGO CHOQUEHUANCA,PODER DEMOCRATICO REGIONAL,522,M,CASTELLANO
200207,PUNO,AZANGARO,JOSE DOMINGO CHOQUEHUANCA,POR LAS COMUNIDADES FUENTE DE INTEGRACION ANDINA DE PUNO - CONFIA - PUNO,297,M,CASTELLANO
200207,PUNO,AZANGARO,JOSE DOMINGO CHOQUEHUANCA,PROYECTO DE LA INTEGRACION PARA LA COOPERACION,647,M,CASTELLANO
200207,PUNO,AZANGARO,JOSE DOMINGO CHOQUEHUANCA,PROYECTO POLITICO AQUI,65,M,CASTELLANO
200208,PUNO,AZANGARO,MUÑANI,ALIANZA PARA EL PROGRESO,36,M,CASTELLANO
200208,PUNO,AZANGARO,MUÑANI,FRENTE AMPLIO DE PUNO,125,M,CASTELLANO
200208,PUNO,AZANGARO,MUÑANI,FRENTE AMPLIO PARA EL DESARROLLO DEL PUEBLO,151,M,CASTELLANO
200208,PUNO,AZANGARO,MUÑANI,MORAL Y DESARROLLO,74,M,CASTELLANO
200208,PUNO,AZANGARO,MUÑANI,POR LAS COMUNIDADES FUENTE DE INTEGRACION ANDINA DE PUNO - CONFIA - PUNO,1216,M,CASTELLANO
200208,PUNO,AZANGARO,MUÑANI,PROYECTO DE LA INTEGRACION PARA LA COOPERACION,1525,M,CASTELLANO
200208,PUNO,AZANGARO,MUÑANI,PROYECTO POLITICO AQUI,567,M,CASTELLANO
200210,PUNO,AZANGARO,POTONI,ALIANZA PARA EL PROGRESO,68,M,CASTELLANO
200210,PUNO,AZANGARO,POTONI,DEMOCRACIA DIRECTA,319,M,CASTELLANO
200210,PUNO,AZANGARO,POTONI,FRENTE AMPLIO PARA EL DESARROLLO DEL PUEBLO,238,M,CASTELLANO
200210,PUNO,AZANGARO,POTONI,MORAL Y DESARROLLO,40,M,CASTELLANO
200210,PUNO,AZANGARO,POTONI,PODER ANDINO,174,M,CASTELLANO
200210,PUNO,AZANGARO,POTONI,POR LAS COMUNIDADES FUENTE DE INTEGRACION ANDINA DE PUNO - CONFIA - PUNO,418,M,CASTELLANO
200210,PUNO,AZANGARO,POTONI,PROYECTO DE LA INTEGRACION PARA LA COOPERACION,761,M,CASTELLANO
200212,PUNO,AZANGARO,SAMAN,DEMOCRACIA DIRECTA,188,M,CASTELLANO
200212,PUNO,AZANGARO,SAMAN,FRENTE AMPLIO DE PUNO,140,M,CASTELLANO
200212,PUNO,AZANGARO,SAMAN,FRENTE AMPLIO PARA EL DESARROLLO DEL PUEBLO,2169,M,CASTELLANO
200212,PUNO,AZANGARO,SAMAN,MORAL Y DESARROLLO,97,M,CASTELLANO
200212,PUNO,AZANGARO,SAMAN,MOVIMIENTO AGRARIO PUNEÑO,1728,M,CASTELLANO
200212,PUNO,AZANGARO,SAMAN,MOVIMIENTO ANDINO SOCIALISTA,200,M,CASTELLANO
200212,PUNO,AZANGARO,SAMAN,PODER ANDINO,414,M,CASTELLANO
200212,PUNO,AZANGARO,SAMAN,POR LAS COMUNIDADES FUENTE DE INTEGRACION ANDINA DE PUNO - CONFIA - PUNO,570,M,CASTELLANO
200212,PUNO,AZANGARO,SAMAN,PROYECTO DE LA INTEGRACION PARA LA COOPERACION,897,M,CASTELLANO
200212,PUNO,AZANGARO,SAMAN,PROYECTO POLITICO AQUI,55,M,CASTELLANO
200212,PUNO,AZANGARO,SAMAN,RESTAURACION NACIONAL,1114,M,CASTELLANO
200213,PUNO,AZANGARO,SAN ANTON,ALIANZA PARA EL PROGRESO,319,M,CASTELLANO
200213,PUNO,AZANGARO,SAN ANTON,DEMOCRACIA DIRECTA,793,M,CASTELLANO
200213,PUNO,AZANGARO,SAN ANTON,MORAL Y DESARROLLO,865,M,CASTELLANO
200213,PUNO,AZANGARO,SAN ANTON,PODER ANDINO,467,M,CASTELLANO
200213,PUNO,AZANGARO,SAN ANTON,PROYECTO DE LA INTEGRACION PARA LA COOPERACION,1532,M,CASTELLANO
200214,PUNO,AZANGARO,SAN JOSE,DEMOCRACIA DIRECTA,736,M,QUECHUA
200214,PUNO,AZANGARO,SAN JOSE,FRENTE AMPLIO PARA EL DESARROLLO DEL PUEBLO,370,M,QUECHUA
200214,PUNO,AZANGARO,SAN JOSE,MORAL Y DESARROLLO,96,M,QUECHUA
200214,PUNO,AZANGARO,SAN JOSE,POR LAS COMUNIDADES FUENTE DE INTEGRACION ANDINA DE PUNO - CONFIA - PUNO,603,M,QUECHUA
200214,PUNO,AZANGARO,SAN JOSE,PROYECTO DE LA INTEGRACION PARA LA COOPERACION,794,M,QUECHUA
200214,PUNO,AZANGARO,SAN JOSE,PROYECTO POLITICO AQUI,67,M,QUECHUA
200215,PUNO,AZANGARO,SAN JUAN DE SALINAS,ALIANZA PARA EL PROGRESO,116,M,QUECHUA
200215,PUNO,AZANGARO,SAN JUAN DE SALINAS,DEMOCRACIA DIRECTA,838,M,QUECHUA
200215,PUNO,AZANGARO,SAN JUAN DE SALINAS,FRENTE AMPLIO PARA EL DESARROLLO DEL PUEBLO,51,M,QUECHUA
200215,PUNO,AZANGARO,SAN JUAN DE SALINAS,POR LAS COMUNIDADES FUENTE DE INTEGRACION ANDINA DE PUNO - CONFIA - PUNO,235,M,QUECHUA
200215,PUNO,AZANGARO,SAN JUAN DE SALINAS,PROYECTO DE LA INTEGRACION PARA LA COOPERACION,676,M,QUECHUA
200215,PUNO,AZANGARO,SAN JUAN DE SALINAS,PROYECTO POLITICO AQUI,51,M,QUECHUA
200215,PUNO,AZANGARO,SAN JUAN DE SALINAS,UNION POR EL PERU,134,M,QUECHUA
200216,PUNO,AZANGARO,SANTIAGO DE PUPUJA,ACCION POPULAR,642,M,AYMARA
200216,PUNO,AZANGARO,SANTIAGO DE PUPUJA,ALIANZA PARA EL PROGRESO,332,M,AYMARA
200216,PUNO,AZANGARO,SANTIAGO DE PUPUJA,FRENTE AMPLIO PARA EL DESARROLLO DEL PUEBLO,74,M,AYMARA
200216,PUNO,AZANGARO,SANTIAGO DE PUPUJA,MORAL Y DESARROLLO,172,M,AYMARA
200216,PUNO,AZANGARO,SANTIAGO DE PUPUJA,MOVIMIENTO AL SOCIALISMO Y LIBERTAD,70,M,AYMARA
200216,PUNO,AZANGARO,SANTIAGO DE PUPUJA,PODER DEMOCRATICO REGIONAL,176,M,AYMARA
200216,PUNO,AZANGARO,SANTIAGO DE PUPUJA,POR LAS COMUNIDADES FUENTE DE INTEGRACION ANDINA DE PUNO - CONFIA - PUNO,271,M,AYMARA
200216,PUNO,AZANGARO,SANTIAGO DE PUPUJA,PROYECTO DE LA INTEGRACION PARA LA COOPERACION,742,M,AYMARA
200216,PUNO,AZANGARO,SANTIAGO DE PUPUJA,PROYECTO POLITICO AQUI,638,M,AYMARA
200217,PUNO,AZANGARO,TIRAPATA,ACCION POPULAR,420,M,CASTELLANO
200217,PUNO,AZANGARO,TIRAPATA,FRENTE AMPLIO DE PUNO,155,M,CASTELLANO
200217,PUNO,AZANGARO,TIRAPATA,FRENTE AMPLIO PARA EL DESARROLLO DEL PUEBLO,144,M,CASTELLANO
200217,PUNO,AZANGARO,TIRAPATA,MORAL Y DESARROLLO,68,M,CASTELLANO
200217,PUNO,AZANGARO,TIRAPATA,PODER DEMOCRATICO REGIONAL,59,M,CASTELLANO
200217,PUNO,AZANGARO,TIRAPATA,POR LAS COMUNIDADES FUENTE DE INTEGRACION ANDINA DE PUNO - CONFIA - PUNO,251,M,CASTELLANO
200217,PUNO,AZANGARO,TIRAPATA,PROYECTO DE LA INTEGRACION PARA LA COOPERACION,248,M,CASTELLANO
200217,PUNO,AZANGARO,TIRAPATA,PROYECTO POLITICO AQUI,280,M,CASTELLANO
200302,PUNO,CARABAYA,AJOYANI,ALIANZA PARA EL PROGRESO,66,M,QUECHUA
200302,PUNO,CARABAYA,AJOYANI,FRENTE AMPLIO PARA EL DESARROLLO DEL PUEBLO,22,M,QUECHUA
200302,PUNO,CARABAYA,AJOYANI,PODER ANDINO,490,M,QUECHUA
200302,PUNO,CARABAYA,AJOYANI,POR LAS COMUNIDADES FUENTE DE INTEGRACION ANDINA DE PUNO - CONFIA - PUNO,112,M,QUECHUA
200302,PUNO,CARABAYA,AJOYANI,PROYECTO POLITICO AQUI,474,M,QUECHUA
200303,PUNO,CARABAYA,AYAPATA,ALIANZA PARA EL PROGRESO,520,M,AYMARA
200303,PUNO,CARABAYA,AYAPATA,FRENTE AMPLIO PARA EL DESARROLLO DEL PUEBLO,511,M,AYMARA
200303,PUNO,CARABAYA,AYAPATA,FUERZA POPULAR,192,M,AYMARA
200303,PUNO,CARABAYA,AYAPATA,MOVIMIENTO AGRARIO PUNEÑO,523,M,AYMARA
200303,PUNO,CARABAYA,AYAPATA,PARTIDO HUMANISTA PERUANO,261,M,AYMARA
200303,PUNO,CARABAYA,AYAPATA,PROYECTO DE LA INTEGRACION PARA LA COOPERACION,173,M,AYMARA
200303,PUNO,CARABAYA,AYAPATA,PROYECTO POLITICO AQUI,647,M,AYMARA
200304,PUNO,CARABAYA,COASA,ALIANZA PARA EL PROGRESO,263,M,CASTELLANO
200304,PUNO,CARABAYA,COASA,FRENTE AMPLIO PARA EL DESARROLLO DEL PUEBLO,432,M,CASTELLANO
200304,PUNO,CARABAYA,COASA,FUERZA POPULAR,160,M,CASTELLANO
200304,PUNO,CARABAYA,COASA,PARTIDO HUMANISTA PERUANO,624,M,CASTELLANO
200304,PUNO,CARABAYA,COASA,PODER ANDINO,815,M,CASTELLANO
200304,PUNO,CARABAYA,COASA,POR LAS COMUNIDADES FUENTE DE INTEGRACION ANDINA DE PUNO - CONFIA - PUNO,288,M,CASTELLANO
200304,PUNO,CARABAYA,COASA,PROYECTO POLITICO AQUI,217,M,CASTELLANO
200304,PUNO,CARABAYA,COASA,RESTAURACION NACIONAL,152,M,CASTELLANO
200305,PUNO,CARABAYA,CORANI,ALIANZA PARA EL PROGRESO,35,M,AYMARA
200305,PUNO,CARABAYA,CORANI,FRENTE AMPLIO PARA EL DESARROLLO DEL PUEBLO,98,M,AYMARA
200305,PUNO,CARABAYA,CORANI,MORAL Y DESARROLLO,464,M,AYMARA
200305,PUNO,CARABAYA,CORANI,PODER DEMOCRATICO REGIONAL,40,M,AYMARA
200305,PUNO,CARABAYA,CORANI,PROYECTO DE LA INTEGRACION PARA LA COOPERACION,630,M,AYMARA
200305,PUNO,CARABAYA,CORANI,PROYECTO POLITICO AQUI,588,M,AYMARA
200306,PUNO,CARABAYA,CRUCERO,ALIANZA PARA EL PROGRESO,527,M,CASTELLANO
200306,PUNO,CARABAYA,CRUCERO,FRENTE AMPLIO DE PUNO,305,M,CASTELLANO
200306,PUNO,CARABAYA,CRUCERO,FRENTE AMPLIO PARA EL DESARROLLO DEL PUEBLO,222,M,CASTELLANO
200306,PUNO,CARABAYA,CRUCERO,FUERZA POPULAR,241,M,CASTELLANO
200306,PUNO,CARABAYA,CRUCERO,MORAL Y DESARROLLO,740,M,CASTELLANO
200306,PUNO,CARABAYA,CRUCERO,POR LAS COMUNIDADES FUENTE DE INTEGRACION ANDINA DE PUNO - CONFIA - PUNO,972,M,CASTELLANO
200306,PUNO,CARABAYA,CRUCERO,PROYECTO DE LA INTEGRACION PARA LA COOPERACION,901,M,CASTELLANO
200306,PUNO,CARABAYA,CRUCERO,PROYECTO POLITICO AQUI,357,M,CASTELLANO
200307,PUNO,CARABAYA,ITUATA,ALIANZA PARA EL PROGRESO,38,M,CASTELLANO
200307,PUNO,CARABAYA,ITUATA,MORAL Y DESARROLLO,17,M,CASTELLANO
200307,PUNO,CARABAYA,ITUATA,PARTIDO HUMANISTA PERUANO,469,M,CASTELLANO
200307,PUNO,CARABAYA,ITUATA,PERU PATRIA SEGURA,556,M,CASTELLANO
200307,PUNO,CARABAYA,ITUATA,PROYECTO POLITICO AQUI,836,M,CASTELLANO
200307,PUNO,CARABAYA,ITUATA,SIEMPRE UNIDOS,563,M,CASTELLANO
200308,PUNO,CARABAYA,OLLACHEA,ALIANZA PARA EL PROGRESO,172,M,QUECHUA
200308,PUNO,CARABAYA,OLLACHEA,FRENTE AMPLIO PARA EL DESARROLLO DEL PUEBLO,79,M,QUECHUA
200308,PUNO,CARABAYA,OLLACHEA,MORAL Y DESARROLLO,47,M,QUECHUA
200308,PUNO,CARABAYA,OLLACHEA,MOVIMIENTO AGRARIO PUNEÑO,79,M,QUECHUA
200308,PUNO,CARABAYA,OLLACHEA,PARTIDO HUMANISTA PERUANO,144,M,QUECHUA
200308,PUNO,CARABAYA,OLLACHEA,PODER DEMOCRATICO REGIONAL,88,M,QUECHUA
200308,PUNO,CARABAYA,OLLACHEA,PROYECTO DE LA INTEGRACION PARA LA COOPERACION,959,M,QUECHUA
200308,PUNO,CARABAYA,OLLACHEA,PROYECTO POLITICO AQUI,923,M,QUECHUA
200309,PUNO,CARABAYA,SAN GABAN,ALIANZA PARA EL PROGRESO,360,M,CASTELLANO
200309,PUNO,CARABAYA,SAN GABAN,FUERZA POPULAR,141,M,CASTELLANO
200309,PUNO,CARABAYA,SAN GABAN,MORAL Y DESARROLLO,175,M,CASTELLANO
200309,PUNO,CARABAYA,SAN GABAN,PARTIDO HUMANISTA PERUANO,704,M,CASTELLANO
200309,PUNO,CARABAYA,SAN GABAN,PROYECTO DE LA INTEGRACION PARA LA COOPERACION,820,M,CASTELLANO
200310,PUNO,CARABAYA,USICAYOS,MORAL Y DESARROLLO,345,M,QUECHUA
200310,PUNO,CARABAYA,USICAYOS,PODER ANDINO,566,M,QUECHUA
200310,PUNO,CARABAYA,USICAYOS,PROYECTO DE LA INTEGRACION PARA LA COOPERACION,606,M,QUECHUA
200310,PUNO,CARABAYA,USICAYOS,PROYECTO POLITICO AQUI,130,M,QUECHUA
200402,PUNO,CHUCUITO,DESAGUADERO,DEMOCRACIA DIRECTA,243,M,CASTELLANO
200402,PUNO,CHUCUITO,DESAGUADERO,MOVIMIENTO ANDINO SOCIALISTA,152,M,CASTELLANO
200402,PUNO,CHUCUITO,DESAGUADERO,PODER ANDINO,182,M,CASTELLANO
200402,PUNO,CHUCUITO,DESAGUADERO,PODER DEMOCRATICO REGIONAL,698,M,CASTELLANO
200402,PUNO,CHUCUITO,DESAGUADERO,POR LAS COMUNIDADES FUENTE DE INTEGRACION ANDINA DE PUNO - CONFIA - PUNO,1429,M,CASTELLANO
200402,PUNO,CHUCUITO,DESAGUADERO,PROYECTO DE LA INTEGRACION PARA LA COOPERACION,1137,M,CASTELLANO
200402,PUNO,CHUCUITO,DESAGUADERO,PROYECTO POLITICO AQUI,629,M,CASTELLANO
200402,PUNO,CHUCUITO,DESAGUADERO,RESTAURACION NACIONAL,1553,M,CASTELLANO
200403,PUNO,CHUCUITO,HUACULLANI,DEMOCRACIA DIRECTA,93,M,CASTELLANO
200403,PUNO,CHUCUITO,HUACULLANI,FRENTE AMPLIO PARA EL DESARROLLO DEL PUEBLO,244,M,CASTELLANO
200403,PUNO,CHUCUITO,HUACULLANI,FUERZA POPULAR,64,M,CASTELLANO
200403,PUNO,CHUCUITO,HUACULLANI,MORAL Y DESARROLLO,856,M,CASTELLANO
200403,PUNO,CHUCUITO,HUACULLANI,MOVIMIENTO ANDINO SOCIALISTA,197,M,CASTELLANO
200403,PUNO,CHUCUITO,HUACULLANI,PODER DEMOCRATICO REGIONAL,212,M,CASTELLANO
200403,PUNO,CHUCUITO,HUACULLANI,POR LAS COMUNIDADES FUENTE DE INTEGRACION ANDINA DE PUNO - CONFIA - PUNO,503,M,CASTELLANO
200403,PUNO,CHUCUITO,HUACULLANI,PROYECTO DE LA INTEGRACION PARA LA COOPERACION,448,M,CASTELLANO
200403,PUNO,CHUCUITO,HUACULLANI,PROYECTO POLITICO AQUI,151,M,CASTELLANO
200403,PUNO,CHUCUITO,HUACULLANI,RESTAURACION NACIONAL,14,M,CASTELLANO
200406,PUNO,CHUCUITO,PISACOMA,DEMOCRACIA DIRECTA,58,M,AYMARA
200406,PUNO,CHUCUITO,PISACOMA,FRENTE AMPLIO PARA EL DESARROLLO DEL PUEBLO,458,M,AYMARA
200406,PUNO,CHUCUITO,PISACOMA,MOVIMIENTO AL SOCIALISMO Y LIBERTAD,56,M,AYMARA
200406,PUNO,CHUCUITO,PISACOMA,MOVIMIENTO ANDINO SOCIALISTA,15,M,AYMARA
200406,PUNO,CHUCUITO,PISACOMA,PODER DEMOCRATICO REGIONAL,463,M,AYMARA
200406,PUNO,CHUCUITO,PISACOMA,POR LAS COMUNIDADES FUENTE DE INTEGRACION ANDINA DE PUNO - CONFIA - PUNO,229,M,AYMARA
200406,PUNO,CHUCUITO,PISACOMA,PROYECTO DE LA INTEGRACION PARA LA COOPERACION,180,M,AYMARA
200407,PUNO,CHUCUITO,POMATA,ACCION POPULAR,380,M,CASTELLANO
200407,PUNO,CHUCUITO,POMATA,DEMOCRACIA DIRECTA,110,M,CASTELLANO
200407,PUNO,CHUCUITO,POMATA,FRENTE AMPLIO PARA EL DESARROLLO DEL PUEBLO,27,M,CASTELLANO
200407,PUNO,CHUCUITO,POMATA,MOVIMIENTO ANDINO SOCIALISTA,505,M,CASTELLANO
200407,PUNO,CHUCUITO,POMATA,PODER DEMOCRATICO REGIONAL,604,M,CASTELLANO
200407,PUNO,CHUCUITO,POMATA,POR LAS COMUNIDADES FUENTE DE INTEGRACION ANDINA DE PUNO - CONFIA - PUNO,820,M,CASTELLANO
200407,PUNO,CHUCUITO,POMATA,PROYECTO DE LA INTEGRACION PARA LA COOPERACION,246,M,CASTELLANO
200407,PUNO,CHUCUITO,POMATA,PROYECTO POLITICO AQUI,239,M,CASTELLANO
200407,PUNO,CHUCUITO,POMATA,RESTAURACION NACIONAL,355,M,CASTELLANO
200410,PUNO,CHUCUITO,ZEPITA,DEMOCRACIA DIRECTA,1213,M,CASTELLANO
200410,PUNO,CHUCUITO,ZEPITA,FRENTE AMPLIO PARA EL DESARROLLO DEL PUEBLO,147,M,CASTELLANO
200410,PUNO,CHUCUITO,ZEPITA,MOVIMIENTO AL SOCIALISMO Y LIBERTAD,1342,M,CASTELLANO
200410,PUNO,CHUCUITO,ZEPITA,MOVIMIENTO ANDINO SOCIALISTA,981,M,CASTELLANO
200410,PUNO,CHUCUITO,ZEPITA,PODER DEMOCRATICO REGIONAL,2608,M,CASTELLANO
200410,PUNO,CHUCUITO,ZEPITA,POR LAS COMUNIDADES FUENTE DE INTEGRACION ANDINA DE PUNO - CONFIA - PUNO,2222,M,CASTELLANO
200410,PUNO,CHUCUITO,ZEPITA,PROYECTO DE LA INTEGRACION PARA LA COOPERACION,147,M,CASTELLANO
200412,PUNO,CHUCUITO,KELLUYO,ACCION POPULAR,489,M,CASTELLANO
200412,PUNO,CHUCUITO,KELLUYO,DEMOCRACIA DIRECTA,751,M,CASTELLANO
200412,PUNO,CHUCUITO,KELLUYO,MOVIMIENTO AL SOCIALISMO Y LIBERTAD,24,M,CASTELLANO
200412,PUNO,CHUCUITO,KELLUYO,MOVIMIENTO ANDINO SOCIALISTA,982,M,CASTELLANO
200412,PUNO,CHUCUITO,KELLUYO,POR LAS COMUNIDADES FUENTE DE INTEGRACION ANDINA DE PUNO - CONFIA - PUNO,87,M,CASTELLANO
200412,PUNO,CHUCUITO,KELLUYO,PROYECTO DE LA INTEGRACION PARA LA COOPERACION,828,M,CASTELLANO
200502,PUNO,HUANCANE,COJATA,DEMOCRACIA DIRECTA,584,M,CASTELLANO
200502,PUNO,HUANCANE,COJATA,FRENTE AMPLIO DE PUNO,41,M,CASTELLANO
200502,PUNO,HUANCANE,COJATA,MORAL Y DESARROLLO,111,M,CASTELLANO
200502,PUNO,HUANCANE,COJATA,MOVIMIENTO AGRARIO PUNEÑO,35,M,CASTELLANO
200502,PUNO,HUANCANE,COJATA,PODER ANDINO,499,M,CASTELLANO
200502,PUNO,HUANCANE,COJATA,POR LAS COMUNIDADES FUENTE DE INTEGRACION ANDINA DE PUNO - CONFIA - PUNO,840,M,CASTELLANO
200502,PUNO,HUANCANE,COJATA,PROYECTO DE LA INTEGRACION PARA LA COOPERACION,695,M,CASTELLANO
200502,PUNO,HUANCANE,COJATA,PROYECTO POLITICO AQUI,44,M,CASTELLANO
200504,PUNO,HUANCANE,INCHUPALLA,MORAL Y DESARROLLO,773,M,CASTELLANO
200504,PUNO,HUANCANE,INCHUPALLA,MOVIMIENTO AGRARIO PUNEÑO,185,M,CASTELLANO
200504,PUNO,HUANCANE,INCHUPALLA,PODER ANDINO,434,M,CASTELLANO
200504,PUNO,HUANCANE,INCHUPALLA,PODER DEMOCRATICO REGIONAL,405,M,CASTELLANO
200504,PUNO,HUANCANE,INCHUPALLA,POR LAS COMUNIDADES FUENTE DE INTEGRACION ANDINA DE PUNO - CONFIA - PUNO,123,M,CASTELLANO
200504,PUNO,HUANCANE,INCHUPALLA,PROYECTO DE LA INTEGRACION PARA LA COOPERACION,531,M,CASTELLANO
200506,PUNO,HUANCANE,PUSI,ACCION POPULAR,570,M,QUECHUA
200506,PUNO,HUANCANE,PUSI,ALIANZA PARA EL PROGRESO,94,M,QUECHUA
200506,PUNO,HUANCANE,PUSI,DEMOCRACIA DIRECTA,94,M,QUECHUA
200506,PUNO,HUANCANE,PUSI,FRENTE AMPLIO DE PUNO,218,M,QUECHUA
200506,PUNO,HUANCANE,PUSI,FUERZA POPULAR,77,M,QUECHUA
200506,PUNO,HUANCANE,PUSI,MORAL Y DESARROLLO,121,M,QUECHUA
200506,PUNO,HUANCANE,PUSI,MOVIMIENTO AGRARIO PUNEÑO,506,M,QUECHUA
200506,PUNO,HUANCANE,PUSI,PODER ANDINO,44,M,QUECHUA
200506,PUNO,HUANCANE,PUSI,POR LAS COMUNIDADES FUENTE DE INTEGRACION ANDINA DE PUNO - CONFIA - PUNO,654,M,QUECHUA
200506,PUNO,HUANCANE,PUSI,PROYECTO DE LA INTEGRACION PARA LA COOPERACION,451,M,QUECHUA
200506,PUNO,HUANCANE,PUSI,PROYECTO POLITICO AQUI,298,M,QUECHUA
200506,PUNO,HUANCANE,PUSI,RESTAURACION NACIONAL,143,M,QUECHUA
200507,PUNO,HUANCANE,ROSASPATA,ACCION POPULAR,401,M,CASTELLANO
200507,PUNO,HUANCANE,ROSASPATA,DEMOCRACIA DIRECTA,716,M,CASTELLANO
200507,PUNO,HUANCANE,ROSASPATA,"EL FRENTE AMPLIO POR JUSTICIA, VIDA Y LIBERTAD",438,M,CASTELLANO
200507,PUNO,HUANCANE,ROSASPATA,FRENTE AMPLIO DE PUNO,75,M,CASTELLANO
200507,PUNO,HUANCANE,ROSASPATA,FUERZA POPULAR,50,M,CASTELLANO
200507,PUNO,HUANCANE,ROSASPATA,MORAL Y DESARROLLO,552,M,CASTELLANO
200507,PUNO,HUANCANE,ROSASPATA,PODER ANDINO,156,M,CASTELLANO
200507,PUNO,HUANCANE,ROSASPATA,POR LAS COMUNIDADES FUENTE DE INTEGRACION ANDINA DE PUNO - CONFIA - PUNO,446,M,CASTELLANO
200507,PUNO,HUANCANE,ROSASPATA,PROYECTO DE LA INTEGRACION PARA LA COOPERACION,427,M,CASTELLANO
200507,PUNO,HUANCANE,ROSASPATA,RESTAURACION NACIONAL,94,M,CASTELLANO
200508,PUNO,HUANCANE,TARACO,ALIANZA PARA EL PROGRESO,364,M,QUECHUA
200508,PUNO,HUANCANE,TARACO,DEMOCRACIA DIRECTA,828,M,QUECHUA
200508,PUNO,HUANCANE,TARACO,FRENTE AMPLIO DE PUNO,153,M,QUECHUA
200508,PUNO,HUANCANE,TARACO,MORAL Y DESARROLLO,2125,M,QUECHUA
200508,PUNO,HUANCANE,TARACO,MOVIMIENTO AL SOCIALISMO Y LIBERTAD,185,M,QUECHUA
200508,PUNO,HUANCANE,TARACO,PODER ANDINO,665,M,QUECHUA
200508,PUNO,HUANCANE,TARACO,PODER DEMOCRATICO REGIONAL,1638,M,QUECHUA
200508,PUNO,HUANCANE,TARACO,POR LAS COMUNIDADES FUENTE DE INTEGRACION ANDINA DE PUNO - CONFIA - PUNO,797,M,QUECHUA
200508,PUNO,HUANCANE,TARACO,PROYECTO DE LA INTEGRACION PARA LA COOPERACION,1655,M,QUECHUA
200509,PUNO,HUANCANE,VILQUE CHICO,ACCION POPULAR,1319,M,CASTELLANO
200509,PUNO,HUANCANE,VILQUE CHICO,ALIANZA PARA EL PROGRESO,440,M,CASTELLANO
200509,PUNO,HUANCANE,VILQUE CHICO,DEMOCRACIA DIRECTA,406,M,CASTELLANO
200509,PUNO,HUANCANE,VILQUE CHICO,FRENTE AMPLIO DE PUNO,221,M,CASTELLANO
200509,PUNO,HUANCANE,VILQUE CHICO,FRENTE AMPLIO PARA EL DESARROLLO DEL PUEBLO,743,M,CASTELLANO
200509,PUNO,HUANCANE,VILQUE CHICO,MORAL Y DESARROLLO,766,M,CASTELLANO
200509,PUNO,HUANCANE,VILQUE CHICO,PODER ANDINO,253,M,CASTELLANO
200509,PUNO,HUANCANE,VILQUE CHICO,PROYECTO DE LA INTEGRACION PARA LA COOPERACION,1601,M,CASTELLANO
200509,PUNO,HUANCANE,VILQUE CHICO,PROYECTO POLITICO AQUI,60,M,CASTELLANO
200511,PUNO,HUANCANE,HUATASANI,FRENTE AMPLIO DE PUNO,144,M,AYMARA
200511,PUNO,HUANCANE,HUATASANI,FRENTE AMPLIO PARA EL DESARROLLO DEL PUEBLO,97,M,AYMARA
200511,PUNO,HUANCANE,HUATASANI,MORAL Y DESARROLLO,407,M,AYMARA
200511,PUNO,HUANCANE,HUATASANI,POR LAS COMUNIDADES FUENTE DE INTEGRACION ANDINA DE PUNO - CONFIA - PUNO,363,M,AYMARA
200511,PUNO,HUANCANE,HUATASANI,PROYECTO DE LA INTEGRACION PARA LA COOPERACION,752,M,AYMARA
200602,PUNO,LAMPA,CABANILLA,ALIANZA PARA EL PROGRESO,108,M,QUECHUA
200602,PUNO,LAMPA,CABANILLA,DEMOCRACIA DIRECTA,373,M,QUECHUA
200602,PUNO,LAMPA,CABANILLA,FRENTE AMPLIO PARA EL DESARROLLO DEL PUEBLO,577,M,QUECHUA
200602,PUNO,LAMPA,CABANILLA,FUERZA POPULAR,79,M,QUECHUA
200602,PUNO,LAMPA,CABANILLA,MORAL Y DESARROLLO,984,M,QUECHUA
200602,PUNO,LAMPA,CABANILLA,MOVIMIENTO AGRARIO PUNEÑO,105,M,QUECHUA
200602,PUNO,LAMPA,CABANILLA,PODER ANDINO,172,M,QUECHUA
200602,PUNO,LAMPA,CABANILLA,PODER DEMOCRATICO REGIONAL,774,M,QUECHUA
200602,PUNO,LAMPA,CABANILLA,PROYECTO DE LA INTEGRACION PARA LA COOPERACION,137,M,QUECHUA
200602,PUNO,LAMPA,CABANILLA,PROYECTO POLITICO AQUI,76,M,QUECHUA
200603,PUNO,LAMPA,CALAPUJA,ACCION POPULAR,74,M,CASTELLANO
200603,PUNO,LAMPA,CALAPUJA,ALIANZA PARA EL PROGRESO,80,M,CASTELLANO
200603,PUNO,LAMPA,CALAPUJA,DEMOCRACIA DIRECTA,15,M,CASTELLANO
200603,PUNO,LAMPA,CALAPUJA,FRENTE AMPLIO PARA EL DESARROLLO DEL PUEBLO,313,M,CASTELLANO
200603,PUNO,LAMPA,CALAPUJA,FUERZA POPULAR,49,M,CASTELLANO
200603,PUNO,LAMPA,CALAPUJA,MORAL Y DESARROLLO,129,M,CASTELLANO
200603,PUNO,LAMPA,CALAPUJA,MOVIMIENTO AGRARIO PUNEÑO,73,M,CASTELLANO
200603,PUNO,LAMPA,CALAPUJA,PODER ANDINO,163,M,CASTELLANO
200603,PUNO,LAMPA,CALAPUJA,PODER DEMOCRATICO REGIONAL,178,M,CASTELLANO
200603,PUNO,LAMPA,CALAPUJA,POR LAS COMUNIDADES FUENTE DE INTEGRACION ANDINA DE PUNO - CONFIA - PUNO,148,M,CASTELLANO
200603,PUNO,LAMPA,CALAPUJA,PROYECTO DE LA INTEGRACION PARA LA COOPERACION,129,M,CASTELLANO
200603,PUNO,LAMPA,CALAPUJA,RESTAURACION NACIONAL,75,M,CASTELLANO
200604,PUNO,LAMPA,NICASIO,ACCION POPULAR,278,M,AYMARA
200604,PUNO,LAMPA,NICASIO,ALIANZA PARA EL PROGRESO,254,M,AYMARA
200604,PUNO,LAMPA,NICASIO,FRENTE AMPLIO PARA EL DESARROLLO DEL PUEBLO,128,M,AYMARA
200604,PUNO,LAMPA,NICASIO,MORAL Y DESARROLLO,273,M,AYMARA
200604,PUNO,LAMPA,NICASIO,PODER DEMOCRATICO REGIONAL,676,M,AYMARA
200604,PUNO,LAMPA,NICASIO,PROYECTO DE LA INTEGRACION PARA LA COOPERACION,629,M,AYMARA
200605,PUNO,LAMPA,OCUVIRI,ACCION POPULAR,109,M,QUECHUA
200605,PUNO,LAMPA,OCUVIRI,ALIANZA PARA EL PROGRESO,51,M,QUECHUA
200605,PUNO,LAMPA,OCUVIRI,DEMOCRACIA DIRECTA,51,M,QUECHUA
200605,PUNO,LAMPA,OCUVIRI,FRENTE AMPLIO PARA EL DESARROLLO DEL PUEBLO,259,M,QUECHUA
200605,PUNO,LAMPA,OCUVIRI,FUERZA POPULAR,28,M,QUECHUA
200605,PUNO,LAMPA,OCUVIRI,MORAL Y DESARROLLO,153,M,QUECHUA
200605,PUNO,LAMPA,OCUVIRI,MOVIMIENTO AGRARIO PUNEÑO,28,M,QUECHUA
200605,PUNO,LAMPA,OCUVIRI,PODER DEMOCRATICO REGIONAL,354,M,QUECHUA
200605,PUNO,LAMPA,OCUVIRI,POR LAS COMUNIDADES FUENTE DE INTEGRACION ANDINA DE PUNO - CONFIA - PUNO,133,M,QUECHUA
200605,PUNO,LAMPA,OCUVIRI,PROYECTO DE LA INTEGRACION PARA LA COOPERACION,171,M,QUECHUA
200605,PUNO,LAMPA,OCUVIRI,PROYECTO POLITICO AQUI,11,M,QUECHUA
200605,PUNO,LAMPA,OCUVIRI,UNION POR EL PERU,36,M,QUECHUA
200606,PUNO,LAMPA,PALCA,ALIANZA PARA EL PROGRESO,184,M,QUECHUA
200606,PUNO,LAMPA,PALCA,DEMOCRACIA DIRECTA,276,M,QUECHUA
200606,PUNO,LAMPA,PALCA,FRENTE AMPLIO PARA EL DESARROLLO DEL PUEBLO,380,M,QUECHUA
200606,PUNO,LAMPA,PALCA,MORAL Y DESARROLLO,335,M,QUECHUA
200606,PUNO,LAMPA,PALCA,PODER DEMOCRATICO REGIONAL,58,M,QUECHUA
200607,PUNO,LAMPA,PARATIA,ALIANZA PARA EL PROGRESO,30,M,CASTELLANO
200607,PUNO,LAMPA,PARATIA,FRENTE AMPLIO DE PUNO,290,M,CASTELLANO
200607,PUNO,LAMPA,PARATIA,FRENTE AMPLIO PARA EL DESARROLLO DEL PUEBLO,233,M,CASTELLANO
200607,PUNO,LAMPA,PARATIA,FUERZA POPULAR,20,M,CASTELLANO
200607,PUNO,LAMPA,PARATIA,MORAL Y DESARROLLO,250,M,CASTELLANO
200607,PUNO,LAMPA,PARATIA,PODER DEMOCRATICO REGIONAL,279,M,CASTELLANO
200607,PUNO,LAMPA,PARATIA,POR LAS COMUNIDADES FUENTE DE INTEGRACION ANDINA DE PUNO - CONFIA - PUNO,152,M,CASTELLANO
200607,PUNO,LAMPA,PARATIA,PROYECTO DE LA INTEGRACION PARA LA COOPERACION,62,M,CASTELLANO
200607,PUNO,LAMPA,PARATIA,RESTAURACION NACIONAL,186,M,CASTELLANO
200608,PUNO,LAMPA,PUCARA,ALIANZA PARA EL PROGRESO,657,M,CASTELLANO
200608,PUNO,LAMPA,PUCARA,DEMOCRACIA DIRECTA,103,M,CASTELLANO
200608,PUNO,LAMPA,PUCARA,FRENTE AMPLIO PARA EL DESARROLLO DEL PUEBLO,791,M,CASTELLANO
200608,PUNO,LAMPA,PUCARA,FUERZA POPULAR,85,M,CASTELLANO
200608,PUNO,LAMPA,PUCARA,MORAL Y DESARROLLO,705,M,CASTELLANO
200608,PUNO,LAMPA,PUCARA,PODER DEMOCRATICO REGIONAL,633,M,CASTELLANO
200608,PUNO,LAMPA,PUCARA,PROYECTO DE LA INTEGRACION PARA LA COOPERACION,507,M,CASTELLANO
200609,PUNO,LAMPA,SANTA LUCIA,ALIANZA PARA EL PROGRESO,542,M,CASTELLANO
200609,PUNO,LAMPA,SANTA LUCIA,DEMOCRACIA DIRECTA,90,M,CASTELLANO
200609,PUNO,LAMPA,SANTA LUCIA,FRENTE AMPLIO PARA EL DESARROLLO DEL PUEBLO,113,M,CASTELLANO
200609,PUNO,LAMPA,SANTA LUCIA,FUERZA POPULAR,546,M,CASTELLANO
200609,PUNO,LAMPA,SANTA LUCIA,MORAL Y DESARROLLO,281,M,CASTELLANO
200609,PUNO,LAMPA,SANTA LUCIA,MOVIMIENTO AGRARIO PUNEÑO,212,M,CASTELLANO
200609,PUNO,LAMPA,SANTA LUCIA,PODER ANDINO,262,M,CASTELLANO
200609,PUNO,LAMPA,SANTA LUCIA,PODER DEMOCRATICO REGIONAL,670,M,CASTELLANO
200609,PUNO,LAMPA,SANTA LUCIA,PROYECTO DE LA INTEGRACION PARA LA COOPERACION,572,M,CASTELLANO
200609,PUNO,LAMPA,SANTA LUCIA,RESTAURACION NACIONAL,686,M,CASTELLANO
200610,PUNO,LAMPA,VILAVILA,ALIANZA PARA EL PROGRESO,50,M,QUECHUA
200610,PUNO,LAMPA,VILAVILA,FRENTE AMPLIO PARA EL DESARROLLO DEL PUEBLO,49,M,QUECHUA
200610,PUNO,LAMPA,VILAVILA,FUERZA POPULAR,217,M,QUECHUA
200610,PUNO,LAMPA,VILAVILA,MORAL Y DESARROLLO,238,M,QUECHUA
200610,PUNO,LAMPA,VILAVILA,PODER DEMOCRATICO REGIONAL,90,M,QUECHUA
200610,PUNO,LAMPA,VILAVILA,PROYECTO DE LA INTEGRACION PARA LA COOPERACION,53,M,QUECHUA
200702,PUNO,MELGAR,ANTAUTA,ACCION POPULAR,63,M,CASTELLANO
200702,PUNO,MELGAR,ANTAUTA,ALIANZA PARA EL PROGRESO,447,M,CASTELLANO
200702,PUNO,MELGAR,ANTAUTA,DEMOCRACIA DIRECTA,258,M,CASTELLANO
200702,PUNO,MELGAR,ANTAUTA,FRENTE AMPLIO PARA EL DESARROLLO DEL PUEBLO,357,M,CASTELLANO
200702,PUNO,MELGAR,ANTAUTA,FUERZA POPULAR,90,M,CASTELLANO
200702,PUNO,MELGAR,ANTAUTA,MORAL Y DESARROLLO,320,M,CASTELLANO
200702,PUNO,MELGAR,ANTAUTA,MOVIMIENTO AGRARIO PUNEÑO,163,M,CASTELLANO
200702,PUNO,MELGAR,ANTAUTA,MOVIMIENTO AL SOCIALISMO Y LIBERTAD,53,M,CASTELLANO
200702,PUNO,MELGAR,ANTAUTA,PODER ANDINO,178,M,CASTELLANO
200702,PUNO,MELGAR,ANTAUTA,PODER DEMOCRATICO REGIONAL,80,M,CASTELLANO
200702,PUNO,MELGAR,ANTAUTA,PROYECTO DE LA INTEGRACION PARA LA COOPERACION,459,M,CASTELLANO
200702,PUNO,MELGAR,ANTAUTA,PROYECTO POLITICO AQUI,109,M,CASTELLANO
200702,PUNO,MELGAR,ANTAUTA,RESTAURACION NACIONAL,493,M,CASTELLANO
200703,PUNO,MELGAR,CUPI,ACCION POPULAR,117,M,EXTRANJERO
200703,PUNO,MELGAR,CUPI,ALIANZA PARA EL PROGRESO,217,M,EXTRANJERO
200703,PUNO,MELGAR,CUPI,FRENTE AMPLIO PARA EL DESARROLLO DEL PUEBLO,332,M,EXTRANJERO
200703,PUNO,MELGAR,CUPI,PROYECTO DE LA INTEGRACION PARA LA COOPERACION,231,M,EXTRANJERO
200703,PUNO,MELGAR,CUPI,RESTAURACION NACIONAL,250,M,EXTRANJERO
200704,PUNO,MELGAR,LLALLI,ACCION POPULAR,135,M,CASTELLANO
200704,PUNO,MELGAR,LLALLI,ALIANZA PARA EL PROGRESO,276,M,CASTELLANO
200704,PUNO,MELGAR,LLALLI,DEMOCRACIA DIRECTA,40,M,CASTELLANO
200704,PUNO,MELGAR,LLALLI,FRENTE AMPLIO PARA EL DESARROLLO DEL PUEBLO,84,M,CASTELLANO
200704,PUNO,MELGAR,LLALLI,FUERZA POPULAR,53,M,CASTELLANO
200704,PUNO,MELGAR,LLALLI,MOVIMIENTO AGRARIO PUNEÑO,343,M,CASTELLANO
200704,PUNO,MELGAR,LLALLI,PODER ANDINO,87,M,CASTELLANO
200704,PUNO,MELGAR,LLALLI,PODER DEMOCRATICO REGIONAL,10,M,CASTELLANO
200704,PUNO,MELGAR,LLALLI,POR LAS COMUNIDADES FUENTE DE INTEGRACION ANDINA DE PUNO - CONFIA - PUNO,53,M,CASTELLANO
200704,PUNO,MELGAR,LLALLI,PROYECTO DE LA INTEGRACION PARA LA COOPERACION,91,M,CASTELLANO
200704,PUNO,MELGAR,LLALLI,PROYECTO POLITICO AQUI,269,M,CASTELLANO
200704,PUNO,MELGAR,LLALLI,RESTAURACION NACIONAL,203,M,CASTELLANO
200705,PUNO,MELGAR,MACARI,ALIANZA PARA EL PROGRESO,54,M,CASTELLANO
200705,PUNO,MELGAR,MACARI,DEMOCRACIA DIRECTA,133,M,CASTELLANO
200705,PUNO,MELGAR,MACARI,FRENTE AMPLIO PARA EL DESARROLLO DEL PUEBLO,408,M,CASTELLANO
200705,PUNO,MELGAR,MACARI,MORAL Y DESARROLLO,1021,M,CASTELLANO
200705,PUNO,MELGAR,MACARI,MOVIMIENTO AL SOCIALISMO Y LIBERTAD,54,M,CASTELLANO
200705,PUNO,MELGAR,MACARI,PODER ANDINO,877,M,CASTELLANO
200705,PUNO,MELGAR,MACARI,PODER DEMOCRATICO REGIONAL,100,M,CASTELLANO
200705,PUNO,MELGAR,MACARI,POR LAS COMUNIDADES FUENTE DE INTEGRACION ANDINA DE PUNO - CONFIA - PUNO,139,M,CASTELLANO
200705,PUNO,MELGAR,MACARI,PROYECTO DE LA INTEGRACION PARA LA COOPERACION,450,M,CASTELLANO
200705,PUNO,MELGAR,MACARI,PROYECTO POLITICO AQUI,613,M,CASTELLANO
200706,PUNO,MELGAR,NUÑOA,ACCION POPULAR,122,M,QUECHUA
200706,PUNO,MELGAR,NUÑOA,ALIANZA PARA EL PROGRESO,103,M,QUECHUA
200706,PUNO,MELGAR,NUÑOA,DEMOCRACIA DIRECTA,504,M,QUECHUA
200706,PUNO,MELGAR,NUÑOA,FRENTE AMPLIO PARA EL DESARROLLO DEL PUEBLO,1869,M,QUECHUA
200706,PUNO,MELGAR,NUÑOA,MOVIMIENTO AGRARIO PUNEÑO,162,M,QUECHUA
200706,PUNO,MELGAR,NUÑOA,MOVIMIENTO AL SOCIALISMO Y LIBERTAD,290,M,QUECHUA
200706,PUNO,MELGAR,NUÑOA,PODER ANDINO,1248,M,QUECHUA
200706,PUNO,MELGAR,NUÑOA,POR LAS COMUNIDADES FUENTE DE INTEGRACION ANDINA DE PUNO - CONFIA - PUNO,111,M,QUECHUA
200706,PUNO,MELGAR,NUÑOA,PROYECTO DE LA INTEGRACION PARA LA COOPERACION,131,M,QUECHUA
200706,PUNO,MELGAR,NUÑOA,PROYECTO POLITICO AQUI,60,M,QUECHUA
200707,PUNO,MELGAR,ORURILLO,ACCION POPULAR,23,M,QUECHUA
200707,PUNO,MELGAR,ORURILLO,ALIANZA PARA EL PROGRESO,730,M,QUECHUA
200707,PUNO,MELGAR,ORURILLO,DEMOCRACIA DIRECTA,165,M,QUECHUA
200707,PUNO,MELGAR,ORURILLO,FRENTE AMPLIO DE PUNO,57,M,QUECHUA
200707,PUNO,MELGAR,ORURILLO,FRENTE AMPLIO PARA EL DESARROLLO DEL PUEBLO,1092,M,QUECHUA
200707,PUNO,MELGAR,ORURILLO,MOVIMIENTO AL SOCIALISMO Y LIBERTAD,50,M,QUECHUA
200707,PUNO,MELGAR,ORURILLO,PODER ANDINO,1459,M,QUECHUA
200707,PUNO,MELGAR,ORURILLO,PODER DEMOCRATICO REGIONAL,82,M,QUECHUA
200707,PUNO,MELGAR,ORURILLO,POR LAS COMUNIDADES FUENTE DE INTEGRACION ANDINA DE PUNO - CONFIA - PUNO,394,M,QUECHUA
200707,PUNO,MELGAR,ORURILLO,PROYECTO DE LA INTEGRACION PARA LA COOPERACION,577,M,QUECHUA
200707,PUNO,MELGAR,ORURILLO,PROYECTO POLITICO AQUI,33,M,QUECHUA
200708,PUNO,MELGAR,SANTA ROSA,ACCION POPULAR,38,M,CASTELLANO
200708,PUNO,MELGAR,SANTA ROSA,ALIANZA PARA EL PROGRESO,59,M,CASTELLANO
200708,PUNO,MELGAR,SANTA ROSA,DEMOCRACIA DIRECTA,134,M,CASTELLANO
200708,PUNO,MELGAR,SANTA ROSA,FRENTE AMPLIO DE PUNO,22,M,CASTELLANO
200708,PUNO,MELGAR,SANTA ROSA,FRENTE AMPLIO PARA EL DESARROLLO DEL PUEBLO,247,M,CASTELLANO
200708,PUNO,MELGAR,SANTA ROSA,FUERZA POPULAR,37,M,CASTELLANO
200708,PUNO,MELGAR,SANTA ROSA,MORAL Y DESARROLLO,35,M,CASTELLANO
200708,PUNO,MELGAR,SANTA ROSA,MOVIMIENTO AGRARIO PUNEÑO,25,M,CASTELLANO
200708,PUNO,MELGAR,SANTA ROSA,MOVIMIENTO ANDINO SOCIALISTA,307,M,CASTELLANO
200708,PUNO,MELGAR,SANTA ROSA,PARTIDO HUMANISTA PERUANO,76,M,CASTELLANO
200708,PUNO,MELGAR,SANTA ROSA,PODER ANDINO,234,M,CASTELLANO
200708,PUNO,MELGAR,SANTA ROSA,PODER DEMOCRATICO REGIONAL,52,M,CASTELLANO
200708,PUNO,MELGAR,SANTA ROSA,POR LAS COMUNIDADES FUENTE DE INTEGRACION ANDINA DE PUNO - CONFIA - PUNO,247,M,CASTELLANO
200708,PUNO,MELGAR,SANTA ROSA,PROYECTO DE LA INTEGRACION PARA LA COOPERACION,61,M,CASTELLANO
200708,PUNO,MELGAR,SANTA ROSA,UNION POR EL PERU,67,M,CASTELLANO
200709,PUNO,MELGAR,UMACHIRI,ALIANZA PARA EL PROGRESO,51,M,CASTELLANO
200709,PUNO,MELGAR,UMACHIRI,DEMOCRACIA DIRECTA,99,M,CASTELLANO
200709,PUNO,MELGAR,UMACHIRI,FRENTE AMPLIO PARA EL DESARROLLO DEL PUEBLO,510,M,CASTELLANO
200709,PUNO,MELGAR,UMACHIRI,MORAL Y DESARROLLO,199,M,CASTELLANO
200709,PUNO,MELGAR,UMACHIRI,MOVIMIENTO AGRARIO PUNEÑO,95,M,CASTELLANO
200709,PUNO,MELGAR,UMACHIRI,PODER ANDINO,263,M,CASTELLANO
200709,PUNO,MELGAR,UMACHIRI,PODER DEMOCRATICO REGIONAL,62,M,CASTELLANO
200709,PUNO,MELGAR,UMACHIRI,POR LAS COMUNIDADES FUENTE DE INTEGRACION ANDINA DE PUNO - CONFIA - PUNO,453,M,CASTELLANO
200709,PUNO,MELGAR,UMACHIRI,PROYECTO DE LA INTEGRACION PARA LA COOPERACION,578,M,CASTELLANO
200709,PUNO,MELGAR,UMACHIRI,PROYECTO POLITICO AQUI,41,M,CASTELLANO
200803,PUNO,SANDIA,CUYOCUYO,ACCION POPULAR,1111,M,AYMARA
200803,PUNO,SANDIA,CUYOCUYO,ALIANZA PARA EL PROGRESO,195,M,AYMARA
200803,PUNO,SANDIA,CUYOCUYO,MORAL Y DESARROLLO,8,M,AYMARA
200803,PUNO,SANDIA,CUYOCUYO,MOVIMIENTO ANDINO SOCIALISTA,814,M,AYMARA
200803,PUNO,SANDIA,CUYOCUYO,POR LAS COMUNIDADES FUENTE DE INTEGRACION ANDINA DE PUNO - CONFIA - PUNO,665,M,AYMARA
200803,PUNO,SANDIA,CUYOCUYO,PROYECTO DE LA INTEGRACION PARA LA COOPERACION,768,M,AYMARA
200803,PUNO,SANDIA,CUYOCUYO,SIEMPRE UNIDOS,379,M,AYMARA
200804,PUNO,SANDIA,LIMBANI,ACCION POPULAR,102,M,CASTELLANO
200804,PUNO,SANDIA,LIMBANI,DEMOCRACIA DIRECTA,241,M,CASTELLANO
200804,PUNO,SANDIA,LIMBANI,FRENTE AMPLIO PARA EL DESARROLLO DEL PUEBLO,58,M,CASTELLANO
200804,PUNO,SANDIA,LIMBANI,FUERZA POPULAR,30,M,CASTELLANO
200804,PUNO,SANDIA,LIMBANI,MOVIMIENTO AL SOCIALISMO Y LIBERTAD,195,M,CASTELLANO
200804,PUNO,SANDIA,LIMBANI,PARTIDO HUMANISTA PERUANO,252,M,CASTELLANO
200804,PUNO,SANDIA,LIMBANI,PODER DEMOCRATICO REGIONAL,183,M,CASTELLANO
200804,PUNO,SANDIA,LIMBANI,POR LAS COMUNIDADES FUENTE DE INTEGRACION ANDINA DE PUNO - CONFIA - PUNO,100,M,CASTELLANO
200804,PUNO,SANDIA,LIMBANI,PROYECTO DE LA INTEGRACION PARA LA COOPERACION,458,M,CASTELLANO
200805,PUNO,SANDIA,PHARA,ACCION POPULAR,217,M,QUECHUA
200805,PUNO,SANDIA,PHARA,DEMOCRACIA DIRECTA,456,M,QUECHUA
200805,PUNO,SANDIA,PHARA,FRENTE AMPLIO DE PUNO,113,M,QUECHUA
200805,PUNO,SANDIA,PHARA,FRENTE AMPLIO PARA EL DESARROLLO DEL PUEBLO,672,M,QUECHUA
200805,PUNO,SANDIA,PHARA,PODER ANDINO,86,M,QUECHUA
200805,PUNO,SANDIA,PHARA,PODER DEMOCRATICO REGIONAL,335,M,QUECHUA
200805,PUNO,SANDIA,PHARA,POR LAS COMUNIDADES FUENTE DE INTEGRACION ANDINA DE PUNO - CONFIA - PUNO,184,M,QUECHUA
200805,PUNO,SANDIA,PHARA,PROYECTO DE LA INTEGRACION PARA LA COOPERACION,266,M,QUECHUA
200806,PUNO,SANDIA,PATAMBUCO,ALIANZA PARA EL PROGRESO,444,M,QUECHUA
200806,PUNO,SANDIA,PATAMBUCO,DEMOCRACIA DIRECTA,171,M,QUECHUA
200806,PUNO,SANDIA,PATAMBUCO,FRENTE AMPLIO DE PUNO,87,M,QUECHUA
200806,PUNO,SANDIA,PATAMBUCO,FRENTE AMPLIO PARA EL DESARROLLO DEL PUEBLO,386,M,QUECHUA
200806,PUNO,SANDIA,PATAMBUCO,MORAL Y DESARROLLO,282,M,QUECHUA
200806,PUNO,SANDIA,PATAMBUCO,MOVIMIENTO AGRARIO PUNEÑO,115,M,QUECHUA
200806,PUNO,SANDIA,PATAMBUCO,MOVIMIENTO AL SOCIALISMO Y LIBERTAD,117,M,QUECHUA
200806,PUNO,SANDIA,PATAMBUCO,MOVIMIENTO ANDINO SOCIALISTA,132,M,QUECHUA
200806,PUNO,SANDIA,PATAMBUCO,PODER DEMOCRATICO REGIONAL,131,M,QUECHUA
200806,PUNO,SANDIA,PATAMBUCO,PROYECTO DE LA INTEGRACION PARA LA COOPERACION,371,M,QUECHUA
200807,PUNO,SANDIA,QUIACA,DEMOCRACIA DIRECTA,430,M,CASTELLANO
200807,PUNO,SANDIA,QUIACA,MORAL Y DESARROLLO,261,M,CASTELLANO
200807,PUNO,SANDIA,QUIACA,PODER DEMOCRATICO REGIONAL,65,M,CASTELLANO
200807,PUNO,SANDIA,QUIACA,PROYECTO DE LA INTEGRACION PARA LA COOPERACION,244,M,CASTELLANO
200808,PUNO,SANDIA,SAN JUAN DEL ORO,DEMOCRACIA DIRECTA,146,M,CASTELLANO
200808,PUNO,SANDIA,SAN JUAN DEL ORO,FRENTE AMPLIO PARA EL DESARROLLO DEL PUEBLO,46,M,CASTELLANO
200808,PUNO,SANDIA,SAN JUAN DEL ORO,PARTIDO DEMOCRATICO SOMOS PERU,643,M,CASTELLANO
200808,PUNO,SANDIA,SAN JUAN DEL ORO,PODER DEMOCRATICO REGIONAL,51,M,CASTELLANO
200808,PUNO,SANDIA,SAN JUAN DEL ORO,PROYECTO DE LA INTEGRACION PARA LA COOPERACION,900,M,CASTELLANO
200808,PUNO,SANDIA,SAN JUAN DEL ORO,PROYECTO POLITICO AQUI,590,M,CASTELLANO
200808,PUNO,SANDIA,SAN JUAN DEL ORO,RESTAURACION NACIONAL,29,M,CASTELLANO
200808,PUNO,SANDIA,SAN JUAN DEL ORO,UNION POR EL PERU,42,M,CASTELLANO
200810,PUNO,SANDIA,YANAHUAYA,ACCION POPULAR,514,M,CASTELLANO
200810,PUNO,SANDIA,YANAHUAYA,DEMOCRACIA DIRECTA,387,M,CASTELLANO
200810,PUNO,SANDIA,YANAHUAYA,FRENTE AMPLIO PARA EL DESARROLLO DEL PUEBLO,10,M,CASTELLANO
200810,PUNO,SANDIA,YANAHUAYA,FUERZA POPULAR,51,M,CASTELLANO
200810,PUNO,SANDIA,YANAHUAYA,PODER DEMOCRATICO REGIONAL,125,M,CASTELLANO
200810,PUNO,SANDIA,YANAHUAYA,PROYECTO DE LA INTEGRACION PARA LA COOPERACION,360,M,CASTELLANO
200811,PUNO,SANDIA,ALTO INAMBARI,DEMOCRACIA DIRECTA,755,M,CASTELLANO
200811,PUNO,SANDIA,ALTO INAMBARI,FRENTE AMPLIO PARA EL DESARROLLO DEL PUEBLO,538,M,CASTELLANO
200811,PUNO,SANDIA,ALTO INAMBARI,FUERZA POPULAR,67,M,CASTELLANO
200811,PUNO,SANDIA,ALTO INAMBARI,MORAL Y DESARROLLO,452,M,CASTELLANO
200811,PUNO,SANDIA,ALTO INAMBARI,MOVIMIENTO AGRARIO PUNEÑO,175,M,CASTELLANO
200811,PUNO,SANDIA,ALTO INAMBARI,POR LAS COMUNIDADES FUENTE DE INTEGRACION ANDINA DE PUNO - CONFIA - PUNO,364,M,CASTELLANO
200811,PUNO,SANDIA,ALTO INAMBARI,PROYECTO DE LA INTEGRACION PARA LA COOPERACION,171,M,CASTELLANO
200812,PUNO,SANDIA,SAN PEDRO DE PUTINA PUNCO,ACCION POPULAR,125,M,AYMARA
200812,PUNO,SANDIA,SAN PEDRO DE PUTINA PUNCO,DEMOCRACIA DIRECTA,821,M,AYMARA
200812,PUNO,SANDIA,SAN PEDRO DE PUTINA PUNCO,FRENTE AMPLIO DE PUNO,227,M,AYMARA
200812,PUNO,SANDIA,SAN PEDRO DE PUTINA PUNCO,FRENTE AMPLIO PARA EL DESARROLLO DEL PUEBLO,521,M,AYMARA
200812,PUNO,SANDIA,SAN PEDRO DE PUTINA PUNCO,FUERZA POPULAR,722,M,AYMARA
200812,PUNO,SANDIA,SAN PEDRO DE PUTINA PUNCO,MORAL Y DESARROLLO,147,M,AYMARA
200812,PUNO,SANDIA,SAN PEDRO DE PUTINA PUNCO,PODER ANDINO,122,M,AYMARA
200812,PUNO,SANDIA,SAN PEDRO DE PUTINA PUNCO,PODER DEMOCRATICO REGIONAL,277,M,AYMARA
200812,PUNO,SANDIA,SAN PEDRO DE PUTINA PUNCO,POR LAS COMUNIDADES FUENTE DE INTEGRACION ANDINA DE PUNO - CONFIA - PUNO,318,M,AYMARA
200812,PUNO,SANDIA,SAN PEDRO DE PUTINA PUNCO,PROYECTO DE LA INTEGRACION PARA LA COOPERACION,188,M,AYMARA
200812,PUNO,SANDIA,SAN PEDRO DE PUTINA PUNCO,SIEMPRE UNIDOS,239,M,AYMARA
200902,PUNO,SAN ROMAN,CABANA,ALIANZA PARA EL PROGRESO,407,M,QUECHUA
200902,PUNO,SAN ROMAN,CABANA,DEMOCRACIA DIRECTA,167,M,QUECHUA
200902,PUNO,SAN ROMAN,CABANA,FRENTE AMPLIO PARA EL DESARROLLO DEL PUEBLO,168,M,QUECHUA
200902,PUNO,SAN ROMAN,CABANA,MOVIMIENTO AGRARIO PUNEÑO,484,M,QUECHUA
200902,PUNO,SAN ROMAN,CABANA,MOVIMIENTO ANDINO SOCIALISTA,340,M,QUECHUA
200902,PUNO,SAN ROMAN,CABANA,PODER ANDINO,289,M,QUECHUA
200902,PUNO,SAN ROMAN,CABANA,PODER DEMOCRATICO REGIONAL,161,M,QUECHUA
200902,PUNO,SAN ROMAN,CABANA,PROYECTO DE LA INTEGRACION PARA LA COOPERACION,586,M,QUECHUA
200902,PUNO,SAN ROMAN,CABANA,PROYECTO POLITICO AQUI,71,M,QUECHUA
200903,PUNO,SAN ROMAN,CABANILLAS,ALIANZA PARA EL PROGRESO,32,M,AYMARA
200903,PUNO,SAN ROMAN,CABANILLAS,DEMOCRACIA DIRECTA,237,M,AYMARA
200903,PUNO,SAN ROMAN,CABANILLAS,FRENTE AMPLIO PARA EL DESARROLLO DEL PUEBLO,298,M,AYMARA
200903,PUNO,SAN ROMAN,CABANILLAS,MOVIMIENTO AGRARIO PUNEÑO,295,M,AYMARA
200903,PUNO,SAN ROMAN,CABANILLAS,MOVIMIENTO ANDINO SOCIALISTA,35,M,AYMARA
200903,PUNO,SAN ROMAN,CABANILLAS,PARTIDO POPULAR CRISTIANO - PPC,278,M,AYMARA
200903,PUNO,SAN ROMAN,CABANILLAS,PODER ANDINO,511,M,AYMARA
200903,PUNO,SAN ROMAN,CABANILLAS,PODER DEMOCRATICO REGIONAL,106,M,AYMARA
200903,PUNO,SAN ROMAN,CABANILLAS,POR LAS COMUNIDADES FUENTE DE INTEGRACION ANDINA DE PUNO - CONFIA - PUNO,546,M,AYMARA
200903,PUNO,SAN ROMAN,CABANILLAS,PROYECTO DE LA INTEGRACION PARA LA COOPERACION,321,M,AYMARA
200903,PUNO,SAN ROMAN,CABANILLAS,PROYECTO POLITICO AQUI,56,M,AYMARA
200904,PUNO,SAN ROMAN,CARACOTO,ALIANZA PARA EL PROGRESO,90,M,CASTELLANO
200904,PUNO,SAN ROMAN,CARACOTO,DEMOCRACIA DIRECTA,122,M,CASTELLANO
200904,PUNO,SAN ROMAN,CARACOTO,FRENTE AMPLIO DE PUNO,483,M,CASTELLANO
200904,PUNO,SAN ROMAN,CARACOTO,FRENTE AMPLIO PARA EL DESARROLLO DEL PUEBLO,404,M,CASTELLANO
200904,PUNO,SAN ROMAN,CARACOTO,FUERZA POPULAR,107,M,CASTELLANO
200904,PUNO,SAN ROMAN,CARACOTO,MOVIMIENTO AGRARIO PUNEÑO,179,M,CASTELLANO
200904,PUNO,SAN ROMAN,CARACOTO,MOVIMIENTO ANDINO SOCIALISTA,19,M,CASTELLANO
200904,PUNO,SAN ROMAN,CARACOTO,PODER ANDINO,362,M,CASTELLANO
200904,PUNO,SAN ROMAN,CARACOTO,PODER DEMOCRATICO REGIONAL,1111,M,CASTELLANO
200904,PUNO,SAN ROMAN,CARACOTO,POR LAS COMUNIDADES FUENTE DE INTEGRACION ANDINA DE PUNO - CONFIA - PUNO,633,M,CASTELLANO
200904,PUNO,SAN ROMAN,CARACOTO,PROYECTO DE LA INTEGRACION PARA LA COOPERACION,1277,M,CASTELLANO
200904,PUNO,SAN ROMAN,CARACOTO,PROYECTO POLITICO AQUI,29,M,CASTELLANO
200904,PUNO,SAN ROMAN,CARACOTO,RESTAURACION NACIONAL,91,M,CASTELLANO
200904,PUNO,SAN ROMAN,CARACOTO,SIEMPRE UNIDOS,245,M,CASTELLANO
201002,PUNO,YUNGUYO,UNICACHI,DEMOCRACIA DIRECTA,66,M,CASTELLANO
201002,PUNO,YUNGUYO,UNICACHI,FRENTE AMPLIO PARA EL DESARROLLO DEL PUEBLO,124,M,CASTELLANO
201002,PUNO,YUNGUYO,UNICACHI,MOVIMIENTO ANDINO SOCIALISTA,287,M,CASTELLANO
201002,PUNO,YUNGUYO,UNICACHI,POR LAS COMUNIDADES FUENTE DE INTEGRACION ANDINA DE PUNO - CONFIA - PUNO,97,M,CASTELLANO
201002,PUNO,YUNGUYO,UNICACHI,PROYECTO DE LA INTEGRACION PARA LA COOPERACION,172,M,CASTELLANO
201003,PUNO,YUNGUYO,ANAPIA,DEMOCRACIA DIRECTA,320,M,CASTELLANO
201003,PUNO,YUNGUYO,ANAPIA,FRENTE AMPLIO PARA EL DESARROLLO DEL PUEBLO,39,M,CASTELLANO
201003,PUNO,YUNGUYO,ANAPIA,MOVIMIENTO ANDINO SOCIALISTA,27,M,CASTELLANO
201003,PUNO,YUNGUYO,ANAPIA,PROYECTO DE LA INTEGRACION PARA LA COOPERACION,218,M,CASTELLANO
201004,PUNO,YUNGUYO,COPANI,DEMOCRACIA DIRECTA,736,M,CASTELLANO
201004,PUNO,YUNGUYO,COPANI,FRENTE AMPLIO PARA EL DESARROLLO DEL PUEBLO,264,M,CASTELLANO
201004,PUNO,YUNGUYO,COPANI,MOVIMIENTO ANDINO SOCIALISTA,808,M,CASTELLANO
201004,PUNO,YUNGUYO,COPANI,POR LAS COMUNIDADES FUENTE DE INTEGRACION ANDINA DE PUNO - CONFIA - PUNO,274,M,CASTELLANO
201004,PUNO,YUNGUYO,COPANI,PROYECTO DE LA INTEGRACION PARA LA COOPERACION,629,M,CASTELLANO
201005,PUNO,YUNGUYO,CUTURAPI,FRENTE AMPLIO PARA EL DESARROLLO DEL PUEBLO,73,M,CASTELLANO
201005,PUNO,YUNGUYO,CUTURAPI,MOVIMIENTO ANDINO SOCIALISTA,290,M,CASTELLANO
201005,PUNO,YUNGUYO,CUTURAPI,PODER ANDINO,166,M,CASTELLANO
201005,PUNO,YUNGUYO,CUTURAPI,PROYECTO DE LA INTEGRACION PARA LA COOPERACION,256,M,CASTELLANO
201006,PUNO,YUNGUYO,OLLARAYA,DEMOCRACIA DIRECTA,484,M,CASTELLANO
201006,PUNO,YUNGUYO,OLLARAYA,FRENTE AMPLIO PARA EL DESARROLLO DEL PUEBLO,21,M,CASTELLANO
201006,PUNO,YUNGUYO,OLLARAYA,MOVIMIENTO ANDINO SOCIALISTA,115,M,CASTELLANO
201006,PUNO,YUNGUYO,OLLARAYA,POR LAS COMUNIDADES FUENTE DE INTEGRACION ANDINA DE PUNO - CONFIA - PUNO,160,M,CASTELLANO
201006,PUNO,YUNGUYO,OLLARAYA,PROYECTO DE LA INTEGRACION PARA LA COOPERACION,57,M,CASTELLANO
201006,PUNO,YUNGUYO,OLLARAYA,PROYECTO POLITICO AQUI,504,M,CASTELLANO
201007,PUNO,YUNGUYO,TINICACHI,DEMOCRACIA DIRECTA,140,M,QUECHUA
201007,PUNO,YUNGUYO,TINICACHI,MOVIMIENTO ANDINO SOCIALISTA,151,M,QUECHUA
201007,PUNO,YUNGUYO,TINICACHI,PROYECTO DE LA INTEGRACION PARA LA COOPERACION,137,M,QUECHUA
201102,PUNO,SAN ANTONIO DE PUTINA,PEDRO VILCA APAZA,ACCION POPULAR,353,M,AYMARA
201102,PUNO,SAN ANTONIO DE PUTINA,PEDRO VILCA APAZA,FRENTE AMPLIO DE PUNO,48,M,AYMARA
201102,PUNO,SAN ANTONIO DE PUTINA,PEDRO VILCA APAZA,PODER ANDINO,468,M,AYMARA
201102,PUNO,SAN ANTONIO DE PUTINA,PEDRO VILCA APAZA,PROYECTO DE LA INTEGRACION PARA LA COOPERACION,425,M,AYMARA
201103,PUNO,SAN ANTONIO DE PUTINA,QUILCAPUNCU,ACCION POPULAR,96,M,CASTELLANO
201103,PUNO,SAN ANTONIO DE PUTINA,QUILCAPUNCU,FRENTE AMPLIO PARA EL DESARROLLO DEL PUEBLO,875,M,CASTELLANO
201103,PUNO,SAN ANTONIO DE PUTINA,QUILCAPUNCU,MOVIMIENTO AGRARIO PUNEÑO,473,M,CASTELLANO
201103,PUNO,SAN ANTONIO DE PUTINA,QUILCAPUNCU,PODER ANDINO,240,M,CASTELLANO
201103,PUNO,SAN ANTONIO DE PUTINA,QUILCAPUNCU,POR LAS COMUNIDADES FUENTE DE INTEGRACION ANDINA DE PUNO - CONFIA - PUNO,320,M,CASTELLANO
201103,PUNO,SAN ANTONIO DE PUTINA,QUILCAPUNCU,PROYECTO DE LA INTEGRACION PARA LA COOPERACION,895,M,CASTELLANO
201104,PUNO,SAN ANTONIO DE PUTINA,ANANEA,ACCION POPULAR,183,M,AYMARA
201104,PUNO,SAN ANTONIO DE PUTINA,ANANEA,FRENTE AMPLIO PARA EL DESARROLLO DEL PUEBLO,346,M,AYMARA
201104,PUNO,SAN ANTONIO DE PUTINA,ANANEA,FUERZA POPULAR,542,M,AYMARA
201104,PUNO,SAN ANTONIO DE PUTINA,ANANEA,PODER ANDINO,620,M,AYMARA
201104,PUNO,SAN ANTONIO DE PUTINA,ANANEA,PODER DEMOCRATICO REGIONAL,165,M,AYMARA
201104,PUNO,SAN ANTONIO DE PUTINA,ANANEA,PROYECTO DE LA INTEGRACION PARA LA COOPERACION,626,M,AYMARA
201105,PUNO,SAN ANTONIO DE PUTINA,SINA,ACCION POPULAR,321,M,CASTELLANO
201105,PUNO,SAN ANTONIO DE PUTINA,SINA,PARTIDO DEMOCRATICO SOMOS PERU,268,M,CASTELLANO
201105,PUNO,SAN ANTONIO DE PUTINA,SINA,PROYECTO DE LA INTEGRACION PARA LA COOPERACION,267,M,CASTELLANO
201202,PUNO,EL COLLAO,PILCUYO,ALIANZA PARA EL PROGRESO,1370,M,QUECHUA
201202,PUNO,EL COLLAO,PILCUYO,DEMOCRACIA DIRECTA,381,M,QUECHUA
201202,PUNO,EL COLLAO,PILCUYO,"EL FRENTE AMPLIO POR JUSTICIA, VIDA Y LIBERTAD",1455,M,QUECHUA
201202,PUNO,EL COLLAO,PILCUYO,FRENTE AMPLIO DE PUNO,83,M,QUECHUA
201202,PUNO,EL COLLAO,PILCUYO,MORAL Y DESARROLLO,508,M,QUECHUA
201202,PUNO,EL COLLAO,PILCUYO,PARTIDO HUMANISTA PERUANO,1445,M,QUECHUA
201202,PUNO,EL COLLAO,PILCUYO,PODER ANDINO,572,M,QUECHUA
201202,PUNO,EL COLLAO,PILCUYO,POR LAS COMUNIDADES FUENTE DE INTEGRACION ANDINA DE PUNO - CONFIA - PUNO,223,M,QUECHUA
201202,PUNO,EL COLLAO,PILCUYO,PROYECTO DE LA INTEGRACION PARA LA COOPERACION,181,M,QUECHUA
201202,PUNO,EL COLLAO,PILCUYO,PROYECTO POLITICO AQUI,90,M,QUECHUA
201202,PUNO,EL COLLAO,PILCUYO,UNION POR EL PERU,1207,M,QUECHUA
201203,PUNO,EL COLLAO,SANTA ROSA,ACCION POPULAR,203,M,AYMARA
201203,PUNO,EL COLLAO,SANTA ROSA,DEMOCRACIA DIRECTA,474,M,AYMARA
201203,PUNO,EL COLLAO,SANTA ROSA,FRENTE AMPLIO PARA EL DESARROLLO DEL PUEBLO,203,M,AYMARA
201203,PUNO,EL COLLAO,SANTA ROSA,POR LAS COMUNIDADES FUENTE DE INTEGRACION ANDINA DE PUNO - CONFIA - PUNO,735,M,AYMARA
201203,PUNO,EL COLLAO,SANTA ROSA,PROYECTO DE LA INTEGRACION PARA LA COOPERACION,438,M,AYMARA
201204,PUNO,EL COLLAO,CAPASO,DEMOCRACIA DIRECTA,82,M,CASTELLANO
201204,PUNO,EL COLLAO,CAPASO,PARTIDO HUMANISTA PERUANO,41,M,CASTELLANO
201204,PUNO,EL COLLAO,CAPASO,POR LAS COMUNIDADES FUENTE DE INTEGRACION ANDINA DE PUNO - CONFIA - PUNO,131,M,CASTELLANO
201204,PUNO,EL COLLAO,CAPASO,PROYECTO DE LA INTEGRACION PARA LA COOPERACION,91,M,CASTELLANO
201204,PUNO,EL COLLAO,CAPASO,RESTAURACION NACIONAL,59,M,CASTELLANO
201205,PUNO,EL COLLAO,CONDURIRI,DEMOCRACIA DIRECTA,269,M,CASTELLANO
201205,PUNO,EL COLLAO,CONDURIRI,MORAL Y DESARROLLO,346,M,CASTELLANO
201205,PUNO,EL COLLAO,CONDURIRI,PODER ANDINO,27,M,CASTELLANO
201205,PUNO,EL COLLAO,CONDURIRI,POR LAS COMUNIDADES FUENTE DE INTEGRACION ANDINA DE PUNO - CONFIA - PUNO,354,M,CASTELLANO
201205,PUNO,EL COLLAO,CONDURIRI,PROYECTO DE LA INTEGRACION PARA LA COOPERACION,326,M,CASTELLANO
201205,PUNO,EL COLLAO,CONDURIRI,RESTAURACION NACIONAL,239,M,CASTELLANO
201302,PUNO,MOHO,CONIMA,DEMOCRACIA DIRECTA,690,M,CASTELLANO
201302,PUNO,MOHO,CONIMA,MORAL Y DESARROLLO,426,M,CASTELLANO
201302,PUNO,MOHO,CONIMA,MOVIMIENTO ANDINO SOCIALISTA,485,M,CASTELLANO
201302,PUNO,MOHO,CONIMA,PROYECTO DE LA INTEGRACION PARA LA COOPERACION,328,M,CASTELLANO
201303,PUNO,MOHO,TILALI,DEMOCRACIA DIRECTA,461,M,AYMARA
201303,PUNO,MOHO,TILALI,FRENTE AMPLIO PARA EL DESARROLLO DEL PUEBLO,325,M,AYMARA
201303,PUNO,MOHO,TILALI,FUERZA POPULAR,120,M,AYMARA
201303,PUNO,MOHO,TILALI,MORAL Y DESARROLLO,426,M,AYMARA
201303,PUNO,MOHO,TILALI,MOVIMIENTO ANDINO SOCIALISTA,68,M,AYMARA
201303,PUNO,MOHO,TILALI,POR LAS COMUNIDADES FUENTE DE INTEGRACION ANDINA DE PUNO - CONFIA - PUNO,583,M,AYMARA
201303,PUNO,MOHO,TILALI,PROYECTO DE LA INTEGRACION PARA LA COOPERACION,135,M,AYMARA
201303,PUNO,MOHO,TILALI,UNIDOS TRABAJEMOS PARA EL PROGRESO,60,M,AYMARA
201304,PUNO,MOHO,HUAYRAPATA,FRENTE AMPLIO PARA EL DESARROLLO DEL PUEBLO,882,M,CASTELLANO
201304,PUNO,MOHO,HUAYRAPATA,MORAL Y DESARROLLO,231,M,CASTELLANO
201304,PUNO,MOHO,HUAYRAPATA,MOVIMIENTO ANDINO SOCIALISTA,916,M,CASTELLANO
210102,SAN MARTIN,MOYOBAMBA,CALZADA,ACCION POPULAR,81,M,CASTELLANO
210102,SAN MARTIN,MOYOBAMBA,CALZADA,ACCION REGIONAL,830,M,CASTELLANO
210102,SAN MARTIN,MOYOBAMBA,CALZADA,NUEVA AMAZONIA,1050,M,CASTELLANO
210102,SAN MARTIN,MOYOBAMBA,CALZADA,PARTIDO APRISTA PERUANO,683,M,CASTELLANO
210103,SAN MARTIN,MOYOBAMBA,HABANA,ACCION POPULAR,81,M,CASTELLANO
210103,SAN MARTIN,MOYOBAMBA,HABANA,ALIANZA PARA EL PROGRESO,318,M,CASTELLANO
210103,SAN MARTIN,MOYOBAMBA,HABANA,FUERZA POPULAR,173,M,CASTELLANO
210103,SAN MARTIN,MOYOBAMBA,HABANA,NUEVA AMAZONIA,416,M,CASTELLANO
210103,SAN MARTIN,MOYOBAMBA,HABANA,PARTIDO APRISTA PERUANO,330,M,CASTELLANO
210104,SAN MARTIN,MOYOBAMBA,JEPELACIO,ACCION POPULAR,416,M,CASTELLANO
210104,SAN MARTIN,MOYOBAMBA,JEPELACIO,ALIANZA PARA EL PROGRESO,2207,M,CASTELLANO
210104,SAN MARTIN,MOYOBAMBA,JEPELACIO,"EL FRENTE AMPLIO POR JUSTICIA, VIDA Y LIBERTAD",86,M,CASTELLANO
210104,SAN MARTIN,MOYOBAMBA,JEPELACIO,FUERZA COMUNAL,594,M,CASTELLANO
210104,SAN MARTIN,MOYOBAMBA,JEPELACIO,MAS SAN MARTIN,167,M,CASTELLANO
210104,SAN MARTIN,MOYOBAMBA,JEPELACIO,NUEVA AMAZONIA,2365,M,CASTELLANO
210104,SAN MARTIN,MOYOBAMBA,JEPELACIO,PARTIDO APRISTA PERUANO,1373,M,CASTELLANO
210105,SAN MARTIN,MOYOBAMBA,SORITOR,ACCION POPULAR,129,M,CASTELLANO
210105,SAN MARTIN,MOYOBAMBA,SORITOR,ACCION REGIONAL,160,M,CASTELLANO
210105,SAN MARTIN,MOYOBAMBA,SORITOR,ALIANZA PARA EL PROGRESO,2157,M,CASTELLANO
210105,SAN MARTIN,MOYOBAMBA,SORITOR,"EL FRENTE AMPLIO POR JUSTICIA, VIDA Y LIBERTAD",69,M,CASTELLANO
210105,SAN MARTIN,MOYOBAMBA,SORITOR,FUERZA COMUNAL,73,M,CASTELLANO
210105,SAN MARTIN,MOYOBAMBA,SORITOR,FUERZA POPULAR,2079,M,CASTELLANO
210105,SAN MARTIN,MOYOBAMBA,SORITOR,MAS SAN MARTIN,1530,M,CASTELLANO
210105,SAN MARTIN,MOYOBAMBA,SORITOR,NUEVA AMAZONIA,3457,M,CASTELLANO
210105,SAN MARTIN,MOYOBAMBA,SORITOR,PARTIDO APRISTA PERUANO,1347,M,CASTELLANO
210106,SAN MARTIN,MOYOBAMBA,YANTALO,ACCION POPULAR,32,M,CASTELLANO
210106,SAN MARTIN,MOYOBAMBA,YANTALO,ACCION REGIONAL,254,M,CASTELLANO
210106,SAN MARTIN,MOYOBAMBA,YANTALO,ALIANZA PARA EL PROGRESO,361,M,CASTELLANO
210106,SAN MARTIN,MOYOBAMBA,YANTALO,FUERZA POPULAR,469,M,CASTELLANO
210106,SAN MARTIN,MOYOBAMBA,YANTALO,MAS SAN MARTIN,154,M,CASTELLANO
210106,SAN MARTIN,MOYOBAMBA,YANTALO,NUEVA AMAZONIA,409,M,CASTELLANO
210106,SAN MARTIN,MOYOBAMBA,YANTALO,PARTIDO APRISTA PERUANO,235,M,CASTELLANO
210202,SAN MARTIN,HUALLAGA,PISCOYACU,ACCION POPULAR,232,M,CASTELLANO
210202,SAN MARTIN,HUALLAGA,PISCOYACU,ALIANZA PARA EL PROGRESO,50,M,CASTELLANO
210202,SAN MARTIN,HUALLAGA,PISCOYACU,FUERZA COMUNAL,7,M,CASTELLANO
210202,SAN MARTIN,HUALLAGA,PISCOYACU,FUERZA POPULAR,34,M,CASTELLANO
210202,SAN MARTIN,HUALLAGA,PISCOYACU,NUEVA AMAZONIA,130,M,CASTELLANO
210203,SAN MARTIN,HUALLAGA,SACANCHE,ACCION POPULAR,320,M,CASTELLANO
210203,SAN MARTIN,HUALLAGA,SACANCHE,ALIANZA PARA EL PROGRESO,296,M,CASTELLANO
210203,SAN MARTIN,HUALLAGA,SACANCHE,FUERZA COMUNAL,145,M,CASTELLANO
210203,SAN MARTIN,HUALLAGA,SACANCHE,FUERZA POPULAR,158,M,CASTELLANO
210203,SAN MARTIN,HUALLAGA,SACANCHE,MAS SAN MARTIN,31,M,CASTELLANO
210203,SAN MARTIN,HUALLAGA,SACANCHE,NUEVA AMAZONIA,399,M,CASTELLANO
210203,SAN MARTIN,HUALLAGA,SACANCHE,PARTIDO APRISTA PERUANO,99,M,CASTELLANO
210204,SAN MARTIN,HUALLAGA,TINGO DE SAPOSOA,ACCION POPULAR,309,M,CASTELLANO
210204,SAN MARTIN,HUALLAGA,TINGO DE SAPOSOA,FUERZA COMUNAL,20,M,CASTELLANO
210204,SAN MARTIN,HUALLAGA,TINGO DE SAPOSOA,NUEVA AMAZONIA,317,M,CASTELLANO
210205,SAN MARTIN,HUALLAGA,ALTO SAPOSOA,ACCION POPULAR,902,M,CASTELLANO
210205,SAN MARTIN,HUALLAGA,ALTO SAPOSOA,FUERZA COMUNAL,41,M,CASTELLANO
210205,SAN MARTIN,HUALLAGA,ALTO SAPOSOA,FUERZA POPULAR,573,M,CASTELLANO
210205,SAN MARTIN,HUALLAGA,ALTO SAPOSOA,NUEVA AMAZONIA,519,M,CASTELLANO
210206,SAN MARTIN,HUALLAGA,EL ESLABON,ACCION POPULAR,384,M,CASTELLANO
210206,SAN MARTIN,HUALLAGA,EL ESLABON,FUERZA COMUNAL,316,M,CASTELLANO
210206,SAN MARTIN,HUALLAGA,EL ESLABON,FUERZA POPULAR,164,M,CASTELLANO
210206,SAN MARTIN,HUALLAGA,EL ESLABON,MAS SAN MARTIN,33,M,CASTELLANO
210206,SAN MARTIN,HUALLAGA,EL ESLABON,NUEVA AMAZONIA,516,M,CASTELLANO
210303,SAN MARTIN,LAMAS,BARRANQUITA,ACCION POPULAR,270,M,CASTELLANO
210303,SAN MARTIN,LAMAS,BARRANQUITA,ALIANZA PARA EL PROGRESO,999,M,CASTELLANO
210303,SAN MARTIN,LAMAS,BARRANQUITA,FUERZA COMUNAL,735,M,CASTELLANO
210303,SAN MARTIN,LAMAS,BARRANQUITA,NUEVA AMAZONIA,82,M,CASTELLANO
210303,SAN MARTIN,LAMAS,BARRANQUITA,PARTIDO APRISTA PERUANO,777,M,CASTELLANO
210304,SAN MARTIN,LAMAS,CAYNARACHI,ACCION POPULAR,210,M,CASTELLANO
210304,SAN MARTIN,LAMAS,CAYNARACHI,ALIANZA PARA EL PROGRESO,155,M,CASTELLANO
210304,SAN MARTIN,LAMAS,CAYNARACHI,FUERZA COMUNAL,1369,M,CASTELLANO
210304,SAN MARTIN,LAMAS,CAYNARACHI,FUERZA POPULAR,1536,M,CASTELLANO
210304,SAN MARTIN,LAMAS,CAYNARACHI,NUEVA AMAZONIA,745,M,CASTELLANO
210305,SAN MARTIN,LAMAS,CUÑUMBUQUI,ACCION POPULAR,53,M,CASTELLANO
210305,SAN MARTIN,LAMAS,CUÑUMBUQUI,ALIANZA PARA EL PROGRESO,627,M,CASTELLANO
210305,SAN MARTIN,LAMAS,CUÑUMBUQUI,FUERZA COMUNAL,384,M,CASTELLANO
210305,SAN MARTIN,LAMAS,CUÑUMBUQUI,FUERZA POPULAR,539,M,CASTELLANO
210305,SAN MARTIN,LAMAS,CUÑUMBUQUI,MAS SAN MARTIN,18,M,CASTELLANO
210305,SAN MARTIN,LAMAS,CUÑUMBUQUI,NUEVA AMAZONIA,491,M,CASTELLANO
210305,SAN MARTIN,LAMAS,CUÑUMBUQUI,PARTIDO APRISTA PERUANO,785,M,CASTELLANO
210306,SAN MARTIN,LAMAS,PINTO RECODO,ALIANZA PARA EL PROGRESO,9,F,CASTELLANO
210306,SAN MARTIN,LAMAS,PINTO RECODO,FUERZA COMUNAL,2002,F,CASTELLANO
210306,SAN MARTIN,LAMAS,PINTO RECODO,FUERZA POPULAR,15,F,CASTELLANO
210306,SAN MARTIN,LAMAS,PINTO RECODO,MAS SAN MARTIN,143,F,CASTELLANO
210306,SAN MARTIN,LAMAS,PINTO RECODO,NUEVA AMAZONIA,1933,F,CASTELLANO
210307,SAN MARTIN,LAMAS,RUMISAPA,ACCION POPULAR,188,M,CASTELLANO
210307,SAN MARTIN,LAMAS,RUMISAPA,FUERZA COMUNAL,981,M,CASTELLANO
210307,SAN MARTIN,LAMAS,RUMISAPA,NUEVA AMAZONIA,835,M,CASTELLANO
210307,SAN MARTIN,LAMAS,RUMISAPA,PARTIDO APRISTA PERUANO,96,M,CASTELLANO
210311,SAN MARTIN,LAMAS,SHANAO,FUERZA COMUNAL,844,M,CASTELLANO
210311,SAN MARTIN,LAMAS,SHANAO,NUEVA AMAZONIA,1027,M,CASTELLANO
210313,SAN MARTIN,LAMAS,TABALOSOS,ACCION POPULAR,53,M,CASTELLANO
210313,SAN MARTIN,LAMAS,TABALOSOS,ALIANZA PARA EL PROGRESO,3553,M,CASTELLANO
210313,SAN MARTIN,LAMAS,TABALOSOS,FUERZA COMUNAL,3111,M,CASTELLANO
210313,SAN MARTIN,LAMAS,TABALOSOS,NUEVA AMAZONIA,285,M,CASTELLANO
210313,SAN MARTIN,LAMAS,TABALOSOS,PARTIDO APRISTA PERUANO,62,M,CASTELLANO
210314,SAN MARTIN,LAMAS,ZAPATERO,ACCION POPULAR,25,M,CASTELLANO
210314,SAN MARTIN,LAMAS,ZAPATERO,ACCION REGIONAL,591,M,CASTELLANO
210314,SAN MARTIN,LAMAS,ZAPATERO,ALIANZA PARA EL PROGRESO,537,M,CASTELLANO
210314,SAN MARTIN,LAMAS,ZAPATERO,FUERZA COMUNAL,660,M,CASTELLANO
210314,SAN MARTIN,LAMAS,ZAPATERO,FUERZA POPULAR,107,M,CASTELLANO
210314,SAN MARTIN,LAMAS,ZAPATERO,NUEVA AMAZONIA,188,M,CASTELLANO
210314,SAN MARTIN,LAMAS,ZAPATERO,PARTIDO APRISTA PERUANO,817,M,CASTELLANO
210315,SAN MARTIN,LAMAS,ALONSO DE ALVARADO,ACCION POPULAR,481,M,CASTELLANO
210315,SAN MARTIN,LAMAS,ALONSO DE ALVARADO,ALIANZA PARA EL PROGRESO,670,M,CASTELLANO
210315,SAN MARTIN,LAMAS,ALONSO DE ALVARADO,FUERZA COMUNAL,2657,M,CASTELLANO
210315,SAN MARTIN,LAMAS,ALONSO DE ALVARADO,FUERZA POPULAR,321,M,CASTELLANO
210315,SAN MARTIN,LAMAS,ALONSO DE ALVARADO,MAS SAN MARTIN,49,M,CASTELLANO
210315,SAN MARTIN,LAMAS,ALONSO DE ALVARADO,NUEVA AMAZONIA,1923,M,CASTELLANO
210315,SAN MARTIN,LAMAS,ALONSO DE ALVARADO,PARTIDO APRISTA PERUANO,86,M,CASTELLANO
210316,SAN MARTIN,LAMAS,SAN ROQUE DE CUMBAZA,ALIANZA PARA EL PROGRESO,59,M,CASTELLANO
210316,SAN MARTIN,LAMAS,SAN ROQUE DE CUMBAZA,FUERZA COMUNAL,428,M,CASTELLANO
210316,SAN MARTIN,LAMAS,SAN ROQUE DE CUMBAZA,NUEVA AMAZONIA,493,M,CASTELLANO
210402,SAN MARTIN,MARISCAL CACERES,CAMPANILLA,ACCION POPULAR,744,M,CASTELLANO
210402,SAN MARTIN,MARISCAL CACERES,CAMPANILLA,ACCION REGIONAL,506,M,CASTELLANO
210402,SAN MARTIN,MARISCAL CACERES,CAMPANILLA,ALIANZA PARA EL PROGRESO,651,M,CASTELLANO
210402,SAN MARTIN,MARISCAL CACERES,CAMPANILLA,"EL FRENTE AMPLIO POR JUSTICIA, VIDA Y LIBERTAD",8,M,CASTELLANO
210402,SAN MARTIN,MARISCAL CACERES,CAMPANILLA,FUERZA COMUNAL,922,M,CASTELLANO
210402,SAN MARTIN,MARISCAL CACERES,CAMPANILLA,FUERZA POPULAR,900,M,CASTELLANO
210402,SAN MARTIN,MARISCAL CACERES,CAMPANILLA,NUEVA AMAZONIA,61,M,CASTELLANO
210402,SAN MARTIN,MARISCAL CACERES,CAMPANILLA,PARTIDO APRISTA PERUANO,962,M,CASTELLANO
210402,SAN MARTIN,MARISCAL CACERES,CAMPANILLA,VAMOS PERU,1,M,CASTELLANO
210403,SAN MARTIN,MARISCAL CACERES,HUICUNGO,ACCION POPULAR,899,M,CASTELLANO
210403,SAN MARTIN,MARISCAL CACERES,HUICUNGO,ACCION REGIONAL,203,M,CASTELLANO
210403,SAN MARTIN,MARISCAL CACERES,HUICUNGO,ALIANZA PARA EL PROGRESO,1265,M,CASTELLANO
210403,SAN MARTIN,MARISCAL CACERES,HUICUNGO,FUERZA COMUNAL,168,M,CASTELLANO
210403,SAN MARTIN,MARISCAL CACERES,HUICUNGO,FUERZA POPULAR,290,M,CASTELLANO
210403,SAN MARTIN,MARISCAL CACERES,HUICUNGO,NUEVA AMAZONIA,37,M,CASTELLANO
210403,SAN MARTIN,MARISCAL CACERES,HUICUNGO,PARTIDO APRISTA PERUANO,703,M,CASTELLANO
210403,SAN MARTIN,MARISCAL CACERES,HUICUNGO,VAMOS PERU,14,M,CASTELLANO
210404,SAN MARTIN,MARISCAL CACERES,PACHIZA,ACCION POPULAR,868,M,CASTELLANO
210404,SAN MARTIN,MARISCAL CACERES,PACHIZA,ALIANZA PARA EL PROGRESO,500,M,CASTELLANO
210404,SAN MARTIN,MARISCAL CACERES,PACHIZA,FUERZA COMUNAL,68,M,CASTELLANO
210404,SAN MARTIN,MARISCAL CACERES,PACHIZA,FUERZA POPULAR,974,M,CASTELLANO
210404,SAN MARTIN,MARISCAL CACERES,PACHIZA,MAS SAN MARTIN,53,M,CASTELLANO
210404,SAN MARTIN,MARISCAL CACERES,PACHIZA,PARTIDO APRISTA PERUANO,56,M,CASTELLANO
210405,SAN MARTIN,MARISCAL CACERES,PAJARILLO,ACCION POPULAR,0,M,CASTELLANO
210405,SAN MARTIN,MARISCAL CACERES,PAJARILLO,ACCION REGIONAL,0,M,CASTELLANO
210405,SAN MARTIN,MARISCAL CACERES,PAJARILLO,ALIANZA PARA EL PROGRESO,0,M,CASTELLANO
210405,SAN MARTIN,MARISCAL CACERES,PAJARILLO,FUERZA COMUNAL,0,M,CASTELLANO
210405,SAN MARTIN,MARISCAL CACERES,PAJARILLO,FUERZA POPULAR,0,M,CASTELLANO
210405,SAN MARTIN,MARISCAL CACERES,PAJARILLO,NUEVA AMAZONIA,0,M,CASTELLANO
210405,SAN MARTIN,MARISCAL CACERES,PAJARILLO,PARTIDO APRISTA PERUANO,0,M,CASTELLANO
210405,SAN MARTIN,MARISCAL CACERES,PAJARILLO,VAMOS PERU,0,M,CASTELLANO
210502,SAN MARTIN,RIOJA,POSIC,ALIANZA PARA EL PROGRESO,354,M,CASTELLANO
210502,SAN MARTIN,RIOJA,POSIC,FUERZA POPULAR,401,M,CASTELLANO
210502,SAN MARTIN,RIOJA,POSIC,NUEVA AMAZONIA,495,M,CASTELLANO
210503,SAN MARTIN,RIOJA,YORONGOS,ACCION POPULAR,31,M,CASTELLANO
210503,SAN MARTIN,RIOJA,YORONGOS,ACCION REGIONAL,518,M,CASTELLANO
210503,SAN MARTIN,RIOJA,YORONGOS,ALIANZA PARA EL PROGRESO,361,M,CASTELLANO
210503,SAN MARTIN,RIOJA,YORONGOS,FUERZA POPULAR,490,M,CASTELLANO
210503,SAN MARTIN,RIOJA,YORONGOS,NUEVA AMAZONIA,310,M,CASTELLANO
210503,SAN MARTIN,RIOJA,YORONGOS,PARTIDO APRISTA PERUANO,189,M,CASTELLANO
210504,SAN MARTIN,RIOJA,YURACYACU,ACCION POPULAR,166,M,CASTELLANO
210504,SAN MARTIN,RIOJA,YURACYACU,ACCION REGIONAL,768,M,CASTELLANO
210504,SAN MARTIN,RIOJA,YURACYACU,ALIANZA PARA EL PROGRESO,568,M,CASTELLANO
210504,SAN MARTIN,RIOJA,YURACYACU,FUERZA POPULAR,102,M,CASTELLANO
210504,SAN MARTIN,RIOJA,YURACYACU,NUEVA AMAZONIA,710,M,CASTELLANO
210504,SAN MARTIN,RIOJA,YURACYACU,PARTIDO APRISTA PERUANO,119,M,CASTELLANO
210505,SAN MARTIN,RIOJA,NUEVA CAJAMARCA,ACCION POPULAR,1554,M,CASTELLANO
210505,SAN MARTIN,RIOJA,NUEVA CAJAMARCA,ACCION REGIONAL,4234,M,CASTELLANO
210505,SAN MARTIN,RIOJA,NUEVA CAJAMARCA,ALIANZA PARA EL PROGRESO,3150,M,CASTELLANO
210505,SAN MARTIN,RIOJA,NUEVA CAJAMARCA,FUERZA COMUNAL,2206,M,CASTELLANO
210505,SAN MARTIN,RIOJA,NUEVA CAJAMARCA,FUERZA POPULAR,3415,M,CASTELLANO
210505,SAN MARTIN,RIOJA,NUEVA CAJAMARCA,NUEVA AMAZONIA,3577,M,CASTELLANO
210505,SAN MARTIN,RIOJA,NUEVA CAJAMARCA,PARTIDO APRISTA PERUANO,514,M,CASTELLANO
210505,SAN MARTIN,RIOJA,NUEVA CAJAMARCA,PARTIDO POPULAR CRISTIANO - PPC,820,M,CASTELLANO
210506,SAN MARTIN,RIOJA,ELIAS SOPLIN VARGAS,ACCION REGIONAL,1402,M,CASTELLANO
210506,SAN MARTIN,RIOJA,ELIAS SOPLIN VARGAS,FUERZA POPULAR,248,M,CASTELLANO
210506,SAN MARTIN,RIOJA,ELIAS SOPLIN VARGAS,NUEVA AMAZONIA,4597,M,CASTELLANO
210507,SAN MARTIN,RIOJA,SAN FERNANDO,ACCION REGIONAL,161,M,CASTELLANO
210507,SAN MARTIN,RIOJA,SAN FERNANDO,ALIANZA PARA EL PROGRESO,276,M,CASTELLANO
210507,SAN MARTIN,RIOJA,SAN FERNANDO,FUERZA COMUNAL,477,M,CASTELLANO
210507,SAN MARTIN,RIOJA,SAN FERNANDO,FUERZA POPULAR,101,M,CASTELLANO
210507,SAN MARTIN,RIOJA,SAN FERNANDO,NUEVA AMAZONIA,842,M,CASTELLANO
210507,SAN MARTIN,RIOJA,SAN FERNANDO,PARTIDO APRISTA PERUANO,184,M,CASTELLANO
210508,SAN MARTIN,RIOJA,PARDO MIGUEL,ACCION POPULAR,89,M,CASTELLANO
210508,SAN MARTIN,RIOJA,PARDO MIGUEL,ACCION REGIONAL,505,M,CASTELLANO
210508,SAN MARTIN,RIOJA,PARDO MIGUEL,ALIANZA PARA EL PROGRESO,914,M,CASTELLANO
210508,SAN MARTIN,RIOJA,PARDO MIGUEL,FUERZA COMUNAL,1349,M,CASTELLANO
210508,SAN MARTIN,RIOJA,PARDO MIGUEL,FUERZA POPULAR,2604,M,CASTELLANO
210508,SAN MARTIN,RIOJA,PARDO MIGUEL,MAS SAN MARTIN,652,M,CASTELLANO
210508,SAN MARTIN,RIOJA,PARDO MIGUEL,NUEVA AMAZONIA,1549,M,CASTELLANO
210508,SAN MARTIN,RIOJA,PARDO MIGUEL,PARTIDO APRISTA PERUANO,139,M,CASTELLANO
210508,SAN MARTIN,RIOJA,PARDO MIGUEL,PARTIDO POPULAR CRISTIANO - PPC,724,M,CASTELLANO
210508,SAN MARTIN,RIOJA,PARDO MIGUEL,VAMOS PERU,44,M,CASTELLANO
210509,SAN MARTIN,RIOJA,AWAJUN,ACCION POPULAR,71,M,CASTELLANO
210509,SAN MARTIN,RIOJA,AWAJUN,ACCION REGIONAL,282,M,CASTELLANO
210509,SAN MARTIN,RIOJA,AWAJUN,ALIANZA PARA EL PROGRESO,1194,M,CASTELLANO
210509,SAN MARTIN,RIOJA,AWAJUN,FUERZA COMUNAL,507,M,CASTELLANO
210509,SAN MARTIN,RIOJA,AWAJUN,FUERZA POPULAR,1669,M,CASTELLANO
210509,SAN MARTIN,RIOJA,AWAJUN,NUEVA AMAZONIA,612,M,CASTELLANO
210509,SAN MARTIN,RIOJA,AWAJUN,PARTIDO APRISTA PERUANO,91,M,CASTELLANO
210509,SAN MARTIN,RIOJA,AWAJUN,PARTIDO POPULAR CRISTIANO - PPC,83,M,CASTELLANO
210602,SAN MARTIN,SAN MARTIN,ALBERTO LEVEAU,ACCION POPULAR,310,M,QUECHUA
210602,SAN MARTIN,SAN MARTIN,ALBERTO LEVEAU,FUERZA POPULAR,335,M,QUECHUA
210602,SAN MARTIN,SAN MARTIN,ALBERTO LEVEAU,PARTIDO APRISTA PERUANO,282,M,QUECHUA
210604,SAN MARTIN,SAN MARTIN,CACATACHI,ACCION POPULAR,131,M,CASTELLANO
210604,SAN MARTIN,SAN MARTIN,CACATACHI,ALIANZA PARA EL PROGRESO,138,M,CASTELLANO
210604,SAN MARTIN,SAN MARTIN,CACATACHI,FUERZA COMUNAL,233,M,CASTELLANO
210604,SAN MARTIN,SAN MARTIN,CACATACHI,MAS SAN MARTIN,862,M,CASTELLANO
210604,SAN MARTIN,SAN MARTIN,CACATACHI,PARTIDO APRISTA PERUANO,861,M,CASTELLANO
210606,SAN MARTIN,SAN MARTIN,CHAZUTA,ACCION POPULAR,1024,M,CASTELLANO
210606,SAN MARTIN,SAN MARTIN,CHAZUTA,ALIANZA PARA EL PROGRESO,694,M,CASTELLANO
210606,SAN MARTIN,SAN MARTIN,CHAZUTA,"EL FRENTE AMPLIO POR JUSTICIA, VIDA Y LIBERTAD",87,M,CASTELLANO
210606,SAN MARTIN,SAN MARTIN,CHAZUTA,FUERZA COMUNAL,270,M,CASTELLANO
210606,SAN MARTIN,SAN MARTIN,CHAZUTA,FUERZA POPULAR,361,M,CASTELLANO
210606,SAN MARTIN,SAN MARTIN,CHAZUTA,NUEVA AMAZONIA,152,M,CASTELLANO
210606,SAN MARTIN,SAN MARTIN,CHAZUTA,PARTIDO APRISTA PERUANO,386,M,CASTELLANO
210606,SAN MARTIN,SAN MARTIN,CHAZUTA,PERU POSIBLE,1064,M,CASTELLANO
210606,SAN MARTIN,SAN MARTIN,CHAZUTA,UNION POR EL PERU,123,M,CASTELLANO
210607,SAN MARTIN,SAN MARTIN,CHIPURANA,ACCION POPULAR,234,M,CASTELLANO
210607,SAN MARTIN,SAN MARTIN,CHIPURANA,ALIANZA PARA EL PROGRESO,31,M,CASTELLANO
210607,SAN MARTIN,SAN MARTIN,CHIPURANA,FUERZA COMUNAL,276,M,CASTELLANO
210607,SAN MARTIN,SAN MARTIN,CHIPURANA,FUERZA POPULAR,256,M,CASTELLANO
210607,SAN MARTIN,SAN MARTIN,CHIPURANA,NUEVA AMAZONIA,75,M,CASTELLANO
210607,SAN MARTIN,SAN MARTIN,CHIPURANA,PARTIDO APRISTA PERUANO,261,M,CASTELLANO
210608,SAN MARTIN,SAN MARTIN,EL PORVENIR,ACCION POPULAR,686,M,CASTELLANO
210608,SAN MARTIN,SAN MARTIN,EL PORVENIR,ALIANZA PARA EL PROGRESO,99,M,CASTELLANO
210608,SAN MARTIN,SAN MARTIN,EL PORVENIR,FUERZA COMUNAL,20,M,CASTELLANO
210608,SAN MARTIN,SAN MARTIN,EL PORVENIR,FUERZA POPULAR,762,M,CASTELLANO
210609,SAN MARTIN,SAN MARTIN,HUIMBAYOC,ACCION POPULAR,469,M,CASTELLANO
210609,SAN MARTIN,SAN MARTIN,HUIMBAYOC,ALIANZA PARA EL PROGRESO,503,M,CASTELLANO
210609,SAN MARTIN,SAN MARTIN,HUIMBAYOC,FUERZA COMUNAL,78,M,CASTELLANO
210609,SAN MARTIN,SAN MARTIN,HUIMBAYOC,FUERZA POPULAR,375,M,CASTELLANO
210609,SAN MARTIN,SAN MARTIN,HUIMBAYOC,MAS SAN MARTIN,99,M,CASTELLANO
210609,SAN MARTIN,SAN MARTIN,HUIMBAYOC,NUEVA AMAZONIA,436,M,CASTELLANO
210610,SAN MARTIN,SAN MARTIN,JUAN GUERRA,ACCION POPULAR,1051,M,CASTELLANO
210610,SAN MARTIN,SAN MARTIN,JUAN GUERRA,ALIANZA PARA EL PROGRESO,717,M,CASTELLANO
210610,SAN MARTIN,SAN MARTIN,JUAN GUERRA,FUERZA POPULAR,171,M,CASTELLANO
210610,SAN MARTIN,SAN MARTIN,JUAN GUERRA,NUEVA AMAZONIA,288,M,CASTELLANO
210611,SAN MARTIN,SAN MARTIN,MORALES,ACCION POPULAR,3231,M,QUECHUA
210611,SAN MARTIN,SAN MARTIN,MORALES,ACCION REGIONAL,64,M,QUECHUA
210611,SAN MARTIN,SAN MARTIN,MORALES,ALIANZA PARA EL PROGRESO,1741,M,QUECHUA
210611,SAN MARTIN,SAN MARTIN,MORALES,FUERZA COMUNAL,1751,M,QUECHUA
210611,SAN MARTIN,SAN MARTIN,MORALES,FUERZA POPULAR,1905,M,QUECHUA
210611,SAN MARTIN,SAN MARTIN,MORALES,MAS SAN MARTIN,2222,M,QUECHUA
210611,SAN MARTIN,SAN MARTIN,MORALES,NUEVA AMAZONIA,445,M,QUECHUA
210611,SAN MARTIN,SAN MARTIN,MORALES,PARTIDO APRISTA PERUANO,1131,M,QUECHUA
210611,SAN MARTIN,SAN MARTIN,MORALES,PERU POSIBLE,135,M,QUECHUA
210612,SAN MARTIN,SAN MARTIN,PAPA-PLAYA,ACCION POPULAR,396,M,CASTELLANO
210612,SAN MARTIN,SAN MARTIN,PAPA-PLAYA,NUEVA AMAZONIA,332,M,CASTELLANO
210612,SAN MARTIN,SAN MARTIN,PAPA-PLAYA,PARTIDO APRISTA PERUANO,26,M,CASTELLANO
210612,SAN MARTIN,SAN MARTIN,PAPA-PLAYA,RESTAURACION NACIONAL,509,M,CASTELLANO
210616,SAN MARTIN,SAN MARTIN,SAN ANTONIO,FUERZA POPULAR,789,M,CASTELLANO
210616,SAN MARTIN,SAN MARTIN,SAN ANTONIO,PARTIDO APRISTA PERUANO,498,M,CASTELLANO
210619,SAN MARTIN,SAN MARTIN,SAUCE,ACCION POPULAR,1298,M,CASTELLANO
210619,SAN MARTIN,SAN MARTIN,SAUCE,ACCION REGIONAL,766,M,CASTELLANO
210619,SAN MARTIN,SAN MARTIN,SAUCE,ALIANZA PARA EL PROGRESO,289,M,CASTELLANO
210619,SAN MARTIN,SAN MARTIN,SAUCE,FUERZA COMUNAL,241,M,CASTELLANO
210619,SAN MARTIN,SAN MARTIN,SAUCE,FUERZA POPULAR,653,M,CASTELLANO
210619,SAN MARTIN,SAN MARTIN,SAUCE,NUEVA AMAZONIA,165,M,CASTELLANO
210619,SAN MARTIN,SAN MARTIN,SAUCE,PARTIDO APRISTA PERUANO,203,M,CASTELLANO
210620,SAN MARTIN,SAN MARTIN,SHAPAJA,ACCION POPULAR,632,M,CASTELLANO
210620,SAN MARTIN,SAN MARTIN,SHAPAJA,ALIANZA PARA EL PROGRESO,127,M,CASTELLANO
210620,SAN MARTIN,SAN MARTIN,SHAPAJA,NUEVA AMAZONIA,794,M,CASTELLANO
210620,SAN MARTIN,SAN MARTIN,SHAPAJA,PARTIDO APRISTA PERUANO,18,M,CASTELLANO
210621,SAN MARTIN,SAN MARTIN,LA BANDA DE SHILCAYO,ACCION POPULAR,3101,M,CASTELLANO
210621,SAN MARTIN,SAN MARTIN,LA BANDA DE SHILCAYO,ACCION REGIONAL,146,M,CASTELLANO
210621,SAN MARTIN,SAN MARTIN,LA BANDA DE SHILCAYO,ALIANZA PARA EL PROGRESO,2958,M,CASTELLANO
210621,SAN MARTIN,SAN MARTIN,LA BANDA DE SHILCAYO,FUERZA COMUNAL,1520,M,CASTELLANO
210621,SAN MARTIN,SAN MARTIN,LA BANDA DE SHILCAYO,FUERZA POPULAR,5028,M,CASTELLANO
210621,SAN MARTIN,SAN MARTIN,LA BANDA DE SHILCAYO,MAS SAN MARTIN,413,M,CASTELLANO
210621,SAN MARTIN,SAN MARTIN,LA BANDA DE SHILCAYO,NUEVA AMAZONIA,2432,M,CASTELLANO
210621,SAN MARTIN,SAN MARTIN,LA BANDA DE SHILCAYO,PARTIDO APRISTA PERUANO,1404,M,CASTELLANO
210702,SAN MARTIN,BELLAVISTA,SAN RAFAEL,ACCION REGIONAL,860,M,CASTELLANO
210702,SAN MARTIN,BELLAVISTA,SAN RAFAEL,FUERZA COMUNAL,773,M,CASTELLANO
210702,SAN MARTIN,BELLAVISTA,SAN RAFAEL,MOVIMIENTO POLITICO INDEPENDIENTE PROVINCIAL INTEGRACION BELLAVISTANA,1049,M,CASTELLANO
210702,SAN MARTIN,BELLAVISTA,SAN RAFAEL,NUEVA AMAZONIA,107,M,CASTELLANO
210703,SAN MARTIN,BELLAVISTA,SAN PABLO,ACCION REGIONAL,1194,F,CASTELLANO
210703,SAN MARTIN,BELLAVISTA,SAN PABLO,ALIANZA PARA EL PROGRESO,15,F,CASTELLANO
210703,SAN MARTIN,BELLAVISTA,SAN PABLO,FUERZA COMUNAL,1621,F,CASTELLANO
210703,SAN MARTIN,BELLAVISTA,SAN PABLO,FUERZA POPULAR,54,F,CASTELLANO
210703,SAN MARTIN,BELLAVISTA,SAN PABLO,MOVIMIENTO POLITICO INDEPENDIENTE PROVINCIAL INTEGRACION BELLAVISTANA,620,F,CASTELLANO
210703,SAN MARTIN,BELLAVISTA,SAN PABLO,NUEVA AMAZONIA,1139,F,CASTELLANO
210704,SAN MARTIN,BELLAVISTA,ALTO BIAVO,ACCION REGIONAL,670,M,CASTELLANO
210704,SAN MARTIN,BELLAVISTA,ALTO BIAVO,ALIANZA PARA EL PROGRESO,131,M,CASTELLANO
210704,SAN MARTIN,BELLAVISTA,ALTO BIAVO,FUERZA COMUNAL,816,M,CASTELLANO
210704,SAN MARTIN,BELLAVISTA,ALTO BIAVO,FUERZA POPULAR,546,M,CASTELLANO
210704,SAN MARTIN,BELLAVISTA,ALTO BIAVO,MOVIMIENTO POLITICO INDEPENDIENTE PROVINCIAL INTEGRACION BELLAVISTANA,437,M,CASTELLANO
210704,SAN MARTIN,BELLAVISTA,ALTO BIAVO,NUEVA AMAZONIA,587,M,CASTELLANO
210705,SAN MARTIN,BELLAVISTA,HUALLAGA,ACCION REGIONAL,469,F,CASTELLANO
210705,SAN MARTIN,BELLAVISTA,HUALLAGA,FUERZA COMUNAL,272,F,CASTELLANO
210705,SAN MARTIN,BELLAVISTA,HUALLAGA,FUERZA POPULAR,389,F,CASTELLANO
210705,SAN MARTIN,BELLAVISTA,HUALLAGA,MOVIMIENTO POLITICO INDEPENDIENTE PROVINCIAL INTEGRACION BELLAVISTANA,171,F,CASTELLANO
210705,SAN MARTIN,BELLAVISTA,HUALLAGA,NUEVA AMAZONIA,44,F,CASTELLANO
210706,SAN MARTIN,BELLAVISTA,BAJO BIAVO,ACCION POPULAR,26,M,CASTELLANO
210706,SAN MARTIN,BELLAVISTA,BAJO BIAVO,ACCION REGIONAL,40,M,CASTELLANO
210706,SAN MARTIN,BELLAVISTA,BAJO BIAVO,FUERZA COMUNAL,112,M,CASTELLANO
210706,SAN MARTIN,BELLAVISTA,BAJO BIAVO,FUERZA POPULAR,19,M,CASTELLANO
210706,SAN MARTIN,BELLAVISTA,BAJO BIAVO,MAS SAN MARTIN,4,M,CASTELLANO
210706,SAN MARTIN,BELLAVISTA,BAJO BIAVO,MOVIMIENTO POLITICO INDEPENDIENTE PROVINCIAL INTEGRACION BELLAVISTANA,95,M,CASTELLANO
210706,SAN MARTIN,BELLAVISTA,BAJO BIAVO,NUEVA AMAZONIA,68,M,CASTELLANO
210706,SAN MARTIN,BELLAVISTA,BAJO BIAVO,VAMOS PERU,14,M,CASTELLANO
210802,SAN MARTIN,TOCACHE,NUEVO PROGRESO,ALIANZA PARA EL PROGRESO,1365,M,CASTELLANO
210802,SAN MARTIN,TOCACHE,NUEVO PROGRESO,FUERZA COMUNAL,1313,M,CASTELLANO
210802,SAN MARTIN,TOCACHE,NUEVO PROGRESO,FUERZA POPULAR,211,M,CASTELLANO
210802,SAN MARTIN,TOCACHE,NUEVO PROGRESO,NUEVA AMAZONIA,1611,M,CASTELLANO
210803,SAN MARTIN,TOCACHE,POLVORA,ACCION POPULAR,504,M,CASTELLANO
210803,SAN MARTIN,TOCACHE,POLVORA,ALIANZA PARA EL PROGRESO,1031,M,CASTELLANO
210803,SAN MARTIN,TOCACHE,POLVORA,FUERZA COMUNAL,926,M,CASTELLANO
210803,SAN MARTIN,TOCACHE,POLVORA,FUERZA POPULAR,23,M,CASTELLANO
210803,SAN MARTIN,TOCACHE,POLVORA,MAS SAN MARTIN,57,M,CASTELLANO
210803,SAN MARTIN,TOCACHE,POLVORA,NUEVA AMAZONIA,92,M,CASTELLANO
210803,SAN MARTIN,TOCACHE,POLVORA,PARTIDO APRISTA PERUANO,112,M,CASTELLANO
210803,SAN MARTIN,TOCACHE,POLVORA,PARTIDO DEMOCRATICO SOMOS PERU,406,M,CASTELLANO
210804,SAN MARTIN,TOCACHE,SHUNTE,ALIANZA PARA EL PROGRESO,685,M,CASTELLANO
210804,SAN MARTIN,TOCACHE,SHUNTE,FUERZA COMUNAL,181,M,CASTELLANO
210804,SAN MARTIN,TOCACHE,SHUNTE,FUERZA POPULAR,5,M,CASTELLANO
210804,SAN MARTIN,TOCACHE,SHUNTE,NUEVA AMAZONIA,407,M,CASTELLANO
210804,SAN MARTIN,TOCACHE,SHUNTE,PARTIDO APRISTA PERUANO,528,M,CASTELLANO
210805,SAN MARTIN,TOCACHE,UCHIZA,ALIANZA PARA EL PROGRESO,3095,M,CASTELLANO
210805,SAN MARTIN,TOCACHE,UCHIZA,DEMOCRACIA DIRECTA,1038,M,CASTELLANO
210805,SAN MARTIN,TOCACHE,UCHIZA,FUERZA POPULAR,136,M,CASTELLANO
210805,SAN MARTIN,TOCACHE,UCHIZA,MAS SAN MARTIN,230,M,CASTELLANO
210805,SAN MARTIN,TOCACHE,UCHIZA,NUEVA AMAZONIA,1564,M,CASTELLANO
210805,SAN MARTIN,TOCACHE,UCHIZA,PARTIDO DEMOCRATICO SOMOS PERU,1789,M,CASTELLANO
210805,SAN MARTIN,TOCACHE,UCHIZA,PERU POSIBLE,113,M,CASTELLANO
210902,SAN MARTIN,PICOTA,BUENOS AIRES,ACCION POPULAR,43,M,CASTELLANO
210902,SAN MARTIN,PICOTA,BUENOS AIRES,ALIANZA PARA EL PROGRESO,828,M,CASTELLANO
210902,SAN MARTIN,PICOTA,BUENOS AIRES,FUERZA COMUNAL,278,M,CASTELLANO
210902,SAN MARTIN,PICOTA,BUENOS AIRES,FUERZA POPULAR,371,M,CASTELLANO
210902,SAN MARTIN,PICOTA,BUENOS AIRES,NUEVA AMAZONIA,562,M,CASTELLANO
210903,SAN MARTIN,PICOTA,CASPIZAPA,ACCION REGIONAL,198,M,CASTELLANO
210903,SAN MARTIN,PICOTA,CASPIZAPA,ALIANZA PARA EL PROGRESO,395,M,CASTELLANO
210903,SAN MARTIN,PICOTA,CASPIZAPA,FUERZA COMUNAL,23,M,CASTELLANO
210903,SAN MARTIN,PICOTA,CASPIZAPA,PARTIDO APRISTA PERUANO,610,M,CASTELLANO
210904,SAN MARTIN,PICOTA,PILLUANA,FUERZA COMUNAL,319,M,CASTELLANO
210904,SAN MARTIN,PICOTA,PILLUANA,FUERZA POPULAR,373,M,CASTELLANO
210904,SAN MARTIN,PICOTA,PILLUANA,PARTIDO APRISTA PERUANO,61,M,CASTELLANO
210905,SAN MARTIN,PICOTA,PUCACACA,ACCION REGIONAL,55,M,CASTELLANO
210905,SAN MARTIN,PICOTA,PUCACACA,ALIANZA PARA EL PROGRESO,244,M,CASTELLANO
210905,SAN MARTIN,PICOTA,PUCACACA,FUERZA POPULAR,735,M,CASTELLANO
210905,SAN MARTIN,PICOTA,PUCACACA,NUEVA AMAZONIA,488,M,CASTELLANO
210905,SAN MARTIN,PICOTA,PUCACACA,PARTIDO APRISTA PERUANO,456,M,CASTELLANO
210906,SAN MARTIN,PICOTA,SAN CRISTOBAL,ALIANZA PARA EL PROGRESO,150,M,CASTELLANO
210906,SAN MARTIN,PICOTA,SAN CRISTOBAL,FUERZA POPULAR,403,M,CASTELLANO
210906,SAN MARTIN,PICOTA,SAN CRISTOBAL,NUEVA AMAZONIA,354,M,CASTELLANO
210907,SAN MARTIN,PICOTA,SAN HILARION,ALIANZA PARA EL PROGRESO,145,M,CASTELLANO
210907,SAN MARTIN,PICOTA,SAN HILARION,FUERZA COMUNAL,630,M,CASTELLANO
210907,SAN MARTIN,PICOTA,SAN HILARION,FUERZA POPULAR,452,M,CASTELLANO
210907,SAN MARTIN,PICOTA,SAN HILARION,NUEVA AMAZONIA,127,M,CASTELLANO
210907,SAN MARTIN,PICOTA,SAN HILARION,PARTIDO APRISTA PERUANO,742,M,CASTELLANO
210908,SAN MARTIN,PICOTA,TINGO DE PONASA,ACCION POPULAR,33,M,CASTELLANO
210908,SAN MARTIN,PICOTA,TINGO DE PONASA,ACCION REGIONAL,476,M,CASTELLANO
210908,SAN MARTIN,PICOTA,TINGO DE PONASA,ALIANZA PARA EL PROGRESO,43,M,CASTELLANO
210908,SAN MARTIN,PICOTA,TINGO DE PONASA,FUERZA POPULAR,833,M,CASTELLANO
210908,SAN MARTIN,PICOTA,TINGO DE PONASA,NUEVA AMAZONIA,212,M,CASTELLANO
210908,SAN MARTIN,PICOTA,TINGO DE PONASA,PARTIDO APRISTA PERUANO,270,M,CASTELLANO
210908,SAN MARTIN,PICOTA,TINGO DE PONASA,SIEMPRE UNIDOS,447,M,CASTELLANO
210909,SAN MARTIN,PICOTA,TRES UNIDOS,ACCION REGIONAL,0,M,CASTELLANO
210909,SAN MARTIN,PICOTA,TRES UNIDOS,FUERZA COMUNAL,0,M,CASTELLANO
210909,SAN MARTIN,PICOTA,TRES UNIDOS,FUERZA POPULAR,0,M,CASTELLANO
210909,SAN MARTIN,PICOTA,TRES UNIDOS,PARTIDO APRISTA PERUANO,0,M,CASTELLANO
210910,SAN MARTIN,PICOTA,SHAMBOYACU,ACCION POPULAR,5,M,CASTELLANO
210910,SAN MARTIN,PICOTA,SHAMBOYACU,ALIANZA PARA EL PROGRESO,585,M,CASTELLANO
210910,SAN MARTIN,PICOTA,SHAMBOYACU,FUERZA POPULAR,1296,M,CASTELLANO
210910,SAN MARTIN,PICOTA,SHAMBOYACU,NUEVA AMAZONIA,1545,M,CASTELLANO
210910,SAN MARTIN,PICOTA,SHAMBOYACU,PARTIDO APRISTA PERUANO,38,M,CASTELLANO
211002,SAN MARTIN,EL DORADO,AGUA BLANCA,ACCION POPULAR,251,M,CASTELLANO
211002,SAN MARTIN,EL DORADO,AGUA BLANCA,ALIANZA PARA EL PROGRESO,617,M,CASTELLANO
211002,SAN MARTIN,EL DORADO,AGUA BLANCA,FUERZA POPULAR,187,M,CASTELLANO
211002,SAN MARTIN,EL DORADO,AGUA BLANCA,NUEVA AMAZONIA,384,M,CASTELLANO
211003,SAN MARTIN,EL DORADO,SHATOJA,FUERZA COMUNAL,67,M,CASTELLANO
211003,SAN MARTIN,EL DORADO,SHATOJA,FUERZA POPULAR,804,M,CASTELLANO
211003,SAN MARTIN,EL DORADO,SHATOJA,NUEVA AMAZONIA,465,M,CASTELLANO
211004,SAN MARTIN,EL DORADO,SAN MARTIN,ACCION POPULAR,331,M,CASTELLANO
211004,SAN MARTIN,EL DORADO,SAN MARTIN,ALIANZA PARA EL PROGRESO,694,M,CASTELLANO
211004,SAN MARTIN,EL DORADO,SAN MARTIN,FUERZA COMUNAL,274,M,CASTELLANO
211004,SAN MARTIN,EL DORADO,SAN MARTIN,FUERZA POPULAR,1072,M,CASTELLANO
211004,SAN MARTIN,EL DORADO,SAN MARTIN,NUEVA AMAZONIA,703,M,CASTELLANO
211004,SAN MARTIN,EL DORADO,SAN MARTIN,PARTIDO APRISTA PERUANO,991,M,CASTELLANO
211005,SAN MARTIN,EL DORADO,SANTA ROSA,ACCION POPULAR,758,M,CASTELLANO
211005,SAN MARTIN,EL DORADO,SANTA ROSA,ALIANZA PARA EL PROGRESO,360,M,CASTELLANO
211005,SAN MARTIN,EL DORADO,SANTA ROSA,FUERZA POPULAR,1240,M,CASTELLANO
211005,SAN MARTIN,EL DORADO,SANTA ROSA,NUEVA AMAZONIA,888,M,CASTELLANO
211005,SAN MARTIN,EL DORADO,SANTA ROSA,PARTIDO APRISTA PERUANO,29,M,CASTELLANO
220102,TACNA,TACNA,CALANA,ALIANZA PARA EL PROGRESO,235,M,CASTELLANO
220102,TACNA,TACNA,CALANA,MOVIMIENTO INDEPENDIENTE REGIONAL FUERZA TACNA,530,M,CASTELLANO
220102,TACNA,TACNA,CALANA,PARTIDO APRISTA PERUANO,730,M,CASTELLANO
220102,TACNA,TACNA,CALANA,PARTIDO DEMOCRATICO SOMOS PERU,255,M,CASTELLANO
220102,TACNA,TACNA,CALANA,RECUPEREMOS TACNA,438,M,CASTELLANO
220104,TACNA,TACNA,INCLAN,ARRIBA TACNA,83,M,CASTELLANO
220104,TACNA,TACNA,INCLAN,MOVIMIENTO INDEPENDIENTE REGIONAL FUERZA TACNA,772,M,CASTELLANO
220104,TACNA,TACNA,INCLAN,PARTIDO DEMOCRATICO SOMOS PERU,370,M,CASTELLANO
220104,TACNA,TACNA,INCLAN,SIEMPRE UNIDOS,30,M,CASTELLANO
220104,TACNA,TACNA,INCLAN,TACNA EN ACCION,27,M,CASTELLANO
220104,TACNA,TACNA,INCLAN,VAMOS PERU,515,M,CASTELLANO
220107,TACNA,TACNA,PACHIA,ALIANZA PARA EL PROGRESO,147,M,CASTELLANO
220107,TACNA,TACNA,PACHIA,ARRIBA TACNA,10,M,CASTELLANO
220107,TACNA,TACNA,PACHIA,DEMOCRACIA DIRECTA,104,M,CASTELLANO
220107,TACNA,TACNA,PACHIA,MOVIMIENTO INDEPENDIENTE REGIONAL FUERZA TACNA,283,M,CASTELLANO
220107,TACNA,TACNA,PACHIA,MOVIMIENTO POLITICO REGIONAL VAMOS TACNA,57,M,CASTELLANO
220107,TACNA,TACNA,PACHIA,MOVIMIENTO POPULAR AYMARA QUECHUA AMAZONENSE,193,M,CASTELLANO
220107,TACNA,TACNA,PACHIA,PARTIDO HUMANISTA PERUANO,678,M,CASTELLANO
220107,TACNA,TACNA,PACHIA,PARTIDO POPULAR CRISTIANO - PPC,55,M,CASTELLANO
220107,TACNA,TACNA,PACHIA,VAMOS PERU,404,M,CASTELLANO
220108,TACNA,TACNA,PALCA,ACCION POPULAR,293,M,CASTELLANO
220108,TACNA,TACNA,PALCA,ALIANZA PARA EL PROGRESO,1,M,CASTELLANO
220108,TACNA,TACNA,PALCA,DESARROLLO PARA TACNA,330,M,CASTELLANO
220108,TACNA,TACNA,PALCA,NUEVA GENERACION TACNEÑA,146,M,CASTELLANO
220108,TACNA,TACNA,PALCA,PARTIDO DEMOCRATICO SOMOS PERU,3,M,CASTELLANO
220108,TACNA,TACNA,PALCA,PARTIDO POPULAR CRISTIANO - PPC,180,M,CASTELLANO
220108,TACNA,TACNA,PALCA,RECUPEREMOS TACNA,279,M,CASTELLANO
220108,TACNA,TACNA,PALCA,VAMOS PERU,25,M,CASTELLANO
220109,TACNA,TACNA,POCOLLAY,ACCION POPULAR,95,M,CASTELLANO
220109,TACNA,TACNA,POCOLLAY,ALIANZA PARA EL PROGRESO,1164,M,CASTELLANO
220109,TACNA,TACNA,POCOLLAY,ARRIBA TACNA,264,M,CASTELLANO
220109,TACNA,TACNA,POCOLLAY,DEMOCRACIA DIRECTA,1453,M,CASTELLANO
220109,TACNA,TACNA,POCOLLAY,MOVIMIENTO CIVICO PERUANO,1261,M,CASTELLANO
220109,TACNA,TACNA,POCOLLAY,MOVIMIENTO INDEPENDIENTE REGIONAL FUERZA TACNA,2049,M,CASTELLANO
220109,TACNA,TACNA,POCOLLAY,MOVIMIENTO POPULAR AYMARA QUECHUA AMAZONENSE,131,M,CASTELLANO
220109,TACNA,TACNA,POCOLLAY,PARTIDO POPULAR CRISTIANO - PPC,540,M,CASTELLANO
220109,TACNA,TACNA,POCOLLAY,VAMOS PERU,2104,M,CASTELLANO
220110,TACNA,TACNA,SAMA,ARRIBA TACNA,85,M,EXTRANJERO
220110,TACNA,TACNA,SAMA,DEMOCRACIA DIRECTA,391,M,EXTRANJERO
220110,TACNA,TACNA,SAMA,MOVIMIENTO INDEPENDIENTE REGIONAL FUERZA TACNA,536,M,EXTRANJERO
220110,TACNA,TACNA,SAMA,MOVIMIENTO POLITICO REGIONAL VAMOS TACNA,57,M,EXTRANJERO
220110,TACNA,TACNA,SAMA,PARTIDO APRISTA PERUANO,339,M,EXTRANJERO
220110,TACNA,TACNA,SAMA,PARTIDO POPULAR CRISTIANO - PPC,69,M,EXTRANJERO
220111,TACNA,TACNA,ALTO DE LA ALIANZA,ALIANZA PARA EL PROGRESO,653,M,AYMARA
220111,TACNA,TACNA,ALTO DE LA ALIANZA,ARRIBA TACNA,6686,M,AYMARA
220111,TACNA,TACNA,ALTO DE LA ALIANZA,DEMOCRACIA DIRECTA,2348,M,AYMARA
220111,TACNA,TACNA,ALTO DE LA ALIANZA,DESARROLLO PARA TACNA,441,M,AYMARA
220111,TACNA,TACNA,ALTO DE LA ALIANZA,"EL FRENTE AMPLIO POR JUSTICIA, VIDA Y LIBERTAD",734,M,AYMARA
220111,TACNA,TACNA,ALTO DE LA ALIANZA,MOVIMIENTO POPULAR AYMARA QUECHUA AMAZONENSE,818,M,AYMARA
220111,TACNA,TACNA,ALTO DE LA ALIANZA,NUEVA GENERACION TACNEÑA,4716,M,AYMARA
220111,TACNA,TACNA,ALTO DE LA ALIANZA,PARTIDO APRISTA PERUANO,152,M,AYMARA
220111,TACNA,TACNA,ALTO DE LA ALIANZA,PARTIDO DEMOCRATICO SOMOS PERU,542,M,AYMARA
220111,TACNA,TACNA,ALTO DE LA ALIANZA,PARTIDO HUMANISTA PERUANO,1285,M,AYMARA
220111,TACNA,TACNA,ALTO DE LA ALIANZA,RECUPEREMOS TACNA,462,M,AYMARA
220111,TACNA,TACNA,ALTO DE LA ALIANZA,SIEMPRE UNIDOS,664,M,AYMARA
220111,TACNA,TACNA,ALTO DE LA ALIANZA,TACNA LIBRE,148,M,AYMARA
220111,TACNA,TACNA,ALTO DE LA ALIANZA,VAMOS PERU,682,M,AYMARA
220112,TACNA,TACNA,CIUDAD NUEVA,ACCION POPULAR,180,M,CASTELLANO
220112,TACNA,TACNA,CIUDAD NUEVA,ALIANZA PARA EL PROGRESO,3484,M,CASTELLANO
220112,TACNA,TACNA,CIUDAD NUEVA,ARRIBA TACNA,383,M,CASTELLANO
220112,TACNA,TACNA,CIUDAD NUEVA,DEMOCRACIA DIRECTA,1600,M,CASTELLANO
220112,TACNA,TACNA,CIUDAD NUEVA,"EL FRENTE AMPLIO POR JUSTICIA, VIDA Y LIBERTAD",235,M,CASTELLANO
220112,TACNA,TACNA,CIUDAD NUEVA,INTEGRACION CIUDAD NUEVA,2305,M,CASTELLANO
220112,TACNA,TACNA,CIUDAD NUEVA,MOVIMIENTO INDEPENDIENTE RECUPEREMOS CIUDAD NUEVA,562,M,CASTELLANO
220112,TACNA,TACNA,CIUDAD NUEVA,MOVIMIENTO POPULAR AYMARA QUECHUA AMAZONENSE,1143,M,CASTELLANO
220112,TACNA,TACNA,CIUDAD NUEVA,NUEVA GENERACION TACNEÑA,436,M,CASTELLANO
220112,TACNA,TACNA,CIUDAD NUEVA,NUEVO MALLKU,606,M,CASTELLANO
220112,TACNA,TACNA,CIUDAD NUEVA,PARTIDO HUMANISTA PERUANO,2673,M,CASTELLANO
220112,TACNA,TACNA,CIUDAD NUEVA,RESTAURACION NACIONAL,282,M,CASTELLANO
220112,TACNA,TACNA,CIUDAD NUEVA,SIEMPRE UNIDOS,583,M,CASTELLANO
220112,TACNA,TACNA,CIUDAD NUEVA,SOMOS RENOVACION DISTRITAL,5782,M,CASTELLANO
220112,TACNA,TACNA,CIUDAD NUEVA,VAMOS PERU,1020,M,CASTELLANO
220113,TACNA,TACNA,CORONEL GREGORIO ALBARRACIN LANCHIPA,ACCION POPULAR,754,M,CASTELLANO
220113,TACNA,TACNA,CORONEL GREGORIO ALBARRACIN LANCHIPA,ALIANZA PARA EL PROGRESO,2571,M,CASTELLANO
220113,TACNA,TACNA,CORONEL GREGORIO ALBARRACIN LANCHIPA,ARRIBA TACNA,518,M,CASTELLANO
220113,TACNA,TACNA,CORONEL GREGORIO ALBARRACIN LANCHIPA,"EL FRENTE AMPLIO POR JUSTICIA, VIDA Y LIBERTAD",997,M,CASTELLANO
220113,TACNA,TACNA,CORONEL GREGORIO ALBARRACIN LANCHIPA,FRENTE REGIONAL UNIDOS POR TACNA,4162,M,CASTELLANO
220113,TACNA,TACNA,CORONEL GREGORIO ALBARRACIN LANCHIPA,IGUALDAD  NACIONAL CRISTIANA AUTONOMA,1091,M,CASTELLANO
220113,TACNA,TACNA,CORONEL GREGORIO ALBARRACIN LANCHIPA,MOVIMIENTO POLITICO REGIONAL VAMOS TACNA,2438,M,CASTELLANO
220113,TACNA,TACNA,CORONEL GREGORIO ALBARRACIN LANCHIPA,MOVIMIENTO POPULAR AYMARA QUECHUA AMAZONENSE,3016,M,CASTELLANO
220113,TACNA,TACNA,CORONEL GREGORIO ALBARRACIN LANCHIPA,NUEVA GENERACION TACNEÑA,2016,M,CASTELLANO
220113,TACNA,TACNA,CORONEL GREGORIO ALBARRACIN LANCHIPA,PARTIDO APRISTA PERUANO,585,M,CASTELLANO
220113,TACNA,TACNA,CORONEL GREGORIO ALBARRACIN LANCHIPA,PARTIDO DEMOCRATICO SOMOS PERU,571,M,CASTELLANO
220113,TACNA,TACNA,CORONEL GREGORIO ALBARRACIN LANCHIPA,PARTIDO HUMANISTA PERUANO,2425,M,CASTELLANO
220113,TACNA,TACNA,CORONEL GREGORIO ALBARRACIN LANCHIPA,PARTIDO POPULAR CRISTIANO - PPC,989,M,CASTELLANO
220113,TACNA,TACNA,CORONEL GREGORIO ALBARRACIN LANCHIPA,RESTAURACION NACIONAL,391,M,CASTELLANO
220113,TACNA,TACNA,CORONEL GREGORIO ALBARRACIN LANCHIPA,SIEMPRE TACNA,16859,M,CASTELLANO
220113,TACNA,TACNA,CORONEL GREGORIO ALBARRACIN LANCHIPA,SIEMPRE UNIDOS,886,M,CASTELLANO
220113,TACNA,TACNA,CORONEL GREGORIO ALBARRACIN LANCHIPA,TACNA LIBRE,316,M,CASTELLANO
220113,TACNA,TACNA,CORONEL GREGORIO ALBARRACIN LANCHIPA,VAMOS PERU,1507,M,CASTELLANO
220205,TACNA,TARATA,HEROES ALBARRACIN,ACCION POPULAR,426,M,CASTELLANO
220205,TACNA,TARATA,HEROES ALBARRACIN,ARRIBA TACNA,238,M,CASTELLANO
220206,TACNA,TARATA,ESTIQUE,ACCION POPULAR,412,M,CASTELLANO
220206,TACNA,TARATA,ESTIQUE,ALIANZA PARA EL PROGRESO,266,M,CASTELLANO
220206,TACNA,TARATA,ESTIQUE,VAMOS PERU,52,M,CASTELLANO
220207,TACNA,TARATA,ESTIQUE PAMPA,ACCION POPULAR,91,M,CASTELLANO
220207,TACNA,TARATA,ESTIQUE PAMPA,ARRIBA TACNA,90,M,CASTELLANO
220207,TACNA,TARATA,ESTIQUE PAMPA,BANDERAS TACNEÑISTAS,73,M,CASTELLANO
220207,TACNA,TARATA,ESTIQUE PAMPA,VAMOS PERU,73,M,CASTELLANO
220210,TACNA,TARATA,SITAJARA,ACCION POPULAR,135,M,CASTELLANO
220210,TACNA,TARATA,SITAJARA,ALIANZA PARA EL PROGRESO,47,M,CASTELLANO
220210,TACNA,TARATA,SITAJARA,VAMOS PERU,129,M,CASTELLANO
220211,TACNA,TARATA,SUSAPAYA,ACCION POPULAR,180,M,CASTELLANO
220211,TACNA,TARATA,SUSAPAYA,ALIANZA PARA EL PROGRESO,207,M,CASTELLANO
220211,TACNA,TARATA,SUSAPAYA,VAMOS PERU,230,M,CASTELLANO
220212,TACNA,TARATA,TARUCACHI,ACCION POPULAR,241,M,CASTELLANO
220212,TACNA,TARATA,TARUCACHI,MOVIMIENTO INDEPENDIENTE REGIONAL FUERZA TACNA,193,M,CASTELLANO
220212,TACNA,TARATA,TARUCACHI,PARTIDO APRISTA PERUANO,73,M,CASTELLANO
220212,TACNA,TARATA,TARUCACHI,TACNA LIBRE,18,M,CASTELLANO
220212,TACNA,TARATA,TARUCACHI,VAMOS PERU,134,M,CASTELLANO
220213,TACNA,TARATA,TICACO,ACCION POPULAR,54,M,AYMARA
220213,TACNA,TARATA,TICACO,ARRIBA TACNA,192,M,AYMARA
220213,TACNA,TARATA,TICACO,DEMOCRACIA DIRECTA,64,M,AYMARA
220213,TACNA,TARATA,TICACO,RECUPEREMOS TACNA,224,M,AYMARA
220213,TACNA,TARATA,TICACO,VAMOS PERU,138,M,AYMARA
220302,TACNA,JORGE BASADRE,ITE,ARRIBA TACNA,179,M,CASTELLANO
220302,TACNA,JORGE BASADRE,ITE,FRENTE REGIONAL UNIDOS POR TACNA,10,M,CASTELLANO
220302,TACNA,JORGE BASADRE,ITE,MOVIMIENTO POPULAR AYMARA QUECHUA AMAZONENSE,10,M,CASTELLANO
220302,TACNA,JORGE BASADRE,ITE,PARTIDO HUMANISTA PERUANO,1059,M,CASTELLANO
220302,TACNA,JORGE BASADRE,ITE,PERU PATRIA SEGURA,49,M,CASTELLANO
220302,TACNA,JORGE BASADRE,ITE,RECUPEREMOS TACNA,29,M,CASTELLANO
220302,TACNA,JORGE BASADRE,ITE,SIEMPRE UNIDOS,19,M,CASTELLANO
220302,TACNA,JORGE BASADRE,ITE,VAMOS PERU,1149,M,CASTELLANO
220303,TACNA,JORGE BASADRE,ILABAYA,ARRIBA TACNA,1911,M,CASTELLANO
220303,TACNA,JORGE BASADRE,ILABAYA,DEMOCRACIA DIRECTA,108,M,CASTELLANO
220303,TACNA,JORGE BASADRE,ILABAYA,MOVIMIENTO CIVICO PERUANO,1407,M,CASTELLANO
220303,TACNA,JORGE BASADRE,ILABAYA,MOVIMIENTO INDEPENDIENTE REGIONAL FUERZA TACNA,9,M,CASTELLANO
220303,TACNA,JORGE BASADRE,ILABAYA,PARTIDO APRISTA PERUANO,10,M,CASTELLANO
220303,TACNA,JORGE BASADRE,ILABAYA,RECUPEREMOS TACNA,25,M,CASTELLANO
220303,TACNA,JORGE BASADRE,ILABAYA,VAMOS PERU,30,M,CASTELLANO
220402,TACNA,CANDARAVE,CAIRANI,BANDERAS TACNEÑISTAS,74,M,AYMARA
220402,TACNA,CANDARAVE,CAIRANI,MOVIMIENTO CIVICO PERUANO,253,M,AYMARA
220402,TACNA,CANDARAVE,CAIRANI,MOVIMIENTO INDEPENDIENTE REGIONAL FUERZA TACNA,162,M,AYMARA
220402,TACNA,CANDARAVE,CAIRANI,PARTIDO APRISTA PERUANO,244,M,AYMARA
220402,TACNA,CANDARAVE,CAIRANI,VAMOS PERU,88,M,AYMARA
220403,TACNA,CANDARAVE,CURIBAYA,MOVIMIENTO CIVICO PERUANO,189,M,CASTELLANO
220403,TACNA,CANDARAVE,CURIBAYA,RECUPEREMOS TACNA,146,M,CASTELLANO
220404,TACNA,CANDARAVE,HUANUARA,BANDERAS TACNEÑISTAS,18,M,CASTELLANO
220404,TACNA,CANDARAVE,HUANUARA,MOVIMIENTO CIVICO PERUANO,180,M,CASTELLANO
220404,TACNA,CANDARAVE,HUANUARA,MOVIMIENTO INDEPENDIENTE REGIONAL FUERZA TACNA,30,M,CASTELLANO
220404,TACNA,CANDARAVE,HUANUARA,PARTIDO APRISTA PERUANO,288,M,CASTELLANO
220404,TACNA,CANDARAVE,HUANUARA,PARTIDO HUMANISTA PERUANO,70,M,CASTELLANO
220404,TACNA,CANDARAVE,HUANUARA,VAMOS PERU,50,M,CASTELLANO
220405,TACNA,CANDARAVE,QUILAHUANI,ACCION POPULAR,170,M,CASTELLANO
220405,TACNA,CANDARAVE,QUILAHUANI,MOVIMIENTO CIVICO PERUANO,178,M,CASTELLANO
220405,TACNA,CANDARAVE,QUILAHUANI,MOVIMIENTO INDEPENDIENTE REGIONAL FUERZA TACNA,210,M,CASTELLANO
220405,TACNA,CANDARAVE,QUILAHUANI,PARTIDO HUMANISTA PERUANO,88,M,CASTELLANO
220406,TACNA,CANDARAVE,CAMILACA,ARRIBA TACNA,57,M,CASTELLANO
220406,TACNA,CANDARAVE,CAMILACA,MOVIMIENTO CIVICO PERUANO,321,M,CASTELLANO
220406,TACNA,CANDARAVE,CAMILACA,NUEVA GENERACION TACNEÑA,353,M,CASTELLANO
220406,TACNA,CANDARAVE,CAMILACA,VAMOS PERU,107,M,CASTELLANO
230102,TUMBES,TUMBES,CORRALES,ACCION POPULAR,302,M,CASTELLANO
230102,TUMBES,TUMBES,CORRALES,ALIANZA PARA EL PROGRESO,3299,M,CASTELLANO
230102,TUMBES,TUMBES,CORRALES,DEMOCRACIA DIRECTA,2346,M,CASTELLANO
230102,TUMBES,TUMBES,CORRALES,FRENTE AMPLIO DE DEFENSA DE LOS INTERESES COMUNALES,2192,M,CASTELLANO
230102,TUMBES,TUMBES,CORRALES,FRENTE DE DESARROLLO DE CORRALES,2069,M,CASTELLANO
230102,TUMBES,TUMBES,CORRALES,SIEMPRE UNIDOS,2140,M,CASTELLANO
230103,TUMBES,TUMBES,LA CRUZ,ALIANZA PARA EL PROGRESO,363,M,CASTELLANO
230103,TUMBES,TUMBES,LA CRUZ,"EL FRENTE AMPLIO POR JUSTICIA, VIDA Y LIBERTAD",15,M,CASTELLANO
230103,TUMBES,TUMBES,LA CRUZ,FUERZA TUMBESINA 2010,751,M,CASTELLANO
230103,TUMBES,TUMBES,LA CRUZ,MOVIMIENTO INDEPENDIENTE REGIONAL FAENA,1143,M,CASTELLANO
230103,TUMBES,TUMBES,LA CRUZ,PARTIDO DEMOCRATICO SOMOS PERU,163,M,CASTELLANO
230103,TUMBES,TUMBES,LA CRUZ,RENOVACION TUMBESINA,84,M,CASTELLANO
230103,TUMBES,TUMBES,LA CRUZ,SUMATE AL CAMBIO,1520,M,CASTELLANO
230103,TUMBES,TUMBES,LA CRUZ,UNION POR EL PERU,135,M,CASTELLANO
230103,TUMBES,TUMBES,LA CRUZ,VAMOS PERU,684,M,CASTELLANO
230104,TUMBES,TUMBES,PAMPAS DE HOSPITAL,IZQUIERDA PAMPINA,1797,M,CASTELLANO
230104,TUMBES,TUMBES,PAMPAS DE HOSPITAL,NUEVA ALTERNATIVA,208,M,CASTELLANO
230104,TUMBES,TUMBES,PAMPAS DE HOSPITAL,PAMPAS CAMINO AL DESARROLLO,1992,M,CASTELLANO
230104,TUMBES,TUMBES,PAMPAS DE HOSPITAL,PARTIDO HUMANISTA PERUANO,16,M,CASTELLANO
230104,TUMBES,TUMBES,PAMPAS DE HOSPITAL,PARTIDO POPULAR CRISTIANO - PPC,20,M,CASTELLANO
230104,TUMBES,TUMBES,PAMPAS DE HOSPITAL,PERU POSIBLE,227,M,CASTELLANO
230105,TUMBES,TUMBES,SAN JACINTO,MOVIMIENTO POLITICO INDEPENDIENTE JUNTOS AL DESARROLLO,1239,M,CASTELLANO
230105,TUMBES,TUMBES,SAN JACINTO,PARTIDO APRISTA PERUANO,1634,M,CASTELLANO
230105,TUMBES,TUMBES,SAN JACINTO,RECONSTRUCCION CON OBRAS MAS OBRAS PARA UN TUMBES BELLO,551,M,CASTELLANO
230105,TUMBES,TUMBES,SAN JACINTO,RENOVACION TUMBESINA,1621,M,CASTELLANO
230105,TUMBES,TUMBES,SAN JACINTO,SUMATE AL CAMBIO,264,M,CASTELLANO
230106,TUMBES,TUMBES,SAN JUAN DE LA VIRGEN,ACCION POPULAR,15,M,CASTELLANO
230106,TUMBES,TUMBES,SAN JUAN DE LA VIRGEN,ALIANZA PARA EL PROGRESO,603,M,CASTELLANO
230106,TUMBES,TUMBES,SAN JUAN DE LA VIRGEN,MOVIMIENTO INDEPENDIENTE REGIONAL FAENA,251,M,CASTELLANO
230106,TUMBES,TUMBES,SAN JUAN DE LA VIRGEN,NUEVA ALTERNATIVA,20,M,CASTELLANO
230106,TUMBES,TUMBES,SAN JUAN DE LA VIRGEN,PARTIDO APRISTA PERUANO,557,M,CASTELLANO
230106,TUMBES,TUMBES,SAN JUAN DE LA VIRGEN,PARTIDO DEMOCRATICO SOMOS PERU,490,M,CASTELLANO
230106,TUMBES,TUMBES,SAN JUAN DE LA VIRGEN,RECONSTRUCCION CON OBRAS MAS OBRAS PARA UN TUMBES BELLO,434,M,CASTELLANO
230106,TUMBES,TUMBES,SAN JUAN DE LA VIRGEN,RENOVACION TUMBESINA,647,M,CASTELLANO
230106,TUMBES,TUMBES,SAN JUAN DE LA VIRGEN,SIEMPRE UNIDOS,27,M,CASTELLANO
230202,TUMBES,CONTRALMIRANTE VILLAR,CASITAS,PERU POSIBLE,663,M,CASTELLANO
230202,TUMBES,CONTRALMIRANTE VILLAR,CASITAS,RENOVACION TUMBESINA,1005,M,CASTELLANO
230202,TUMBES,CONTRALMIRANTE VILLAR,CASITAS,UNION POR EL PERU,547,M,CASTELLANO
230203,TUMBES,CONTRALMIRANTE VILLAR,CANOAS DE PUNTA SAL,MOVIMIENTO INDEPENDIENTE REGIONAL FAENA,1036,M,CASTELLANO
230203,TUMBES,CONTRALMIRANTE VILLAR,CANOAS DE PUNTA SAL,PARTIDO DEMOCRATICO SOMOS PERU,65,M,CASTELLANO
230203,TUMBES,CONTRALMIRANTE VILLAR,CANOAS DE PUNTA SAL,PARTIDO POPULAR CRISTIANO - PPC,202,M,CASTELLANO
230203,TUMBES,CONTRALMIRANTE VILLAR,CANOAS DE PUNTA SAL,RENOVACION TUMBESINA,330,M,CASTELLANO
230203,TUMBES,CONTRALMIRANTE VILLAR,CANOAS DE PUNTA SAL,UNIDAD CANOENSE,1209,M,CASTELLANO
230203,TUMBES,CONTRALMIRANTE VILLAR,CANOAS DE PUNTA SAL,VAMOS PERU,61,M,CASTELLANO
230302,TUMBES,ZARUMILLA,MATAPALO,ALIANZA PARA EL PROGRESO,265,F,CASTELLANO
230302,TUMBES,ZARUMILLA,MATAPALO,MOVIMIENTO INDEPENDIENTE REGIONAL FAENA,112,F,CASTELLANO
230302,TUMBES,ZARUMILLA,MATAPALO,RECONSTRUCCION CON OBRAS MAS OBRAS PARA UN TUMBES BELLO,819,F,CASTELLANO
230302,TUMBES,ZARUMILLA,MATAPALO,SOLIDARIDAD NACIONAL,503,F,CASTELLANO
230303,TUMBES,ZARUMILLA,PAPAYAL,ACCION POPULAR,35,M,CASTELLANO
230303,TUMBES,ZARUMILLA,PAPAYAL,FUERZA POPULAR,529,M,CASTELLANO
230303,TUMBES,ZARUMILLA,PAPAYAL,LA FUERZA QUE UNE,1359,M,CASTELLANO
230303,TUMBES,ZARUMILLA,PAPAYAL,PAPAYAL RUMBO AL CAMBIO,436,M,CASTELLANO
230303,TUMBES,ZARUMILLA,PAPAYAL,PARTIDO POPULAR CRISTIANO - PPC,75,M,CASTELLANO
230303,TUMBES,ZARUMILLA,PAPAYAL,UNION POR EL PERU,1029,M,CASTELLANO
230304,TUMBES,ZARUMILLA,AGUAS VERDES,AGUAS VERDES RUMBO AL EXITO 2014,3155,M,CASTELLANO
230304,TUMBES,ZARUMILLA,AGUAS VERDES,AMOR POR AGUAS VERDES,1298,M,CASTELLANO
230304,TUMBES,ZARUMILLA,AGUAS VERDES,"EL FRENTE AMPLIO POR JUSTICIA, VIDA Y LIBERTAD",50,M,CASTELLANO
230304,TUMBES,ZARUMILLA,AGUAS VERDES,FUERZA POPULAR,584,M,CASTELLANO
230304,TUMBES,ZARUMILLA,AGUAS VERDES,MOVIMIENTO TUMBESINO PUEBLO UNIDO,331,M,CASTELLANO
230304,TUMBES,ZARUMILLA,AGUAS VERDES,ORGANIZACION POLITICA INDEPENDIENTE DISTRITAL ALTERNATIVA VERDE,1337,M,CASTELLANO
230304,TUMBES,ZARUMILLA,AGUAS VERDES,PARTIDO DEMOCRATICO SOMOS PERU,248,M,CASTELLANO
230304,TUMBES,ZARUMILLA,AGUAS VERDES,PARTIDO POPULAR CRISTIANO - PPC,194,M,CASTELLANO
230304,TUMBES,ZARUMILLA,AGUAS VERDES,TODOS POR AGUAS VERDES,1040,M,CASTELLANO
230304,TUMBES,ZARUMILLA,AGUAS VERDES,VAMOS PERU,112,M,CASTELLANO
230304,TUMBES,ZARUMILLA,AGUAS VERDES,YA ES LA HORA,323,M,CASTELLANO
240102,CALLAO,CALLAO,BELLAVISTA,ACCION POPULAR,2708,M,CASTELLANO
240102,CALLAO,CALLAO,BELLAVISTA,ADUANEC,2347,M,CASTELLANO
240102,CALLAO,CALLAO,BELLAVISTA,ALIANZA PARA EL PROGRESO,2706,M,CASTELLANO
240102,CALLAO,CALLAO,BELLAVISTA,CHIMPUM CALLAO,17484,M,CASTELLANO
240102,CALLAO,CALLAO,BELLAVISTA,FRENTE POR LA DEMOCRACIA DEL CALLAO,812,M,CASTELLANO
240102,CALLAO,CALLAO,BELLAVISTA,FUERZA POPULAR,2187,M,CASTELLANO
240102,CALLAO,CALLAO,BELLAVISTA,MI CALLAO,1646,M,CASTELLANO
240102,CALLAO,CALLAO,BELLAVISTA,MOVIMIENTO AMPLIO REGIONAL CALLAO,1103,M,CASTELLANO
240102,CALLAO,CALLAO,BELLAVISTA,MOVIMIENTO INDEPENDIENTE REGIONAL UNION DEMOCRATICA CHALACA,1189,M,CASTELLANO
240102,CALLAO,CALLAO,BELLAVISTA,PARTIDO POPULAR CRISTIANO - PPC,1105,M,CASTELLANO
240102,CALLAO,CALLAO,BELLAVISTA,POR TI CALLAO,8334,M,CASTELLANO
240102,CALLAO,CALLAO,BELLAVISTA,PUERTO CALLAO,604,M,CASTELLANO
240102,CALLAO,CALLAO,BELLAVISTA,VAMOS BELLAVISTA,5543,M,CASTELLANO
240103,CALLAO,CALLAO,LA PUNTA,ALIANZA PARA EL PROGRESO,598,M,CASTELLANO
240103,CALLAO,CALLAO,LA PUNTA,CHIMPUM CALLAO,1837,M,CASTELLANO
240103,CALLAO,CALLAO,LA PUNTA,MOVIMIENTO INDEPENDIENTE REGIONAL UNION DEMOCRATICA CHALACA,274,M,CASTELLANO
240103,CALLAO,CALLAO,LA PUNTA,PARTIDO DEMOCRATICO SOMOS PERU,148,M,CASTELLANO
240103,CALLAO,CALLAO,LA PUNTA,PARTIDO POPULAR CRISTIANO - PPC,2423,M,CASTELLANO
240103,CALLAO,CALLAO,LA PUNTA,UNION PUNTEÑA,244,M,CASTELLANO
240104,CALLAO,CALLAO,CARMEN DE LA LEGUA-REYNOSO,ACCION POPULAR,743,M,CASTELLANO
240104,CALLAO,CALLAO,CARMEN DE LA LEGUA-REYNOSO,ADUANEC,216,M,CASTELLANO
240104,CALLAO,CALLAO,CARMEN DE LA LEGUA-REYNOSO,ALIANZA PARA EL PROGRESO,6007,M,CASTELLANO
240104,CALLAO,CALLAO,CARMEN DE LA LEGUA-REYNOSO,CHIMPUM CALLAO,7055,M,CASTELLANO
240104,CALLAO,CALLAO,CARMEN DE LA LEGUA-REYNOSO,FRENTE INDEPENDIENTE DIGNIDAD DISTRITAL,2139,M,CASTELLANO
240104,CALLAO,CALLAO,CARMEN DE LA LEGUA-REYNOSO,FRENTE POR LA DEMOCRACIA DEL CALLAO,567,M,CASTELLANO
240104,CALLAO,CALLAO,CARMEN DE LA LEGUA-REYNOSO,FUERZA POPULAR,1049,M,CASTELLANO
240104,CALLAO,CALLAO,CARMEN DE LA LEGUA-REYNOSO,MI CALLAO,1251,M,CASTELLANO
240104,CALLAO,CALLAO,CARMEN DE LA LEGUA-REYNOSO,MOVIMIENTO AMPLIO REGIONAL CALLAO,1135,M,CASTELLANO
240104,CALLAO,CALLAO,CARMEN DE LA LEGUA-REYNOSO,MOVIMIENTO INDEPENDIENTE REGIONAL UNION DEMOCRATICA CHALACA,4665,M,CASTELLANO
240104,CALLAO,CALLAO,CARMEN DE LA LEGUA-REYNOSO,PARTIDO DEMOCRATICO SOMOS PERU,321,M,CASTELLANO
240104,CALLAO,CALLAO,CARMEN DE LA LEGUA-REYNOSO,PARTIDO POPULAR CRISTIANO - PPC,368,M,CASTELLANO
240104,CALLAO,CALLAO,CARMEN DE LA LEGUA-REYNOSO,POR TI CALLAO,3490,M,CASTELLANO
240104,CALLAO,CALLAO,CARMEN DE LA LEGUA-REYNOSO,PUERTO CALLAO,133,M,CASTELLANO
240104,CALLAO,CALLAO,CARMEN DE LA LEGUA-REYNOSO,RESTAURACION NACIONAL,369,M,CASTELLANO
240104,CALLAO,CALLAO,CARMEN DE LA LEGUA-REYNOSO,UNION POR EL PERU,962,M,CASTELLANO
240105,CALLAO,CALLAO,LA PERLA,ACCION POPULAR,1314,F,CASTELLANO
240105,CALLAO,CALLAO,LA PERLA,ADUANEC,3162,F,CASTELLANO
240105,CALLAO,CALLAO,LA PERLA,ALIANZA PARA EL PROGRESO,953,F,CASTELLANO
240105,CALLAO,CALLAO,LA PERLA,CHIMPUM CALLAO,11653,F,CASTELLANO
240105,CALLAO,CALLAO,LA PERLA,FRENTE POR LA DEMOCRACIA DEL CALLAO,445,F,CASTELLANO
240105,CALLAO,CALLAO,LA PERLA,FUERZA POPULAR,1486,F,CASTELLANO
240105,CALLAO,CALLAO,LA PERLA,JUNTOS POR EL CAMBIO,290,F,CASTELLANO
240105,CALLAO,CALLAO,LA PERLA,"LA PERLA EMPRENDE, SI SE PUEDE",383,F,CASTELLANO
240105,CALLAO,CALLAO,LA PERLA,MI CALLAO,1319,F,CASTELLANO
240105,CALLAO,CALLAO,LA PERLA,MOVIMIENTO INDEPENDIENTE REGIONAL UNION DEMOCRATICA CHALACA,10504,F,CASTELLANO
240105,CALLAO,CALLAO,LA PERLA,ORGULLO PERLEÑO,257,F,CASTELLANO
240105,CALLAO,CALLAO,LA PERLA,PARTIDO DEMOCRATICO SOMOS PERU,498,F,CASTELLANO
240105,CALLAO,CALLAO,LA PERLA,POR TI CALLAO,6502,F,CASTELLANO
240105,CALLAO,CALLAO,LA PERLA,PUERTO CALLAO,403,F,CASTELLANO
240106,CALLAO,CALLAO,VENTANILLA,ACCION POPULAR,11597,M,CASTELLANO
240106,CALLAO,CALLAO,VENTANILLA,ADUANEC,3891,M,CASTELLANO
240106,CALLAO,CALLAO,VENTANILLA,ALIANZA PARA EL PROGRESO,3164,M,CASTELLANO
240106,CALLAO,CALLAO,VENTANILLA,CHIMPUM CALLAO,57052,M,CASTELLANO
240106,CALLAO,CALLAO,VENTANILLA,FRENTE POR LA DEMOCRACIA DEL CALLAO,1612,M,CASTELLANO
240106,CALLAO,CALLAO,VENTANILLA,FUERZA POPULAR,22076,M,CASTELLANO
240106,CALLAO,CALLAO,VENTANILLA,MI CALLAO,8758,M,CASTELLANO
240106,CALLAO,CALLAO,VENTANILLA,MOVIMIENTO AMPLIO REGIONAL CALLAO,9908,M,CASTELLANO
240106,CALLAO,CALLAO,VENTANILLA,MOVIMIENTO INDEPENDIENTE REGIONAL UNION DEMOCRATICA CHALACA,4145,M,CASTELLANO
240106,CALLAO,CALLAO,VENTANILLA,PARTIDO DEMOCRATICO SOMOS PERU,2351,M,CASTELLANO
240106,CALLAO,CALLAO,VENTANILLA,PARTIDO POPULAR CRISTIANO - PPC,3613,M,CASTELLANO
240106,CALLAO,CALLAO,VENTANILLA,POR TI CALLAO,5262,M,CASTELLANO
240106,CALLAO,CALLAO,VENTANILLA,PUERTO CALLAO,2442,M,CASTELLANO
240106,CALLAO,CALLAO,VENTANILLA,SIEMPRE UNIDOS,5370,M,CASTELLANO
240106,CALLAO,CALLAO,VENTANILLA,UNION POR EL PERU,3052,M,CASTELLANO
250102,UCAYALI,CORONEL PORTILLO,YARINACOCHA,ACCION POPULAR,400,M,CASTELLANO
250102,UCAYALI,CORONEL PORTILLO,YARINACOCHA,AGRUPACION POLITICA LOCAL CONTIGO YARINA CY,5232,M,CASTELLANO
250102,UCAYALI,CORONEL PORTILLO,YARINACOCHA,ALIANZA PARA EL PROGRESO,337,M,CASTELLANO
250102,UCAYALI,CORONEL PORTILLO,YARINACOCHA,BLOQUE POPULAR UCAYALI,415,M,CASTELLANO
250102,UCAYALI,CORONEL PORTILLO,YARINACOCHA,CIENCIA Y ACCION MOVILIZADORA DE UCAYALI,366,M,CASTELLANO
250102,UCAYALI,CORONEL PORTILLO,YARINACOCHA,CONFIANZA UCAYALI,618,M,CASTELLANO
250102,UCAYALI,CORONEL PORTILLO,YARINACOCHA,ESFUERZOS UNIDOS,3442,M,CASTELLANO
250102,UCAYALI,CORONEL PORTILLO,YARINACOCHA,FUERZA POPULAR,2721,M,CASTELLANO
250102,UCAYALI,CORONEL PORTILLO,YARINACOCHA,MOVIMIENTO AGRARIO POPULAR  UCAYALINO,157,M,CASTELLANO
250102,UCAYALI,CORONEL PORTILLO,YARINACOCHA,MOVIMIENTO INDEPENDIENTE JUNTOS  POR YARINACOCHA,1701,M,CASTELLANO
250102,UCAYALI,CORONEL PORTILLO,YARINACOCHA,MOVIMIENTO INDEPENDIENTE REGIONAL CAMBIO UCAYALINO,16687,M,CASTELLANO
250102,UCAYALI,CORONEL PORTILLO,YARINACOCHA,MOVIMIENTO POLITICO REGIONAL FUERZA JUVENIL,666,M,CASTELLANO
250102,UCAYALI,CORONEL PORTILLO,YARINACOCHA,MOVIMIENTO POLITICO REGIONAL FUERZA UCAYALINA (FU),1526,M,CASTELLANO
250102,UCAYALI,CORONEL PORTILLO,YARINACOCHA,TODOS SOMOS UCAYALI,6477,M,CASTELLANO
250102,UCAYALI,CORONEL PORTILLO,YARINACOCHA,UCAYALI REGION CON  FUTURO,2685,M,CASTELLANO
250103,UCAYALI,CORONEL PORTILLO,MASISEA,BLOQUE POPULAR UCAYALI,165,M,CASTELLANO
250103,UCAYALI,CORONEL PORTILLO,MASISEA,FUERZA POPULAR,115,M,CASTELLANO
250103,UCAYALI,CORONEL PORTILLO,MASISEA,MOVIMIENTO INDEPENDIENTE REGIONAL CAMBIO UCAYALINO,1738,M,CASTELLANO
250103,UCAYALI,CORONEL PORTILLO,MASISEA,MOVIMIENTO POLITICO REGIONAL FUERZA UCAYALINA (FU),25,M,CASTELLANO
250103,UCAYALI,CORONEL PORTILLO,MASISEA,TODOS SOMOS UCAYALI,2227,M,CASTELLANO
250103,UCAYALI,CORONEL PORTILLO,MASISEA,UCAYALI REGION CON  FUTURO,906,M,CASTELLANO
250104,UCAYALI,CORONEL PORTILLO,CAMPOVERDE,ALIANZA PARA EL PROGRESO,289,M,CASTELLANO
250104,UCAYALI,CORONEL PORTILLO,CAMPOVERDE,BLOQUE POPULAR UCAYALI,39,M,CASTELLANO
250104,UCAYALI,CORONEL PORTILLO,CAMPOVERDE,CONFIANZA UCAYALI,36,M,CASTELLANO
250104,UCAYALI,CORONEL PORTILLO,CAMPOVERDE,ESFUERZOS UNIDOS,70,M,CASTELLANO
250104,UCAYALI,CORONEL PORTILLO,CAMPOVERDE,FUERZA POPULAR,227,M,CASTELLANO
250104,UCAYALI,CORONEL PORTILLO,CAMPOVERDE,INTEGRANDO UCAYALI,271,M,CASTELLANO
250104,UCAYALI,CORONEL PORTILLO,CAMPOVERDE,MOVIMIENTO INDEPENDIENTE REGIONAL CAMBIO UCAYALINO,1616,M,CASTELLANO
250104,UCAYALI,CORONEL PORTILLO,CAMPOVERDE,MOVIMIENTO POLITICO REGIONAL FUERZA JUVENIL,1436,M,CASTELLANO
250104,UCAYALI,CORONEL PORTILLO,CAMPOVERDE,TODOS SOMOS UCAYALI,1521,M,CASTELLANO
250104,UCAYALI,CORONEL PORTILLO,CAMPOVERDE,UCAYALI REGION CON  FUTURO,1875,M,CASTELLANO
250105,UCAYALI,CORONEL PORTILLO,IPARIA,ALIANZA PARA EL PROGRESO,543,M,CASTELLANO
250105,UCAYALI,CORONEL PORTILLO,IPARIA,ESFUERZOS UNIDOS,1855,M,CASTELLANO
250105,UCAYALI,CORONEL PORTILLO,IPARIA,FUERZA POPULAR,31,M,CASTELLANO
250105,UCAYALI,CORONEL PORTILLO,IPARIA,MOVIMIENTO INDEPENDIENTE DE INTEGRACION POR IPARIA MIII,870,M,CASTELLANO
250105,UCAYALI,CORONEL PORTILLO,IPARIA,MOVIMIENTO INDEPENDIENTE REGIONAL CAMBIO UCAYALINO,816,M,CASTELLANO
250106,UCAYALI,CORONEL PORTILLO,NUEVA REQUENA,ACCION POPULAR,6,M,CASTELLANO
250106,UCAYALI,CORONEL PORTILLO,NUEVA REQUENA,CONFIANZA UCAYALI,80,M,CASTELLANO
250106,UCAYALI,CORONEL PORTILLO,NUEVA REQUENA,ESFUERZOS UNIDOS,29,M,CASTELLANO
250106,UCAYALI,CORONEL PORTILLO,NUEVA REQUENA,FUERZA POPULAR,109,M,CASTELLANO
250106,UCAYALI,CORONEL PORTILLO,NUEVA REQUENA,INTEGRANDO UCAYALI,631,M,CASTELLANO
250106,UCAYALI,CORONEL PORTILLO,NUEVA REQUENA,MOVIMIENTO INDEPENDIENTE REGIONAL CAMBIO UCAYALINO,445,M,CASTELLANO
250106,UCAYALI,CORONEL PORTILLO,NUEVA REQUENA,MOVIMIENTO PROGRESISTA DE NUEVA REQUENA,12,M,CASTELLANO
250106,UCAYALI,CORONEL PORTILLO,NUEVA REQUENA,TODOS SOMOS UCAYALI,616,M,CASTELLANO
250106,UCAYALI,CORONEL PORTILLO,NUEVA REQUENA,UCAYALI REGION CON  FUTURO,622,M,CASTELLANO
250107,UCAYALI,CORONEL PORTILLO,MANANTAY,ACCION POPULAR,719,M,CASTELLANO
250107,UCAYALI,CORONEL PORTILLO,MANANTAY,ALIANZA PARA EL PROGRESO,6444,M,CASTELLANO
250107,UCAYALI,CORONEL PORTILLO,MANANTAY,CIENCIA Y ACCION MOVILIZADORA DE UCAYALI,458,M,CASTELLANO
250107,UCAYALI,CORONEL PORTILLO,MANANTAY,CONFIANZA UCAYALI,307,M,CASTELLANO
250107,UCAYALI,CORONEL PORTILLO,MANANTAY,ESFUERZOS UNIDOS,1264,M,CASTELLANO
250107,UCAYALI,CORONEL PORTILLO,MANANTAY,FUERZA POPULAR,697,M,CASTELLANO
250107,UCAYALI,CORONEL PORTILLO,MANANTAY,INTEGRANDO UCAYALI,708,M,CASTELLANO
250107,UCAYALI,CORONEL PORTILLO,MANANTAY,MOVIMIENTO AGRARIO POPULAR  UCAYALINO,202,M,CASTELLANO
250107,UCAYALI,CORONEL PORTILLO,MANANTAY,MOVIMIENTO INDEPENDIENTE REGIONAL CAMBIO UCAYALINO,4524,M,CASTELLANO
250107,UCAYALI,CORONEL PORTILLO,MANANTAY,MOVIMIENTO POLITICO REGIONAL FUERZA JUVENIL,401,M,CASTELLANO
250107,UCAYALI,CORONEL PORTILLO,MANANTAY,MOVIMIENTO POLITICO REGIONAL FUERZA UCAYALINA (FU),744,M,CASTELLANO
250107,UCAYALI,CORONEL PORTILLO,MANANTAY,TODOS SOMOS UCAYALI,8459,M,CASTELLANO
250107,UCAYALI,CORONEL PORTILLO,MANANTAY,UCAYALI REGION CON  FUTURO,1564,M,CASTELLANO
250107,UCAYALI,CORONEL PORTILLO,MANANTAY,UNION POR EL PERU,179,M,CASTELLANO
250107,UCAYALI,CORONEL PORTILLO,MANANTAY,VAMOS PERU,2513,M,CASTELLANO
250202,UCAYALI,PADRE ABAD,IRAZOLA,BLOQUE POPULAR UCAYALI,2355,M,CASTELLANO
250202,UCAYALI,PADRE ABAD,IRAZOLA,CIENCIA Y ACCION MOVILIZADORA DE UCAYALI,180,M,CASTELLANO
250202,UCAYALI,PADRE ABAD,IRAZOLA,FUERZA POPULAR,486,M,CASTELLANO
250202,UCAYALI,PADRE ABAD,IRAZOLA,INTEGRANDO UCAYALI,579,M,CASTELLANO
250202,UCAYALI,PADRE ABAD,IRAZOLA,MOVIMIENTO AGRARIO POPULAR  UCAYALINO,49,M,CASTELLANO
250202,UCAYALI,PADRE ABAD,IRAZOLA,MOVIMIENTO INDEPENDIENTE REGIONAL CAMBIO UCAYALINO,2014,M,CASTELLANO
250202,UCAYALI,PADRE ABAD,IRAZOLA,MOVIMIENTO POLITICO REGIONAL FUERZA UCAYALINA (FU),431,M,CASTELLANO
250202,UCAYALI,PADRE ABAD,IRAZOLA,TODOS SOMOS UCAYALI,1750,M,CASTELLANO
250202,UCAYALI,PADRE ABAD,IRAZOLA,UCAYALI REGION CON  FUTURO,729,M,CASTELLANO
250203,UCAYALI,PADRE ABAD,CURIMANA,CONFIANZA UCAYALI,4,M,CASTELLANO
250203,UCAYALI,PADRE ABAD,CURIMANA,MOVIMIENTO BIODIVERSIDAD Y DESARROLLO AMAZONICO BIDA,61,M,CASTELLANO
250203,UCAYALI,PADRE ABAD,CURIMANA,MOVIMIENTO INDEPENDIENTE REGIONAL CAMBIO UCAYALINO,714,M,CASTELLANO
250203,UCAYALI,PADRE ABAD,CURIMANA,TODOS SOMOS UCAYALI,1690,M,CASTELLANO
250203,UCAYALI,PADRE ABAD,CURIMANA,UCAYALI REGION CON  FUTURO,2008,M,CASTELLANO
250302,UCAYALI,ATALAYA,TAHUANIA,ACCION POPULAR,83,M,CASTELLANO
250302,UCAYALI,ATALAYA,TAHUANIA,FUERZA POPULAR,4,M,CASTELLANO
250302,UCAYALI,ATALAYA,TAHUANIA,INTEGRANDO UCAYALI,1797,M,CASTELLANO
250302,UCAYALI,ATALAYA,TAHUANIA,MOVIMIENTO AGRARIO POPULAR  UCAYALINO,86,M,CASTELLANO
250302,UCAYALI,ATALAYA,TAHUANIA,MOVIMIENTO BIODIVERSIDAD Y DESARROLLO AMAZONICO BIDA,6,M,CASTELLANO
250302,UCAYALI,ATALAYA,TAHUANIA,MOVIMIENTO INDEPENDIENTE REGIONAL CAMBIO UCAYALINO,56,M,CASTELLANO
250302,UCAYALI,ATALAYA,TAHUANIA,TODOS SOMOS UCAYALI,1105,M,CASTELLANO
250302,UCAYALI,ATALAYA,TAHUANIA,UCAYALI REGION CON  FUTURO,41,M,CASTELLANO
250303,UCAYALI,ATALAYA,YURUA,FUERZA POPULAR,0,M,CASTELLANO
250303,UCAYALI,ATALAYA,YURUA,INTEGRANDO UCAYALI,335,M,CASTELLANO
250303,UCAYALI,ATALAYA,YURUA,TODOS SOMOS UCAYALI,214,M,CASTELLANO
250303,UCAYALI,ATALAYA,YURUA,UCAYALI REGION CON  FUTURO,237,M,CASTELLANO
250304,UCAYALI,ATALAYA,SEPAHUA,ACCION POPULAR,377,M,CASTELLANO
250304,UCAYALI,ATALAYA,SEPAHUA,INTEGRANDO UCAYALI,1288,M,CASTELLANO
250304,UCAYALI,ATALAYA,SEPAHUA,MOVIMIENTO INDEPENDIENTE REGIONAL CAMBIO UCAYALINO,724,M,CASTELLANO
250304,UCAYALI,ATALAYA,SEPAHUA,TODOS SOMOS UCAYALI,440,M,CASTELLANO
