ubigeo,region,provincia,distrito,organizacion_politica,total_votos
010102,Amazonas,Chachapoyas,Asunción,MOVIMIENTO REGIONAL VICTORIA AMAZONENSE,108
010102,Amazonas,Chachapoyas,Asunción,ALIANZA PARA EL PROGRESO,159
010103,Amazonas,Chachapoyas,Balsas,SENTIMIENTO AMAZONENSE REGIONAL,120
010103,Amazonas,Chachapoyas,Balsas,MOVIMIENTO REGIONAL VICTORIA AMAZONENSE,40
010103,Amazonas,Chachapoyas,Balsas,RENOVACION POPULAR,130
010103,Amazonas,Chachapoyas,Balsas,ALIANZA PARA EL PROGRESO,248
010104,Amazonas,Chachapoyas,Cheto,SENTIMIENTO AMAZONENSE REGIONAL,203
010104,Amazonas,Chachapoyas,Cheto,MOVIMIENTO REGIONAL VICTORIA AMAZONENSE,294
010104,Amazonas,Chachapoyas,Cheto,PARTIDO POLITICO NACIONAL PERU LIBRE,17
010105,Amazonas,Chachapoyas,Chiliquin,SENTIMIENTO AMAZONENSE REGIONAL,212
010105,Amazonas,Chachapoyas,Chiliquin,MOVIMIENTO REGIONAL VICTORIA AMAZONENSE,131
010105,Amazonas,Chachapoyas,Chiliquin,JUNTOS POR EL PERU,33
010105,Amazonas,Chachapoyas,Chiliquin,RENOVACION POPULAR,191
010105,Amazonas,Chachapoyas,Chiliquin,ALIANZA PARA EL PROGRESO,20
010106,Amazonas,Chachapoyas,Chuquibamba,SENTIMIENTO AMAZONENSE REGIONAL,479
010106,Amazonas,Chachapoyas,Chuquibamba,MOVIMIENTO REGIONAL VICTORIA AMAZONENSE,298
010106,Amazonas,Chachapoyas,Chuquibamba,JUNTOS POR EL PERU,82
010106,Amazonas,Chachapoyas,Chuquibamba,RENOVACION POPULAR,93
010106,Amazonas,Chachapoyas,Chuquibamba,ALIANZA PARA EL PROGRESO,19
010107,Amazonas,Chachapoyas,Granada,SENTIMIENTO AMAZONENSE REGIONAL,169
010107,Amazonas,Chachapoyas,Granada,MOVIMIENTO REGIONAL VICTORIA AMAZONENSE,229
010108,Amazonas,Chachapoyas,Huancas,SENTIMIENTO AMAZONENSE REGIONAL,102
010108,Amazonas,Chachapoyas,Huancas,MOVIMIENTO REGIONAL VICTORIA AMAZONENSE,54
010108,Amazonas,Chachapoyas,Huancas,RENOVACION POPULAR,131
010108,Amazonas,Chachapoyas,Huancas,ALIANZA PARA EL PROGRESO,230
010109,Amazonas,Chachapoyas,La Jalca,SENTIMIENTO AMAZONENSE REGIONAL,1110
010109,Amazonas,Chachapoyas,La Jalca,MOVIMIENTO REGIONAL VICTORIA AMAZONENSE,681
010109,Amazonas,Chachapoyas,La Jalca,JUNTOS POR EL PERU,995
010109,Amazonas,Chachapoyas,La Jalca,RENOVACION POPULAR,94
010110,Amazonas,Chachapoyas,Leimebamba,SENTIMIENTO AMAZONENSE REGIONAL,137
010110,Amazonas,Chachapoyas,Leimebamba,MOVIMIENTO REGIONAL VICTORIA AMAZONENSE,633
010110,Amazonas,Chachapoyas,Leimebamba,JUNTOS POR EL PERU,63
010110,Amazonas,Chachapoyas,Leimebamba,RENOVACION POPULAR,633
010110,Amazonas,Chachapoyas,Leimebamba,ALIANZA PARA EL PROGRESO,352
010111,Amazonas,Chachapoyas,Levanto,SENTIMIENTO AMAZONENSE REGIONAL,157
010111,Amazonas,Chachapoyas,Levanto,MOVIMIENTO REGIONAL VICTORIA AMAZONENSE,312
010111,Amazonas,Chachapoyas,Levanto,JUNTOS POR EL PERU,38
010111,Amazonas,Chachapoyas,Levanto,RENOVACION POPULAR,127
010111,Amazonas,Chachapoyas,Levanto,ALIANZA PARA EL PROGRESO,76
010112,Amazonas,Chachapoyas,Magdalena,SENTIMIENTO AMAZONENSE REGIONAL,76
010112,Amazonas,Chachapoyas,Magdalena,MOVIMIENTO REGIONAL VICTORIA AMAZONENSE,239
010112,Amazonas,Chachapoyas,Magdalena,JUNTOS POR EL PERU,97
010112,Amazonas,Chachapoyas,Magdalena,RENOVACION POPULAR,89
010112,Amazonas,Chachapoyas,Magdalena,ALIANZA PARA EL PROGRESO,63
010113,Amazonas,Chachapoyas,Mariscal Castilla,SENTIMIENTO AMAZONENSE REGIONAL,210
010113,Amazonas,Chachapoyas,Mariscal Castilla,MOVIMIENTO REGIONAL VICTORIA AMAZONENSE,113
010113,Amazonas,Chachapoyas,Mariscal Castilla,ALIANZA PARA EL PROGRESO,242
010114,Amazonas,Chachapoyas,Molinopampa,SENTIMIENTO AMAZONENSE REGIONAL,572
010114,Amazonas,Chachapoyas,Molinopampa,MOVIMIENTO REGIONAL VICTORIA AMAZONENSE,322
010114,Amazonas,Chachapoyas,Molinopampa,RENOVACION POPULAR,449
010115,Amazonas,Chachapoyas,Montevideo,MOVIMIENTO REGIONAL VICTORIA AMAZONENSE,263
010115,Amazonas,Chachapoyas,Montevideo,JUNTOS POR EL PERU,198
010116,Amazonas,Chachapoyas,Olleros,MOVIMIENTO REGIONAL VICTORIA AMAZONENSE,179
010116,Amazonas,Chachapoyas,Olleros,RENOVACION POPULAR,110
010117,Amazonas,Chachapoyas,Quinjalca,SENTIMIENTO AMAZONENSE REGIONAL,222
010117,Amazonas,Chachapoyas,Quinjalca,MOVIMIENTO REGIONAL VICTORIA AMAZONENSE,162
010117,Amazonas,Chachapoyas,Quinjalca,RENOVACION POPULAR,163
010117,Amazonas,Chachapoyas,Quinjalca,ALIANZA PARA EL PROGRESO,111
010118,Amazonas,Chachapoyas,San Francisco de Daguas,SENTIMIENTO AMAZONENSE REGIONAL,103
010118,Amazonas,Chachapoyas,San Francisco de Daguas,MOVIMIENTO REGIONAL VICTORIA AMAZONENSE,142
010119,Amazonas,Chachapoyas,San Isidro de Maino,MOVIMIENTO REGIONAL VICTORIA AMAZONENSE,247
010119,Amazonas,Chachapoyas,San Isidro de Maino,RENOVACION POPULAR,217
010120,Amazonas,Chachapoyas,Soloco,SENTIMIENTO AMAZONENSE REGIONAL,413
010120,Amazonas,Chachapoyas,Soloco,MOVIMIENTO REGIONAL VICTORIA AMAZONENSE,168
010120,Amazonas,Chachapoyas,Soloco,JUNTOS POR EL PERU,165
010120,Amazonas,Chachapoyas,Soloco,RENOVACION POPULAR,192
010120,Amazonas,Chachapoyas,Soloco,ALIANZA PARA EL PROGRESO,13
010121,Amazonas,Chachapoyas,Sonche,SENTIMIENTO AMAZONENSE REGIONAL,75
010121,Amazonas,Chachapoyas,Sonche,MOVIMIENTO REGIONAL VICTORIA AMAZONENSE,87
010121,Amazonas,Chachapoyas,Sonche,RENOVACION POPULAR,95
010201,Amazonas,Bagua,La Peca,SENTIMIENTO AMAZONENSE REGIONAL,488
010201,Amazonas,Bagua,La Peca,MOVIMIENTO REGIONAL VICTORIA AMAZONENSE,1575
010201,Amazonas,Bagua,La Peca,MOVIMIENTO REGIONAL AMAZONENSE UNIDOS AL CAMPO,321
010201,Amazonas,Bagua,La Peca,RENOVACION POPULAR,600
010201,Amazonas,Bagua,La Peca,ALIANZA PARA EL PROGRESO,1239
010202,Amazonas,Bagua,Aramango,SENTIMIENTO AMAZONENSE REGIONAL,997
010202,Amazonas,Bagua,Aramango,MOVIMIENTO REGIONAL VICTORIA AMAZONENSE,1424
010202,Amazonas,Bagua,Aramango,MOVIMIENTO REGIONAL AMAZONENSE UNIDOS AL CAMPO,1045
010202,Amazonas,Bagua,Aramango,RENOVACION POPULAR,352
010202,Amazonas,Bagua,Aramango,ALIANZA PARA EL PROGRESO,1503
010202,Amazonas,Bagua,Aramango,PARTIDO POLITICO NACIONAL PERU LIBRE,83
010203,Amazonas,Bagua,Copallin,SENTIMIENTO AMAZONENSE REGIONAL,330
010203,Amazonas,Bagua,Copallin,MOVIMIENTO REGIONAL VICTORIA AMAZONENSE,936
010203,Amazonas,Bagua,Copallin,JUNTOS POR EL PERU,89
010203,Amazonas,Bagua,Copallin,RENOVACION POPULAR,208
010203,Amazonas,Bagua,Copallin,ALIANZA PARA EL PROGRESO,1338
010203,Amazonas,Bagua,Copallin,PARTIDO POLITICO NACIONAL PERU LIBRE,26
010204,Amazonas,Bagua,El Parco,SENTIMIENTO AMAZONENSE REGIONAL,339
010204,Amazonas,Bagua,El Parco,MOVIMIENTO REGIONAL VICTORIA AMAZONENSE,211
010204,Amazonas,Bagua,El Parco,MOVIMIENTO REGIONAL AMAZONENSE UNIDOS AL CAMPO,88
010204,Amazonas,Bagua,El Parco,ALIANZA PARA EL PROGRESO,369
010206,Amazonas,Bagua,Imaza,SENTIMIENTO AMAZONENSE REGIONAL,1340
010206,Amazonas,Bagua,Imaza,MOVIMIENTO REGIONAL VICTORIA AMAZONENSE,2072
010206,Amazonas,Bagua,Imaza,MOVIMIENTO REGIONAL AMAZONENSE UNIDOS AL CAMPO,1753
010206,Amazonas,Bagua,Imaza,MOVIMIENTO POLITICO REGIONAL ENERGIA COMUNAL AMAZONICA,1584
010206,Amazonas,Bagua,Imaza,FUERZA POPULAR,410
010206,Amazonas,Bagua,Imaza,PODEMOS PERU,2772
010206,Amazonas,Bagua,Imaza,RENOVACION POPULAR,1861
010302,Amazonas,Bongará,Corosha,SENTIMIENTO AMAZONENSE REGIONAL,310
010302,Amazonas,Bongará,Corosha,MOVIMIENTO REGIONAL VICTORIA AMAZONENSE,48
010302,Amazonas,Bongará,Corosha,MOVIMIENTO REGIONAL AMAZONENSE UNIDOS AL CAMPO,125
010302,Amazonas,Bongará,Corosha,RENOVACION POPULAR,59
010303,Amazonas,Bongará,Cuispes,SENTIMIENTO AMAZONENSE REGIONAL,269
010303,Amazonas,Bongará,Cuispes,MOVIMIENTO REGIONAL VICTORIA AMAZONENSE,92
010303,Amazonas,Bongará,Cuispes,MOVIMIENTO REGIONAL AMAZONENSE UNIDOS AL CAMPO,130
010303,Amazonas,Bongará,Cuispes,RENOVACION POPULAR,19
010303,Amazonas,Bongará,Cuispes,PARTIDO POLITICO NACIONAL PERU LIBRE,20
010304,Amazonas,Bongará,Chisquilla,SENTIMIENTO AMAZONENSE REGIONAL,173
010304,Amazonas,Bongará,Chisquilla,MOVIMIENTO REGIONAL VICTORIA AMAZONENSE,112
010304,Amazonas,Bongará,Chisquilla,MOVIMIENTO REGIONAL AMAZONENSE UNIDOS AL CAMPO,32
010305,Amazonas,Bongará,Churuja,SENTIMIENTO AMAZONENSE REGIONAL,62
010305,Amazonas,Bongará,Churuja,MOVIMIENTO REGIONAL VICTORIA AMAZONENSE,105
010305,Amazonas,Bongará,Churuja,RENOVACION POPULAR,106
010306,Amazonas,Bongará,Florida,SENTIMIENTO AMAZONENSE REGIONAL,887
010306,Amazonas,Bongará,Florida,MOVIMIENTO REGIONAL VICTORIA AMAZONENSE,776
010306,Amazonas,Bongará,Florida,MOVIMIENTO REGIONAL AMAZONENSE UNIDOS AL CAMPO,129
010306,Amazonas,Bongará,Florida,JUNTOS POR EL PERU,208
010306,Amazonas,Bongará,Florida,RENOVACION POPULAR,214
010306,Amazonas,Bongará,Florida,ALIANZA PARA EL PROGRESO,684
010307,Amazonas,Bongará,Recta,SENTIMIENTO AMAZONENSE REGIONAL,0
010307,Amazonas,Bongará,Recta,MOVIMIENTO REGIONAL VICTORIA AMAZONENSE,0
010308,Amazonas,Bongará,San Carlos,SENTIMIENTO AMAZONENSE REGIONAL,247
010308,Amazonas,Bongará,San Carlos,MOVIMIENTO REGIONAL VICTORIA AMAZONENSE,106
010308,Amazonas,Bongará,San Carlos,MOVIMIENTO REGIONAL AMAZONENSE UNIDOS AL CAMPO,37
010309,Amazonas,Bongará,Shipasbamba,SENTIMIENTO AMAZONENSE REGIONAL,69
010309,Amazonas,Bongará,Shipasbamba,MOVIMIENTO REGIONAL VICTORIA AMAZONENSE,300
010309,Amazonas,Bongará,Shipasbamba,MOVIMIENTO REGIONAL AMAZONENSE UNIDOS AL CAMPO,466
010309,Amazonas,Bongará,Shipasbamba,RENOVACION POPULAR,190
010310,Amazonas,Bongará,Valera,SENTIMIENTO AMAZONENSE REGIONAL,221
010310,Amazonas,Bongará,Valera,MOVIMIENTO REGIONAL VICTORIA AMAZONENSE,230
010310,Amazonas,Bongará,Valera,MOVIMIENTO REGIONAL AMAZONENSE UNIDOS AL CAMPO,73
010310,Amazonas,Bongará,Valera,RENOVACION POPULAR,219
010311,Amazonas,Bongará,Yambrasbamba,SENTIMIENTO AMAZONENSE REGIONAL,737
010311,Amazonas,Bongará,Yambrasbamba,MOVIMIENTO REGIONAL VICTORIA AMAZONENSE,471
010311,Amazonas,Bongará,Yambrasbamba,MOVIMIENTO REGIONAL AMAZONENSE UNIDOS AL CAMPO,934
010311,Amazonas,Bongará,Yambrasbamba,RENOVACION POPULAR,1170
010312,Amazonas,Bongará,Jazan,SENTIMIENTO AMAZONENSE REGIONAL,985
010312,Amazonas,Bongará,Jazan,MOVIMIENTO REGIONAL VICTORIA AMAZONENSE,597
010312,Amazonas,Bongará,Jazan,MOVIMIENTO REGIONAL AMAZONENSE UNIDOS AL CAMPO,452
010312,Amazonas,Bongará,Jazan,MOVIMIENTO POLITICO REGIONAL ENERGIA COMUNAL AMAZONICA,641
010312,Amazonas,Bongará,Jazan,RENOVACION POPULAR,1036
010312,Amazonas,Bongará,Jazan,ALIANZA PARA EL PROGRESO,49
010402,Amazonas,Luya,Camporredondo,SENTIMIENTO AMAZONENSE REGIONAL,1306
010402,Amazonas,Luya,Camporredondo,MOVIMIENTO REGIONAL VICTORIA AMAZONENSE,1058
010402,Amazonas,Luya,Camporredondo,JUNTOS POR EL PERU,14
010402,Amazonas,Luya,Camporredondo,RENOVACION POPULAR,225
010402,Amazonas,Luya,Camporredondo,ALIANZA PARA EL PROGRESO,695
010403,Amazonas,Luya,Cocabamba,SENTIMIENTO AMAZONENSE REGIONAL,204
010403,Amazonas,Luya,Cocabamba,MOVIMIENTO REGIONAL VICTORIA AMAZONENSE,70
010403,Amazonas,Luya,Cocabamba,JUNTOS POR EL PERU,305
010403,Amazonas,Luya,Cocabamba,RENOVACION POPULAR,341
010404,Amazonas,Luya,Colcamar,MOVIMIENTO REGIONAL VICTORIA AMAZONENSE,559
010404,Amazonas,Luya,Colcamar,JUNTOS POR EL PERU,182
010404,Amazonas,Luya,Colcamar,RENOVACION POPULAR,428
010405,Amazonas,Luya,Conila,SENTIMIENTO AMAZONENSE REGIONAL,362
010405,Amazonas,Luya,Conila,MOVIMIENTO REGIONAL VICTORIA AMAZONENSE,470
010405,Amazonas,Luya,Conila,RENOVACION POPULAR,326
010406,Amazonas,Luya,Inguilpata,SENTIMIENTO AMAZONENSE REGIONAL,51
010406,Amazonas,Luya,Inguilpata,MOVIMIENTO REGIONAL VICTORIA AMAZONENSE,115
010406,Amazonas,Luya,Inguilpata,JUNTOS POR EL PERU,121
010406,Amazonas,Luya,Inguilpata,RENOVACION POPULAR,99
010406,Amazonas,Luya,Inguilpata,ALIANZA PARA EL PROGRESO,8
010407,Amazonas,Luya,Longuita,SENTIMIENTO AMAZONENSE REGIONAL,172
010407,Amazonas,Luya,Longuita,MOVIMIENTO REGIONAL VICTORIA AMAZONENSE,214
010407,Amazonas,Luya,Longuita,JUNTOS POR EL PERU,119
010407,Amazonas,Luya,Longuita,RENOVACION POPULAR,32
010408,Amazonas,Luya,Lonya Chico,SENTIMIENTO AMAZONENSE REGIONAL,140
010408,Amazonas,Luya,Lonya Chico,MOVIMIENTO REGIONAL VICTORIA AMAZONENSE,23
010408,Amazonas,Luya,Lonya Chico,JUNTOS POR EL PERU,295
010408,Amazonas,Luya,Lonya Chico,RENOVACION POPULAR,128
010409,Amazonas,Luya,Luya,MOVIMIENTO REGIONAL VICTORIA AMAZONENSE,460
010409,Amazonas,Luya,Luya,JUNTOS POR EL PERU,476
010409,Amazonas,Luya,Luya,RENOVACION POPULAR,1067
010410,Amazonas,Luya,Luya Viejo,SENTIMIENTO AMAZONENSE REGIONAL,79
010410,Amazonas,Luya,Luya Viejo,MOVIMIENTO REGIONAL VICTORIA AMAZONENSE,132
010410,Amazonas,Luya,Luya Viejo,RENOVACION POPULAR,103
010411,Amazonas,Luya,María,SENTIMIENTO AMAZONENSE REGIONAL,245
010411,Amazonas,Luya,María,MOVIMIENTO REGIONAL VICTORIA AMAZONENSE,227
010411,Amazonas,Luya,María,JUNTOS POR EL PERU,58
010411,Amazonas,Luya,María,ALIANZA PARA EL PROGRESO,23
010412,Amazonas,Luya,Ocalli,SENTIMIENTO AMAZONENSE REGIONAL,86
010412,Amazonas,Luya,Ocalli,MOVIMIENTO REGIONAL VICTORIA AMAZONENSE,596
010412,Amazonas,Luya,Ocalli,JUNTOS POR EL PERU,343
010412,Amazonas,Luya,Ocalli,RENOVACION POPULAR,418
010412,Amazonas,Luya,Ocalli,ALIANZA PARA EL PROGRESO,341
010413,Amazonas,Luya,Ocumal,SENTIMIENTO AMAZONENSE REGIONAL,134
010413,Amazonas,Luya,Ocumal,MOVIMIENTO REGIONAL VICTORIA AMAZONENSE,992
010413,Amazonas,Luya,Ocumal,RENOVACION POPULAR,593
010414,Amazonas,Luya,Pisuquia,SENTIMIENTO AMAZONENSE REGIONAL,371
010414,Amazonas,Luya,Pisuquia,MOVIMIENTO REGIONAL VICTORIA AMAZONENSE,922
010414,Amazonas,Luya,Pisuquia,JUNTOS POR EL PERU,337
010414,Amazonas,Luya,Pisuquia,RENOVACION POPULAR,522
010415,Amazonas,Luya,San Cristóbal,SENTIMIENTO AMAZONENSE REGIONAL,63
010415,Amazonas,Luya,San Cristóbal,MOVIMIENTO REGIONAL VICTORIA AMAZONENSE,116
010415,Amazonas,Luya,San Cristóbal,RENOVACION POPULAR,125
010415,Amazonas,Luya,San Cristóbal,ALIANZA PARA EL PROGRESO,54
010415,Amazonas,Luya,San Cristóbal,PARTIDO DEMOCRATICO SOMOS PERU,71
010416,Amazonas,Luya,San Francisco del Yeso,SENTIMIENTO AMAZONENSE REGIONAL,106
010416,Amazonas,Luya,San Francisco del Yeso,MOVIMIENTO REGIONAL VICTORIA AMAZONENSE,170
010416,Amazonas,Luya,San Francisco del Yeso,RENOVACION POPULAR,152
010417,Amazonas,Luya,San Jerónimo,SENTIMIENTO AMAZONENSE REGIONAL,147
010417,Amazonas,Luya,San Jerónimo,MOVIMIENTO REGIONAL VICTORIA AMAZONENSE,183
010417,Amazonas,Luya,San Jerónimo,JUNTOS POR EL PERU,116
010417,Amazonas,Luya,San Jerónimo,RENOVACION POPULAR,111
010418,Amazonas,Luya,San Juan de Lopecancha,SENTIMIENTO AMAZONENSE REGIONAL,184
010418,Amazonas,Luya,San Juan de Lopecancha,MOVIMIENTO REGIONAL VICTORIA AMAZONENSE,159
010418,Amazonas,Luya,San Juan de Lopecancha,RENOVACION POPULAR,15
010419,Amazonas,Luya,Santa Catalina,SENTIMIENTO AMAZONENSE REGIONAL,82
010419,Amazonas,Luya,Santa Catalina,MOVIMIENTO REGIONAL VICTORIA AMAZONENSE,333
010419,Amazonas,Luya,Santa Catalina,JUNTOS POR EL PERU,366
010419,Amazonas,Luya,Santa Catalina,RENOVACION POPULAR,125
010419,Amazonas,Luya,Santa Catalina,ALIANZA PARA EL PROGRESO,223
010420,Amazonas,Luya,Santo Tomás,SENTIMIENTO AMAZONENSE REGIONAL,309
010420,Amazonas,Luya,Santo Tomás,MOVIMIENTO REGIONAL VICTORIA AMAZONENSE,417
010420,Amazonas,Luya,Santo Tomás,JUNTOS POR EL PERU,307
010420,Amazonas,Luya,Santo Tomás,RENOVACION POPULAR,331
010420,Amazonas,Luya,Santo Tomás,ALIANZA PARA EL PROGRESO,156
010421,Amazonas,Luya,Tingo,SENTIMIENTO AMAZONENSE REGIONAL,381
010421,Amazonas,Luya,Tingo,MOVIMIENTO REGIONAL VICTORIA AMAZONENSE,467
010421,Amazonas,Luya,Tingo,RENOVACION POPULAR,43
010422,Amazonas,Luya,Trita,SENTIMIENTO AMAZONENSE REGIONAL,306
010422,Amazonas,Luya,Trita,MOVIMIENTO REGIONAL VICTORIA AMAZONENSE,323
010422,Amazonas,Luya,Trita,RENOVACION POPULAR,178
010423,Amazonas,Luya,Providencia,SENTIMIENTO AMAZONENSE REGIONAL,299
010423,Amazonas,Luya,Providencia,MOVIMIENTO REGIONAL VICTORIA AMAZONENSE,230
010423,Amazonas,Luya,Providencia,RENOVACION POPULAR,369
010502,Amazonas,Rodríguez de Mendoza,Cochamal,SENTIMIENTO AMAZONENSE REGIONAL,88
010502,Amazonas,Rodríguez de Mendoza,Cochamal,MOVIMIENTO REGIONAL VICTORIA AMAZONENSE,183
010502,Amazonas,Rodríguez de Mendoza,Cochamal,RENOVACION POPULAR,123
010502,Amazonas,Rodríguez de Mendoza,Cochamal,ALIANZA PARA EL PROGRESO,107
010502,Amazonas,Rodríguez de Mendoza,Cochamal,PARTIDO POLITICO NACIONAL PERU LIBRE,40
010503,Amazonas,Rodríguez de Mendoza,Chirimoto,SENTIMIENTO AMAZONENSE REGIONAL,209
010503,Amazonas,Rodríguez de Mendoza,Chirimoto,MOVIMIENTO REGIONAL VICTORIA AMAZONENSE,278
010503,Amazonas,Rodríguez de Mendoza,Chirimoto,MOVIMIENTO REGIONAL AMAZONENSE UNIDOS AL CAMPO,29
010503,Amazonas,Rodríguez de Mendoza,Chirimoto,JUNTOS POR EL PERU,36
010503,Amazonas,Rodríguez de Mendoza,Chirimoto,RENOVACION POPULAR,215
010503,Amazonas,Rodríguez de Mendoza,Chirimoto,ALIANZA PARA EL PROGRESO,308
010503,Amazonas,Rodríguez de Mendoza,Chirimoto,PARTIDO POLITICO NACIONAL PERU LIBRE,198
010504,Amazonas,Rodríguez de Mendoza,Huambo,SENTIMIENTO AMAZONENSE REGIONAL,222
010504,Amazonas,Rodríguez de Mendoza,Huambo,MOVIMIENTO REGIONAL VICTORIA AMAZONENSE,372
010504,Amazonas,Rodríguez de Mendoza,Huambo,RENOVACION POPULAR,252
010504,Amazonas,Rodríguez de Mendoza,Huambo,ALIANZA PARA EL PROGRESO,697
010505,Amazonas,Rodríguez de Mendoza,Limabamba,SENTIMIENTO AMAZONENSE REGIONAL,378
010505,Amazonas,Rodríguez de Mendoza,Limabamba,MOVIMIENTO REGIONAL VICTORIA AMAZONENSE,284
010505,Amazonas,Rodríguez de Mendoza,Limabamba,RENOVACION POPULAR,152
010505,Amazonas,Rodríguez de Mendoza,Limabamba,ALIANZA PARA EL PROGRESO,170
010506,Amazonas,Rodríguez de Mendoza,Longar,SENTIMIENTO AMAZONENSE REGIONAL,211
010506,Amazonas,Rodríguez de Mendoza,Longar,MOVIMIENTO REGIONAL VICTORIA AMAZONENSE,515
010506,Amazonas,Rodríguez de Mendoza,Longar,RENOVACION POPULAR,396
010507,Amazonas,Rodríguez de Mendoza,Milpuc,MOVIMIENTO REGIONAL VICTORIA AMAZONENSE,234
010507,Amazonas,Rodríguez de Mendoza,Milpuc,RENOVACION POPULAR,51
010507,Amazonas,Rodríguez de Mendoza,Milpuc,PARTIDO POLITICO NACIONAL PERU LIBRE,132
010508,Amazonas,Rodríguez de Mendoza,Mariscal Benavides,SENTIMIENTO AMAZONENSE REGIONAL,97
010508,Amazonas,Rodríguez de Mendoza,Mariscal Benavides,MOVIMIENTO REGIONAL VICTORIA AMAZONENSE,651
010508,Amazonas,Rodríguez de Mendoza,Mariscal Benavides,ALIANZA PARA EL PROGRESO,414
010509,Amazonas,Rodríguez de Mendoza,Omia,SENTIMIENTO AMAZONENSE REGIONAL,704
010509,Amazonas,Rodríguez de Mendoza,Omia,MOVIMIENTO REGIONAL VICTORIA AMAZONENSE,1290
010509,Amazonas,Rodríguez de Mendoza,Omia,RENOVACION POPULAR,429
010509,Amazonas,Rodríguez de Mendoza,Omia,ALIANZA PARA EL PROGRESO,1013
010509,Amazonas,Rodríguez de Mendoza,Omia,PARTIDO POLITICO NACIONAL PERU LIBRE,692
010510,Amazonas,Rodríguez de Mendoza,Santa Rosa,MOVIMIENTO REGIONAL VICTORIA AMAZONENSE,213
010510,Amazonas,Rodríguez de Mendoza,Santa Rosa,RENOVACION POPULAR,55
010510,Amazonas,Rodríguez de Mendoza,Santa Rosa,ALIANZA PARA EL PROGRESO,170
010511,Amazonas,Rodríguez de Mendoza,Totora,MOVIMIENTO REGIONAL VICTORIA AMAZONENSE,183
010511,Amazonas,Rodríguez de Mendoza,Totora,ALIANZA PARA EL PROGRESO,216
010512,Amazonas,Rodríguez de Mendoza,Vista Alegre,SENTIMIENTO AMAZONENSE REGIONAL,591
010512,Amazonas,Rodríguez de Mendoza,Vista Alegre,MOVIMIENTO REGIONAL VICTORIA AMAZONENSE,561
010512,Amazonas,Rodríguez de Mendoza,Vista Alegre,RENOVACION POPULAR,252
010602,Amazonas,Condorcanqui,Río Santiago,SENTIMIENTO AMAZONENSE REGIONAL,912
010602,Amazonas,Condorcanqui,Río Santiago,MOVIMIENTO REGIONAL VICTORIA AMAZONENSE,572
010602,Amazonas,Condorcanqui,Río Santiago,MOVIMIENTO REGIONAL AMAZONENSE UNIDOS AL CAMPO,1657
010602,Amazonas,Condorcanqui,Río Santiago,MOVIMIENTO POLITICO REGIONAL ENERGIA COMUNAL AMAZONICA,188
010602,Amazonas,Condorcanqui,Río Santiago,JUNTOS POR EL PERU,284
010602,Amazonas,Condorcanqui,Río Santiago,FUERZA POPULAR,190
010602,Amazonas,Condorcanqui,Río Santiago,RENOVACION POPULAR,1283
010602,Amazonas,Condorcanqui,Río Santiago,ALIANZA PARA EL PROGRESO,368
010602,Amazonas,Condorcanqui,Río Santiago,PARTIDO POLITICO NACIONAL PERU LIBRE,572
010602,Amazonas,Condorcanqui,Río Santiago,PARTIDO DEMOCRATICO SOMOS PERU,81
010603,Amazonas,Condorcanqui,El Cenepa,SENTIMIENTO AMAZONENSE REGIONAL,376
010603,Amazonas,Condorcanqui,El Cenepa,MOVIMIENTO REGIONAL VICTORIA AMAZONENSE,535
010603,Amazonas,Condorcanqui,El Cenepa,MOVIMIENTO REGIONAL AMAZONENSE UNIDOS AL CAMPO,460
010603,Amazonas,Condorcanqui,El Cenepa,MOVIMIENTO POLITICO REGIONAL ENERGIA COMUNAL AMAZONICA,293
010603,Amazonas,Condorcanqui,El Cenepa,JUNTOS POR EL PERU,98
010603,Amazonas,Condorcanqui,El Cenepa,RENOVACION POPULAR,1234
010603,Amazonas,Condorcanqui,El Cenepa,ALIANZA PARA EL PROGRESO,416
010603,Amazonas,Condorcanqui,El Cenepa,PARTIDO POLITICO NACIONAL PERU LIBRE,176
010702,Amazonas,Utcubamba,Cajaruro,SENTIMIENTO AMAZONENSE REGIONAL,2223
010702,Amazonas,Utcubamba,Cajaruro,MOVIMIENTO REGIONAL VICTORIA AMAZONENSE,4928
010702,Amazonas,Utcubamba,Cajaruro,MOVIMIENTO REGIONAL AMAZONENSE UNIDOS AL CAMPO,1179
010702,Amazonas,Utcubamba,Cajaruro,MOVIMIENTO POLITICO REGIONAL ENERGIA COMUNAL AMAZONICA,562
010702,Amazonas,Utcubamba,Cajaruro,JUNTOS POR EL PERU,64
010702,Amazonas,Utcubamba,Cajaruro,RENOVACION POPULAR,810
010702,Amazonas,Utcubamba,Cajaruro,ALIANZA PARA EL PROGRESO,1911
010702,Amazonas,Utcubamba,Cajaruro,PARTIDO POLITICO NACIONAL PERU LIBRE,149
010703,Amazonas,Utcubamba,Cumba,SENTIMIENTO AMAZONENSE REGIONAL,985
010703,Amazonas,Utcubamba,Cumba,MOVIMIENTO REGIONAL VICTORIA AMAZONENSE,1414
010703,Amazonas,Utcubamba,Cumba,MOVIMIENTO REGIONAL AMAZONENSE UNIDOS AL CAMPO,1123
010703,Amazonas,Utcubamba,Cumba,MOVIMIENTO POLITICO REGIONAL ENERGIA COMUNAL AMAZONICA,157
010703,Amazonas,Utcubamba,Cumba,JUNTOS POR EL PERU,163
010703,Amazonas,Utcubamba,Cumba,RENOVACION POPULAR,876
010704,Amazonas,Utcubamba,El Milagro,SENTIMIENTO AMAZONENSE REGIONAL,990
010704,Amazonas,Utcubamba,El Milagro,MOVIMIENTO REGIONAL VICTORIA AMAZONENSE,532
010704,Amazonas,Utcubamba,El Milagro,MOVIMIENTO REGIONAL AMAZONENSE UNIDOS AL CAMPO,278
010704,Amazonas,Utcubamba,El Milagro,MOVIMIENTO POLITICO REGIONAL ENERGIA COMUNAL AMAZONICA,330
010704,Amazonas,Utcubamba,El Milagro,RENOVACION POPULAR,358
010704,Amazonas,Utcubamba,El Milagro,ALIANZA PARA EL PROGRESO,385
010704,Amazonas,Utcubamba,El Milagro,PARTIDO POLITICO NACIONAL PERU LIBRE,283
010705,Amazonas,Utcubamba,Jamalca,SENTIMIENTO AMAZONENSE REGIONAL,1547
010705,Amazonas,Utcubamba,Jamalca,MOVIMIENTO REGIONAL VICTORIA AMAZONENSE,1343
010705,Amazonas,Utcubamba,Jamalca,MOVIMIENTO REGIONAL AMAZONENSE UNIDOS AL CAMPO,271
010705,Amazonas,Utcubamba,Jamalca,JUNTOS POR EL PERU,636
010705,Amazonas,Utcubamba,Jamalca,RENOVACION POPULAR,172
010706,Amazonas,Utcubamba,Lonya Grande,MOVIMIENTO REGIONAL VICTORIA AMAZONENSE,1880
010706,Amazonas,Utcubamba,Lonya Grande,MOVIMIENTO REGIONAL AMAZONENSE UNIDOS AL CAMPO,368
010706,Amazonas,Utcubamba,Lonya Grande,RENOVACION POPULAR,2570
010707,Amazonas,Utcubamba,Yamon,SENTIMIENTO AMAZONENSE REGIONAL,119
010707,Amazonas,Utcubamba,Yamon,MOVIMIENTO REGIONAL VICTORIA AMAZONENSE,720
010707,Amazonas,Utcubamba,Yamon,MOVIMIENTO REGIONAL AMAZONENSE UNIDOS AL CAMPO,130
010707,Amazonas,Utcubamba,Yamon,MOVIMIENTO POLITICO REGIONAL ENERGIA COMUNAL AMAZONICA,36
010707,Amazonas,Utcubamba,Yamon,RENOVACION POPULAR,820
010707,Amazonas,Utcubamba,Yamon,ALIANZA PARA EL PROGRESO,124
020102,Áncash,Huaraz,Independencia,SOCIOS POR ANCASH,6231
020102,Áncash,Huaraz,Independencia,MOVIMIENTO ACCION NACIONALISTA PERUANO,886
020102,Áncash,Huaraz,Independencia,ALIANZA GOBIERNO UNIDAD Y ACCION - AGUA,13693
020102,Áncash,Huaraz,Independencia,JUNTOS POR EL PERU,5657
020102,Áncash,Huaraz,Independencia,ACCION POPULAR,959
020102,Áncash,Huaraz,Independencia,PODEMOS PERU,885
020102,Áncash,Huaraz,Independencia,ALIANZA PARA EL PROGRESO,2329
020102,Áncash,Huaraz,Independencia,PARTIDO POLITICO NACIONAL PERU LIBRE,496
020103,Áncash,Huaraz,Cochabamba,MOVIMIENTO REGIONAL EL MAICITO,303
020103,Áncash,Huaraz,Cochabamba,SOCIOS POR ANCASH,66
020103,Áncash,Huaraz,Cochabamba,ALIANZA GOBIERNO UNIDAD Y ACCION - AGUA,69
020103,Áncash,Huaraz,Cochabamba,JUNTOS POR EL PERU,566
020104,Áncash,Huaraz,Colcabamba,MOVIMIENTO REGIONAL EL MAICITO,127
020105,Áncash,Huaraz,Huanchay,MOVIMIENTO REGIONAL EL MAICITO,30
020105,Áncash,Huaraz,Huanchay,SOCIOS POR ANCASH,419
020105,Áncash,Huaraz,Huanchay,ALIANZA GOBIERNO UNIDAD Y ACCION - AGUA,355
020105,Áncash,Huaraz,Huanchay,JUNTOS POR EL PERU,436
020105,Áncash,Huaraz,Huanchay,PARTIDO POLITICO NACIONAL PERU LIBRE,11
020106,Áncash,Huaraz,Jangas,SOCIOS POR ANCASH,91
020106,Áncash,Huaraz,Jangas,ALIANZA GOBIERNO UNIDAD Y ACCION - AGUA,1372
020106,Áncash,Huaraz,Jangas,ALIANZA PARA EL PROGRESO,1592
020107,Áncash,Huaraz,La Libertad,MOVIMIENTO REGIONAL EL MAICITO,208
020107,Áncash,Huaraz,La Libertad,SOCIOS POR ANCASH,226
020107,Áncash,Huaraz,La Libertad,ALIANZA GOBIERNO UNIDAD Y ACCION - AGUA,32
020107,Áncash,Huaraz,La Libertad,JUNTOS POR EL PERU,117
020107,Áncash,Huaraz,La Libertad,ALIANZA PARA EL PROGRESO,75
020107,Áncash,Huaraz,La Libertad,PARTIDO POLITICO NACIONAL PERU LIBRE,73
020107,Áncash,Huaraz,La Libertad,PARTIDO DEMOCRATICO SOMOS PERU,237
020108,Áncash,Huaraz,Olleros,MOVIMIENTO REGIONAL EL MAICITO,41
020108,Áncash,Huaraz,Olleros,SOCIOS POR ANCASH,616
020108,Áncash,Huaraz,Olleros,ALIANZA GOBIERNO UNIDAD Y ACCION - AGUA,296
020108,Áncash,Huaraz,Olleros,ALIANZA PARA EL PROGRESO,222
020108,Áncash,Huaraz,Olleros,PARTIDO POLITICO NACIONAL PERU LIBRE,161
020108,Áncash,Huaraz,Olleros,PARTIDO DEMOCRATICO SOMOS PERU,432
020109,Áncash,Huaraz,Pampas Grande,MOVIMIENTO REGIONAL EL MAICITO,274
020109,Áncash,Huaraz,Pampas Grande,SOCIOS POR ANCASH,91
020109,Áncash,Huaraz,Pampas Grande,ALIANZA GOBIERNO UNIDAD Y ACCION - AGUA,133
020109,Áncash,Huaraz,Pampas Grande,ALIANZA PARA EL PROGRESO,48
020109,Áncash,Huaraz,Pampas Grande,PARTIDO POLITICO NACIONAL PERU LIBRE,134
020110,Áncash,Huaraz,Pariacoto,MOVIMIENTO REGIONAL EL MAICITO,96
020110,Áncash,Huaraz,Pariacoto,SOCIOS POR ANCASH,1114
020110,Áncash,Huaraz,Pariacoto,ALIANZA GOBIERNO UNIDAD Y ACCION - AGUA,870
020110,Áncash,Huaraz,Pariacoto,JUNTOS POR EL PERU,20
020110,Áncash,Huaraz,Pariacoto,PODEMOS PERU,38
020110,Áncash,Huaraz,Pariacoto,ALIANZA PARA EL PROGRESO,166
020110,Áncash,Huaraz,Pariacoto,AVANZA PAIS - PARTIDO DE INTEGRACION SOCIAL,568
020111,Áncash,Huaraz,Pira,MOVIMIENTO REGIONAL EL MAICITO,6
020111,Áncash,Huaraz,Pira,ALIANZA GOBIERNO UNIDAD Y ACCION - AGUA,35
020111,Áncash,Huaraz,Pira,JUNTOS POR EL PERU,858
020111,Áncash,Huaraz,Pira,ALIANZA PARA EL PROGRESO,666
020111,Áncash,Huaraz,Pira,AVANZA PAIS - PARTIDO DE INTEGRACION SOCIAL,973
020111,Áncash,Huaraz,Pira,PARTIDO POLITICO NACIONAL PERU LIBRE,128
020112,Áncash,Huaraz,Tarica,MOVIMIENTO REGIONAL EL MAICITO,342
020112,Áncash,Huaraz,Tarica,SOCIOS POR ANCASH,539
020112,Áncash,Huaraz,Tarica,ALIANZA GOBIERNO UNIDAD Y ACCION - AGUA,447
020112,Áncash,Huaraz,Tarica,JUNTOS POR EL PERU,1198
020112,Áncash,Huaraz,Tarica,ALIANZA PARA EL PROGRESO,828
020112,Áncash,Huaraz,Tarica,PARTIDO POLITICO NACIONAL PERU LIBRE,74
020203,Áncash,Aija,Coris,MOVIMIENTO REGIONAL EL MAICITO,150
020203,Áncash,Aija,Coris,ALIANZA GOBIERNO UNIDAD Y ACCION - AGUA,390
020203,Áncash,Aija,Coris,JUNTOS POR EL PERU,374
020203,Áncash,Aija,Coris,RENOVACION POPULAR,59
020203,Áncash,Aija,Coris,ALIANZA PARA EL PROGRESO,40
020205,Áncash,Aija,Huacllan,MOVIMIENTO REGIONAL EL MAICITO,145
020205,Áncash,Aija,Huacllan,ALIANZA GOBIERNO UNIDAD Y ACCION - AGUA,151
020205,Áncash,Aija,Huacllan,ALIANZA PARA EL PROGRESO,85
020206,Áncash,Aija,La Merced,MOVIMIENTO REGIONAL EL MAICITO,665
020206,Áncash,Aija,La Merced,ALIANZA GOBIERNO UNIDAD Y ACCION - AGUA,293
020206,Áncash,Aija,La Merced,JUNTOS POR EL PERU,400
020206,Áncash,Aija,La Merced,ALIANZA PARA EL PROGRESO,48
020208,Áncash,Aija,Succha,MOVIMIENTO REGIONAL EL MAICITO,151
020208,Áncash,Aija,Succha,ALIANZA GOBIERNO UNIDAD Y ACCION - AGUA,145
020208,Áncash,Aija,Succha,JUNTOS POR EL PERU,179
020208,Áncash,Aija,Succha,ALIANZA PARA EL PROGRESO,99
020302,Áncash,Bolognesi,Abelardo Pardo Lezameta,ALIANZA GOBIERNO UNIDAD Y ACCION - AGUA,52
020302,Áncash,Bolognesi,Abelardo Pardo Lezameta,JUNTOS POR EL PERU,99
020302,Áncash,Bolognesi,Abelardo Pardo Lezameta,PARTIDO DEMOCRATICO SOMOS PERU,23
020304,Áncash,Bolognesi,Aquia,SOCIOS POR ANCASH,97
020304,Áncash,Bolognesi,Aquia,ALIANZA GOBIERNO UNIDAD Y ACCION - AGUA,171
020304,Áncash,Bolognesi,Aquia,JUNTOS POR EL PERU,554
020305,Áncash,Bolognesi,Cajacay,MOVIMIENTO REGIONAL EL MAICITO,80
020305,Áncash,Bolognesi,Cajacay,SOCIOS POR ANCASH,457
020305,Áncash,Bolognesi,Cajacay,ALIANZA GOBIERNO UNIDAD Y ACCION - AGUA,211
020305,Áncash,Bolognesi,Cajacay,ALIANZA PARA EL PROGRESO,284
020310,Áncash,Bolognesi,Huayllacayan,SOCIOS POR ANCASH,235
020310,Áncash,Bolognesi,Huayllacayan,ALIANZA GOBIERNO UNIDAD Y ACCION - AGUA,86
020310,Áncash,Bolognesi,Huayllacayan,JUNTOS POR EL PERU,307
020310,Áncash,Bolognesi,Huayllacayan,ALIANZA PARA EL PROGRESO,27
020311,Áncash,Bolognesi,Huasta,SOCIOS POR ANCASH,255
020311,Áncash,Bolognesi,Huasta,ALIANZA GOBIERNO UNIDAD Y ACCION - AGUA,497
020311,Áncash,Bolognesi,Huasta,ALIANZA PARA EL PROGRESO,263
020313,Áncash,Bolognesi,Mangas,SOCIOS POR ANCASH,160
020313,Áncash,Bolognesi,Mangas,JUNTOS POR EL PERU,233
020315,Áncash,Bolognesi,Pacllon,ALIANZA GOBIERNO UNIDAD Y ACCION - AGUA,318
020315,Áncash,Bolognesi,Pacllon,ALIANZA PARA EL PROGRESO,353
020317,Áncash,Bolognesi,San Miguel de Corpanqui,MOVIMIENTO REGIONAL EL MAICITO,75
020317,Áncash,Bolognesi,San Miguel de Corpanqui,JUNTOS POR EL PERU,116
020317,Áncash,Bolognesi,San Miguel de Corpanqui,PARTIDO DEMOCRATICO SOMOS PERU,110
020320,Áncash,Bolognesi,Ticllos,SOCIOS POR ANCASH,246
020320,Áncash,Bolognesi,Ticllos,ALIANZA GOBIERNO UNIDAD Y ACCION - AGUA,6
020320,Áncash,Bolognesi,Ticllos,ALIANZA PARA EL PROGRESO,167
020321,Áncash,Bolognesi,Antonio Raymondi,SOCIOS POR ANCASH,446
020321,Áncash,Bolognesi,Antonio Raymondi,ALIANZA GOBIERNO UNIDAD Y ACCION - AGUA,78
020321,Áncash,Bolognesi,Antonio Raymondi,ALIANZA PARA EL PROGRESO,315
020322,Áncash,Bolognesi,Canis,SOCIOS POR ANCASH,80
020322,Áncash,Bolognesi,Canis,JUNTOS POR EL PERU,37
020322,Áncash,Bolognesi,Canis,PARTIDO POLITICO NACIONAL PERU LIBRE,55
020323,Áncash,Bolognesi,Colquioc,MOVIMIENTO REGIONAL EL MAICITO,167
020323,Áncash,Bolognesi,Colquioc,SOCIOS POR ANCASH,388
020323,Áncash,Bolognesi,Colquioc,ALIANZA GOBIERNO UNIDAD Y ACCION - AGUA,220
020323,Áncash,Bolognesi,Colquioc,ALIANZA PARA EL PROGRESO,498
020324,Áncash,Bolognesi,La Primavera,SOCIOS POR ANCASH,184
020325,Áncash,Bolognesi,Huallanca,MOVIMIENTO REGIONAL EL MAICITO,157
020325,Áncash,Bolognesi,Huallanca,SOCIOS POR ANCASH,1735
020325,Áncash,Bolognesi,Huallanca,ALIANZA GOBIERNO UNIDAD Y ACCION - AGUA,241
020325,Áncash,Bolognesi,Huallanca,ALIANZA PARA EL PROGRESO,1039
020402,Áncash,Carhuaz,Acopampa,SOCIOS POR ANCASH,353
020402,Áncash,Carhuaz,Acopampa,ALIANZA GOBIERNO UNIDAD Y ACCION - AGUA,481
020402,Áncash,Carhuaz,Acopampa,ACCION POPULAR,114
020402,Áncash,Carhuaz,Acopampa,ALIANZA PARA EL PROGRESO,168
020402,Áncash,Carhuaz,Acopampa,PARTIDO DEMOCRATICO SOMOS PERU,390
020403,Áncash,Carhuaz,Amashca,SOCIOS POR ANCASH,551
020403,Áncash,Carhuaz,Amashca,ALIANZA GOBIERNO UNIDAD Y ACCION - AGUA,28
020403,Áncash,Carhuaz,Amashca,ALIANZA PARA EL PROGRESO,660
020404,Áncash,Carhuaz,Anta,MOVIMIENTO REGIONAL EL MAICITO,540
020404,Áncash,Carhuaz,Anta,SOCIOS POR ANCASH,159
020404,Áncash,Carhuaz,Anta,ALIANZA GOBIERNO UNIDAD Y ACCION - AGUA,211
020404,Áncash,Carhuaz,Anta,ACCION POPULAR,187
020404,Áncash,Carhuaz,Anta,ALIANZA PARA EL PROGRESO,532
020405,Áncash,Carhuaz,Ataquero,MOVIMIENTO REGIONAL EL MAICITO,221
020405,Áncash,Carhuaz,Ataquero,SOCIOS POR ANCASH,91
020405,Áncash,Carhuaz,Ataquero,ALIANZA GOBIERNO UNIDAD Y ACCION - AGUA,264
020405,Áncash,Carhuaz,Ataquero,ACCION POPULAR,267
020405,Áncash,Carhuaz,Ataquero,ALIANZA PARA EL PROGRESO,330
020406,Áncash,Carhuaz,Marcara,MOVIMIENTO REGIONAL EL MAICITO,1571
020406,Áncash,Carhuaz,Marcara,SOCIOS POR ANCASH,310
020406,Áncash,Carhuaz,Marcara,ALIANZA GOBIERNO UNIDAD Y ACCION - AGUA,61
020406,Áncash,Carhuaz,Marcara,JUNTOS POR EL PERU,406
020406,Áncash,Carhuaz,Marcara,ACCION POPULAR,1000
020406,Áncash,Carhuaz,Marcara,ALIANZA PARA EL PROGRESO,2048
020406,Áncash,Carhuaz,Marcara,PARTIDO DEMOCRATICO SOMOS PERU,235
020407,Áncash,Carhuaz,Pariahuanca,SOCIOS POR ANCASH,199
020407,Áncash,Carhuaz,Pariahuanca,ALIANZA GOBIERNO UNIDAD Y ACCION - AGUA,35
020407,Áncash,Carhuaz,Pariahuanca,ACCION POPULAR,358
020407,Áncash,Carhuaz,Pariahuanca,ALIANZA PARA EL PROGRESO,166
020407,Áncash,Carhuaz,Pariahuanca,PARTIDO POLITICO NACIONAL PERU LIBRE,134
020407,Áncash,Carhuaz,Pariahuanca,PARTIDO DEMOCRATICO SOMOS PERU,85
020408,Áncash,Carhuaz,San Miguel de Aco,MOVIMIENTO REGIONAL EL MAICITO,313
020408,Áncash,Carhuaz,San Miguel de Aco,SOCIOS POR ANCASH,56
020408,Áncash,Carhuaz,San Miguel de Aco,ALIANZA GOBIERNO UNIDAD Y ACCION - AGUA,271
020408,Áncash,Carhuaz,San Miguel de Aco,ACCION POPULAR,18
020408,Áncash,Carhuaz,San Miguel de Aco,ALIANZA PARA EL PROGRESO,519
020408,Áncash,Carhuaz,San Miguel de Aco,PARTIDO DEMOCRATICO SOMOS PERU,430
020409,Áncash,Carhuaz,Shilla,MOVIMIENTO REGIONAL EL MAICITO,7
020409,Áncash,Carhuaz,Shilla,SOCIOS POR ANCASH,644
020409,Áncash,Carhuaz,Shilla,ALIANZA GOBIERNO UNIDAD Y ACCION - AGUA,173
020409,Áncash,Carhuaz,Shilla,ACCION POPULAR,96
020409,Áncash,Carhuaz,Shilla,ALIANZA PARA EL PROGRESO,1074
020409,Áncash,Carhuaz,Shilla,PARTIDO DEMOCRATICO SOMOS PERU,64
020410,Áncash,Carhuaz,Tinco,SOCIOS POR ANCASH,17
020410,Áncash,Carhuaz,Tinco,ALIANZA GOBIERNO UNIDAD Y ACCION - AGUA,723
020410,Áncash,Carhuaz,Tinco,JUNTOS POR EL PERU,14
020410,Áncash,Carhuaz,Tinco,ACCION POPULAR,477
020410,Áncash,Carhuaz,Tinco,PODEMOS PERU,4
020410,Áncash,Carhuaz,Tinco,ALIANZA PARA EL PROGRESO,143
020410,Áncash,Carhuaz,Tinco,PARTIDO DEMOCRATICO SOMOS PERU,539
020411,Áncash,Carhuaz,Yungar,SOCIOS POR ANCASH,758
020411,Áncash,Carhuaz,Yungar,ALIANZA GOBIERNO UNIDAD Y ACCION - AGUA,806
020411,Áncash,Carhuaz,Yungar,JUNTOS POR EL PERU,11
020411,Áncash,Carhuaz,Yungar,ALIANZA PARA EL PROGRESO,636
020502,Áncash,Casma,Buena Vista Alta,MOVIMIENTO REGIONAL EL MAICITO,693
020502,Áncash,Casma,Buena Vista Alta,MOVIMIENTO ACCION NACIONALISTA PERUANO,774
020502,Áncash,Casma,Buena Vista Alta,ALIANZA GOBIERNO UNIDAD Y ACCION - AGUA,486
020502,Áncash,Casma,Buena Vista Alta,ALIANZA PARA EL PROGRESO,362
020502,Áncash,Casma,Buena Vista Alta,PARTIDO POLITICO NACIONAL PERU LIBRE,620
020503,Áncash,Casma,Comandante Noel,MOVIMIENTO REGIONAL EL MAICITO,249
020503,Áncash,Casma,Comandante Noel,SOCIOS POR ANCASH,369
020503,Áncash,Casma,Comandante Noel,MOVIMIENTO ACCION NACIONALISTA PERUANO,433
020503,Áncash,Casma,Comandante Noel,ALIANZA GOBIERNO UNIDAD Y ACCION - AGUA,96
020503,Áncash,Casma,Comandante Noel,PARTIDO FRENTE DE LA ESPERANZA 2021,169
020503,Áncash,Casma,Comandante Noel,JUNTOS POR EL PERU,111
020503,Áncash,Casma,Comandante Noel,ALIANZA PARA EL PROGRESO,129
020503,Áncash,Casma,Comandante Noel,AVANZA PAIS - PARTIDO DE INTEGRACION SOCIAL,116
020503,Áncash,Casma,Comandante Noel,PARTIDO POLITICO NACIONAL PERU LIBRE,11
020505,Áncash,Casma,Yautan,MOVIMIENTO REGIONAL EL MAICITO,1791
020505,Áncash,Casma,Yautan,SOCIOS POR ANCASH,167
020505,Áncash,Casma,Yautan,MOVIMIENTO ACCION NACIONALISTA PERUANO,63
020505,Áncash,Casma,Yautan,ALIANZA GOBIERNO UNIDAD Y ACCION - AGUA,574
020505,Áncash,Casma,Yautan,JUNTOS POR EL PERU,22
020505,Áncash,Casma,Yautan,ALIANZA PARA EL PROGRESO,1537
020505,Áncash,Casma,Yautan,PARTIDO POLITICO NACIONAL PERU LIBRE,21
020505,Áncash,Casma,Yautan,PARTIDO DEMOCRATICO SOMOS PERU,383
020602,Áncash,Corongo,Aco,ALIANZA GOBIERNO UNIDAD Y ACCION - AGUA,48
020603,Áncash,Corongo,Bambas,ALIANZA GOBIERNO UNIDAD Y ACCION - AGUA,167
020603,Áncash,Corongo,Bambas,JUNTOS POR EL PERU,101
020603,Áncash,Corongo,Bambas,PARTIDO DEMOCRATICO SOMOS PERU,30
020604,Áncash,Corongo,Cusca,ALIANZA GOBIERNO UNIDAD Y ACCION - AGUA,901
020604,Áncash,Corongo,Cusca,JUNTOS POR EL PERU,748
020604,Áncash,Corongo,Cusca,PARTIDO POLITICO NACIONAL PERU LIBRE,49
020605,Áncash,Corongo,La Pampa,ALIANZA GOBIERNO UNIDAD Y ACCION - AGUA,248
020605,Áncash,Corongo,La Pampa,AVANZA PAIS - PARTIDO DE INTEGRACION SOCIAL,19
020605,Áncash,Corongo,La Pampa,PARTIDO DEMOCRATICO SOMOS PERU,234
020606,Áncash,Corongo,Yanac,SOCIOS POR ANCASH,253
020606,Áncash,Corongo,Yanac,ALIANZA GOBIERNO UNIDAD Y ACCION - AGUA,189
020607,Áncash,Corongo,Yupan,ALIANZA GOBIERNO UNIDAD Y ACCION - AGUA,140
020702,Áncash,Huaylas,Huallanca,MOVIMIENTO REGIONAL EL MAICITO,63
020702,Áncash,Huaylas,Huallanca,MOVIMIENTO ACCION NACIONALISTA PERUANO,245
020702,Áncash,Huaylas,Huallanca,ALIANZA GOBIERNO UNIDAD Y ACCION - AGUA,68
020702,Áncash,Huaylas,Huallanca,JUNTOS POR EL PERU,166
020702,Áncash,Huaylas,Huallanca,PODEMOS PERU,238
020703,Áncash,Huaylas,Huata,MOVIMIENTO ACCION NACIONALISTA PERUANO,131
020703,Áncash,Huaylas,Huata,ALIANZA GOBIERNO UNIDAD Y ACCION - AGUA,220
020703,Áncash,Huaylas,Huata,PARTIDO FRENTE DE LA ESPERANZA 2021,87
020703,Áncash,Huaylas,Huata,PODEMOS PERU,418
020704,Áncash,Huaylas,Huaylas,SOCIOS POR ANCASH,256
020704,Áncash,Huaylas,Huaylas,MOVIMIENTO ACCION NACIONALISTA PERUANO,242
020704,Áncash,Huaylas,Huaylas,ACCION POPULAR,309
020705,Áncash,Huaylas,Mato,SOCIOS POR ANCASH,49
020705,Áncash,Huaylas,Mato,MOVIMIENTO ACCION NACIONALISTA PERUANO,315
020705,Áncash,Huaylas,Mato,ALIANZA GOBIERNO UNIDAD Y ACCION - AGUA,281
020705,Áncash,Huaylas,Mato,PARTIDO FRENTE DE LA ESPERANZA 2021,10
020705,Áncash,Huaylas,Mato,PODEMOS PERU,557
020706,Áncash,Huaylas,Pamparomas,MOVIMIENTO REGIONAL EL MAICITO,646
020706,Áncash,Huaylas,Pamparomas,SOCIOS POR ANCASH,321
020706,Áncash,Huaylas,Pamparomas,MOVIMIENTO ACCION NACIONALISTA PERUANO,832
020706,Áncash,Huaylas,Pamparomas,ALIANZA GOBIERNO UNIDAD Y ACCION - AGUA,843
020706,Áncash,Huaylas,Pamparomas,PARTIDO FRENTE DE LA ESPERANZA 2021,254
020706,Áncash,Huaylas,Pamparomas,PODEMOS PERU,860
020706,Áncash,Huaylas,Pamparomas,PARTIDO DEMOCRATICO SOMOS PERU,543
020707,Áncash,Huaylas,Pueblo Libre,MOVIMIENTO REGIONAL EL MAICITO,119
020707,Áncash,Huaylas,Pueblo Libre,SOCIOS POR ANCASH,1196
020707,Áncash,Huaylas,Pueblo Libre,MOVIMIENTO ACCION NACIONALISTA PERUANO,1044
020707,Áncash,Huaylas,Pueblo Libre,ALIANZA GOBIERNO UNIDAD Y ACCION - AGUA,1532
020707,Áncash,Huaylas,Pueblo Libre,PARTIDO FRENTE DE LA ESPERANZA 2021,10
020707,Áncash,Huaylas,Pueblo Libre,PODEMOS PERU,492
020708,Áncash,Huaylas,Santa Cruz,MOVIMIENTO REGIONAL EL MAICITO,1159
020708,Áncash,Huaylas,Santa Cruz,SOCIOS POR ANCASH,52
020708,Áncash,Huaylas,Santa Cruz,MOVIMIENTO ACCION NACIONALISTA PERUANO,834
020708,Áncash,Huaylas,Santa Cruz,ALIANZA GOBIERNO UNIDAD Y ACCION - AGUA,536
020708,Áncash,Huaylas,Santa Cruz,PODEMOS PERU,145
020708,Áncash,Huaylas,Santa Cruz,ALIANZA PARA EL PROGRESO,47
020709,Áncash,Huaylas,Yuracmarca,MOVIMIENTO REGIONAL EL MAICITO,422
020709,Áncash,Huaylas,Yuracmarca,SOCIOS POR ANCASH,556
020709,Áncash,Huaylas,Yuracmarca,ALIANZA GOBIERNO UNIDAD Y ACCION - AGUA,386
020709,Áncash,Huaylas,Yuracmarca,PODEMOS PERU,142
020710,Áncash,Huaylas,Santo Toribio,SOCIOS POR ANCASH,11
020710,Áncash,Huaylas,Santo Toribio,MOVIMIENTO ACCION NACIONALISTA PERUANO,190
020710,Áncash,Huaylas,Santo Toribio,ALIANZA GOBIERNO UNIDAD Y ACCION - AGUA,217
020710,Áncash,Huaylas,Santo Toribio,PODEMOS PERU,201
020802,Áncash,Huari,Cajay,MOVIMIENTO REGIONAL EL MAICITO,856
020802,Áncash,Huari,Cajay,ALIANZA GOBIERNO UNIDAD Y ACCION - AGUA,1360
020802,Áncash,Huari,Cajay,ALIANZA PARA EL PROGRESO,176
020802,Áncash,Huari,Cajay,PARTIDO DEMOCRATICO SOMOS PERU,186
020803,Áncash,Huari,Chavín de Huántar,MOVIMIENTO REGIONAL EL MAICITO,642
020803,Áncash,Huari,Chavín de Huántar,SOCIOS POR ANCASH,1035
020803,Áncash,Huari,Chavín de Huántar,ALIANZA GOBIERNO UNIDAD Y ACCION - AGUA,193
020803,Áncash,Huari,Chavín de Huántar,ALIANZA PARA EL PROGRESO,428
020803,Áncash,Huari,Chavín de Huántar,PARTIDO POLITICO NACIONAL PERU LIBRE,829
020803,Áncash,Huari,Chavín de Huántar,PARTIDO DEMOCRATICO SOMOS PERU,1483
020804,Áncash,Huari,Huacachi,SOCIOS POR ANCASH,485
020804,Áncash,Huari,Huacachi,ALIANZA GOBIERNO UNIDAD Y ACCION - AGUA,775
020804,Áncash,Huari,Huacachi,PODEMOS PERU,356
020804,Áncash,Huari,Huacachi,PARTIDO POLITICO NACIONAL PERU LIBRE,187
020804,Áncash,Huari,Huacachi,PARTIDO DEMOCRATICO SOMOS PERU,114
020805,Áncash,Huari,Huachis,SOCIOS POR ANCASH,1525
020805,Áncash,Huari,Huachis,MOVIMIENTO ACCION NACIONALISTA PERUANO,6
020805,Áncash,Huari,Huachis,ALIANZA GOBIERNO UNIDAD Y ACCION - AGUA,1118
020805,Áncash,Huari,Huachis,PARTIDO DEMOCRATICO SOMOS PERU,733
020806,Áncash,Huari,Huacchis,MOVIMIENTO REGIONAL EL MAICITO,1073
020806,Áncash,Huari,Huacchis,ALIANZA GOBIERNO UNIDAD Y ACCION - AGUA,395
020806,Áncash,Huari,Huacchis,PARTIDO POLITICO NACIONAL PERU LIBRE,268
020807,Áncash,Huari,Huántar,ALIANZA GOBIERNO UNIDAD Y ACCION - AGUA,720
020807,Áncash,Huari,Huántar,ALIANZA PARA EL PROGRESO,290
020807,Áncash,Huari,Huántar,PARTIDO DEMOCRATICO SOMOS PERU,804
020808,Áncash,Huari,Masin,MOVIMIENTO REGIONAL EL MAICITO,500
020808,Áncash,Huari,Masin,SOCIOS POR ANCASH,145
020808,Áncash,Huari,Masin,ALIANZA GOBIERNO UNIDAD Y ACCION - AGUA,291
020808,Áncash,Huari,Masin,PARTIDO DEMOCRATICO SOMOS PERU,261
020809,Áncash,Huari,Paucas,MOVIMIENTO REGIONAL EL MAICITO,15
020809,Áncash,Huari,Paucas,SOCIOS POR ANCASH,699
020809,Áncash,Huari,Paucas,MOVIMIENTO ACCION NACIONALISTA PERUANO,38
020809,Áncash,Huari,Paucas,ALIANZA GOBIERNO UNIDAD Y ACCION - AGUA,130
020809,Áncash,Huari,Paucas,PODEMOS PERU,70
020809,Áncash,Huari,Paucas,PARTIDO POLITICO NACIONAL PERU LIBRE,294
020809,Áncash,Huari,Paucas,PARTIDO DEMOCRATICO SOMOS PERU,248
020810,Áncash,Huari,Ponto,MOVIMIENTO REGIONAL EL MAICITO,958
020810,Áncash,Huari,Ponto,SOCIOS POR ANCASH,956
020810,Áncash,Huari,Ponto,ALIANZA GOBIERNO UNIDAD Y ACCION - AGUA,60
020810,Áncash,Huari,Ponto,PARTIDO DEMOCRATICO SOMOS PERU,1245
020811,Áncash,Huari,Rahuapampa,MOVIMIENTO REGIONAL EL MAICITO,46
020811,Áncash,Huari,Rahuapampa,SOCIOS POR ANCASH,67
020811,Áncash,Huari,Rahuapampa,MOVIMIENTO ACCION NACIONALISTA PERUANO,92
020811,Áncash,Huari,Rahuapampa,ALIANZA GOBIERNO UNIDAD Y ACCION - AGUA,304
020811,Áncash,Huari,Rahuapampa,PARTIDO DEMOCRATICO SOMOS PERU,118
020812,Áncash,Huari,Rapayan,MOVIMIENTO REGIONAL EL MAICITO,521
020812,Áncash,Huari,Rapayan,SOCIOS POR ANCASH,569
020812,Áncash,Huari,Rapayan,ALIANZA GOBIERNO UNIDAD Y ACCION - AGUA,21
020812,Áncash,Huari,Rapayan,PARTIDO DEMOCRATICO SOMOS PERU,201
020813,Áncash,Huari,San Marcos,MOVIMIENTO REGIONAL EL MAICITO,2218
020813,Áncash,Huari,San Marcos,SOCIOS POR ANCASH,4428
020813,Áncash,Huari,San Marcos,MOVIMIENTO ACCION NACIONALISTA PERUANO,3596
020813,Áncash,Huari,San Marcos,ALIANZA GOBIERNO UNIDAD Y ACCION - AGUA,203
020813,Áncash,Huari,San Marcos,JUNTOS POR EL PERU,64
020813,Áncash,Huari,San Marcos,ALIANZA PARA EL PROGRESO,182
020813,Áncash,Huari,San Marcos,PARTIDO DEMOCRATICO SOMOS PERU,1740
020814,Áncash,Huari,San Pedro de Chana,MOVIMIENTO REGIONAL EL MAICITO,648
020814,Áncash,Huari,San Pedro de Chana,SOCIOS POR ANCASH,739
020814,Áncash,Huari,San Pedro de Chana,MOVIMIENTO ACCION NACIONALISTA PERUANO,9
020814,Áncash,Huari,San Pedro de Chana,ALIANZA GOBIERNO UNIDAD Y ACCION - AGUA,374
020814,Áncash,Huari,San Pedro de Chana,PARTIDO DEMOCRATICO SOMOS PERU,821
020815,Áncash,Huari,Uco,MOVIMIENTO REGIONAL EL MAICITO,14
020815,Áncash,Huari,Uco,SOCIOS POR ANCASH,715
020815,Áncash,Huari,Uco,ALIANZA GOBIERNO UNIDAD Y ACCION - AGUA,415
020816,Áncash,Huari,Anra,MOVIMIENTO REGIONAL EL MAICITO,88
020816,Áncash,Huari,Anra,SOCIOS POR ANCASH,304
020816,Áncash,Huari,Anra,ALIANZA GOBIERNO UNIDAD Y ACCION - AGUA,481
020816,Áncash,Huari,Anra,JUNTOS POR EL PERU,83
020816,Áncash,Huari,Anra,ACCION POPULAR,174
020816,Áncash,Huari,Anra,ALIANZA PARA EL PROGRESO,73
020816,Áncash,Huari,Anra,PARTIDO POLITICO NACIONAL PERU LIBRE,40
020816,Áncash,Huari,Anra,PARTIDO DEMOCRATICO SOMOS PERU,466
020902,Áncash,Mariscal Luzuriaga,Casca,SOCIOS POR ANCASH,1345
020902,Áncash,Mariscal Luzuriaga,Casca,ALIANZA GOBIERNO UNIDAD Y ACCION - AGUA,20
020902,Áncash,Mariscal Luzuriaga,Casca,ALIANZA PARA EL PROGRESO,1354
020903,Áncash,Mariscal Luzuriaga,Lucma,SOCIOS POR ANCASH,539
020903,Áncash,Mariscal Luzuriaga,Lucma,ALIANZA GOBIERNO UNIDAD Y ACCION - AGUA,544
020903,Áncash,Mariscal Luzuriaga,Lucma,ALIANZA PARA EL PROGRESO,643
020904,Áncash,Mariscal Luzuriaga,Fidel Olivas Escudero,SOCIOS POR ANCASH,509
020904,Áncash,Mariscal Luzuriaga,Fidel Olivas Escudero,ALIANZA GOBIERNO UNIDAD Y ACCION - AGUA,24
020904,Áncash,Mariscal Luzuriaga,Fidel Olivas Escudero,ALIANZA PARA EL PROGRESO,807
020905,Áncash,Mariscal Luzuriaga,Llama,SOCIOS POR ANCASH,350
020905,Áncash,Mariscal Luzuriaga,Llama,ALIANZA GOBIERNO UNIDAD Y ACCION - AGUA,234
020906,Áncash,Mariscal Luzuriaga,Llumpa,MOVIMIENTO REGIONAL EL MAICITO,142
020906,Áncash,Mariscal Luzuriaga,Llumpa,SOCIOS POR ANCASH,807
020906,Áncash,Mariscal Luzuriaga,Llumpa,ALIANZA GOBIERNO UNIDAD Y ACCION - AGUA,605
020906,Áncash,Mariscal Luzuriaga,Llumpa,JUNTOS POR EL PERU,644
020906,Áncash,Mariscal Luzuriaga,Llumpa,ALIANZA PARA EL PROGRESO,652
020907,Áncash,Mariscal Luzuriaga,Musga,ALIANZA GOBIERNO UNIDAD Y ACCION - AGUA,287
020907,Áncash,Mariscal Luzuriaga,Musga,ALIANZA PARA EL PROGRESO,355
020908,Áncash,Mariscal Luzuriaga,Eleazar Guzmán Barron,SOCIOS POR ANCASH,248
020908,Áncash,Mariscal Luzuriaga,Eleazar Guzmán Barron,ALIANZA GOBIERNO UNIDAD Y ACCION - AGUA,312
020908,Áncash,Mariscal Luzuriaga,Eleazar Guzmán Barron,ALIANZA PARA EL PROGRESO,150
021002,Áncash,Pallasca,Bolognesi,MOVIMIENTO REGIONAL EL MAICITO,83
021002,Áncash,Pallasca,Bolognesi,ALIANZA PARA EL PROGRESO,207
021002,Áncash,Pallasca,Bolognesi,PARTIDO POLITICO NACIONAL PERU LIBRE,193
021002,Áncash,Pallasca,Bolognesi,PARTIDO DEMOCRATICO SOMOS PERU,103
021003,Áncash,Pallasca,Conchucos,MOVIMIENTO REGIONAL EL MAICITO,496
021003,Áncash,Pallasca,Conchucos,SOCIOS POR ANCASH,125
021003,Áncash,Pallasca,Conchucos,MOVIMIENTO ACCION NACIONALISTA PERUANO,26
021003,Áncash,Pallasca,Conchucos,ALIANZA GOBIERNO UNIDAD Y ACCION - AGUA,56
021003,Áncash,Pallasca,Conchucos,PODEMOS PERU,1268
021003,Áncash,Pallasca,Conchucos,PARTIDO POLITICO NACIONAL PERU LIBRE,85
021003,Áncash,Pallasca,Conchucos,PARTIDO DEMOCRATICO SOMOS PERU,1223
021004,Áncash,Pallasca,Huacaschuque,MOVIMIENTO REGIONAL EL MAICITO,118
021004,Áncash,Pallasca,Huacaschuque,SOCIOS POR ANCASH,9
021004,Áncash,Pallasca,Huacaschuque,PARTIDO POLITICO NACIONAL PERU LIBRE,31
021004,Áncash,Pallasca,Huacaschuque,PARTIDO DEMOCRATICO SOMOS PERU,145
021005,Áncash,Pallasca,Huandoval,MOVIMIENTO REGIONAL EL MAICITO,296
021005,Áncash,Pallasca,Huandoval,RENOVACION POPULAR,207
021005,Áncash,Pallasca,Huandoval,PARTIDO MORADO,4
021005,Áncash,Pallasca,Huandoval,PARTIDO DEMOCRATICO SOMOS PERU,2
021006,Áncash,Pallasca,Lacabamba,MOVIMIENTO REGIONAL EL MAICITO,115
021006,Áncash,Pallasca,Lacabamba,PODEMOS PERU,70
021006,Áncash,Pallasca,Lacabamba,PARTIDO DEMOCRATICO SOMOS PERU,178
021007,Áncash,Pallasca,Llapo,PARTIDO DEMOCRATICO SOMOS PERU,126
021008,Áncash,Pallasca,Pallasca,MOVIMIENTO REGIONAL EL MAICITO,324
021008,Áncash,Pallasca,Pallasca,MOVIMIENTO ACCION NACIONALISTA PERUANO,227
021008,Áncash,Pallasca,Pallasca,PODEMOS PERU,462
021008,Áncash,Pallasca,Pallasca,PARTIDO POLITICO NACIONAL PERU LIBRE,32
021008,Áncash,Pallasca,Pallasca,PARTIDO DEMOCRATICO SOMOS PERU,314
021009,Áncash,Pallasca,Pampas,MOVIMIENTO REGIONAL EL MAICITO,775
021009,Áncash,Pallasca,Pampas,ALIANZA PARA EL PROGRESO,101
021009,Áncash,Pallasca,Pampas,PARTIDO DEMOCRATICO SOMOS PERU,1091
021010,Áncash,Pallasca,Santa Rosa,MOVIMIENTO REGIONAL EL MAICITO,81
021010,Áncash,Pallasca,Santa Rosa,ALIANZA PARA EL PROGRESO,259
021010,Áncash,Pallasca,Santa Rosa,PARTIDO POLITICO NACIONAL PERU LIBRE,29
021010,Áncash,Pallasca,Santa Rosa,PARTIDO DEMOCRATICO SOMOS PERU,182
021011,Áncash,Pallasca,Tauca,MOVIMIENTO REGIONAL EL MAICITO,283
021011,Áncash,Pallasca,Tauca,ALIANZA GOBIERNO UNIDAD Y ACCION - AGUA,102
021011,Áncash,Pallasca,Tauca,ALIANZA PARA EL PROGRESO,399
021011,Áncash,Pallasca,Tauca,PARTIDO DEMOCRATICO SOMOS PERU,556
021102,Áncash,Pomabamba,Huayllan,MOVIMIENTO REGIONAL EL MAICITO,868
021102,Áncash,Pomabamba,Huayllan,ALIANZA GOBIERNO UNIDAD Y ACCION - AGUA,155
021102,Áncash,Pomabamba,Huayllan,JUNTOS POR EL PERU,333
021102,Áncash,Pomabamba,Huayllan,ALIANZA PARA EL PROGRESO,40
021102,Áncash,Pomabamba,Huayllan,PARTIDO POLITICO NACIONAL PERU LIBRE,232
021102,Áncash,Pomabamba,Huayllan,PARTIDO DEMOCRATICO SOMOS PERU,303
021103,Áncash,Pomabamba,Parobamba,MOVIMIENTO REGIONAL EL MAICITO,49
021103,Áncash,Pomabamba,Parobamba,SOCIOS POR ANCASH,1360
021103,Áncash,Pomabamba,Parobamba,ALIANZA GOBIERNO UNIDAD Y ACCION - AGUA,1438
021103,Áncash,Pomabamba,Parobamba,ALIANZA PARA EL PROGRESO,31
021103,Áncash,Pomabamba,Parobamba,PARTIDO POLITICO NACIONAL PERU LIBRE,11
021104,Áncash,Pomabamba,Quinuabamba,MOVIMIENTO REGIONAL EL MAICITO,527
021104,Áncash,Pomabamba,Quinuabamba,SOCIOS POR ANCASH,20
021104,Áncash,Pomabamba,Quinuabamba,ALIANZA GOBIERNO UNIDAD Y ACCION - AGUA,489
021104,Áncash,Pomabamba,Quinuabamba,ALIANZA PARA EL PROGRESO,25
021104,Áncash,Pomabamba,Quinuabamba,PARTIDO POLITICO NACIONAL PERU LIBRE,6
021104,Áncash,Pomabamba,Quinuabamba,PARTIDO DEMOCRATICO SOMOS PERU,0
021202,Áncash,Recuay,Cotaparaco,MOVIMIENTO REGIONAL EL MAICITO,106
021202,Áncash,Recuay,Cotaparaco,ALIANZA GOBIERNO UNIDAD Y ACCION - AGUA,40
021202,Áncash,Recuay,Cotaparaco,JUNTOS POR EL PERU,134
021202,Áncash,Recuay,Cotaparaco,PARTIDO POLITICO NACIONAL PERU LIBRE,106
021203,Áncash,Recuay,Huayllapampa,ALIANZA GOBIERNO UNIDAD Y ACCION - AGUA,219
021204,Áncash,Recuay,Marca,MOVIMIENTO REGIONAL EL MAICITO,488
021204,Áncash,Recuay,Marca,ALIANZA GOBIERNO UNIDAD Y ACCION - AGUA,354
021204,Áncash,Recuay,Marca,JUNTOS POR EL PERU,88
021205,Áncash,Recuay,Pampas Chico,MOVIMIENTO REGIONAL EL MAICITO,244
021205,Áncash,Recuay,Pampas Chico,ALIANZA GOBIERNO UNIDAD Y ACCION - AGUA,160
021205,Áncash,Recuay,Pampas Chico,PARTIDO POLITICO NACIONAL PERU LIBRE,308
021206,Áncash,Recuay,Pararin,MOVIMIENTO REGIONAL EL MAICITO,164
021206,Áncash,Recuay,Pararin,ALIANZA GOBIERNO UNIDAD Y ACCION - AGUA,136
021206,Áncash,Recuay,Pararin,JUNTOS POR EL PERU,292
021206,Áncash,Recuay,Pararin,ACCION POPULAR,87
021206,Áncash,Recuay,Pararin,ALIANZA PARA EL PROGRESO,175
021206,Áncash,Recuay,Pararin,PARTIDO POLITICO NACIONAL PERU LIBRE,46
021207,Áncash,Recuay,Tapacocha,ALIANZA GOBIERNO UNIDAD Y ACCION - AGUA,180
021207,Áncash,Recuay,Tapacocha,JUNTOS POR EL PERU,85
021207,Áncash,Recuay,Tapacocha,ALIANZA PARA EL PROGRESO,42
021207,Áncash,Recuay,Tapacocha,PARTIDO POLITICO NACIONAL PERU LIBRE,75
021208,Áncash,Recuay,Ticapampa,MOVIMIENTO REGIONAL EL MAICITO,473
021208,Áncash,Recuay,Ticapampa,ALIANZA GOBIERNO UNIDAD Y ACCION - AGUA,376
021208,Áncash,Recuay,Ticapampa,JUNTOS POR EL PERU,199
021208,Áncash,Recuay,Ticapampa,ACCION POPULAR,500
021208,Áncash,Recuay,Ticapampa,ALIANZA PARA EL PROGRESO,64
021209,Áncash,Recuay,Llacllin,ALIANZA GOBIERNO UNIDAD Y ACCION - AGUA,160
021209,Áncash,Recuay,Llacllin,JUNTOS POR EL PERU,187
021209,Áncash,Recuay,Llacllin,ACCION POPULAR,208
021209,Áncash,Recuay,Llacllin,ALIANZA PARA EL PROGRESO,79
021209,Áncash,Recuay,Llacllin,PARTIDO POLITICO NACIONAL PERU LIBRE,141
021210,Áncash,Recuay,Catac,MOVIMIENTO REGIONAL EL MAICITO,348
021210,Áncash,Recuay,Catac,ALIANZA GOBIERNO UNIDAD Y ACCION - AGUA,833
021210,Áncash,Recuay,Catac,JUNTOS POR EL PERU,130
021210,Áncash,Recuay,Catac,ACCION POPULAR,355
021210,Áncash,Recuay,Catac,ALIANZA PARA EL PROGRESO,196
021210,Áncash,Recuay,Catac,PARTIDO POLITICO NACIONAL PERU LIBRE,672
021302,Áncash,Santa,Cáceres del Perú,MOVIMIENTO REGIONAL EL MAICITO,518
021302,Áncash,Santa,Cáceres del Perú,SOCIOS POR ANCASH,649
021302,Áncash,Santa,Cáceres del Perú,MOVIMIENTO ACCION NACIONALISTA PERUANO,214
021302,Áncash,Santa,Cáceres del Perú,ALIANZA GOBIERNO UNIDAD Y ACCION - AGUA,182
021302,Áncash,Santa,Cáceres del Perú,PARTIDO FRENTE DE LA ESPERANZA 2021,8
021302,Áncash,Santa,Cáceres del Perú,ACCION POPULAR,339
021302,Áncash,Santa,Cáceres del Perú,PODEMOS PERU,45
021302,Áncash,Santa,Cáceres del Perú,ALIANZA PARA EL PROGRESO,566
021302,Áncash,Santa,Cáceres del Perú,AVANZA PAIS - PARTIDO DE INTEGRACION SOCIAL,40
021302,Áncash,Santa,Cáceres del Perú,PARTIDO POLITICO NACIONAL PERU LIBRE,99
021302,Áncash,Santa,Cáceres del Perú,PARTIDO DEMOCRATICO SOMOS PERU,37
021303,Áncash,Santa,Macate,SOCIOS POR ANCASH,41
021303,Áncash,Santa,Macate,MOVIMIENTO INDEPENDIENTE REGIONAL ANCASH A LA OBRA,327
021303,Áncash,Santa,Macate,MOVIMIENTO ACCION NACIONALISTA PERUANO,274
021303,Áncash,Santa,Macate,ALIANZA GOBIERNO UNIDAD Y ACCION - AGUA,103
021303,Áncash,Santa,Macate,FUERZA POPULAR,21
021303,Áncash,Santa,Macate,RENOVACION POPULAR,562
021303,Áncash,Santa,Macate,ALIANZA PARA EL PROGRESO,263
021303,Áncash,Santa,Macate,AVANZA PAIS - PARTIDO DE INTEGRACION SOCIAL,72
021303,Áncash,Santa,Macate,PARTIDO DEMOCRATICO SOMOS PERU,535
021304,Áncash,Santa,Moro,MOVIMIENTO REGIONAL EL MAICITO,1407
021304,Áncash,Santa,Moro,SOCIOS POR ANCASH,44
021304,Áncash,Santa,Moro,MOVIMIENTO INDEPENDIENTE REGIONAL ANCASH A LA OBRA,20
021304,Áncash,Santa,Moro,MOVIMIENTO ACCION NACIONALISTA PERUANO,1808
021304,Áncash,Santa,Moro,ALIANZA GOBIERNO UNIDAD Y ACCION - AGUA,233
021304,Áncash,Santa,Moro,PARTIDO FRENTE DE LA ESPERANZA 2021,64
021304,Áncash,Santa,Moro,RENOVACION POPULAR,103
021304,Áncash,Santa,Moro,PARTIDO DEMOCRATICO SOMOS PERU,1294
021305,Áncash,Santa,Nepeña,MOVIMIENTO REGIONAL EL MAICITO,222
021305,Áncash,Santa,Nepeña,SOCIOS POR ANCASH,1182
021305,Áncash,Santa,Nepeña,MOVIMIENTO INDEPENDIENTE REGIONAL ANCASH A LA OBRA,847
021305,Áncash,Santa,Nepeña,MOVIMIENTO ACCION NACIONALISTA PERUANO,1661
021305,Áncash,Santa,Nepeña,ALIANZA GOBIERNO UNIDAD Y ACCION - AGUA,1195
021305,Áncash,Santa,Nepeña,PARTIDO FRENTE DE LA ESPERANZA 2021,1881
021305,Áncash,Santa,Nepeña,FUERZA POPULAR,48
021305,Áncash,Santa,Nepeña,PODEMOS PERU,82
021305,Áncash,Santa,Nepeña,ALIANZA PARA EL PROGRESO,657
021305,Áncash,Santa,Nepeña,PARTIDO POLITICO NACIONAL PERU LIBRE,43
021305,Áncash,Santa,Nepeña,PARTIDO DEMOCRATICO SOMOS PERU,158
021306,Áncash,Santa,Samanco,SOCIOS POR ANCASH,618
021306,Áncash,Santa,Samanco,MOVIMIENTO INDEPENDIENTE REGIONAL ANCASH A LA OBRA,898
021306,Áncash,Santa,Samanco,MOVIMIENTO ACCION NACIONALISTA PERUANO,11
021306,Áncash,Santa,Samanco,ALIANZA GOBIERNO UNIDAD Y ACCION - AGUA,19
021306,Áncash,Santa,Samanco,JUNTOS POR EL PERU,520
021306,Áncash,Santa,Samanco,ALIANZA PARA EL PROGRESO,658
021306,Áncash,Santa,Samanco,PARTIDO DEMOCRATICO SOMOS PERU,222
021307,Áncash,Santa,Santa,MOVIMIENTO REGIONAL EL MAICITO,2491
021307,Áncash,Santa,Santa,SOCIOS POR ANCASH,1267
021307,Áncash,Santa,Santa,MOVIMIENTO INDEPENDIENTE REGIONAL ANCASH A LA OBRA,1925
021307,Áncash,Santa,Santa,MOVIMIENTO ACCION NACIONALISTA PERUANO,1298
021307,Áncash,Santa,Santa,ALIANZA GOBIERNO UNIDAD Y ACCION - AGUA,801
021307,Áncash,Santa,Santa,JUNTOS POR EL PERU,1749
021307,Áncash,Santa,Santa,PODEMOS PERU,332
021307,Áncash,Santa,Santa,RENOVACION POPULAR,302
021307,Áncash,Santa,Santa,ALIANZA PARA EL PROGRESO,4970
021307,Áncash,Santa,Santa,PARTIDO POLITICO NACIONAL PERU LIBRE,710
021307,Áncash,Santa,Santa,PARTIDO DEMOCRATICO SOMOS PERU,245
021308,Áncash,Santa,Coishco,MOVIMIENTO REGIONAL EL MAICITO,2881
021308,Áncash,Santa,Coishco,SOCIOS POR ANCASH,87
021308,Áncash,Santa,Coishco,ALIANZA GOBIERNO UNIDAD Y ACCION - AGUA,2322
021308,Áncash,Santa,Coishco,PARTIDO FRENTE DE LA ESPERANZA 2021,2434
021308,Áncash,Santa,Coishco,PODEMOS PERU,203
021308,Áncash,Santa,Coishco,ALIANZA PARA EL PROGRESO,281
021308,Áncash,Santa,Coishco,PARTIDO POLITICO NACIONAL PERU LIBRE,43
021308,Áncash,Santa,Coishco,PARTIDO DEMOCRATICO SOMOS PERU,483
021309,Áncash,Santa,Nuevo Chimbote,MOVIMIENTO REGIONAL EL MAICITO,14288
021309,Áncash,Santa,Nuevo Chimbote,SOCIOS POR ANCASH,6848
021309,Áncash,Santa,Nuevo Chimbote,MOVIMIENTO INDEPENDIENTE REGIONAL ANCASH A LA OBRA,2705
021309,Áncash,Santa,Nuevo Chimbote,MOVIMIENTO ACCION NACIONALISTA PERUANO,3109
021309,Áncash,Santa,Nuevo Chimbote,ALIANZA GOBIERNO UNIDAD Y ACCION - AGUA,8455
021309,Áncash,Santa,Nuevo Chimbote,PARTIDO FRENTE DE LA ESPERANZA 2021,1815
021309,Áncash,Santa,Nuevo Chimbote,JUNTOS POR EL PERU,6369
021309,Áncash,Santa,Nuevo Chimbote,FUERZA POPULAR,2218
021309,Áncash,Santa,Nuevo Chimbote,ACCION POPULAR,541
021309,Áncash,Santa,Nuevo Chimbote,RENOVACION POPULAR,1755
021309,Áncash,Santa,Nuevo Chimbote,ALIANZA PARA EL PROGRESO,18894
021309,Áncash,Santa,Nuevo Chimbote,PARTIDO POLITICO NACIONAL PERU LIBRE,1562
021309,Áncash,Santa,Nuevo Chimbote,PARTIDO DEMOCRATICO SOMOS PERU,1049
021402,Áncash,Sihuas,Alfonso Ugarte,MOVIMIENTO REGIONAL EL MAICITO,203
021402,Áncash,Sihuas,Alfonso Ugarte,MOVIMIENTO ACCION NACIONALISTA PERUANO,28
021402,Áncash,Sihuas,Alfonso Ugarte,ALIANZA GOBIERNO UNIDAD Y ACCION - AGUA,32
021402,Áncash,Sihuas,Alfonso Ugarte,JUNTOS POR EL PERU,85
021403,Áncash,Sihuas,Chingalpo,MOVIMIENTO REGIONAL EL MAICITO,109
021403,Áncash,Sihuas,Chingalpo,MOVIMIENTO ACCION NACIONALISTA PERUANO,9
021403,Áncash,Sihuas,Chingalpo,ALIANZA GOBIERNO UNIDAD Y ACCION - AGUA,308
021403,Áncash,Sihuas,Chingalpo,ALIANZA PARA EL PROGRESO,211
021404,Áncash,Sihuas,Huayllabamba,MOVIMIENTO REGIONAL EL MAICITO,543
021404,Áncash,Sihuas,Huayllabamba,MOVIMIENTO INDEPENDIENTE REGIONAL ANCASH A LA OBRA,90
021404,Áncash,Sihuas,Huayllabamba,MOVIMIENTO ACCION NACIONALISTA PERUANO,258
021404,Áncash,Sihuas,Huayllabamba,ALIANZA GOBIERNO UNIDAD Y ACCION - AGUA,480
021404,Áncash,Sihuas,Huayllabamba,JUNTOS POR EL PERU,253
021404,Áncash,Sihuas,Huayllabamba,ALIANZA PARA EL PROGRESO,110
021405,Áncash,Sihuas,Quiches,MOVIMIENTO REGIONAL EL MAICITO,178
021405,Áncash,Sihuas,Quiches,SOCIOS POR ANCASH,17
021405,Áncash,Sihuas,Quiches,MOVIMIENTO ACCION NACIONALISTA PERUANO,262
021405,Áncash,Sihuas,Quiches,ALIANZA GOBIERNO UNIDAD Y ACCION - AGUA,256
021405,Áncash,Sihuas,Quiches,ALIANZA PARA EL PROGRESO,379
021406,Áncash,Sihuas,Sicsibamba,MOVIMIENTO REGIONAL EL MAICITO,106
021406,Áncash,Sihuas,Sicsibamba,MOVIMIENTO INDEPENDIENTE REGIONAL ANCASH A LA OBRA,86
021406,Áncash,Sihuas,Sicsibamba,MOVIMIENTO ACCION NACIONALISTA PERUANO,284
021406,Áncash,Sihuas,Sicsibamba,ALIANZA GOBIERNO UNIDAD Y ACCION - AGUA,181
021406,Áncash,Sihuas,Sicsibamba,JUNTOS POR EL PERU,270
021407,Áncash,Sihuas,Acobamba,MOVIMIENTO REGIONAL EL MAICITO,333
021407,Áncash,Sihuas,Acobamba,MOVIMIENTO ACCION NACIONALISTA PERUANO,288
021407,Áncash,Sihuas,Acobamba,ALIANZA GOBIERNO UNIDAD Y ACCION - AGUA,79
021407,Áncash,Sihuas,Acobamba,JUNTOS POR EL PERU,214
021407,Áncash,Sihuas,Acobamba,PARTIDO DEMOCRATICO SOMOS PERU,35
021408,Áncash,Sihuas,Cashapampa,MOVIMIENTO REGIONAL EL MAICITO,411
021408,Áncash,Sihuas,Cashapampa,ALIANZA GOBIERNO UNIDAD Y ACCION - AGUA,535
021408,Áncash,Sihuas,Cashapampa,ALIANZA PARA EL PROGRESO,446
021409,Áncash,Sihuas,Ragash,MOVIMIENTO REGIONAL EL MAICITO,904
021409,Áncash,Sihuas,Ragash,MOVIMIENTO ACCION NACIONALISTA PERUANO,93
021409,Áncash,Sihuas,Ragash,ALIANZA GOBIERNO UNIDAD Y ACCION - AGUA,387
021409,Áncash,Sihuas,Ragash,ALIANZA PARA EL PROGRESO,301
021410,Áncash,Sihuas,San Juan,MOVIMIENTO REGIONAL EL MAICITO,1665
021410,Áncash,Sihuas,San Juan,MOVIMIENTO ACCION NACIONALISTA PERUANO,42
021410,Áncash,Sihuas,San Juan,ALIANZA GOBIERNO UNIDAD Y ACCION - AGUA,1589
021410,Áncash,Sihuas,San Juan,ALIANZA PARA EL PROGRESO,76
021502,Áncash,Yungay,Cascapara,MOVIMIENTO REGIONAL EL MAICITO,249
021502,Áncash,Yungay,Cascapara,SOCIOS POR ANCASH,83
021502,Áncash,Yungay,Cascapara,ALIANZA GOBIERNO UNIDAD Y ACCION - AGUA,84
021502,Áncash,Yungay,Cascapara,ALIANZA PARA EL PROGRESO,313
021502,Áncash,Yungay,Cascapara,AVANZA PAIS - PARTIDO DE INTEGRACION SOCIAL,91
021502,Áncash,Yungay,Cascapara,PARTIDO POLITICO NACIONAL PERU LIBRE,234
021503,Áncash,Yungay,Mancos,MOVIMIENTO REGIONAL EL MAICITO,539
021503,Áncash,Yungay,Mancos,SOCIOS POR ANCASH,462
021503,Áncash,Yungay,Mancos,ALIANZA GOBIERNO UNIDAD Y ACCION - AGUA,126
021503,Áncash,Yungay,Mancos,JUNTOS POR EL PERU,293
021503,Áncash,Yungay,Mancos,ALIANZA PARA EL PROGRESO,851
021503,Áncash,Yungay,Mancos,AVANZA PAIS - PARTIDO DE INTEGRACION SOCIAL,444
021503,Áncash,Yungay,Mancos,PARTIDO POLITICO NACIONAL PERU LIBRE,927
021503,Áncash,Yungay,Mancos,PARTIDO DEMOCRATICO SOMOS PERU,126
021504,Áncash,Yungay,Matacoto,MOVIMIENTO REGIONAL EL MAICITO,439
021504,Áncash,Yungay,Matacoto,ALIANZA GOBIERNO UNIDAD Y ACCION - AGUA,83
021504,Áncash,Yungay,Matacoto,ALIANZA PARA EL PROGRESO,544
021505,Áncash,Yungay,Quillo,MOVIMIENTO REGIONAL EL MAICITO,1906
021505,Áncash,Yungay,Quillo,ALIANZA GOBIERNO UNIDAD Y ACCION - AGUA,1561
021505,Áncash,Yungay,Quillo,JUNTOS POR EL PERU,217
021505,Áncash,Yungay,Quillo,ALIANZA PARA EL PROGRESO,2834
021505,Áncash,Yungay,Quillo,PARTIDO POLITICO NACIONAL PERU LIBRE,206
021506,Áncash,Yungay,Ranrahirca,MOVIMIENTO REGIONAL EL MAICITO,52
021506,Áncash,Yungay,Ranrahirca,SOCIOS POR ANCASH,103
021506,Áncash,Yungay,Ranrahirca,MOVIMIENTO ACCION NACIONALISTA PERUANO,296
021506,Áncash,Yungay,Ranrahirca,ALIANZA GOBIERNO UNIDAD Y ACCION - AGUA,504
021506,Áncash,Yungay,Ranrahirca,JUNTOS POR EL PERU,307
021506,Áncash,Yungay,Ranrahirca,ALIANZA PARA EL PROGRESO,152
021506,Áncash,Yungay,Ranrahirca,AVANZA PAIS - PARTIDO DE INTEGRACION SOCIAL,128
021506,Áncash,Yungay,Ranrahirca,PARTIDO POLITICO NACIONAL PERU LIBRE,368
021507,Áncash,Yungay,Shupluy,MOVIMIENTO REGIONAL EL MAICITO,221
021507,Áncash,Yungay,Shupluy,ALIANZA GOBIERNO UNIDAD Y ACCION - AGUA,74
021507,Áncash,Yungay,Shupluy,JUNTOS POR EL PERU,353
021507,Áncash,Yungay,Shupluy,ALIANZA PARA EL PROGRESO,417
021507,Áncash,Yungay,Shupluy,PARTIDO POLITICO NACIONAL PERU LIBRE,210
021508,Áncash,Yungay,Yanama,MOVIMIENTO REGIONAL EL MAICITO,16
021508,Áncash,Yungay,Yanama,SOCIOS POR ANCASH,100
021508,Áncash,Yungay,Yanama,ALIANZA GOBIERNO UNIDAD Y ACCION - AGUA,1526
021508,Áncash,Yungay,Yanama,JUNTOS POR EL PERU,1051
021508,Áncash,Yungay,Yanama,ALIANZA PARA EL PROGRESO,167
021508,Áncash,Yungay,Yanama,AVANZA PAIS - PARTIDO DE INTEGRACION SOCIAL,48
021508,Áncash,Yungay,Yanama,PARTIDO POLITICO NACIONAL PERU LIBRE,103
021602,Áncash,Antonio Raymondi,Aczo,SOCIOS POR ANCASH,243
021602,Áncash,Antonio Raymondi,Aczo,ALIANZA GOBIERNO UNIDAD Y ACCION - AGUA,139
021602,Áncash,Antonio Raymondi,Aczo,JUNTOS POR EL PERU,146
021602,Áncash,Antonio Raymondi,Aczo,ALIANZA PARA EL PROGRESO,91
021602,Áncash,Antonio Raymondi,Aczo,PARTIDO POLITICO NACIONAL PERU LIBRE,299
021603,Áncash,Antonio Raymondi,Chaccho,SOCIOS POR ANCASH,78
021603,Áncash,Antonio Raymondi,Chaccho,ALIANZA GOBIERNO UNIDAD Y ACCION - AGUA,226
021603,Áncash,Antonio Raymondi,Chaccho,PARTIDO FRENTE DE LA ESPERANZA 2021,384
021603,Áncash,Antonio Raymondi,Chaccho,JUNTOS POR EL PERU,9
021603,Áncash,Antonio Raymondi,Chaccho,PODEMOS PERU,48
021603,Áncash,Antonio Raymondi,Chaccho,ALIANZA PARA EL PROGRESO,53
021603,Áncash,Antonio Raymondi,Chaccho,PARTIDO POLITICO NACIONAL PERU LIBRE,37
021603,Áncash,Antonio Raymondi,Chaccho,PARTIDO DEMOCRATICO SOMOS PERU,23
021604,Áncash,Antonio Raymondi,Chingas,SOCIOS POR ANCASH,189
021604,Áncash,Antonio Raymondi,Chingas,ALIANZA GOBIERNO UNIDAD Y ACCION - AGUA,459
021604,Áncash,Antonio Raymondi,Chingas,PODEMOS PERU,22
021604,Áncash,Antonio Raymondi,Chingas,PARTIDO POLITICO NACIONAL PERU LIBRE,89
021605,Áncash,Antonio Raymondi,Mirgas,MOVIMIENTO REGIONAL EL MAICITO,108
021605,Áncash,Antonio Raymondi,Mirgas,SOCIOS POR ANCASH,995
021605,Áncash,Antonio Raymondi,Mirgas,ALIANZA GOBIERNO UNIDAD Y ACCION - AGUA,556
021605,Áncash,Antonio Raymondi,Mirgas,PARTIDO POLITICO NACIONAL PERU LIBRE,574
021606,Áncash,Antonio Raymondi,San Juan de Rontoy,SOCIOS POR ANCASH,151
021606,Áncash,Antonio Raymondi,San Juan de Rontoy,MOVIMIENTO ACCION NACIONALISTA PERUANO,94
021606,Áncash,Antonio Raymondi,San Juan de Rontoy,ALIANZA GOBIERNO UNIDAD Y ACCION - AGUA,196
021606,Áncash,Antonio Raymondi,San Juan de Rontoy,PARTIDO POLITICO NACIONAL PERU LIBRE,320
021702,Áncash,Carlos Fermín Fitzcarrald,Yauya,MOVIMIENTO REGIONAL EL MAICITO,164
021702,Áncash,Carlos Fermín Fitzcarrald,Yauya,MOVIMIENTO ACCION NACIONALISTA PERUANO,68
021702,Áncash,Carlos Fermín Fitzcarrald,Yauya,ALIANZA GOBIERNO UNIDAD Y ACCION - AGUA,526
021702,Áncash,Carlos Fermín Fitzcarrald,Yauya,PARTIDO POLITICO NACIONAL PERU LIBRE,415
021702,Áncash,Carlos Fermín Fitzcarrald,Yauya,PARTIDO DEMOCRATICO SOMOS PERU,1049
021703,Áncash,Carlos Fermín Fitzcarrald,San Nicolás,MOVIMIENTO REGIONAL EL MAICITO,357
021703,Áncash,Carlos Fermín Fitzcarrald,San Nicolás,SOCIOS POR ANCASH,71
021703,Áncash,Carlos Fermín Fitzcarrald,San Nicolás,MOVIMIENTO ACCION NACIONALISTA PERUANO,7
021703,Áncash,Carlos Fermín Fitzcarrald,San Nicolás,ALIANZA GOBIERNO UNIDAD Y ACCION - AGUA,273
021703,Áncash,Carlos Fermín Fitzcarrald,San Nicolás,ALIANZA PARA EL PROGRESO,223
021703,Áncash,Carlos Fermín Fitzcarrald,San Nicolás,PARTIDO DEMOCRATICO SOMOS PERU,631
021802,Áncash,Asunción,Acochaca,MOVIMIENTO REGIONAL EL MAICITO,797
021802,Áncash,Asunción,Acochaca,SOCIOS POR ANCASH,305
021802,Áncash,Asunción,Acochaca,ALIANZA GOBIERNO UNIDAD Y ACCION - AGUA,526
021902,Áncash,Huarmey,Cochapeti,MOVIMIENTO REGIONAL EL MAICITO,93
021902,Áncash,Huarmey,Cochapeti,ALIANZA GOBIERNO UNIDAD Y ACCION - AGUA,242
021902,Áncash,Huarmey,Cochapeti,ACCION POPULAR,47
021902,Áncash,Huarmey,Cochapeti,ALIANZA PARA EL PROGRESO,369
021903,Áncash,Huarmey,Huayan,MOVIMIENTO REGIONAL EL MAICITO,24
021903,Áncash,Huarmey,Huayan,SOCIOS POR ANCASH,206
021903,Áncash,Huarmey,Huayan,ALIANZA GOBIERNO UNIDAD Y ACCION - AGUA,263
021903,Áncash,Huarmey,Huayan,JUNTOS POR EL PERU,1
021903,Áncash,Huarmey,Huayan,AVANZA PAIS - PARTIDO DE INTEGRACION SOCIAL,41
021904,Áncash,Huarmey,Malvas,MOVIMIENTO REGIONAL EL MAICITO,146
021904,Áncash,Huarmey,Malvas,ALIANZA GOBIERNO UNIDAD Y ACCION - AGUA,97
021904,Áncash,Huarmey,Malvas,ALIANZA PARA EL PROGRESO,284
021904,Áncash,Huarmey,Malvas,AVANZA PAIS - PARTIDO DE INTEGRACION SOCIAL,170
021905,Áncash,Huarmey,Culebras,MOVIMIENTO REGIONAL EL MAICITO,679
021905,Áncash,Huarmey,Culebras,ALIANZA PARA EL PROGRESO,444
022001,Áncash,Ocros,Acas,SOCIOS POR ANCASH,192
022001,Áncash,Ocros,Acas,ALIANZA GOBIERNO UNIDAD Y ACCION - AGUA,31
022001,Áncash,Ocros,Acas,JUNTOS POR EL PERU,138
022002,Áncash,Ocros,Cajamarquilla,SOCIOS POR ANCASH,70
022002,Áncash,Ocros,Cajamarquilla,ALIANZA PARA EL PROGRESO,60
022003,Áncash,Ocros,Carhuapampa,SOCIOS POR ANCASH,257
022003,Áncash,Ocros,Carhuapampa,ALIANZA PARA EL PROGRESO,132
022004,Áncash,Ocros,Cochas,MOVIMIENTO REGIONAL EL MAICITO,171
022004,Áncash,Ocros,Cochas,SOCIOS POR ANCASH,480
022004,Áncash,Ocros,Cochas,ALIANZA GOBIERNO UNIDAD Y ACCION - AGUA,247
022004,Áncash,Ocros,Cochas,ALIANZA PARA EL PROGRESO,121
022005,Áncash,Ocros,Congas,MOVIMIENTO REGIONAL EL MAICITO,16
022005,Áncash,Ocros,Congas,SOCIOS POR ANCASH,224
022005,Áncash,Ocros,Congas,JUNTOS POR EL PERU,268
022005,Áncash,Ocros,Congas,ALIANZA PARA EL PROGRESO,139
022006,Áncash,Ocros,Llipa,SOCIOS POR ANCASH,45
022006,Áncash,Ocros,Llipa,JUNTOS POR EL PERU,0
022006,Áncash,Ocros,Llipa,ALIANZA PARA EL PROGRESO,117
022008,Áncash,Ocros,San Cristóbal de Rajan,MOVIMIENTO REGIONAL EL MAICITO,95
022008,Áncash,Ocros,San Cristóbal de Rajan,SOCIOS POR ANCASH,70
022008,Áncash,Ocros,San Cristóbal de Rajan,JUNTOS POR EL PERU,210
022008,Áncash,Ocros,San Cristóbal de Rajan,ALIANZA PARA EL PROGRESO,5
022009,Áncash,Ocros,San Pedro,SOCIOS POR ANCASH,150
022009,Áncash,Ocros,San Pedro,JUNTOS POR EL PERU,311
022009,Áncash,Ocros,San Pedro,ALIANZA PARA EL PROGRESO,263
022010,Áncash,Ocros,Santiago de Chilcas,SOCIOS POR ANCASH,121
022010,Áncash,Ocros,Santiago de Chilcas,JUNTOS POR EL PERU,95
022010,Áncash,Ocros,Santiago de Chilcas,ALIANZA PARA EL PROGRESO,77
030102,Apurímac,Abancay,Circa,PROGRESISTA DE APURIMAC,183
030102,Apurímac,Abancay,Circa,MOVIMIENTO REGIONAL HATARIY APURIMAC,363
030102,Apurímac,Abancay,Circa,ACCION POPULAR,1028
030102,Apurímac,Abancay,Circa,ALIANZA PARA EL PROGRESO,86
030102,Apurímac,Abancay,Circa,PARTIDO DEMOCRATICO SOMOS PERU,267
030103,Apurímac,Abancay,Curahuasi,PROGRESISTA DE APURIMAC,4573
030103,Apurímac,Abancay,Curahuasi,MOVIMIENTO REGIONAL HATARIY APURIMAC,544
030103,Apurímac,Abancay,Curahuasi,PARTIDO FRENTE DE LA ESPERANZA 2021,2476
030103,Apurímac,Abancay,Curahuasi,ALIANZA PARA EL PROGRESO,236
030103,Apurímac,Abancay,Curahuasi,PARTIDO POLITICO NACIONAL PERU LIBRE,47
030103,Apurímac,Abancay,Curahuasi,PARTIDO DEMOCRATICO SOMOS PERU,881
030104,Apurímac,Abancay,Chacoche,PARTIDO FRENTE DE LA ESPERANZA 2021,431
030104,Apurímac,Abancay,Chacoche,ALIANZA PARA EL PROGRESO,228
030104,Apurímac,Abancay,Chacoche,PARTIDO DEMOCRATICO SOMOS PERU,235
030105,Apurímac,Abancay,Huanipaca,PROGRESISTA DE APURIMAC,422
030105,Apurímac,Abancay,Huanipaca,MOVIMIENTO REGIONAL HATARIY APURIMAC,202
030105,Apurímac,Abancay,Huanipaca,PARTIDO FRENTE DE LA ESPERANZA 2021,756
030105,Apurímac,Abancay,Huanipaca,ACCION POPULAR,62
030105,Apurímac,Abancay,Huanipaca,ALIANZA PARA EL PROGRESO,594
030105,Apurímac,Abancay,Huanipaca,PARTIDO DEMOCRATICO SOMOS PERU,243
030106,Apurímac,Abancay,Lambrama,MOVIMIENTO REGIONAL HATARIY APURIMAC,381
030106,Apurímac,Abancay,Lambrama,PARTIDO FRENTE DE LA ESPERANZA 2021,320
030106,Apurímac,Abancay,Lambrama,ACCION POPULAR,587
030106,Apurímac,Abancay,Lambrama,ALIANZA PARA EL PROGRESO,97
030106,Apurímac,Abancay,Lambrama,PARTIDO POLITICO NACIONAL PERU LIBRE,496
030106,Apurímac,Abancay,Lambrama,PARTIDO DEMOCRATICO SOMOS PERU,628
030107,Apurímac,Abancay,Pichirhua,PROGRESISTA DE APURIMAC,407
030107,Apurímac,Abancay,Pichirhua,PARTIDO FRENTE DE LA ESPERANZA 2021,480
030107,Apurímac,Abancay,Pichirhua,ACCION POPULAR,412
030107,Apurímac,Abancay,Pichirhua,PODEMOS PERU,236
030107,Apurímac,Abancay,Pichirhua,ALIANZA PARA EL PROGRESO,425
030107,Apurímac,Abancay,Pichirhua,PARTIDO DEMOCRATICO SOMOS PERU,339
030108,Apurímac,Abancay,San Pedro de Cachora,PROGRESISTA DE APURIMAC,8
030108,Apurímac,Abancay,San Pedro de Cachora,PARTIDO FRENTE DE LA ESPERANZA 2021,49
030108,Apurímac,Abancay,San Pedro de Cachora,ACCION POPULAR,564
030108,Apurímac,Abancay,San Pedro de Cachora,ALIANZA PARA EL PROGRESO,60
030108,Apurímac,Abancay,San Pedro de Cachora,PARTIDO POLITICO NACIONAL PERU LIBRE,442
030108,Apurímac,Abancay,San Pedro de Cachora,PARTIDO DEMOCRATICO SOMOS PERU,528
030109,Apurímac,Abancay,Tamburco,PROGRESISTA DE APURIMAC,1565
030109,Apurímac,Abancay,Tamburco,MOVIMIENTO REGIONAL HATARIY APURIMAC,324
030109,Apurímac,Abancay,Tamburco,PARTIDO FRENTE DE LA ESPERANZA 2021,359
030109,Apurímac,Abancay,Tamburco,ACCION POPULAR,1474
030109,Apurímac,Abancay,Tamburco,ALIANZA PARA EL PROGRESO,1120
030109,Apurímac,Abancay,Tamburco,PARTIDO MORADO,40
030109,Apurímac,Abancay,Tamburco,PARTIDO DEMOCRATICO SOMOS PERU,43
030202,Apurímac,Aymaraes,Capaya,PROGRESISTA DE APURIMAC,170
030202,Apurímac,Aymaraes,Capaya,MOVIMIENTO REGIONAL HATARIY APURIMAC,85
030202,Apurímac,Aymaraes,Capaya,PARTIDO FRENTE DE LA ESPERANZA 2021,53
030202,Apurímac,Aymaraes,Capaya,PARTIDO POLITICO NACIONAL PERU LIBRE,147
030203,Apurímac,Aymaraes,Caraybamba,PROGRESISTA DE APURIMAC,35
030203,Apurímac,Aymaraes,Caraybamba,PARTIDO POLITICO NACIONAL PERU LIBRE,401
030203,Apurímac,Aymaraes,Caraybamba,PARTIDO DEMOCRATICO SOMOS PERU,265
030204,Apurímac,Aymaraes,Colcabamba,PROGRESISTA DE APURIMAC,88
030204,Apurímac,Aymaraes,Colcabamba,MOVIMIENTO REGIONAL HATARIY APURIMAC,42
030204,Apurímac,Aymaraes,Colcabamba,PARTIDO FRENTE DE LA ESPERANZA 2021,116
030204,Apurímac,Aymaraes,Colcabamba,PARTIDO POLITICO NACIONAL PERU LIBRE,184
030204,Apurímac,Aymaraes,Colcabamba,PARTIDO DEMOCRATICO SOMOS PERU,109
030205,Apurímac,Aymaraes,Cotaruse,PROGRESISTA DE APURIMAC,66
030205,Apurímac,Aymaraes,Cotaruse,MOVIMIENTO REGIONAL HATARIY APURIMAC,120
030205,Apurímac,Aymaraes,Cotaruse,PARTIDO FRENTE DE LA ESPERANZA 2021,91
030205,Apurímac,Aymaraes,Cotaruse,ACCION POPULAR,835
030205,Apurímac,Aymaraes,Cotaruse,PARTIDO DEMOCRATICO SOMOS PERU,1078
030206,Apurímac,Aymaraes,Chapimarca,PROGRESISTA DE APURIMAC,46
030206,Apurímac,Aymaraes,Chapimarca,MOVIMIENTO REGIONAL HATARIY APURIMAC,264
030206,Apurímac,Aymaraes,Chapimarca,PARTIDO FRENTE DE LA ESPERANZA 2021,466
030206,Apurímac,Aymaraes,Chapimarca,PARTIDO POLITICO NACIONAL PERU LIBRE,152
030206,Apurímac,Aymaraes,Chapimarca,PARTIDO DEMOCRATICO SOMOS PERU,313
030207,Apurímac,Aymaraes,Ihuayllo,PROGRESISTA DE APURIMAC,26
030207,Apurímac,Aymaraes,Ihuayllo,MOVIMIENTO REGIONAL HATARIY APURIMAC,188
030207,Apurímac,Aymaraes,Ihuayllo,PARTIDO FRENTE DE LA ESPERANZA 2021,156
030207,Apurímac,Aymaraes,Ihuayllo,PARTIDO DEMOCRATICO SOMOS PERU,70
030208,Apurímac,Aymaraes,Lucre,MOVIMIENTO REGIONAL HATARIY APURIMAC,110
030208,Apurímac,Aymaraes,Lucre,PARTIDO FRENTE DE LA ESPERANZA 2021,143
030208,Apurímac,Aymaraes,Lucre,ACCION POPULAR,479
030208,Apurímac,Aymaraes,Lucre,PARTIDO DEMOCRATICO SOMOS PERU,329
030209,Apurímac,Aymaraes,Pocohuanca,MOVIMIENTO REGIONAL HATARIY APURIMAC,505
030209,Apurímac,Aymaraes,Pocohuanca,PARTIDO DEMOCRATICO SOMOS PERU,338
030210,Apurímac,Aymaraes,Sañayca,PROGRESISTA DE APURIMAC,142
030210,Apurímac,Aymaraes,Sañayca,MOVIMIENTO REGIONAL HATARIY APURIMAC,245
030210,Apurímac,Aymaraes,Sañayca,PARTIDO FRENTE DE LA ESPERANZA 2021,154
030210,Apurímac,Aymaraes,Sañayca,PARTIDO DEMOCRATICO SOMOS PERU,127
030211,Apurímac,Aymaraes,Soraya,MOVIMIENTO REGIONAL HATARIY APURIMAC,270
030211,Apurímac,Aymaraes,Soraya,PARTIDO FRENTE DE LA ESPERANZA 2021,46
030211,Apurímac,Aymaraes,Soraya,PARTIDO POLITICO NACIONAL PERU LIBRE,155
030212,Apurímac,Aymaraes,Tapairihua,PROGRESISTA DE APURIMAC,265
030212,Apurímac,Aymaraes,Tapairihua,ALIANZA PARA EL PROGRESO,143
030212,Apurímac,Aymaraes,Tapairihua,AVANZA PAIS - PARTIDO DE INTEGRACION SOCIAL,440
030212,Apurímac,Aymaraes,Tapairihua,PARTIDO POLITICO NACIONAL PERU LIBRE,168
030212,Apurímac,Aymaraes,Tapairihua,PARTIDO DEMOCRATICO SOMOS PERU,561
030213,Apurímac,Aymaraes,Tintay,MOVIMIENTO REGIONAL HATARIY APURIMAC,583
030213,Apurímac,Aymaraes,Tintay,PARTIDO FRENTE DE LA ESPERANZA 2021,590
030213,Apurímac,Aymaraes,Tintay,PARTIDO POLITICO NACIONAL PERU LIBRE,608
030214,Apurímac,Aymaraes,Toraya,MOVIMIENTO REGIONAL HATARIY APURIMAC,25
030214,Apurímac,Aymaraes,Toraya,PARTIDO FRENTE DE LA ESPERANZA 2021,295
030214,Apurímac,Aymaraes,Toraya,PARTIDO POLITICO NACIONAL PERU LIBRE,317
030214,Apurímac,Aymaraes,Toraya,PARTIDO DEMOCRATICO SOMOS PERU,176
030215,Apurímac,Aymaraes,Yanaca,PROGRESISTA DE APURIMAC,151
030215,Apurímac,Aymaraes,Yanaca,MOVIMIENTO REGIONAL HATARIY APURIMAC,10
030215,Apurímac,Aymaraes,Yanaca,PARTIDO FRENTE DE LA ESPERANZA 2021,183
030215,Apurímac,Aymaraes,Yanaca,PARTIDO POLITICO NACIONAL PERU LIBRE,277
030216,Apurímac,Aymaraes,San Juan de Chacña,PROGRESISTA DE APURIMAC,17
030216,Apurímac,Aymaraes,San Juan de Chacña,MOVIMIENTO REGIONAL HATARIY APURIMAC,222
030216,Apurímac,Aymaraes,San Juan de Chacña,PARTIDO FRENTE DE LA ESPERANZA 2021,15
030216,Apurímac,Aymaraes,San Juan de Chacña,PARTIDO POLITICO NACIONAL PERU LIBRE,307
030217,Apurímac,Aymaraes,Justo Apu Sahuaraura,MOVIMIENTO REGIONAL HATARIY APURIMAC,132
030217,Apurímac,Aymaraes,Justo Apu Sahuaraura,ALIANZA PARA EL PROGRESO,89
030217,Apurímac,Aymaraes,Justo Apu Sahuaraura,PARTIDO POLITICO NACIONAL PERU LIBRE,138
030217,Apurímac,Aymaraes,Justo Apu Sahuaraura,PARTIDO DEMOCRATICO SOMOS PERU,151
030302,Apurímac,Andahuaylas,Andarapa,PROGRESISTA DE APURIMAC,977
030302,Apurímac,Andahuaylas,Andarapa,MOVIMIENTO REGIONAL HATARIY APURIMAC,674
030302,Apurímac,Andahuaylas,Andarapa,PARTIDO FRENTE DE LA ESPERANZA 2021,870
030302,Apurímac,Andahuaylas,Andarapa,ALIANZA PARA EL PROGRESO,59
030302,Apurímac,Andahuaylas,Andarapa,PARTIDO POLITICO NACIONAL PERU LIBRE,233
030302,Apurímac,Andahuaylas,Andarapa,PARTIDO DEMOCRATICO SOMOS PERU,1026
030303,Apurímac,Andahuaylas,Chiara,MOVIMIENTO REGIONAL HATARIY APURIMAC,150
030303,Apurímac,Andahuaylas,Chiara,PARTIDO FRENTE DE LA ESPERANZA 2021,124
030303,Apurímac,Andahuaylas,Chiara,PODEMOS PERU,327
030303,Apurímac,Andahuaylas,Chiara,PARTIDO DEMOCRATICO SOMOS PERU,142
030304,Apurímac,Andahuaylas,Huancarama,PROGRESISTA DE APURIMAC,681
030304,Apurímac,Andahuaylas,Huancarama,MOVIMIENTO REGIONAL HATARIY APURIMAC,315
030304,Apurímac,Andahuaylas,Huancarama,PARTIDO FRENTE DE LA ESPERANZA 2021,833
030304,Apurímac,Andahuaylas,Huancarama,ALIANZA PARA EL PROGRESO,554
030304,Apurímac,Andahuaylas,Huancarama,PARTIDO DEMOCRATICO SOMOS PERU,696
030305,Apurímac,Andahuaylas,Huancaray,MOVIMIENTO REGIONAL HATARIY APURIMAC,549
030305,Apurímac,Andahuaylas,Huancaray,PARTIDO FRENTE DE LA ESPERANZA 2021,315
030305,Apurímac,Andahuaylas,Huancaray,PARTIDO POLITICO NACIONAL PERU LIBRE,362
030305,Apurímac,Andahuaylas,Huancaray,PARTIDO DEMOCRATICO SOMOS PERU,983
030306,Apurímac,Andahuaylas,Kishuara,MOVIMIENTO REGIONAL HATARIY APURIMAC,675
030306,Apurímac,Andahuaylas,Kishuara,PARTIDO FRENTE DE LA ESPERANZA 2021,1309
030306,Apurímac,Andahuaylas,Kishuara,ALIANZA PARA EL PROGRESO,447
030306,Apurímac,Andahuaylas,Kishuara,PARTIDO POLITICO NACIONAL PERU LIBRE,1143
030306,Apurímac,Andahuaylas,Kishuara,PARTIDO DEMOCRATICO SOMOS PERU,533
030307,Apurímac,Andahuaylas,Pacobamba,PROGRESISTA DE APURIMAC,256
030307,Apurímac,Andahuaylas,Pacobamba,MOVIMIENTO REGIONAL HATARIY APURIMAC,335
030307,Apurímac,Andahuaylas,Pacobamba,PARTIDO FRENTE DE LA ESPERANZA 2021,541
030307,Apurímac,Andahuaylas,Pacobamba,ACCION POPULAR,432
030307,Apurímac,Andahuaylas,Pacobamba,ALIANZA PARA EL PROGRESO,496
030307,Apurímac,Andahuaylas,Pacobamba,PARTIDO POLITICO NACIONAL PERU LIBRE,55
030307,Apurímac,Andahuaylas,Pacobamba,PARTIDO DEMOCRATICO SOMOS PERU,664
030308,Apurímac,Andahuaylas,Pampachiri,MOVIMIENTO REGIONAL HATARIY APURIMAC,411
030308,Apurímac,Andahuaylas,Pampachiri,PARTIDO FRENTE DE LA ESPERANZA 2021,515
030308,Apurímac,Andahuaylas,Pampachiri,ALIANZA PARA EL PROGRESO,114
030308,Apurímac,Andahuaylas,Pampachiri,PARTIDO POLITICO NACIONAL PERU LIBRE,34
030308,Apurímac,Andahuaylas,Pampachiri,PARTIDO DEMOCRATICO SOMOS PERU,81
030309,Apurímac,Andahuaylas,San Antonio de Cachi,MOVIMIENTO REGIONAL HATARIY APURIMAC,265
030309,Apurímac,Andahuaylas,San Antonio de Cachi,PARTIDO FRENTE DE LA ESPERANZA 2021,929
030309,Apurímac,Andahuaylas,San Antonio de Cachi,PARTIDO DEMOCRATICO SOMOS PERU,521
030310,Apurímac,Andahuaylas,San Jerónimo,MOVIMIENTO REGIONAL HATARIY APURIMAC,2806
030310,Apurímac,Andahuaylas,San Jerónimo,PARTIDO FRENTE DE LA ESPERANZA 2021,3741
030310,Apurímac,Andahuaylas,San Jerónimo,ACCION POPULAR,177
030310,Apurímac,Andahuaylas,San Jerónimo,ALIANZA PARA EL PROGRESO,379
030310,Apurímac,Andahuaylas,San Jerónimo,PARTIDO POLITICO NACIONAL PERU LIBRE,398
030310,Apurímac,Andahuaylas,San Jerónimo,PARTIDO DEMOCRATICO SOMOS PERU,3543
030311,Apurímac,Andahuaylas,Talavera,MOVIMIENTO REGIONAL HATARIY APURIMAC,4221
030311,Apurímac,Andahuaylas,Talavera,PARTIDO FRENTE DE LA ESPERANZA 2021,4567
030311,Apurímac,Andahuaylas,Talavera,PARTIDO DEMOCRATICO SOMOS PERU,671
030312,Apurímac,Andahuaylas,Turpo,MOVIMIENTO REGIONAL HATARIY APURIMAC,1154
030312,Apurímac,Andahuaylas,Turpo,PARTIDO FRENTE DE LA ESPERANZA 2021,477
030312,Apurímac,Andahuaylas,Turpo,PARTIDO DEMOCRATICO SOMOS PERU,792
030313,Apurímac,Andahuaylas,Pacucha,PARTIDO FRENTE DE LA ESPERANZA 2021,2417
030313,Apurímac,Andahuaylas,Pacucha,ALIANZA PARA EL PROGRESO,2410
030313,Apurímac,Andahuaylas,Pacucha,PARTIDO POLITICO NACIONAL PERU LIBRE,154
030314,Apurímac,Andahuaylas,Pomacocha,PARTIDO FRENTE DE LA ESPERANZA 2021,306
030314,Apurímac,Andahuaylas,Pomacocha,ALIANZA PARA EL PROGRESO,217
030315,Apurímac,Andahuaylas,Santa María de Chicmo,PARTIDO FRENTE DE LA ESPERANZA 2021,2975
030315,Apurímac,Andahuaylas,Santa María de Chicmo,PARTIDO DEMOCRATICO SOMOS PERU,1902
030316,Apurímac,Andahuaylas,Tumay Huaraca,MOVIMIENTO REGIONAL HATARIY APURIMAC,426
030316,Apurímac,Andahuaylas,Tumay Huaraca,PARTIDO FRENTE DE LA ESPERANZA 2021,67
030316,Apurímac,Andahuaylas,Tumay Huaraca,PARTIDO POLITICO NACIONAL PERU LIBRE,8
030316,Apurímac,Andahuaylas,Tumay Huaraca,PARTIDO DEMOCRATICO SOMOS PERU,513
030317,Apurímac,Andahuaylas,Huayana,MOVIMIENTO REGIONAL HATARIY APURIMAC,55
030317,Apurímac,Andahuaylas,Huayana,PARTIDO FRENTE DE LA ESPERANZA 2021,231
030317,Apurímac,Andahuaylas,Huayana,ACCION POPULAR,96
030317,Apurímac,Andahuaylas,Huayana,ALIANZA PARA EL PROGRESO,113
030317,Apurímac,Andahuaylas,Huayana,PARTIDO DEMOCRATICO SOMOS PERU,39
030318,Apurímac,Andahuaylas,San Miguel de Chaccrampa,MOVIMIENTO REGIONAL HATARIY APURIMAC,129
030318,Apurímac,Andahuaylas,San Miguel de Chaccrampa,PARTIDO FRENTE DE LA ESPERANZA 2021,375
030318,Apurímac,Andahuaylas,San Miguel de Chaccrampa,ALIANZA PARA EL PROGRESO,340
030318,Apurímac,Andahuaylas,San Miguel de Chaccrampa,PARTIDO POLITICO NACIONAL PERU LIBRE,83
030318,Apurímac,Andahuaylas,San Miguel de Chaccrampa,PARTIDO DEMOCRATICO SOMOS PERU,267
030319,Apurímac,Andahuaylas,Kaquiabamba,MOVIMIENTO REGIONAL HATARIY APURIMAC,52
030319,Apurímac,Andahuaylas,Kaquiabamba,PARTIDO FRENTE DE LA ESPERANZA 2021,429
030319,Apurímac,Andahuaylas,Kaquiabamba,PARTIDO POLITICO NACIONAL PERU LIBRE,485
030319,Apurímac,Andahuaylas,Kaquiabamba,PARTIDO DEMOCRATICO SOMOS PERU,445
030320,Apurímac,Andahuaylas,José María Arguedas,MOVIMIENTO REGIONAL HATARIY APURIMAC,1520
030320,Apurímac,Andahuaylas,José María Arguedas,PARTIDO FRENTE DE LA ESPERANZA 2021,726
030402,Apurímac,Antabamba,El Oro,PROGRESISTA DE APURIMAC,103
030402,Apurímac,Antabamba,El Oro,MOVIMIENTO REGIONAL HATARIY APURIMAC,23
030402,Apurímac,Antabamba,El Oro,PARTIDO POLITICO NACIONAL PERU LIBRE,147
030402,Apurímac,Antabamba,El Oro,PARTIDO DEMOCRATICO SOMOS PERU,130
030403,Apurímac,Antabamba,Huaquirca,MOVIMIENTO REGIONAL HATARIY APURIMAC,242
030403,Apurímac,Antabamba,Huaquirca,ACCION POPULAR,352
030403,Apurímac,Antabamba,Huaquirca,PARTIDO DEMOCRATICO SOMOS PERU,318
030404,Apurímac,Antabamba,Juan Espinoza Medrano,PROGRESISTA DE APURIMAC,124
030404,Apurímac,Antabamba,Juan Espinoza Medrano,ACCION POPULAR,462
030404,Apurímac,Antabamba,Juan Espinoza Medrano,PARTIDO DEMOCRATICO SOMOS PERU,462
030405,Apurímac,Antabamba,Oropesa,PROGRESISTA DE APURIMAC,57
030405,Apurímac,Antabamba,Oropesa,MOVIMIENTO REGIONAL HATARIY APURIMAC,422
030405,Apurímac,Antabamba,Oropesa,ACCION POPULAR,38
030405,Apurímac,Antabamba,Oropesa,PARTIDO POLITICO NACIONAL PERU LIBRE,488
030405,Apurímac,Antabamba,Oropesa,PARTIDO DEMOCRATICO SOMOS PERU,31
030406,Apurímac,Antabamba,Pachaconas,PROGRESISTA DE APURIMAC,69
030406,Apurímac,Antabamba,Pachaconas,MOVIMIENTO REGIONAL HATARIY APURIMAC,211
030406,Apurímac,Antabamba,Pachaconas,ACCION POPULAR,124
030406,Apurímac,Antabamba,Pachaconas,ALIANZA PARA EL PROGRESO,177
030406,Apurímac,Antabamba,Pachaconas,PARTIDO DEMOCRATICO SOMOS PERU,205
030407,Apurímac,Antabamba,Sabaino,MOVIMIENTO REGIONAL HATARIY APURIMAC,251
030407,Apurímac,Antabamba,Sabaino,ACCION POPULAR,441
030407,Apurímac,Antabamba,Sabaino,PARTIDO DEMOCRATICO SOMOS PERU,13
030502,Apurímac,Cotabambas,Coyllurqui,PROGRESISTA DE APURIMAC,29
030502,Apurímac,Cotabambas,Coyllurqui,MOVIMIENTO REGIONAL HATARIY APURIMAC,1420
030502,Apurímac,Cotabambas,Coyllurqui,PARTIDO FRENTE DE LA ESPERANZA 2021,443
030502,Apurímac,Cotabambas,Coyllurqui,ACCION POPULAR,289
030502,Apurímac,Cotabambas,Coyllurqui,ALIANZA PARA EL PROGRESO,67
030502,Apurímac,Cotabambas,Coyllurqui,PARTIDO POLITICO NACIONAL PERU LIBRE,1557
030502,Apurímac,Cotabambas,Coyllurqui,PARTIDO DEMOCRATICO SOMOS PERU,9
030503,Apurímac,Cotabambas,Cotabambas,MOVIMIENTO REGIONAL HATARIY APURIMAC,215
030503,Apurímac,Cotabambas,Cotabambas,PARTIDO FRENTE DE LA ESPERANZA 2021,133
030503,Apurímac,Cotabambas,Cotabambas,ACCION POPULAR,552
030503,Apurímac,Cotabambas,Cotabambas,ALIANZA PARA EL PROGRESO,802
030503,Apurímac,Cotabambas,Cotabambas,PARTIDO POLITICO NACIONAL PERU LIBRE,634
030503,Apurímac,Cotabambas,Cotabambas,PARTIDO DEMOCRATICO SOMOS PERU,7
030504,Apurímac,Cotabambas,Haquira,MOVIMIENTO REGIONAL HATARIY APURIMAC,132
030504,Apurímac,Cotabambas,Haquira,PARTIDO FRENTE DE LA ESPERANZA 2021,180
030504,Apurímac,Cotabambas,Haquira,ACCION POPULAR,2143
030504,Apurímac,Cotabambas,Haquira,ALIANZA PARA EL PROGRESO,627
030504,Apurímac,Cotabambas,Haquira,PARTIDO DEMOCRATICO SOMOS PERU,1610
030505,Apurímac,Cotabambas,Mara,MOVIMIENTO REGIONAL HATARIY APURIMAC,1072
030505,Apurímac,Cotabambas,Mara,PARTIDO FRENTE DE LA ESPERANZA 2021,259
030505,Apurímac,Cotabambas,Mara,ACCION POPULAR,664
030505,Apurímac,Cotabambas,Mara,ALIANZA PARA EL PROGRESO,18
030505,Apurímac,Cotabambas,Mara,PARTIDO POLITICO NACIONAL PERU LIBRE,1071
030505,Apurímac,Cotabambas,Mara,PARTIDO DEMOCRATICO SOMOS PERU,4
030506,Apurímac,Cotabambas,Challhuahuacho,MOVIMIENTO REGIONAL HATARIY APURIMAC,1617
030506,Apurímac,Cotabambas,Challhuahuacho,ALIANZA PARA EL PROGRESO,1299
030506,Apurímac,Cotabambas,Challhuahuacho,PARTIDO POLITICO NACIONAL PERU LIBRE,2708
030602,Apurímac,Grau,Curpahuasi,MOVIMIENTO REGIONAL HATARIY APURIMAC,311
030602,Apurímac,Grau,Curpahuasi,ALIANZA PARA EL PROGRESO,254
030602,Apurímac,Grau,Curpahuasi,PARTIDO POLITICO NACIONAL PERU LIBRE,274
030602,Apurímac,Grau,Curpahuasi,PARTIDO DEMOCRATICO SOMOS PERU,482
030603,Apurímac,Grau,Huayllati,MOVIMIENTO REGIONAL HATARIY APURIMAC,385
030603,Apurímac,Grau,Huayllati,PARTIDO DEMOCRATICO SOMOS PERU,266
030604,Apurímac,Grau,Mamara,MOVIMIENTO REGIONAL HATARIY APURIMAC,308
030604,Apurímac,Grau,Mamara,PARTIDO POLITICO NACIONAL PERU LIBRE,112
030604,Apurímac,Grau,Mamara,PARTIDO DEMOCRATICO SOMOS PERU,83
030605,Apurímac,Grau,Gamarra,PROGRESISTA DE APURIMAC,393
030605,Apurímac,Grau,Gamarra,MOVIMIENTO REGIONAL HATARIY APURIMAC,600
030605,Apurímac,Grau,Gamarra,PARTIDO FRENTE DE LA ESPERANZA 2021,294
030605,Apurímac,Grau,Gamarra,ALIANZA PARA EL PROGRESO,66
030605,Apurímac,Grau,Gamarra,PARTIDO DEMOCRATICO SOMOS PERU,540
030606,Apurímac,Grau,Micaela Bastidas,MOVIMIENTO REGIONAL HATARIY APURIMAC,238
030606,Apurímac,Grau,Micaela Bastidas,PARTIDO FRENTE DE LA ESPERANZA 2021,55
030606,Apurímac,Grau,Micaela Bastidas,PARTIDO DEMOCRATICO SOMOS PERU,333
030607,Apurímac,Grau,Progreso,MOVIMIENTO REGIONAL HATARIY APURIMAC,422
030607,Apurímac,Grau,Progreso,PARTIDO FRENTE DE LA ESPERANZA 2021,19
030607,Apurímac,Grau,Progreso,PARTIDO POLITICO NACIONAL PERU LIBRE,434
030607,Apurímac,Grau,Progreso,PARTIDO DEMOCRATICO SOMOS PERU,859
030608,Apurímac,Grau,Pataypampa,MOVIMIENTO REGIONAL HATARIY APURIMAC,287
030608,Apurímac,Grau,Pataypampa,PARTIDO FRENTE DE LA ESPERANZA 2021,81
030608,Apurímac,Grau,Pataypampa,PARTIDO POLITICO NACIONAL PERU LIBRE,10
030608,Apurímac,Grau,Pataypampa,PARTIDO DEMOCRATICO SOMOS PERU,264
030609,Apurímac,Grau,San Antonio,MOVIMIENTO REGIONAL HATARIY APURIMAC,63
030609,Apurímac,Grau,San Antonio,PARTIDO FRENTE DE LA ESPERANZA 2021,33
030609,Apurímac,Grau,San Antonio,PARTIDO DEMOCRATICO SOMOS PERU,169
030610,Apurímac,Grau,Turpay,MOVIMIENTO REGIONAL HATARIY APURIMAC,167
030610,Apurímac,Grau,Turpay,PARTIDO DEMOCRATICO SOMOS PERU,206
030611,Apurímac,Grau,Vilcabamba,MOVIMIENTO REGIONAL HATARIY APURIMAC,322
030611,Apurímac,Grau,Vilcabamba,PARTIDO DEMOCRATICO SOMOS PERU,307
030612,Apurímac,Grau,Virundo,MOVIMIENTO REGIONAL HATARIY APURIMAC,202
030612,Apurímac,Grau,Virundo,PARTIDO FRENTE DE LA ESPERANZA 2021,26
030612,Apurímac,Grau,Virundo,ALIANZA PARA EL PROGRESO,159
030612,Apurímac,Grau,Virundo,PARTIDO DEMOCRATICO SOMOS PERU,153
030613,Apurímac,Grau,Santa Rosa,MOVIMIENTO REGIONAL HATARIY APURIMAC,150
030614,Apurímac,Grau,Curasco,MOVIMIENTO REGIONAL HATARIY APURIMAC,563
030614,Apurímac,Grau,Curasco,PARTIDO DEMOCRATICO SOMOS PERU,96
030702,Apurímac,Chincheros,Ongoy,MOVIMIENTO REGIONAL HATARIY APURIMAC,184
030702,Apurímac,Chincheros,Ongoy,PARTIDO FRENTE DE LA ESPERANZA 2021,726
030702,Apurímac,Chincheros,Ongoy,ALIANZA PARA EL PROGRESO,449
030702,Apurímac,Chincheros,Ongoy,PARTIDO POLITICO NACIONAL PERU LIBRE,21
030703,Apurímac,Chincheros,Ocobamba,MOVIMIENTO REGIONAL HATARIY APURIMAC,106
030703,Apurímac,Chincheros,Ocobamba,PARTIDO FRENTE DE LA ESPERANZA 2021,1595
030703,Apurímac,Chincheros,Ocobamba,ALIANZA PARA EL PROGRESO,644
030703,Apurímac,Chincheros,Ocobamba,PARTIDO DEMOCRATICO SOMOS PERU,1491
030704,Apurímac,Chincheros,Cocharcas,MOVIMIENTO REGIONAL HATARIY APURIMAC,3
030704,Apurímac,Chincheros,Cocharcas,PARTIDO FRENTE DE LA ESPERANZA 2021,361
030704,Apurímac,Chincheros,Cocharcas,ALIANZA PARA EL PROGRESO,318
030704,Apurímac,Chincheros,Cocharcas,PARTIDO POLITICO NACIONAL PERU LIBRE,512
030704,Apurímac,Chincheros,Cocharcas,PARTIDO DEMOCRATICO SOMOS PERU,26
030705,Apurímac,Chincheros,Anco-Huallo,PROGRESISTA DE APURIMAC,241
030705,Apurímac,Chincheros,Anco-Huallo,MOVIMIENTO REGIONAL HATARIY APURIMAC,347
030705,Apurímac,Chincheros,Anco-Huallo,PARTIDO FRENTE DE LA ESPERANZA 2021,1117
030705,Apurímac,Chincheros,Anco-Huallo,PODEMOS PERU,914
030705,Apurímac,Chincheros,Anco-Huallo,ALIANZA PARA EL PROGRESO,1324
030705,Apurímac,Chincheros,Anco-Huallo,PARTIDO POLITICO NACIONAL PERU LIBRE,31
030705,Apurímac,Chincheros,Anco-Huallo,PARTIDO DEMOCRATICO SOMOS PERU,1726
030706,Apurímac,Chincheros,Huaccana,PROGRESISTA DE APURIMAC,9
030706,Apurímac,Chincheros,Huaccana,MOVIMIENTO REGIONAL HATARIY APURIMAC,23
030706,Apurímac,Chincheros,Huaccana,PARTIDO FRENTE DE LA ESPERANZA 2021,1849
030706,Apurímac,Chincheros,Huaccana,ALIANZA PARA EL PROGRESO,1174
030706,Apurímac,Chincheros,Huaccana,PARTIDO DEMOCRATICO SOMOS PERU,200
030707,Apurímac,Chincheros,Uranmarca,PROGRESISTA DE APURIMAC,105
030707,Apurímac,Chincheros,Uranmarca,PARTIDO FRENTE DE LA ESPERANZA 2021,852
030707,Apurímac,Chincheros,Uranmarca,ALIANZA PARA EL PROGRESO,329
030707,Apurímac,Chincheros,Uranmarca,PARTIDO POLITICO NACIONAL PERU LIBRE,254
030707,Apurímac,Chincheros,Uranmarca,PARTIDO DEMOCRATICO SOMOS PERU,104
030708,Apurímac,Chincheros,Ranracancha,MOVIMIENTO REGIONAL HATARIY APURIMAC,797
030708,Apurímac,Chincheros,Ranracancha,PARTIDO FRENTE DE LA ESPERANZA 2021,579
030708,Apurímac,Chincheros,Ranracancha,PARTIDO POLITICO NACIONAL PERU LIBRE,745
030709,Apurímac,Chincheros,Rocchacc,MOVIMIENTO REGIONAL HATARIY APURIMAC,28
030709,Apurímac,Chincheros,Rocchacc,PARTIDO FRENTE DE LA ESPERANZA 2021,640
030709,Apurímac,Chincheros,Rocchacc,ALIANZA PARA EL PROGRESO,202
030709,Apurímac,Chincheros,Rocchacc,PARTIDO DEMOCRATICO SOMOS PERU,648
030710,Apurímac,Chincheros,El Porvenir,MOVIMIENTO REGIONAL HATARIY APURIMAC,214
030710,Apurímac,Chincheros,El Porvenir,PARTIDO FRENTE DE LA ESPERANZA 2021,374
030710,Apurímac,Chincheros,El Porvenir,ALIANZA PARA EL PROGRESO,29
030710,Apurímac,Chincheros,El Porvenir,PARTIDO DEMOCRATICO SOMOS PERU,378
030711,Apurímac,Chincheros,Los Chankas,MOVIMIENTO REGIONAL HATARIY APURIMAC,19
030711,Apurímac,Chincheros,Los Chankas,PARTIDO FRENTE DE LA ESPERANZA 2021,240
030711,Apurímac,Chincheros,Los Chankas,ALIANZA PARA EL PROGRESO,427
030711,Apurímac,Chincheros,Los Chankas,PARTIDO POLITICO NACIONAL PERU LIBRE,188
030711,Apurímac,Chincheros,Los Chankas,PARTIDO DEMOCRATICO SOMOS PERU,19
040102,Arequipa,Arequipa,Cayma,YO AREQUIPA,3226
040102,Arequipa,Arequipa,Cayma,MOVIMIENTO REGIONAL REVALORA,1353
040102,Arequipa,Arequipa,Cayma,AREQUIPA - UNIDOS POR EL GRAN CAMBIO,1450
040102,Arequipa,Arequipa,Cayma,FUERZA AREQUIPEÑA,9731
040102,Arequipa,Arequipa,Cayma,JUNTOS POR EL DESARROLLO DE AREQUIPA,8932
040102,Arequipa,Arequipa,Cayma,MOVIMIENTO REGIONAL AREQUIPA AVANCEMOS,12042
040102,Arequipa,Arequipa,Cayma,"AREQUIPA, TRADICION Y FUTURO",4871
040102,Arequipa,Arequipa,Cayma,AREQUIPA TRANSFORMACION,4795
040102,Arequipa,Arequipa,Cayma,PARTIDO FRENTE DE LA ESPERANZA 2021,591
040102,Arequipa,Arequipa,Cayma,JUNTOS POR EL PERU,830
040102,Arequipa,Arequipa,Cayma,FUERZA POPULAR,657
040102,Arequipa,Arequipa,Cayma,ALIANZA PARA EL PROGRESO,1811
040102,Arequipa,Arequipa,Cayma,AVANZA PAIS - PARTIDO DE INTEGRACION SOCIAL,2828
040102,Arequipa,Arequipa,Cayma,PARTIDO DEMOCRATICO SOMOS PERU,700
040103,Arequipa,Arequipa,Cerro Colorado,YO AREQUIPA,7603
040103,Arequipa,Arequipa,Cerro Colorado,MOVIMIENTO REGIONAL REVALORA,1326
040103,Arequipa,Arequipa,Cerro Colorado,AREQUIPA RENACE,2267
040103,Arequipa,Arequipa,Cerro Colorado,FUERZA AREQUIPEÑA,3298
040103,Arequipa,Arequipa,Cerro Colorado,JUNTOS POR EL DESARROLLO DE AREQUIPA,25365
040103,Arequipa,Arequipa,Cerro Colorado,MOVIMIENTO REGIONAL AREQUIPA AVANCEMOS,12369
040103,Arequipa,Arequipa,Cerro Colorado,"AREQUIPA, TRADICION Y FUTURO",27310
040103,Arequipa,Arequipa,Cerro Colorado,AREQUIPA TRANSFORMACION,5537
040103,Arequipa,Arequipa,Cerro Colorado,JUNTOS POR EL PERU,1399
040103,Arequipa,Arequipa,Cerro Colorado,ALIANZA PARA EL PROGRESO,4230
040103,Arequipa,Arequipa,Cerro Colorado,PARTIDO POLITICO NACIONAL PERU LIBRE,3748
040103,Arequipa,Arequipa,Cerro Colorado,PARTIDO DEMOCRATICO SOMOS PERU,789
040104,Arequipa,Arequipa,Characato,YO AREQUIPA,606
040104,Arequipa,Arequipa,Characato,AREQUIPA RENACE,2940
040104,Arequipa,Arequipa,Characato,FUERZA AREQUIPEÑA,427
040104,Arequipa,Arequipa,Characato,JUNTOS POR EL DESARROLLO DE AREQUIPA,512
040104,Arequipa,Arequipa,Characato,MOVIMIENTO REGIONAL AREQUIPA AVANCEMOS,1082
040104,Arequipa,Arequipa,Characato,"AREQUIPA, TRADICION Y FUTURO",797
040104,Arequipa,Arequipa,Characato,PARTIDO POLITICO NACIONAL PERU LIBRE,69
040105,Arequipa,Arequipa,Chiguata,MOVIMIENTO REGIONAL REVALORA,144
040105,Arequipa,Arequipa,Chiguata,FUERZA AREQUIPEÑA,171
040105,Arequipa,Arequipa,Chiguata,JUNTOS POR EL DESARROLLO DE AREQUIPA,247
040105,Arequipa,Arequipa,Chiguata,MOVIMIENTO REGIONAL AREQUIPA AVANCEMOS,260
040105,Arequipa,Arequipa,Chiguata,"AREQUIPA, TRADICION Y FUTURO",920
040105,Arequipa,Arequipa,Chiguata,PARTIDO FRENTE DE LA ESPERANZA 2021,258
040105,Arequipa,Arequipa,Chiguata,JUNTOS POR EL PERU,275
040105,Arequipa,Arequipa,Chiguata,ALIANZA PARA EL PROGRESO,331
040106,Arequipa,Arequipa,La Joya,YO AREQUIPA,435
040106,Arequipa,Arequipa,La Joya,MOVIMIENTO REGIONAL REVALORA,191
040106,Arequipa,Arequipa,La Joya,AREQUIPA RENACE,109
040106,Arequipa,Arequipa,La Joya,AREQUIPA - UNIDOS POR EL GRAN CAMBIO,55
040106,Arequipa,Arequipa,La Joya,FUERZA AREQUIPEÑA,324
040106,Arequipa,Arequipa,La Joya,JUNTOS POR EL DESARROLLO DE AREQUIPA,3138
040106,Arequipa,Arequipa,La Joya,MOVIMIENTO REGIONAL AREQUIPA AVANCEMOS,5914
040106,Arequipa,Arequipa,La Joya,"AREQUIPA, TRADICION Y FUTURO",117
040106,Arequipa,Arequipa,La Joya,AREQUIPA TRANSFORMACION,4180
040106,Arequipa,Arequipa,La Joya,ACCION POPULAR,445
040106,Arequipa,Arequipa,La Joya,RENOVACION POPULAR,306
040106,Arequipa,Arequipa,La Joya,ALIANZA PARA EL PROGRESO,1552
040106,Arequipa,Arequipa,La Joya,PARTIDO POLITICO NACIONAL PERU LIBRE,637
040107,Arequipa,Arequipa,Miraflores,YO AREQUIPA,2756
040107,Arequipa,Arequipa,Miraflores,MOVIMIENTO REGIONAL REVALORA,966
040107,Arequipa,Arequipa,Miraflores,AREQUIPA RENACE,276
040107,Arequipa,Arequipa,Miraflores,AREQUIPA - UNIDOS POR EL GRAN CAMBIO,486
040107,Arequipa,Arequipa,Miraflores,FUERZA AREQUIPEÑA,1836
040107,Arequipa,Arequipa,Miraflores,JUNTOS POR EL DESARROLLO DE AREQUIPA,5604
040107,Arequipa,Arequipa,Miraflores,MOVIMIENTO REGIONAL AREQUIPA AVANCEMOS,3206
040107,Arequipa,Arequipa,Miraflores,"AREQUIPA, TRADICION Y FUTURO",6728
040107,Arequipa,Arequipa,Miraflores,JUNTOS POR EL PERU,1572
040107,Arequipa,Arequipa,Miraflores,ACCION POPULAR,4819
040107,Arequipa,Arequipa,Miraflores,PODEMOS PERU,128
040107,Arequipa,Arequipa,Miraflores,ALIANZA PARA EL PROGRESO,4104
040107,Arequipa,Arequipa,Miraflores,AVANZA PAIS - PARTIDO DE INTEGRACION SOCIAL,1709
040107,Arequipa,Arequipa,Miraflores,PARTIDO POLITICO NACIONAL PERU LIBRE,669
040107,Arequipa,Arequipa,Miraflores,PARTIDO DEMOCRATICO SOMOS PERU,595
040108,Arequipa,Arequipa,Mollebaya,YO AREQUIPA,115
040108,Arequipa,Arequipa,Mollebaya,MOVIMIENTO REGIONAL REVALORA,98
040108,Arequipa,Arequipa,Mollebaya,AREQUIPA RENACE,445
040108,Arequipa,Arequipa,Mollebaya,FUERZA AREQUIPEÑA,27
040108,Arequipa,Arequipa,Mollebaya,JUNTOS POR EL DESARROLLO DE AREQUIPA,294
040108,Arequipa,Arequipa,Mollebaya,MOVIMIENTO REGIONAL AREQUIPA AVANCEMOS,298
040108,Arequipa,Arequipa,Mollebaya,"AREQUIPA, TRADICION Y FUTURO",75
040108,Arequipa,Arequipa,Mollebaya,AREQUIPA TRANSFORMACION,231
040108,Arequipa,Arequipa,Mollebaya,JUNTOS POR EL PERU,13
040108,Arequipa,Arequipa,Mollebaya,ALIANZA PARA EL PROGRESO,86
040108,Arequipa,Arequipa,Mollebaya,PARTIDO POLITICO NACIONAL PERU LIBRE,403
040109,Arequipa,Arequipa,Paucarpata,YO AREQUIPA,15832
040109,Arequipa,Arequipa,Paucarpata,MOVIMIENTO REGIONAL REVALORA,2322
040109,Arequipa,Arequipa,Paucarpata,AREQUIPA - UNIDOS POR EL GRAN CAMBIO,13432
040109,Arequipa,Arequipa,Paucarpata,FUERZA AREQUIPEÑA,2296
040109,Arequipa,Arequipa,Paucarpata,JUNTOS POR EL DESARROLLO DE AREQUIPA,8408
040109,Arequipa,Arequipa,Paucarpata,MOVIMIENTO REGIONAL AREQUIPA AVANCEMOS,9794
040109,Arequipa,Arequipa,Paucarpata,"AREQUIPA, TRADICION Y FUTURO",16036
040109,Arequipa,Arequipa,Paucarpata,JUNTOS POR EL PERU,2395
040109,Arequipa,Arequipa,Paucarpata,PODEMOS PERU,1838
040109,Arequipa,Arequipa,Paucarpata,RENOVACION POPULAR,827
040109,Arequipa,Arequipa,Paucarpata,ALIANZA PARA EL PROGRESO,1324
040109,Arequipa,Arequipa,Paucarpata,AVANZA PAIS - PARTIDO DE INTEGRACION SOCIAL,1488
040109,Arequipa,Arequipa,Paucarpata,PARTIDO MORADO,1134
040109,Arequipa,Arequipa,Paucarpata,PARTIDO POLITICO NACIONAL PERU LIBRE,2204
040109,Arequipa,Arequipa,Paucarpata,PARTIDO DEMOCRATICO SOMOS PERU,594
040110,Arequipa,Arequipa,Pocsi,YO AREQUIPA,26
040110,Arequipa,Arequipa,Pocsi,FUERZA AREQUIPEÑA,35
040110,Arequipa,Arequipa,Pocsi,JUNTOS POR EL DESARROLLO DE AREQUIPA,263
040110,Arequipa,Arequipa,Pocsi,MOVIMIENTO REGIONAL AREQUIPA AVANCEMOS,102
040110,Arequipa,Arequipa,Pocsi,"AREQUIPA, TRADICION Y FUTURO",102
040110,Arequipa,Arequipa,Pocsi,ALIANZA PARA EL PROGRESO,214
040111,Arequipa,Arequipa,Polobaya,YO AREQUIPA,25
040111,Arequipa,Arequipa,Polobaya,AREQUIPA RENACE,35
040111,Arequipa,Arequipa,Polobaya,FUERZA AREQUIPEÑA,164
040111,Arequipa,Arequipa,Polobaya,JUNTOS POR EL DESARROLLO DE AREQUIPA,80
040111,Arequipa,Arequipa,Polobaya,MOVIMIENTO REGIONAL AREQUIPA AVANCEMOS,210
040111,Arequipa,Arequipa,Polobaya,"AREQUIPA, TRADICION Y FUTURO",266
040111,Arequipa,Arequipa,Polobaya,JUNTOS POR EL PERU,36
040111,Arequipa,Arequipa,Polobaya,ALIANZA PARA EL PROGRESO,90
040112,Arequipa,Arequipa,Quequeña,YO AREQUIPA,339
040112,Arequipa,Arequipa,Quequeña,AREQUIPA RENACE,37
040112,Arequipa,Arequipa,Quequeña,FUERZA AREQUIPEÑA,449
040112,Arequipa,Arequipa,Quequeña,JUNTOS POR EL DESARROLLO DE AREQUIPA,316
040112,Arequipa,Arequipa,Quequeña,MOVIMIENTO REGIONAL AREQUIPA AVANCEMOS,240
040112,Arequipa,Arequipa,Quequeña,PARTIDO FRENTE DE LA ESPERANZA 2021,113
040112,Arequipa,Arequipa,Quequeña,JUNTOS POR EL PERU,60
040112,Arequipa,Arequipa,Quequeña,AVANZA PAIS - PARTIDO DE INTEGRACION SOCIAL,23
040113,Arequipa,Arequipa,Sabandia,YO AREQUIPA,113
040113,Arequipa,Arequipa,Sabandia,AREQUIPA RENACE,241
040113,Arequipa,Arequipa,Sabandia,JUNTOS POR EL DESARROLLO DE AREQUIPA,869
040113,Arequipa,Arequipa,Sabandia,MOVIMIENTO REGIONAL AREQUIPA AVANCEMOS,1064
040113,Arequipa,Arequipa,Sabandia,"AREQUIPA, TRADICION Y FUTURO",737
040114,Arequipa,Arequipa,Sachaca,YO AREQUIPA,775
040114,Arequipa,Arequipa,Sachaca,MOVIMIENTO REGIONAL REVALORA,321
040114,Arequipa,Arequipa,Sachaca,FUERZA AREQUIPEÑA,3509
040114,Arequipa,Arequipa,Sachaca,JUNTOS POR EL DESARROLLO DE AREQUIPA,2122
040114,Arequipa,Arequipa,Sachaca,MOVIMIENTO REGIONAL AREQUIPA AVANCEMOS,5235
040114,Arequipa,Arequipa,Sachaca,"AREQUIPA, TRADICION Y FUTURO",2320
040114,Arequipa,Arequipa,Sachaca,AREQUIPA TRANSFORMACION,2243
040114,Arequipa,Arequipa,Sachaca,PARTIDO FRENTE DE LA ESPERANZA 2021,156
040114,Arequipa,Arequipa,Sachaca,RENOVACION POPULAR,191
040114,Arequipa,Arequipa,Sachaca,ALIANZA PARA EL PROGRESO,643
040114,Arequipa,Arequipa,Sachaca,AVANZA PAIS - PARTIDO DE INTEGRACION SOCIAL,184
040114,Arequipa,Arequipa,Sachaca,PARTIDO POLITICO NACIONAL PERU LIBRE,352
040115,Arequipa,Arequipa,San Juan de Siguas,YO AREQUIPA,78
040115,Arequipa,Arequipa,San Juan de Siguas,FUERZA AREQUIPEÑA,56
040115,Arequipa,Arequipa,San Juan de Siguas,JUNTOS POR EL DESARROLLO DE AREQUIPA,41
040115,Arequipa,Arequipa,San Juan de Siguas,MOVIMIENTO REGIONAL AREQUIPA AVANCEMOS,74
040115,Arequipa,Arequipa,San Juan de Siguas,AREQUIPA TRANSFORMACION,131
040115,Arequipa,Arequipa,San Juan de Siguas,ACCION POPULAR,163
040115,Arequipa,Arequipa,San Juan de Siguas,ALIANZA PARA EL PROGRESO,65
040115,Arequipa,Arequipa,San Juan de Siguas,PARTIDO POLITICO NACIONAL PERU LIBRE,81
040116,Arequipa,Arequipa,San Juan de Tarucani,FUERZA AREQUIPEÑA,25
040116,Arequipa,Arequipa,San Juan de Tarucani,JUNTOS POR EL DESARROLLO DE AREQUIPA,223
040116,Arequipa,Arequipa,San Juan de Tarucani,MOVIMIENTO REGIONAL AREQUIPA AVANCEMOS,269
040116,Arequipa,Arequipa,San Juan de Tarucani,"AREQUIPA, TRADICION Y FUTURO",293
040116,Arequipa,Arequipa,San Juan de Tarucani,JUNTOS POR EL PERU,256
040116,Arequipa,Arequipa,San Juan de Tarucani,RENOVACION POPULAR,112
040117,Arequipa,Arequipa,Santa Isabel de Siguas,YO AREQUIPA,377
040117,Arequipa,Arequipa,Santa Isabel de Siguas,"AREQUIPA, TRADICION Y FUTURO",292
040117,Arequipa,Arequipa,Santa Isabel de Siguas,PARTIDO POLITICO NACIONAL PERU LIBRE,3
040118,Arequipa,Arequipa,Santa Rita de Siguas,FUERZA AREQUIPEÑA,146
040118,Arequipa,Arequipa,Santa Rita de Siguas,MOVIMIENTO REGIONAL AREQUIPA AVANCEMOS,1883
040118,Arequipa,Arequipa,Santa Rita de Siguas,"AREQUIPA, TRADICION Y FUTURO",1178
040118,Arequipa,Arequipa,Santa Rita de Siguas,AREQUIPA TRANSFORMACION,702
040119,Arequipa,Arequipa,Socabaya,YO AREQUIPA,7955
040119,Arequipa,Arequipa,Socabaya,MOVIMIENTO REGIONAL REVALORA,738
040119,Arequipa,Arequipa,Socabaya,AREQUIPA - UNIDOS POR EL GRAN CAMBIO,635
040119,Arequipa,Arequipa,Socabaya,FUERZA AREQUIPEÑA,7210
040119,Arequipa,Arequipa,Socabaya,JUNTOS POR EL DESARROLLO DE AREQUIPA,5992
040119,Arequipa,Arequipa,Socabaya,MOVIMIENTO REGIONAL AREQUIPA AVANCEMOS,9337
040119,Arequipa,Arequipa,Socabaya,"AREQUIPA, TRADICION Y FUTURO",1803
040119,Arequipa,Arequipa,Socabaya,PARTIDO FRENTE DE LA ESPERANZA 2021,1048
040119,Arequipa,Arequipa,Socabaya,ACCION POPULAR,344
040119,Arequipa,Arequipa,Socabaya,ALIANZA PARA EL PROGRESO,686
040119,Arequipa,Arequipa,Socabaya,PARTIDO POLITICO NACIONAL PERU LIBRE,1081
040119,Arequipa,Arequipa,Socabaya,PARTIDO DEMOCRATICO SOMOS PERU,1286
040120,Arequipa,Arequipa,Tiabaya,YO AREQUIPA,3226
040120,Arequipa,Arequipa,Tiabaya,MOVIMIENTO REGIONAL REVALORA,311
040120,Arequipa,Arequipa,Tiabaya,JUNTOS POR EL DESARROLLO DE AREQUIPA,1629
040120,Arequipa,Arequipa,Tiabaya,MOVIMIENTO REGIONAL AREQUIPA AVANCEMOS,2816
040120,Arequipa,Arequipa,Tiabaya,"AREQUIPA, TRADICION Y FUTURO",2562
040120,Arequipa,Arequipa,Tiabaya,ALIANZA PARA EL PROGRESO,626
040120,Arequipa,Arequipa,Tiabaya,PARTIDO POLITICO NACIONAL PERU LIBRE,229
040121,Arequipa,Arequipa,Uchumayo,YO AREQUIPA,1513
040121,Arequipa,Arequipa,Uchumayo,AREQUIPA RENACE,1895
040121,Arequipa,Arequipa,Uchumayo,AREQUIPA - UNIDOS POR EL GRAN CAMBIO,154
040121,Arequipa,Arequipa,Uchumayo,JUNTOS POR EL DESARROLLO DE AREQUIPA,724
040121,Arequipa,Arequipa,Uchumayo,MOVIMIENTO REGIONAL AREQUIPA AVANCEMOS,2960
040121,Arequipa,Arequipa,Uchumayo,"AREQUIPA, TRADICION Y FUTURO",1253
040121,Arequipa,Arequipa,Uchumayo,AREQUIPA TRANSFORMACION,568
040121,Arequipa,Arequipa,Uchumayo,ACCION POPULAR,261
040121,Arequipa,Arequipa,Uchumayo,RENOVACION POPULAR,305
040121,Arequipa,Arequipa,Uchumayo,ALIANZA PARA EL PROGRESO,143
040121,Arequipa,Arequipa,Uchumayo,PARTIDO POLITICO NACIONAL PERU LIBRE,1324
040122,Arequipa,Arequipa,Vítor,YO AREQUIPA,101
040122,Arequipa,Arequipa,Vítor,MOVIMIENTO REGIONAL REVALORA,65
040122,Arequipa,Arequipa,Vítor,JUNTOS POR EL DESARROLLO DE AREQUIPA,65
040122,Arequipa,Arequipa,Vítor,MOVIMIENTO REGIONAL AREQUIPA AVANCEMOS,466
040122,Arequipa,Arequipa,Vítor,AREQUIPA TRANSFORMACION,452
040122,Arequipa,Arequipa,Vítor,ALIANZA PARA EL PROGRESO,254
040122,Arequipa,Arequipa,Vítor,AVANZA PAIS - PARTIDO DE INTEGRACION SOCIAL,10
040122,Arequipa,Arequipa,Vítor,PARTIDO DEMOCRATICO SOMOS PERU,481
040123,Arequipa,Arequipa,Yanahuara,YO AREQUIPA,1506
040123,Arequipa,Arequipa,Yanahuara,MOVIMIENTO REGIONAL REVALORA,137
040123,Arequipa,Arequipa,Yanahuara,AREQUIPA - UNIDOS POR EL GRAN CAMBIO,919
040123,Arequipa,Arequipa,Yanahuara,FUERZA AREQUIPEÑA,483
040123,Arequipa,Arequipa,Yanahuara,JUNTOS POR EL DESARROLLO DE AREQUIPA,3048
040123,Arequipa,Arequipa,Yanahuara,MOVIMIENTO REGIONAL AREQUIPA AVANCEMOS,1860
040123,Arequipa,Arequipa,Yanahuara,"AREQUIPA, TRADICION Y FUTURO",1520
040123,Arequipa,Arequipa,Yanahuara,AREQUIPA TRANSFORMACION,5725
040123,Arequipa,Arequipa,Yanahuara,ACCION POPULAR,938
040123,Arequipa,Arequipa,Yanahuara,ALIANZA PARA EL PROGRESO,431
040123,Arequipa,Arequipa,Yanahuara,PARTIDO MORADO,181
040123,Arequipa,Arequipa,Yanahuara,PARTIDO POLITICO NACIONAL PERU LIBRE,180
040123,Arequipa,Arequipa,Yanahuara,PARTIDO DEMOCRATICO SOMOS PERU,2356
040124,Arequipa,Arequipa,Yarabamba,YO AREQUIPA,625
040124,Arequipa,Arequipa,Yarabamba,MOVIMIENTO REGIONAL REVALORA,25
040124,Arequipa,Arequipa,Yarabamba,JUNTOS POR EL DESARROLLO DE AREQUIPA,862
040124,Arequipa,Arequipa,Yarabamba,MOVIMIENTO REGIONAL AREQUIPA AVANCEMOS,239
040124,Arequipa,Arequipa,Yarabamba,"AREQUIPA, TRADICION Y FUTURO",108
040124,Arequipa,Arequipa,Yarabamba,AVANZA PAIS - PARTIDO DE INTEGRACION SOCIAL,55
040124,Arequipa,Arequipa,Yarabamba,PARTIDO POLITICO NACIONAL PERU LIBRE,68
040124,Arequipa,Arequipa,Yarabamba,PARTIDO DEMOCRATICO SOMOS PERU,158
040125,Arequipa,Arequipa,Yura,YO AREQUIPA,1689
040125,Arequipa,Arequipa,Yura,AREQUIPA RENACE,1617
040125,Arequipa,Arequipa,Yura,FUERZA AREQUIPEÑA,1278
040125,Arequipa,Arequipa,Yura,JUNTOS POR EL DESARROLLO DE AREQUIPA,2094
040125,Arequipa,Arequipa,Yura,MOVIMIENTO REGIONAL AREQUIPA AVANCEMOS,2567
040125,Arequipa,Arequipa,Yura,"AREQUIPA, TRADICION Y FUTURO",5175
040125,Arequipa,Arequipa,Yura,FUERZA POPULAR,56
040125,Arequipa,Arequipa,Yura,RENOVACION POPULAR,129
040125,Arequipa,Arequipa,Yura,PARTIDO MORADO,242
040125,Arequipa,Arequipa,Yura,PARTIDO POLITICO NACIONAL PERU LIBRE,995
040126,Arequipa,Arequipa,Mariano Melgar,YO AREQUIPA,3618
040126,Arequipa,Arequipa,Mariano Melgar,MOVIMIENTO REGIONAL REVALORA,3206
040126,Arequipa,Arequipa,Mariano Melgar,FUERZA AREQUIPEÑA,9577
040126,Arequipa,Arequipa,Mariano Melgar,JUNTOS POR EL DESARROLLO DE AREQUIPA,5557
040126,Arequipa,Arequipa,Mariano Melgar,MOVIMIENTO REGIONAL AREQUIPA AVANCEMOS,2025
040126,Arequipa,Arequipa,Mariano Melgar,"AREQUIPA, TRADICION Y FUTURO",7312
040126,Arequipa,Arequipa,Mariano Melgar,PARTIDO FRENTE DE LA ESPERANZA 2021,520
040126,Arequipa,Arequipa,Mariano Melgar,JUNTOS POR EL PERU,555
040126,Arequipa,Arequipa,Mariano Melgar,ACCION POPULAR,753
040126,Arequipa,Arequipa,Mariano Melgar,PARTIDO MORADO,888
040126,Arequipa,Arequipa,Mariano Melgar,PARTIDO POLITICO NACIONAL PERU LIBRE,1492
040126,Arequipa,Arequipa,Mariano Melgar,PARTIDO DEMOCRATICO SOMOS PERU,977
040127,Arequipa,Arequipa,Jacobo Hunter,YO AREQUIPA,1800
040127,Arequipa,Arequipa,Jacobo Hunter,MOVIMIENTO REGIONAL REVALORA,827
040127,Arequipa,Arequipa,Jacobo Hunter,AREQUIPA RENACE,7374
040127,Arequipa,Arequipa,Jacobo Hunter,FUERZA AREQUIPEÑA,864
040127,Arequipa,Arequipa,Jacobo Hunter,JUNTOS POR EL DESARROLLO DE AREQUIPA,7520
040127,Arequipa,Arequipa,Jacobo Hunter,MOVIMIENTO REGIONAL AREQUIPA AVANCEMOS,4487
040127,Arequipa,Arequipa,Jacobo Hunter,AREQUIPA TRANSFORMACION,975
040127,Arequipa,Arequipa,Jacobo Hunter,JUNTOS POR EL PERU,301
040127,Arequipa,Arequipa,Jacobo Hunter,RENOVACION POPULAR,1998
040127,Arequipa,Arequipa,Jacobo Hunter,ALIANZA PARA EL PROGRESO,505
040127,Arequipa,Arequipa,Jacobo Hunter,AVANZA PAIS - PARTIDO DE INTEGRACION SOCIAL,1266
040127,Arequipa,Arequipa,Jacobo Hunter,PARTIDO POLITICO NACIONAL PERU LIBRE,911
040127,Arequipa,Arequipa,Jacobo Hunter,PARTIDO DEMOCRATICO SOMOS PERU,1062
040128,Arequipa,Arequipa,Alto Selva Alegre,YO AREQUIPA,7237
040128,Arequipa,Arequipa,Alto Selva Alegre,MOVIMIENTO REGIONAL REVALORA,1614
040128,Arequipa,Arequipa,Alto Selva Alegre,JUNTOS POR EL DESARROLLO DE AREQUIPA,12227
040128,Arequipa,Arequipa,Alto Selva Alegre,MOVIMIENTO REGIONAL AREQUIPA AVANCEMOS,3124
040128,Arequipa,Arequipa,Alto Selva Alegre,"AREQUIPA, TRADICION Y FUTURO",4482
040128,Arequipa,Arequipa,Alto Selva Alegre,AREQUIPA TRANSFORMACION,3242
040128,Arequipa,Arequipa,Alto Selva Alegre,PARTIDO FRENTE DE LA ESPERANZA 2021,767
040128,Arequipa,Arequipa,Alto Selva Alegre,ACCION POPULAR,771
040128,Arequipa,Arequipa,Alto Selva Alegre,ALIANZA PARA EL PROGRESO,9015
040128,Arequipa,Arequipa,Alto Selva Alegre,AVANZA PAIS - PARTIDO DE INTEGRACION SOCIAL,4053
040128,Arequipa,Arequipa,Alto Selva Alegre,PARTIDO POLITICO NACIONAL PERU LIBRE,1753
040129,Arequipa,Arequipa,José Luis Bustamante y Rivero,YO AREQUIPA,8344
040129,Arequipa,Arequipa,José Luis Bustamante y Rivero,MOVIMIENTO REGIONAL REVALORA,666
040129,Arequipa,Arequipa,José Luis Bustamante y Rivero,AREQUIPA - UNIDOS POR EL GRAN CAMBIO,1535
040129,Arequipa,Arequipa,José Luis Bustamante y Rivero,FUERZA AREQUIPEÑA,3445
040129,Arequipa,Arequipa,José Luis Bustamante y Rivero,JUNTOS POR EL DESARROLLO DE AREQUIPA,4260
040129,Arequipa,Arequipa,José Luis Bustamante y Rivero,MOVIMIENTO REGIONAL AREQUIPA AVANCEMOS,8568
040129,Arequipa,Arequipa,José Luis Bustamante y Rivero,"AREQUIPA, TRADICION Y FUTURO",3361
040129,Arequipa,Arequipa,José Luis Bustamante y Rivero,AREQUIPA TRANSFORMACION,4390
040129,Arequipa,Arequipa,José Luis Bustamante y Rivero,PARTIDO FRENTE DE LA ESPERANZA 2021,1405
040129,Arequipa,Arequipa,José Luis Bustamante y Rivero,JUNTOS POR EL PERU,567
040129,Arequipa,Arequipa,José Luis Bustamante y Rivero,ACCION POPULAR,640
040129,Arequipa,Arequipa,José Luis Bustamante y Rivero,ALIANZA PARA EL PROGRESO,3786
040129,Arequipa,Arequipa,José Luis Bustamante y Rivero,AVANZA PAIS - PARTIDO DE INTEGRACION SOCIAL,1120
040129,Arequipa,Arequipa,José Luis Bustamante y Rivero,PARTIDO POLITICO NACIONAL PERU LIBRE,867
040129,Arequipa,Arequipa,José Luis Bustamante y Rivero,PARTIDO DEMOCRATICO SOMOS PERU,1111
040202,Arequipa,Caylloma,Achoma,YO AREQUIPA,379
040203,Arequipa,Caylloma,Cabanaconde,YO AREQUIPA,390
040203,Arequipa,Caylloma,Cabanaconde,FUERZA AREQUIPEÑA,186
040203,Arequipa,Caylloma,Cabanaconde,MOVIMIENTO REGIONAL AREQUIPA AVANCEMOS,265
040203,Arequipa,Caylloma,Cabanaconde,"AREQUIPA, TRADICION Y FUTURO",228
040204,Arequipa,Caylloma,Caylloma,YO AREQUIPA,592
040204,Arequipa,Caylloma,Caylloma,MOVIMIENTO REGIONAL REVALORA,140
040204,Arequipa,Caylloma,Caylloma,FUERZA AREQUIPEÑA,489
040204,Arequipa,Caylloma,Caylloma,MOVIMIENTO REGIONAL AREQUIPA AVANCEMOS,127
040204,Arequipa,Caylloma,Caylloma,"AREQUIPA, TRADICION Y FUTURO",31
040204,Arequipa,Caylloma,Caylloma,JUNTOS POR EL PERU,39
040204,Arequipa,Caylloma,Caylloma,ALIANZA PARA EL PROGRESO,7
040204,Arequipa,Caylloma,Caylloma,PARTIDO POLITICO NACIONAL PERU LIBRE,555
040205,Arequipa,Caylloma,Callalli,FUERZA AREQUIPEÑA,376
040205,Arequipa,Caylloma,Callalli,MOVIMIENTO REGIONAL AREQUIPA AVANCEMOS,399
040205,Arequipa,Caylloma,Callalli,JUNTOS POR EL PERU,276
040205,Arequipa,Caylloma,Callalli,PARTIDO POLITICO NACIONAL PERU LIBRE,88
040206,Arequipa,Caylloma,Coporaque,FUERZA AREQUIPEÑA,78
040206,Arequipa,Caylloma,Coporaque,JUNTOS POR EL DESARROLLO DE AREQUIPA,255
040206,Arequipa,Caylloma,Coporaque,MOVIMIENTO REGIONAL AREQUIPA AVANCEMOS,53
040206,Arequipa,Caylloma,Coporaque,ALIANZA PARA EL PROGRESO,64
040206,Arequipa,Caylloma,Coporaque,PARTIDO POLITICO NACIONAL PERU LIBRE,132
040206,Arequipa,Caylloma,Coporaque,PARTIDO DEMOCRATICO SOMOS PERU,84
040207,Arequipa,Caylloma,Huambo,JUNTOS POR EL DESARROLLO DE AREQUIPA,185
040207,Arequipa,Caylloma,Huambo,MOVIMIENTO REGIONAL AREQUIPA AVANCEMOS,42
040207,Arequipa,Caylloma,Huambo,JUNTOS POR EL PERU,135
040207,Arequipa,Caylloma,Huambo,ACCION POPULAR,126
040208,Arequipa,Caylloma,Huanca,YO AREQUIPA,478
040208,Arequipa,Caylloma,Huanca,ACCION POPULAR,237
040208,Arequipa,Caylloma,Huanca,PARTIDO POLITICO NACIONAL PERU LIBRE,226
040209,Arequipa,Caylloma,Ichupampa,YO AREQUIPA,137
040209,Arequipa,Caylloma,Ichupampa,MOVIMIENTO REGIONAL AREQUIPA AVANCEMOS,205
040209,Arequipa,Caylloma,Ichupampa,PARTIDO POLITICO NACIONAL PERU LIBRE,113
040210,Arequipa,Caylloma,Lari,PARTIDO DEMOCRATICO SOMOS PERU,109
040211,Arequipa,Caylloma,Lluta,MOVIMIENTO REGIONAL REVALORA,3
040211,Arequipa,Caylloma,Lluta,JUNTOS POR EL DESARROLLO DE AREQUIPA,30
040211,Arequipa,Caylloma,Lluta,MOVIMIENTO REGIONAL AREQUIPA AVANCEMOS,509
040211,Arequipa,Caylloma,Lluta,ALIANZA PARA EL PROGRESO,340
040212,Arequipa,Caylloma,Maca,YO AREQUIPA,257
040212,Arequipa,Caylloma,Maca,JUNTOS POR EL DESARROLLO DE AREQUIPA,65
040212,Arequipa,Caylloma,Maca,MOVIMIENTO REGIONAL AREQUIPA AVANCEMOS,106
040212,Arequipa,Caylloma,Maca,JUNTOS POR EL PERU,77
040212,Arequipa,Caylloma,Maca,PARTIDO DEMOCRATICO SOMOS PERU,44
040213,Arequipa,Caylloma,Madrigal,YO AREQUIPA,145
040213,Arequipa,Caylloma,Madrigal,MOVIMIENTO REGIONAL REVALORA,75
040213,Arequipa,Caylloma,Madrigal,FUERZA AREQUIPEÑA,146
040213,Arequipa,Caylloma,Madrigal,ALIANZA PARA EL PROGRESO,61
040214,Arequipa,Caylloma,San Antonio de Chuca,FUERZA AREQUIPEÑA,251
040214,Arequipa,Caylloma,San Antonio de Chuca,"AREQUIPA, TRADICION Y FUTURO",293
040214,Arequipa,Caylloma,San Antonio de Chuca,JUNTOS POR EL PERU,58
040214,Arequipa,Caylloma,San Antonio de Chuca,PARTIDO POLITICO NACIONAL PERU LIBRE,97
040215,Arequipa,Caylloma,Sibayo,MOVIMIENTO REGIONAL AREQUIPA AVANCEMOS,170
040215,Arequipa,Caylloma,Sibayo,"AREQUIPA, TRADICION Y FUTURO",214
040215,Arequipa,Caylloma,Sibayo,PARTIDO DEMOCRATICO SOMOS PERU,100
040216,Arequipa,Caylloma,Tapay,YO AREQUIPA,112
040216,Arequipa,Caylloma,Tapay,FUERZA AREQUIPEÑA,54
040216,Arequipa,Caylloma,Tapay,JUNTOS POR EL DESARROLLO DE AREQUIPA,56
040216,Arequipa,Caylloma,Tapay,MOVIMIENTO REGIONAL AREQUIPA AVANCEMOS,85
040216,Arequipa,Caylloma,Tapay,"AREQUIPA, TRADICION Y FUTURO",0
040216,Arequipa,Caylloma,Tapay,ACCION POPULAR,131
040216,Arequipa,Caylloma,Tapay,ALIANZA PARA EL PROGRESO,73
040217,Arequipa,Caylloma,Tisco,FUERZA AREQUIPEÑA,66
040217,Arequipa,Caylloma,Tisco,JUNTOS POR EL DESARROLLO DE AREQUIPA,93
040217,Arequipa,Caylloma,Tisco,MOVIMIENTO REGIONAL AREQUIPA AVANCEMOS,200
040217,Arequipa,Caylloma,Tisco,"AREQUIPA, TRADICION Y FUTURO",95
040217,Arequipa,Caylloma,Tisco,JUNTOS POR EL PERU,269
040217,Arequipa,Caylloma,Tisco,PARTIDO DEMOCRATICO SOMOS PERU,55
040218,Arequipa,Caylloma,Tuti,YO AREQUIPA,268
040218,Arequipa,Caylloma,Tuti,FUERZA AREQUIPEÑA,210
040219,Arequipa,Caylloma,Yanque,MOVIMIENTO REGIONAL REVALORA,9
040219,Arequipa,Caylloma,Yanque,FUERZA AREQUIPEÑA,325
040219,Arequipa,Caylloma,Yanque,MOVIMIENTO REGIONAL AREQUIPA AVANCEMOS,51
040219,Arequipa,Caylloma,Yanque,JUNTOS POR EL PERU,681
040219,Arequipa,Caylloma,Yanque,ALIANZA PARA EL PROGRESO,269
040220,Arequipa,Caylloma,Majes,MOVIMIENTO REGIONAL REVALORA,3531
040220,Arequipa,Caylloma,Majes,FUERZA AREQUIPEÑA,7888
040220,Arequipa,Caylloma,Majes,JUNTOS POR EL DESARROLLO DE AREQUIPA,5878
040220,Arequipa,Caylloma,Majes,MOVIMIENTO REGIONAL AREQUIPA AVANCEMOS,2026
040220,Arequipa,Caylloma,Majes,"AREQUIPA, TRADICION Y FUTURO",1558
040220,Arequipa,Caylloma,Majes,PARTIDO FRENTE DE LA ESPERANZA 2021,1335
040220,Arequipa,Caylloma,Majes,ACCION POPULAR,3745
040220,Arequipa,Caylloma,Majes,ALIANZA PARA EL PROGRESO,3724
040220,Arequipa,Caylloma,Majes,PARTIDO POLITICO NACIONAL PERU LIBRE,1874
040220,Arequipa,Caylloma,Majes,PARTIDO DEMOCRATICO SOMOS PERU,1909
040302,Arequipa,Camaná,José María Quimper,YO AREQUIPA,306
040302,Arequipa,Camaná,José María Quimper,MOVIMIENTO REGIONAL REVALORA,59
040302,Arequipa,Camaná,José María Quimper,AREQUIPA RENACE,644
040302,Arequipa,Camaná,José María Quimper,FUERZA AREQUIPEÑA,755
040302,Arequipa,Camaná,José María Quimper,"AREQUIPA, TRADICION Y FUTURO",501
040302,Arequipa,Camaná,José María Quimper,ACCION POPULAR,280
040302,Arequipa,Camaná,José María Quimper,PARTIDO DEMOCRATICO SOMOS PERU,177
040303,Arequipa,Camaná,Mariano Nicolás Valcárcel,MOVIMIENTO REGIONAL REVALORA,519
040303,Arequipa,Camaná,Mariano Nicolás Valcárcel,AREQUIPA RENACE,306
040303,Arequipa,Camaná,Mariano Nicolás Valcárcel,FUERZA AREQUIPEÑA,458
040303,Arequipa,Camaná,Mariano Nicolás Valcárcel,"AREQUIPA, TRADICION Y FUTURO",59
040303,Arequipa,Camaná,Mariano Nicolás Valcárcel,AREQUIPA TRANSFORMACION,55
040303,Arequipa,Camaná,Mariano Nicolás Valcárcel,PARTIDO POLITICO NACIONAL PERU LIBRE,593
040303,Arequipa,Camaná,Mariano Nicolás Valcárcel,PARTIDO DEMOCRATICO SOMOS PERU,133
040304,Arequipa,Camaná,Mariscal Cáceres,YO AREQUIPA,200
040304,Arequipa,Camaná,Mariscal Cáceres,MOVIMIENTO REGIONAL REVALORA,292
040304,Arequipa,Camaná,Mariscal Cáceres,AREQUIPA RENACE,723
040304,Arequipa,Camaná,Mariscal Cáceres,FUERZA AREQUIPEÑA,1403
040304,Arequipa,Camaná,Mariscal Cáceres,"AREQUIPA, TRADICION Y FUTURO",922
040304,Arequipa,Camaná,Mariscal Cáceres,PARTIDO DEMOCRATICO SOMOS PERU,315
040305,Arequipa,Camaná,Nicolás de Piérola,MOVIMIENTO REGIONAL REVALORA,392
040305,Arequipa,Camaná,Nicolás de Piérola,AREQUIPA RENACE,665
040305,Arequipa,Camaná,Nicolás de Piérola,FUERZA AREQUIPEÑA,1269
040305,Arequipa,Camaná,Nicolás de Piérola,JUNTOS POR EL DESARROLLO DE AREQUIPA,130
040305,Arequipa,Camaná,Nicolás de Piérola,MOVIMIENTO REGIONAL AREQUIPA AVANCEMOS,91
040305,Arequipa,Camaná,Nicolás de Piérola,"AREQUIPA, TRADICION Y FUTURO",724
040305,Arequipa,Camaná,Nicolás de Piérola,JUNTOS POR EL PERU,215
040305,Arequipa,Camaná,Nicolás de Piérola,ACCION POPULAR,317
040305,Arequipa,Camaná,Nicolás de Piérola,PARTIDO POLITICO NACIONAL PERU LIBRE,219
040305,Arequipa,Camaná,Nicolás de Piérola,PARTIDO DEMOCRATICO SOMOS PERU,244
040306,Arequipa,Camaná,Ocoña,YO AREQUIPA,291
040306,Arequipa,Camaná,Ocoña,MOVIMIENTO REGIONAL REVALORA,792
040306,Arequipa,Camaná,Ocoña,AREQUIPA RENACE,250
040306,Arequipa,Camaná,Ocoña,FUERZA AREQUIPEÑA,684
040306,Arequipa,Camaná,Ocoña,"AREQUIPA, TRADICION Y FUTURO",153
040306,Arequipa,Camaná,Ocoña,ACCION POPULAR,106
040306,Arequipa,Camaná,Ocoña,PODEMOS PERU,5
040306,Arequipa,Camaná,Ocoña,PARTIDO POLITICO NACIONAL PERU LIBRE,66
040306,Arequipa,Camaná,Ocoña,PARTIDO DEMOCRATICO SOMOS PERU,99
040307,Arequipa,Camaná,Quilca,MOVIMIENTO REGIONAL REVALORA,65
040307,Arequipa,Camaná,Quilca,AREQUIPA RENACE,38
040307,Arequipa,Camaná,Quilca,FUERZA AREQUIPEÑA,148
040307,Arequipa,Camaná,Quilca,"AREQUIPA, TRADICION Y FUTURO",187
040307,Arequipa,Camaná,Quilca,ACCION POPULAR,26
040307,Arequipa,Camaná,Quilca,PARTIDO DEMOCRATICO SOMOS PERU,319
040308,Arequipa,Camaná,Samuel Pastor,YO AREQUIPA,911
040308,Arequipa,Camaná,Samuel Pastor,MOVIMIENTO REGIONAL REVALORA,149
040308,Arequipa,Camaná,Samuel Pastor,AREQUIPA RENACE,692
040308,Arequipa,Camaná,Samuel Pastor,FUERZA AREQUIPEÑA,3036
040308,Arequipa,Camaná,Samuel Pastor,JUNTOS POR EL DESARROLLO DE AREQUIPA,61
040308,Arequipa,Camaná,Samuel Pastor,"AREQUIPA, TRADICION Y FUTURO",187
040308,Arequipa,Camaná,Samuel Pastor,PARTIDO FRENTE DE LA ESPERANZA 2021,56
040308,Arequipa,Camaná,Samuel Pastor,ACCION POPULAR,1066
040308,Arequipa,Camaná,Samuel Pastor,PARTIDO POLITICO NACIONAL PERU LIBRE,1322
040308,Arequipa,Camaná,Samuel Pastor,PARTIDO DEMOCRATICO SOMOS PERU,1265
040402,Arequipa,Caravelí,Acarí,YO AREQUIPA,72
040402,Arequipa,Caravelí,Acarí,JUNTOS POR EL DESARROLLO DE AREQUIPA,136
040402,Arequipa,Caravelí,Acarí,"AREQUIPA, TRADICION Y FUTURO",399
040402,Arequipa,Caravelí,Acarí,ACCION POPULAR,815
040402,Arequipa,Caravelí,Acarí,PODEMOS PERU,161
040402,Arequipa,Caravelí,Acarí,RENOVACION POPULAR,252
040402,Arequipa,Caravelí,Acarí,ALIANZA PARA EL PROGRESO,369
040403,Arequipa,Caravelí,Atico,FUERZA AREQUIPEÑA,47
040403,Arequipa,Caravelí,Atico,JUNTOS POR EL DESARROLLO DE AREQUIPA,879
040403,Arequipa,Caravelí,Atico,"AREQUIPA, TRADICION Y FUTURO",566
040403,Arequipa,Caravelí,Atico,RENOVACION POPULAR,162
040403,Arequipa,Caravelí,Atico,ALIANZA PARA EL PROGRESO,946
040403,Arequipa,Caravelí,Atico,AVANZA PAIS - PARTIDO DE INTEGRACION SOCIAL,23
040403,Arequipa,Caravelí,Atico,PARTIDO DEMOCRATICO SOMOS PERU,29
040404,Arequipa,Caravelí,Atiquipa,YO AREQUIPA,25
040404,Arequipa,Caravelí,Atiquipa,"AREQUIPA, TRADICION Y FUTURO",61
040404,Arequipa,Caravelí,Atiquipa,PODEMOS PERU,143
040404,Arequipa,Caravelí,Atiquipa,RENOVACION POPULAR,150
040404,Arequipa,Caravelí,Atiquipa,PARTIDO DEMOCRATICO SOMOS PERU,58
040405,Arequipa,Caravelí,Bella Unión,YO AREQUIPA,226
040405,Arequipa,Caravelí,Bella Unión,JUNTOS POR EL DESARROLLO DE AREQUIPA,440
040405,Arequipa,Caravelí,Bella Unión,MOVIMIENTO REGIONAL AREQUIPA AVANCEMOS,47
040405,Arequipa,Caravelí,Bella Unión,"AREQUIPA, TRADICION Y FUTURO",648
040405,Arequipa,Caravelí,Bella Unión,RENOVACION POPULAR,122
040405,Arequipa,Caravelí,Bella Unión,ALIANZA PARA EL PROGRESO,31
040406,Arequipa,Caravelí,Cahuacho,YO AREQUIPA,107
040406,Arequipa,Caravelí,Cahuacho,JUNTOS POR EL DESARROLLO DE AREQUIPA,98
040406,Arequipa,Caravelí,Cahuacho,MOVIMIENTO REGIONAL AREQUIPA AVANCEMOS,74
040406,Arequipa,Caravelí,Cahuacho,"AREQUIPA, TRADICION Y FUTURO",89
040406,Arequipa,Caravelí,Cahuacho,PARTIDO DEMOCRATICO SOMOS PERU,34
040407,Arequipa,Caravelí,Chala,FUERZA AREQUIPEÑA,27
040407,Arequipa,Caravelí,Chala,JUNTOS POR EL DESARROLLO DE AREQUIPA,644
040407,Arequipa,Caravelí,Chala,"AREQUIPA, TRADICION Y FUTURO",1058
040407,Arequipa,Caravelí,Chala,JUNTOS POR EL PERU,178
040407,Arequipa,Caravelí,Chala,ACCION POPULAR,91
040407,Arequipa,Caravelí,Chala,PODEMOS PERU,78
040407,Arequipa,Caravelí,Chala,RENOVACION POPULAR,583
040407,Arequipa,Caravelí,Chala,ALIANZA PARA EL PROGRESO,310
040407,Arequipa,Caravelí,Chala,PARTIDO MORADO,191
040407,Arequipa,Caravelí,Chala,PARTIDO POLITICO NACIONAL PERU LIBRE,223
040407,Arequipa,Caravelí,Chala,PARTIDO DEMOCRATICO SOMOS PERU,91
040408,Arequipa,Caravelí,Cháparra,YO AREQUIPA,459
040408,Arequipa,Caravelí,Cháparra,FUERZA AREQUIPEÑA,21
040408,Arequipa,Caravelí,Cháparra,JUNTOS POR EL DESARROLLO DE AREQUIPA,119
040408,Arequipa,Caravelí,Cháparra,JUNTOS POR EL PERU,375
040408,Arequipa,Caravelí,Cháparra,RENOVACION POPULAR,75
040408,Arequipa,Caravelí,Cháparra,ALIANZA PARA EL PROGRESO,284
040408,Arequipa,Caravelí,Cháparra,PARTIDO POLITICO NACIONAL PERU LIBRE,28
040409,Arequipa,Caravelí,Huanuhuanu,YO AREQUIPA,232
040409,Arequipa,Caravelí,Huanuhuanu,JUNTOS POR EL DESARROLLO DE AREQUIPA,108
040409,Arequipa,Caravelí,Huanuhuanu,JUNTOS POR EL PERU,297
040409,Arequipa,Caravelí,Huanuhuanu,RENOVACION POPULAR,309
040409,Arequipa,Caravelí,Huanuhuanu,PARTIDO DEMOCRATICO SOMOS PERU,9
040410,Arequipa,Caravelí,Jaqui,JUNTOS POR EL DESARROLLO DE AREQUIPA,88
040410,Arequipa,Caravelí,Jaqui,"AREQUIPA, TRADICION Y FUTURO",209
040410,Arequipa,Caravelí,Jaqui,RENOVACION POPULAR,369
040410,Arequipa,Caravelí,Jaqui,ALIANZA PARA EL PROGRESO,77
040410,Arequipa,Caravelí,Jaqui,PARTIDO DEMOCRATICO SOMOS PERU,134
040411,Arequipa,Caravelí,Lomas,YO AREQUIPA,34
040411,Arequipa,Caravelí,Lomas,JUNTOS POR EL DESARROLLO DE AREQUIPA,213
040411,Arequipa,Caravelí,Lomas,RENOVACION POPULAR,279
040411,Arequipa,Caravelí,Lomas,ALIANZA PARA EL PROGRESO,86
040411,Arequipa,Caravelí,Lomas,AVANZA PAIS - PARTIDO DE INTEGRACION SOCIAL,122
040411,Arequipa,Caravelí,Lomas,PARTIDO DEMOCRATICO SOMOS PERU,66
040412,Arequipa,Caravelí,Quicacha,JUNTOS POR EL DESARROLLO DE AREQUIPA,378
040412,Arequipa,Caravelí,Quicacha,"AREQUIPA, TRADICION Y FUTURO",22
040412,Arequipa,Caravelí,Quicacha,FUERZA POPULAR,75
040412,Arequipa,Caravelí,Quicacha,PODEMOS PERU,279
040412,Arequipa,Caravelí,Quicacha,ALIANZA PARA EL PROGRESO,194
040413,Arequipa,Caravelí,Yauca,JUNTOS POR EL DESARROLLO DE AREQUIPA,113
040413,Arequipa,Caravelí,Yauca,"AREQUIPA, TRADICION Y FUTURO",443
040413,Arequipa,Caravelí,Yauca,RENOVACION POPULAR,455
040413,Arequipa,Caravelí,Yauca,ALIANZA PARA EL PROGRESO,13
040502,Arequipa,Castilla,Andagua,YO AREQUIPA,159
040502,Arequipa,Castilla,Andagua,MOVIMIENTO REGIONAL REVALORA,2
040502,Arequipa,Castilla,Andagua,JUNTOS POR EL DESARROLLO DE AREQUIPA,25
040502,Arequipa,Castilla,Andagua,MOVIMIENTO REGIONAL AREQUIPA AVANCEMOS,30
040502,Arequipa,Castilla,Andagua,"AREQUIPA, TRADICION Y FUTURO",178
040502,Arequipa,Castilla,Andagua,PARTIDO FRENTE DE LA ESPERANZA 2021,150
040502,Arequipa,Castilla,Andagua,ALIANZA PARA EL PROGRESO,77
040503,Arequipa,Castilla,Ayo,YO AREQUIPA,103
040503,Arequipa,Castilla,Ayo,JUNTOS POR EL DESARROLLO DE AREQUIPA,64
040503,Arequipa,Castilla,Ayo,"AREQUIPA, TRADICION Y FUTURO",4
040503,Arequipa,Castilla,Ayo,ALIANZA PARA EL PROGRESO,11
040503,Arequipa,Castilla,Ayo,PARTIDO POLITICO NACIONAL PERU LIBRE,82
040504,Arequipa,Castilla,Chachas,YO AREQUIPA,336
040504,Arequipa,Castilla,Chachas,"AREQUIPA, TRADICION Y FUTURO",212
040504,Arequipa,Castilla,Chachas,ALIANZA PARA EL PROGRESO,10
040504,Arequipa,Castilla,Chachas,PARTIDO POLITICO NACIONAL PERU LIBRE,115
040505,Arequipa,Castilla,Chilcaymarca,YO AREQUIPA,264
040505,Arequipa,Castilla,Chilcaymarca,MOVIMIENTO REGIONAL REVALORA,251
040506,Arequipa,Castilla,Choco,YO AREQUIPA,83
040506,Arequipa,Castilla,Choco,MOVIMIENTO REGIONAL REVALORA,26
040506,Arequipa,Castilla,Choco,FUERZA AREQUIPEÑA,96
040506,Arequipa,Castilla,Choco,JUNTOS POR EL DESARROLLO DE AREQUIPA,121
040506,Arequipa,Castilla,Choco,MOVIMIENTO REGIONAL AREQUIPA AVANCEMOS,70
040506,Arequipa,Castilla,Choco,"AREQUIPA, TRADICION Y FUTURO",69
040506,Arequipa,Castilla,Choco,ALIANZA PARA EL PROGRESO,35
040506,Arequipa,Castilla,Choco,PARTIDO POLITICO NACIONAL PERU LIBRE,34
040507,Arequipa,Castilla,Huancarqui,YO AREQUIPA,288
040507,Arequipa,Castilla,Huancarqui,FUERZA AREQUIPEÑA,53
040507,Arequipa,Castilla,Huancarqui,MOVIMIENTO REGIONAL AREQUIPA AVANCEMOS,44
040507,Arequipa,Castilla,Huancarqui,"AREQUIPA, TRADICION Y FUTURO",397
040507,Arequipa,Castilla,Huancarqui,ALIANZA PARA EL PROGRESO,378
040508,Arequipa,Castilla,Machaguay,FUERZA AREQUIPEÑA,56
040508,Arequipa,Castilla,Machaguay,JUNTOS POR EL DESARROLLO DE AREQUIPA,109
040508,Arequipa,Castilla,Machaguay,"AREQUIPA, TRADICION Y FUTURO",31
040508,Arequipa,Castilla,Machaguay,PARTIDO POLITICO NACIONAL PERU LIBRE,130
040509,Arequipa,Castilla,Orcopampa,YO AREQUIPA,102
040509,Arequipa,Castilla,Orcopampa,MOVIMIENTO REGIONAL REVALORA,548
040509,Arequipa,Castilla,Orcopampa,FUERZA AREQUIPEÑA,108
040509,Arequipa,Castilla,Orcopampa,MOVIMIENTO REGIONAL AREQUIPA AVANCEMOS,424
040509,Arequipa,Castilla,Orcopampa,"AREQUIPA, TRADICION Y FUTURO",536
040509,Arequipa,Castilla,Orcopampa,ALIANZA PARA EL PROGRESO,230
040509,Arequipa,Castilla,Orcopampa,PARTIDO POLITICO NACIONAL PERU LIBRE,75
040510,Arequipa,Castilla,Pampacolca,YO AREQUIPA,396
040510,Arequipa,Castilla,Pampacolca,MOVIMIENTO REGIONAL REVALORA,176
040510,Arequipa,Castilla,Pampacolca,"AREQUIPA, TRADICION Y FUTURO",138
040510,Arequipa,Castilla,Pampacolca,ALIANZA PARA EL PROGRESO,275
040510,Arequipa,Castilla,Pampacolca,AVANZA PAIS - PARTIDO DE INTEGRACION SOCIAL,127
040511,Arequipa,Castilla,Tipán,YO AREQUIPA,128
040511,Arequipa,Castilla,Tipán,AREQUIPA TRANSFORMACION,77
040511,Arequipa,Castilla,Tipán,ALIANZA PARA EL PROGRESO,51
040511,Arequipa,Castilla,Tipán,PARTIDO POLITICO NACIONAL PERU LIBRE,50
040512,Arequipa,Castilla,Uraca,YO AREQUIPA,1318
040512,Arequipa,Castilla,Uraca,FUERZA AREQUIPEÑA,1085
040512,Arequipa,Castilla,Uraca,MOVIMIENTO REGIONAL AREQUIPA AVANCEMOS,756
040512,Arequipa,Castilla,Uraca,"AREQUIPA, TRADICION Y FUTURO",551
040513,Arequipa,Castilla,Uñón,YO AREQUIPA,22
040513,Arequipa,Castilla,Uñón,MOVIMIENTO REGIONAL AREQUIPA AVANCEMOS,6
040513,Arequipa,Castilla,Uñón,"AREQUIPA, TRADICION Y FUTURO",15
040513,Arequipa,Castilla,Uñón,ALIANZA PARA EL PROGRESO,52
040513,Arequipa,Castilla,Uñón,PARTIDO POLITICO NACIONAL PERU LIBRE,100
040514,Arequipa,Castilla,Viraco,YO AREQUIPA,77
040514,Arequipa,Castilla,Viraco,FUERZA AREQUIPEÑA,137
040514,Arequipa,Castilla,Viraco,JUNTOS POR EL DESARROLLO DE AREQUIPA,53
040514,Arequipa,Castilla,Viraco,MOVIMIENTO REGIONAL AREQUIPA AVANCEMOS,263
040514,Arequipa,Castilla,Viraco,ALIANZA PARA EL PROGRESO,77
040602,Arequipa,Condesuyos,Andaray,YO AREQUIPA,14
040602,Arequipa,Condesuyos,Andaray,FUERZA AREQUIPEÑA,44
040602,Arequipa,Condesuyos,Andaray,JUNTOS POR EL DESARROLLO DE AREQUIPA,39
040602,Arequipa,Condesuyos,Andaray,MOVIMIENTO REGIONAL AREQUIPA AVANCEMOS,219
040602,Arequipa,Condesuyos,Andaray,"AREQUIPA, TRADICION Y FUTURO",102
040603,Arequipa,Condesuyos,Cayarani,YO AREQUIPA,28
040603,Arequipa,Condesuyos,Cayarani,MOVIMIENTO REGIONAL REVALORA,131
040603,Arequipa,Condesuyos,Cayarani,FUERZA AREQUIPEÑA,498
040603,Arequipa,Condesuyos,Cayarani,JUNTOS POR EL DESARROLLO DE AREQUIPA,779
040604,Arequipa,Condesuyos,Chichas,YO AREQUIPA,11
040604,Arequipa,Condesuyos,Chichas,FUERZA AREQUIPEÑA,168
040604,Arequipa,Condesuyos,Chichas,JUNTOS POR EL DESARROLLO DE AREQUIPA,24
040604,Arequipa,Condesuyos,Chichas,MOVIMIENTO REGIONAL AREQUIPA AVANCEMOS,50
040604,Arequipa,Condesuyos,Chichas,"AREQUIPA, TRADICION Y FUTURO",147
040605,Arequipa,Condesuyos,Iray,YO AREQUIPA,128
040605,Arequipa,Condesuyos,Iray,MOVIMIENTO REGIONAL REVALORA,77
040605,Arequipa,Condesuyos,Iray,FUERZA AREQUIPEÑA,137
040605,Arequipa,Condesuyos,Iray,JUNTOS POR EL DESARROLLO DE AREQUIPA,28
040605,Arequipa,Condesuyos,Iray,MOVIMIENTO REGIONAL AREQUIPA AVANCEMOS,27
040605,Arequipa,Condesuyos,Iray,"AREQUIPA, TRADICION Y FUTURO",89
040606,Arequipa,Condesuyos,Salamanca,YO AREQUIPA,166
040606,Arequipa,Condesuyos,Salamanca,FUERZA AREQUIPEÑA,57
040606,Arequipa,Condesuyos,Salamanca,JUNTOS POR EL DESARROLLO DE AREQUIPA,79
040606,Arequipa,Condesuyos,Salamanca,MOVIMIENTO REGIONAL AREQUIPA AVANCEMOS,48
040606,Arequipa,Condesuyos,Salamanca,"AREQUIPA, TRADICION Y FUTURO",102
040607,Arequipa,Condesuyos,Yanaquihua,YO AREQUIPA,171
040607,Arequipa,Condesuyos,Yanaquihua,FUERZA AREQUIPEÑA,63
040607,Arequipa,Condesuyos,Yanaquihua,JUNTOS POR EL DESARROLLO DE AREQUIPA,175
040607,Arequipa,Condesuyos,Yanaquihua,MOVIMIENTO REGIONAL AREQUIPA AVANCEMOS,239
040607,Arequipa,Condesuyos,Yanaquihua,"AREQUIPA, TRADICION Y FUTURO",733
040607,Arequipa,Condesuyos,Yanaquihua,ALIANZA PARA EL PROGRESO,770
040608,Arequipa,Condesuyos,Río Grande,YO AREQUIPA,149
040608,Arequipa,Condesuyos,Río Grande,FUERZA AREQUIPEÑA,122
040608,Arequipa,Condesuyos,Río Grande,MOVIMIENTO REGIONAL AREQUIPA AVANCEMOS,421
040608,Arequipa,Condesuyos,Río Grande,"AREQUIPA, TRADICION Y FUTURO",574
040702,Arequipa,Islay,Cocachacra,MOVIMIENTO REGIONAL REVALORA,606
040702,Arequipa,Islay,Cocachacra,FUERZA AREQUIPEÑA,153
040702,Arequipa,Islay,Cocachacra,JUNTOS POR EL DESARROLLO DE AREQUIPA,1683
040702,Arequipa,Islay,Cocachacra,MOVIMIENTO REGIONAL AREQUIPA AVANCEMOS,1598
040702,Arequipa,Islay,Cocachacra,"AREQUIPA, TRADICION Y FUTURO",58
040702,Arequipa,Islay,Cocachacra,JUNTOS POR EL PERU,605
040702,Arequipa,Islay,Cocachacra,ALIANZA PARA EL PROGRESO,755
040702,Arequipa,Islay,Cocachacra,PARTIDO POLITICO NACIONAL PERU LIBRE,271
040703,Arequipa,Islay,Deán Valdivia,YO AREQUIPA,748
040703,Arequipa,Islay,Deán Valdivia,MOVIMIENTO REGIONAL REVALORA,115
040703,Arequipa,Islay,Deán Valdivia,MOVIMIENTO REGIONAL AREQUIPA AVANCEMOS,998
040703,Arequipa,Islay,Deán Valdivia,"AREQUIPA, TRADICION Y FUTURO",137
040703,Arequipa,Islay,Deán Valdivia,JUNTOS POR EL PERU,1007
040703,Arequipa,Islay,Deán Valdivia,ALIANZA PARA EL PROGRESO,225
040703,Arequipa,Islay,Deán Valdivia,PARTIDO POLITICO NACIONAL PERU LIBRE,1001
040704,Arequipa,Islay,Islay,YO AREQUIPA,649
040704,Arequipa,Islay,Islay,MOVIMIENTO REGIONAL REVALORA,39
040704,Arequipa,Islay,Islay,JUNTOS POR EL DESARROLLO DE AREQUIPA,290
040704,Arequipa,Islay,Islay,MOVIMIENTO REGIONAL AREQUIPA AVANCEMOS,945
040704,Arequipa,Islay,Islay,"AREQUIPA, TRADICION Y FUTURO",118
040704,Arequipa,Islay,Islay,JUNTOS POR EL PERU,46
040704,Arequipa,Islay,Islay,ALIANZA PARA EL PROGRESO,370
040704,Arequipa,Islay,Islay,PARTIDO POLITICO NACIONAL PERU LIBRE,107
040704,Arequipa,Islay,Islay,PARTIDO DEMOCRATICO SOMOS PERU,453
040705,Arequipa,Islay,Mejía,YO AREQUIPA,557
040705,Arequipa,Islay,Mejía,MOVIMIENTO REGIONAL REVALORA,86
040705,Arequipa,Islay,Mejía,ACCION POPULAR,209
040705,Arequipa,Islay,Mejía,PARTIDO POLITICO NACIONAL PERU LIBRE,153
040706,Arequipa,Islay,Punta de Bombón,MOVIMIENTO REGIONAL REVALORA,329
040706,Arequipa,Islay,Punta de Bombón,AREQUIPA RENACE,1339
040706,Arequipa,Islay,Punta de Bombón,FUERZA AREQUIPEÑA,33
040706,Arequipa,Islay,Punta de Bombón,JUNTOS POR EL DESARROLLO DE AREQUIPA,1091
040706,Arequipa,Islay,Punta de Bombón,"AREQUIPA, TRADICION Y FUTURO",94
040706,Arequipa,Islay,Punta de Bombón,PARTIDO FRENTE DE LA ESPERANZA 2021,65
040706,Arequipa,Islay,Punta de Bombón,JUNTOS POR EL PERU,1068
040706,Arequipa,Islay,Punta de Bombón,AVANZA PAIS - PARTIDO DE INTEGRACION SOCIAL,126
040802,Arequipa,La Unión,Alca,YO AREQUIPA,29
040802,Arequipa,La Unión,Alca,FUERZA AREQUIPEÑA,250
040802,Arequipa,La Unión,Alca,JUNTOS POR EL DESARROLLO DE AREQUIPA,48
040802,Arequipa,La Unión,Alca,MOVIMIENTO REGIONAL AREQUIPA AVANCEMOS,309
040802,Arequipa,La Unión,Alca,"AREQUIPA, TRADICION Y FUTURO",119
040802,Arequipa,La Unión,Alca,JUNTOS POR EL PERU,77
040803,Arequipa,La Unión,Charcana,FUERZA AREQUIPEÑA,121
040803,Arequipa,La Unión,Charcana,JUNTOS POR EL DESARROLLO DE AREQUIPA,38
040803,Arequipa,La Unión,Charcana,MOVIMIENTO REGIONAL AREQUIPA AVANCEMOS,214
040803,Arequipa,La Unión,Charcana,"AREQUIPA, TRADICION Y FUTURO",7
040804,Arequipa,La Unión,Huaynacotas,YO AREQUIPA,367
040804,Arequipa,La Unión,Huaynacotas,FUERZA AREQUIPEÑA,50
040804,Arequipa,La Unión,Huaynacotas,JUNTOS POR EL DESARROLLO DE AREQUIPA,56
040804,Arequipa,La Unión,Huaynacotas,MOVIMIENTO REGIONAL AREQUIPA AVANCEMOS,244
040804,Arequipa,La Unión,Huaynacotas,"AREQUIPA, TRADICION Y FUTURO",319
040805,Arequipa,La Unión,Pampamarca,YO AREQUIPA,71
040805,Arequipa,La Unión,Pampamarca,FUERZA AREQUIPEÑA,93
040805,Arequipa,La Unión,Pampamarca,JUNTOS POR EL DESARROLLO DE AREQUIPA,187
040805,Arequipa,La Unión,Pampamarca,MOVIMIENTO REGIONAL AREQUIPA AVANCEMOS,202
040805,Arequipa,La Unión,Pampamarca,"AREQUIPA, TRADICION Y FUTURO",57
040805,Arequipa,La Unión,Pampamarca,ALIANZA PARA EL PROGRESO,168
040806,Arequipa,La Unión,Puyca,FUERZA AREQUIPEÑA,319
040806,Arequipa,La Unión,Puyca,JUNTOS POR EL DESARROLLO DE AREQUIPA,212
040806,Arequipa,La Unión,Puyca,MOVIMIENTO REGIONAL AREQUIPA AVANCEMOS,59
040806,Arequipa,La Unión,Puyca,"AREQUIPA, TRADICION Y FUTURO",153
040807,Arequipa,La Unión,Quechualla,JUNTOS POR EL DESARROLLO DE AREQUIPA,154
040807,Arequipa,La Unión,Quechualla,MOVIMIENTO REGIONAL AREQUIPA AVANCEMOS,155
040807,Arequipa,La Unión,Quechualla,"AREQUIPA, TRADICION Y FUTURO",5
040808,Arequipa,La Unión,Sayla,YO AREQUIPA,37
040808,Arequipa,La Unión,Sayla,JUNTOS POR EL DESARROLLO DE AREQUIPA,121
040808,Arequipa,La Unión,Sayla,MOVIMIENTO REGIONAL AREQUIPA AVANCEMOS,36
040808,Arequipa,La Unión,Sayla,"AREQUIPA, TRADICION Y FUTURO",26
040809,Arequipa,La Unión,Tauria,JUNTOS POR EL DESARROLLO DE AREQUIPA,37
040809,Arequipa,La Unión,Tauria,MOVIMIENTO REGIONAL AREQUIPA AVANCEMOS,75
040809,Arequipa,La Unión,Tauria,"AREQUIPA, TRADICION Y FUTURO",68
040810,Arequipa,La Unión,Tomepampa,JUNTOS POR EL DESARROLLO DE AREQUIPA,137
040810,Arequipa,La Unión,Tomepampa,"AREQUIPA, TRADICION Y FUTURO",211
040811,Arequipa,La Unión,Toro,YO AREQUIPA,60
040811,Arequipa,La Unión,Toro,FUERZA AREQUIPEÑA,21
040811,Arequipa,La Unión,Toro,JUNTOS POR EL DESARROLLO DE AREQUIPA,29
040811,Arequipa,La Unión,Toro,MOVIMIENTO REGIONAL AREQUIPA AVANCEMOS,55
040811,Arequipa,La Unión,Toro,"AREQUIPA, TRADICION Y FUTURO",165
050102,Ayacucho,Huamanga,Acos Vinchos,MOVIMIENTO REGIONAL AGUA,1352
050102,Ayacucho,Huamanga,Acos Vinchos,MOVIMIENTO REGIONAL WARI LLAQTA,592
050102,Ayacucho,Huamanga,Acos Vinchos,MOVIMIENTO REGIONAL GANA AYACUCHO,682
050102,Ayacucho,Huamanga,Acos Vinchos,ALIANZA POR NUESTRO DESARROLLO,212
050102,Ayacucho,Huamanga,Acos Vinchos,ALIANZA PARA EL PROGRESO,34
050103,Ayacucho,Huamanga,Carmen Alto,MOVIMIENTO REGIONAL AGUA,3433
050103,Ayacucho,Huamanga,Carmen Alto,MOVIMIENTO REGIONAL WARI LLAQTA,1940
050103,Ayacucho,Huamanga,Carmen Alto,MOVIMIENTO REGIONAL GANA AYACUCHO,3244
050103,Ayacucho,Huamanga,Carmen Alto,ALIANZA POR NUESTRO DESARROLLO,2689
050103,Ayacucho,Huamanga,Carmen Alto,ACCION POPULAR,373
050103,Ayacucho,Huamanga,Carmen Alto,ALIANZA PARA EL PROGRESO,1129
050103,Ayacucho,Huamanga,Carmen Alto,PARTIDO POLITICO NACIONAL PERU LIBRE,248
050104,Ayacucho,Huamanga,Chiara,MOVIMIENTO REGIONAL AGUA,112
050104,Ayacucho,Huamanga,Chiara,MOVIMIENTO REGIONAL WARI LLAQTA,1752
050104,Ayacucho,Huamanga,Chiara,MOVIMIENTO REGIONAL GANA AYACUCHO,1355
050104,Ayacucho,Huamanga,Chiara,ALIANZA POR NUESTRO DESARROLLO,32
050104,Ayacucho,Huamanga,Chiara,ALIANZA PARA EL PROGRESO,663
050105,Ayacucho,Huamanga,Quinua,MOVIMIENTO REGIONAL AGUA,2138
050105,Ayacucho,Huamanga,Quinua,MOVIMIENTO REGIONAL WARI LLAQTA,193
050105,Ayacucho,Huamanga,Quinua,MOVIMIENTO REGIONAL GANA AYACUCHO,1022
050105,Ayacucho,Huamanga,Quinua,ALIANZA POR NUESTRO DESARROLLO,292
050105,Ayacucho,Huamanga,Quinua,PARTIDO FRENTE DE LA ESPERANZA 2021,33
050106,Ayacucho,Huamanga,San José de Ticllas,MOVIMIENTO REGIONAL WARI LLAQTA,278
050106,Ayacucho,Huamanga,San José de Ticllas,MOVIMIENTO REGIONAL GANA AYACUCHO,762
050106,Ayacucho,Huamanga,San José de Ticllas,ALIANZA POR NUESTRO DESARROLLO,475
050107,Ayacucho,Huamanga,San Juan Bautista,MOVIMIENTO REGIONAL AGUA,7780
050107,Ayacucho,Huamanga,San Juan Bautista,MOVIMIENTO REGIONAL WARI LLAQTA,4706
050107,Ayacucho,Huamanga,San Juan Bautista,MOVIMIENTO REGIONAL GANA AYACUCHO,2612
050107,Ayacucho,Huamanga,San Juan Bautista,ALIANZA POR NUESTRO DESARROLLO,4971
050107,Ayacucho,Huamanga,San Juan Bautista,PARTIDO FRENTE DE LA ESPERANZA 2021,455
050107,Ayacucho,Huamanga,San Juan Bautista,ALIANZA PARA EL PROGRESO,1931
050107,Ayacucho,Huamanga,San Juan Bautista,PARTIDO DEMOCRATICO SOMOS PERU,812
050108,Ayacucho,Huamanga,Santiago de Pischa,MOVIMIENTO REGIONAL AGUA,549
050108,Ayacucho,Huamanga,Santiago de Pischa,MOVIMIENTO REGIONAL WARI LLAQTA,69
050108,Ayacucho,Huamanga,Santiago de Pischa,ALIANZA POR NUESTRO DESARROLLO,349
050109,Ayacucho,Huamanga,Vinchos,MOVIMIENTO REGIONAL AGUA,3791
050109,Ayacucho,Huamanga,Vinchos,MOVIMIENTO REGIONAL WARI LLAQTA,685
050109,Ayacucho,Huamanga,Vinchos,MOVIMIENTO REGIONAL GANA AYACUCHO,1559
050109,Ayacucho,Huamanga,Vinchos,ALIANZA POR NUESTRO DESARROLLO,3284
050110,Ayacucho,Huamanga,Tambillo,MOVIMIENTO REGIONAL AGUA,1321
050110,Ayacucho,Huamanga,Tambillo,MOVIMIENTO REGIONAL WARI LLAQTA,182
050110,Ayacucho,Huamanga,Tambillo,MOVIMIENTO REGIONAL GANA AYACUCHO,1564
050110,Ayacucho,Huamanga,Tambillo,ALIANZA POR NUESTRO DESARROLLO,554
050111,Ayacucho,Huamanga,Acocro,MOVIMIENTO REGIONAL AGUA,2595
050111,Ayacucho,Huamanga,Acocro,MOVIMIENTO REGIONAL WARI LLAQTA,208
050111,Ayacucho,Huamanga,Acocro,MOVIMIENTO REGIONAL GANA AYACUCHO,2117
050111,Ayacucho,Huamanga,Acocro,ALIANZA POR NUESTRO DESARROLLO,16
050111,Ayacucho,Huamanga,Acocro,PARTIDO POLITICO NACIONAL PERU LIBRE,17
050112,Ayacucho,Huamanga,Socos,MOVIMIENTO REGIONAL AGUA,836
050112,Ayacucho,Huamanga,Socos,MOVIMIENTO REGIONAL WARI LLAQTA,911
050112,Ayacucho,Huamanga,Socos,MOVIMIENTO REGIONAL GANA AYACUCHO,1430
050112,Ayacucho,Huamanga,Socos,ALIANZA POR NUESTRO DESARROLLO,1733
050113,Ayacucho,Huamanga,Ocros,MOVIMIENTO REGIONAL AGUA,1178
050113,Ayacucho,Huamanga,Ocros,MOVIMIENTO REGIONAL WARI LLAQTA,42
050113,Ayacucho,Huamanga,Ocros,MOVIMIENTO REGIONAL GANA AYACUCHO,510
050113,Ayacucho,Huamanga,Ocros,ALIANZA POR NUESTRO DESARROLLO,1292
050113,Ayacucho,Huamanga,Ocros,ACCION POPULAR,293
050114,Ayacucho,Huamanga,Pacaycasa,MOVIMIENTO REGIONAL AGUA,844
050114,Ayacucho,Huamanga,Pacaycasa,MOVIMIENTO REGIONAL WARI LLAQTA,351
050114,Ayacucho,Huamanga,Pacaycasa,MOVIMIENTO REGIONAL GANA AYACUCHO,724
050114,Ayacucho,Huamanga,Pacaycasa,ALIANZA POR NUESTRO DESARROLLO,8
050115,Ayacucho,Huamanga,Jesús Nazareno,MOVIMIENTO REGIONAL AGUA,3358
050115,Ayacucho,Huamanga,Jesús Nazareno,MOVIMIENTO REGIONAL WARI LLAQTA,1534
050115,Ayacucho,Huamanga,Jesús Nazareno,MOVIMIENTO REGIONAL GANA AYACUCHO,1481
050115,Ayacucho,Huamanga,Jesús Nazareno,ALIANZA POR NUESTRO DESARROLLO,1583
050115,Ayacucho,Huamanga,Jesús Nazareno,PARTIDO POLITICO NACIONAL PERU LIBRE,1372
050116,Ayacucho,Huamanga,Andrés Avelino Cáceres Dorregaray,MOVIMIENTO REGIONAL AGUA,3327
050116,Ayacucho,Huamanga,Andrés Avelino Cáceres Dorregaray,MOVIMIENTO REGIONAL WARI LLAQTA,2362
050116,Ayacucho,Huamanga,Andrés Avelino Cáceres Dorregaray,MOVIMIENTO REGIONAL GANA AYACUCHO,1397
050116,Ayacucho,Huamanga,Andrés Avelino Cáceres Dorregaray,ALIANZA POR NUESTRO DESARROLLO,723
050116,Ayacucho,Huamanga,Andrés Avelino Cáceres Dorregaray,PARTIDO FRENTE DE LA ESPERANZA 2021,227
050116,Ayacucho,Huamanga,Andrés Avelino Cáceres Dorregaray,ALIANZA PARA EL PROGRESO,240
050116,Ayacucho,Huamanga,Andrés Avelino Cáceres Dorregaray,PARTIDO POLITICO NACIONAL PERU LIBRE,200
050116,Ayacucho,Huamanga,Andrés Avelino Cáceres Dorregaray,PARTIDO DEMOCRATICO SOMOS PERU,538
050204,Ayacucho,Cangallo,Chuschi,MOVIMIENTO REGIONAL AGUA,1755
050204,Ayacucho,Cangallo,Chuschi,MOVIMIENTO REGIONAL WARI LLAQTA,511
050204,Ayacucho,Cangallo,Chuschi,ALIANZA POR NUESTRO DESARROLLO,1675
050206,Ayacucho,Cangallo,Los Morochucos,MOVIMIENTO REGIONAL AGUA,2377
050206,Ayacucho,Cangallo,Los Morochucos,MOVIMIENTO REGIONAL WARI LLAQTA,1276
050206,Ayacucho,Cangallo,Los Morochucos,ALIANZA POR NUESTRO DESARROLLO,1469
050207,Ayacucho,Cangallo,Paras,MOVIMIENTO REGIONAL AGUA,907
050207,Ayacucho,Cangallo,Paras,MOVIMIENTO REGIONAL WARI LLAQTA,906
050207,Ayacucho,Cangallo,Paras,ALIANZA POR NUESTRO DESARROLLO,899
050207,Ayacucho,Cangallo,Paras,PARTIDO FRENTE DE LA ESPERANZA 2021,18
050207,Ayacucho,Cangallo,Paras,ALIANZA PARA EL PROGRESO,67
050207,Ayacucho,Cangallo,Paras,PARTIDO DEMOCRATICO SOMOS PERU,88
050208,Ayacucho,Cangallo,Totos,MOVIMIENTO REGIONAL AGUA,1049
050208,Ayacucho,Cangallo,Totos,MOVIMIENTO REGIONAL WARI LLAQTA,371
050208,Ayacucho,Cangallo,Totos,ALIANZA POR NUESTRO DESARROLLO,806
050208,Ayacucho,Cangallo,Totos,ALIANZA PARA EL PROGRESO,26
050211,Ayacucho,Cangallo,María Parado de Bellido,MOVIMIENTO REGIONAL AGUA,338
050211,Ayacucho,Cangallo,María Parado de Bellido,MOVIMIENTO REGIONAL WARI LLAQTA,357
050211,Ayacucho,Cangallo,María Parado de Bellido,ALIANZA POR NUESTRO DESARROLLO,702
050211,Ayacucho,Cangallo,María Parado de Bellido,ALIANZA PARA EL PROGRESO,34
050302,Ayacucho,Huanta,Ayahuanco,MOVIMIENTO REGIONAL AGUA,633
050302,Ayacucho,Huanta,Ayahuanco,ALIANZA POR NUESTRO DESARROLLO,599
050302,Ayacucho,Huanta,Ayahuanco,ALIANZA PARA EL PROGRESO,2
050303,Ayacucho,Huanta,Huamanguilla,MOVIMIENTO REGIONAL AGUA,1324
050303,Ayacucho,Huanta,Huamanguilla,MOVIMIENTO REGIONAL WARI LLAQTA,74
050303,Ayacucho,Huanta,Huamanguilla,MOVIMIENTO REGIONAL GANA AYACUCHO,1247
050303,Ayacucho,Huanta,Huamanguilla,ALIANZA POR NUESTRO DESARROLLO,77
050303,Ayacucho,Huanta,Huamanguilla,PARTIDO POLITICO NACIONAL PERU LIBRE,28
050304,Ayacucho,Huanta,Iguain,MOVIMIENTO REGIONAL AGUA,1090
050304,Ayacucho,Huanta,Iguain,MOVIMIENTO REGIONAL WARI LLAQTA,503
050304,Ayacucho,Huanta,Iguain,MOVIMIENTO REGIONAL GANA AYACUCHO,319
050304,Ayacucho,Huanta,Iguain,ALIANZA POR NUESTRO DESARROLLO,205
050305,Ayacucho,Huanta,Luricocha,MOVIMIENTO REGIONAL AGUA,1356
050305,Ayacucho,Huanta,Luricocha,MOVIMIENTO REGIONAL WARI LLAQTA,195
050305,Ayacucho,Huanta,Luricocha,MOVIMIENTO REGIONAL GANA AYACUCHO,99
050305,Ayacucho,Huanta,Luricocha,ALIANZA POR NUESTRO DESARROLLO,763
050305,Ayacucho,Huanta,Luricocha,ALIANZA PARA EL PROGRESO,1195
050305,Ayacucho,Huanta,Luricocha,PARTIDO DEMOCRATICO SOMOS PERU,142
050307,Ayacucho,Huanta,Santillana,MOVIMIENTO REGIONAL AGUA,1461
050307,Ayacucho,Huanta,Santillana,MOVIMIENTO REGIONAL GANA AYACUCHO,554
050307,Ayacucho,Huanta,Santillana,ALIANZA POR NUESTRO DESARROLLO,333
050307,Ayacucho,Huanta,Santillana,ALIANZA PARA EL PROGRESO,44
050308,Ayacucho,Huanta,Sivia,MOVIMIENTO REGIONAL AGUA,741
050308,Ayacucho,Huanta,Sivia,MOVIMIENTO REGIONAL WARI LLAQTA,1496
050308,Ayacucho,Huanta,Sivia,MOVIMIENTO REGIONAL GANA AYACUCHO,928
050308,Ayacucho,Huanta,Sivia,ALIANZA POR NUESTRO DESARROLLO,1593
050308,Ayacucho,Huanta,Sivia,PARTIDO DEMOCRATICO SOMOS PERU,772
050309,Ayacucho,Huanta,Llochegua,MOVIMIENTO REGIONAL AGUA,761
050309,Ayacucho,Huanta,Llochegua,MOVIMIENTO REGIONAL WARI LLAQTA,382
050309,Ayacucho,Huanta,Llochegua,MOVIMIENTO REGIONAL GANA AYACUCHO,1472
050309,Ayacucho,Huanta,Llochegua,ALIANZA POR NUESTRO DESARROLLO,1685
050309,Ayacucho,Huanta,Llochegua,PARTIDO FRENTE DE LA ESPERANZA 2021,80
050309,Ayacucho,Huanta,Llochegua,ALIANZA PARA EL PROGRESO,253
050309,Ayacucho,Huanta,Llochegua,PARTIDO DEMOCRATICO SOMOS PERU,56
050310,Ayacucho,Huanta,Canayre,MOVIMIENTO REGIONAL AGUA,740
050310,Ayacucho,Huanta,Canayre,MOVIMIENTO REGIONAL WARI LLAQTA,451
050310,Ayacucho,Huanta,Canayre,MOVIMIENTO REGIONAL GANA AYACUCHO,519
050310,Ayacucho,Huanta,Canayre,ALIANZA POR NUESTRO DESARROLLO,38
050310,Ayacucho,Huanta,Canayre,ALIANZA PARA EL PROGRESO,139
050311,Ayacucho,Huanta,Uchuraccay,MOVIMIENTO REGIONAL AGUA,351
050311,Ayacucho,Huanta,Uchuraccay,MOVIMIENTO REGIONAL WARI LLAQTA,39
050311,Ayacucho,Huanta,Uchuraccay,MOVIMIENTO REGIONAL GANA AYACUCHO,731
050311,Ayacucho,Huanta,Uchuraccay,ALIANZA POR NUESTRO DESARROLLO,319
050311,Ayacucho,Huanta,Uchuraccay,PARTIDO FRENTE DE LA ESPERANZA 2021,13
050311,Ayacucho,Huanta,Uchuraccay,ALIANZA PARA EL PROGRESO,11
050311,Ayacucho,Huanta,Uchuraccay,PARTIDO POLITICO NACIONAL PERU LIBRE,4
050311,Ayacucho,Huanta,Uchuraccay,PARTIDO DEMOCRATICO SOMOS PERU,470
050312,Ayacucho,Huanta,Pucacolpa,MOVIMIENTO REGIONAL AGUA,529
050312,Ayacucho,Huanta,Pucacolpa,ALIANZA PARA EL PROGRESO,548
050312,Ayacucho,Huanta,Pucacolpa,PARTIDO POLITICO NACIONAL PERU LIBRE,383
050312,Ayacucho,Huanta,Pucacolpa,PARTIDO DEMOCRATICO SOMOS PERU,0
050313,Ayacucho,Huanta,Chaca,MOVIMIENTO REGIONAL AGUA,946
050313,Ayacucho,Huanta,Chaca,MOVIMIENTO REGIONAL WARI LLAQTA,5
050313,Ayacucho,Huanta,Chaca,MOVIMIENTO REGIONAL GANA AYACUCHO,11
050313,Ayacucho,Huanta,Chaca,ALIANZA POR NUESTRO DESARROLLO,509
050313,Ayacucho,Huanta,Chaca,ALIANZA PARA EL PROGRESO,13
050402,Ayacucho,La Mar,Anco,MOVIMIENTO REGIONAL AGUA,1694
050402,Ayacucho,La Mar,Anco,MOVIMIENTO REGIONAL WARI LLAQTA,623
050402,Ayacucho,La Mar,Anco,MOVIMIENTO REGIONAL GANA AYACUCHO,657
050402,Ayacucho,La Mar,Anco,ALIANZA POR NUESTRO DESARROLLO,273
050402,Ayacucho,La Mar,Anco,ALIANZA PARA EL PROGRESO,77
050402,Ayacucho,La Mar,Anco,PARTIDO POLITICO NACIONAL PERU LIBRE,5
050403,Ayacucho,La Mar,Ayna,MOVIMIENTO REGIONAL AGUA,374
050403,Ayacucho,La Mar,Ayna,MOVIMIENTO REGIONAL WARI LLAQTA,867
050403,Ayacucho,La Mar,Ayna,MOVIMIENTO REGIONAL GANA AYACUCHO,1691
050403,Ayacucho,La Mar,Ayna,ALIANZA POR NUESTRO DESARROLLO,1675
050403,Ayacucho,La Mar,Ayna,PARTIDO POLITICO NACIONAL PERU LIBRE,96
050404,Ayacucho,La Mar,Chilcas,MOVIMIENTO REGIONAL AGUA,400
050404,Ayacucho,La Mar,Chilcas,MOVIMIENTO REGIONAL WARI LLAQTA,343
050404,Ayacucho,La Mar,Chilcas,MOVIMIENTO REGIONAL GANA AYACUCHO,215
050404,Ayacucho,La Mar,Chilcas,ALIANZA POR NUESTRO DESARROLLO,218
050404,Ayacucho,La Mar,Chilcas,PARTIDO DEMOCRATICO SOMOS PERU,6
050405,Ayacucho,La Mar,Chungui,MOVIMIENTO REGIONAL AGUA,818
050405,Ayacucho,La Mar,Chungui,MOVIMIENTO REGIONAL WARI LLAQTA,985
050405,Ayacucho,La Mar,Chungui,MOVIMIENTO REGIONAL GANA AYACUCHO,273
050405,Ayacucho,La Mar,Chungui,ALIANZA POR NUESTRO DESARROLLO,57
050405,Ayacucho,La Mar,Chungui,PARTIDO POLITICO NACIONAL PERU LIBRE,229
050406,Ayacucho,La Mar,Tambo,MOVIMIENTO REGIONAL AGUA,527
050406,Ayacucho,La Mar,Tambo,MOVIMIENTO REGIONAL WARI LLAQTA,205
050406,Ayacucho,La Mar,Tambo,MOVIMIENTO REGIONAL GANA AYACUCHO,2597
050406,Ayacucho,La Mar,Tambo,ALIANZA POR NUESTRO DESARROLLO,2175
050406,Ayacucho,La Mar,Tambo,PARTIDO FRENTE DE LA ESPERANZA 2021,248
050406,Ayacucho,La Mar,Tambo,ALIANZA PARA EL PROGRESO,217
050406,Ayacucho,La Mar,Tambo,PARTIDO POLITICO NACIONAL PERU LIBRE,43
050406,Ayacucho,La Mar,Tambo,PARTIDO DEMOCRATICO SOMOS PERU,101
050407,Ayacucho,La Mar,Luis Carranza,MOVIMIENTO REGIONAL AGUA,125
050407,Ayacucho,La Mar,Luis Carranza,MOVIMIENTO REGIONAL WARI LLAQTA,515
050407,Ayacucho,La Mar,Luis Carranza,MOVIMIENTO REGIONAL GANA AYACUCHO,290
050407,Ayacucho,La Mar,Luis Carranza,ALIANZA POR NUESTRO DESARROLLO,51
050407,Ayacucho,La Mar,Luis Carranza,PARTIDO POLITICO NACIONAL PERU LIBRE,2
050408,Ayacucho,La Mar,Santa Rosa,MOVIMIENTO REGIONAL AGUA,1086
050408,Ayacucho,La Mar,Santa Rosa,MOVIMIENTO REGIONAL WARI LLAQTA,469
050408,Ayacucho,La Mar,Santa Rosa,MOVIMIENTO REGIONAL GANA AYACUCHO,2499
050408,Ayacucho,La Mar,Santa Rosa,ALIANZA POR NUESTRO DESARROLLO,725
050408,Ayacucho,La Mar,Santa Rosa,PARTIDO FRENTE DE LA ESPERANZA 2021,50
050408,Ayacucho,La Mar,Santa Rosa,ALIANZA PARA EL PROGRESO,267
050408,Ayacucho,La Mar,Santa Rosa,PARTIDO DEMOCRATICO SOMOS PERU,45
050409,Ayacucho,La Mar,Samugari,MOVIMIENTO REGIONAL AGUA,1727
050409,Ayacucho,La Mar,Samugari,MOVIMIENTO REGIONAL WARI LLAQTA,1794
050409,Ayacucho,La Mar,Samugari,MOVIMIENTO REGIONAL GANA AYACUCHO,83
050409,Ayacucho,La Mar,Samugari,ALIANZA POR NUESTRO DESARROLLO,65
050410,Ayacucho,La Mar,Anchihuay,MOVIMIENTO REGIONAL AGUA,659
050410,Ayacucho,La Mar,Anchihuay,MOVIMIENTO REGIONAL WARI LLAQTA,397
050410,Ayacucho,La Mar,Anchihuay,MOVIMIENTO REGIONAL GANA AYACUCHO,1167
050410,Ayacucho,La Mar,Anchihuay,ALIANZA POR NUESTRO DESARROLLO,39
050410,Ayacucho,La Mar,Anchihuay,PARTIDO POLITICO NACIONAL PERU LIBRE,11
050411,Ayacucho,La Mar,Oronccoy,MOVIMIENTO REGIONAL AGUA,110
050411,Ayacucho,La Mar,Oronccoy,MOVIMIENTO REGIONAL WARI LLAQTA,182
050411,Ayacucho,La Mar,Oronccoy,MOVIMIENTO REGIONAL GANA AYACUCHO,225
050411,Ayacucho,La Mar,Oronccoy,ALIANZA POR NUESTRO DESARROLLO,6
050412,Ayacucho,La Mar,Unión Progreso,MOVIMIENTO REGIONAL AGUA,159
050412,Ayacucho,La Mar,Unión Progreso,MOVIMIENTO REGIONAL WARI LLAQTA,208
050412,Ayacucho,La Mar,Unión Progreso,MOVIMIENTO REGIONAL GANA AYACUCHO,366
050412,Ayacucho,La Mar,Unión Progreso,ALIANZA POR NUESTRO DESARROLLO,10
050412,Ayacucho,La Mar,Unión Progreso,ALIANZA PARA EL PROGRESO,181
050412,Ayacucho,La Mar,Unión Progreso,PARTIDO POLITICO NACIONAL PERU LIBRE,27
050413,Ayacucho,La Mar,Patibamba,MOVIMIENTO REGIONAL AGUA,86
050413,Ayacucho,La Mar,Patibamba,MOVIMIENTO REGIONAL WARI LLAQTA,231
050413,Ayacucho,La Mar,Patibamba,MOVIMIENTO REGIONAL GANA AYACUCHO,154
050413,Ayacucho,La Mar,Patibamba,ALIANZA POR NUESTRO DESARROLLO,62
050413,Ayacucho,La Mar,Patibamba,PARTIDO POLITICO NACIONAL PERU LIBRE,15
050414,Ayacucho,La Mar,Ninabamba,MOVIMIENTO REGIONAL AGUA,164
050414,Ayacucho,La Mar,Ninabamba,MOVIMIENTO REGIONAL WARI LLAQTA,417
050414,Ayacucho,La Mar,Ninabamba,ALIANZA POR NUESTRO DESARROLLO,25
050414,Ayacucho,La Mar,Ninabamba,PARTIDO POLITICO NACIONAL PERU LIBRE,3
050415,Ayacucho,La Mar,Rio Magdalena,MOVIMIENTO REGIONAL AGUA,235
050415,Ayacucho,La Mar,Rio Magdalena,MOVIMIENTO REGIONAL WARI LLAQTA,441
050415,Ayacucho,La Mar,Rio Magdalena,ALIANZA POR NUESTRO DESARROLLO,114
050502,Ayacucho,Lucanas,Aucara,MOVIMIENTO REGIONAL AGUA,309
050502,Ayacucho,Lucanas,Aucara,MOVIMIENTO REGIONAL WARI LLAQTA,125
050502,Ayacucho,Lucanas,Aucara,MOVIMIENTO REGIONAL GANA AYACUCHO,451
050502,Ayacucho,Lucanas,Aucara,PARTIDO DEMOCRATICO SOMOS PERU,311
050503,Ayacucho,Lucanas,Cabana,MOVIMIENTO REGIONAL AGUA,176
050503,Ayacucho,Lucanas,Cabana,MOVIMIENTO REGIONAL WARI LLAQTA,120
050503,Ayacucho,Lucanas,Cabana,ALIANZA POR NUESTRO DESARROLLO,92
050503,Ayacucho,Lucanas,Cabana,JUNTOS POR EL PERU,25
050503,Ayacucho,Lucanas,Cabana,ALIANZA PARA EL PROGRESO,76
050503,Ayacucho,Lucanas,Cabana,PARTIDO POLITICO NACIONAL PERU LIBRE,101
050503,Ayacucho,Lucanas,Cabana,PARTIDO DEMOCRATICO SOMOS PERU,17
050504,Ayacucho,Lucanas,Carmen Salcedo,MOVIMIENTO REGIONAL AGUA,225
050504,Ayacucho,Lucanas,Carmen Salcedo,MOVIMIENTO REGIONAL WARI LLAQTA,134
050504,Ayacucho,Lucanas,Carmen Salcedo,JUNTOS POR EL PERU,38
050504,Ayacucho,Lucanas,Carmen Salcedo,PARTIDO POLITICO NACIONAL PERU LIBRE,206
050504,Ayacucho,Lucanas,Carmen Salcedo,PARTIDO DEMOCRATICO SOMOS PERU,31
050506,Ayacucho,Lucanas,Chaviña,MOVIMIENTO REGIONAL AGUA,338
050506,Ayacucho,Lucanas,Chaviña,MOVIMIENTO REGIONAL WARI LLAQTA,63
050506,Ayacucho,Lucanas,Chaviña,ALIANZA POR NUESTRO DESARROLLO,107
050506,Ayacucho,Lucanas,Chaviña,ACCION POPULAR,468
050506,Ayacucho,Lucanas,Chaviña,PARTIDO POLITICO NACIONAL PERU LIBRE,37
050508,Ayacucho,Lucanas,Chipao,MOVIMIENTO REGIONAL AGUA,22
050508,Ayacucho,Lucanas,Chipao,MOVIMIENTO REGIONAL WARI LLAQTA,320
050508,Ayacucho,Lucanas,Chipao,MOVIMIENTO REGIONAL GANA AYACUCHO,82
050508,Ayacucho,Lucanas,Chipao,ALIANZA POR NUESTRO DESARROLLO,364
050508,Ayacucho,Lucanas,Chipao,JUNTOS POR EL PERU,80
050508,Ayacucho,Lucanas,Chipao,PARTIDO DEMOCRATICO SOMOS PERU,353
050510,Ayacucho,Lucanas,Huac-Huas,MOVIMIENTO REGIONAL AGUA,528
050511,Ayacucho,Lucanas,Laramate,MOVIMIENTO REGIONAL AGUA,221
050511,Ayacucho,Lucanas,Laramate,MOVIMIENTO REGIONAL WARI LLAQTA,184
050511,Ayacucho,Lucanas,Laramate,MOVIMIENTO REGIONAL GANA AYACUCHO,164
050511,Ayacucho,Lucanas,Laramate,ALIANZA POR NUESTRO DESARROLLO,193
050511,Ayacucho,Lucanas,Laramate,PARTIDO POLITICO NACIONAL PERU LIBRE,21
050512,Ayacucho,Lucanas,Leoncio Prado,MOVIMIENTO REGIONAL AGUA,241
050512,Ayacucho,Lucanas,Leoncio Prado,MOVIMIENTO REGIONAL WARI LLAQTA,127
050512,Ayacucho,Lucanas,Leoncio Prado,ALIANZA POR NUESTRO DESARROLLO,181
050512,Ayacucho,Lucanas,Leoncio Prado,ALIANZA PARA EL PROGRESO,152
050513,Ayacucho,Lucanas,Lucanas,MOVIMIENTO REGIONAL AGUA,519
050513,Ayacucho,Lucanas,Lucanas,MOVIMIENTO REGIONAL WARI LLAQTA,142
050513,Ayacucho,Lucanas,Lucanas,ALIANZA POR NUESTRO DESARROLLO,163
050513,Ayacucho,Lucanas,Lucanas,JUNTOS POR EL PERU,362
050513,Ayacucho,Lucanas,Lucanas,ALIANZA PARA EL PROGRESO,47
050514,Ayacucho,Lucanas,Llauta,MOVIMIENTO REGIONAL AGUA,99
050514,Ayacucho,Lucanas,Llauta,MOVIMIENTO REGIONAL WARI LLAQTA,29
050514,Ayacucho,Lucanas,Llauta,ALIANZA POR NUESTRO DESARROLLO,51
050514,Ayacucho,Lucanas,Llauta,JUNTOS POR EL PERU,91
050514,Ayacucho,Lucanas,Llauta,ALIANZA PARA EL PROGRESO,290
050514,Ayacucho,Lucanas,Llauta,PARTIDO DEMOCRATICO SOMOS PERU,160
050516,Ayacucho,Lucanas,Ocaña,MOVIMIENTO REGIONAL WARI LLAQTA,763
050516,Ayacucho,Lucanas,Ocaña,MOVIMIENTO REGIONAL GANA AYACUCHO,82
050516,Ayacucho,Lucanas,Ocaña,ALIANZA POR NUESTRO DESARROLLO,525
050517,Ayacucho,Lucanas,Otoca,MOVIMIENTO REGIONAL AGUA,240
050517,Ayacucho,Lucanas,Otoca,MOVIMIENTO REGIONAL WARI LLAQTA,184
050517,Ayacucho,Lucanas,Otoca,MOVIMIENTO REGIONAL GANA AYACUCHO,135
050517,Ayacucho,Lucanas,Otoca,ALIANZA POR NUESTRO DESARROLLO,301
050517,Ayacucho,Lucanas,Otoca,ALIANZA PARA EL PROGRESO,83
050520,Ayacucho,Lucanas,Sancos,MOVIMIENTO REGIONAL AGUA,81
050520,Ayacucho,Lucanas,Sancos,MOVIMIENTO REGIONAL WARI LLAQTA,461
050520,Ayacucho,Lucanas,Sancos,MOVIMIENTO REGIONAL GANA AYACUCHO,574
050520,Ayacucho,Lucanas,Sancos,ALIANZA POR NUESTRO DESARROLLO,230
050520,Ayacucho,Lucanas,Sancos,JUNTOS POR EL PERU,75
050520,Ayacucho,Lucanas,Sancos,ALIANZA PARA EL PROGRESO,27
050521,Ayacucho,Lucanas,San Juan,MOVIMIENTO REGIONAL AGUA,26
050521,Ayacucho,Lucanas,San Juan,MOVIMIENTO REGIONAL WARI LLAQTA,62
050521,Ayacucho,Lucanas,San Juan,ALIANZA POR NUESTRO DESARROLLO,9
050521,Ayacucho,Lucanas,San Juan,JUNTOS POR EL PERU,136
050521,Ayacucho,Lucanas,San Juan,ALIANZA PARA EL PROGRESO,61
050521,Ayacucho,Lucanas,San Juan,PARTIDO DEMOCRATICO SOMOS PERU,93
050522,Ayacucho,Lucanas,San Pedro,MOVIMIENTO REGIONAL AGUA,538
050522,Ayacucho,Lucanas,San Pedro,MOVIMIENTO REGIONAL WARI LLAQTA,353
050522,Ayacucho,Lucanas,San Pedro,ALIANZA POR NUESTRO DESARROLLO,313
050522,Ayacucho,Lucanas,San Pedro,ALIANZA PARA EL PROGRESO,89
050522,Ayacucho,Lucanas,San Pedro,PARTIDO POLITICO NACIONAL PERU LIBRE,13
050524,Ayacucho,Lucanas,Santa Ana de Huaycahuacho,MOVIMIENTO REGIONAL AGUA,26
050524,Ayacucho,Lucanas,Santa Ana de Huaycahuacho,MOVIMIENTO REGIONAL GANA AYACUCHO,92
050524,Ayacucho,Lucanas,Santa Ana de Huaycahuacho,ALIANZA POR NUESTRO DESARROLLO,45
050524,Ayacucho,Lucanas,Santa Ana de Huaycahuacho,PARTIDO DEMOCRATICO SOMOS PERU,116
050525,Ayacucho,Lucanas,Santa Lucía,MOVIMIENTO REGIONAL AGUA,203
050525,Ayacucho,Lucanas,Santa Lucía,MOVIMIENTO REGIONAL WARI LLAQTA,10
050525,Ayacucho,Lucanas,Santa Lucía,PARTIDO DEMOCRATICO SOMOS PERU,296
050529,Ayacucho,Lucanas,Saisa,MOVIMIENTO REGIONAL AGUA,77
050529,Ayacucho,Lucanas,Saisa,MOVIMIENTO REGIONAL WARI LLAQTA,5
050529,Ayacucho,Lucanas,Saisa,JUNTOS POR EL PERU,134
050531,Ayacucho,Lucanas,San Pedro de Palco,MOVIMIENTO REGIONAL WARI LLAQTA,345
050531,Ayacucho,Lucanas,San Pedro de Palco,ALIANZA POR NUESTRO DESARROLLO,184
050532,Ayacucho,Lucanas,San Cristóbal,MOVIMIENTO REGIONAL AGUA,110
050532,Ayacucho,Lucanas,San Cristóbal,MOVIMIENTO REGIONAL WARI LLAQTA,356
050532,Ayacucho,Lucanas,San Cristóbal,ALIANZA POR NUESTRO DESARROLLO,68
050532,Ayacucho,Lucanas,San Cristóbal,JUNTOS POR EL PERU,269
050532,Ayacucho,Lucanas,San Cristóbal,PARTIDO POLITICO NACIONAL PERU LIBRE,63
050604,Ayacucho,Parinacochas,Coronel Castañeda,MOVIMIENTO REGIONAL AGUA,250
050604,Ayacucho,Parinacochas,Coronel Castañeda,MOVIMIENTO REGIONAL GANA AYACUCHO,32
050604,Ayacucho,Parinacochas,Coronel Castañeda,ALIANZA POR NUESTRO DESARROLLO,32
050604,Ayacucho,Parinacochas,Coronel Castañeda,PARTIDO POLITICO NACIONAL PERU LIBRE,136
050605,Ayacucho,Parinacochas,Chumpi,MOVIMIENTO REGIONAL AGUA,331
050605,Ayacucho,Parinacochas,Chumpi,MOVIMIENTO REGIONAL WARI LLAQTA,309
050605,Ayacucho,Parinacochas,Chumpi,MOVIMIENTO REGIONAL GANA AYACUCHO,43
050605,Ayacucho,Parinacochas,Chumpi,ALIANZA POR NUESTRO DESARROLLO,506
050608,Ayacucho,Parinacochas,Pacapausa,MOVIMIENTO REGIONAL AGUA,42
050608,Ayacucho,Parinacochas,Pacapausa,MOVIMIENTO REGIONAL GANA AYACUCHO,167
050608,Ayacucho,Parinacochas,Pacapausa,ALIANZA POR NUESTRO DESARROLLO,127
050608,Ayacucho,Parinacochas,Pacapausa,PARTIDO DEMOCRATICO SOMOS PERU,69
050611,Ayacucho,Parinacochas,Pullo,MOVIMIENTO REGIONAL AGUA,695
050611,Ayacucho,Parinacochas,Pullo,MOVIMIENTO REGIONAL GANA AYACUCHO,55
050611,Ayacucho,Parinacochas,Pullo,ALIANZA POR NUESTRO DESARROLLO,581
050611,Ayacucho,Parinacochas,Pullo,PARTIDO POLITICO NACIONAL PERU LIBRE,466
050612,Ayacucho,Parinacochas,Puyusca,MOVIMIENTO REGIONAL AGUA,270
050612,Ayacucho,Parinacochas,Puyusca,MOVIMIENTO REGIONAL WARI LLAQTA,329
050612,Ayacucho,Parinacochas,Puyusca,MOVIMIENTO REGIONAL GANA AYACUCHO,211
050612,Ayacucho,Parinacochas,Puyusca,ALIANZA POR NUESTRO DESARROLLO,251
050612,Ayacucho,Parinacochas,Puyusca,PARTIDO POLITICO NACIONAL PERU LIBRE,22
050615,Ayacucho,Parinacochas,San Francisco de Ravacayco,MOVIMIENTO REGIONAL AGUA,195
050615,Ayacucho,Parinacochas,San Francisco de Ravacayco,MOVIMIENTO REGIONAL GANA AYACUCHO,141
050615,Ayacucho,Parinacochas,San Francisco de Ravacayco,ALIANZA POR NUESTRO DESARROLLO,69
050615,Ayacucho,Parinacochas,San Francisco de Ravacayco,PARTIDO POLITICO NACIONAL PERU LIBRE,26
050616,Ayacucho,Parinacochas,Upahuacho,MOVIMIENTO REGIONAL AGUA,252
050616,Ayacucho,Parinacochas,Upahuacho,MOVIMIENTO REGIONAL WARI LLAQTA,174
050616,Ayacucho,Parinacochas,Upahuacho,MOVIMIENTO REGIONAL GANA AYACUCHO,96
050616,Ayacucho,Parinacochas,Upahuacho,ALIANZA POR NUESTRO DESARROLLO,154
050702,Ayacucho,Víctor Fajardo,Alcamenca,MOVIMIENTO REGIONAL AGUA,503
050702,Ayacucho,Víctor Fajardo,Alcamenca,MOVIMIENTO REGIONAL WARI LLAQTA,552
050702,Ayacucho,Víctor Fajardo,Alcamenca,MOVIMIENTO REGIONAL GANA AYACUCHO,117
050702,Ayacucho,Víctor Fajardo,Alcamenca,ALIANZA POR NUESTRO DESARROLLO,11
050703,Ayacucho,Víctor Fajardo,Apongo,MOVIMIENTO REGIONAL AGUA,216
050703,Ayacucho,Víctor Fajardo,Apongo,MOVIMIENTO REGIONAL WARI LLAQTA,99
050703,Ayacucho,Víctor Fajardo,Apongo,MOVIMIENTO REGIONAL GANA AYACUCHO,87
050703,Ayacucho,Víctor Fajardo,Apongo,ALIANZA POR NUESTRO DESARROLLO,55
050703,Ayacucho,Víctor Fajardo,Apongo,PARTIDO DEMOCRATICO SOMOS PERU,18
050704,Ayacucho,Víctor Fajardo,Canaria,MOVIMIENTO REGIONAL AGUA,149
050704,Ayacucho,Víctor Fajardo,Canaria,MOVIMIENTO REGIONAL WARI LLAQTA,258
050704,Ayacucho,Víctor Fajardo,Canaria,MOVIMIENTO REGIONAL GANA AYACUCHO,341
050704,Ayacucho,Víctor Fajardo,Canaria,ALIANZA POR NUESTRO DESARROLLO,58
050704,Ayacucho,Víctor Fajardo,Canaria,ALIANZA PARA EL PROGRESO,11
050704,Ayacucho,Víctor Fajardo,Canaria,PARTIDO POLITICO NACIONAL PERU LIBRE,416
050706,Ayacucho,Víctor Fajardo,Cayara,MOVIMIENTO REGIONAL AGUA,177
050706,Ayacucho,Víctor Fajardo,Cayara,MOVIMIENTO REGIONAL WARI LLAQTA,89
050706,Ayacucho,Víctor Fajardo,Cayara,MOVIMIENTO REGIONAL GANA AYACUCHO,254
050706,Ayacucho,Víctor Fajardo,Cayara,ALIANZA POR NUESTRO DESARROLLO,70
050706,Ayacucho,Víctor Fajardo,Cayara,PARTIDO POLITICO NACIONAL PERU LIBRE,141
050706,Ayacucho,Víctor Fajardo,Cayara,PARTIDO DEMOCRATICO SOMOS PERU,18
050707,Ayacucho,Víctor Fajardo,Colca,MOVIMIENTO REGIONAL AGUA,18
050707,Ayacucho,Víctor Fajardo,Colca,MOVIMIENTO REGIONAL WARI LLAQTA,214
050707,Ayacucho,Víctor Fajardo,Colca,MOVIMIENTO REGIONAL GANA AYACUCHO,446
050707,Ayacucho,Víctor Fajardo,Colca,ALIANZA POR NUESTRO DESARROLLO,326
050707,Ayacucho,Víctor Fajardo,Colca,PARTIDO POLITICO NACIONAL PERU LIBRE,0
050708,Ayacucho,Víctor Fajardo,Hualla,MOVIMIENTO REGIONAL AGUA,171
050708,Ayacucho,Víctor Fajardo,Hualla,MOVIMIENTO REGIONAL WARI LLAQTA,316
050708,Ayacucho,Víctor Fajardo,Hualla,MOVIMIENTO REGIONAL GANA AYACUCHO,212
050708,Ayacucho,Víctor Fajardo,Hualla,ALIANZA POR NUESTRO DESARROLLO,109
050708,Ayacucho,Víctor Fajardo,Hualla,PARTIDO POLITICO NACIONAL PERU LIBRE,150
050708,Ayacucho,Víctor Fajardo,Hualla,PARTIDO DEMOCRATICO SOMOS PERU,22
050709,Ayacucho,Víctor Fajardo,Huamanquiquia,MOVIMIENTO REGIONAL AGUA,361
050709,Ayacucho,Víctor Fajardo,Huamanquiquia,MOVIMIENTO REGIONAL WARI LLAQTA,44
050709,Ayacucho,Víctor Fajardo,Huamanquiquia,MOVIMIENTO REGIONAL GANA AYACUCHO,261
050709,Ayacucho,Víctor Fajardo,Huamanquiquia,ALIANZA POR NUESTRO DESARROLLO,12
050710,Ayacucho,Víctor Fajardo,Huancaraylla,MOVIMIENTO REGIONAL AGUA,495
050710,Ayacucho,Víctor Fajardo,Huancaraylla,MOVIMIENTO REGIONAL WARI LLAQTA,487
050710,Ayacucho,Víctor Fajardo,Huancaraylla,MOVIMIENTO REGIONAL GANA AYACUCHO,9
050710,Ayacucho,Víctor Fajardo,Huancaraylla,ALIANZA POR NUESTRO DESARROLLO,2
050713,Ayacucho,Víctor Fajardo,Sarhua,MOVIMIENTO REGIONAL AGUA,391
050713,Ayacucho,Víctor Fajardo,Sarhua,MOVIMIENTO REGIONAL WARI LLAQTA,309
050713,Ayacucho,Víctor Fajardo,Sarhua,MOVIMIENTO REGIONAL GANA AYACUCHO,290
050713,Ayacucho,Víctor Fajardo,Sarhua,PARTIDO FRENTE DE LA ESPERANZA 2021,94
050713,Ayacucho,Víctor Fajardo,Sarhua,PARTIDO POLITICO NACIONAL PERU LIBRE,458
050714,Ayacucho,Víctor Fajardo,Vilcanchos,MOVIMIENTO REGIONAL AGUA,707
050714,Ayacucho,Víctor Fajardo,Vilcanchos,MOVIMIENTO REGIONAL WARI LLAQTA,450
050714,Ayacucho,Víctor Fajardo,Vilcanchos,MOVIMIENTO REGIONAL GANA AYACUCHO,359
050714,Ayacucho,Víctor Fajardo,Vilcanchos,PARTIDO DEMOCRATICO SOMOS PERU,39
050715,Ayacucho,Víctor Fajardo,Asquipata,MOVIMIENTO REGIONAL AGUA,18
050715,Ayacucho,Víctor Fajardo,Asquipata,MOVIMIENTO REGIONAL WARI LLAQTA,1
050715,Ayacucho,Víctor Fajardo,Asquipata,MOVIMIENTO REGIONAL GANA AYACUCHO,101
050715,Ayacucho,Víctor Fajardo,Asquipata,PARTIDO POLITICO NACIONAL PERU LIBRE,157
050802,Ayacucho,Huanca Sancos,Sacsamarca,MOVIMIENTO REGIONAL AGUA,547
050802,Ayacucho,Huanca Sancos,Sacsamarca,MOVIMIENTO REGIONAL GANA AYACUCHO,58
050802,Ayacucho,Huanca Sancos,Sacsamarca,ALIANZA POR NUESTRO DESARROLLO,62
050802,Ayacucho,Huanca Sancos,Sacsamarca,ALIANZA PARA EL PROGRESO,177
050803,Ayacucho,Huanca Sancos,Santiago de Lucanamarca,MOVIMIENTO REGIONAL AGUA,419
050803,Ayacucho,Huanca Sancos,Santiago de Lucanamarca,MOVIMIENTO REGIONAL GANA AYACUCHO,317
050803,Ayacucho,Huanca Sancos,Santiago de Lucanamarca,ALIANZA POR NUESTRO DESARROLLO,140
050803,Ayacucho,Huanca Sancos,Santiago de Lucanamarca,PARTIDO POLITICO NACIONAL PERU LIBRE,228
050804,Ayacucho,Huanca Sancos,Carapo,MOVIMIENTO REGIONAL AGUA,89
050804,Ayacucho,Huanca Sancos,Carapo,MOVIMIENTO REGIONAL GANA AYACUCHO,352
050804,Ayacucho,Huanca Sancos,Carapo,ALIANZA POR NUESTRO DESARROLLO,234
050804,Ayacucho,Huanca Sancos,Carapo,PARTIDO POLITICO NACIONAL PERU LIBRE,383
050804,Ayacucho,Huanca Sancos,Carapo,PARTIDO DEMOCRATICO SOMOS PERU,247
050902,Ayacucho,Vilcas Huamán,Vischongo,MOVIMIENTO REGIONAL AGUA,804
050902,Ayacucho,Vilcas Huamán,Vischongo,MOVIMIENTO REGIONAL WARI LLAQTA,667
050902,Ayacucho,Vilcas Huamán,Vischongo,ALIANZA POR NUESTRO DESARROLLO,485
050902,Ayacucho,Vilcas Huamán,Vischongo,PARTIDO DEMOCRATICO SOMOS PERU,403
050903,Ayacucho,Vilcas Huamán,Accomarca,MOVIMIENTO REGIONAL AGUA,228
050903,Ayacucho,Vilcas Huamán,Accomarca,MOVIMIENTO REGIONAL WARI LLAQTA,162
050903,Ayacucho,Vilcas Huamán,Accomarca,MOVIMIENTO REGIONAL GANA AYACUCHO,34
050903,Ayacucho,Vilcas Huamán,Accomarca,ALIANZA POR NUESTRO DESARROLLO,327
050903,Ayacucho,Vilcas Huamán,Accomarca,PARTIDO FRENTE DE LA ESPERANZA 2021,4
050903,Ayacucho,Vilcas Huamán,Accomarca,PARTIDO DEMOCRATICO SOMOS PERU,63
050904,Ayacucho,Vilcas Huamán,Carhuanca,MOVIMIENTO REGIONAL AGUA,197
050904,Ayacucho,Vilcas Huamán,Carhuanca,MOVIMIENTO REGIONAL WARI LLAQTA,128
050904,Ayacucho,Vilcas Huamán,Carhuanca,MOVIMIENTO REGIONAL GANA AYACUCHO,53
050904,Ayacucho,Vilcas Huamán,Carhuanca,ALIANZA POR NUESTRO DESARROLLO,119
050905,Ayacucho,Vilcas Huamán,Concepción,MOVIMIENTO REGIONAL AGUA,746
050905,Ayacucho,Vilcas Huamán,Concepción,MOVIMIENTO REGIONAL WARI LLAQTA,224
050905,Ayacucho,Vilcas Huamán,Concepción,MOVIMIENTO REGIONAL GANA AYACUCHO,486
050905,Ayacucho,Vilcas Huamán,Concepción,ALIANZA POR NUESTRO DESARROLLO,60
050906,Ayacucho,Vilcas Huamán,Huambalpa,MOVIMIENTO REGIONAL AGUA,233
050906,Ayacucho,Vilcas Huamán,Huambalpa,MOVIMIENTO REGIONAL WARI LLAQTA,514
050906,Ayacucho,Vilcas Huamán,Huambalpa,MOVIMIENTO REGIONAL GANA AYACUCHO,24
050906,Ayacucho,Vilcas Huamán,Huambalpa,ALIANZA POR NUESTRO DESARROLLO,218
050906,Ayacucho,Vilcas Huamán,Huambalpa,PARTIDO DEMOCRATICO SOMOS PERU,13
050907,Ayacucho,Vilcas Huamán,Saurama,MOVIMIENTO REGIONAL AGUA,274
050907,Ayacucho,Vilcas Huamán,Saurama,MOVIMIENTO REGIONAL WARI LLAQTA,126
050907,Ayacucho,Vilcas Huamán,Saurama,MOVIMIENTO REGIONAL GANA AYACUCHO,2
050907,Ayacucho,Vilcas Huamán,Saurama,ALIANZA POR NUESTRO DESARROLLO,363
050908,Ayacucho,Vilcas Huamán,Independencia,MOVIMIENTO REGIONAL AGUA,317
050908,Ayacucho,Vilcas Huamán,Independencia,MOVIMIENTO REGIONAL WARI LLAQTA,277
050908,Ayacucho,Vilcas Huamán,Independencia,ALIANZA POR NUESTRO DESARROLLO,239
051002,Ayacucho,Páucar del Sara Sara,Colta,MOVIMIENTO REGIONAL AGUA,39
051002,Ayacucho,Páucar del Sara Sara,Colta,ALIANZA POR NUESTRO DESARROLLO,95
051002,Ayacucho,Páucar del Sara Sara,Colta,PARTIDO POLITICO NACIONAL PERU LIBRE,108
051003,Ayacucho,Páucar del Sara Sara,Corculla,MOVIMIENTO REGIONAL AGUA,83
051003,Ayacucho,Páucar del Sara Sara,Corculla,MOVIMIENTO REGIONAL GANA AYACUCHO,32
051003,Ayacucho,Páucar del Sara Sara,Corculla,ALIANZA POR NUESTRO DESARROLLO,18
051003,Ayacucho,Páucar del Sara Sara,Corculla,PARTIDO POLITICO NACIONAL PERU LIBRE,83
051004,Ayacucho,Páucar del Sara Sara,Lampa,MOVIMIENTO REGIONAL AGUA,193
051004,Ayacucho,Páucar del Sara Sara,Lampa,MOVIMIENTO REGIONAL WARI LLAQTA,326
051004,Ayacucho,Páucar del Sara Sara,Lampa,MOVIMIENTO REGIONAL GANA AYACUCHO,266
051004,Ayacucho,Páucar del Sara Sara,Lampa,ALIANZA POR NUESTRO DESARROLLO,62
051005,Ayacucho,Páucar del Sara Sara,Marcabamba,MOVIMIENTO REGIONAL AGUA,87
051005,Ayacucho,Páucar del Sara Sara,Marcabamba,MOVIMIENTO REGIONAL WARI LLAQTA,35
051005,Ayacucho,Páucar del Sara Sara,Marcabamba,MOVIMIENTO REGIONAL GANA AYACUCHO,29
051005,Ayacucho,Páucar del Sara Sara,Marcabamba,ALIANZA POR NUESTRO DESARROLLO,77
051005,Ayacucho,Páucar del Sara Sara,Marcabamba,ALIANZA PARA EL PROGRESO,64
051006,Ayacucho,Páucar del Sara Sara,Oyolo,MOVIMIENTO REGIONAL AGUA,30
051006,Ayacucho,Páucar del Sara Sara,Oyolo,MOVIMIENTO REGIONAL WARI LLAQTA,19
051006,Ayacucho,Páucar del Sara Sara,Oyolo,MOVIMIENTO REGIONAL GANA AYACUCHO,208
051006,Ayacucho,Páucar del Sara Sara,Oyolo,ALIANZA POR NUESTRO DESARROLLO,246
051006,Ayacucho,Páucar del Sara Sara,Oyolo,PARTIDO POLITICO NACIONAL PERU LIBRE,5
051007,Ayacucho,Páucar del Sara Sara,Pararca,MOVIMIENTO REGIONAL AGUA,66
051007,Ayacucho,Páucar del Sara Sara,Pararca,MOVIMIENTO REGIONAL WARI LLAQTA,9
051007,Ayacucho,Páucar del Sara Sara,Pararca,MOVIMIENTO REGIONAL GANA AYACUCHO,111
051007,Ayacucho,Páucar del Sara Sara,Pararca,ALIANZA POR NUESTRO DESARROLLO,49
051007,Ayacucho,Páucar del Sara Sara,Pararca,ALIANZA PARA EL PROGRESO,60
051008,Ayacucho,Páucar del Sara Sara,San Javier de Alpabamba,MOVIMIENTO REGIONAL AGUA,63
051008,Ayacucho,Páucar del Sara Sara,San Javier de Alpabamba,MOVIMIENTO REGIONAL WARI LLAQTA,83
051008,Ayacucho,Páucar del Sara Sara,San Javier de Alpabamba,MOVIMIENTO REGIONAL GANA AYACUCHO,124
051008,Ayacucho,Páucar del Sara Sara,San Javier de Alpabamba,ALIANZA POR NUESTRO DESARROLLO,50
051009,Ayacucho,Páucar del Sara Sara,San José de Ushua,MOVIMIENTO REGIONAL AGUA,69
051009,Ayacucho,Páucar del Sara Sara,San José de Ushua,ALIANZA POR NUESTRO DESARROLLO,39
051010,Ayacucho,Páucar del Sara Sara,Sara Sara,MOVIMIENTO REGIONAL AGUA,136
051010,Ayacucho,Páucar del Sara Sara,Sara Sara,MOVIMIENTO REGIONAL WARI LLAQTA,41
051010,Ayacucho,Páucar del Sara Sara,Sara Sara,MOVIMIENTO REGIONAL GANA AYACUCHO,135
051010,Ayacucho,Páucar del Sara Sara,Sara Sara,ALIANZA POR NUESTRO DESARROLLO,11
051102,Ayacucho,Sucre,Belén,MOVIMIENTO REGIONAL AGUA,34
051102,Ayacucho,Sucre,Belén,MOVIMIENTO REGIONAL WARI LLAQTA,22
051102,Ayacucho,Sucre,Belén,MOVIMIENTO REGIONAL GANA AYACUCHO,5
051102,Ayacucho,Sucre,Belén,ALIANZA POR NUESTRO DESARROLLO,83
051102,Ayacucho,Sucre,Belén,PARTIDO POLITICO NACIONAL PERU LIBRE,8
051103,Ayacucho,Sucre,Chalcos,MOVIMIENTO REGIONAL AGUA,125
051103,Ayacucho,Sucre,Chalcos,MOVIMIENTO REGIONAL GANA AYACUCHO,35
051103,Ayacucho,Sucre,Chalcos,ALIANZA POR NUESTRO DESARROLLO,162
051103,Ayacucho,Sucre,Chalcos,PARTIDO POLITICO NACIONAL PERU LIBRE,24
051103,Ayacucho,Sucre,Chalcos,PARTIDO DEMOCRATICO SOMOS PERU,1
051104,Ayacucho,Sucre,San Salvador de Quije,MOVIMIENTO REGIONAL AGUA,127
051104,Ayacucho,Sucre,San Salvador de Quije,MOVIMIENTO REGIONAL WARI LLAQTA,185
051104,Ayacucho,Sucre,San Salvador de Quije,MOVIMIENTO REGIONAL GANA AYACUCHO,56
051104,Ayacucho,Sucre,San Salvador de Quije,ALIANZA POR NUESTRO DESARROLLO,160
051104,Ayacucho,Sucre,San Salvador de Quije,PARTIDO POLITICO NACIONAL PERU LIBRE,156
051104,Ayacucho,Sucre,San Salvador de Quije,PARTIDO DEMOCRATICO SOMOS PERU,0
051105,Ayacucho,Sucre,Paico,MOVIMIENTO REGIONAL AGUA,110
051105,Ayacucho,Sucre,Paico,MOVIMIENTO REGIONAL WARI LLAQTA,93
051105,Ayacucho,Sucre,Paico,MOVIMIENTO REGIONAL GANA AYACUCHO,6
051105,Ayacucho,Sucre,Paico,ALIANZA POR NUESTRO DESARROLLO,16
051105,Ayacucho,Sucre,Paico,PARTIDO POLITICO NACIONAL PERU LIBRE,46
051105,Ayacucho,Sucre,Paico,PARTIDO DEMOCRATICO SOMOS PERU,108
051106,Ayacucho,Sucre,Santiago de Paucaray,MOVIMIENTO REGIONAL AGUA,173
051106,Ayacucho,Sucre,Santiago de Paucaray,MOVIMIENTO REGIONAL WARI LLAQTA,6
051106,Ayacucho,Sucre,Santiago de Paucaray,ALIANZA POR NUESTRO DESARROLLO,179
051106,Ayacucho,Sucre,Santiago de Paucaray,PARTIDO POLITICO NACIONAL PERU LIBRE,13
051106,Ayacucho,Sucre,Santiago de Paucaray,PARTIDO DEMOCRATICO SOMOS PERU,10
051107,Ayacucho,Sucre,San Pedro de larcay,MOVIMIENTO REGIONAL AGUA,58
051107,Ayacucho,Sucre,San Pedro de larcay,ALIANZA POR NUESTRO DESARROLLO,154
051107,Ayacucho,Sucre,San Pedro de larcay,PARTIDO POLITICO NACIONAL PERU LIBRE,200
051107,Ayacucho,Sucre,San Pedro de larcay,PARTIDO DEMOCRATICO SOMOS PERU,42
051108,Ayacucho,Sucre,Soras,MOVIMIENTO REGIONAL AGUA,176
051108,Ayacucho,Sucre,Soras,MOVIMIENTO REGIONAL WARI LLAQTA,242
051108,Ayacucho,Sucre,Soras,ALIANZA POR NUESTRO DESARROLLO,106
051108,Ayacucho,Sucre,Soras,PARTIDO DEMOCRATICO SOMOS PERU,0
051109,Ayacucho,Sucre,Huacaña,MOVIMIENTO REGIONAL AGUA,96
051109,Ayacucho,Sucre,Huacaña,MOVIMIENTO REGIONAL WARI LLAQTA,120
051109,Ayacucho,Sucre,Huacaña,ALIANZA POR NUESTRO DESARROLLO,13
051109,Ayacucho,Sucre,Huacaña,PARTIDO POLITICO NACIONAL PERU LIBRE,25
051110,Ayacucho,Sucre,Chilcayoc,MOVIMIENTO REGIONAL AGUA,108
051110,Ayacucho,Sucre,Chilcayoc,MOVIMIENTO REGIONAL WARI LLAQTA,116
051110,Ayacucho,Sucre,Chilcayoc,ALIANZA POR NUESTRO DESARROLLO,137
051110,Ayacucho,Sucre,Chilcayoc,PARTIDO DEMOCRATICO SOMOS PERU,68
051111,Ayacucho,Sucre,Morcolla,MOVIMIENTO REGIONAL AGUA,143
051111,Ayacucho,Sucre,Morcolla,MOVIMIENTO REGIONAL WARI LLAQTA,143
051111,Ayacucho,Sucre,Morcolla,MOVIMIENTO REGIONAL GANA AYACUCHO,64
051111,Ayacucho,Sucre,Morcolla,ALIANZA POR NUESTRO DESARROLLO,72
051111,Ayacucho,Sucre,Morcolla,PARTIDO POLITICO NACIONAL PERU LIBRE,66
051111,Ayacucho,Sucre,Morcolla,PARTIDO DEMOCRATICO SOMOS PERU,28
060102,Cajamarca,Cajamarca,Asunción,FRENTE REGIONAL DE CAJAMARCA,2190
060102,Cajamarca,Cajamarca,Asunción,AVANZA PAIS - PARTIDO DE INTEGRACION SOCIAL,401
060102,Cajamarca,Cajamarca,Asunción,PARTIDO DEMOCRATICO SOMOS PERU,1846
060103,Cajamarca,Cajamarca,Cospan,FRENTE REGIONAL DE CAJAMARCA,1569
060103,Cajamarca,Cajamarca,Cospan,PARTIDO POLITICO NACIONAL PERU LIBRE,721
060103,Cajamarca,Cajamarca,Cospan,PARTIDO DEMOCRATICO SOMOS PERU,1411
060104,Cajamarca,Cajamarca,Chetilla,CAJAMARCA SIEMPRE VERDE,740
060104,Cajamarca,Cajamarca,Chetilla,FRENTE REGIONAL DE CAJAMARCA,15
060104,Cajamarca,Cajamarca,Chetilla,PARTIDO FRENTE DE LA ESPERANZA 2021,721
060104,Cajamarca,Cajamarca,Chetilla,AVANZA PAIS - PARTIDO DE INTEGRACION SOCIAL,645
060104,Cajamarca,Cajamarca,Chetilla,PARTIDO DEMOCRATICO SOMOS PERU,198
060105,Cajamarca,Cajamarca,Encañada,CAJAMARCA SIEMPRE VERDE,4051
060105,Cajamarca,Cajamarca,Encañada,FRENTE REGIONAL DE CAJAMARCA,1007
060105,Cajamarca,Cajamarca,Encañada,PARTIDO FRENTE DE LA ESPERANZA 2021,194
060105,Cajamarca,Cajamarca,Encañada,ACCION POPULAR,1041
060105,Cajamarca,Cajamarca,Encañada,AVANZA PAIS - PARTIDO DE INTEGRACION SOCIAL,3686
060105,Cajamarca,Cajamarca,Encañada,PARTIDO POLITICO NACIONAL PERU LIBRE,3300
060105,Cajamarca,Cajamarca,Encañada,PARTIDO DEMOCRATICO SOMOS PERU,3908
060106,Cajamarca,Cajamarca,Jesús,CAJAMARCA SIEMPRE VERDE,1676
060106,Cajamarca,Cajamarca,Jesús,FRENTE REGIONAL DE CAJAMARCA,120
060106,Cajamarca,Cajamarca,Jesús,PARTIDO FRENTE DE LA ESPERANZA 2021,1604
060106,Cajamarca,Cajamarca,Jesús,ACCION POPULAR,638
060106,Cajamarca,Cajamarca,Jesús,PODEMOS PERU,2441
060106,Cajamarca,Cajamarca,Jesús,RENOVACION POPULAR,633
060106,Cajamarca,Cajamarca,Jesús,ALIANZA PARA EL PROGRESO,542
060106,Cajamarca,Cajamarca,Jesús,PARTIDO DEMOCRATICO SOMOS PERU,281
060107,Cajamarca,Cajamarca,Los Baños del Inca,CAJAMARCA SIEMPRE VERDE,5606
060107,Cajamarca,Cajamarca,Los Baños del Inca,FRENTE REGIONAL DE CAJAMARCA,457
060107,Cajamarca,Cajamarca,Los Baños del Inca,PARTIDO FRENTE DE LA ESPERANZA 2021,1426
060107,Cajamarca,Cajamarca,Los Baños del Inca,JUNTOS POR EL PERU,67
060107,Cajamarca,Cajamarca,Los Baños del Inca,RENOVACION POPULAR,466
060107,Cajamarca,Cajamarca,Los Baños del Inca,ALIANZA PARA EL PROGRESO,1128
060107,Cajamarca,Cajamarca,Los Baños del Inca,AVANZA PAIS - PARTIDO DE INTEGRACION SOCIAL,6849
060107,Cajamarca,Cajamarca,Los Baños del Inca,PARTIDO DEMOCRATICO SOMOS PERU,5805
060108,Cajamarca,Cajamarca,Llacanora,CAJAMARCA SIEMPRE VERDE,909
060108,Cajamarca,Cajamarca,Llacanora,FRENTE REGIONAL DE CAJAMARCA,615
060108,Cajamarca,Cajamarca,Llacanora,PARTIDO FRENTE DE LA ESPERANZA 2021,18
060108,Cajamarca,Cajamarca,Llacanora,ACCION POPULAR,798
060108,Cajamarca,Cajamarca,Llacanora,PODEMOS PERU,659
060108,Cajamarca,Cajamarca,Llacanora,ALIANZA PARA EL PROGRESO,41
060108,Cajamarca,Cajamarca,Llacanora,PARTIDO DEMOCRATICO SOMOS PERU,515
060109,Cajamarca,Cajamarca,Magdalena,FRENTE REGIONAL DE CAJAMARCA,1774
060109,Cajamarca,Cajamarca,Magdalena,AVANZA PAIS - PARTIDO DE INTEGRACION SOCIAL,2311
060109,Cajamarca,Cajamarca,Magdalena,PARTIDO DEMOCRATICO SOMOS PERU,1281
060110,Cajamarca,Cajamarca,Matara,CAJAMARCA SIEMPRE VERDE,129
060110,Cajamarca,Cajamarca,Matara,FRENTE REGIONAL DE CAJAMARCA,370
060110,Cajamarca,Cajamarca,Matara,AVANZA PAIS - PARTIDO DE INTEGRACION SOCIAL,762
060110,Cajamarca,Cajamarca,Matara,PARTIDO POLITICO NACIONAL PERU LIBRE,133
060110,Cajamarca,Cajamarca,Matara,PARTIDO DEMOCRATICO SOMOS PERU,896
060111,Cajamarca,Cajamarca,Namora,FRENTE REGIONAL DE CAJAMARCA,2068
060111,Cajamarca,Cajamarca,Namora,PARTIDO FRENTE DE LA ESPERANZA 2021,208
060111,Cajamarca,Cajamarca,Namora,ALIANZA PARA EL PROGRESO,1203
060111,Cajamarca,Cajamarca,Namora,PARTIDO DEMOCRATICO SOMOS PERU,2351
060112,Cajamarca,Cajamarca,San Juan,CAJAMARCA SIEMPRE VERDE,304
060112,Cajamarca,Cajamarca,San Juan,FRENTE REGIONAL DE CAJAMARCA,283
060112,Cajamarca,Cajamarca,San Juan,PARTIDO FRENTE DE LA ESPERANZA 2021,259
060112,Cajamarca,Cajamarca,San Juan,ACCION POPULAR,601
060112,Cajamarca,Cajamarca,San Juan,ALIANZA PARA EL PROGRESO,68
060112,Cajamarca,Cajamarca,San Juan,AVANZA PAIS - PARTIDO DE INTEGRACION SOCIAL,1197
060112,Cajamarca,Cajamarca,San Juan,PARTIDO DEMOCRATICO SOMOS PERU,268
060202,Cajamarca,Cajabamba,Cachachi,CAJAMARCA SIEMPRE VERDE,213
060202,Cajamarca,Cajabamba,Cachachi,FRENTE REGIONAL DE CAJAMARCA,4004
060202,Cajamarca,Cajabamba,Cachachi,ALIANZA PARA EL PROGRESO,573
060202,Cajamarca,Cajabamba,Cachachi,AVANZA PAIS - PARTIDO DE INTEGRACION SOCIAL,451
060202,Cajamarca,Cajabamba,Cachachi,PARTIDO DEMOCRATICO SOMOS PERU,2204
060203,Cajamarca,Cajabamba,Condebamba,CAJAMARCA SIEMPRE VERDE,540
060203,Cajamarca,Cajabamba,Condebamba,FRENTE REGIONAL DE CAJAMARCA,1422
060203,Cajamarca,Cajabamba,Condebamba,ACCION POPULAR,70
060203,Cajamarca,Cajabamba,Condebamba,PODEMOS PERU,258
060203,Cajamarca,Cajabamba,Condebamba,RENOVACION POPULAR,259
060203,Cajamarca,Cajabamba,Condebamba,ALIANZA PARA EL PROGRESO,94
060203,Cajamarca,Cajabamba,Condebamba,AVANZA PAIS - PARTIDO DE INTEGRACION SOCIAL,982
060203,Cajamarca,Cajabamba,Condebamba,PARTIDO DEMOCRATICO SOMOS PERU,1887
060205,Cajamarca,Cajabamba,Sitacocha,FRENTE REGIONAL DE CAJAMARCA,1291
060205,Cajamarca,Cajabamba,Sitacocha,PODEMOS PERU,876
060205,Cajamarca,Cajabamba,Sitacocha,ALIANZA PARA EL PROGRESO,53
060205,Cajamarca,Cajabamba,Sitacocha,AVANZA PAIS - PARTIDO DE INTEGRACION SOCIAL,670
060205,Cajamarca,Cajabamba,Sitacocha,PARTIDO DEMOCRATICO SOMOS PERU,488
060302,Cajamarca,Celendín,Cortegana,CAJAMARCA SIEMPRE VERDE,22
060302,Cajamarca,Celendín,Cortegana,FRENTE REGIONAL DE CAJAMARCA,1435
060302,Cajamarca,Celendín,Cortegana,AVANZA PAIS - PARTIDO DE INTEGRACION SOCIAL,1161
060302,Cajamarca,Celendín,Cortegana,PARTIDO DEMOCRATICO SOMOS PERU,941
060303,Cajamarca,Celendín,Chumuch,FRENTE REGIONAL DE CAJAMARCA,346
060303,Cajamarca,Celendín,Chumuch,ACCION POPULAR,267
060303,Cajamarca,Celendín,Chumuch,AVANZA PAIS - PARTIDO DE INTEGRACION SOCIAL,392
060303,Cajamarca,Celendín,Chumuch,PARTIDO DEMOCRATICO SOMOS PERU,482
060304,Cajamarca,Celendín,Huasmín,CAJAMARCA SIEMPRE VERDE,84
060304,Cajamarca,Celendín,Huasmín,FRENTE REGIONAL DE CAJAMARCA,1328
060304,Cajamarca,Celendín,Huasmín,PARTIDO FRENTE DE LA ESPERANZA 2021,6
060304,Cajamarca,Celendín,Huasmín,JUNTOS POR EL PERU,183
060304,Cajamarca,Celendín,Huasmín,ACCION POPULAR,2674
060304,Cajamarca,Celendín,Huasmín,ALIANZA PARA EL PROGRESO,202
060304,Cajamarca,Celendín,Huasmín,AVANZA PAIS - PARTIDO DE INTEGRACION SOCIAL,374
060304,Cajamarca,Celendín,Huasmín,PARTIDO POLITICO NACIONAL PERU LIBRE,182
060304,Cajamarca,Celendín,Huasmín,PARTIDO DEMOCRATICO SOMOS PERU,732
060305,Cajamarca,Celendín,Jorge Chávez,FRENTE REGIONAL DE CAJAMARCA,218
060305,Cajamarca,Celendín,Jorge Chávez,ACCION POPULAR,265
060305,Cajamarca,Celendín,Jorge Chávez,AVANZA PAIS - PARTIDO DE INTEGRACION SOCIAL,103
060306,Cajamarca,Celendín,José Gálvez,CAJAMARCA SIEMPRE VERDE,82
060306,Cajamarca,Celendín,José Gálvez,FRENTE REGIONAL DE CAJAMARCA,423
060306,Cajamarca,Celendín,José Gálvez,JUNTOS POR EL PERU,266
060306,Cajamarca,Celendín,José Gálvez,ACCION POPULAR,271
060306,Cajamarca,Celendín,José Gálvez,PODEMOS PERU,83
060306,Cajamarca,Celendín,José Gálvez,ALIANZA PARA EL PROGRESO,53
060306,Cajamarca,Celendín,José Gálvez,AVANZA PAIS - PARTIDO DE INTEGRACION SOCIAL,144
060306,Cajamarca,Celendín,José Gálvez,PARTIDO DEMOCRATICO SOMOS PERU,380
060307,Cajamarca,Celendín,Miguel Iglesias,FRENTE REGIONAL DE CAJAMARCA,339
060307,Cajamarca,Celendín,Miguel Iglesias,PARTIDO POLITICO NACIONAL PERU LIBRE,1008
060307,Cajamarca,Celendín,Miguel Iglesias,PARTIDO DEMOCRATICO SOMOS PERU,978
060308,Cajamarca,Celendín,Oxamarca,FRENTE REGIONAL DE CAJAMARCA,1640
060308,Cajamarca,Celendín,Oxamarca,ACCION POPULAR,214
060308,Cajamarca,Celendín,Oxamarca,AVANZA PAIS - PARTIDO DE INTEGRACION SOCIAL,1448
060309,Cajamarca,Celendín,Sorochuco,CAJAMARCA SIEMPRE VERDE,255
060309,Cajamarca,Celendín,Sorochuco,FRENTE REGIONAL DE CAJAMARCA,1752
060309,Cajamarca,Celendín,Sorochuco,ACCION POPULAR,1699
060309,Cajamarca,Celendín,Sorochuco,RENOVACION POPULAR,51
060309,Cajamarca,Celendín,Sorochuco,ALIANZA PARA EL PROGRESO,303
060309,Cajamarca,Celendín,Sorochuco,AVANZA PAIS - PARTIDO DE INTEGRACION SOCIAL,1318
060310,Cajamarca,Celendín,Sucre,CAJAMARCA SIEMPRE VERDE,12
060310,Cajamarca,Celendín,Sucre,FRENTE REGIONAL DE CAJAMARCA,834
060310,Cajamarca,Celendín,Sucre,ACCION POPULAR,1010
060310,Cajamarca,Celendín,Sucre,RENOVACION POPULAR,36
060310,Cajamarca,Celendín,Sucre,ALIANZA PARA EL PROGRESO,78
060310,Cajamarca,Celendín,Sucre,AVANZA PAIS - PARTIDO DE INTEGRACION SOCIAL,784
060310,Cajamarca,Celendín,Sucre,PARTIDO DEMOCRATICO SOMOS PERU,61
060311,Cajamarca,Celendín,Utco,FRENTE REGIONAL DE CAJAMARCA,304
060311,Cajamarca,Celendín,Utco,ACCION POPULAR,512
060311,Cajamarca,Celendín,Utco,AVANZA PAIS - PARTIDO DE INTEGRACION SOCIAL,4
060311,Cajamarca,Celendín,Utco,PARTIDO DEMOCRATICO SOMOS PERU,148
060312,Cajamarca,Celendín,La Libertad de Pallán,CAJAMARCA SIEMPRE VERDE,28
060312,Cajamarca,Celendín,La Libertad de Pallán,FRENTE REGIONAL DE CAJAMARCA,1580
060312,Cajamarca,Celendín,La Libertad de Pallán,ACCION POPULAR,1734
060312,Cajamarca,Celendín,La Libertad de Pallán,AVANZA PAIS - PARTIDO DE INTEGRACION SOCIAL,402
060312,Cajamarca,Celendín,La Libertad de Pallán,PARTIDO POLITICO NACIONAL PERU LIBRE,101
060403,Cajamarca,Contumazá,Chilete,FRENTE REGIONAL DE CAJAMARCA,46
060403,Cajamarca,Contumazá,Chilete,PARTIDO FRENTE DE LA ESPERANZA 2021,187
060403,Cajamarca,Contumazá,Chilete,ACCION POPULAR,22
060403,Cajamarca,Contumazá,Chilete,ALIANZA PARA EL PROGRESO,448
060403,Cajamarca,Contumazá,Chilete,PARTIDO POLITICO NACIONAL PERU LIBRE,745
060403,Cajamarca,Contumazá,Chilete,PARTIDO DEMOCRATICO SOMOS PERU,320
060404,Cajamarca,Contumazá,Guzmango,FRENTE REGIONAL DE CAJAMARCA,157
060404,Cajamarca,Contumazá,Guzmango,ACCION POPULAR,517
060404,Cajamarca,Contumazá,Guzmango,PODEMOS PERU,75
060404,Cajamarca,Contumazá,Guzmango,ALIANZA PARA EL PROGRESO,173
060404,Cajamarca,Contumazá,Guzmango,PARTIDO DEMOCRATICO SOMOS PERU,604
060405,Cajamarca,Contumazá,San Benito,FRENTE REGIONAL DE CAJAMARCA,57
060405,Cajamarca,Contumazá,San Benito,ACCION POPULAR,171
060405,Cajamarca,Contumazá,San Benito,PODEMOS PERU,85
060405,Cajamarca,Contumazá,San Benito,ALIANZA PARA EL PROGRESO,214
060405,Cajamarca,Contumazá,San Benito,PARTIDO POLITICO NACIONAL PERU LIBRE,679
060405,Cajamarca,Contumazá,San Benito,PARTIDO DEMOCRATICO SOMOS PERU,711
060406,Cajamarca,Contumazá,Cupisnique,CAJAMARCA SIEMPRE VERDE,426
060406,Cajamarca,Contumazá,Cupisnique,FRENTE REGIONAL DE CAJAMARCA,43
060406,Cajamarca,Contumazá,Cupisnique,ACCION POPULAR,74
060406,Cajamarca,Contumazá,Cupisnique,ALIANZA PARA EL PROGRESO,386
060406,Cajamarca,Contumazá,Cupisnique,PARTIDO DEMOCRATICO SOMOS PERU,58
060407,Cajamarca,Contumazá,Tantarica,CAJAMARCA SIEMPRE VERDE,500
060407,Cajamarca,Contumazá,Tantarica,FRENTE REGIONAL DE CAJAMARCA,38
060407,Cajamarca,Contumazá,Tantarica,ACCION POPULAR,635
060407,Cajamarca,Contumazá,Tantarica,PARTIDO DEMOCRATICO SOMOS PERU,312
060408,Cajamarca,Contumazá,Yonán,CAJAMARCA SIEMPRE VERDE,1058
060408,Cajamarca,Contumazá,Yonán,FRENTE REGIONAL DE CAJAMARCA,522
060408,Cajamarca,Contumazá,Yonán,ALIANZA PARA EL PROGRESO,1387
060408,Cajamarca,Contumazá,Yonán,PARTIDO DEMOCRATICO SOMOS PERU,702
060409,Cajamarca,Contumazá,Santa Cruz de Toledo,CAJAMARCA SIEMPRE VERDE,309
060409,Cajamarca,Contumazá,Santa Cruz de Toledo,FRENTE REGIONAL DE CAJAMARCA,246
060409,Cajamarca,Contumazá,Santa Cruz de Toledo,ALIANZA PARA EL PROGRESO,191
060409,Cajamarca,Contumazá,Santa Cruz de Toledo,PARTIDO DEMOCRATICO SOMOS PERU,28
060502,Cajamarca,Cutervo,Callayuc,CAJAMARCA SIEMPRE VERDE,179
060502,Cajamarca,Cutervo,Callayuc,ALIANZA PARA EL PROGRESO,1726
060502,Cajamarca,Cutervo,Callayuc,AVANZA PAIS - PARTIDO DE INTEGRACION SOCIAL,2729
060503,Cajamarca,Cutervo,Cujillo,CAJAMARCA SIEMPRE VERDE,729
060503,Cajamarca,Cutervo,Cujillo,ALIANZA PARA EL PROGRESO,525
060503,Cajamarca,Cutervo,Cujillo,AVANZA PAIS - PARTIDO DE INTEGRACION SOCIAL,270
060504,Cajamarca,Cutervo,Choros,CAJAMARCA SIEMPRE VERDE,528
060504,Cajamarca,Cutervo,Choros,FRENTE REGIONAL DE CAJAMARCA,3
060504,Cajamarca,Cutervo,Choros,PARTIDO FRENTE DE LA ESPERANZA 2021,30
060504,Cajamarca,Cutervo,Choros,ALIANZA PARA EL PROGRESO,673
060504,Cajamarca,Cutervo,Choros,AVANZA PAIS - PARTIDO DE INTEGRACION SOCIAL,400
060504,Cajamarca,Cutervo,Choros,PARTIDO POLITICO NACIONAL PERU LIBRE,515
060504,Cajamarca,Cutervo,Choros,PARTIDO DEMOCRATICO SOMOS PERU,125
060505,Cajamarca,Cutervo,La Ramada,CAJAMARCA SIEMPRE VERDE,1263
060505,Cajamarca,Cutervo,La Ramada,ALIANZA PARA EL PROGRESO,756
060506,Cajamarca,Cutervo,Pimpingos,CAJAMARCA SIEMPRE VERDE,7
060506,Cajamarca,Cutervo,Pimpingos,FRENTE REGIONAL DE CAJAMARCA,1076
060506,Cajamarca,Cutervo,Pimpingos,ALIANZA PARA EL PROGRESO,856
060506,Cajamarca,Cutervo,Pimpingos,AVANZA PAIS - PARTIDO DE INTEGRACION SOCIAL,1054
060506,Cajamarca,Cutervo,Pimpingos,PARTIDO DEMOCRATICO SOMOS PERU,131
060507,Cajamarca,Cutervo,Querocotillo,CAJAMARCA SIEMPRE VERDE,3696
060507,Cajamarca,Cutervo,Querocotillo,FRENTE REGIONAL DE CAJAMARCA,122
060507,Cajamarca,Cutervo,Querocotillo,ALIANZA PARA EL PROGRESO,2071
060507,Cajamarca,Cutervo,Querocotillo,AVANZA PAIS - PARTIDO DE INTEGRACION SOCIAL,374
060508,Cajamarca,Cutervo,San Andrés de Cutervo,CAJAMARCA SIEMPRE VERDE,231
060508,Cajamarca,Cutervo,San Andrés de Cutervo,ALIANZA PARA EL PROGRESO,1051
060508,Cajamarca,Cutervo,San Andrés de Cutervo,PARTIDO POLITICO NACIONAL PERU LIBRE,1148
060508,Cajamarca,Cutervo,San Andrés de Cutervo,PARTIDO DEMOCRATICO SOMOS PERU,207
060509,Cajamarca,Cutervo,San Juan de Cutervo,CAJAMARCA SIEMPRE VERDE,245
060509,Cajamarca,Cutervo,San Juan de Cutervo,ALIANZA PARA EL PROGRESO,173
060509,Cajamarca,Cutervo,San Juan de Cutervo,AVANZA PAIS - PARTIDO DE INTEGRACION SOCIAL,447
060509,Cajamarca,Cutervo,San Juan de Cutervo,PARTIDO DEMOCRATICO SOMOS PERU,409
060510,Cajamarca,Cutervo,San Luis de Lucma,CAJAMARCA SIEMPRE VERDE,951
060510,Cajamarca,Cutervo,San Luis de Lucma,FRENTE REGIONAL DE CAJAMARCA,855
060510,Cajamarca,Cutervo,San Luis de Lucma,ALIANZA PARA EL PROGRESO,117
060511,Cajamarca,Cutervo,Santa Cruz,CAJAMARCA SIEMPRE VERDE,450
060511,Cajamarca,Cutervo,Santa Cruz,FRENTE REGIONAL DE CAJAMARCA,41
060511,Cajamarca,Cutervo,Santa Cruz,ALIANZA PARA EL PROGRESO,971
060511,Cajamarca,Cutervo,Santa Cruz,PARTIDO DEMOCRATICO SOMOS PERU,504
060512,Cajamarca,Cutervo,Santo Domingo de la Capilla,CAJAMARCA SIEMPRE VERDE,853
060512,Cajamarca,Cutervo,Santo Domingo de la Capilla,FRENTE REGIONAL DE CAJAMARCA,84
060512,Cajamarca,Cutervo,Santo Domingo de la Capilla,PARTIDO FRENTE DE LA ESPERANZA 2021,51
060512,Cajamarca,Cutervo,Santo Domingo de la Capilla,ALIANZA PARA EL PROGRESO,648
060512,Cajamarca,Cutervo,Santo Domingo de la Capilla,AVANZA PAIS - PARTIDO DE INTEGRACION SOCIAL,1313
060512,Cajamarca,Cutervo,Santo Domingo de la Capilla,PARTIDO MORADO,53
060512,Cajamarca,Cutervo,Santo Domingo de la Capilla,PARTIDO DEMOCRATICO SOMOS PERU,283
060513,Cajamarca,Cutervo,Santo Tomás,CAJAMARCA SIEMPRE VERDE,683
060513,Cajamarca,Cutervo,Santo Tomás,FRENTE REGIONAL DE CAJAMARCA,1044
060513,Cajamarca,Cutervo,Santo Tomás,ALIANZA PARA EL PROGRESO,1352
060513,Cajamarca,Cutervo,Santo Tomás,AVANZA PAIS - PARTIDO DE INTEGRACION SOCIAL,1090
060514,Cajamarca,Cutervo,Socota,CAJAMARCA SIEMPRE VERDE,2144
060514,Cajamarca,Cutervo,Socota,FRENTE REGIONAL DE CAJAMARCA,109
060514,Cajamarca,Cutervo,Socota,ALIANZA PARA EL PROGRESO,1774
060514,Cajamarca,Cutervo,Socota,AVANZA PAIS - PARTIDO DE INTEGRACION SOCIAL,1380
060514,Cajamarca,Cutervo,Socota,PARTIDO DEMOCRATICO SOMOS PERU,95
060515,Cajamarca,Cutervo,Toribio Casanova,CAJAMARCA SIEMPRE VERDE,209
060515,Cajamarca,Cutervo,Toribio Casanova,FRENTE REGIONAL DE CAJAMARCA,278
060515,Cajamarca,Cutervo,Toribio Casanova,ALIANZA PARA EL PROGRESO,348
060515,Cajamarca,Cutervo,Toribio Casanova,AVANZA PAIS - PARTIDO DE INTEGRACION SOCIAL,5
060602,Cajamarca,Chota,Anguia,ALIANZA PARA EL PROGRESO,1320
060602,Cajamarca,Chota,Anguia,PARTIDO DEMOCRATICO SOMOS PERU,698
060603,Cajamarca,Chota,Cochabamba,FRENTE REGIONAL DE CAJAMARCA,817
060603,Cajamarca,Chota,Cochabamba,ALIANZA PARA EL PROGRESO,215
060603,Cajamarca,Chota,Cochabamba,AVANZA PAIS - PARTIDO DE INTEGRACION SOCIAL,1413
060603,Cajamarca,Chota,Cochabamba,PARTIDO DEMOCRATICO SOMOS PERU,440
060604,Cajamarca,Chota,Conchán,FRENTE REGIONAL DE CAJAMARCA,887
060604,Cajamarca,Chota,Conchán,ALIANZA PARA EL PROGRESO,934
060604,Cajamarca,Chota,Conchán,AVANZA PAIS - PARTIDO DE INTEGRACION SOCIAL,873
060604,Cajamarca,Chota,Conchán,PARTIDO DEMOCRATICO SOMOS PERU,397
060605,Cajamarca,Chota,Chadin,FRENTE REGIONAL DE CAJAMARCA,1203
060605,Cajamarca,Chota,Chadin,PARTIDO DEMOCRATICO SOMOS PERU,1210
060606,Cajamarca,Chota,Chiguirip,ALIANZA PARA EL PROGRESO,911
060606,Cajamarca,Chota,Chiguirip,AVANZA PAIS - PARTIDO DE INTEGRACION SOCIAL,1444
060607,Cajamarca,Chota,Chimbán,ALIANZA PARA EL PROGRESO,726
060608,Cajamarca,Chota,Huambos,FRENTE REGIONAL DE CAJAMARCA,366
060608,Cajamarca,Chota,Huambos,ALIANZA PARA EL PROGRESO,2762
060608,Cajamarca,Chota,Huambos,AVANZA PAIS - PARTIDO DE INTEGRACION SOCIAL,1346
060609,Cajamarca,Chota,Lajas,PODEMOS PERU,197
060609,Cajamarca,Chota,Lajas,ALIANZA PARA EL PROGRESO,2548
060609,Cajamarca,Chota,Lajas,AVANZA PAIS - PARTIDO DE INTEGRACION SOCIAL,2782
060609,Cajamarca,Chota,Lajas,PARTIDO POLITICO NACIONAL PERU LIBRE,976
060610,Cajamarca,Chota,Llama,ALIANZA PARA EL PROGRESO,1437
060610,Cajamarca,Chota,Llama,AVANZA PAIS - PARTIDO DE INTEGRACION SOCIAL,296
060610,Cajamarca,Chota,Llama,PARTIDO POLITICO NACIONAL PERU LIBRE,148
060610,Cajamarca,Chota,Llama,PARTIDO DEMOCRATICO SOMOS PERU,1756
060611,Cajamarca,Chota,Miracosta,FRENTE REGIONAL DE CAJAMARCA,550
060611,Cajamarca,Chota,Miracosta,RENOVACION POPULAR,78
060611,Cajamarca,Chota,Miracosta,ALIANZA PARA EL PROGRESO,796
060611,Cajamarca,Chota,Miracosta,AVANZA PAIS - PARTIDO DE INTEGRACION SOCIAL,476
060611,Cajamarca,Chota,Miracosta,PARTIDO DEMOCRATICO SOMOS PERU,88
060612,Cajamarca,Chota,Paccha,ALIANZA PARA EL PROGRESO,1285
060612,Cajamarca,Chota,Paccha,AVANZA PAIS - PARTIDO DE INTEGRACION SOCIAL,1266
060613,Cajamarca,Chota,Pion,ALIANZA PARA EL PROGRESO,513
060614,Cajamarca,Chota,Querocoto,FRENTE REGIONAL DE CAJAMARCA,2114
060614,Cajamarca,Chota,Querocoto,ACCION POPULAR,1392
060614,Cajamarca,Chota,Querocoto,ALIANZA PARA EL PROGRESO,768
060614,Cajamarca,Chota,Querocoto,PARTIDO DEMOCRATICO SOMOS PERU,47
060615,Cajamarca,Chota,Tacabamba,ALIANZA PARA EL PROGRESO,3505
060615,Cajamarca,Chota,Tacabamba,AVANZA PAIS - PARTIDO DE INTEGRACION SOCIAL,3041
060615,Cajamarca,Chota,Tacabamba,PARTIDO DEMOCRATICO SOMOS PERU,526
060616,Cajamarca,Chota,Tocmoche,FRENTE REGIONAL DE CAJAMARCA,263
060616,Cajamarca,Chota,Tocmoche,ALIANZA PARA EL PROGRESO,227
060616,Cajamarca,Chota,Tocmoche,AVANZA PAIS - PARTIDO DE INTEGRACION SOCIAL,107
060616,Cajamarca,Chota,Tocmoche,PARTIDO DEMOCRATICO SOMOS PERU,204
060617,Cajamarca,Chota,San Juan de Licupis,ALIANZA PARA EL PROGRESO,520
060617,Cajamarca,Chota,San Juan de Licupis,AVANZA PAIS - PARTIDO DE INTEGRACION SOCIAL,221
060618,Cajamarca,Chota,Choropampa,FRENTE REGIONAL DE CAJAMARCA,236
060618,Cajamarca,Chota,Choropampa,ALIANZA PARA EL PROGRESO,1052
060618,Cajamarca,Chota,Choropampa,PARTIDO POLITICO NACIONAL PERU LIBRE,561
060619,Cajamarca,Chota,Chalamarca,FRENTE REGIONAL DE CAJAMARCA,2161
060619,Cajamarca,Chota,Chalamarca,ALIANZA PARA EL PROGRESO,1440
060619,Cajamarca,Chota,Chalamarca,AVANZA PAIS - PARTIDO DE INTEGRACION SOCIAL,172
060619,Cajamarca,Chota,Chalamarca,PARTIDO POLITICO NACIONAL PERU LIBRE,1510
060619,Cajamarca,Chota,Chalamarca,PARTIDO DEMOCRATICO SOMOS PERU,465
060702,Cajamarca,Hualgayoc,Chugur,FRENTE REGIONAL DE CAJAMARCA,440
060702,Cajamarca,Hualgayoc,Chugur,PARTIDO FRENTE DE LA ESPERANZA 2021,586
060702,Cajamarca,Hualgayoc,Chugur,PODEMOS PERU,1097
060702,Cajamarca,Hualgayoc,Chugur,PARTIDO DEMOCRATICO SOMOS PERU,40
060703,Cajamarca,Hualgayoc,Hualgayoc,FRENTE REGIONAL DE CAJAMARCA,276
060703,Cajamarca,Hualgayoc,Hualgayoc,ACCION POPULAR,1918
060703,Cajamarca,Hualgayoc,Hualgayoc,PODEMOS PERU,1326
060703,Cajamarca,Hualgayoc,Hualgayoc,ALIANZA PARA EL PROGRESO,1881
060703,Cajamarca,Hualgayoc,Hualgayoc,AVANZA PAIS - PARTIDO DE INTEGRACION SOCIAL,148
060703,Cajamarca,Hualgayoc,Hualgayoc,PARTIDO DEMOCRATICO SOMOS PERU,2955
060802,Cajamarca,Jaén,Bellavista,CAJAMARCA SIEMPRE VERDE,151
060802,Cajamarca,Jaén,Bellavista,FRENTE REGIONAL DE CAJAMARCA,1528
060802,Cajamarca,Jaén,Bellavista,PARTIDO FRENTE DE LA ESPERANZA 2021,1272
060802,Cajamarca,Jaén,Bellavista,ACCION POPULAR,677
060802,Cajamarca,Jaén,Bellavista,ALIANZA PARA EL PROGRESO,1866
060802,Cajamarca,Jaén,Bellavista,AVANZA PAIS - PARTIDO DE INTEGRACION SOCIAL,1109
060802,Cajamarca,Jaén,Bellavista,PARTIDO DEMOCRATICO SOMOS PERU,1591
060803,Cajamarca,Jaén,Colasay,CAJAMARCA SIEMPRE VERDE,1001
060803,Cajamarca,Jaén,Colasay,PODEMOS PERU,17
060803,Cajamarca,Jaén,Colasay,ALIANZA PARA EL PROGRESO,2004
060803,Cajamarca,Jaén,Colasay,AVANZA PAIS - PARTIDO DE INTEGRACION SOCIAL,997
060803,Cajamarca,Jaén,Colasay,PARTIDO DEMOCRATICO SOMOS PERU,2178
060804,Cajamarca,Jaén,Chontali,CAJAMARCA SIEMPRE VERDE,392
060804,Cajamarca,Jaén,Chontali,FRENTE REGIONAL DE CAJAMARCA,790
060804,Cajamarca,Jaén,Chontali,PARTIDO FRENTE DE LA ESPERANZA 2021,1435
060804,Cajamarca,Jaén,Chontali,ALIANZA PARA EL PROGRESO,461
060804,Cajamarca,Jaén,Chontali,AVANZA PAIS - PARTIDO DE INTEGRACION SOCIAL,728
060804,Cajamarca,Jaén,Chontali,PARTIDO DEMOCRATICO SOMOS PERU,1898
060805,Cajamarca,Jaén,Pomahuaca,FRENTE REGIONAL DE CAJAMARCA,1532
060805,Cajamarca,Jaén,Pomahuaca,PODEMOS PERU,179
060805,Cajamarca,Jaén,Pomahuaca,AVANZA PAIS - PARTIDO DE INTEGRACION SOCIAL,1401
060805,Cajamarca,Jaén,Pomahuaca,PARTIDO MORADO,137
060805,Cajamarca,Jaén,Pomahuaca,PARTIDO DEMOCRATICO SOMOS PERU,1622
060806,Cajamarca,Jaén,Pucará,CAJAMARCA SIEMPRE VERDE,481
060806,Cajamarca,Jaén,Pucará,FRENTE REGIONAL DE CAJAMARCA,64
060806,Cajamarca,Jaén,Pucará,PARTIDO FRENTE DE LA ESPERANZA 2021,1277
060806,Cajamarca,Jaén,Pucará,ACCION POPULAR,1197
060806,Cajamarca,Jaén,Pucará,RENOVACION POPULAR,203
060806,Cajamarca,Jaén,Pucará,ALIANZA PARA EL PROGRESO,199
060806,Cajamarca,Jaén,Pucará,AVANZA PAIS - PARTIDO DE INTEGRACION SOCIAL,812
060807,Cajamarca,Jaén,Sallique,CAJAMARCA SIEMPRE VERDE,1641
060807,Cajamarca,Jaén,Sallique,FRENTE REGIONAL DE CAJAMARCA,103
060807,Cajamarca,Jaén,Sallique,PARTIDO FRENTE DE LA ESPERANZA 2021,33
060807,Cajamarca,Jaén,Sallique,PODEMOS PERU,61
060807,Cajamarca,Jaén,Sallique,ALIANZA PARA EL PROGRESO,478
060807,Cajamarca,Jaén,Sallique,PARTIDO DEMOCRATICO SOMOS PERU,1591
060808,Cajamarca,Jaén,San Felipe,CAJAMARCA SIEMPRE VERDE,80
060808,Cajamarca,Jaén,San Felipe,FRENTE REGIONAL DE CAJAMARCA,704
060808,Cajamarca,Jaén,San Felipe,PARTIDO FRENTE DE LA ESPERANZA 2021,43
060808,Cajamarca,Jaén,San Felipe,ACCION POPULAR,695
060808,Cajamarca,Jaén,San Felipe,ALIANZA PARA EL PROGRESO,568
060808,Cajamarca,Jaén,San Felipe,PARTIDO DEMOCRATICO SOMOS PERU,495
060809,Cajamarca,Jaén,San José del Alto,CAJAMARCA SIEMPRE VERDE,1127
060809,Cajamarca,Jaén,San José del Alto,FRENTE REGIONAL DE CAJAMARCA,320
060809,Cajamarca,Jaén,San José del Alto,PARTIDO FRENTE DE LA ESPERANZA 2021,1341
060809,Cajamarca,Jaén,San José del Alto,ACCION POPULAR,37
060809,Cajamarca,Jaén,San José del Alto,ALIANZA PARA EL PROGRESO,238
060809,Cajamarca,Jaén,San José del Alto,PARTIDO DEMOCRATICO SOMOS PERU,1359
060810,Cajamarca,Jaén,Santa Rosa,CAJAMARCA SIEMPRE VERDE,176
060810,Cajamarca,Jaén,Santa Rosa,FRENTE REGIONAL DE CAJAMARCA,119
060810,Cajamarca,Jaén,Santa Rosa,PARTIDO FRENTE DE LA ESPERANZA 2021,2294
060810,Cajamarca,Jaén,Santa Rosa,ACCION POPULAR,276
060810,Cajamarca,Jaén,Santa Rosa,ALIANZA PARA EL PROGRESO,1346
060810,Cajamarca,Jaén,Santa Rosa,AVANZA PAIS - PARTIDO DE INTEGRACION SOCIAL,1665
060810,Cajamarca,Jaén,Santa Rosa,PARTIDO POLITICO NACIONAL PERU LIBRE,481
060811,Cajamarca,Jaén,Las Pirias,CAJAMARCA SIEMPRE VERDE,853
060811,Cajamarca,Jaén,Las Pirias,PARTIDO FRENTE DE LA ESPERANZA 2021,216
060811,Cajamarca,Jaén,Las Pirias,ACCION POPULAR,688
060811,Cajamarca,Jaén,Las Pirias,ALIANZA PARA EL PROGRESO,245
060811,Cajamarca,Jaén,Las Pirias,PARTIDO DEMOCRATICO SOMOS PERU,1726
060812,Cajamarca,Jaén,Huabal,PARTIDO FRENTE DE LA ESPERANZA 2021,233
060812,Cajamarca,Jaén,Huabal,ACCION POPULAR,2366
060812,Cajamarca,Jaén,Huabal,PARTIDO DEMOCRATICO SOMOS PERU,2448
060902,Cajamarca,Santa Cruz,Catache,FRENTE REGIONAL DE CAJAMARCA,1693
060902,Cajamarca,Santa Cruz,Catache,JUNTOS POR EL PERU,177
060902,Cajamarca,Santa Cruz,Catache,ACCION POPULAR,1669
060902,Cajamarca,Santa Cruz,Catache,ALIANZA PARA EL PROGRESO,1289
060903,Cajamarca,Santa Cruz,Chancaybaños,FRENTE REGIONAL DE CAJAMARCA,1242
060903,Cajamarca,Santa Cruz,Chancaybaños,ALIANZA PARA EL PROGRESO,974
060904,Cajamarca,Santa Cruz,La Esperanza,FRENTE REGIONAL DE CAJAMARCA,323
060904,Cajamarca,Santa Cruz,La Esperanza,JUNTOS POR EL PERU,40
060904,Cajamarca,Santa Cruz,La Esperanza,ALIANZA PARA EL PROGRESO,1241
060905,Cajamarca,Santa Cruz,Ninabamba,FRENTE REGIONAL DE CAJAMARCA,703
060906,Cajamarca,Santa Cruz,Pulán,FRENTE REGIONAL DE CAJAMARCA,201
060906,Cajamarca,Santa Cruz,Pulán,PARTIDO FRENTE DE LA ESPERANZA 2021,76
060906,Cajamarca,Santa Cruz,Pulán,JUNTOS POR EL PERU,845
060906,Cajamarca,Santa Cruz,Pulán,ALIANZA PARA EL PROGRESO,1274
060907,Cajamarca,Santa Cruz,Sexi,FRENTE REGIONAL DE CAJAMARCA,188
060907,Cajamarca,Santa Cruz,Sexi,ALIANZA PARA EL PROGRESO,142
060908,Cajamarca,Santa Cruz,Uticyacu,FRENTE REGIONAL DE CAJAMARCA,529
060909,Cajamarca,Santa Cruz,Yauyucan,FRENTE REGIONAL DE CAJAMARCA,611
060909,Cajamarca,Santa Cruz,Yauyucan,JUNTOS POR EL PERU,23
060909,Cajamarca,Santa Cruz,Yauyucan,ALIANZA PARA EL PROGRESO,699
060909,Cajamarca,Santa Cruz,Yauyucan,PARTIDO POLITICO NACIONAL PERU LIBRE,607
060910,Cajamarca,Santa Cruz,Andabamba,FRENTE REGIONAL DE CAJAMARCA,544
060910,Cajamarca,Santa Cruz,Andabamba,JUNTOS POR EL PERU,364
060910,Cajamarca,Santa Cruz,Andabamba,ALIANZA PARA EL PROGRESO,19
060911,Cajamarca,Santa Cruz,Saucepampa,FRENTE REGIONAL DE CAJAMARCA,44
060911,Cajamarca,Santa Cruz,Saucepampa,JUNTOS POR EL PERU,733
060911,Cajamarca,Santa Cruz,Saucepampa,ALIANZA PARA EL PROGRESO,595
061002,Cajamarca,San Miguel,Calquis,FRENTE REGIONAL DE CAJAMARCA,782
061002,Cajamarca,San Miguel,Calquis,PARTIDO FRENTE DE LA ESPERANZA 2021,675
061002,Cajamarca,San Miguel,Calquis,JUNTOS POR EL PERU,1
061002,Cajamarca,San Miguel,Calquis,ALIANZA PARA EL PROGRESO,39
061002,Cajamarca,San Miguel,Calquis,AVANZA PAIS - PARTIDO DE INTEGRACION SOCIAL,91
061002,Cajamarca,San Miguel,Calquis,PARTIDO DEMOCRATICO SOMOS PERU,919
061003,Cajamarca,San Miguel,La Florida,FRENTE REGIONAL DE CAJAMARCA,291
061003,Cajamarca,San Miguel,La Florida,PARTIDO FRENTE DE LA ESPERANZA 2021,56
061003,Cajamarca,San Miguel,La Florida,ACCION POPULAR,557
061003,Cajamarca,San Miguel,La Florida,PODEMOS PERU,424
061003,Cajamarca,San Miguel,La Florida,PARTIDO POLITICO NACIONAL PERU LIBRE,161
061003,Cajamarca,San Miguel,La Florida,PARTIDO DEMOCRATICO SOMOS PERU,140
061004,Cajamarca,San Miguel,Llapa,CAJAMARCA SIEMPRE VERDE,539
061004,Cajamarca,San Miguel,Llapa,FRENTE REGIONAL DE CAJAMARCA,369
061004,Cajamarca,San Miguel,Llapa,PARTIDO FRENTE DE LA ESPERANZA 2021,697
061004,Cajamarca,San Miguel,Llapa,ALIANZA PARA EL PROGRESO,16
061004,Cajamarca,San Miguel,Llapa,PARTIDO DEMOCRATICO SOMOS PERU,1066
061005,Cajamarca,San Miguel,Nanchoc,CAJAMARCA SIEMPRE VERDE,687
061005,Cajamarca,San Miguel,Nanchoc,FRENTE REGIONAL DE CAJAMARCA,51
061005,Cajamarca,San Miguel,Nanchoc,PARTIDO DEMOCRATICO SOMOS PERU,203
061006,Cajamarca,San Miguel,Niepos,CAJAMARCA SIEMPRE VERDE,336
061006,Cajamarca,San Miguel,Niepos,FRENTE REGIONAL DE CAJAMARCA,188
061006,Cajamarca,San Miguel,Niepos,PARTIDO FRENTE DE LA ESPERANZA 2021,129
061006,Cajamarca,San Miguel,Niepos,PARTIDO PATRIOTICO DEL PERU,146
061006,Cajamarca,San Miguel,Niepos,PARTIDO POLITICO NACIONAL PERU LIBRE,465
061006,Cajamarca,San Miguel,Niepos,PARTIDO DEMOCRATICO SOMOS PERU,549
061007,Cajamarca,San Miguel,San Gregorio,CAJAMARCA SIEMPRE VERDE,92
061007,Cajamarca,San Miguel,San Gregorio,FRENTE REGIONAL DE CAJAMARCA,347
061007,Cajamarca,San Miguel,San Gregorio,PARTIDO FRENTE DE LA ESPERANZA 2021,189
061007,Cajamarca,San Miguel,San Gregorio,ALIANZA PARA EL PROGRESO,219
061007,Cajamarca,San Miguel,San Gregorio,AVANZA PAIS - PARTIDO DE INTEGRACION SOCIAL,265
061007,Cajamarca,San Miguel,San Gregorio,PARTIDO DEMOCRATICO SOMOS PERU,384
061008,Cajamarca,San Miguel,San Silvestre de Cochán,CAJAMARCA SIEMPRE VERDE,637
061008,Cajamarca,San Miguel,San Silvestre de Cochán,FRENTE REGIONAL DE CAJAMARCA,879
061008,Cajamarca,San Miguel,San Silvestre de Cochán,PARTIDO FRENTE DE LA ESPERANZA 2021,202
061008,Cajamarca,San Miguel,San Silvestre de Cochán,PARTIDO DEMOCRATICO SOMOS PERU,782
061009,Cajamarca,San Miguel,El Prado,CAJAMARCA SIEMPRE VERDE,241
061009,Cajamarca,San Miguel,El Prado,FRENTE REGIONAL DE CAJAMARCA,347
061009,Cajamarca,San Miguel,El Prado,ALIANZA PARA EL PROGRESO,97
061009,Cajamarca,San Miguel,El Prado,AVANZA PAIS - PARTIDO DE INTEGRACION SOCIAL,451
061009,Cajamarca,San Miguel,El Prado,PARTIDO DEMOCRATICO SOMOS PERU,596
061010,Cajamarca,San Miguel,Unión Agua Blanca,CAJAMARCA SIEMPRE VERDE,386
061010,Cajamarca,San Miguel,Unión Agua Blanca,FRENTE REGIONAL DE CAJAMARCA,253
061010,Cajamarca,San Miguel,Unión Agua Blanca,PARTIDO FRENTE DE LA ESPERANZA 2021,476
061010,Cajamarca,San Miguel,Unión Agua Blanca,ACCION POPULAR,94
061010,Cajamarca,San Miguel,Unión Agua Blanca,PARTIDO POLITICO NACIONAL PERU LIBRE,411
061010,Cajamarca,San Miguel,Unión Agua Blanca,PARTIDO DEMOCRATICO SOMOS PERU,379
061011,Cajamarca,San Miguel,Tongod,FRENTE REGIONAL DE CAJAMARCA,432
061011,Cajamarca,San Miguel,Tongod,AVANZA PAIS - PARTIDO DE INTEGRACION SOCIAL,569
061011,Cajamarca,San Miguel,Tongod,PARTIDO POLITICO NACIONAL PERU LIBRE,722
061011,Cajamarca,San Miguel,Tongod,PARTIDO DEMOCRATICO SOMOS PERU,233
061012,Cajamarca,San Miguel,Catilluc,FRENTE REGIONAL DE CAJAMARCA,773
061012,Cajamarca,San Miguel,Catilluc,PARTIDO FRENTE DE LA ESPERANZA 2021,451
061012,Cajamarca,San Miguel,Catilluc,PARTIDO DEMOCRATICO SOMOS PERU,806
061013,Cajamarca,San Miguel,Bolívar,CAJAMARCA SIEMPRE VERDE,106
061013,Cajamarca,San Miguel,Bolívar,FRENTE REGIONAL DE CAJAMARCA,208
061013,Cajamarca,San Miguel,Bolívar,PARTIDO FRENTE DE LA ESPERANZA 2021,77
061013,Cajamarca,San Miguel,Bolívar,ACCION POPULAR,261
061013,Cajamarca,San Miguel,Bolívar,PARTIDO POLITICO NACIONAL PERU LIBRE,141
061013,Cajamarca,San Miguel,Bolívar,PARTIDO DEMOCRATICO SOMOS PERU,94
061102,Cajamarca,San Ignacio,Chirinos,CAJAMARCA SIEMPRE VERDE,154
061102,Cajamarca,San Ignacio,Chirinos,FRENTE REGIONAL DE CAJAMARCA,472
061102,Cajamarca,San Ignacio,Chirinos,PARTIDO FRENTE DE LA ESPERANZA 2021,3518
061102,Cajamarca,San Ignacio,Chirinos,ALIANZA PARA EL PROGRESO,192
061102,Cajamarca,San Ignacio,Chirinos,AVANZA PAIS - PARTIDO DE INTEGRACION SOCIAL,234
061102,Cajamarca,San Ignacio,Chirinos,PARTIDO DEMOCRATICO SOMOS PERU,3652
061103,Cajamarca,San Ignacio,Huarango,CAJAMARCA SIEMPRE VERDE,170
061103,Cajamarca,San Ignacio,Huarango,FRENTE REGIONAL DE CAJAMARCA,201
061103,Cajamarca,San Ignacio,Huarango,PARTIDO FRENTE DE LA ESPERANZA 2021,2331
061103,Cajamarca,San Ignacio,Huarango,ALIANZA PARA EL PROGRESO,182
061103,Cajamarca,San Ignacio,Huarango,AVANZA PAIS - PARTIDO DE INTEGRACION SOCIAL,3496
061103,Cajamarca,San Ignacio,Huarango,PARTIDO DEMOCRATICO SOMOS PERU,4108
061104,Cajamarca,San Ignacio,Namballe,FRENTE REGIONAL DE CAJAMARCA,550
061104,Cajamarca,San Ignacio,Namballe,PARTIDO FRENTE DE LA ESPERANZA 2021,1246
061104,Cajamarca,San Ignacio,Namballe,ALIANZA PARA EL PROGRESO,1253
061104,Cajamarca,San Ignacio,Namballe,PARTIDO POLITICO NACIONAL PERU LIBRE,233
061104,Cajamarca,San Ignacio,Namballe,PARTIDO DEMOCRATICO SOMOS PERU,1839
061105,Cajamarca,San Ignacio,La Coipa,CAJAMARCA SIEMPRE VERDE,1478
061105,Cajamarca,San Ignacio,La Coipa,FRENTE REGIONAL DE CAJAMARCA,2672
061105,Cajamarca,San Ignacio,La Coipa,PARTIDO FRENTE DE LA ESPERANZA 2021,263
061105,Cajamarca,San Ignacio,La Coipa,PARTIDO PATRIOTICO DEL PERU,17
061105,Cajamarca,San Ignacio,La Coipa,RENOVACION POPULAR,56
061105,Cajamarca,San Ignacio,La Coipa,AVANZA PAIS - PARTIDO DE INTEGRACION SOCIAL,3506
061105,Cajamarca,San Ignacio,La Coipa,PARTIDO POLITICO NACIONAL PERU LIBRE,129
061105,Cajamarca,San Ignacio,La Coipa,PARTIDO DEMOCRATICO SOMOS PERU,3101
061106,Cajamarca,San Ignacio,San José de Lourdes,FRENTE REGIONAL DE CAJAMARCA,788
061106,Cajamarca,San Ignacio,San José de Lourdes,PARTIDO FRENTE DE LA ESPERANZA 2021,580
061106,Cajamarca,San Ignacio,San José de Lourdes,ACCION POPULAR,2762
061106,Cajamarca,San Ignacio,San José de Lourdes,RENOVACION POPULAR,40
061106,Cajamarca,San Ignacio,San José de Lourdes,ALIANZA PARA EL PROGRESO,59
061106,Cajamarca,San Ignacio,San José de Lourdes,AVANZA PAIS - PARTIDO DE INTEGRACION SOCIAL,1196
061106,Cajamarca,San Ignacio,San José de Lourdes,PARTIDO POLITICO NACIONAL PERU LIBRE,1632
061106,Cajamarca,San Ignacio,San José de Lourdes,PARTIDO DEMOCRATICO SOMOS PERU,2160
061107,Cajamarca,San Ignacio,Tabaconas,CAJAMARCA SIEMPRE VERDE,95
061107,Cajamarca,San Ignacio,Tabaconas,FRENTE REGIONAL DE CAJAMARCA,281
061107,Cajamarca,San Ignacio,Tabaconas,ACCION POPULAR,4005
061107,Cajamarca,San Ignacio,Tabaconas,ALIANZA PARA EL PROGRESO,153
061107,Cajamarca,San Ignacio,Tabaconas,AVANZA PAIS - PARTIDO DE INTEGRACION SOCIAL,1871
061107,Cajamarca,San Ignacio,Tabaconas,PARTIDO DEMOCRATICO SOMOS PERU,3406
061202,Cajamarca,San Marcos,Ichocán,FRENTE REGIONAL DE CAJAMARCA,213
061202,Cajamarca,San Marcos,Ichocán,PARTIDO FRENTE DE LA ESPERANZA 2021,235
061202,Cajamarca,San Marcos,Ichocán,AVANZA PAIS - PARTIDO DE INTEGRACION SOCIAL,11
061202,Cajamarca,San Marcos,Ichocán,PARTIDO POLITICO NACIONAL PERU LIBRE,353
061202,Cajamarca,San Marcos,Ichocán,PARTIDO DEMOCRATICO SOMOS PERU,356
061203,Cajamarca,San Marcos,Gregorio Pita,FRENTE REGIONAL DE CAJAMARCA,1140
061203,Cajamarca,San Marcos,Gregorio Pita,ACCION POPULAR,652
061203,Cajamarca,San Marcos,Gregorio Pita,PARTIDO DEMOCRATICO SOMOS PERU,1657
061204,Cajamarca,San Marcos,José Manuel Quiroz,CAJAMARCA SIEMPRE VERDE,86
061204,Cajamarca,San Marcos,José Manuel Quiroz,FRENTE REGIONAL DE CAJAMARCA,679
061204,Cajamarca,San Marcos,José Manuel Quiroz,PARTIDO FRENTE DE LA ESPERANZA 2021,503
061204,Cajamarca,San Marcos,José Manuel Quiroz,ALIANZA PARA EL PROGRESO,539
061204,Cajamarca,San Marcos,José Manuel Quiroz,AVANZA PAIS - PARTIDO DE INTEGRACION SOCIAL,21
061204,Cajamarca,San Marcos,José Manuel Quiroz,PARTIDO DEMOCRATICO SOMOS PERU,116
061205,Cajamarca,San Marcos,Eduardo Villanueva,CAJAMARCA SIEMPRE VERDE,229
061205,Cajamarca,San Marcos,Eduardo Villanueva,FRENTE REGIONAL DE CAJAMARCA,546
061205,Cajamarca,San Marcos,Eduardo Villanueva,PARTIDO FRENTE DE LA ESPERANZA 2021,614
061205,Cajamarca,San Marcos,Eduardo Villanueva,ACCION POPULAR,5
061205,Cajamarca,San Marcos,Eduardo Villanueva,PARTIDO DEMOCRATICO SOMOS PERU,40
061206,Cajamarca,San Marcos,José Sabogal,CAJAMARCA SIEMPRE VERDE,35
061206,Cajamarca,San Marcos,José Sabogal,FRENTE REGIONAL DE CAJAMARCA,106
061206,Cajamarca,San Marcos,José Sabogal,PARTIDO FRENTE DE LA ESPERANZA 2021,2214
061206,Cajamarca,San Marcos,José Sabogal,AVANZA PAIS - PARTIDO DE INTEGRACION SOCIAL,121
061206,Cajamarca,San Marcos,José Sabogal,PARTIDO POLITICO NACIONAL PERU LIBRE,2203
061206,Cajamarca,San Marcos,José Sabogal,PARTIDO DEMOCRATICO SOMOS PERU,1568
061207,Cajamarca,San Marcos,Chancay,CAJAMARCA SIEMPRE VERDE,187
061207,Cajamarca,San Marcos,Chancay,FRENTE REGIONAL DE CAJAMARCA,500
061207,Cajamarca,San Marcos,Chancay,ACCION POPULAR,316
061207,Cajamarca,San Marcos,Chancay,PODEMOS PERU,18
061207,Cajamarca,San Marcos,Chancay,PARTIDO POLITICO NACIONAL PERU LIBRE,65
061207,Cajamarca,San Marcos,Chancay,PARTIDO DEMOCRATICO SOMOS PERU,500
061302,Cajamarca,San Pablo,San Bernardino,CAJAMARCA SIEMPRE VERDE,632
061302,Cajamarca,San Pablo,San Bernardino,FRENTE REGIONAL DE CAJAMARCA,22
061302,Cajamarca,San Pablo,San Bernardino,PARTIDO FRENTE DE LA ESPERANZA 2021,10
061302,Cajamarca,San Pablo,San Bernardino,PODEMOS PERU,346
061302,Cajamarca,San Pablo,San Bernardino,ALIANZA PARA EL PROGRESO,714
061302,Cajamarca,San Pablo,San Bernardino,PARTIDO POLITICO NACIONAL PERU LIBRE,392
061302,Cajamarca,San Pablo,San Bernardino,PARTIDO DEMOCRATICO SOMOS PERU,651
061303,Cajamarca,San Pablo,San Luis,PARTIDO FRENTE DE LA ESPERANZA 2021,97
061303,Cajamarca,San Pablo,San Luis,ALIANZA PARA EL PROGRESO,361
061303,Cajamarca,San Pablo,San Luis,AVANZA PAIS - PARTIDO DE INTEGRACION SOCIAL,71
061303,Cajamarca,San Pablo,San Luis,PARTIDO POLITICO NACIONAL PERU LIBRE,14
061303,Cajamarca,San Pablo,San Luis,PARTIDO DEMOCRATICO SOMOS PERU,362
061304,Cajamarca,San Pablo,Tumbaden,CAJAMARCA SIEMPRE VERDE,754
061304,Cajamarca,San Pablo,Tumbaden,PODEMOS PERU,742
061304,Cajamarca,San Pablo,Tumbaden,ALIANZA PARA EL PROGRESO,576
061304,Cajamarca,San Pablo,Tumbaden,PARTIDO POLITICO NACIONAL PERU LIBRE,156
061304,Cajamarca,San Pablo,Tumbaden,PARTIDO DEMOCRATICO SOMOS PERU,524
070102,Cusco,Cusco,Ccorca,MOVIMIENTO REGIONAL INKA PACHAKUTEQ,298
070102,Cusco,Cusco,Ccorca,PARTIDO FRENTE DE LA ESPERANZA 2021,621
070102,Cusco,Cusco,Ccorca,PARTIDO DEMOCRATICO SOMOS PERU,763
070103,Cusco,Cusco,Poroy,MOVIMIENTO REGIONAL INKA PACHAKUTEQ,1566
070103,Cusco,Cusco,Poroy,PARTIDO FRENTE DE LA ESPERANZA 2021,713
070103,Cusco,Cusco,Poroy,ALIANZA PARA EL PROGRESO,1456
070103,Cusco,Cusco,Poroy,PARTIDO POLITICO NACIONAL PERU LIBRE,114
070103,Cusco,Cusco,Poroy,PARTIDO DEMOCRATICO SOMOS PERU,353
070104,Cusco,Cusco,San Jerónimo,MOVIMIENTO REGIONAL INKA PACHAKUTEQ,2738
070104,Cusco,Cusco,San Jerónimo,PARTIDO FRENTE DE LA ESPERANZA 2021,5630
070104,Cusco,Cusco,San Jerónimo,JUNTOS POR EL PERU,6084
070104,Cusco,Cusco,San Jerónimo,PODEMOS PERU,676
070104,Cusco,Cusco,San Jerónimo,RENOVACION POPULAR,676
070104,Cusco,Cusco,San Jerónimo,ALIANZA PARA EL PROGRESO,1508
070104,Cusco,Cusco,San Jerónimo,PARTIDO POLITICO NACIONAL PERU LIBRE,780
070104,Cusco,Cusco,San Jerónimo,PARTIDO DEMOCRATICO SOMOS PERU,5582
070105,Cusco,Cusco,San Sebastián,MOVIMIENTO REGIONAL INKA PACHAKUTEQ,11747
070105,Cusco,Cusco,San Sebastián,PARTIDO FRENTE DE LA ESPERANZA 2021,6698
070105,Cusco,Cusco,San Sebastián,JUNTOS POR EL PERU,4258
070105,Cusco,Cusco,San Sebastián,PODEMOS PERU,913
070105,Cusco,Cusco,San Sebastián,ALIANZA PARA EL PROGRESO,9329
070105,Cusco,Cusco,San Sebastián,PARTIDO POLITICO NACIONAL PERU LIBRE,1539
070105,Cusco,Cusco,San Sebastián,PARTIDO DEMOCRATICO SOMOS PERU,9230
070106,Cusco,Cusco,Santiago,MOVIMIENTO REGIONAL INKA PACHAKUTEQ,15794
070106,Cusco,Cusco,Santiago,PARTIDO FRENTE DE LA ESPERANZA 2021,6894
070106,Cusco,Cusco,Santiago,JUNTOS POR EL PERU,1903
070106,Cusco,Cusco,Santiago,PODEMOS PERU,986
070106,Cusco,Cusco,Santiago,RENOVACION POPULAR,3511
070106,Cusco,Cusco,Santiago,ALIANZA PARA EL PROGRESO,6619
070106,Cusco,Cusco,Santiago,PARTIDO POLITICO NACIONAL PERU LIBRE,2071
070106,Cusco,Cusco,Santiago,PARTIDO DEMOCRATICO SOMOS PERU,8730
070107,Cusco,Cusco,Saylla,MOVIMIENTO REGIONAL INKA PACHAKUTEQ,462
070107,Cusco,Cusco,Saylla,PARTIDO FRENTE DE LA ESPERANZA 2021,347
070107,Cusco,Cusco,Saylla,JUNTOS POR EL PERU,837
070107,Cusco,Cusco,Saylla,PODEMOS PERU,338
070107,Cusco,Cusco,Saylla,ALIANZA PARA EL PROGRESO,595
070107,Cusco,Cusco,Saylla,PARTIDO POLITICO NACIONAL PERU LIBRE,35
070107,Cusco,Cusco,Saylla,PARTIDO DEMOCRATICO SOMOS PERU,697
070108,Cusco,Cusco,Wanchaq,FUERZA INKA AMAZONICA,767
070108,Cusco,Cusco,Wanchaq,AUTOGOBIERNO AYLLU,4649
070108,Cusco,Cusco,Wanchaq,MOVIMIENTO REGIONAL INKA PACHAKUTEQ,6641
070108,Cusco,Cusco,Wanchaq,PARTIDO FRENTE DE LA ESPERANZA 2021,7751
070108,Cusco,Cusco,Wanchaq,JUNTOS POR EL PERU,2434
070108,Cusco,Cusco,Wanchaq,PODEMOS PERU,2721
070108,Cusco,Cusco,Wanchaq,RENOVACION POPULAR,1056
070108,Cusco,Cusco,Wanchaq,ALIANZA PARA EL PROGRESO,6197
070108,Cusco,Cusco,Wanchaq,PARTIDO MORADO,885
070108,Cusco,Cusco,Wanchaq,PARTIDO DEMOCRATICO SOMOS PERU,4407
070202,Cusco,Acomayo,Acopia,MOVIMIENTO REGIONAL INKA PACHAKUTEQ,573
070202,Cusco,Acomayo,Acopia,PARTIDO FRENTE DE LA ESPERANZA 2021,107
070202,Cusco,Acomayo,Acopia,JUNTOS POR EL PERU,383
070202,Cusco,Acomayo,Acopia,PARTIDO POLITICO NACIONAL PERU LIBRE,234
070202,Cusco,Acomayo,Acopia,PARTIDO DEMOCRATICO SOMOS PERU,305
070203,Cusco,Acomayo,Acos,MOVIMIENTO REGIONAL INKA PACHAKUTEQ,344
070203,Cusco,Acomayo,Acos,JUNTOS POR EL PERU,188
070203,Cusco,Acomayo,Acos,PARTIDO POLITICO NACIONAL PERU LIBRE,64
070203,Cusco,Acomayo,Acos,PARTIDO DEMOCRATICO SOMOS PERU,619
070204,Cusco,Acomayo,Pomacanchi,AUTOGOBIERNO AYLLU,38
070204,Cusco,Acomayo,Pomacanchi,MOVIMIENTO REGIONAL INKA PACHAKUTEQ,895
070204,Cusco,Acomayo,Pomacanchi,PARTIDO FRENTE DE LA ESPERANZA 2021,623
070204,Cusco,Acomayo,Pomacanchi,JUNTOS POR EL PERU,730
070204,Cusco,Acomayo,Pomacanchi,ALIANZA PARA EL PROGRESO,948
070204,Cusco,Acomayo,Pomacanchi,PARTIDO POLITICO NACIONAL PERU LIBRE,56
070204,Cusco,Acomayo,Pomacanchi,PARTIDO DEMOCRATICO SOMOS PERU,925
070205,Cusco,Acomayo,Rondocan,MOVIMIENTO REGIONAL INKA PACHAKUTEQ,514
070205,Cusco,Acomayo,Rondocan,JUNTOS POR EL PERU,250
070205,Cusco,Acomayo,Rondocan,PARTIDO POLITICO NACIONAL PERU LIBRE,99
070205,Cusco,Acomayo,Rondocan,PARTIDO DEMOCRATICO SOMOS PERU,698
070206,Cusco,Acomayo,Sangarara,MOVIMIENTO REGIONAL INKA PACHAKUTEQ,894
070206,Cusco,Acomayo,Sangarara,JUNTOS POR EL PERU,691
070206,Cusco,Acomayo,Sangarara,PARTIDO POLITICO NACIONAL PERU LIBRE,69
070206,Cusco,Acomayo,Sangarara,PARTIDO DEMOCRATICO SOMOS PERU,53
070207,Cusco,Acomayo,Mosoc Llacta,MOVIMIENTO REGIONAL INKA PACHAKUTEQ,315
070207,Cusco,Acomayo,Mosoc Llacta,PARTIDO DEMOCRATICO SOMOS PERU,473
070302,Cusco,Anta,Chinchaypujio,MOVIMIENTO REGIONAL INKA PACHAKUTEQ,1738
070302,Cusco,Anta,Chinchaypujio,PARTIDO FRENTE DE LA ESPERANZA 2021,678
070302,Cusco,Anta,Chinchaypujio,JUNTOS POR EL PERU,36
070302,Cusco,Anta,Chinchaypujio,ALIANZA PARA EL PROGRESO,266
070302,Cusco,Anta,Chinchaypujio,AVANZA PAIS - PARTIDO DE INTEGRACION SOCIAL,22
070302,Cusco,Anta,Chinchaypujio,PARTIDO DEMOCRATICO SOMOS PERU,163
070303,Cusco,Anta,Huarocondo,MOVIMIENTO REGIONAL INKA PACHAKUTEQ,1116
070303,Cusco,Anta,Huarocondo,PARTIDO FRENTE DE LA ESPERANZA 2021,82
070303,Cusco,Anta,Huarocondo,JUNTOS POR EL PERU,476
070303,Cusco,Anta,Huarocondo,ACCION POPULAR,318
070303,Cusco,Anta,Huarocondo,ALIANZA PARA EL PROGRESO,284
070303,Cusco,Anta,Huarocondo,PARTIDO POLITICO NACIONAL PERU LIBRE,949
070303,Cusco,Anta,Huarocondo,PARTIDO DEMOCRATICO SOMOS PERU,203
070304,Cusco,Anta,Limatambo,MOVIMIENTO REGIONAL INKA PACHAKUTEQ,1601
070304,Cusco,Anta,Limatambo,PARTIDO FRENTE DE LA ESPERANZA 2021,1489
070304,Cusco,Anta,Limatambo,ALIANZA PARA EL PROGRESO,1320
070304,Cusco,Anta,Limatambo,PARTIDO POLITICO NACIONAL PERU LIBRE,125
070304,Cusco,Anta,Limatambo,PARTIDO DEMOCRATICO SOMOS PERU,297
070305,Cusco,Anta,Mollepata,MOVIMIENTO REGIONAL INKA PACHAKUTEQ,764
070305,Cusco,Anta,Mollepata,PARTIDO FRENTE DE LA ESPERANZA 2021,215
070305,Cusco,Anta,Mollepata,FUERZA POPULAR,34
070305,Cusco,Anta,Mollepata,ACCION POPULAR,22
070305,Cusco,Anta,Mollepata,PODEMOS PERU,145
070305,Cusco,Anta,Mollepata,ALIANZA PARA EL PROGRESO,524
070305,Cusco,Anta,Mollepata,PARTIDO DEMOCRATICO SOMOS PERU,277
070306,Cusco,Anta,Pucyura,MOVIMIENTO REGIONAL INKA PACHAKUTEQ,503
070306,Cusco,Anta,Pucyura,PARTIDO FRENTE DE LA ESPERANZA 2021,118
070306,Cusco,Anta,Pucyura,ACCION POPULAR,207
070306,Cusco,Anta,Pucyura,ALIANZA PARA EL PROGRESO,488
070306,Cusco,Anta,Pucyura,PARTIDO POLITICO NACIONAL PERU LIBRE,909
070306,Cusco,Anta,Pucyura,PARTIDO DEMOCRATICO SOMOS PERU,174
070307,Cusco,Anta,Zurite,MOVIMIENTO REGIONAL INKA PACHAKUTEQ,781
070307,Cusco,Anta,Zurite,PARTIDO FRENTE DE LA ESPERANZA 2021,442
070307,Cusco,Anta,Zurite,ACCION POPULAR,76
070307,Cusco,Anta,Zurite,ALIANZA PARA EL PROGRESO,796
070307,Cusco,Anta,Zurite,PARTIDO DEMOCRATICO SOMOS PERU,353
070308,Cusco,Anta,Cachimayo,MOVIMIENTO REGIONAL INKA PACHAKUTEQ,867
070308,Cusco,Anta,Cachimayo,ALIANZA PARA EL PROGRESO,349
070308,Cusco,Anta,Cachimayo,PARTIDO POLITICO NACIONAL PERU LIBRE,547
070309,Cusco,Anta,Ancahuasi,MOVIMIENTO REGIONAL INKA PACHAKUTEQ,1519
070309,Cusco,Anta,Ancahuasi,ALIANZA PARA EL PROGRESO,1241
070309,Cusco,Anta,Ancahuasi,PARTIDO POLITICO NACIONAL PERU LIBRE,674
070309,Cusco,Anta,Ancahuasi,PARTIDO DEMOCRATICO SOMOS PERU,684
070402,Cusco,Calca,Coya,MOVIMIENTO REGIONAL INKA PACHAKUTEQ,160
070402,Cusco,Calca,Coya,JUNTOS POR EL PERU,110
070402,Cusco,Calca,Coya,PODEMOS PERU,780
070402,Cusco,Calca,Coya,ALIANZA PARA EL PROGRESO,814
070402,Cusco,Calca,Coya,PARTIDO POLITICO NACIONAL PERU LIBRE,325
070402,Cusco,Calca,Coya,PARTIDO DEMOCRATICO SOMOS PERU,43
070403,Cusco,Calca,Lamay,AUTOGOBIERNO AYLLU,102
070403,Cusco,Calca,Lamay,MOVIMIENTO REGIONAL INKA PACHAKUTEQ,96
070403,Cusco,Calca,Lamay,PARTIDO FRENTE DE LA ESPERANZA 2021,637
070403,Cusco,Calca,Lamay,JUNTOS POR EL PERU,794
070403,Cusco,Calca,Lamay,PODEMOS PERU,488
070403,Cusco,Calca,Lamay,ALIANZA PARA EL PROGRESO,291
070403,Cusco,Calca,Lamay,PARTIDO DEMOCRATICO SOMOS PERU,835
070404,Cusco,Calca,Lares,AUTOGOBIERNO AYLLU,966
070404,Cusco,Calca,Lares,MOVIMIENTO REGIONAL INKA PACHAKUTEQ,205
070404,Cusco,Calca,Lares,PARTIDO FRENTE DE LA ESPERANZA 2021,883
070404,Cusco,Calca,Lares,JUNTOS POR EL PERU,319
070404,Cusco,Calca,Lares,ALIANZA PARA EL PROGRESO,64
070404,Cusco,Calca,Lares,PARTIDO POLITICO NACIONAL PERU LIBRE,367
070404,Cusco,Calca,Lares,PARTIDO DEMOCRATICO SOMOS PERU,914
070405,Cusco,Calca,Písac,MOVIMIENTO REGIONAL INKA PACHAKUTEQ,154
070405,Cusco,Calca,Písac,PARTIDO FRENTE DE LA ESPERANZA 2021,2045
070405,Cusco,Calca,Písac,JUNTOS POR EL PERU,82
070405,Cusco,Calca,Písac,PODEMOS PERU,179
070405,Cusco,Calca,Písac,ALIANZA PARA EL PROGRESO,358
070405,Cusco,Calca,Písac,PARTIDO POLITICO NACIONAL PERU LIBRE,530
070405,Cusco,Calca,Písac,PARTIDO DEMOCRATICO SOMOS PERU,2439
070406,Cusco,Calca,San Salvador,PARTIDO FRENTE DE LA ESPERANZA 2021,360
070406,Cusco,Calca,San Salvador,JUNTOS POR EL PERU,1213
070406,Cusco,Calca,San Salvador,ALIANZA PARA EL PROGRESO,268
070406,Cusco,Calca,San Salvador,PARTIDO POLITICO NACIONAL PERU LIBRE,669
070406,Cusco,Calca,San Salvador,PARTIDO DEMOCRATICO SOMOS PERU,816
070407,Cusco,Calca,Taray,AUTOGOBIERNO AYLLU,30
070407,Cusco,Calca,Taray,MOVIMIENTO REGIONAL INKA PACHAKUTEQ,1089
070407,Cusco,Calca,Taray,PARTIDO FRENTE DE LA ESPERANZA 2021,135
070407,Cusco,Calca,Taray,PODEMOS PERU,125
070407,Cusco,Calca,Taray,ALIANZA PARA EL PROGRESO,590
070407,Cusco,Calca,Taray,PARTIDO POLITICO NACIONAL PERU LIBRE,38
070407,Cusco,Calca,Taray,PARTIDO DEMOCRATICO SOMOS PERU,870
070408,Cusco,Calca,Yanatile,MOVIMIENTO REGIONAL INKA PACHAKUTEQ,204
070408,Cusco,Calca,Yanatile,PARTIDO FRENTE DE LA ESPERANZA 2021,977
070408,Cusco,Calca,Yanatile,JUNTOS POR EL PERU,1404
070408,Cusco,Calca,Yanatile,ALIANZA PARA EL PROGRESO,102
070408,Cusco,Calca,Yanatile,PARTIDO DEMOCRATICO SOMOS PERU,1745
070502,Cusco,Canas,Checca,PARTIDO FRENTE DE LA ESPERANZA 2021,808
070502,Cusco,Canas,Checca,JUNTOS POR EL PERU,1281
070502,Cusco,Canas,Checca,PODEMOS PERU,69
070502,Cusco,Canas,Checca,PARTIDO POLITICO NACIONAL PERU LIBRE,154
070502,Cusco,Canas,Checca,PARTIDO DEMOCRATICO SOMOS PERU,1247
070503,Cusco,Canas,Kunturkanki,MOVIMIENTO REGIONAL INKA PACHAKUTEQ,251
070503,Cusco,Canas,Kunturkanki,PARTIDO FRENTE DE LA ESPERANZA 2021,680
070503,Cusco,Canas,Kunturkanki,JUNTOS POR EL PERU,829
070503,Cusco,Canas,Kunturkanki,PARTIDO POLITICO NACIONAL PERU LIBRE,767
070503,Cusco,Canas,Kunturkanki,PARTIDO DEMOCRATICO SOMOS PERU,834
070504,Cusco,Canas,Langui,MOVIMIENTO REGIONAL INKA PACHAKUTEQ,42
070504,Cusco,Canas,Langui,PARTIDO FRENTE DE LA ESPERANZA 2021,329
070504,Cusco,Canas,Langui,JUNTOS POR EL PERU,460
070504,Cusco,Canas,Langui,PODEMOS PERU,203
070504,Cusco,Canas,Langui,PARTIDO POLITICO NACIONAL PERU LIBRE,175
070504,Cusco,Canas,Langui,PARTIDO DEMOCRATICO SOMOS PERU,530
070505,Cusco,Canas,Layo,MOVIMIENTO REGIONAL INKA PACHAKUTEQ,78
070505,Cusco,Canas,Layo,PARTIDO FRENTE DE LA ESPERANZA 2021,1528
070505,Cusco,Canas,Layo,JUNTOS POR EL PERU,1083
070505,Cusco,Canas,Layo,PODEMOS PERU,52
070505,Cusco,Canas,Layo,PARTIDO DEMOCRATICO SOMOS PERU,466
070506,Cusco,Canas,Pampamarca,MOVIMIENTO REGIONAL INKA PACHAKUTEQ,239
070506,Cusco,Canas,Pampamarca,PARTIDO FRENTE DE LA ESPERANZA 2021,319
070506,Cusco,Canas,Pampamarca,PARTIDO POLITICO NACIONAL PERU LIBRE,102
070506,Cusco,Canas,Pampamarca,PARTIDO DEMOCRATICO SOMOS PERU,410
070507,Cusco,Canas,Quehue,MOVIMIENTO REGIONAL INKA PACHAKUTEQ,241
070507,Cusco,Canas,Quehue,PARTIDO FRENTE DE LA ESPERANZA 2021,85
070507,Cusco,Canas,Quehue,JUNTOS POR EL PERU,642
070507,Cusco,Canas,Quehue,PODEMOS PERU,87
070507,Cusco,Canas,Quehue,PARTIDO DEMOCRATICO SOMOS PERU,604
070508,Cusco,Canas,Túpac Amaru,PARTIDO FRENTE DE LA ESPERANZA 2021,781
070508,Cusco,Canas,Túpac Amaru,PARTIDO DEMOCRATICO SOMOS PERU,969
070602,Cusco,Canchis,Combapata,MOVIMIENTO REGIONAL INKA PACHAKUTEQ,398
070602,Cusco,Canchis,Combapata,PARTIDO FRENTE DE LA ESPERANZA 2021,215
070602,Cusco,Canchis,Combapata,JUNTOS POR EL PERU,449
070602,Cusco,Canchis,Combapata,PODEMOS PERU,610
070602,Cusco,Canchis,Combapata,PARTIDO POLITICO NACIONAL PERU LIBRE,841
070602,Cusco,Canchis,Combapata,PARTIDO DEMOCRATICO SOMOS PERU,469
070603,Cusco,Canchis,Checacupe,PODEMOS PERU,1373
070603,Cusco,Canchis,Checacupe,ALIANZA PARA EL PROGRESO,56
070603,Cusco,Canchis,Checacupe,PARTIDO POLITICO NACIONAL PERU LIBRE,1078
070603,Cusco,Canchis,Checacupe,PARTIDO DEMOCRATICO SOMOS PERU,603
070604,Cusco,Canchis,Marangani,MOVIMIENTO REGIONAL INKA PACHAKUTEQ,1137
070604,Cusco,Canchis,Marangani,JUNTOS POR EL PERU,622
070604,Cusco,Canchis,Marangani,PODEMOS PERU,2138
070604,Cusco,Canchis,Marangani,ALIANZA PARA EL PROGRESO,72
070604,Cusco,Canchis,Marangani,PARTIDO POLITICO NACIONAL PERU LIBRE,2067
070604,Cusco,Canchis,Marangani,PARTIDO DEMOCRATICO SOMOS PERU,307
070605,Cusco,Canchis,Pitumarca,MOVIMIENTO REGIONAL INKA PACHAKUTEQ,2260
070605,Cusco,Canchis,Pitumarca,JUNTOS POR EL PERU,57
070605,Cusco,Canchis,Pitumarca,PODEMOS PERU,345
070605,Cusco,Canchis,Pitumarca,ALIANZA PARA EL PROGRESO,255
070605,Cusco,Canchis,Pitumarca,PARTIDO POLITICO NACIONAL PERU LIBRE,1432
070605,Cusco,Canchis,Pitumarca,PARTIDO DEMOCRATICO SOMOS PERU,52
070606,Cusco,Canchis,San Pablo,MOVIMIENTO REGIONAL INKA PACHAKUTEQ,78
070606,Cusco,Canchis,San Pablo,JUNTOS POR EL PERU,56
070606,Cusco,Canchis,San Pablo,PODEMOS PERU,818
070606,Cusco,Canchis,San Pablo,ALIANZA PARA EL PROGRESO,302
070606,Cusco,Canchis,San Pablo,PARTIDO POLITICO NACIONAL PERU LIBRE,906
070606,Cusco,Canchis,San Pablo,PARTIDO DEMOCRATICO SOMOS PERU,928
070607,Cusco,Canchis,San Pedro,MOVIMIENTO REGIONAL INKA PACHAKUTEQ,155
070607,Cusco,Canchis,San Pedro,PODEMOS PERU,906
070607,Cusco,Canchis,San Pedro,ALIANZA PARA EL PROGRESO,15
070607,Cusco,Canchis,San Pedro,PARTIDO DEMOCRATICO SOMOS PERU,901
070608,Cusco,Canchis,Tinta,MOVIMIENTO REGIONAL INKA PACHAKUTEQ,65
070608,Cusco,Canchis,Tinta,JUNTOS POR EL PERU,124
070608,Cusco,Canchis,Tinta,PODEMOS PERU,1245
070608,Cusco,Canchis,Tinta,ALIANZA PARA EL PROGRESO,933
070608,Cusco,Canchis,Tinta,PARTIDO POLITICO NACIONAL PERU LIBRE,1002
070702,Cusco,Chumbivilcas,Capacmarca,MOVIMIENTO REGIONAL INKA PACHAKUTEQ,199
070702,Cusco,Chumbivilcas,Capacmarca,PARTIDO FRENTE DE LA ESPERANZA 2021,396
070702,Cusco,Chumbivilcas,Capacmarca,PODEMOS PERU,265
070702,Cusco,Chumbivilcas,Capacmarca,PARTIDO POLITICO NACIONAL PERU LIBRE,920
070702,Cusco,Chumbivilcas,Capacmarca,PARTIDO DEMOCRATICO SOMOS PERU,984
070703,Cusco,Chumbivilcas,Colquemarca,AUTOGOBIERNO AYLLU,22
070703,Cusco,Chumbivilcas,Colquemarca,MOVIMIENTO REGIONAL INKA PACHAKUTEQ,104
070703,Cusco,Chumbivilcas,Colquemarca,PODEMOS PERU,978
070703,Cusco,Chumbivilcas,Colquemarca,ALIANZA PARA EL PROGRESO,1079
070703,Cusco,Chumbivilcas,Colquemarca,PARTIDO POLITICO NACIONAL PERU LIBRE,1774
070703,Cusco,Chumbivilcas,Colquemarca,PARTIDO DEMOCRATICO SOMOS PERU,1132
070704,Cusco,Chumbivilcas,Chamaca,MOVIMIENTO REGIONAL INKA PACHAKUTEQ,1151
070704,Cusco,Chumbivilcas,Chamaca,PODEMOS PERU,1192
070704,Cusco,Chumbivilcas,Chamaca,ALIANZA PARA EL PROGRESO,133
070704,Cusco,Chumbivilcas,Chamaca,PARTIDO POLITICO NACIONAL PERU LIBRE,446
070704,Cusco,Chumbivilcas,Chamaca,PARTIDO DEMOCRATICO SOMOS PERU,1070
070705,Cusco,Chumbivilcas,Livitaca,MOVIMIENTO REGIONAL INKA PACHAKUTEQ,1539
070705,Cusco,Chumbivilcas,Livitaca,PODEMOS PERU,552
070705,Cusco,Chumbivilcas,Livitaca,ALIANZA PARA EL PROGRESO,156
070705,Cusco,Chumbivilcas,Livitaca,PARTIDO POLITICO NACIONAL PERU LIBRE,2844
070705,Cusco,Chumbivilcas,Livitaca,PARTIDO DEMOCRATICO SOMOS PERU,1234
070706,Cusco,Chumbivilcas,Llusco,MOVIMIENTO REGIONAL INKA PACHAKUTEQ,1295
070706,Cusco,Chumbivilcas,Llusco,PARTIDO FRENTE DE LA ESPERANZA 2021,38
070706,Cusco,Chumbivilcas,Llusco,JUNTOS POR EL PERU,27
070706,Cusco,Chumbivilcas,Llusco,PODEMOS PERU,792
070706,Cusco,Chumbivilcas,Llusco,ALIANZA PARA EL PROGRESO,88
070706,Cusco,Chumbivilcas,Llusco,PARTIDO POLITICO NACIONAL PERU LIBRE,230
070706,Cusco,Chumbivilcas,Llusco,PARTIDO DEMOCRATICO SOMOS PERU,1181
070707,Cusco,Chumbivilcas,Quiñota,JUNTOS POR EL PERU,71
070707,Cusco,Chumbivilcas,Quiñota,PODEMOS PERU,1037
070707,Cusco,Chumbivilcas,Quiñota,ALIANZA PARA EL PROGRESO,49
070707,Cusco,Chumbivilcas,Quiñota,PARTIDO POLITICO NACIONAL PERU LIBRE,698
070707,Cusco,Chumbivilcas,Quiñota,PARTIDO DEMOCRATICO SOMOS PERU,462
070708,Cusco,Chumbivilcas,Velille,PODEMOS PERU,46
070708,Cusco,Chumbivilcas,Velille,ALIANZA PARA EL PROGRESO,179
070708,Cusco,Chumbivilcas,Velille,PARTIDO POLITICO NACIONAL PERU LIBRE,2427
070708,Cusco,Chumbivilcas,Velille,PARTIDO DEMOCRATICO SOMOS PERU,1973
070802,Cusco,Espinar,Condoroma,MOVIMIENTO REGIONAL INKA PACHAKUTEQ,191
070802,Cusco,Espinar,Condoroma,PARTIDO FRENTE DE LA ESPERANZA 2021,136
070802,Cusco,Espinar,Condoroma,ALIANZA PARA EL PROGRESO,66
070802,Cusco,Espinar,Condoroma,PARTIDO POLITICO NACIONAL PERU LIBRE,78
070802,Cusco,Espinar,Condoroma,PARTIDO DEMOCRATICO SOMOS PERU,211
070803,Cusco,Espinar,Coporaque,PARTIDO FRENTE DE LA ESPERANZA 2021,2824
070803,Cusco,Espinar,Coporaque,JUNTOS POR EL PERU,1952
070803,Cusco,Espinar,Coporaque,ALIANZA PARA EL PROGRESO,503
070803,Cusco,Espinar,Coporaque,PARTIDO DEMOCRATICO SOMOS PERU,3706
070804,Cusco,Espinar,Ocoruro,AUTOGOBIERNO AYLLU,65
070804,Cusco,Espinar,Ocoruro,PARTIDO FRENTE DE LA ESPERANZA 2021,341
070804,Cusco,Espinar,Ocoruro,ACCION POPULAR,162
070804,Cusco,Espinar,Ocoruro,PARTIDO DEMOCRATICO SOMOS PERU,425
070805,Cusco,Espinar,Pallpata,MOVIMIENTO REGIONAL INKA PACHAKUTEQ,509
070805,Cusco,Espinar,Pallpata,PARTIDO FRENTE DE LA ESPERANZA 2021,1487
070805,Cusco,Espinar,Pallpata,JUNTOS POR EL PERU,564
070805,Cusco,Espinar,Pallpata,PODEMOS PERU,300
070805,Cusco,Espinar,Pallpata,ALIANZA PARA EL PROGRESO,122
070805,Cusco,Espinar,Pallpata,PARTIDO POLITICO NACIONAL PERU LIBRE,49
070805,Cusco,Espinar,Pallpata,PARTIDO DEMOCRATICO SOMOS PERU,690
070806,Cusco,Espinar,Pichigua,AUTOGOBIERNO AYLLU,117
070806,Cusco,Espinar,Pichigua,MOVIMIENTO REGIONAL INKA PACHAKUTEQ,106
070806,Cusco,Espinar,Pichigua,PARTIDO FRENTE DE LA ESPERANZA 2021,987
070806,Cusco,Espinar,Pichigua,JUNTOS POR EL PERU,920
070806,Cusco,Espinar,Pichigua,PODEMOS PERU,122
070806,Cusco,Espinar,Pichigua,ALIANZA PARA EL PROGRESO,63
070806,Cusco,Espinar,Pichigua,PARTIDO DEMOCRATICO SOMOS PERU,405
070807,Cusco,Espinar,Suyckutambo,AUTOGOBIERNO AYLLU,270
070807,Cusco,Espinar,Suyckutambo,MOVIMIENTO REGIONAL INKA PACHAKUTEQ,150
070807,Cusco,Espinar,Suyckutambo,PARTIDO FRENTE DE LA ESPERANZA 2021,248
070807,Cusco,Espinar,Suyckutambo,PARTIDO POLITICO NACIONAL PERU LIBRE,430
070807,Cusco,Espinar,Suyckutambo,PARTIDO DEMOCRATICO SOMOS PERU,568
070808,Cusco,Espinar,Alto Pichigua,PARTIDO FRENTE DE LA ESPERANZA 2021,202
070808,Cusco,Espinar,Alto Pichigua,PARTIDO POLITICO NACIONAL PERU LIBRE,656
070808,Cusco,Espinar,Alto Pichigua,PARTIDO DEMOCRATICO SOMOS PERU,1026
070902,Cusco,La Convención,Echarate,FUERZA INKA AMAZONICA,684
070902,Cusco,La Convención,Echarate,AUTOGOBIERNO AYLLU,3845
070902,Cusco,La Convención,Echarate,MOVIMIENTO REGIONAL INKA PACHAKUTEQ,610
070902,Cusco,La Convención,Echarate,PARTIDO FRENTE DE LA ESPERANZA 2021,146
070902,Cusco,La Convención,Echarate,JUNTOS POR EL PERU,2980
070902,Cusco,La Convención,Echarate,ACCION POPULAR,748
070902,Cusco,La Convención,Echarate,PODEMOS PERU,53
070902,Cusco,La Convención,Echarate,ALIANZA PARA EL PROGRESO,5492
070902,Cusco,La Convención,Echarate,PARTIDO POLITICO NACIONAL PERU LIBRE,298
070903,Cusco,La Convención,Huayopata,FUERZA INKA AMAZONICA,756
070903,Cusco,La Convención,Huayopata,MOVIMIENTO REGIONAL INKA PACHAKUTEQ,450
070903,Cusco,La Convención,Huayopata,ACCION POPULAR,114
070903,Cusco,La Convención,Huayopata,PODEMOS PERU,53
070903,Cusco,La Convención,Huayopata,RENOVACION POPULAR,146
070903,Cusco,La Convención,Huayopata,ALIANZA PARA EL PROGRESO,966
070903,Cusco,La Convención,Huayopata,PARTIDO POLITICO NACIONAL PERU LIBRE,130
070903,Cusco,La Convención,Huayopata,PARTIDO DEMOCRATICO SOMOS PERU,634
070904,Cusco,La Convención,Maranura,FUERZA INKA AMAZONICA,924
070904,Cusco,La Convención,Maranura,MOVIMIENTO REGIONAL INKA PACHAKUTEQ,169
070904,Cusco,La Convención,Maranura,JUNTOS POR EL PERU,1223
070904,Cusco,La Convención,Maranura,ALIANZA PARA EL PROGRESO,883
070904,Cusco,La Convención,Maranura,PARTIDO DEMOCRATICO SOMOS PERU,729
070905,Cusco,La Convención,Ocobamba,MOVIMIENTO REGIONAL INKA PACHAKUTEQ,28
070905,Cusco,La Convención,Ocobamba,PARTIDO FRENTE DE LA ESPERANZA 2021,82
070905,Cusco,La Convención,Ocobamba,JUNTOS POR EL PERU,1283
070905,Cusco,La Convención,Ocobamba,ALIANZA PARA EL PROGRESO,1795
070905,Cusco,La Convención,Ocobamba,PARTIDO DEMOCRATICO SOMOS PERU,60
070906,Cusco,La Convención,Santa Teresa,AUTOGOBIERNO AYLLU,37
070906,Cusco,La Convención,Santa Teresa,PARTIDO FRENTE DE LA ESPERANZA 2021,5
070906,Cusco,La Convención,Santa Teresa,JUNTOS POR EL PERU,1693
070906,Cusco,La Convención,Santa Teresa,ALIANZA PARA EL PROGRESO,1956
070906,Cusco,La Convención,Santa Teresa,PARTIDO POLITICO NACIONAL PERU LIBRE,114
070906,Cusco,La Convención,Santa Teresa,PARTIDO DEMOCRATICO SOMOS PERU,782
070907,Cusco,La Convención,Vilcabamba,FUERZA INKA AMAZONICA,1757
070907,Cusco,La Convención,Vilcabamba,MOVIMIENTO REGIONAL INKA PACHAKUTEQ,253
070907,Cusco,La Convención,Vilcabamba,JUNTOS POR EL PERU,1048
070907,Cusco,La Convención,Vilcabamba,PODEMOS PERU,885
070907,Cusco,La Convención,Vilcabamba,ALIANZA PARA EL PROGRESO,1407
070907,Cusco,La Convención,Vilcabamba,PARTIDO DEMOCRATICO SOMOS PERU,744
070908,Cusco,La Convención,Quellouno,FUERZA INKA AMAZONICA,2376
070908,Cusco,La Convención,Quellouno,MOVIMIENTO REGIONAL INKA PACHAKUTEQ,926
070908,Cusco,La Convención,Quellouno,JUNTOS POR EL PERU,1834
070908,Cusco,La Convención,Quellouno,PODEMOS PERU,703
070908,Cusco,La Convención,Quellouno,ALIANZA PARA EL PROGRESO,1057
070908,Cusco,La Convención,Quellouno,PARTIDO DEMOCRATICO SOMOS PERU,27
070909,Cusco,La Convención,Kimbiri,MOVIMIENTO REGIONAL INKA PACHAKUTEQ,3014
070909,Cusco,La Convención,Kimbiri,PARTIDO FRENTE DE LA ESPERANZA 2021,39
070909,Cusco,La Convención,Kimbiri,JUNTOS POR EL PERU,1591
070909,Cusco,La Convención,Kimbiri,PODEMOS PERU,212
070909,Cusco,La Convención,Kimbiri,ALIANZA PARA EL PROGRESO,535
070909,Cusco,La Convención,Kimbiri,PARTIDO DEMOCRATICO SOMOS PERU,2223
070910,Cusco,La Convención,Pichari,MOVIMIENTO REGIONAL INKA PACHAKUTEQ,954
070910,Cusco,La Convención,Pichari,PARTIDO FRENTE DE LA ESPERANZA 2021,86
070910,Cusco,La Convención,Pichari,JUNTOS POR EL PERU,4552
070910,Cusco,La Convención,Pichari,PODEMOS PERU,2222
070910,Cusco,La Convención,Pichari,ALIANZA PARA EL PROGRESO,4576
070910,Cusco,La Convención,Pichari,PARTIDO POLITICO NACIONAL PERU LIBRE,55
070910,Cusco,La Convención,Pichari,PARTIDO DEMOCRATICO SOMOS PERU,268
070911,Cusco,La Convención,Inkawasi,FUERZA INKA AMAZONICA,1101
070911,Cusco,La Convención,Inkawasi,MOVIMIENTO REGIONAL INKA PACHAKUTEQ,492
070911,Cusco,La Convención,Inkawasi,ALIANZA PARA EL PROGRESO,880
070912,Cusco,La Convención,Villa Virgen,FUERZA INKA AMAZONICA,51
070912,Cusco,La Convención,Villa Virgen,JUNTOS POR EL PERU,479
070912,Cusco,La Convención,Villa Virgen,PARTIDO POLITICO NACIONAL PERU LIBRE,50
070912,Cusco,La Convención,Villa Virgen,PARTIDO DEMOCRATICO SOMOS PERU,649
070913,Cusco,La Convención,Villa Kintiarina,FUERZA INKA AMAZONICA,398
070913,Cusco,La Convención,Villa Kintiarina,PARTIDO FRENTE DE LA ESPERANZA 2021,2
070913,Cusco,La Convención,Villa Kintiarina,JUNTOS POR EL PERU,659
070913,Cusco,La Convención,Villa Kintiarina,PODEMOS PERU,8
070913,Cusco,La Convención,Villa Kintiarina,ALIANZA PARA EL PROGRESO,35
070913,Cusco,La Convención,Villa Kintiarina,PARTIDO POLITICO NACIONAL PERU LIBRE,108
070913,Cusco,La Convención,Villa Kintiarina,PARTIDO DEMOCRATICO SOMOS PERU,314
070915,Cusco,La Convención,Megantoni,MOVIMIENTO REGIONAL INKA PACHAKUTEQ,357
070915,Cusco,La Convención,Megantoni,PARTIDO FRENTE DE LA ESPERANZA 2021,118
070915,Cusco,La Convención,Megantoni,JUNTOS POR EL PERU,2320
070915,Cusco,La Convención,Megantoni,RENOVACION POPULAR,6
070915,Cusco,La Convención,Megantoni,ALIANZA PARA EL PROGRESO,197
070915,Cusco,La Convención,Megantoni,PARTIDO POLITICO NACIONAL PERU LIBRE,1691
070915,Cusco,La Convención,Megantoni,PARTIDO DEMOCRATICO SOMOS PERU,56
070916,Cusco,La Convención,Kumpirushiato,FUERZA INKA AMAZONICA,694
070916,Cusco,La Convención,Kumpirushiato,AUTOGOBIERNO AYLLU,646
070916,Cusco,La Convención,Kumpirushiato,MOVIMIENTO REGIONAL INKA PACHAKUTEQ,19
070916,Cusco,La Convención,Kumpirushiato,JUNTOS POR EL PERU,361
070916,Cusco,La Convención,Kumpirushiato,PODEMOS PERU,51
070916,Cusco,La Convención,Kumpirushiato,ALIANZA PARA EL PROGRESO,251
070916,Cusco,La Convención,Kumpirushiato,PARTIDO POLITICO NACIONAL PERU LIBRE,32
070917,Cusco,La Convención,Cielo Punco,FUERZA INKA AMAZONICA,310
070917,Cusco,La Convención,Cielo Punco,PARTIDO POLITICO NACIONAL PERU LIBRE,153
070917,Cusco,La Convención,Cielo Punco,PARTIDO DEMOCRATICO SOMOS PERU,271
070918,Cusco,La Convención,Manitea,FUERZA INKA AMAZONICA,0
070918,Cusco,La Convención,Manitea,MOVIMIENTO REGIONAL INKA PACHAKUTEQ,0
070918,Cusco,La Convención,Manitea,JUNTOS POR EL PERU,0
070918,Cusco,La Convención,Manitea,PODEMOS PERU,0
070918,Cusco,La Convención,Manitea,ALIANZA PARA EL PROGRESO,0
070918,Cusco,La Convención,Manitea,PARTIDO DEMOCRATICO SOMOS PERU,0
070919,Cusco,La Convención,Unión Asháninka,FUERZA INKA AMAZONICA,309
070919,Cusco,La Convención,Unión Asháninka,MOVIMIENTO REGIONAL INKA PACHAKUTEQ,385
070919,Cusco,La Convención,Unión Asháninka,JUNTOS POR EL PERU,264
070919,Cusco,La Convención,Unión Asháninka,PARTIDO DEMOCRATICO SOMOS PERU,281
071002,Cusco,Paruro,Accha,AUTOGOBIERNO AYLLU,198
071002,Cusco,Paruro,Accha,MOVIMIENTO REGIONAL INKA PACHAKUTEQ,670
071002,Cusco,Paruro,Accha,PARTIDO POLITICO NACIONAL PERU LIBRE,641
071002,Cusco,Paruro,Accha,PARTIDO DEMOCRATICO SOMOS PERU,333
071003,Cusco,Paruro,Ccapi,MOVIMIENTO REGIONAL INKA PACHAKUTEQ,203
071003,Cusco,Paruro,Ccapi,PARTIDO FRENTE DE LA ESPERANZA 2021,32
071003,Cusco,Paruro,Ccapi,ACCION POPULAR,311
071003,Cusco,Paruro,Ccapi,ALIANZA PARA EL PROGRESO,234
071003,Cusco,Paruro,Ccapi,PARTIDO POLITICO NACIONAL PERU LIBRE,571
071003,Cusco,Paruro,Ccapi,PARTIDO DEMOCRATICO SOMOS PERU,494
071004,Cusco,Paruro,Colcha,MOVIMIENTO REGIONAL INKA PACHAKUTEQ,113
071004,Cusco,Paruro,Colcha,PARTIDO POLITICO NACIONAL PERU LIBRE,343
071004,Cusco,Paruro,Colcha,PARTIDO DEMOCRATICO SOMOS PERU,265
071005,Cusco,Paruro,Huanoquite,AUTOGOBIERNO AYLLU,148
071005,Cusco,Paruro,Huanoquite,MOVIMIENTO REGIONAL INKA PACHAKUTEQ,1300
071005,Cusco,Paruro,Huanoquite,PARTIDO FRENTE DE LA ESPERANZA 2021,13
071005,Cusco,Paruro,Huanoquite,ALIANZA PARA EL PROGRESO,254
071005,Cusco,Paruro,Huanoquite,PARTIDO POLITICO NACIONAL PERU LIBRE,253
071005,Cusco,Paruro,Huanoquite,PARTIDO DEMOCRATICO SOMOS PERU,1667
071006,Cusco,Paruro,Omacha,MOVIMIENTO REGIONAL INKA PACHAKUTEQ,1065
071006,Cusco,Paruro,Omacha,JUNTOS POR EL PERU,54
071006,Cusco,Paruro,Omacha,PODEMOS PERU,75
071006,Cusco,Paruro,Omacha,RENOVACION POPULAR,23
071006,Cusco,Paruro,Omacha,ALIANZA PARA EL PROGRESO,1135
071006,Cusco,Paruro,Omacha,PARTIDO POLITICO NACIONAL PERU LIBRE,590
071007,Cusco,Paruro,Yaurisque,MOVIMIENTO REGIONAL INKA PACHAKUTEQ,594
071007,Cusco,Paruro,Yaurisque,JUNTOS POR EL PERU,310
071007,Cusco,Paruro,Yaurisque,ALIANZA PARA EL PROGRESO,322
071007,Cusco,Paruro,Yaurisque,PARTIDO POLITICO NACIONAL PERU LIBRE,68
071007,Cusco,Paruro,Yaurisque,PARTIDO DEMOCRATICO SOMOS PERU,575
071008,Cusco,Paruro,Paccaritambo,MOVIMIENTO REGIONAL INKA PACHAKUTEQ,284
071008,Cusco,Paruro,Paccaritambo,PARTIDO FRENTE DE LA ESPERANZA 2021,87
071008,Cusco,Paruro,Paccaritambo,ALIANZA PARA EL PROGRESO,268
071008,Cusco,Paruro,Paccaritambo,PARTIDO POLITICO NACIONAL PERU LIBRE,313
071008,Cusco,Paruro,Paccaritambo,PARTIDO DEMOCRATICO SOMOS PERU,434
071009,Cusco,Paruro,Pillpinto,PARTIDO FRENTE DE LA ESPERANZA 2021,130
071009,Cusco,Paruro,Pillpinto,ACCION POPULAR,189
071009,Cusco,Paruro,Pillpinto,ALIANZA PARA EL PROGRESO,160
071009,Cusco,Paruro,Pillpinto,PARTIDO POLITICO NACIONAL PERU LIBRE,52
071009,Cusco,Paruro,Pillpinto,PARTIDO DEMOCRATICO SOMOS PERU,236
071102,Cusco,Paucartambo,Caicay,MOVIMIENTO REGIONAL INKA PACHAKUTEQ,802
071102,Cusco,Paucartambo,Caicay,PODEMOS PERU,701
071102,Cusco,Paucartambo,Caicay,ALIANZA PARA EL PROGRESO,125
071103,Cusco,Paucartambo,Colquepata,MOVIMIENTO REGIONAL INKA PACHAKUTEQ,1372
071103,Cusco,Paucartambo,Colquepata,JUNTOS POR EL PERU,1652
071103,Cusco,Paucartambo,Colquepata,PODEMOS PERU,86
071103,Cusco,Paucartambo,Colquepata,PARTIDO DEMOCRATICO SOMOS PERU,2239
071104,Cusco,Paucartambo,Challabamba,MOVIMIENTO REGIONAL INKA PACHAKUTEQ,919
071104,Cusco,Paucartambo,Challabamba,JUNTOS POR EL PERU,15
071104,Cusco,Paucartambo,Challabamba,PODEMOS PERU,166
071104,Cusco,Paucartambo,Challabamba,PARTIDO POLITICO NACIONAL PERU LIBRE,2116
071104,Cusco,Paucartambo,Challabamba,PARTIDO DEMOCRATICO SOMOS PERU,1906
071105,Cusco,Paucartambo,Kosñipata,MOVIMIENTO REGIONAL INKA PACHAKUTEQ,671
071105,Cusco,Paucartambo,Kosñipata,PODEMOS PERU,852
071105,Cusco,Paucartambo,Kosñipata,PARTIDO POLITICO NACIONAL PERU LIBRE,231
071105,Cusco,Paucartambo,Kosñipata,PARTIDO DEMOCRATICO SOMOS PERU,892
071106,Cusco,Paucartambo,Huancarani,MOVIMIENTO REGIONAL INKA PACHAKUTEQ,889
071106,Cusco,Paucartambo,Huancarani,JUNTOS POR EL PERU,103
071106,Cusco,Paucartambo,Huancarani,ACCION POPULAR,1401
071106,Cusco,Paucartambo,Huancarani,PODEMOS PERU,249
071106,Cusco,Paucartambo,Huancarani,PARTIDO DEMOCRATICO SOMOS PERU,1513
071202,Cusco,Quispicanchi,Andahuaylillas,MOVIMIENTO REGIONAL INKA PACHAKUTEQ,1320
071202,Cusco,Quispicanchi,Andahuaylillas,PARTIDO FRENTE DE LA ESPERANZA 2021,175
071202,Cusco,Quispicanchi,Andahuaylillas,JUNTOS POR EL PERU,526
071202,Cusco,Quispicanchi,Andahuaylillas,PODEMOS PERU,78
071202,Cusco,Quispicanchi,Andahuaylillas,ALIANZA PARA EL PROGRESO,38
071202,Cusco,Quispicanchi,Andahuaylillas,PARTIDO POLITICO NACIONAL PERU LIBRE,156
071202,Cusco,Quispicanchi,Andahuaylillas,PARTIDO DEMOCRATICO SOMOS PERU,1300
071203,Cusco,Quispicanchi,Camanti,MOVIMIENTO REGIONAL INKA PACHAKUTEQ,46
071203,Cusco,Quispicanchi,Camanti,PARTIDO FRENTE DE LA ESPERANZA 2021,272
071203,Cusco,Quispicanchi,Camanti,JUNTOS POR EL PERU,145
071203,Cusco,Quispicanchi,Camanti,PODEMOS PERU,43
071203,Cusco,Quispicanchi,Camanti,RENOVACION POPULAR,133
071203,Cusco,Quispicanchi,Camanti,ALIANZA PARA EL PROGRESO,135
071203,Cusco,Quispicanchi,Camanti,PARTIDO POLITICO NACIONAL PERU LIBRE,326
071203,Cusco,Quispicanchi,Camanti,PARTIDO DEMOCRATICO SOMOS PERU,302
071204,Cusco,Quispicanchi,Ccarhuayo,MOVIMIENTO REGIONAL INKA PACHAKUTEQ,116
071204,Cusco,Quispicanchi,Ccarhuayo,PARTIDO FRENTE DE LA ESPERANZA 2021,56
071204,Cusco,Quispicanchi,Ccarhuayo,JUNTOS POR EL PERU,306
071204,Cusco,Quispicanchi,Ccarhuayo,PARTIDO POLITICO NACIONAL PERU LIBRE,693
071204,Cusco,Quispicanchi,Ccarhuayo,PARTIDO DEMOCRATICO SOMOS PERU,665
071205,Cusco,Quispicanchi,Ccatca,MOVIMIENTO REGIONAL INKA PACHAKUTEQ,2744
071205,Cusco,Quispicanchi,Ccatca,JUNTOS POR EL PERU,682
071205,Cusco,Quispicanchi,Ccatca,PODEMOS PERU,88
071205,Cusco,Quispicanchi,Ccatca,PARTIDO POLITICO NACIONAL PERU LIBRE,130
071205,Cusco,Quispicanchi,Ccatca,PARTIDO DEMOCRATICO SOMOS PERU,3251
071206,Cusco,Quispicanchi,Cusipata,MOVIMIENTO REGIONAL INKA PACHAKUTEQ,975
071206,Cusco,Quispicanchi,Cusipata,PARTIDO FRENTE DE LA ESPERANZA 2021,77
071206,Cusco,Quispicanchi,Cusipata,JUNTOS POR EL PERU,53
071206,Cusco,Quispicanchi,Cusipata,PARTIDO POLITICO NACIONAL PERU LIBRE,551
071206,Cusco,Quispicanchi,Cusipata,PARTIDO DEMOCRATICO SOMOS PERU,1233
071207,Cusco,Quispicanchi,Huaro,MOVIMIENTO REGIONAL INKA PACHAKUTEQ,861
071207,Cusco,Quispicanchi,Huaro,PARTIDO FRENTE DE LA ESPERANZA 2021,161
071207,Cusco,Quispicanchi,Huaro,JUNTOS POR EL PERU,103
071207,Cusco,Quispicanchi,Huaro,PODEMOS PERU,102
071207,Cusco,Quispicanchi,Huaro,ALIANZA PARA EL PROGRESO,498
071207,Cusco,Quispicanchi,Huaro,PARTIDO POLITICO NACIONAL PERU LIBRE,429
071207,Cusco,Quispicanchi,Huaro,PARTIDO DEMOCRATICO SOMOS PERU,264
071208,Cusco,Quispicanchi,Lucre,MOVIMIENTO REGIONAL INKA PACHAKUTEQ,1035
071208,Cusco,Quispicanchi,Lucre,PARTIDO FRENTE DE LA ESPERANZA 2021,501
071208,Cusco,Quispicanchi,Lucre,JUNTOS POR EL PERU,567
071208,Cusco,Quispicanchi,Lucre,PARTIDO POLITICO NACIONAL PERU LIBRE,594
071209,Cusco,Quispicanchi,Marcapata,MOVIMIENTO REGIONAL INKA PACHAKUTEQ,44
071209,Cusco,Quispicanchi,Marcapata,PARTIDO FRENTE DE LA ESPERANZA 2021,285
071209,Cusco,Quispicanchi,Marcapata,JUNTOS POR EL PERU,825
071209,Cusco,Quispicanchi,Marcapata,PODEMOS PERU,973
071209,Cusco,Quispicanchi,Marcapata,PARTIDO POLITICO NACIONAL PERU LIBRE,151
071209,Cusco,Quispicanchi,Marcapata,PARTIDO DEMOCRATICO SOMOS PERU,251
071210,Cusco,Quispicanchi,Ocongate,MOVIMIENTO REGIONAL INKA PACHAKUTEQ,295
071210,Cusco,Quispicanchi,Ocongate,PARTIDO FRENTE DE LA ESPERANZA 2021,209
071210,Cusco,Quispicanchi,Ocongate,JUNTOS POR EL PERU,3402
071210,Cusco,Quispicanchi,Ocongate,PODEMOS PERU,524
071210,Cusco,Quispicanchi,Ocongate,PARTIDO POLITICO NACIONAL PERU LIBRE,1918
071210,Cusco,Quispicanchi,Ocongate,PARTIDO DEMOCRATICO SOMOS PERU,2277
071211,Cusco,Quispicanchi,Oropesa,MOVIMIENTO REGIONAL INKA PACHAKUTEQ,905
071211,Cusco,Quispicanchi,Oropesa,PARTIDO FRENTE DE LA ESPERANZA 2021,1025
071211,Cusco,Quispicanchi,Oropesa,JUNTOS POR EL PERU,809
071211,Cusco,Quispicanchi,Oropesa,PODEMOS PERU,127
071211,Cusco,Quispicanchi,Oropesa,ALIANZA PARA EL PROGRESO,333
071211,Cusco,Quispicanchi,Oropesa,PARTIDO DEMOCRATICO SOMOS PERU,1990
071212,Cusco,Quispicanchi,Quiquijana,MOVIMIENTO REGIONAL INKA PACHAKUTEQ,929
071212,Cusco,Quispicanchi,Quiquijana,PARTIDO FRENTE DE LA ESPERANZA 2021,944
071212,Cusco,Quispicanchi,Quiquijana,JUNTOS POR EL PERU,1197
071212,Cusco,Quispicanchi,Quiquijana,PODEMOS PERU,102
071212,Cusco,Quispicanchi,Quiquijana,PARTIDO POLITICO NACIONAL PERU LIBRE,415
071212,Cusco,Quispicanchi,Quiquijana,PARTIDO DEMOCRATICO SOMOS PERU,1911
071302,Cusco,Urubamba,Chinchero,AUTOGOBIERNO AYLLU,1445
071302,Cusco,Urubamba,Chinchero,MOVIMIENTO REGIONAL INKA PACHAKUTEQ,487
071302,Cusco,Urubamba,Chinchero,PARTIDO FRENTE DE LA ESPERANZA 2021,423
071302,Cusco,Urubamba,Chinchero,JUNTOS POR EL PERU,193
071302,Cusco,Urubamba,Chinchero,PARTIDO POLITICO NACIONAL PERU LIBRE,2021
071302,Cusco,Urubamba,Chinchero,PARTIDO DEMOCRATICO SOMOS PERU,2555
071303,Cusco,Urubamba,Huayllabamba,AUTOGOBIERNO AYLLU,864
071303,Cusco,Urubamba,Huayllabamba,MOVIMIENTO REGIONAL INKA PACHAKUTEQ,203
071303,Cusco,Urubamba,Huayllabamba,JUNTOS POR EL PERU,339
071303,Cusco,Urubamba,Huayllabamba,ALIANZA PARA EL PROGRESO,86
071303,Cusco,Urubamba,Huayllabamba,PARTIDO POLITICO NACIONAL PERU LIBRE,250
071303,Cusco,Urubamba,Huayllabamba,PARTIDO DEMOCRATICO SOMOS PERU,1470
071304,Cusco,Urubamba,Machupicchu,AUTOGOBIERNO AYLLU,198
071304,Cusco,Urubamba,Machupicchu,MOVIMIENTO REGIONAL INKA PACHAKUTEQ,207
071304,Cusco,Urubamba,Machupicchu,PARTIDO FRENTE DE LA ESPERANZA 2021,90
071304,Cusco,Urubamba,Machupicchu,ALIANZA PARA EL PROGRESO,1497
071304,Cusco,Urubamba,Machupicchu,AVANZA PAIS - PARTIDO DE INTEGRACION SOCIAL,17
071304,Cusco,Urubamba,Machupicchu,PARTIDO POLITICO NACIONAL PERU LIBRE,332
071304,Cusco,Urubamba,Machupicchu,PARTIDO DEMOCRATICO SOMOS PERU,2097
071305,Cusco,Urubamba,Maras,AUTOGOBIERNO AYLLU,357
071305,Cusco,Urubamba,Maras,MOVIMIENTO REGIONAL INKA PACHAKUTEQ,509
071305,Cusco,Urubamba,Maras,PARTIDO FRENTE DE LA ESPERANZA 2021,403
071305,Cusco,Urubamba,Maras,JUNTOS POR EL PERU,107
071305,Cusco,Urubamba,Maras,PODEMOS PERU,418
071305,Cusco,Urubamba,Maras,ALIANZA PARA EL PROGRESO,915
071305,Cusco,Urubamba,Maras,PARTIDO POLITICO NACIONAL PERU LIBRE,177
071305,Cusco,Urubamba,Maras,PARTIDO DEMOCRATICO SOMOS PERU,1272
071306,Cusco,Urubamba,Ollantaytambo,AUTOGOBIERNO AYLLU,845
071306,Cusco,Urubamba,Ollantaytambo,MOVIMIENTO REGIONAL INKA PACHAKUTEQ,226
071306,Cusco,Urubamba,Ollantaytambo,PARTIDO FRENTE DE LA ESPERANZA 2021,40
071306,Cusco,Urubamba,Ollantaytambo,JUNTOS POR EL PERU,232
071306,Cusco,Urubamba,Ollantaytambo,PODEMOS PERU,384
071306,Cusco,Urubamba,Ollantaytambo,ALIANZA PARA EL PROGRESO,1200
071306,Cusco,Urubamba,Ollantaytambo,PARTIDO POLITICO NACIONAL PERU LIBRE,1269
071306,Cusco,Urubamba,Ollantaytambo,PARTIDO DEMOCRATICO SOMOS PERU,1909
071307,Cusco,Urubamba,Yucay,AUTOGOBIERNO AYLLU,433
071307,Cusco,Urubamba,Yucay,MOVIMIENTO REGIONAL INKA PACHAKUTEQ,470
071307,Cusco,Urubamba,Yucay,PARTIDO FRENTE DE LA ESPERANZA 2021,81
071307,Cusco,Urubamba,Yucay,PODEMOS PERU,170
071307,Cusco,Urubamba,Yucay,PARTIDO DEMOCRATICO SOMOS PERU,693
080102,Huancavelica,Huancavelica,Acobambilla,MOVIMIENTO INDEPENDIENTE TRABAJANDO PARA TODOS,358
080102,Huancavelica,Huancavelica,Acobambilla,MOVIMIENTO REGIONAL AGUA,21
080102,Huancavelica,Huancavelica,Acobambilla,MOVIMIENTO REGIONAL AYNI,856
080102,Huancavelica,Huancavelica,Acobambilla,PARTIDO DEMOCRATICO SOMOS PERU,767
080103,Huancavelica,Huancavelica,Acoria,MOVIMIENTO INDEPENDIENTE TRABAJANDO PARA TODOS,1690
080103,Huancavelica,Huancavelica,Acoria,MOVIMIENTO REGIONAL AGUA,4059
080103,Huancavelica,Huancavelica,Acoria,MOVIMIENTO REGIONAL AYNI,2207
080103,Huancavelica,Huancavelica,Acoria,PARTIDO DEMOCRATICO SOMOS PERU,4354
080104,Huancavelica,Huancavelica,Conayca,MOVIMIENTO INDEPENDIENTE TRABAJANDO PARA TODOS,160
080104,Huancavelica,Huancavelica,Conayca,MOVIMIENTO REGIONAL AGUA,268
080104,Huancavelica,Huancavelica,Conayca,MOVIMIENTO REGIONAL AYNI,73
080105,Huancavelica,Huancavelica,Cuenca,MOVIMIENTO INDEPENDIENTE TRABAJANDO PARA TODOS,240
080105,Huancavelica,Huancavelica,Cuenca,MOVIMIENTO REGIONAL AGUA,454
080105,Huancavelica,Huancavelica,Cuenca,MOVIMIENTO REGIONAL AYNI,197
080105,Huancavelica,Huancavelica,Cuenca,PARTIDO DEMOCRATICO SOMOS PERU,167
080106,Huancavelica,Huancavelica,Huachocolpa,MOVIMIENTO REGIONAL AGUA,415
080106,Huancavelica,Huancavelica,Huachocolpa,MOVIMIENTO REGIONAL AYNI,787
080108,Huancavelica,Huancavelica,Huayllahuara,MOVIMIENTO INDEPENDIENTE TRABAJANDO PARA TODOS,199
080108,Huancavelica,Huancavelica,Huayllahuara,MOVIMIENTO REGIONAL AGUA,141
080108,Huancavelica,Huancavelica,Huayllahuara,MOVIMIENTO REGIONAL AYNI,264
080109,Huancavelica,Huancavelica,Izcuchaca,MOVIMIENTO INDEPENDIENTE TRABAJANDO PARA TODOS,350
080109,Huancavelica,Huancavelica,Izcuchaca,MOVIMIENTO REGIONAL AGUA,34
080109,Huancavelica,Huancavelica,Izcuchaca,MOVIMIENTO REGIONAL AYNI,96
080109,Huancavelica,Huancavelica,Izcuchaca,ACCION POPULAR,168
080110,Huancavelica,Huancavelica,Laria,MOVIMIENTO INDEPENDIENTE TRABAJANDO PARA TODOS,198
080110,Huancavelica,Huancavelica,Laria,MOVIMIENTO REGIONAL AYNI,439
080111,Huancavelica,Huancavelica,Manta,MOVIMIENTO INDEPENDIENTE TRABAJANDO PARA TODOS,85
080111,Huancavelica,Huancavelica,Manta,MOVIMIENTO REGIONAL AGUA,57
080111,Huancavelica,Huancavelica,Manta,MOVIMIENTO REGIONAL AYNI,95
080111,Huancavelica,Huancavelica,Manta,ACCION POPULAR,44
080111,Huancavelica,Huancavelica,Manta,PARTIDO POLITICO NACIONAL PERU LIBRE,157
080111,Huancavelica,Huancavelica,Manta,PARTIDO DEMOCRATICO SOMOS PERU,118
080112,Huancavelica,Huancavelica,Mariscal Cáceres,MOVIMIENTO INDEPENDIENTE TRABAJANDO PARA TODOS,120
080112,Huancavelica,Huancavelica,Mariscal Cáceres,MOVIMIENTO REGIONAL AGUA,206
080112,Huancavelica,Huancavelica,Mariscal Cáceres,MOVIMIENTO REGIONAL AYNI,144
080112,Huancavelica,Huancavelica,Mariscal Cáceres,PARTIDO DEMOCRATICO SOMOS PERU,183
080113,Huancavelica,Huancavelica,Moya,MOVIMIENTO INDEPENDIENTE TRABAJANDO PARA TODOS,361
080113,Huancavelica,Huancavelica,Moya,MOVIMIENTO REGIONAL AGUA,21
080113,Huancavelica,Huancavelica,Moya,MOVIMIENTO REGIONAL AYNI,254
080113,Huancavelica,Huancavelica,Moya,ACCION POPULAR,102
080114,Huancavelica,Huancavelica,Nuevo Occoro,MOVIMIENTO INDEPENDIENTE TRABAJANDO PARA TODOS,659
080114,Huancavelica,Huancavelica,Nuevo Occoro,MOVIMIENTO REGIONAL AGUA,24
080114,Huancavelica,Huancavelica,Nuevo Occoro,MOVIMIENTO REGIONAL AYNI,816
080115,Huancavelica,Huancavelica,Palca,MOVIMIENTO INDEPENDIENTE TRABAJANDO PARA TODOS,471
080115,Huancavelica,Huancavelica,Palca,MOVIMIENTO REGIONAL AGUA,745
080115,Huancavelica,Huancavelica,Palca,MOVIMIENTO REGIONAL AYNI,575
080116,Huancavelica,Huancavelica,Pilchaca,MOVIMIENTO INDEPENDIENTE TRABAJANDO PARA TODOS,271
080116,Huancavelica,Huancavelica,Pilchaca,MOVIMIENTO REGIONAL AGUA,68
080116,Huancavelica,Huancavelica,Pilchaca,MOVIMIENTO REGIONAL AYNI,246
080117,Huancavelica,Huancavelica,Vilca,MOVIMIENTO INDEPENDIENTE TRABAJANDO PARA TODOS,863
080117,Huancavelica,Huancavelica,Vilca,MOVIMIENTO REGIONAL AGUA,130
080117,Huancavelica,Huancavelica,Vilca,MOVIMIENTO REGIONAL AYNI,429
080117,Huancavelica,Huancavelica,Vilca,PODEMOS PERU,49
080118,Huancavelica,Huancavelica,Yauli,MOVIMIENTO INDEPENDIENTE TRABAJANDO PARA TODOS,2297
080118,Huancavelica,Huancavelica,Yauli,MOVIMIENTO REGIONAL AGUA,4795
080118,Huancavelica,Huancavelica,Yauli,MOVIMIENTO REGIONAL AYNI,5507
080118,Huancavelica,Huancavelica,Yauli,PARTIDO DEMOCRATICO SOMOS PERU,84
080119,Huancavelica,Huancavelica,Ascensión,MOVIMIENTO INDEPENDIENTE TRABAJANDO PARA TODOS,2266
080119,Huancavelica,Huancavelica,Ascensión,MOVIMIENTO REGIONAL AGUA,1611
080119,Huancavelica,Huancavelica,Ascensión,MOVIMIENTO REGIONAL AYNI,1670
080119,Huancavelica,Huancavelica,Ascensión,JUNTOS POR EL PERU,238
080119,Huancavelica,Huancavelica,Ascensión,PARTIDO DEMOCRATICO SOMOS PERU,778
080120,Huancavelica,Huancavelica,Huando,MOVIMIENTO INDEPENDIENTE TRABAJANDO PARA TODOS,490
080120,Huancavelica,Huancavelica,Huando,MOVIMIENTO REGIONAL AGUA,1452
080120,Huancavelica,Huancavelica,Huando,MOVIMIENTO REGIONAL AYNI,1074
080120,Huancavelica,Huancavelica,Huando,ACCION POPULAR,593
080202,Huancavelica,Acobamba,Anta,MOVIMIENTO INDEPENDIENTE TRABAJANDO PARA TODOS,1455
080202,Huancavelica,Acobamba,Anta,MOVIMIENTO REGIONAL AGUA,1230
080202,Huancavelica,Acobamba,Anta,MOVIMIENTO REGIONAL AYNI,958
080203,Huancavelica,Acobamba,Andabamba,MOVIMIENTO INDEPENDIENTE TRABAJANDO PARA TODOS,798
080203,Huancavelica,Acobamba,Andabamba,MOVIMIENTO REGIONAL AGUA,810
080203,Huancavelica,Acobamba,Andabamba,MOVIMIENTO REGIONAL AYNI,717
080204,Huancavelica,Acobamba,Caja,MOVIMIENTO INDEPENDIENTE TRABAJANDO PARA TODOS,430
080204,Huancavelica,Acobamba,Caja,MOVIMIENTO REGIONAL AGUA,371
080204,Huancavelica,Acobamba,Caja,MOVIMIENTO REGIONAL AYNI,558
080204,Huancavelica,Acobamba,Caja,PARTIDO POLITICO NACIONAL PERU LIBRE,33
080205,Huancavelica,Acobamba,Marcas,MOVIMIENTO INDEPENDIENTE TRABAJANDO PARA TODOS,650
080205,Huancavelica,Acobamba,Marcas,MOVIMIENTO REGIONAL AGUA,85
080205,Huancavelica,Acobamba,Marcas,MOVIMIENTO REGIONAL AYNI,455
080205,Huancavelica,Acobamba,Marcas,PARTIDO POLITICO NACIONAL PERU LIBRE,51
080206,Huancavelica,Acobamba,Paucara,MOVIMIENTO INDEPENDIENTE TRABAJANDO PARA TODOS,2978
080206,Huancavelica,Acobamba,Paucara,MOVIMIENTO REGIONAL AGUA,1155
080206,Huancavelica,Acobamba,Paucara,MOVIMIENTO REGIONAL AYNI,2742
080206,Huancavelica,Acobamba,Paucara,PARTIDO POLITICO NACIONAL PERU LIBRE,28
080206,Huancavelica,Acobamba,Paucara,PARTIDO DEMOCRATICO SOMOS PERU,113
080207,Huancavelica,Acobamba,Pomacocha,MOVIMIENTO INDEPENDIENTE TRABAJANDO PARA TODOS,776
080207,Huancavelica,Acobamba,Pomacocha,MOVIMIENTO REGIONAL AGUA,809
080207,Huancavelica,Acobamba,Pomacocha,MOVIMIENTO REGIONAL AYNI,485
080207,Huancavelica,Acobamba,Pomacocha,PARTIDO POLITICO NACIONAL PERU LIBRE,8
080208,Huancavelica,Acobamba,Rosario,MOVIMIENTO INDEPENDIENTE TRABAJANDO PARA TODOS,1514
080208,Huancavelica,Acobamba,Rosario,MOVIMIENTO REGIONAL AGUA,1051
080208,Huancavelica,Acobamba,Rosario,MOVIMIENTO REGIONAL AYNI,912
080208,Huancavelica,Acobamba,Rosario,PARTIDO POLITICO NACIONAL PERU LIBRE,6
080302,Huancavelica,Angaraes,Anchonga,MOVIMIENTO REGIONAL AGUA,1256
080302,Huancavelica,Angaraes,Anchonga,MOVIMIENTO REGIONAL AYNI,1279
080302,Huancavelica,Angaraes,Anchonga,PARTIDO POLITICO NACIONAL PERU LIBRE,1341
080303,Huancavelica,Angaraes,Callanmarca,MOVIMIENTO INDEPENDIENTE TRABAJANDO PARA TODOS,180
080303,Huancavelica,Angaraes,Callanmarca,MOVIMIENTO REGIONAL AGUA,332
080303,Huancavelica,Angaraes,Callanmarca,MOVIMIENTO REGIONAL AYNI,43
080304,Huancavelica,Angaraes,Congalla,MOVIMIENTO INDEPENDIENTE TRABAJANDO PARA TODOS,599
080304,Huancavelica,Angaraes,Congalla,MOVIMIENTO REGIONAL AGUA,437
080304,Huancavelica,Angaraes,Congalla,MOVIMIENTO REGIONAL AYNI,718
080304,Huancavelica,Angaraes,Congalla,PARTIDO POLITICO NACIONAL PERU LIBRE,593
080305,Huancavelica,Angaraes,Chincho,MOVIMIENTO INDEPENDIENTE TRABAJANDO PARA TODOS,307
080305,Huancavelica,Angaraes,Chincho,MOVIMIENTO REGIONAL AGUA,35
080305,Huancavelica,Angaraes,Chincho,MOVIMIENTO REGIONAL AYNI,293
080305,Huancavelica,Angaraes,Chincho,PARTIDO POLITICO NACIONAL PERU LIBRE,118
080306,Huancavelica,Angaraes,Huayllay Grande,MOVIMIENTO INDEPENDIENTE TRABAJANDO PARA TODOS,684
080306,Huancavelica,Angaraes,Huayllay Grande,MOVIMIENTO REGIONAL AGUA,239
080306,Huancavelica,Angaraes,Huayllay Grande,MOVIMIENTO REGIONAL AYNI,237
080306,Huancavelica,Angaraes,Huayllay Grande,PARTIDO POLITICO NACIONAL PERU LIBRE,18
080307,Huancavelica,Angaraes,Huanca-Huanca,MOVIMIENTO INDEPENDIENTE TRABAJANDO PARA TODOS,138
080307,Huancavelica,Angaraes,Huanca-Huanca,MOVIMIENTO REGIONAL AGUA,479
080307,Huancavelica,Angaraes,Huanca-Huanca,MOVIMIENTO REGIONAL AYNI,362
080308,Huancavelica,Angaraes,Julcamarca,MOVIMIENTO REGIONAL AGUA,288
080308,Huancavelica,Angaraes,Julcamarca,MOVIMIENTO REGIONAL AYNI,401
080309,Huancavelica,Angaraes,San Antonio de Antaparco,MOVIMIENTO INDEPENDIENTE TRABAJANDO PARA TODOS,183
080309,Huancavelica,Angaraes,San Antonio de Antaparco,MOVIMIENTO REGIONAL AGUA,228
080309,Huancavelica,Angaraes,San Antonio de Antaparco,MOVIMIENTO REGIONAL AYNI,322
080309,Huancavelica,Angaraes,San Antonio de Antaparco,PARTIDO POLITICO NACIONAL PERU LIBRE,179
080310,Huancavelica,Angaraes,Santo Tomás de Pata,MOVIMIENTO REGIONAL AGUA,277
080310,Huancavelica,Angaraes,Santo Tomás de Pata,MOVIMIENTO REGIONAL AYNI,231
080310,Huancavelica,Angaraes,Santo Tomás de Pata,PARTIDO POLITICO NACIONAL PERU LIBRE,419
080311,Huancavelica,Angaraes,Secclla,MOVIMIENTO REGIONAL AGUA,973
080311,Huancavelica,Angaraes,Secclla,MOVIMIENTO REGIONAL AYNI,986
080312,Huancavelica,Angaraes,Ccochaccasa,MOVIMIENTO REGIONAL AGUA,818
080312,Huancavelica,Angaraes,Ccochaccasa,MOVIMIENTO REGIONAL AYNI,1293
080312,Huancavelica,Angaraes,Ccochaccasa,PARTIDO POLITICO NACIONAL PERU LIBRE,33
080402,Huancavelica,Castrovirreyna,Arma,MOVIMIENTO REGIONAL AGUA,135
080402,Huancavelica,Castrovirreyna,Arma,MOVIMIENTO REGIONAL AYNI,595
080402,Huancavelica,Castrovirreyna,Arma,ACCION POPULAR,262
080403,Huancavelica,Castrovirreyna,Aurahua,MOVIMIENTO REGIONAL AGUA,452
080403,Huancavelica,Castrovirreyna,Aurahua,MOVIMIENTO REGIONAL AYNI,407
080403,Huancavelica,Castrovirreyna,Aurahua,ACCION POPULAR,142
080403,Huancavelica,Castrovirreyna,Aurahua,PARTIDO POLITICO NACIONAL PERU LIBRE,74
080405,Huancavelica,Castrovirreyna,Capillas,MOVIMIENTO INDEPENDIENTE TRABAJANDO PARA TODOS,114
080405,Huancavelica,Castrovirreyna,Capillas,MOVIMIENTO REGIONAL AGUA,504
080405,Huancavelica,Castrovirreyna,Capillas,MOVIMIENTO REGIONAL AYNI,324
080406,Huancavelica,Castrovirreyna,Cocas,MOVIMIENTO INDEPENDIENTE TRABAJANDO PARA TODOS,250
080406,Huancavelica,Castrovirreyna,Cocas,MOVIMIENTO REGIONAL AGUA,238
080406,Huancavelica,Castrovirreyna,Cocas,MOVIMIENTO REGIONAL AYNI,192
080406,Huancavelica,Castrovirreyna,Cocas,ACCION POPULAR,75
080408,Huancavelica,Castrovirreyna,Chupamarca,MOVIMIENTO INDEPENDIENTE TRABAJANDO PARA TODOS,180
080408,Huancavelica,Castrovirreyna,Chupamarca,MOVIMIENTO REGIONAL AGUA,154
080408,Huancavelica,Castrovirreyna,Chupamarca,MOVIMIENTO REGIONAL AYNI,98
080408,Huancavelica,Castrovirreyna,Chupamarca,ACCION POPULAR,135
080409,Huancavelica,Castrovirreyna,Huachos,MOVIMIENTO INDEPENDIENTE TRABAJANDO PARA TODOS,282
080409,Huancavelica,Castrovirreyna,Huachos,MOVIMIENTO REGIONAL AGUA,637
080409,Huancavelica,Castrovirreyna,Huachos,MOVIMIENTO REGIONAL AYNI,269
080409,Huancavelica,Castrovirreyna,Huachos,PARTIDO DEMOCRATICO SOMOS PERU,29
080410,Huancavelica,Castrovirreyna,Huamatambo,MOVIMIENTO INDEPENDIENTE TRABAJANDO PARA TODOS,120
080410,Huancavelica,Castrovirreyna,Huamatambo,MOVIMIENTO REGIONAL AGUA,83
080410,Huancavelica,Castrovirreyna,Huamatambo,MOVIMIENTO REGIONAL AYNI,232
080410,Huancavelica,Castrovirreyna,Huamatambo,ACCION POPULAR,100
080414,Huancavelica,Castrovirreyna,Mollepampa,MOVIMIENTO INDEPENDIENTE TRABAJANDO PARA TODOS,229
080414,Huancavelica,Castrovirreyna,Mollepampa,MOVIMIENTO REGIONAL AGUA,224
080414,Huancavelica,Castrovirreyna,Mollepampa,MOVIMIENTO REGIONAL AYNI,200
080414,Huancavelica,Castrovirreyna,Mollepampa,ACCION POPULAR,169
080414,Huancavelica,Castrovirreyna,Mollepampa,PARTIDO DEMOCRATICO SOMOS PERU,103
080422,Huancavelica,Castrovirreyna,San Juan,MOVIMIENTO INDEPENDIENTE TRABAJANDO PARA TODOS,327
080422,Huancavelica,Castrovirreyna,San Juan,MOVIMIENTO REGIONAL AGUA,262
080422,Huancavelica,Castrovirreyna,San Juan,MOVIMIENTO REGIONAL AYNI,211
080422,Huancavelica,Castrovirreyna,San Juan,ACCION POPULAR,145
080427,Huancavelica,Castrovirreyna,Tantara,MOVIMIENTO INDEPENDIENTE TRABAJANDO PARA TODOS,151
080427,Huancavelica,Castrovirreyna,Tantara,MOVIMIENTO REGIONAL AGUA,13
080427,Huancavelica,Castrovirreyna,Tantara,MOVIMIENTO REGIONAL AYNI,172
080427,Huancavelica,Castrovirreyna,Tantara,ACCION POPULAR,177
080427,Huancavelica,Castrovirreyna,Tantara,PARTIDO DEMOCRATICO SOMOS PERU,188
080428,Huancavelica,Castrovirreyna,Ticrapo,MOVIMIENTO INDEPENDIENTE TRABAJANDO PARA TODOS,328
080428,Huancavelica,Castrovirreyna,Ticrapo,MOVIMIENTO REGIONAL AGUA,230
080428,Huancavelica,Castrovirreyna,Ticrapo,MOVIMIENTO REGIONAL AYNI,695
080429,Huancavelica,Castrovirreyna,Santa Ana,MOVIMIENTO INDEPENDIENTE TRABAJANDO PARA TODOS,251
080429,Huancavelica,Castrovirreyna,Santa Ana,MOVIMIENTO REGIONAL AGUA,320
080429,Huancavelica,Castrovirreyna,Santa Ana,MOVIMIENTO REGIONAL AYNI,179
080429,Huancavelica,Castrovirreyna,Santa Ana,ALIANZA PARA EL PROGRESO,17
080502,Huancavelica,Tayacaja,Acostambo,MOVIMIENTO INDEPENDIENTE TRABAJANDO PARA TODOS,319
080502,Huancavelica,Tayacaja,Acostambo,MOVIMIENTO REGIONAL AGUA,770
080502,Huancavelica,Tayacaja,Acostambo,MOVIMIENTO REGIONAL AYNI,482
080502,Huancavelica,Tayacaja,Acostambo,JUNTOS POR EL PERU,420
080502,Huancavelica,Tayacaja,Acostambo,ACCION POPULAR,301
080502,Huancavelica,Tayacaja,Acostambo,PARTIDO DEMOCRATICO SOMOS PERU,142
080503,Huancavelica,Tayacaja,Acraquia,MOVIMIENTO INDEPENDIENTE TRABAJANDO PARA TODOS,519
080503,Huancavelica,Tayacaja,Acraquia,MOVIMIENTO REGIONAL AGUA,907
080503,Huancavelica,Tayacaja,Acraquia,MOVIMIENTO REGIONAL AYNI,1352
080503,Huancavelica,Tayacaja,Acraquia,PARTIDO DEMOCRATICO SOMOS PERU,37
080504,Huancavelica,Tayacaja,Ahuaycha,MOVIMIENTO INDEPENDIENTE TRABAJANDO PARA TODOS,900
080504,Huancavelica,Tayacaja,Ahuaycha,MOVIMIENTO REGIONAL AGUA,930
080504,Huancavelica,Tayacaja,Ahuaycha,MOVIMIENTO REGIONAL AYNI,852
080504,Huancavelica,Tayacaja,Ahuaycha,ACCION POPULAR,335
080504,Huancavelica,Tayacaja,Ahuaycha,PARTIDO DEMOCRATICO SOMOS PERU,335
080506,Huancavelica,Tayacaja,Colcabamba,MOVIMIENTO INDEPENDIENTE TRABAJANDO PARA TODOS,3142
080506,Huancavelica,Tayacaja,Colcabamba,MOVIMIENTO REGIONAL AGUA,386
080506,Huancavelica,Tayacaja,Colcabamba,MOVIMIENTO REGIONAL AYNI,599
080506,Huancavelica,Tayacaja,Colcabamba,PARTIDO FRENTE DE LA ESPERANZA 2021,4
080506,Huancavelica,Tayacaja,Colcabamba,JUNTOS POR EL PERU,15
080506,Huancavelica,Tayacaja,Colcabamba,PARTIDO POLITICO NACIONAL PERU LIBRE,2212
080509,Huancavelica,Tayacaja,Daniel Hernández,MOVIMIENTO INDEPENDIENTE TRABAJANDO PARA TODOS,1939
080509,Huancavelica,Tayacaja,Daniel Hernández,MOVIMIENTO REGIONAL AGUA,2227
080509,Huancavelica,Tayacaja,Daniel Hernández,MOVIMIENTO REGIONAL AYNI,1148
080509,Huancavelica,Tayacaja,Daniel Hernández,PARTIDO POLITICO NACIONAL PERU LIBRE,130
080511,Huancavelica,Tayacaja,Huachocolpa,MOVIMIENTO INDEPENDIENTE TRABAJANDO PARA TODOS,984
080511,Huancavelica,Tayacaja,Huachocolpa,MOVIMIENTO REGIONAL AYNI,515
080512,Huancavelica,Tayacaja,Huaribamba,MOVIMIENTO INDEPENDIENTE TRABAJANDO PARA TODOS,592
080512,Huancavelica,Tayacaja,Huaribamba,MOVIMIENTO REGIONAL AYNI,1173
080512,Huancavelica,Tayacaja,Huaribamba,ACCION POPULAR,390
080512,Huancavelica,Tayacaja,Huaribamba,PARTIDO POLITICO NACIONAL PERU LIBRE,705
080515,Huancavelica,Tayacaja,Ñahuimpuquio,MOVIMIENTO INDEPENDIENTE TRABAJANDO PARA TODOS,257
080515,Huancavelica,Tayacaja,Ñahuimpuquio,MOVIMIENTO REGIONAL AYNI,309
080515,Huancavelica,Tayacaja,Ñahuimpuquio,PARTIDO FRENTE DE LA ESPERANZA 2021,353
080515,Huancavelica,Tayacaja,Ñahuimpuquio,PARTIDO POLITICO NACIONAL PERU LIBRE,249
080517,Huancavelica,Tayacaja,Pazos,MOVIMIENTO INDEPENDIENTE TRABAJANDO PARA TODOS,788
080517,Huancavelica,Tayacaja,Pazos,MOVIMIENTO REGIONAL AGUA,618
080517,Huancavelica,Tayacaja,Pazos,MOVIMIENTO REGIONAL AYNI,1491
080517,Huancavelica,Tayacaja,Pazos,JUNTOS POR EL PERU,678
080517,Huancavelica,Tayacaja,Pazos,ACCION POPULAR,71
080517,Huancavelica,Tayacaja,Pazos,PARTIDO POLITICO NACIONAL PERU LIBRE,253
080518,Huancavelica,Tayacaja,Quishuar,MOVIMIENTO REGIONAL AYNI,225
080518,Huancavelica,Tayacaja,Quishuar,PARTIDO FRENTE DE LA ESPERANZA 2021,194
080519,Huancavelica,Tayacaja,Salcabamba,MOVIMIENTO INDEPENDIENTE TRABAJANDO PARA TODOS,563
080519,Huancavelica,Tayacaja,Salcabamba,MOVIMIENTO REGIONAL AGUA,24
080519,Huancavelica,Tayacaja,Salcabamba,MOVIMIENTO REGIONAL AYNI,506
080519,Huancavelica,Tayacaja,Salcabamba,PARTIDO DEMOCRATICO SOMOS PERU,310
080520,Huancavelica,Tayacaja,San Marcos de Rocchac,MOVIMIENTO REGIONAL AGUA,880
080520,Huancavelica,Tayacaja,San Marcos de Rocchac,MOVIMIENTO REGIONAL AYNI,747
080520,Huancavelica,Tayacaja,San Marcos de Rocchac,PARTIDO POLITICO NACIONAL PERU LIBRE,55
080523,Huancavelica,Tayacaja,Surcubamba,MOVIMIENTO INDEPENDIENTE TRABAJANDO PARA TODOS,1430
080523,Huancavelica,Tayacaja,Surcubamba,MOVIMIENTO REGIONAL AYNI,1037
080523,Huancavelica,Tayacaja,Surcubamba,PARTIDO POLITICO NACIONAL PERU LIBRE,66
080525,Huancavelica,Tayacaja,Tintay Puncu,MOVIMIENTO INDEPENDIENTE TRABAJANDO PARA TODOS,488
080525,Huancavelica,Tayacaja,Tintay Puncu,MOVIMIENTO REGIONAL AGUA,197
080525,Huancavelica,Tayacaja,Tintay Puncu,MOVIMIENTO REGIONAL AYNI,489
080525,Huancavelica,Tayacaja,Tintay Puncu,PARTIDO POLITICO NACIONAL PERU LIBRE,77
080526,Huancavelica,Tayacaja,Salcahuasi,MOVIMIENTO INDEPENDIENTE TRABAJANDO PARA TODOS,662
080526,Huancavelica,Tayacaja,Salcahuasi,MOVIMIENTO REGIONAL AGUA,477
080526,Huancavelica,Tayacaja,Salcahuasi,MOVIMIENTO REGIONAL AYNI,84
080526,Huancavelica,Tayacaja,Salcahuasi,PARTIDO FRENTE DE LA ESPERANZA 2021,556
080528,Huancavelica,Tayacaja,Quichuas,MOVIMIENTO INDEPENDIENTE TRABAJANDO PARA TODOS,884
080528,Huancavelica,Tayacaja,Quichuas,MOVIMIENTO REGIONAL AGUA,24
080528,Huancavelica,Tayacaja,Quichuas,MOVIMIENTO REGIONAL AYNI,1131
080528,Huancavelica,Tayacaja,Quichuas,ACCION POPULAR,614
080529,Huancavelica,Tayacaja,Andaymarca,MOVIMIENTO INDEPENDIENTE TRABAJANDO PARA TODOS,560
080529,Huancavelica,Tayacaja,Andaymarca,MOVIMIENTO REGIONAL AGUA,111
080529,Huancavelica,Tayacaja,Andaymarca,MOVIMIENTO REGIONAL AYNI,737
080530,Huancavelica,Tayacaja,Roble,MOVIMIENTO INDEPENDIENTE TRABAJANDO PARA TODOS,284
080530,Huancavelica,Tayacaja,Roble,MOVIMIENTO REGIONAL AGUA,106
080530,Huancavelica,Tayacaja,Roble,MOVIMIENTO REGIONAL AYNI,377
080530,Huancavelica,Tayacaja,Roble,PARTIDO POLITICO NACIONAL PERU LIBRE,8
080531,Huancavelica,Tayacaja,Pichos,MOVIMIENTO REGIONAL AGUA,193
080531,Huancavelica,Tayacaja,Pichos,MOVIMIENTO REGIONAL AYNI,452
080531,Huancavelica,Tayacaja,Pichos,ACCION POPULAR,242
080531,Huancavelica,Tayacaja,Pichos,PARTIDO POLITICO NACIONAL PERU LIBRE,351
080531,Huancavelica,Tayacaja,Pichos,PARTIDO DEMOCRATICO SOMOS PERU,248
080532,Huancavelica,Tayacaja,Santiago de Tucuma,MOVIMIENTO INDEPENDIENTE TRABAJANDO PARA TODOS,368
080532,Huancavelica,Tayacaja,Santiago de Tucuma,MOVIMIENTO REGIONAL AGUA,63
080532,Huancavelica,Tayacaja,Santiago de Tucuma,MOVIMIENTO REGIONAL AYNI,402
080532,Huancavelica,Tayacaja,Santiago de Tucuma,PARTIDO POLITICO NACIONAL PERU LIBRE,25
080532,Huancavelica,Tayacaja,Santiago de Tucuma,PARTIDO DEMOCRATICO SOMOS PERU,186
080534,Huancavelica,Tayacaja,Cochabamba,MOVIMIENTO INDEPENDIENTE TRABAJANDO PARA TODOS,87
080534,Huancavelica,Tayacaja,Cochabamba,MOVIMIENTO REGIONAL AGUA,163
080534,Huancavelica,Tayacaja,Cochabamba,MOVIMIENTO REGIONAL AYNI,14
080534,Huancavelica,Tayacaja,Cochabamba,ACCION POPULAR,327
080601,Huancavelica,Huaytará,Ayavi,MOVIMIENTO INDEPENDIENTE TRABAJANDO PARA TODOS,3
080601,Huancavelica,Huaytará,Ayavi,MOVIMIENTO REGIONAL AGUA,243
080601,Huancavelica,Huaytará,Ayavi,MOVIMIENTO REGIONAL AYNI,298
080601,Huancavelica,Huaytará,Ayavi,PARTIDO POLITICO NACIONAL PERU LIBRE,109
080602,Huancavelica,Huaytará,Córdova,MOVIMIENTO INDEPENDIENTE TRABAJANDO PARA TODOS,277
080602,Huancavelica,Huaytará,Córdova,MOVIMIENTO REGIONAL AGUA,439
080602,Huancavelica,Huaytará,Córdova,MOVIMIENTO REGIONAL AYNI,257
080603,Huancavelica,Huaytará,Huayacundo Arma,MOVIMIENTO REGIONAL AYNI,213
080603,Huancavelica,Huaytará,Huayacundo Arma,PARTIDO POLITICO NACIONAL PERU LIBRE,159
080605,Huancavelica,Huaytará,Laramarca,MOVIMIENTO INDEPENDIENTE TRABAJANDO PARA TODOS,5
080605,Huancavelica,Huaytará,Laramarca,MOVIMIENTO REGIONAL AGUA,186
080605,Huancavelica,Huaytará,Laramarca,MOVIMIENTO REGIONAL AYNI,86
080605,Huancavelica,Huaytará,Laramarca,ACCION POPULAR,135
080605,Huancavelica,Huaytará,Laramarca,PARTIDO POLITICO NACIONAL PERU LIBRE,46
080606,Huancavelica,Huaytará,Ocoyo,MOVIMIENTO INDEPENDIENTE TRABAJANDO PARA TODOS,241
080606,Huancavelica,Huaytará,Ocoyo,MOVIMIENTO REGIONAL AGUA,360
080606,Huancavelica,Huaytará,Ocoyo,MOVIMIENTO REGIONAL AYNI,312
080607,Huancavelica,Huaytará,Pilpichaca,MOVIMIENTO INDEPENDIENTE TRABAJANDO PARA TODOS,186
080607,Huancavelica,Huaytará,Pilpichaca,MOVIMIENTO REGIONAL AGUA,404
080607,Huancavelica,Huaytará,Pilpichaca,MOVIMIENTO REGIONAL AYNI,991
080607,Huancavelica,Huaytará,Pilpichaca,ACCION POPULAR,445
080607,Huancavelica,Huaytará,Pilpichaca,PARTIDO POLITICO NACIONAL PERU LIBRE,89
080608,Huancavelica,Huaytará,Querco,MOVIMIENTO INDEPENDIENTE TRABAJANDO PARA TODOS,186
080608,Huancavelica,Huaytará,Querco,MOVIMIENTO REGIONAL AYNI,230
080608,Huancavelica,Huaytará,Querco,PARTIDO POLITICO NACIONAL PERU LIBRE,98
080609,Huancavelica,Huaytará,Quito-Arma,MOVIMIENTO INDEPENDIENTE TRABAJANDO PARA TODOS,45
080609,Huancavelica,Huaytará,Quito-Arma,MOVIMIENTO REGIONAL AGUA,189
080609,Huancavelica,Huaytará,Quito-Arma,MOVIMIENTO REGIONAL AYNI,236
080609,Huancavelica,Huaytará,Quito-Arma,PARTIDO POLITICO NACIONAL PERU LIBRE,80
080610,Huancavelica,Huaytará,San Antonio de Cusicancha,MOVIMIENTO INDEPENDIENTE TRABAJANDO PARA TODOS,134
080610,Huancavelica,Huaytará,San Antonio de Cusicancha,MOVIMIENTO REGIONAL AGUA,372
080610,Huancavelica,Huaytará,San Antonio de Cusicancha,MOVIMIENTO REGIONAL AYNI,273
080611,Huancavelica,Huaytará,San Francisco de Sangayaico,MOVIMIENTO REGIONAL AGUA,230
080611,Huancavelica,Huaytará,San Francisco de Sangayaico,MOVIMIENTO REGIONAL AYNI,309
080611,Huancavelica,Huaytará,San Francisco de Sangayaico,PARTIDO POLITICO NACIONAL PERU LIBRE,122
080612,Huancavelica,Huaytará,San Isidro,MOVIMIENTO REGIONAL AGUA,186
080612,Huancavelica,Huaytará,San Isidro,MOVIMIENTO REGIONAL AYNI,190
080612,Huancavelica,Huaytará,San Isidro,PARTIDO POLITICO NACIONAL PERU LIBRE,213
080612,Huancavelica,Huaytará,San Isidro,PARTIDO DEMOCRATICO SOMOS PERU,48
080613,Huancavelica,Huaytará,Santiago de Chocorvos,MOVIMIENTO INDEPENDIENTE TRABAJANDO PARA TODOS,205
080613,Huancavelica,Huaytará,Santiago de Chocorvos,MOVIMIENTO REGIONAL AGUA,492
080613,Huancavelica,Huaytará,Santiago de Chocorvos,MOVIMIENTO REGIONAL AYNI,823
080614,Huancavelica,Huaytará,Santiago de Quirahuara,MOVIMIENTO REGIONAL AGUA,320
080614,Huancavelica,Huaytará,Santiago de Quirahuara,MOVIMIENTO REGIONAL AYNI,366
080615,Huancavelica,Huaytará,Santo Domingo de Capillas,MOVIMIENTO INDEPENDIENTE TRABAJANDO PARA TODOS,66
080615,Huancavelica,Huaytará,Santo Domingo de Capillas,MOVIMIENTO REGIONAL AYNI,426
080615,Huancavelica,Huaytará,Santo Domingo de Capillas,PARTIDO POLITICO NACIONAL PERU LIBRE,341
080616,Huancavelica,Huaytará,Tambo,MOVIMIENTO INDEPENDIENTE TRABAJANDO PARA TODOS,222
080616,Huancavelica,Huaytará,Tambo,MOVIMIENTO REGIONAL AGUA,283
080616,Huancavelica,Huaytará,Tambo,MOVIMIENTO REGIONAL AYNI,245
080702,Huancavelica,Churcampa,Anco,MOVIMIENTO INDEPENDIENTE TRABAJANDO PARA TODOS,24
080702,Huancavelica,Churcampa,Anco,MOVIMIENTO REGIONAL AGUA,1521
080702,Huancavelica,Churcampa,Anco,MOVIMIENTO REGIONAL AYNI,1799
080702,Huancavelica,Churcampa,Anco,PARTIDO POLITICO NACIONAL PERU LIBRE,22
080702,Huancavelica,Churcampa,Anco,PARTIDO DEMOCRATICO SOMOS PERU,107
080703,Huancavelica,Churcampa,Chinchihuasi,MOVIMIENTO REGIONAL AGUA,497
080704,Huancavelica,Churcampa,El Carmen,MOVIMIENTO INDEPENDIENTE TRABAJANDO PARA TODOS,612
080704,Huancavelica,Churcampa,El Carmen,MOVIMIENTO REGIONAL AGUA,323
080704,Huancavelica,Churcampa,El Carmen,MOVIMIENTO REGIONAL AYNI,647
080704,Huancavelica,Churcampa,El Carmen,PARTIDO POLITICO NACIONAL PERU LIBRE,25
080705,Huancavelica,Churcampa,La Merced,MOVIMIENTO INDEPENDIENTE TRABAJANDO PARA TODOS,150
080705,Huancavelica,Churcampa,La Merced,MOVIMIENTO REGIONAL AGUA,121
080705,Huancavelica,Churcampa,La Merced,MOVIMIENTO REGIONAL AYNI,243
080705,Huancavelica,Churcampa,La Merced,ACCION POPULAR,10
080705,Huancavelica,Churcampa,La Merced,PARTIDO DEMOCRATICO SOMOS PERU,14
080706,Huancavelica,Churcampa,Locroja,MOVIMIENTO INDEPENDIENTE TRABAJANDO PARA TODOS,1038
080706,Huancavelica,Churcampa,Locroja,MOVIMIENTO REGIONAL AGUA,687
080706,Huancavelica,Churcampa,Locroja,MOVIMIENTO REGIONAL AYNI,241
080706,Huancavelica,Churcampa,Locroja,PARTIDO DEMOCRATICO SOMOS PERU,28
080707,Huancavelica,Churcampa,Paucarbamba,MOVIMIENTO INDEPENDIENTE TRABAJANDO PARA TODOS,582
080707,Huancavelica,Churcampa,Paucarbamba,MOVIMIENTO REGIONAL AGUA,155
080707,Huancavelica,Churcampa,Paucarbamba,MOVIMIENTO REGIONAL AYNI,1185
080707,Huancavelica,Churcampa,Paucarbamba,PARTIDO DEMOCRATICO SOMOS PERU,880
080708,Huancavelica,Churcampa,San Miguel de Mayocc,MOVIMIENTO INDEPENDIENTE TRABAJANDO PARA TODOS,145
080708,Huancavelica,Churcampa,San Miguel de Mayocc,MOVIMIENTO REGIONAL AGUA,237
080708,Huancavelica,Churcampa,San Miguel de Mayocc,MOVIMIENTO REGIONAL AYNI,287
080709,Huancavelica,Churcampa,San Pedro de Coris,MOVIMIENTO REGIONAL AGUA,697
080709,Huancavelica,Churcampa,San Pedro de Coris,MOVIMIENTO REGIONAL AYNI,743
080709,Huancavelica,Churcampa,San Pedro de Coris,ACCION POPULAR,10
080709,Huancavelica,Churcampa,San Pedro de Coris,PARTIDO POLITICO NACIONAL PERU LIBRE,24
080709,Huancavelica,Churcampa,San Pedro de Coris,PARTIDO DEMOCRATICO SOMOS PERU,438
080710,Huancavelica,Churcampa,Pachamarca,MOVIMIENTO INDEPENDIENTE TRABAJANDO PARA TODOS,452
080710,Huancavelica,Churcampa,Pachamarca,MOVIMIENTO REGIONAL AGUA,589
080710,Huancavelica,Churcampa,Pachamarca,MOVIMIENTO REGIONAL AYNI,496
080711,Huancavelica,Churcampa,Cosme,MOVIMIENTO INDEPENDIENTE TRABAJANDO PARA TODOS,591
080711,Huancavelica,Churcampa,Cosme,MOVIMIENTO REGIONAL AGUA,86
080711,Huancavelica,Churcampa,Cosme,MOVIMIENTO REGIONAL AYNI,575
080711,Huancavelica,Churcampa,Cosme,ACCION POPULAR,578
080711,Huancavelica,Churcampa,Cosme,PARTIDO DEMOCRATICO SOMOS PERU,348
090102,Huánuco,Huánuco,Chinchao,MOVIMIENTO POLITICO CAMBIEMOS X HCO,125
090102,Huánuco,Huánuco,Chinchao,MOVIMIENTO INDEPENDIENTE REGIONAL MI BUEN VECINO,2215
090102,Huánuco,Huánuco,Chinchao,MOVIMIENTO INDEPENDIENTE REGIONAL HUANUCO PRIMERO,2035
090102,Huánuco,Huánuco,Chinchao,AVANZADA REGIONAL INDEPENDIENTE UNIDOS POR HUANUCO,709
090102,Huánuco,Huánuco,Chinchao,JUNTOS POR EL PERU,73
090102,Huánuco,Huánuco,Chinchao,FUERZA POPULAR,226
090102,Huánuco,Huánuco,Chinchao,ACCION POPULAR,55
090102,Huánuco,Huánuco,Chinchao,ALIANZA PARA EL PROGRESO,477
090102,Huánuco,Huánuco,Chinchao,AVANZA PAIS - PARTIDO DE INTEGRACION SOCIAL,1937
090102,Huánuco,Huánuco,Chinchao,PARTIDO POLITICO NACIONAL PERU LIBRE,79
090103,Huánuco,Huánuco,Churubamba,MOVIMIENTO POLITICO CAMBIEMOS X HCO,143
090103,Huánuco,Huánuco,Churubamba,MOVIMIENTO INDEPENDIENTE REGIONAL MI BUEN VECINO,117
090103,Huánuco,Huánuco,Churubamba,MOVIMIENTO INDEPENDIENTE REGIONAL HUANUCO PRIMERO,2034
090103,Huánuco,Huánuco,Churubamba,AVANZADA REGIONAL INDEPENDIENTE UNIDOS POR HUANUCO,2332
090103,Huánuco,Huánuco,Churubamba,JUNTOS POR EL PERU,9
090103,Huánuco,Huánuco,Churubamba,FUERZA POPULAR,36
090103,Huánuco,Huánuco,Churubamba,RENOVACION POPULAR,11
090103,Huánuco,Huánuco,Churubamba,ALIANZA PARA EL PROGRESO,317
090103,Huánuco,Huánuco,Churubamba,AVANZA PAIS - PARTIDO DE INTEGRACION SOCIAL,2963
090103,Huánuco,Huánuco,Churubamba,PARTIDO POLITICO NACIONAL PERU LIBRE,2109
090104,Huánuco,Huánuco,Margos,MOVIMIENTO POLITICO CAMBIEMOS X HCO,1201
090104,Huánuco,Huánuco,Margos,MOVIMIENTO INDEPENDIENTE REGIONAL HUANUCO PRIMERO,22
090104,Huánuco,Huánuco,Margos,AVANZADA REGIONAL INDEPENDIENTE UNIDOS POR HUANUCO,2
090104,Huánuco,Huánuco,Margos,ACCION POPULAR,25
090104,Huánuco,Huánuco,Margos,ALIANZA PARA EL PROGRESO,113
090104,Huánuco,Huánuco,Margos,AVANZA PAIS - PARTIDO DE INTEGRACION SOCIAL,1511
090104,Huánuco,Huánuco,Margos,PARTIDO DEMOCRATICO SOMOS PERU,866
090105,Huánuco,Huánuco,Quisqui,MOVIMIENTO POLITICO CAMBIEMOS X HCO,606
090105,Huánuco,Huánuco,Quisqui,MOVIMIENTO INDEPENDIENTE REGIONAL MI BUEN VECINO,861
090105,Huánuco,Huánuco,Quisqui,MOVIMIENTO INDEPENDIENTE REGIONAL HUANUCO PRIMERO,619
090105,Huánuco,Huánuco,Quisqui,AVANZADA REGIONAL INDEPENDIENTE UNIDOS POR HUANUCO,541
090105,Huánuco,Huánuco,Quisqui,JUNTOS POR EL PERU,84
090105,Huánuco,Huánuco,Quisqui,ALIANZA PARA EL PROGRESO,233
090105,Huánuco,Huánuco,Quisqui,AVANZA PAIS - PARTIDO DE INTEGRACION SOCIAL,185
090105,Huánuco,Huánuco,Quisqui,PARTIDO DEMOCRATICO SOMOS PERU,200
090106,Huánuco,Huánuco,San Francisco de Cayran,MOVIMIENTO POLITICO CAMBIEMOS X HCO,225
090106,Huánuco,Huánuco,San Francisco de Cayran,MOVIMIENTO INDEPENDIENTE REGIONAL MI BUEN VECINO,164
090106,Huánuco,Huánuco,San Francisco de Cayran,MOVIMIENTO INDEPENDIENTE REGIONAL HUANUCO PRIMERO,90
090106,Huánuco,Huánuco,San Francisco de Cayran,AVANZADA REGIONAL INDEPENDIENTE UNIDOS POR HUANUCO,362
090106,Huánuco,Huánuco,San Francisco de Cayran,ALIANZA PARA EL PROGRESO,282
090106,Huánuco,Huánuco,San Francisco de Cayran,AVANZA PAIS - PARTIDO DE INTEGRACION SOCIAL,1174
090106,Huánuco,Huánuco,San Francisco de Cayran,PARTIDO POLITICO NACIONAL PERU LIBRE,662
090106,Huánuco,Huánuco,San Francisco de Cayran,PARTIDO DEMOCRATICO SOMOS PERU,54
090107,Huánuco,Huánuco,San Pedro de Chaulan,MOVIMIENTO POLITICO CAMBIEMOS X HCO,114
090107,Huánuco,Huánuco,San Pedro de Chaulan,MOVIMIENTO INDEPENDIENTE REGIONAL MI BUEN VECINO,20
090107,Huánuco,Huánuco,San Pedro de Chaulan,MOVIMIENTO INDEPENDIENTE REGIONAL HUANUCO PRIMERO,229
090107,Huánuco,Huánuco,San Pedro de Chaulan,AVANZADA REGIONAL INDEPENDIENTE UNIDOS POR HUANUCO,464
090107,Huánuco,Huánuco,San Pedro de Chaulan,JUNTOS POR EL PERU,21
090107,Huánuco,Huánuco,San Pedro de Chaulan,ACCION POPULAR,462
090107,Huánuco,Huánuco,San Pedro de Chaulan,ALIANZA PARA EL PROGRESO,15
090107,Huánuco,Huánuco,San Pedro de Chaulan,AVANZA PAIS - PARTIDO DE INTEGRACION SOCIAL,853
090108,Huánuco,Huánuco,Santa María del Valle,MOVIMIENTO POLITICO CAMBIEMOS X HCO,176
090108,Huánuco,Huánuco,Santa María del Valle,MOVIMIENTO INDEPENDIENTE REGIONAL MI BUEN VECINO,1986
090108,Huánuco,Huánuco,Santa María del Valle,MOVIMIENTO INDEPENDIENTE REGIONAL HUANUCO PRIMERO,2989
090108,Huánuco,Huánuco,Santa María del Valle,AVANZADA REGIONAL INDEPENDIENTE UNIDOS POR HUANUCO,1975
090108,Huánuco,Huánuco,Santa María del Valle,PARTIDO FRENTE DE LA ESPERANZA 2021,132
090108,Huánuco,Huánuco,Santa María del Valle,FUERZA POPULAR,61
090108,Huánuco,Huánuco,Santa María del Valle,AVANZA PAIS - PARTIDO DE INTEGRACION SOCIAL,3800
090108,Huánuco,Huánuco,Santa María del Valle,PARTIDO DEMOCRATICO SOMOS PERU,39
090109,Huánuco,Huánuco,Yarumayo,MOVIMIENTO INDEPENDIENTE REGIONAL MI BUEN VECINO,245
090109,Huánuco,Huánuco,Yarumayo,MOVIMIENTO INDEPENDIENTE REGIONAL HUANUCO PRIMERO,752
090109,Huánuco,Huánuco,Yarumayo,AVANZA PAIS - PARTIDO DE INTEGRACION SOCIAL,816
090110,Huánuco,Huánuco,Amarilis,MOVIMIENTO POLITICO CAMBIEMOS X HCO,5108
090110,Huánuco,Huánuco,Amarilis,MOVIMIENTO INDEPENDIENTE REGIONAL MI BUEN VECINO,12769
090110,Huánuco,Huánuco,Amarilis,MOVIMIENTO INDEPENDIENTE REGIONAL HUANUCO PRIMERO,9664
090110,Huánuco,Huánuco,Amarilis,AVANZADA REGIONAL INDEPENDIENTE UNIDOS POR HUANUCO,1698
090110,Huánuco,Huánuco,Amarilis,JUNTOS POR EL PERU,506
090110,Huánuco,Huánuco,Amarilis,FUERZA POPULAR,871
090110,Huánuco,Huánuco,Amarilis,RENOVACION POPULAR,2300
090110,Huánuco,Huánuco,Amarilis,ALIANZA PARA EL PROGRESO,2040
090110,Huánuco,Huánuco,Amarilis,PARTIDO MORADO,467
090110,Huánuco,Huánuco,Amarilis,PARTIDO DEMOCRATICO SOMOS PERU,2751
090111,Huánuco,Huánuco,Pillco Marca,MOVIMIENTO POLITICO CAMBIEMOS X HCO,1307
090111,Huánuco,Huánuco,Pillco Marca,MOVIMIENTO INDEPENDIENTE REGIONAL MI BUEN VECINO,3045
090111,Huánuco,Huánuco,Pillco Marca,MOVIMIENTO INDEPENDIENTE REGIONAL HUANUCO PRIMERO,5336
090111,Huánuco,Huánuco,Pillco Marca,AVANZADA REGIONAL INDEPENDIENTE UNIDOS POR HUANUCO,975
090111,Huánuco,Huánuco,Pillco Marca,PARTIDO FRENTE DE LA ESPERANZA 2021,128
090111,Huánuco,Huánuco,Pillco Marca,JUNTOS POR EL PERU,321
090111,Huánuco,Huánuco,Pillco Marca,FUERZA POPULAR,187
090111,Huánuco,Huánuco,Pillco Marca,ACCION POPULAR,413
090111,Huánuco,Huánuco,Pillco Marca,RENOVACION POPULAR,734
090111,Huánuco,Huánuco,Pillco Marca,ALIANZA PARA EL PROGRESO,147
090111,Huánuco,Huánuco,Pillco Marca,AVANZA PAIS - PARTIDO DE INTEGRACION SOCIAL,2903
090111,Huánuco,Huánuco,Pillco Marca,PARTIDO DEMOCRATICO SOMOS PERU,928
090112,Huánuco,Huánuco,Yacus,MOVIMIENTO POLITICO CAMBIEMOS X HCO,643
090112,Huánuco,Huánuco,Yacus,MOVIMIENTO INDEPENDIENTE REGIONAL MI BUEN VECINO,473
090112,Huánuco,Huánuco,Yacus,MOVIMIENTO INDEPENDIENTE REGIONAL HUANUCO PRIMERO,717
090112,Huánuco,Huánuco,Yacus,JUNTOS POR EL PERU,34
090112,Huánuco,Huánuco,Yacus,AVANZA PAIS - PARTIDO DE INTEGRACION SOCIAL,62
090113,Huánuco,Huánuco,San Pablo de Pillao,MOVIMIENTO POLITICO CAMBIEMOS X HCO,107
090113,Huánuco,Huánuco,San Pablo de Pillao,MOVIMIENTO INDEPENDIENTE REGIONAL MI BUEN VECINO,82
090113,Huánuco,Huánuco,San Pablo de Pillao,MOVIMIENTO INDEPENDIENTE REGIONAL HUANUCO PRIMERO,1076
090113,Huánuco,Huánuco,San Pablo de Pillao,AVANZADA REGIONAL INDEPENDIENTE UNIDOS POR HUANUCO,1337
090113,Huánuco,Huánuco,San Pablo de Pillao,JUNTOS POR EL PERU,336
090113,Huánuco,Huánuco,San Pablo de Pillao,ACCION POPULAR,26
090113,Huánuco,Huánuco,San Pablo de Pillao,RENOVACION POPULAR,5
090113,Huánuco,Huánuco,San Pablo de Pillao,AVANZA PAIS - PARTIDO DE INTEGRACION SOCIAL,654
090113,Huánuco,Huánuco,San Pablo de Pillao,PARTIDO DEMOCRATICO SOMOS PERU,825
090202,Huánuco,Ambo,Cayna,MOVIMIENTO POLITICO CAMBIEMOS X HCO,32
090202,Huánuco,Ambo,Cayna,MOVIMIENTO INDEPENDIENTE REGIONAL MI BUEN VECINO,27
090202,Huánuco,Ambo,Cayna,MOVIMIENTO INDEPENDIENTE REGIONAL HUANUCO PRIMERO,1055
090202,Huánuco,Ambo,Cayna,PARTIDO FRENTE DE LA ESPERANZA 2021,233
090202,Huánuco,Ambo,Cayna,AVANZA PAIS - PARTIDO DE INTEGRACION SOCIAL,890
090203,Huánuco,Ambo,Colpas,MOVIMIENTO POLITICO CAMBIEMOS X HCO,11
090203,Huánuco,Ambo,Colpas,MOVIMIENTO INDEPENDIENTE REGIONAL MI BUEN VECINO,97
090203,Huánuco,Ambo,Colpas,TODOS POR EL GRAN CAMBIO,463
090203,Huánuco,Ambo,Colpas,MOVIMIENTO INDEPENDIENTE REGIONAL HUANUCO PRIMERO,579
090203,Huánuco,Ambo,Colpas,PARTIDO FRENTE DE LA ESPERANZA 2021,16
090203,Huánuco,Ambo,Colpas,AVANZA PAIS - PARTIDO DE INTEGRACION SOCIAL,387
090203,Huánuco,Ambo,Colpas,PARTIDO DEMOCRATICO SOMOS PERU,3
090204,Huánuco,Ambo,Conchamarca,MOVIMIENTO POLITICO CAMBIEMOS X HCO,195
090204,Huánuco,Ambo,Conchamarca,MOVIMIENTO INDEPENDIENTE REGIONAL MI BUEN VECINO,396
090204,Huánuco,Ambo,Conchamarca,TODOS POR EL GRAN CAMBIO,106
090204,Huánuco,Ambo,Conchamarca,MOVIMIENTO INDEPENDIENTE REGIONAL HUANUCO PRIMERO,1390
090204,Huánuco,Ambo,Conchamarca,AVANZADA REGIONAL INDEPENDIENTE UNIDOS POR HUANUCO,303
090204,Huánuco,Ambo,Conchamarca,PARTIDO FRENTE DE LA ESPERANZA 2021,54
090204,Huánuco,Ambo,Conchamarca,AVANZA PAIS - PARTIDO DE INTEGRACION SOCIAL,904
090204,Huánuco,Ambo,Conchamarca,PARTIDO POLITICO NACIONAL PERU LIBRE,101
090204,Huánuco,Ambo,Conchamarca,PARTIDO DEMOCRATICO SOMOS PERU,279
090205,Huánuco,Ambo,Huácar,MOVIMIENTO POLITICO CAMBIEMOS X HCO,63
090205,Huánuco,Ambo,Huácar,MOVIMIENTO INDEPENDIENTE REGIONAL MI BUEN VECINO,566
090205,Huánuco,Ambo,Huácar,TODOS POR EL GRAN CAMBIO,1707
090205,Huánuco,Ambo,Huácar,MOVIMIENTO INDEPENDIENTE REGIONAL HUANUCO PRIMERO,1765
090205,Huánuco,Ambo,Huácar,AVANZADA REGIONAL INDEPENDIENTE UNIDOS POR HUANUCO,48
090205,Huánuco,Ambo,Huácar,PARTIDO FRENTE DE LA ESPERANZA 2021,8
090205,Huánuco,Ambo,Huácar,PARTIDO POLITICO NACIONAL PERU LIBRE,166
090205,Huánuco,Ambo,Huácar,PARTIDO DEMOCRATICO SOMOS PERU,93
090206,Huánuco,Ambo,San Francisco,MOVIMIENTO INDEPENDIENTE REGIONAL MI BUEN VECINO,393
090206,Huánuco,Ambo,San Francisco,TODOS POR EL GRAN CAMBIO,7
090206,Huánuco,Ambo,San Francisco,MOVIMIENTO INDEPENDIENTE REGIONAL HUANUCO PRIMERO,178
090206,Huánuco,Ambo,San Francisco,ALIANZA PARA EL PROGRESO,368
090206,Huánuco,Ambo,San Francisco,AVANZA PAIS - PARTIDO DE INTEGRACION SOCIAL,542
090207,Huánuco,Ambo,San Rafael,MOVIMIENTO POLITICO CAMBIEMOS X HCO,32
090207,Huánuco,Ambo,San Rafael,TODOS POR EL GRAN CAMBIO,154
090207,Huánuco,Ambo,San Rafael,MOVIMIENTO INDEPENDIENTE REGIONAL HUANUCO PRIMERO,2370
090207,Huánuco,Ambo,San Rafael,AVANZADA REGIONAL INDEPENDIENTE UNIDOS POR HUANUCO,1328
090207,Huánuco,Ambo,San Rafael,PARTIDO FRENTE DE LA ESPERANZA 2021,4
090207,Huánuco,Ambo,San Rafael,FUERZA POPULAR,9
090207,Huánuco,Ambo,San Rafael,AVANZA PAIS - PARTIDO DE INTEGRACION SOCIAL,1785
090207,Huánuco,Ambo,San Rafael,PARTIDO DEMOCRATICO SOMOS PERU,48
090208,Huánuco,Ambo,Tomay Kichwa,MOVIMIENTO POLITICO CAMBIEMOS X HCO,44
090208,Huánuco,Ambo,Tomay Kichwa,MOVIMIENTO INDEPENDIENTE REGIONAL MI BUEN VECINO,664
090208,Huánuco,Ambo,Tomay Kichwa,TODOS POR EL GRAN CAMBIO,192
090208,Huánuco,Ambo,Tomay Kichwa,MOVIMIENTO INDEPENDIENTE REGIONAL HUANUCO PRIMERO,369
090208,Huánuco,Ambo,Tomay Kichwa,AVANZADA REGIONAL INDEPENDIENTE UNIDOS POR HUANUCO,54
090208,Huánuco,Ambo,Tomay Kichwa,AVANZA PAIS - PARTIDO DE INTEGRACION SOCIAL,796
090208,Huánuco,Ambo,Tomay Kichwa,PARTIDO POLITICO NACIONAL PERU LIBRE,354
090208,Huánuco,Ambo,Tomay Kichwa,PARTIDO DEMOCRATICO SOMOS PERU,67
090307,Huánuco,Dos de Mayo,Chuquis,MOVIMIENTO INDEPENDIENTE REGIONAL MI BUEN VECINO,516
090307,Huánuco,Dos de Mayo,Chuquis,MOVIMIENTO INDEPENDIENTE REGIONAL HUANUCO PRIMERO,1283
090307,Huánuco,Dos de Mayo,Chuquis,AVANZA PAIS - PARTIDO DE INTEGRACION SOCIAL,514
090312,Huánuco,Dos de Mayo,Marías,MOVIMIENTO POLITICO CAMBIEMOS X HCO,326
090312,Huánuco,Dos de Mayo,Marías,MOVIMIENTO INDEPENDIENTE REGIONAL HUANUCO PRIMERO,1379
090312,Huánuco,Dos de Mayo,Marías,AVANZADA REGIONAL INDEPENDIENTE UNIDOS POR HUANUCO,67
090312,Huánuco,Dos de Mayo,Marías,AVANZA PAIS - PARTIDO DE INTEGRACION SOCIAL,1494
090314,Huánuco,Dos de Mayo,Pachas,MOVIMIENTO POLITICO CAMBIEMOS X HCO,267
090314,Huánuco,Dos de Mayo,Pachas,MOVIMIENTO INDEPENDIENTE REGIONAL MI BUEN VECINO,904
090314,Huánuco,Dos de Mayo,Pachas,MOVIMIENTO INDEPENDIENTE REGIONAL HUANUCO PRIMERO,1001
090314,Huánuco,Dos de Mayo,Pachas,ALIANZA PARA EL PROGRESO,182
090314,Huánuco,Dos de Mayo,Pachas,AVANZA PAIS - PARTIDO DE INTEGRACION SOCIAL,891
090314,Huánuco,Dos de Mayo,Pachas,PARTIDO DEMOCRATICO SOMOS PERU,18
090316,Huánuco,Dos de Mayo,Quivilla,MOVIMIENTO POLITICO CAMBIEMOS X HCO,37
090316,Huánuco,Dos de Mayo,Quivilla,MOVIMIENTO INDEPENDIENTE REGIONAL MI BUEN VECINO,299
090316,Huánuco,Dos de Mayo,Quivilla,MOVIMIENTO INDEPENDIENTE REGIONAL HUANUCO PRIMERO,204
090316,Huánuco,Dos de Mayo,Quivilla,AVANZADA REGIONAL INDEPENDIENTE UNIDOS POR HUANUCO,68
090316,Huánuco,Dos de Mayo,Quivilla,AVANZA PAIS - PARTIDO DE INTEGRACION SOCIAL,54
090317,Huánuco,Dos de Mayo,Ripán,MOVIMIENTO POLITICO CAMBIEMOS X HCO,563
090317,Huánuco,Dos de Mayo,Ripán,MOVIMIENTO INDEPENDIENTE REGIONAL MI BUEN VECINO,1111
090317,Huánuco,Dos de Mayo,Ripán,MOVIMIENTO INDEPENDIENTE REGIONAL HUANUCO PRIMERO,663
090317,Huánuco,Dos de Mayo,Ripán,ALIANZA PARA EL PROGRESO,36
090317,Huánuco,Dos de Mayo,Ripán,AVANZA PAIS - PARTIDO DE INTEGRACION SOCIAL,1057
090317,Huánuco,Dos de Mayo,Ripán,PARTIDO DEMOCRATICO SOMOS PERU,11
090321,Huánuco,Dos de Mayo,Shunqui,MOVIMIENTO POLITICO CAMBIEMOS X HCO,448
090321,Huánuco,Dos de Mayo,Shunqui,MOVIMIENTO INDEPENDIENTE REGIONAL MI BUEN VECINO,420
090321,Huánuco,Dos de Mayo,Shunqui,MOVIMIENTO INDEPENDIENTE REGIONAL HUANUCO PRIMERO,44
090321,Huánuco,Dos de Mayo,Shunqui,AVANZA PAIS - PARTIDO DE INTEGRACION SOCIAL,247
090322,Huánuco,Dos de Mayo,Sillapata,MOVIMIENTO INDEPENDIENTE REGIONAL MI BUEN VECINO,1080
090322,Huánuco,Dos de Mayo,Sillapata,MOVIMIENTO INDEPENDIENTE REGIONAL HUANUCO PRIMERO,130
090322,Huánuco,Dos de Mayo,Sillapata,AVANZA PAIS - PARTIDO DE INTEGRACION SOCIAL,815
090323,Huánuco,Dos de Mayo,Yanas,MOVIMIENTO POLITICO CAMBIEMOS X HCO,448
090323,Huánuco,Dos de Mayo,Yanas,MOVIMIENTO INDEPENDIENTE REGIONAL MI BUEN VECINO,482
090323,Huánuco,Dos de Mayo,Yanas,MOVIMIENTO INDEPENDIENTE REGIONAL HUANUCO PRIMERO,20
090323,Huánuco,Dos de Mayo,Yanas,AVANZADA REGIONAL INDEPENDIENTE UNIDOS POR HUANUCO,26
090323,Huánuco,Dos de Mayo,Yanas,ALIANZA PARA EL PROGRESO,185
090323,Huánuco,Dos de Mayo,Yanas,AVANZA PAIS - PARTIDO DE INTEGRACION SOCIAL,514
090323,Huánuco,Dos de Mayo,Yanas,PARTIDO DEMOCRATICO SOMOS PERU,30
090402,Huánuco,Huamalíes,Arancay,TODOS POR EL GRAN CAMBIO,87
090402,Huánuco,Huamalíes,Arancay,MOVIMIENTO INDEPENDIENTE REGIONAL HUANUCO PRIMERO,335
090402,Huánuco,Huamalíes,Arancay,AVANZADA REGIONAL INDEPENDIENTE UNIDOS POR HUANUCO,239
090402,Huánuco,Huamalíes,Arancay,AVANZA PAIS - PARTIDO DE INTEGRACION SOCIAL,383
090403,Huánuco,Huamalíes,Chavín de Pariarca,MOVIMIENTO POLITICO CAMBIEMOS X HCO,259
090403,Huánuco,Huamalíes,Chavín de Pariarca,MOVIMIENTO INDEPENDIENTE REGIONAL MI BUEN VECINO,618
090403,Huánuco,Huamalíes,Chavín de Pariarca,TODOS POR EL GRAN CAMBIO,10
090403,Huánuco,Huamalíes,Chavín de Pariarca,MOVIMIENTO INDEPENDIENTE REGIONAL HUANUCO PRIMERO,416
090403,Huánuco,Huamalíes,Chavín de Pariarca,AVANZADA REGIONAL INDEPENDIENTE UNIDOS POR HUANUCO,135
090403,Huánuco,Huamalíes,Chavín de Pariarca,ALIANZA PARA EL PROGRESO,138
090403,Huánuco,Huamalíes,Chavín de Pariarca,AVANZA PAIS - PARTIDO DE INTEGRACION SOCIAL,599
090403,Huánuco,Huamalíes,Chavín de Pariarca,PARTIDO DEMOCRATICO SOMOS PERU,14
090404,Huánuco,Huamalíes,Jacas Grande,MOVIMIENTO POLITICO CAMBIEMOS X HCO,244
090404,Huánuco,Huamalíes,Jacas Grande,MOVIMIENTO INDEPENDIENTE REGIONAL MI BUEN VECINO,747
090404,Huánuco,Huamalíes,Jacas Grande,TODOS POR EL GRAN CAMBIO,242
090404,Huánuco,Huamalíes,Jacas Grande,MOVIMIENTO INDEPENDIENTE REGIONAL HUANUCO PRIMERO,361
090404,Huánuco,Huamalíes,Jacas Grande,AVANZADA REGIONAL INDEPENDIENTE UNIDOS POR HUANUCO,538
090404,Huánuco,Huamalíes,Jacas Grande,PARTIDO FRENTE DE LA ESPERANZA 2021,30
090404,Huánuco,Huamalíes,Jacas Grande,ALIANZA PARA EL PROGRESO,74
090404,Huánuco,Huamalíes,Jacas Grande,AVANZA PAIS - PARTIDO DE INTEGRACION SOCIAL,619
090405,Huánuco,Huamalíes,Jircan,MOVIMIENTO INDEPENDIENTE REGIONAL MI BUEN VECINO,90
090405,Huánuco,Huamalíes,Jircan,MOVIMIENTO INDEPENDIENTE REGIONAL HUANUCO PRIMERO,283
090405,Huánuco,Huamalíes,Jircan,AVANZADA REGIONAL INDEPENDIENTE UNIDOS POR HUANUCO,177
090405,Huánuco,Huamalíes,Jircan,AVANZA PAIS - PARTIDO DE INTEGRACION SOCIAL,398
090406,Huánuco,Huamalíes,Miraflores,MOVIMIENTO POLITICO CAMBIEMOS X HCO,499
090406,Huánuco,Huamalíes,Miraflores,MOVIMIENTO INDEPENDIENTE REGIONAL MI BUEN VECINO,370
090406,Huánuco,Huamalíes,Miraflores,TODOS POR EL GRAN CAMBIO,58
090406,Huánuco,Huamalíes,Miraflores,MOVIMIENTO INDEPENDIENTE REGIONAL HUANUCO PRIMERO,7
090406,Huánuco,Huamalíes,Miraflores,AVANZADA REGIONAL INDEPENDIENTE UNIDOS POR HUANUCO,27
090406,Huánuco,Huamalíes,Miraflores,AVANZA PAIS - PARTIDO DE INTEGRACION SOCIAL,876
090406,Huánuco,Huamalíes,Miraflores,PARTIDO DEMOCRATICO SOMOS PERU,22
090407,Huánuco,Huamalíes,Monzón,MOVIMIENTO POLITICO CAMBIEMOS X HCO,397
090407,Huánuco,Huamalíes,Monzón,MOVIMIENTO INDEPENDIENTE REGIONAL MI BUEN VECINO,1550
090407,Huánuco,Huamalíes,Monzón,TODOS POR EL GRAN CAMBIO,44
090407,Huánuco,Huamalíes,Monzón,MOVIMIENTO INDEPENDIENTE REGIONAL HUANUCO PRIMERO,988
090407,Huánuco,Huamalíes,Monzón,AVANZADA REGIONAL INDEPENDIENTE UNIDOS POR HUANUCO,1104
090407,Huánuco,Huamalíes,Monzón,ALIANZA PARA EL PROGRESO,43
090407,Huánuco,Huamalíes,Monzón,AVANZA PAIS - PARTIDO DE INTEGRACION SOCIAL,2237
090407,Huánuco,Huamalíes,Monzón,PARTIDO DEMOCRATICO SOMOS PERU,106
090408,Huánuco,Huamalíes,Punchao,MOVIMIENTO INDEPENDIENTE REGIONAL MI BUEN VECINO,439
090408,Huánuco,Huamalíes,Punchao,TODOS POR EL GRAN CAMBIO,117
090408,Huánuco,Huamalíes,Punchao,MOVIMIENTO INDEPENDIENTE REGIONAL HUANUCO PRIMERO,63
090408,Huánuco,Huamalíes,Punchao,AVANZA PAIS - PARTIDO DE INTEGRACION SOCIAL,645
090409,Huánuco,Huamalíes,Puños,MOVIMIENTO INDEPENDIENTE REGIONAL MI BUEN VECINO,750
090409,Huánuco,Huamalíes,Puños,TODOS POR EL GRAN CAMBIO,104
090409,Huánuco,Huamalíes,Puños,MOVIMIENTO INDEPENDIENTE REGIONAL HUANUCO PRIMERO,953
090409,Huánuco,Huamalíes,Puños,AVANZADA REGIONAL INDEPENDIENTE UNIDOS POR HUANUCO,25
090409,Huánuco,Huamalíes,Puños,AVANZA PAIS - PARTIDO DE INTEGRACION SOCIAL,583
090410,Huánuco,Huamalíes,Singa,MOVIMIENTO POLITICO CAMBIEMOS X HCO,301
090410,Huánuco,Huamalíes,Singa,MOVIMIENTO INDEPENDIENTE REGIONAL MI BUEN VECINO,240
090410,Huánuco,Huamalíes,Singa,MOVIMIENTO INDEPENDIENTE REGIONAL HUANUCO PRIMERO,608
090410,Huánuco,Huamalíes,Singa,AVANZADA REGIONAL INDEPENDIENTE UNIDOS POR HUANUCO,37
090410,Huánuco,Huamalíes,Singa,AVANZA PAIS - PARTIDO DE INTEGRACION SOCIAL,519
090411,Huánuco,Huamalíes,Tantamayo,MOVIMIENTO POLITICO CAMBIEMOS X HCO,215
090411,Huánuco,Huamalíes,Tantamayo,MOVIMIENTO INDEPENDIENTE REGIONAL MI BUEN VECINO,413
090411,Huánuco,Huamalíes,Tantamayo,MOVIMIENTO INDEPENDIENTE REGIONAL HUANUCO PRIMERO,102
090411,Huánuco,Huamalíes,Tantamayo,AVANZADA REGIONAL INDEPENDIENTE UNIDOS POR HUANUCO,55
090411,Huánuco,Huamalíes,Tantamayo,AVANZA PAIS - PARTIDO DE INTEGRACION SOCIAL,436
090411,Huánuco,Huamalíes,Tantamayo,PARTIDO DEMOCRATICO SOMOS PERU,1
090502,Huánuco,Marañón,Cholón,MOVIMIENTO POLITICO CAMBIEMOS X HCO,27
090502,Huánuco,Marañón,Cholón,MOVIMIENTO INDEPENDIENTE REGIONAL MI BUEN VECINO,935
090502,Huánuco,Marañón,Cholón,MOVIMIENTO INDEPENDIENTE REGIONAL HUANUCO PRIMERO,1318
090502,Huánuco,Marañón,Cholón,AVANZA PAIS - PARTIDO DE INTEGRACION SOCIAL,93
090502,Huánuco,Marañón,Cholón,PARTIDO DEMOCRATICO SOMOS PERU,539
090505,Huánuco,Marañón,San Buenaventura,MOVIMIENTO POLITICO CAMBIEMOS X HCO,34
090505,Huánuco,Marañón,San Buenaventura,MOVIMIENTO INDEPENDIENTE REGIONAL MI BUEN VECINO,458
090505,Huánuco,Marañón,San Buenaventura,MOVIMIENTO INDEPENDIENTE REGIONAL HUANUCO PRIMERO,700
090506,Huánuco,Marañón,La Morada,MOVIMIENTO POLITICO CAMBIEMOS X HCO,37
090506,Huánuco,Marañón,La Morada,MOVIMIENTO INDEPENDIENTE REGIONAL MI BUEN VECINO,239
090506,Huánuco,Marañón,La Morada,TODOS POR EL GRAN CAMBIO,0
090506,Huánuco,Marañón,La Morada,MOVIMIENTO INDEPENDIENTE REGIONAL HUANUCO PRIMERO,581
090506,Huánuco,Marañón,La Morada,ALIANZA PARA EL PROGRESO,356
090506,Huánuco,Marañón,La Morada,AVANZA PAIS - PARTIDO DE INTEGRACION SOCIAL,206
090506,Huánuco,Marañón,La Morada,PARTIDO POLITICO NACIONAL PERU LIBRE,299
090507,Huánuco,Marañón,Santa Rosa de Alto Yanajanca,MOVIMIENTO POLITICO CAMBIEMOS X HCO,7
090507,Huánuco,Marañón,Santa Rosa de Alto Yanajanca,MOVIMIENTO INDEPENDIENTE REGIONAL MI BUEN VECINO,417
090507,Huánuco,Marañón,Santa Rosa de Alto Yanajanca,MOVIMIENTO INDEPENDIENTE REGIONAL HUANUCO PRIMERO,594
090507,Huánuco,Marañón,Santa Rosa de Alto Yanajanca,PODEMOS PERU,273
090507,Huánuco,Marañón,Santa Rosa de Alto Yanajanca,AVANZA PAIS - PARTIDO DE INTEGRACION SOCIAL,14
090602,Huánuco,Leoncio Prado,Daniel Alomía Robles,MOVIMIENTO POLITICO CAMBIEMOS X HCO,142
090602,Huánuco,Leoncio Prado,Daniel Alomía Robles,MOVIMIENTO INDEPENDIENTE REGIONAL MI BUEN VECINO,159
090602,Huánuco,Leoncio Prado,Daniel Alomía Robles,TODOS POR EL GRAN CAMBIO,29
090602,Huánuco,Leoncio Prado,Daniel Alomía Robles,MOVIMIENTO INDEPENDIENTE REGIONAL HUANUCO PRIMERO,1468
090602,Huánuco,Leoncio Prado,Daniel Alomía Robles,AVANZADA REGIONAL INDEPENDIENTE UNIDOS POR HUANUCO,356
090602,Huánuco,Leoncio Prado,Daniel Alomía Robles,ACCION POPULAR,1086
090602,Huánuco,Leoncio Prado,Daniel Alomía Robles,ALIANZA PARA EL PROGRESO,314
090602,Huánuco,Leoncio Prado,Daniel Alomía Robles,AVANZA PAIS - PARTIDO DE INTEGRACION SOCIAL,343
090603,Huánuco,Leoncio Prado,Hermilio Valdizan,MOVIMIENTO INDEPENDIENTE REGIONAL MI BUEN VECINO,587
090603,Huánuco,Leoncio Prado,Hermilio Valdizan,MOVIMIENTO INDEPENDIENTE REGIONAL HUANUCO PRIMERO,373
090603,Huánuco,Leoncio Prado,Hermilio Valdizan,AVANZADA REGIONAL INDEPENDIENTE UNIDOS POR HUANUCO,128
090603,Huánuco,Leoncio Prado,Hermilio Valdizan,ALIANZA PARA EL PROGRESO,712
090603,Huánuco,Leoncio Prado,Hermilio Valdizan,AVANZA PAIS - PARTIDO DE INTEGRACION SOCIAL,404
090603,Huánuco,Leoncio Prado,Hermilio Valdizan,PARTIDO POLITICO NACIONAL PERU LIBRE,148
090603,Huánuco,Leoncio Prado,Hermilio Valdizan,PARTIDO DEMOCRATICO SOMOS PERU,5
090604,Huánuco,Leoncio Prado,Luyando,MOVIMIENTO POLITICO CAMBIEMOS X HCO,259
090604,Huánuco,Leoncio Prado,Luyando,MOVIMIENTO INDEPENDIENTE REGIONAL MI BUEN VECINO,1006
090604,Huánuco,Leoncio Prado,Luyando,TODOS POR EL GRAN CAMBIO,650
090604,Huánuco,Leoncio Prado,Luyando,MOVIMIENTO INDEPENDIENTE REGIONAL HUANUCO PRIMERO,324
090604,Huánuco,Leoncio Prado,Luyando,AVANZADA REGIONAL INDEPENDIENTE UNIDOS POR HUANUCO,890
090604,Huánuco,Leoncio Prado,Luyando,JUNTOS POR EL PERU,6
090604,Huánuco,Leoncio Prado,Luyando,FUERZA POPULAR,100
090604,Huánuco,Leoncio Prado,Luyando,ACCION POPULAR,420
090604,Huánuco,Leoncio Prado,Luyando,RENOVACION POPULAR,5
090604,Huánuco,Leoncio Prado,Luyando,ALIANZA PARA EL PROGRESO,532
090604,Huánuco,Leoncio Prado,Luyando,AVANZA PAIS - PARTIDO DE INTEGRACION SOCIAL,968
090604,Huánuco,Leoncio Prado,Luyando,PARTIDO DEMOCRATICO SOMOS PERU,9
090605,Huánuco,Leoncio Prado,Mariano Dámaso Beraún,MOVIMIENTO POLITICO CAMBIEMOS X HCO,498
090605,Huánuco,Leoncio Prado,Mariano Dámaso Beraún,MOVIMIENTO INDEPENDIENTE REGIONAL MI BUEN VECINO,1482
090605,Huánuco,Leoncio Prado,Mariano Dámaso Beraún,MOVIMIENTO INDEPENDIENTE REGIONAL HUANUCO PRIMERO,1184
090605,Huánuco,Leoncio Prado,Mariano Dámaso Beraún,FUERZA POPULAR,156
090605,Huánuco,Leoncio Prado,Mariano Dámaso Beraún,ALIANZA PARA EL PROGRESO,2187
090605,Huánuco,Leoncio Prado,Mariano Dámaso Beraún,PARTIDO DEMOCRATICO SOMOS PERU,612
090606,Huánuco,Leoncio Prado,José Crespo y Castillo,MOVIMIENTO POLITICO CAMBIEMOS X HCO,2158
090606,Huánuco,Leoncio Prado,José Crespo y Castillo,TODOS POR EL GRAN CAMBIO,1133
090606,Huánuco,Leoncio Prado,José Crespo y Castillo,MOVIMIENTO INDEPENDIENTE REGIONAL HUANUCO PRIMERO,2593
090606,Huánuco,Leoncio Prado,José Crespo y Castillo,FUERZA POPULAR,251
090606,Huánuco,Leoncio Prado,José Crespo y Castillo,ALIANZA PARA EL PROGRESO,958
090606,Huánuco,Leoncio Prado,José Crespo y Castillo,AVANZA PAIS - PARTIDO DE INTEGRACION SOCIAL,4253
090607,Huánuco,Leoncio Prado,Pucayacu,MOVIMIENTO POLITICO CAMBIEMOS X HCO,117
090607,Huánuco,Leoncio Prado,Pucayacu,TODOS POR EL GRAN CAMBIO,764
090607,Huánuco,Leoncio Prado,Pucayacu,MOVIMIENTO INDEPENDIENTE REGIONAL HUANUCO PRIMERO,340
090607,Huánuco,Leoncio Prado,Pucayacu,AVANZADA REGIONAL INDEPENDIENTE UNIDOS POR HUANUCO,9
090607,Huánuco,Leoncio Prado,Pucayacu,ALIANZA PARA EL PROGRESO,576
090608,Huánuco,Leoncio Prado,Castillo Grande,MOVIMIENTO POLITICO CAMBIEMOS X HCO,220
090608,Huánuco,Leoncio Prado,Castillo Grande,MOVIMIENTO INDEPENDIENTE REGIONAL MI BUEN VECINO,1808
090608,Huánuco,Leoncio Prado,Castillo Grande,MOVIMIENTO INDEPENDIENTE REGIONAL HUANUCO PRIMERO,1377
090608,Huánuco,Leoncio Prado,Castillo Grande,AVANZADA REGIONAL INDEPENDIENTE UNIDOS POR HUANUCO,111
090608,Huánuco,Leoncio Prado,Castillo Grande,FUERZA POPULAR,194
090608,Huánuco,Leoncio Prado,Castillo Grande,AVANZA PAIS - PARTIDO DE INTEGRACION SOCIAL,553
090608,Huánuco,Leoncio Prado,Castillo Grande,PARTIDO POLITICO NACIONAL PERU LIBRE,60
090609,Huánuco,Leoncio Prado,Pueblo Nuevo,MOVIMIENTO POLITICO CAMBIEMOS X HCO,463
090609,Huánuco,Leoncio Prado,Pueblo Nuevo,MOVIMIENTO INDEPENDIENTE REGIONAL MI BUEN VECINO,155
090609,Huánuco,Leoncio Prado,Pueblo Nuevo,TODOS POR EL GRAN CAMBIO,239
090609,Huánuco,Leoncio Prado,Pueblo Nuevo,MOVIMIENTO INDEPENDIENTE REGIONAL HUANUCO PRIMERO,175
090609,Huánuco,Leoncio Prado,Pueblo Nuevo,ALIANZA PARA EL PROGRESO,279
090609,Huánuco,Leoncio Prado,Pueblo Nuevo,AVANZA PAIS - PARTIDO DE INTEGRACION SOCIAL,604
090610,Huánuco,Leoncio Prado,Santo Domingo de Anda,MOVIMIENTO POLITICO CAMBIEMOS X HCO,71
090610,Huánuco,Leoncio Prado,Santo Domingo de Anda,MOVIMIENTO INDEPENDIENTE REGIONAL MI BUEN VECINO,87
090610,Huánuco,Leoncio Prado,Santo Domingo de Anda,MOVIMIENTO INDEPENDIENTE REGIONAL HUANUCO PRIMERO,564
090610,Huánuco,Leoncio Prado,Santo Domingo de Anda,AVANZADA REGIONAL INDEPENDIENTE UNIDOS POR HUANUCO,16
090610,Huánuco,Leoncio Prado,Santo Domingo de Anda,RENOVACION POPULAR,311
090610,Huánuco,Leoncio Prado,Santo Domingo de Anda,AVANZA PAIS - PARTIDO DE INTEGRACION SOCIAL,455
090610,Huánuco,Leoncio Prado,Santo Domingo de Anda,PARTIDO POLITICO NACIONAL PERU LIBRE,2
090702,Huánuco,Pachitea,Chaglla,MOVIMIENTO POLITICO CAMBIEMOS X HCO,2274
090702,Huánuco,Pachitea,Chaglla,MOVIMIENTO INDEPENDIENTE REGIONAL MI BUEN VECINO,789
090702,Huánuco,Pachitea,Chaglla,MOVIMIENTO INDEPENDIENTE REGIONAL HUANUCO PRIMERO,1240
090702,Huánuco,Pachitea,Chaglla,AVANZADA REGIONAL INDEPENDIENTE UNIDOS POR HUANUCO,5
090702,Huánuco,Pachitea,Chaglla,AVANZA PAIS - PARTIDO DE INTEGRACION SOCIAL,1463
090704,Huánuco,Pachitea,Molino,MOVIMIENTO POLITICO CAMBIEMOS X HCO,2885
090704,Huánuco,Pachitea,Molino,MOVIMIENTO INDEPENDIENTE REGIONAL MI BUEN VECINO,204
090704,Huánuco,Pachitea,Molino,MOVIMIENTO INDEPENDIENTE REGIONAL HUANUCO PRIMERO,2755
090704,Huánuco,Pachitea,Molino,AVANZA PAIS - PARTIDO DE INTEGRACION SOCIAL,763
090706,Huánuco,Pachitea,Umari,MOVIMIENTO POLITICO CAMBIEMOS X HCO,1985
090706,Huánuco,Pachitea,Umari,MOVIMIENTO INDEPENDIENTE REGIONAL HUANUCO PRIMERO,2288
090706,Huánuco,Pachitea,Umari,JUNTOS POR EL PERU,25
090706,Huánuco,Pachitea,Umari,AVANZA PAIS - PARTIDO DE INTEGRACION SOCIAL,1759
090706,Huánuco,Pachitea,Umari,PARTIDO DEMOCRATICO SOMOS PERU,134
090801,Huánuco,Puerto Inca,Honoria,MOVIMIENTO POLITICO CAMBIEMOS X HCO,665
090801,Huánuco,Puerto Inca,Honoria,MOVIMIENTO INDEPENDIENTE REGIONAL MI BUEN VECINO,363
090801,Huánuco,Puerto Inca,Honoria,MOVIMIENTO INDEPENDIENTE REGIONAL HUANUCO PRIMERO,696
090801,Huánuco,Puerto Inca,Honoria,AVANZADA REGIONAL INDEPENDIENTE UNIDOS POR HUANUCO,225
090801,Huánuco,Puerto Inca,Honoria,PARTIDO FRENTE DE LA ESPERANZA 2021,59
090801,Huánuco,Puerto Inca,Honoria,ALIANZA PARA EL PROGRESO,442
090801,Huánuco,Puerto Inca,Honoria,AVANZA PAIS - PARTIDO DE INTEGRACION SOCIAL,104
090801,Huánuco,Puerto Inca,Honoria,PARTIDO POLITICO NACIONAL PERU LIBRE,641
090801,Huánuco,Puerto Inca,Honoria,PARTIDO DEMOCRATICO SOMOS PERU,156
090803,Huánuco,Puerto Inca,Codo del Pozuzo,MOVIMIENTO INDEPENDIENTE REGIONAL MI BUEN VECINO,902
090803,Huánuco,Puerto Inca,Codo del Pozuzo,MOVIMIENTO INDEPENDIENTE REGIONAL HUANUCO PRIMERO,721
090803,Huánuco,Puerto Inca,Codo del Pozuzo,AVANZADA REGIONAL INDEPENDIENTE UNIDOS POR HUANUCO,1078
090803,Huánuco,Puerto Inca,Codo del Pozuzo,ALIANZA PARA EL PROGRESO,522
090803,Huánuco,Puerto Inca,Codo del Pozuzo,AVANZA PAIS - PARTIDO DE INTEGRACION SOCIAL,367
090804,Huánuco,Puerto Inca,Tournavista,MOVIMIENTO POLITICO CAMBIEMOS X HCO,79
090804,Huánuco,Puerto Inca,Tournavista,MOVIMIENTO INDEPENDIENTE REGIONAL MI BUEN VECINO,116
090804,Huánuco,Puerto Inca,Tournavista,MOVIMIENTO INDEPENDIENTE REGIONAL HUANUCO PRIMERO,791
090804,Huánuco,Puerto Inca,Tournavista,AVANZADA REGIONAL INDEPENDIENTE UNIDOS POR HUANUCO,646
090804,Huánuco,Puerto Inca,Tournavista,JUNTOS POR EL PERU,21
090804,Huánuco,Puerto Inca,Tournavista,ALIANZA PARA EL PROGRESO,62
090804,Huánuco,Puerto Inca,Tournavista,AVANZA PAIS - PARTIDO DE INTEGRACION SOCIAL,723
090805,Huánuco,Puerto Inca,Yuyapichis,MOVIMIENTO POLITICO CAMBIEMOS X HCO,381
090805,Huánuco,Puerto Inca,Yuyapichis,MOVIMIENTO INDEPENDIENTE REGIONAL MI BUEN VECINO,858
090805,Huánuco,Puerto Inca,Yuyapichis,MOVIMIENTO INDEPENDIENTE REGIONAL HUANUCO PRIMERO,560
090805,Huánuco,Puerto Inca,Yuyapichis,AVANZADA REGIONAL INDEPENDIENTE UNIDOS POR HUANUCO,418
090805,Huánuco,Puerto Inca,Yuyapichis,JUNTOS POR EL PERU,24
090805,Huánuco,Puerto Inca,Yuyapichis,AVANZA PAIS - PARTIDO DE INTEGRACION SOCIAL,399
090805,Huánuco,Puerto Inca,Yuyapichis,PARTIDO DEMOCRATICO SOMOS PERU,167
090902,Huánuco,Huacaybamba,Pinra,MOVIMIENTO INDEPENDIENTE REGIONAL MI BUEN VECINO,423
090902,Huánuco,Huacaybamba,Pinra,MOVIMIENTO INDEPENDIENTE REGIONAL HUANUCO PRIMERO,894
090902,Huánuco,Huacaybamba,Pinra,JUNTOS POR EL PERU,474
090902,Huánuco,Huacaybamba,Pinra,ALIANZA PARA EL PROGRESO,574
090902,Huánuco,Huacaybamba,Pinra,AVANZA PAIS - PARTIDO DE INTEGRACION SOCIAL,632
090903,Huánuco,Huacaybamba,Canchabamba,MOVIMIENTO INDEPENDIENTE REGIONAL MI BUEN VECINO,494
090903,Huánuco,Huacaybamba,Canchabamba,MOVIMIENTO INDEPENDIENTE REGIONAL HUANUCO PRIMERO,506
090903,Huánuco,Huacaybamba,Canchabamba,JUNTOS POR EL PERU,91
090903,Huánuco,Huacaybamba,Canchabamba,ALIANZA PARA EL PROGRESO,569
090903,Huánuco,Huacaybamba,Canchabamba,AVANZA PAIS - PARTIDO DE INTEGRACION SOCIAL,66
090904,Huánuco,Huacaybamba,Cochabamba,MOVIMIENTO INDEPENDIENTE REGIONAL MI BUEN VECINO,263
090904,Huánuco,Huacaybamba,Cochabamba,MOVIMIENTO INDEPENDIENTE REGIONAL HUANUCO PRIMERO,221
090904,Huánuco,Huacaybamba,Cochabamba,JUNTOS POR EL PERU,242
090904,Huánuco,Huacaybamba,Cochabamba,AVANZA PAIS - PARTIDO DE INTEGRACION SOCIAL,333
091002,Huánuco,Lauricocha,Baños,MOVIMIENTO INDEPENDIENTE REGIONAL MI BUEN VECINO,143
091002,Huánuco,Lauricocha,Baños,TODOS POR EL GRAN CAMBIO,179
091002,Huánuco,Lauricocha,Baños,MOVIMIENTO INDEPENDIENTE REGIONAL HUANUCO PRIMERO,689
091002,Huánuco,Lauricocha,Baños,AVANZADA REGIONAL INDEPENDIENTE UNIDOS POR HUANUCO,1
091002,Huánuco,Lauricocha,Baños,ALIANZA PARA EL PROGRESO,366
091002,Huánuco,Lauricocha,Baños,AVANZA PAIS - PARTIDO DE INTEGRACION SOCIAL,146
091002,Huánuco,Lauricocha,Baños,PARTIDO POLITICO NACIONAL PERU LIBRE,6
091002,Huánuco,Lauricocha,Baños,PARTIDO DEMOCRATICO SOMOS PERU,97
091003,Huánuco,Lauricocha,San Francisco de Asís,MOVIMIENTO INDEPENDIENTE REGIONAL MI BUEN VECINO,389
091003,Huánuco,Lauricocha,San Francisco de Asís,TODOS POR EL GRAN CAMBIO,269
091003,Huánuco,Lauricocha,San Francisco de Asís,MOVIMIENTO INDEPENDIENTE REGIONAL HUANUCO PRIMERO,303
091003,Huánuco,Lauricocha,San Francisco de Asís,ALIANZA PARA EL PROGRESO,378
091003,Huánuco,Lauricocha,San Francisco de Asís,AVANZA PAIS - PARTIDO DE INTEGRACION SOCIAL,493
091003,Huánuco,Lauricocha,San Francisco de Asís,PARTIDO DEMOCRATICO SOMOS PERU,203
091004,Huánuco,Lauricocha,Queropalca,MOVIMIENTO INDEPENDIENTE REGIONAL MI BUEN VECINO,106
091004,Huánuco,Lauricocha,Queropalca,TODOS POR EL GRAN CAMBIO,55
091004,Huánuco,Lauricocha,Queropalca,MOVIMIENTO INDEPENDIENTE REGIONAL HUANUCO PRIMERO,263
091004,Huánuco,Lauricocha,Queropalca,ALIANZA PARA EL PROGRESO,207
091005,Huánuco,Lauricocha,San Miguel de Cauri,MOVIMIENTO INDEPENDIENTE REGIONAL MI BUEN VECINO,66
091005,Huánuco,Lauricocha,San Miguel de Cauri,MOVIMIENTO INDEPENDIENTE REGIONAL HUANUCO PRIMERO,1538
091005,Huánuco,Lauricocha,San Miguel de Cauri,ALIANZA PARA EL PROGRESO,1086
091005,Huánuco,Lauricocha,San Miguel de Cauri,AVANZA PAIS - PARTIDO DE INTEGRACION SOCIAL,646
091006,Huánuco,Lauricocha,Rondos,MOVIMIENTO INDEPENDIENTE REGIONAL MI BUEN VECINO,660
091006,Huánuco,Lauricocha,Rondos,TODOS POR EL GRAN CAMBIO,187
091006,Huánuco,Lauricocha,Rondos,MOVIMIENTO INDEPENDIENTE REGIONAL HUANUCO PRIMERO,565
091006,Huánuco,Lauricocha,Rondos,AVANZADA REGIONAL INDEPENDIENTE UNIDOS POR HUANUCO,102
091006,Huánuco,Lauricocha,Rondos,PARTIDO FRENTE DE LA ESPERANZA 2021,8
091006,Huánuco,Lauricocha,Rondos,ACCION POPULAR,24
091006,Huánuco,Lauricocha,Rondos,ALIANZA PARA EL PROGRESO,659
091006,Huánuco,Lauricocha,Rondos,AVANZA PAIS - PARTIDO DE INTEGRACION SOCIAL,605
091007,Huánuco,Lauricocha,Jivia,MOVIMIENTO POLITICO CAMBIEMOS X HCO,4
091007,Huánuco,Lauricocha,Jivia,MOVIMIENTO INDEPENDIENTE REGIONAL MI BUEN VECINO,168
091007,Huánuco,Lauricocha,Jivia,TODOS POR EL GRAN CAMBIO,502
091007,Huánuco,Lauricocha,Jivia,MOVIMIENTO INDEPENDIENTE REGIONAL HUANUCO PRIMERO,263
091007,Huánuco,Lauricocha,Jivia,ALIANZA PARA EL PROGRESO,515
091007,Huánuco,Lauricocha,Jivia,AVANZA PAIS - PARTIDO DE INTEGRACION SOCIAL,3
091007,Huánuco,Lauricocha,Jivia,PARTIDO DEMOCRATICO SOMOS PERU,8
091102,Huánuco,Yarowilca,Aparicio Pomares,MOVIMIENTO POLITICO CAMBIEMOS X HCO,158
091102,Huánuco,Yarowilca,Aparicio Pomares,MOVIMIENTO INDEPENDIENTE REGIONAL MI BUEN VECINO,748
091102,Huánuco,Yarowilca,Aparicio Pomares,MOVIMIENTO INDEPENDIENTE REGIONAL HUANUCO PRIMERO,627
091102,Huánuco,Yarowilca,Aparicio Pomares,ALIANZA PARA EL PROGRESO,313
091102,Huánuco,Yarowilca,Aparicio Pomares,AVANZA PAIS - PARTIDO DE INTEGRACION SOCIAL,74
091102,Huánuco,Yarowilca,Aparicio Pomares,PARTIDO POLITICO NACIONAL PERU LIBRE,223
091102,Huánuco,Yarowilca,Aparicio Pomares,PARTIDO DEMOCRATICO SOMOS PERU,43
091103,Huánuco,Yarowilca,Cahuac,MOVIMIENTO INDEPENDIENTE REGIONAL MI BUEN VECINO,515
091103,Huánuco,Yarowilca,Cahuac,MOVIMIENTO INDEPENDIENTE REGIONAL HUANUCO PRIMERO,331
091103,Huánuco,Yarowilca,Cahuac,AVANZADA REGIONAL INDEPENDIENTE UNIDOS POR HUANUCO,36
091103,Huánuco,Yarowilca,Cahuac,ACCION POPULAR,94
091103,Huánuco,Yarowilca,Cahuac,ALIANZA PARA EL PROGRESO,758
091104,Huánuco,Yarowilca,Chacabamba,MOVIMIENTO POLITICO CAMBIEMOS X HCO,287
091104,Huánuco,Yarowilca,Chacabamba,MOVIMIENTO INDEPENDIENTE REGIONAL MI BUEN VECINO,669
091104,Huánuco,Yarowilca,Chacabamba,MOVIMIENTO INDEPENDIENTE REGIONAL HUANUCO PRIMERO,146
091104,Huánuco,Yarowilca,Chacabamba,ACCION POPULAR,0
091104,Huánuco,Yarowilca,Chacabamba,ALIANZA PARA EL PROGRESO,262
091104,Huánuco,Yarowilca,Chacabamba,AVANZA PAIS - PARTIDO DE INTEGRACION SOCIAL,354
091104,Huánuco,Yarowilca,Chacabamba,PARTIDO POLITICO NACIONAL PERU LIBRE,31
091104,Huánuco,Yarowilca,Chacabamba,PARTIDO DEMOCRATICO SOMOS PERU,335
091105,Huánuco,Yarowilca,Jacas Chico,MOVIMIENTO POLITICO CAMBIEMOS X HCO,127
091105,Huánuco,Yarowilca,Jacas Chico,MOVIMIENTO INDEPENDIENTE REGIONAL MI BUEN VECINO,398
091105,Huánuco,Yarowilca,Jacas Chico,MOVIMIENTO INDEPENDIENTE REGIONAL HUANUCO PRIMERO,397
091105,Huánuco,Yarowilca,Jacas Chico,AVANZADA REGIONAL INDEPENDIENTE UNIDOS POR HUANUCO,48
091105,Huánuco,Yarowilca,Jacas Chico,ALIANZA PARA EL PROGRESO,55
091105,Huánuco,Yarowilca,Jacas Chico,AVANZA PAIS - PARTIDO DE INTEGRACION SOCIAL,274
091105,Huánuco,Yarowilca,Jacas Chico,PARTIDO POLITICO NACIONAL PERU LIBRE,51
091105,Huánuco,Yarowilca,Jacas Chico,PARTIDO DEMOCRATICO SOMOS PERU,162
091106,Huánuco,Yarowilca,Obas,MOVIMIENTO POLITICO CAMBIEMOS X HCO,140
091106,Huánuco,Yarowilca,Obas,MOVIMIENTO INDEPENDIENTE REGIONAL MI BUEN VECINO,453
091106,Huánuco,Yarowilca,Obas,MOVIMIENTO INDEPENDIENTE REGIONAL HUANUCO PRIMERO,621
091106,Huánuco,Yarowilca,Obas,AVANZADA REGIONAL INDEPENDIENTE UNIDOS POR HUANUCO,89
091106,Huánuco,Yarowilca,Obas,JUNTOS POR EL PERU,89
091106,Huánuco,Yarowilca,Obas,ALIANZA PARA EL PROGRESO,839
091106,Huánuco,Yarowilca,Obas,AVANZA PAIS - PARTIDO DE INTEGRACION SOCIAL,386
091106,Huánuco,Yarowilca,Obas,PARTIDO POLITICO NACIONAL PERU LIBRE,52
091106,Huánuco,Yarowilca,Obas,PARTIDO DEMOCRATICO SOMOS PERU,368
091107,Huánuco,Yarowilca,Pampamarca,MOVIMIENTO INDEPENDIENTE REGIONAL MI BUEN VECINO,375
091107,Huánuco,Yarowilca,Pampamarca,MOVIMIENTO INDEPENDIENTE REGIONAL HUANUCO PRIMERO,423
091107,Huánuco,Yarowilca,Pampamarca,ALIANZA PARA EL PROGRESO,304
091107,Huánuco,Yarowilca,Pampamarca,AVANZA PAIS - PARTIDO DE INTEGRACION SOCIAL,88
091107,Huánuco,Yarowilca,Pampamarca,PARTIDO DEMOCRATICO SOMOS PERU,105
091108,Huánuco,Yarowilca,Choras,MOVIMIENTO POLITICO CAMBIEMOS X HCO,529
091108,Huánuco,Yarowilca,Choras,MOVIMIENTO INDEPENDIENTE REGIONAL MI BUEN VECINO,619
091108,Huánuco,Yarowilca,Choras,MOVIMIENTO INDEPENDIENTE REGIONAL HUANUCO PRIMERO,525
091108,Huánuco,Yarowilca,Choras,AVANZADA REGIONAL INDEPENDIENTE UNIDOS POR HUANUCO,5
091108,Huánuco,Yarowilca,Choras,JUNTOS POR EL PERU,11
091108,Huánuco,Yarowilca,Choras,RENOVACION POPULAR,1
091108,Huánuco,Yarowilca,Choras,ALIANZA PARA EL PROGRESO,712
091108,Huánuco,Yarowilca,Choras,PARTIDO DEMOCRATICO SOMOS PERU,4
100102,Ica,Ica,La Tinguiña,UNO POR ICA,4598
100102,Ica,Ica,La Tinguiña,MOVIMIENTO REGIONAL OBRAS POR LA MODERNIDAD,4133
100102,Ica,Ica,La Tinguiña,ACCION POPULAR,1535
100102,Ica,Ica,La Tinguiña,PODEMOS PERU,2241
100102,Ica,Ica,La Tinguiña,RENOVACION POPULAR,1925
100102,Ica,Ica,La Tinguiña,ALIANZA PARA EL PROGRESO,4560
100102,Ica,Ica,La Tinguiña,PARTIDO DEMOCRATICO SOMOS PERU,1540
100103,Ica,Ica,Los Aquijes,UNO POR ICA,2301
100103,Ica,Ica,Los Aquijes,MOVIMIENTO REGIONAL OBRAS POR LA MODERNIDAD,3535
100103,Ica,Ica,Los Aquijes,FUERZA POPULAR,331
100103,Ica,Ica,Los Aquijes,PODEMOS PERU,302
100103,Ica,Ica,Los Aquijes,RENOVACION POPULAR,1498
100103,Ica,Ica,Los Aquijes,ALIANZA PARA EL PROGRESO,2082
100104,Ica,Ica,Parcona,UNO POR ICA,4406
100104,Ica,Ica,Parcona,MOVIMIENTO REGIONAL OBRAS POR LA MODERNIDAD,6969
100104,Ica,Ica,Parcona,ACCION POPULAR,430
100104,Ica,Ica,Parcona,PODEMOS PERU,1817
100104,Ica,Ica,Parcona,RENOVACION POPULAR,4039
100104,Ica,Ica,Parcona,ALIANZA PARA EL PROGRESO,8060
100104,Ica,Ica,Parcona,AVANZA PAIS - PARTIDO DE INTEGRACION SOCIAL,283
100104,Ica,Ica,Parcona,PARTIDO DEMOCRATICO SOMOS PERU,405
100105,Ica,Ica,Pueblo Nuevo,UNO POR ICA,1060
100105,Ica,Ica,Pueblo Nuevo,MOVIMIENTO REGIONAL OBRAS POR LA MODERNIDAD,783
100105,Ica,Ica,Pueblo Nuevo,RENOVACION POPULAR,296
100105,Ica,Ica,Pueblo Nuevo,ALIANZA PARA EL PROGRESO,1397
100106,Ica,Ica,Salas,UNO POR ICA,2074
100106,Ica,Ica,Salas,MOVIMIENTO REGIONAL OBRAS POR LA MODERNIDAD,3783
100106,Ica,Ica,Salas,PARTIDO FRENTE DE LA ESPERANZA 2021,683
100106,Ica,Ica,Salas,ACCION POPULAR,2216
100106,Ica,Ica,Salas,PODEMOS PERU,63
100106,Ica,Ica,Salas,RENOVACION POPULAR,429
100106,Ica,Ica,Salas,ALIANZA PARA EL PROGRESO,1389
100106,Ica,Ica,Salas,PARTIDO DEMOCRATICO SOMOS PERU,1461
100107,Ica,Ica,San José de Los Molinos,UNO POR ICA,182
100107,Ica,Ica,San José de Los Molinos,MOVIMIENTO REGIONAL OBRAS POR LA MODERNIDAD,762
100107,Ica,Ica,San José de Los Molinos,ACCION POPULAR,185
100107,Ica,Ica,San José de Los Molinos,RENOVACION POPULAR,1724
100107,Ica,Ica,San José de Los Molinos,ALIANZA PARA EL PROGRESO,1204
100107,Ica,Ica,San José de Los Molinos,PARTIDO DEMOCRATICO SOMOS PERU,319
100108,Ica,Ica,San Juan Bautista,UNO POR ICA,2607
100108,Ica,Ica,San Juan Bautista,MOVIMIENTO REGIONAL OBRAS POR LA MODERNIDAD,1474
100108,Ica,Ica,San Juan Bautista,FUERZA POPULAR,82
100108,Ica,Ica,San Juan Bautista,ACCION POPULAR,168
100108,Ica,Ica,San Juan Bautista,RENOVACION POPULAR,129
100108,Ica,Ica,San Juan Bautista,ALIANZA PARA EL PROGRESO,347
100109,Ica,Ica,Santiago,UNO POR ICA,1189
100109,Ica,Ica,Santiago,MOVIMIENTO REGIONAL OBRAS POR LA MODERNIDAD,1717
100109,Ica,Ica,Santiago,FUERZA POPULAR,561
100109,Ica,Ica,Santiago,RENOVACION POPULAR,4177
100109,Ica,Ica,Santiago,ALIANZA PARA EL PROGRESO,5743
100109,Ica,Ica,Santiago,PARTIDO MORADO,381
100109,Ica,Ica,Santiago,PARTIDO DEMOCRATICO SOMOS PERU,475
100110,Ica,Ica,Subtanjalla,UNO POR ICA,5442
100110,Ica,Ica,Subtanjalla,MOVIMIENTO REGIONAL OBRAS POR LA MODERNIDAD,1126
100110,Ica,Ica,Subtanjalla,FUERZA POPULAR,365
100110,Ica,Ica,Subtanjalla,PODEMOS PERU,270
100110,Ica,Ica,Subtanjalla,RENOVACION POPULAR,797
100110,Ica,Ica,Subtanjalla,ALIANZA PARA EL PROGRESO,3951
100110,Ica,Ica,Subtanjalla,PARTIDO DEMOCRATICO SOMOS PERU,1988
100111,Ica,Ica,Yauca del Rosario,UNO POR ICA,461
100111,Ica,Ica,Yauca del Rosario,MOVIMIENTO REGIONAL OBRAS POR LA MODERNIDAD,92
100111,Ica,Ica,Yauca del Rosario,PODEMOS PERU,26
100111,Ica,Ica,Yauca del Rosario,RENOVACION POPULAR,413
100111,Ica,Ica,Yauca del Rosario,ALIANZA PARA EL PROGRESO,866
100111,Ica,Ica,Yauca del Rosario,PARTIDO DEMOCRATICO SOMOS PERU,63
100112,Ica,Ica,Tate,UNO POR ICA,655
100112,Ica,Ica,Tate,MOVIMIENTO REGIONAL OBRAS POR LA MODERNIDAD,940
100112,Ica,Ica,Tate,ACCION POPULAR,264
100112,Ica,Ica,Tate,PODEMOS PERU,170
100112,Ica,Ica,Tate,RENOVACION POPULAR,501
100112,Ica,Ica,Tate,ALIANZA PARA EL PROGRESO,600
100112,Ica,Ica,Tate,PARTIDO DEMOCRATICO SOMOS PERU,305
100113,Ica,Ica,Pachacútec,UNO POR ICA,621
100113,Ica,Ica,Pachacútec,MOVIMIENTO REGIONAL OBRAS POR LA MODERNIDAD,1190
100113,Ica,Ica,Pachacútec,PODEMOS PERU,637
100113,Ica,Ica,Pachacútec,RENOVACION POPULAR,183
100113,Ica,Ica,Pachacútec,ALIANZA PARA EL PROGRESO,949
100113,Ica,Ica,Pachacútec,PARTIDO POLITICO NACIONAL PERU LIBRE,74
100113,Ica,Ica,Pachacútec,PARTIDO DEMOCRATICO SOMOS PERU,751
100114,Ica,Ica,Ocucaje,UNO POR ICA,645
100114,Ica,Ica,Ocucaje,MOVIMIENTO REGIONAL OBRAS POR LA MODERNIDAD,775
100114,Ica,Ica,Ocucaje,RENOVACION POPULAR,701
100114,Ica,Ica,Ocucaje,ALIANZA PARA EL PROGRESO,869
100114,Ica,Ica,Ocucaje,PARTIDO MORADO,109
100202,Ica,Chincha,Chavín,UNO POR ICA,534
100202,Ica,Chincha,Chavín,ACCION POPULAR,702
100202,Ica,Chincha,Chavín,RENOVACION POPULAR,62
100202,Ica,Chincha,Chavín,ALIANZA PARA EL PROGRESO,823
100202,Ica,Chincha,Chavín,PARTIDO POLITICO NACIONAL PERU LIBRE,373
100202,Ica,Chincha,Chavín,PARTIDO DEMOCRATICO SOMOS PERU,96
100203,Ica,Chincha,Chincha Baja,UNO POR ICA,2088
100203,Ica,Chincha,Chincha Baja,MOVIMIENTO REGIONAL OBRAS POR LA MODERNIDAD,509
100203,Ica,Chincha,Chincha Baja,PARTIDO FRENTE DE LA ESPERANZA 2021,918
100203,Ica,Chincha,Chincha Baja,RENOVACION POPULAR,582
100203,Ica,Chincha,Chincha Baja,ALIANZA PARA EL PROGRESO,2335
100203,Ica,Chincha,Chincha Baja,PARTIDO DEMOCRATICO SOMOS PERU,1623
100204,Ica,Chincha,El Carmen,UNO POR ICA,1616
100204,Ica,Chincha,El Carmen,MOVIMIENTO REGIONAL OBRAS POR LA MODERNIDAD,272
100204,Ica,Chincha,El Carmen,ALIANZA PARA EL PROGRESO,2780
100204,Ica,Chincha,El Carmen,PARTIDO DEMOCRATICO SOMOS PERU,2562
100205,Ica,Chincha,Grocio Prado,UNO POR ICA,4557
100205,Ica,Chincha,Grocio Prado,MOVIMIENTO REGIONAL OBRAS POR LA MODERNIDAD,427
100205,Ica,Chincha,Grocio Prado,PARTIDO FRENTE DE LA ESPERANZA 2021,2326
100205,Ica,Chincha,Grocio Prado,RENOVACION POPULAR,797
100205,Ica,Chincha,Grocio Prado,ALIANZA PARA EL PROGRESO,3053
100205,Ica,Chincha,Grocio Prado,PARTIDO DEMOCRATICO SOMOS PERU,2405
100206,Ica,Chincha,San Pedro de Huacarpana,UNO POR ICA,96
100206,Ica,Chincha,San Pedro de Huacarpana,ALIANZA PARA EL PROGRESO,337
100206,Ica,Chincha,San Pedro de Huacarpana,PARTIDO DEMOCRATICO SOMOS PERU,381
100207,Ica,Chincha,Sunampe,UNO POR ICA,1549
100207,Ica,Chincha,Sunampe,MOVIMIENTO REGIONAL OBRAS POR LA MODERNIDAD,363
100207,Ica,Chincha,Sunampe,PARTIDO FRENTE DE LA ESPERANZA 2021,1508
100207,Ica,Chincha,Sunampe,JUNTOS POR EL PERU,2038
100207,Ica,Chincha,Sunampe,PODEMOS PERU,3156
100207,Ica,Chincha,Sunampe,RENOVACION POPULAR,1575
100207,Ica,Chincha,Sunampe,ALIANZA PARA EL PROGRESO,2837
100207,Ica,Chincha,Sunampe,PARTIDO DEMOCRATICO SOMOS PERU,1135
100208,Ica,Chincha,Tambo de Mora,UNO POR ICA,900
100208,Ica,Chincha,Tambo de Mora,MOVIMIENTO REGIONAL OBRAS POR LA MODERNIDAD,864
100208,Ica,Chincha,Tambo de Mora,JUNTOS POR EL PERU,77
100208,Ica,Chincha,Tambo de Mora,PODEMOS PERU,13
100208,Ica,Chincha,Tambo de Mora,RENOVACION POPULAR,50
100208,Ica,Chincha,Tambo de Mora,ALIANZA PARA EL PROGRESO,393
100208,Ica,Chincha,Tambo de Mora,PARTIDO DEMOCRATICO SOMOS PERU,911
100209,Ica,Chincha,Alto Larán,UNO POR ICA,174
100209,Ica,Chincha,Alto Larán,MOVIMIENTO REGIONAL OBRAS POR LA MODERNIDAD,811
100209,Ica,Chincha,Alto Larán,ACCION POPULAR,182
100209,Ica,Chincha,Alto Larán,PODEMOS PERU,960
100209,Ica,Chincha,Alto Larán,RENOVACION POPULAR,536
100209,Ica,Chincha,Alto Larán,ALIANZA PARA EL PROGRESO,259
100209,Ica,Chincha,Alto Larán,PARTIDO POLITICO NACIONAL PERU LIBRE,408
100209,Ica,Chincha,Alto Larán,PARTIDO DEMOCRATICO SOMOS PERU,1286
100210,Ica,Chincha,Pueblo Nuevo,UNO POR ICA,10024
100210,Ica,Chincha,Pueblo Nuevo,MOVIMIENTO REGIONAL OBRAS POR LA MODERNIDAD,1161
100210,Ica,Chincha,Pueblo Nuevo,JUNTOS POR EL PERU,451
100210,Ica,Chincha,Pueblo Nuevo,ACCION POPULAR,570
100210,Ica,Chincha,Pueblo Nuevo,RENOVACION POPULAR,1917
100210,Ica,Chincha,Pueblo Nuevo,ALIANZA PARA EL PROGRESO,8319
100210,Ica,Chincha,Pueblo Nuevo,PARTIDO DEMOCRATICO SOMOS PERU,6033
100211,Ica,Chincha,San Juan de Yanac,UNO POR ICA,283
100211,Ica,Chincha,San Juan de Yanac,RENOVACION POPULAR,78
100211,Ica,Chincha,San Juan de Yanac,ALIANZA PARA EL PROGRESO,287
100302,Ica,Nasca,Changuillo,UNO POR ICA,308
100302,Ica,Nasca,Changuillo,MOVIMIENTO REGIONAL OBRAS POR LA MODERNIDAD,40
100302,Ica,Nasca,Changuillo,ACCION POPULAR,366
100302,Ica,Nasca,Changuillo,RENOVACION POPULAR,215
100302,Ica,Nasca,Changuillo,ALIANZA PARA EL PROGRESO,298
100302,Ica,Nasca,Changuillo,PARTIDO DEMOCRATICO SOMOS PERU,439
100303,Ica,Nasca,El Ingenio,UNO POR ICA,849
100303,Ica,Nasca,El Ingenio,MOVIMIENTO REGIONAL OBRAS POR LA MODERNIDAD,477
100303,Ica,Nasca,El Ingenio,RENOVACION POPULAR,30
100303,Ica,Nasca,El Ingenio,ALIANZA PARA EL PROGRESO,455
100303,Ica,Nasca,El Ingenio,PARTIDO DEMOCRATICO SOMOS PERU,411
100304,Ica,Nasca,Marcona,UNO POR ICA,1630
100304,Ica,Nasca,Marcona,MOVIMIENTO REGIONAL OBRAS POR LA MODERNIDAD,361
100304,Ica,Nasca,Marcona,PARTIDO FRENTE DE LA ESPERANZA 2021,135
100304,Ica,Nasca,Marcona,JUNTOS POR EL PERU,37
100304,Ica,Nasca,Marcona,ACCION POPULAR,1059
100304,Ica,Nasca,Marcona,RENOVACION POPULAR,946
100304,Ica,Nasca,Marcona,ALIANZA PARA EL PROGRESO,2157
100304,Ica,Nasca,Marcona,PARTIDO DEMOCRATICO SOMOS PERU,3085
100305,Ica,Nasca,Vista Alegre,UNO POR ICA,2420
100305,Ica,Nasca,Vista Alegre,MOVIMIENTO REGIONAL OBRAS POR LA MODERNIDAD,2353
100305,Ica,Nasca,Vista Alegre,FUERZA POPULAR,126
100305,Ica,Nasca,Vista Alegre,PODEMOS PERU,128
100305,Ica,Nasca,Vista Alegre,RENOVACION POPULAR,1052
100305,Ica,Nasca,Vista Alegre,ALIANZA PARA EL PROGRESO,3597
100305,Ica,Nasca,Vista Alegre,PARTIDO DEMOCRATICO SOMOS PERU,1523
100402,Ica,Pisco,Huancano,MOVIMIENTO REGIONAL OBRAS POR LA MODERNIDAD,392
100402,Ica,Pisco,Huancano,JUNTOS POR EL PERU,303
100402,Ica,Pisco,Huancano,ACCION POPULAR,187
100402,Ica,Pisco,Huancano,RENOVACION POPULAR,10
100402,Ica,Pisco,Huancano,ALIANZA PARA EL PROGRESO,323
100402,Ica,Pisco,Huancano,PARTIDO DEMOCRATICO SOMOS PERU,134
100403,Ica,Pisco,Humay,UNO POR ICA,990
100403,Ica,Pisco,Humay,JUNTOS POR EL PERU,27
100403,Ica,Pisco,Humay,ACCION POPULAR,1355
100403,Ica,Pisco,Humay,ALIANZA PARA EL PROGRESO,863
100403,Ica,Pisco,Humay,PARTIDO DEMOCRATICO SOMOS PERU,813
100404,Ica,Pisco,Independencia,UNO POR ICA,611
100404,Ica,Pisco,Independencia,JUNTOS POR EL PERU,364
100404,Ica,Pisco,Independencia,ACCION POPULAR,1392
100404,Ica,Pisco,Independencia,PODEMOS PERU,123
100404,Ica,Pisco,Independencia,RENOVACION POPULAR,2318
100404,Ica,Pisco,Independencia,ALIANZA PARA EL PROGRESO,1782
100404,Ica,Pisco,Independencia,PARTIDO DEMOCRATICO SOMOS PERU,607
100405,Ica,Pisco,Paracas,UNO POR ICA,722
100405,Ica,Pisco,Paracas,ACCION POPULAR,86
100405,Ica,Pisco,Paracas,PODEMOS PERU,382
100405,Ica,Pisco,Paracas,ALIANZA PARA EL PROGRESO,1685
100405,Ica,Pisco,Paracas,PARTIDO DEMOCRATICO SOMOS PERU,1074
100406,Ica,Pisco,San Andrés,UNO POR ICA,3515
100406,Ica,Pisco,San Andrés,MOVIMIENTO REGIONAL OBRAS POR LA MODERNIDAD,1138
100406,Ica,Pisco,San Andrés,ACCION POPULAR,212
100406,Ica,Pisco,San Andrés,RENOVACION POPULAR,150
100406,Ica,Pisco,San Andrés,ALIANZA PARA EL PROGRESO,2396
100406,Ica,Pisco,San Andrés,PARTIDO POLITICO NACIONAL PERU LIBRE,217
100406,Ica,Pisco,San Andrés,PARTIDO DEMOCRATICO SOMOS PERU,1234
100407,Ica,Pisco,San Clemente,UNO POR ICA,3919
100407,Ica,Pisco,San Clemente,MOVIMIENTO REGIONAL OBRAS POR LA MODERNIDAD,3825
100407,Ica,Pisco,San Clemente,ACCION POPULAR,2605
100407,Ica,Pisco,San Clemente,RENOVACION POPULAR,144
100407,Ica,Pisco,San Clemente,ALIANZA PARA EL PROGRESO,1434
100407,Ica,Pisco,San Clemente,PARTIDO DEMOCRATICO SOMOS PERU,820
100408,Ica,Pisco,Túpac Amaru Inca,UNO POR ICA,923
100408,Ica,Pisco,Túpac Amaru Inca,MOVIMIENTO REGIONAL OBRAS POR LA MODERNIDAD,1309
100408,Ica,Pisco,Túpac Amaru Inca,ACCION POPULAR,478
100408,Ica,Pisco,Túpac Amaru Inca,RENOVACION POPULAR,176
100408,Ica,Pisco,Túpac Amaru Inca,ALIANZA PARA EL PROGRESO,4774
100408,Ica,Pisco,Túpac Amaru Inca,PARTIDO POLITICO NACIONAL PERU LIBRE,1243
100502,Ica,Palpa,Llipata,UNO POR ICA,181
100502,Ica,Palpa,Llipata,MOVIMIENTO REGIONAL OBRAS POR LA MODERNIDAD,129
100502,Ica,Palpa,Llipata,ACCION POPULAR,144
100502,Ica,Palpa,Llipata,ALIANZA PARA EL PROGRESO,395
100502,Ica,Palpa,Llipata,PARTIDO DEMOCRATICO SOMOS PERU,275
100503,Ica,Palpa,Río Grande,UNO POR ICA,264
100503,Ica,Palpa,Río Grande,MOVIMIENTO REGIONAL OBRAS POR LA MODERNIDAD,973
100503,Ica,Palpa,Río Grande,ALIANZA PARA EL PROGRESO,112
100503,Ica,Palpa,Río Grande,PARTIDO DEMOCRATICO SOMOS PERU,516
100504,Ica,Palpa,Santa Cruz,MOVIMIENTO REGIONAL OBRAS POR LA MODERNIDAD,228
100504,Ica,Palpa,Santa Cruz,ACCION POPULAR,346
100504,Ica,Palpa,Santa Cruz,ALIANZA PARA EL PROGRESO,434
100505,Ica,Palpa,Tibillo,UNO POR ICA,166
100505,Ica,Palpa,Tibillo,ALIANZA PARA EL PROGRESO,114
110103,Junín,Huancayo,Carhuacallanga,JUNIN SOSTENIBLE CON SU GENTE,24
110103,Junín,Huancayo,Carhuacallanga,MOVIMIENTO REGIONAL SIERRA Y SELVA CONTIGO JUNIN,154
110103,Junín,Huancayo,Carhuacallanga,PARTIDO FRENTE DE LA ESPERANZA 2021,42
110103,Junín,Huancayo,Carhuacallanga,ACCION POPULAR,48
110103,Junín,Huancayo,Carhuacallanga,ALIANZA PARA EL PROGRESO,96
110104,Junín,Huancayo,Colca,MOVIMIENTO REGIONAL SIERRA Y SELVA CONTIGO JUNIN,71
110104,Junín,Huancayo,Colca,JUNIN RENACE,30
110104,Junín,Huancayo,Colca,CAMINEMOS JUNTOS POR JUNIN,21
110104,Junín,Huancayo,Colca,ALIANZA PARA EL PROGRESO,331
110104,Junín,Huancayo,Colca,PARTIDO POLITICO NACIONAL PERU LIBRE,203
110105,Junín,Huancayo,Cullhuas,MOVIMIENTO REGIONAL SIERRA Y SELVA CONTIGO JUNIN,214
110105,Junín,Huancayo,Cullhuas,CAMINEMOS JUNTOS POR JUNIN,636
110105,Junín,Huancayo,Cullhuas,ACCION POPULAR,231
110105,Junín,Huancayo,Cullhuas,ALIANZA PARA EL PROGRESO,4
110105,Junín,Huancayo,Cullhuas,PARTIDO POLITICO NACIONAL PERU LIBRE,679
110106,Junín,Huancayo,Chacapampa,MOVIMIENTO REGIONAL SIERRA Y SELVA CONTIGO JUNIN,260
110106,Junín,Huancayo,Chacapampa,RENOVACION POPULAR,14
110106,Junín,Huancayo,Chacapampa,ALIANZA PARA EL PROGRESO,172
110106,Junín,Huancayo,Chacapampa,PARTIDO POLITICO NACIONAL PERU LIBRE,78
110107,Junín,Huancayo,Chicche,MOVIMIENTO REGIONAL SIERRA Y SELVA CONTIGO JUNIN,36
110107,Junín,Huancayo,Chicche,CAMINEMOS JUNTOS POR JUNIN,221
110107,Junín,Huancayo,Chicche,ACCION POPULAR,189
110107,Junín,Huancayo,Chicche,ALIANZA PARA EL PROGRESO,122
110108,Junín,Huancayo,Chilca,CORAZON PATRIOTA,1297
110108,Junín,Huancayo,Chilca,JUNIN SOSTENIBLE CON SU GENTE,2747
110108,Junín,Huancayo,Chilca,MOVIMIENTO REGIONAL SIERRA Y SELVA CONTIGO JUNIN,12337
110108,Junín,Huancayo,Chilca,JUNIN RENACE,6224
110108,Junín,Huancayo,Chilca,MOVIMIENTO REGIONAL BLOQUE POPULAR JUNIN,567
110108,Junín,Huancayo,Chilca,CAMINEMOS JUNTOS POR JUNIN,8407
110108,Junín,Huancayo,Chilca,PARTIDO FRENTE DE LA ESPERANZA 2021,642
110108,Junín,Huancayo,Chilca,JUNTOS POR EL PERU,424
110108,Junín,Huancayo,Chilca,ACCION POPULAR,791
110108,Junín,Huancayo,Chilca,RENOVACION POPULAR,848
110108,Junín,Huancayo,Chilca,ALIANZA PARA EL PROGRESO,4178
110108,Junín,Huancayo,Chilca,AVANZA PAIS - PARTIDO DE INTEGRACION SOCIAL,6188
110108,Junín,Huancayo,Chilca,PARTIDO POLITICO NACIONAL PERU LIBRE,2370
110109,Junín,Huancayo,Chongos Alto,MOVIMIENTO REGIONAL SIERRA Y SELVA CONTIGO JUNIN,158
110109,Junín,Huancayo,Chongos Alto,CAMINEMOS JUNTOS POR JUNIN,392
110109,Junín,Huancayo,Chongos Alto,ACCION POPULAR,9
110109,Junín,Huancayo,Chongos Alto,ALIANZA PARA EL PROGRESO,190
110112,Junín,Huancayo,Chupuro,CORAZON PATRIOTA,59
110112,Junín,Huancayo,Chupuro,JUNIN SOSTENIBLE CON SU GENTE,4
110112,Junín,Huancayo,Chupuro,MOVIMIENTO REGIONAL SIERRA Y SELVA CONTIGO JUNIN,736
110112,Junín,Huancayo,Chupuro,JUNIN RENACE,142
110112,Junín,Huancayo,Chupuro,ALIANZA PARA EL PROGRESO,15
110112,Junín,Huancayo,Chupuro,PARTIDO POLITICO NACIONAL PERU LIBRE,458
110113,Junín,Huancayo,El Tambo,JUNIN SOSTENIBLE CON SU GENTE,6482
110113,Junín,Huancayo,El Tambo,MOVIMIENTO REGIONAL SIERRA Y SELVA CONTIGO JUNIN,20465
110113,Junín,Huancayo,El Tambo,JUNIN RENACE,14549
110113,Junín,Huancayo,El Tambo,MOVIMIENTO REGIONAL BLOQUE POPULAR JUNIN,2176
110113,Junín,Huancayo,El Tambo,CAMINEMOS JUNTOS POR JUNIN,12176
110113,Junín,Huancayo,El Tambo,ACCION POPULAR,20008
110113,Junín,Huancayo,El Tambo,PODEMOS PERU,828
110113,Junín,Huancayo,El Tambo,RENOVACION POPULAR,2605
110113,Junín,Huancayo,El Tambo,ALIANZA PARA EL PROGRESO,6369
110113,Junín,Huancayo,El Tambo,PARTIDO POLITICO NACIONAL PERU LIBRE,2417
110114,Junín,Huancayo,Huacrapuquio,MOVIMIENTO REGIONAL SIERRA Y SELVA CONTIGO JUNIN,285
110114,Junín,Huancayo,Huacrapuquio,CAMINEMOS JUNTOS POR JUNIN,455
110114,Junín,Huancayo,Huacrapuquio,PARTIDO FRENTE DE LA ESPERANZA 2021,4
110114,Junín,Huancayo,Huacrapuquio,ACCION POPULAR,83
110114,Junín,Huancayo,Huacrapuquio,PARTIDO POLITICO NACIONAL PERU LIBRE,41
110116,Junín,Huancayo,Hualhuas,CORAZON PATRIOTA,114
110116,Junín,Huancayo,Hualhuas,JUNIN SOSTENIBLE CON SU GENTE,433
110116,Junín,Huancayo,Hualhuas,MOVIMIENTO REGIONAL SIERRA Y SELVA CONTIGO JUNIN,922
110116,Junín,Huancayo,Hualhuas,JUNIN RENACE,518
110116,Junín,Huancayo,Hualhuas,CAMINEMOS JUNTOS POR JUNIN,600
110116,Junín,Huancayo,Hualhuas,AVANZA PAIS - PARTIDO DE INTEGRACION SOCIAL,81
110118,Junín,Huancayo,Huancán,CORAZON PATRIOTA,249
110118,Junín,Huancayo,Huancán,JUNIN SOSTENIBLE CON SU GENTE,56
110118,Junín,Huancayo,Huancán,MOVIMIENTO REGIONAL SIERRA Y SELVA CONTIGO JUNIN,4967
110118,Junín,Huancayo,Huancán,JUNIN RENACE,663
110118,Junín,Huancayo,Huancán,MOVIMIENTO REGIONAL BLOQUE POPULAR JUNIN,271
110118,Junín,Huancayo,Huancán,CAMINEMOS JUNTOS POR JUNIN,1640
110118,Junín,Huancayo,Huancán,ACCION POPULAR,1692
110118,Junín,Huancayo,Huancán,ALIANZA PARA EL PROGRESO,105
110119,Junín,Huancayo,Huasicancha,MOVIMIENTO REGIONAL SIERRA Y SELVA CONTIGO JUNIN,264
110119,Junín,Huancayo,Huasicancha,ALIANZA PARA EL PROGRESO,12
110119,Junín,Huancayo,Huasicancha,PARTIDO POLITICO NACIONAL PERU LIBRE,143
110120,Junín,Huancayo,Huayucachi,JUNIN SOSTENIBLE CON SU GENTE,214
110120,Junín,Huancayo,Huayucachi,MOVIMIENTO REGIONAL SIERRA Y SELVA CONTIGO JUNIN,2876
110120,Junín,Huancayo,Huayucachi,CAMINEMOS JUNTOS POR JUNIN,913
110120,Junín,Huancayo,Huayucachi,ALIANZA PARA EL PROGRESO,1398
110121,Junín,Huancayo,Ingenio,MOVIMIENTO REGIONAL SIERRA Y SELVA CONTIGO JUNIN,232
110121,Junín,Huancayo,Ingenio,CAMINEMOS JUNTOS POR JUNIN,291
110121,Junín,Huancayo,Ingenio,ACCION POPULAR,764
110122,Junín,Huancayo,Pariahuanca,CORAZON PATRIOTA,20
110122,Junín,Huancayo,Pariahuanca,MOVIMIENTO REGIONAL SIERRA Y SELVA CONTIGO JUNIN,842
110122,Junín,Huancayo,Pariahuanca,JUNIN RENACE,86
110122,Junín,Huancayo,Pariahuanca,MOVIMIENTO REGIONAL BLOQUE POPULAR JUNIN,522
110122,Junín,Huancayo,Pariahuanca,CAMINEMOS JUNTOS POR JUNIN,819
110122,Junín,Huancayo,Pariahuanca,ACCION POPULAR,1053
110122,Junín,Huancayo,Pariahuanca,PARTIDO POLITICO NACIONAL PERU LIBRE,6
110123,Junín,Huancayo,Pilcomayo,CORAZON PATRIOTA,447
110123,Junín,Huancayo,Pilcomayo,JUNIN SOSTENIBLE CON SU GENTE,914
110123,Junín,Huancayo,Pilcomayo,MOVIMIENTO REGIONAL SIERRA Y SELVA CONTIGO JUNIN,2498
110123,Junín,Huancayo,Pilcomayo,JUNIN RENACE,2168
110123,Junín,Huancayo,Pilcomayo,MOVIMIENTO REGIONAL BLOQUE POPULAR JUNIN,484
110123,Junín,Huancayo,Pilcomayo,CAMINEMOS JUNTOS POR JUNIN,2142
110123,Junín,Huancayo,Pilcomayo,JUNTOS POR EL PERU,1276
110123,Junín,Huancayo,Pilcomayo,ALIANZA PARA EL PROGRESO,508
110123,Junín,Huancayo,Pilcomayo,PARTIDO POLITICO NACIONAL PERU LIBRE,178
110124,Junín,Huancayo,Pucará,CORAZON PATRIOTA,192
110124,Junín,Huancayo,Pucará,MOVIMIENTO REGIONAL SIERRA Y SELVA CONTIGO JUNIN,1504
110124,Junín,Huancayo,Pucará,JUNIN RENACE,1086
110124,Junín,Huancayo,Pucará,PARTIDO FRENTE DE LA ESPERANZA 2021,249
110125,Junín,Huancayo,Quichuay,MOVIMIENTO REGIONAL SIERRA Y SELVA CONTIGO JUNIN,231
110125,Junín,Huancayo,Quichuay,JUNIN RENACE,166
110125,Junín,Huancayo,Quichuay,CAMINEMOS JUNTOS POR JUNIN,131
110125,Junín,Huancayo,Quichuay,RENOVACION POPULAR,115
110125,Junín,Huancayo,Quichuay,PARTIDO POLITICO NACIONAL PERU LIBRE,352
110126,Junín,Huancayo,Quilcas,MOVIMIENTO REGIONAL SIERRA Y SELVA CONTIGO JUNIN,684
110126,Junín,Huancayo,Quilcas,JUNIN RENACE,208
110126,Junín,Huancayo,Quilcas,MOVIMIENTO REGIONAL BLOQUE POPULAR JUNIN,504
110126,Junín,Huancayo,Quilcas,CAMINEMOS JUNTOS POR JUNIN,741
110126,Junín,Huancayo,Quilcas,ALIANZA PARA EL PROGRESO,150
110126,Junín,Huancayo,Quilcas,PARTIDO POLITICO NACIONAL PERU LIBRE,209
110126,Junín,Huancayo,Quilcas,PARTIDO DEMOCRATICO SOMOS PERU,55
110127,Junín,Huancayo,San Agustín,JUNIN SOSTENIBLE CON SU GENTE,849
110127,Junín,Huancayo,San Agustín,MOVIMIENTO REGIONAL SIERRA Y SELVA CONTIGO JUNIN,2146
110127,Junín,Huancayo,San Agustín,CAMINEMOS JUNTOS POR JUNIN,1338
110127,Junín,Huancayo,San Agustín,RENOVACION POPULAR,1514
110127,Junín,Huancayo,San Agustín,ALIANZA PARA EL PROGRESO,1673
110128,Junín,Huancayo,San Jerónimo de Tunán,JUNIN SOSTENIBLE CON SU GENTE,822
110128,Junín,Huancayo,San Jerónimo de Tunán,MOVIMIENTO REGIONAL SIERRA Y SELVA CONTIGO JUNIN,2324
110128,Junín,Huancayo,San Jerónimo de Tunán,JUNIN RENACE,720
110128,Junín,Huancayo,San Jerónimo de Tunán,CAMINEMOS JUNTOS POR JUNIN,707
110128,Junín,Huancayo,San Jerónimo de Tunán,JUNTOS POR EL PERU,334
110128,Junín,Huancayo,San Jerónimo de Tunán,ACCION POPULAR,388
110128,Junín,Huancayo,San Jerónimo de Tunán,ALIANZA PARA EL PROGRESO,1269
110128,Junín,Huancayo,San Jerónimo de Tunán,PARTIDO POLITICO NACIONAL PERU LIBRE,93
110131,Junín,Huancayo,Santo Domingo de Acobamba,JUNIN SOSTENIBLE CON SU GENTE,339
110131,Junín,Huancayo,Santo Domingo de Acobamba,MOVIMIENTO REGIONAL SIERRA Y SELVA CONTIGO JUNIN,116
110131,Junín,Huancayo,Santo Domingo de Acobamba,CAMINEMOS JUNTOS POR JUNIN,982
110131,Junín,Huancayo,Santo Domingo de Acobamba,ACCION POPULAR,861
110131,Junín,Huancayo,Santo Domingo de Acobamba,ALIANZA PARA EL PROGRESO,476
110131,Junín,Huancayo,Santo Domingo de Acobamba,PARTIDO POLITICO NACIONAL PERU LIBRE,156
110132,Junín,Huancayo,Saño,JUNIN SOSTENIBLE CON SU GENTE,214
110132,Junín,Huancayo,Saño,MOVIMIENTO REGIONAL SIERRA Y SELVA CONTIGO JUNIN,1028
110132,Junín,Huancayo,Saño,JUNIN RENACE,440
110132,Junín,Huancayo,Saño,MOVIMIENTO REGIONAL BLOQUE POPULAR JUNIN,110
110132,Junín,Huancayo,Saño,CAMINEMOS JUNTOS POR JUNIN,235
110132,Junín,Huancayo,Saño,PODEMOS PERU,96
110132,Junín,Huancayo,Saño,ALIANZA PARA EL PROGRESO,272
110132,Junín,Huancayo,Saño,PARTIDO POLITICO NACIONAL PERU LIBRE,632
110133,Junín,Huancayo,Sapallanga,CORAZON PATRIOTA,108
110133,Junín,Huancayo,Sapallanga,JUNIN SOSTENIBLE CON SU GENTE,125
110133,Junín,Huancayo,Sapallanga,MOVIMIENTO REGIONAL SIERRA Y SELVA CONTIGO JUNIN,3968
110133,Junín,Huancayo,Sapallanga,JUNIN RENACE,2815
110133,Junín,Huancayo,Sapallanga,CAMINEMOS JUNTOS POR JUNIN,811
110133,Junín,Huancayo,Sapallanga,PARTIDO FRENTE DE LA ESPERANZA 2021,300
110133,Junín,Huancayo,Sapallanga,ACCION POPULAR,1103
110133,Junín,Huancayo,Sapallanga,RENOVACION POPULAR,420
110133,Junín,Huancayo,Sapallanga,PARTIDO POLITICO NACIONAL PERU LIBRE,1037
110134,Junín,Huancayo,Sicaya,JUNIN SOSTENIBLE CON SU GENTE,648
110134,Junín,Huancayo,Sicaya,MOVIMIENTO REGIONAL SIERRA Y SELVA CONTIGO JUNIN,1646
110134,Junín,Huancayo,Sicaya,JUNIN RENACE,155
110134,Junín,Huancayo,Sicaya,CAMINEMOS JUNTOS POR JUNIN,1208
110134,Junín,Huancayo,Sicaya,JUNTOS POR EL PERU,136
110134,Junín,Huancayo,Sicaya,RENOVACION POPULAR,1358
110134,Junín,Huancayo,Sicaya,ALIANZA PARA EL PROGRESO,323
110134,Junín,Huancayo,Sicaya,PARTIDO POLITICO NACIONAL PERU LIBRE,23
110136,Junín,Huancayo,Viques,JUNIN SOSTENIBLE CON SU GENTE,205
110136,Junín,Huancayo,Viques,MOVIMIENTO REGIONAL SIERRA Y SELVA CONTIGO JUNIN,482
110136,Junín,Huancayo,Viques,JUNIN RENACE,242
110136,Junín,Huancayo,Viques,CAMINEMOS JUNTOS POR JUNIN,366
110202,Junín,Concepción,Aco,CORAZON PATRIOTA,273
110202,Junín,Concepción,Aco,JUNIN SOSTENIBLE CON SU GENTE,49
110202,Junín,Concepción,Aco,MOVIMIENTO REGIONAL SIERRA Y SELVA CONTIGO JUNIN,342
110202,Junín,Concepción,Aco,JUNIN RENACE,40
110202,Junín,Concepción,Aco,CAMINEMOS JUNTOS POR JUNIN,85
110202,Junín,Concepción,Aco,PODEMOS PERU,36
110202,Junín,Concepción,Aco,PARTIDO POLITICO NACIONAL PERU LIBRE,147
110203,Junín,Concepción,Andamarca,CORAZON PATRIOTA,31
110203,Junín,Concepción,Andamarca,JUNIN SOSTENIBLE CON SU GENTE,535
110203,Junín,Concepción,Andamarca,MOVIMIENTO REGIONAL SIERRA Y SELVA CONTIGO JUNIN,108
110203,Junín,Concepción,Andamarca,MOVIMIENTO REGIONAL BLOQUE POPULAR JUNIN,74
110203,Junín,Concepción,Andamarca,CAMINEMOS JUNTOS POR JUNIN,370
110203,Junín,Concepción,Andamarca,ALIANZA PARA EL PROGRESO,432
110203,Junín,Concepción,Andamarca,PARTIDO POLITICO NACIONAL PERU LIBRE,710
110204,Junín,Concepción,Comas,JUNIN SOSTENIBLE CON SU GENTE,188
110204,Junín,Concepción,Comas,MOVIMIENTO REGIONAL SIERRA Y SELVA CONTIGO JUNIN,597
110204,Junín,Concepción,Comas,JUNIN RENACE,267
110204,Junín,Concepción,Comas,MOVIMIENTO REGIONAL BLOQUE POPULAR JUNIN,799
110204,Junín,Concepción,Comas,CAMINEMOS JUNTOS POR JUNIN,877
110204,Junín,Concepción,Comas,PODEMOS PERU,274
110204,Junín,Concepción,Comas,ALIANZA PARA EL PROGRESO,390
110205,Junín,Concepción,Cochas,JUNIN SOSTENIBLE CON SU GENTE,267
110205,Junín,Concepción,Cochas,MOVIMIENTO REGIONAL SIERRA Y SELVA CONTIGO JUNIN,274
110205,Junín,Concepción,Cochas,JUNIN RENACE,24
110205,Junín,Concepción,Cochas,ALIANZA PARA EL PROGRESO,294
110206,Junín,Concepción,Chambara,CORAZON PATRIOTA,11
110206,Junín,Concepción,Chambara,JUNIN SOSTENIBLE CON SU GENTE,279
110206,Junín,Concepción,Chambara,MOVIMIENTO REGIONAL SIERRA Y SELVA CONTIGO JUNIN,456
110206,Junín,Concepción,Chambara,JUNIN RENACE,77
110206,Junín,Concepción,Chambara,MOVIMIENTO REGIONAL BLOQUE POPULAR JUNIN,437
110206,Junín,Concepción,Chambara,CAMINEMOS JUNTOS POR JUNIN,573
110207,Junín,Concepción,Heroínas Toledo,JUNIN SOSTENIBLE CON SU GENTE,95
110207,Junín,Concepción,Heroínas Toledo,MOVIMIENTO REGIONAL SIERRA Y SELVA CONTIGO JUNIN,279
110207,Junín,Concepción,Heroínas Toledo,JUNIN RENACE,244
110207,Junín,Concepción,Heroínas Toledo,CAMINEMOS JUNTOS POR JUNIN,142
110208,Junín,Concepción,Manzanares,JUNIN SOSTENIBLE CON SU GENTE,137
110208,Junín,Concepción,Manzanares,MOVIMIENTO REGIONAL SIERRA Y SELVA CONTIGO JUNIN,259
110208,Junín,Concepción,Manzanares,JUNIN RENACE,42
110208,Junín,Concepción,Manzanares,CAMINEMOS JUNTOS POR JUNIN,389
110208,Junín,Concepción,Manzanares,PARTIDO POLITICO NACIONAL PERU LIBRE,193
110209,Junín,Concepción,Mariscal Castilla,CORAZON PATRIOTA,146
110209,Junín,Concepción,Mariscal Castilla,JUNIN SOSTENIBLE CON SU GENTE,332
110209,Junín,Concepción,Mariscal Castilla,MOVIMIENTO REGIONAL SIERRA Y SELVA CONTIGO JUNIN,206
110209,Junín,Concepción,Mariscal Castilla,MOVIMIENTO REGIONAL BLOQUE POPULAR JUNIN,70
110209,Junín,Concepción,Mariscal Castilla,PODEMOS PERU,59
110209,Junín,Concepción,Mariscal Castilla,PARTIDO POLITICO NACIONAL PERU LIBRE,332
110210,Junín,Concepción,Matahuasi,JUNIN SOSTENIBLE CON SU GENTE,970
110210,Junín,Concepción,Matahuasi,MOVIMIENTO REGIONAL SIERRA Y SELVA CONTIGO JUNIN,1108
110210,Junín,Concepción,Matahuasi,JUNIN RENACE,521
110210,Junín,Concepción,Matahuasi,CAMINEMOS JUNTOS POR JUNIN,237
110211,Junín,Concepción,Mito,JUNIN SOSTENIBLE CON SU GENTE,64
110211,Junín,Concepción,Mito,MOVIMIENTO REGIONAL SIERRA Y SELVA CONTIGO JUNIN,184
110211,Junín,Concepción,Mito,JUNIN RENACE,313
110211,Junín,Concepción,Mito,MOVIMIENTO REGIONAL BLOQUE POPULAR JUNIN,220
110212,Junín,Concepción,Nueve de Julio,JUNIN SOSTENIBLE CON SU GENTE,181
110212,Junín,Concepción,Nueve de Julio,MOVIMIENTO REGIONAL SIERRA Y SELVA CONTIGO JUNIN,250
110212,Junín,Concepción,Nueve de Julio,JUNIN RENACE,170
110212,Junín,Concepción,Nueve de Julio,ALIANZA PARA EL PROGRESO,437
110213,Junín,Concepción,Orcotuna,CORAZON PATRIOTA,783
110213,Junín,Concepción,Orcotuna,JUNIN SOSTENIBLE CON SU GENTE,69
110213,Junín,Concepción,Orcotuna,MOVIMIENTO REGIONAL SIERRA Y SELVA CONTIGO JUNIN,717
110213,Junín,Concepción,Orcotuna,JUNIN RENACE,319
110213,Junín,Concepción,Orcotuna,MOVIMIENTO REGIONAL BLOQUE POPULAR JUNIN,638
110214,Junín,Concepción,Santa Rosa de Ocopa,JUNIN SOSTENIBLE CON SU GENTE,171
110214,Junín,Concepción,Santa Rosa de Ocopa,MOVIMIENTO REGIONAL SIERRA Y SELVA CONTIGO JUNIN,505
110214,Junín,Concepción,Santa Rosa de Ocopa,JUNIN RENACE,307
110214,Junín,Concepción,Santa Rosa de Ocopa,CAMINEMOS JUNTOS POR JUNIN,186
110215,Junín,Concepción,San José de Quero,CORAZON PATRIOTA,267
110215,Junín,Concepción,San José de Quero,JUNIN SOSTENIBLE CON SU GENTE,350
110215,Junín,Concepción,San José de Quero,MOVIMIENTO REGIONAL SIERRA Y SELVA CONTIGO JUNIN,533
110215,Junín,Concepción,San José de Quero,MOVIMIENTO REGIONAL BLOQUE POPULAR JUNIN,95
110215,Junín,Concepción,San José de Quero,CAMINEMOS JUNTOS POR JUNIN,1240
110215,Junín,Concepción,San José de Quero,ALIANZA PARA EL PROGRESO,177
110302,Junín,Jauja,Acolla,MOVIMIENTO REGIONAL SIERRA Y SELVA CONTIGO JUNIN,897
110302,Junín,Jauja,Acolla,JUNIN RENACE,407
110302,Junín,Jauja,Acolla,MOVIMIENTO REGIONAL BLOQUE POPULAR JUNIN,95
110302,Junín,Jauja,Acolla,CAMINEMOS JUNTOS POR JUNIN,198
110302,Junín,Jauja,Acolla,PODEMOS PERU,352
110302,Junín,Jauja,Acolla,ALIANZA PARA EL PROGRESO,153
110302,Junín,Jauja,Acolla,AVANZA PAIS - PARTIDO DE INTEGRACION SOCIAL,620
110302,Junín,Jauja,Acolla,PARTIDO MORADO,623
110303,Junín,Jauja,Apata,JUNIN SOSTENIBLE CON SU GENTE,876
110303,Junín,Jauja,Apata,JUNIN RENACE,1232
110303,Junín,Jauja,Apata,CAMINEMOS JUNTOS POR JUNIN,61
110303,Junín,Jauja,Apata,PODEMOS PERU,371
110304,Junín,Jauja,Ataura,JUNIN SOSTENIBLE CON SU GENTE,135
110304,Junín,Jauja,Ataura,MOVIMIENTO REGIONAL SIERRA Y SELVA CONTIGO JUNIN,119
110304,Junín,Jauja,Ataura,MOVIMIENTO REGIONAL BLOQUE POPULAR JUNIN,30
110304,Junín,Jauja,Ataura,CAMINEMOS JUNTOS POR JUNIN,32
110304,Junín,Jauja,Ataura,PODEMOS PERU,187
110304,Junín,Jauja,Ataura,ALIANZA PARA EL PROGRESO,355
110304,Junín,Jauja,Ataura,AVANZA PAIS - PARTIDO DE INTEGRACION SOCIAL,7
110305,Junín,Jauja,Canchayllo,JUNIN SOSTENIBLE CON SU GENTE,184
110305,Junín,Jauja,Canchayllo,MOVIMIENTO REGIONAL SIERRA Y SELVA CONTIGO JUNIN,112
110305,Junín,Jauja,Canchayllo,JUNIN RENACE,453
110305,Junín,Jauja,Canchayllo,CAMINEMOS JUNTOS POR JUNIN,128
110305,Junín,Jauja,Canchayllo,AVANZA PAIS - PARTIDO DE INTEGRACION SOCIAL,37
110306,Junín,Jauja,El Mantaro,JUNIN RENACE,680
110306,Junín,Jauja,El Mantaro,CAMINEMOS JUNTOS POR JUNIN,257
110306,Junín,Jauja,El Mantaro,RENOVACION POPULAR,149
110306,Junín,Jauja,El Mantaro,ALIANZA PARA EL PROGRESO,310
110307,Junín,Jauja,Huamalí,JUNIN SOSTENIBLE CON SU GENTE,349
110307,Junín,Jauja,Huamalí,MOVIMIENTO REGIONAL SIERRA Y SELVA CONTIGO JUNIN,377
110307,Junín,Jauja,Huamalí,JUNIN RENACE,207
110307,Junín,Jauja,Huamalí,CAMINEMOS JUNTOS POR JUNIN,47
110307,Junín,Jauja,Huamalí,ALIANZA PARA EL PROGRESO,59
110307,Junín,Jauja,Huamalí,PARTIDO MORADO,60
110308,Junín,Jauja,Huaripampa,JUNIN SOSTENIBLE CON SU GENTE,82
110308,Junín,Jauja,Huaripampa,MOVIMIENTO REGIONAL SIERRA Y SELVA CONTIGO JUNIN,136
110308,Junín,Jauja,Huaripampa,JUNIN RENACE,75
110308,Junín,Jauja,Huaripampa,CAMINEMOS JUNTOS POR JUNIN,69
110308,Junín,Jauja,Huaripampa,PODEMOS PERU,126
110308,Junín,Jauja,Huaripampa,ALIANZA PARA EL PROGRESO,134
110309,Junín,Jauja,Huertas,JUNIN SOSTENIBLE CON SU GENTE,271
110309,Junín,Jauja,Huertas,JUNIN RENACE,418
110309,Junín,Jauja,Huertas,MOVIMIENTO REGIONAL BLOQUE POPULAR JUNIN,33
110309,Junín,Jauja,Huertas,CAMINEMOS JUNTOS POR JUNIN,52
110309,Junín,Jauja,Huertas,PODEMOS PERU,84
110309,Junín,Jauja,Huertas,ALIANZA PARA EL PROGRESO,401
110309,Junín,Jauja,Huertas,AVANZA PAIS - PARTIDO DE INTEGRACION SOCIAL,55
110310,Junín,Jauja,Janjaillo,JUNIN SOSTENIBLE CON SU GENTE,142
110310,Junín,Jauja,Janjaillo,JUNIN RENACE,128
110310,Junín,Jauja,Janjaillo,CAMINEMOS JUNTOS POR JUNIN,111
110311,Junín,Jauja,Julcán,MOVIMIENTO REGIONAL SIERRA Y SELVA CONTIGO JUNIN,298
110311,Junín,Jauja,Julcán,JUNIN RENACE,192
110311,Junín,Jauja,Julcán,ALIANZA PARA EL PROGRESO,177
110312,Junín,Jauja,Leonor Ordóñez,JUNIN SOSTENIBLE CON SU GENTE,316
110312,Junín,Jauja,Leonor Ordóñez,JUNIN RENACE,246
110312,Junín,Jauja,Leonor Ordóñez,CAMINEMOS JUNTOS POR JUNIN,261
110312,Junín,Jauja,Leonor Ordóñez,ALIANZA PARA EL PROGRESO,88
110313,Junín,Jauja,Llocllapampa,MOVIMIENTO REGIONAL SIERRA Y SELVA CONTIGO JUNIN,111
110313,Junín,Jauja,Llocllapampa,JUNIN RENACE,40
110313,Junín,Jauja,Llocllapampa,ALIANZA PARA EL PROGRESO,213
110313,Junín,Jauja,Llocllapampa,AVANZA PAIS - PARTIDO DE INTEGRACION SOCIAL,456
110314,Junín,Jauja,Marco,JUNIN SOSTENIBLE CON SU GENTE,136
110314,Junín,Jauja,Marco,MOVIMIENTO REGIONAL SIERRA Y SELVA CONTIGO JUNIN,31
110314,Junín,Jauja,Marco,JUNIN RENACE,166
110314,Junín,Jauja,Marco,CAMINEMOS JUNTOS POR JUNIN,36
110314,Junín,Jauja,Marco,JUNTOS POR EL PERU,218
110314,Junín,Jauja,Marco,PODEMOS PERU,128
110314,Junín,Jauja,Marco,ALIANZA PARA EL PROGRESO,204
110315,Junín,Jauja,Masma,JUNIN SOSTENIBLE CON SU GENTE,304
110315,Junín,Jauja,Masma,MOVIMIENTO REGIONAL SIERRA Y SELVA CONTIGO JUNIN,298
110315,Junín,Jauja,Masma,JUNIN RENACE,333
110315,Junín,Jauja,Masma,CAMINEMOS JUNTOS POR JUNIN,126
110316,Junín,Jauja,Molinos,JUNIN SOSTENIBLE CON SU GENTE,354
110316,Junín,Jauja,Molinos,MOVIMIENTO REGIONAL SIERRA Y SELVA CONTIGO JUNIN,97
110316,Junín,Jauja,Molinos,JUNIN RENACE,379
110316,Junín,Jauja,Molinos,CAMINEMOS JUNTOS POR JUNIN,207
110316,Junín,Jauja,Molinos,PODEMOS PERU,51
110317,Junín,Jauja,Monobamba,JUNIN RENACE,366
110317,Junín,Jauja,Monobamba,CAMINEMOS JUNTOS POR JUNIN,46
110317,Junín,Jauja,Monobamba,ALIANZA PARA EL PROGRESO,540
110318,Junín,Jauja,Muqui,JUNIN SOSTENIBLE CON SU GENTE,88
110318,Junín,Jauja,Muqui,MOVIMIENTO REGIONAL SIERRA Y SELVA CONTIGO JUNIN,114
110318,Junín,Jauja,Muqui,JUNIN RENACE,252
110318,Junín,Jauja,Muqui,CAMINEMOS JUNTOS POR JUNIN,141
110319,Junín,Jauja,Muquiyauyo,JUNIN SOSTENIBLE CON SU GENTE,185
110319,Junín,Jauja,Muquiyauyo,MOVIMIENTO REGIONAL SIERRA Y SELVA CONTIGO JUNIN,234
110319,Junín,Jauja,Muquiyauyo,JUNIN RENACE,465
110319,Junín,Jauja,Muquiyauyo,CAMINEMOS JUNTOS POR JUNIN,262
110319,Junín,Jauja,Muquiyauyo,ALIANZA PARA EL PROGRESO,111
110320,Junín,Jauja,Paca,JUNIN SOSTENIBLE CON SU GENTE,126
110320,Junín,Jauja,Paca,MOVIMIENTO REGIONAL SIERRA Y SELVA CONTIGO JUNIN,186
110320,Junín,Jauja,Paca,JUNIN RENACE,107
110320,Junín,Jauja,Paca,CAMINEMOS JUNTOS POR JUNIN,74
110320,Junín,Jauja,Paca,RENOVACION POPULAR,26
110320,Junín,Jauja,Paca,ALIANZA PARA EL PROGRESO,65
110320,Junín,Jauja,Paca,AVANZA PAIS - PARTIDO DE INTEGRACION SOCIAL,37
110321,Junín,Jauja,Paccha,JUNIN SOSTENIBLE CON SU GENTE,314
110321,Junín,Jauja,Paccha,JUNIN RENACE,318
110321,Junín,Jauja,Paccha,CAMINEMOS JUNTOS POR JUNIN,127
110321,Junín,Jauja,Paccha,PODEMOS PERU,6
110321,Junín,Jauja,Paccha,AVANZA PAIS - PARTIDO DE INTEGRACION SOCIAL,321
110321,Junín,Jauja,Paccha,PARTIDO MORADO,17
110322,Junín,Jauja,Pancán,JUNIN SOSTENIBLE CON SU GENTE,240
110322,Junín,Jauja,Pancán,MOVIMIENTO REGIONAL SIERRA Y SELVA CONTIGO JUNIN,230
110322,Junín,Jauja,Pancán,JUNIN RENACE,66
110322,Junín,Jauja,Pancán,CAMINEMOS JUNTOS POR JUNIN,293
110322,Junín,Jauja,Pancán,PODEMOS PERU,41
110322,Junín,Jauja,Pancán,ALIANZA PARA EL PROGRESO,110
110322,Junín,Jauja,Pancán,AVANZA PAIS - PARTIDO DE INTEGRACION SOCIAL,33
110323,Junín,Jauja,Parco,JUNIN SOSTENIBLE CON SU GENTE,155
110323,Junín,Jauja,Parco,JUNIN RENACE,221
110323,Junín,Jauja,Parco,CAMINEMOS JUNTOS POR JUNIN,110
110323,Junín,Jauja,Parco,PODEMOS PERU,48
110323,Junín,Jauja,Parco,AVANZA PAIS - PARTIDO DE INTEGRACION SOCIAL,275
110324,Junín,Jauja,Pomacancha,JUNIN SOSTENIBLE CON SU GENTE,154
110324,Junín,Jauja,Pomacancha,MOVIMIENTO REGIONAL SIERRA Y SELVA CONTIGO JUNIN,62
110324,Junín,Jauja,Pomacancha,JUNIN RENACE,253
110324,Junín,Jauja,Pomacancha,CAMINEMOS JUNTOS POR JUNIN,123
110324,Junín,Jauja,Pomacancha,JUNTOS POR EL PERU,40
110324,Junín,Jauja,Pomacancha,PODEMOS PERU,74
110324,Junín,Jauja,Pomacancha,ALIANZA PARA EL PROGRESO,92
110324,Junín,Jauja,Pomacancha,AVANZA PAIS - PARTIDO DE INTEGRACION SOCIAL,49
110325,Junín,Jauja,Ricrán,MOVIMIENTO REGIONAL SIERRA Y SELVA CONTIGO JUNIN,252
110325,Junín,Jauja,Ricrán,JUNIN RENACE,184
110325,Junín,Jauja,Ricrán,CAMINEMOS JUNTOS POR JUNIN,124
110325,Junín,Jauja,Ricrán,ALIANZA PARA EL PROGRESO,163
110326,Junín,Jauja,San Lorenzo,MOVIMIENTO REGIONAL SIERRA Y SELVA CONTIGO JUNIN,716
110326,Junín,Jauja,San Lorenzo,JUNIN RENACE,430
110326,Junín,Jauja,San Lorenzo,ALIANZA PARA EL PROGRESO,231
110327,Junín,Jauja,San Pedro de Chunán,JUNIN SOSTENIBLE CON SU GENTE,113
110327,Junín,Jauja,San Pedro de Chunán,MOVIMIENTO REGIONAL SIERRA Y SELVA CONTIGO JUNIN,91
110327,Junín,Jauja,San Pedro de Chunán,JUNIN RENACE,140
110327,Junín,Jauja,San Pedro de Chunán,ALIANZA PARA EL PROGRESO,99
110328,Junín,Jauja,Sincos,JUNIN SOSTENIBLE CON SU GENTE,810
110328,Junín,Jauja,Sincos,MOVIMIENTO REGIONAL SIERRA Y SELVA CONTIGO JUNIN,196
110328,Junín,Jauja,Sincos,JUNIN RENACE,590
110328,Junín,Jauja,Sincos,CAMINEMOS JUNTOS POR JUNIN,148
110328,Junín,Jauja,Sincos,ALIANZA PARA EL PROGRESO,124
110328,Junín,Jauja,Sincos,AVANZA PAIS - PARTIDO DE INTEGRACION SOCIAL,62
110329,Junín,Jauja,Tunan Marca,JUNIN RENACE,102
110329,Junín,Jauja,Tunan Marca,CAMINEMOS JUNTOS POR JUNIN,245
110329,Junín,Jauja,Tunan Marca,PODEMOS PERU,42
110329,Junín,Jauja,Tunan Marca,ALIANZA PARA EL PROGRESO,214
110330,Junín,Jauja,Yauli,JUNIN SOSTENIBLE CON SU GENTE,267
110330,Junín,Jauja,Yauli,MOVIMIENTO REGIONAL SIERRA Y SELVA CONTIGO JUNIN,39
110330,Junín,Jauja,Yauli,JUNIN RENACE,242
110330,Junín,Jauja,Yauli,RENOVACION POPULAR,74
110330,Junín,Jauja,Yauli,AVANZA PAIS - PARTIDO DE INTEGRACION SOCIAL,150
110331,Junín,Jauja,Curicaca,JUNIN SOSTENIBLE CON SU GENTE,109
110331,Junín,Jauja,Curicaca,MOVIMIENTO REGIONAL SIERRA Y SELVA CONTIGO JUNIN,18
110331,Junín,Jauja,Curicaca,JUNIN RENACE,165
110331,Junín,Jauja,Curicaca,CAMINEMOS JUNTOS POR JUNIN,183
110331,Junín,Jauja,Curicaca,PODEMOS PERU,54
110331,Junín,Jauja,Curicaca,ALIANZA PARA EL PROGRESO,249
110332,Junín,Jauja,Masma Chicche,MOVIMIENTO REGIONAL SIERRA Y SELVA CONTIGO JUNIN,13
110332,Junín,Jauja,Masma Chicche,JUNIN RENACE,218
110332,Junín,Jauja,Masma Chicche,CAMINEMOS JUNTOS POR JUNIN,252
110332,Junín,Jauja,Masma Chicche,ALIANZA PARA EL PROGRESO,31
110333,Junín,Jauja,Sausa,JUNIN SOSTENIBLE CON SU GENTE,556
110333,Junín,Jauja,Sausa,JUNIN RENACE,305
110333,Junín,Jauja,Sausa,RENOVACION POPULAR,164
110333,Junín,Jauja,Sausa,ALIANZA PARA EL PROGRESO,382
110334,Junín,Jauja,Yauyos,JUNIN SOSTENIBLE CON SU GENTE,584
110334,Junín,Jauja,Yauyos,MOVIMIENTO REGIONAL SIERRA Y SELVA CONTIGO JUNIN,297
110334,Junín,Jauja,Yauyos,JUNIN RENACE,255
110334,Junín,Jauja,Yauyos,MOVIMIENTO REGIONAL BLOQUE POPULAR JUNIN,463
110334,Junín,Jauja,Yauyos,CAMINEMOS JUNTOS POR JUNIN,529
110334,Junín,Jauja,Yauyos,PODEMOS PERU,311
110334,Junín,Jauja,Yauyos,RENOVACION POPULAR,1048
110334,Junín,Jauja,Yauyos,ALIANZA PARA EL PROGRESO,783
110334,Junín,Jauja,Yauyos,AVANZA PAIS - PARTIDO DE INTEGRACION SOCIAL,195
110402,Junín,Junín,Carhuamayo,MOVIMIENTO REGIONAL SIERRA Y SELVA CONTIGO JUNIN,638
110402,Junín,Junín,Carhuamayo,JUNIN RENACE,749
110402,Junín,Junín,Carhuamayo,CAMINEMOS JUNTOS POR JUNIN,1102
110403,Junín,Junín,Ondores,JUNIN SOSTENIBLE CON SU GENTE,381
110403,Junín,Junín,Ondores,MOVIMIENTO REGIONAL SIERRA Y SELVA CONTIGO JUNIN,142
110403,Junín,Junín,Ondores,CAMINEMOS JUNTOS POR JUNIN,336
110404,Junín,Junín,Ulcumayo,MOVIMIENTO REGIONAL SIERRA Y SELVA CONTIGO JUNIN,1084
110404,Junín,Junín,Ulcumayo,CAMINEMOS JUNTOS POR JUNIN,1112
110404,Junín,Junín,Ulcumayo,PARTIDO POLITICO NACIONAL PERU LIBRE,31
110502,Junín,Tarma,Acobamba,CORAZON PATRIOTA,145
110502,Junín,Tarma,Acobamba,MOVIMIENTO REGIONAL SIERRA Y SELVA CONTIGO JUNIN,1619
110502,Junín,Tarma,Acobamba,JUNIN RENACE,183
110502,Junín,Tarma,Acobamba,MOVIMIENTO REGIONAL BLOQUE POPULAR JUNIN,77
110502,Junín,Tarma,Acobamba,CAMINEMOS JUNTOS POR JUNIN,2782
110502,Junín,Tarma,Acobamba,PARTIDO DEMOCRATICO SOMOS PERU,210
110503,Junín,Tarma,Huaricolca,JUNIN SOSTENIBLE CON SU GENTE,43
110503,Junín,Tarma,Huaricolca,MOVIMIENTO REGIONAL SIERRA Y SELVA CONTIGO JUNIN,407
110503,Junín,Tarma,Huaricolca,JUNIN RENACE,170
110503,Junín,Tarma,Huaricolca,CAMINEMOS JUNTOS POR JUNIN,459
110503,Junín,Tarma,Huaricolca,RENOVACION POPULAR,71
110503,Junín,Tarma,Huaricolca,ALIANZA PARA EL PROGRESO,42
110503,Junín,Tarma,Huaricolca,PARTIDO POLITICO NACIONAL PERU LIBRE,10
110503,Junín,Tarma,Huaricolca,PARTIDO DEMOCRATICO SOMOS PERU,101
110504,Junín,Tarma,Huasahuasi,CORAZON PATRIOTA,50
110504,Junín,Tarma,Huasahuasi,MOVIMIENTO REGIONAL SIERRA Y SELVA CONTIGO JUNIN,1213
110504,Junín,Tarma,Huasahuasi,JUNIN RENACE,455
110504,Junín,Tarma,Huasahuasi,MOVIMIENTO REGIONAL BLOQUE POPULAR JUNIN,459
110504,Junín,Tarma,Huasahuasi,CAMINEMOS JUNTOS POR JUNIN,421
110504,Junín,Tarma,Huasahuasi,PARTIDO POLITICO NACIONAL PERU LIBRE,1314
110504,Junín,Tarma,Huasahuasi,PARTIDO DEMOCRATICO SOMOS PERU,1144
110505,Junín,Tarma,La Unión,JUNIN SOSTENIBLE CON SU GENTE,134
110505,Junín,Tarma,La Unión,MOVIMIENTO REGIONAL SIERRA Y SELVA CONTIGO JUNIN,243
110505,Junín,Tarma,La Unión,JUNIN RENACE,528
110505,Junín,Tarma,La Unión,CAMINEMOS JUNTOS POR JUNIN,502
110505,Junín,Tarma,La Unión,RENOVACION POPULAR,52
110505,Junín,Tarma,La Unión,PARTIDO DEMOCRATICO SOMOS PERU,354
110506,Junín,Tarma,Palca,CORAZON PATRIOTA,235
110506,Junín,Tarma,Palca,MOVIMIENTO REGIONAL SIERRA Y SELVA CONTIGO JUNIN,381
110506,Junín,Tarma,Palca,JUNIN RENACE,1198
110506,Junín,Tarma,Palca,MOVIMIENTO REGIONAL BLOQUE POPULAR JUNIN,354
110506,Junín,Tarma,Palca,CAMINEMOS JUNTOS POR JUNIN,913
110506,Junín,Tarma,Palca,PARTIDO POLITICO NACIONAL PERU LIBRE,72
110506,Junín,Tarma,Palca,PARTIDO DEMOCRATICO SOMOS PERU,103
110507,Junín,Tarma,Palcamayo,MOVIMIENTO REGIONAL SIERRA Y SELVA CONTIGO JUNIN,827
110507,Junín,Tarma,Palcamayo,JUNIN RENACE,668
110507,Junín,Tarma,Palcamayo,CAMINEMOS JUNTOS POR JUNIN,642
110507,Junín,Tarma,Palcamayo,RENOVACION POPULAR,26
110507,Junín,Tarma,Palcamayo,PARTIDO DEMOCRATICO SOMOS PERU,32
110508,Junín,Tarma,San Pedro de Cajas,JUNIN SOSTENIBLE CON SU GENTE,520
110508,Junín,Tarma,San Pedro de Cajas,MOVIMIENTO REGIONAL SIERRA Y SELVA CONTIGO JUNIN,579
110508,Junín,Tarma,San Pedro de Cajas,JUNIN RENACE,81
110508,Junín,Tarma,San Pedro de Cajas,MOVIMIENTO REGIONAL BLOQUE POPULAR JUNIN,57
110508,Junín,Tarma,San Pedro de Cajas,CAMINEMOS JUNTOS POR JUNIN,472
110508,Junín,Tarma,San Pedro de Cajas,PARTIDO DEMOCRATICO SOMOS PERU,122
110509,Junín,Tarma,Tapo,MOVIMIENTO REGIONAL SIERRA Y SELVA CONTIGO JUNIN,399
110509,Junín,Tarma,Tapo,JUNIN RENACE,660
110509,Junín,Tarma,Tapo,MOVIMIENTO REGIONAL BLOQUE POPULAR JUNIN,37
110509,Junín,Tarma,Tapo,CAMINEMOS JUNTOS POR JUNIN,528
110509,Junín,Tarma,Tapo,RENOVACION POPULAR,57
110509,Junín,Tarma,Tapo,ALIANZA PARA EL PROGRESO,83
110509,Junín,Tarma,Tapo,PARTIDO POLITICO NACIONAL PERU LIBRE,204
110509,Junín,Tarma,Tapo,PARTIDO DEMOCRATICO SOMOS PERU,255
110602,Junín,Yauli,Chacapalpa,MOVIMIENTO REGIONAL SIERRA Y SELVA CONTIGO JUNIN,209
110602,Junín,Yauli,Chacapalpa,CAMINEMOS JUNTOS POR JUNIN,160
110602,Junín,Yauli,Chacapalpa,ALIANZA PARA EL PROGRESO,173
110603,Junín,Yauli,Huay-Huay,MOVIMIENTO REGIONAL SIERRA Y SELVA CONTIGO JUNIN,122
110603,Junín,Yauli,Huay-Huay,CAMINEMOS JUNTOS POR JUNIN,157
110603,Junín,Yauli,Huay-Huay,ALIANZA PARA EL PROGRESO,495
110604,Junín,Yauli,Marcapomacocha,MOVIMIENTO REGIONAL SIERRA Y SELVA CONTIGO JUNIN,225
110604,Junín,Yauli,Marcapomacocha,JUNIN RENACE,2
110604,Junín,Yauli,Marcapomacocha,PODEMOS PERU,28
110604,Junín,Yauli,Marcapomacocha,ALIANZA PARA EL PROGRESO,377
110604,Junín,Yauli,Marcapomacocha,PARTIDO POLITICO NACIONAL PERU LIBRE,304
110605,Junín,Yauli,Morococha,MOVIMIENTO REGIONAL SIERRA Y SELVA CONTIGO JUNIN,644
110605,Junín,Yauli,Morococha,JUNIN RENACE,243
110605,Junín,Yauli,Morococha,MOVIMIENTO REGIONAL BLOQUE POPULAR JUNIN,453
110605,Junín,Yauli,Morococha,CAMINEMOS JUNTOS POR JUNIN,223
110605,Junín,Yauli,Morococha,PODEMOS PERU,93
110605,Junín,Yauli,Morococha,ALIANZA PARA EL PROGRESO,89
110605,Junín,Yauli,Morococha,PARTIDO POLITICO NACIONAL PERU LIBRE,291
110606,Junín,Yauli,Paccha,JUNIN SOSTENIBLE CON SU GENTE,255
110606,Junín,Yauli,Paccha,MOVIMIENTO REGIONAL SIERRA Y SELVA CONTIGO JUNIN,230
110606,Junín,Yauli,Paccha,JUNIN RENACE,161
110606,Junín,Yauli,Paccha,CAMINEMOS JUNTOS POR JUNIN,152
110606,Junín,Yauli,Paccha,ALIANZA PARA EL PROGRESO,202
110607,Junín,Yauli,Santa Bárbara de Carhuacayán,MOVIMIENTO REGIONAL SIERRA Y SELVA CONTIGO JUNIN,176
110607,Junín,Yauli,Santa Bárbara de Carhuacayán,ALIANZA PARA EL PROGRESO,222
110608,Junín,Yauli,Suitucancha,JUNIN RENACE,57
110608,Junín,Yauli,Suitucancha,CAMINEMOS JUNTOS POR JUNIN,175
110608,Junín,Yauli,Suitucancha,ALIANZA PARA EL PROGRESO,270
110608,Junín,Yauli,Suitucancha,PARTIDO POLITICO NACIONAL PERU LIBRE,46
110609,Junín,Yauli,Yauli,MOVIMIENTO REGIONAL SIERRA Y SELVA CONTIGO JUNIN,239
110609,Junín,Yauli,Yauli,JUNIN RENACE,205
110609,Junín,Yauli,Yauli,PODEMOS PERU,661
110609,Junín,Yauli,Yauli,ALIANZA PARA EL PROGRESO,428
110610,Junín,Yauli,Santa Rosa de Sacco,JUNIN SOSTENIBLE CON SU GENTE,334
110610,Junín,Yauli,Santa Rosa de Sacco,MOVIMIENTO REGIONAL SIERRA Y SELVA CONTIGO JUNIN,714
110610,Junín,Yauli,Santa Rosa de Sacco,JUNIN RENACE,934
110610,Junín,Yauli,Santa Rosa de Sacco,MOVIMIENTO REGIONAL BLOQUE POPULAR JUNIN,1135
110610,Junín,Yauli,Santa Rosa de Sacco,CAMINEMOS JUNTOS POR JUNIN,969
110702,Junín,Satipo,Coviriali,JUNIN SOSTENIBLE CON SU GENTE,93
110702,Junín,Satipo,Coviriali,MOVIMIENTO REGIONAL SIERRA Y SELVA CONTIGO JUNIN,383
110702,Junín,Satipo,Coviriali,JUNIN RENACE,123
110702,Junín,Satipo,Coviriali,CAMINEMOS JUNTOS POR JUNIN,784
110702,Junín,Satipo,Coviriali,JUNTOS POR EL PERU,219
110702,Junín,Satipo,Coviriali,ALIANZA PARA EL PROGRESO,338
110702,Junín,Satipo,Coviriali,PARTIDO POLITICO NACIONAL PERU LIBRE,579
110703,Junín,Satipo,Llaylla,JUNIN SOSTENIBLE CON SU GENTE,296
110703,Junín,Satipo,Llaylla,MOVIMIENTO REGIONAL SIERRA Y SELVA CONTIGO JUNIN,893
110703,Junín,Satipo,Llaylla,CAMINEMOS JUNTOS POR JUNIN,68
110703,Junín,Satipo,Llaylla,PODEMOS PERU,177
110703,Junín,Satipo,Llaylla,ALIANZA PARA EL PROGRESO,74
110703,Junín,Satipo,Llaylla,PARTIDO POLITICO NACIONAL PERU LIBRE,967
110704,Junín,Satipo,Mazamari,CORAZON PATRIOTA,555
110704,Junín,Satipo,Mazamari,JUNIN SOSTENIBLE CON SU GENTE,1702
110704,Junín,Satipo,Mazamari,MOVIMIENTO REGIONAL SIERRA Y SELVA CONTIGO JUNIN,4440
110704,Junín,Satipo,Mazamari,JUNIN RENACE,106
110704,Junín,Satipo,Mazamari,CAMINEMOS JUNTOS POR JUNIN,394
110704,Junín,Satipo,Mazamari,JUNTOS POR EL PERU,1956
110704,Junín,Satipo,Mazamari,FUERZA POPULAR,136
110704,Junín,Satipo,Mazamari,PODEMOS PERU,204
110704,Junín,Satipo,Mazamari,ALIANZA PARA EL PROGRESO,886
110704,Junín,Satipo,Mazamari,PARTIDO POLITICO NACIONAL PERU LIBRE,553
110704,Junín,Satipo,Mazamari,PARTIDO DEMOCRATICO SOMOS PERU,399
110705,Junín,Satipo,Pampa Hermosa,MOVIMIENTO REGIONAL SIERRA Y SELVA CONTIGO JUNIN,619
110705,Junín,Satipo,Pampa Hermosa,CAMINEMOS JUNTOS POR JUNIN,505
110705,Junín,Satipo,Pampa Hermosa,PODEMOS PERU,11
110705,Junín,Satipo,Pampa Hermosa,ALIANZA PARA EL PROGRESO,16
110705,Junín,Satipo,Pampa Hermosa,PARTIDO POLITICO NACIONAL PERU LIBRE,1189
110705,Junín,Satipo,Pampa Hermosa,PARTIDO DEMOCRATICO SOMOS PERU,24
110706,Junín,Satipo,Pangoa,CORAZON PATRIOTA,844
110706,Junín,Satipo,Pangoa,JUNIN SOSTENIBLE CON SU GENTE,1610
110706,Junín,Satipo,Pangoa,MOVIMIENTO REGIONAL SIERRA Y SELVA CONTIGO JUNIN,1784
110706,Junín,Satipo,Pangoa,JUNIN RENACE,269
110706,Junín,Satipo,Pangoa,CAMINEMOS JUNTOS POR JUNIN,7230
110706,Junín,Satipo,Pangoa,JUNTOS POR EL PERU,4697
110706,Junín,Satipo,Pangoa,FUERZA POPULAR,469
110706,Junín,Satipo,Pangoa,PODEMOS PERU,2011
110706,Junín,Satipo,Pangoa,RENOVACION POPULAR,48
110706,Junín,Satipo,Pangoa,ALIANZA PARA EL PROGRESO,1086
110706,Junín,Satipo,Pangoa,PARTIDO POLITICO NACIONAL PERU LIBRE,1169
110706,Junín,Satipo,Pangoa,PARTIDO DEMOCRATICO SOMOS PERU,1746
110707,Junín,Satipo,Río Negro,JUNIN SOSTENIBLE CON SU GENTE,1272
110707,Junín,Satipo,Río Negro,MOVIMIENTO REGIONAL SIERRA Y SELVA CONTIGO JUNIN,2380
110707,Junín,Satipo,Río Negro,JUNIN RENACE,404
110707,Junín,Satipo,Río Negro,CAMINEMOS JUNTOS POR JUNIN,1301
110707,Junín,Satipo,Río Negro,JUNTOS POR EL PERU,56
110707,Junín,Satipo,Río Negro,PODEMOS PERU,58
110707,Junín,Satipo,Río Negro,ALIANZA PARA EL PROGRESO,1834
110707,Junín,Satipo,Río Negro,PARTIDO POLITICO NACIONAL PERU LIBRE,2084
110707,Junín,Satipo,Río Negro,PARTIDO DEMOCRATICO SOMOS PERU,576
110708,Junín,Satipo,Río Tambo,CORAZON PATRIOTA,1202
110708,Junín,Satipo,Río Tambo,JUNIN SOSTENIBLE CON SU GENTE,349
110708,Junín,Satipo,Río Tambo,MOVIMIENTO REGIONAL SIERRA Y SELVA CONTIGO JUNIN,858
110708,Junín,Satipo,Río Tambo,JUNIN RENACE,270
110708,Junín,Satipo,Río Tambo,CAMINEMOS JUNTOS POR JUNIN,3673
110708,Junín,Satipo,Río Tambo,PODEMOS PERU,299
110708,Junín,Satipo,Río Tambo,ALIANZA PARA EL PROGRESO,1934
110708,Junín,Satipo,Río Tambo,PARTIDO POLITICO NACIONAL PERU LIBRE,533
110709,Junín,Satipo,Vizcatan del ene,JUNIN SOSTENIBLE CON SU GENTE,390
110709,Junín,Satipo,Vizcatan del ene,MOVIMIENTO REGIONAL SIERRA Y SELVA CONTIGO JUNIN,14
110709,Junín,Satipo,Vizcatan del ene,CAMINEMOS JUNTOS POR JUNIN,325
110709,Junín,Satipo,Vizcatan del ene,JUNTOS POR EL PERU,40
110709,Junín,Satipo,Vizcatan del ene,ALIANZA PARA EL PROGRESO,94
110709,Junín,Satipo,Vizcatan del ene,PARTIDO POLITICO NACIONAL PERU LIBRE,243
110709,Junín,Satipo,Vizcatan del ene,PARTIDO DEMOCRATICO SOMOS PERU,494
110802,Junín,Chanchamayo,San Ramón,CORAZON PATRIOTA,1601
110802,Junín,Chanchamayo,San Ramón,JUNIN SOSTENIBLE CON SU GENTE,1897
110802,Junín,Chanchamayo,San Ramón,MOVIMIENTO REGIONAL SIERRA Y SELVA CONTIGO JUNIN,2316
110802,Junín,Chanchamayo,San Ramón,JUNIN RENACE,1488
110802,Junín,Chanchamayo,San Ramón,CAMINEMOS JUNTOS POR JUNIN,1071
110802,Junín,Chanchamayo,San Ramón,JUNTOS POR EL PERU,931
110802,Junín,Chanchamayo,San Ramón,PODEMOS PERU,191
110802,Junín,Chanchamayo,San Ramón,RENOVACION POPULAR,250
110802,Junín,Chanchamayo,San Ramón,ALIANZA PARA EL PROGRESO,2630
110802,Junín,Chanchamayo,San Ramón,PARTIDO MORADO,189
110802,Junín,Chanchamayo,San Ramón,PARTIDO POLITICO NACIONAL PERU LIBRE,533
110803,Junín,Chanchamayo,Vitoc,CORAZON PATRIOTA,73
110803,Junín,Chanchamayo,Vitoc,JUNIN SOSTENIBLE CON SU GENTE,318
110803,Junín,Chanchamayo,Vitoc,MOVIMIENTO REGIONAL SIERRA Y SELVA CONTIGO JUNIN,256
110803,Junín,Chanchamayo,Vitoc,JUNIN RENACE,21
110803,Junín,Chanchamayo,Vitoc,CAMINEMOS JUNTOS POR JUNIN,16
110803,Junín,Chanchamayo,Vitoc,PODEMOS PERU,78
110803,Junín,Chanchamayo,Vitoc,PARTIDO MORADO,18
110803,Junín,Chanchamayo,Vitoc,PARTIDO POLITICO NACIONAL PERU LIBRE,332
110804,Junín,Chanchamayo,San Luis de Shuaro,CORAZON PATRIOTA,75
110804,Junín,Chanchamayo,San Luis de Shuaro,JUNIN SOSTENIBLE CON SU GENTE,463
110804,Junín,Chanchamayo,San Luis de Shuaro,MOVIMIENTO REGIONAL SIERRA Y SELVA CONTIGO JUNIN,1202
110804,Junín,Chanchamayo,San Luis de Shuaro,JUNIN RENACE,111
110804,Junín,Chanchamayo,San Luis de Shuaro,CAMINEMOS JUNTOS POR JUNIN,124
110804,Junín,Chanchamayo,San Luis de Shuaro,FUERZA POPULAR,267
110804,Junín,Chanchamayo,San Luis de Shuaro,RENOVACION POPULAR,365
110804,Junín,Chanchamayo,San Luis de Shuaro,ALIANZA PARA EL PROGRESO,267
110804,Junín,Chanchamayo,San Luis de Shuaro,PARTIDO POLITICO NACIONAL PERU LIBRE,39
110805,Junín,Chanchamayo,Pichanaqui,CORAZON PATRIOTA,3743
110805,Junín,Chanchamayo,Pichanaqui,JUNIN SOSTENIBLE CON SU GENTE,741
110805,Junín,Chanchamayo,Pichanaqui,MOVIMIENTO REGIONAL SIERRA Y SELVA CONTIGO JUNIN,5800
110805,Junín,Chanchamayo,Pichanaqui,JUNIN RENACE,1472
110805,Junín,Chanchamayo,Pichanaqui,CAMINEMOS JUNTOS POR JUNIN,423
110805,Junín,Chanchamayo,Pichanaqui,PARTIDO FRENTE DE LA ESPERANZA 2021,205
110805,Junín,Chanchamayo,Pichanaqui,ACCION POPULAR,757
110805,Junín,Chanchamayo,Pichanaqui,PODEMOS PERU,712
110805,Junín,Chanchamayo,Pichanaqui,RENOVACION POPULAR,87
110805,Junín,Chanchamayo,Pichanaqui,ALIANZA PARA EL PROGRESO,5457
110805,Junín,Chanchamayo,Pichanaqui,AVANZA PAIS - PARTIDO DE INTEGRACION SOCIAL,399
110805,Junín,Chanchamayo,Pichanaqui,PARTIDO MORADO,284
110805,Junín,Chanchamayo,Pichanaqui,PARTIDO POLITICO NACIONAL PERU LIBRE,1813
110806,Junín,Chanchamayo,Perené,CORAZON PATRIOTA,2003
110806,Junín,Chanchamayo,Perené,JUNIN SOSTENIBLE CON SU GENTE,1389
110806,Junín,Chanchamayo,Perené,MOVIMIENTO REGIONAL SIERRA Y SELVA CONTIGO JUNIN,6448
110806,Junín,Chanchamayo,Perené,JUNIN RENACE,818
110806,Junín,Chanchamayo,Perené,MOVIMIENTO REGIONAL BLOQUE POPULAR JUNIN,937
110806,Junín,Chanchamayo,Perené,CAMINEMOS JUNTOS POR JUNIN,498
110806,Junín,Chanchamayo,Perené,JUNTOS POR EL PERU,1738
110806,Junín,Chanchamayo,Perené,RENOVACION POPULAR,276
110806,Junín,Chanchamayo,Perené,ALIANZA PARA EL PROGRESO,4832
110806,Junín,Chanchamayo,Perené,AVANZA PAIS - PARTIDO DE INTEGRACION SOCIAL,310
110806,Junín,Chanchamayo,Perené,PARTIDO MORADO,82
110806,Junín,Chanchamayo,Perené,PARTIDO POLITICO NACIONAL PERU LIBRE,1943
110902,Junín,Chupaca,Ahuac,JUNIN SOSTENIBLE CON SU GENTE,21
110902,Junín,Chupaca,Ahuac,MOVIMIENTO REGIONAL SIERRA Y SELVA CONTIGO JUNIN,1594
110902,Junín,Chupaca,Ahuac,JUNIN RENACE,274
110902,Junín,Chupaca,Ahuac,CAMINEMOS JUNTOS POR JUNIN,1170
110902,Junín,Chupaca,Ahuac,ALIANZA PARA EL PROGRESO,898
110902,Junín,Chupaca,Ahuac,PARTIDO POLITICO NACIONAL PERU LIBRE,209
110903,Junín,Chupaca,Chongos Bajo,JUNIN SOSTENIBLE CON SU GENTE,51
110903,Junín,Chupaca,Chongos Bajo,MOVIMIENTO REGIONAL SIERRA Y SELVA CONTIGO JUNIN,689
110903,Junín,Chupaca,Chongos Bajo,JUNIN RENACE,408
110903,Junín,Chupaca,Chongos Bajo,CAMINEMOS JUNTOS POR JUNIN,1093
110903,Junín,Chupaca,Chongos Bajo,PARTIDO POLITICO NACIONAL PERU LIBRE,379
110904,Junín,Chupaca,Huáchac,JUNIN SOSTENIBLE CON SU GENTE,48
110904,Junín,Chupaca,Huáchac,MOVIMIENTO REGIONAL SIERRA Y SELVA CONTIGO JUNIN,380
110904,Junín,Chupaca,Huáchac,CAMINEMOS JUNTOS POR JUNIN,551
110904,Junín,Chupaca,Huáchac,ACCION POPULAR,12
110904,Junín,Chupaca,Huáchac,ALIANZA PARA EL PROGRESO,235
110904,Junín,Chupaca,Huáchac,PARTIDO POLITICO NACIONAL PERU LIBRE,670
110905,Junín,Chupaca,Huamancaca Chico,JUNIN SOSTENIBLE CON SU GENTE,22
110905,Junín,Chupaca,Huamancaca Chico,MOVIMIENTO REGIONAL SIERRA Y SELVA CONTIGO JUNIN,894
110905,Junín,Chupaca,Huamancaca Chico,JUNIN RENACE,508
110905,Junín,Chupaca,Huamancaca Chico,CAMINEMOS JUNTOS POR JUNIN,1176
110905,Junín,Chupaca,Huamancaca Chico,JUNTOS POR EL PERU,299
110905,Junín,Chupaca,Huamancaca Chico,ALIANZA PARA EL PROGRESO,944
110905,Junín,Chupaca,Huamancaca Chico,PARTIDO POLITICO NACIONAL PERU LIBRE,56
110906,Junín,Chupaca,San Juan de Iscos,CORAZON PATRIOTA,92
110906,Junín,Chupaca,San Juan de Iscos,JUNIN SOSTENIBLE CON SU GENTE,226
110906,Junín,Chupaca,San Juan de Iscos,MOVIMIENTO REGIONAL SIERRA Y SELVA CONTIGO JUNIN,216
110906,Junín,Chupaca,San Juan de Iscos,JUNIN RENACE,224
110906,Junín,Chupaca,San Juan de Iscos,CAMINEMOS JUNTOS POR JUNIN,388
110906,Junín,Chupaca,San Juan de Iscos,RENOVACION POPULAR,216
110906,Junín,Chupaca,San Juan de Iscos,ALIANZA PARA EL PROGRESO,165
110907,Junín,Chupaca,San Juan de Jarpa,MOVIMIENTO REGIONAL SIERRA Y SELVA CONTIGO JUNIN,347
110907,Junín,Chupaca,San Juan de Jarpa,JUNIN RENACE,510
110907,Junín,Chupaca,San Juan de Jarpa,CAMINEMOS JUNTOS POR JUNIN,165
110907,Junín,Chupaca,San Juan de Jarpa,ALIANZA PARA EL PROGRESO,352
110907,Junín,Chupaca,San Juan de Jarpa,PARTIDO POLITICO NACIONAL PERU LIBRE,271
110908,Junín,Chupaca,Tres de Diciembre,MOVIMIENTO REGIONAL SIERRA Y SELVA CONTIGO JUNIN,374
110908,Junín,Chupaca,Tres de Diciembre,JUNIN RENACE,134
110908,Junín,Chupaca,Tres de Diciembre,CAMINEMOS JUNTOS POR JUNIN,507
110908,Junín,Chupaca,Tres de Diciembre,ACCION POPULAR,360
110908,Junín,Chupaca,Tres de Diciembre,ALIANZA PARA EL PROGRESO,215
110908,Junín,Chupaca,Tres de Diciembre,PARTIDO POLITICO NACIONAL PERU LIBRE,213
110909,Junín,Chupaca,Yanacancha,MOVIMIENTO REGIONAL SIERRA Y SELVA CONTIGO JUNIN,194
110909,Junín,Chupaca,Yanacancha,JUNIN RENACE,514
110909,Junín,Chupaca,Yanacancha,CAMINEMOS JUNTOS POR JUNIN,339
110909,Junín,Chupaca,Yanacancha,JUNTOS POR EL PERU,239
110909,Junín,Chupaca,Yanacancha,ACCION POPULAR,53
110909,Junín,Chupaca,Yanacancha,ALIANZA PARA EL PROGRESO,420
120102,La Libertad,Trujillo,Huanchaco,MOVIMIENTO REGIONAL FORTALEZA PERU,912
120102,La Libertad,Trujillo,Huanchaco,MOVIMIENTO REGIONAL TRABAJO MAS TRABAJO,5098
120102,La Libertad,Trujillo,Huanchaco,SUMATE,1998
120102,La Libertad,Trujillo,Huanchaco,NUEVA LIBERTAD,3920
120102,La Libertad,Trujillo,Huanchaco,JUNTOS POR EL PERU,432
120102,La Libertad,Trujillo,Huanchaco,FUERZA POPULAR,1363
120102,La Libertad,Trujillo,Huanchaco,ACCION POPULAR,2060
120102,La Libertad,Trujillo,Huanchaco,RENOVACION POPULAR,1625
120102,La Libertad,Trujillo,Huanchaco,ALIANZA PARA EL PROGRESO,6839
120102,La Libertad,Trujillo,Huanchaco,AVANZA PAIS - PARTIDO DE INTEGRACION SOCIAL,2618
120102,La Libertad,Trujillo,Huanchaco,PARTIDO DEMOCRATICO SOMOS PERU,6018
120103,La Libertad,Trujillo,Laredo,MOVIMIENTO REGIONAL FORTALEZA PERU,965
120103,La Libertad,Trujillo,Laredo,MOVIMIENTO REGIONAL TRABAJO MAS TRABAJO,8852
120103,La Libertad,Trujillo,Laredo,SUMATE,7052
120103,La Libertad,Trujillo,Laredo,NUEVA LIBERTAD,653
120103,La Libertad,Trujillo,Laredo,FUERZA POPULAR,141
120103,La Libertad,Trujillo,Laredo,RENOVACION POPULAR,99
120103,La Libertad,Trujillo,Laredo,ALIANZA PARA EL PROGRESO,3224
120104,La Libertad,Trujillo,Moche,MOVIMIENTO REGIONAL FORTALEZA PERU,486
120104,La Libertad,Trujillo,Moche,MOVIMIENTO REGIONAL TRABAJO MAS TRABAJO,5231
120104,La Libertad,Trujillo,Moche,SUMATE,423
120104,La Libertad,Trujillo,Moche,PARTIDO FRENTE DE LA ESPERANZA 2021,2439
120104,La Libertad,Trujillo,Moche,FUERZA POPULAR,310
120104,La Libertad,Trujillo,Moche,ACCION POPULAR,1229
120104,La Libertad,Trujillo,Moche,RENOVACION POPULAR,992
120104,La Libertad,Trujillo,Moche,ALIANZA PARA EL PROGRESO,2756
120104,La Libertad,Trujillo,Moche,AVANZA PAIS - PARTIDO DE INTEGRACION SOCIAL,585
120104,La Libertad,Trujillo,Moche,PARTIDO MORADO,1112
120104,La Libertad,Trujillo,Moche,PARTIDO POLITICO NACIONAL PERU LIBRE,159
120104,La Libertad,Trujillo,Moche,PARTIDO DEMOCRATICO SOMOS PERU,5780
120105,La Libertad,Trujillo,Salaverry,MOVIMIENTO REGIONAL FORTALEZA PERU,166
120105,La Libertad,Trujillo,Salaverry,MOVIMIENTO REGIONAL TRABAJO MAS TRABAJO,2132
120105,La Libertad,Trujillo,Salaverry,SUMATE,966
120105,La Libertad,Trujillo,Salaverry,NUEVA LIBERTAD,2756
120105,La Libertad,Trujillo,Salaverry,FUERZA POPULAR,268
120105,La Libertad,Trujillo,Salaverry,ALIANZA PARA EL PROGRESO,2933
120105,La Libertad,Trujillo,Salaverry,AVANZA PAIS - PARTIDO DE INTEGRACION SOCIAL,345
120106,La Libertad,Trujillo,Simbal,MOVIMIENTO REGIONAL FORTALEZA PERU,603
120106,La Libertad,Trujillo,Simbal,MOVIMIENTO REGIONAL TRABAJO MAS TRABAJO,1614
120106,La Libertad,Trujillo,Simbal,NUEVA LIBERTAD,23
120106,La Libertad,Trujillo,Simbal,FUERZA POPULAR,260
120106,La Libertad,Trujillo,Simbal,ALIANZA PARA EL PROGRESO,110
120106,La Libertad,Trujillo,Simbal,PARTIDO POLITICO NACIONAL PERU LIBRE,222
120107,La Libertad,Trujillo,Victor Larco Herrera,MOVIMIENTO REGIONAL FORTALEZA PERU,9489
120107,La Libertad,Trujillo,Victor Larco Herrera,MOVIMIENTO REGIONAL TRABAJO MAS TRABAJO,3596
120107,La Libertad,Trujillo,Victor Larco Herrera,SUMATE,2613
120107,La Libertad,Trujillo,Victor Larco Herrera,NUEVA LIBERTAD,3241
120107,La Libertad,Trujillo,Victor Larco Herrera,FUERZA POPULAR,667
120107,La Libertad,Trujillo,Victor Larco Herrera,ACCION POPULAR,237
120107,La Libertad,Trujillo,Victor Larco Herrera,RENOVACION POPULAR,2824
120107,La Libertad,Trujillo,Victor Larco Herrera,ALIANZA PARA EL PROGRESO,6683
120107,La Libertad,Trujillo,Victor Larco Herrera,AVANZA PAIS - PARTIDO DE INTEGRACION SOCIAL,1920
120107,La Libertad,Trujillo,Victor Larco Herrera,PARTIDO DEMOCRATICO SOMOS PERU,6830
120109,La Libertad,Trujillo,Poroto,MOVIMIENTO REGIONAL FORTALEZA PERU,138
120109,La Libertad,Trujillo,Poroto,MOVIMIENTO REGIONAL TRABAJO MAS TRABAJO,683
120109,La Libertad,Trujillo,Poroto,SUMATE,161
120109,La Libertad,Trujillo,Poroto,FUERZA POPULAR,104
120109,La Libertad,Trujillo,Poroto,RENOVACION POPULAR,610
120109,La Libertad,Trujillo,Poroto,ALIANZA PARA EL PROGRESO,276
120109,La Libertad,Trujillo,Poroto,AVANZA PAIS - PARTIDO DE INTEGRACION SOCIAL,591
120110,La Libertad,Trujillo,El Porvenir,MOVIMIENTO REGIONAL FORTALEZA PERU,5219
120110,La Libertad,Trujillo,El Porvenir,MOVIMIENTO REGIONAL TRABAJO MAS TRABAJO,15741
120110,La Libertad,Trujillo,El Porvenir,SUMATE,7100
120110,La Libertad,Trujillo,El Porvenir,NUEVA LIBERTAD,9064
120110,La Libertad,Trujillo,El Porvenir,PARTIDO FRENTE DE LA ESPERANZA 2021,948
120110,La Libertad,Trujillo,El Porvenir,FUERZA POPULAR,2037
120110,La Libertad,Trujillo,El Porvenir,ACCION POPULAR,687
120110,La Libertad,Trujillo,El Porvenir,PODEMOS PERU,1710
120110,La Libertad,Trujillo,El Porvenir,RENOVACION POPULAR,2749
120110,La Libertad,Trujillo,El Porvenir,ALIANZA PARA EL PROGRESO,18322
120110,La Libertad,Trujillo,El Porvenir,PARTIDO MORADO,4786
120110,La Libertad,Trujillo,El Porvenir,PARTIDO POLITICO NACIONAL PERU LIBRE,954
120110,La Libertad,Trujillo,El Porvenir,PARTIDO DEMOCRATICO SOMOS PERU,11693
120111,La Libertad,Trujillo,La Esperanza,MOVIMIENTO REGIONAL FORTALEZA PERU,3003
120111,La Libertad,Trujillo,La Esperanza,MOVIMIENTO REGIONAL TRABAJO MAS TRABAJO,27004
120111,La Libertad,Trujillo,La Esperanza,NUEVA LIBERTAD,10885
120111,La Libertad,Trujillo,La Esperanza,PARTIDO FRENTE DE LA ESPERANZA 2021,755
120111,La Libertad,Trujillo,La Esperanza,ACCION POPULAR,1283
120111,La Libertad,Trujillo,La Esperanza,RENOVACION POPULAR,5549
120111,La Libertad,Trujillo,La Esperanza,ALIANZA PARA EL PROGRESO,26536
120111,La Libertad,Trujillo,La Esperanza,AVANZA PAIS - PARTIDO DE INTEGRACION SOCIAL,1789
120111,La Libertad,Trujillo,La Esperanza,PARTIDO DEMOCRATICO SOMOS PERU,12099
120112,La Libertad,Trujillo,Florencia de Mora,MOVIMIENTO REGIONAL FORTALEZA PERU,1717
120112,La Libertad,Trujillo,Florencia de Mora,MOVIMIENTO REGIONAL TRABAJO MAS TRABAJO,9443
120112,La Libertad,Trujillo,Florencia de Mora,SUMATE,6890
120112,La Libertad,Trujillo,Florencia de Mora,NUEVA LIBERTAD,1282
120112,La Libertad,Trujillo,Florencia de Mora,FUERZA POPULAR,1266
120112,La Libertad,Trujillo,Florencia de Mora,RENOVACION POPULAR,1417
120112,La Libertad,Trujillo,Florencia de Mora,AVANZA PAIS - PARTIDO DE INTEGRACION SOCIAL,2009
120112,La Libertad,Trujillo,Florencia de Mora,PARTIDO POLITICO NACIONAL PERU LIBRE,639
120112,La Libertad,Trujillo,Florencia de Mora,PARTIDO DEMOCRATICO SOMOS PERU,7388
120202,La Libertad,Bolívar,Bambamarca,MOVIMIENTO REGIONAL FORTALEZA PERU,420
120202,La Libertad,Bolívar,Bambamarca,MOVIMIENTO REGIONAL TRABAJO MAS TRABAJO,96
120202,La Libertad,Bolívar,Bambamarca,ALIANZA PARA EL PROGRESO,219
120202,La Libertad,Bolívar,Bambamarca,PARTIDO POLITICO NACIONAL PERU LIBRE,762
120203,La Libertad,Bolívar,Condormarca,MOVIMIENTO REGIONAL FORTALEZA PERU,224
120203,La Libertad,Bolívar,Condormarca,MOVIMIENTO REGIONAL TRABAJO MAS TRABAJO,599
120203,La Libertad,Bolívar,Condormarca,FUERZA POPULAR,111
120204,La Libertad,Bolívar,Longotea,MOVIMIENTO REGIONAL FORTALEZA PERU,82
120204,La Libertad,Bolívar,Longotea,MOVIMIENTO REGIONAL TRABAJO MAS TRABAJO,387
120204,La Libertad,Bolívar,Longotea,ALIANZA PARA EL PROGRESO,271
120204,La Libertad,Bolívar,Longotea,PARTIDO POLITICO NACIONAL PERU LIBRE,267
120205,La Libertad,Bolívar,Ucuncha,MOVIMIENTO REGIONAL FORTALEZA PERU,111
120205,La Libertad,Bolívar,Ucuncha,MOVIMIENTO REGIONAL TRABAJO MAS TRABAJO,333
120205,La Libertad,Bolívar,Ucuncha,PARTIDO POLITICO NACIONAL PERU LIBRE,187
120206,La Libertad,Bolívar,Uchumarca,MOVIMIENTO REGIONAL FORTALEZA PERU,304
120206,La Libertad,Bolívar,Uchumarca,MOVIMIENTO REGIONAL TRABAJO MAS TRABAJO,308
120206,La Libertad,Bolívar,Uchumarca,ALIANZA PARA EL PROGRESO,47
120206,La Libertad,Bolívar,Uchumarca,PARTIDO POLITICO NACIONAL PERU LIBRE,528
120302,La Libertad,Sánchez Carrión,Cochorco,MOVIMIENTO REGIONAL FORTALEZA PERU,949
120302,La Libertad,Sánchez Carrión,Cochorco,MOVIMIENTO REGIONAL TRABAJO MAS TRABAJO,537
120302,La Libertad,Sánchez Carrión,Cochorco,SUMATE,1999
120302,La Libertad,Sánchez Carrión,Cochorco,FUERZA POPULAR,37
120303,La Libertad,Sánchez Carrión,Curgos,MOVIMIENTO REGIONAL FORTALEZA PERU,942
120303,La Libertad,Sánchez Carrión,Curgos,MOVIMIENTO REGIONAL TRABAJO MAS TRABAJO,433
120303,La Libertad,Sánchez Carrión,Curgos,SUMATE,1195
120303,La Libertad,Sánchez Carrión,Curgos,RENOVACION POPULAR,350
120303,La Libertad,Sánchez Carrión,Curgos,ALIANZA PARA EL PROGRESO,493
120303,La Libertad,Sánchez Carrión,Curgos,PARTIDO POLITICO NACIONAL PERU LIBRE,429
120304,La Libertad,Sánchez Carrión,Chugay,MOVIMIENTO REGIONAL FORTALEZA PERU,2230
120304,La Libertad,Sánchez Carrión,Chugay,MOVIMIENTO REGIONAL TRABAJO MAS TRABAJO,3421
120304,La Libertad,Sánchez Carrión,Chugay,SUMATE,1189
120304,La Libertad,Sánchez Carrión,Chugay,FUERZA POPULAR,98
120304,La Libertad,Sánchez Carrión,Chugay,ALIANZA PARA EL PROGRESO,439
120304,La Libertad,Sánchez Carrión,Chugay,PARTIDO DEMOCRATICO SOMOS PERU,217
120305,La Libertad,Sánchez Carrión,Marcabal,MOVIMIENTO REGIONAL FORTALEZA PERU,914
120305,La Libertad,Sánchez Carrión,Marcabal,MOVIMIENTO REGIONAL TRABAJO MAS TRABAJO,1455
120305,La Libertad,Sánchez Carrión,Marcabal,SUMATE,100
120305,La Libertad,Sánchez Carrión,Marcabal,ALIANZA PARA EL PROGRESO,380
120305,La Libertad,Sánchez Carrión,Marcabal,PARTIDO POLITICO NACIONAL PERU LIBRE,685
120305,La Libertad,Sánchez Carrión,Marcabal,PARTIDO DEMOCRATICO SOMOS PERU,117
120306,La Libertad,Sánchez Carrión,Sanagoran,MOVIMIENTO REGIONAL FORTALEZA PERU,2164
120306,La Libertad,Sánchez Carrión,Sanagoran,MOVIMIENTO REGIONAL TRABAJO MAS TRABAJO,1762
120306,La Libertad,Sánchez Carrión,Sanagoran,SUMATE,1099
120306,La Libertad,Sánchez Carrión,Sanagoran,ALIANZA PARA EL PROGRESO,323
120307,La Libertad,Sánchez Carrión,Sarín,MOVIMIENTO REGIONAL FORTALEZA PERU,2553
120307,La Libertad,Sánchez Carrión,Sarín,MOVIMIENTO REGIONAL TRABAJO MAS TRABAJO,1117
120307,La Libertad,Sánchez Carrión,Sarín,SUMATE,187
120307,La Libertad,Sánchez Carrión,Sarín,FUERZA POPULAR,169
120307,La Libertad,Sánchez Carrión,Sarín,ALIANZA PARA EL PROGRESO,621
120307,La Libertad,Sánchez Carrión,Sarín,PARTIDO POLITICO NACIONAL PERU LIBRE,65
120308,La Libertad,Sánchez Carrión,Sartimbamba,MOVIMIENTO REGIONAL FORTALEZA PERU,1619
120308,La Libertad,Sánchez Carrión,Sartimbamba,MOVIMIENTO REGIONAL TRABAJO MAS TRABAJO,1924
120308,La Libertad,Sánchez Carrión,Sartimbamba,SUMATE,1120
120308,La Libertad,Sánchez Carrión,Sartimbamba,ALIANZA PARA EL PROGRESO,878
120402,La Libertad,Otuzco,Agallpampa,MOVIMIENTO REGIONAL FORTALEZA PERU,1420
120402,La Libertad,Otuzco,Agallpampa,MOVIMIENTO REGIONAL TRABAJO MAS TRABAJO,196
120402,La Libertad,Otuzco,Agallpampa,RENOVACION POPULAR,271
120402,La Libertad,Otuzco,Agallpampa,ALIANZA PARA EL PROGRESO,349
120402,La Libertad,Otuzco,Agallpampa,PARTIDO POLITICO NACIONAL PERU LIBRE,328
120402,La Libertad,Otuzco,Agallpampa,PARTIDO DEMOCRATICO SOMOS PERU,1644
120403,La Libertad,Otuzco,Charat,MOVIMIENTO REGIONAL FORTALEZA PERU,522
120403,La Libertad,Otuzco,Charat,MOVIMIENTO REGIONAL TRABAJO MAS TRABAJO,494
120403,La Libertad,Otuzco,Charat,ALIANZA PARA EL PROGRESO,172
120403,La Libertad,Otuzco,Charat,AVANZA PAIS - PARTIDO DE INTEGRACION SOCIAL,26
120403,La Libertad,Otuzco,Charat,PARTIDO POLITICO NACIONAL PERU LIBRE,42
120403,La Libertad,Otuzco,Charat,PARTIDO DEMOCRATICO SOMOS PERU,501
120404,La Libertad,Otuzco,Huaranchal,MOVIMIENTO REGIONAL FORTALEZA PERU,1634
120404,La Libertad,Otuzco,Huaranchal,MOVIMIENTO REGIONAL TRABAJO MAS TRABAJO,181
120404,La Libertad,Otuzco,Huaranchal,ALIANZA PARA EL PROGRESO,1194
120404,La Libertad,Otuzco,Huaranchal,PARTIDO POLITICO NACIONAL PERU LIBRE,3
120405,La Libertad,Otuzco,La Cuesta,MOVIMIENTO REGIONAL FORTALEZA PERU,293
120405,La Libertad,Otuzco,La Cuesta,MOVIMIENTO REGIONAL TRABAJO MAS TRABAJO,322
120408,La Libertad,Otuzco,Paranday,MOVIMIENTO REGIONAL FORTALEZA PERU,178
120408,La Libertad,Otuzco,Paranday,MOVIMIENTO REGIONAL TRABAJO MAS TRABAJO,265
120408,La Libertad,Otuzco,Paranday,ALIANZA PARA EL PROGRESO,143
120408,La Libertad,Otuzco,Paranday,PARTIDO POLITICO NACIONAL PERU LIBRE,34
120409,La Libertad,Otuzco,Salpo,MOVIMIENTO REGIONAL FORTALEZA PERU,1169
120409,La Libertad,Otuzco,Salpo,MOVIMIENTO REGIONAL TRABAJO MAS TRABAJO,534
120409,La Libertad,Otuzco,Salpo,NUEVA LIBERTAD,29
120409,La Libertad,Otuzco,Salpo,RENOVACION POPULAR,121
120409,La Libertad,Otuzco,Salpo,ALIANZA PARA EL PROGRESO,52
120409,La Libertad,Otuzco,Salpo,PARTIDO DEMOCRATICO SOMOS PERU,1430
120410,La Libertad,Otuzco,Sinsicap,MOVIMIENTO REGIONAL FORTALEZA PERU,58
120410,La Libertad,Otuzco,Sinsicap,MOVIMIENTO REGIONAL TRABAJO MAS TRABAJO,1454
120410,La Libertad,Otuzco,Sinsicap,SUMATE,1847
120410,La Libertad,Otuzco,Sinsicap,FUERZA POPULAR,58
120410,La Libertad,Otuzco,Sinsicap,RENOVACION POPULAR,56
120410,La Libertad,Otuzco,Sinsicap,ALIANZA PARA EL PROGRESO,1184
120411,La Libertad,Otuzco,Usquil,MOVIMIENTO REGIONAL FORTALEZA PERU,6362
120411,La Libertad,Otuzco,Usquil,MOVIMIENTO REGIONAL TRABAJO MAS TRABAJO,1043
120411,La Libertad,Otuzco,Usquil,PARTIDO DEMOCRATICO SOMOS PERU,2983
120413,La Libertad,Otuzco,Mache,MOVIMIENTO REGIONAL FORTALEZA PERU,682
120413,La Libertad,Otuzco,Mache,MOVIMIENTO REGIONAL TRABAJO MAS TRABAJO,684
120413,La Libertad,Otuzco,Mache,AVANZA PAIS - PARTIDO DE INTEGRACION SOCIAL,494
120503,La Libertad,Pacasmayo,Guadalupe,MOVIMIENTO REGIONAL FORTALEZA PERU,4130
120503,La Libertad,Pacasmayo,Guadalupe,MOVIMIENTO REGIONAL TRABAJO MAS TRABAJO,3162
120503,La Libertad,Pacasmayo,Guadalupe,NUEVA LIBERTAD,778
120503,La Libertad,Pacasmayo,Guadalupe,FUERZA POPULAR,4210
120503,La Libertad,Pacasmayo,Guadalupe,PODEMOS PERU,390
120503,La Libertad,Pacasmayo,Guadalupe,RENOVACION POPULAR,1007
120503,La Libertad,Pacasmayo,Guadalupe,PARTIDO DEMOCRATICO SOMOS PERU,3305
120504,La Libertad,Pacasmayo,Jequetepeque,MOVIMIENTO REGIONAL FORTALEZA PERU,633
120504,La Libertad,Pacasmayo,Jequetepeque,MOVIMIENTO REGIONAL TRABAJO MAS TRABAJO,858
120504,La Libertad,Pacasmayo,Jequetepeque,NUEVA LIBERTAD,338
120504,La Libertad,Pacasmayo,Jequetepeque,FUERZA POPULAR,73
120504,La Libertad,Pacasmayo,Jequetepeque,RENOVACION POPULAR,47
120504,La Libertad,Pacasmayo,Jequetepeque,PARTIDO DEMOCRATICO SOMOS PERU,230
120506,La Libertad,Pacasmayo,Pacasmayo,MOVIMIENTO REGIONAL FORTALEZA PERU,3718
120506,La Libertad,Pacasmayo,Pacasmayo,MOVIMIENTO REGIONAL TRABAJO MAS TRABAJO,5097
120506,La Libertad,Pacasmayo,Pacasmayo,SUMATE,1932
120506,La Libertad,Pacasmayo,Pacasmayo,NUEVA LIBERTAD,3049
120506,La Libertad,Pacasmayo,Pacasmayo,FUERZA POPULAR,701
120506,La Libertad,Pacasmayo,Pacasmayo,RENOVACION POPULAR,957
120506,La Libertad,Pacasmayo,Pacasmayo,PARTIDO DEMOCRATICO SOMOS PERU,327
120508,La Libertad,Pacasmayo,San José,MOVIMIENTO REGIONAL TRABAJO MAS TRABAJO,3235
120508,La Libertad,Pacasmayo,San José,SUMATE,309
120508,La Libertad,Pacasmayo,San José,NUEVA LIBERTAD,1643
120508,La Libertad,Pacasmayo,San José,ALIANZA PARA EL PROGRESO,931
120508,La Libertad,Pacasmayo,San José,PARTIDO DEMOCRATICO SOMOS PERU,579
120602,La Libertad,Pataz,Buldibuyo,MOVIMIENTO REGIONAL TRABAJO MAS TRABAJO,411
120602,La Libertad,Pataz,Buldibuyo,SUMATE,167
120602,La Libertad,Pataz,Buldibuyo,PARTIDO FRENTE DE LA ESPERANZA 2021,8
120602,La Libertad,Pataz,Buldibuyo,ACCION POPULAR,384
120602,La Libertad,Pataz,Buldibuyo,RENOVACION POPULAR,42
120602,La Libertad,Pataz,Buldibuyo,ALIANZA PARA EL PROGRESO,373
120602,La Libertad,Pataz,Buldibuyo,PARTIDO POLITICO NACIONAL PERU LIBRE,266
120603,La Libertad,Pataz,Chillia,MOVIMIENTO REGIONAL TRABAJO MAS TRABAJO,1974
120603,La Libertad,Pataz,Chillia,SUMATE,360
120603,La Libertad,Pataz,Chillia,ACCION POPULAR,2919
120604,La Libertad,Pataz,Huaylillas,MOVIMIENTO REGIONAL TRABAJO MAS TRABAJO,86
120604,La Libertad,Pataz,Huaylillas,SUMATE,45
120604,La Libertad,Pataz,Huaylillas,ACCION POPULAR,461
120604,La Libertad,Pataz,Huaylillas,ALIANZA PARA EL PROGRESO,33
120604,La Libertad,Pataz,Huaylillas,PARTIDO POLITICO NACIONAL PERU LIBRE,204
120604,La Libertad,Pataz,Huaylillas,PARTIDO DEMOCRATICO SOMOS PERU,23
120605,La Libertad,Pataz,Huancaspata,MOVIMIENTO REGIONAL FORTALEZA PERU,436
120605,La Libertad,Pataz,Huancaspata,MOVIMIENTO REGIONAL TRABAJO MAS TRABAJO,566
120605,La Libertad,Pataz,Huancaspata,SUMATE,404
120605,La Libertad,Pataz,Huancaspata,NUEVA LIBERTAD,383
120605,La Libertad,Pataz,Huancaspata,ACCION POPULAR,470
120605,La Libertad,Pataz,Huancaspata,PARTIDO DEMOCRATICO SOMOS PERU,38
120606,La Libertad,Pataz,Huayo,MOVIMIENTO REGIONAL FORTALEZA PERU,758
120606,La Libertad,Pataz,Huayo,MOVIMIENTO REGIONAL TRABAJO MAS TRABAJO,611
120606,La Libertad,Pataz,Huayo,SUMATE,20
120606,La Libertad,Pataz,Huayo,NUEVA LIBERTAD,429
120606,La Libertad,Pataz,Huayo,ACCION POPULAR,70
120607,La Libertad,Pataz,Ongon,MOVIMIENTO REGIONAL TRABAJO MAS TRABAJO,570
120607,La Libertad,Pataz,Ongon,ALIANZA PARA EL PROGRESO,392
120608,La Libertad,Pataz,Parcoy,MOVIMIENTO REGIONAL FORTALEZA PERU,46
120608,La Libertad,Pataz,Parcoy,MOVIMIENTO REGIONAL TRABAJO MAS TRABAJO,1089
120608,La Libertad,Pataz,Parcoy,SUMATE,282
120608,La Libertad,Pataz,Parcoy,PARTIDO FRENTE DE LA ESPERANZA 2021,246
120608,La Libertad,Pataz,Parcoy,ALIANZA PARA EL PROGRESO,2152
120608,La Libertad,Pataz,Parcoy,AVANZA PAIS - PARTIDO DE INTEGRACION SOCIAL,1449
120608,La Libertad,Pataz,Parcoy,PARTIDO POLITICO NACIONAL PERU LIBRE,150
120609,La Libertad,Pataz,Pataz,MOVIMIENTO REGIONAL TRABAJO MAS TRABAJO,1001
120609,La Libertad,Pataz,Pataz,ACCION POPULAR,1847
120610,La Libertad,Pataz,Pias,MOVIMIENTO REGIONAL TRABAJO MAS TRABAJO,480
120610,La Libertad,Pataz,Pias,ACCION POPULAR,73
120610,La Libertad,Pataz,Pias,ALIANZA PARA EL PROGRESO,362
120610,La Libertad,Pataz,Pias,AVANZA PAIS - PARTIDO DE INTEGRACION SOCIAL,8
120611,La Libertad,Pataz,Taurija,MOVIMIENTO REGIONAL TRABAJO MAS TRABAJO,621
120611,La Libertad,Pataz,Taurija,SUMATE,37
120611,La Libertad,Pataz,Taurija,ACCION POPULAR,102
120611,La Libertad,Pataz,Taurija,PARTIDO POLITICO NACIONAL PERU LIBRE,700
120612,La Libertad,Pataz,Urpay,MOVIMIENTO REGIONAL TRABAJO MAS TRABAJO,589
120612,La Libertad,Pataz,Urpay,SUMATE,625
120612,La Libertad,Pataz,Urpay,PARTIDO POLITICO NACIONAL PERU LIBRE,148
120612,La Libertad,Pataz,Urpay,PARTIDO DEMOCRATICO SOMOS PERU,38
120613,La Libertad,Pataz,Santiago de Challas,MOVIMIENTO REGIONAL TRABAJO MAS TRABAJO,635
120613,La Libertad,Pataz,Santiago de Challas,SUMATE,101
120613,La Libertad,Pataz,Santiago de Challas,RENOVACION POPULAR,276
120702,La Libertad,Santiago de Chuco,Cachicadan,MOVIMIENTO REGIONAL FORTALEZA PERU,1163
120702,La Libertad,Santiago de Chuco,Cachicadan,MOVIMIENTO REGIONAL TRABAJO MAS TRABAJO,923
120702,La Libertad,Santiago de Chuco,Cachicadan,NUEVA LIBERTAD,403
120702,La Libertad,Santiago de Chuco,Cachicadan,PARTIDO POLITICO NACIONAL PERU LIBRE,319
120702,La Libertad,Santiago de Chuco,Cachicadan,PARTIDO DEMOCRATICO SOMOS PERU,77
120703,La Libertad,Santiago de Chuco,Mollebamba,MOVIMIENTO REGIONAL FORTALEZA PERU,116
120703,La Libertad,Santiago de Chuco,Mollebamba,NUEVA LIBERTAD,483
120703,La Libertad,Santiago de Chuco,Mollebamba,RENOVACION POPULAR,50
120703,La Libertad,Santiago de Chuco,Mollebamba,ALIANZA PARA EL PROGRESO,111
120703,La Libertad,Santiago de Chuco,Mollebamba,AVANZA PAIS - PARTIDO DE INTEGRACION SOCIAL,187
120704,La Libertad,Santiago de Chuco,Mollepata,MOVIMIENTO REGIONAL FORTALEZA PERU,272
120704,La Libertad,Santiago de Chuco,Mollepata,MOVIMIENTO REGIONAL TRABAJO MAS TRABAJO,254
120704,La Libertad,Santiago de Chuco,Mollepata,NUEVA LIBERTAD,315
120704,La Libertad,Santiago de Chuco,Mollepata,FUERZA POPULAR,71
120704,La Libertad,Santiago de Chuco,Mollepata,RENOVACION POPULAR,92
120704,La Libertad,Santiago de Chuco,Mollepata,AVANZA PAIS - PARTIDO DE INTEGRACION SOCIAL,310
120704,La Libertad,Santiago de Chuco,Mollepata,PARTIDO POLITICO NACIONAL PERU LIBRE,34
120705,La Libertad,Santiago de Chuco,Quiruvilca,MOVIMIENTO REGIONAL FORTALEZA PERU,176
120705,La Libertad,Santiago de Chuco,Quiruvilca,MOVIMIENTO REGIONAL TRABAJO MAS TRABAJO,2583
120705,La Libertad,Santiago de Chuco,Quiruvilca,NUEVA LIBERTAD,293
120705,La Libertad,Santiago de Chuco,Quiruvilca,ALIANZA PARA EL PROGRESO,718
120705,La Libertad,Santiago de Chuco,Quiruvilca,PARTIDO POLITICO NACIONAL PERU LIBRE,1031
120705,La Libertad,Santiago de Chuco,Quiruvilca,PARTIDO DEMOCRATICO SOMOS PERU,62
120706,La Libertad,Santiago de Chuco,Santa Cruz de Chuca,MOVIMIENTO REGIONAL FORTALEZA PERU,814
120706,La Libertad,Santiago de Chuco,Santa Cruz de Chuca,MOVIMIENTO REGIONAL TRABAJO MAS TRABAJO,106
120706,La Libertad,Santiago de Chuco,Santa Cruz de Chuca,RENOVACION POPULAR,19
120706,La Libertad,Santiago de Chuco,Santa Cruz de Chuca,ALIANZA PARA EL PROGRESO,97
120706,La Libertad,Santiago de Chuco,Santa Cruz de Chuca,AVANZA PAIS - PARTIDO DE INTEGRACION SOCIAL,42
120706,La Libertad,Santiago de Chuco,Santa Cruz de Chuca,PARTIDO POLITICO NACIONAL PERU LIBRE,453
120707,La Libertad,Santiago de Chuco,Sitabamba,MOVIMIENTO REGIONAL FORTALEZA PERU,579
120707,La Libertad,Santiago de Chuco,Sitabamba,MOVIMIENTO REGIONAL TRABAJO MAS TRABAJO,416
120707,La Libertad,Santiago de Chuco,Sitabamba,NUEVA LIBERTAD,336
120707,La Libertad,Santiago de Chuco,Sitabamba,RENOVACION POPULAR,88
120707,La Libertad,Santiago de Chuco,Sitabamba,ALIANZA PARA EL PROGRESO,169
120707,La Libertad,Santiago de Chuco,Sitabamba,PARTIDO POLITICO NACIONAL PERU LIBRE,304
120708,La Libertad,Santiago de Chuco,Angasmarca,MOVIMIENTO REGIONAL FORTALEZA PERU,849
120708,La Libertad,Santiago de Chuco,Angasmarca,MOVIMIENTO REGIONAL TRABAJO MAS TRABAJO,348
120708,La Libertad,Santiago de Chuco,Angasmarca,NUEVA LIBERTAD,198
120708,La Libertad,Santiago de Chuco,Angasmarca,ACCION POPULAR,672
120708,La Libertad,Santiago de Chuco,Angasmarca,AVANZA PAIS - PARTIDO DE INTEGRACION SOCIAL,132
120708,La Libertad,Santiago de Chuco,Angasmarca,PARTIDO DEMOCRATICO SOMOS PERU,61
120802,La Libertad,Ascope,Chicama,MOVIMIENTO REGIONAL FORTALEZA PERU,3169
120802,La Libertad,Ascope,Chicama,MOVIMIENTO REGIONAL TRABAJO MAS TRABAJO,1851
120802,La Libertad,Ascope,Chicama,SUMATE,593
120802,La Libertad,Ascope,Chicama,NUEVA LIBERTAD,1862
120802,La Libertad,Ascope,Chicama,FUERZA POPULAR,821
120802,La Libertad,Ascope,Chicama,AVANZA PAIS - PARTIDO DE INTEGRACION SOCIAL,679
120803,La Libertad,Ascope,Chocope,MOVIMIENTO REGIONAL FORTALEZA PERU,215
120803,La Libertad,Ascope,Chocope,MOVIMIENTO REGIONAL TRABAJO MAS TRABAJO,831
120803,La Libertad,Ascope,Chocope,SUMATE,1234
120803,La Libertad,Ascope,Chocope,NUEVA LIBERTAD,1426
120803,La Libertad,Ascope,Chocope,FUERZA POPULAR,401
120803,La Libertad,Ascope,Chocope,RENOVACION POPULAR,165
120803,La Libertad,Ascope,Chocope,ALIANZA PARA EL PROGRESO,612
120803,La Libertad,Ascope,Chocope,AVANZA PAIS - PARTIDO DE INTEGRACION SOCIAL,349
120803,La Libertad,Ascope,Chocope,PARTIDO POLITICO NACIONAL PERU LIBRE,99
120803,La Libertad,Ascope,Chocope,PARTIDO DEMOCRATICO SOMOS PERU,1175
120804,La Libertad,Ascope,Santiago de Cao,MOVIMIENTO REGIONAL TRABAJO MAS TRABAJO,1634
120804,La Libertad,Ascope,Santiago de Cao,SUMATE,1755
120804,La Libertad,Ascope,Santiago de Cao,NUEVA LIBERTAD,523
120804,La Libertad,Ascope,Santiago de Cao,FUERZA POPULAR,77
120804,La Libertad,Ascope,Santiago de Cao,RENOVACION POPULAR,408
120804,La Libertad,Ascope,Santiago de Cao,ALIANZA PARA EL PROGRESO,732
120804,La Libertad,Ascope,Santiago de Cao,AVANZA PAIS - PARTIDO DE INTEGRACION SOCIAL,2694
120804,La Libertad,Ascope,Santiago de Cao,PARTIDO POLITICO NACIONAL PERU LIBRE,631
120804,La Libertad,Ascope,Santiago de Cao,PARTIDO DEMOCRATICO SOMOS PERU,2809
120805,La Libertad,Ascope,Magdalena de Cao,MOVIMIENTO REGIONAL TRABAJO MAS TRABAJO,506
120805,La Libertad,Ascope,Magdalena de Cao,NUEVA LIBERTAD,417
120805,La Libertad,Ascope,Magdalena de Cao,FUERZA POPULAR,828
120805,La Libertad,Ascope,Magdalena de Cao,RENOVACION POPULAR,132
120806,La Libertad,Ascope,Paiján,MOVIMIENTO REGIONAL FORTALEZA PERU,771
120806,La Libertad,Ascope,Paiján,MOVIMIENTO REGIONAL TRABAJO MAS TRABAJO,597
120806,La Libertad,Ascope,Paiján,NUEVA LIBERTAD,5138
120806,La Libertad,Ascope,Paiján,FUERZA POPULAR,4760
120806,La Libertad,Ascope,Paiján,ALIANZA PARA EL PROGRESO,2215
120806,La Libertad,Ascope,Paiján,PARTIDO DEMOCRATICO SOMOS PERU,377
120807,La Libertad,Ascope,Rázuri,MOVIMIENTO REGIONAL FORTALEZA PERU,1292
120807,La Libertad,Ascope,Rázuri,MOVIMIENTO REGIONAL TRABAJO MAS TRABAJO,897
120807,La Libertad,Ascope,Rázuri,SUMATE,156
120807,La Libertad,Ascope,Rázuri,FUERZA POPULAR,70
120807,La Libertad,Ascope,Rázuri,ACCION POPULAR,321
120807,La Libertad,Ascope,Rázuri,ALIANZA PARA EL PROGRESO,1066
120807,La Libertad,Ascope,Rázuri,AVANZA PAIS - PARTIDO DE INTEGRACION SOCIAL,390
120808,La Libertad,Ascope,Casa Grande,MOVIMIENTO REGIONAL TRABAJO MAS TRABAJO,511
120808,La Libertad,Ascope,Casa Grande,SUMATE,927
120808,La Libertad,Ascope,Casa Grande,NUEVA LIBERTAD,5803
120808,La Libertad,Ascope,Casa Grande,FUERZA POPULAR,549
120808,La Libertad,Ascope,Casa Grande,ALIANZA PARA EL PROGRESO,5715
120808,La Libertad,Ascope,Casa Grande,PARTIDO POLITICO NACIONAL PERU LIBRE,1094
120808,La Libertad,Ascope,Casa Grande,PARTIDO DEMOCRATICO SOMOS PERU,1920
120902,La Libertad,Chepén,Pacanga,MOVIMIENTO REGIONAL TRABAJO MAS TRABAJO,3982
120902,La Libertad,Chepén,Pacanga,SUMATE,1140
120902,La Libertad,Chepén,Pacanga,FUERZA POPULAR,276
120902,La Libertad,Chepén,Pacanga,ACCION POPULAR,498
120902,La Libertad,Chepén,Pacanga,PARTIDO MORADO,3462
120903,La Libertad,Chepén,Pueblo Nuevo,MOVIMIENTO REGIONAL TRABAJO MAS TRABAJO,1753
120903,La Libertad,Chepén,Pueblo Nuevo,SUMATE,1007
120903,La Libertad,Chepén,Pueblo Nuevo,PARTIDO FRENTE DE LA ESPERANZA 2021,1272
120903,La Libertad,Chepén,Pueblo Nuevo,FUERZA POPULAR,841
120903,La Libertad,Chepén,Pueblo Nuevo,PODEMOS PERU,199
120903,La Libertad,Chepén,Pueblo Nuevo,RENOVACION POPULAR,245
120903,La Libertad,Chepén,Pueblo Nuevo,PARTIDO MORADO,606
120903,La Libertad,Chepén,Pueblo Nuevo,PARTIDO DEMOCRATICO SOMOS PERU,1130
121002,La Libertad,Julcán,Carabamba,MOVIMIENTO REGIONAL FORTALEZA PERU,347
121002,La Libertad,Julcán,Carabamba,MOVIMIENTO REGIONAL TRABAJO MAS TRABAJO,1599
121002,La Libertad,Julcán,Carabamba,SUMATE,62
121002,La Libertad,Julcán,Carabamba,NUEVA LIBERTAD,83
121002,La Libertad,Julcán,Carabamba,PODEMOS PERU,15
121002,La Libertad,Julcán,Carabamba,ALIANZA PARA EL PROGRESO,1939
121002,La Libertad,Julcán,Carabamba,PARTIDO DEMOCRATICO SOMOS PERU,32
121003,La Libertad,Julcán,Calamarca,MOVIMIENTO REGIONAL FORTALEZA PERU,167
121003,La Libertad,Julcán,Calamarca,MOVIMIENTO REGIONAL TRABAJO MAS TRABAJO,1206
121003,La Libertad,Julcán,Calamarca,SUMATE,596
121003,La Libertad,Julcán,Calamarca,NUEVA LIBERTAD,1125
121003,La Libertad,Julcán,Calamarca,RENOVACION POPULAR,14
121004,La Libertad,Julcán,Huaso,MOVIMIENTO REGIONAL FORTALEZA PERU,5
121004,La Libertad,Julcán,Huaso,MOVIMIENTO REGIONAL TRABAJO MAS TRABAJO,800
121004,La Libertad,Julcán,Huaso,NUEVA LIBERTAD,978
121004,La Libertad,Julcán,Huaso,ALIANZA PARA EL PROGRESO,902
121004,La Libertad,Julcán,Huaso,PARTIDO POLITICO NACIONAL PERU LIBRE,418
121102,La Libertad,Gran Chimú,Lucma,MOVIMIENTO REGIONAL FORTALEZA PERU,447
121102,La Libertad,Gran Chimú,Lucma,MOVIMIENTO REGIONAL TRABAJO MAS TRABAJO,114
121102,La Libertad,Gran Chimú,Lucma,SUMATE,127
121102,La Libertad,Gran Chimú,Lucma,FUERZA POPULAR,189
121102,La Libertad,Gran Chimú,Lucma,RENOVACION POPULAR,22
121102,La Libertad,Gran Chimú,Lucma,ALIANZA PARA EL PROGRESO,973
121102,La Libertad,Gran Chimú,Lucma,AVANZA PAIS - PARTIDO DE INTEGRACION SOCIAL,271
121102,La Libertad,Gran Chimú,Lucma,PARTIDO POLITICO NACIONAL PERU LIBRE,41
121103,La Libertad,Gran Chimú,Marmot,MOVIMIENTO REGIONAL FORTALEZA PERU,80
121103,La Libertad,Gran Chimú,Marmot,MOVIMIENTO REGIONAL TRABAJO MAS TRABAJO,113
121103,La Libertad,Gran Chimú,Marmot,SUMATE,237
121103,La Libertad,Gran Chimú,Marmot,PARTIDO FRENTE DE LA ESPERANZA 2021,30
121103,La Libertad,Gran Chimú,Marmot,FUERZA POPULAR,91
121103,La Libertad,Gran Chimú,Marmot,RENOVACION POPULAR,177
121103,La Libertad,Gran Chimú,Marmot,ALIANZA PARA EL PROGRESO,217
121103,La Libertad,Gran Chimú,Marmot,AVANZA PAIS - PARTIDO DE INTEGRACION SOCIAL,86
121104,La Libertad,Gran Chimú,Sayapullo,MOVIMIENTO REGIONAL FORTALEZA PERU,117
121104,La Libertad,Gran Chimú,Sayapullo,MOVIMIENTO REGIONAL TRABAJO MAS TRABAJO,538
121104,La Libertad,Gran Chimú,Sayapullo,SUMATE,116
121104,La Libertad,Gran Chimú,Sayapullo,NUEVA LIBERTAD,106
121104,La Libertad,Gran Chimú,Sayapullo,FUERZA POPULAR,101
121104,La Libertad,Gran Chimú,Sayapullo,ACCION POPULAR,64
121104,La Libertad,Gran Chimú,Sayapullo,PODEMOS PERU,575
121104,La Libertad,Gran Chimú,Sayapullo,RENOVACION POPULAR,74
121104,La Libertad,Gran Chimú,Sayapullo,ALIANZA PARA EL PROGRESO,454
121104,La Libertad,Gran Chimú,Sayapullo,AVANZA PAIS - PARTIDO DE INTEGRACION SOCIAL,218
121104,La Libertad,Gran Chimú,Sayapullo,PARTIDO POLITICO NACIONAL PERU LIBRE,209
121202,La Libertad,Virú,Chao,MOVIMIENTO REGIONAL FORTALEZA PERU,1381
121202,La Libertad,Virú,Chao,MOVIMIENTO REGIONAL TRABAJO MAS TRABAJO,6464
121202,La Libertad,Virú,Chao,SUMATE,3743
121202,La Libertad,Virú,Chao,PODEMOS PERU,160
121202,La Libertad,Virú,Chao,RENOVACION POPULAR,334
121202,La Libertad,Virú,Chao,AVANZA PAIS - PARTIDO DE INTEGRACION SOCIAL,1887
121202,La Libertad,Virú,Chao,PARTIDO POLITICO NACIONAL PERU LIBRE,1303
121202,La Libertad,Virú,Chao,PARTIDO DEMOCRATICO SOMOS PERU,155
121203,La Libertad,Virú,Guadalupito,MOVIMIENTO REGIONAL FORTALEZA PERU,776
121203,La Libertad,Virú,Guadalupito,MOVIMIENTO REGIONAL TRABAJO MAS TRABAJO,1062
121203,La Libertad,Virú,Guadalupito,SUMATE,1026
121203,La Libertad,Virú,Guadalupito,FUERZA POPULAR,315
121203,La Libertad,Virú,Guadalupito,PODEMOS PERU,580
121203,La Libertad,Virú,Guadalupito,RENOVACION POPULAR,69
130102,Lambayeque,Chiclayo,Chongoyape,MOVIMIENTO REGIONAL CONSTRUYENDO,955
130102,Lambayeque,Chiclayo,Chongoyape,FUERZA POPULAR,2896
130102,Lambayeque,Chiclayo,Chongoyape,ACCION POPULAR,1158
130102,Lambayeque,Chiclayo,Chongoyape,RENOVACION POPULAR,179
130102,Lambayeque,Chiclayo,Chongoyape,ALIANZA PARA EL PROGRESO,3092
130102,Lambayeque,Chiclayo,Chongoyape,AVANZA PAIS - PARTIDO DE INTEGRACION SOCIAL,1370
130102,Lambayeque,Chiclayo,Chongoyape,PARTIDO POLITICO NACIONAL PERU LIBRE,209
130103,Lambayeque,Chiclayo,Eten,MOVIMIENTO REGIONAL CONSTRUYENDO,1533
130103,Lambayeque,Chiclayo,Eten,PARTIDO FRENTE DE LA ESPERANZA 2021,2265
130103,Lambayeque,Chiclayo,Eten,ALIANZA PARA EL PROGRESO,140
130103,Lambayeque,Chiclayo,Eten,AVANZA PAIS - PARTIDO DE INTEGRACION SOCIAL,2888
130103,Lambayeque,Chiclayo,Eten,PARTIDO DEMOCRATICO SOMOS PERU,518
130104,Lambayeque,Chiclayo,Eten Puerto,MOVIMIENTO REGIONAL CONSTRUYENDO,497
130104,Lambayeque,Chiclayo,Eten Puerto,FUERZA POPULAR,14
130104,Lambayeque,Chiclayo,Eten Puerto,ACCION POPULAR,396
130104,Lambayeque,Chiclayo,Eten Puerto,ALIANZA PARA EL PROGRESO,426
130104,Lambayeque,Chiclayo,Eten Puerto,AVANZA PAIS - PARTIDO DE INTEGRACION SOCIAL,300
130104,Lambayeque,Chiclayo,Eten Puerto,PARTIDO DEMOCRATICO SOMOS PERU,93
130105,Lambayeque,Chiclayo,Lagunas,MOVIMIENTO REGIONAL CONSTRUYENDO,32
130105,Lambayeque,Chiclayo,Lagunas,PARTIDO FRENTE DE LA ESPERANZA 2021,1203
130105,Lambayeque,Chiclayo,Lagunas,JUNTOS POR EL PERU,123
130105,Lambayeque,Chiclayo,Lagunas,FUERZA POPULAR,367
130105,Lambayeque,Chiclayo,Lagunas,RENOVACION POPULAR,218
130105,Lambayeque,Chiclayo,Lagunas,ALIANZA PARA EL PROGRESO,768
130105,Lambayeque,Chiclayo,Lagunas,AVANZA PAIS - PARTIDO DE INTEGRACION SOCIAL,1262
130105,Lambayeque,Chiclayo,Lagunas,PARTIDO DEMOCRATICO SOMOS PERU,1101
130106,Lambayeque,Chiclayo,Monsefú,JUNTOS POR EL PERU,457
130106,Lambayeque,Chiclayo,Monsefú,FUERZA POPULAR,960
130106,Lambayeque,Chiclayo,Monsefú,ACCION POPULAR,6873
130106,Lambayeque,Chiclayo,Monsefú,AVANZA PAIS - PARTIDO DE INTEGRACION SOCIAL,1922
130106,Lambayeque,Chiclayo,Monsefú,PARTIDO MORADO,1347
130106,Lambayeque,Chiclayo,Monsefú,PARTIDO POLITICO NACIONAL PERU LIBRE,5459
130106,Lambayeque,Chiclayo,Monsefú,PARTIDO DEMOCRATICO SOMOS PERU,3732
130107,Lambayeque,Chiclayo,Nueva Arica,MOVIMIENTO REGIONAL CONSTRUYENDO,501
130107,Lambayeque,Chiclayo,Nueva Arica,FUERZA POPULAR,368
130107,Lambayeque,Chiclayo,Nueva Arica,ALIANZA PARA EL PROGRESO,290
130107,Lambayeque,Chiclayo,Nueva Arica,PARTIDO POLITICO NACIONAL PERU LIBRE,101
130107,Lambayeque,Chiclayo,Nueva Arica,PARTIDO DEMOCRATICO SOMOS PERU,332
130108,Lambayeque,Chiclayo,Oyotún,MOVIMIENTO REGIONAL CONSTRUYENDO,2179
130108,Lambayeque,Chiclayo,Oyotún,PARTIDO FRENTE DE LA ESPERANZA 2021,189
130108,Lambayeque,Chiclayo,Oyotún,FUERZA POPULAR,935
130108,Lambayeque,Chiclayo,Oyotún,AVANZA PAIS - PARTIDO DE INTEGRACION SOCIAL,252
130108,Lambayeque,Chiclayo,Oyotún,PARTIDO POLITICO NACIONAL PERU LIBRE,7
130108,Lambayeque,Chiclayo,Oyotún,PARTIDO DEMOCRATICO SOMOS PERU,1009
130109,Lambayeque,Chiclayo,Picsi,FUERZA POPULAR,1971
130109,Lambayeque,Chiclayo,Picsi,ACCION POPULAR,2431
130109,Lambayeque,Chiclayo,Picsi,ALIANZA PARA EL PROGRESO,206
130109,Lambayeque,Chiclayo,Picsi,PARTIDO DEMOCRATICO SOMOS PERU,220
130110,Lambayeque,Chiclayo,Pimentel,MOVIMIENTO REGIONAL CONSTRUYENDO,2417
130110,Lambayeque,Chiclayo,Pimentel,PARTIDO FRENTE DE LA ESPERANZA 2021,2160
130110,Lambayeque,Chiclayo,Pimentel,JUNTOS POR EL PERU,1306
130110,Lambayeque,Chiclayo,Pimentel,FUERZA POPULAR,1336
130110,Lambayeque,Chiclayo,Pimentel,ACCION POPULAR,308
130110,Lambayeque,Chiclayo,Pimentel,RENOVACION POPULAR,312
130110,Lambayeque,Chiclayo,Pimentel,ALIANZA PARA EL PROGRESO,4990
130110,Lambayeque,Chiclayo,Pimentel,AVANZA PAIS - PARTIDO DE INTEGRACION SOCIAL,1881
130110,Lambayeque,Chiclayo,Pimentel,PARTIDO POLITICO NACIONAL PERU LIBRE,210
130110,Lambayeque,Chiclayo,Pimentel,PARTIDO DEMOCRATICO SOMOS PERU,1240
130111,Lambayeque,Chiclayo,Reque,MOVIMIENTO VERDE UNIDO,69
130111,Lambayeque,Chiclayo,Reque,FUERZA POPULAR,200
130111,Lambayeque,Chiclayo,Reque,RENOVACION POPULAR,4620
130111,Lambayeque,Chiclayo,Reque,ALIANZA PARA EL PROGRESO,244
130111,Lambayeque,Chiclayo,Reque,AVANZA PAIS - PARTIDO DE INTEGRACION SOCIAL,3017
130111,Lambayeque,Chiclayo,Reque,PARTIDO DEMOCRATICO SOMOS PERU,569
130112,Lambayeque,Chiclayo,José Leonardo Ortiz,MOVIMIENTO VERDE UNIDO,1411
130112,Lambayeque,Chiclayo,José Leonardo Ortiz,MOVIMIENTO REGIONAL CONSTRUYENDO,15863
130112,Lambayeque,Chiclayo,José Leonardo Ortiz,PARTIDO FRENTE DE LA ESPERANZA 2021,4619
130112,Lambayeque,Chiclayo,José Leonardo Ortiz,PARTIDO PATRIOTICO DEL PERU,339
130112,Lambayeque,Chiclayo,José Leonardo Ortiz,JUNTOS POR EL PERU,20203
130112,Lambayeque,Chiclayo,José Leonardo Ortiz,FUERZA POPULAR,6966
130112,Lambayeque,Chiclayo,José Leonardo Ortiz,ACCION POPULAR,7740
130112,Lambayeque,Chiclayo,José Leonardo Ortiz,RENOVACION POPULAR,1426
130112,Lambayeque,Chiclayo,José Leonardo Ortiz,ALIANZA PARA EL PROGRESO,9324
130112,Lambayeque,Chiclayo,José Leonardo Ortiz,AVANZA PAIS - PARTIDO DE INTEGRACION SOCIAL,12890
130112,Lambayeque,Chiclayo,José Leonardo Ortiz,PARTIDO MORADO,579
130112,Lambayeque,Chiclayo,José Leonardo Ortiz,PARTIDO POLITICO NACIONAL PERU LIBRE,4123
130113,Lambayeque,Chiclayo,Santa Rosa,PARTIDO FRENTE DE LA ESPERANZA 2021,65
130113,Lambayeque,Chiclayo,Santa Rosa,FUERZA POPULAR,182
130113,Lambayeque,Chiclayo,Santa Rosa,ACCION POPULAR,1932
130113,Lambayeque,Chiclayo,Santa Rosa,RENOVACION POPULAR,293
130113,Lambayeque,Chiclayo,Santa Rosa,ALIANZA PARA EL PROGRESO,1364
130113,Lambayeque,Chiclayo,Santa Rosa,AVANZA PAIS - PARTIDO DE INTEGRACION SOCIAL,323
130113,Lambayeque,Chiclayo,Santa Rosa,PARTIDO POLITICO NACIONAL PERU LIBRE,74
130113,Lambayeque,Chiclayo,Santa Rosa,PARTIDO DEMOCRATICO SOMOS PERU,2685
130114,Lambayeque,Chiclayo,Saña,MOVIMIENTO REGIONAL CONSTRUYENDO,79
130114,Lambayeque,Chiclayo,Saña,PARTIDO FRENTE DE LA ESPERANZA 2021,550
130114,Lambayeque,Chiclayo,Saña,FUERZA POPULAR,888
130114,Lambayeque,Chiclayo,Saña,ALIANZA PARA EL PROGRESO,920
130114,Lambayeque,Chiclayo,Saña,AVANZA PAIS - PARTIDO DE INTEGRACION SOCIAL,1202
130114,Lambayeque,Chiclayo,Saña,PARTIDO DEMOCRATICO SOMOS PERU,1173
130115,Lambayeque,Chiclayo,La Victoria,MOVIMIENTO REGIONAL CONSTRUYENDO,12799
130115,Lambayeque,Chiclayo,La Victoria,JUNTOS POR EL PERU,5345
130115,Lambayeque,Chiclayo,La Victoria,FUERZA POPULAR,4793
130115,Lambayeque,Chiclayo,La Victoria,ALIANZA PARA EL PROGRESO,17048
130115,Lambayeque,Chiclayo,La Victoria,PARTIDO MORADO,1046
130115,Lambayeque,Chiclayo,La Victoria,PARTIDO POLITICO NACIONAL PERU LIBRE,934
130115,Lambayeque,Chiclayo,La Victoria,PARTIDO DEMOCRATICO SOMOS PERU,3237
130116,Lambayeque,Chiclayo,Cayaltí,MOVIMIENTO VERDE UNIDO,346
130116,Lambayeque,Chiclayo,Cayaltí,MOVIMIENTO REGIONAL CONSTRUYENDO,91
130116,Lambayeque,Chiclayo,Cayaltí,JUNTOS POR EL PERU,1371
130116,Lambayeque,Chiclayo,Cayaltí,ALIANZA PARA EL PROGRESO,2261
130116,Lambayeque,Chiclayo,Cayaltí,AVANZA PAIS - PARTIDO DE INTEGRACION SOCIAL,924
130116,Lambayeque,Chiclayo,Cayaltí,PARTIDO DEMOCRATICO SOMOS PERU,3118
130117,Lambayeque,Chiclayo,Patapo,MOVIMIENTO VERDE UNIDO,1905
130117,Lambayeque,Chiclayo,Patapo,MOVIMIENTO REGIONAL CONSTRUYENDO,1174
130117,Lambayeque,Chiclayo,Patapo,JUNTOS POR EL PERU,1778
130117,Lambayeque,Chiclayo,Patapo,RENOVACION POPULAR,169
130117,Lambayeque,Chiclayo,Patapo,ALIANZA PARA EL PROGRESO,2400
130117,Lambayeque,Chiclayo,Patapo,AVANZA PAIS - PARTIDO DE INTEGRACION SOCIAL,1026
130117,Lambayeque,Chiclayo,Patapo,PARTIDO POLITICO NACIONAL PERU LIBRE,320
130117,Lambayeque,Chiclayo,Patapo,PARTIDO DEMOCRATICO SOMOS PERU,2966
130118,Lambayeque,Chiclayo,Pomalca,MOVIMIENTO REGIONAL CONSTRUYENDO,1965
130118,Lambayeque,Chiclayo,Pomalca,PARTIDO FRENTE DE LA ESPERANZA 2021,2556
130118,Lambayeque,Chiclayo,Pomalca,PARTIDO PATRIOTICO DEL PERU,91
130118,Lambayeque,Chiclayo,Pomalca,JUNTOS POR EL PERU,389
130118,Lambayeque,Chiclayo,Pomalca,FUERZA POPULAR,302
130118,Lambayeque,Chiclayo,Pomalca,ACCION POPULAR,162
130118,Lambayeque,Chiclayo,Pomalca,RENOVACION POPULAR,2001
130118,Lambayeque,Chiclayo,Pomalca,ALIANZA PARA EL PROGRESO,2014
130118,Lambayeque,Chiclayo,Pomalca,PARTIDO POLITICO NACIONAL PERU LIBRE,2626
130118,Lambayeque,Chiclayo,Pomalca,PARTIDO DEMOCRATICO SOMOS PERU,1355
130119,Lambayeque,Chiclayo,Pucalá,PARTIDO FRENTE DE LA ESPERANZA 2021,183
130119,Lambayeque,Chiclayo,Pucalá,JUNTOS POR EL PERU,709
130119,Lambayeque,Chiclayo,Pucalá,RENOVACION POPULAR,379
130119,Lambayeque,Chiclayo,Pucalá,ALIANZA PARA EL PROGRESO,1448
130119,Lambayeque,Chiclayo,Pucalá,AVANZA PAIS - PARTIDO DE INTEGRACION SOCIAL,1450
130119,Lambayeque,Chiclayo,Pucalá,PARTIDO DEMOCRATICO SOMOS PERU,250
130120,Lambayeque,Chiclayo,Tumán,MOVIMIENTO REGIONAL CONSTRUYENDO,2859
130120,Lambayeque,Chiclayo,Tumán,JUNTOS POR EL PERU,1189
130120,Lambayeque,Chiclayo,Tumán,FUERZA POPULAR,169
130120,Lambayeque,Chiclayo,Tumán,RENOVACION POPULAR,111
130120,Lambayeque,Chiclayo,Tumán,ALIANZA PARA EL PROGRESO,5210
130120,Lambayeque,Chiclayo,Tumán,AVANZA PAIS - PARTIDO DE INTEGRACION SOCIAL,1999
130120,Lambayeque,Chiclayo,Tumán,PARTIDO POLITICO NACIONAL PERU LIBRE,1116
130120,Lambayeque,Chiclayo,Tumán,PARTIDO DEMOCRATICO SOMOS PERU,2338
130202,Lambayeque,Ferreñafe,Incahuasi,MOVIMIENTO REGIONAL CONSTRUYENDO,1116
130202,Lambayeque,Ferreñafe,Incahuasi,JUNTOS POR EL PERU,185
130202,Lambayeque,Ferreñafe,Incahuasi,FUERZA POPULAR,121
130202,Lambayeque,Ferreñafe,Incahuasi,ACCION POPULAR,125
130202,Lambayeque,Ferreñafe,Incahuasi,ALIANZA PARA EL PROGRESO,3000
130202,Lambayeque,Ferreñafe,Incahuasi,AVANZA PAIS - PARTIDO DE INTEGRACION SOCIAL,1661
130202,Lambayeque,Ferreñafe,Incahuasi,PARTIDO POLITICO NACIONAL PERU LIBRE,190
130202,Lambayeque,Ferreñafe,Incahuasi,PARTIDO DEMOCRATICO SOMOS PERU,538
130203,Lambayeque,Ferreñafe,Cañaris,MOVIMIENTO REGIONAL CONSTRUYENDO,895
130203,Lambayeque,Ferreñafe,Cañaris,PARTIDO FRENTE DE LA ESPERANZA 2021,62
130203,Lambayeque,Ferreñafe,Cañaris,JUNTOS POR EL PERU,62
130203,Lambayeque,Ferreñafe,Cañaris,FUERZA POPULAR,19
130203,Lambayeque,Ferreñafe,Cañaris,ACCION POPULAR,1248
130203,Lambayeque,Ferreñafe,Cañaris,ALIANZA PARA EL PROGRESO,3024
130203,Lambayeque,Ferreñafe,Cañaris,PARTIDO DEMOCRATICO SOMOS PERU,2238
130204,Lambayeque,Ferreñafe,Pitipo,MOVIMIENTO REGIONAL CONSTRUYENDO,2393
130204,Lambayeque,Ferreñafe,Pitipo,PARTIDO FRENTE DE LA ESPERANZA 2021,47
130204,Lambayeque,Ferreñafe,Pitipo,PARTIDO PATRIOTICO DEL PERU,85
130204,Lambayeque,Ferreñafe,Pitipo,FUERZA POPULAR,156
130204,Lambayeque,Ferreñafe,Pitipo,ACCION POPULAR,1669
130204,Lambayeque,Ferreñafe,Pitipo,RENOVACION POPULAR,24
130204,Lambayeque,Ferreñafe,Pitipo,ALIANZA PARA EL PROGRESO,4471
130204,Lambayeque,Ferreñafe,Pitipo,PARTIDO POLITICO NACIONAL PERU LIBRE,418
130204,Lambayeque,Ferreñafe,Pitipo,PARTIDO DEMOCRATICO SOMOS PERU,1486
130205,Lambayeque,Ferreñafe,Pueblo Nuevo,MOVIMIENTO REGIONAL CONSTRUYENDO,1353
130205,Lambayeque,Ferreñafe,Pueblo Nuevo,JUNTOS POR EL PERU,1106
130205,Lambayeque,Ferreñafe,Pueblo Nuevo,FUERZA POPULAR,768
130205,Lambayeque,Ferreñafe,Pueblo Nuevo,RENOVACION POPULAR,36
130205,Lambayeque,Ferreñafe,Pueblo Nuevo,ALIANZA PARA EL PROGRESO,505
130205,Lambayeque,Ferreñafe,Pueblo Nuevo,AVANZA PAIS - PARTIDO DE INTEGRACION SOCIAL,178
130205,Lambayeque,Ferreñafe,Pueblo Nuevo,PARTIDO DEMOCRATICO SOMOS PERU,3890
130206,Lambayeque,Ferreñafe,Manuel Antonio Mesones Muro,MOVIMIENTO REGIONAL CONSTRUYENDO,865
130206,Lambayeque,Ferreñafe,Manuel Antonio Mesones Muro,FUERZA POPULAR,75
130206,Lambayeque,Ferreñafe,Manuel Antonio Mesones Muro,RENOVACION POPULAR,56
130206,Lambayeque,Ferreñafe,Manuel Antonio Mesones Muro,ALIANZA PARA EL PROGRESO,401
130206,Lambayeque,Ferreñafe,Manuel Antonio Mesones Muro,PARTIDO DEMOCRATICO SOMOS PERU,1131
130302,Lambayeque,Lambayeque,Chochope,MOVIMIENTO REGIONAL CONSTRUYENDO,469
130302,Lambayeque,Lambayeque,Chochope,JUNTOS POR EL PERU,149
130302,Lambayeque,Lambayeque,Chochope,ACCION POPULAR,660
130303,Lambayeque,Lambayeque,Illimo,MOVIMIENTO REGIONAL CONSTRUYENDO,20
130303,Lambayeque,Lambayeque,Illimo,JUNTOS POR EL PERU,1951
130303,Lambayeque,Lambayeque,Illimo,FUERZA POPULAR,159
130303,Lambayeque,Lambayeque,Illimo,ACCION POPULAR,636
130303,Lambayeque,Lambayeque,Illimo,RENOVACION POPULAR,610
130303,Lambayeque,Lambayeque,Illimo,ALIANZA PARA EL PROGRESO,1378
130303,Lambayeque,Lambayeque,Illimo,AVANZA PAIS - PARTIDO DE INTEGRACION SOCIAL,873
130303,Lambayeque,Lambayeque,Illimo,PARTIDO DEMOCRATICO SOMOS PERU,256
130304,Lambayeque,Lambayeque,Jayanca,MOVIMIENTO VERDE UNIDO,90
130304,Lambayeque,Lambayeque,Jayanca,MOVIMIENTO REGIONAL CONSTRUYENDO,38
130304,Lambayeque,Lambayeque,Jayanca,PARTIDO FRENTE DE LA ESPERANZA 2021,546
130304,Lambayeque,Lambayeque,Jayanca,ACCION POPULAR,442
130304,Lambayeque,Lambayeque,Jayanca,ALIANZA PARA EL PROGRESO,1407
130304,Lambayeque,Lambayeque,Jayanca,AVANZA PAIS - PARTIDO DE INTEGRACION SOCIAL,2153
130304,Lambayeque,Lambayeque,Jayanca,PARTIDO POLITICO NACIONAL PERU LIBRE,2707
130304,Lambayeque,Lambayeque,Jayanca,PARTIDO DEMOCRATICO SOMOS PERU,2182
130305,Lambayeque,Lambayeque,Mochumi,MOVIMIENTO VERDE UNIDO,140
130305,Lambayeque,Lambayeque,Mochumi,MOVIMIENTO REGIONAL CONSTRUYENDO,617
130305,Lambayeque,Lambayeque,Mochumi,PARTIDO FRENTE DE LA ESPERANZA 2021,2236
130305,Lambayeque,Lambayeque,Mochumi,FUERZA POPULAR,2007
130305,Lambayeque,Lambayeque,Mochumi,ACCION POPULAR,904
130305,Lambayeque,Lambayeque,Mochumi,RENOVACION POPULAR,793
130305,Lambayeque,Lambayeque,Mochumi,ALIANZA PARA EL PROGRESO,1502
130305,Lambayeque,Lambayeque,Mochumi,PARTIDO POLITICO NACIONAL PERU LIBRE,225
130305,Lambayeque,Lambayeque,Mochumi,PARTIDO DEMOCRATICO SOMOS PERU,2948
130306,Lambayeque,Lambayeque,Mórrope,PARTIDO FRENTE DE LA ESPERANZA 2021,8960
130306,Lambayeque,Lambayeque,Mórrope,FUERZA POPULAR,5313
130306,Lambayeque,Lambayeque,Mórrope,ACCION POPULAR,4463
130306,Lambayeque,Lambayeque,Mórrope,RENOVACION POPULAR,140
130306,Lambayeque,Lambayeque,Mórrope,PARTIDO DEMOCRATICO SOMOS PERU,5265
130307,Lambayeque,Lambayeque,Motupe,MOVIMIENTO REGIONAL CONSTRUYENDO,417
130307,Lambayeque,Lambayeque,Motupe,JUNTOS POR EL PERU,3230
130307,Lambayeque,Lambayeque,Motupe,FUERZA POPULAR,4765
130307,Lambayeque,Lambayeque,Motupe,RENOVACION POPULAR,66
130307,Lambayeque,Lambayeque,Motupe,AVANZA PAIS - PARTIDO DE INTEGRACION SOCIAL,5213
130307,Lambayeque,Lambayeque,Motupe,PARTIDO POLITICO NACIONAL PERU LIBRE,212
130307,Lambayeque,Lambayeque,Motupe,PARTIDO DEMOCRATICO SOMOS PERU,1359
130308,Lambayeque,Lambayeque,Olmos,MOVIMIENTO VERDE UNIDO,872
130308,Lambayeque,Lambayeque,Olmos,MOVIMIENTO REGIONAL CONSTRUYENDO,229
130308,Lambayeque,Lambayeque,Olmos,PARTIDO FRENTE DE LA ESPERANZA 2021,3008
130308,Lambayeque,Lambayeque,Olmos,JUNTOS POR EL PERU,4119
130308,Lambayeque,Lambayeque,Olmos,FUERZA POPULAR,566
130308,Lambayeque,Lambayeque,Olmos,ACCION POPULAR,2319
130308,Lambayeque,Lambayeque,Olmos,RENOVACION POPULAR,2015
130308,Lambayeque,Lambayeque,Olmos,AVANZA PAIS - PARTIDO DE INTEGRACION SOCIAL,5065
130308,Lambayeque,Lambayeque,Olmos,PARTIDO POLITICO NACIONAL PERU LIBRE,517
130308,Lambayeque,Lambayeque,Olmos,PARTIDO DEMOCRATICO SOMOS PERU,4755
130309,Lambayeque,Lambayeque,Pacora,MOVIMIENTO REGIONAL CONSTRUYENDO,1178
130309,Lambayeque,Lambayeque,Pacora,JUNTOS POR EL PERU,678
130309,Lambayeque,Lambayeque,Pacora,FUERZA POPULAR,437
130309,Lambayeque,Lambayeque,Pacora,ACCION POPULAR,292
130309,Lambayeque,Lambayeque,Pacora,RENOVACION POPULAR,263
130309,Lambayeque,Lambayeque,Pacora,AVANZA PAIS - PARTIDO DE INTEGRACION SOCIAL,1113
130309,Lambayeque,Lambayeque,Pacora,PARTIDO DEMOCRATICO SOMOS PERU,461
130310,Lambayeque,Lambayeque,Salas,MOVIMIENTO VERDE UNIDO,58
130310,Lambayeque,Lambayeque,Salas,MOVIMIENTO REGIONAL CONSTRUYENDO,12
130310,Lambayeque,Lambayeque,Salas,PARTIDO FRENTE DE LA ESPERANZA 2021,60
130310,Lambayeque,Lambayeque,Salas,FUERZA POPULAR,1214
130310,Lambayeque,Lambayeque,Salas,ACCION POPULAR,1554
130310,Lambayeque,Lambayeque,Salas,RENOVACION POPULAR,23
130310,Lambayeque,Lambayeque,Salas,AVANZA PAIS - PARTIDO DE INTEGRACION SOCIAL,1564
130310,Lambayeque,Lambayeque,Salas,PARTIDO POLITICO NACIONAL PERU LIBRE,2131
130310,Lambayeque,Lambayeque,Salas,PARTIDO DEMOCRATICO SOMOS PERU,1450
130311,Lambayeque,Lambayeque,San José,PARTIDO FRENTE DE LA ESPERANZA 2021,270
130311,Lambayeque,Lambayeque,San José,JUNTOS POR EL PERU,2849
130311,Lambayeque,Lambayeque,San José,FUERZA POPULAR,1799
130311,Lambayeque,Lambayeque,San José,RENOVACION POPULAR,149
130311,Lambayeque,Lambayeque,San José,ALIANZA PARA EL PROGRESO,683
130311,Lambayeque,Lambayeque,San José,AVANZA PAIS - PARTIDO DE INTEGRACION SOCIAL,2062
130311,Lambayeque,Lambayeque,San José,PARTIDO POLITICO NACIONAL PERU LIBRE,158
130311,Lambayeque,Lambayeque,San José,PARTIDO DEMOCRATICO SOMOS PERU,874
130312,Lambayeque,Lambayeque,Túcume,MOVIMIENTO REGIONAL CONSTRUYENDO,113
130312,Lambayeque,Lambayeque,Túcume,PARTIDO FRENTE DE LA ESPERANZA 2021,1981
130312,Lambayeque,Lambayeque,Túcume,JUNTOS POR EL PERU,2002
130312,Lambayeque,Lambayeque,Túcume,FUERZA POPULAR,1441
130312,Lambayeque,Lambayeque,Túcume,ALIANZA PARA EL PROGRESO,4814
130312,Lambayeque,Lambayeque,Túcume,AVANZA PAIS - PARTIDO DE INTEGRACION SOCIAL,465
130312,Lambayeque,Lambayeque,Túcume,PARTIDO POLITICO NACIONAL PERU LIBRE,312
130312,Lambayeque,Lambayeque,Túcume,PARTIDO DEMOCRATICO SOMOS PERU,3239
140102,Lima,Lima,Ancón,PARTIDO FRENTE DE LA ESPERANZA 2021,1155
140102,Lima,Lima,Ancón,ACCION POPULAR,379
140102,Lima,Lima,Ancón,PODEMOS PERU,9023
140102,Lima,Lima,Ancón,RENOVACION POPULAR,1480
140102,Lima,Lima,Ancón,ALIANZA PARA EL PROGRESO,7308
140102,Lima,Lima,Ancón,AVANZA PAIS - PARTIDO DE INTEGRACION SOCIAL,2015
140102,Lima,Lima,Ancón,PARTIDO POLITICO NACIONAL PERU LIBRE,678
140102,Lima,Lima,Ancón,PARTIDO DEMOCRATICO SOMOS PERU,5986
140103,Lima,Lima,Ate,JUNTOS POR EL PERU,12057
140103,Lima,Lima,Ate,FUERZA POPULAR,8333
140103,Lima,Lima,Ate,ACCION POPULAR,42118
140103,Lima,Lima,Ate,PODEMOS PERU,76217
140103,Lima,Lima,Ate,RENOVACION POPULAR,27667
140103,Lima,Lima,Ate,ALIANZA PARA EL PROGRESO,45413
140103,Lima,Lima,Ate,AVANZA PAIS - PARTIDO DE INTEGRACION SOCIAL,80641
140103,Lima,Lima,Ate,PARTIDO POLITICO NACIONAL PERU LIBRE,9673
140103,Lima,Lima,Ate,PARTIDO DEMOCRATICO SOMOS PERU,28723
140104,Lima,Lima,Breña,PARTIDO FRENTE DE LA ESPERANZA 2021,5518
140104,Lima,Lima,Breña,JUNTOS POR EL PERU,5583
140104,Lima,Lima,Breña,FUERZA POPULAR,3445
140104,Lima,Lima,Breña,ACCION POPULAR,2016
140104,Lima,Lima,Breña,PODEMOS PERU,21482
140104,Lima,Lima,Breña,RENOVACION POPULAR,15684
140104,Lima,Lima,Breña,ALIANZA PARA EL PROGRESO,2906
140104,Lima,Lima,Breña,AVANZA PAIS - PARTIDO DE INTEGRACION SOCIAL,5205
140104,Lima,Lima,Breña,PARTIDO MORADO,1821
140104,Lima,Lima,Breña,PARTIDO DEMOCRATICO SOMOS PERU,8805
140105,Lima,Lima,Carabayllo,PARTIDO FRENTE DE LA ESPERANZA 2021,8612
140105,Lima,Lima,Carabayllo,PARTIDO PATRIOTICO DEL PERU,720
140105,Lima,Lima,Carabayllo,JUNTOS POR EL PERU,5626
140105,Lima,Lima,Carabayllo,FUERZA POPULAR,5493
140105,Lima,Lima,Carabayllo,ACCION POPULAR,3966
140105,Lima,Lima,Carabayllo,PODEMOS PERU,26309
140105,Lima,Lima,Carabayllo,RENOVACION POPULAR,31048
140105,Lima,Lima,Carabayllo,ALIANZA PARA EL PROGRESO,31849
140105,Lima,Lima,Carabayllo,PARTIDO MORADO,3069
140105,Lima,Lima,Carabayllo,PARTIDO POLITICO NACIONAL PERU LIBRE,4718
140105,Lima,Lima,Carabayllo,PARTIDO DEMOCRATICO SOMOS PERU,35689
140106,Lima,Lima,Comas,PARTIDO FRENTE DE LA ESPERANZA 2021,41432
140106,Lima,Lima,Comas,PARTIDO PATRIOTICO DEL PERU,2535
140106,Lima,Lima,Comas,JUNTOS POR EL PERU,14572
140106,Lima,Lima,Comas,ACCION POPULAR,4900
140106,Lima,Lima,Comas,PODEMOS PERU,42006
140106,Lima,Lima,Comas,RENOVACION POPULAR,37955
140106,Lima,Lima,Comas,ALIANZA PARA EL PROGRESO,52268
140106,Lima,Lima,Comas,AVANZA PAIS - PARTIDO DE INTEGRACION SOCIAL,24538
140106,Lima,Lima,Comas,PARTIDO MORADO,19458
140106,Lima,Lima,Comas,PARTIDO POLITICO NACIONAL PERU LIBRE,4581
140106,Lima,Lima,Comas,PARTIDO DEMOCRATICO SOMOS PERU,63514
140107,Lima,Lima,Chaclacayo,PARTIDO FRENTE DE LA ESPERANZA 2021,2258
140107,Lima,Lima,Chaclacayo,PARTIDO PATRIOTICO DEL PERU,1984
140107,Lima,Lima,Chaclacayo,FUERZA POPULAR,1248
140107,Lima,Lima,Chaclacayo,RENOVACION POPULAR,7580
140107,Lima,Lima,Chaclacayo,ALIANZA PARA EL PROGRESO,2139
140107,Lima,Lima,Chaclacayo,AVANZA PAIS - PARTIDO DE INTEGRACION SOCIAL,4938
140107,Lima,Lima,Chaclacayo,PARTIDO MORADO,1755
140107,Lima,Lima,Chaclacayo,PARTIDO POLITICO NACIONAL PERU LIBRE,1783
140107,Lima,Lima,Chaclacayo,PARTIDO DEMOCRATICO SOMOS PERU,4100
140108,Lima,Lima,Chorrillos,PARTIDO FRENTE DE LA ESPERANZA 2021,10418
140108,Lima,Lima,Chorrillos,PARTIDO PATRIOTICO DEL PERU,931
140108,Lima,Lima,Chorrillos,JUNTOS POR EL PERU,8142
140108,Lima,Lima,Chorrillos,FUERZA POPULAR,4812
140108,Lima,Lima,Chorrillos,ACCION POPULAR,12172
140108,Lima,Lima,Chorrillos,PODEMOS PERU,29405
140108,Lima,Lima,Chorrillos,RENOVACION POPULAR,20935
140108,Lima,Lima,Chorrillos,ALIANZA PARA EL PROGRESO,63208
140108,Lima,Lima,Chorrillos,AVANZA PAIS - PARTIDO DE INTEGRACION SOCIAL,4524
140108,Lima,Lima,Chorrillos,PARTIDO MORADO,2244
140108,Lima,Lima,Chorrillos,PARTIDO POLITICO NACIONAL PERU LIBRE,2073
140108,Lima,Lima,Chorrillos,PARTIDO DEMOCRATICO SOMOS PERU,27875
140109,Lima,Lima,La Victoria,PARTIDO FRENTE DE LA ESPERANZA 2021,11195
140109,Lima,Lima,La Victoria,PARTIDO PATRIOTICO DEL PERU,955
140109,Lima,Lima,La Victoria,FUERZA POPULAR,7085
140109,Lima,Lima,La Victoria,ACCION POPULAR,2627
140109,Lima,Lima,La Victoria,PODEMOS PERU,24467
140109,Lima,Lima,La Victoria,RENOVACION POPULAR,36885
140109,Lima,Lima,La Victoria,ALIANZA PARA EL PROGRESO,6959
140109,Lima,Lima,La Victoria,PARTIDO MORADO,3055
140109,Lima,Lima,La Victoria,PARTIDO POLITICO NACIONAL PERU LIBRE,3366
140109,Lima,Lima,La Victoria,PARTIDO DEMOCRATICO SOMOS PERU,34077
140110,Lima,Lima,La Molina,PARTIDO FRENTE DE LA ESPERANZA 2021,3963
140110,Lima,Lima,La Molina,PARTIDO PATRIOTICO DEL PERU,253
140110,Lima,Lima,La Molina,JUNTOS POR EL PERU,3598
140110,Lima,Lima,La Molina,ACCION POPULAR,5039
140110,Lima,Lima,La Molina,PODEMOS PERU,16496
140110,Lima,Lima,La Molina,RENOVACION POPULAR,35347
140110,Lima,Lima,La Molina,ALIANZA PARA EL PROGRESO,11734
140110,Lima,Lima,La Molina,AVANZA PAIS - PARTIDO DE INTEGRACION SOCIAL,25769
140110,Lima,Lima,La Molina,PARTIDO MORADO,2842
140110,Lima,Lima,La Molina,PARTIDO POLITICO NACIONAL PERU LIBRE,885
140110,Lima,Lima,La Molina,PARTIDO DEMOCRATICO SOMOS PERU,9200
140111,Lima,Lima,Lince,JUNTOS POR EL PERU,2987
140111,Lima,Lima,Lince,FUERZA POPULAR,1607
140111,Lima,Lima,Lince,PODEMOS PERU,6283
140111,Lima,Lima,Lince,RENOVACION POPULAR,15635
140111,Lima,Lima,Lince,ALIANZA PARA EL PROGRESO,2663
140111,Lima,Lima,Lince,PARTIDO MORADO,15243
140111,Lima,Lima,Lince,PARTIDO POLITICO NACIONAL PERU LIBRE,700
140111,Lima,Lima,Lince,PARTIDO DEMOCRATICO SOMOS PERU,10967
140112,Lima,Lima,Lurigancho,PARTIDO FRENTE DE LA ESPERANZA 2021,10520
140112,Lima,Lima,Lurigancho,JUNTOS POR EL PERU,21787
140112,Lima,Lima,Lurigancho,FUERZA POPULAR,3185
140112,Lima,Lima,Lurigancho,ACCION POPULAR,3753
140112,Lima,Lima,Lurigancho,PODEMOS PERU,15389
140112,Lima,Lima,Lurigancho,RENOVACION POPULAR,16120
140112,Lima,Lima,Lurigancho,ALIANZA PARA EL PROGRESO,14860
140112,Lima,Lima,Lurigancho,AVANZA PAIS - PARTIDO DE INTEGRACION SOCIAL,2244
140112,Lima,Lima,Lurigancho,PARTIDO MORADO,2352
140112,Lima,Lima,Lurigancho,PARTIDO POLITICO NACIONAL PERU LIBRE,1999
140112,Lima,Lima,Lurigancho,PARTIDO DEMOCRATICO SOMOS PERU,9447
140113,Lima,Lima,Lurín,PARTIDO FRENTE DE LA ESPERANZA 2021,2526
140113,Lima,Lima,Lurín,PARTIDO PATRIOTICO DEL PERU,955
140113,Lima,Lima,Lurín,FUERZA POPULAR,1344
140113,Lima,Lima,Lurín,PODEMOS PERU,3832
140113,Lima,Lima,Lurín,RENOVACION POPULAR,13148
140113,Lima,Lima,Lurín,ALIANZA PARA EL PROGRESO,15655
140113,Lima,Lima,Lurín,PARTIDO DEMOCRATICO SOMOS PERU,11490
140114,Lima,Lima,Magdalena del Mar,PARTIDO FRENTE DE LA ESPERANZA 2021,2102
140114,Lima,Lima,Magdalena del Mar,FUERZA POPULAR,1481
140114,Lima,Lima,Magdalena del Mar,ACCION POPULAR,1441
140114,Lima,Lima,Magdalena del Mar,PODEMOS PERU,3418
140114,Lima,Lima,Magdalena del Mar,RENOVACION POPULAR,12973
140114,Lima,Lima,Magdalena del Mar,ALIANZA PARA EL PROGRESO,21347
140114,Lima,Lima,Magdalena del Mar,PARTIDO MORADO,2690
140114,Lima,Lima,Magdalena del Mar,PARTIDO DEMOCRATICO SOMOS PERU,4532
140115,Lima,Lima,Miraflores,PARTIDO FRENTE DE LA ESPERANZA 2021,4272
140115,Lima,Lima,Miraflores,FUERZA POPULAR,3793
140115,Lima,Lima,Miraflores,ACCION POPULAR,9415
140115,Lima,Lima,Miraflores,PODEMOS PERU,4442
140115,Lima,Lima,Miraflores,RENOVACION POPULAR,31032
140115,Lima,Lima,Miraflores,ALIANZA PARA EL PROGRESO,6865
140115,Lima,Lima,Miraflores,AVANZA PAIS - PARTIDO DE INTEGRACION SOCIAL,5020
140115,Lima,Lima,Miraflores,PARTIDO MORADO,8157
140115,Lima,Lima,Miraflores,PARTIDO DEMOCRATICO SOMOS PERU,9516
140116,Lima,Lima,Pachacamac,PARTIDO PATRIOTICO DEL PERU,2152
140116,Lima,Lima,Pachacamac,FUERZA POPULAR,3254
140116,Lima,Lima,Pachacamac,PODEMOS PERU,8382
140116,Lima,Lima,Pachacamac,RENOVACION POPULAR,3007
140116,Lima,Lima,Pachacamac,ALIANZA PARA EL PROGRESO,21164
140116,Lima,Lima,Pachacamac,PARTIDO MORADO,3235
140116,Lima,Lima,Pachacamac,PARTIDO DEMOCRATICO SOMOS PERU,17536
140117,Lima,Lima,Pueblo Libre,PARTIDO FRENTE DE LA ESPERANZA 2021,4427
140117,Lima,Lima,Pueblo Libre,JUNTOS POR EL PERU,5914
140117,Lima,Lima,Pueblo Libre,ACCION POPULAR,1205
140117,Lima,Lima,Pueblo Libre,PODEMOS PERU,7530
140117,Lima,Lima,Pueblo Libre,RENOVACION POPULAR,19944
140117,Lima,Lima,Pueblo Libre,ALIANZA PARA EL PROGRESO,11219
140117,Lima,Lima,Pueblo Libre,AVANZA PAIS - PARTIDO DE INTEGRACION SOCIAL,5161
140117,Lima,Lima,Pueblo Libre,PARTIDO MORADO,4233
140117,Lima,Lima,Pueblo Libre,PARTIDO DEMOCRATICO SOMOS PERU,7904
140118,Lima,Lima,Pucusana,PARTIDO FRENTE DE LA ESPERANZA 2021,1731
140118,Lima,Lima,Pucusana,JUNTOS POR EL PERU,865
140118,Lima,Lima,Pucusana,FUERZA POPULAR,350
140118,Lima,Lima,Pucusana,PODEMOS PERU,1556
140118,Lima,Lima,Pucusana,RENOVACION POPULAR,184
140118,Lima,Lima,Pucusana,ALIANZA PARA EL PROGRESO,930
140118,Lima,Lima,Pucusana,AVANZA PAIS - PARTIDO DE INTEGRACION SOCIAL,1115
140118,Lima,Lima,Pucusana,PARTIDO POLITICO NACIONAL PERU LIBRE,304
140118,Lima,Lima,Pucusana,PARTIDO DEMOCRATICO SOMOS PERU,1845
140119,Lima,Lima,Puente Piedra,PARTIDO FRENTE DE LA ESPERANZA 2021,10742
140119,Lima,Lima,Puente Piedra,PARTIDO PATRIOTICO DEL PERU,4263
140119,Lima,Lima,Puente Piedra,JUNTOS POR EL PERU,7137
140119,Lima,Lima,Puente Piedra,PODEMOS PERU,21219
140119,Lima,Lima,Puente Piedra,RENOVACION POPULAR,35609
140119,Lima,Lima,Puente Piedra,ALIANZA PARA EL PROGRESO,22408
140119,Lima,Lima,Puente Piedra,AVANZA PAIS - PARTIDO DE INTEGRACION SOCIAL,17092
140119,Lima,Lima,Puente Piedra,PARTIDO MORADO,2241
140119,Lima,Lima,Puente Piedra,PARTIDO DEMOCRATICO SOMOS PERU,53867
140120,Lima,Lima,Punta Hermosa,FUERZA POPULAR,176
140120,Lima,Lima,Punta Hermosa,PODEMOS PERU,627
140120,Lima,Lima,Punta Hermosa,RENOVACION POPULAR,546
140120,Lima,Lima,Punta Hermosa,ALIANZA PARA EL PROGRESO,902
140120,Lima,Lima,Punta Hermosa,AVANZA PAIS - PARTIDO DE INTEGRACION SOCIAL,1577
140120,Lima,Lima,Punta Hermosa,PARTIDO DEMOCRATICO SOMOS PERU,1063
140121,Lima,Lima,Punta Negra,PARTIDO FRENTE DE LA ESPERANZA 2021,653
140121,Lima,Lima,Punta Negra,PARTIDO PATRIOTICO DEL PERU,49
140121,Lima,Lima,Punta Negra,FUERZA POPULAR,484
140121,Lima,Lima,Punta Negra,ACCION POPULAR,443
140121,Lima,Lima,Punta Negra,PODEMOS PERU,455
140121,Lima,Lima,Punta Negra,RENOVACION POPULAR,481
140121,Lima,Lima,Punta Negra,ALIANZA PARA EL PROGRESO,791
140121,Lima,Lima,Punta Negra,AVANZA PAIS - PARTIDO DE INTEGRACION SOCIAL,741
140121,Lima,Lima,Punta Negra,PARTIDO DEMOCRATICO SOMOS PERU,475
140122,Lima,Lima,Rímac,PARTIDO FRENTE DE LA ESPERANZA 2021,21350
140122,Lima,Lima,Rímac,JUNTOS POR EL PERU,4398
140122,Lima,Lima,Rímac,FUERZA POPULAR,8052
140122,Lima,Lima,Rímac,PODEMOS PERU,30981
140122,Lima,Lima,Rímac,RENOVACION POPULAR,23641
140122,Lima,Lima,Rímac,ALIANZA PARA EL PROGRESO,5711
140122,Lima,Lima,Rímac,AVANZA PAIS - PARTIDO DE INTEGRACION SOCIAL,6237
140122,Lima,Lima,Rímac,PARTIDO MORADO,2881
140122,Lima,Lima,Rímac,PARTIDO POLITICO NACIONAL PERU LIBRE,2169
140122,Lima,Lima,Rímac,PARTIDO DEMOCRATICO SOMOS PERU,12372
140123,Lima,Lima,San Bartolo,PODEMOS PERU,935
140123,Lima,Lima,San Bartolo,ALIANZA PARA EL PROGRESO,399
140123,Lima,Lima,San Bartolo,AVANZA PAIS - PARTIDO DE INTEGRACION SOCIAL,2676
140123,Lima,Lima,San Bartolo,PARTIDO DEMOCRATICO SOMOS PERU,821
140124,Lima,Lima,San Isidro,PARTIDO FRENTE DE LA ESPERANZA 2021,3097
140124,Lima,Lima,San Isidro,FUERZA POPULAR,7583
140124,Lima,Lima,San Isidro,ACCION POPULAR,962
140124,Lima,Lima,San Isidro,PODEMOS PERU,2294
140124,Lima,Lima,San Isidro,RENOVACION POPULAR,16444
140124,Lima,Lima,San Isidro,ALIANZA PARA EL PROGRESO,2183
140124,Lima,Lima,San Isidro,AVANZA PAIS - PARTIDO DE INTEGRACION SOCIAL,6959
140124,Lima,Lima,San Isidro,PARTIDO MORADO,1646
140124,Lima,Lima,San Isidro,PARTIDO DEMOCRATICO SOMOS PERU,6682
140125,Lima,Lima,Barranco,PARTIDO FRENTE DE LA ESPERANZA 2021,1037
140125,Lima,Lima,Barranco,JUNTOS POR EL PERU,3792
140125,Lima,Lima,Barranco,FUERZA POPULAR,1038
140125,Lima,Lima,Barranco,ACCION POPULAR,435
140125,Lima,Lima,Barranco,PODEMOS PERU,5062
140125,Lima,Lima,Barranco,RENOVACION POPULAR,6197
140125,Lima,Lima,Barranco,ALIANZA PARA EL PROGRESO,5934
140125,Lima,Lima,Barranco,AVANZA PAIS - PARTIDO DE INTEGRACION SOCIAL,1986
140125,Lima,Lima,Barranco,PARTIDO MORADO,484
140125,Lima,Lima,Barranco,PARTIDO POLITICO NACIONAL PERU LIBRE,247
140125,Lima,Lima,Barranco,PARTIDO DEMOCRATICO SOMOS PERU,5298
140126,Lima,Lima,San Martín de Porres,PARTIDO FRENTE DE LA ESPERANZA 2021,31836
140126,Lima,Lima,San Martín de Porres,FUERZA POPULAR,16562
140126,Lima,Lima,San Martín de Porres,ACCION POPULAR,11947
140126,Lima,Lima,San Martín de Porres,PODEMOS PERU,113580
140126,Lima,Lima,San Martín de Porres,RENOVACION POPULAR,65071
140126,Lima,Lima,San Martín de Porres,ALIANZA PARA EL PROGRESO,22982
140126,Lima,Lima,San Martín de Porres,AVANZA PAIS - PARTIDO DE INTEGRACION SOCIAL,10961
140126,Lima,Lima,San Martín de Porres,PARTIDO MORADO,12327
140126,Lima,Lima,San Martín de Porres,PARTIDO POLITICO NACIONAL PERU LIBRE,9533
140126,Lima,Lima,San Martín de Porres,PARTIDO DEMOCRATICO SOMOS PERU,64854
140127,Lima,Lima,San Miguel,PARTIDO FRENTE DE LA ESPERANZA 2021,8290
140127,Lima,Lima,San Miguel,PARTIDO PATRIOTICO DEL PERU,1652
140127,Lima,Lima,San Miguel,PODEMOS PERU,17131
140127,Lima,Lima,San Miguel,RENOVACION POPULAR,23106
140127,Lima,Lima,San Miguel,ALIANZA PARA EL PROGRESO,3102
140127,Lima,Lima,San Miguel,AVANZA PAIS - PARTIDO DE INTEGRACION SOCIAL,34296
140127,Lima,Lima,San Miguel,PARTIDO MORADO,2819
140127,Lima,Lima,San Miguel,PARTIDO DEMOCRATICO SOMOS PERU,9711
140128,Lima,Lima,Santa María del Mar,ACCION POPULAR,609
140128,Lima,Lima,Santa María del Mar,PARTIDO DEMOCRATICO SOMOS PERU,238
140129,Lima,Lima,Santa Rosa,PARTIDO FRENTE DE LA ESPERANZA 2021,961
140129,Lima,Lima,Santa Rosa,JUNTOS POR EL PERU,303
140129,Lima,Lima,Santa Rosa,FUERZA POPULAR,299
140129,Lima,Lima,Santa Rosa,PODEMOS PERU,2790
140129,Lima,Lima,Santa Rosa,RENOVACION POPULAR,539
140129,Lima,Lima,Santa Rosa,ALIANZA PARA EL PROGRESO,1261
140129,Lima,Lima,Santa Rosa,AVANZA PAIS - PARTIDO DE INTEGRACION SOCIAL,2374
140129,Lima,Lima,Santa Rosa,PARTIDO POLITICO NACIONAL PERU LIBRE,576
140129,Lima,Lima,Santa Rosa,PARTIDO DEMOCRATICO SOMOS PERU,1832
140130,Lima,Lima,Santiago de Surco,PARTIDO FRENTE DE LA ESPERANZA 2021,9905
140130,Lima,Lima,Santiago de Surco,PODEMOS PERU,26835
140130,Lima,Lima,Santiago de Surco,RENOVACION POPULAR,38161
140130,Lima,Lima,Santiago de Surco,ALIANZA PARA EL PROGRESO,18444
140130,Lima,Lima,Santiago de Surco,AVANZA PAIS - PARTIDO DE INTEGRACION SOCIAL,90308
140130,Lima,Lima,Santiago de Surco,PARTIDO MORADO,5364
140130,Lima,Lima,Santiago de Surco,PARTIDO POLITICO NACIONAL PERU LIBRE,2525
140130,Lima,Lima,Santiago de Surco,PARTIDO DEMOCRATICO SOMOS PERU,34364
140131,Lima,Lima,Surquillo,PARTIDO FRENTE DE LA ESPERANZA 2021,4599
140131,Lima,Lima,Surquillo,FUERZA POPULAR,1870
140131,Lima,Lima,Surquillo,ACCION POPULAR,1681
140131,Lima,Lima,Surquillo,PODEMOS PERU,9633
140131,Lima,Lima,Surquillo,RENOVACION POPULAR,20395
140131,Lima,Lima,Surquillo,ALIANZA PARA EL PROGRESO,13148
140131,Lima,Lima,Surquillo,PARTIDO MORADO,3511
140131,Lima,Lima,Surquillo,PARTIDO POLITICO NACIONAL PERU LIBRE,1077
140131,Lima,Lima,Surquillo,PARTIDO DEMOCRATICO SOMOS PERU,12643
140132,Lima,Lima,Villa María del Triunfo,PARTIDO FRENTE DE LA ESPERANZA 2021,17893
140132,Lima,Lima,Villa María del Triunfo,JUNTOS POR EL PERU,12602
140132,Lima,Lima,Villa María del Triunfo,FUERZA POPULAR,8358
140132,Lima,Lima,Villa María del Triunfo,PODEMOS PERU,38338
140132,Lima,Lima,Villa María del Triunfo,RENOVACION POPULAR,39884
140132,Lima,Lima,Villa María del Triunfo,ALIANZA PARA EL PROGRESO,67934
140132,Lima,Lima,Villa María del Triunfo,AVANZA PAIS - PARTIDO DE INTEGRACION SOCIAL,8081
140132,Lima,Lima,Villa María del Triunfo,PARTIDO MORADO,6124
140132,Lima,Lima,Villa María del Triunfo,PARTIDO POLITICO NACIONAL PERU LIBRE,6116
140132,Lima,Lima,Villa María del Triunfo,PARTIDO DEMOCRATICO SOMOS PERU,41942
140133,Lima,Lima,Jesús María,PARTIDO FRENTE DE LA ESPERANZA 2021,17048
140133,Lima,Lima,Jesús María,PODEMOS PERU,8993
140133,Lima,Lima,Jesús María,RENOVACION POPULAR,22997
140133,Lima,Lima,Jesús María,ALIANZA PARA EL PROGRESO,3025
140133,Lima,Lima,Jesús María,AVANZA PAIS - PARTIDO DE INTEGRACION SOCIAL,14602
140133,Lima,Lima,Jesús María,PARTIDO DEMOCRATICO SOMOS PERU,11380
140134,Lima,Lima,Independencia,PARTIDO PATRIOTICO DEL PERU,7078
140134,Lima,Lima,Independencia,FUERZA POPULAR,7571
140134,Lima,Lima,Independencia,PODEMOS PERU,24465
140134,Lima,Lima,Independencia,RENOVACION POPULAR,18191
140134,Lima,Lima,Independencia,ALIANZA PARA EL PROGRESO,9474
140134,Lima,Lima,Independencia,AVANZA PAIS - PARTIDO DE INTEGRACION SOCIAL,6692
140134,Lima,Lima,Independencia,PARTIDO MORADO,3372
140134,Lima,Lima,Independencia,PARTIDO POLITICO NACIONAL PERU LIBRE,4595
140134,Lima,Lima,Independencia,PARTIDO DEMOCRATICO SOMOS PERU,41967
140135,Lima,Lima,El Agustino,PARTIDO FRENTE DE LA ESPERANZA 2021,8433
140135,Lima,Lima,El Agustino,FUERZA POPULAR,7440
140135,Lima,Lima,El Agustino,ACCION POPULAR,11570
140135,Lima,Lima,El Agustino,PODEMOS PERU,42573
140135,Lima,Lima,El Agustino,ALIANZA PARA EL PROGRESO,23309
140135,Lima,Lima,El Agustino,AVANZA PAIS - PARTIDO DE INTEGRACION SOCIAL,7207
140135,Lima,Lima,El Agustino,PARTIDO MORADO,2371
140135,Lima,Lima,El Agustino,PARTIDO POLITICO NACIONAL PERU LIBRE,3242
140135,Lima,Lima,El Agustino,PARTIDO DEMOCRATICO SOMOS PERU,10433
140136,Lima,Lima,San Juan de Miraflores,PARTIDO FRENTE DE LA ESPERANZA 2021,27617
140136,Lima,Lima,San Juan de Miraflores,PARTIDO PATRIOTICO DEL PERU,2894
140136,Lima,Lima,San Juan de Miraflores,JUNTOS POR EL PERU,14813
140136,Lima,Lima,San Juan de Miraflores,FUERZA POPULAR,10669
140136,Lima,Lima,San Juan de Miraflores,ACCION POPULAR,7643
140136,Lima,Lima,San Juan de Miraflores,PODEMOS PERU,35422
140136,Lima,Lima,San Juan de Miraflores,RENOVACION POPULAR,39422
140136,Lima,Lima,San Juan de Miraflores,ALIANZA PARA EL PROGRESO,49276
140136,Lima,Lima,San Juan de Miraflores,AVANZA PAIS - PARTIDO DE INTEGRACION SOCIAL,21749
140136,Lima,Lima,San Juan de Miraflores,PARTIDO MORADO,6490
140136,Lima,Lima,San Juan de Miraflores,PARTIDO DEMOCRATICO SOMOS PERU,19668
140137,Lima,Lima,San Juan de Lurigancho,PARTIDO FRENTE DE LA ESPERANZA 2021,42433
140137,Lima,Lima,San Juan de Lurigancho,PARTIDO PATRIOTICO DEL PERU,2684
140137,Lima,Lima,San Juan de Lurigancho,JUNTOS POR EL PERU,27130
140137,Lima,Lima,San Juan de Lurigancho,FUERZA POPULAR,27268
140137,Lima,Lima,San Juan de Lurigancho,ACCION POPULAR,9206
140137,Lima,Lima,San Juan de Lurigancho,PODEMOS PERU,88186
140137,Lima,Lima,San Juan de Lurigancho,RENOVACION POPULAR,89711
140137,Lima,Lima,San Juan de Lurigancho,ALIANZA PARA EL PROGRESO,84027
140137,Lima,Lima,San Juan de Lurigancho,AVANZA PAIS - PARTIDO DE INTEGRACION SOCIAL,41069
140137,Lima,Lima,San Juan de Lurigancho,PARTIDO MORADO,7334
140137,Lima,Lima,San Juan de Lurigancho,PARTIDO POLITICO NACIONAL PERU LIBRE,13457
140137,Lima,Lima,San Juan de Lurigancho,PARTIDO DEMOCRATICO SOMOS PERU,120769
140138,Lima,Lima,San Luis,PARTIDO FRENTE DE LA ESPERANZA 2021,2192
140138,Lima,Lima,San Luis,JUNTOS POR EL PERU,1602
140138,Lima,Lima,San Luis,FUERZA POPULAR,1297
140138,Lima,Lima,San Luis,PODEMOS PERU,8510
140138,Lima,Lima,San Luis,RENOVACION POPULAR,10142
140138,Lima,Lima,San Luis,ALIANZA PARA EL PROGRESO,3581
140138,Lima,Lima,San Luis,AVANZA PAIS - PARTIDO DE INTEGRACION SOCIAL,4262
140138,Lima,Lima,San Luis,PARTIDO MORADO,839
140138,Lima,Lima,San Luis,PARTIDO POLITICO NACIONAL PERU LIBRE,678
140138,Lima,Lima,San Luis,PARTIDO DEMOCRATICO SOMOS PERU,9294
140139,Lima,Lima,Cieneguilla,PODEMOS PERU,8139
140139,Lima,Lima,Cieneguilla,RENOVACION POPULAR,3501
140139,Lima,Lima,Cieneguilla,ALIANZA PARA EL PROGRESO,1305
140139,Lima,Lima,Cieneguilla,PARTIDO POLITICO NACIONAL PERU LIBRE,440
140139,Lima,Lima,Cieneguilla,PARTIDO DEMOCRATICO SOMOS PERU,5856
140140,Lima,Lima,San Borja,PARTIDO FRENTE DE LA ESPERANZA 2021,5277
140140,Lima,Lima,San Borja,PARTIDO PATRIOTICO DEL PERU,223
140140,Lima,Lima,San Borja,FUERZA POPULAR,12107
140140,Lima,Lima,San Borja,ACCION POPULAR,1576
140140,Lima,Lima,San Borja,PODEMOS PERU,6053
140140,Lima,Lima,San Borja,RENOVACION POPULAR,36250
140140,Lima,Lima,San Borja,ALIANZA PARA EL PROGRESO,4428
140140,Lima,Lima,San Borja,PARTIDO MORADO,2347
140140,Lima,Lima,San Borja,PARTIDO DEMOCRATICO SOMOS PERU,16916
140141,Lima,Lima,Villa El Salvador,PARTIDO FRENTE DE LA ESPERANZA 2021,14118
140141,Lima,Lima,Villa El Salvador,PARTIDO PATRIOTICO DEL PERU,5298
140141,Lima,Lima,Villa El Salvador,JUNTOS POR EL PERU,15322
140141,Lima,Lima,Villa El Salvador,FUERZA POPULAR,10564
140141,Lima,Lima,Villa El Salvador,PODEMOS PERU,69560
140141,Lima,Lima,Villa El Salvador,RENOVACION POPULAR,24058
140141,Lima,Lima,Villa El Salvador,ALIANZA PARA EL PROGRESO,82232
140141,Lima,Lima,Villa El Salvador,AVANZA PAIS - PARTIDO DE INTEGRACION SOCIAL,5121
140141,Lima,Lima,Villa El Salvador,PARTIDO MORADO,3432
140141,Lima,Lima,Villa El Salvador,PARTIDO DEMOCRATICO SOMOS PERU,15519
140142,Lima,Lima,Los Olivos,PARTIDO FRENTE DE LA ESPERANZA 2021,21740
140142,Lima,Lima,Los Olivos,PARTIDO PATRIOTICO DEL PERU,5827
140142,Lima,Lima,Los Olivos,JUNTOS POR EL PERU,19281
140142,Lima,Lima,Los Olivos,FUERZA POPULAR,6128
140142,Lima,Lima,Los Olivos,ACCION POPULAR,4307
140142,Lima,Lima,Los Olivos,PODEMOS PERU,48849
140142,Lima,Lima,Los Olivos,RENOVACION POPULAR,32628
140142,Lima,Lima,Los Olivos,ALIANZA PARA EL PROGRESO,12050
140142,Lima,Lima,Los Olivos,AVANZA PAIS - PARTIDO DE INTEGRACION SOCIAL,9426
140142,Lima,Lima,Los Olivos,PARTIDO MORADO,10759
140142,Lima,Lima,Los Olivos,PARTIDO POLITICO NACIONAL PERU LIBRE,4098
140142,Lima,Lima,Los Olivos,PARTIDO DEMOCRATICO SOMOS PERU,34419
140143,Lima,Lima,Santa Anita,PARTIDO FRENTE DE LA ESPERANZA 2021,8939
140143,Lima,Lima,Santa Anita,PARTIDO PATRIOTICO DEL PERU,481
140143,Lima,Lima,Santa Anita,FUERZA POPULAR,2884
140143,Lima,Lima,Santa Anita,PODEMOS PERU,45421
140143,Lima,Lima,Santa Anita,RENOVACION POPULAR,8219
140143,Lima,Lima,Santa Anita,ALIANZA PARA EL PROGRESO,51749
140143,Lima,Lima,Santa Anita,AVANZA PAIS - PARTIDO DE INTEGRACION SOCIAL,3238
140143,Lima,Lima,Santa Anita,PARTIDO MORADO,3062
140143,Lima,Lima,Santa Anita,PARTIDO POLITICO NACIONAL PERU LIBRE,4537
140143,Lima,Lima,Santa Anita,PARTIDO DEMOCRATICO SOMOS PERU,10587
140205,Lima,Cajatambo,Copa,PATRIA JOVEN,272
140205,Lima,Cajatambo,Copa,MOVIMIENTO REGIONAL UNIDAD CIVICA LIMA,16
140205,Lima,Cajatambo,Copa,CONCERTACION PARA EL DESARROLLO REGIONAL - LIMA,33
140205,Lima,Cajatambo,Copa,ALIANZA PARA EL PROGRESO,311
140206,Lima,Cajatambo,Gorgor,MOVIMIENTO REGIONAL UNIDAD CIVICA LIMA,57
140206,Lima,Cajatambo,Gorgor,CONCERTACION PARA EL DESARROLLO REGIONAL - LIMA,136
140206,Lima,Cajatambo,Gorgor,ACCION POPULAR,219
140206,Lima,Cajatambo,Gorgor,RENOVACION POPULAR,76
140206,Lima,Cajatambo,Gorgor,ALIANZA PARA EL PROGRESO,148
140206,Lima,Cajatambo,Gorgor,AVANZA PAIS - PARTIDO DE INTEGRACION SOCIAL,123
140207,Lima,Cajatambo,Huancapón,PATRIA JOVEN,135
140207,Lima,Cajatambo,Huancapón,MOVIMIENTO REGIONAL UNIDAD CIVICA LIMA,18
140207,Lima,Cajatambo,Huancapón,CONCERTACION PARA EL DESARROLLO REGIONAL - LIMA,229
140207,Lima,Cajatambo,Huancapón,ALIANZA PARA EL PROGRESO,90
140207,Lima,Cajatambo,Huancapón,PARTIDO DEMOCRATICO SOMOS PERU,86
140208,Lima,Cajatambo,Manas,PATRIA JOVEN,6
140208,Lima,Cajatambo,Manas,MOVIMIENTO REGIONAL UNIDAD CIVICA LIMA,60
140208,Lima,Cajatambo,Manas,CONCERTACION PARA EL DESARROLLO REGIONAL - LIMA,300
140208,Lima,Cajatambo,Manas,ALIANZA PARA EL PROGRESO,279
140208,Lima,Cajatambo,Manas,PARTIDO DEMOCRATICO SOMOS PERU,73
140302,Lima,Canta,Arahuay,PATRIA JOVEN,160
140302,Lima,Canta,Arahuay,MOVIMIENTO REGIONAL UNIDAD CIVICA LIMA,148
140302,Lima,Canta,Arahuay,CONCERTACION PARA EL DESARROLLO REGIONAL - LIMA,132
140302,Lima,Canta,Arahuay,JUNTOS POR EL PERU,6
140302,Lima,Canta,Arahuay,FUERZA POPULAR,24
140302,Lima,Canta,Arahuay,ALIANZA PARA EL PROGRESO,30
140303,Lima,Canta,Huamantanga,PATRIA JOVEN,0
140303,Lima,Canta,Huamantanga,MOVIMIENTO REGIONAL UNIDAD CIVICA LIMA,0
140303,Lima,Canta,Huamantanga,CONCERTACION PARA EL DESARROLLO REGIONAL - LIMA,0
140303,Lima,Canta,Huamantanga,JUNTOS POR EL PERU,0
140304,Lima,Canta,Huaros,PATRIA JOVEN,180
140304,Lima,Canta,Huaros,MOVIMIENTO REGIONAL UNIDAD CIVICA LIMA,110
140304,Lima,Canta,Huaros,CONCERTACION PARA EL DESARROLLO REGIONAL - LIMA,241
140304,Lima,Canta,Huaros,JUNTOS POR EL PERU,17
140304,Lima,Canta,Huaros,ALIANZA PARA EL PROGRESO,73
140305,Lima,Canta,Lachaqui,PATRIA JOVEN,33
140305,Lima,Canta,Lachaqui,MOVIMIENTO REGIONAL UNIDAD CIVICA LIMA,168
140305,Lima,Canta,Lachaqui,CONCERTACION PARA EL DESARROLLO REGIONAL - LIMA,164
140305,Lima,Canta,Lachaqui,FUERZA POPULAR,40
140305,Lima,Canta,Lachaqui,ALIANZA PARA EL PROGRESO,247
140306,Lima,Canta,San Buenaventura,PATRIA JOVEN,51
140306,Lima,Canta,San Buenaventura,MOVIMIENTO REGIONAL UNIDAD CIVICA LIMA,49
140306,Lima,Canta,San Buenaventura,CONCERTACION PARA EL DESARROLLO REGIONAL - LIMA,110
140306,Lima,Canta,San Buenaventura,JUNTOS POR EL PERU,83
140307,Lima,Canta,Santa Rosa de Quives,PATRIA JOVEN,1203
140307,Lima,Canta,Santa Rosa de Quives,MOVIMIENTO REGIONAL UNIDAD CIVICA LIMA,378
140307,Lima,Canta,Santa Rosa de Quives,CONCERTACION PARA EL DESARROLLO REGIONAL - LIMA,190
140307,Lima,Canta,Santa Rosa de Quives,JUNTOS POR EL PERU,1138
140307,Lima,Canta,Santa Rosa de Quives,RENOVACION POPULAR,47
140307,Lima,Canta,Santa Rosa de Quives,ALIANZA PARA EL PROGRESO,620
140402,Lima,Cañete,Calango,PATRIA JOVEN,1
140402,Lima,Cañete,Calango,MOVIMIENTO REGIONAL UNIDAD CIVICA LIMA,212
140402,Lima,Cañete,Calango,CONCERTACION PARA EL DESARROLLO REGIONAL - LIMA,515
140402,Lima,Cañete,Calango,ACCION POPULAR,108
140402,Lima,Cañete,Calango,RENOVACION POPULAR,318
140402,Lima,Cañete,Calango,ALIANZA PARA EL PROGRESO,309
140402,Lima,Cañete,Calango,AVANZA PAIS - PARTIDO DE INTEGRACION SOCIAL,16
140403,Lima,Cañete,Cerro Azul,PATRIA JOVEN,433
140403,Lima,Cañete,Cerro Azul,MOVIMIENTO REGIONAL UNIDAD CIVICA LIMA,1635
140403,Lima,Cañete,Cerro Azul,CONCERTACION PARA EL DESARROLLO REGIONAL - LIMA,438
140403,Lima,Cañete,Cerro Azul,PARTIDO DEMOCRATICO SOMOS PERU,1811
140404,Lima,Cañete,Coayllo,PATRIA JOVEN,370
140404,Lima,Cañete,Coayllo,MOVIMIENTO REGIONAL UNIDAD CIVICA LIMA,109
140404,Lima,Cañete,Coayllo,PODEMOS PERU,276
140404,Lima,Cañete,Coayllo,AVANZA PAIS - PARTIDO DE INTEGRACION SOCIAL,236
140405,Lima,Cañete,Chilca,PATRIA JOVEN,412
140405,Lima,Cañete,Chilca,MOVIMIENTO REGIONAL UNIDAD CIVICA LIMA,2948
140405,Lima,Cañete,Chilca,CONCERTACION PARA EL DESARROLLO REGIONAL - LIMA,1127
140405,Lima,Cañete,Chilca,PARTIDO PATRIOTICO DEL PERU,168
140405,Lima,Cañete,Chilca,PODEMOS PERU,1536
140405,Lima,Cañete,Chilca,RENOVACION POPULAR,2114
140405,Lima,Cañete,Chilca,ALIANZA PARA EL PROGRESO,1716
140405,Lima,Cañete,Chilca,PARTIDO POLITICO NACIONAL PERU LIBRE,83
140405,Lima,Cañete,Chilca,PARTIDO DEMOCRATICO SOMOS PERU,78
140406,Lima,Cañete,Imperial,PATRIA JOVEN,4630
140406,Lima,Cañete,Imperial,MOVIMIENTO REGIONAL UNIDAD CIVICA LIMA,4765
140406,Lima,Cañete,Imperial,CONCERTACION PARA EL DESARROLLO REGIONAL - LIMA,1526
140406,Lima,Cañete,Imperial,PODEMOS PERU,5013
140406,Lima,Cañete,Imperial,RENOVACION POPULAR,993
140406,Lima,Cañete,Imperial,AVANZA PAIS - PARTIDO DE INTEGRACION SOCIAL,816
140406,Lima,Cañete,Imperial,PARTIDO POLITICO NACIONAL PERU LIBRE,590
140406,Lima,Cañete,Imperial,PARTIDO DEMOCRATICO SOMOS PERU,3347
140407,Lima,Cañete,Lunahuaná,MOVIMIENTO REGIONAL UNIDAD CIVICA LIMA,284
140407,Lima,Cañete,Lunahuaná,CONCERTACION PARA EL DESARROLLO REGIONAL - LIMA,255
140407,Lima,Cañete,Lunahuaná,PARTIDO PATRIOTICO DEL PERU,224
140407,Lima,Cañete,Lunahuaná,FUERZA POPULAR,995
140407,Lima,Cañete,Lunahuaná,PODEMOS PERU,492
140407,Lima,Cañete,Lunahuaná,RENOVACION POPULAR,263
140408,Lima,Cañete,Mala,PATRIA JOVEN,419
140408,Lima,Cañete,Mala,MOVIMIENTO REGIONAL UNIDAD CIVICA LIMA,1871
140408,Lima,Cañete,Mala,CONCERTACION PARA EL DESARROLLO REGIONAL - LIMA,6391
140408,Lima,Cañete,Mala,ACCION POPULAR,586
140408,Lima,Cañete,Mala,PODEMOS PERU,2464
140408,Lima,Cañete,Mala,RENOVACION POPULAR,3744
140408,Lima,Cañete,Mala,ALIANZA PARA EL PROGRESO,535
140408,Lima,Cañete,Mala,AVANZA PAIS - PARTIDO DE INTEGRACION SOCIAL,370
140408,Lima,Cañete,Mala,PARTIDO DEMOCRATICO SOMOS PERU,925
140409,Lima,Cañete,Nuevo Imperial,MOVIMIENTO REGIONAL UNIDAD CIVICA LIMA,4895
140409,Lima,Cañete,Nuevo Imperial,PARTIDO FRENTE DE LA ESPERANZA 2021,460
140409,Lima,Cañete,Nuevo Imperial,ACCION POPULAR,1781
140409,Lima,Cañete,Nuevo Imperial,PODEMOS PERU,1980
140409,Lima,Cañete,Nuevo Imperial,PARTIDO MORADO,282
140409,Lima,Cañete,Nuevo Imperial,PARTIDO DEMOCRATICO SOMOS PERU,2532
140410,Lima,Cañete,Pacaran,PATRIA JOVEN,273
140410,Lima,Cañete,Pacaran,MOVIMIENTO REGIONAL UNIDAD CIVICA LIMA,509
140410,Lima,Cañete,Pacaran,PARTIDO FRENTE DE LA ESPERANZA 2021,125
140410,Lima,Cañete,Pacaran,RENOVACION POPULAR,5
140410,Lima,Cañete,Pacaran,AVANZA PAIS - PARTIDO DE INTEGRACION SOCIAL,245
140411,Lima,Cañete,Quilmana,PATRIA JOVEN,273
140411,Lima,Cañete,Quilmana,MOVIMIENTO REGIONAL UNIDAD CIVICA LIMA,3572
140411,Lima,Cañete,Quilmana,ACCION POPULAR,4332
140411,Lima,Cañete,Quilmana,PODEMOS PERU,417
140411,Lima,Cañete,Quilmana,RENOVACION POPULAR,326
140411,Lima,Cañete,Quilmana,AVANZA PAIS - PARTIDO DE INTEGRACION SOCIAL,229
140412,Lima,Cañete,San Antonio,MOVIMIENTO REGIONAL UNIDAD CIVICA LIMA,75
140412,Lima,Cañete,San Antonio,ACCION POPULAR,1114
140412,Lima,Cañete,San Antonio,PODEMOS PERU,359
140412,Lima,Cañete,San Antonio,RENOVACION POPULAR,445
140412,Lima,Cañete,San Antonio,PARTIDO DEMOCRATICO SOMOS PERU,480
140413,Lima,Cañete,San Luis,PATRIA JOVEN,1094
140413,Lima,Cañete,San Luis,MOVIMIENTO REGIONAL UNIDAD CIVICA LIMA,995
140413,Lima,Cañete,San Luis,PARTIDO FRENTE DE LA ESPERANZA 2021,552
140413,Lima,Cañete,San Luis,PARTIDO PATRIOTICO DEL PERU,91
140413,Lima,Cañete,San Luis,ACCION POPULAR,324
140413,Lima,Cañete,San Luis,RENOVACION POPULAR,868
140413,Lima,Cañete,San Luis,PARTIDO POLITICO NACIONAL PERU LIBRE,1929
140413,Lima,Cañete,San Luis,PARTIDO DEMOCRATICO SOMOS PERU,1988
140414,Lima,Cañete,Santa Cruz de Flores,PATRIA JOVEN,747
140414,Lima,Cañete,Santa Cruz de Flores,MOVIMIENTO REGIONAL UNIDAD CIVICA LIMA,543
140414,Lima,Cañete,Santa Cruz de Flores,PODEMOS PERU,121
140414,Lima,Cañete,Santa Cruz de Flores,RENOVACION POPULAR,239
140415,Lima,Cañete,Zúñiga,PATRIA JOVEN,110
140415,Lima,Cañete,Zúñiga,MOVIMIENTO REGIONAL UNIDAD CIVICA LIMA,222
140415,Lima,Cañete,Zúñiga,ACCION POPULAR,279
140415,Lima,Cañete,Zúñiga,PARTIDO DEMOCRATICO SOMOS PERU,269
140416,Lima,Cañete,Asia,PATRIA JOVEN,189
140416,Lima,Cañete,Asia,MOVIMIENTO REGIONAL UNIDAD CIVICA LIMA,1685
140416,Lima,Cañete,Asia,CONCERTACION PARA EL DESARROLLO REGIONAL - LIMA,56
140416,Lima,Cañete,Asia,PARTIDO FRENTE DE LA ESPERANZA 2021,303
140416,Lima,Cañete,Asia,ACCION POPULAR,562
140416,Lima,Cañete,Asia,PODEMOS PERU,497
140416,Lima,Cañete,Asia,RENOVACION POPULAR,585
140416,Lima,Cañete,Asia,ALIANZA PARA EL PROGRESO,950
140416,Lima,Cañete,Asia,AVANZA PAIS - PARTIDO DE INTEGRACION SOCIAL,149
140416,Lima,Cañete,Asia,PARTIDO MORADO,20
140416,Lima,Cañete,Asia,PARTIDO POLITICO NACIONAL PERU LIBRE,1239
140416,Lima,Cañete,Asia,PARTIDO DEMOCRATICO SOMOS PERU,985
140502,Lima,Huaura,Ámbar,MOVIMIENTO REGIONAL UNIDAD CIVICA LIMA,210
140502,Lima,Huaura,Ámbar,FUERZA POPULAR,348
140502,Lima,Huaura,Ámbar,PODEMOS PERU,28
140502,Lima,Huaura,Ámbar,RENOVACION POPULAR,18
140502,Lima,Huaura,Ámbar,AVANZA PAIS - PARTIDO DE INTEGRACION SOCIAL,464
140502,Lima,Huaura,Ámbar,PARTIDO POLITICO NACIONAL PERU LIBRE,196
140502,Lima,Huaura,Ámbar,PARTIDO DEMOCRATICO SOMOS PERU,194
140504,Lima,Huaura,Caleta de Carquín,PATRIA JOVEN,905
140504,Lima,Huaura,Caleta de Carquín,MOVIMIENTO REGIONAL UNIDAD CIVICA LIMA,715
140504,Lima,Huaura,Caleta de Carquín,CONCERTACION PARA EL DESARROLLO REGIONAL - LIMA,353
140504,Lima,Huaura,Caleta de Carquín,RENOVACION POPULAR,199
140504,Lima,Huaura,Caleta de Carquín,PARTIDO POLITICO NACIONAL PERU LIBRE,571
140504,Lima,Huaura,Caleta de Carquín,PARTIDO DEMOCRATICO SOMOS PERU,696
140505,Lima,Huaura,Checras,PATRIA JOVEN,200
140505,Lima,Huaura,Checras,MOVIMIENTO REGIONAL UNIDAD CIVICA LIMA,154
140505,Lima,Huaura,Checras,PARTIDO DEMOCRATICO SOMOS PERU,126
140506,Lima,Huaura,Hualmay,PATRIA JOVEN,3631
140506,Lima,Huaura,Hualmay,MOVIMIENTO REGIONAL UNIDAD CIVICA LIMA,2307
140506,Lima,Huaura,Hualmay,CONCERTACION PARA EL DESARROLLO REGIONAL - LIMA,1691
140506,Lima,Huaura,Hualmay,JUNTOS POR EL PERU,402
140506,Lima,Huaura,Hualmay,FUERZA POPULAR,440
140506,Lima,Huaura,Hualmay,ACCION POPULAR,219
140506,Lima,Huaura,Hualmay,PODEMOS PERU,2017
140506,Lima,Huaura,Hualmay,RENOVACION POPULAR,1717
140506,Lima,Huaura,Hualmay,AVANZA PAIS - PARTIDO DE INTEGRACION SOCIAL,350
140506,Lima,Huaura,Hualmay,PARTIDO DEMOCRATICO SOMOS PERU,1733
140507,Lima,Huaura,Huaura,PATRIA JOVEN,5336
140507,Lima,Huaura,Huaura,MOVIMIENTO REGIONAL UNIDAD CIVICA LIMA,3626
140507,Lima,Huaura,Huaura,CONCERTACION PARA EL DESARROLLO REGIONAL - LIMA,451
140507,Lima,Huaura,Huaura,JUNTOS POR EL PERU,711
140507,Lima,Huaura,Huaura,FUERZA POPULAR,3027
140507,Lima,Huaura,Huaura,PODEMOS PERU,1444
140507,Lima,Huaura,Huaura,PARTIDO POLITICO NACIONAL PERU LIBRE,668
140507,Lima,Huaura,Huaura,PARTIDO DEMOCRATICO SOMOS PERU,3625
140508,Lima,Huaura,Leoncio Prado,CONCERTACION PARA EL DESARROLLO REGIONAL - LIMA,446
140508,Lima,Huaura,Leoncio Prado,ALIANZA PARA EL PROGRESO,545
140508,Lima,Huaura,Leoncio Prado,AVANZA PAIS - PARTIDO DE INTEGRACION SOCIAL,429
140509,Lima,Huaura,Paccho,PATRIA JOVEN,332
140509,Lima,Huaura,Paccho,MOVIMIENTO REGIONAL UNIDAD CIVICA LIMA,136
140509,Lima,Huaura,Paccho,RENOVACION POPULAR,331
140509,Lima,Huaura,Paccho,AVANZA PAIS - PARTIDO DE INTEGRACION SOCIAL,170
140511,Lima,Huaura,Santa Leonor,PATRIA JOVEN,49
140511,Lima,Huaura,Santa Leonor,MOVIMIENTO REGIONAL UNIDAD CIVICA LIMA,176
140511,Lima,Huaura,Santa Leonor,ACCION POPULAR,11
140511,Lima,Huaura,Santa Leonor,PODEMOS PERU,134
140511,Lima,Huaura,Santa Leonor,RENOVACION POPULAR,41
140511,Lima,Huaura,Santa Leonor,AVANZA PAIS - PARTIDO DE INTEGRACION SOCIAL,109
140511,Lima,Huaura,Santa Leonor,PARTIDO POLITICO NACIONAL PERU LIBRE,129
140512,Lima,Huaura,Santa María,PATRIA JOVEN,5712
140512,Lima,Huaura,Santa María,MOVIMIENTO REGIONAL UNIDAD CIVICA LIMA,4128
140512,Lima,Huaura,Santa María,CONCERTACION PARA EL DESARROLLO REGIONAL - LIMA,1973
140512,Lima,Huaura,Santa María,PARTIDO PATRIOTICO DEL PERU,36
140512,Lima,Huaura,Santa María,JUNTOS POR EL PERU,183
140512,Lima,Huaura,Santa María,ACCION POPULAR,1013
140512,Lima,Huaura,Santa María,PODEMOS PERU,605
140512,Lima,Huaura,Santa María,RENOVACION POPULAR,907
140512,Lima,Huaura,Santa María,ALIANZA PARA EL PROGRESO,2715
140512,Lima,Huaura,Santa María,PARTIDO POLITICO NACIONAL PERU LIBRE,506
140512,Lima,Huaura,Santa María,PARTIDO DEMOCRATICO SOMOS PERU,2212
140513,Lima,Huaura,Sayán,PATRIA JOVEN,4592
140513,Lima,Huaura,Sayán,MOVIMIENTO REGIONAL UNIDAD CIVICA LIMA,1755
140513,Lima,Huaura,Sayán,CONCERTACION PARA EL DESARROLLO REGIONAL - LIMA,2426
140513,Lima,Huaura,Sayán,PODEMOS PERU,1284
140513,Lima,Huaura,Sayán,PARTIDO POLITICO NACIONAL PERU LIBRE,1110
140513,Lima,Huaura,Sayán,PARTIDO DEMOCRATICO SOMOS PERU,489
140516,Lima,Huaura,Vegueta,PATRIA JOVEN,893
140516,Lima,Huaura,Vegueta,MOVIMIENTO REGIONAL UNIDAD CIVICA LIMA,3179
140516,Lima,Huaura,Vegueta,CONCERTACION PARA EL DESARROLLO REGIONAL - LIMA,3407
140516,Lima,Huaura,Vegueta,FUERZA POPULAR,668
140516,Lima,Huaura,Vegueta,ACCION POPULAR,2951
140516,Lima,Huaura,Vegueta,PODEMOS PERU,837
140516,Lima,Huaura,Vegueta,RENOVACION POPULAR,197
140516,Lima,Huaura,Vegueta,PARTIDO POLITICO NACIONAL PERU LIBRE,660
140516,Lima,Huaura,Vegueta,PARTIDO DEMOCRATICO SOMOS PERU,554
140602,Lima,Huarochirí,Antioquía,PATRIA JOVEN,289
140602,Lima,Huarochirí,Antioquía,MOVIMIENTO REGIONAL UNIDAD CIVICA LIMA,623
140602,Lima,Huarochirí,Antioquía,CONCERTACION PARA EL DESARROLLO REGIONAL - LIMA,154
140602,Lima,Huarochirí,Antioquía,AVANZA PAIS - PARTIDO DE INTEGRACION SOCIAL,35
140603,Lima,Huarochirí,Callahuanca,PATRIA JOVEN,270
140603,Lima,Huarochirí,Callahuanca,MOVIMIENTO REGIONAL UNIDAD CIVICA LIMA,264
140603,Lima,Huarochirí,Callahuanca,FUERZA POPULAR,99
140604,Lima,Huarochirí,Carampoma,PATRIA JOVEN,94
140604,Lima,Huarochirí,Carampoma,MOVIMIENTO REGIONAL UNIDAD CIVICA LIMA,162
140604,Lima,Huarochirí,Carampoma,ACCION POPULAR,56
140605,Lima,Huarochirí,San Pedro de Casta,PATRIA JOVEN,323
140605,Lima,Huarochirí,San Pedro de Casta,MOVIMIENTO REGIONAL UNIDAD CIVICA LIMA,140
140605,Lima,Huarochirí,San Pedro de Casta,CONCERTACION PARA EL DESARROLLO REGIONAL - LIMA,191
140605,Lima,Huarochirí,San Pedro de Casta,PARTIDO DEMOCRATICO SOMOS PERU,100
140606,Lima,Huarochirí,Cuenca,PATRIA JOVEN,118
140606,Lima,Huarochirí,Cuenca,MOVIMIENTO REGIONAL UNIDAD CIVICA LIMA,2
140606,Lima,Huarochirí,Cuenca,CONCERTACION PARA EL DESARROLLO REGIONAL - LIMA,122
140606,Lima,Huarochirí,Cuenca,ACCION POPULAR,183
140606,Lima,Huarochirí,Cuenca,ALIANZA PARA EL PROGRESO,34
140606,Lima,Huarochirí,Cuenca,PARTIDO DEMOCRATICO SOMOS PERU,92
140607,Lima,Huarochirí,Chicla,PATRIA JOVEN,25
140607,Lima,Huarochirí,Chicla,MOVIMIENTO REGIONAL UNIDAD CIVICA LIMA,232
140607,Lima,Huarochirí,Chicla,CONCERTACION PARA EL DESARROLLO REGIONAL - LIMA,74
140607,Lima,Huarochirí,Chicla,ACCION POPULAR,7
140607,Lima,Huarochirí,Chicla,RENOVACION POPULAR,247
140607,Lima,Huarochirí,Chicla,ALIANZA PARA EL PROGRESO,637
140608,Lima,Huarochirí,Huanza,PATRIA JOVEN,239
140608,Lima,Huarochirí,Huanza,MOVIMIENTO REGIONAL UNIDAD CIVICA LIMA,183
140608,Lima,Huarochirí,Huanza,CONCERTACION PARA EL DESARROLLO REGIONAL - LIMA,66
140609,Lima,Huarochirí,Huarochiri,PATRIA JOVEN,63
140609,Lima,Huarochirí,Huarochiri,MOVIMIENTO REGIONAL UNIDAD CIVICA LIMA,218
140609,Lima,Huarochirí,Huarochiri,CONCERTACION PARA EL DESARROLLO REGIONAL - LIMA,418
140609,Lima,Huarochirí,Huarochiri,ALIANZA PARA EL PROGRESO,155
140610,Lima,Huarochirí,Lahuaytambo,PATRIA JOVEN,121
140610,Lima,Huarochirí,Lahuaytambo,MOVIMIENTO REGIONAL UNIDAD CIVICA LIMA,89
140610,Lima,Huarochirí,Lahuaytambo,JUNTOS POR EL PERU,147
140611,Lima,Huarochirí,Langa,MOVIMIENTO REGIONAL UNIDAD CIVICA LIMA,119
140611,Lima,Huarochirí,Langa,CONCERTACION PARA EL DESARROLLO REGIONAL - LIMA,75
140611,Lima,Huarochirí,Langa,PODEMOS PERU,140
140611,Lima,Huarochirí,Langa,RENOVACION POPULAR,149
140611,Lima,Huarochirí,Langa,ALIANZA PARA EL PROGRESO,53
140611,Lima,Huarochirí,Langa,AVANZA PAIS - PARTIDO DE INTEGRACION SOCIAL,16
140612,Lima,Huarochirí,Mariatana,PATRIA JOVEN,257
140612,Lima,Huarochirí,Mariatana,MOVIMIENTO REGIONAL UNIDAD CIVICA LIMA,421
140612,Lima,Huarochirí,Mariatana,CONCERTACION PARA EL DESARROLLO REGIONAL - LIMA,99
140612,Lima,Huarochirí,Mariatana,FUERZA POPULAR,220
140613,Lima,Huarochirí,Ricardo Palma,PATRIA JOVEN,1106
140613,Lima,Huarochirí,Ricardo Palma,MOVIMIENTO REGIONAL UNIDAD CIVICA LIMA,888
140613,Lima,Huarochirí,Ricardo Palma,CONCERTACION PARA EL DESARROLLO REGIONAL - LIMA,1527
140613,Lima,Huarochirí,Ricardo Palma,PARTIDO FRENTE DE LA ESPERANZA 2021,54
140613,Lima,Huarochirí,Ricardo Palma,PODEMOS PERU,301
140613,Lima,Huarochirí,Ricardo Palma,ALIANZA PARA EL PROGRESO,150
140613,Lima,Huarochirí,Ricardo Palma,PARTIDO DEMOCRATICO SOMOS PERU,191
140614,Lima,Huarochirí,San Andrés de Tupicocha,PATRIA JOVEN,276
140614,Lima,Huarochirí,San Andrés de Tupicocha,MOVIMIENTO REGIONAL UNIDAD CIVICA LIMA,103
140614,Lima,Huarochirí,San Andrés de Tupicocha,CONCERTACION PARA EL DESARROLLO REGIONAL - LIMA,221
140614,Lima,Huarochirí,San Andrés de Tupicocha,ACCION POPULAR,176
140614,Lima,Huarochirí,San Andrés de Tupicocha,PARTIDO DEMOCRATICO SOMOS PERU,142
140615,Lima,Huarochirí,San Antonio,PATRIA JOVEN,3909
140615,Lima,Huarochirí,San Antonio,MOVIMIENTO REGIONAL UNIDAD CIVICA LIMA,2793
140615,Lima,Huarochirí,San Antonio,CONCERTACION PARA EL DESARROLLO REGIONAL - LIMA,6280
140615,Lima,Huarochirí,San Antonio,FUERZA POPULAR,445
140615,Lima,Huarochirí,San Antonio,PODEMOS PERU,1830
140615,Lima,Huarochirí,San Antonio,RENOVACION POPULAR,907
140615,Lima,Huarochirí,San Antonio,ALIANZA PARA EL PROGRESO,2898
140615,Lima,Huarochirí,San Antonio,PARTIDO DEMOCRATICO SOMOS PERU,1789
140616,Lima,Huarochirí,San Bartolomé,PATRIA JOVEN,136
140616,Lima,Huarochirí,San Bartolomé,MOVIMIENTO REGIONAL UNIDAD CIVICA LIMA,139
140616,Lima,Huarochirí,San Bartolomé,CONCERTACION PARA EL DESARROLLO REGIONAL - LIMA,151
140616,Lima,Huarochirí,San Bartolomé,ACCION POPULAR,179
140616,Lima,Huarochirí,San Bartolomé,ALIANZA PARA EL PROGRESO,265
140617,Lima,Huarochirí,San Damián,PATRIA JOVEN,188
140617,Lima,Huarochirí,San Damián,MOVIMIENTO REGIONAL UNIDAD CIVICA LIMA,150
140617,Lima,Huarochirí,San Damián,CONCERTACION PARA EL DESARROLLO REGIONAL - LIMA,218
140617,Lima,Huarochirí,San Damián,ACCION POPULAR,93
140617,Lima,Huarochirí,San Damián,PARTIDO DEMOCRATICO SOMOS PERU,229
140618,Lima,Huarochirí,Sangallaya,PATRIA JOVEN,151
140618,Lima,Huarochirí,Sangallaya,MOVIMIENTO REGIONAL UNIDAD CIVICA LIMA,138
140618,Lima,Huarochirí,Sangallaya,ALIANZA PARA EL PROGRESO,11
140618,Lima,Huarochirí,Sangallaya,PARTIDO DEMOCRATICO SOMOS PERU,89
140619,Lima,Huarochirí,San Juan de Tantaranche,PATRIA JOVEN,74
140619,Lima,Huarochirí,San Juan de Tantaranche,MOVIMIENTO REGIONAL UNIDAD CIVICA LIMA,64
140619,Lima,Huarochirí,San Juan de Tantaranche,CONCERTACION PARA EL DESARROLLO REGIONAL - LIMA,59
140619,Lima,Huarochirí,San Juan de Tantaranche,ALIANZA PARA EL PROGRESO,28
140620,Lima,Huarochirí,San Lorenzo de Quinti,PATRIA JOVEN,349
140620,Lima,Huarochirí,San Lorenzo de Quinti,MOVIMIENTO REGIONAL UNIDAD CIVICA LIMA,173
140620,Lima,Huarochirí,San Lorenzo de Quinti,CONCERTACION PARA EL DESARROLLO REGIONAL - LIMA,117
140620,Lima,Huarochirí,San Lorenzo de Quinti,JUNTOS POR EL PERU,166
140621,Lima,Huarochirí,San Mateo,PATRIA JOVEN,606
140621,Lima,Huarochirí,San Mateo,MOVIMIENTO REGIONAL UNIDAD CIVICA LIMA,1071
140621,Lima,Huarochirí,San Mateo,CONCERTACION PARA EL DESARROLLO REGIONAL - LIMA,480
140621,Lima,Huarochirí,San Mateo,ACCION POPULAR,236
140621,Lima,Huarochirí,San Mateo,ALIANZA PARA EL PROGRESO,279
140621,Lima,Huarochirí,San Mateo,PARTIDO DEMOCRATICO SOMOS PERU,85
140622,Lima,Huarochirí,San Mateo de Otao,PATRIA JOVEN,267
140622,Lima,Huarochirí,San Mateo de Otao,MOVIMIENTO REGIONAL UNIDAD CIVICA LIMA,128
140622,Lima,Huarochirí,San Mateo de Otao,CONCERTACION PARA EL DESARROLLO REGIONAL - LIMA,106
140622,Lima,Huarochirí,San Mateo de Otao,ACCION POPULAR,317
140622,Lima,Huarochirí,San Mateo de Otao,ALIANZA PARA EL PROGRESO,452
140623,Lima,Huarochirí,San Pedro de Huancayre,PATRIA JOVEN,100
140623,Lima,Huarochirí,San Pedro de Huancayre,MOVIMIENTO REGIONAL UNIDAD CIVICA LIMA,66
140624,Lima,Huarochirí,Santa Cruz de Cocachacra,MOVIMIENTO REGIONAL UNIDAD CIVICA LIMA,358
140624,Lima,Huarochirí,Santa Cruz de Cocachacra,CONCERTACION PARA EL DESARROLLO REGIONAL - LIMA,63
140624,Lima,Huarochirí,Santa Cruz de Cocachacra,ACCION POPULAR,469
140624,Lima,Huarochirí,Santa Cruz de Cocachacra,ALIANZA PARA EL PROGRESO,428
140624,Lima,Huarochirí,Santa Cruz de Cocachacra,PARTIDO DEMOCRATICO SOMOS PERU,171
140625,Lima,Huarochirí,Santa Eulalia,PATRIA JOVEN,3216
140625,Lima,Huarochirí,Santa Eulalia,MOVIMIENTO REGIONAL UNIDAD CIVICA LIMA,2752
140625,Lima,Huarochirí,Santa Eulalia,CONCERTACION PARA EL DESARROLLO REGIONAL - LIMA,590
140625,Lima,Huarochirí,Santa Eulalia,PODEMOS PERU,380
140625,Lima,Huarochirí,Santa Eulalia,RENOVACION POPULAR,238
140625,Lima,Huarochirí,Santa Eulalia,PARTIDO DEMOCRATICO SOMOS PERU,343
140626,Lima,Huarochirí,Santiago de Anchucaya,PATRIA JOVEN,183
140626,Lima,Huarochirí,Santiago de Anchucaya,MOVIMIENTO REGIONAL UNIDAD CIVICA LIMA,154
140627,Lima,Huarochirí,Santiago de Tuna,PATRIA JOVEN,49
140627,Lima,Huarochirí,Santiago de Tuna,MOVIMIENTO REGIONAL UNIDAD CIVICA LIMA,148
140627,Lima,Huarochirí,Santiago de Tuna,CONCERTACION PARA EL DESARROLLO REGIONAL - LIMA,201
140628,Lima,Huarochirí,Santo Domingo de Los Olleros,MOVIMIENTO REGIONAL UNIDAD CIVICA LIMA,634
140628,Lima,Huarochirí,Santo Domingo de Los Olleros,CONCERTACION PARA EL DESARROLLO REGIONAL - LIMA,1405
140628,Lima,Huarochirí,Santo Domingo de Los Olleros,RENOVACION POPULAR,927
140629,Lima,Huarochirí,Surco,PATRIA JOVEN,161
140629,Lima,Huarochirí,Surco,MOVIMIENTO REGIONAL UNIDAD CIVICA LIMA,325
140629,Lima,Huarochirí,Surco,CONCERTACION PARA EL DESARROLLO REGIONAL - LIMA,333
140629,Lima,Huarochirí,Surco,ALIANZA PARA EL PROGRESO,30
140629,Lima,Huarochirí,Surco,AVANZA PAIS - PARTIDO DE INTEGRACION SOCIAL,264
140629,Lima,Huarochirí,Surco,PARTIDO DEMOCRATICO SOMOS PERU,117
140630,Lima,Huarochirí,Huachupampa,PATRIA JOVEN,68
140630,Lima,Huarochirí,Huachupampa,MOVIMIENTO REGIONAL UNIDAD CIVICA LIMA,270
140630,Lima,Huarochirí,Huachupampa,ACCION POPULAR,211
140631,Lima,Huarochirí,San Pedro de Laraos,PATRIA JOVEN,37
140631,Lima,Huarochirí,San Pedro de Laraos,MOVIMIENTO REGIONAL UNIDAD CIVICA LIMA,37
140631,Lima,Huarochirí,San Pedro de Laraos,CONCERTACION PARA EL DESARROLLO REGIONAL - LIMA,130
140631,Lima,Huarochirí,San Pedro de Laraos,FUERZA POPULAR,25
140632,Lima,Huarochirí,San Juan de Iris,PATRIA JOVEN,62
140632,Lima,Huarochirí,San Juan de Iris,MOVIMIENTO REGIONAL UNIDAD CIVICA LIMA,93
140632,Lima,Huarochirí,San Juan de Iris,CONCERTACION PARA EL DESARROLLO REGIONAL - LIMA,60
140632,Lima,Huarochirí,San Juan de Iris,PARTIDO PATRIOTICO DEL PERU,37
140632,Lima,Huarochirí,San Juan de Iris,FUERZA POPULAR,17
140632,Lima,Huarochirí,San Juan de Iris,PODEMOS PERU,30
140632,Lima,Huarochirí,San Juan de Iris,ALIANZA PARA EL PROGRESO,44
140632,Lima,Huarochirí,San Juan de Iris,PARTIDO DEMOCRATICO SOMOS PERU,19
140702,Lima,Yauyos,Alis,PATRIA JOVEN,35
140702,Lima,Yauyos,Alis,MOVIMIENTO REGIONAL UNIDAD CIVICA LIMA,151
140702,Lima,Yauyos,Alis,AVANZA PAIS - PARTIDO DE INTEGRACION SOCIAL,39
140702,Lima,Yauyos,Alis,PARTIDO DEMOCRATICO SOMOS PERU,104
140703,Lima,Yauyos,Allauca,PATRIA JOVEN,73
140703,Lima,Yauyos,Allauca,MOVIMIENTO REGIONAL UNIDAD CIVICA LIMA,169
140703,Lima,Yauyos,Allauca,CONCERTACION PARA EL DESARROLLO REGIONAL - LIMA,244
140703,Lima,Yauyos,Allauca,ACCION POPULAR,108
140703,Lima,Yauyos,Allauca,PODEMOS PERU,41
140703,Lima,Yauyos,Allauca,ALIANZA PARA EL PROGRESO,85
140703,Lima,Yauyos,Allauca,AVANZA PAIS - PARTIDO DE INTEGRACION SOCIAL,158
140703,Lima,Yauyos,Allauca,PARTIDO POLITICO NACIONAL PERU LIBRE,13
140703,Lima,Yauyos,Allauca,PARTIDO DEMOCRATICO SOMOS PERU,146
140704,Lima,Yauyos,Ayaviri,PATRIA JOVEN,96
140704,Lima,Yauyos,Ayaviri,MOVIMIENTO REGIONAL UNIDAD CIVICA LIMA,66
140704,Lima,Yauyos,Ayaviri,CONCERTACION PARA EL DESARROLLO REGIONAL - LIMA,63
140704,Lima,Yauyos,Ayaviri,AVANZA PAIS - PARTIDO DE INTEGRACION SOCIAL,52
140704,Lima,Yauyos,Ayaviri,PARTIDO POLITICO NACIONAL PERU LIBRE,33
140704,Lima,Yauyos,Ayaviri,PARTIDO DEMOCRATICO SOMOS PERU,61
140705,Lima,Yauyos,Azángaro,PATRIA JOVEN,12
140705,Lima,Yauyos,Azángaro,MOVIMIENTO REGIONAL UNIDAD CIVICA LIMA,48
140705,Lima,Yauyos,Azángaro,CONCERTACION PARA EL DESARROLLO REGIONAL - LIMA,0
140705,Lima,Yauyos,Azángaro,ACCION POPULAR,83
140705,Lima,Yauyos,Azángaro,RENOVACION POPULAR,14
140705,Lima,Yauyos,Azángaro,AVANZA PAIS - PARTIDO DE INTEGRACION SOCIAL,88
140705,Lima,Yauyos,Azángaro,PARTIDO DEMOCRATICO SOMOS PERU,173
140706,Lima,Yauyos,Cacra,MOVIMIENTO REGIONAL UNIDAD CIVICA LIMA,79
140706,Lima,Yauyos,Cacra,CONCERTACION PARA EL DESARROLLO REGIONAL - LIMA,104
140706,Lima,Yauyos,Cacra,AVANZA PAIS - PARTIDO DE INTEGRACION SOCIAL,120
140706,Lima,Yauyos,Cacra,PARTIDO DEMOCRATICO SOMOS PERU,138
140707,Lima,Yauyos,Carania,PATRIA JOVEN,98
140707,Lima,Yauyos,Carania,MOVIMIENTO REGIONAL UNIDAD CIVICA LIMA,91
140707,Lima,Yauyos,Carania,CONCERTACION PARA EL DESARROLLO REGIONAL - LIMA,0
140707,Lima,Yauyos,Carania,PODEMOS PERU,6
140707,Lima,Yauyos,Carania,RENOVACION POPULAR,6
140707,Lima,Yauyos,Carania,AVANZA PAIS - PARTIDO DE INTEGRACION SOCIAL,7
140707,Lima,Yauyos,Carania,PARTIDO DEMOCRATICO SOMOS PERU,31
140708,Lima,Yauyos,Cochas,PATRIA JOVEN,29
140708,Lima,Yauyos,Cochas,MOVIMIENTO REGIONAL UNIDAD CIVICA LIMA,58
140708,Lima,Yauyos,Cochas,AVANZA PAIS - PARTIDO DE INTEGRACION SOCIAL,0
140708,Lima,Yauyos,Cochas,PARTIDO DEMOCRATICO SOMOS PERU,38
140709,Lima,Yauyos,Colonia,PATRIA JOVEN,45
140709,Lima,Yauyos,Colonia,MOVIMIENTO REGIONAL UNIDAD CIVICA LIMA,250
140709,Lima,Yauyos,Colonia,CONCERTACION PARA EL DESARROLLO REGIONAL - LIMA,48
140709,Lima,Yauyos,Colonia,ACCION POPULAR,128
140709,Lima,Yauyos,Colonia,PODEMOS PERU,17
140709,Lima,Yauyos,Colonia,RENOVACION POPULAR,142
140709,Lima,Yauyos,Colonia,ALIANZA PARA EL PROGRESO,149
140709,Lima,Yauyos,Colonia,AVANZA PAIS - PARTIDO DE INTEGRACION SOCIAL,97
140709,Lima,Yauyos,Colonia,PARTIDO POLITICO NACIONAL PERU LIBRE,101
140709,Lima,Yauyos,Colonia,PARTIDO DEMOCRATICO SOMOS PERU,76
140710,Lima,Yauyos,Chocos,PATRIA JOVEN,131
140710,Lima,Yauyos,Chocos,MOVIMIENTO REGIONAL UNIDAD CIVICA LIMA,245
140710,Lima,Yauyos,Chocos,CONCERTACION PARA EL DESARROLLO REGIONAL - LIMA,352
140710,Lima,Yauyos,Chocos,PODEMOS PERU,52
140710,Lima,Yauyos,Chocos,RENOVACION POPULAR,8
140710,Lima,Yauyos,Chocos,AVANZA PAIS - PARTIDO DE INTEGRACION SOCIAL,2
140710,Lima,Yauyos,Chocos,PARTIDO DEMOCRATICO SOMOS PERU,490
140711,Lima,Yauyos,Huampara,PATRIA JOVEN,11
140711,Lima,Yauyos,Huampara,MOVIMIENTO REGIONAL UNIDAD CIVICA LIMA,37
140711,Lima,Yauyos,Huampara,CONCERTACION PARA EL DESARROLLO REGIONAL - LIMA,12
140711,Lima,Yauyos,Huampara,PARTIDO FRENTE DE LA ESPERANZA 2021,108
140711,Lima,Yauyos,Huampara,AVANZA PAIS - PARTIDO DE INTEGRACION SOCIAL,32
140711,Lima,Yauyos,Huampara,PARTIDO POLITICO NACIONAL PERU LIBRE,46
140712,Lima,Yauyos,Huancaya,PATRIA JOVEN,106
140712,Lima,Yauyos,Huancaya,MOVIMIENTO REGIONAL UNIDAD CIVICA LIMA,77
140712,Lima,Yauyos,Huancaya,AVANZA PAIS - PARTIDO DE INTEGRACION SOCIAL,125
140712,Lima,Yauyos,Huancaya,PARTIDO POLITICO NACIONAL PERU LIBRE,52
140712,Lima,Yauyos,Huancaya,PARTIDO DEMOCRATICO SOMOS PERU,22
140713,Lima,Yauyos,Huangascar,PATRIA JOVEN,47
140713,Lima,Yauyos,Huangascar,MOVIMIENTO REGIONAL UNIDAD CIVICA LIMA,136
140713,Lima,Yauyos,Huangascar,AVANZA PAIS - PARTIDO DE INTEGRACION SOCIAL,6
140713,Lima,Yauyos,Huangascar,PARTIDO POLITICO NACIONAL PERU LIBRE,191
140713,Lima,Yauyos,Huangascar,PARTIDO DEMOCRATICO SOMOS PERU,275
140714,Lima,Yauyos,Huantan,PATRIA JOVEN,78
140714,Lima,Yauyos,Huantan,MOVIMIENTO REGIONAL UNIDAD CIVICA LIMA,202
140714,Lima,Yauyos,Huantan,ACCION POPULAR,59
140714,Lima,Yauyos,Huantan,ALIANZA PARA EL PROGRESO,34
140714,Lima,Yauyos,Huantan,AVANZA PAIS - PARTIDO DE INTEGRACION SOCIAL,151
140714,Lima,Yauyos,Huantan,PARTIDO POLITICO NACIONAL PERU LIBRE,20
140715,Lima,Yauyos,Huañec,MOVIMIENTO REGIONAL UNIDAD CIVICA LIMA,144
140715,Lima,Yauyos,Huañec,ALIANZA PARA EL PROGRESO,25
140715,Lima,Yauyos,Huañec,AVANZA PAIS - PARTIDO DE INTEGRACION SOCIAL,85
140715,Lima,Yauyos,Huañec,PARTIDO POLITICO NACIONAL PERU LIBRE,125
140716,Lima,Yauyos,Laraos,PATRIA JOVEN,173
140716,Lima,Yauyos,Laraos,MOVIMIENTO REGIONAL UNIDAD CIVICA LIMA,207
140717,Lima,Yauyos,Lincha,PATRIA JOVEN,224
140717,Lima,Yauyos,Lincha,MOVIMIENTO REGIONAL UNIDAD CIVICA LIMA,206
140717,Lima,Yauyos,Lincha,PODEMOS PERU,26
140717,Lima,Yauyos,Lincha,RENOVACION POPULAR,16
140717,Lima,Yauyos,Lincha,AVANZA PAIS - PARTIDO DE INTEGRACION SOCIAL,109
140717,Lima,Yauyos,Lincha,PARTIDO POLITICO NACIONAL PERU LIBRE,38
140717,Lima,Yauyos,Lincha,PARTIDO DEMOCRATICO SOMOS PERU,224
140718,Lima,Yauyos,Miraflores,PATRIA JOVEN,87
140718,Lima,Yauyos,Miraflores,MOVIMIENTO REGIONAL UNIDAD CIVICA LIMA,156
140718,Lima,Yauyos,Miraflores,CONCERTACION PARA EL DESARROLLO REGIONAL - LIMA,35
140718,Lima,Yauyos,Miraflores,PARTIDO DEMOCRATICO SOMOS PERU,3
140719,Lima,Yauyos,Omas,PATRIA JOVEN,361
140719,Lima,Yauyos,Omas,MOVIMIENTO REGIONAL UNIDAD CIVICA LIMA,77
140719,Lima,Yauyos,Omas,RENOVACION POPULAR,3
140719,Lima,Yauyos,Omas,AVANZA PAIS - PARTIDO DE INTEGRACION SOCIAL,13
140719,Lima,Yauyos,Omas,PARTIDO POLITICO NACIONAL PERU LIBRE,156
140720,Lima,Yauyos,Quinches,MOVIMIENTO REGIONAL UNIDAD CIVICA LIMA,36
140720,Lima,Yauyos,Quinches,RENOVACION POPULAR,301
140720,Lima,Yauyos,Quinches,ALIANZA PARA EL PROGRESO,156
140720,Lima,Yauyos,Quinches,AVANZA PAIS - PARTIDO DE INTEGRACION SOCIAL,10
140720,Lima,Yauyos,Quinches,PARTIDO POLITICO NACIONAL PERU LIBRE,30
140721,Lima,Yauyos,Quinocay,PATRIA JOVEN,139
140721,Lima,Yauyos,Quinocay,MOVIMIENTO REGIONAL UNIDAD CIVICA LIMA,185
140721,Lima,Yauyos,Quinocay,AVANZA PAIS - PARTIDO DE INTEGRACION SOCIAL,131
140722,Lima,Yauyos,San Joaquín,MOVIMIENTO REGIONAL UNIDAD CIVICA LIMA,100
140722,Lima,Yauyos,San Joaquín,PARTIDO DEMOCRATICO SOMOS PERU,92
140723,Lima,Yauyos,San Pedro de Pilas,MOVIMIENTO REGIONAL UNIDAD CIVICA LIMA,159
140723,Lima,Yauyos,San Pedro de Pilas,AVANZA PAIS - PARTIDO DE INTEGRACION SOCIAL,171
140724,Lima,Yauyos,Tanta,PATRIA JOVEN,186
140724,Lima,Yauyos,Tanta,MOVIMIENTO REGIONAL UNIDAD CIVICA LIMA,61
140724,Lima,Yauyos,Tanta,AVANZA PAIS - PARTIDO DE INTEGRACION SOCIAL,216
140724,Lima,Yauyos,Tanta,PARTIDO POLITICO NACIONAL PERU LIBRE,24
140724,Lima,Yauyos,Tanta,PARTIDO DEMOCRATICO SOMOS PERU,3
140725,Lima,Yauyos,Tauripampa,PATRIA JOVEN,251
140725,Lima,Yauyos,Tauripampa,MOVIMIENTO REGIONAL UNIDAD CIVICA LIMA,174
140725,Lima,Yauyos,Tauripampa,AVANZA PAIS - PARTIDO DE INTEGRACION SOCIAL,182
140725,Lima,Yauyos,Tauripampa,PARTIDO POLITICO NACIONAL PERU LIBRE,0
140726,Lima,Yauyos,Tupe,MOVIMIENTO REGIONAL UNIDAD CIVICA LIMA,79
140726,Lima,Yauyos,Tupe,RENOVACION POPULAR,76
140726,Lima,Yauyos,Tupe,AVANZA PAIS - PARTIDO DE INTEGRACION SOCIAL,0
140726,Lima,Yauyos,Tupe,PARTIDO POLITICO NACIONAL PERU LIBRE,205
140726,Lima,Yauyos,Tupe,PARTIDO DEMOCRATICO SOMOS PERU,158
140727,Lima,Yauyos,Tomas,MOVIMIENTO REGIONAL UNIDAD CIVICA LIMA,353
140727,Lima,Yauyos,Tomas,AVANZA PAIS - PARTIDO DE INTEGRACION SOCIAL,281
140728,Lima,Yauyos,Viñac,PATRIA JOVEN,454
140728,Lima,Yauyos,Viñac,MOVIMIENTO REGIONAL UNIDAD CIVICA LIMA,359
140728,Lima,Yauyos,Viñac,ACCION POPULAR,8
140728,Lima,Yauyos,Viñac,RENOVACION POPULAR,60
140728,Lima,Yauyos,Viñac,ALIANZA PARA EL PROGRESO,10
140728,Lima,Yauyos,Viñac,AVANZA PAIS - PARTIDO DE INTEGRACION SOCIAL,37
140728,Lima,Yauyos,Viñac,PARTIDO POLITICO NACIONAL PERU LIBRE,293
140728,Lima,Yauyos,Viñac,PARTIDO DEMOCRATICO SOMOS PERU,74
140729,Lima,Yauyos,Vitis,PATRIA JOVEN,34
140729,Lima,Yauyos,Vitis,MOVIMIENTO REGIONAL UNIDAD CIVICA LIMA,90
140729,Lima,Yauyos,Vitis,RENOVACION POPULAR,1
140729,Lima,Yauyos,Vitis,AVANZA PAIS - PARTIDO DE INTEGRACION SOCIAL,147
140729,Lima,Yauyos,Vitis,PARTIDO POLITICO NACIONAL PERU LIBRE,13
140730,Lima,Yauyos,Hongos,PATRIA JOVEN,94
140730,Lima,Yauyos,Hongos,MOVIMIENTO REGIONAL UNIDAD CIVICA LIMA,88
140730,Lima,Yauyos,Hongos,ALIANZA PARA EL PROGRESO,58
140730,Lima,Yauyos,Hongos,AVANZA PAIS - PARTIDO DE INTEGRACION SOCIAL,106
140730,Lima,Yauyos,Hongos,PARTIDO POLITICO NACIONAL PERU LIBRE,26
140731,Lima,Yauyos,Madean,PATRIA JOVEN,101
140731,Lima,Yauyos,Madean,MOVIMIENTO REGIONAL UNIDAD CIVICA LIMA,108
140731,Lima,Yauyos,Madean,CONCERTACION PARA EL DESARROLLO REGIONAL - LIMA,86
140731,Lima,Yauyos,Madean,PODEMOS PERU,143
140731,Lima,Yauyos,Madean,RENOVACION POPULAR,72
140731,Lima,Yauyos,Madean,AVANZA PAIS - PARTIDO DE INTEGRACION SOCIAL,134
140731,Lima,Yauyos,Madean,PARTIDO DEMOCRATICO SOMOS PERU,169
140732,Lima,Yauyos,Putinza,PATRIA JOVEN,400
140732,Lima,Yauyos,Putinza,MOVIMIENTO REGIONAL UNIDAD CIVICA LIMA,122
140732,Lima,Yauyos,Putinza,RENOVACION POPULAR,6
140732,Lima,Yauyos,Putinza,AVANZA PAIS - PARTIDO DE INTEGRACION SOCIAL,0
140732,Lima,Yauyos,Putinza,PARTIDO DEMOCRATICO SOMOS PERU,210
140733,Lima,Yauyos,Catahuasi,PATRIA JOVEN,120
140733,Lima,Yauyos,Catahuasi,MOVIMIENTO REGIONAL UNIDAD CIVICA LIMA,250
140733,Lima,Yauyos,Catahuasi,CONCERTACION PARA EL DESARROLLO REGIONAL - LIMA,53
140733,Lima,Yauyos,Catahuasi,RENOVACION POPULAR,74
140733,Lima,Yauyos,Catahuasi,ALIANZA PARA EL PROGRESO,92
140733,Lima,Yauyos,Catahuasi,AVANZA PAIS - PARTIDO DE INTEGRACION SOCIAL,104
140733,Lima,Yauyos,Catahuasi,PARTIDO POLITICO NACIONAL PERU LIBRE,94
140733,Lima,Yauyos,Catahuasi,PARTIDO DEMOCRATICO SOMOS PERU,223
140802,Lima,Huaral,Atavillos Alto,PATRIA JOVEN,156
140802,Lima,Huaral,Atavillos Alto,MOVIMIENTO REGIONAL UNIDAD CIVICA LIMA,38
140802,Lima,Huaral,Atavillos Alto,CONCERTACION PARA EL DESARROLLO REGIONAL - LIMA,137
140802,Lima,Huaral,Atavillos Alto,JUNTOS POR EL PERU,104
140802,Lima,Huaral,Atavillos Alto,RENOVACION POPULAR,35
140803,Lima,Huaral,Atavillos Bajo,MOVIMIENTO REGIONAL UNIDAD CIVICA LIMA,274
140804,Lima,Huaral,Aucallama,PATRIA JOVEN,2022
140804,Lima,Huaral,Aucallama,MOVIMIENTO REGIONAL UNIDAD CIVICA LIMA,566
140804,Lima,Huaral,Aucallama,CONCERTACION PARA EL DESARROLLO REGIONAL - LIMA,1500
140804,Lima,Huaral,Aucallama,PARTIDO PATRIOTICO DEL PERU,72
140804,Lima,Huaral,Aucallama,ACCION POPULAR,1490
140804,Lima,Huaral,Aucallama,PODEMOS PERU,1041
140804,Lima,Huaral,Aucallama,RENOVACION POPULAR,239
140804,Lima,Huaral,Aucallama,AVANZA PAIS - PARTIDO DE INTEGRACION SOCIAL,183
140804,Lima,Huaral,Aucallama,PARTIDO POLITICO NACIONAL PERU LIBRE,195
140804,Lima,Huaral,Aucallama,PARTIDO DEMOCRATICO SOMOS PERU,1366
140805,Lima,Huaral,Chancay,PATRIA JOVEN,9509
140805,Lima,Huaral,Chancay,MOVIMIENTO REGIONAL UNIDAD CIVICA LIMA,8753
140805,Lima,Huaral,Chancay,CONCERTACION PARA EL DESARROLLO REGIONAL - LIMA,2822
140805,Lima,Huaral,Chancay,PARTIDO PATRIOTICO DEL PERU,316
140805,Lima,Huaral,Chancay,PODEMOS PERU,925
140805,Lima,Huaral,Chancay,RENOVACION POPULAR,534
140805,Lima,Huaral,Chancay,ALIANZA PARA EL PROGRESO,7264
140805,Lima,Huaral,Chancay,PARTIDO POLITICO NACIONAL PERU LIBRE,710
140805,Lima,Huaral,Chancay,PARTIDO DEMOCRATICO SOMOS PERU,1227
140806,Lima,Huaral,Ihuari,PATRIA JOVEN,532
140806,Lima,Huaral,Ihuari,MOVIMIENTO REGIONAL UNIDAD CIVICA LIMA,775
140806,Lima,Huaral,Ihuari,ACCION POPULAR,51
140806,Lima,Huaral,Ihuari,PODEMOS PERU,251
140806,Lima,Huaral,Ihuari,PARTIDO POLITICO NACIONAL PERU LIBRE,21
140806,Lima,Huaral,Ihuari,PARTIDO DEMOCRATICO SOMOS PERU,15
140807,Lima,Huaral,Lampían,PATRIA JOVEN,55
140807,Lima,Huaral,Lampían,MOVIMIENTO REGIONAL UNIDAD CIVICA LIMA,125
140807,Lima,Huaral,Lampían,CONCERTACION PARA EL DESARROLLO REGIONAL - LIMA,54
140807,Lima,Huaral,Lampían,JUNTOS POR EL PERU,45
140807,Lima,Huaral,Lampían,ALIANZA PARA EL PROGRESO,111
140808,Lima,Huaral,Pacaraos,PATRIA JOVEN,128
140808,Lima,Huaral,Pacaraos,MOVIMIENTO REGIONAL UNIDAD CIVICA LIMA,62
140808,Lima,Huaral,Pacaraos,JUNTOS POR EL PERU,138
140808,Lima,Huaral,Pacaraos,ALIANZA PARA EL PROGRESO,155
140808,Lima,Huaral,Pacaraos,PARTIDO DEMOCRATICO SOMOS PERU,34
140809,Lima,Huaral,San Miguel de Acos,PATRIA JOVEN,56
140809,Lima,Huaral,San Miguel de Acos,MOVIMIENTO REGIONAL UNIDAD CIVICA LIMA,89
140809,Lima,Huaral,San Miguel de Acos,ACCION POPULAR,147
140809,Lima,Huaral,San Miguel de Acos,ALIANZA PARA EL PROGRESO,121
140810,Lima,Huaral,Veintisiete de Noviembre,MOVIMIENTO REGIONAL UNIDAD CIVICA LIMA,124
140810,Lima,Huaral,Veintisiete de Noviembre,CONCERTACION PARA EL DESARROLLO REGIONAL - LIMA,157
140810,Lima,Huaral,Veintisiete de Noviembre,ACCION POPULAR,34
140810,Lima,Huaral,Veintisiete de Noviembre,RENOVACION POPULAR,103
140811,Lima,Huaral,Santa Cruz de Andamarca,PATRIA JOVEN,42
140811,Lima,Huaral,Santa Cruz de Andamarca,MOVIMIENTO REGIONAL UNIDAD CIVICA LIMA,25
140811,Lima,Huaral,Santa Cruz de Andamarca,CONCERTACION PARA EL DESARROLLO REGIONAL - LIMA,13
140811,Lima,Huaral,Santa Cruz de Andamarca,ACCION POPULAR,50
140811,Lima,Huaral,Santa Cruz de Andamarca,ALIANZA PARA EL PROGRESO,143
140811,Lima,Huaral,Santa Cruz de Andamarca,AVANZA PAIS - PARTIDO DE INTEGRACION SOCIAL,3
140811,Lima,Huaral,Santa Cruz de Andamarca,PARTIDO DEMOCRATICO SOMOS PERU,16
140812,Lima,Huaral,Sumbilca,PATRIA JOVEN,199
140812,Lima,Huaral,Sumbilca,MOVIMIENTO REGIONAL UNIDAD CIVICA LIMA,59
140812,Lima,Huaral,Sumbilca,CONCERTACION PARA EL DESARROLLO REGIONAL - LIMA,212
140812,Lima,Huaral,Sumbilca,ACCION POPULAR,78
140812,Lima,Huaral,Sumbilca,PARTIDO POLITICO NACIONAL PERU LIBRE,11
140902,Lima,Barranca,Paramonga,PATRIA JOVEN,1606
140902,Lima,Barranca,Paramonga,MOVIMIENTO REGIONAL UNIDAD CIVICA LIMA,2075
140902,Lima,Barranca,Paramonga,CONCERTACION PARA EL DESARROLLO REGIONAL - LIMA,1114
140902,Lima,Barranca,Paramonga,PARTIDO FRENTE DE LA ESPERANZA 2021,78
140902,Lima,Barranca,Paramonga,PARTIDO PATRIOTICO DEL PERU,115
140902,Lima,Barranca,Paramonga,JUNTOS POR EL PERU,1330
140902,Lima,Barranca,Paramonga,FUERZA POPULAR,1167
140902,Lima,Barranca,Paramonga,ACCION POPULAR,235
140902,Lima,Barranca,Paramonga,PODEMOS PERU,1985
140902,Lima,Barranca,Paramonga,RENOVACION POPULAR,990
140902,Lima,Barranca,Paramonga,ALIANZA PARA EL PROGRESO,724
140902,Lima,Barranca,Paramonga,PARTIDO MORADO,180
140902,Lima,Barranca,Paramonga,PARTIDO POLITICO NACIONAL PERU LIBRE,110
140902,Lima,Barranca,Paramonga,PARTIDO DEMOCRATICO SOMOS PERU,655
140903,Lima,Barranca,Pativilca,PATRIA JOVEN,2046
140903,Lima,Barranca,Pativilca,MOVIMIENTO REGIONAL UNIDAD CIVICA LIMA,4385
140903,Lima,Barranca,Pativilca,CONCERTACION PARA EL DESARROLLO REGIONAL - LIMA,995
140903,Lima,Barranca,Pativilca,JUNTOS POR EL PERU,124
140903,Lima,Barranca,Pativilca,FUERZA POPULAR,299
140903,Lima,Barranca,Pativilca,AVANZA PAIS - PARTIDO DE INTEGRACION SOCIAL,67
140903,Lima,Barranca,Pativilca,PARTIDO MORADO,121
140903,Lima,Barranca,Pativilca,PARTIDO DEMOCRATICO SOMOS PERU,1455
140904,Lima,Barranca,Supe,PATRIA JOVEN,996
140904,Lima,Barranca,Supe,MOVIMIENTO REGIONAL UNIDAD CIVICA LIMA,4949
140904,Lima,Barranca,Supe,CONCERTACION PARA EL DESARROLLO REGIONAL - LIMA,1146
140904,Lima,Barranca,Supe,PARTIDO FRENTE DE LA ESPERANZA 2021,184
140904,Lima,Barranca,Supe,JUNTOS POR EL PERU,232
140904,Lima,Barranca,Supe,FUERZA POPULAR,426
140904,Lima,Barranca,Supe,ACCION POPULAR,281
140904,Lima,Barranca,Supe,PODEMOS PERU,3657
140904,Lima,Barranca,Supe,RENOVACION POPULAR,321
140904,Lima,Barranca,Supe,ALIANZA PARA EL PROGRESO,219
140904,Lima,Barranca,Supe,AVANZA PAIS - PARTIDO DE INTEGRACION SOCIAL,93
140904,Lima,Barranca,Supe,PARTIDO DEMOCRATICO SOMOS PERU,541
140905,Lima,Barranca,Supe Puerto,PATRIA JOVEN,1772
140905,Lima,Barranca,Supe Puerto,MOVIMIENTO REGIONAL UNIDAD CIVICA LIMA,1829
140905,Lima,Barranca,Supe Puerto,CONCERTACION PARA EL DESARROLLO REGIONAL - LIMA,306
140905,Lima,Barranca,Supe Puerto,PARTIDO FRENTE DE LA ESPERANZA 2021,185
140905,Lima,Barranca,Supe Puerto,PODEMOS PERU,485
140905,Lima,Barranca,Supe Puerto,PARTIDO MORADO,180
140905,Lima,Barranca,Supe Puerto,PARTIDO DEMOCRATICO SOMOS PERU,1430
141002,Lima,Oyón,Navan,PATRIA JOVEN,9
141002,Lima,Oyón,Navan,ALIANZA PARA EL PROGRESO,59
141002,Lima,Oyón,Navan,AVANZA PAIS - PARTIDO DE INTEGRACION SOCIAL,194
141002,Lima,Oyón,Navan,PARTIDO POLITICO NACIONAL PERU LIBRE,8
141002,Lima,Oyón,Navan,PARTIDO DEMOCRATICO SOMOS PERU,212
141003,Lima,Oyón,Caujul,MOVIMIENTO REGIONAL UNIDAD CIVICA LIMA,180
141003,Lima,Oyón,Caujul,PARTIDO DEMOCRATICO SOMOS PERU,202
141004,Lima,Oyón,Andajes,PATRIA JOVEN,195
141004,Lima,Oyón,Andajes,PARTIDO DEMOCRATICO SOMOS PERU,119
141005,Lima,Oyón,Pachangara,PATRIA JOVEN,265
141005,Lima,Oyón,Pachangara,MOVIMIENTO REGIONAL UNIDAD CIVICA LIMA,589
141005,Lima,Oyón,Pachangara,CONCERTACION PARA EL DESARROLLO REGIONAL - LIMA,154
141005,Lima,Oyón,Pachangara,ACCION POPULAR,62
141005,Lima,Oyón,Pachangara,AVANZA PAIS - PARTIDO DE INTEGRACION SOCIAL,42
141005,Lima,Oyón,Pachangara,PARTIDO POLITICO NACIONAL PERU LIBRE,24
141005,Lima,Oyón,Pachangara,PARTIDO DEMOCRATICO SOMOS PERU,485
141006,Lima,Oyón,Cochamarca,PATRIA JOVEN,314
141006,Lima,Oyón,Cochamarca,MOVIMIENTO REGIONAL UNIDAD CIVICA LIMA,19
141006,Lima,Oyón,Cochamarca,ALIANZA PARA EL PROGRESO,183
141006,Lima,Oyón,Cochamarca,AVANZA PAIS - PARTIDO DE INTEGRACION SOCIAL,147
141006,Lima,Oyón,Cochamarca,PARTIDO DEMOCRATICO SOMOS PERU,407
150102,Loreto,Maynas,Alto Nanay,MOVIMIENTO INDEPENDIENTE LORETO - MI LORETO,69
150102,Loreto,Maynas,Alto Nanay,FUERZA LORETANA,140
150102,Loreto,Maynas,Alto Nanay,MOVIMIENTO INDEPENDIENTE REIVINDIQUEMOS LORETO,160
150102,Loreto,Maynas,Alto Nanay,MOVIMIENTO ESPERANZA REGION AMAZONICA,525
150102,Loreto,Maynas,Alto Nanay,ALIANZA PARA EL PROGRESO,533
150102,Loreto,Maynas,Alto Nanay,PARTIDO DEMOCRATICO SOMOS PERU,474
150103,Loreto,Maynas,Fernando Lores,MOVIMIENTO INDEPENDIENTE LORETO - MI LORETO,2159
150103,Loreto,Maynas,Fernando Lores,FUERZA LORETANA,95
150103,Loreto,Maynas,Fernando Lores,MOVIMIENTO INDEPENDIENTE REIVINDIQUEMOS LORETO,212
150103,Loreto,Maynas,Fernando Lores,MOVIMIENTO ESPERANZA REGION AMAZONICA,2193
150103,Loreto,Maynas,Fernando Lores,JUNTOS POR LORETO,24
150103,Loreto,Maynas,Fernando Lores,FUERZA POPULAR,5
150103,Loreto,Maynas,Fernando Lores,ALIANZA PARA EL PROGRESO,1454
150103,Loreto,Maynas,Fernando Lores,PARTIDO DEMOCRATICO SOMOS PERU,1020
150104,Loreto,Maynas,Las Amazonas,MOVIMIENTO INDEPENDIENTE LORETO - MI LORETO,1498
150104,Loreto,Maynas,Las Amazonas,MOVIMIENTO INDEPENDIENTE REIVINDIQUEMOS LORETO,1339
150104,Loreto,Maynas,Las Amazonas,MOVIMIENTO ESPERANZA REGION AMAZONICA,491
150104,Loreto,Maynas,Las Amazonas,JUNTOS POR LORETO,161
150104,Loreto,Maynas,Las Amazonas,ALIANZA PARA EL PROGRESO,20
150104,Loreto,Maynas,Las Amazonas,PARTIDO DEMOCRATICO SOMOS PERU,506
150105,Loreto,Maynas,Mazan,MOVIMIENTO INDEPENDIENTE LORETO - MI LORETO,238
150105,Loreto,Maynas,Mazan,MOVIMIENTO ESPERANZA REGION AMAZONICA,2299
150105,Loreto,Maynas,Mazan,ALIANZA PARA EL PROGRESO,936
150105,Loreto,Maynas,Mazan,PARTIDO DEMOCRATICO SOMOS PERU,1473
150106,Loreto,Maynas,Napo,MOVIMIENTO INDEPENDIENTE LORETO - MI LORETO,175
150106,Loreto,Maynas,Napo,FUERZA LORETANA,493
150106,Loreto,Maynas,Napo,MOVIMIENTO INDEPENDIENTE REIVINDIQUEMOS LORETO,1587
150106,Loreto,Maynas,Napo,MOVIMIENTO ESPERANZA REGION AMAZONICA,735
150106,Loreto,Maynas,Napo,MOVIMIENTO INDEPENDIENTE POLITICO VOLUNTAD GENERAL AMAZONICA - VOGA,94
150106,Loreto,Maynas,Napo,ALIANZA PARA EL PROGRESO,15
150106,Loreto,Maynas,Napo,PARTIDO DEMOCRATICO SOMOS PERU,2364
150108,Loreto,Maynas,Torres Causana,MOVIMIENTO INDEPENDIENTE LORETO - MI LORETO,38
150108,Loreto,Maynas,Torres Causana,MOVIMIENTO INDEPENDIENTE REIVINDIQUEMOS LORETO,122
150108,Loreto,Maynas,Torres Causana,MOVIMIENTO ESPERANZA REGION AMAZONICA,604
150108,Loreto,Maynas,Torres Causana,ALIANZA PARA EL PROGRESO,36
150108,Loreto,Maynas,Torres Causana,PARTIDO DEMOCRATICO SOMOS PERU,1280
150110,Loreto,Maynas,Indiana,MOVIMIENTO INDEPENDIENTE LORETO - MI LORETO,277
150110,Loreto,Maynas,Indiana,FUERZA LORETANA,69
150110,Loreto,Maynas,Indiana,MOVIMIENTO INDEPENDIENTE REIVINDIQUEMOS LORETO,165
150110,Loreto,Maynas,Indiana,MOVIMIENTO ESPERANZA REGION AMAZONICA,853
150110,Loreto,Maynas,Indiana,JUNTOS POR LORETO,540
150110,Loreto,Maynas,Indiana,ALIANZA PARA EL PROGRESO,2335
150110,Loreto,Maynas,Indiana,PARTIDO DEMOCRATICO SOMOS PERU,750
150111,Loreto,Maynas,Punchana,MOVIMIENTO INDEPENDIENTE LORETO - MI LORETO,3081
150111,Loreto,Maynas,Punchana,MOVIMIENTO INDEPENDIENTE REIVINDIQUEMOS LORETO,2468
150111,Loreto,Maynas,Punchana,MOVIMIENTO ESPERANZA REGION AMAZONICA,3893
150111,Loreto,Maynas,Punchana,JUNTOS POR LORETO,670
150111,Loreto,Maynas,Punchana,LORETO PARA TODOS,12285
150111,Loreto,Maynas,Punchana,ACCION POPULAR,423
150111,Loreto,Maynas,Punchana,ALIANZA PARA EL PROGRESO,2469
150111,Loreto,Maynas,Punchana,PARTIDO DEMOCRATICO SOMOS PERU,10161
150112,Loreto,Maynas,Belén,MOVIMIENTO INDEPENDIENTE LORETO - MI LORETO,1449
150112,Loreto,Maynas,Belén,MOVIMIENTO INDEPENDIENTE REIVINDIQUEMOS LORETO,2845
150112,Loreto,Maynas,Belén,MOVIMIENTO ESPERANZA REGION AMAZONICA,6711
150112,Loreto,Maynas,Belén,MOVIMIENTO INDEPENDIENTE POLITICO VOLUNTAD GENERAL AMAZONICA - VOGA,660
150112,Loreto,Maynas,Belén,JUNTOS POR LORETO,725
150112,Loreto,Maynas,Belén,LORETO PARA TODOS,551
150112,Loreto,Maynas,Belén,FUERZA POPULAR,306
150112,Loreto,Maynas,Belén,ALIANZA PARA EL PROGRESO,1035
150112,Loreto,Maynas,Belén,AVANZA PAIS - PARTIDO DE INTEGRACION SOCIAL,243
150112,Loreto,Maynas,Belén,PARTIDO POLITICO NACIONAL PERU LIBRE,261
150112,Loreto,Maynas,Belén,PARTIDO DEMOCRATICO SOMOS PERU,14465
150113,Loreto,Maynas,San Juan Bautista,MOVIMIENTO INDEPENDIENTE LORETO - MI LORETO,2273
150113,Loreto,Maynas,San Juan Bautista,FUERZA LORETANA,197
150113,Loreto,Maynas,San Juan Bautista,MOVIMIENTO INDEPENDIENTE REIVINDIQUEMOS LORETO,16926
150113,Loreto,Maynas,San Juan Bautista,MOVIMIENTO ESPERANZA REGION AMAZONICA,6967
150113,Loreto,Maynas,San Juan Bautista,MOVIMIENTO INDEPENDIENTE POLITICO VOLUNTAD GENERAL AMAZONICA - VOGA,1399
150113,Loreto,Maynas,San Juan Bautista,JUNTOS POR LORETO,935
150113,Loreto,Maynas,San Juan Bautista,JUNTOS POR EL PERU,313
150113,Loreto,Maynas,San Juan Bautista,ALIANZA PARA EL PROGRESO,1812
150113,Loreto,Maynas,San Juan Bautista,PARTIDO DEMOCRATICO SOMOS PERU,15771
150202,Loreto,Alto Amazonas,Balsapuerto,MOVIMIENTO INDEPENDIENTE LORETO - MI LORETO,2799
150202,Loreto,Alto Amazonas,Balsapuerto,FUERZA LORETANA,55
150202,Loreto,Alto Amazonas,Balsapuerto,MOVIMIENTO INDEPENDIENTE REIVINDIQUEMOS LORETO,60
150202,Loreto,Alto Amazonas,Balsapuerto,PARTIDO FRENTE DE LA ESPERANZA 2021,559
150202,Loreto,Alto Amazonas,Balsapuerto,FUERZA POPULAR,16
150202,Loreto,Alto Amazonas,Balsapuerto,ACCION POPULAR,69
150202,Loreto,Alto Amazonas,Balsapuerto,ALIANZA PARA EL PROGRESO,2334
150202,Loreto,Alto Amazonas,Balsapuerto,PARTIDO DEMOCRATICO SOMOS PERU,1762
150205,Loreto,Alto Amazonas,Jeberos,MOVIMIENTO INDEPENDIENTE LORETO - MI LORETO,343
150205,Loreto,Alto Amazonas,Jeberos,FUERZA LORETANA,199
150205,Loreto,Alto Amazonas,Jeberos,MOVIMIENTO INDEPENDIENTE REIVINDIQUEMOS LORETO,4
150205,Loreto,Alto Amazonas,Jeberos,MOVIMIENTO ESPERANZA REGION AMAZONICA,74
150205,Loreto,Alto Amazonas,Jeberos,JUNTOS POR LORETO,372
150205,Loreto,Alto Amazonas,Jeberos,ACCION POPULAR,592
150205,Loreto,Alto Amazonas,Jeberos,ALIANZA PARA EL PROGRESO,375
150205,Loreto,Alto Amazonas,Jeberos,PARTIDO DEMOCRATICO SOMOS PERU,100
150206,Loreto,Alto Amazonas,Lagunas,MOVIMIENTO INDEPENDIENTE LORETO - MI LORETO,892
150206,Loreto,Alto Amazonas,Lagunas,MOVIMIENTO INDEPENDIENTE REIVINDIQUEMOS LORETO,1817
150206,Loreto,Alto Amazonas,Lagunas,JUNTOS POR LORETO,18
150206,Loreto,Alto Amazonas,Lagunas,PARTIDO FRENTE DE LA ESPERANZA 2021,3
150206,Loreto,Alto Amazonas,Lagunas,FUERZA POPULAR,101
150206,Loreto,Alto Amazonas,Lagunas,ACCION POPULAR,229
150206,Loreto,Alto Amazonas,Lagunas,ALIANZA PARA EL PROGRESO,1568
150206,Loreto,Alto Amazonas,Lagunas,PARTIDO POLITICO NACIONAL PERU LIBRE,57
150206,Loreto,Alto Amazonas,Lagunas,PARTIDO DEMOCRATICO SOMOS PERU,1756
150210,Loreto,Alto Amazonas,Santa Cruz,MOVIMIENTO INDEPENDIENTE REIVINDIQUEMOS LORETO,342
150210,Loreto,Alto Amazonas,Santa Cruz,MOVIMIENTO ESPERANZA REGION AMAZONICA,676
150210,Loreto,Alto Amazonas,Santa Cruz,ACCION POPULAR,249
150210,Loreto,Alto Amazonas,Santa Cruz,ALIANZA PARA EL PROGRESO,379
150210,Loreto,Alto Amazonas,Santa Cruz,PARTIDO POLITICO NACIONAL PERU LIBRE,297
150210,Loreto,Alto Amazonas,Santa Cruz,PARTIDO DEMOCRATICO SOMOS PERU,606
150211,Loreto,Alto Amazonas,Teniente César López Rojas,MOVIMIENTO INDEPENDIENTE LORETO - MI LORETO,671
150211,Loreto,Alto Amazonas,Teniente César López Rojas,MOVIMIENTO INDEPENDIENTE REIVINDIQUEMOS LORETO,588
150211,Loreto,Alto Amazonas,Teniente César López Rojas,PARTIDO FRENTE DE LA ESPERANZA 2021,11
150211,Loreto,Alto Amazonas,Teniente César López Rojas,ACCION POPULAR,766
150211,Loreto,Alto Amazonas,Teniente César López Rojas,ALIANZA PARA EL PROGRESO,360
150211,Loreto,Alto Amazonas,Teniente César López Rojas,PARTIDO DEMOCRATICO SOMOS PERU,848
150302,Loreto,Loreto,Parinari,MOVIMIENTO INDEPENDIENTE LORETO - MI LORETO,8
150302,Loreto,Loreto,Parinari,FUERZA LORETANA,126
150302,Loreto,Loreto,Parinari,MOVIMIENTO ESPERANZA REGION AMAZONICA,936
150302,Loreto,Loreto,Parinari,MOVIMIENTO INDEPENDIENTE POLITICO VOLUNTAD GENERAL AMAZONICA - VOGA,17
150302,Loreto,Loreto,Parinari,JUNTOS POR LORETO,935
150302,Loreto,Loreto,Parinari,ALIANZA PARA EL PROGRESO,944
150302,Loreto,Loreto,Parinari,AVANZA PAIS - PARTIDO DE INTEGRACION SOCIAL,31
150302,Loreto,Loreto,Parinari,PARTIDO POLITICO NACIONAL PERU LIBRE,66
150302,Loreto,Loreto,Parinari,PARTIDO DEMOCRATICO SOMOS PERU,55
150303,Loreto,Loreto,Tigre,MOVIMIENTO INDEPENDIENTE LORETO - MI LORETO,5
150303,Loreto,Loreto,Tigre,FUERZA LORETANA,313
150303,Loreto,Loreto,Tigre,MOVIMIENTO INDEPENDIENTE REIVINDIQUEMOS LORETO,61
150303,Loreto,Loreto,Tigre,MOVIMIENTO ESPERANZA REGION AMAZONICA,1135
150303,Loreto,Loreto,Tigre,MOVIMIENTO INDEPENDIENTE POLITICO VOLUNTAD GENERAL AMAZONICA - VOGA,2
150303,Loreto,Loreto,Tigre,JUNTOS POR LORETO,111
150303,Loreto,Loreto,Tigre,ALIANZA PARA EL PROGRESO,189
150303,Loreto,Loreto,Tigre,PARTIDO POLITICO NACIONAL PERU LIBRE,174
150303,Loreto,Loreto,Tigre,PARTIDO DEMOCRATICO SOMOS PERU,769
150304,Loreto,Loreto,Urarinas,MOVIMIENTO INDEPENDIENTE LORETO - MI LORETO,149
150304,Loreto,Loreto,Urarinas,MOVIMIENTO INDEPENDIENTE REIVINDIQUEMOS LORETO,144
150304,Loreto,Loreto,Urarinas,MOVIMIENTO ESPERANZA REGION AMAZONICA,1289
150304,Loreto,Loreto,Urarinas,MOVIMIENTO INDEPENDIENTE POLITICO VOLUNTAD GENERAL AMAZONICA - VOGA,113
150304,Loreto,Loreto,Urarinas,JUNTOS POR LORETO,47
150304,Loreto,Loreto,Urarinas,PARTIDO FRENTE DE LA ESPERANZA 2021,30
150304,Loreto,Loreto,Urarinas,JUNTOS POR EL PERU,2
150304,Loreto,Loreto,Urarinas,ALIANZA PARA EL PROGRESO,1869
150304,Loreto,Loreto,Urarinas,PARTIDO POLITICO NACIONAL PERU LIBRE,54
150304,Loreto,Loreto,Urarinas,PARTIDO DEMOCRATICO SOMOS PERU,1531
150305,Loreto,Loreto,Trompeteros,MOVIMIENTO INDEPENDIENTE LORETO - MI LORETO,563
150305,Loreto,Loreto,Trompeteros,MOVIMIENTO INDEPENDIENTE REIVINDIQUEMOS LORETO,1184
150305,Loreto,Loreto,Trompeteros,MOVIMIENTO ESPERANZA REGION AMAZONICA,980
150305,Loreto,Loreto,Trompeteros,JUNTOS POR LORETO,0
150305,Loreto,Loreto,Trompeteros,ALIANZA PARA EL PROGRESO,666
150305,Loreto,Loreto,Trompeteros,PARTIDO DEMOCRATICO SOMOS PERU,393
150402,Loreto,Requena,Alto Tapiche,MOVIMIENTO INDEPENDIENTE REIVINDIQUEMOS LORETO,276
150402,Loreto,Requena,Alto Tapiche,MOVIMIENTO ESPERANZA REGION AMAZONICA,111
150402,Loreto,Requena,Alto Tapiche,MOVIMIENTO INDEPENDIENTE POLITICO VOLUNTAD GENERAL AMAZONICA - VOGA,297
150402,Loreto,Requena,Alto Tapiche,ALIANZA PARA EL PROGRESO,240
150402,Loreto,Requena,Alto Tapiche,PARTIDO DEMOCRATICO SOMOS PERU,80
150403,Loreto,Requena,Capelo,MOVIMIENTO INDEPENDIENTE REIVINDIQUEMOS LORETO,730
150403,Loreto,Requena,Capelo,MOVIMIENTO ESPERANZA REGION AMAZONICA,363
150403,Loreto,Requena,Capelo,ALIANZA PARA EL PROGRESO,78
150403,Loreto,Requena,Capelo,PARTIDO DEMOCRATICO SOMOS PERU,407
150404,Loreto,Requena,Emilio San Martín,JUNTOS POR LORETO,205
150404,Loreto,Requena,Emilio San Martín,ALIANZA PARA EL PROGRESO,1264
150404,Loreto,Requena,Emilio San Martín,PARTIDO DEMOCRATICO SOMOS PERU,1391
150405,Loreto,Requena,Maquia,MOVIMIENTO INDEPENDIENTE LORETO - MI LORETO,31
150405,Loreto,Requena,Maquia,MOVIMIENTO INDEPENDIENTE REIVINDIQUEMOS LORETO,1084
150405,Loreto,Requena,Maquia,MOVIMIENTO ESPERANZA REGION AMAZONICA,706
150405,Loreto,Requena,Maquia,MOVIMIENTO INDEPENDIENTE POLITICO VOLUNTAD GENERAL AMAZONICA - VOGA,8
150405,Loreto,Requena,Maquia,LORETO PARA TODOS,238
150405,Loreto,Requena,Maquia,ALIANZA PARA EL PROGRESO,356
150405,Loreto,Requena,Maquia,PARTIDO POLITICO NACIONAL PERU LIBRE,339
150405,Loreto,Requena,Maquia,PARTIDO DEMOCRATICO SOMOS PERU,676
150406,Loreto,Requena,Puinahua,MOVIMIENTO INDEPENDIENTE REIVINDIQUEMOS LORETO,912
150406,Loreto,Requena,Puinahua,MOVIMIENTO ESPERANZA REGION AMAZONICA,489
150406,Loreto,Requena,Puinahua,MOVIMIENTO INDEPENDIENTE POLITICO VOLUNTAD GENERAL AMAZONICA - VOGA,160
150406,Loreto,Requena,Puinahua,ALIANZA PARA EL PROGRESO,1160
150406,Loreto,Requena,Puinahua,PARTIDO DEMOCRATICO SOMOS PERU,78
150407,Loreto,Requena,Saquena,MOVIMIENTO INDEPENDIENTE REIVINDIQUEMOS LORETO,566
150407,Loreto,Requena,Saquena,MOVIMIENTO ESPERANZA REGION AMAZONICA,390
150407,Loreto,Requena,Saquena,MOVIMIENTO INDEPENDIENTE POLITICO VOLUNTAD GENERAL AMAZONICA - VOGA,39
150407,Loreto,Requena,Saquena,JUNTOS POR LORETO,2
150407,Loreto,Requena,Saquena,ALIANZA PARA EL PROGRESO,536
150407,Loreto,Requena,Saquena,AVANZA PAIS - PARTIDO DE INTEGRACION SOCIAL,1
150407,Loreto,Requena,Saquena,PARTIDO DEMOCRATICO SOMOS PERU,332
150408,Loreto,Requena,Soplin,MOVIMIENTO INDEPENDIENTE REIVINDIQUEMOS LORETO,147
150408,Loreto,Requena,Soplin,MOVIMIENTO ESPERANZA REGION AMAZONICA,120
150408,Loreto,Requena,Soplin,ALIANZA PARA EL PROGRESO,195
150408,Loreto,Requena,Soplin,PARTIDO DEMOCRATICO SOMOS PERU,3
150409,Loreto,Requena,Tapiche,MOVIMIENTO INDEPENDIENTE REIVINDIQUEMOS LORETO,394
150409,Loreto,Requena,Tapiche,MOVIMIENTO ESPERANZA REGION AMAZONICA,14
150409,Loreto,Requena,Tapiche,ALIANZA PARA EL PROGRESO,198
150409,Loreto,Requena,Tapiche,PARTIDO DEMOCRATICO SOMOS PERU,151
150410,Loreto,Requena,Jenaro Herrera,MOVIMIENTO INDEPENDIENTE LORETO - MI LORETO,409
150410,Loreto,Requena,Jenaro Herrera,MOVIMIENTO INDEPENDIENTE REIVINDIQUEMOS LORETO,198
150410,Loreto,Requena,Jenaro Herrera,MOVIMIENTO ESPERANZA REGION AMAZONICA,699
150410,Loreto,Requena,Jenaro Herrera,MOVIMIENTO INDEPENDIENTE POLITICO VOLUNTAD GENERAL AMAZONICA - VOGA,12
150410,Loreto,Requena,Jenaro Herrera,JUNTOS POR LORETO,12
150410,Loreto,Requena,Jenaro Herrera,ALIANZA PARA EL PROGRESO,128
150410,Loreto,Requena,Jenaro Herrera,PARTIDO DEMOCRATICO SOMOS PERU,600
150411,Loreto,Requena,Yaquerana,MOVIMIENTO INDEPENDIENTE REIVINDIQUEMOS LORETO,352
150411,Loreto,Requena,Yaquerana,MOVIMIENTO ESPERANZA REGION AMAZONICA,238
150411,Loreto,Requena,Yaquerana,MOVIMIENTO INDEPENDIENTE POLITICO VOLUNTAD GENERAL AMAZONICA - VOGA,141
150411,Loreto,Requena,Yaquerana,PARTIDO PATRIOTICO DEL PERU,9
150411,Loreto,Requena,Yaquerana,ALIANZA PARA EL PROGRESO,47
150411,Loreto,Requena,Yaquerana,PARTIDO DEMOCRATICO SOMOS PERU,490
150502,Loreto,Ucayali,Vargas Guerra,MOVIMIENTO INDEPENDIENTE LORETO - MI LORETO,1378
150502,Loreto,Ucayali,Vargas Guerra,MOVIMIENTO ESPERANZA REGION AMAZONICA,1014
150502,Loreto,Ucayali,Vargas Guerra,MOVIMIENTO INDEPENDIENTE POLITICO VOLUNTAD GENERAL AMAZONICA - VOGA,956
150502,Loreto,Ucayali,Vargas Guerra,JUNTOS POR LORETO,267
150502,Loreto,Ucayali,Vargas Guerra,ALIANZA PARA EL PROGRESO,565
150502,Loreto,Ucayali,Vargas Guerra,PARTIDO DEMOCRATICO SOMOS PERU,293
150503,Loreto,Ucayali,Padre Márquez,MOVIMIENTO INDEPENDIENTE LORETO - MI LORETO,741
150503,Loreto,Ucayali,Padre Márquez,MOVIMIENTO INDEPENDIENTE REIVINDIQUEMOS LORETO,124
150503,Loreto,Ucayali,Padre Márquez,MOVIMIENTO ESPERANZA REGION AMAZONICA,259
150503,Loreto,Ucayali,Padre Márquez,MOVIMIENTO INDEPENDIENTE POLITICO VOLUNTAD GENERAL AMAZONICA - VOGA,202
150503,Loreto,Ucayali,Padre Márquez,ALIANZA PARA EL PROGRESO,1228
150503,Loreto,Ucayali,Padre Márquez,PARTIDO POLITICO NACIONAL PERU LIBRE,32
150503,Loreto,Ucayali,Padre Márquez,PARTIDO DEMOCRATICO SOMOS PERU,570
150504,Loreto,Ucayali,Pampa Hermosa,MOVIMIENTO INDEPENDIENTE LORETO - MI LORETO,198
150504,Loreto,Ucayali,Pampa Hermosa,MOVIMIENTO INDEPENDIENTE REIVINDIQUEMOS LORETO,5
150504,Loreto,Ucayali,Pampa Hermosa,MOVIMIENTO ESPERANZA REGION AMAZONICA,1259
150504,Loreto,Ucayali,Pampa Hermosa,MOVIMIENTO INDEPENDIENTE POLITICO VOLUNTAD GENERAL AMAZONICA - VOGA,711
150504,Loreto,Ucayali,Pampa Hermosa,JUNTOS POR LORETO,14
150504,Loreto,Ucayali,Pampa Hermosa,ALIANZA PARA EL PROGRESO,628
150504,Loreto,Ucayali,Pampa Hermosa,PARTIDO POLITICO NACIONAL PERU LIBRE,39
150504,Loreto,Ucayali,Pampa Hermosa,PARTIDO DEMOCRATICO SOMOS PERU,20
150505,Loreto,Ucayali,Sarayacu,MOVIMIENTO INDEPENDIENTE LORETO - MI LORETO,108
150505,Loreto,Ucayali,Sarayacu,MOVIMIENTO INDEPENDIENTE REIVINDIQUEMOS LORETO,648
150505,Loreto,Ucayali,Sarayacu,MOVIMIENTO ESPERANZA REGION AMAZONICA,946
150505,Loreto,Ucayali,Sarayacu,MOVIMIENTO INDEPENDIENTE POLITICO VOLUNTAD GENERAL AMAZONICA - VOGA,1362
150505,Loreto,Ucayali,Sarayacu,JUNTOS POR LORETO,582
150505,Loreto,Ucayali,Sarayacu,LORETO PARA TODOS,611
150505,Loreto,Ucayali,Sarayacu,ALIANZA PARA EL PROGRESO,298
150505,Loreto,Ucayali,Sarayacu,PARTIDO POLITICO NACIONAL PERU LIBRE,468
150505,Loreto,Ucayali,Sarayacu,PARTIDO DEMOCRATICO SOMOS PERU,758
150506,Loreto,Ucayali,Inahuaya,MOVIMIENTO INDEPENDIENTE LORETO - MI LORETO,672
150506,Loreto,Ucayali,Inahuaya,FUERZA LORETANA,3
150506,Loreto,Ucayali,Inahuaya,MOVIMIENTO ESPERANZA REGION AMAZONICA,13
150506,Loreto,Ucayali,Inahuaya,MOVIMIENTO INDEPENDIENTE POLITICO VOLUNTAD GENERAL AMAZONICA - VOGA,559
150506,Loreto,Ucayali,Inahuaya,ALIANZA PARA EL PROGRESO,80
150506,Loreto,Ucayali,Inahuaya,PARTIDO DEMOCRATICO SOMOS PERU,71
150602,Loreto,Mariscal Ramón Castilla,Pebas,MOVIMIENTO INDEPENDIENTE LORETO - MI LORETO,632
150602,Loreto,Mariscal Ramón Castilla,Pebas,MOVIMIENTO ESPERANZA REGION AMAZONICA,178
150602,Loreto,Mariscal Ramón Castilla,Pebas,PARTIDO FRENTE DE LA ESPERANZA 2021,75
150602,Loreto,Mariscal Ramón Castilla,Pebas,FUERZA POPULAR,212
150602,Loreto,Mariscal Ramón Castilla,Pebas,ACCION POPULAR,1270
150602,Loreto,Mariscal Ramón Castilla,Pebas,RENOVACION POPULAR,262
150602,Loreto,Mariscal Ramón Castilla,Pebas,ALIANZA PARA EL PROGRESO,794
150602,Loreto,Mariscal Ramón Castilla,Pebas,PARTIDO POLITICO NACIONAL PERU LIBRE,250
150602,Loreto,Mariscal Ramón Castilla,Pebas,PARTIDO DEMOCRATICO SOMOS PERU,436
150603,Loreto,Mariscal Ramón Castilla,Yavarí,MOVIMIENTO INDEPENDIENTE LORETO - MI LORETO,15
150603,Loreto,Mariscal Ramón Castilla,Yavarí,MOVIMIENTO INDEPENDIENTE REIVINDIQUEMOS LORETO,97
150603,Loreto,Mariscal Ramón Castilla,Yavarí,MOVIMIENTO ESPERANZA REGION AMAZONICA,978
150603,Loreto,Mariscal Ramón Castilla,Yavarí,MOVIMIENTO INDEPENDIENTE POLITICO VOLUNTAD GENERAL AMAZONICA - VOGA,362
150603,Loreto,Mariscal Ramón Castilla,Yavarí,ACCION POPULAR,748
150603,Loreto,Mariscal Ramón Castilla,Yavarí,ALIANZA PARA EL PROGRESO,1205
150603,Loreto,Mariscal Ramón Castilla,Yavarí,PARTIDO POLITICO NACIONAL PERU LIBRE,869
150603,Loreto,Mariscal Ramón Castilla,Yavarí,PARTIDO DEMOCRATICO SOMOS PERU,680
150604,Loreto,Mariscal Ramón Castilla,San Pablo,MOVIMIENTO INDEPENDIENTE LORETO - MI LORETO,43
150604,Loreto,Mariscal Ramón Castilla,San Pablo,MOVIMIENTO ESPERANZA REGION AMAZONICA,2516
150604,Loreto,Mariscal Ramón Castilla,San Pablo,ACCION POPULAR,1402
150604,Loreto,Mariscal Ramón Castilla,San Pablo,ALIANZA PARA EL PROGRESO,147
150604,Loreto,Mariscal Ramón Castilla,San Pablo,PARTIDO POLITICO NACIONAL PERU LIBRE,360
150604,Loreto,Mariscal Ramón Castilla,San Pablo,PARTIDO DEMOCRATICO SOMOS PERU,28
150702,Loreto,Datem del Marañón,Andoas,MOVIMIENTO INDEPENDIENTE LORETO - MI LORETO,197
150702,Loreto,Datem del Marañón,Andoas,MOVIMIENTO ESPERANZA REGION AMAZONICA,1319
150702,Loreto,Datem del Marañón,Andoas,MOVIMIENTO INDEPENDIENTE POLITICO VOLUNTAD GENERAL AMAZONICA - VOGA,45
150702,Loreto,Datem del Marañón,Andoas,JUNTOS POR LORETO,5
150702,Loreto,Datem del Marañón,Andoas,ACCION POPULAR,930
150702,Loreto,Datem del Marañón,Andoas,ALIANZA PARA EL PROGRESO,981
150702,Loreto,Datem del Marañón,Andoas,AVANZA PAIS - PARTIDO DE INTEGRACION SOCIAL,37
150702,Loreto,Datem del Marañón,Andoas,PARTIDO POLITICO NACIONAL PERU LIBRE,79
150702,Loreto,Datem del Marañón,Andoas,PARTIDO DEMOCRATICO SOMOS PERU,1397
150703,Loreto,Datem del Marañón,Cahuapanas,MOVIMIENTO INDEPENDIENTE LORETO - MI LORETO,24
150703,Loreto,Datem del Marañón,Cahuapanas,MOVIMIENTO INDEPENDIENTE REIVINDIQUEMOS LORETO,24
150703,Loreto,Datem del Marañón,Cahuapanas,MOVIMIENTO ESPERANZA REGION AMAZONICA,48
150703,Loreto,Datem del Marañón,Cahuapanas,JUNTOS POR LORETO,182
150703,Loreto,Datem del Marañón,Cahuapanas,ACCION POPULAR,1192
150703,Loreto,Datem del Marañón,Cahuapanas,ALIANZA PARA EL PROGRESO,558
150703,Loreto,Datem del Marañón,Cahuapanas,PARTIDO DEMOCRATICO SOMOS PERU,982
150704,Loreto,Datem del Marañón,Manseriche,MOVIMIENTO ESPERANZA REGION AMAZONICA,485
150704,Loreto,Datem del Marañón,Manseriche,JUNTOS POR LORETO,791
150704,Loreto,Datem del Marañón,Manseriche,FUERZA POPULAR,505
150704,Loreto,Datem del Marañón,Manseriche,ACCION POPULAR,1240
150704,Loreto,Datem del Marañón,Manseriche,ALIANZA PARA EL PROGRESO,260
150704,Loreto,Datem del Marañón,Manseriche,PARTIDO POLITICO NACIONAL PERU LIBRE,124
150704,Loreto,Datem del Marañón,Manseriche,PARTIDO DEMOCRATICO SOMOS PERU,1342
150705,Loreto,Datem del Marañón,Morona,MOVIMIENTO INDEPENDIENTE REIVINDIQUEMOS LORETO,148
150705,Loreto,Datem del Marañón,Morona,MOVIMIENTO ESPERANZA REGION AMAZONICA,422
150705,Loreto,Datem del Marañón,Morona,JUNTOS POR LORETO,34
150705,Loreto,Datem del Marañón,Morona,FUERZA POPULAR,22
150705,Loreto,Datem del Marañón,Morona,ACCION POPULAR,1008
150705,Loreto,Datem del Marañón,Morona,ALIANZA PARA EL PROGRESO,587
150705,Loreto,Datem del Marañón,Morona,PARTIDO POLITICO NACIONAL PERU LIBRE,71
150705,Loreto,Datem del Marañón,Morona,PARTIDO DEMOCRATICO SOMOS PERU,779
150706,Loreto,Datem del Marañón,Pastaza,MOVIMIENTO INDEPENDIENTE LORETO - MI LORETO,8
150706,Loreto,Datem del Marañón,Pastaza,MOVIMIENTO ESPERANZA REGION AMAZONICA,1606
150706,Loreto,Datem del Marañón,Pastaza,ACCION POPULAR,672
150706,Loreto,Datem del Marañón,Pastaza,ALIANZA PARA EL PROGRESO,107
150706,Loreto,Datem del Marañón,Pastaza,PARTIDO DEMOCRATICO SOMOS PERU,712
150902,Loreto,Putumayo,Rosa Panduro,MOVIMIENTO ESPERANZA REGION AMAZONICA,58
150902,Loreto,Putumayo,Rosa Panduro,ACCION POPULAR,89
150902,Loreto,Putumayo,Rosa Panduro,ALIANZA PARA EL PROGRESO,12
150902,Loreto,Putumayo,Rosa Panduro,PARTIDO DEMOCRATICO SOMOS PERU,147
150903,Loreto,Putumayo,Teniente Manuel Clavero,MOVIMIENTO INDEPENDIENTE LORETO - MI LORETO,60
150903,Loreto,Putumayo,Teniente Manuel Clavero,MOVIMIENTO ESPERANZA REGION AMAZONICA,31
150903,Loreto,Putumayo,Teniente Manuel Clavero,ALIANZA PARA EL PROGRESO,595
150903,Loreto,Putumayo,Teniente Manuel Clavero,PARTIDO DEMOCRATICO SOMOS PERU,657
150904,Loreto,Putumayo,Yaguas,MOVIMIENTO ESPERANZA REGION AMAZONICA,146
150904,Loreto,Putumayo,Yaguas,ALIANZA PARA EL PROGRESO,173
150904,Loreto,Putumayo,Yaguas,PARTIDO POLITICO NACIONAL PERU LIBRE,7
150904,Loreto,Putumayo,Yaguas,PARTIDO DEMOCRATICO SOMOS PERU,321
160102,Madre de Dios,Tambopata,Inambari,ALIANZA LIBERTAD MADREDIOSENSE,1741
160102,Madre de Dios,Tambopata,Inambari,PODEMOS PERU,437
160102,Madre de Dios,Tambopata,Inambari,ALIANZA PARA EL PROGRESO,1299
160102,Madre de Dios,Tambopata,Inambari,AVANZA PAIS - PARTIDO DE INTEGRACION SOCIAL,2360
160103,Madre de Dios,Tambopata,Las Piedras,ALIANZA LIBERTAD MADREDIOSENSE,912
160103,Madre de Dios,Tambopata,Las Piedras,MOVIMIENTO REGIONAL FUERZA POR MADRE DE DIOS - MR FMDD,479
160103,Madre de Dios,Tambopata,Las Piedras,MOVIMIENTO INDEPENDIENTE AMOR POR MADRE DE DIOS,787
160103,Madre de Dios,Tambopata,Las Piedras,ACCION POPULAR,836
160103,Madre de Dios,Tambopata,Las Piedras,PODEMOS PERU,679
160103,Madre de Dios,Tambopata,Las Piedras,ALIANZA PARA EL PROGRESO,651
160103,Madre de Dios,Tambopata,Las Piedras,AVANZA PAIS - PARTIDO DE INTEGRACION SOCIAL,871
160103,Madre de Dios,Tambopata,Las Piedras,PARTIDO DEMOCRATICO SOMOS PERU,233
160104,Madre de Dios,Tambopata,Laberinto,MOVIMIENTO REGIONAL FUERZA POR MADRE DE DIOS - MR FMDD,835
160104,Madre de Dios,Tambopata,Laberinto,MOVIMIENTO INDEPENDIENTE AMOR POR MADRE DE DIOS,455
160104,Madre de Dios,Tambopata,Laberinto,ACCION POPULAR,38
160104,Madre de Dios,Tambopata,Laberinto,ALIANZA PARA EL PROGRESO,85
160104,Madre de Dios,Tambopata,Laberinto,AVANZA PAIS - PARTIDO DE INTEGRACION SOCIAL,942
160104,Madre de Dios,Tambopata,Laberinto,PARTIDO POLITICO NACIONAL PERU LIBRE,681
160202,Madre de Dios,Manu,Fitzcarrald,ALIANZA LIBERTAD MADREDIOSENSE,30
160202,Madre de Dios,Manu,Fitzcarrald,MOVIMIENTO REGIONAL FUERZA POR MADRE DE DIOS - MR FMDD,21
160202,Madre de Dios,Manu,Fitzcarrald,MOVIMIENTO INDEPENDIENTE AMOR POR MADRE DE DIOS,117
160202,Madre de Dios,Manu,Fitzcarrald,ALIANZA PARA EL PROGRESO,184
160202,Madre de Dios,Manu,Fitzcarrald,AVANZA PAIS - PARTIDO DE INTEGRACION SOCIAL,106
160203,Madre de Dios,Manu,Madre de Dios,ALIANZA LIBERTAD MADREDIOSENSE,226
160203,Madre de Dios,Manu,Madre de Dios,MOVIMIENTO REGIONAL FUERZA POR MADRE DE DIOS - MR FMDD,420
160203,Madre de Dios,Manu,Madre de Dios,MOVIMIENTO INDEPENDIENTE AMOR POR MADRE DE DIOS,1065
160203,Madre de Dios,Manu,Madre de Dios,ACCION POPULAR,36
160203,Madre de Dios,Manu,Madre de Dios,ALIANZA PARA EL PROGRESO,170
160203,Madre de Dios,Manu,Madre de Dios,AVANZA PAIS - PARTIDO DE INTEGRACION SOCIAL,447
160203,Madre de Dios,Manu,Madre de Dios,PARTIDO DEMOCRATICO SOMOS PERU,643
160204,Madre de Dios,Manu,Huepetuhe,MOVIMIENTO REGIONAL FUERZA POR MADRE DE DIOS - MR FMDD,116
160204,Madre de Dios,Manu,Huepetuhe,MOVIMIENTO INDEPENDIENTE AMOR POR MADRE DE DIOS,1269
160204,Madre de Dios,Manu,Huepetuhe,RENOVACION POPULAR,14
160204,Madre de Dios,Manu,Huepetuhe,ALIANZA PARA EL PROGRESO,240
160204,Madre de Dios,Manu,Huepetuhe,AVANZA PAIS - PARTIDO DE INTEGRACION SOCIAL,317
160204,Madre de Dios,Manu,Huepetuhe,PARTIDO POLITICO NACIONAL PERU LIBRE,1284
160204,Madre de Dios,Manu,Huepetuhe,PARTIDO DEMOCRATICO SOMOS PERU,100
160302,Madre de Dios,Tahuamanu,Iberia,MOVIMIENTO REGIONAL FUERZA POR MADRE DE DIOS - MR FMDD,89
160302,Madre de Dios,Tahuamanu,Iberia,MOVIMIENTO INDEPENDIENTE AMOR POR MADRE DE DIOS,995
160302,Madre de Dios,Tahuamanu,Iberia,ACCION POPULAR,171
160302,Madre de Dios,Tahuamanu,Iberia,ALIANZA PARA EL PROGRESO,616
160302,Madre de Dios,Tahuamanu,Iberia,AVANZA PAIS - PARTIDO DE INTEGRACION SOCIAL,834
160303,Madre de Dios,Tahuamanu,Tahuamanu,MOVIMIENTO REGIONAL FUERZA POR MADRE DE DIOS - MR FMDD,93
160303,Madre de Dios,Tahuamanu,Tahuamanu,MOVIMIENTO INDEPENDIENTE AMOR POR MADRE DE DIOS,539
160303,Madre de Dios,Tahuamanu,Tahuamanu,PODEMOS PERU,18
160303,Madre de Dios,Tahuamanu,Tahuamanu,ALIANZA PARA EL PROGRESO,334
160303,Madre de Dios,Tahuamanu,Tahuamanu,AVANZA PAIS - PARTIDO DE INTEGRACION SOCIAL,586
170102,Moquegua,Mariscal Nieto,Carumas,JUNTOS POR EL PERU,91
170102,Moquegua,Mariscal Nieto,Carumas,ALIANZA PARA EL PROGRESO,710
170102,Moquegua,Mariscal Nieto,Carumas,PARTIDO POLITICO NACIONAL PERU LIBRE,992
170103,Moquegua,Mariscal Nieto,Cuchumbaya,MOVIMIENTO POLITICO REGIONAL SUMATE AL CAMBIO,192
170103,Moquegua,Mariscal Nieto,Cuchumbaya,JUNTOS POR EL PERU,445
170103,Moquegua,Mariscal Nieto,Cuchumbaya,PODEMOS PERU,14
170103,Moquegua,Mariscal Nieto,Cuchumbaya,ALIANZA PARA EL PROGRESO,451
170104,Moquegua,Mariscal Nieto,San Cristóbal,JUNTOS POR EL PERU,1068
170104,Moquegua,Mariscal Nieto,San Cristóbal,ALIANZA PARA EL PROGRESO,55
170104,Moquegua,Mariscal Nieto,San Cristóbal,PARTIDO POLITICO NACIONAL PERU LIBRE,1150
170105,Moquegua,Mariscal Nieto,Torata,FRENTE DE INTEGRACION REGIONAL MOQUEGUA EMPRENDEDORA FIRME,2033
170105,Moquegua,Mariscal Nieto,Torata,MOVIMIENTO POLITICO REGIONAL SUMATE AL CAMBIO,1671
170105,Moquegua,Mariscal Nieto,Torata,PARTIDO FRENTE DE LA ESPERANZA 2021,76
170105,Moquegua,Mariscal Nieto,Torata,ALIANZA PARA EL PROGRESO,1830
170105,Moquegua,Mariscal Nieto,Torata,PARTIDO POLITICO NACIONAL PERU LIBRE,184
170106,Moquegua,Mariscal Nieto,Samegua,KAUSACHUN,2102
170106,Moquegua,Mariscal Nieto,Samegua,PODEMOS PERU,492
170106,Moquegua,Mariscal Nieto,Samegua,ALIANZA PARA EL PROGRESO,2078
170106,Moquegua,Mariscal Nieto,Samegua,PARTIDO POLITICO NACIONAL PERU LIBRE,587
170107,Moquegua,Mariscal Nieto,San Antonio,KAUSACHUN,84
170107,Moquegua,Mariscal Nieto,San Antonio,PODEMOS PERU,923
170107,Moquegua,Mariscal Nieto,San Antonio,ALIANZA PARA EL PROGRESO,2010
170107,Moquegua,Mariscal Nieto,San Antonio,AVANZA PAIS - PARTIDO DE INTEGRACION SOCIAL,908
170107,Moquegua,Mariscal Nieto,San Antonio,PARTIDO POLITICO NACIONAL PERU LIBRE,159
170202,Moquegua,General Sánchez Cerro,Coalaque,KAUSACHUN,7
170202,Moquegua,General Sánchez Cerro,Coalaque,PODEMOS PERU,341
170202,Moquegua,General Sánchez Cerro,Coalaque,ALIANZA PARA EL PROGRESO,97
170202,Moquegua,General Sánchez Cerro,Coalaque,PARTIDO POLITICO NACIONAL PERU LIBRE,220
170203,Moquegua,General Sánchez Cerro,Chojata,PODEMOS PERU,174
170203,Moquegua,General Sánchez Cerro,Chojata,PARTIDO POLITICO NACIONAL PERU LIBRE,286
170204,Moquegua,General Sánchez Cerro,Ichuña,KAUSACHUN,9
170204,Moquegua,General Sánchez Cerro,Ichuña,NUESTRO ILO - MOQUEGUA - SANCHEZ CERRO,320
170204,Moquegua,General Sánchez Cerro,Ichuña,JUNTOS POR EL PERU,97
170204,Moquegua,General Sánchez Cerro,Ichuña,PODEMOS PERU,749
170204,Moquegua,General Sánchez Cerro,Ichuña,ALIANZA PARA EL PROGRESO,24
170204,Moquegua,General Sánchez Cerro,Ichuña,PARTIDO DEMOCRATICO SOMOS PERU,315
170205,Moquegua,General Sánchez Cerro,La Capilla,PODEMOS PERU,173
170205,Moquegua,General Sánchez Cerro,La Capilla,ALIANZA PARA EL PROGRESO,55
170205,Moquegua,General Sánchez Cerro,La Capilla,PARTIDO POLITICO NACIONAL PERU LIBRE,254
170205,Moquegua,General Sánchez Cerro,La Capilla,PARTIDO DEMOCRATICO SOMOS PERU,108
170206,Moquegua,General Sánchez Cerro,Lloque,ACCION POPULAR,289
170206,Moquegua,General Sánchez Cerro,Lloque,ALIANZA PARA EL PROGRESO,153
170206,Moquegua,General Sánchez Cerro,Lloque,PARTIDO POLITICO NACIONAL PERU LIBRE,144
170207,Moquegua,General Sánchez Cerro,Matalaque,PODEMOS PERU,91
170207,Moquegua,General Sánchez Cerro,Matalaque,ALIANZA PARA EL PROGRESO,195
170207,Moquegua,General Sánchez Cerro,Matalaque,PARTIDO POLITICO NACIONAL PERU LIBRE,71
170207,Moquegua,General Sánchez Cerro,Matalaque,PARTIDO DEMOCRATICO SOMOS PERU,114
170208,Moquegua,General Sánchez Cerro,Puquina,ACCION POPULAR,503
170208,Moquegua,General Sánchez Cerro,Puquina,PODEMOS PERU,363
170208,Moquegua,General Sánchez Cerro,Puquina,ALIANZA PARA EL PROGRESO,80
170208,Moquegua,General Sánchez Cerro,Puquina,PARTIDO DEMOCRATICO SOMOS PERU,688
170209,Moquegua,General Sánchez Cerro,Quinistaquillas,PODEMOS PERU,325
170210,Moquegua,General Sánchez Cerro,Ubinas,JUNTOS POR EL PERU,289
170210,Moquegua,General Sánchez Cerro,Ubinas,ACCION POPULAR,461
170210,Moquegua,General Sánchez Cerro,Ubinas,PODEMOS PERU,81
170210,Moquegua,General Sánchez Cerro,Ubinas,PARTIDO POLITICO NACIONAL PERU LIBRE,499
170211,Moquegua,General Sánchez Cerro,Yunga,PODEMOS PERU,68
170211,Moquegua,General Sánchez Cerro,Yunga,ALIANZA PARA EL PROGRESO,230
170211,Moquegua,General Sánchez Cerro,Yunga,PARTIDO POLITICO NACIONAL PERU LIBRE,296
170302,Moquegua,Ilo,El Algarrobal,MOVIMIENTO REGIONAL SOMOS MAS,349
170302,Moquegua,Ilo,El Algarrobal,FRENTE DE INTEGRACION REGIONAL MOQUEGUA EMPRENDEDORA FIRME,3
170302,Moquegua,Ilo,El Algarrobal,MOVIMIENTO POLITICO REGIONAL SUMATE AL CAMBIO,100
170302,Moquegua,Ilo,El Algarrobal,NUESTRO ILO - MOQUEGUA - SANCHEZ CERRO,198
170302,Moquegua,Ilo,El Algarrobal,PARTIDO FRENTE DE LA ESPERANZA 2021,26
170302,Moquegua,Ilo,El Algarrobal,PODEMOS PERU,127
170302,Moquegua,Ilo,El Algarrobal,PARTIDO POLITICO NACIONAL PERU LIBRE,287
170302,Moquegua,Ilo,El Algarrobal,PARTIDO DEMOCRATICO SOMOS PERU,186
170303,Moquegua,Ilo,Pacocha,PARTIDO FRENTE DE LA ESPERANZA 2021,1008
170303,Moquegua,Ilo,Pacocha,PODEMOS PERU,558
170303,Moquegua,Ilo,Pacocha,ALIANZA PARA EL PROGRESO,354
170303,Moquegua,Ilo,Pacocha,PARTIDO DEMOCRATICO SOMOS PERU,1192
180103,Pasco,Pasco,Huachón,PASCO VERDE,947
180103,Pasco,Pasco,Huachón,JUNTOS POR EL PERU,814
180103,Pasco,Pasco,Huachón,ALIANZA PARA EL PROGRESO,141
180103,Pasco,Pasco,Huachón,PARTIDO DEMOCRATICO SOMOS PERU,80
180104,Pasco,Pasco,Huariaca,PASCO VERDE,149
180104,Pasco,Pasco,Huariaca,PASCO UNIDO,900
180104,Pasco,Pasco,Huariaca,PODEMOS PERU,93
180104,Pasco,Pasco,Huariaca,ALIANZA PARA EL PROGRESO,1186
180104,Pasco,Pasco,Huariaca,PARTIDO POLITICO NACIONAL PERU LIBRE,107
180104,Pasco,Pasco,Huariaca,PARTIDO DEMOCRATICO SOMOS PERU,1161
180105,Pasco,Pasco,Huayllay,PASCO VERDE,1212
180105,Pasco,Pasco,Huayllay,PASCO DIGNIDAD,810
180105,Pasco,Pasco,Huayllay,ACCION POPULAR,1764
180105,Pasco,Pasco,Huayllay,PARTIDO DEMOCRATICO SOMOS PERU,360
180106,Pasco,Pasco,Ninacaca,PASCO VERDE,1023
180106,Pasco,Pasco,Ninacaca,MOVIMIENTO REGIONAL JUVENTUD PASQUEÑA,215
180106,Pasco,Pasco,Ninacaca,PARTIDO FRENTE DE LA ESPERANZA 2021,504
180106,Pasco,Pasco,Ninacaca,PARTIDO DEMOCRATICO SOMOS PERU,658
180107,Pasco,Pasco,Pallanchacra,PASCO VERDE,567
180107,Pasco,Pasco,Pallanchacra,PASCO DIGNIDAD,39
180107,Pasco,Pasco,Pallanchacra,PASCO UNIDO,45
180107,Pasco,Pasco,Pallanchacra,PODEMOS PERU,657
180107,Pasco,Pasco,Pallanchacra,PARTIDO DEMOCRATICO SOMOS PERU,266
180108,Pasco,Pasco,Paucartambo,PASCO VERDE,1322
180108,Pasco,Pasco,Paucartambo,MOVIMIENTO REGIONAL JUVENTUD PASQUEÑA,1802
180108,Pasco,Pasco,Paucartambo,PASCO DIGNIDAD,1347
180108,Pasco,Pasco,Paucartambo,PARTIDO DEMOCRATICO SOMOS PERU,1586
180109,Pasco,Pasco,San Francisco de Asís de Yarusyacán,PASCO VERDE,960
180109,Pasco,Pasco,San Francisco de Asís de Yarusyacán,PASCO UNIDO,500
180109,Pasco,Pasco,San Francisco de Asís de Yarusyacán,PARTIDO FRENTE DE LA ESPERANZA 2021,60
180109,Pasco,Pasco,San Francisco de Asís de Yarusyacán,PODEMOS PERU,396
180109,Pasco,Pasco,San Francisco de Asís de Yarusyacán,PARTIDO POLITICO NACIONAL PERU LIBRE,182
180109,Pasco,Pasco,San Francisco de Asís de Yarusyacán,PARTIDO DEMOCRATICO SOMOS PERU,1560
180110,Pasco,Pasco,Simón Bolívar,PASCO VERDE,652
180110,Pasco,Pasco,Simón Bolívar,MOVIMIENTO REGIONAL JUVENTUD PASQUEÑA,1035
180110,Pasco,Pasco,Simón Bolívar,PASCO DIGNIDAD,1194
180110,Pasco,Pasco,Simón Bolívar,PASCO UNIDO,558
180110,Pasco,Pasco,Simón Bolívar,PARTIDO FRENTE DE LA ESPERANZA 2021,245
180110,Pasco,Pasco,Simón Bolívar,PODEMOS PERU,2082
180110,Pasco,Pasco,Simón Bolívar,PARTIDO POLITICO NACIONAL PERU LIBRE,104
180110,Pasco,Pasco,Simón Bolívar,PARTIDO DEMOCRATICO SOMOS PERU,895
180111,Pasco,Pasco,Ticlacayan,PASCO VERDE,364
180111,Pasco,Pasco,Ticlacayan,MOVIMIENTO REGIONAL JUVENTUD PASQUEÑA,49
180111,Pasco,Pasco,Ticlacayan,PARTIDO POLITICO NACIONAL PERU LIBRE,933
180111,Pasco,Pasco,Ticlacayan,PARTIDO DEMOCRATICO SOMOS PERU,1243
180112,Pasco,Pasco,Tinyahuarco,PASCO VERDE,639
180112,Pasco,Pasco,Tinyahuarco,MOVIMIENTO REGIONAL JUVENTUD PASQUEÑA,174
180112,Pasco,Pasco,Tinyahuarco,PASCO DIGNIDAD,1192
180112,Pasco,Pasco,Tinyahuarco,PARTIDO FRENTE DE LA ESPERANZA 2021,399
180112,Pasco,Pasco,Tinyahuarco,PARTIDO DEMOCRATICO SOMOS PERU,1125
180113,Pasco,Pasco,Vicco,PASCO VERDE,205
180113,Pasco,Pasco,Vicco,PASCO DIGNIDAD,239
180113,Pasco,Pasco,Vicco,PARTIDO FRENTE DE LA ESPERANZA 2021,538
180113,Pasco,Pasco,Vicco,PODEMOS PERU,313
180113,Pasco,Pasco,Vicco,PARTIDO DEMOCRATICO SOMOS PERU,517
180114,Pasco,Pasco,Yanacancha,PASCO VERDE,794
180114,Pasco,Pasco,Yanacancha,MOVIMIENTO REGIONAL JUVENTUD PASQUEÑA,899
180114,Pasco,Pasco,Yanacancha,PASCO DIGNIDAD,4129
180114,Pasco,Pasco,Yanacancha,PASCO UNIDO,403
180114,Pasco,Pasco,Yanacancha,PARTIDO FRENTE DE LA ESPERANZA 2021,1154
180114,Pasco,Pasco,Yanacancha,ACCION POPULAR,587
180114,Pasco,Pasco,Yanacancha,PODEMOS PERU,1204
180114,Pasco,Pasco,Yanacancha,PARTIDO DEMOCRATICO SOMOS PERU,2596
180202,Pasco,Daniel Alcides Carrión,Chacayan,PASCO VERDE,791
180202,Pasco,Daniel Alcides Carrión,Chacayan,PASCO DIGNIDAD,247
180202,Pasco,Daniel Alcides Carrión,Chacayan,PODEMOS PERU,161
180202,Pasco,Daniel Alcides Carrión,Chacayan,PARTIDO DEMOCRATICO SOMOS PERU,515
180203,Pasco,Daniel Alcides Carrión,Goyllarisquizga,PASCO VERDE,110
180203,Pasco,Daniel Alcides Carrión,Goyllarisquizga,MOVIMIENTO REGIONAL JUVENTUD PASQUEÑA,31
180203,Pasco,Daniel Alcides Carrión,Goyllarisquizga,PASCO DIGNIDAD,60
180203,Pasco,Daniel Alcides Carrión,Goyllarisquizga,PODEMOS PERU,58
180203,Pasco,Daniel Alcides Carrión,Goyllarisquizga,PARTIDO DEMOCRATICO SOMOS PERU,221
180204,Pasco,Daniel Alcides Carrión,Paucar,PASCO VERDE,517
180204,Pasco,Daniel Alcides Carrión,Paucar,MOVIMIENTO REGIONAL JUVENTUD PASQUEÑA,36
180204,Pasco,Daniel Alcides Carrión,Paucar,PASCO DIGNIDAD,224
180204,Pasco,Daniel Alcides Carrión,Paucar,PODEMOS PERU,29
180204,Pasco,Daniel Alcides Carrión,Paucar,PARTIDO DEMOCRATICO SOMOS PERU,373
180205,Pasco,Daniel Alcides Carrión,San Pedro de Pillao,PASCO VERDE,189
180205,Pasco,Daniel Alcides Carrión,San Pedro de Pillao,PASCO DIGNIDAD,615
180205,Pasco,Daniel Alcides Carrión,San Pedro de Pillao,PARTIDO DEMOCRATICO SOMOS PERU,294
180206,Pasco,Daniel Alcides Carrión,Santa Ana de Tusi,PASCO VERDE,1014
180206,Pasco,Daniel Alcides Carrión,Santa Ana de Tusi,MOVIMIENTO REGIONAL JUVENTUD PASQUEÑA,166
180206,Pasco,Daniel Alcides Carrión,Santa Ana de Tusi,PASCO DIGNIDAD,1206
180206,Pasco,Daniel Alcides Carrión,Santa Ana de Tusi,PASCO UNIDO,704
180206,Pasco,Daniel Alcides Carrión,Santa Ana de Tusi,PARTIDO DEMOCRATICO SOMOS PERU,528
180207,Pasco,Daniel Alcides Carrión,Tapuc,PASCO VERDE,30
180207,Pasco,Daniel Alcides Carrión,Tapuc,MOVIMIENTO REGIONAL JUVENTUD PASQUEÑA,1
180207,Pasco,Daniel Alcides Carrión,Tapuc,PASCO DIGNIDAD,648
180207,Pasco,Daniel Alcides Carrión,Tapuc,PASCO UNIDO,55
180207,Pasco,Daniel Alcides Carrión,Tapuc,PODEMOS PERU,290
180207,Pasco,Daniel Alcides Carrión,Tapuc,PARTIDO DEMOCRATICO SOMOS PERU,458
180208,Pasco,Daniel Alcides Carrión,Vilcabamba,PASCO VERDE,91
180208,Pasco,Daniel Alcides Carrión,Vilcabamba,PASCO DIGNIDAD,582
180208,Pasco,Daniel Alcides Carrión,Vilcabamba,PODEMOS PERU,74
180208,Pasco,Daniel Alcides Carrión,Vilcabamba,PARTIDO DEMOCRATICO SOMOS PERU,357
180302,Pasco,Oxapampa,Chontabamba,PASCO VERDE,159
180302,Pasco,Oxapampa,Chontabamba,PASCO DIGNIDAD,449
180302,Pasco,Oxapampa,Chontabamba,PODEMOS PERU,1028
180302,Pasco,Oxapampa,Chontabamba,ALIANZA PARA EL PROGRESO,879
180302,Pasco,Oxapampa,Chontabamba,PARTIDO DEMOCRATICO SOMOS PERU,365
180303,Pasco,Oxapampa,Huancabamba,PASCO VERDE,1388
180303,Pasco,Oxapampa,Huancabamba,PASCO DIGNIDAD,353
180303,Pasco,Oxapampa,Huancabamba,PASCO UNIDO,78
180303,Pasco,Oxapampa,Huancabamba,ALIANZA PARA EL PROGRESO,567
180303,Pasco,Oxapampa,Huancabamba,PARTIDO DEMOCRATICO SOMOS PERU,1480
180304,Pasco,Oxapampa,Puerto Bermúdez,PASCO VERDE,3512
180304,Pasco,Oxapampa,Puerto Bermúdez,MOVIMIENTO REGIONAL JUVENTUD PASQUEÑA,22
180304,Pasco,Oxapampa,Puerto Bermúdez,PASCO DIGNIDAD,557
180304,Pasco,Oxapampa,Puerto Bermúdez,PASCO UNIDO,1795
180304,Pasco,Oxapampa,Puerto Bermúdez,PARTIDO FRENTE DE LA ESPERANZA 2021,281
180304,Pasco,Oxapampa,Puerto Bermúdez,ALIANZA PARA EL PROGRESO,729
180304,Pasco,Oxapampa,Puerto Bermúdez,PARTIDO DEMOCRATICO SOMOS PERU,535
180305,Pasco,Oxapampa,Villa Rica,PASCO VERDE,1917
180305,Pasco,Oxapampa,Villa Rica,MOVIMIENTO REGIONAL JUVENTUD PASQUEÑA,153
180305,Pasco,Oxapampa,Villa Rica,PASCO DIGNIDAD,335
180305,Pasco,Oxapampa,Villa Rica,ALIANZA PARA EL PROGRESO,2377
180305,Pasco,Oxapampa,Villa Rica,PARTIDO POLITICO NACIONAL PERU LIBRE,1532
180305,Pasco,Oxapampa,Villa Rica,PARTIDO DEMOCRATICO SOMOS PERU,2246
180306,Pasco,Oxapampa,Pozuzo,PASCO VERDE,251
180306,Pasco,Oxapampa,Pozuzo,PASCO DIGNIDAD,462
180306,Pasco,Oxapampa,Pozuzo,ALIANZA PARA EL PROGRESO,733
180306,Pasco,Oxapampa,Pozuzo,PARTIDO DEMOCRATICO SOMOS PERU,1378
180307,Pasco,Oxapampa,Palcazu,PASCO VERDE,1800
180307,Pasco,Oxapampa,Palcazu,PASCO DIGNIDAD,908
180307,Pasco,Oxapampa,Palcazu,PODEMOS PERU,548
180307,Pasco,Oxapampa,Palcazu,ALIANZA PARA EL PROGRESO,374
180307,Pasco,Oxapampa,Palcazu,PARTIDO DEMOCRATICO SOMOS PERU,510
180308,Pasco,Oxapampa,Constitución,PASCO VERDE,1055
180308,Pasco,Oxapampa,Constitución,MOVIMIENTO REGIONAL JUVENTUD PASQUEÑA,13
180308,Pasco,Oxapampa,Constitución,PASCO DIGNIDAD,175
180308,Pasco,Oxapampa,Constitución,PARTIDO FRENTE DE LA ESPERANZA 2021,139
180308,Pasco,Oxapampa,Constitución,PODEMOS PERU,2036
180308,Pasco,Oxapampa,Constitución,ALIANZA PARA EL PROGRESO,1203
180308,Pasco,Oxapampa,Constitución,PARTIDO DEMOCRATICO SOMOS PERU,1651
190103,Piura,Piura,Castilla,PIURA RENACE,2302
190103,Piura,Piura,Castilla,ORGANIZACION POLITICA UNIDAD REGIONAL,25210
190103,Piura,Piura,Castilla,MOVIMIENTO INDEPENDIENTE FUERZA REGIONAL,7088
190103,Piura,Piura,Castilla,REGION PARA TODOS,11445
190103,Piura,Piura,Castilla,CONTIGO REGION,10428
190103,Piura,Piura,Castilla,PARTIDO FRENTE DE LA ESPERANZA 2021,664
190103,Piura,Piura,Castilla,PARTIDO PATRIOTICO DEL PERU,409
190103,Piura,Piura,Castilla,FUERZA POPULAR,2543
190103,Piura,Piura,Castilla,PODEMOS PERU,1425
190103,Piura,Piura,Castilla,RENOVACION POPULAR,1138
190103,Piura,Piura,Castilla,ALIANZA PARA EL PROGRESO,5345
190103,Piura,Piura,Castilla,PARTIDO POLITICO NACIONAL PERU LIBRE,758
190103,Piura,Piura,Castilla,PARTIDO DEMOCRATICO SOMOS PERU,6452
190104,Piura,Piura,Catacaos,PIURA RENACE,1098
190104,Piura,Piura,Catacaos,ORGANIZACION POLITICA UNIDAD REGIONAL,11479
190104,Piura,Piura,Catacaos,MOVIMIENTO INDEPENDIENTE FUERZA REGIONAL,5472
190104,Piura,Piura,Catacaos,REGION PARA TODOS,2904
190104,Piura,Piura,Catacaos,CONTIGO REGION,1263
190104,Piura,Piura,Catacaos,PARTIDO FRENTE DE LA ESPERANZA 2021,684
190104,Piura,Piura,Catacaos,PARTIDO PATRIOTICO DEL PERU,300
190104,Piura,Piura,Catacaos,PODEMOS PERU,4165
190104,Piura,Piura,Catacaos,ALIANZA PARA EL PROGRESO,3800
190104,Piura,Piura,Catacaos,PARTIDO POLITICO NACIONAL PERU LIBRE,2209
190104,Piura,Piura,Catacaos,PARTIDO DEMOCRATICO SOMOS PERU,3798
190105,Piura,Piura,La Arena,PIURA RENACE,60
190105,Piura,Piura,La Arena,ORGANIZACION POLITICA UNIDAD REGIONAL,4968
190105,Piura,Piura,La Arena,REGION PARA TODOS,5868
190105,Piura,Piura,La Arena,CONTIGO REGION,5096
190105,Piura,Piura,La Arena,PARTIDO FRENTE DE LA ESPERANZA 2021,84
190105,Piura,Piura,La Arena,PODEMOS PERU,1138
190105,Piura,Piura,La Arena,PARTIDO POLITICO NACIONAL PERU LIBRE,1186
190105,Piura,Piura,La Arena,PARTIDO DEMOCRATICO SOMOS PERU,935
190106,Piura,Piura,La Unión,ORGANIZACION POLITICA UNIDAD REGIONAL,6699
190106,Piura,Piura,La Unión,REGION PARA TODOS,2513
190106,Piura,Piura,La Unión,CONTIGO REGION,800
190106,Piura,Piura,La Unión,ALIANZA PARA EL PROGRESO,3653
190106,Piura,Piura,La Unión,PARTIDO POLITICO NACIONAL PERU LIBRE,6871
190107,Piura,Piura,Las Lomas,PIURA RENACE,325
190107,Piura,Piura,Las Lomas,ORGANIZACION POLITICA UNIDAD REGIONAL,2587
190107,Piura,Piura,Las Lomas,REGION PARA TODOS,4567
190107,Piura,Piura,Las Lomas,CONTIGO REGION,5416
190107,Piura,Piura,Las Lomas,PARTIDO DEMOCRATICO SOMOS PERU,1097
190109,Piura,Piura,Tambo Grande,PIURA RENACE,1337
190109,Piura,Piura,Tambo Grande,ORGANIZACION POLITICA UNIDAD REGIONAL,5523
190109,Piura,Piura,Tambo Grande,MOVIMIENTO INDEPENDIENTE FUERZA REGIONAL,1026
190109,Piura,Piura,Tambo Grande,REGION PARA TODOS,3440
190109,Piura,Piura,Tambo Grande,CONTIGO REGION,10045
190109,Piura,Piura,Tambo Grande,PODEMOS PERU,428
190109,Piura,Piura,Tambo Grande,RENOVACION POPULAR,1168
190109,Piura,Piura,Tambo Grande,ALIANZA PARA EL PROGRESO,1686
190109,Piura,Piura,Tambo Grande,PARTIDO POLITICO NACIONAL PERU LIBRE,702
190109,Piura,Piura,Tambo Grande,PARTIDO DEMOCRATICO SOMOS PERU,25750
190113,Piura,Piura,Cura Mori,PIURA RENACE,280
190113,Piura,Piura,Cura Mori,ORGANIZACION POLITICA UNIDAD REGIONAL,4057
190113,Piura,Piura,Cura Mori,MOVIMIENTO INDEPENDIENTE FUERZA REGIONAL,942
190113,Piura,Piura,Cura Mori,REGION PARA TODOS,2093
190113,Piura,Piura,Cura Mori,CONTIGO REGION,130
190113,Piura,Piura,Cura Mori,PARTIDO FRENTE DE LA ESPERANZA 2021,2201
190113,Piura,Piura,Cura Mori,RENOVACION POPULAR,91
190113,Piura,Piura,Cura Mori,PARTIDO DEMOCRATICO SOMOS PERU,21
190114,Piura,Piura,El Tallán,ORGANIZACION POLITICA UNIDAD REGIONAL,1718
190114,Piura,Piura,El Tallán,CONTIGO REGION,544
190114,Piura,Piura,El Tallán,PARTIDO DEMOCRATICO SOMOS PERU,677
190115,Piura,Piura,Veintiséis de Octubre,PIURA RENACE,3527
190115,Piura,Piura,Veintiséis de Octubre,ORGANIZACION POLITICA UNIDAD REGIONAL,10567
190115,Piura,Piura,Veintiséis de Octubre,MOVIMIENTO INDEPENDIENTE FUERZA REGIONAL,5070
190115,Piura,Piura,Veintiséis de Octubre,REGION PARA TODOS,4752
190115,Piura,Piura,Veintiséis de Octubre,CONTIGO REGION,11555
190115,Piura,Piura,Veintiséis de Octubre,PARTIDO FRENTE DE LA ESPERANZA 2021,2101
190115,Piura,Piura,Veintiséis de Octubre,PARTIDO PATRIOTICO DEL PERU,309
190115,Piura,Piura,Veintiséis de Octubre,JUNTOS POR EL PERU,3130
190115,Piura,Piura,Veintiséis de Octubre,FUERZA POPULAR,2374
190115,Piura,Piura,Veintiséis de Octubre,ACCION POPULAR,3116
190115,Piura,Piura,Veintiséis de Octubre,RENOVACION POPULAR,1491
190115,Piura,Piura,Veintiséis de Octubre,ALIANZA PARA EL PROGRESO,5426
190115,Piura,Piura,Veintiséis de Octubre,AVANZA PAIS - PARTIDO DE INTEGRACION SOCIAL,491
190115,Piura,Piura,Veintiséis de Octubre,PARTIDO POLITICO NACIONAL PERU LIBRE,969
190115,Piura,Piura,Veintiséis de Octubre,PARTIDO DEMOCRATICO SOMOS PERU,10765
190202,Piura,Ayabaca,Frías,ORGANIZACION POLITICA UNIDAD REGIONAL,2971
190202,Piura,Ayabaca,Frías,MOVIMIENTO INDEPENDIENTE FUERZA REGIONAL,3401
190202,Piura,Ayabaca,Frías,REGION PARA TODOS,34
190202,Piura,Ayabaca,Frías,CONTIGO REGION,2707
190202,Piura,Ayabaca,Frías,PARTIDO DEMOCRATICO SOMOS PERU,1538
190203,Piura,Ayabaca,Lagunas,ORGANIZACION POLITICA UNIDAD REGIONAL,1496
190203,Piura,Ayabaca,Lagunas,REGION PARA TODOS,209
190203,Piura,Ayabaca,Lagunas,CONTIGO REGION,1458
190204,Piura,Ayabaca,Montero,ORGANIZACION POLITICA UNIDAD REGIONAL,1781
190204,Piura,Ayabaca,Montero,REGION PARA TODOS,59
190204,Piura,Ayabaca,Montero,CONTIGO REGION,1548
190204,Piura,Ayabaca,Montero,PARTIDO DEMOCRATICO SOMOS PERU,332
190205,Piura,Ayabaca,Pacaipampa,ORGANIZACION POLITICA UNIDAD REGIONAL,592
190205,Piura,Ayabaca,Pacaipampa,MOVIMIENTO INDEPENDIENTE FUERZA REGIONAL,32
190205,Piura,Ayabaca,Pacaipampa,REGION PARA TODOS,99
190205,Piura,Ayabaca,Pacaipampa,CONTIGO REGION,5647
190205,Piura,Ayabaca,Pacaipampa,PARTIDO DEMOCRATICO SOMOS PERU,4159
190206,Piura,Ayabaca,Sapillica,ORGANIZACION POLITICA UNIDAD REGIONAL,1432
190206,Piura,Ayabaca,Sapillica,MOVIMIENTO INDEPENDIENTE FUERZA REGIONAL,50
190206,Piura,Ayabaca,Sapillica,REGION PARA TODOS,806
190206,Piura,Ayabaca,Sapillica,CONTIGO REGION,951
190206,Piura,Ayabaca,Sapillica,ALIANZA PARA EL PROGRESO,1965
190206,Piura,Ayabaca,Sapillica,PARTIDO POLITICO NACIONAL PERU LIBRE,9
190206,Piura,Ayabaca,Sapillica,PARTIDO DEMOCRATICO SOMOS PERU,486
190207,Piura,Ayabaca,Sicchez,ORGANIZACION POLITICA UNIDAD REGIONAL,199
190207,Piura,Ayabaca,Sicchez,MOVIMIENTO INDEPENDIENTE FUERZA REGIONAL,168
190207,Piura,Ayabaca,Sicchez,CONTIGO REGION,605
190207,Piura,Ayabaca,Sicchez,ALIANZA PARA EL PROGRESO,16
190207,Piura,Ayabaca,Sicchez,PARTIDO POLITICO NACIONAL PERU LIBRE,220
190207,Piura,Ayabaca,Sicchez,PARTIDO DEMOCRATICO SOMOS PERU,98
190208,Piura,Ayabaca,Suyo,PIURA RENACE,145
190208,Piura,Ayabaca,Suyo,ORGANIZACION POLITICA UNIDAD REGIONAL,1295
190208,Piura,Ayabaca,Suyo,MOVIMIENTO INDEPENDIENTE FUERZA REGIONAL,472
190208,Piura,Ayabaca,Suyo,REGION PARA TODOS,1193
190208,Piura,Ayabaca,Suyo,CONTIGO REGION,1556
190208,Piura,Ayabaca,Suyo,ALIANZA PARA EL PROGRESO,251
190208,Piura,Ayabaca,Suyo,PARTIDO DEMOCRATICO SOMOS PERU,1611
190209,Piura,Ayabaca,Jilili,ORGANIZACION POLITICA UNIDAD REGIONAL,628
190209,Piura,Ayabaca,Jilili,CONTIGO REGION,685
190209,Piura,Ayabaca,Jilili,PARTIDO DEMOCRATICO SOMOS PERU,613
190210,Piura,Ayabaca,Paimas,ORGANIZACION POLITICA UNIDAD REGIONAL,3014
190210,Piura,Ayabaca,Paimas,REGION PARA TODOS,2577
190210,Piura,Ayabaca,Paimas,PARTIDO POLITICO NACIONAL PERU LIBRE,102
190210,Piura,Ayabaca,Paimas,PARTIDO DEMOCRATICO SOMOS PERU,34
190302,Piura,Huancabamba,Canchaque,ORGANIZACION POLITICA UNIDAD REGIONAL,843
190302,Piura,Huancabamba,Canchaque,MOVIMIENTO INDEPENDIENTE FUERZA REGIONAL,339
190302,Piura,Huancabamba,Canchaque,REGION PARA TODOS,1583
190302,Piura,Huancabamba,Canchaque,CONTIGO REGION,2064
190303,Piura,Huancabamba,Huarmaca,PIURA RENACE,103
190303,Piura,Huancabamba,Huarmaca,ORGANIZACION POLITICA UNIDAD REGIONAL,7662
190303,Piura,Huancabamba,Huarmaca,MOVIMIENTO INDEPENDIENTE FUERZA REGIONAL,132
190303,Piura,Huancabamba,Huarmaca,REGION PARA TODOS,2946
190303,Piura,Huancabamba,Huarmaca,CONTIGO REGION,7130
190304,Piura,Huancabamba,Sondor,ORGANIZACION POLITICA UNIDAD REGIONAL,1688
190304,Piura,Huancabamba,Sondor,MOVIMIENTO INDEPENDIENTE FUERZA REGIONAL,1265
190304,Piura,Huancabamba,Sondor,REGION PARA TODOS,51
190304,Piura,Huancabamba,Sondor,CONTIGO REGION,1040
190304,Piura,Huancabamba,Sondor,PARTIDO POLITICO NACIONAL PERU LIBRE,24
190305,Piura,Huancabamba,Sondorillo,ORGANIZACION POLITICA UNIDAD REGIONAL,2066
190305,Piura,Huancabamba,Sondorillo,CONTIGO REGION,1152
190305,Piura,Huancabamba,Sondorillo,PARTIDO FRENTE DE LA ESPERANZA 2021,1190
190305,Piura,Huancabamba,Sondorillo,PARTIDO DEMOCRATICO SOMOS PERU,1293
190306,Piura,Huancabamba,El Carmen de la Frontera,ORGANIZACION POLITICA UNIDAD REGIONAL,2404
190306,Piura,Huancabamba,El Carmen de la Frontera,REGION PARA TODOS,2696
190306,Piura,Huancabamba,El Carmen de la Frontera,CONTIGO REGION,1681
190307,Piura,Huancabamba,San Miguel de El Faique,ORGANIZACION POLITICA UNIDAD REGIONAL,1719
190307,Piura,Huancabamba,San Miguel de El Faique,MOVIMIENTO INDEPENDIENTE FUERZA REGIONAL,122
190307,Piura,Huancabamba,San Miguel de El Faique,REGION PARA TODOS,1840
190307,Piura,Huancabamba,San Miguel de El Faique,CONTIGO REGION,1047
190307,Piura,Huancabamba,San Miguel de El Faique,JUNTOS POR EL PERU,32
190307,Piura,Huancabamba,San Miguel de El Faique,PARTIDO POLITICO NACIONAL PERU LIBRE,514
190308,Piura,Huancabamba,Lalaquiz,ORGANIZACION POLITICA UNIDAD REGIONAL,1222
190308,Piura,Huancabamba,Lalaquiz,MOVIMIENTO INDEPENDIENTE FUERZA REGIONAL,664
190308,Piura,Huancabamba,Lalaquiz,REGION PARA TODOS,822
190308,Piura,Huancabamba,Lalaquiz,CONTIGO REGION,103
190308,Piura,Huancabamba,Lalaquiz,PARTIDO POLITICO NACIONAL PERU LIBRE,17
190402,Piura,Morropón,Buenos Aires,ORGANIZACION POLITICA UNIDAD REGIONAL,184
190402,Piura,Morropón,Buenos Aires,MOVIMIENTO INDEPENDIENTE FUERZA REGIONAL,2203
190402,Piura,Morropón,Buenos Aires,REGION PARA TODOS,998
190402,Piura,Morropón,Buenos Aires,PARTIDO DEMOCRATICO SOMOS PERU,2098
190403,Piura,Morropón,Chalaco,PIURA RENACE,243
190403,Piura,Morropón,Chalaco,ORGANIZACION POLITICA UNIDAD REGIONAL,1553
190403,Piura,Morropón,Chalaco,MOVIMIENTO INDEPENDIENTE FUERZA REGIONAL,1099
190403,Piura,Morropón,Chalaco,REGION PARA TODOS,953
190403,Piura,Morropón,Chalaco,PARTIDO DEMOCRATICO SOMOS PERU,266
190404,Piura,Morropón,Morropón,PIURA RENACE,787
190404,Piura,Morropón,Morropón,ORGANIZACION POLITICA UNIDAD REGIONAL,1877
190404,Piura,Morropón,Morropón,MOVIMIENTO INDEPENDIENTE FUERZA REGIONAL,425
190404,Piura,Morropón,Morropón,REGION PARA TODOS,2451
190404,Piura,Morropón,Morropón,CONTIGO REGION,188
190404,Piura,Morropón,Morropón,JUNTOS POR EL PERU,584
190404,Piura,Morropón,Morropón,PARTIDO DEMOCRATICO SOMOS PERU,868
190405,Piura,Morropón,Salitral,ORGANIZACION POLITICA UNIDAD REGIONAL,1720
190405,Piura,Morropón,Salitral,REGION PARA TODOS,434
190405,Piura,Morropón,Salitral,CONTIGO REGION,1016
190405,Piura,Morropón,Salitral,PODEMOS PERU,465
190405,Piura,Morropón,Salitral,ALIANZA PARA EL PROGRESO,116
190405,Piura,Morropón,Salitral,PARTIDO DEMOCRATICO SOMOS PERU,1354
190406,Piura,Morropón,Santa Catalina de Mossa,ORGANIZACION POLITICA UNIDAD REGIONAL,1071
190406,Piura,Morropón,Santa Catalina de Mossa,REGION PARA TODOS,304
190406,Piura,Morropón,Santa Catalina de Mossa,CONTIGO REGION,99
190406,Piura,Morropón,Santa Catalina de Mossa,PARTIDO POLITICO NACIONAL PERU LIBRE,30
190406,Piura,Morropón,Santa Catalina de Mossa,PARTIDO DEMOCRATICO SOMOS PERU,868
190407,Piura,Morropón,Santo Domingo,ORGANIZACION POLITICA UNIDAD REGIONAL,1440
190407,Piura,Morropón,Santo Domingo,REGION PARA TODOS,1713
190407,Piura,Morropón,Santo Domingo,CONTIGO REGION,787
190407,Piura,Morropón,Santo Domingo,ALIANZA PARA EL PROGRESO,70
190408,Piura,Morropón,La Matanza,ORGANIZACION POLITICA UNIDAD REGIONAL,3130
190408,Piura,Morropón,La Matanza,MOVIMIENTO INDEPENDIENTE FUERZA REGIONAL,77
190408,Piura,Morropón,La Matanza,REGION PARA TODOS,1895
190408,Piura,Morropón,La Matanza,CONTIGO REGION,183
190408,Piura,Morropón,La Matanza,PODEMOS PERU,219
190408,Piura,Morropón,La Matanza,ALIANZA PARA EL PROGRESO,101
190408,Piura,Morropón,La Matanza,PARTIDO POLITICO NACIONAL PERU LIBRE,1559
190408,Piura,Morropón,La Matanza,PARTIDO DEMOCRATICO SOMOS PERU,1907
190409,Piura,Morropón,Yamango,PIURA RENACE,56
190409,Piura,Morropón,Yamango,ORGANIZACION POLITICA UNIDAD REGIONAL,2671
190409,Piura,Morropón,Yamango,REGION PARA TODOS,651
190409,Piura,Morropón,Yamango,CONTIGO REGION,21
190409,Piura,Morropón,Yamango,PARTIDO POLITICO NACIONAL PERU LIBRE,105
190409,Piura,Morropón,Yamango,PARTIDO DEMOCRATICO SOMOS PERU,1816
190410,Piura,Morropón,San Juan de Bigote,MOVIMIENTO INDEPENDIENTE FUERZA REGIONAL,746
190410,Piura,Morropón,San Juan de Bigote,REGION PARA TODOS,2266
190410,Piura,Morropón,San Juan de Bigote,ALIANZA PARA EL PROGRESO,325
190410,Piura,Morropón,San Juan de Bigote,PARTIDO DEMOCRATICO SOMOS PERU,1314
190502,Piura,Paita,Amotape,ORGANIZACION POLITICA UNIDAD REGIONAL,221
190502,Piura,Paita,Amotape,MOVIMIENTO INDEPENDIENTE FUERZA REGIONAL,758
190502,Piura,Paita,Amotape,REGION PARA TODOS,49
190502,Piura,Paita,Amotape,ACCION POPULAR,16
190502,Piura,Paita,Amotape,ALIANZA PARA EL PROGRESO,261
190502,Piura,Paita,Amotape,PARTIDO DEMOCRATICO SOMOS PERU,314
190503,Piura,Paita,Arenal,ORGANIZACION POLITICA UNIDAD REGIONAL,351
190503,Piura,Paita,Arenal,MOVIMIENTO INDEPENDIENTE FUERZA REGIONAL,266
190503,Piura,Paita,Arenal,ALIANZA PARA EL PROGRESO,255
190503,Piura,Paita,Arenal,PARTIDO POLITICO NACIONAL PERU LIBRE,9
190504,Piura,Paita,La Huaca,ORGANIZACION POLITICA UNIDAD REGIONAL,570
190504,Piura,Paita,La Huaca,MOVIMIENTO INDEPENDIENTE FUERZA REGIONAL,2387
190504,Piura,Paita,La Huaca,REGION PARA TODOS,57
190504,Piura,Paita,La Huaca,CONTIGO REGION,174
190504,Piura,Paita,La Huaca,PARTIDO FRENTE DE LA ESPERANZA 2021,2395
190504,Piura,Paita,La Huaca,ACCION POPULAR,1167
190504,Piura,Paita,La Huaca,ALIANZA PARA EL PROGRESO,969
190505,Piura,Paita,Colan,ORGANIZACION POLITICA UNIDAD REGIONAL,950
190505,Piura,Paita,Colan,MOVIMIENTO INDEPENDIENTE FUERZA REGIONAL,1661
190505,Piura,Paita,Colan,REGION PARA TODOS,139
190505,Piura,Paita,Colan,CONTIGO REGION,228
190505,Piura,Paita,Colan,ACCION POPULAR,3665
190505,Piura,Paita,Colan,ALIANZA PARA EL PROGRESO,1668
190505,Piura,Paita,Colan,PARTIDO POLITICO NACIONAL PERU LIBRE,23
190505,Piura,Paita,Colan,PARTIDO DEMOCRATICO SOMOS PERU,771
190506,Piura,Paita,Tamarindo,PIURA RENACE,98
190506,Piura,Paita,Tamarindo,MOVIMIENTO INDEPENDIENTE FUERZA REGIONAL,1602
190506,Piura,Paita,Tamarindo,REGION PARA TODOS,772
190506,Piura,Paita,Tamarindo,ACCION POPULAR,40
190506,Piura,Paita,Tamarindo,ALIANZA PARA EL PROGRESO,523
190507,Piura,Paita,Vichayal,ORGANIZACION POLITICA UNIDAD REGIONAL,42
190507,Piura,Paita,Vichayal,ACCION POPULAR,1460
190507,Piura,Paita,Vichayal,RENOVACION POPULAR,46
190507,Piura,Paita,Vichayal,ALIANZA PARA EL PROGRESO,1632
190507,Piura,Paita,Vichayal,PARTIDO POLITICO NACIONAL PERU LIBRE,12
190602,Piura,Sullana,Bellavista,PIURA RENACE,443
190602,Piura,Sullana,Bellavista,ORGANIZACION POLITICA UNIDAD REGIONAL,1497
190602,Piura,Sullana,Bellavista,MOVIMIENTO INDEPENDIENTE FUERZA REGIONAL,1676
190602,Piura,Sullana,Bellavista,REGION PARA TODOS,10326
190602,Piura,Sullana,Bellavista,CONTIGO REGION,7738
190602,Piura,Sullana,Bellavista,FUERZA POPULAR,489
190602,Piura,Sullana,Bellavista,PODEMOS PERU,449
190602,Piura,Sullana,Bellavista,ALIANZA PARA EL PROGRESO,175
190602,Piura,Sullana,Bellavista,PARTIDO DEMOCRATICO SOMOS PERU,608
190603,Piura,Sullana,Lancones,ORGANIZACION POLITICA UNIDAD REGIONAL,2045
190603,Piura,Sullana,Lancones,REGION PARA TODOS,2714
190603,Piura,Sullana,Lancones,CONTIGO REGION,1531
190603,Piura,Sullana,Lancones,RENOVACION POPULAR,66
190603,Piura,Sullana,Lancones,ALIANZA PARA EL PROGRESO,362
190603,Piura,Sullana,Lancones,PARTIDO DEMOCRATICO SOMOS PERU,160
190604,Piura,Sullana,Marcavelica,PIURA RENACE,187
190604,Piura,Sullana,Marcavelica,ORGANIZACION POLITICA UNIDAD REGIONAL,3173
190604,Piura,Sullana,Marcavelica,MOVIMIENTO INDEPENDIENTE FUERZA REGIONAL,1277
190604,Piura,Sullana,Marcavelica,REGION PARA TODOS,6564
190604,Piura,Sullana,Marcavelica,CONTIGO REGION,4619
190604,Piura,Sullana,Marcavelica,PODEMOS PERU,356
190604,Piura,Sullana,Marcavelica,ALIANZA PARA EL PROGRESO,114
190604,Piura,Sullana,Marcavelica,PARTIDO DEMOCRATICO SOMOS PERU,213
190605,Piura,Sullana,Miguel Checa,ORGANIZACION POLITICA UNIDAD REGIONAL,1950
190605,Piura,Sullana,Miguel Checa,MOVIMIENTO INDEPENDIENTE FUERZA REGIONAL,399
190605,Piura,Sullana,Miguel Checa,CONTIGO REGION,745
190605,Piura,Sullana,Miguel Checa,PARTIDO FRENTE DE LA ESPERANZA 2021,140
190605,Piura,Sullana,Miguel Checa,ALIANZA PARA EL PROGRESO,1827
190605,Piura,Sullana,Miguel Checa,PARTIDO DEMOCRATICO SOMOS PERU,209
190606,Piura,Sullana,Querecotillo,PIURA RENACE,725
190606,Piura,Sullana,Querecotillo,ORGANIZACION POLITICA UNIDAD REGIONAL,909
190606,Piura,Sullana,Querecotillo,MOVIMIENTO INDEPENDIENTE FUERZA REGIONAL,2666
190606,Piura,Sullana,Querecotillo,REGION PARA TODOS,1005
190606,Piura,Sullana,Querecotillo,PARTIDO FRENTE DE LA ESPERANZA 2021,151
190606,Piura,Sullana,Querecotillo,FUERZA POPULAR,2487
190606,Piura,Sullana,Querecotillo,ACCION POPULAR,2812
190606,Piura,Sullana,Querecotillo,PODEMOS PERU,2159
190606,Piura,Sullana,Querecotillo,ALIANZA PARA EL PROGRESO,384
190606,Piura,Sullana,Querecotillo,PARTIDO DEMOCRATICO SOMOS PERU,900
190607,Piura,Sullana,Salitral,ORGANIZACION POLITICA UNIDAD REGIONAL,1512
190607,Piura,Sullana,Salitral,MOVIMIENTO INDEPENDIENTE FUERZA REGIONAL,192
190607,Piura,Sullana,Salitral,REGION PARA TODOS,227
190607,Piura,Sullana,Salitral,CONTIGO REGION,455
190607,Piura,Sullana,Salitral,ACCION POPULAR,927
190607,Piura,Sullana,Salitral,PODEMOS PERU,737
190607,Piura,Sullana,Salitral,RENOVACION POPULAR,386
190608,Piura,Sullana,Ignacio Escudero,ORGANIZACION POLITICA UNIDAD REGIONAL,4228
190608,Piura,Sullana,Ignacio Escudero,MOVIMIENTO INDEPENDIENTE FUERZA REGIONAL,1438
190608,Piura,Sullana,Ignacio Escudero,REGION PARA TODOS,2408
190608,Piura,Sullana,Ignacio Escudero,CONTIGO REGION,983
190608,Piura,Sullana,Ignacio Escudero,PARTIDO FRENTE DE LA ESPERANZA 2021,456
190608,Piura,Sullana,Ignacio Escudero,PODEMOS PERU,425
190608,Piura,Sullana,Ignacio Escudero,ALIANZA PARA EL PROGRESO,275
190608,Piura,Sullana,Ignacio Escudero,AVANZA PAIS - PARTIDO DE INTEGRACION SOCIAL,342
190608,Piura,Sullana,Ignacio Escudero,PARTIDO DEMOCRATICO SOMOS PERU,633
190702,Piura,Talara,El Alto,PIURA RENACE,491
190702,Piura,Talara,El Alto,ORGANIZACION POLITICA UNIDAD REGIONAL,670
190702,Piura,Talara,El Alto,MOVIMIENTO INDEPENDIENTE FUERZA REGIONAL,308
190702,Piura,Talara,El Alto,REGION PARA TODOS,1361
190702,Piura,Talara,El Alto,CONTIGO REGION,2010
190702,Piura,Talara,El Alto,ALIANZA PARA EL PROGRESO,87
190702,Piura,Talara,El Alto,PARTIDO DEMOCRATICO SOMOS PERU,79
190703,Piura,Talara,La Brea,PIURA RENACE,51
190703,Piura,Talara,La Brea,ORGANIZACION POLITICA UNIDAD REGIONAL,3254
190703,Piura,Talara,La Brea,MOVIMIENTO INDEPENDIENTE FUERZA REGIONAL,3370
190703,Piura,Talara,La Brea,REGION PARA TODOS,123
190703,Piura,Talara,La Brea,CONTIGO REGION,325
190703,Piura,Talara,La Brea,ACCION POPULAR,23
190703,Piura,Talara,La Brea,PODEMOS PERU,536
190703,Piura,Talara,La Brea,PARTIDO DEMOCRATICO SOMOS PERU,99
190704,Piura,Talara,Lobitos,ORGANIZACION POLITICA UNIDAD REGIONAL,8
190704,Piura,Talara,Lobitos,MOVIMIENTO INDEPENDIENTE FUERZA REGIONAL,2
190704,Piura,Talara,Lobitos,CONTIGO REGION,351
190704,Piura,Talara,Lobitos,PARTIDO FRENTE DE LA ESPERANZA 2021,1
190704,Piura,Talara,Lobitos,PODEMOS PERU,320
190704,Piura,Talara,Lobitos,ALIANZA PARA EL PROGRESO,287
190705,Piura,Talara,Máncora,PIURA RENACE,294
190705,Piura,Talara,Máncora,ORGANIZACION POLITICA UNIDAD REGIONAL,2518
190705,Piura,Talara,Máncora,REGION PARA TODOS,50
190705,Piura,Talara,Máncora,CONTIGO REGION,2114
190705,Piura,Talara,Máncora,FUERZA POPULAR,361
190705,Piura,Talara,Máncora,ALIANZA PARA EL PROGRESO,559
190706,Piura,Talara,Los Órganos,PIURA RENACE,38
190706,Piura,Talara,Los Órganos,ORGANIZACION POLITICA UNIDAD REGIONAL,1914
190706,Piura,Talara,Los Órganos,MOVIMIENTO INDEPENDIENTE FUERZA REGIONAL,1148
190706,Piura,Talara,Los Órganos,REGION PARA TODOS,647
190706,Piura,Talara,Los Órganos,CONTIGO REGION,98
190706,Piura,Talara,Los Órganos,FUERZA POPULAR,68
190706,Piura,Talara,Los Órganos,PODEMOS PERU,1060
190706,Piura,Talara,Los Órganos,ALIANZA PARA EL PROGRESO,439
190706,Piura,Talara,Los Órganos,PARTIDO DEMOCRATICO SOMOS PERU,100
190802,Piura,Sechura,Vice,PIURA RENACE,2333
190802,Piura,Sechura,Vice,ORGANIZACION POLITICA UNIDAD REGIONAL,3130
190802,Piura,Sechura,Vice,PODEMOS PERU,1422
190802,Piura,Sechura,Vice,ALIANZA PARA EL PROGRESO,2335
190803,Piura,Sechura,Bernal,PIURA RENACE,851
190803,Piura,Sechura,Bernal,PODEMOS PERU,1521
190803,Piura,Sechura,Bernal,ALIANZA PARA EL PROGRESO,745
190803,Piura,Sechura,Bernal,PARTIDO DEMOCRATICO SOMOS PERU,856
190804,Piura,Sechura,Bellavista de la Unión,PIURA RENACE,736
190804,Piura,Sechura,Bellavista de la Unión,ORGANIZACION POLITICA UNIDAD REGIONAL,1199
190804,Piura,Sechura,Bellavista de la Unión,REGION PARA TODOS,318
190804,Piura,Sechura,Bellavista de la Unión,ALIANZA PARA EL PROGRESO,733
190805,Piura,Sechura,Cristo Nos Valga,PIURA RENACE,957
190805,Piura,Sechura,Cristo Nos Valga,MOVIMIENTO INDEPENDIENTE FUERZA REGIONAL,180
190805,Piura,Sechura,Cristo Nos Valga,PODEMOS PERU,1090
190805,Piura,Sechura,Cristo Nos Valga,ALIANZA PARA EL PROGRESO,312
190806,Piura,Sechura,Rinconada Llicuar,PIURA RENACE,946
190806,Piura,Sechura,Rinconada Llicuar,ORGANIZACION POLITICA UNIDAD REGIONAL,390
190806,Piura,Sechura,Rinconada Llicuar,MOVIMIENTO INDEPENDIENTE FUERZA REGIONAL,745
200102,Puno,Puno,Ácora,PODER ANDINO,970
200102,Puno,Puno,Ácora,FRENTE AMPLIO PARA EL DESARROLLO DEL PUEBLO,497
200102,Puno,Puno,Ácora,REFORMA Y HONRADEZ POR MAS OBRAS,4466
200102,Puno,Puno,Ácora,MOVIMIENTO DE INTEGRACION Y REVOLUCION ANDINA,310
200102,Puno,Puno,Ácora,MORAL Y DESARROLLO,1110
200102,Puno,Puno,Ácora,POR LAS COMUNIDADES FUENTE DE INTEGRACION ANDINA DE PUNO - CONFIA - PUNO,239
200102,Puno,Puno,Ácora,SOMOS PUEBLO,4744
200102,Puno,Puno,Ácora,PODEMOS PERU,160
200103,Puno,Puno,Atuncolla,FRENTE AMPLIO PARA EL DESARROLLO DEL PUEBLO,1122
200103,Puno,Puno,Atuncolla,REFORMA Y HONRADEZ POR MAS OBRAS,1280
200103,Puno,Puno,Atuncolla,POR LAS COMUNIDADES FUENTE DE INTEGRACION ANDINA DE PUNO - CONFIA - PUNO,893
200104,Puno,Puno,Capachica,PODER ANDINO,214
200104,Puno,Puno,Capachica,FRENTE AMPLIO PARA EL DESARROLLO DEL PUEBLO,367
200104,Puno,Puno,Capachica,REFORMA Y HONRADEZ POR MAS OBRAS,2092
200104,Puno,Puno,Capachica,MOVIMIENTO DE INTEGRACION Y REVOLUCION ANDINA,1379
200104,Puno,Puno,Capachica,POR LAS COMUNIDADES FUENTE DE INTEGRACION ANDINA DE PUNO - CONFIA - PUNO,1826
200105,Puno,Puno,Coata,REFORMA Y HONRADEZ POR MAS OBRAS,1784
200105,Puno,Puno,Coata,MORAL Y DESARROLLO,1532
200105,Puno,Puno,Coata,POR LAS COMUNIDADES FUENTE DE INTEGRACION ANDINA DE PUNO - CONFIA - PUNO,1384
200105,Puno,Puno,Coata,ACCION POPULAR,352
200106,Puno,Puno,Chucuito,FRENTE AMPLIO PARA EL DESARROLLO DEL PUEBLO,328
200106,Puno,Puno,Chucuito,REFORMA Y HONRADEZ POR MAS OBRAS,2263
200106,Puno,Puno,Chucuito,MOVIMIENTO DE INTEGRACION Y REVOLUCION ANDINA,1486
200106,Puno,Puno,Chucuito,MORAL Y DESARROLLO,835
200106,Puno,Puno,Chucuito,POR LAS COMUNIDADES FUENTE DE INTEGRACION ANDINA DE PUNO - CONFIA - PUNO,113
200107,Puno,Puno,Huata,PODER ANDINO,792
200107,Puno,Puno,Huata,REFORMA Y HONRADEZ POR MAS OBRAS,502
200107,Puno,Puno,Huata,MORAL Y DESARROLLO,479
200107,Puno,Puno,Huata,POR LAS COMUNIDADES FUENTE DE INTEGRACION ANDINA DE PUNO - CONFIA - PUNO,494
200108,Puno,Puno,Mañazo,FRENTE AMPLIO PARA EL DESARROLLO DEL PUEBLO,286
200108,Puno,Puno,Mañazo,REFORMA Y HONRADEZ POR MAS OBRAS,1387
200108,Puno,Puno,Mañazo,MOVIMIENTO DE INTEGRACION Y REVOLUCION ANDINA,677
200108,Puno,Puno,Mañazo,POR LAS COMUNIDADES FUENTE DE INTEGRACION ANDINA DE PUNO - CONFIA - PUNO,865
200109,Puno,Puno,Paucarcolla,REFORMA Y HONRADEZ POR MAS OBRAS,1341
200109,Puno,Puno,Paucarcolla,POR LAS COMUNIDADES FUENTE DE INTEGRACION ANDINA DE PUNO - CONFIA - PUNO,514
200109,Puno,Puno,Paucarcolla,SOMOS PUEBLO,23
200109,Puno,Puno,Paucarcolla,PARTIDO POLITICO NACIONAL PERU LIBRE,1452
200110,Puno,Puno,Pichacani,MOVIMIENTO DE INTEGRACION Y REVOLUCION ANDINA,655
200110,Puno,Puno,Pichacani,MORAL Y DESARROLLO,1317
200110,Puno,Puno,Pichacani,SOMOS PUEBLO,1599
200111,Puno,Puno,San Antonio,MOVIMIENTO DE INTEGRACION Y REVOLUCION ANDINA,327
200111,Puno,Puno,San Antonio,MORAL Y DESARROLLO,72
200111,Puno,Puno,San Antonio,POR LAS COMUNIDADES FUENTE DE INTEGRACION ANDINA DE PUNO - CONFIA - PUNO,39
200111,Puno,Puno,San Antonio,PARTIDO POLITICO NACIONAL PERU LIBRE,400
200112,Puno,Puno,Tiquillaca,PODER ANDINO,399
200112,Puno,Puno,Tiquillaca,GESTIONANDO OBRAS Y OPORTUNIDADES CON LIDERAZGO,292
200112,Puno,Puno,Tiquillaca,REFORMA Y HONRADEZ POR MAS OBRAS,595
200112,Puno,Puno,Tiquillaca,MOVIMIENTO DE INTEGRACION Y REVOLUCION ANDINA,80
200112,Puno,Puno,Tiquillaca,MORAL Y DESARROLLO,210
200112,Puno,Puno,Tiquillaca,PARTIDO POLITICO NACIONAL PERU LIBRE,294
200113,Puno,Puno,Vilque,REFORMA Y HONRADEZ POR MAS OBRAS,1182
200113,Puno,Puno,Vilque,MOVIMIENTO DE INTEGRACION Y REVOLUCION ANDINA,83
200113,Puno,Puno,Vilque,POR LAS COMUNIDADES FUENTE DE INTEGRACION ANDINA DE PUNO - CONFIA - PUNO,775
200113,Puno,Puno,Vilque,PARTIDO POLITICO NACIONAL PERU LIBRE,70
200114,Puno,Puno,Platería,PODER ANDINO,354
200114,Puno,Puno,Platería,FRENTE AMPLIO PARA EL DESARROLLO DEL PUEBLO,451
200114,Puno,Puno,Platería,REFORMA Y HONRADEZ POR MAS OBRAS,2314
200114,Puno,Puno,Platería,MOVIMIENTO DE INTEGRACION Y REVOLUCION ANDINA,1088
200114,Puno,Puno,Platería,POR LAS COMUNIDADES FUENTE DE INTEGRACION ANDINA DE PUNO - CONFIA - PUNO,269
200114,Puno,Puno,Platería,SOMOS PUEBLO,50
200115,Puno,Puno,Amantaní,GESTIONANDO OBRAS Y OPORTUNIDADES CON LIDERAZGO,1118
200115,Puno,Puno,Amantaní,REFORMA Y HONRADEZ POR MAS OBRAS,1535
200202,Puno,Azángaro,Achaya,REFORMA Y HONRADEZ POR MAS OBRAS,1969
200203,Puno,Azángaro,Arapa,FRENTE AMPLIO PARA EL DESARROLLO DEL PUEBLO,940
200203,Puno,Azángaro,Arapa,REFORMA Y HONRADEZ POR MAS OBRAS,1280
200203,Puno,Azángaro,Arapa,MOVIMIENTO DE INTEGRACION Y REVOLUCION ANDINA,1517
200203,Puno,Azángaro,Arapa,MORAL Y DESARROLLO,1114
200203,Puno,Azángaro,Arapa,POR LAS COMUNIDADES FUENTE DE INTEGRACION ANDINA DE PUNO - CONFIA - PUNO,474
200204,Puno,Azángaro,Asillo,GESTIONANDO OBRAS Y OPORTUNIDADES CON LIDERAZGO,607
200204,Puno,Azángaro,Asillo,REFORMA Y HONRADEZ POR MAS OBRAS,4204
200204,Puno,Azángaro,Asillo,MOVIMIENTO DE INTEGRACION Y REVOLUCION ANDINA,4133
200205,Puno,Azángaro,Caminaca,REFORMA Y HONRADEZ POR MAS OBRAS,780
200205,Puno,Azángaro,Caminaca,MOVIMIENTO DE INTEGRACION Y REVOLUCION ANDINA,998
200205,Puno,Azángaro,Caminaca,POR LAS COMUNIDADES FUENTE DE INTEGRACION ANDINA DE PUNO - CONFIA - PUNO,1102
200205,Puno,Azángaro,Caminaca,ACCION POPULAR,572
200206,Puno,Azángaro,Chupa,REFORMA Y HONRADEZ POR MAS OBRAS,1398
200206,Puno,Azángaro,Chupa,MOVIMIENTO DE INTEGRACION Y REVOLUCION ANDINA,974
200206,Puno,Azángaro,Chupa,POR LAS COMUNIDADES FUENTE DE INTEGRACION ANDINA DE PUNO - CONFIA - PUNO,1277
200206,Puno,Azángaro,Chupa,PARTIDO POLITICO NACIONAL PERU LIBRE,1533
200207,Puno,Azángaro,José Domingo Choquehuanca,REFORMA Y HONRADEZ POR MAS OBRAS,1180
200207,Puno,Azángaro,José Domingo Choquehuanca,MOVIMIENTO DE INTEGRACION Y REVOLUCION ANDINA,1061
200207,Puno,Azángaro,José Domingo Choquehuanca,POR LAS COMUNIDADES FUENTE DE INTEGRACION ANDINA DE PUNO - CONFIA - PUNO,558
200208,Puno,Azángaro,Muñani,REFORMA Y HONRADEZ POR MAS OBRAS,1491
200208,Puno,Azángaro,Muñani,POR LAS COMUNIDADES FUENTE DE INTEGRACION ANDINA DE PUNO - CONFIA - PUNO,1070
200208,Puno,Azángaro,Muñani,SOMOS PUEBLO,474
200208,Puno,Azángaro,Muñani,PARTIDO POLITICO NACIONAL PERU LIBRE,912
200210,Puno,Azángaro,Potoni,REFORMA Y HONRADEZ POR MAS OBRAS,1015
200210,Puno,Azángaro,Potoni,MOVIMIENTO DE INTEGRACION Y REVOLUCION ANDINA,563
200210,Puno,Azángaro,Potoni,PARTIDO POLITICO NACIONAL PERU LIBRE,888
200212,Puno,Azángaro,Samán,REFORMA Y HONRADEZ POR MAS OBRAS,3085
200212,Puno,Azángaro,Samán,MOVIMIENTO DE INTEGRACION Y REVOLUCION ANDINA,4030
200212,Puno,Azángaro,Samán,PARTIDO POLITICO NACIONAL PERU LIBRE,803
200213,Puno,Azángaro,San Antón,GESTIONANDO OBRAS Y OPORTUNIDADES CON LIDERAZGO,289
200213,Puno,Azángaro,San Antón,FRENTE AMPLIO PARA EL DESARROLLO DEL PUEBLO,267
200213,Puno,Azángaro,San Antón,REFORMA Y HONRADEZ POR MAS OBRAS,1323
200213,Puno,Azángaro,San Antón,MOVIMIENTO DE INTEGRACION Y REVOLUCION ANDINA,1109
200213,Puno,Azángaro,San Antón,POR LAS COMUNIDADES FUENTE DE INTEGRACION ANDINA DE PUNO - CONFIA - PUNO,1371
200214,Puno,Azángaro,San José,FRENTE AMPLIO PARA EL DESARROLLO DEL PUEBLO,72
200214,Puno,Azángaro,San José,REFORMA Y HONRADEZ POR MAS OBRAS,1414
200214,Puno,Azángaro,San José,MOVIMIENTO DE INTEGRACION Y REVOLUCION ANDINA,1140
200214,Puno,Azángaro,San José,POR LAS COMUNIDADES FUENTE DE INTEGRACION ANDINA DE PUNO - CONFIA - PUNO,426
200215,Puno,Azángaro,San Juan de Salinas,REFORMA Y HONRADEZ POR MAS OBRAS,1173
200215,Puno,Azángaro,San Juan de Salinas,MOVIMIENTO DE INTEGRACION Y REVOLUCION ANDINA,952
200215,Puno,Azángaro,San Juan de Salinas,PARTIDO POLITICO NACIONAL PERU LIBRE,368
200216,Puno,Azángaro,Santiago de Pupuja,MOVIMIENTO DE INTEGRACION POR EL DESARROLLO REGIONAL (MI CASITA),239
200216,Puno,Azángaro,Santiago de Pupuja,PODER ANDINO,83
200216,Puno,Azángaro,Santiago de Pupuja,GESTIONANDO OBRAS Y OPORTUNIDADES CON LIDERAZGO,458
200216,Puno,Azángaro,Santiago de Pupuja,REFORMA Y HONRADEZ POR MAS OBRAS,912
200216,Puno,Azángaro,Santiago de Pupuja,MOVIMIENTO DE INTEGRACION Y REVOLUCION ANDINA,473
200216,Puno,Azángaro,Santiago de Pupuja,SOMOS PUEBLO,608
200216,Puno,Azángaro,Santiago de Pupuja,PARTIDO FRENTE DE LA ESPERANZA 2021,103
200216,Puno,Azángaro,Santiago de Pupuja,PARTIDO POLITICO NACIONAL PERU LIBRE,369
200217,Puno,Azángaro,Tirapata,REFORMA Y HONRADEZ POR MAS OBRAS,802
200217,Puno,Azángaro,Tirapata,MOVIMIENTO DE INTEGRACION Y REVOLUCION ANDINA,948
200217,Puno,Azángaro,Tirapata,PARTIDO POLITICO NACIONAL PERU LIBRE,45
200302,Puno,Carabaya,Ajoyani,REFORMA Y HONRADEZ POR MAS OBRAS,552
200302,Puno,Carabaya,Ajoyani,MOVIMIENTO DE INTEGRACION Y REVOLUCION ANDINA,486
200302,Puno,Carabaya,Ajoyani,MORAL Y DESARROLLO,276
200302,Puno,Carabaya,Ajoyani,POR LAS COMUNIDADES FUENTE DE INTEGRACION ANDINA DE PUNO - CONFIA - PUNO,249
200303,Puno,Carabaya,Ayapata,MOVIMIENTO ACCION REGIONAL,77
200303,Puno,Carabaya,Ayapata,FRENTE AMPLIO PARA EL DESARROLLO DEL PUEBLO,197
200303,Puno,Carabaya,Ayapata,REFORMA Y HONRADEZ POR MAS OBRAS,611
200303,Puno,Carabaya,Ayapata,MOVIMIENTO DE INTEGRACION Y REVOLUCION ANDINA,47
200303,Puno,Carabaya,Ayapata,MORAL Y DESARROLLO,886
200303,Puno,Carabaya,Ayapata,SOMOS PUEBLO,1116
200303,Puno,Carabaya,Ayapata,PARTIDO FRENTE DE LA ESPERANZA 2021,247
200304,Puno,Carabaya,Coasa,FRENTE AMPLIO PARA EL DESARROLLO DEL PUEBLO,216
200304,Puno,Carabaya,Coasa,REFORMA Y HONRADEZ POR MAS OBRAS,668
200304,Puno,Carabaya,Coasa,MOVIMIENTO DE INTEGRACION Y REVOLUCION ANDINA,1384
200304,Puno,Carabaya,Coasa,MORAL Y DESARROLLO,1096
200304,Puno,Carabaya,Coasa,SOMOS PUEBLO,8
200304,Puno,Carabaya,Coasa,PARTIDO POLITICO NACIONAL PERU LIBRE,221
200305,Puno,Carabaya,Corani,GESTIONANDO OBRAS Y OPORTUNIDADES CON LIDERAZGO,516
200305,Puno,Carabaya,Corani,FRENTE AMPLIO PARA EL DESARROLLO DEL PUEBLO,248
200305,Puno,Carabaya,Corani,REFORMA Y HONRADEZ POR MAS OBRAS,419
200305,Puno,Carabaya,Corani,MOVIMIENTO DE INTEGRACION Y REVOLUCION ANDINA,613
200305,Puno,Carabaya,Corani,MORAL Y DESARROLLO,607
200306,Puno,Carabaya,Crucero,REFORMA Y HONRADEZ POR MAS OBRAS,1428
200306,Puno,Carabaya,Crucero,MOVIMIENTO DE INTEGRACION Y REVOLUCION ANDINA,1069
200306,Puno,Carabaya,Crucero,MORAL Y DESARROLLO,1720
200306,Puno,Carabaya,Crucero,POR LAS COMUNIDADES FUENTE DE INTEGRACION ANDINA DE PUNO - CONFIA - PUNO,684
200307,Puno,Carabaya,Ituata,GESTIONANDO OBRAS Y OPORTUNIDADES CON LIDERAZGO,1337
200307,Puno,Carabaya,Ituata,REFORMA Y HONRADEZ POR MAS OBRAS,304
200307,Puno,Carabaya,Ituata,MORAL Y DESARROLLO,1272
200308,Puno,Carabaya,Ollachea,REFORMA Y HONRADEZ POR MAS OBRAS,1103
200308,Puno,Carabaya,Ollachea,MOVIMIENTO DE INTEGRACION Y REVOLUCION ANDINA,1050
200308,Puno,Carabaya,Ollachea,MORAL Y DESARROLLO,484
200308,Puno,Carabaya,Ollachea,PARTIDO POLITICO NACIONAL PERU LIBRE,253
200309,Puno,Carabaya,San Gabán,REFORMA Y HONRADEZ POR MAS OBRAS,1830
200309,Puno,Carabaya,San Gabán,MOVIMIENTO DE INTEGRACION Y REVOLUCION ANDINA,571
200309,Puno,Carabaya,San Gabán,MORAL Y DESARROLLO,698
200309,Puno,Carabaya,San Gabán,PARTIDO POLITICO NACIONAL PERU LIBRE,661
200310,Puno,Carabaya,Usicayos,REFORMA Y HONRADEZ POR MAS OBRAS,813
200310,Puno,Carabaya,Usicayos,MOVIMIENTO DE INTEGRACION Y REVOLUCION ANDINA,957
200310,Puno,Carabaya,Usicayos,MORAL Y DESARROLLO,127
200310,Puno,Carabaya,Usicayos,PARTIDO POLITICO NACIONAL PERU LIBRE,116
200402,Puno,Chucuito,Desaguadero,REFORMA Y HONRADEZ POR MAS OBRAS,1589
200402,Puno,Chucuito,Desaguadero,MOVIMIENTO DE INTEGRACION Y REVOLUCION ANDINA,1194
200402,Puno,Chucuito,Desaguadero,POR LAS COMUNIDADES FUENTE DE INTEGRACION ANDINA DE PUNO - CONFIA - PUNO,3644
200403,Puno,Chucuito,Huacullani,MOVIMIENTO DE INTEGRACION Y REVOLUCION ANDINA,1240
200403,Puno,Chucuito,Huacullani,POR LAS COMUNIDADES FUENTE DE INTEGRACION ANDINA DE PUNO - CONFIA - PUNO,1485
200403,Puno,Chucuito,Huacullani,PARTIDO POLITICO NACIONAL PERU LIBRE,322
200406,Puno,Chucuito,Pisacoma,GESTIONANDO OBRAS Y OPORTUNIDADES CON LIDERAZGO,29
200406,Puno,Chucuito,Pisacoma,REFORMA Y HONRADEZ POR MAS OBRAS,649
200406,Puno,Chucuito,Pisacoma,MOVIMIENTO DE INTEGRACION Y REVOLUCION ANDINA,919
200406,Puno,Chucuito,Pisacoma,MORAL Y DESARROLLO,150
200407,Puno,Chucuito,Pomata,MOVIMIENTO DE INTEGRACION POR EL DESARROLLO REGIONAL (MI CASITA),274
200407,Puno,Chucuito,Pomata,REFORMA Y HONRADEZ POR MAS OBRAS,2629
200407,Puno,Chucuito,Pomata,MOVIMIENTO DE INTEGRACION Y REVOLUCION ANDINA,2051
200407,Puno,Chucuito,Pomata,POR LAS COMUNIDADES FUENTE DE INTEGRACION ANDINA DE PUNO - CONFIA - PUNO,3234
200410,Puno,Chucuito,Zepita,GESTIONANDO OBRAS Y OPORTUNIDADES CON LIDERAZGO,381
200410,Puno,Chucuito,Zepita,REFORMA Y HONRADEZ POR MAS OBRAS,3726
200410,Puno,Chucuito,Zepita,MOVIMIENTO DE INTEGRACION Y REVOLUCION ANDINA,1170
200410,Puno,Chucuito,Zepita,POR LAS COMUNIDADES FUENTE DE INTEGRACION ANDINA DE PUNO - CONFIA - PUNO,3781
200412,Puno,Chucuito,Kelluyo,REFORMA Y HONRADEZ POR MAS OBRAS,193
200412,Puno,Chucuito,Kelluyo,MOVIMIENTO DE INTEGRACION Y REVOLUCION ANDINA,1374
200412,Puno,Chucuito,Kelluyo,MORAL Y DESARROLLO,125
200412,Puno,Chucuito,Kelluyo,POR LAS COMUNIDADES FUENTE DE INTEGRACION ANDINA DE PUNO - CONFIA - PUNO,1547
200412,Puno,Chucuito,Kelluyo,SOMOS PUEBLO,210
200502,Puno,Huancané,Cojata,FRENTE AMPLIO PARA EL DESARROLLO DEL PUEBLO,703
200502,Puno,Huancané,Cojata,REFORMA Y HONRADEZ POR MAS OBRAS,583
200502,Puno,Huancané,Cojata,MOVIMIENTO DE INTEGRACION Y REVOLUCION ANDINA,1252
200502,Puno,Huancané,Cojata,POR LAS COMUNIDADES FUENTE DE INTEGRACION ANDINA DE PUNO - CONFIA - PUNO,289
200502,Puno,Huancané,Cojata,PARTIDO POLITICO NACIONAL PERU LIBRE,228
200504,Puno,Huancané,Inchupalla,PODER ANDINO,566
200504,Puno,Huancané,Inchupalla,REFORMA Y HONRADEZ POR MAS OBRAS,646
200504,Puno,Huancané,Inchupalla,MORAL Y DESARROLLO,190
200504,Puno,Huancané,Inchupalla,POR LAS COMUNIDADES FUENTE DE INTEGRACION ANDINA DE PUNO - CONFIA - PUNO,797
200504,Puno,Huancané,Inchupalla,PARTIDO POLITICO NACIONAL PERU LIBRE,3
200506,Puno,Huancané,Pusi,PODER ANDINO,12
200506,Puno,Huancané,Pusi,REFORMA Y HONRADEZ POR MAS OBRAS,1388
200506,Puno,Huancané,Pusi,MOVIMIENTO DE INTEGRACION Y REVOLUCION ANDINA,231
200506,Puno,Huancané,Pusi,POR LAS COMUNIDADES FUENTE DE INTEGRACION ANDINA DE PUNO - CONFIA - PUNO,1519
200506,Puno,Huancané,Pusi,PARTIDO POLITICO NACIONAL PERU LIBRE,504
200507,Puno,Huancané,Rosaspata,FRENTE AMPLIO PARA EL DESARROLLO DEL PUEBLO,1175
200507,Puno,Huancané,Rosaspata,REFORMA Y HONRADEZ POR MAS OBRAS,855
200507,Puno,Huancané,Rosaspata,MOVIMIENTO DE INTEGRACION Y REVOLUCION ANDINA,146
200507,Puno,Huancané,Rosaspata,MORAL Y DESARROLLO,15
200507,Puno,Huancané,Rosaspata,POR LAS COMUNIDADES FUENTE DE INTEGRACION ANDINA DE PUNO - CONFIA - PUNO,1002
200507,Puno,Huancané,Rosaspata,SOMOS PUEBLO,27
200508,Puno,Huancané,Taraco,FRENTE AMPLIO PARA EL DESARROLLO DEL PUEBLO,4179
200508,Puno,Huancané,Taraco,REFORMA Y HONRADEZ POR MAS OBRAS,3599
200508,Puno,Huancané,Taraco,MORAL Y DESARROLLO,932
200509,Puno,Huancané,Vilque Chico,PODER ANDINO,2005
200509,Puno,Huancané,Vilque Chico,GESTIONANDO OBRAS Y OPORTUNIDADES CON LIDERAZGO,293
200509,Puno,Huancané,Vilque Chico,FRENTE AMPLIO PARA EL DESARROLLO DEL PUEBLO,200
200509,Puno,Huancané,Vilque Chico,REFORMA Y HONRADEZ POR MAS OBRAS,1169
200509,Puno,Huancané,Vilque Chico,POR LAS COMUNIDADES FUENTE DE INTEGRACION ANDINA DE PUNO - CONFIA - PUNO,1809
200509,Puno,Huancané,Vilque Chico,SOMOS PUEBLO,438
200509,Puno,Huancané,Vilque Chico,PODEMOS PERU,172
200511,Puno,Huancané,Huatasani,PODER ANDINO,4
200511,Puno,Huancané,Huatasani,MOVIMIENTO ACCION REGIONAL,72
200511,Puno,Huancané,Huatasani,REFORMA Y HONRADEZ POR MAS OBRAS,1002
200511,Puno,Huancané,Huatasani,MORAL Y DESARROLLO,818
200511,Puno,Huancané,Huatasani,SOMOS PUEBLO,11
200602,Puno,Lampa,Cabanilla,REFORMA Y HONRADEZ POR MAS OBRAS,381
200602,Puno,Lampa,Cabanilla,MOVIMIENTO DE INTEGRACION Y REVOLUCION ANDINA,1019
200602,Puno,Lampa,Cabanilla,MORAL Y DESARROLLO,870
200602,Puno,Lampa,Cabanilla,SOMOS PUEBLO,1069
200602,Puno,Lampa,Cabanilla,PARTIDO POLITICO NACIONAL PERU LIBRE,349
200603,Puno,Lampa,Calapuja,REFORMA Y HONRADEZ POR MAS OBRAS,218
200603,Puno,Lampa,Calapuja,MOVIMIENTO DE INTEGRACION Y REVOLUCION ANDINA,445
200603,Puno,Lampa,Calapuja,MORAL Y DESARROLLO,607
200603,Puno,Lampa,Calapuja,SOMOS PUEBLO,171
200603,Puno,Lampa,Calapuja,PARTIDO POLITICO NACIONAL PERU LIBRE,115
200604,Puno,Lampa,Nicasio,REFORMA Y HONRADEZ POR MAS OBRAS,976
200604,Puno,Lampa,Nicasio,MORAL Y DESARROLLO,786
200604,Puno,Lampa,Nicasio,PARTIDO POLITICO NACIONAL PERU LIBRE,404
200605,Puno,Lampa,Ocuviri,FRENTE AMPLIO PARA EL DESARROLLO DEL PUEBLO,86
200605,Puno,Lampa,Ocuviri,REFORMA Y HONRADEZ POR MAS OBRAS,184
200605,Puno,Lampa,Ocuviri,MOVIMIENTO DE INTEGRACION Y REVOLUCION ANDINA,465
200605,Puno,Lampa,Ocuviri,MORAL Y DESARROLLO,470
200605,Puno,Lampa,Ocuviri,PARTIDO FRENTE DE LA ESPERANZA 2021,206
200605,Puno,Lampa,Ocuviri,PARTIDO POLITICO NACIONAL PERU LIBRE,57
200606,Puno,Lampa,Palca,GESTIONANDO OBRAS Y OPORTUNIDADES CON LIDERAZGO,489
200606,Puno,Lampa,Palca,REFORMA Y HONRADEZ POR MAS OBRAS,465
200606,Puno,Lampa,Palca,MOVIMIENTO DE INTEGRACION Y REVOLUCION ANDINA,280
200606,Puno,Lampa,Palca,MORAL Y DESARROLLO,195
200607,Puno,Lampa,Paratia,PODER ANDINO,162
200607,Puno,Lampa,Paratia,GESTIONANDO OBRAS Y OPORTUNIDADES CON LIDERAZGO,180
200607,Puno,Lampa,Paratia,REFORMA Y HONRADEZ POR MAS OBRAS,22
200607,Puno,Lampa,Paratia,MOVIMIENTO DE INTEGRACION Y REVOLUCION ANDINA,477
200607,Puno,Lampa,Paratia,MORAL Y DESARROLLO,376
200607,Puno,Lampa,Paratia,POR LAS COMUNIDADES FUENTE DE INTEGRACION ANDINA DE PUNO - CONFIA - PUNO,127
200607,Puno,Lampa,Paratia,SOMOS PUEBLO,210
200608,Puno,Lampa,Pucara,GESTIONANDO OBRAS Y OPORTUNIDADES CON LIDERAZGO,358
200608,Puno,Lampa,Pucara,REFORMA Y HONRADEZ POR MAS OBRAS,1880
200608,Puno,Lampa,Pucara,MOVIMIENTO DE INTEGRACION Y REVOLUCION ANDINA,854
200608,Puno,Lampa,Pucara,MORAL Y DESARROLLO,681
200609,Puno,Lampa,Santa Lucía,GESTIONANDO OBRAS Y OPORTUNIDADES CON LIDERAZGO,368
200609,Puno,Lampa,Santa Lucía,REFORMA Y HONRADEZ POR MAS OBRAS,230
200609,Puno,Lampa,Santa Lucía,MOVIMIENTO DE INTEGRACION Y REVOLUCION ANDINA,1642
200609,Puno,Lampa,Santa Lucía,MORAL Y DESARROLLO,1259
200609,Puno,Lampa,Santa Lucía,PARTIDO POLITICO NACIONAL PERU LIBRE,835
200610,Puno,Lampa,Vilavila,REFORMA Y HONRADEZ POR MAS OBRAS,385
200610,Puno,Lampa,Vilavila,MOVIMIENTO DE INTEGRACION Y REVOLUCION ANDINA,162
200610,Puno,Lampa,Vilavila,MORAL Y DESARROLLO,245
200702,Puno,Melgar,Antauta,PODER ANDINO,270
200702,Puno,Melgar,Antauta,REFORMA Y HONRADEZ POR MAS OBRAS,794
200702,Puno,Melgar,Antauta,MOVIMIENTO DE INTEGRACION Y REVOLUCION ANDINA,543
200702,Puno,Melgar,Antauta,MORAL Y DESARROLLO,629
200702,Puno,Melgar,Antauta,POR LAS COMUNIDADES FUENTE DE INTEGRACION ANDINA DE PUNO - CONFIA - PUNO,686
200702,Puno,Melgar,Antauta,SOMOS PUEBLO,266
200702,Puno,Melgar,Antauta,PARTIDO POLITICO NACIONAL PERU LIBRE,407
200703,Puno,Melgar,Cupi,MOVIMIENTO DE INTEGRACION POR EL DESARROLLO REGIONAL (MI CASITA),343
200703,Puno,Melgar,Cupi,REFORMA Y HONRADEZ POR MAS OBRAS,364
200703,Puno,Melgar,Cupi,MORAL Y DESARROLLO,56
200703,Puno,Melgar,Cupi,POR LAS COMUNIDADES FUENTE DE INTEGRACION ANDINA DE PUNO - CONFIA - PUNO,187
200703,Puno,Melgar,Cupi,SOMOS PUEBLO,278
200703,Puno,Melgar,Cupi,PARTIDO POLITICO NACIONAL PERU LIBRE,159
200704,Puno,Melgar,Llalli,MOVIMIENTO DE INTEGRACION POR EL DESARROLLO REGIONAL (MI CASITA),699
200704,Puno,Melgar,Llalli,REFORMA Y HONRADEZ POR MAS OBRAS,636
200704,Puno,Melgar,Llalli,POR LAS COMUNIDADES FUENTE DE INTEGRACION ANDINA DE PUNO - CONFIA - PUNO,370
200704,Puno,Melgar,Llalli,PARTIDO POLITICO NACIONAL PERU LIBRE,96
200705,Puno,Melgar,Macari,MOVIMIENTO DE INTEGRACION POR EL DESARROLLO REGIONAL (MI CASITA),110
200705,Puno,Melgar,Macari,REFORMA Y HONRADEZ POR MAS OBRAS,1827
200705,Puno,Melgar,Macari,MORAL Y DESARROLLO,86
200705,Puno,Melgar,Macari,SOMOS PUEBLO,303
200705,Puno,Melgar,Macari,PARTIDO POLITICO NACIONAL PERU LIBRE,1897
200706,Puno,Melgar,Nuñoa,MOVIMIENTO DE INTEGRACION POR EL DESARROLLO REGIONAL (MI CASITA),568
200706,Puno,Melgar,Nuñoa,PODER ANDINO,19
200706,Puno,Melgar,Nuñoa,MOVIMIENTO ACCION REGIONAL,99
200706,Puno,Melgar,Nuñoa,REFORMA Y HONRADEZ POR MAS OBRAS,61
200706,Puno,Melgar,Nuñoa,MORAL Y DESARROLLO,1302
200706,Puno,Melgar,Nuñoa,POR LAS COMUNIDADES FUENTE DE INTEGRACION ANDINA DE PUNO - CONFIA - PUNO,386
200706,Puno,Melgar,Nuñoa,SOMOS PUEBLO,1241
200706,Puno,Melgar,Nuñoa,PARTIDO POLITICO NACIONAL PERU LIBRE,921
200707,Puno,Melgar,Orurillo,MOVIMIENTO DE INTEGRACION POR EL DESARROLLO REGIONAL (MI CASITA),58
200707,Puno,Melgar,Orurillo,PODER ANDINO,28
200707,Puno,Melgar,Orurillo,REFORMA Y HONRADEZ POR MAS OBRAS,1973
200707,Puno,Melgar,Orurillo,MORAL Y DESARROLLO,1955
200707,Puno,Melgar,Orurillo,POR LAS COMUNIDADES FUENTE DE INTEGRACION ANDINA DE PUNO - CONFIA - PUNO,205
200707,Puno,Melgar,Orurillo,SOMOS PUEBLO,90
200707,Puno,Melgar,Orurillo,PARTIDO POLITICO NACIONAL PERU LIBRE,515
200708,Puno,Melgar,Santa Rosa,PODER ANDINO,58
200708,Puno,Melgar,Santa Rosa,MOVIMIENTO ACCION REGIONAL,71
200708,Puno,Melgar,Santa Rosa,GESTIONANDO OBRAS Y OPORTUNIDADES CON LIDERAZGO,110
200708,Puno,Melgar,Santa Rosa,REFORMA Y HONRADEZ POR MAS OBRAS,677
200708,Puno,Melgar,Santa Rosa,MOVIMIENTO DE INTEGRACION Y REVOLUCION ANDINA,88
200708,Puno,Melgar,Santa Rosa,MORAL Y DESARROLLO,879
200708,Puno,Melgar,Santa Rosa,POR LAS COMUNIDADES FUENTE DE INTEGRACION ANDINA DE PUNO - CONFIA - PUNO,592
200708,Puno,Melgar,Santa Rosa,SOMOS PUEBLO,381
200708,Puno,Melgar,Santa Rosa,PARTIDO POLITICO NACIONAL PERU LIBRE,505
200709,Puno,Melgar,Umachiri,MOVIMIENTO DE INTEGRACION POR EL DESARROLLO REGIONAL (MI CASITA),410
200709,Puno,Melgar,Umachiri,REFORMA Y HONRADEZ POR MAS OBRAS,775
200709,Puno,Melgar,Umachiri,MOVIMIENTO DE INTEGRACION Y REVOLUCION ANDINA,610
200709,Puno,Melgar,Umachiri,MORAL Y DESARROLLO,234
200709,Puno,Melgar,Umachiri,PARTIDO POLITICO NACIONAL PERU LIBRE,304
200803,Puno,Sandia,Cuyocuyo,GESTIONANDO OBRAS Y OPORTUNIDADES CON LIDERAZGO,401
200803,Puno,Sandia,Cuyocuyo,REFORMA Y HONRADEZ POR MAS OBRAS,306
200803,Puno,Sandia,Cuyocuyo,MOVIMIENTO DE INTEGRACION Y REVOLUCION ANDINA,1461
200803,Puno,Sandia,Cuyocuyo,PARTIDO POLITICO NACIONAL PERU LIBRE,1642
200804,Puno,Sandia,Limbani,PODER ANDINO,701
200804,Puno,Sandia,Limbani,GESTIONANDO OBRAS Y OPORTUNIDADES CON LIDERAZGO,86
200804,Puno,Sandia,Limbani,FRENTE AMPLIO PARA EL DESARROLLO DEL PUEBLO,471
200804,Puno,Sandia,Limbani,REFORMA Y HONRADEZ POR MAS OBRAS,279
200804,Puno,Sandia,Limbani,MOVIMIENTO DE INTEGRACION Y REVOLUCION ANDINA,16
200804,Puno,Sandia,Limbani,MORAL Y DESARROLLO,181
200805,Puno,Sandia,Phara,GESTIONANDO OBRAS Y OPORTUNIDADES CON LIDERAZGO,254
200805,Puno,Sandia,Phara,FRENTE AMPLIO PARA EL DESARROLLO DEL PUEBLO,796
200805,Puno,Sandia,Phara,REFORMA Y HONRADEZ POR MAS OBRAS,802
200805,Puno,Sandia,Phara,MOVIMIENTO DE INTEGRACION Y REVOLUCION ANDINA,1241
200806,Puno,Sandia,Patambuco,FRENTE AMPLIO PARA EL DESARROLLO DEL PUEBLO,560
200806,Puno,Sandia,Patambuco,REFORMA Y HONRADEZ POR MAS OBRAS,1284
200806,Puno,Sandia,Patambuco,MOVIMIENTO DE INTEGRACION Y REVOLUCION ANDINA,692
200807,Puno,Sandia,Quiaca,MOVIMIENTO DE INTEGRACION Y REVOLUCION ANDINA,470
200807,Puno,Sandia,Quiaca,MORAL Y DESARROLLO,363
200807,Puno,Sandia,Quiaca,POR LAS COMUNIDADES FUENTE DE INTEGRACION ANDINA DE PUNO - CONFIA - PUNO,692
200808,Puno,Sandia,San Juan del Oro,PODER ANDINO,922
200808,Puno,Sandia,San Juan del Oro,GESTIONANDO OBRAS Y OPORTUNIDADES CON LIDERAZGO,49
200808,Puno,Sandia,San Juan del Oro,REFORMA Y HONRADEZ POR MAS OBRAS,1197
200808,Puno,Sandia,San Juan del Oro,POR LAS COMUNIDADES FUENTE DE INTEGRACION ANDINA DE PUNO - CONFIA - PUNO,80
200808,Puno,Sandia,San Juan del Oro,PARTIDO DEMOCRATICO SOMOS PERU,138
200810,Puno,Sandia,Yanahuaya,GESTIONANDO OBRAS Y OPORTUNIDADES CON LIDERAZGO,241
200810,Puno,Sandia,Yanahuaya,REFORMA Y HONRADEZ POR MAS OBRAS,732
200810,Puno,Sandia,Yanahuaya,MOVIMIENTO DE INTEGRACION Y REVOLUCION ANDINA,128
200810,Puno,Sandia,Yanahuaya,POR LAS COMUNIDADES FUENTE DE INTEGRACION ANDINA DE PUNO - CONFIA - PUNO,385
200811,Puno,Sandia,Alto Inambari,REFORMA Y HONRADEZ POR MAS OBRAS,1527
200811,Puno,Sandia,Alto Inambari,MOVIMIENTO DE INTEGRACION Y REVOLUCION ANDINA,54
200811,Puno,Sandia,Alto Inambari,POR LAS COMUNIDADES FUENTE DE INTEGRACION ANDINA DE PUNO - CONFIA - PUNO,1385
200811,Puno,Sandia,Alto Inambari,PARTIDO POLITICO NACIONAL PERU LIBRE,842
200812,Puno,Sandia,San Pedro de Putina Punco,PODER ANDINO,872
200812,Puno,Sandia,San Pedro de Putina Punco,GESTIONANDO OBRAS Y OPORTUNIDADES CON LIDERAZGO,306
200812,Puno,Sandia,San Pedro de Putina Punco,REFORMA Y HONRADEZ POR MAS OBRAS,1457
200812,Puno,Sandia,San Pedro de Putina Punco,POR LAS COMUNIDADES FUENTE DE INTEGRACION ANDINA DE PUNO - CONFIA - PUNO,2041
200902,Puno,San Román,Cabana,PODER ANDINO,135
200902,Puno,San Román,Cabana,FRENTE AMPLIO PARA EL DESARROLLO DEL PUEBLO,1042
200902,Puno,San Román,Cabana,REFORMA Y HONRADEZ POR MAS OBRAS,325
200902,Puno,San Román,Cabana,MOVIMIENTO DE INTEGRACION Y REVOLUCION ANDINA,134
200902,Puno,San Román,Cabana,MORAL Y DESARROLLO,283
200902,Puno,San Román,Cabana,POR LAS COMUNIDADES FUENTE DE INTEGRACION ANDINA DE PUNO - CONFIA - PUNO,112
200902,Puno,San Román,Cabana,SOMOS PUEBLO,20
200902,Puno,San Román,Cabana,PARTIDO FRENTE DE LA ESPERANZA 2021,90
200902,Puno,San Román,Cabana,PARTIDO POLITICO NACIONAL PERU LIBRE,952
200902,Puno,San Román,Cabana,PARTIDO DEMOCRATICO SOMOS PERU,103
200903,Puno,San Román,Cabanillas,PODER ANDINO,114
200903,Puno,San Román,Cabanillas,MOVIMIENTO ACCION REGIONAL,150
200903,Puno,San Román,Cabanillas,FRENTE AMPLIO PARA EL DESARROLLO DEL PUEBLO,267
200903,Puno,San Román,Cabanillas,REFORMA Y HONRADEZ POR MAS OBRAS,703
200903,Puno,San Román,Cabanillas,MOVIMIENTO DE INTEGRACION Y REVOLUCION ANDINA,238
200903,Puno,San Román,Cabanillas,MORAL Y DESARROLLO,474
200903,Puno,San Román,Cabanillas,POR LAS COMUNIDADES FUENTE DE INTEGRACION ANDINA DE PUNO - CONFIA - PUNO,491
200903,Puno,San Román,Cabanillas,PARTIDO FRENTE DE LA ESPERANZA 2021,320
200903,Puno,San Román,Cabanillas,PARTIDO POLITICO NACIONAL PERU LIBRE,184
200904,Puno,San Román,Caracoto,PODER ANDINO,1044
200904,Puno,San Román,Caracoto,FRENTE AMPLIO PARA EL DESARROLLO DEL PUEBLO,584
200904,Puno,San Román,Caracoto,REFORMA Y HONRADEZ POR MAS OBRAS,2043
200904,Puno,San Román,Caracoto,MOVIMIENTO DE INTEGRACION Y REVOLUCION ANDINA,1054
200904,Puno,San Román,Caracoto,MORAL Y DESARROLLO,949
200904,Puno,San Román,Caracoto,POR LAS COMUNIDADES FUENTE DE INTEGRACION ANDINA DE PUNO - CONFIA - PUNO,1418
200904,Puno,San Román,Caracoto,PARTIDO FRENTE DE LA ESPERANZA 2021,133
200905,Puno,San Román,San Miguel,PODER ANDINO,435
200905,Puno,San Román,San Miguel,MOVIMIENTO ACCION REGIONAL,324
200905,Puno,San Román,San Miguel,FRENTE AMPLIO PARA EL DESARROLLO DEL PUEBLO,3919
200905,Puno,San Román,San Miguel,REFORMA Y HONRADEZ POR MAS OBRAS,1166
200905,Puno,San Román,San Miguel,MOVIMIENTO DE INTEGRACION Y REVOLUCION ANDINA,2399
200905,Puno,San Román,San Miguel,MORAL Y DESARROLLO,1790
200905,Puno,San Román,San Miguel,POR LAS COMUNIDADES FUENTE DE INTEGRACION ANDINA DE PUNO - CONFIA - PUNO,2383
200905,Puno,San Román,San Miguel,SOMOS PUEBLO,1879
200905,Puno,San Román,San Miguel,PARTIDO FRENTE DE LA ESPERANZA 2021,762
200905,Puno,San Román,San Miguel,ACCION POPULAR,1431
200905,Puno,San Román,San Miguel,PODEMOS PERU,123
200905,Puno,San Román,San Miguel,ALIANZA PARA EL PROGRESO,240
200905,Puno,San Román,San Miguel,PARTIDO POLITICO NACIONAL PERU LIBRE,946
200905,Puno,San Román,San Miguel,PARTIDO DEMOCRATICO SOMOS PERU,211
201002,Puno,Yunguyo,Unicachi,FRENTE AMPLIO PARA EL DESARROLLO DEL PUEBLO,206
201002,Puno,Yunguyo,Unicachi,POR LAS COMUNIDADES FUENTE DE INTEGRACION ANDINA DE PUNO - CONFIA - PUNO,12
201002,Puno,Yunguyo,Unicachi,SOMOS PUEBLO,192
201002,Puno,Yunguyo,Unicachi,PARTIDO POLITICO NACIONAL PERU LIBRE,272
201003,Puno,Yunguyo,Anapia,REFORMA Y HONRADEZ POR MAS OBRAS,172
201003,Puno,Yunguyo,Anapia,MORAL Y DESARROLLO,295
201003,Puno,Yunguyo,Anapia,POR LAS COMUNIDADES FUENTE DE INTEGRACION ANDINA DE PUNO - CONFIA - PUNO,220
201003,Puno,Yunguyo,Anapia,PARTIDO POLITICO NACIONAL PERU LIBRE,13
201004,Puno,Yunguyo,Copani,GESTIONANDO OBRAS Y OPORTUNIDADES CON LIDERAZGO,18
201004,Puno,Yunguyo,Copani,FRENTE AMPLIO PARA EL DESARROLLO DEL PUEBLO,913
201004,Puno,Yunguyo,Copani,REFORMA Y HONRADEZ POR MAS OBRAS,657
201004,Puno,Yunguyo,Copani,MORAL Y DESARROLLO,173
201004,Puno,Yunguyo,Copani,POR LAS COMUNIDADES FUENTE DE INTEGRACION ANDINA DE PUNO - CONFIA - PUNO,772
201004,Puno,Yunguyo,Copani,ALIANZA PARA EL PROGRESO,199
201005,Puno,Yunguyo,Cuturapi,FRENTE AMPLIO PARA EL DESARROLLO DEL PUEBLO,426
201005,Puno,Yunguyo,Cuturapi,POR LAS COMUNIDADES FUENTE DE INTEGRACION ANDINA DE PUNO - CONFIA - PUNO,281
201006,Puno,Yunguyo,Ollaraya,FRENTE AMPLIO PARA EL DESARROLLO DEL PUEBLO,113
201006,Puno,Yunguyo,Ollaraya,REFORMA Y HONRADEZ POR MAS OBRAS,11
201006,Puno,Yunguyo,Ollaraya,MORAL Y DESARROLLO,497
201006,Puno,Yunguyo,Ollaraya,POR LAS COMUNIDADES FUENTE DE INTEGRACION ANDINA DE PUNO - CONFIA - PUNO,247
201006,Puno,Yunguyo,Ollaraya,PARTIDO POLITICO NACIONAL PERU LIBRE,566
201007,Puno,Yunguyo,Tinicachi,FRENTE AMPLIO PARA EL DESARROLLO DEL PUEBLO,59
201007,Puno,Yunguyo,Tinicachi,MORAL Y DESARROLLO,70
201007,Puno,Yunguyo,Tinicachi,POR LAS COMUNIDADES FUENTE DE INTEGRACION ANDINA DE PUNO - CONFIA - PUNO,141
201007,Puno,Yunguyo,Tinicachi,PARTIDO POLITICO NACIONAL PERU LIBRE,146
201102,Puno,San Antonio de Putina,Pedro Vilca Apaza,REFORMA Y HONRADEZ POR MAS OBRAS,254
201102,Puno,San Antonio de Putina,Pedro Vilca Apaza,MOVIMIENTO DE INTEGRACION Y REVOLUCION ANDINA,530
201102,Puno,San Antonio de Putina,Pedro Vilca Apaza,MORAL Y DESARROLLO,41
201102,Puno,San Antonio de Putina,Pedro Vilca Apaza,POR LAS COMUNIDADES FUENTE DE INTEGRACION ANDINA DE PUNO - CONFIA - PUNO,46
201102,Puno,San Antonio de Putina,Pedro Vilca Apaza,SOMOS PUEBLO,471
201102,Puno,San Antonio de Putina,Pedro Vilca Apaza,PARTIDO POLITICO NACIONAL PERU LIBRE,196
201103,Puno,San Antonio de Putina,Quilcapuncu,POR LAS COMUNIDADES FUENTE DE INTEGRACION ANDINA DE PUNO - CONFIA - PUNO,1717
201104,Puno,San Antonio de Putina,Ananea,FRENTE AMPLIO PARA EL DESARROLLO DEL PUEBLO,137
201104,Puno,San Antonio de Putina,Ananea,REFORMA Y HONRADEZ POR MAS OBRAS,1151
201104,Puno,San Antonio de Putina,Ananea,MOVIMIENTO DE INTEGRACION Y REVOLUCION ANDINA,783
201104,Puno,San Antonio de Putina,Ananea,MORAL Y DESARROLLO,576
201104,Puno,San Antonio de Putina,Ananea,POR LAS COMUNIDADES FUENTE DE INTEGRACION ANDINA DE PUNO - CONFIA - PUNO,266
201105,Puno,San Antonio de Putina,Sina,GESTIONANDO OBRAS Y OPORTUNIDADES CON LIDERAZGO,445
201105,Puno,San Antonio de Putina,Sina,FRENTE AMPLIO PARA EL DESARROLLO DEL PUEBLO,54
201105,Puno,San Antonio de Putina,Sina,MOVIMIENTO DE INTEGRACION Y REVOLUCION ANDINA,9
201105,Puno,San Antonio de Putina,Sina,POR LAS COMUNIDADES FUENTE DE INTEGRACION ANDINA DE PUNO - CONFIA - PUNO,214
201105,Puno,San Antonio de Putina,Sina,SOMOS PUEBLO,311
201202,Puno,El Collao,Pilcuyo,REFORMA Y HONRADEZ POR MAS OBRAS,2448
201202,Puno,El Collao,Pilcuyo,MOVIMIENTO DE INTEGRACION Y REVOLUCION ANDINA,80
201202,Puno,El Collao,Pilcuyo,MORAL Y DESARROLLO,1907
201202,Puno,El Collao,Pilcuyo,SOMOS PUEBLO,2541
201203,Puno,El Collao,Santa Rosa,GESTIONANDO OBRAS Y OPORTUNIDADES CON LIDERAZGO,660
201203,Puno,El Collao,Santa Rosa,REFORMA Y HONRADEZ POR MAS OBRAS,1052
201203,Puno,El Collao,Santa Rosa,SOMOS PUEBLO,457
201204,Puno,El Collao,Capazo,GESTIONANDO OBRAS Y OPORTUNIDADES CON LIDERAZGO,172
201204,Puno,El Collao,Capazo,FRENTE AMPLIO PARA EL DESARROLLO DEL PUEBLO,1
201204,Puno,El Collao,Capazo,REFORMA Y HONRADEZ POR MAS OBRAS,142
201204,Puno,El Collao,Capazo,MOVIMIENTO DE INTEGRACION Y REVOLUCION ANDINA,189
201205,Puno,El Collao,Conduriri,GESTIONANDO OBRAS Y OPORTUNIDADES CON LIDERAZGO,642
201205,Puno,El Collao,Conduriri,REFORMA Y HONRADEZ POR MAS OBRAS,651
201205,Puno,El Collao,Conduriri,MORAL Y DESARROLLO,256
201205,Puno,El Collao,Conduriri,SOMOS PUEBLO,393
201302,Puno,Moho,Conima,REFORMA Y HONRADEZ POR MAS OBRAS,498
201302,Puno,Moho,Conima,MORAL Y DESARROLLO,517
201302,Puno,Moho,Conima,POR LAS COMUNIDADES FUENTE DE INTEGRACION ANDINA DE PUNO - CONFIA - PUNO,490
201302,Puno,Moho,Conima,SOMOS PUEBLO,609
201303,Puno,Moho,Tilali,FRENTE AMPLIO PARA EL DESARROLLO DEL PUEBLO,92
201303,Puno,Moho,Tilali,REFORMA Y HONRADEZ POR MAS OBRAS,331
201303,Puno,Moho,Tilali,MOVIMIENTO DE INTEGRACION Y REVOLUCION ANDINA,71
201303,Puno,Moho,Tilali,MORAL Y DESARROLLO,644
201303,Puno,Moho,Tilali,POR LAS COMUNIDADES FUENTE DE INTEGRACION ANDINA DE PUNO - CONFIA - PUNO,589
201303,Puno,Moho,Tilali,SOMOS PUEBLO,191
201303,Puno,Moho,Tilali,PODEMOS PERU,49
201304,Puno,Moho,Huayrapata,REFORMA Y HONRADEZ POR MAS OBRAS,1122
201304,Puno,Moho,Huayrapata,MOVIMIENTO DE INTEGRACION Y REVOLUCION ANDINA,16
201304,Puno,Moho,Huayrapata,POR LAS COMUNIDADES FUENTE DE INTEGRACION ANDINA DE PUNO - CONFIA - PUNO,1290
210102,San Martín,Moyobamba,Calzada,ALIANZA PARA EL PROGRESO,1029
210102,San Martín,Moyobamba,Calzada,AVANZA PAIS - PARTIDO DE INTEGRACION SOCIAL,818
210102,San Martín,Moyobamba,Calzada,PARTIDO DEMOCRATICO SOMOS PERU,734
210103,San Martín,Moyobamba,Habana,ALIANZA PARA EL PROGRESO,494
210103,San Martín,Moyobamba,Habana,AVANZA PAIS - PARTIDO DE INTEGRACION SOCIAL,303
210103,San Martín,Moyobamba,Habana,PARTIDO DEMOCRATICO SOMOS PERU,778
210104,San Martín,Moyobamba,Jepelacio,UNION REGIONAL,2339
210104,San Martín,Moyobamba,Jepelacio,ACCION POPULAR,439
210104,San Martín,Moyobamba,Jepelacio,ALIANZA PARA EL PROGRESO,1583
210104,San Martín,Moyobamba,Jepelacio,AVANZA PAIS - PARTIDO DE INTEGRACION SOCIAL,1595
210104,San Martín,Moyobamba,Jepelacio,PARTIDO DEMOCRATICO SOMOS PERU,2136
210105,San Martín,Moyobamba,Soritor,UNION REGIONAL,3581
210105,San Martín,Moyobamba,Soritor,ACCION REGIONAL,182
210105,San Martín,Moyobamba,Soritor,JUNTOS POR EL PERU,109
210105,San Martín,Moyobamba,Soritor,AVANZA PAIS - PARTIDO DE INTEGRACION SOCIAL,5074
210105,San Martín,Moyobamba,Soritor,PARTIDO POLITICO NACIONAL PERU LIBRE,305
210105,San Martín,Moyobamba,Soritor,PARTIDO DEMOCRATICO SOMOS PERU,2486
210106,San Martín,Moyobamba,Yantalo,UNION REGIONAL,288
210106,San Martín,Moyobamba,Yantalo,FUERZA POPULAR,15
210106,San Martín,Moyobamba,Yantalo,ALIANZA PARA EL PROGRESO,620
210106,San Martín,Moyobamba,Yantalo,AVANZA PAIS - PARTIDO DE INTEGRACION SOCIAL,300
210106,San Martín,Moyobamba,Yantalo,PARTIDO DEMOCRATICO SOMOS PERU,871
210202,San Martín,Huallaga,Piscoyacu,UNION REGIONAL,26
210202,San Martín,Huallaga,Piscoyacu,ACCION POPULAR,108
210202,San Martín,Huallaga,Piscoyacu,ALIANZA PARA EL PROGRESO,961
210202,San Martín,Huallaga,Piscoyacu,AVANZA PAIS - PARTIDO DE INTEGRACION SOCIAL,959
210202,San Martín,Huallaga,Piscoyacu,PARTIDO DEMOCRATICO SOMOS PERU,383
210203,San Martín,Huallaga,Sacanche,UNION REGIONAL,57
210203,San Martín,Huallaga,Sacanche,ACCION POPULAR,479
210203,San Martín,Huallaga,Sacanche,ALIANZA PARA EL PROGRESO,687
210203,San Martín,Huallaga,Sacanche,AVANZA PAIS - PARTIDO DE INTEGRACION SOCIAL,518
210203,San Martín,Huallaga,Sacanche,PARTIDO DEMOCRATICO SOMOS PERU,125
210204,San Martín,Huallaga,Tingo de Saposoa,UNION REGIONAL,4
210204,San Martín,Huallaga,Tingo de Saposoa,ACCION POPULAR,62
210204,San Martín,Huallaga,Tingo de Saposoa,ALIANZA PARA EL PROGRESO,198
210204,San Martín,Huallaga,Tingo de Saposoa,AVANZA PAIS - PARTIDO DE INTEGRACION SOCIAL,208
210204,San Martín,Huallaga,Tingo de Saposoa,PARTIDO DEMOCRATICO SOMOS PERU,132
210205,San Martín,Huallaga,Alto Saposoa,UNION REGIONAL,10
210205,San Martín,Huallaga,Alto Saposoa,ACCION POPULAR,794
210205,San Martín,Huallaga,Alto Saposoa,AVANZA PAIS - PARTIDO DE INTEGRACION SOCIAL,458
210205,San Martín,Huallaga,Alto Saposoa,PARTIDO DEMOCRATICO SOMOS PERU,506
210206,San Martín,Huallaga,El Eslabón,ACCION POPULAR,333
210206,San Martín,Huallaga,El Eslabón,ALIANZA PARA EL PROGRESO,572
210206,San Martín,Huallaga,El Eslabón,AVANZA PAIS - PARTIDO DE INTEGRACION SOCIAL,481
210206,San Martín,Huallaga,El Eslabón,PARTIDO DEMOCRATICO SOMOS PERU,212
210303,San Martín,Lamas,Barranquita,ACCION REGIONAL,176
210303,San Martín,Lamas,Barranquita,JUNTOS POR EL PERU,376
210303,San Martín,Lamas,Barranquita,ACCION POPULAR,505
210303,San Martín,Lamas,Barranquita,PODEMOS PERU,15
210303,San Martín,Lamas,Barranquita,ALIANZA PARA EL PROGRESO,645
210303,San Martín,Lamas,Barranquita,AVANZA PAIS - PARTIDO DE INTEGRACION SOCIAL,905
210303,San Martín,Lamas,Barranquita,PARTIDO DEMOCRATICO SOMOS PERU,830
210304,San Martín,Lamas,Caynarachi,PODEMOS PERU,345
210304,San Martín,Lamas,Caynarachi,ALIANZA PARA EL PROGRESO,344
210304,San Martín,Lamas,Caynarachi,AVANZA PAIS - PARTIDO DE INTEGRACION SOCIAL,2561
210304,San Martín,Lamas,Caynarachi,PARTIDO DEMOCRATICO SOMOS PERU,1876
210305,San Martín,Lamas,Cuñumbuqui,UNION REGIONAL,43
210305,San Martín,Lamas,Cuñumbuqui,ALIANZA PARA EL PROGRESO,94
210305,San Martín,Lamas,Cuñumbuqui,AVANZA PAIS - PARTIDO DE INTEGRACION SOCIAL,1637
210305,San Martín,Lamas,Cuñumbuqui,PARTIDO DEMOCRATICO SOMOS PERU,1229
210306,San Martín,Lamas,Pinto Recodo,ALIANZA PARA EL PROGRESO,1141
210306,San Martín,Lamas,Pinto Recodo,AVANZA PAIS - PARTIDO DE INTEGRACION SOCIAL,1512
210306,San Martín,Lamas,Pinto Recodo,PARTIDO DEMOCRATICO SOMOS PERU,2078
210307,San Martín,Lamas,Rumisapa,ALIANZA PARA EL PROGRESO,762
210307,San Martín,Lamas,Rumisapa,AVANZA PAIS - PARTIDO DE INTEGRACION SOCIAL,1044
210307,San Martín,Lamas,Rumisapa,PARTIDO DEMOCRATICO SOMOS PERU,692
210311,San Martín,Lamas,Shanao,ACCION REGIONAL,398
210311,San Martín,Lamas,Shanao,ALIANZA PARA EL PROGRESO,749
210311,San Martín,Lamas,Shanao,AVANZA PAIS - PARTIDO DE INTEGRACION SOCIAL,812
210311,San Martín,Lamas,Shanao,PARTIDO DEMOCRATICO SOMOS PERU,78
210313,San Martín,Lamas,Tabalosos,UNION REGIONAL,182
210313,San Martín,Lamas,Tabalosos,PARTIDO FRENTE DE LA ESPERANZA 2021,24
210313,San Martín,Lamas,Tabalosos,RENOVACION POPULAR,469
210313,San Martín,Lamas,Tabalosos,ALIANZA PARA EL PROGRESO,2446
210313,San Martín,Lamas,Tabalosos,AVANZA PAIS - PARTIDO DE INTEGRACION SOCIAL,1502
210313,San Martín,Lamas,Tabalosos,PARTIDO POLITICO NACIONAL PERU LIBRE,8
210313,San Martín,Lamas,Tabalosos,PARTIDO DEMOCRATICO SOMOS PERU,2657
210314,San Martín,Lamas,Zapatero,ALIANZA PARA EL PROGRESO,1156
210314,San Martín,Lamas,Zapatero,AVANZA PAIS - PARTIDO DE INTEGRACION SOCIAL,375
210314,San Martín,Lamas,Zapatero,PARTIDO DEMOCRATICO SOMOS PERU,1952
210315,San Martín,Lamas,Alonso de Alvarado,ALIANZA PARA EL PROGRESO,3010
210315,San Martín,Lamas,Alonso de Alvarado,AVANZA PAIS - PARTIDO DE INTEGRACION SOCIAL,3423
210315,San Martín,Lamas,Alonso de Alvarado,PARTIDO DEMOCRATICO SOMOS PERU,905
210316,San Martín,Lamas,San Roque de Cumbaza,NUEVA AMAZONIA,46
210316,San Martín,Lamas,San Roque de Cumbaza,ACCION REGIONAL,27
210316,San Martín,Lamas,San Roque de Cumbaza,AVANZA PAIS - PARTIDO DE INTEGRACION SOCIAL,580
210316,San Martín,Lamas,San Roque de Cumbaza,PARTIDO DEMOCRATICO SOMOS PERU,370
210402,San Martín,Mariscal Cáceres,Campanilla,UNION REGIONAL,12
210402,San Martín,Mariscal Cáceres,Campanilla,ACCION POPULAR,1241
210402,San Martín,Mariscal Cáceres,Campanilla,PODEMOS PERU,1473
210402,San Martín,Mariscal Cáceres,Campanilla,ALIANZA PARA EL PROGRESO,137
210402,San Martín,Mariscal Cáceres,Campanilla,PARTIDO POLITICO NACIONAL PERU LIBRE,615
210402,San Martín,Mariscal Cáceres,Campanilla,PARTIDO DEMOCRATICO SOMOS PERU,2310
210403,San Martín,Mariscal Cáceres,Huicungo,UNION REGIONAL,53
210403,San Martín,Mariscal Cáceres,Huicungo,ACCION POPULAR,208
210403,San Martín,Mariscal Cáceres,Huicungo,PODEMOS PERU,1412
210403,San Martín,Mariscal Cáceres,Huicungo,ALIANZA PARA EL PROGRESO,1019
210403,San Martín,Mariscal Cáceres,Huicungo,AVANZA PAIS - PARTIDO DE INTEGRACION SOCIAL,675
210403,San Martín,Mariscal Cáceres,Huicungo,PARTIDO DEMOCRATICO SOMOS PERU,1087
210404,San Martín,Mariscal Cáceres,Pachiza,NUEVA AMAZONIA,9
210404,San Martín,Mariscal Cáceres,Pachiza,UNION REGIONAL,730
210404,San Martín,Mariscal Cáceres,Pachiza,ACCION REGIONAL,326
210404,San Martín,Mariscal Cáceres,Pachiza,ACCION POPULAR,54
210404,San Martín,Mariscal Cáceres,Pachiza,ALIANZA PARA EL PROGRESO,552
210404,San Martín,Mariscal Cáceres,Pachiza,PARTIDO DEMOCRATICO SOMOS PERU,1186
210405,San Martín,Mariscal Cáceres,Pajarillo,UNION REGIONAL,22
210405,San Martín,Mariscal Cáceres,Pajarillo,ACCION POPULAR,31
210405,San Martín,Mariscal Cáceres,Pajarillo,PODEMOS PERU,1167
210405,San Martín,Mariscal Cáceres,Pajarillo,ALIANZA PARA EL PROGRESO,956
210405,San Martín,Mariscal Cáceres,Pajarillo,PARTIDO DEMOCRATICO SOMOS PERU,1077
210502,San Martín,Rioja,Posic,ACCION POPULAR,513
210502,San Martín,Rioja,Posic,ALIANZA PARA EL PROGRESO,326
210502,San Martín,Rioja,Posic,AVANZA PAIS - PARTIDO DE INTEGRACION SOCIAL,381
210502,San Martín,Rioja,Posic,PARTIDO DEMOCRATICO SOMOS PERU,194
210503,San Martín,Rioja,Yorongos,UNION REGIONAL,491
210503,San Martín,Rioja,Yorongos,ACCION POPULAR,187
210503,San Martín,Rioja,Yorongos,ALIANZA PARA EL PROGRESO,309
210503,San Martín,Rioja,Yorongos,AVANZA PAIS - PARTIDO DE INTEGRACION SOCIAL,430
210503,San Martín,Rioja,Yorongos,PARTIDO POLITICO NACIONAL PERU LIBRE,77
210503,San Martín,Rioja,Yorongos,PARTIDO DEMOCRATICO SOMOS PERU,390
210504,San Martín,Rioja,Yuracyacu,NUEVA AMAZONIA,1003
210504,San Martín,Rioja,Yuracyacu,UNION REGIONAL,260
210504,San Martín,Rioja,Yuracyacu,ALIANZA PARA EL PROGRESO,50
210504,San Martín,Rioja,Yuracyacu,AVANZA PAIS - PARTIDO DE INTEGRACION SOCIAL,191
210504,San Martín,Rioja,Yuracyacu,PARTIDO POLITICO NACIONAL PERU LIBRE,184
210504,San Martín,Rioja,Yuracyacu,PARTIDO DEMOCRATICO SOMOS PERU,575
210505,San Martín,Rioja,Nueva Cajamarca,NUEVA AMAZONIA,732
210505,San Martín,Rioja,Nueva Cajamarca,ACCION REGIONAL,278
210505,San Martín,Rioja,Nueva Cajamarca,PARTIDO FRENTE DE LA ESPERANZA 2021,1016
210505,San Martín,Rioja,Nueva Cajamarca,JUNTOS POR EL PERU,326
210505,San Martín,Rioja,Nueva Cajamarca,ACCION POPULAR,5258
210505,San Martín,Rioja,Nueva Cajamarca,PODEMOS PERU,747
210505,San Martín,Rioja,Nueva Cajamarca,ALIANZA PARA EL PROGRESO,4756
210505,San Martín,Rioja,Nueva Cajamarca,AVANZA PAIS - PARTIDO DE INTEGRACION SOCIAL,4366
210505,San Martín,Rioja,Nueva Cajamarca,PARTIDO MORADO,380
210505,San Martín,Rioja,Nueva Cajamarca,PARTIDO POLITICO NACIONAL PERU LIBRE,1518
210505,San Martín,Rioja,Nueva Cajamarca,PARTIDO DEMOCRATICO SOMOS PERU,2775
210506,San Martín,Rioja,Elías Soplín Vargas,UNION REGIONAL,235
210506,San Martín,Rioja,Elías Soplín Vargas,ALIANZA PARA EL PROGRESO,2162
210506,San Martín,Rioja,Elías Soplín Vargas,AVANZA PAIS - PARTIDO DE INTEGRACION SOCIAL,6702
210507,San Martín,Rioja,San Fernando,NUEVA AMAZONIA,280
210507,San Martín,Rioja,San Fernando,ACCION POPULAR,230
210507,San Martín,Rioja,San Fernando,ALIANZA PARA EL PROGRESO,374
210507,San Martín,Rioja,San Fernando,AVANZA PAIS - PARTIDO DE INTEGRACION SOCIAL,423
210507,San Martín,Rioja,San Fernando,PARTIDO POLITICO NACIONAL PERU LIBRE,40
210507,San Martín,Rioja,San Fernando,PARTIDO DEMOCRATICO SOMOS PERU,578
210508,San Martín,Rioja,Pardo Miguel,NUEVA AMAZONIA,116
210508,San Martín,Rioja,Pardo Miguel,JUNTOS POR EL PERU,548
210508,San Martín,Rioja,Pardo Miguel,ACCION POPULAR,2570
210508,San Martín,Rioja,Pardo Miguel,PODEMOS PERU,85
210508,San Martín,Rioja,Pardo Miguel,ALIANZA PARA EL PROGRESO,3334
210508,San Martín,Rioja,Pardo Miguel,AVANZA PAIS - PARTIDO DE INTEGRACION SOCIAL,1119
210508,San Martín,Rioja,Pardo Miguel,PARTIDO DEMOCRATICO SOMOS PERU,1234
210509,San Martín,Rioja,Awajun,UNION REGIONAL,275
210509,San Martín,Rioja,Awajun,ALIANZA PARA EL PROGRESO,2087
210509,San Martín,Rioja,Awajun,AVANZA PAIS - PARTIDO DE INTEGRACION SOCIAL,1659
210509,San Martín,Rioja,Awajun,PARTIDO DEMOCRATICO SOMOS PERU,1012
210602,San Martín,San Martín,Alberto Leveau,UNION REGIONAL,362
210602,San Martín,San Martín,Alberto Leveau,ACCION POPULAR,39
210602,San Martín,San Martín,Alberto Leveau,ALIANZA PARA EL PROGRESO,66
210602,San Martín,San Martín,Alberto Leveau,PARTIDO DEMOCRATICO SOMOS PERU,548
210604,San Martín,San Martín,Cacatachi,ALIANZA PARA EL PROGRESO,570
210604,San Martín,San Martín,Cacatachi,AVANZA PAIS - PARTIDO DE INTEGRACION SOCIAL,238
210604,San Martín,San Martín,Cacatachi,PARTIDO DEMOCRATICO SOMOS PERU,1379
210606,San Martín,San Martín,Chazuta,ALIANZA PARA EL PROGRESO,2588
210606,San Martín,San Martín,Chazuta,AVANZA PAIS - PARTIDO DE INTEGRACION SOCIAL,1006
210606,San Martín,San Martín,Chazuta,PARTIDO DEMOCRATICO SOMOS PERU,1981
210607,San Martín,San Martín,Chipurana,ACCION REGIONAL,302
210607,San Martín,San Martín,Chipurana,ACCION POPULAR,87
210607,San Martín,San Martín,Chipurana,PODEMOS PERU,74
210607,San Martín,San Martín,Chipurana,RENOVACION POPULAR,35
210607,San Martín,San Martín,Chipurana,AVANZA PAIS - PARTIDO DE INTEGRACION SOCIAL,542
210607,San Martín,San Martín,Chipurana,PARTIDO DEMOCRATICO SOMOS PERU,287
210608,San Martín,San Martín,El Porvenir,UNION REGIONAL,50
210608,San Martín,San Martín,El Porvenir,ACCION POPULAR,734
210608,San Martín,San Martín,El Porvenir,PODEMOS PERU,120
210608,San Martín,San Martín,El Porvenir,ALIANZA PARA EL PROGRESO,126
210608,San Martín,San Martín,El Porvenir,AVANZA PAIS - PARTIDO DE INTEGRACION SOCIAL,526
210608,San Martín,San Martín,El Porvenir,PARTIDO DEMOCRATICO SOMOS PERU,386
210609,San Martín,San Martín,Huimbayoc,UNION REGIONAL,8
210609,San Martín,San Martín,Huimbayoc,ACCION POPULAR,162
210609,San Martín,San Martín,Huimbayoc,PODEMOS PERU,269
210609,San Martín,San Martín,Huimbayoc,ALIANZA PARA EL PROGRESO,796
210609,San Martín,San Martín,Huimbayoc,AVANZA PAIS - PARTIDO DE INTEGRACION SOCIAL,520
210609,San Martín,San Martín,Huimbayoc,PARTIDO DEMOCRATICO SOMOS PERU,691
210610,San Martín,San Martín,Juan Guerra,UNION REGIONAL,76
210610,San Martín,San Martín,Juan Guerra,ACCION POPULAR,541
210610,San Martín,San Martín,Juan Guerra,ALIANZA PARA EL PROGRESO,462
210610,San Martín,San Martín,Juan Guerra,AVANZA PAIS - PARTIDO DE INTEGRACION SOCIAL,620
210610,San Martín,San Martín,Juan Guerra,PARTIDO DEMOCRATICO SOMOS PERU,882
210611,San Martín,San Martín,Morales,NUEVA AMAZONIA,895
210611,San Martín,San Martín,Morales,UNION REGIONAL,866
210611,San Martín,San Martín,Morales,ACCION REGIONAL,1437
210611,San Martín,San Martín,Morales,ACCION POPULAR,1158
210611,San Martín,San Martín,Morales,PODEMOS PERU,231
210611,San Martín,San Martín,Morales,RENOVACION POPULAR,579
210611,San Martín,San Martín,Morales,ALIANZA PARA EL PROGRESO,2407
210611,San Martín,San Martín,Morales,AVANZA PAIS - PARTIDO DE INTEGRACION SOCIAL,2259
210611,San Martín,San Martín,Morales,PARTIDO MORADO,268
210611,San Martín,San Martín,Morales,PARTIDO DEMOCRATICO SOMOS PERU,4913
210612,San Martín,San Martín,Papaplaya,ACCION POPULAR,46
210612,San Martín,San Martín,Papaplaya,ALIANZA PARA EL PROGRESO,74
210612,San Martín,San Martín,Papaplaya,AVANZA PAIS - PARTIDO DE INTEGRACION SOCIAL,790
210612,San Martín,San Martín,Papaplaya,PARTIDO DEMOCRATICO SOMOS PERU,521
210616,San Martín,San Martín,San Antonio,ALIANZA PARA EL PROGRESO,503
210616,San Martín,San Martín,San Antonio,AVANZA PAIS - PARTIDO DE INTEGRACION SOCIAL,560
210616,San Martín,San Martín,San Antonio,PARTIDO DEMOCRATICO SOMOS PERU,261
210619,San Martín,San Martín,Sauce,UNION REGIONAL,220
210619,San Martín,San Martín,Sauce,ACCION POPULAR,1147
210619,San Martín,San Martín,Sauce,ALIANZA PARA EL PROGRESO,880
210619,San Martín,San Martín,Sauce,AVANZA PAIS - PARTIDO DE INTEGRACION SOCIAL,833
210619,San Martín,San Martín,Sauce,PARTIDO DEMOCRATICO SOMOS PERU,839
210620,San Martín,San Martín,Shapaja,UNION REGIONAL,202
210620,San Martín,San Martín,Shapaja,JUNTOS POR EL PERU,352
210620,San Martín,San Martín,Shapaja,ACCION POPULAR,205
210620,San Martín,San Martín,Shapaja,AVANZA PAIS - PARTIDO DE INTEGRACION SOCIAL,51
210620,San Martín,San Martín,Shapaja,PARTIDO DEMOCRATICO SOMOS PERU,537
210621,San Martín,San Martín,La Banda de Shilcayo,NUEVA AMAZONIA,696
210621,San Martín,San Martín,La Banda de Shilcayo,UNION REGIONAL,390
210621,San Martín,San Martín,La Banda de Shilcayo,ACCION REGIONAL,1071
210621,San Martín,San Martín,La Banda de Shilcayo,PARTIDO FRENTE DE LA ESPERANZA 2021,152
210621,San Martín,San Martín,La Banda de Shilcayo,ACCION POPULAR,2921
210621,San Martín,San Martín,La Banda de Shilcayo,RENOVACION POPULAR,2554
210621,San Martín,San Martín,La Banda de Shilcayo,ALIANZA PARA EL PROGRESO,2747
210621,San Martín,San Martín,La Banda de Shilcayo,AVANZA PAIS - PARTIDO DE INTEGRACION SOCIAL,3325
210621,San Martín,San Martín,La Banda de Shilcayo,PARTIDO DEMOCRATICO SOMOS PERU,5753
210702,San Martín,Bellavista,San Rafael,UNION REGIONAL,672
210702,San Martín,Bellavista,San Rafael,RENOVACION POPULAR,429
210702,San Martín,Bellavista,San Rafael,ALIANZA PARA EL PROGRESO,582
210702,San Martín,Bellavista,San Rafael,AVANZA PAIS - PARTIDO DE INTEGRACION SOCIAL,486
210702,San Martín,Bellavista,San Rafael,PARTIDO DEMOCRATICO SOMOS PERU,1063
210703,San Martín,Bellavista,San Pablo,UNION REGIONAL,1646
210703,San Martín,Bellavista,San Pablo,ACCION REGIONAL,213
210703,San Martín,Bellavista,San Pablo,ALIANZA PARA EL PROGRESO,1240
210703,San Martín,Bellavista,San Pablo,AVANZA PAIS - PARTIDO DE INTEGRACION SOCIAL,811
210703,San Martín,Bellavista,San Pablo,PARTIDO DEMOCRATICO SOMOS PERU,1410
210704,San Martín,Bellavista,Alto Biavo,NUEVA AMAZONIA,346
210704,San Martín,Bellavista,Alto Biavo,UNION REGIONAL,481
210704,San Martín,Bellavista,Alto Biavo,RENOVACION POPULAR,252
210704,San Martín,Bellavista,Alto Biavo,ALIANZA PARA EL PROGRESO,1028
210704,San Martín,Bellavista,Alto Biavo,AVANZA PAIS - PARTIDO DE INTEGRACION SOCIAL,223
210704,San Martín,Bellavista,Alto Biavo,PARTIDO POLITICO NACIONAL PERU LIBRE,515
210704,San Martín,Bellavista,Alto Biavo,PARTIDO DEMOCRATICO SOMOS PERU,840
210705,San Martín,Bellavista,Huallaga,UNION REGIONAL,286
210705,San Martín,Bellavista,Huallaga,RENOVACION POPULAR,203
210705,San Martín,Bellavista,Huallaga,ALIANZA PARA EL PROGRESO,360
210705,San Martín,Bellavista,Huallaga,AVANZA PAIS - PARTIDO DE INTEGRACION SOCIAL,370
210705,San Martín,Bellavista,Huallaga,PARTIDO DEMOCRATICO SOMOS PERU,233
210706,San Martín,Bellavista,Bajo Biavo,UNION REGIONAL,1001
210706,San Martín,Bellavista,Bajo Biavo,ALIANZA PARA EL PROGRESO,1004
210706,San Martín,Bellavista,Bajo Biavo,AVANZA PAIS - PARTIDO DE INTEGRACION SOCIAL,2411
210706,San Martín,Bellavista,Bajo Biavo,PARTIDO DEMOCRATICO SOMOS PERU,1876
210802,San Martín,Tocache,Nuevo Progreso,NUEVA AMAZONIA,1279
210802,San Martín,Tocache,Nuevo Progreso,UNION REGIONAL,399
210802,San Martín,Tocache,Nuevo Progreso,ACCION REGIONAL,283
210802,San Martín,Tocache,Nuevo Progreso,JUNTOS POR EL PERU,482
210802,San Martín,Tocache,Nuevo Progreso,ACCION POPULAR,175
210802,San Martín,Tocache,Nuevo Progreso,PODEMOS PERU,188
210802,San Martín,Tocache,Nuevo Progreso,RENOVACION POPULAR,329
210802,San Martín,Tocache,Nuevo Progreso,ALIANZA PARA EL PROGRESO,1253
210802,San Martín,Tocache,Nuevo Progreso,AVANZA PAIS - PARTIDO DE INTEGRACION SOCIAL,596
210802,San Martín,Tocache,Nuevo Progreso,PARTIDO MORADO,13
210802,San Martín,Tocache,Nuevo Progreso,PARTIDO POLITICO NACIONAL PERU LIBRE,41
210802,San Martín,Tocache,Nuevo Progreso,PARTIDO DEMOCRATICO SOMOS PERU,477
210803,San Martín,Tocache,Pólvora,UNION REGIONAL,330
210803,San Martín,Tocache,Pólvora,ACCION REGIONAL,559
210803,San Martín,Tocache,Pólvora,ACCION POPULAR,521
210803,San Martín,Tocache,Pólvora,PODEMOS PERU,571
210803,San Martín,Tocache,Pólvora,RENOVACION POPULAR,38
210803,San Martín,Tocache,Pólvora,ALIANZA PARA EL PROGRESO,1317
210803,San Martín,Tocache,Pólvora,AVANZA PAIS - PARTIDO DE INTEGRACION SOCIAL,1431
210803,San Martín,Tocache,Pólvora,PARTIDO POLITICO NACIONAL PERU LIBRE,69
210803,San Martín,Tocache,Pólvora,PARTIDO DEMOCRATICO SOMOS PERU,261
210804,San Martín,Tocache,Shunte,UNION REGIONAL,256
210804,San Martín,Tocache,Shunte,ACCION POPULAR,61
210804,San Martín,Tocache,Shunte,RENOVACION POPULAR,3
210804,San Martín,Tocache,Shunte,ALIANZA PARA EL PROGRESO,921
210804,San Martín,Tocache,Shunte,AVANZA PAIS - PARTIDO DE INTEGRACION SOCIAL,235
210804,San Martín,Tocache,Shunte,PARTIDO DEMOCRATICO SOMOS PERU,404
210805,San Martín,Tocache,Uchiza,UNION REGIONAL,2726
210805,San Martín,Tocache,Uchiza,JUNTOS POR EL PERU,18
210805,San Martín,Tocache,Uchiza,ACCION POPULAR,992
210805,San Martín,Tocache,Uchiza,PODEMOS PERU,669
210805,San Martín,Tocache,Uchiza,RENOVACION POPULAR,22
210805,San Martín,Tocache,Uchiza,ALIANZA PARA EL PROGRESO,2758
210805,San Martín,Tocache,Uchiza,PARTIDO POLITICO NACIONAL PERU LIBRE,195
210805,San Martín,Tocache,Uchiza,PARTIDO DEMOCRATICO SOMOS PERU,692
210806,San Martín,Tocache,Santa Lucia,NUEVA AMAZONIA,441
210806,San Martín,Tocache,Santa Lucia,UNION REGIONAL,310
210806,San Martín,Tocache,Santa Lucia,ACCION POPULAR,535
210806,San Martín,Tocache,Santa Lucia,RENOVACION POPULAR,4
210806,San Martín,Tocache,Santa Lucia,PARTIDO POLITICO NACIONAL PERU LIBRE,20
210806,San Martín,Tocache,Santa Lucia,PARTIDO DEMOCRATICO SOMOS PERU,131
210902,San Martín,Picota,Buenos Aires,UNION REGIONAL,96
210902,San Martín,Picota,Buenos Aires,ALIANZA PARA EL PROGRESO,1016
210902,San Martín,Picota,Buenos Aires,AVANZA PAIS - PARTIDO DE INTEGRACION SOCIAL,980
210902,San Martín,Picota,Buenos Aires,PARTIDO DEMOCRATICO SOMOS PERU,169
210903,San Martín,Picota,Caspisapa,ALIANZA PARA EL PROGRESO,860
210903,San Martín,Picota,Caspisapa,AVANZA PAIS - PARTIDO DE INTEGRACION SOCIAL,330
210903,San Martín,Picota,Caspisapa,PARTIDO DEMOCRATICO SOMOS PERU,321
210904,San Martín,Picota,Pilluana,ALIANZA PARA EL PROGRESO,472
210904,San Martín,Picota,Pilluana,PARTIDO DEMOCRATICO SOMOS PERU,228
210905,San Martín,Picota,Pucacaca,NUEVA AMAZONIA,764
210905,San Martín,Picota,Pucacaca,UNION REGIONAL,86
210905,San Martín,Picota,Pucacaca,ACCION POPULAR,597
210905,San Martín,Picota,Pucacaca,RENOVACION POPULAR,276
210905,San Martín,Picota,Pucacaca,PARTIDO DEMOCRATICO SOMOS PERU,196
210906,San Martín,Picota,San Cristóbal,AVANZA PAIS - PARTIDO DE INTEGRACION SOCIAL,356
210906,San Martín,Picota,San Cristóbal,PARTIDO DEMOCRATICO SOMOS PERU,512
210907,San Martín,Picota,San Hilarión,UNION REGIONAL,636
210907,San Martín,Picota,San Hilarión,ACCION POPULAR,179
210907,San Martín,Picota,San Hilarión,ALIANZA PARA EL PROGRESO,494
210907,San Martín,Picota,San Hilarión,AVANZA PAIS - PARTIDO DE INTEGRACION SOCIAL,533
210907,San Martín,Picota,San Hilarión,PARTIDO DEMOCRATICO SOMOS PERU,534
210908,San Martín,Picota,Tingo de Ponasa,UNION REGIONAL,511
210908,San Martín,Picota,Tingo de Ponasa,ACCION POPULAR,547
210908,San Martín,Picota,Tingo de Ponasa,AVANZA PAIS - PARTIDO DE INTEGRACION SOCIAL,1132
210908,San Martín,Picota,Tingo de Ponasa,PARTIDO DEMOCRATICO SOMOS PERU,413
210909,San Martín,Picota,Tres Unidos,ACCION POPULAR,789
210909,San Martín,Picota,Tres Unidos,AVANZA PAIS - PARTIDO DE INTEGRACION SOCIAL,1024
210909,San Martín,Picota,Tres Unidos,PARTIDO DEMOCRATICO SOMOS PERU,1036
210910,San Martín,Picota,Shamboyacu,ACCION POPULAR,84
210910,San Martín,Picota,Shamboyacu,RENOVACION POPULAR,9
210910,San Martín,Picota,Shamboyacu,ALIANZA PARA EL PROGRESO,199
210910,San Martín,Picota,Shamboyacu,AVANZA PAIS - PARTIDO DE INTEGRACION SOCIAL,2296
210910,San Martín,Picota,Shamboyacu,PARTIDO DEMOCRATICO SOMOS PERU,1975
211002,San Martín,El Dorado,Agua Blanca,UNION REGIONAL,224
211002,San Martín,El Dorado,Agua Blanca,ACCION POPULAR,668
211002,San Martín,El Dorado,Agua Blanca,ALIANZA PARA EL PROGRESO,19
211002,San Martín,El Dorado,Agua Blanca,AVANZA PAIS - PARTIDO DE INTEGRACION SOCIAL,687
211002,San Martín,El Dorado,Agua Blanca,PARTIDO DEMOCRATICO SOMOS PERU,6
211003,San Martín,El Dorado,Shatoja,ACCION POPULAR,367
211003,San Martín,El Dorado,Shatoja,ALIANZA PARA EL PROGRESO,602
211003,San Martín,El Dorado,Shatoja,AVANZA PAIS - PARTIDO DE INTEGRACION SOCIAL,199
211003,San Martín,El Dorado,Shatoja,PARTIDO DEMOCRATICO SOMOS PERU,695
211004,San Martín,El Dorado,San Martín,UNION REGIONAL,362
211004,San Martín,El Dorado,San Martín,ACCION POPULAR,2691
211004,San Martín,El Dorado,San Martín,AVANZA PAIS - PARTIDO DE INTEGRACION SOCIAL,849
211004,San Martín,El Dorado,San Martín,PARTIDO DEMOCRATICO SOMOS PERU,1365
211005,San Martín,El Dorado,Santa Rosa,UNION REGIONAL,380
211005,San Martín,El Dorado,Santa Rosa,ACCION POPULAR,1468
211005,San Martín,El Dorado,Santa Rosa,PODEMOS PERU,438
211005,San Martín,El Dorado,Santa Rosa,ALIANZA PARA EL PROGRESO,173
211005,San Martín,El Dorado,Santa Rosa,AVANZA PAIS - PARTIDO DE INTEGRACION SOCIAL,1334
211005,San Martín,El Dorado,Santa Rosa,PARTIDO DEMOCRATICO SOMOS PERU,297
220102,Tacna,Tacna,Calana,FRENTE ESPERANZA POR TACNA,1160
220102,Tacna,Tacna,Calana,MOVIMIENTO INDEPENDIENTE REGIONAL FUERZA TACNA,735
220102,Tacna,Tacna,Calana,SIEMPRE TACNA,610
220102,Tacna,Tacna,Calana,PODEMOS PERU,62
220102,Tacna,Tacna,Calana,PARTIDO DEMOCRATICO SOMOS PERU,329
220104,Tacna,Tacna,Inclán,MOVIMIENTO INDEPENDIENTE REGIONAL FUERZA TACNA,579
220104,Tacna,Tacna,Inclán,RENOVACION POPULAR,935
220107,Tacna,Tacna,Pachia,FRENTE ESPERANZA POR TACNA,873
220107,Tacna,Tacna,Pachia,MOVIMIENTO INDEPENDIENTE REGIONAL FUERZA TACNA,227
220107,Tacna,Tacna,Pachia,SIEMPRE TACNA,570
220107,Tacna,Tacna,Pachia,ACCION POPULAR,251
220107,Tacna,Tacna,Pachia,PODEMOS PERU,25
220108,Tacna,Tacna,Palca,FRENTE ESPERANZA POR TACNA,304
220108,Tacna,Tacna,Palca,MOVIMIENTO INDEPENDIENTE REGIONAL FUERZA TACNA,359
220108,Tacna,Tacna,Palca,JUNTOS POR TACNA,327
220108,Tacna,Tacna,Palca,ALIANZA PARA EL PROGRESO,206
220109,Tacna,Tacna,Pocollay,MOVIMIENTO REGIONAL VIVA TACNA,446
220109,Tacna,Tacna,Pocollay,BANDERAS TACNEÑISTAS,2420
220109,Tacna,Tacna,Pocollay,MOVIMIENTO INDEPENDIENTE REGIONAL FUERZA TACNA,1872
220109,Tacna,Tacna,Pocollay,JUNTOS POR TACNA,1024
220109,Tacna,Tacna,Pocollay,SIEMPRE TACNA,2513
220109,Tacna,Tacna,Pocollay,ACCION POPULAR,139
220109,Tacna,Tacna,Pocollay,AVANZA PAIS - PARTIDO DE INTEGRACION SOCIAL,1305
220109,Tacna,Tacna,Pocollay,PARTIDO POLITICO NACIONAL PERU LIBRE,286
220109,Tacna,Tacna,Pocollay,PARTIDO DEMOCRATICO SOMOS PERU,130
220110,Tacna,Tacna,Sama,NUEVA ESPERANZA,90
220110,Tacna,Tacna,Sama,BANDERAS TACNEÑISTAS,253
220110,Tacna,Tacna,Sama,FRENTE ESPERANZA POR TACNA,324
220110,Tacna,Tacna,Sama,MOVIMIENTO INDEPENDIENTE REGIONAL FUERZA TACNA,104
220110,Tacna,Tacna,Sama,JUNTOS POR TACNA,620
220110,Tacna,Tacna,Sama,PARTIDO FRENTE DE LA ESPERANZA 2021,69
220110,Tacna,Tacna,Sama,PODEMOS PERU,70
220110,Tacna,Tacna,Sama,ALIANZA PARA EL PROGRESO,188
220110,Tacna,Tacna,Sama,AVANZA PAIS - PARTIDO DE INTEGRACION SOCIAL,49
220110,Tacna,Tacna,Sama,PARTIDO DEMOCRATICO SOMOS PERU,66
220111,Tacna,Tacna,Alto de la Alianza,NUEVA ESPERANZA,2093
220111,Tacna,Tacna,Alto de la Alianza,MOVIMIENTO REGIONAL VIVA TACNA,3260
220111,Tacna,Tacna,Alto de la Alianza,BANDERAS TACNEÑISTAS,3214
220111,Tacna,Tacna,Alto de la Alianza,MOVIMIENTO INDEPENDIENTE REGIONAL FUERZA TACNA,1249
220111,Tacna,Tacna,Alto de la Alianza,JUNTOS POR TACNA,5271
220111,Tacna,Tacna,Alto de la Alianza,SIEMPRE TACNA,2197
220111,Tacna,Tacna,Alto de la Alianza,PARTIDO FRENTE DE LA ESPERANZA 2021,498
220111,Tacna,Tacna,Alto de la Alianza,ACCION POPULAR,442
220111,Tacna,Tacna,Alto de la Alianza,AVANZA PAIS - PARTIDO DE INTEGRACION SOCIAL,629
220111,Tacna,Tacna,Alto de la Alianza,PARTIDO POLITICO NACIONAL PERU LIBRE,452
220111,Tacna,Tacna,Alto de la Alianza,PARTIDO DEMOCRATICO SOMOS PERU,446
220112,Tacna,Tacna,Ciudad Nueva,BANDERAS TACNEÑISTAS,3848
220112,Tacna,Tacna,Ciudad Nueva,IGUALDAD NACIONAL CRISTIANA AUTONOMA - INCA,744
220112,Tacna,Tacna,Ciudad Nueva,FRENTE ESPERANZA POR TACNA,2860
220112,Tacna,Tacna,Ciudad Nueva,MOVIMIENTO INDEPENDIENTE REGIONAL FUERZA TACNA,3564
220112,Tacna,Tacna,Ciudad Nueva,SIEMPRE TACNA,2737
220112,Tacna,Tacna,Ciudad Nueva,PARTIDO FRENTE DE LA ESPERANZA 2021,640
220112,Tacna,Tacna,Ciudad Nueva,ACCION POPULAR,706
220112,Tacna,Tacna,Ciudad Nueva,PODEMOS PERU,4637
220112,Tacna,Tacna,Ciudad Nueva,RENOVACION POPULAR,239
220112,Tacna,Tacna,Ciudad Nueva,ALIANZA PARA EL PROGRESO,553
220112,Tacna,Tacna,Ciudad Nueva,PARTIDO DEMOCRATICO SOMOS PERU,326
220113,Tacna,Tacna,Coronel Gregorio Albarracín Lanchipa,SI SE PUEDE,5102
220113,Tacna,Tacna,Coronel Gregorio Albarracín Lanchipa,NUEVA ESPERANZA,2293
220113,Tacna,Tacna,Coronel Gregorio Albarracín Lanchipa,FRENTE ESPERANZA POR TACNA,18398
220113,Tacna,Tacna,Coronel Gregorio Albarracín Lanchipa,MOVIMIENTO INDEPENDIENTE REGIONAL FUERZA TACNA,7598
220113,Tacna,Tacna,Coronel Gregorio Albarracín Lanchipa,JUNTOS POR TACNA,5694
220113,Tacna,Tacna,Coronel Gregorio Albarracín Lanchipa,SIEMPRE TACNA,8054
220113,Tacna,Tacna,Coronel Gregorio Albarracín Lanchipa,PARTIDO FRENTE DE LA ESPERANZA 2021,768
220113,Tacna,Tacna,Coronel Gregorio Albarracín Lanchipa,PODEMOS PERU,938
220113,Tacna,Tacna,Coronel Gregorio Albarracín Lanchipa,ALIANZA PARA EL PROGRESO,397
220113,Tacna,Tacna,Coronel Gregorio Albarracín Lanchipa,PARTIDO POLITICO NACIONAL PERU LIBRE,1714
220113,Tacna,Tacna,Coronel Gregorio Albarracín Lanchipa,PARTIDO DEMOCRATICO SOMOS PERU,1624
220114,Tacna,Tacna,La Yarada Los Palos,NUEVA ESPERANZA,151
220114,Tacna,Tacna,La Yarada Los Palos,FRENTE ESPERANZA POR TACNA,870
220114,Tacna,Tacna,La Yarada Los Palos,MOVIMIENTO INDEPENDIENTE REGIONAL FUERZA TACNA,240
220114,Tacna,Tacna,La Yarada Los Palos,SIEMPRE TACNA,568
220114,Tacna,Tacna,La Yarada Los Palos,PARTIDO FRENTE DE LA ESPERANZA 2021,7
220114,Tacna,Tacna,La Yarada Los Palos,ACCION POPULAR,1149
220114,Tacna,Tacna,La Yarada Los Palos,RENOVACION POPULAR,64
220114,Tacna,Tacna,La Yarada Los Palos,AVANZA PAIS - PARTIDO DE INTEGRACION SOCIAL,1213
220114,Tacna,Tacna,La Yarada Los Palos,PARTIDO POLITICO NACIONAL PERU LIBRE,91
220205,Tacna,Tarata,Héroes Albarracín,NUEVA ESPERANZA,99
220205,Tacna,Tarata,Héroes Albarracín,FRENTE ESPERANZA POR TACNA,213
220205,Tacna,Tarata,Héroes Albarracín,MOVIMIENTO INDEPENDIENTE REGIONAL FUERZA TACNA,95
220205,Tacna,Tarata,Héroes Albarracín,SIEMPRE TACNA,84
220205,Tacna,Tarata,Héroes Albarracín,ACCION POPULAR,202
220206,Tacna,Tarata,Estique,FRENTE ESPERANZA POR TACNA,265
220206,Tacna,Tarata,Estique,SIEMPRE TACNA,152
220207,Tacna,Tarata,Estique Pampa,FRENTE ESPERANZA POR TACNA,36
220207,Tacna,Tarata,Estique Pampa,MOVIMIENTO INDEPENDIENTE REGIONAL FUERZA TACNA,118
220207,Tacna,Tarata,Estique Pampa,SIEMPRE TACNA,132
220207,Tacna,Tarata,Estique Pampa,PARTIDO POLITICO NACIONAL PERU LIBRE,108
220207,Tacna,Tarata,Estique Pampa,PARTIDO DEMOCRATICO SOMOS PERU,11
220210,Tacna,Tarata,Sitajara,FRENTE ESPERANZA POR TACNA,229
220210,Tacna,Tarata,Sitajara,MOVIMIENTO INDEPENDIENTE REGIONAL FUERZA TACNA,84
220210,Tacna,Tarata,Sitajara,PARTIDO POLITICO NACIONAL PERU LIBRE,89
220211,Tacna,Tarata,Susapaya,FRENTE ESPERANZA POR TACNA,127
220211,Tacna,Tarata,Susapaya,MOVIMIENTO INDEPENDIENTE REGIONAL FUERZA TACNA,190
220211,Tacna,Tarata,Susapaya,SIEMPRE TACNA,228
220212,Tacna,Tarata,Tarucachi,FRENTE ESPERANZA POR TACNA,216
220212,Tacna,Tarata,Tarucachi,MOVIMIENTO INDEPENDIENTE REGIONAL FUERZA TACNA,191
220212,Tacna,Tarata,Tarucachi,SIEMPRE TACNA,190
220213,Tacna,Tarata,Ticaco,FRENTE ESPERANZA POR TACNA,240
220213,Tacna,Tarata,Ticaco,MOVIMIENTO INDEPENDIENTE REGIONAL FUERZA TACNA,262
220213,Tacna,Tarata,Ticaco,SIEMPRE TACNA,73
220213,Tacna,Tarata,Ticaco,AVANZA PAIS - PARTIDO DE INTEGRACION SOCIAL,63
220302,Tacna,Jorge Basadre,Ite,BANDERAS TACNEÑISTAS,175
220302,Tacna,Jorge Basadre,Ite,FRENTE ESPERANZA POR TACNA,812
220302,Tacna,Jorge Basadre,Ite,JUNTOS POR TACNA,10
220302,Tacna,Jorge Basadre,Ite,SIEMPRE TACNA,29
220302,Tacna,Jorge Basadre,Ite,ACCION POPULAR,385
220302,Tacna,Jorge Basadre,Ite,AVANZA PAIS - PARTIDO DE INTEGRACION SOCIAL,75
220302,Tacna,Jorge Basadre,Ite,PARTIDO POLITICO NACIONAL PERU LIBRE,28
220302,Tacna,Jorge Basadre,Ite,PARTIDO DEMOCRATICO SOMOS PERU,923
220303,Tacna,Jorge Basadre,Ilabaya,MOVIMIENTO REGIONAL VIVA TACNA,1371
220303,Tacna,Jorge Basadre,Ilabaya,BANDERAS TACNEÑISTAS,71
220303,Tacna,Jorge Basadre,Ilabaya,FRENTE ESPERANZA POR TACNA,257
220303,Tacna,Jorge Basadre,Ilabaya,MOVIMIENTO INDEPENDIENTE REGIONAL FUERZA TACNA,47
220303,Tacna,Jorge Basadre,Ilabaya,SIEMPRE TACNA,133
220303,Tacna,Jorge Basadre,Ilabaya,ALIANZA PARA EL PROGRESO,45
220303,Tacna,Jorge Basadre,Ilabaya,AVANZA PAIS - PARTIDO DE INTEGRACION SOCIAL,1286
220402,Tacna,Candarave,Cairani,FRENTE ESPERANZA POR TACNA,438
220402,Tacna,Candarave,Cairani,SIEMPRE TACNA,470
220403,Tacna,Candarave,Curibaya,FRENTE ESPERANZA POR TACNA,154
220403,Tacna,Candarave,Curibaya,MOVIMIENTO INDEPENDIENTE REGIONAL FUERZA TACNA,104
220403,Tacna,Candarave,Curibaya,SIEMPRE TACNA,74
220404,Tacna,Candarave,Huanuara,FRENTE ESPERANZA POR TACNA,310
220404,Tacna,Candarave,Huanuara,MOVIMIENTO INDEPENDIENTE REGIONAL FUERZA TACNA,149
220404,Tacna,Candarave,Huanuara,SIEMPRE TACNA,238
220405,Tacna,Candarave,Quilahuani,MOVIMIENTO INDEPENDIENTE REGIONAL FUERZA TACNA,103
220405,Tacna,Candarave,Quilahuani,SIEMPRE TACNA,262
220405,Tacna,Candarave,Quilahuani,ACCION POPULAR,230
220405,Tacna,Candarave,Quilahuani,PARTIDO POLITICO NACIONAL PERU LIBRE,35
220406,Tacna,Candarave,Camilaca,FRENTE ESPERANZA POR TACNA,372
220406,Tacna,Candarave,Camilaca,SIEMPRE TACNA,557
230102,Tumbes,Tumbes,Corrales,MOVIMIENTO DE INCLUSION REGIONAL,2872
230102,Tumbes,Tumbes,Corrales,MOVIMIENTO POLITICO REGIONAL DIGNIDAD TUMBESINA,3507
230102,Tumbes,Tumbes,Corrales,"UNIDAD, EXPERIENCIA Y TRABAJO CON ETICA",164
230102,Tumbes,Tumbes,Corrales,FUERZA POPULAR,229
230102,Tumbes,Tumbes,Corrales,PODEMOS PERU,3686
230102,Tumbes,Tumbes,Corrales,ALIANZA PARA EL PROGRESO,1355
230102,Tumbes,Tumbes,Corrales,PARTIDO MORADO,149
230102,Tumbes,Tumbes,Corrales,PARTIDO DEMOCRATICO SOMOS PERU,614
230103,Tumbes,Tumbes,La Cruz,MOVIMIENTO DE INCLUSION REGIONAL,349
230103,Tumbes,Tumbes,La Cruz,RENOVACION TUMBESINA,1626
230103,Tumbes,Tumbes,La Cruz,"UNIDAD, EXPERIENCIA Y TRABAJO CON ETICA",1108
230103,Tumbes,Tumbes,La Cruz,FUERZA POPULAR,95
230103,Tumbes,Tumbes,La Cruz,RENOVACION POPULAR,73
230103,Tumbes,Tumbes,La Cruz,ALIANZA PARA EL PROGRESO,1358
230103,Tumbes,Tumbes,La Cruz,AVANZA PAIS - PARTIDO DE INTEGRACION SOCIAL,116
230103,Tumbes,Tumbes,La Cruz,PARTIDO DEMOCRATICO SOMOS PERU,291
230104,Tumbes,Tumbes,Pampas de Hospital,MOVIMIENTO DE INCLUSION REGIONAL,2105
230104,Tumbes,Tumbes,Pampas de Hospital,ALIANZA PARA EL PROGRESO,2220
230105,Tumbes,Tumbes,San Jacinto,MOVIMIENTO DE INCLUSION REGIONAL,2464
230105,Tumbes,Tumbes,San Jacinto,PARTIDO FRENTE DE LA ESPERANZA 2021,393
230105,Tumbes,Tumbes,San Jacinto,PARTIDO DEMOCRATICO SOMOS PERU,1462
230106,Tumbes,Tumbes,San Juan de la Virgen,MOVIMIENTO DE INCLUSION REGIONAL,1139
230106,Tumbes,Tumbes,San Juan de la Virgen,RENOVACION TUMBESINA,670
230106,Tumbes,Tumbes,San Juan de la Virgen,"UNIDAD, EXPERIENCIA Y TRABAJO CON ETICA",468
230106,Tumbes,Tumbes,San Juan de la Virgen,FUERZA POPULAR,26
230106,Tumbes,Tumbes,San Juan de la Virgen,ALIANZA PARA EL PROGRESO,809
230106,Tumbes,Tumbes,San Juan de la Virgen,PARTIDO MORADO,37
230202,Tumbes,Contralmirante Villar,Casitas,MOVIMIENTO DE INCLUSION REGIONAL,1252
230202,Tumbes,Contralmirante Villar,Casitas,"UNIDAD, EXPERIENCIA Y TRABAJO CON ETICA",1069
230203,Tumbes,Contralmirante Villar,Canoas de Punta Sal,MOVIMIENTO DE INCLUSION REGIONAL,688
230203,Tumbes,Contralmirante Villar,Canoas de Punta Sal,RENOVACION TUMBESINA,403
230203,Tumbes,Contralmirante Villar,Canoas de Punta Sal,"UNIDAD, EXPERIENCIA Y TRABAJO CON ETICA",1056
230203,Tumbes,Contralmirante Villar,Canoas de Punta Sal,JUNTOS POR EL PERU,41
230203,Tumbes,Contralmirante Villar,Canoas de Punta Sal,FUERZA POPULAR,347
230203,Tumbes,Contralmirante Villar,Canoas de Punta Sal,ALIANZA PARA EL PROGRESO,807
230302,Tumbes,Zarumilla,Matapalo,FRONTERA VIVA,834
230302,Tumbes,Zarumilla,Matapalo,MOVIMIENTO DE INCLUSION REGIONAL,995
230302,Tumbes,Zarumilla,Matapalo,AVANZA PAIS - PARTIDO DE INTEGRACION SOCIAL,360
230303,Tumbes,Zarumilla,Papayal,FRONTERA VIVA,1249
230303,Tumbes,Zarumilla,Papayal,MOVIMIENTO DE INCLUSION REGIONAL,635
230303,Tumbes,Zarumilla,Papayal,PODEMOS PERU,840
230303,Tumbes,Zarumilla,Papayal,ALIANZA PARA EL PROGRESO,1095
230304,Tumbes,Zarumilla,Aguas Verdes,FRONTERA VIVA,2786
230304,Tumbes,Zarumilla,Aguas Verdes,MOVIMIENTO DE INCLUSION REGIONAL,396
230304,Tumbes,Zarumilla,Aguas Verdes,PARTIDO FRENTE DE LA ESPERANZA 2021,2814
230304,Tumbes,Zarumilla,Aguas Verdes,RENOVACION POPULAR,38
230304,Tumbes,Zarumilla,Aguas Verdes,ALIANZA PARA EL PROGRESO,2908
240102,Callao,Callao,Bellavista,CONTIGO CALLAO,10205
240102,Callao,Callao,Bellavista,SI SE PUEDE CALLAO,664
240102,Callao,Callao,Bellavista,POR TI CALLAO,1750
240102,Callao,Callao,Bellavista,MOVIMIENTO REGIONAL SOMOS CALLAO,828
240102,Callao,Callao,Bellavista,FUERZA CALLAO SEGURO,623
240102,Callao,Callao,Bellavista,MOVIMIENTO REGIONAL VIVA EL CALLAO,1232
240102,Callao,Callao,Bellavista,MOVIMIENTO REGIONAL MAS CALLAO,6409
240102,Callao,Callao,Bellavista,PARTIDO PATRIOTICO DEL PERU,600
240102,Callao,Callao,Bellavista,JUNTOS POR EL PERU,565
240102,Callao,Callao,Bellavista,FUERZA POPULAR,3328
240102,Callao,Callao,Bellavista,PODEMOS PERU,1389
240102,Callao,Callao,Bellavista,RENOVACION POPULAR,2606
240102,Callao,Callao,Bellavista,ALIANZA PARA EL PROGRESO,5108
240102,Callao,Callao,Bellavista,AVANZA PAIS - PARTIDO DE INTEGRACION SOCIAL,6482
240102,Callao,Callao,Bellavista,PARTIDO MORADO,933
240102,Callao,Callao,Bellavista,PARTIDO DEMOCRATICO SOMOS PERU,2398
240103,Callao,Callao,La Punta,CONTIGO CALLAO,1631
240103,Callao,Callao,La Punta,POR TI CALLAO,133
240103,Callao,Callao,La Punta,MOVIMIENTO REGIONAL SOMOS CALLAO,569
240103,Callao,Callao,La Punta,PODEMOS PERU,1172
240103,Callao,Callao,La Punta,RENOVACION POPULAR,323
240104,Callao,Callao,Carmen de la Legua Reynoso,CONTIGO CALLAO,9093
240104,Callao,Callao,Carmen de la Legua Reynoso,SI SE PUEDE CALLAO,260
240104,Callao,Callao,Carmen de la Legua Reynoso,POR TI CALLAO,383
240104,Callao,Callao,Carmen de la Legua Reynoso,MOVIMIENTO REGIONAL SOMOS CALLAO,459
240104,Callao,Callao,Carmen de la Legua Reynoso,FUERZA CALLAO SEGURO,2719
240104,Callao,Callao,Carmen de la Legua Reynoso,MOVIMIENTO REGIONAL VIVA EL CALLAO,916
240104,Callao,Callao,Carmen de la Legua Reynoso,MOVIMIENTO REGIONAL MAS CALLAO,3649
240104,Callao,Callao,Carmen de la Legua Reynoso,PARTIDO FRENTE DE LA ESPERANZA 2021,1270
240104,Callao,Callao,Carmen de la Legua Reynoso,PARTIDO PATRIOTICO DEL PERU,121
240104,Callao,Callao,Carmen de la Legua Reynoso,JUNTOS POR EL PERU,761
240104,Callao,Callao,Carmen de la Legua Reynoso,FUERZA POPULAR,711
240104,Callao,Callao,Carmen de la Legua Reynoso,PODEMOS PERU,1056
240104,Callao,Callao,Carmen de la Legua Reynoso,RENOVACION POPULAR,1111
240104,Callao,Callao,Carmen de la Legua Reynoso,ALIANZA PARA EL PROGRESO,5851
240104,Callao,Callao,Carmen de la Legua Reynoso,AVANZA PAIS - PARTIDO DE INTEGRACION SOCIAL,321
240104,Callao,Callao,Carmen de la Legua Reynoso,PARTIDO DEMOCRATICO SOMOS PERU,1477
240105,Callao,Callao,La Perla,CONTIGO CALLAO,6762
240105,Callao,Callao,La Perla,POR TI CALLAO,2564
240105,Callao,Callao,La Perla,MOVIMIENTO REGIONAL SOMOS CALLAO,1360
240105,Callao,Callao,La Perla,FUERZA CALLAO SEGURO,714
240105,Callao,Callao,La Perla,MOVIMIENTO REGIONAL VIVA EL CALLAO,4783
240105,Callao,Callao,La Perla,PARTIDO PATRIOTICO DEL PERU,444
240105,Callao,Callao,La Perla,PODEMOS PERU,2918
240105,Callao,Callao,La Perla,RENOVACION POPULAR,4566
240105,Callao,Callao,La Perla,ALIANZA PARA EL PROGRESO,562
240105,Callao,Callao,La Perla,AVANZA PAIS - PARTIDO DE INTEGRACION SOCIAL,5404
240105,Callao,Callao,La Perla,PARTIDO MORADO,1176
240105,Callao,Callao,La Perla,PARTIDO DEMOCRATICO SOMOS PERU,3135
240106,Callao,Callao,Ventanilla,CONTIGO CALLAO,41824
240106,Callao,Callao,Ventanilla,POR TI CALLAO,5949
240106,Callao,Callao,Ventanilla,MOVIMIENTO REGIONAL SOMOS CALLAO,3202
240106,Callao,Callao,Ventanilla,FUERZA CALLAO SEGURO,3019
240106,Callao,Callao,Ventanilla,MOVIMIENTO REGIONAL VIVA EL CALLAO,3505
240106,Callao,Callao,Ventanilla,MOVIMIENTO REGIONAL MAS CALLAO,28590
240106,Callao,Callao,Ventanilla,PARTIDO PATRIOTICO DEL PERU,973
240106,Callao,Callao,Ventanilla,JUNTOS POR EL PERU,7794
240106,Callao,Callao,Ventanilla,FUERZA POPULAR,6346
240106,Callao,Callao,Ventanilla,PODEMOS PERU,6178
240106,Callao,Callao,Ventanilla,RENOVACION POPULAR,6209
240106,Callao,Callao,Ventanilla,ALIANZA PARA EL PROGRESO,6032
240106,Callao,Callao,Ventanilla,AVANZA PAIS - PARTIDO DE INTEGRACION SOCIAL,13167
240106,Callao,Callao,Ventanilla,PARTIDO MORADO,2370
240106,Callao,Callao,Ventanilla,PARTIDO DEMOCRATICO SOMOS PERU,11374
240107,Callao,Callao,Mi Perú,CONTIGO CALLAO,7292
240107,Callao,Callao,Mi Perú,POR TI CALLAO,531
240107,Callao,Callao,Mi Perú,MOVIMIENTO REGIONAL SOMOS CALLAO,394
240107,Callao,Callao,Mi Perú,FUERZA CALLAO SEGURO,444
240107,Callao,Callao,Mi Perú,MOVIMIENTO REGIONAL VIVA EL CALLAO,566
240107,Callao,Callao,Mi Perú,MOVIMIENTO REGIONAL MAS CALLAO,411
240107,Callao,Callao,Mi Perú,PODEMOS PERU,2668
240107,Callao,Callao,Mi Perú,RENOVACION POPULAR,311
240107,Callao,Callao,Mi Perú,ALIANZA PARA EL PROGRESO,8516
250102,Ucayali,Coronel Portillo,Yarinacocha,MOVIMIENTO INDEPENDIENTE REGIONAL CAMBIO UCAYALINO,9780
250102,Ucayali,Coronel Portillo,Yarinacocha,TODOS SOMOS UCAYALI,8355
250102,Ucayali,Coronel Portillo,Yarinacocha,PARTIDO PATRIOTICO DEL PERU,668
250102,Ucayali,Coronel Portillo,Yarinacocha,FUERZA POPULAR,1528
250102,Ucayali,Coronel Portillo,Yarinacocha,ACCION POPULAR,7001
250102,Ucayali,Coronel Portillo,Yarinacocha,PODEMOS PERU,3879
250102,Ucayali,Coronel Portillo,Yarinacocha,AVANZA PAIS - PARTIDO DE INTEGRACION SOCIAL,3790
250102,Ucayali,Coronel Portillo,Yarinacocha,PARTIDO POLITICO NACIONAL PERU LIBRE,4806
250102,Ucayali,Coronel Portillo,Yarinacocha,PARTIDO DEMOCRATICO SOMOS PERU,3003
250103,Ucayali,Coronel Portillo,Masisea,UCAYALI REGION CON FUTURO,1800
250103,Ucayali,Coronel Portillo,Masisea,MOVIMIENTO INDEPENDIENTE REGIONAL CAMBIO UCAYALINO,1198
250103,Ucayali,Coronel Portillo,Masisea,TODOS SOMOS UCAYALI,2037
250103,Ucayali,Coronel Portillo,Masisea,JUNTOS POR EL PERU,66
250103,Ucayali,Coronel Portillo,Masisea,FUERZA POPULAR,18
250103,Ucayali,Coronel Portillo,Masisea,ACCION POPULAR,35
250103,Ucayali,Coronel Portillo,Masisea,PARTIDO POLITICO NACIONAL PERU LIBRE,467
250104,Ucayali,Coronel Portillo,Campoverde,UCAYALI REGION CON FUTURO,2641
250104,Ucayali,Coronel Portillo,Campoverde,MOVIMIENTO INDEPENDIENTE REGIONAL CAMBIO UCAYALINO,3522
250104,Ucayali,Coronel Portillo,Campoverde,JUNTOS POR EL PERU,308
250104,Ucayali,Coronel Portillo,Campoverde,ACCION POPULAR,1165
250104,Ucayali,Coronel Portillo,Campoverde,PODEMOS PERU,213
250104,Ucayali,Coronel Portillo,Campoverde,PARTIDO POLITICO NACIONAL PERU LIBRE,539
250105,Ucayali,Coronel Portillo,Iparia,UCAYALI REGION CON FUTURO,746
250105,Ucayali,Coronel Portillo,Iparia,MOVIMIENTO INDEPENDIENTE REGIONAL CAMBIO UCAYALINO,2452
250105,Ucayali,Coronel Portillo,Iparia,TODOS SOMOS UCAYALI,824
250105,Ucayali,Coronel Portillo,Iparia,PARTIDO FRENTE DE LA ESPERANZA 2021,51
250105,Ucayali,Coronel Portillo,Iparia,ACCION POPULAR,155
250105,Ucayali,Coronel Portillo,Iparia,PODEMOS PERU,82
250105,Ucayali,Coronel Portillo,Iparia,AVANZA PAIS - PARTIDO DE INTEGRACION SOCIAL,803
250105,Ucayali,Coronel Portillo,Iparia,PARTIDO POLITICO NACIONAL PERU LIBRE,629
250105,Ucayali,Coronel Portillo,Iparia,PARTIDO DEMOCRATICO SOMOS PERU,5
250106,Ucayali,Coronel Portillo,Nueva Requena,UCAYALI REGION CON FUTURO,913
250106,Ucayali,Coronel Portillo,Nueva Requena,MOVIMIENTO INDEPENDIENTE REGIONAL CAMBIO UCAYALINO,345
250106,Ucayali,Coronel Portillo,Nueva Requena,TODOS SOMOS UCAYALI,304
250106,Ucayali,Coronel Portillo,Nueva Requena,PARTIDO FRENTE DE LA ESPERANZA 2021,273
250106,Ucayali,Coronel Portillo,Nueva Requena,FUERZA POPULAR,37
250106,Ucayali,Coronel Portillo,Nueva Requena,ACCION POPULAR,73
250106,Ucayali,Coronel Portillo,Nueva Requena,PODEMOS PERU,316
250106,Ucayali,Coronel Portillo,Nueva Requena,AVANZA PAIS - PARTIDO DE INTEGRACION SOCIAL,492
250106,Ucayali,Coronel Portillo,Nueva Requena,PARTIDO POLITICO NACIONAL PERU LIBRE,93
250106,Ucayali,Coronel Portillo,Nueva Requena,PARTIDO DEMOCRATICO SOMOS PERU,464
250107,Ucayali,Coronel Portillo,Manantay,UCAYALI REGION CON FUTURO,7848
250107,Ucayali,Coronel Portillo,Manantay,MOVIMIENTO INDEPENDIENTE REGIONAL CAMBIO UCAYALINO,5905
250107,Ucayali,Coronel Portillo,Manantay,TODOS SOMOS UCAYALI,5733
250107,Ucayali,Coronel Portillo,Manantay,PARTIDO FRENTE DE LA ESPERANZA 2021,2698
250107,Ucayali,Coronel Portillo,Manantay,ACCION POPULAR,7654
250107,Ucayali,Coronel Portillo,Manantay,PODEMOS PERU,1628
250107,Ucayali,Coronel Portillo,Manantay,ALIANZA PARA EL PROGRESO,786
250107,Ucayali,Coronel Portillo,Manantay,AVANZA PAIS - PARTIDO DE INTEGRACION SOCIAL,1722
250107,Ucayali,Coronel Portillo,Manantay,PARTIDO DEMOCRATICO SOMOS PERU,1048
250202,Ucayali,Padre Abad,Irazola,MOVIMIENTO INDEPENDIENTE REGIONAL CAMBIO UCAYALINO,2097
250202,Ucayali,Padre Abad,Irazola,TODOS SOMOS UCAYALI,1964
250202,Ucayali,Padre Abad,Irazola,JUNTOS POR EL PERU,1217
250202,Ucayali,Padre Abad,Irazola,FUERZA POPULAR,59
250202,Ucayali,Padre Abad,Irazola,PODEMOS PERU,419
250202,Ucayali,Padre Abad,Irazola,ALIANZA PARA EL PROGRESO,245
250202,Ucayali,Padre Abad,Irazola,PARTIDO POLITICO NACIONAL PERU LIBRE,179
250202,Ucayali,Padre Abad,Irazola,PARTIDO DEMOCRATICO SOMOS PERU,85
250203,Ucayali,Padre Abad,Curimana,UCAYALI REGION CON FUTURO,912
250203,Ucayali,Padre Abad,Curimana,MOVIMIENTO INDEPENDIENTE REGIONAL CAMBIO UCAYALINO,312
250203,Ucayali,Padre Abad,Curimana,TODOS SOMOS UCAYALI,1435
250203,Ucayali,Padre Abad,Curimana,ALIANZA PARA EL PROGRESO,1691
250203,Ucayali,Padre Abad,Curimana,PARTIDO POLITICO NACIONAL PERU LIBRE,897
250203,Ucayali,Padre Abad,Curimana,PARTIDO DEMOCRATICO SOMOS PERU,393
250204,Ucayali,Padre Abad,Neshuya,UCAYALI REGION CON FUTURO,465
250204,Ucayali,Padre Abad,Neshuya,MOVIMIENTO INDEPENDIENTE REGIONAL CAMBIO UCAYALINO,918
250204,Ucayali,Padre Abad,Neshuya,TODOS SOMOS UCAYALI,1161
250204,Ucayali,Padre Abad,Neshuya,PODEMOS PERU,442
250204,Ucayali,Padre Abad,Neshuya,PARTIDO POLITICO NACIONAL PERU LIBRE,904
250204,Ucayali,Padre Abad,Neshuya,PARTIDO DEMOCRATICO SOMOS PERU,427
250205,Ucayali,Padre Abad,Alexander Von Humboldt,MOVIMIENTO INDEPENDIENTE REGIONAL CAMBIO UCAYALINO,691
250205,Ucayali,Padre Abad,Alexander Von Humboldt,TODOS SOMOS UCAYALI,62
250205,Ucayali,Padre Abad,Alexander Von Humboldt,ACCION POPULAR,283
250205,Ucayali,Padre Abad,Alexander Von Humboldt,PODEMOS PERU,869
250205,Ucayali,Padre Abad,Alexander Von Humboldt,PARTIDO POLITICO NACIONAL PERU LIBRE,83
250205,Ucayali,Padre Abad,Alexander Von Humboldt,PARTIDO DEMOCRATICO SOMOS PERU,792
250206,Ucayali,Padre Abad,Boqueron,MOVIMIENTO INDEPENDIENTE REGIONAL CAMBIO UCAYALINO,257
250206,Ucayali,Padre Abad,Boqueron,TODOS SOMOS UCAYALI,392
250206,Ucayali,Padre Abad,Boqueron,ACCION POPULAR,61
250206,Ucayali,Padre Abad,Boqueron,PODEMOS PERU,288
250206,Ucayali,Padre Abad,Boqueron,ALIANZA PARA EL PROGRESO,396
250206,Ucayali,Padre Abad,Boqueron,AVANZA PAIS - PARTIDO DE INTEGRACION SOCIAL,30
250206,Ucayali,Padre Abad,Boqueron,PARTIDO DEMOCRATICO SOMOS PERU,7
250207,Ucayali,Padre Abad,Huipoca,UCAYALI REGION CON FUTURO,100
250207,Ucayali,Padre Abad,Huipoca,MOVIMIENTO INDEPENDIENTE REGIONAL CAMBIO UCAYALINO,110
250207,Ucayali,Padre Abad,Huipoca,TODOS SOMOS UCAYALI,225
250207,Ucayali,Padre Abad,Huipoca,ALIANZA PARA EL PROGRESO,197
250207,Ucayali,Padre Abad,Huipoca,PARTIDO POLITICO NACIONAL PERU LIBRE,214
250207,Ucayali,Padre Abad,Huipoca,PARTIDO DEMOCRATICO SOMOS PERU,324
250302,Ucayali,Atalaya,Tahuania,UCAYALI REGION CON FUTURO,197
250302,Ucayali,Atalaya,Tahuania,MOVIMIENTO INDEPENDIENTE REGIONAL CAMBIO UCAYALINO,487
250302,Ucayali,Atalaya,Tahuania,TODOS SOMOS UCAYALI,823
250302,Ucayali,Atalaya,Tahuania,ACCION POPULAR,880
250302,Ucayali,Atalaya,Tahuania,AVANZA PAIS - PARTIDO DE INTEGRACION SOCIAL,1
250302,Ucayali,Atalaya,Tahuania,PARTIDO DEMOCRATICO SOMOS PERU,80
250303,Ucayali,Atalaya,Yurua,UCAYALI REGION CON FUTURO,192
250303,Ucayali,Atalaya,Yurua,MOVIMIENTO INDEPENDIENTE REGIONAL CAMBIO UCAYALINO,59
250303,Ucayali,Atalaya,Yurua,FUERZA POPULAR,25
250303,Ucayali,Atalaya,Yurua,ACCION POPULAR,8
250303,Ucayali,Atalaya,Yurua,ALIANZA PARA EL PROGRESO,279
250303,Ucayali,Atalaya,Yurua,PARTIDO DEMOCRATICO SOMOS PERU,109
250304,Ucayali,Atalaya,Sepahua,UCAYALI REGION CON FUTURO,279
250304,Ucayali,Atalaya,Sepahua,MOVIMIENTO INDEPENDIENTE REGIONAL CAMBIO UCAYALINO,843
250304,Ucayali,Atalaya,Sepahua,TODOS SOMOS UCAYALI,39
250304,Ucayali,Atalaya,Sepahua,ACCION POPULAR,983
250304,Ucayali,Atalaya,Sepahua,PARTIDO POLITICO NACIONAL PERU LIBRE,75
250304,Ucayali,Atalaya,Sepahua,PARTIDO DEMOCRATICO SOMOS PERU,559
