model,variable,coef,se,pvalue,nobs,r2
m1,Intercept,0.20838743953167047,0.003483931795209024,0.0,51862,0.011451397695981802
m1,position,-0.011865091906840453,0.0006500423268209954,1.9657480042003876e-74,51862,0.011451397695981802
m1,movement,0.06993003332591073,0.010111869139130567,4.657601523704455e-12,51862,0.011451397695981802
m1,position:movement,-0.00979514610820464,0.002073133317297021,2.3033876250286633e-06,51862,0.011451397695981802
m2,Intercept,0.318958038202315,0.004844834023580807,0.0,51862,0.0339131336872277
m2,C(ubigeo)[T.10103],-0.09760599338074218,0.0021950550552003074,0.0,51862,0.0339131336872277
m2,C(ubigeo)[T.10104],-0.008926350175663855,0.0018792286535639813,2.034091166873145e-06,51862,0.0339131336872277
m2,C(ubigeo)[T.10105],-0.09354608004485122,0.0015547264269535923,0.0,51862,0.0339131336872277
m2,C(ubigeo)[T.10106],-0.12643002227718175,0.002548936552493586,0.0,51862,0.0339131336872277
m2,C(ubigeo)[T.10107],-0.015574003653347625,0.0008840959581624397,1.8653710595493617e-69,51862,0.0339131336872277
m2,C(ubigeo)[T.10108],-0.1312765109448312,0.001731194829398564,0.0,51862,0.0339131336872277
m2,C(ubigeo)[T.10109],-0.1453694573495011,0.0030023967702802108,0.0,51862,0.0339131336872277
m2,C(ubigeo)[T.10110],-0.06026016507266088,0.002611211552502374,7.796189396658045e-118,51862,0.0339131336872277
m2,C(ubigeo)[T.10111],-0.11089891270899915,0.001607287033391127,0.0,51862,0.0339131336872277
m2,C(ubigeo)[T.10112],-0.114287297134903,0.0022087238004622686,0.0,51862,0.0339131336872277
m2,C(ubigeo)[T.10113],-0.08716764964111333,0.0022770084414970105,0.0,51862,0.0339131336872277
m2,C(ubigeo)[T.10114],-0.058869453932531714,0.001524086571339624,0.0,51862,0.0339131336872277
m2,C(ubigeo)[T.10115],-0.05797554430562783,0.0014442800619947418,0.0,51862,0.0339131336872277
m2,C(ubigeo)[T.10116],0.029543524756717877,0.0010369917736029715,1.5741658758186285e-178,51862,0.0339131336872277
m2,C(ubigeo)[T.10117],-0.06851687373563972,0.0020164545389550876,4.5693631375203337e-253,51862,0.0339131336872277
m2,C(ubigeo)[T.10118],-0.028804922372156986,0.0015691802044939553,2.9197396938878897e-75,51862,0.0339131336872277
m2,C(ubigeo)[T.10119],0.025152316920311255,0.00040077175343625074,0.0,51862,0.0339131336872277
m2,C(ubigeo)[T.10120],-0.13050383739524313,0.002871043054133563,0.0,51862,0.0339131336872277
m2,C(ubigeo)[T.10121],0.02754998247831422,0.0008193412821883787,7.34461968772699e-248,51862,0.0339131336872277
m2,C(ubigeo)[T.10201],-0.16007434365582368,0.002795444895755516,0.0,51862,0.0339131336872277
m2,C(ubigeo)[T.10202],-0.16886847231372976,0.002575615759183096,0.0,51862,0.0339131336872277
m2,C(ubigeo)[T.10203],-0.16163889608468696,0.0030418043052432985,0.0,51862,0.0339131336872277
m2,C(ubigeo)[T.10204],-0.1179993202881035,0.0018683473381914655,0.0,51862,0.0339131336872277
m2,C(ubigeo)[T.10206],-0.19593019168256132,0.0040771951302895435,0.0,51862,0.0339131336872277
m2,C(ubigeo)[T.10302],-0.12732345145469123,0.0015585410833320354,0.0,51862,0.0339131336872277
m2,C(ubigeo)[T.10303],-0.0725518381720989,0.0012862688857013475,0.0,51862,0.0339131336872277
m2,C(ubigeo)[T.10304],-0.06125253104142789,0.0014243056470540558,0.0,51862,0.0339131336872277
m2,C(ubigeo)[T.10305],-0.04691403805737248,0.0011920582636548523,0.0,51862,0.0339131336872277
m2,C(ubigeo)[T.10306],-0.1547187133435395,0.0024427368243218344,0.0,51862,0.0339131336872277
m2,C(ubigeo)[T.10307],0.1714038964746663,0.0009220176791448876,0.0,51862,0.0339131336872277
m2,C(ubigeo)[T.10308],-0.04911503599417392,0.0010719302273352529,0.0,51862,0.0339131336872277
m2,C(ubigeo)[T.10309],-0.13129096067976503,0.0018193078400824704,0.0,51862,0.0339131336872277
m2,C(ubigeo)[T.10310],-0.11977924746326082,0.001550686815558435,0.0,51862,0.0339131336872277
m2,C(ubigeo)[T.10311],-0.12965743252253575,0.0022334167362814063,0.0,51862,0.0339131336872277
m2,C(ubigeo)[T.10312],-0.1577834301620829,0.002118933101951247,0.0,51862,0.0339131336872277
m2,C(ubigeo)[T.10402],-0.11203903512106067,0.002498356931534662,0.0,51862,0.0339131336872277
m2,C(ubigeo)[T.10403],-0.08227334623594405,0.0016030032547066039,0.0,51862,0.0339131336872277
m2,C(ubigeo)[T.10404],-0.11617246491995617,0.0018095474663981927,0.0,51862,0.0339131336872277
m2,C(ubigeo)[T.10405],-0.09954057612368022,0.0018184599622378295,0.0,51862,0.0339131336872277
m2,C(ubigeo)[T.10406],-0.07934587434500634,0.0020315719274787256,0.0,51862,0.0339131336872277
m2,C(ubigeo)[T.10407],-0.04117300909828304,0.0021181504155223583,3.668865885676377e-84,51862,0.0339131336872277
m2,C(ubigeo)[T.10408],-0.05136596228609351,0.0026956229415675617,5.935060610107048e-81,51862,0.0339131336872277
m2,C(ubigeo)[T.10409],-0.09834419904718279,0.0021288144053023834,0.0,51862,0.0339131336872277
m2,C(ubigeo)[T.10410],0.034931305425690146,0.002005861382383465,6.391646113402546e-68,51862,0.0339131336872277
m2,C(ubigeo)[T.10411],-0.1004104986146648,0.0018837593885459476,0.0,51862,0.0339131336872277
m2,C(ubigeo)[T.10412],-0.10822763349043805,0.002049816378725332,0.0,51862,0.0339131336872277
m2,C(ubigeo)[T.10413],-0.028960014597332252,0.0015696087429098568,5.169624990269712e-76,51862,0.0339131336872277
m2,C(ubigeo)[T.10414],-0.13601276052065314,0.002794477796801607,0.0,51862,0.0339131336872277
m2,C(ubigeo)[T.10415],-0.14797283932737107,0.002603812249767896,0.0,51862,0.0339131336872277
m2,C(ubigeo)[T.10416],-0.08389036817195616,0.0014426593238053742,0.0,51862,0.0339131336872277
m2,C(ubigeo)[T.10417],-0.06640428601575835,0.0023033989688351075,9.3383246516235e-183,51862,0.0339131336872277
m2,C(ubigeo)[T.10418],-0.04475638932545384,0.001598107865234816,1.3784908260338715e-172,51862,0.0339131336872277
m2,C(ubigeo)[T.10419],-0.1232325877760886,0.00207825988767638,0.0,51862,0.0339131336872277
m2,C(ubigeo)[T.10420],-0.13753372729791447,0.002500960270512567,0.0,51862,0.0339131336872277
m2,C(ubigeo)[T.10421],-0.06401556919227114,0.002490362658748514,1.0192855216969794e-145,51862,0.0339131336872277
m2,C(ubigeo)[T.10422],-0.08027980395756275,0.0018457170439130908,0.0,51862,0.0339131336872277
m2,C(ubigeo)[T.10423],-0.030113692353994963,0.0013415609448877517,1.3765576608756187e-111,51862,0.0339131336872277
m2,C(ubigeo)[T.10502],-0.05444228855132309,0.0021190123019492403,1.4252440785624998e-145,51862,0.0339131336872277
m2,C(ubigeo)[T.10503],-0.14372512428444478,0.0017690219992711198,0.0,51862,0.0339131336872277
m2,C(ubigeo)[T.10504],-0.1381461071604762,0.0025866980785707173,0.0,51862,0.0339131336872277
m2,C(ubigeo)[T.10505],-0.05386712616824283,0.002303213106584892,5.685861325306697e-121,51862,0.0339131336872277
m2,C(ubigeo)[T.10506],-0.0289600145972963,0.001569608742913174,5.169624996191027e-76,51862,0.0339131336872277
m2,C(ubigeo)[T.10507],0.0331539567667232,0.0016694573000062864,9.190253634661748e-88,51862,0.0339131336872277
m2,C(ubigeo)[T.10508],-0.027318273897470463,0.0017700633862424732,9.743900432221279e-54,51862,0.0339131336872277
m2,C(ubigeo)[T.10509],-0.15277308922821248,0.0025245295437251914,0.0,51862,0.0339131336872277
m2,C(ubigeo)[T.10510],0.011364877126218174,0.001924857650112429,3.54214052145969e-09,51862,0.0339131336872277
m2,C(ubigeo)[T.10511],0.05698914632660169,0.001130067908924884,0.0,51862,0.0339131336872277
m2,C(ubigeo)[T.10512],-0.08997978839354139,0.0019577609213398076,0.0,51862,0.0339131336872277
m2,C(ubigeo)[T.10602],-0.1963661046112718,0.003764675198136192,0.0,51862,0.0339131336872277
m2,C(ubigeo)[T.10603],-0.1818750846601729,0.0033484657433680036,0.0,51862,0.0339131336872277
m2,C(ubigeo)[T.10702],-0.19174098861090147,0.00398151858194144,0.0,51862,0.0339131336872277
m2,C(ubigeo)[T.10703],0.05157997259064044,0.002354013067185877,2.0179582683771385e-106,51862,0.0339131336872277
m2,C(ubigeo)[T.10704],-0.17610982294351094,0.0031306265398245606,0.0,51862,0.0339131336872277
m2,C(ubigeo)[T.10705],-0.14363430388662618,0.0018210327575535112,0.0,51862,0.0339131336872277
m2,C(ubigeo)[T.10706],-0.10721564474248406,0.0009740050715334963,0.0,51862,0.0339131336872277
m2,C(ubigeo)[T.10707],-0.16874382516413747,0.002824380592843576,0.0,51862,0.0339131336872277
m2,C(ubigeo)[T.20102],-0.19573398920543708,0.004611473981117035,0.0,51862,0.0339131336872277
m2,C(ubigeo)[T.20103],-0.11828556275691868,0.002673860552142873,0.0,51862,0.0339131336872277
m2,C(ubigeo)[T.20104],0.031160811101381716,0.000995409170586666,4.049468263856396e-215,51862,0.0339131336872277
m2,C(ubigeo)[T.20105],-0.14822763282135312,0.002430827116891279,0.0,51862,0.0339131336872277
m2,C(ubigeo)[T.20106],-0.09819564019861333,0.0019772674303904264,0.0,51862,0.0339131336872277
m2,C(ubigeo)[T.20107],-0.13694815810410538,0.0025145580914406962,0.0,51862,0.0339131336872277
m2,C(ubigeo)[T.20108],0.08082353952891669,0.003041248499889397,1.293751925942639e-155,51862,0.0339131336872277
m2,C(ubigeo)[T.20109],-0.15239483715350666,0.0024088476680480765,0.0,51862,0.0339131336872277
m2,C(ubigeo)[T.20110],-0.16259146958351384,0.0023032274718852914,0.0,51862,0.0339131336872277
m2,C(ubigeo)[T.20111],-0.17167089849259687,0.0037542738887504147,0.0,51862,0.0339131336872277
m2,C(ubigeo)[T.20112],-0.1845611377628219,0.0031235950103212233,0.0,51862,0.0339131336872277
m2,C(ubigeo)[T.20203],-0.1551873625619364,0.0017811859933763907,0.0,51862,0.0339131336872277
m2,C(ubigeo)[T.20205],-0.07298606000143291,0.0013233356998729035,0.0,51862,0.0339131336872277
m2,C(ubigeo)[T.20206],-0.14607254764354863,0.0028054604587768907,0.0,51862,0.0339131336872277
m2,C(ubigeo)[T.20208],-0.15051008609851735,0.0028802241069037326,0.0,51862,0.0339131336872277
m2,C(ubigeo)[T.20302],-0.02665249577265777,0.0019079753685066186,2.410081104933667e-44,51862,0.0339131336872277
m2,C(ubigeo)[T.20304],-0.13096012448611852,0.002464668270404264,0.0,51862,0.0339131336872277
m2,C(ubigeo)[T.20305],-0.14704718028967687,0.0025384893365216596,0.0,51862,0.0339131336872277
m2,C(ubigeo)[T.20310],-0.13948246605154666,0.0029773658915287745,0.0,51862,0.0339131336872277
m2,C(ubigeo)[T.20311],-0.11528250133228658,0.0019514959863384386,0.0,51862,0.0339131336872277
m2,C(ubigeo)[T.20313],0.17539078272487144,0.0015817322402516994,0.0,51862,0.0339131336872277
m2,C(ubigeo)[T.20315],-0.09972536865042769,0.003107674762935144,6.073849864344119e-226,51862,0.0339131336872277
m2,C(ubigeo)[T.20317],-0.01729396921922628,0.0005627957377093395,2.356630171495125e-207,51862,0.0339131336872277
m2,C(ubigeo)[T.20320],-0.08617418734318447,0.0026037225707673034,3.333680333115623e-240,51862,0.0339131336872277
m2,C(ubigeo)[T.20321],-0.12809174239791296,0.0029987343565434144,0.0,51862,0.0339131336872277
m2,C(ubigeo)[T.20322],0.14933019283069915,0.0018103914367582346,0.0,51862,0.0339131336872277
m2,C(ubigeo)[T.20323],0.1060429929591224,0.0017615458103967647,0.0,51862,0.0339131336872277
m2,C(ubigeo)[T.20324],0.05553189969903734,0.0016047198246999413,2.0987739670141215e-262,51862,0.0339131336872277
m2,C(ubigeo)[T.20325],-0.13357408281669342,0.0022537943493375805,0.0,51862,0.0339131336872277
m2,C(ubigeo)[T.20402],-0.15798782506804596,0.002889147584079544,0.0,51862,0.0339131336872277
m2,C(ubigeo)[T.20403],-0.12018473183008756,0.0021812162282672768,0.0,51862,0.0339131336872277
m2,C(ubigeo)[T.20404],0.1005681958910356,0.0020342622263212207,0.0,51862,0.0339131336872277
m2,C(ubigeo)[T.20405],-0.11952161594755092,0.0013992816877388006,0.0,51862,0.0339131336872277
m2,C(ubigeo)[T.20406],-0.16889742722039258,0.002931396100941797,0.0,51862,0.0339131336872277
m2,C(ubigeo)[T.20407],-0.15676790791309161,0.002500916426352359,0.0,51862,0.0339131336872277
m2,C(ubigeo)[T.20408],-0.1610271116848654,0.0024523380775417322,0.0,51862,0.0339131336872277
m2,C(ubigeo)[T.20409],-0.15695689875000501,0.0019362384381547259,0.0,51862,0.0339131336872277
m2,C(ubigeo)[T.20410],-0.17448333123811466,0.0030034264259923915,0.0,51862,0.0339131336872277
m2,C(ubigeo)[T.20411],-0.13936847839138666,0.002831364690815704,0.0,51862,0.0339131336872277
m2,C(ubigeo)[T.20502],-0.18095702218004298,0.0031469586973061083,0.0,51862,0.0339131336872277
m2,C(ubigeo)[T.20503],-0.19576258571080626,0.0035863335773474846,0.0,51862,0.0339131336872277
m2,C(ubigeo)[T.20505],-0.19108648502410389,0.0034539334357893943,0.0,51862,0.0339131336872277
m2,C(ubigeo)[T.20602],0.2392009199520665,0.0033344953246336375,0.0,51862,0.0339131336872277
m2,C(ubigeo)[T.20603],-0.09312997692759481,0.0029867366964123213,1.9174090882736306e-213,51862,0.0339131336872277
m2,C(ubigeo)[T.20604],-0.08308689307507489,0.0027889047727043315,4.967889653123318e-195,51862,0.0339131336872277
m2,C(ubigeo)[T.20605],-0.061803271358677525,0.0030174783776047392,3.1312997895280935e-93,51862,0.0339131336872277
m2,C(ubigeo)[T.20606],-0.008218787399764964,0.0018611400833754442,1.0054588435085425e-05,51862,0.0339131336872277
m2,C(ubigeo)[T.20607],0.10484997410270594,0.0034765412869797374,8.106146638242168e-200,51862,0.0339131336872277
m2,C(ubigeo)[T.20702],-0.012576858665593858,0.0014165619910228755,6.780540612837549e-19,51862,0.0339131336872277
m2,C(ubigeo)[T.20703],-0.14257591122224822,0.0027032163468635718,0.0,51862,0.0339131336872277
m2,C(ubigeo)[T.20704],-0.03077963379006047,0.0013573514084309817,7.687538184619841e-114,51862,0.0339131336872277
m2,C(ubigeo)[T.20705],-0.15739786254885949,0.0026736899851710493,0.0,51862,0.0339131336872277
m2,C(ubigeo)[T.20706],-0.17389923555429895,0.002963930480499802,0.0,51862,0.0339131336872277
m2,C(ubigeo)[T.20707],-0.1806806981322018,0.0035574120313591447,0.0,51862,0.0339131336872277
m2,C(ubigeo)[T.20708],0.07261880597966246,0.00377555116552822,1.9235742327536148e-82,51862,0.0339131336872277
m2,C(ubigeo)[T.20709],-0.14267652394874858,0.0027710827530302855,0.0,51862,0.0339131336872277
m2,C(ubigeo)[T.20710],-0.14680479293325063,0.0027498220170965935,0.0,51862,0.0339131336872277
m2,C(ubigeo)[T.20802],-0.1514403564211776,0.002555073971671154,0.0,51862,0.0339131336872277
m2,C(ubigeo)[T.20803],-0.1772557383377752,0.0030813448295077196,0.0,51862,0.0339131336872277
m2,C(ubigeo)[T.20804],-0.1294791989100403,0.002863134842088314,0.0,51862,0.0339131336872277
m2,C(ubigeo)[T.20805],-0.1494611941759925,0.0029887908674534726,0.0,51862,0.0339131336872277
m2,C(ubigeo)[T.20806],-0.07255183817200885,0.0012862688857058252,0.0,51862,0.0339131336872277
m2,C(ubigeo)[T.20807],-0.131970829298085,0.002401990488599443,0.0,51862,0.0339131336872277
m2,C(ubigeo)[T.20808],0.043956988105068116,0.0023101078551668406,9.978585997254048e-81,51862,0.0339131336872277
m2,C(ubigeo)[T.20809],-0.15844749169058503,0.002226790133267821,0.0,51862,0.0339131336872277
m2,C(ubigeo)[T.20810],-0.1334659860070065,0.0022057330502846524,0.0,51862,0.0339131336872277
m2,C(ubigeo)[T.20811],-0.11943186999995813,0.0015110871403735476,0.0,51862,0.0339131336872277
m2,C(ubigeo)[T.20812],0.017732039495821705,0.0019940390507583216,5.973641571955902e-19,51862,0.0339131336872277
m2,C(ubigeo)[T.20813],-0.21493635250743354,0.00416646788141396,0.0,51862,0.0339131336872277
m2,C(ubigeo)[T.20814],-0.14878809816839159,0.0025070895929280054,0.0,51862,0.0339131336872277
m2,C(ubigeo)[T.20815],-0.11291305983987443,0.002112491470694057,0.0,51862,0.0339131336872277
m2,C(ubigeo)[T.20816],-0.16948828460247314,0.002812331948605361,0.0,51862,0.0339131336872277
m2,C(ubigeo)[T.20902],-0.07442486017568184,0.0027055657727379037,1.4062276276097865e-166,51862,0.0339131336872277
m2,C(ubigeo)[T.20903],-0.09627802018793348,0.002432755166388145,0.0,51862,0.0339131336872277
m2,C(ubigeo)[T.20904],-0.08655107450002189,0.0024469367256646497,4.735719103169113e-274,51862,0.0339131336872277
m2,C(ubigeo)[T.20905],-0.09934726117431619,0.0029584211829593557,3.158823345984764e-247,51862,0.0339131336872277
m2,C(ubigeo)[T.20906],-0.15679163706399488,0.0026504186046133597,0.0,51862,0.0339131336872277
m2,C(ubigeo)[T.20907],-0.05517660537521004,0.0018999329596293484,1.9792879503594382e-185,51862,0.0339131336872277
m2,C(ubigeo)[T.20908],-0.07187364421849499,0.002882854329885411,3.396861017282638e-137,51862,0.0339131336872277
m2,C(ubigeo)[T.21002],-0.1180531659808788,0.002692502037074323,0.0,51862,0.0339131336872277
m2,C(ubigeo)[T.21003],-0.1621769599754562,0.0028481614924279483,0.0,51862,0.0339131336872277
m2,C(ubigeo)[T.21004],-0.10149236301573866,0.001654869519140858,0.0,51862,0.0339131336872277
m2,C(ubigeo)[T.21005],-0.0808003211751393,0.001803862949860119,0.0,51862,0.0339131336872277
m2,C(ubigeo)[T.21006],-0.0963755701310623,0.0022851151870338774,0.0,51862,0.0339131336872277
m2,C(ubigeo)[T.21007],0.0636624317167838,0.001908442154938051,5.517239891701846e-244,51862,0.0339131336872277
m2,C(ubigeo)[T.21008],-0.1624478521478546,0.0024201248769025324,0.0,51862,0.0339131336872277
m2,C(ubigeo)[T.21009],-0.08576158026490349,0.0024562615497371438,4.3270743309556965e-267,51862,0.0339131336872277
m2,C(ubigeo)[T.21010],-0.03945447986071406,0.0023488340432053175,2.5465856342404736e-63,51862,0.0339131336872277
m2,C(ubigeo)[T.21011],-0.0683461698744832,0.0019877085759823143,4.313566780312676e-259,51862,0.0339131336872277
m2,C(ubigeo)[T.21102],-0.16203768386298686,0.003008675059476872,0.0,51862,0.0339131336872277
m2,C(ubigeo)[T.21103],-0.16305405112107715,0.0033778653341728724,0.0,51862,0.0339131336872277
m2,C(ubigeo)[T.21104],-0.14687743737078832,0.0027146103944892205,0.0,51862,0.0339131336872277
m2,C(ubigeo)[T.21202],-0.0957061761249659,0.001251835049614151,0.0,51862,0.0339131336872277
m2,C(ubigeo)[T.21203],-0.08979884581247234,0.002886434503578312,1.7288903884572703e-212,51862,0.0339131336872277
m2,C(ubigeo)[T.21204],-0.057837069819137304,0.0016144084594169846,4.420223581730165e-281,51862,0.0339131336872277
m2,C(ubigeo)[T.21205],-0.0708734722815239,0.0015607575310982217,0.0,51862,0.0339131336872277
m2,C(ubigeo)[T.21206],-0.17522897278758545,0.0030835938429850927,0.0,51862,0.0339131336872277
m2,C(ubigeo)[T.21207],-0.09379258223524149,0.0029692315237005665,5.3677232377312834e-219,51862,0.0339131336872277
m2,C(ubigeo)[T.21208],-0.15138260788163707,0.002771997666491254,0.0,51862,0.0339131336872277
m2,C(ubigeo)[T.21209],-0.10448693997170556,0.0025003951780200578,0.0,51862,0.0339131336872277
m2,C(ubigeo)[T.21210],-0.1543225590513674,0.0029223684939600845,0.0,51862,0.0339131336872277
m2,C(ubigeo)[T.21302],-0.18579681012330412,0.00312448920035706,0.0,51862,0.0339131336872277
m2,C(ubigeo)[T.21303],-0.17995102802771124,0.0032242557894771964,0.0,51862,0.0339131336872277
m2,C(ubigeo)[T.21304],-0.17087972217454117,0.0022820367649385256,0.0,51862,0.0339131336872277
m2,C(ubigeo)[T.21305],-0.2023849193644713,0.004157409077908091,0.0,51862,0.0339131336872277
m2,C(ubigeo)[T.21306],-0.16296307130317522,0.0026610595607075137,0.0,51862,0.0339131336872277
m2,C(ubigeo)[T.21307],-0.1955731246878385,0.003512375511334263,0.0,51862,0.0339131336872277
m2,C(ubigeo)[T.21308],-0.17605800132989463,0.0031780943602598435,0.0,51862,0.0339131336872277
m2,C(ubigeo)[T.21309],-0.22121477034214468,0.00433878125660906,0.0,51862,0.0339131336872277
m2,C(ubigeo)[T.21402],-0.0888311407672099,0.00220222350840764,0.0,51862,0.0339131336872277
m2,C(ubigeo)[T.21403],-0.13506381400165068,0.0030153205978202197,0.0,51862,0.0339131336872277
m2,C(ubigeo)[T.21404],-0.10657676935903974,0.0021303442620369626,0.0,51862,0.0339131336872277
m2,C(ubigeo)[T.21405],-0.12466994398974046,0.002807835245635726,0.0,51862,0.0339131336872277
m2,C(ubigeo)[T.21406],-0.12160741351887858,0.0022121888381032816,0.0,51862,0.0339131336872277
m2,C(ubigeo)[T.21407],-0.12475304208942826,0.002684711711258734,0.0,51862,0.0339131336872277
m2,C(ubigeo)[T.21408],-0.04930134017984624,0.002999141552381076,1.014245790396242e-60,51862,0.0339131336872277
m2,C(ubigeo)[T.21409],-0.09662167892269719,0.0022838434715615565,0.0,51862,0.0339131336872277
m2,C(ubigeo)[T.21410],-0.11706601431921504,0.0027207097843110844,0.0,51862,0.0339131336872277
m2,C(ubigeo)[T.21502],-0.146269945881187,0.0029292608604333456,0.0,51862,0.0339131336872277
m2,C(ubigeo)[T.21503],-0.18645490705222625,0.0038924277626566192,0.0,51862,0.0339131336872277
m2,C(ubigeo)[T.21504],-0.08740860333671162,0.002637664855369736,8.257839990276338e-241,51862,0.0339131336872277
m2,C(ubigeo)[T.21505],-0.1710804016880703,0.0036765494431391143,0.0,51862,0.0339131336872277
m2,C(ubigeo)[T.21506],-0.1846678487911709,0.0029851708237031084,0.0,51862,0.0339131336872277
m2,C(ubigeo)[T.21507],-0.1386274027549136,0.0025458661236301113,0.0,51862,0.0339131336872277
m2,C(ubigeo)[T.21508],-0.15923060538255354,0.002779621935316747,0.0,51862,0.0339131336872277
m2,C(ubigeo)[T.21602],-0.13174597150694223,0.0032271329229572013,0.0,51862,0.0339131336872277
m2,C(ubigeo)[T.21603],-0.17565195715846948,0.0036558397329038684,0.0,51862,0.0339131336872277
m2,C(ubigeo)[T.21604],-0.1408428293211337,0.003476116989859975,0.0,51862,0.0339131336872277
m2,C(ubigeo)[T.21605],-0.18097950822887815,0.0037725630838324254,0.0,51862,0.0339131336872277
m2,C(ubigeo)[T.21606],-0.12868458856403686,0.0029864571792470856,0.0,51862,0.0339131336872277
m2,C(ubigeo)[T.21702],-0.1408515697925384,0.0022858094971534098,0.0,51862,0.0339131336872277
m2,C(ubigeo)[T.21703],-0.14574414468274335,0.002290091617880656,0.0,51862,0.0339131336872277
m2,C(ubigeo)[T.21802],-0.021061658859642115,0.002792048460011537,4.577223867265666e-14,51862,0.0339131336872277
m2,C(ubigeo)[T.21902],-0.0597630713182369,0.0014445152050944926,0.0,51862,0.0339131336872277
m2,C(ubigeo)[T.21903],-0.15129429320542429,0.0034258289135740026,0.0,51862,0.0339131336872277
m2,C(ubigeo)[T.21904],-0.11242354821696054,0.0014589936417769055,0.0,51862,0.0339131336872277
m2,C(ubigeo)[T.21905],-0.08137630867597707,0.0019246718282190424,0.0,51862,0.0339131336872277
m2,C(ubigeo)[T.22001],0.018719518523615326,0.0028223181297588737,3.296574330932412e-11,51862,0.0339131336872277
m2,C(ubigeo)[T.22002],-0.018599047809911114,0.003071650276712713,1.403593505492442e-09,51862,0.0339131336872277
m2,C(ubigeo)[T.22003],0.04013115643445085,0.0026227517543235533,7.5100583752851e-53,51862,0.0339131336872277
m2,C(ubigeo)[T.22004],-0.11738491883647044,0.0025811927092401327,0.0,51862,0.0339131336872277
m2,C(ubigeo)[T.22005],-0.07494537739326472,0.0026564691867476706,4.119632777068441e-175,51862,0.0339131336872277
m2,C(ubigeo)[T.22006],0.03932251326209688,0.002649227068123384,7.720814479881204e-50,51862,0.0339131336872277
m2,C(ubigeo)[T.22008],0.11466025034340983,0.0029066330804167935,0.0,51862,0.0339131336872277
m2,C(ubigeo)[T.22009],-0.10868988409338862,0.002921486660455476,5.963372202994699e-303,51862,0.0339131336872277
m2,C(ubigeo)[T.22010],0.1363685996377527,0.003777400147162262,2.1734132177648893e-285,51862,0.0339131336872277
m2,C(ubigeo)[T.30102],-0.15101947421002918,0.0033504866199375936,0.0,51862,0.0339131336872277
m2,C(ubigeo)[T.30103],-0.17120560663187512,0.0035403309046514795,0.0,51862,0.0339131336872277
m2,C(ubigeo)[T.30104],-0.11040784120356018,0.003660045201450149,6.676328797373736e-200,51862,0.0339131336872277
m2,C(ubigeo)[T.30105],-0.1710403870373702,0.0034266076736493025,0.0,51862,0.0339131336872277
m2,C(ubigeo)[T.30106],-0.15948611164362242,0.0028128841945302954,0.0,51862,0.0339131336872277
m2,C(ubigeo)[T.30107],-0.1622457466806061,0.004275167588268502,0.0,51862,0.0339131336872277
m2,C(ubigeo)[T.30108],-0.1472110770829126,0.003526504559988138,0.0,51862,0.0339131336872277
m2,C(ubigeo)[T.30109],-0.18337599594313744,0.0038689739054657687,0.0,51862,0.0339131336872277
m2,C(ubigeo)[T.30202],-0.0870657918047532,0.002524182335345808,1.0330934080912636e-260,51862,0.0339131336872277
m2,C(ubigeo)[T.30203],-0.03666788643912184,0.0027084447904278316,9.28451048631383e-42,51862,0.0339131336872277
m2,C(ubigeo)[T.30204],-0.10719084677271837,0.0022841789024871852,0.0,51862,0.0339131336872277
m2,C(ubigeo)[T.30205],-0.1168518362363417,0.0018545318887656982,0.0,51862,0.0339131336872277
m2,C(ubigeo)[T.30206],-0.15981830870177313,0.0034014702597975456,0.0,51862,0.0339131336872277
m2,C(ubigeo)[T.30207],-0.11283925276097014,0.0024880009617051983,0.0,51862,0.0339131336872277
m2,C(ubigeo)[T.30208],-0.11697279361153012,0.0018557041738456194,0.0,51862,0.0339131336872277
m2,C(ubigeo)[T.30209],-0.04706020557090432,0.0009834421411232983,0.0,51862,0.0339131336872277
m2,C(ubigeo)[T.30210],-0.10553998264128271,0.002347512719703147,0.0,51862,0.0339131336872277
m2,C(ubigeo)[T.30211],-0.09931155077290091,0.00196652002498154,0.0,51862,0.0339131336872277
m2,C(ubigeo)[T.30212],-0.13428334227922722,0.0031414354269702354,0.0,51862,0.0339131336872277
m2,C(ubigeo)[T.30213],-0.14050039374639592,0.0027583045861957656,0.0,51862,0.0339131336872277
m2,C(ubigeo)[T.30214],-0.1253818839535548,0.002612255379649237,0.0,51862,0.0339131336872277
m2,C(ubigeo)[T.30215],-0.11519286643626511,0.0021550095643865,0.0,51862,0.0339131336872277
m2,C(ubigeo)[T.30216],-0.05974253748429831,0.0013400016886388993,0.0,51862,0.0339131336872277
m2,C(ubigeo)[T.30217],-0.12054897317064656,0.0024483946170407176,0.0,51862,0.0339131336872277
m2,C(ubigeo)[T.30302],-0.17459095019198395,0.0032161969867849707,0.0,51862,0.0339131336872277
m2,C(ubigeo)[T.30303],-0.10077112008171173,0.0018054940319289048,0.0,51862,0.0339131336872277
m2,C(ubigeo)[T.30304],-0.16891336030434523,0.0038273500946682634,0.0,51862,0.0339131336872277
m2,C(ubigeo)[T.30305],-0.14302797378268228,0.0025322293638061323,0.0,51862,0.0339131336872277
m2,C(ubigeo)[T.30306],-0.16568340837024428,0.0029654783882810316,0.0,51862,0.0339131336872277
m2,C(ubigeo)[T.30307],-0.18100983980947744,0.0036853958209172796,0.0,51862,0.0339131336872277
m2,C(ubigeo)[T.30308],-0.15069951579265103,0.0029653445506854187,0.0,51862,0.0339131336872277
m2,C(ubigeo)[T.30309],-0.13296750128416746,0.0022486249624437725,0.0,51862,0.0339131336872277
m2,C(ubigeo)[T.30310],-0.1768508466291212,0.0032258855421656726,0.0,51862,0.0339131336872277
m2,C(ubigeo)[T.30311],-0.1730362071714554,0.004114984137501425,0.0,51862,0.0339131336872277
m2,C(ubigeo)[T.30312],-0.12008343215558748,0.00223877301202172,0.0,51862,0.0339131336872277
m2,C(ubigeo)[T.30313],-0.1526635609275653,0.0036574478310700416,0.0,51862,0.0339131336872277
m2,C(ubigeo)[T.30314],-0.07950831724653837,0.0021178207367391517,1.866398082562687e-308,51862,0.0339131336872277
m2,C(ubigeo)[T.30315],-0.12528965610041815,0.0033054747297423907,0.0,51862,0.0339131336872277
m2,C(ubigeo)[T.30316],-0.1439582935126898,0.0024056023698232534,0.0,51862,0.0339131336872277
m2,C(ubigeo)[T.30317],-0.11934421666597851,0.002486722411246691,0.0,51862,0.0339131336872277
m2,C(ubigeo)[T.30318],-0.15086421452284632,0.002881225500636155,0.0,51862,0.0339131336872277
m2,C(ubigeo)[T.30319],-0.09798369828839328,0.002273557825815676,0.0,51862,0.0339131336872277
m2,C(ubigeo)[T.30320],0.16162451135616931,0.0006938402291222064,0.0,51862,0.0339131336872277
m2,C(ubigeo)[T.30402],-0.09517931376281484,0.002676988972372085,7.050342707469152e-277,51862,0.0339131336872277
m2,C(ubigeo)[T.30403],-0.07004404290729216,0.001737577776448782,0.0,51862,0.0339131336872277
m2,C(ubigeo)[T.30404],-0.006894698122671034,0.0028226483169960016,0.014580495993497443,51862,0.0339131336872277
m2,C(ubigeo)[T.30405],-0.12486514248467168,0.002743849606596866,0.0,51862,0.0339131336872277
m2,C(ubigeo)[T.30406],-0.13080006217173262,0.002804958118070436,0.0,51862,0.0339131336872277
m2,C(ubigeo)[T.30407],-0.11114896048168632,0.0025675517194836467,0.0,51862,0.0339131336872277
m2,C(ubigeo)[T.30502],-0.12360725310547116,0.002755133674164232,0.0,51862,0.0339131336872277
m2,C(ubigeo)[T.30503],-0.16953111355964168,0.0033292732860341727,0.0,51862,0.0339131336872277
m2,C(ubigeo)[T.30504],-0.1589980487004419,0.0028773297524722742,0.0,51862,0.0339131336872277
m2,C(ubigeo)[T.30505],-0.15451743872182927,0.0022970032802731174,0.0,51862,0.0339131336872277
m2,C(ubigeo)[T.30506],-0.1188073869644826,0.002505114729159419,0.0,51862,0.0339131336872277
m2,C(ubigeo)[T.30602],-0.12694676374591418,0.0024392128023942206,0.0,51862,0.0339131336872277
m2,C(ubigeo)[T.30603],-0.07853709896832445,0.0019348947544780483,0.0,51862,0.0339131336872277
m2,C(ubigeo)[T.30604],-0.08054935168161731,0.001846337096376651,0.0,51862,0.0339131336872277
m2,C(ubigeo)[T.30605],-0.1511356031661571,0.0029044164796412837,0.0,51862,0.0339131336872277
m2,C(ubigeo)[T.30606],-0.057677915378094566,0.00164474379085214,2.0716181105395158e-269,51862,0.0339131336872277
m2,C(ubigeo)[T.30607],-0.1436948218159776,0.0025570492929122943,0.0,51862,0.0339131336872277
m2,C(ubigeo)[T.30608],-0.11999724475556418,0.0024243288397289577,0.0,51862,0.0339131336872277
m2,C(ubigeo)[T.30609],-0.02270323624816113,0.0024337367577441306,1.073286127804161e-20,51862,0.0339131336872277
m2,C(ubigeo)[T.30610],-0.05898724846450379,0.0011683872271900427,0.0,51862,0.0339131336872277
m2,C(ubigeo)[T.30611],-0.013616274333275709,0.0010065250702826082,1.0688777580711153e-41,51862,0.0339131336872277
m2,C(ubigeo)[T.30612],-0.12043266800219918,0.002420102377858739,0.0,51862,0.0339131336872277
m2,C(ubigeo)[T.30613],-0.011871751321449209,0.0010446716623610818,6.311288655469802e-30,51862,0.0339131336872277
m2,C(ubigeo)[T.30614],-0.09722816776471005,0.002067288992316369,0.0,51862,0.0339131336872277
m2,C(ubigeo)[T.30702],-0.15104093169856797,0.0028451298671877475,0.0,51862,0.0339131336872277
m2,C(ubigeo)[T.30703],-0.13843211728951413,0.002522944958797458,0.0,51862,0.0339131336872277
m2,C(ubigeo)[T.30704],-0.13308982922649895,0.0024747979456439953,0.0,51862,0.0339131336872277
m2,C(ubigeo)[T.30705],-0.16638559105498393,0.0029161833187961853,0.0,51862,0.0339131336872277
m2,C(ubigeo)[T.30706],-0.15236147254168333,0.002761341219432733,0.0,51862,0.0339131336872277
m2,C(ubigeo)[T.30707],-0.1517972300647536,0.003352942783593294,0.0,51862,0.0339131336872277
m2,C(ubigeo)[T.30708],-0.1262057186610545,0.0023915082304994013,0.0,51862,0.0339131336872277
m2,C(ubigeo)[T.30709],-0.06876088456162692,0.0019155688719738463,3.551753786131422e-282,51862,0.0339131336872277
m2,C(ubigeo)[T.30710],-0.0687608845615522,0.0019155688719789182,3.551753803234171e-282,51862,0.0339131336872277
m2,C(ubigeo)[T.30711],-0.11313981308311263,0.002351867150942041,0.0,51862,0.0339131336872277
m2,C(ubigeo)[T.40102],-0.2027373474439858,0.004798469498790279,0.0,51862,0.0339131336872277
m2,C(ubigeo)[T.40103],-0.20043497185562503,0.004526854014060625,0.0,51862,0.0339131336872277
m2,C(ubigeo)[T.40104],-0.16927862357180481,0.004139181592374599,0.0,51862,0.0339131336872277
m2,C(ubigeo)[T.40105],-0.16981193882420847,0.0035890033654353325,0.0,51862,0.0339131336872277
m2,C(ubigeo)[T.40106],-0.19774639413598982,0.0045065036343038805,0.0,51862,0.0339131336872277
m2,C(ubigeo)[T.40107],-0.19681398031949404,0.004372096849023257,0.0,51862,0.0339131336872277
m2,C(ubigeo)[T.40108],-0.15993546286007942,0.0038329655128253493,0.0,51862,0.0339131336872277
m2,C(ubigeo)[T.40109],-0.20443223621151052,0.004915677242145293,0.0,51862,0.0339131336872277
m2,C(ubigeo)[T.40110],-0.14323760962601834,0.003875348190558545,4.809242282233501e-299,51862,0.0339131336872277
m2,C(ubigeo)[T.40111],-0.1572697500763401,0.004027583271138538,0.0,51862,0.0339131336872277
m2,C(ubigeo)[T.40112],-0.12118113598060484,0.003953330029565663,2.415696705493795e-206,51862,0.0339131336872277
m2,C(ubigeo)[T.40113],-0.12318871108523691,0.003830399887169073,6.239487020867163e-227,51862,0.0339131336872277
m2,C(ubigeo)[T.40114],-0.19290411445223277,0.004135872311438751,0.0,51862,0.0339131336872277
m2,C(ubigeo)[T.40115],-0.1391148549266685,0.003742985332485286,2.3457018801047337e-302,51862,0.0339131336872277
m2,C(ubigeo)[T.40116],-0.15156472467125098,0.003813304525693366,0.0,51862,0.0339131336872277
m2,C(ubigeo)[T.40117],-0.04179784853339704,0.0041834431609951645,1.6646025453548042e-23,51862,0.0339131336872277
m2,C(ubigeo)[T.40118],-0.1534361960289691,0.0038193848770937218,0.0,51862,0.0339131336872277
m2,C(ubigeo)[T.40119],-0.21577895361144667,0.00460300436502841,0.0,51862,0.0339131336872277
m2,C(ubigeo)[T.40120],-0.1677438787882694,0.0035045699078264697,0.0,51862,0.0339131336872277
m2,C(ubigeo)[T.40121],-0.1881765930352386,0.004421512611227871,0.0,51862,0.0339131336872277
m2,C(ubigeo)[T.40122],-0.16811111026062342,0.0034608201122300194,0.0,51862,0.0339131336872277
m2,C(ubigeo)[T.40123],-0.1938176701323611,0.004434209363878267,0.0,51862,0.0339131336872277
m2,C(ubigeo)[T.40124],-0.14550017896020778,0.003441491300177456,0.0,51862,0.0339131336872277
m2,C(ubigeo)[T.40125],-0.18068037500352,0.004278013088875635,0.0,51862,0.0339131336872277
m2,C(ubigeo)[T.40126],-0.20163561199817726,0.004538522036854158,0.0,51862,0.0339131336872277
m2,C(ubigeo)[T.40127],-0.19893089414022033,0.004433624408338809,0.0,51862,0.0339131336872277
m2,C(ubigeo)[T.40128],-0.2006432086762509,0.0045735171219641975,0.0,51862,0.0339131336872277
m2,C(ubigeo)[T.40129],-0.20050422298580606,0.00481455836085557,0.0,51862,0.0339131336872277
m2,C(ubigeo)[T.40202],-0.024513226149690436,0.004137861344025203,3.1395612322158818e-09,51862,0.0339131336872277
m2,C(ubigeo)[T.40203],-0.1046619170075467,0.0036689202296232787,5.4776044774704834e-179,51862,0.0339131336872277
m2,C(ubigeo)[T.40204],-0.1635859010947971,0.003585936720500157,0.0,51862,0.0339131336872277
m2,C(ubigeo)[T.40205],-0.09689581162015985,0.0035117434121016804,1.3903071957580629e-167,51862,0.0339131336872277
m2,C(ubigeo)[T.40206],-0.12992582860185953,0.0037269653839404134,2.8984203806307058e-266,51862,0.0339131336872277
m2,C(ubigeo)[T.40207],-0.10532546050691194,0.003537466171909465,8.415370794809241e-195,51862,0.0339131336872277
m2,C(ubigeo)[T.40208],-0.011854533140188871,0.004208284365359452,0.004848183957014993,51862,0.0339131336872277
m2,C(ubigeo)[T.40209],-0.07928129202477362,0.0034613723590198944,4.1823525550640806e-116,51862,0.0339131336872277
m2,C(ubigeo)[T.40210],0.008400780089862146,0.004165678619297635,0.043730439230221976,51862,0.0339131336872277
m2,C(ubigeo)[T.40211],-0.02303620696623532,0.0024415814251460013,3.9116808952911375e-21,51862,0.0339131336872277
m2,C(ubigeo)[T.40212],-0.11843922146404053,0.0036987651726722776,5.512770964518939e-225,51862,0.0339131336872277
m2,C(ubigeo)[T.40213],-0.0705635908767364,0.003453031311852323,8.125967912127631e-93,51862,0.0339131336872277
m2,C(ubigeo)[T.40214],-0.10836256953498807,0.00412426899026414,3.765367159137032e-152,51862,0.0339131336872277
m2,C(ubigeo)[T.40215],-0.01875414003502689,0.0031377757807721754,2.2743794774162008e-09,51862,0.0339131336872277
m2,C(ubigeo)[T.40216],-0.13426527989664375,0.0038348436675166298,1.481229582799367e-268,51862,0.0339131336872277
m2,C(ubigeo)[T.40217],-0.1441097843727864,0.003772751383383433,0.0,51862,0.0339131336872277
m2,C(ubigeo)[T.40218],-0.05282560691347891,0.00414470512732739,3.3101562899619123e-37,51862,0.0339131336872277
m2,C(ubigeo)[T.40219],-0.09235772508825468,0.002846869350994053,7.056594250634141e-231,51862,0.0339131336872277
m2,C(ubigeo)[T.40220],-0.19058680141830442,0.00406596533417224,0.0,51862,0.0339131336872277
m2,C(ubigeo)[T.40302],-0.15155316822609594,0.0037339871770423723,0.0,51862,0.0339131336872277
m2,C(ubigeo)[T.40303],-0.13544597401863817,0.003539686724630236,0.0,51862,0.0339131336872277
m2,C(ubigeo)[T.40304],-0.12457577098437839,0.003598439010695713,1.2905937887436688e-262,51862,0.0339131336872277
m2,C(ubigeo)[T.40305],-0.16514231161051954,0.0036606655347648158,0.0,51862,0.0339131336872277
m2,C(ubigeo)[T.40306],-0.16176083204723868,0.003801310333335059,0.0,51862,0.0339131336872277
m2,C(ubigeo)[T.40307],-0.10576258391806305,0.003409635003750947,3.0128879859353696e-211,51862,0.0339131336872277
m2,C(ubigeo)[T.40308],-0.18922058908349804,0.0041596455751963385,0.0,51862,0.0339131336872277
m2,C(ubigeo)[T.40402],-0.17478044924998626,0.004276149300790412,0.0,51862,0.0339131336872277
m2,C(ubigeo)[T.40403],-0.114275567638951,0.004121181786506767,3.1367562399475513e-169,51862,0.0339131336872277
m2,C(ubigeo)[T.40404],-0.0412020061959009,0.004170775834318543,5.147654612592935e-23,51862,0.0339131336872277
m2,C(ubigeo)[T.40405],-0.1235789998452073,0.0037136616087267565,8.346945504285309e-243,51862,0.0339131336872277
m2,C(ubigeo)[T.40406],-0.06923456269103079,0.0036051981855321825,3.42043496781558e-82,51862,0.0339131336872277
m2,C(ubigeo)[T.40407],-0.17120358653565085,0.004292546438867392,0.0,51862,0.0339131336872277
m2,C(ubigeo)[T.40408],-0.12683008224144285,0.004121267776499577,5.744791309051458e-208,51862,0.0339131336872277
m2,C(ubigeo)[T.40409],-0.06549857983207594,0.004156572433957356,6.067685295223067e-56,51862,0.0339131336872277
m2,C(ubigeo)[T.40410],-0.08409300965160699,0.004129746578929091,3.578977087718467e-92,51862,0.0339131336872277
m2,C(ubigeo)[T.40411],-0.1456585297103628,0.004131866495609957,3.1438190347411484e-272,51862,0.0339131336872277
m2,C(ubigeo)[T.40412],-0.10770943466494168,0.004121850860227303,1.6067934811895398e-150,51862,0.0339131336872277
m2,C(ubigeo)[T.40413],-0.027972421942522353,0.004202514164135674,2.8115830234244982e-11,51862,0.0339131336872277
m2,C(ubigeo)[T.40502],-0.1133090606519198,0.003251188996198378,4.029917004538113e-266,51862,0.0339131336872277
m2,C(ubigeo)[T.40503],-0.10197653158265511,0.004134380772273903,2.510160549216122e-134,51862,0.0339131336872277
m2,C(ubigeo)[T.40504],-0.09400504977371694,0.004101153928057205,2.829241660025529e-116,51862,0.0339131336872277
m2,C(ubigeo)[T.40505],-0.06948526777567167,0.0033148438228385118,1.462814194196853e-97,51862,0.0339131336872277
m2,C(ubigeo)[T.40506],-0.14498178560132804,0.0035409403873153207,0.0,51862,0.0339131336872277
m2,C(ubigeo)[T.40507],-0.09738389176803473,0.0036580202117494705,3.774737998251676e-156,51862,0.0339131336872277
m2,C(ubigeo)[T.40508],-0.1150165098981932,0.004090688970672867,6.129505404895097e-174,51862,0.0339131336872277
m2,C(ubigeo)[T.40509],-0.1606009815333882,0.00347185761952909,0.0,51862,0.0339131336872277
m2,C(ubigeo)[T.40510],-0.11245353999395169,0.0035584198638395305,3.454794037731561e-219,51862,0.0339131336872277
m2,C(ubigeo)[T.40511],-0.05452375757553692,0.00417411865312701,5.4040672635832065e-39,51862,0.0339131336872277
m2,C(ubigeo)[T.40512],-0.07016849230356494,0.0034093237219612474,4.0327384766574404e-94,51862,0.0339131336872277
m2,C(ubigeo)[T.40513],-0.016446457899091306,0.0033011193462736403,6.290271987858613e-07,51862,0.0339131336872277
m2,C(ubigeo)[T.40514],-0.13378711527021867,0.0038527258743203366,3.2695904763351356e-264,51862,0.0339131336872277
m2,C(ubigeo)[T.40602],-0.11151151159467806,0.0037976221923653438,1.6065127187825094e-189,51862,0.0339131336872277
m2,C(ubigeo)[T.40603],-0.12418538307120398,0.0036314394575695953,2.6530764537218696e-256,51862,0.0339131336872277
m2,C(ubigeo)[T.40604],-0.07880242083651423,0.0037823741614457233,2.1240123097391017e-96,51862,0.0339131336872277
m2,C(ubigeo)[T.40605],-0.11397730779636911,0.0033812533593261013,4.3253817244889596e-249,51862,0.0339131336872277
m2,C(ubigeo)[T.40606],-0.1235930326714558,0.003830588931979981,2.1843230651957654e-228,51862,0.0339131336872277
m2,C(ubigeo)[T.40607],-0.12379519346451624,0.0038309562321326455,4.3855239586048525e-229,51862,0.0339131336872277
m2,C(ubigeo)[T.40608],-0.08824245081062247,0.0036349009227034756,3.4775484884377068e-130,51862,0.0339131336872277
m2,C(ubigeo)[T.40702],-0.17906953597375513,0.003708961377833386,0.0,51862,0.0339131336872277
m2,C(ubigeo)[T.40703],-0.1419006546342409,0.0033061955076759218,0.0,51862,0.0339131336872277
m2,C(ubigeo)[T.40704],-0.14886964365627303,0.0034868496361275553,0.0,51862,0.0339131336872277
m2,C(ubigeo)[T.40705],-0.09912812558277949,0.0033470062929959257,9.040526281483456e-193,51862,0.0339131336872277
m2,C(ubigeo)[T.40706],-0.17107899487544861,0.0038303774117381243,0.0,51862,0.0339131336872277
m2,C(ubigeo)[T.40802],-0.15075532911084025,0.003940222805783717,0.0,51862,0.0339131336872277
m2,C(ubigeo)[T.40803],-0.07929915198554115,0.0036213552302802594,2.735575883494056e-106,51862,0.0339131336872277
m2,C(ubigeo)[T.40804],-0.11268625711127851,0.0035964706108395405,1.6869701723153403e-215,51862,0.0339131336872277
m2,C(ubigeo)[T.40805],-0.135572966440318,0.0037191066332942463,6.143773244948191e-291,51862,0.0339131336872277
m2,C(ubigeo)[T.40806],-0.11213442191574031,0.0035282855992610144,1.1639848170560634e-221,51862,0.0339131336872277
m2,C(ubigeo)[T.40807],-0.046204333960150286,0.0033819943269165135,1.7154468287454735e-42,51862,0.0339131336872277
m2,C(ubigeo)[T.40808],-0.0323310686112409,0.0035595871754543515,1.0580322362736064e-19,51862,0.0339131336872277
m2,C(ubigeo)[T.40809],0.04231262837311996,0.0031990812107376833,6.169897164371519e-40,51862,0.0339131336872277
m2,C(ubigeo)[T.40810],0.04950582335371767,0.0042576042291803794,2.9828298152068613e-31,51862,0.0339131336872277
m2,C(ubigeo)[T.40811],-0.10579390639718286,0.0035803725081505807,6.906633130117671e-192,51862,0.0339131336872277
m2,C(ubigeo)[T.50102],-0.14422185775222718,0.0023310972808749434,0.0,51862,0.0339131336872277
m2,C(ubigeo)[T.50103],-0.1816403789123703,0.003155580885495492,0.0,51862,0.0339131336872277
m2,C(ubigeo)[T.50104],-0.14506429188788109,0.0022162354540699687,0.0,51862,0.0339131336872277
m2,C(ubigeo)[T.50105],-0.15187644379457602,0.002500761827063537,0.0,51862,0.0339131336872277
m2,C(ubigeo)[T.50106],-0.14775029605324697,0.0028780877881168353,0.0,51862,0.0339131336872277
m2,C(ubigeo)[T.50107],-0.1882030573042806,0.0031898211995246327,0.0,51862,0.0339131336872277
m2,C(ubigeo)[T.50108],-0.07920174526542699,0.0019513704596887916,0.0,51862,0.0339131336872277
m2,C(ubigeo)[T.50109],-0.16183097086187306,0.0027184122838839787,0.0,51862,0.0339131336872277
m2,C(ubigeo)[T.50110],-0.13723397676464819,0.00237646994034079,0.0,51862,0.0339131336872277
m2,C(ubigeo)[T.50111],-0.1526785045197911,0.0024849392429084345,0.0,51862,0.0339131336872277
m2,C(ubigeo)[T.50112],-0.12711285711968517,0.002141875658604701,0.0,51862,0.0339131336872277
m2,C(ubigeo)[T.50113],-0.17252896405299817,0.0031245410534511816,0.0,51862,0.0339131336872277
m2,C(ubigeo)[T.50114],-0.11585640993563326,0.0020063587750479323,0.0,51862,0.0339131336872277
m2,C(ubigeo)[T.50115],-0.18007644667229417,0.0031770890674060236,0.0,51862,0.0339131336872277
m2,C(ubigeo)[T.50116],-0.19084572521661827,0.0028645244347418343,0.0,51862,0.0339131336872277
m2,C(ubigeo)[T.50204],-0.11855966435307053,0.002400470929306868,0.0,51862,0.0339131336872277
m2,C(ubigeo)[T.50206],-0.16209513577561493,0.003357581458658833,0.0,51862,0.0339131336872277
m2,C(ubigeo)[T.50207],-0.1726742475090989,0.0031520711842058053,0.0,51862,0.0339131336872277
m2,C(ubigeo)[T.50208],-0.15550218278364827,0.0030816844794862228,0.0,51862,0.0339131336872277
m2,C(ubigeo)[T.50211],-0.10563346800340778,0.002227079719066189,0.0,51862,0.0339131336872277
m2,C(ubigeo)[T.50302],-0.1094431735403732,0.0026692477089707146,0.0,51862,0.0339131336872277
m2,C(ubigeo)[T.50303],-0.1534561813172134,0.002366764549199324,0.0,51862,0.0339131336872277
m2,C(ubigeo)[T.50304],-0.1473020205324114,0.0019041384120485792,0.0,51862,0.0339131336872277
m2,C(ubigeo)[T.50305],-0.1678411342213942,0.002613272687332877,0.0,51862,0.0339131336872277
m2,C(ubigeo)[T.50307],-0.12115698477822978,0.00216847241295341,0.0,51862,0.0339131336872277
m2,C(ubigeo)[T.50308],-0.16857029029085946,0.0028350075052932036,0.0,51862,0.0339131336872277
m2,C(ubigeo)[T.50309],-0.1846747603001316,0.0030192986649875695,0.0,51862,0.0339131336872277
m2,C(ubigeo)[T.50310],-0.1331693254714,0.0012459330751257685,0.0,51862,0.0339131336872277
m2,C(ubigeo)[T.50311],-0.1863065709330608,0.0019648165632540886,0.0,51862,0.0339131336872277
m2,C(ubigeo)[T.50312],-0.0687608845615184,0.0019155688719807787,3.551753809934562e-282,51862,0.0339131336872277
m2,C(ubigeo)[T.50313],-0.1304897998390337,0.0007517040703806397,0.0,51862,0.0339131336872277
m2,C(ubigeo)[T.50402],-0.1599509800408182,0.0026083005667636733,0.0,51862,0.0339131336872277
m2,C(ubigeo)[T.50403],-0.1719319472064794,0.0028519847714903743,0.0,51862,0.0339131336872277
m2,C(ubigeo)[T.50404],-0.13717077946016534,0.0018128593789791022,0.0,51862,0.0339131336872277
m2,C(ubigeo)[T.50405],-0.12395679777171661,0.001765216898361174,0.0,51862,0.0339131336872277
m2,C(ubigeo)[T.50406],-0.16511842153869002,0.0024410985767093184,0.0,51862,0.0339131336872277
m2,C(ubigeo)[T.50407],-0.1324551820415622,0.0022401062329280605,0.0,51862,0.0339131336872277
m2,C(ubigeo)[T.50408],-0.17778277427407094,0.002883191334832697,0.0,51862,0.0339131336872277
m2,C(ubigeo)[T.50409],-0.12191551173067233,0.0011009537117833235,0.0,51862,0.0339131336872277
m2,C(ubigeo)[T.50410],-0.09444685382760337,0.000800526770485071,0.0,51862,0.0339131336872277
m2,C(ubigeo)[T.50411],-0.09044836800644947,0.001505135101576759,0.0,51862,0.0339131336872277
m2,C(ubigeo)[T.50412],-0.1562406706930149,0.000996746458185821,0.0,51862,0.0339131336872277
m2,C(ubigeo)[T.50413],-0.13048979983902026,0.0007517040703809841,0.0,51862,0.0339131336872277
m2,C(ubigeo)[T.50414],-0.08064141300175294,0.0003467297716171662,0.0,51862,0.0339131336872277
m2,C(ubigeo)[T.50415],-0.008749874210360133,0.0013395788200171333,6.497959713683366e-11,51862,0.0339131336872277
m2,C(ubigeo)[T.50502],-0.15213555371492274,0.0024307305961433416,0.0,51862,0.0339131336872277
m2,C(ubigeo)[T.50503],-0.15056844195176036,0.0027946033137810017,0.0,51862,0.0339131336872277
m2,C(ubigeo)[T.50504],-0.07538807509704569,0.0020144250546591264,1.584111600254026e-306,51862,0.0339131336872277
m2,C(ubigeo)[T.50506],-0.14704726984752045,0.0025735671628547927,0.0,51862,0.0339131336872277
m2,C(ubigeo)[T.50508],-0.1669195460277467,0.002785155613720395,0.0,51862,0.0339131336872277
m2,C(ubigeo)[T.50510],-0.03972498604696115,0.0017020470564988038,1.7603412348487802e-120,51862,0.0339131336872277
m2,C(ubigeo)[T.50511],-0.14052510432477852,0.0020868019777979,0.0,51862,0.0339131336872277
m2,C(ubigeo)[T.50512],-0.10912193563297656,0.0016483206249626767,0.0,51862,0.0339131336872277
m2,C(ubigeo)[T.50513],-0.11001719319538901,0.0028221714334945983,0.0,51862,0.0339131336872277
m2,C(ubigeo)[T.50514],-0.13296769959066979,0.0023117314566813807,0.0,51862,0.0339131336872277
m2,C(ubigeo)[T.50516],-0.049554155488518416,0.0007804037443313033,0.0,51862,0.0339131336872277
m2,C(ubigeo)[T.50517],-0.1320030034691059,0.0016579743460288776,0.0,51862,0.0339131336872277
m2,C(ubigeo)[T.50520],-0.16825044204458273,0.002673380318348836,0.0,51862,0.0339131336872277
m2,C(ubigeo)[T.50521],-0.14687743737071368,0.0027146103944828527,0.0,51862,0.0339131336872277
m2,C(ubigeo)[T.50522],-0.15724450083068223,0.0029875098771336176,0.0,51862,0.0339131336872277
m2,C(ubigeo)[T.50524],-0.13376230993672283,0.0021938175866186827,0.0,51862,0.0339131336872277
m2,C(ubigeo)[T.50525],-0.07324957796955389,0.0011976395200609708,0.0,51862,0.0339131336872277
m2,C(ubigeo)[T.50529],-0.018190527893712605,0.0005108810561070823,1.1236626103196029e-277,51862,0.0339131336872277
m2,C(ubigeo)[T.50531],-0.11564322584979446,0.002621195767644735,0.0,51862,0.0339131336872277
m2,C(ubigeo)[T.50532],-0.13706607637323628,0.0026610397411708955,0.0,51862,0.0339131336872277
m2,C(ubigeo)[T.50604],-0.04829642034771654,0.0009362116961112054,0.0,51862,0.0339131336872277
m2,C(ubigeo)[T.50605],-0.11854190641224155,0.0016586781506518053,0.0,51862,0.0339131336872277
m2,C(ubigeo)[T.50608],-0.08439217495445349,0.0011872545346960361,0.0,51862,0.0339131336872277
m2,C(ubigeo)[T.50611],-0.10113174154878195,0.001729110541049236,0.0,51862,0.0339131336872277
m2,C(ubigeo)[T.50612],-0.12590098332676952,0.0015600630927510935,0.0,51862,0.0339131336872277
m2,C(ubigeo)[T.50615],-0.08466172267861516,0.0011832629743980729,0.0,51862,0.0339131336872277
m2,C(ubigeo)[T.50616],-0.08827228689297996,0.0007587269481550778,0.0,51862,0.0339131336872277
m2,C(ubigeo)[T.50702],-0.12408821521450836,0.0018994303151971138,0.0,51862,0.0339131336872277
m2,C(ubigeo)[T.50703],-0.1387955903490536,0.00236877160396,0.0,51862,0.0339131336872277
m2,C(ubigeo)[T.50704],-0.14674925270236266,0.002038100809162322,0.0,51862,0.0339131336872277
m2,C(ubigeo)[T.50706],-0.11606722431018512,0.0019265313243331434,0.0,51862,0.0339131336872277
m2,C(ubigeo)[T.50707],-0.14581893297238285,0.0021581838291474184,0.0,51862,0.0339131336872277
m2,C(ubigeo)[T.50708],-0.14544165870173506,0.0022050940151134863,0.0,51862,0.0339131336872277
m2,C(ubigeo)[T.50709],-0.11887367816204834,0.0015866513188279535,0.0,51862,0.0339131336872277
m2,C(ubigeo)[T.50710],-0.13597184752799002,0.0019487629252292853,0.0,51862,0.0339131336872277
m2,C(ubigeo)[T.50713],-0.13506923952541922,0.002060706956667006,0.0,51862,0.0339131336872277
m2,C(ubigeo)[T.50714],-0.14468683253110873,0.002198155431439693,0.0,51862,0.0339131336872277
m2,C(ubigeo)[T.50715],-0.06254162253525185,0.0009541965856884462,0.0,51862,0.0339131336872277
m2,C(ubigeo)[T.50802],-0.09099123684720112,0.0018691239565756922,0.0,51862,0.0339131336872277
m2,C(ubigeo)[T.50803],-0.12138970189553334,0.0022149120409112612,0.0,51862,0.0339131336872277
m2,C(ubigeo)[T.50804],-0.11406098809833587,0.0022760265641925204,0.0,51862,0.0339131336872277
m2,C(ubigeo)[T.50902],-0.15326956355099142,0.002800925767704413,0.0,51862,0.0339131336872277
m2,C(ubigeo)[T.50903],-0.12930688725310893,0.0020361263045356793,0.0,51862,0.0339131336872277
m2,C(ubigeo)[T.50904],-0.09804792506922512,0.0021481730202312114,0.0,51862,0.0339131336872277
m2,C(ubigeo)[T.50905],-0.11135424959552027,0.0014694089849932462,0.0,51862,0.0339131336872277
m2,C(ubigeo)[T.50906],-0.14226816723617278,0.0019018483720984482,0.0,51862,0.0339131336872277
m2,C(ubigeo)[T.50907],-0.1177416887723065,0.0016546804818919428,0.0,51862,0.0339131336872277
m2,C(ubigeo)[T.50908],-0.0805306412466162,0.0016855668124220358,0.0,51862,0.0339131336872277
m2,C(ubigeo)[T.51002],-0.0761488547299272,0.002459751282567487,1.98596489294639e-210,51862,0.0339131336872277
m2,C(ubigeo)[T.51003],0.028428787921106455,0.0014777993260012205,1.8055284523375428e-82,51862,0.0339131336872277
m2,C(ubigeo)[T.51004],-0.14348012888622216,0.002398658113021719,0.0,51862,0.0339131336872277
m2,C(ubigeo)[T.51005],-0.1300332769518083,0.001909887328187702,0.0,51862,0.0339131336872277
m2,C(ubigeo)[T.51006],-0.13995308406665802,0.0021961725471400444,0.0,51862,0.0339131336872277
m2,C(ubigeo)[T.51007],-0.13598588035423279,0.0020552992824109614,0.0,51862,0.0339131336872277
m2,C(ubigeo)[T.51008],-0.07157121207895321,0.001477799326004159,0.0,51862,0.0339131336872277
m2,C(ubigeo)[T.51009],-0.005767048648699058,0.0022226634307784296,0.009468543019930872,51862,0.0339131336872277
m2,C(ubigeo)[T.51010],-0.11573545256052958,0.0019938618248912677,0.0,51862,0.0339131336872277
m2,C(ubigeo)[T.51102],-0.10995561135341382,0.0016891917483154901,0.0,51862,0.0339131336872277
m2,C(ubigeo)[T.51103],-0.11495095168594331,0.002140111109410664,0.0,51862,0.0339131336872277
m2,C(ubigeo)[T.51104],-0.15129375476027124,0.0020712396064349564,0.0,51862,0.0339131336872277
m2,C(ubigeo)[T.51105],-0.10318083696726739,0.0012997170241514683,0.0,51862,0.0339131336872277
m2,C(ubigeo)[T.51106],-0.11650434772122686,0.0018020673977339001,0.0,51862,0.0339131336872277
m2,C(ubigeo)[T.51107],-0.07882548933182366,0.00219911913289009,2.270968877833737e-281,51862,0.0339131336872277
m2,C(ubigeo)[T.51108],-0.05666621121919266,0.0019173698234204895,5.810474412830872e-192,51862,0.0339131336872277
m2,C(ubigeo)[T.51109],-0.10937416152223192,0.0017600571317669073,0.0,51862,0.0339131336872277
m2,C(ubigeo)[T.51110],-0.10913830726361266,0.0017632084507154847,0.0,51862,0.0339131336872277
m2,C(ubigeo)[T.51111],-0.049398217375894116,0.0014484159882288102,6.220351013368883e-255,51862,0.0339131336872277
m2,C(ubigeo)[T.60102],-0.13874540177380312,0.004139537389029841,2.713622317880212e-246,51862,0.0339131336872277
m2,C(ubigeo)[T.60103],-0.09716417778242428,0.0036236482548141426,2.2243498863404777e-158,51862,0.0339131336872277
m2,C(ubigeo)[T.60104],-0.12809194529258647,0.003979038136759184,2.3072079775958198e-227,51862,0.0339131336872277
m2,C(ubigeo)[T.60105],-0.18618089252185907,0.004751194619793061,0.0,51862,0.0339131336872277
m2,C(ubigeo)[T.60106],-0.17333434936546388,0.004328603402722002,0.0,51862,0.0339131336872277
m2,C(ubigeo)[T.60107],-0.18450848323232852,0.0043983743561933734,0.0,51862,0.0339131336872277
m2,C(ubigeo)[T.60108],-0.16639914798530614,0.004207064086177118,0.0,51862,0.0339131336872277
m2,C(ubigeo)[T.60109],-0.13248193621310067,0.004208212061789044,1.5434921076845759e-217,51862,0.0339131336872277
m2,C(ubigeo)[T.60110],-0.10568855473581562,0.0036527830965864,4.4995437633674106e-184,51862,0.0339131336872277
m2,C(ubigeo)[T.60111],-0.16083579111749416,0.004348623142644333,1.962225167182343e-299,51862,0.0339131336872277
m2,C(ubigeo)[T.60112],-0.16637914065998602,0.0041384304777617835,0.0,51862,0.0339131336872277
m2,C(ubigeo)[T.60202],-0.1368893414503665,0.004189990805183566,4.0918676019107106e-234,51862,0.0339131336872277
m2,C(ubigeo)[T.60203],-0.16083522072741308,0.004197311579718096,0.0,51862,0.0339131336872277
m2,C(ubigeo)[T.60205],-0.12421334957045004,0.0038103382867027687,4.2324713351421575e-233,51862,0.0339131336872277
m2,C(ubigeo)[T.60302],-0.10066913272143449,0.003255092368593568,5.2345904787249826e-210,51862,0.0339131336872277
m2,C(ubigeo)[T.60303],-0.12521002155634062,0.003620357678882675,4.2486548160869333e-262,51862,0.0339131336872277
m2,C(ubigeo)[T.60304],-0.16695037245700228,0.0036661706196424344,0.0,51862,0.0339131336872277
m2,C(ubigeo)[T.60305],-0.09785536892756862,0.003471259517916101,7.719498197160154e-175,51862,0.0339131336872277
m2,C(ubigeo)[T.60306],-0.14889345693723832,0.0036597871586321554,0.0,51862,0.0339131336872277
m2,C(ubigeo)[T.60307],-0.09716417778245803,0.003623648254808565,2.2243498833193182e-158,51862,0.0339131336872277
m2,C(ubigeo)[T.60308],-0.11098968738702619,0.0038793814547123735,5.0238126287111626e-180,51862,0.0339131336872277
m2,C(ubigeo)[T.60309],-0.16497559448819757,0.0039854939030109626,0.0,51862,0.0339131336872277
m2,C(ubigeo)[T.60310],-0.1719914608332222,0.004271747822565359,0.0,51862,0.0339131336872277
m2,C(ubigeo)[T.60311],-0.1461167015860098,0.004091983060652324,2.9658731415713574e-279,51862,0.0339131336872277
m2,C(ubigeo)[T.60312],-0.13159142858286146,0.0035721276402486918,4.487262086076739e-297,51862,0.0339131336872277
m2,C(ubigeo)[T.60403],-0.1444879496884095,0.0038456244538051373,6.15337058313747e-309,51862,0.0339131336872277
m2,C(ubigeo)[T.60404],-0.13101940832471345,0.0036979085838744975,5.756123364117703e-275,51862,0.0339131336872277
m2,C(ubigeo)[T.60405],-0.16210905777922952,0.003960256979880902,0.0,51862,0.0339131336872277
m2,C(ubigeo)[T.60406],-0.08862015571830206,0.0037178418634405963,1.399586464245115e-125,51862,0.0339131336872277
m2,C(ubigeo)[T.60407],-0.1133392852008105,0.0035174237230525354,8.614873078357362e-228,51862,0.0339131336872277
m2,C(ubigeo)[T.60408],-0.12461757200332142,0.0037521807766805154,7.21554100179552e-242,51862,0.0339131336872277
m2,C(ubigeo)[T.60409],-0.09809133886507679,0.0035625264040073127,6.840783829854575e-167,51862,0.0339131336872277
m2,C(ubigeo)[T.60502],-0.11775597531898402,0.003908397836575206,2.023521324335243e-199,51862,0.0339131336872277
m2,C(ubigeo)[T.60503],0.13874313290529558,0.0032064929214433236,0.0,51862,0.0339131336872277
m2,C(ubigeo)[T.60504],-0.1441463602644024,0.00390644600212537,4.686915069909703e-298,51862,0.0339131336872277
m2,C(ubigeo)[T.60505],0.0022467890069227045,0.0035948368830141654,0.5319681451342202,51862,0.0339131336872277
m2,C(ubigeo)[T.60506],-0.16402278759528163,0.004105711946769535,0.0,51862,0.0339131336872277
m2,C(ubigeo)[T.60507],-0.09890852727598275,0.0034008006823636177,5.738635324489999e-186,51862,0.0339131336872277
m2,C(ubigeo)[T.60508],-0.10626224123584468,0.003578074387949574,8.109351531209355e-194,51862,0.0339131336872277
m2,C(ubigeo)[T.60509],-0.09140745680324784,0.0031404333374900786,2.958553439338015e-186,51862,0.0339131336872277
m2,C(ubigeo)[T.60510],-0.048448790461973784,0.003267213926124048,9.545461519777034e-50,51862,0.0339131336872277
m2,C(ubigeo)[T.60511],-0.10650426703784037,0.0036842365868317278,9.44539506293877e-184,51862,0.0339131336872277
m2,C(ubigeo)[T.60512],-0.15700529360322776,0.0037317741327793892,0.0,51862,0.0339131336872277
m2,C(ubigeo)[T.60513],-0.11312157357749988,0.003516472764696128,4.784113825574868e-227,51862,0.0339131336872277
m2,C(ubigeo)[T.60514],-0.10692589578686587,0.0035029738830025304,1.2397595821066647e-204,51862,0.0339131336872277
m2,C(ubigeo)[T.60515],-0.07149752048911887,0.0032505532092139897,3.180576926737696e-107,51862,0.0339131336872277
m2,C(ubigeo)[T.60602],0.04150418350733849,0.003022035001564124,6.365647359299207e-43,51862,0.0339131336872277
m2,C(ubigeo)[T.60603],-0.13334787238510792,0.003961051531527698,1.8960052395903287e-248,51862,0.0339131336872277
m2,C(ubigeo)[T.60604],-0.12813220916297094,0.004084547048986165,5.1940684814749426e-216,51862,0.0339131336872277
m2,C(ubigeo)[T.60605],-0.06711533735943882,0.0037427443277000833,6.620736649162555e-72,51862,0.0339131336872277
m2,C(ubigeo)[T.60606],-0.044000945126115125,0.003637038684433471,1.0819705154205666e-33,51862,0.0339131336872277
m2,C(ubigeo)[T.60607],0.026627359618497055,0.003796148316569757,2.3108716416645753e-12,51862,0.0339131336872277
m2,C(ubigeo)[T.60608],-0.13426060985092447,0.004345036895766051,1.2032502777556203e-209,51862,0.0339131336872277
m2,C(ubigeo)[T.60609],-0.15803136814451688,0.0044233881062380204,1.543260042536576e-279,51862,0.0339131336872277
m2,C(ubigeo)[T.60610],-0.12212564415532319,0.004088281266931189,4.531048234637561e-196,51862,0.0339131336872277
m2,C(ubigeo)[T.60611],0.09469586228498117,0.003919662773494207,5.978556165237477e-129,51862,0.0339131336872277
m2,C(ubigeo)[T.60612],0.09044128356719967,0.0031803013643485257,6.866180124297521e-178,51862,0.0339131336872277
m2,C(ubigeo)[T.60613],0.14207363748655963,0.0035926476150072778,0.0,51862,0.0339131336872277
m2,C(ubigeo)[T.60614],-0.12550624633282248,0.0035552829503369696,5.601155578682058e-273,51862,0.0339131336872277
m2,C(ubigeo)[T.60615],-0.10356102799378993,0.00378271640067828,5.093922708266128e-165,51862,0.0339131336872277
m2,C(ubigeo)[T.60616],-0.032331068611287865,0.003559587175458614,1.0580322362510823e-19,51862,0.0339131336872277
m2,C(ubigeo)[T.60617],-0.03187012027601111,0.0035193217591263253,1.3562459003494388e-19,51862,0.0339131336872277
m2,C(ubigeo)[T.60618],-0.12256799757317575,0.003578928178358592,4.813231050829717e-257,51862,0.0339131336872277
m2,C(ubigeo)[T.60619],-0.12779601338771102,0.0032356667211602902,0.0,51862,0.0339131336872277
m2,C(ubigeo)[T.60702],-0.12481973279637537,0.003752350646076775,1.263522439046389e-242,51862,0.0339131336872277
m2,C(ubigeo)[T.60703],0.014802383202329458,0.004355731794535264,0.000677889592545926,51862,0.0339131336872277
m2,C(ubigeo)[T.60802],0.01876744318023959,0.004121353012410676,5.270820159853669e-06,51862,0.0339131336872277
m2,C(ubigeo)[T.60803],-0.15261950059076254,0.00430852917966991,7.652749646681501e-275,51862,0.0339131336872277
m2,C(ubigeo)[T.60804],-0.14015064548767114,0.003898432810403499,4.969456919120976e-283,51862,0.0339131336872277
m2,C(ubigeo)[T.60805],-0.1215835336096019,0.0034138241860717736,8.1928711141455e-278,51862,0.0339131336872277
m2,C(ubigeo)[T.60806],-0.14500634304731158,0.0037372396703415473,0.0,51862,0.0339131336872277
m2,C(ubigeo)[T.60807],-0.12001855099139251,0.0035373114758767577,2.462899373628295e-252,51862,0.0339131336872277
m2,C(ubigeo)[T.60808],-0.1485061359940053,0.003926069155473218,0.0,51862,0.0339131336872277
m2,C(ubigeo)[T.60809],-0.1325537325692209,0.0033920664497715343,0.0,51862,0.0339131336872277
m2,C(ubigeo)[T.60810],-0.11374448389857025,0.0032492694209613183,1.8123770446595803e-268,51862,0.0339131336872277
m2,C(ubigeo)[T.60811],-0.08020849021273148,0.0036077572183443717,1.6759669321842524e-109,51862,0.0339131336872277
m2,C(ubigeo)[T.60812],-0.12176397389267941,0.0030907677468918556,0.0,51862,0.0339131336872277
m2,C(ubigeo)[T.60902],-0.12341873922438434,0.003940506346058074,2.452178886299418e-215,51862,0.0339131336872277
m2,C(ubigeo)[T.60903],-0.09200812735434072,0.003929287814920027,2.937903558788025e-121,51862,0.0339131336872277
m2,C(ubigeo)[T.60904],-0.0810999684792711,0.0034332138732124915,2.281199043733569e-123,51862,0.0339131336872277
m2,C(ubigeo)[T.60905],-0.013340854992354607,0.0036771522617303452,0.00028558117345638286,51862,0.0339131336872277
m2,C(ubigeo)[T.60906],-0.14135294533003995,0.004258735650292924,1.437689623739907e-241,51862,0.0339131336872277
m2,C(ubigeo)[T.60907],0.018605469167962893,0.0030896787974532517,1.7247367640744988e-09,51862,0.0339131336872277
m2,C(ubigeo)[T.60908],0.06990029386017702,0.0027262085264951295,5.450373452503045e-145,51862,0.0339131336872277
m2,C(ubigeo)[T.60909],-0.09032571311045591,0.003470817517784867,2.627186485889034e-149,51862,0.0339131336872277
m2,C(ubigeo)[T.60910],-0.03465671369763192,0.003136322494896215,2.189424500748131e-28,51862,0.0339131336872277
m2,C(ubigeo)[T.60911],-0.04799171485220712,0.0032738220799185696,1.175968765992651e-48,51862,0.0339131336872277
m2,C(ubigeo)[T.61002],-0.12740572462780883,0.0033613741393202943,0.0,51862,0.0339131336872277
m2,C(ubigeo)[T.61003],-0.14103828009291602,0.0036652204209710864,0.0,51862,0.0339131336872277
m2,C(ubigeo)[T.61004],0.11237552185904227,0.0040194413385427705,5.27045602213385e-172,51862,0.0339131336872277
m2,C(ubigeo)[T.61005],-0.0590319581256982,0.003575811563203451,3.177146498111143e-61,51862,0.0339131336872277
m2,C(ubigeo)[T.61006],-0.14949968242200662,0.0036487579136335276,0.0,51862,0.0339131336872277
m2,C(ubigeo)[T.61007],-0.14865402134308958,0.003806026393248984,0.0,51862,0.0339131336872277
m2,C(ubigeo)[T.61008],-0.14879209248251873,0.004200606405332573,7.948830262616091e-275,51862,0.0339131336872277
m2,C(ubigeo)[T.61009],-0.15077827868988056,0.004038004523023388,3.7120278355096674e-305,51862,0.0339131336872277
m2,C(ubigeo)[T.61010],-0.1550229775858206,0.004085371773040774,0.0,51862,0.0339131336872277
m2,C(ubigeo)[T.61011],0.11615803850999223,0.002983175664284329,0.0,51862,0.0339131336872277
m2,C(ubigeo)[T.61012],-0.06238882872145396,0.003128738371933931,1.8098810600779133e-88,51862,0.0339131336872277
m2,C(ubigeo)[T.61013],-0.1195017066971176,0.003605380108880814,6.600713621950041e-241,51862,0.0339131336872277
m2,C(ubigeo)[T.61102],-0.15014700658932376,0.004351990858093532,7.812797445123337e-261,51862,0.0339131336872277
m2,C(ubigeo)[T.61103],-0.15118871386487434,0.003983757969460268,0.0,51862,0.0339131336872277
m2,C(ubigeo)[T.61104],-0.09763588629970078,0.00362756936169022,1.4676015547216865e-159,51862,0.0339131336872277
m2,C(ubigeo)[T.61105],-0.15869563580996035,0.003991484422931987,0.0,51862,0.0339131336872277
m2,C(ubigeo)[T.61106],-0.17633510111112138,0.004364797103817328,0.0,51862,0.0339131336872277
m2,C(ubigeo)[T.61107],-0.12938071474682844,0.0039438760397976095,4.91982869084968e-236,51862,0.0339131336872277
m2,C(ubigeo)[T.61202],-0.11258495743685755,0.00366475057566934,2.9805219365844672e-207,51862,0.0339131336872277
m2,C(ubigeo)[T.61203],-0.12200361367276226,0.003941392902343012,2.214031230367447e-210,51862,0.0339131336872277
m2,C(ubigeo)[T.61204],-0.1396029445093052,0.003950792741252075,1.6788159649796595e-273,51862,0.0339131336872277
m2,C(ubigeo)[T.61205],-0.15022438939060231,0.004265864988068811,1.1597881000139823e-271,51862,0.0339131336872277
m2,C(ubigeo)[T.61206],-0.1437804736717096,0.003907023124992295,1.8113921010315588e-296,51862,0.0339131336872277
m2,C(ubigeo)[T.61207],-0.05347139083154395,0.0036911338514904156,1.4759567548483442e-47,51862,0.0339131336872277
m2,C(ubigeo)[T.61302],-0.17429018326282766,0.004409494209581121,0.0,51862,0.0339131336872277
m2,C(ubigeo)[T.61303],-0.13895751814517826,0.003896788556813527,1.6790305959711265e-278,51862,0.0339131336872277
m2,C(ubigeo)[T.61304],0.06609377432510039,0.004217769561895609,2.413831083909907e-55,51862,0.0339131336872277
m2,C(ubigeo)[T.70102],-0.13685408820276335,0.0031722772026870154,0.0,51862,0.0339131336872277
m2,C(ubigeo)[T.70103],-0.14161967451244306,0.0027218035768253814,0.0,51862,0.0339131336872277
m2,C(ubigeo)[T.70104],-0.18020492304943014,0.0029810192085820615,0.0,51862,0.0339131336872277
m2,C(ubigeo)[T.70105],-0.18832929583973554,0.004120308582501324,0.0,51862,0.0339131336872277
m2,C(ubigeo)[T.70106],-0.19083788359310594,0.004480070160504745,0.0,51862,0.0339131336872277
m2,C(ubigeo)[T.70107],-0.15458572379640195,0.0029305394134619147,0.0,51862,0.0339131336872277
m2,C(ubigeo)[T.70108],-0.19684578601825337,0.004536085457572428,0.0,51862,0.0339131336872277
m2,C(ubigeo)[T.70202],-0.14832535820727946,0.002499247138183929,0.0,51862,0.0339131336872277
m2,C(ubigeo)[T.70203],-0.1408779456463702,0.002791998925341294,0.0,51862,0.0339131336872277
m2,C(ubigeo)[T.70204],-0.17593606532431322,0.003298617654849616,0.0,51862,0.0339131336872277
m2,C(ubigeo)[T.70205],-0.1485190789257842,0.0032733415266629155,0.0,51862,0.0339131336872277
m2,C(ubigeo)[T.70206],-0.07718349693438606,0.0017259165600293242,0.0,51862,0.0339131336872277
m2,C(ubigeo)[T.70207],-0.05767776925742089,0.001517497697842012,0.0,51862,0.0339131336872277
m2,C(ubigeo)[T.70302],-0.1759088447157976,0.003502703961150141,0.0,51862,0.0339131336872277
m2,C(ubigeo)[T.70303],-0.15898753029793877,0.0033514538346291066,0.0,51862,0.0339131336872277
m2,C(ubigeo)[T.70304],-0.15075743785049905,0.002774934398337655,0.0,51862,0.0339131336872277
m2,C(ubigeo)[T.70305],-0.15494853845124812,0.003375913683549695,0.0,51862,0.0339131336872277
m2,C(ubigeo)[T.70306],-0.15988499037340376,0.0026805876361609177,0.0,51862,0.0339131336872277
m2,C(ubigeo)[T.70307],-0.1480325402808375,0.0024213909633271184,0.0,51862,0.0339131336872277
m2,C(ubigeo)[T.70308],-0.0989168831327632,0.0018410603274579642,0.0,51862,0.0339131336872277
m2,C(ubigeo)[T.70309],-0.1429110060157658,0.003179804452902177,0.0,51862,0.0339131336872277
m2,C(ubigeo)[T.70402],-0.15562587302121866,0.003364531408346364,0.0,51862,0.0339131336872277
m2,C(ubigeo)[T.70403],-0.1448219354868116,0.003097233292268452,0.0,51862,0.0339131336872277
m2,C(ubigeo)[T.70404],-0.15512649859982058,0.0034128182606608655,0.0,51862,0.0339131336872277
m2,C(ubigeo)[T.70405],-0.16863749617392365,0.003406502917179704,0.0,51862,0.0339131336872277
m2,C(ubigeo)[T.70406],-0.11897051549336406,0.003677634378392132,1.3990601786561632e-229,51862,0.0339131336872277
m2,C(ubigeo)[T.70407],-0.17207912811085319,0.0037313079624155063,0.0,51862,0.0339131336872277
m2,C(ubigeo)[T.70408],-0.1616609086486488,0.003609016301300064,0.0,51862,0.0339131336872277
m2,C(ubigeo)[T.70502],-0.14022419491758226,0.0028980807618395462,0.0,51862,0.0339131336872277
m2,C(ubigeo)[T.70503],-0.15920741083650836,0.002616315997348779,0.0,51862,0.0339131336872277
m2,C(ubigeo)[T.70504],-0.16419279613067383,0.002700569336194113,0.0,51862,0.0339131336872277
m2,C(ubigeo)[T.70505],-0.16626795012564483,0.003362286881100387,0.0,51862,0.0339131336872277
m2,C(ubigeo)[T.70506],-0.1311903509316734,0.0026776405880455786,0.0,51862,0.0339131336872277
m2,C(ubigeo)[T.70507],-0.10286923214743669,0.0025520552599121336,0.0,51862,0.0339131336872277
m2,C(ubigeo)[T.70508],-0.09383401571272036,0.002602269545004636,1.0137473155931853e-284,51862,0.0339131336872277
m2,C(ubigeo)[T.70602],-0.1483380330180491,0.002596119652629967,0.0,51862,0.0339131336872277
m2,C(ubigeo)[T.70603],-0.12270021747252607,0.0030707005885225467,0.0,51862,0.0339131336872277
m2,C(ubigeo)[T.70604],-0.17645917223634572,0.0038595870740233333,0.0,51862,0.0339131336872277
m2,C(ubigeo)[T.70605],-0.16186963109467337,0.0034382115997000466,0.0,51862,0.0339131336872277
m2,C(ubigeo)[T.70606],-0.16115386882654598,0.0031021559456766734,0.0,51862,0.0339131336872277
m2,C(ubigeo)[T.70607],-0.15529273899182716,0.00331980036122495,0.0,51862,0.0339131336872277
m2,C(ubigeo)[T.70608],-0.13428866200564207,0.0022947962123823556,0.0,51862,0.0339131336872277
m2,C(ubigeo)[T.70702],-0.15441410929637958,0.0029149598789023146,0.0,51862,0.0339131336872277
m2,C(ubigeo)[T.70703],-0.17157342557523764,0.003553122157964588,0.0,51862,0.0339131336872277
m2,C(ubigeo)[T.70704],-0.15260847725732704,0.002620956472312194,0.0,51862,0.0339131336872277
m2,C(ubigeo)[T.70705],-0.16156591893183958,0.00348210004683825,0.0,51862,0.0339131336872277
m2,C(ubigeo)[T.70706],-0.16196243267627403,0.0030531700568128366,0.0,51862,0.0339131336872277
m2,C(ubigeo)[T.70707],-0.1391313863898473,0.0032428553714033506,0.0,51862,0.0339131336872277
m2,C(ubigeo)[T.70708],-0.14730533927470282,0.003911083442726144,1.96243488167003e-310,51862,0.0339131336872277
m2,C(ubigeo)[T.70802],-0.1236073559311022,0.0028297932099478765,0.0,51862,0.0339131336872277
m2,C(ubigeo)[T.70803],-0.1599988793370435,0.004189748956097678,0.0,51862,0.0339131336872277
m2,C(ubigeo)[T.70804],-0.12390309196767713,0.0037459772545923153,6.513484733066037e-240,51862,0.0339131336872277
m2,C(ubigeo)[T.70805],-0.1777255572019201,0.0037331246635920914,0.0,51862,0.0339131336872277
m2,C(ubigeo)[T.70806],-0.16945153633919266,0.0033179830797494705,0.0,51862,0.0339131336872277
m2,C(ubigeo)[T.70807],-0.1360128562549024,0.00283982883851019,0.0,51862,0.0339131336872277
m2,C(ubigeo)[T.70808],-0.09262079661219103,0.0028977304363000346,3.5394728889549327e-224,51862,0.0339131336872277
m2,C(ubigeo)[T.70902],-0.1868738763870917,0.004031421436388426,0.0,51862,0.0339131336872277
m2,C(ubigeo)[T.70903],-0.1817097745410053,0.0038401650009179727,0.0,51862,0.0339131336872277
m2,C(ubigeo)[T.70904],-0.15866399370632767,0.0033226108630035845,0.0,51862,0.0339131336872277
m2,C(ubigeo)[T.70905],-0.14207039755324227,0.003102708033893215,0.0,51862,0.0339131336872277
m2,C(ubigeo)[T.70906],-0.15611025230571438,0.00374834693044499,0.0,51862,0.0339131336872277
m2,C(ubigeo)[T.70907],-0.17158867624957092,0.0037614927503305928,0.0,51862,0.0339131336872277
m2,C(ubigeo)[T.70908],-0.16121797307486455,0.003018818061303312,0.0,51862,0.0339131336872277
m2,C(ubigeo)[T.70909],-0.15947263687872723,0.0033016980504783655,0.0,51862,0.0339131336872277
m2,C(ubigeo)[T.70910],-0.16430002880954464,0.003939157274614667,0.0,51862,0.0339131336872277
m2,C(ubigeo)[T.70911],0.009855594957230826,0.0017590090761986713,2.1076510956435918e-08,51862,0.0339131336872277
m2,C(ubigeo)[T.70912],-0.05480678268584309,0.004180144203902089,2.8399971059330203e-39,51862,0.0339131336872277
m2,C(ubigeo)[T.70913],-0.15345888651886136,0.004141420410252258,1.511417718695882e-300,51862,0.0339131336872277
m2,C(ubigeo)[T.70915],-0.1614326590192472,0.002945889306346705,0.0,51862,0.0339131336872277
m2,C(ubigeo)[T.70916],-0.15906286080723436,0.0033555948674569023,0.0,51862,0.0339131336872277
m2,C(ubigeo)[T.70917],0.025696299544215647,0.004257604229178439,1.5857978694999493e-09,51862,0.0339131336872277
m2,C(ubigeo)[T.70918],0.6929333672272525,0.0029169845892406117,0.0,51862,0.0339131336872277
m2,C(ubigeo)[T.70919],-0.06668731112611756,0.0023076718404733865,1.2617201295463687e-183,51862,0.0339131336872277
m2,C(ubigeo)[T.71002],-0.10689446225599379,0.0032139677612861217,1.4956366327055785e-242,51862,0.0339131336872277
m2,C(ubigeo)[T.71003],-0.1403251778163316,0.0030023710011674322,0.0,51862,0.0339131336872277
m2,C(ubigeo)[T.71004],-0.14409707185417622,0.0034360771908392286,0.0,51862,0.0339131336872277
m2,C(ubigeo)[T.71005],-0.15084811210028962,0.003439715215596681,0.0,51862,0.0339131336872277
m2,C(ubigeo)[T.71006],-0.15600172051633854,0.0031051469702409844,0.0,51862,0.0339131336872277
m2,C(ubigeo)[T.71007],-0.14126781352302728,0.003304351788927274,0.0,51862,0.0339131336872277
m2,C(ubigeo)[T.71008],-0.1231880594713479,0.0028336472971281124,0.0,51862,0.0339131336872277
m2,C(ubigeo)[T.71009],-0.07550065706039366,0.003248682280511294,1.7791521279427233e-119,51862,0.0339131336872277
m2,C(ubigeo)[T.71102],-0.12628662554611367,0.0032067079475503637,0.0,51862,0.0339131336872277
m2,C(ubigeo)[T.71103],-0.16261766196072971,0.0036561028033193096,0.0,51862,0.0339131336872277
m2,C(ubigeo)[T.71104],-0.16156591893184635,0.003482100046837142,0.0,51862,0.0339131336872277
m2,C(ubigeo)[T.71105],-0.15313358484236805,0.002999299705400688,0.0,51862,0.0339131336872277
m2,C(ubigeo)[T.71106],-0.11632679882960677,0.0029937488911075554,0.0,51862,0.0339131336872277
m2,C(ubigeo)[T.71202],-0.15947271620132542,0.0033408797877852053,0.0,51862,0.0339131336872277
m2,C(ubigeo)[T.71203],-0.17778833262633442,0.003720258333204503,0.0,51862,0.0339131336872277
m2,C(ubigeo)[T.71204],-0.13407460361223425,0.003029270207438049,0.0,51862,0.0339131336872277
m2,C(ubigeo)[T.71205],-0.16533963651755437,0.003357649332776463,0.0,51862,0.0339131336872277
m2,C(ubigeo)[T.71206],-0.1267908655380543,0.003250931596471328,0.0,51862,0.0339131336872277
m2,C(ubigeo)[T.71207],-0.1481532790921981,0.0032490936863796773,0.0,51862,0.0339131336872277
m2,C(ubigeo)[T.71208],-0.1387409222715731,0.003134161933602691,0.0,51862,0.0339131336872277
m2,C(ubigeo)[T.71209],-0.17742192667383183,0.004064219948971403,0.0,51862,0.0339131336872277
m2,C(ubigeo)[T.71210],-0.12848252692413134,0.00305413857027701,0.0,51862,0.0339131336872277
m2,C(ubigeo)[T.71211],-0.15358043898796164,0.0031731805854076393,0.0,51862,0.0339131336872277
m2,C(ubigeo)[T.71212],-0.16590156298429065,0.003518139165181745,0.0,51862,0.0339131336872277
m2,C(ubigeo)[T.71302],-0.1684883894689871,0.003365631460596343,0.0,51862,0.0339131336872277
m2,C(ubigeo)[T.71303],-0.16343100127905633,0.003287690134176464,0.0,51862,0.0339131336872277
m2,C(ubigeo)[T.71304],-0.1573450781779781,0.0031067487189280784,0.0,51862,0.0339131336872277
m2,C(ubigeo)[T.71305],-0.17956206262096058,0.003791059441638099,0.0,51862,0.0339131336872277
m2,C(ubigeo)[T.71306],-0.16451428973783666,0.0035517664602843445,0.0,51862,0.0339131336872277
m2,C(ubigeo)[T.71307],-0.09626105745565437,0.002356630989826707,0.0,51862,0.0339131336872277
m2,C(ubigeo)[T.80102],-0.16653186842114923,0.002663666830817179,0.0,51862,0.0339131336872277
m2,C(ubigeo)[T.80103],-0.18596700645439998,0.004766337256720537,0.0,51862,0.0339131336872277
m2,C(ubigeo)[T.80104],-0.13151540124680883,0.0015005484079784791,0.0,51862,0.0339131336872277
m2,C(ubigeo)[T.80105],-0.16599362905096837,0.0029968458746384478,0.0,51862,0.0339131336872277
m2,C(ubigeo)[T.80106],-0.08442906700706684,0.001554486400159743,0.0,51862,0.0339131336872277
m2,C(ubigeo)[T.80108],-0.08501792397509787,0.0009296119434087273,0.0,51862,0.0339131336872277
m2,C(ubigeo)[T.80109],-0.1414155611954782,0.001828433915966736,0.0,51862,0.0339131336872277
m2,C(ubigeo)[T.80110],-0.07052257750479608,0.001193925458657283,0.0,51862,0.0339131336872277
m2,C(ubigeo)[T.80111],-0.15794804213297847,0.0020210543729256613,0.0,51862,0.0339131336872277
m2,C(ubigeo)[T.80112],-0.08961544196516044,0.000884519488322733,0.0,51862,0.0339131336872277
m2,C(ubigeo)[T.80113],-0.11930699811384939,0.001215092575055099,0.0,51862,0.0339131336872277
m2,C(ubigeo)[T.80114],-0.15940809564533845,0.00247944175252731,0.0,51862,0.0339131336872277
m2,C(ubigeo)[T.80115],-0.1649925938109158,0.0037075759045690103,0.0,51862,0.0339131336872277
m2,C(ubigeo)[T.80116],-0.07594105933161246,0.0012657684687601347,0.0,51862,0.0339131336872277
m2,C(ubigeo)[T.80117],-0.025754331842712044,0.002668909089363763,4.927096490801484e-22,51862,0.0339131336872277
m2,C(ubigeo)[T.80118],-0.12177516633511018,0.0012740196819508868,0.0,51862,0.0339131336872277
m2,C(ubigeo)[T.80119],-0.16997088526162002,0.0036781275705961643,0.0,51862,0.0339131336872277
m2,C(ubigeo)[T.80120],-0.16640356376757096,0.00302561409944016,0.0,51862,0.0339131336872277
m2,C(ubigeo)[T.80202],-0.09558141309621827,0.0009429663792383441,0.0,51862,0.0339131336872277
m2,C(ubigeo)[T.80203],-0.10472344760180088,0.0009705382452120331,0.0,51862,0.0339131336872277
m2,C(ubigeo)[T.80204],-0.12952569601751382,0.0011151163711403342,0.0,51862,0.0339131336872277
m2,C(ubigeo)[T.80205],-0.13095813467760442,0.0010388730592784993,0.0,51862,0.0339131336872277
m2,C(ubigeo)[T.80206],-0.1220882500039836,0.0007405718090246758,0.0,51862,0.0339131336872277
m2,C(ubigeo)[T.80207],-0.11621868655391264,0.0010090095469877075,0.0,51862,0.0339131336872277
m2,C(ubigeo)[T.80208],-0.12895189846580873,0.0009285691285689553,0.0,51862,0.0339131336872277
m2,C(ubigeo)[T.80302],-0.13514710996348164,0.0017628620851774812,0.0,51862,0.0339131336872277
m2,C(ubigeo)[T.80303],-0.09561870176189907,0.0010509003726147305,0.0,51862,0.0339131336872277
m2,C(ubigeo)[T.80304],-0.14829118516026676,0.0017881626029816297,0.0,51862,0.0339131336872277
m2,C(ubigeo)[T.80305],-0.14023235198206868,0.0014725926657134139,0.0,51862,0.0339131336872277
m2,C(ubigeo)[T.80306],-0.10027016820711189,0.0013440813479184347,0.0,51862,0.0339131336872277
m2,C(ubigeo)[T.80307],-0.0970731485920532,0.001044180497445695,0.0,51862,0.0339131336872277
m2,C(ubigeo)[T.80308],-0.07052257750468555,0.0011939254586573107,0.0,51862,0.0339131336872277
m2,C(ubigeo)[T.80309],-0.09495431987347967,0.0008028483357363969,0.0,51862,0.0339131336872277
m2,C(ubigeo)[T.80310],-0.05468791436046453,0.0005095886801214897,0.0,51862,0.0339131336872277
m2,C(ubigeo)[T.80311],-0.09387599677259045,0.0011420248018993585,0.0,51862,0.0339131336872277
m2,C(ubigeo)[T.80312],-0.13690718825093187,0.0016569936305949303,0.0,51862,0.0339131336872277
m2,C(ubigeo)[T.80402],-0.09419799652210892,0.0016331981341628464,0.0,51862,0.0339131336872277
m2,C(ubigeo)[T.80403],-0.1499212558840747,0.0028541795152456704,0.0,51862,0.0339131336872277
m2,C(ubigeo)[T.80405],-0.07433351283516369,0.0011375642443382395,0.0,51862,0.0339131336872277
m2,C(ubigeo)[T.80406],-0.11451312916176369,0.0008123195134504464,0.0,51862,0.0339131336872277
m2,C(ubigeo)[T.80408],-0.10078039498873512,0.0006058672045334676,0.0,51862,0.0339131336872277
m2,C(ubigeo)[T.80409],-0.09360671345722535,0.0006028484977025116,0.0,51862,0.0339131336872277
m2,C(ubigeo)[T.80410],-0.059193037019561474,0.0007888417121593354,0.0,51862,0.0339131336872277
m2,C(ubigeo)[T.80414],-0.1440014538735536,0.001515350180769534,0.0,51862,0.0339131336872277
m2,C(ubigeo)[T.80422],-0.0822075964577962,0.00046193179055175937,0.0,51862,0.0339131336872277
m2,C(ubigeo)[T.80427],-0.13484011955018677,0.0016666196516639138,0.0,51862,0.0339131336872277
m2,C(ubigeo)[T.80428],-0.10527350624274943,0.001476832904082189,0.0,51862,0.0339131336872277
m2,C(ubigeo)[T.80429],-0.1426004603015179,0.0015671362427727726,0.0,51862,0.0339131336872277
m2,C(ubigeo)[T.80502],-0.1818299918981866,0.0027934285655710307,0.0,51862,0.0339131336872277
m2,C(ubigeo)[T.80503],-0.16558755280064005,0.0022963788609505886,0.0,51862,0.0339131336872277
m2,C(ubigeo)[T.80504],-0.17355227439012139,0.002321557950977452,0.0,51862,0.0339131336872277
m2,C(ubigeo)[T.80506],-0.17807791375747725,0.0034484155336431733,0.0,51862,0.0339131336872277
m2,C(ubigeo)[T.80509],-0.16507662193407602,0.002204104851893464,0.0,51862,0.0339131336872277
m2,C(ubigeo)[T.80511],-0.1055268086660385,0.0015201840907955305,0.0,51862,0.0339131336872277
m2,C(ubigeo)[T.80512],-0.1559198517548485,0.0021940100169871566,0.0,51862,0.0339131336872277
m2,C(ubigeo)[T.80515],-0.16343496288983686,0.002377944552261606,0.0,51862,0.0339131336872277
m2,C(ubigeo)[T.80517],-0.177363327125676,0.0026535486007075205,0.0,51862,0.0339131336872277
m2,C(ubigeo)[T.80518],-0.00020159562488266243,0.00041176582779905014,0.6244254408037819,51862,0.0339131336872277
m2,C(ubigeo)[T.80519],-0.16787824135954438,0.0025284660607858196,0.0,51862,0.0339131336872277
m2,C(ubigeo)[T.80520],-0.131529302728354,0.002205413127424001,0.0,51862,0.0339131336872277
m2,C(ubigeo)[T.80523],-0.07121597278159136,0.0006893046244464282,0.0,51862,0.0339131336872277
m2,C(ubigeo)[T.80525],-0.12303831938832518,0.0015016024291425406,0.0,51862,0.0339131336872277
m2,C(ubigeo)[T.80526],-0.16832974847984086,0.0023443896834623103,0.0,51862,0.0339131336872277
m2,C(ubigeo)[T.80528],-0.09044836800648053,0.001505135101574575,0.0,51862,0.0339131336872277
m2,C(ubigeo)[T.80529],-0.02182581421656493,0.003283580000396184,2.992149230473766e-11,51862,0.0339131336872277
m2,C(ubigeo)[T.80530],-0.09044836800651178,0.0015051351015751117,0.0,51862,0.0339131336872277
m2,C(ubigeo)[T.80531],-0.12264423583534138,0.0009974288086043923,0.0,51862,0.0339131336872277
m2,C(ubigeo)[T.80532],-0.13048979983903294,0.0007517040703808667,0.0,51862,0.0339131336872277
m2,C(ubigeo)[T.80534],-0.09044836800645727,0.001505135101575679,0.0,51862,0.0339131336872277
m2,C(ubigeo)[T.80601],-0.15407001541094667,0.0024601926423457585,0.0,51862,0.0339131336872277
m2,C(ubigeo)[T.80602],0.11308384260380855,0.002308379245680791,0.0,51862,0.0339131336872277
m2,C(ubigeo)[T.80603],-0.0147262128343244,0.001351446837487936,1.1960868311259022e-27,51862,0.0339131336872277
m2,C(ubigeo)[T.80605],-0.0746073163830676,0.0010906732725200772,0.0,51862,0.0339131336872277
m2,C(ubigeo)[T.80606],-0.10158762298946201,0.001336914367922314,0.0,51862,0.0339131336872277
m2,C(ubigeo)[T.80607],-0.14682718872805858,0.0028484670411002186,0.0,51862,0.0339131336872277
m2,C(ubigeo)[T.80608],-0.07747489222392241,0.0009492496087769686,0.0,51862,0.0339131336872277
m2,C(ubigeo)[T.80609],-0.07080011096022312,0.0005530034462624206,0.0,51862,0.0339131336872277
m2,C(ubigeo)[T.80610],-0.12551300149046107,0.00159285217112518,0.0,51862,0.0339131336872277
m2,C(ubigeo)[T.80611],-0.07985099791196573,0.0007787240307869402,0.0,51862,0.0339131336872277
m2,C(ubigeo)[T.80612],-0.11160635980598803,0.0015559833789816164,0.0,51862,0.0339131336872277
m2,C(ubigeo)[T.80613],-0.12671533306672755,0.0021424047006495953,0.0,51862,0.0339131336872277
m2,C(ubigeo)[T.80614],-0.017129183729987424,0.0004891597993702127,1.2159390445667993e-268,51862,0.0339131336872277
m2,C(ubigeo)[T.80615],-0.11676183184002888,0.0014406587406039053,0.0,51862,0.0339131336872277
m2,C(ubigeo)[T.80616],-0.08028521974123372,0.0010507806928234398,0.0,51862,0.0339131336872277
m2,C(ubigeo)[T.80702],-0.14299721938839127,0.0009443940070809483,0.0,51862,0.0339131336872277
m2,C(ubigeo)[T.80703],-0.10435964776983085,0.0012847522999362047,0.0,51862,0.0339131336872277
m2,C(ubigeo)[T.80704],-0.135505285592293,0.001113537465130743,0.0,51862,0.0339131336872277
m2,C(ubigeo)[T.80705],-0.0918641406723189,0.0004911278541025971,0.0,51862,0.0339131336872277
m2,C(ubigeo)[T.80706],-0.13377881166053593,0.0010972426323325251,0.0,51862,0.0339131336872277
m2,C(ubigeo)[T.80707],-0.12304780731149075,0.0011465745303198363,0.0,51862,0.0339131336872277
m2,C(ubigeo)[T.80708],-0.09856475188347802,0.0015042784246425296,0.0,51862,0.0339131336872277
m2,C(ubigeo)[T.80709],-0.1610003934694182,0.0017337650281950016,0.0,51862,0.0339131336872277
m2,C(ubigeo)[T.80710],-0.11477607997735309,0.0012752246771941913,0.0,51862,0.0339131336872277
m2,C(ubigeo)[T.80711],-0.13255203492411355,0.0009834809747385912,0.0,51862,0.0339131336872277
m2,C(ubigeo)[T.90102],-0.20063275372363717,0.004396981464024235,0.0,51862,0.0339131336872277
m2,C(ubigeo)[T.90103],-0.19507552258919975,0.0035873288179381893,0.0,51862,0.0339131336872277
m2,C(ubigeo)[T.90104],-0.1903244314264736,0.0036238916373614724,0.0,51862,0.0339131336872277
m2,C(ubigeo)[T.90105],-0.17389266095725942,0.002376015652718916,0.0,51862,0.0339131336872277
m2,C(ubigeo)[T.90106],-0.1811128143658092,0.0027003609835731645,0.0,51862,0.0339131336872277
m2,C(ubigeo)[T.90107],-0.18405298385654523,0.003230387363667719,0.0,51862,0.0339131336872277
m2,C(ubigeo)[T.90108],-0.19441946487352468,0.003662672807964146,0.0,51862,0.0339131336872277
m2,C(ubigeo)[T.90109],-0.13436849485613886,0.0020928811208056814,0.0,51862,0.0339131336872277
m2,C(ubigeo)[T.90110],-0.2018840903462279,0.005304890870020506,0.0,51862,0.0339131336872277
m2,C(ubigeo)[T.90111],-0.20624423879542877,0.004773174446816737,0.0,51862,0.0339131336872277
m2,C(ubigeo)[T.90112],-0.11226051734967263,0.0006276703174990215,0.0,51862,0.0339131336872277
m2,C(ubigeo)[T.90113],-0.19538512064527905,0.0023916125464682,0.0,51862,0.0339131336872277
m2,C(ubigeo)[T.90202],-0.14757453169844326,0.0012965776592128203,0.0,51862,0.0339131336872277
m2,C(ubigeo)[T.90203],-0.1772105736905261,0.0026815153938732116,0.0,51862,0.0339131336872277
m2,C(ubigeo)[T.90204],-0.18376548877617202,0.002622273942391445,0.0,51862,0.0339131336872277
m2,C(ubigeo)[T.90205],-0.18411536533205705,0.0026338317198980983,0.0,51862,0.0339131336872277
m2,C(ubigeo)[T.90206],-0.17365249939545946,0.0032976502538342918,0.0,51862,0.0339131336872277
m2,C(ubigeo)[T.90207],-0.1902124142609876,0.0036707585600378456,0.0,51862,0.0339131336872277
m2,C(ubigeo)[T.90208],-0.1758740135230994,0.0026294897214580886,0.0,51862,0.0339131336872277
m2,C(ubigeo)[T.90307],0.04577822073447493,0.002481721633831268,5.599032748012314e-76,51862,0.0339131336872277
m2,C(ubigeo)[T.90312],-0.12321747550169389,0.0019507628292186278,0.0,51862,0.0339131336872277
m2,C(ubigeo)[T.90314],-0.15337442715020702,0.0018294835980669426,0.0,51862,0.0339131336872277
m2,C(ubigeo)[T.90316],-0.1031979204078938,0.0014243765805095916,0.0,51862,0.0339131336872277
m2,C(ubigeo)[T.90317],-0.1728771183577616,0.0031717658438206427,0.0,51862,0.0339131336872277
m2,C(ubigeo)[T.90321],-0.13788516034256798,0.0018144310962146957,0.0,51862,0.0339131336872277
m2,C(ubigeo)[T.90322],-0.11608260792055647,0.0019777581037391076,0.0,51862,0.0339131336872277
m2,C(ubigeo)[T.90323],-0.17512928366152158,0.002658929871372287,0.0,51862,0.0339131336872277
m2,C(ubigeo)[T.90402],-0.1634198555009799,0.0031651997412011157,0.0,51862,0.0339131336872277
m2,C(ubigeo)[T.90403],-0.16777650167976724,0.0031528370260580888,0.0,51862,0.0339131336872277
m2,C(ubigeo)[T.90404],-0.18647576893182483,0.0032491577843410764,0.0,51862,0.0339131336872277
m2,C(ubigeo)[T.90405],-0.12288335192947603,0.0019012555923150433,0.0,51862,0.0339131336872277
m2,C(ubigeo)[T.90406],-0.1753475545494224,0.0026168716072511476,0.0,51862,0.0339131336872277
m2,C(ubigeo)[T.90407],-0.17801388706755483,0.0026680021684316844,0.0,51862,0.0339131336872277
m2,C(ubigeo)[T.90408],-0.11641460177355663,0.0019306152237288272,0.0,51862,0.0339131336872277
m2,C(ubigeo)[T.90409],-0.16490365627162032,0.0025531098264624857,0.0,51862,0.0339131336872277
m2,C(ubigeo)[T.90410],-0.11324085230679717,0.001369236204798905,0.0,51862,0.0339131336872277
m2,C(ubigeo)[T.90411],-0.15478882736513447,0.0023087766085270033,0.0,51862,0.0339131336872277
m2,C(ubigeo)[T.90502],-0.15718264405852525,0.002313199383560714,0.0,51862,0.0339131336872277
m2,C(ubigeo)[T.90505],-0.07830432159810354,0.0007458487334719225,0.0,51862,0.0339131336872277
m2,C(ubigeo)[T.90506],-0.17264060759606273,0.0016231758606725822,0.0,51862,0.0339131336872277
m2,C(ubigeo)[T.90507],-0.13048979983908965,0.0007517040703811118,0.0,51862,0.0339131336872277
m2,C(ubigeo)[T.90602],-0.19448034809341389,0.004323381678979954,0.0,51862,0.0339131336872277
m2,C(ubigeo)[T.90603],-0.1783121710122976,0.0030010741985922536,0.0,51862,0.0339131336872277
m2,C(ubigeo)[T.90604],-0.2041167720396956,0.004483008565864206,0.0,51862,0.0339131336872277
m2,C(ubigeo)[T.90605],-0.18555084312266268,0.0035937410377172175,0.0,51862,0.0339131336872277
m2,C(ubigeo)[T.90606],-0.17487747605416107,0.004325310287966783,0.0,51862,0.0339131336872277
m2,C(ubigeo)[T.90607],-0.12098537708691623,0.0012425513664292523,0.0,51862,0.0339131336872277
m2,C(ubigeo)[T.90608],-0.17382550670205127,0.0014951161688820608,0.0,51862,0.0339131336872277
m2,C(ubigeo)[T.90609],-0.1548582884026713,0.0011265741837433198,0.0,51862,0.0339131336872277
m2,C(ubigeo)[T.90610],-0.1738255067020855,0.001495116168882834,0.0,51862,0.0339131336872277
m2,C(ubigeo)[T.90702],-0.18478922078624177,0.003969941278632011,0.0,51862,0.0339131336872277
m2,C(ubigeo)[T.90704],-0.17473784246546625,0.0034151291179711583,0.0,51862,0.0339131336872277
m2,C(ubigeo)[T.90706],-0.16913214172273214,0.002952361249651826,0.0,51862,0.0339131336872277
m2,C(ubigeo)[T.90801],-0.022077963098213325,0.0034000083647702036,8.386332777536667e-11,51862,0.0339131336872277
m2,C(ubigeo)[T.90803],-0.1543527399917587,0.0023675236171984268,0.0,51862,0.0339131336872277
m2,C(ubigeo)[T.90804],-0.18023340237230462,0.003130130522915961,0.0,51862,0.0339131336872277
m2,C(ubigeo)[T.90805],-0.18146636824361753,0.0030115526654684753,0.0,51862,0.0339131336872277
m2,C(ubigeo)[T.90902],-0.15225469586934307,0.0026306121037097496,0.0,51862,0.0339131336872277
m2,C(ubigeo)[T.90903],-0.1540935433122764,0.0024210662337607936,0.0,51862,0.0339131336872277
m2,C(ubigeo)[T.90904],-0.14471293459707313,0.0023702779964572345,0.0,51862,0.0339131336872277
m2,C(ubigeo)[T.91002],-0.17669971931739534,0.003182338025391124,0.0,51862,0.0339131336872277
m2,C(ubigeo)[T.91003],-0.1666267482853937,0.002927518532508393,0.0,51862,0.0339131336872277
m2,C(ubigeo)[T.91004],-0.12031625605336536,0.002355525767266908,0.0,51862,0.0339131336872277
m2,C(ubigeo)[T.91005],-0.11651995343502179,0.0018628963428163978,0.0,51862,0.0339131336872277
m2,C(ubigeo)[T.91006],-0.18724194804440017,0.0037742916882263556,0.0,51862,0.0339131336872277
m2,C(ubigeo)[T.91007],-0.1803905624744054,0.003263063396420288,0.0,51862,0.0339131336872277
m2,C(ubigeo)[T.91102],-0.17240527324042654,0.002719091335921263,0.0,51862,0.0339131336872277
m2,C(ubigeo)[T.91103],-0.13528533399153178,0.0021276087905913207,0.0,51862,0.0339131336872277
m2,C(ubigeo)[T.91104],-0.18616664665599383,0.0035210663197083646,0.0,51862,0.0339131336872277
m2,C(ubigeo)[T.91105],-0.19142461855111417,0.0037455499895441995,0.0,51862,0.0339131336872277
m2,C(ubigeo)[T.91106],-0.19683744865414624,0.003963173759474426,0.0,51862,0.0339131336872277
m2,C(ubigeo)[T.91107],-0.13589171721754195,0.002097170966240414,0.0,51862,0.0339131336872277
m2,C(ubigeo)[T.91108],-0.1885346081323283,0.00381569080210655,0.0,51862,0.0339131336872277
m2,C(ubigeo)[T.100102],-0.1730933072750278,0.0038416845669349145,0.0,51862,0.0339131336872277
m2,C(ubigeo)[T.100103],-0.15951131986621517,0.0036172549898974868,0.0,51862,0.0339131336872277
m2,C(ubigeo)[T.100104],-0.1754880861625375,0.0038664215969250854,0.0,51862,0.0339131336872277
m2,C(ubigeo)[T.100105],-0.1336467479148207,0.0033940553321269206,0.0,51862,0.0339131336872277
m2,C(ubigeo)[T.100106],-0.16596683787357783,0.003709619154923849,0.0,51862,0.0339131336872277
m2,C(ubigeo)[T.100107],-0.1358363455938466,0.0035571779204768062,0.0,51862,0.0339131336872277
m2,C(ubigeo)[T.100108],-0.15664831619642458,0.0035920669673047937,0.0,51862,0.0339131336872277
m2,C(ubigeo)[T.100109],-0.17783273095143867,0.003864130618230429,0.0,51862,0.0339131336872277
m2,C(ubigeo)[T.100110],-0.16945419473040568,0.0036711362843288935,0.0,51862,0.0339131336872277
m2,C(ubigeo)[T.100111],-0.13213654243789885,0.003366154222158075,0.0,51862,0.0339131336872277
m2,C(ubigeo)[T.100112],-0.15337286907444914,0.0035589484541333587,0.0,51862,0.0339131336872277
m2,C(ubigeo)[T.100113],-0.16655234023385496,0.0036300766459507004,0.0,51862,0.0339131336872277
m2,C(ubigeo)[T.100114],-0.1453233750253791,0.0035076790794322183,0.0,51862,0.0339131336872277
m2,C(ubigeo)[T.100202],-0.16316775282265372,0.004078211983408431,0.0,51862,0.0339131336872277
m2,C(ubigeo)[T.100203],-0.15911284934419664,0.0036428659627669455,0.0,51862,0.0339131336872277
m2,C(ubigeo)[T.100204],-0.15984311546774244,0.003785634044135903,0.0,51862,0.0339131336872277
m2,C(ubigeo)[T.100205],-0.1704470304590425,0.0038409425832708743,0.0,51862,0.0339131336872277
m2,C(ubigeo)[T.100206],-0.014495022682860011,0.003875609004322269,0.0001839739787184205,51862,0.0339131336872277
m2,C(ubigeo)[T.100207],-0.18346797785925414,0.00396398689852154,0.0,51862,0.0339131336872277
m2,C(ubigeo)[T.100208],-0.14921278852608022,0.003538259813013622,0.0,51862,0.0339131336872277
m2,C(ubigeo)[T.100209],0.04567143924985256,0.003821609416739603,6.427299287714471e-33,51862,0.0339131336872277
m2,C(ubigeo)[T.100210],-0.18854907614976318,0.004190197979922724,0.0,51862,0.0339131336872277
m2,C(ubigeo)[T.100211],-0.08568405436826643,0.003952538743610733,3.2928319030497757e-104,51862,0.0339131336872277
m2,C(ubigeo)[T.100302],-0.1687284893192418,0.0036934090878539987,0.0,51862,0.0339131336872277
m2,C(ubigeo)[T.100303],-0.14471039695805618,0.0035610938446626063,0.0,51862,0.0339131336872277
m2,C(ubigeo)[T.100304],-0.17121061504492327,0.00372682036092668,0.0,51862,0.0339131336872277
m2,C(ubigeo)[T.100305],-0.16771257293072936,0.003768590189021305,0.0,51862,0.0339131336872277
m2,C(ubigeo)[T.100402],-0.019722581743116262,0.0032285216043847604,1.003462243116943e-09,51862,0.0339131336872277
m2,C(ubigeo)[T.100403],-0.14314302491755648,0.003829277609791684,7.893095390133246e-306,51862,0.0339131336872277
m2,C(ubigeo)[T.100404],-0.16421040385300048,0.004004306658534198,0.0,51862,0.0339131336872277
m2,C(ubigeo)[T.100405],-0.13191356359202341,0.004122739112672459,1.2165377281158533e-224,51862,0.0339131336872277
m2,C(ubigeo)[T.100406],-0.1632193638836597,0.0037013244008683817,0.0,51862,0.0339131336872277
m2,C(ubigeo)[T.100407],-0.16751526792310428,0.003479075879503906,0.0,51862,0.0339131336872277
m2,C(ubigeo)[T.100408],-0.1682930660726863,0.003707870853208173,0.0,51862,0.0339131336872277
m2,C(ubigeo)[T.100502],-0.13611282205194059,0.0035038916726961244,0.0,51862,0.0339131336872277
m2,C(ubigeo)[T.100503],-0.11966790289648664,0.0033680184029366883,1.653268098033213e-276,51862,0.0339131336872277
m2,C(ubigeo)[T.100504],-0.11253962061353848,0.0032817174526151524,1.0011687368310426e-257,51862,0.0339131336872277
m2,C(ubigeo)[T.100505],0.004180134399221521,0.0038424454984289577,0.276646386931779,51862,0.0339131336872277
m2,C(ubigeo)[T.110103],-0.08490569572470943,0.0028561561565229937,3.412823854951206e-194,51862,0.0339131336872277
m2,C(ubigeo)[T.110104],-0.13698135825357843,0.0035301676047713735,0.0,51862,0.0339131336872277
m2,C(ubigeo)[T.110105],-0.1503571660114271,0.0035572962009761525,0.0,51862,0.0339131336872277
m2,C(ubigeo)[T.110106],-0.11667582111542735,0.0030323805877402756,0.0,51862,0.0339131336872277
m2,C(ubigeo)[T.110107],-0.08451094860716425,0.0028747439200324156,5.870909216911114e-190,51862,0.0339131336872277
m2,C(ubigeo)[T.110108],-0.20311715358724153,0.005315036484551861,0.0,51862,0.0339131336872277
m2,C(ubigeo)[T.110109],-0.07508937426850053,0.0026229669630044423,3.042952249444267e-180,51862,0.0339131336872277
m2,C(ubigeo)[T.110112],-0.15442915517617178,0.003801812459293887,0.0,51862,0.0339131336872277
m2,C(ubigeo)[T.110113],-0.19867472931219407,0.0055532795770175175,2.598739716002667e-280,51862,0.0339131336872277
m2,C(ubigeo)[T.110114],-0.15994237941112527,0.0037773176704617214,0.0,51862,0.0339131336872277
m2,C(ubigeo)[T.110116],-0.16891260733295493,0.004475694797883329,0.0,51862,0.0339131336872277
m2,C(ubigeo)[T.110118],-0.1731746444770168,0.003915977380722291,0.0,51862,0.0339131336872277
m2,C(ubigeo)[T.110119],-0.13202699599388254,0.003938765935755223,2.473523109015632e-246,51862,0.0339131336872277
m2,C(ubigeo)[T.110120],0.10275580580179973,0.004112826276334435,9.071947698359404e-138,51862,0.0339131336872277
m2,C(ubigeo)[T.110121],-0.12679904394199734,0.0032609375755094957,0.0,51862,0.0339131336872277
m2,C(ubigeo)[T.110122],-0.1877300177575589,0.004357501866596199,0.0,51862,0.0339131336872277
m2,C(ubigeo)[T.110123],-0.18510913303766088,0.004388156165091049,0.0,51862,0.0339131336872277
m2,C(ubigeo)[T.110124],-0.11625540336275719,0.0031214232923826987,1.3076199262621443e-303,51862,0.0339131336872277
m2,C(ubigeo)[T.110125],-0.13762210422084967,0.0033572117999071576,0.0,51862,0.0339131336872277
m2,C(ubigeo)[T.110126],-0.17156349309951816,0.003512649255628199,0.0,51862,0.0339131336872277
m2,C(ubigeo)[T.110127],-0.1723373799197905,0.004411582846843276,0.0,51862,0.0339131336872277
m2,C(ubigeo)[T.110128],-0.19028176655946305,0.005021833492590659,0.0,51862,0.0339131336872277
m2,C(ubigeo)[T.110131],-0.17371305198854228,0.0045871224420648326,0.0,51862,0.0339131336872277
m2,C(ubigeo)[T.110132],-0.1737771399581568,0.0036401584324331757,0.0,51862,0.0339131336872277
m2,C(ubigeo)[T.110133],-0.18869577494384385,0.004664143705186682,0.0,51862,0.0339131336872277
m2,C(ubigeo)[T.110134],-0.14567698289506123,0.003383246812805079,0.0,51862,0.0339131336872277
m2,C(ubigeo)[T.110136],-0.12552018000586118,0.0036353458318871055,3.0796397596646366e-261,51862,0.0339131336872277
m2,C(ubigeo)[T.110202],-0.16151466401594053,0.003723266547200215,0.0,51862,0.0339131336872277
m2,C(ubigeo)[T.110203],-0.17824812111350888,0.0042949878476245505,0.0,51862,0.0339131336872277
m2,C(ubigeo)[T.110204],-0.1792501946756415,0.0042669456755302865,0.0,51862,0.0339131336872277
m2,C(ubigeo)[T.110205],-0.12880661904664223,0.003117595357083942,0.0,51862,0.0339131336872277
m2,C(ubigeo)[T.110206],-0.14093024232142645,0.0032260828397653965,0.0,51862,0.0339131336872277
m2,C(ubigeo)[T.110207],-0.14914454678164388,0.0034856076625728824,0.0,51862,0.0339131336872277
m2,C(ubigeo)[T.110208],-0.11083301654911916,0.002847501686866559,0.0,51862,0.0339131336872277
m2,C(ubigeo)[T.110209],-0.06028813157194476,0.0028289842227685914,8.999605080591851e-101,51862,0.0339131336872277
m2,C(ubigeo)[T.110210],-0.15479690673515856,0.004142951294386899,1.5067098274290152e-305,51862,0.0339131336872277
m2,C(ubigeo)[T.110211],-0.1306118350516684,0.0029039047127485053,0.0,51862,0.0339131336872277
m2,C(ubigeo)[T.110212],-0.12187617711355789,0.0032057551740847013,0.0,51862,0.0339131336872277
m2,C(ubigeo)[T.110213],-0.17636907775171587,0.004468974996082977,0.0,51862,0.0339131336872277
m2,C(ubigeo)[T.110214],-0.14808309512945403,0.003930496199205152,1.25513115541676e-310,51862,0.0339131336872277
m2,C(ubigeo)[T.110215],-0.13689779304503216,0.0028081411489217557,0.0,51862,0.0339131336872277
m2,C(ubigeo)[T.110302],-0.18057873448523654,0.004066060776230517,0.0,51862,0.0339131336872277
m2,C(ubigeo)[T.110303],-0.14055088460488557,0.0042498078084558435,7.43928906058607e-240,51862,0.0339131336872277
m2,C(ubigeo)[T.110304],-0.15272287126853634,0.0032237601721095406,0.0,51862,0.0339131336872277
m2,C(ubigeo)[T.110305],-0.14709202168760974,0.00330872147536953,0.0,51862,0.0339131336872277
m2,C(ubigeo)[T.110306],-0.13327317663847177,0.004144462739246107,7.067635234514601e-227,51862,0.0339131336872277
m2,C(ubigeo)[T.110307],-0.16025685175594728,0.003771009122605466,0.0,51862,0.0339131336872277
m2,C(ubigeo)[T.110308],-0.14120820212742716,0.0035544718531402364,0.0,51862,0.0339131336872277
m2,C(ubigeo)[T.110309],-0.13519550708349226,0.0036557053369272994,2.2248264733862646e-299,51862,0.0339131336872277
m2,C(ubigeo)[T.110310],-0.10289748449441952,0.003931940651071603,5.8907675525165885e-151,51862,0.0339131336872277
m2,C(ubigeo)[T.110311],-0.11969669954068307,0.00341510892711426,4.015744720368758e-269,51862,0.0339131336872277
m2,C(ubigeo)[T.110312],-0.1103367660779745,0.004004309013422754,3.907803689263879e-167,51862,0.0339131336872277
m2,C(ubigeo)[T.110313],-0.13744633303243203,0.0033757625764052356,0.0,51862,0.0339131336872277
m2,C(ubigeo)[T.110314],-0.15812608846087198,0.003582956286863647,0.0,51862,0.0339131336872277
m2,C(ubigeo)[T.110315],-0.14767212916541114,0.004099720918654663,4.062237887767998e-284,51862,0.0339131336872277
m2,C(ubigeo)[T.110316],-0.141585981071223,0.0036144254725681744,0.0,51862,0.0339131336872277
m2,C(ubigeo)[T.110317],-0.10401375711855923,0.0037222082244848273,7.775770796453596e-172,51862,0.0339131336872277
m2,C(ubigeo)[T.110318],-0.10110809797732433,0.002947024410652129,5.853515733622928e-258,51862,0.0339131336872277
m2,C(ubigeo)[T.110319],-0.13652911060699904,0.0036216438929693342,0.0,51862,0.0339131336872277
m2,C(ubigeo)[T.110320],-0.16675270846328547,0.0038390904684115572,0.0,51862,0.0339131336872277
m2,C(ubigeo)[T.110321],-0.14775219342029414,0.004132454130107765,5.712312469794497e-280,51862,0.0339131336872277
m2,C(ubigeo)[T.110322],-0.15439464915192644,0.0035632604002718863,0.0,51862,0.0339131336872277
m2,C(ubigeo)[T.110323],-0.1466993661800459,0.004025493486240103,9.017642743820218e-291,51862,0.0339131336872277
m2,C(ubigeo)[T.110324],-0.14541787297475298,0.0034880015692445253,0.0,51862,0.0339131336872277
m2,C(ubigeo)[T.110325],-0.12135933281916636,0.0032742853845458266,1.05390597711315e-300,51862,0.0339131336872277
m2,C(ubigeo)[T.110326],-0.12084238569910617,0.0032981165293032625,6.647602423016517e-294,51862,0.0339131336872277
m2,C(ubigeo)[T.110327],-0.11444263525056655,0.003495922184547449,4.798312907678787e-235,51862,0.0339131336872277
m2,C(ubigeo)[T.110328],-0.16989337224067846,0.0043714196235392555,0.0,51862,0.0339131336872277
m2,C(ubigeo)[T.110329],-0.11065577737575759,0.003934317837501295,4.740671109939863e-174,51862,0.0339131336872277
m2,C(ubigeo)[T.110330],-0.11914048527512798,0.003830965497623659,2.4587769348872497e-212,51862,0.0339131336872277
m2,C(ubigeo)[T.110331],-0.1441294829800442,0.003406803685665047,0.0,51862,0.0339131336872277
m2,C(ubigeo)[T.110332],-0.07390460736687487,0.0029885058909500106,5.137553305439563e-135,51862,0.0339131336872277
m2,C(ubigeo)[T.110333],-0.13354965309655775,0.004081688734789708,8.325152385581296e-235,51862,0.0339131336872277
m2,C(ubigeo)[T.110334],-0.18500400017202764,0.004133356467076088,0.0,51862,0.0339131336872277
m2,C(ubigeo)[T.110402],-0.1533189758254289,0.0039970941717786795,0.0,51862,0.0339131336872277
m2,C(ubigeo)[T.110403],-0.14500745511179483,0.004090692866442897,3.098489868994768e-275,51862,0.0339131336872277
m2,C(ubigeo)[T.110404],-0.15251033265315558,0.004020623917088629,0.0,51862,0.0339131336872277
m2,C(ubigeo)[T.110502],-0.16934371648284646,0.0035891147194272613,0.0,51862,0.0339131336872277
m2,C(ubigeo)[T.110503],-0.16649234533156262,0.003361137737659471,0.0,51862,0.0339131336872277
m2,C(ubigeo)[T.110504],-0.17690381895917887,0.003621857510148876,0.0,51862,0.0339131336872277
m2,C(ubigeo)[T.110505],-0.1733622845906267,0.004111760370836361,0.0,51862,0.0339131336872277
m2,C(ubigeo)[T.110506],-0.16719656387340046,0.003429001754096202,0.0,51862,0.0339131336872277
m2,C(ubigeo)[T.110507],-0.14798858036208337,0.0033214962176657155,0.0,51862,0.0339131336872277
m2,C(ubigeo)[T.110508],-0.17037491716311629,0.003859850815549399,0.0,51862,0.0339131336872277
m2,C(ubigeo)[T.110509],0.057899950795559124,0.0034471716169197746,2.594681965569642e-63,51862,0.0339131336872277
m2,C(ubigeo)[T.110602],-0.1152832571949977,0.0031957987252687415,5.931741763541573e-285,51862,0.0339131336872277
m2,C(ubigeo)[T.110603],-0.10938475007186559,0.003011267073973821,6.485104167603358e-289,51862,0.0339131336872277
m2,C(ubigeo)[T.110604],-0.12197372494818315,0.0031389836153605465,0.0,51862,0.0339131336872277
m2,C(ubigeo)[T.110605],-0.18043116815305094,0.003803205428789312,0.0,51862,0.0339131336872277
m2,C(ubigeo)[T.110606],-0.14364139339732376,0.0031666525506000138,0.0,51862,0.0339131336872277
m2,C(ubigeo)[T.110607],-0.0015538561028965218,0.002329451559827715,0.5047414466245441,51862,0.0339131336872277
m2,C(ubigeo)[T.110608],-0.14393434920916476,0.004511634778260773,2.4318974234885435e-223,51862,0.0339131336872277
m2,C(ubigeo)[T.110609],-0.14799137662426962,0.0038788214506495847,0.0,51862,0.0339131336872277
m2,C(ubigeo)[T.110610],-0.170373792901556,0.004224709545226011,0.0,51862,0.0339131336872277
m2,C(ubigeo)[T.110702],-0.17170356652268515,0.00408303259768175,0.0,51862,0.0339131336872277
m2,C(ubigeo)[T.110703],-0.16561250449351037,0.00425681372254399,0.0,51862,0.0339131336872277
m2,C(ubigeo)[T.110704],-0.19153673634301147,0.0043149316599867685,0.0,51862,0.0339131336872277
m2,C(ubigeo)[T.110705],-0.15571489392329307,0.0034097891156689886,0.0,51862,0.0339131336872277
m2,C(ubigeo)[T.110706],-0.19087849920375125,0.004391159359234772,0.0,51862,0.0339131336872277
m2,C(ubigeo)[T.110707],-0.17953716857749183,0.004044485509407492,0.0,51862,0.0339131336872277
m2,C(ubigeo)[T.110708],-0.1576409025574262,0.0035915610176120564,0.0,51862,0.0339131336872277
m2,C(ubigeo)[T.110709],-0.16024775991326246,0.003141321381943542,0.0,51862,0.0339131336872277
m2,C(ubigeo)[T.110802],-0.18978083614058688,0.004315881950994459,0.0,51862,0.0339131336872277
m2,C(ubigeo)[T.110803],-0.16333280007832862,0.003876169022410967,0.0,51862,0.0339131336872277
m2,C(ubigeo)[T.110804],-0.16407649393676,0.00369003619416291,0.0,51862,0.0339131336872277
m2,C(ubigeo)[T.110805],-0.1958521425160537,0.004610436221003589,0.0,51862,0.0339131336872277
m2,C(ubigeo)[T.110806],-0.19257952318947189,0.004392166159713277,0.0,51862,0.0339131336872277
m2,C(ubigeo)[T.110902],-0.1629661878322551,0.003995003708092466,0.0,51862,0.0339131336872277
m2,C(ubigeo)[T.110903],-0.14185353893383373,0.003555752963406608,0.0,51862,0.0339131336872277
m2,C(ubigeo)[T.110904],-0.15498304447545816,0.003566301708036443,0.0,51862,0.0339131336872277
m2,C(ubigeo)[T.110905],-0.17307671456711574,0.0040753853348388415,0.0,51862,0.0339131336872277
m2,C(ubigeo)[T.110906],-0.15765212881842208,0.0036817972357740666,0.0,51862,0.0339131336872277
m2,C(ubigeo)[T.110907],-0.15390666786443588,0.003631324597820554,0.0,51862,0.0339131336872277
m2,C(ubigeo)[T.110908],-0.16386286823683086,0.003798641664686744,0.0,51862,0.0339131336872277
m2,C(ubigeo)[T.110909],-0.16111619349393172,0.0037103537274768782,0.0,51862,0.0339131336872277
m2,C(ubigeo)[T.120102],-0.1785247023204846,0.0036523436609604025,0.0,51862,0.0339131336872277
m2,C(ubigeo)[T.120103],-0.17202629243789236,0.0032679087353046673,0.0,51862,0.0339131336872277
m2,C(ubigeo)[T.120104],-0.16954884023613018,0.003638341707513212,0.0,51862,0.0339131336872277
m2,C(ubigeo)[T.120105],-0.10281970420961692,0.0024753771539864273,0.0,51862,0.0339131336872277
m2,C(ubigeo)[T.120106],-0.09357118560552795,0.002709283585613182,2.21547177213167e-261,51862,0.0339131336872277
m2,C(ubigeo)[T.120107],-0.1868791529976849,0.0035653512494670677,0.0,51862,0.0339131336872277
m2,C(ubigeo)[T.120109],-0.14977857319046803,0.0028538475438784875,0.0,51862,0.0339131336872277
m2,C(ubigeo)[T.120110],-0.19011375632295066,0.003783443174961407,0.0,51862,0.0339131336872277
m2,C(ubigeo)[T.120111],-0.17520909160398962,0.003525754219703628,0.0,51862,0.0339131336872277
m2,C(ubigeo)[T.120112],-0.16307302549094527,0.003089477213135198,0.0,51862,0.0339131336872277
m2,C(ubigeo)[T.120202],-0.1112388174810727,0.002534450379674608,0.0,51862,0.0339131336872277
m2,C(ubigeo)[T.120203],-0.10966948257700275,0.0025874392007419486,0.0,51862,0.0339131336872277
m2,C(ubigeo)[T.120204],-0.05444228855127188,0.002119012301940893,1.4252440757371081e-145,51862,0.0339131336872277
m2,C(ubigeo)[T.120205],-0.009609355505514287,0.00165837452888319,6.854858877457334e-09,51862,0.0339131336872277
m2,C(ubigeo)[T.120206],-0.08358362422417263,0.002646909861017524,7.446593621077766e-219,51862,0.0339131336872277
m2,C(ubigeo)[T.120302],-0.13963204263100024,0.0027803095370937015,0.0,51862,0.0339131336872277
m2,C(ubigeo)[T.120303],0.0675704033195574,0.00319938917810235,5.233542856011986e-99,51862,0.0339131336872277
m2,C(ubigeo)[T.120304],-0.1404877591572643,0.0028694434359831933,0.0,51862,0.0339131336872277
m2,C(ubigeo)[T.120305],-0.1303679723928538,0.0027647821601148666,0.0,51862,0.0339131336872277
m2,C(ubigeo)[T.120306],-0.13804797217227172,0.003007495652533215,0.0,51862,0.0339131336872277
m2,C(ubigeo)[T.120307],-0.14961396121948456,0.002940294749430099,0.0,51862,0.0339131336872277
m2,C(ubigeo)[T.120308],-0.1232856073059585,0.002778199540229852,0.0,51862,0.0339131336872277
m2,C(ubigeo)[T.120402],-0.15404757179588568,0.0028965761621065084,0.0,51862,0.0339131336872277
m2,C(ubigeo)[T.120403],-0.13733863330079316,0.002572554159054962,0.0,51862,0.0339131336872277
m2,C(ubigeo)[T.120404],-0.1181394601613489,0.002598295577494042,0.0,51862,0.0339131336872277
m2,C(ubigeo)[T.120405],0.00950442275252973,0.001505070358011184,2.7027357404134036e-10,51862,0.0339131336872277
m2,C(ubigeo)[T.120408],-0.02401200622999264,0.002244898976587533,1.0597805539783117e-26,51862,0.0339131336872277
m2,C(ubigeo)[T.120409],-0.15641215569127334,0.003056494611579526,0.0,51862,0.0339131336872277
m2,C(ubigeo)[T.120410],-0.148906485202771,0.003015107250716691,0.0,51862,0.0339131336872277
m2,C(ubigeo)[T.120411],-0.09563736446469785,0.0023917858312761018,0.0,51862,0.0339131336872277
m2,C(ubigeo)[T.120413],-0.10329141272686027,0.00246981742071122,0.0,51862,0.0339131336872277
m2,C(ubigeo)[T.120503],-0.1649597824405993,0.0029795268113432484,0.0,51862,0.0339131336872277
m2,C(ubigeo)[T.120504],-0.12557708244838425,0.0025622316482242693,0.0,51862,0.0339131336872277
m2,C(ubigeo)[T.120506],-0.1702845994512395,0.0033427614621555396,0.0,51862,0.0339131336872277
m2,C(ubigeo)[T.120508],-0.12060404365060463,0.003307102226388233,3.542079845900894e-291,51862,0.0339131336872277
m2,C(ubigeo)[T.120602],-0.14645474645161907,0.0033617684919196706,0.0,51862,0.0339131336872277
m2,C(ubigeo)[T.120603],-0.13799392423277002,0.003579414542699543,0.0,51862,0.0339131336872277
m2,C(ubigeo)[T.120604],-0.09805871128255497,0.003381248275234851,6.439204066211328e-185,51862,0.0339131336872277
m2,C(ubigeo)[T.120605],-0.17733736715698,0.003532745508163375,0.0,51862,0.0339131336872277
m2,C(ubigeo)[T.120606],-0.15184157439824916,0.003162317092865967,0.0,51862,0.0339131336872277
m2,C(ubigeo)[T.120607],-0.06998694235395551,0.002999531204216951,2.0688656559737086e-120,51862,0.0339131336872277
m2,C(ubigeo)[T.120608],-0.18565709040590883,0.003645640998587332,0.0,51862,0.0339131336872277
m2,C(ubigeo)[T.120609],-0.08015491033058193,0.0031219314449992585,2.236254703334026e-145,51862,0.0339131336872277
m2,C(ubigeo)[T.120610],-0.07295196731927915,0.003014363232768874,2.1477732321663003e-129,51862,0.0339131336872277
m2,C(ubigeo)[T.120611],-0.09188271165409154,0.003101476658517621,7.022003499878181e-193,51862,0.0339131336872277
m2,C(ubigeo)[T.120612],-0.11861976457273002,0.0034647124089601826,6.917823140451003e-257,51862,0.0339131336872277
m2,C(ubigeo)[T.120613],-0.1339233169159879,0.0034069081528024245,0.0,51862,0.0339131336872277
m2,C(ubigeo)[T.120702],-0.13823674812222905,0.0030718752527758458,0.0,51862,0.0339131336872277
m2,C(ubigeo)[T.120703],-0.04707741751197694,0.003209740292905815,1.0480525863187548e-48,51862,0.0339131336872277
m2,C(ubigeo)[T.120704],0.03041708749864701,0.0031190309669255705,1.8069936503162782e-22,51862,0.0339131336872277
m2,C(ubigeo)[T.120705],-0.17400143542001512,0.0033337052911285615,0.0,51862,0.0339131336872277
m2,C(ubigeo)[T.120706],-0.16088336886754376,0.0030034057637140115,0.0,51862,0.0339131336872277
m2,C(ubigeo)[T.120707],-0.16795180969899412,0.0034029637135379277,0.0,51862,0.0339131336872277
m2,C(ubigeo)[T.120708],-0.17305483827195728,0.0035931319768016034,0.0,51862,0.0339131336872277
m2,C(ubigeo)[T.120802],-0.15201302063806144,0.0031064460212879685,0.0,51862,0.0339131336872277
m2,C(ubigeo)[T.120803],-0.16135441913414408,0.003256834915629457,0.0,51862,0.0339131336872277
m2,C(ubigeo)[T.120804],-0.1585788172522302,0.0037143459329105496,0.0,51862,0.0339131336872277
m2,C(ubigeo)[T.120805],-0.08132179650281503,0.0033278978325950704,7.023178842511083e-132,51862,0.0339131336872277
m2,C(ubigeo)[T.120806],-0.13936875602049112,0.0029799056338693348,0.0,51862,0.0339131336872277
m2,C(ubigeo)[T.120807],-0.13983391588542957,0.00292590761878802,0.0,51862,0.0339131336872277
m2,C(ubigeo)[T.120808],-0.18057422298591383,0.004332469770462801,0.0,51862,0.0339131336872277
m2,C(ubigeo)[T.120902],-0.10576258391806032,0.003409635003755257,3.012887989678602e-211,51862,0.0339131336872277
m2,C(ubigeo)[T.120903],-0.12931316153667083,0.0035260585357946347,1.927042372657341e-294,51862,0.0339131336872277
m2,C(ubigeo)[T.121002],-0.143068342797335,0.003032726656895235,0.0,51862,0.0339131336872277
m2,C(ubigeo)[T.121003],-0.15037769706394855,0.003222711041620722,0.0,51862,0.0339131336872277
m2,C(ubigeo)[T.121004],-0.14039987356304956,0.002850101372597331,0.0,51862,0.0339131336872277
m2,C(ubigeo)[T.121102],-0.16779258219764004,0.003395830560922002,0.0,51862,0.0339131336872277
m2,C(ubigeo)[T.121103],-0.1696390064762529,0.0032008835870455435,0.0,51862,0.0339131336872277
m2,C(ubigeo)[T.121104],-0.17463774841361102,0.003491495595447751,0.0,51862,0.0339131336872277
m2,C(ubigeo)[T.121202],-0.16261223139417763,0.003166409247347673,0.0,51862,0.0339131336872277
m2,C(ubigeo)[T.121203],-0.128764818027624,0.0029691653474390386,0.0,51862,0.0339131336872277
m2,C(ubigeo)[T.130102],-0.16231206404302576,0.0037967205375667354,0.0,51862,0.0339131336872277
m2,C(ubigeo)[T.130103],-0.11621038688074325,0.002933821973715863,0.0,51862,0.0339131336872277
m2,C(ubigeo)[T.130104],-0.12255921760735235,0.002925825903438409,0.0,51862,0.0339131336872277
m2,C(ubigeo)[T.130105],-0.16952172784672379,0.0036378214237130263,0.0,51862,0.0339131336872277
m2,C(ubigeo)[T.130106],-0.17210090711087023,0.00410998502107288,0.0,51862,0.0339131336872277
m2,C(ubigeo)[T.130107],-0.142461030423394,0.003332722930528793,0.0,51862,0.0339131336872277
m2,C(ubigeo)[T.130108],-0.1425460809984676,0.003344615725182037,0.0,51862,0.0339131336872277
m2,C(ubigeo)[T.130109],-0.11574300242243406,0.0040301906927989115,2.2104072756116878e-181,51862,0.0339131336872277
m2,C(ubigeo)[T.130110],-0.17968492074246473,0.003916460260652815,0.0,51862,0.0339131336872277
m2,C(ubigeo)[T.130111],-0.16184248496852663,0.003737835471828228,0.0,51862,0.0339131336872277
m2,C(ubigeo)[T.130112],-0.20498189386003923,0.0044258215534646,0.0,51862,0.0339131336872277
m2,C(ubigeo)[T.130113],-0.1465041907893078,0.003964847817778031,7.078270547415718e-299,51862,0.0339131336872277
m2,C(ubigeo)[T.130114],-0.1380611620198751,0.0031644168274308584,0.0,51862,0.0339131336872277
m2,C(ubigeo)[T.130115],-0.17177666526558577,0.003707818095045759,0.0,51862,0.0339131336872277
m2,C(ubigeo)[T.130116],-0.16811096413997115,0.0033900695339036213,0.0,51862,0.0339131336872277
m2,C(ubigeo)[T.130117],-0.1638701207733966,0.0031237911066439904,0.0,51862,0.0339131336872277
m2,C(ubigeo)[T.130118],-0.19267134394475788,0.0041113269392401884,0.0,51862,0.0339131336872277
m2,C(ubigeo)[T.130119],-0.17072036453100717,0.004182267026050845,0.0,51862,0.0339131336872277
m2,C(ubigeo)[T.130120],-0.17378361242215243,0.0038186566494575512,0.0,51862,0.0339131336872277
m2,C(ubigeo)[T.130202],-0.1864010730662661,0.004050148472537909,0.0,51862,0.0339131336872277
m2,C(ubigeo)[T.130203],-0.153039980012063,0.0036291852845917773,0.0,51862,0.0339131336872277
m2,C(ubigeo)[T.130204],-0.1682156004806793,0.0037703422707409695,0.0,51862,0.0339131336872277
m2,C(ubigeo)[T.130205],-0.15737048192103326,0.003539438784104478,0.0,51862,0.0339131336872277
m2,C(ubigeo)[T.130206],-0.11966800572208283,0.0034618160792497647,7.651886591456422e-262,51862,0.0339131336872277
m2,C(ubigeo)[T.130302],-0.014017815173404105,0.003379580138048264,3.3568862140035376e-05,51862,0.0339131336872277
m2,C(ubigeo)[T.130303],-0.001546590464642378,0.003546540112641155,0.6627755672398716,51862,0.0339131336872277
m2,C(ubigeo)[T.130304],-0.16238198858421551,0.0033010270988065634,0.0,51862,0.0339131336872277
m2,C(ubigeo)[T.130305],-0.17760698098325162,0.003554958467871237,0.0,51862,0.0339131336872277
m2,C(ubigeo)[T.130306],-0.11469486409869083,0.004121567172980752,1.9902837741705884e-170,51862,0.0339131336872277
m2,C(ubigeo)[T.130307],-0.15664839551903975,0.0036525764869398372,0.0,51862,0.0339131336872277
m2,C(ubigeo)[T.130308],-0.18211111616261344,0.003596775506811984,0.0,51862,0.0339131336872277
m2,C(ubigeo)[T.130309],-0.14027013695229731,0.003563328229265462,0.0,51862,0.0339131336872277
m2,C(ubigeo)[T.130310],-0.1730866541152613,0.0034718474132809096,0.0,51862,0.0339131336872277
m2,C(ubigeo)[T.130311],-0.16034470292034317,0.004133250909413456,0.0,51862,0.0339131336872277
m2,C(ubigeo)[T.130312],-0.09362789196554065,0.0035414196548443407,5.019677355970611e-154,51862,0.0339131336872277
m2,C(ubigeo)[T.140102],-0.17689051575566642,0.004282617776311778,0.0,51862,0.0339131336872277
m2,C(ubigeo)[T.140103],-0.19509097147963733,0.004658625680469829,0.0,51862,0.0339131336872277
m2,C(ubigeo)[T.140104],-0.19737104079006976,0.004701524947478888,0.0,51862,0.0339131336872277
m2,C(ubigeo)[T.140105],-0.2016397310966222,0.004956909007324007,0.0,51862,0.0339131336872277
m2,C(ubigeo)[T.140106],-0.20180185328788708,0.004929966201385775,0.0,51862,0.0339131336872277
m2,C(ubigeo)[T.140107],-0.18817670190940888,0.00446864140174284,0.0,51862,0.0339131336872277
m2,C(ubigeo)[T.140108],-0.19913041688622501,0.004766993892854391,0.0,51862,0.0339131336872277
m2,C(ubigeo)[T.140109],-0.19538889264842502,0.004640616341814941,0.0,51862,0.0339131336872277
m2,C(ubigeo)[T.140110],-0.18748564593379197,0.0044072039978648786,0.0,51862,0.0339131336872277
m2,C(ubigeo)[T.140111],-0.18680638566899918,0.004439406656202326,0.0,51862,0.0339131336872277
m2,C(ubigeo)[T.140112],-0.19172342160564454,0.004476395586901611,0.0,51862,0.0339131336872277
m2,C(ubigeo)[T.140113],-0.17521809464917174,0.004347085110214414,0.0,51862,0.0339131336872277
m2,C(ubigeo)[T.140114],-0.16834426571759328,0.004197526578843033,0.0,51862,0.0339131336872277
m2,C(ubigeo)[T.140115],-0.17529793450542697,0.004247378443665351,0.0,51862,0.0339131336872277
m2,C(ubigeo)[T.140116],-0.18578749527179847,0.004490562484465607,0.0,51862,0.0339131336872277
m2,C(ubigeo)[T.140117],-0.17637592464599913,0.004301376356761495,0.0,51862,0.0339131336872277
m2,C(ubigeo)[T.140118],-0.15842713641064718,0.004192215864502567,0.0,51862,0.0339131336872277
m2,C(ubigeo)[T.140119],-0.1928509153905356,0.004602114874235048,0.0,51862,0.0339131336872277
m2,C(ubigeo)[T.140120],-0.14809180833350535,0.004159201366763746,1.1382481077118255e-277,51862,0.0339131336872277
m2,C(ubigeo)[T.140121],-0.17268609901832957,0.004242474421413606,0.0,51862,0.0339131336872277
m2,C(ubigeo)[T.140122],-0.19679539649786415,0.0047381547070042196,0.0,51862,0.0339131336872277
m2,C(ubigeo)[T.140123],-0.1429140437919918,0.00417295178176037,4.717486118155431e-257,51862,0.0339131336872277
m2,C(ubigeo)[T.140124],-0.179041260306627,0.004296173891577895,0.0,51862,0.0339131336872277
m2,C(ubigeo)[T.140125],-0.19292655294497849,0.004504592583289015,0.0,51862,0.0339131336872277
m2,C(ubigeo)[T.140126],-0.1994197488475028,0.004836164279393623,0.0,51862,0.0339131336872277
m2,C(ubigeo)[T.140127],-0.17689051575567408,0.004282617776311538,0.0,51862,0.0339131336872277
m2,C(ubigeo)[T.140128],0.026451033171742782,0.004233934546337212,4.173725424972079e-10,51862,0.0339131336872277
m2,C(ubigeo)[T.140129],-0.17529793450538828,0.004247378443666539,0.0,51862,0.0339131336872277
m2,C(ubigeo)[T.140130],-0.19213048783697456,0.004644741265848338,0.0,51862,0.0339131336872277
m2,C(ubigeo)[T.140131],-0.18306818627446356,0.004322928616449795,0.0,51862,0.0339131336872277
m2,C(ubigeo)[T.140132],-0.20005929263262948,0.004880446095723041,0.0,51862,0.0339131336872277
m2,C(ubigeo)[T.140133],-0.18306972908955188,0.0045263927055800264,0.0,51862,0.0339131336872277
m2,C(ubigeo)[T.140134],-0.19295383361247478,0.004596150253803079,0.0,51862,0.0339131336872277
m2,C(ubigeo)[T.140135],-0.1856111790598521,0.004399554212947792,0.0,51862,0.0339131336872277
m2,C(ubigeo)[T.140136],-0.20129796810329317,0.004880544282597432,0.0,51862,0.0339131336872277
m2,C(ubigeo)[T.140137],-0.20327141025613324,0.004990014229698051,0.0,51862,0.0339131336872277
m2,C(ubigeo)[T.140138],-0.19538889264840126,0.00464061634181408,0.0,51862,0.0339131336872277
m2,C(ubigeo)[T.140139],-0.13666907840373577,0.004125762722477175,1.2649083319702164e-240,51862,0.0339131336872277
m2,C(ubigeo)[T.140140],-0.18606372114842334,0.0041664856201490815,0.0,51862,0.0339131336872277
m2,C(ubigeo)[T.140141],-0.1983157892119226,0.004725509120969343,0.0,51862,0.0339131336872277
m2,C(ubigeo)[T.140142],-0.2007780865636418,0.004830825700453714,0.0,51862,0.0339131336872277
m2,C(ubigeo)[T.140143],-0.19984000829989051,0.00480810666014019,0.0,51862,0.0339131336872277
m2,C(ubigeo)[T.140205],-0.06656280155800659,0.003373873072632831,1.2179372152131449e-86,51862,0.0339131336872277
m2,C(ubigeo)[T.140206],-0.14682071980340686,0.0033757413364320942,0.0,51862,0.0339131336872277
m2,C(ubigeo)[T.140207],-0.1271896301617148,0.0033100506646551414,0.0,51862,0.0339131336872277
m2,C(ubigeo)[T.140208],-0.09140757751157441,0.003246767468886941,2.176734541769235e-174,51862,0.0339131336872277
m2,C(ubigeo)[T.140302],-0.13489302110247423,0.003640969353910822,1.8876289478731766e-300,51862,0.0339131336872277
m2,C(ubigeo)[T.140303],0.18922764637877543,0.0030284994084204494,0.0,51862,0.0339131336872277
m2,C(ubigeo)[T.140304],-0.12195937803886797,0.003156345009160772,0.0,51862,0.0339131336872277
m2,C(ubigeo)[T.140305],-0.1360250290007443,0.003555777725523941,0.0,51862,0.0339131336872277
m2,C(ubigeo)[T.140306],-0.10610996138147429,0.0033722223604647113,2.545429353194721e-217,51862,0.0339131336872277
m2,C(ubigeo)[T.140307],-0.14964756777110003,0.003573459895909617,0.0,51862,0.0339131336872277
m2,C(ubigeo)[T.140402],-0.15363976846945154,0.0035729560957943047,0.0,51862,0.0339131336872277
m2,C(ubigeo)[T.140403],-0.1391021801158016,0.003646043515352909,0.0,51862,0.0339131336872277
m2,C(ubigeo)[T.140404],-0.1070155306828355,0.0032833412923535844,5.072815867374937e-233,51862,0.0339131336872277
m2,C(ubigeo)[T.140405],-0.18900983023483298,0.004217721700386036,0.0,51862,0.0339131336872277
m2,C(ubigeo)[T.140406],-0.19108379020287425,0.004365702489850685,0.0,51862,0.0339131336872277
m2,C(ubigeo)[T.140407],-0.16367824848712775,0.0036479390315314005,0.0,51862,0.0339131336872277
m2,C(ubigeo)[T.140408],-0.1822354724423451,0.003942045897526191,0.0,51862,0.0339131336872277
m2,C(ubigeo)[T.140409],-0.18151607025893082,0.00408951251888304,0.0,51862,0.0339131336872277
m2,C(ubigeo)[T.140410],-0.16118051906631706,0.003900400120730749,0.0,51862,0.0339131336872277
m2,C(ubigeo)[T.140411],-0.17024942668663376,0.003908852689065309,0.0,51862,0.0339131336872277
m2,C(ubigeo)[T.140412],-0.13723173264565214,0.0033203872452671744,0.0,51862,0.0339131336872277
m2,C(ubigeo)[T.140413],-0.18319011718265843,0.004078534564109526,0.0,51862,0.0339131336872277
m2,C(ubigeo)[T.140414],-0.09983557267980674,0.0032539687207696973,1.0149952875563295e-206,51862,0.0339131336872277
m2,C(ubigeo)[T.140415],-0.13060202672503662,0.00351969838343162,2.2460221109098498e-301,51862,0.0339131336872277
m2,C(ubigeo)[T.140416],-0.19522492608921832,0.004411071042326989,0.0,51862,0.0339131336872277
m2,C(ubigeo)[T.140502],-0.14321296542091702,0.003631555682889593,0.0,51862,0.0339131336872277
m2,C(ubigeo)[T.140504],-0.17045678403020162,0.0038698812176747046,0.0,51862,0.0339131336872277
m2,C(ubigeo)[T.140505],-0.10283483953605066,0.0035396958254890146,1.4566605772249204e-185,51862,0.0339131336872277
m2,C(ubigeo)[T.140506],-0.1988298481248735,0.004608261613331947,0.0,51862,0.0339131336872277
m2,C(ubigeo)[T.140507],-0.1929408484415046,0.004475182544606526,0.0,51862,0.0339131336872277
m2,C(ubigeo)[T.140508],-0.050278380920606935,0.00412260662913368,3.273763478831455e-34,51862,0.0339131336872277
m2,C(ubigeo)[T.140509],0.06606419401159774,0.00389353731081894,1.425126400177859e-64,51862,0.0339131336872277
m2,C(ubigeo)[T.140511],-0.16031925244990725,0.003708633127417765,0.0,51862,0.0339131336872277
m2,C(ubigeo)[T.140512],-0.20177677072980751,0.004906156218135444,0.0,51862,0.0339131336872277
m2,C(ubigeo)[T.140513],-0.18235363360291815,0.004267615994991087,0.0,51862,0.0339131336872277
m2,C(ubigeo)[T.140516],-0.19408663742552393,0.004379989054308433,0.0,51862,0.0339131336872277
m2,C(ubigeo)[T.140602],-0.145417786215624,0.0034338354498946976,0.0,51862,0.0339131336872277
m2,C(ubigeo)[T.140603],-0.0028214739846150194,0.0029358683533406774,0.33653427166772965,51862,0.0339131336872277
m2,C(ubigeo)[T.140604],-0.0712279727650241,0.003246779375978413,1.1265506509668968e-106,51862,0.0339131336872277
m2,C(ubigeo)[T.140605],-0.1320320773701888,0.0032375464339292623,0.0,51862,0.0339131336872277
m2,C(ubigeo)[T.140606],0.00791685083104069,0.0033606795894123567,0.018486391812989448,51862,0.0339131336872277
m2,C(ubigeo)[T.140607],0.063694814124312,0.003869638994607551,7.093179946975967e-61,51862,0.0339131336872277
m2,C(ubigeo)[T.140608],-0.07953846138456114,0.003348339303900196,9.848214406881556e-125,51862,0.0339131336872277
m2,C(ubigeo)[T.140609],0.11887737499593098,0.0035983595528184436,2.427334619779054e-239,51862,0.0339131336872277
m2,C(ubigeo)[T.140610],-0.07108384368545588,0.0031597317296405357,4.461386123341617e-112,51862,0.0339131336872277
m2,C(ubigeo)[T.140611],-0.14717441443219886,0.003310669647993246,0.0,51862,0.0339131336872277
m2,C(ubigeo)[T.140612],-0.08197383917521932,0.0032903368369720685,5.311451364024058e-137,51862,0.0339131336872277
m2,C(ubigeo)[T.140613],-0.14532328826626728,0.0034446950218945415,0.0,51862,0.0339131336872277
m2,C(ubigeo)[T.140614],-0.10900616118096398,0.0028859173788874388,0.0,51862,0.0339131336872277
m2,C(ubigeo)[T.140615],-0.18710039218735253,0.003955841299686443,0.0,51862,0.0339131336872277
m2,C(ubigeo)[T.140616],-0.12112078511938112,0.0031593482836540184,0.0,51862,0.0339131336872277
m2,C(ubigeo)[T.140617],-0.1523079672529569,0.0036464115363055586,0.0,51862,0.0339131336872277
m2,C(ubigeo)[T.140618],-0.06402818032771469,0.002676352285887082,1.7371169912567316e-126,51862,0.0339131336872277
m2,C(ubigeo)[T.140619],-0.06193509975000735,0.0030553539936896607,2.318673734120964e-91,51862,0.0339131336872277
m2,C(ubigeo)[T.140620],-0.09042314234522024,0.0032385944311343587,1.5049331155944036e-171,51862,0.0339131336872277
m2,C(ubigeo)[T.140621],-0.15519248826719723,0.003329564354107979,0.0,51862,0.0339131336872277
m2,C(ubigeo)[T.140622],-0.14551245768323837,0.0035332812292583064,0.0,51862,0.0339131336872277
m2,C(ubigeo)[T.140623],-0.004022699155140072,0.002422483924580956,0.0968002511075455,51862,0.0339131336872277
m2,C(ubigeo)[T.140624],-0.1315509732440868,0.0033703639344038736,0.0,51862,0.0339131336872277
m2,C(ubigeo)[T.140625],-0.15755442510970363,0.003549922352204115,0.0,51862,0.0339131336872277
m2,C(ubigeo)[T.140626],-0.03417409076000111,0.003019439303710836,1.0685155988686144e-29,51862,0.0339131336872277
m2,C(ubigeo)[T.140627],0.017122196521926425,0.0028604107527090555,2.1516706904710904e-09,51862,0.0339131336872277
m2,C(ubigeo)[T.140628],-0.07216177017319828,0.00295887369131132,2.2785864428913605e-131,51862,0.0339131336872277
m2,C(ubigeo)[T.140629],-0.14559485042782322,0.003548950436635334,0.0,51862,0.0339131336872277
m2,C(ubigeo)[T.140630],-0.048130189338682385,0.0030474419651256718,3.4415675351209378e-56,51862,0.0339131336872277
m2,C(ubigeo)[T.140631],-0.02288127805239233,0.0025532377051977924,3.19792803474936e-19,51862,0.0339131336872277
m2,C(ubigeo)[T.140632],-0.12485786378131504,0.003351429068241881,8.757411311902232e-304,51862,0.0339131336872277
m2,C(ubigeo)[T.140702],-0.0326237121152564,0.003353274908544974,2.270108385362591e-22,51862,0.0339131336872277
m2,C(ubigeo)[T.140703],-0.1749047935204817,0.003935957507575679,0.0,51862,0.0339131336872277
m2,C(ubigeo)[T.140704],-0.11352687905572079,0.003337455736026858,1.2924911377336436e-253,51862,0.0339131336872277
m2,C(ubigeo)[T.140705],-0.1528848061312906,0.0035455377237898246,0.0,51862,0.0339131336872277
m2,C(ubigeo)[T.140706],-0.10598900400629595,0.0034102574861364023,4.562453401432783e-212,51862,0.0339131336872277
m2,C(ubigeo)[T.140707],-0.11716677952419333,0.003583960987410434,2.0305196279381412e-234,51862,0.0339131336872277
m2,C(ubigeo)[T.140708],-0.01744537005320962,0.0033244051530802936,1.540376910950474e-07,51862,0.0339131336872277
m2,C(ubigeo)[T.140709],-0.1744819598057976,0.003929734347796119,0.0,51862,0.0339131336872277
m2,C(ubigeo)[T.140710],-0.15297390868901947,0.0036336069679035435,0.0,51862,0.0339131336872277
m2,C(ubigeo)[T.140711],-0.113845890353483,0.003275629022762745,1.1475227894072787e-264,51862,0.0339131336872277
m2,C(ubigeo)[T.140712],-0.0994737211553762,0.003277273238076917,2.3225452646406676e-202,51862,0.0339131336872277
m2,C(ubigeo)[T.140713],0.07581322940462329,0.003532807678335853,3.701543920179439e-102,51862,0.0339131336872277
m2,C(ubigeo)[T.140714],-0.12454949969207657,0.003531175592303652,1.612395949229347e-272,51862,0.0339131336872277
m2,C(ubigeo)[T.140715],-0.07361648141206745,0.002941079526696491,2.852194928065057e-138,51862,0.0339131336872277
m2,C(ubigeo)[T.140716],-0.058558444382848907,0.003190941330395477,3.213373978213155e-75,51862,0.0339131336872277
m2,C(ubigeo)[T.140717],-0.10451162524352617,0.003690206778454184,1.8870020702480485e-176,51862,0.0339131336872277
m2,C(ubigeo)[T.140718],-0.06165207463967288,0.0030501198180607368,7.523192194727276e-91,51862,0.0339131336872277
m2,C(ubigeo)[T.140719],-0.09127598139543051,0.0031702207453747277,2.7264115365329284e-182,51862,0.0339131336872277
m2,C(ubigeo)[T.140720],-0.13117404698309493,0.0034044466227174264,0.0,51862,0.0339131336872277
m2,C(ubigeo)[T.140721],-0.01826607709186385,0.00306418887629498,2.5047513063046975e-09,51862,0.0339131336872277
m2,C(ubigeo)[T.140722],0.1347016185897335,0.002671069602836186,0.0,51862,0.0339131336872277
m2,C(ubigeo)[T.140723],0.013980250213570723,0.002096573171054113,2.5905988836267633e-11,51862,0.0339131336872277
m2,C(ubigeo)[T.140724],-0.09176819897862862,0.0031744791455576393,9.44115218080271e-184,51862,0.0339131336872277
m2,C(ubigeo)[T.140725],-0.10076261808356515,0.0031105204102649525,3.3196549141180183e-230,51862,0.0339131336872277
m2,C(ubigeo)[T.140726],-0.11481803652124731,0.0032145244411860814,2.0398453967574207e-279,51862,0.0339131336872277
m2,C(ubigeo)[T.140727],-0.017089286444838155,0.0031018671658295275,3.601515394714726e-08,51862,0.0339131336872277
m2,C(ubigeo)[T.140728],-0.18757474346909,0.004186454141581186,0.0,51862,0.0339131336872277
m2,C(ubigeo)[T.140729],-0.08120195251068305,0.0032807070403215524,2.997694114957609e-135,51862,0.0339131336872277
m2,C(ubigeo)[T.140730],-0.10555188059518766,0.0035387453917712862,1.71991261827128e-195,51862,0.0339131336872277
m2,C(ubigeo)[T.140731],-0.15297390868901373,0.003633606967904341,0.0,51862,0.0339131336872277
m2,C(ubigeo)[T.140732],-0.11863431713329994,0.003578209285164134,4.851752814041609e-241,51862,0.0339131336872277
m2,C(ubigeo)[T.140733],-0.15221902800648696,0.003660901040421013,0.0,51862,0.0339131336872277
m2,C(ubigeo)[T.140802],-0.11267125161729144,0.003559243038575702,6.278542722639202e-220,51862,0.0339131336872277
m2,C(ubigeo)[T.140803],-0.04350236348677519,0.003185615985114099,1.8624695503289782e-42,51862,0.0339131336872277
m2,C(ubigeo)[T.140804],-0.1891302035492895,0.004074831421310901,0.0,51862,0.0339131336872277
m2,C(ubigeo)[T.140805],-0.18435480272836868,0.003985143156405451,0.0,51862,0.0339131336872277
m2,C(ubigeo)[T.140806],0.011551857508286526,0.0037907403130362054,0.00230839336414633,51862,0.0339131336872277
m2,C(ubigeo)[T.140807],-0.13097895298603918,0.0034790894721115737,3.59744518983693e-310,51862,0.0339131336872277
m2,C(ubigeo)[T.140808],-0.12477793177745275,0.003597958706031173,1.5666073143982364e-263,51862,0.0339131336872277
m2,C(ubigeo)[T.140809],-0.08145924806551268,0.003283576460569572,7.333269527242595e-136,51862,0.0339131336872277
m2,C(ubigeo)[T.140810],-0.08387663970040471,0.002949504335110432,6.949342815960367e-178,51862,0.0339131336872277
m2,C(ubigeo)[T.140811],-0.13611282205192796,0.0035038916726968937,0.0,51862,0.0339131336872277
m2,C(ubigeo)[T.140812],0.11714913192808424,0.0034618732353062396,5.125320941833986e-251,51862,0.0339131336872277
m2,C(ubigeo)[T.140902],-0.2196721747916697,0.004846651919490469,0.0,51862,0.0339131336872277
m2,C(ubigeo)[T.140903],-0.1921927527820493,0.004344511634765185,0.0,51862,0.0339131336872277
m2,C(ubigeo)[T.140904],-0.20182951660387155,0.004613838420670494,0.0,51862,0.0339131336872277
m2,C(ubigeo)[T.140905],-0.1875537609007262,0.004348677591240616,0.0,51862,0.0339131336872277
m2,C(ubigeo)[T.141002],-0.09574939926726625,0.0038980292914965876,3.099863992329247e-133,51862,0.0339131336872277
m2,C(ubigeo)[T.141003],-0.0027969165386248496,0.0026920924745837066,0.29883368129830334,51862,0.0339131336872277
m2,C(ubigeo)[T.141004],-0.07535572078718096,0.00399575215862609,2.4806205753034258e-79,51862,0.0339131336872277
m2,C(ubigeo)[T.141005],-0.16641364656639235,0.003651239421067372,0.0,51862,0.0339131336872277
m2,C(ubigeo)[T.141006],-0.13873698642508409,0.003651770350749735,0.0,51862,0.0339131336872277
m2,C(ubigeo)[T.150102],-0.15185239026059988,0.0032027968742704715,0.0,51862,0.0339131336872277
m2,C(ubigeo)[T.150103],-0.17108038467101128,0.0026096508313734933,0.0,51862,0.0339131336872277
m2,C(ubigeo)[T.150104],-0.11367981756269951,0.0011094164491834172,0.0,51862,0.0339131336872277
m2,C(ubigeo)[T.150105],-0.12435094331988267,0.002354408010653272,0.0,51862,0.0339131336872277
m2,C(ubigeo)[T.150106],-0.170089643577446,0.0026253197813632845,0.0,51862,0.0339131336872277
m2,C(ubigeo)[T.150107],-0.17375540030655795,0.0036991602357980204,0.0,51862,0.0339131336872277
m2,C(ubigeo)[T.150108],-0.12370197393938069,0.0012447610917741435,0.0,51862,0.0339131336872277
m2,C(ubigeo)[T.150110],-0.1726897943412873,0.003499470345632817,0.0,51862,0.0339131336872277
m2,C(ubigeo)[T.150111],-0.19552565233942387,0.004400694239793143,0.0,51862,0.0339131336872277
m2,C(ubigeo)[T.150112],-0.20224549617782328,0.004227759596273197,0.0,51862,0.0339131336872277
m2,C(ubigeo)[T.150113],-0.19599869729757202,0.004151326578851714,0.0,51862,0.0339131336872277
m2,C(ubigeo)[T.150114],-0.10973045851674906,0.0016211497168645997,0.0,51862,0.0339131336872277
m2,C(ubigeo)[T.150202],-0.18455750701971163,0.003865794367923271,0.0,51862,0.0339131336872277
m2,C(ubigeo)[T.150205],-0.1462445962595281,0.0027286913372079184,0.0,51862,0.0339131336872277
m2,C(ubigeo)[T.150206],-0.17955281604761392,0.0032161770230638835,0.0,51862,0.0339131336872277
m2,C(ubigeo)[T.150210],-0.15271525392961705,0.002753696985295986,0.0,51862,0.0339131336872277
m2,C(ubigeo)[T.150211],-0.13480098124821333,0.002316145898483494,0.0,51862,0.0339131336872277
m2,C(ubigeo)[T.150302],-0.06916964253089199,0.0032771939204821097,6.952207187343654e-99,51862,0.0339131336872277
m2,C(ubigeo)[T.150303],-0.1696653362385908,0.002640913362470297,0.0,51862,0.0339131336872277
m2,C(ubigeo)[T.150304],-0.19153735199304106,0.003235163863728881,0.0,51862,0.0339131336872277
m2,C(ubigeo)[T.150305],-0.169990645884604,0.0027344167863090074,0.0,51862,0.0339131336872277
m2,C(ubigeo)[T.150402],-0.1367122982328376,0.0015543535853009159,0.0,51862,0.0339131336872277
m2,C(ubigeo)[T.150403],-0.10677455677297516,0.0015198814232243916,0.0,51862,0.0339131336872277
m2,C(ubigeo)[T.150404],-0.10495830145243695,0.0023394776849696214,0.0,51862,0.0339131336872277
m2,C(ubigeo)[T.150405],-0.18224470658526862,0.0027107143533989316,0.0,51862,0.0339131336872277
m2,C(ubigeo)[T.150406],-0.1407011803130966,0.001661702387365649,0.0,51862,0.0339131336872277
m2,C(ubigeo)[T.150407],-0.17278235485275875,0.002679453069764857,0.0,51862,0.0339131336872277
m2,C(ubigeo)[T.150408],-0.05407509168141869,0.0009167837656111291,0.0,51862,0.0339131336872277
m2,C(ubigeo)[T.150409],-0.07704067039462989,0.00079925650347512,0.0,51862,0.0339131336872277
m2,C(ubigeo)[T.150410],-0.15201864298921905,0.0019080631788249835,0.0,51862,0.0339131336872277
m2,C(ubigeo)[T.150411],-0.16787855864999496,0.002339792355421096,0.0,51862,0.0339131336872277
m2,C(ubigeo)[T.150502],-0.1432574733598056,0.001938157506570019,0.0,51862,0.0339131336872277
m2,C(ubigeo)[T.150503],-0.13377742866586395,0.0015424990325337016,0.0,51862,0.0339131336872277
m2,C(ubigeo)[T.150504],-0.1657542014709228,0.0021825243359028176,0.0,51862,0.0339131336872277
m2,C(ubigeo)[T.150505],-0.042697713514835686,0.003021757458391812,2.4781727874044915e-45,51862,0.0339131336872277
m2,C(ubigeo)[T.150506],-0.10298573708100059,0.0017113060974136053,0.0,51862,0.0339131336872277
m2,C(ubigeo)[T.150602],-0.1735217371650147,0.002934431825318368,0.0,51862,0.0339131336872277
m2,C(ubigeo)[T.150603],-0.1472272322426392,0.0020484687944458038,0.0,51862,0.0339131336872277
m2,C(ubigeo)[T.150604],-0.11451360617149342,0.0021630851903159257,0.0,51862,0.0339131336872277
m2,C(ubigeo)[T.150702],-0.16908795494171536,0.0024659601401713555,0.0,51862,0.0339131336872277
m2,C(ubigeo)[T.150703],-0.1691829446585738,0.0025629141919284912,0.0,51862,0.0339131336872277
m2,C(ubigeo)[T.150704],-0.16394466937103397,0.0026877236446743676,0.0,51862,0.0339131336872277
m2,C(ubigeo)[T.150705],-0.18346430535232178,0.0030926909112480565,0.0,51862,0.0339131336872277
m2,C(ubigeo)[T.150706],-0.1361880411473023,0.0020510819268851916,0.0,51862,0.0339131336872277
m2,C(ubigeo)[T.150902],-0.06876088456163956,0.0019155688719772216,3.5517537933583576e-282,51862,0.0339131336872277
m2,C(ubigeo)[T.150903],-0.0806414130018358,0.0003467297716171463,0.0,51862,0.0339131336872277
m2,C(ubigeo)[T.150904],-0.06876088456157411,0.001915568871977423,3.551753798199886e-282,51862,0.0339131336872277
m2,C(ubigeo)[T.160102],-0.13242236109852767,0.0031648167206003953,0.0,51862,0.0339131336872277
m2,C(ubigeo)[T.160103],-0.1911969501078456,0.0038067576203411895,0.0,51862,0.0339131336872277
m2,C(ubigeo)[T.160104],-0.16053929370866588,0.002557322631018418,0.0,51862,0.0339131336872277
m2,C(ubigeo)[T.160202],-0.12667042336519208,0.001572348530538317,0.0,51862,0.0339131336872277
m2,C(ubigeo)[T.160203],-0.16746441542098414,0.002729474385396774,0.0,51862,0.0339131336872277
m2,C(ubigeo)[T.160204],-0.17201167054759653,0.0028869624812512054,0.0,51862,0.0339131336872277
m2,C(ubigeo)[T.160302],-0.14351648135160477,0.0016998509109756588,0.0,51862,0.0339131336872277
m2,C(ubigeo)[T.160303],-0.13313423989252843,0.00148139394964535,0.0,51862,0.0339131336872277
m2,C(ubigeo)[T.170102],-0.10134372087830786,0.0028169948485646072,1.9978820342468112e-283,51862,0.0339131336872277
m2,C(ubigeo)[T.170103],-0.07828639388353945,0.002193855099097298,6.9025938461938634e-279,51862,0.0339131336872277
m2,C(ubigeo)[T.170104],-0.0830027690044382,0.0030996573487200216,5.822854943234079e-158,51862,0.0339131336872277
m2,C(ubigeo)[T.170105],-0.1305840668589272,0.002795444808746404,0.0,51862,0.0339131336872277
m2,C(ubigeo)[T.170106],-0.1024292607074403,0.004031939257016925,2.251048961912372e-142,51862,0.0339131336872277
m2,C(ubigeo)[T.170107],-0.1019765315825568,0.004134380772274226,2.51016055081025e-134,51862,0.0339131336872277
m2,C(ubigeo)[T.170202],-0.1427891567704897,0.0037715396739314865,0.0,51862,0.0339131336872277
m2,C(ubigeo)[T.170203],-0.05953907047600148,0.002994005209944206,5.369776916913547e-88,51862,0.0339131336872277
m2,C(ubigeo)[T.170204],-0.16294933581408558,0.004025663008508997,0.0,51862,0.0339131336872277
m2,C(ubigeo)[T.170205],-0.1296530802059508,0.0037022254184103805,1.104321271726464e-268,51862,0.0339131336872277
m2,C(ubigeo)[T.170206],-0.10410350306627836,0.003563838343501625,1.4033066593562992e-187,51862,0.0339131336872277
m2,C(ubigeo)[T.170207],-0.07164164956873106,0.0033424490931823845,6.457000864548349e-102,51862,0.0339131336872277
m2,C(ubigeo)[T.170208],-0.16659138773667276,0.003924250768044237,0.0,51862,0.0339131336872277
m2,C(ubigeo)[T.170209],0.19066481554883036,0.004318614183047471,0.0,51862,0.0339131336872277
m2,C(ubigeo)[T.170210],-0.13539081092832236,0.004065258701041496,3.339540741321582e-243,51862,0.0339131336872277
m2,C(ubigeo)[T.170211],-0.1356707749284067,0.003940520540598705,9.078367554317465e-260,51862,0.0339131336872277
m2,C(ubigeo)[T.170302],-0.13645331357386659,0.002438467401713836,0.0,51862,0.0339131336872277
m2,C(ubigeo)[T.170303],-0.14210597792242247,0.0038776972977474767,5.107953933126091e-294,51862,0.0339131336872277
m2,C(ubigeo)[T.180103],-0.12269032551566383,0.003890158731859279,2.566536061492479e-218,51862,0.0339131336872277
m2,C(ubigeo)[T.180104],-0.15124331039838626,0.0039020919016497435,0.0,51862,0.0339131336872277
m2,C(ubigeo)[T.180105],-0.14633249215930683,0.003845592119838078,0.0,51862,0.0339131336872277
m2,C(ubigeo)[T.180106],-0.12073049095515083,0.0033353569271206184,6.744511895374325e-287,51862,0.0339131336872277
m2,C(ubigeo)[T.180107],-0.14586615231199812,0.003473398829535351,0.0,51862,0.0339131336872277
m2,C(ubigeo)[T.180108],-0.1418156040591782,0.003293694246099826,0.0,51862,0.0339131336872277
m2,C(ubigeo)[T.180109],-0.16660946157320353,0.004315275393098024,0.0,51862,0.0339131336872277
m2,C(ubigeo)[T.180110],-0.1627181355314446,0.0033353773380862314,0.0,51862,0.0339131336872277
m2,C(ubigeo)[T.180111],-0.132526730431998,0.003216639606351685,0.0,51862,0.0339131336872277
m2,C(ubigeo)[T.180112],-0.1381880618985021,0.0032974055767154503,0.0,51862,0.0339131336872277
m2,C(ubigeo)[T.180113],-0.1477047351184868,0.003823760358642642,0.0,51862,0.0339131336872277
m2,C(ubigeo)[T.180114],-0.18965001114834046,0.004417839358604294,0.0,51862,0.0339131336872277
m2,C(ubigeo)[T.180202],-0.11811737001328843,0.003551663706606765,1.621762494429596e-242,51862,0.0339131336872277
m2,C(ubigeo)[T.180203],-0.14272858828603058,0.0032793226576916337,0.0,51862,0.0339131336872277
m2,C(ubigeo)[T.180204],-0.11149656004850358,0.002703792154389613,0.0,51862,0.0339131336872277
m2,C(ubigeo)[T.180205],-0.07083300639636189,0.0033293351368966183,1.9178424157973053e-100,51862,0.0339131336872277
m2,C(ubigeo)[T.180206],-0.16165002310586984,0.0039377985731937695,0.0,51862,0.0339131336872277
m2,C(ubigeo)[T.180207],-0.1442742345085132,0.003153234640479741,0.0,51862,0.0339131336872277
m2,C(ubigeo)[T.180208],-0.11750308070984826,0.0037585813446071948,1.504459130653815e-214,51862,0.0339131336872277
m2,C(ubigeo)[T.180302],-0.15736458555473226,0.0040564639438517985,0.0,51862,0.0339131336872277
m2,C(ubigeo)[T.180303],-0.14753320474857318,0.003826037369632827,0.0,51862,0.0339131336872277
m2,C(ubigeo)[T.180304],-0.1724939122052053,0.0036782526104137837,0.0,51862,0.0339131336872277
m2,C(ubigeo)[T.180305],-0.16701968276056467,0.0036275366039488785,0.0,51862,0.0339131336872277
m2,C(ubigeo)[T.180306],-0.10309269315515243,0.0037984970298913247,3.2877919105699826e-162,51862,0.0339131336872277
m2,C(ubigeo)[T.180307],-0.1472020506492789,0.003923601552532271,4.852446406711797e-308,51862,0.0339131336872277
m2,C(ubigeo)[T.180308],-0.1763738975862042,0.003580979949008797,0.0,51862,0.0339131336872277
m2,C(ubigeo)[T.190103],-0.20437157146922552,0.004523800525081627,0.0,51862,0.0339131336872277
m2,C(ubigeo)[T.190104],-0.1917126543523318,0.004095272448122515,0.0,51862,0.0339131336872277
m2,C(ubigeo)[T.190105],-0.1479441707126021,0.0036867845504017496,0.0,51862,0.0339131336872277
m2,C(ubigeo)[T.190106],-0.17578100067351807,0.004156171680259801,0.0,51862,0.0339131336872277
m2,C(ubigeo)[T.190107],-0.1612623610074691,0.003574815659903836,0.0,51862,0.0339131336872277
m2,C(ubigeo)[T.190109],-0.18593277863433666,0.003615745011796848,0.0,51862,0.0339131336872277
m2,C(ubigeo)[T.190113],-0.1780343478672128,0.003310477179983461,0.0,51862,0.0339131336872277
m2,C(ubigeo)[T.190114],-0.07575388836128377,0.0025417444259625533,3.477835581137303e-195,51862,0.0339131336872277
m2,C(ubigeo)[T.190115],-0.22982396188800663,0.004801981945065197,0.0,51862,0.0339131336872277
m2,C(ubigeo)[T.190202],-0.1109227624968128,0.002721165483460703,0.0,51862,0.0339131336872277
m2,C(ubigeo)[T.190203],-0.0358927742360044,0.0029508754797494,4.866991977328393e-34,51862,0.0339131336872277
m2,C(ubigeo)[T.190204],-0.08886614380157974,0.0036157678205684584,2.2043811892018057e-133,51862,0.0339131336872277
m2,C(ubigeo)[T.190205],-0.06178376421643648,0.002962494025295182,1.3637971669263153e-96,51862,0.0339131336872277
m2,C(ubigeo)[T.190206],-0.16623639195700868,0.0032168689402850264,0.0,51862,0.0339131336872277
m2,C(ubigeo)[T.190207],-0.08435551088867979,0.0026451206383956826,3.560204665061065e-223,51862,0.0339131336872277
m2,C(ubigeo)[T.190208],-0.15474543165585175,0.0028680495546246107,0.0,51862,0.0339131336872277
m2,C(ubigeo)[T.190209],-0.03603909598795813,0.0028503326840528197,1.2102651587711763e-36,51862,0.0339131336872277
m2,C(ubigeo)[T.190210],-0.13138268991587093,0.003452752682215141,0.0,51862,0.0339131336872277
m2,C(ubigeo)[T.190302],-0.15269897385755266,0.0030100354091713083,0.0,51862,0.0339131336872277
m2,C(ubigeo)[T.190303],-0.15658397398021343,0.003542401670955498,0.0,51862,0.0339131336872277
m2,C(ubigeo)[T.190304],-0.1340746993464041,0.003092495124577771,0.0,51862,0.0339131336872277
m2,C(ubigeo)[T.190305],-0.14056268620540777,0.0034649943347343512,0.0,51862,0.0339131336872277
m2,C(ubigeo)[T.190306],-0.1053409551690312,0.003493018574045501,8.534822638899059e-200,51862,0.0339131336872277
m2,C(ubigeo)[T.190307],-0.1585134120102848,0.0033805401126625776,0.0,51862,0.0339131336872277
m2,C(ubigeo)[T.190308],-0.13168873650124874,0.002611211552502077,0.0,51862,0.0339131336872277
m2,C(ubigeo)[T.190402],-0.10377949287469362,0.0025948558085612497,0.0,51862,0.0339131336872277
m2,C(ubigeo)[T.190403],-0.1212733967270887,0.0022227584810961534,0.0,51862,0.0339131336872277
m2,C(ubigeo)[T.190404],-0.17403076554063354,0.0034461456827806817,0.0,51862,0.0339131336872277
m2,C(ubigeo)[T.190405],-0.15194511541384526,0.0032349916333937337,0.0,51862,0.0339131336872277
m2,C(ubigeo)[T.190406],-0.08106450094798398,0.003324814417486459,2.6768247774057023e-131,51862,0.0339131336872277
m2,C(ubigeo)[T.190407],-0.07307738596383277,0.0029344197848585225,6.814561175111852e-137,51862,0.0339131336872277
m2,C(ubigeo)[T.190408],-0.14658452988643123,0.0025948813192074563,0.0,51862,0.0339131336872277
m2,C(ubigeo)[T.190409],-0.13837674530538663,0.0032957605806965395,0.0,51862,0.0339131336872277
m2,C(ubigeo)[T.190410],-0.10610517652063592,0.0022239972082094563,0.0,51862,0.0339131336872277
m2,C(ubigeo)[T.190502],-0.12859062373383448,0.0031120811874065157,0.0,51862,0.0339131336872277
m2,C(ubigeo)[T.190503],-0.023036206966248453,0.0024415814251462073,3.911680895120122e-21,51862,0.0339131336872277
m2,C(ubigeo)[T.190504],-0.16115676534703988,0.0034925622026884535,0.0,51862,0.0339131336872277
m2,C(ubigeo)[T.190505],-0.1583406950826519,0.003410941805934538,0.0,51862,0.0339131336872277
m2,C(ubigeo)[T.190506],-0.12226647127778059,0.003014652007372903,0.0,51862,0.0339131336872277
m2,C(ubigeo)[T.190507],-0.1351955996265453,0.0037204380253145143,3.974327342759751e-289,51862,0.0339131336872277
m2,C(ubigeo)[T.190602],-0.18913754961034682,0.003927395782130623,0.0,51862,0.0339131336872277
m2,C(ubigeo)[T.190603],0.08433069162282808,0.003498697338405501,2.2996924556603755e-128,51862,0.0339131336872277
m2,C(ubigeo)[T.190604],-0.18088695895826498,0.003961102038667791,0.0,51862,0.0339131336872277
m2,C(ubigeo)[T.190605],-0.07878806846172451,0.0018808880808014559,0.0,51862,0.0339131336872277
m2,C(ubigeo)[T.190606],-0.190785033248891,0.0038518114097883136,0.0,51862,0.0339131336872277
m2,C(ubigeo)[T.190607],-0.13175942470846141,0.0032820827913819647,0.0,51862,0.0339131336872277
m2,C(ubigeo)[T.190608],-0.19096226664859925,0.0038557169784412676,0.0,51862,0.0339131336872277
m2,C(ubigeo)[T.190702],-0.17237659657832138,0.0035574588925641982,0.0,51862,0.0339131336872277
m2,C(ubigeo)[T.190703],-0.16830679494298864,0.0031098180239606003,0.0,51862,0.0339131336872277
m2,C(ubigeo)[T.190704],-0.10879545785810202,0.0030137228454829986,2.2662909603819047e-285,51862,0.0339131336872277
m2,C(ubigeo)[T.190705],-0.16273981013389419,0.0034299427853874665,0.0,51862,0.0339131336872277
m2,C(ubigeo)[T.190706],-0.17135693094407278,0.0030248962689350344,0.0,51862,0.0339131336872277
m2,C(ubigeo)[T.190802],-0.07056359087660173,0.0034530313118513356,8.125967917646465e-93,51862,0.0339131336872277
m2,C(ubigeo)[T.190803],0.006278091762468498,0.004215004601706685,0.13636559169837173,51862,0.0339131336872277
m2,C(ubigeo)[T.190804],-0.07243145010169785,0.0030577386052526145,4.803661517930121e-124,51862,0.0339131336872277
m2,C(ubigeo)[T.190805],-0.08461268024845185,0.0025324266715011723,9.271152419079028e-245,51862,0.0339131336872277
m2,C(ubigeo)[T.190806],0.010785914687170974,0.001866669145683466,7.552156559275904e-09,51862,0.0339131336872277
m2,C(ubigeo)[T.200102],-0.19102553083821425,0.004339512239064633,0.0,51862,0.0339131336872277
m2,C(ubigeo)[T.200103],-0.12505963425605754,0.0038809948560760586,8.245615528115041e-228,51862,0.0339131336872277
m2,C(ubigeo)[T.200104],-0.1740147966929949,0.003914431354441395,0.0,51862,0.0339131336872277
m2,C(ubigeo)[T.200105],-0.1604170789398718,0.004144993832415887,0.0,51862,0.0339131336872277
m2,C(ubigeo)[T.200106],-0.16124108318525038,0.0037883324613490164,0.0,51862,0.0339131336872277
m2,C(ubigeo)[T.200107],-0.12729754169769933,0.003797411820434391,2.2901135372395177e-246,51862,0.0339131336872277
m2,C(ubigeo)[T.200108],-0.0787845608758029,0.0036150617518497193,2.67875557206319e-105,51862,0.0339131336872277
m2,C(ubigeo)[T.200109],-0.13264191752438076,0.0037640744080663664,5.071579202257168e-272,51862,0.0339131336872277
m2,C(ubigeo)[T.200110],-0.12854842610176284,0.002727135047171812,0.0,51862,0.0339131336872277
m2,C(ubigeo)[T.200111],-0.06163242868288483,0.0028745156885514184,5.5435995374705756e-102,51862,0.0339131336872277
m2,C(ubigeo)[T.200112],-0.1425300468501996,0.0038828796027497365,5.584332629371125e-295,51862,0.0339131336872277
m2,C(ubigeo)[T.200113],-0.1264750509727564,0.003256298140447213,0.0,51862,0.0339131336872277
m2,C(ubigeo)[T.200114],-0.1792252694685284,0.004121986877582032,0.0,51862,0.0339131336872277
m2,C(ubigeo)[T.200115],-0.10693967428514846,0.003884723873188484,8.060249673997901e-167,51862,0.0339131336872277
m2,C(ubigeo)[T.200202],-0.05208843638800323,0.00375495101102555,9.371411434116137e-44,51862,0.0339131336872277
m2,C(ubigeo)[T.200203],-0.15130905509886622,0.0036693993332895473,0.0,51862,0.0339131336872277
m2,C(ubigeo)[T.200204],-0.16343020175660083,0.004426684802337101,2.26353851916463e-298,51862,0.0339131336872277
m2,C(ubigeo)[T.200205],-0.09176807827028212,0.003065139904567065,6.067699727107079e-197,51862,0.0339131336872277
m2,C(ubigeo)[T.200206],-0.1570172157101776,0.003768017787737994,0.0,51862,0.0339131336872277
m2,C(ubigeo)[T.200207],-0.11243832093902678,0.003340773926279986,2.5159035866650603e-248,51862,0.0339131336872277
m2,C(ubigeo)[T.200208],-0.13974751692228013,0.0036253160319952246,0.0,51862,0.0339131336872277
m2,C(ubigeo)[T.200210],-0.07928129202478496,0.003461372359018696,4.182352553988651e-116,51862,0.0339131336872277
m2,C(ubigeo)[T.200212],-0.14988798801334743,0.0036059268250177405,0.0,51862,0.0339131336872277
m2,C(ubigeo)[T.200213],-0.12749978861122604,0.003298195572732293,0.0,51862,0.0339131336872277
m2,C(ubigeo)[T.200214],-0.153781867852127,0.0038524290939394496,0.0,51862,0.0339131336872277
m2,C(ubigeo)[T.200215],-0.13037973912234346,0.003312833126813806,0.0,51862,0.0339131336872277
m2,C(ubigeo)[T.200216],-0.1916054697121687,0.003973401190310074,0.0,51862,0.0339131336872277
m2,C(ubigeo)[T.200217],-0.13487964616881176,0.0033521827939816985,0.0,51862,0.0339131336872277
m2,C(ubigeo)[T.200302],-0.09865641706556848,0.0033437529016203966,2.505996244415708e-191,51862,0.0339131336872277
m2,C(ubigeo)[T.200303],-0.16782682153717443,0.0030643176702939597,0.0,51862,0.0339131336872277
m2,C(ubigeo)[T.200304],-0.17602698330421007,0.0037526293306946313,0.0,51862,0.0339131336872277
m2,C(ubigeo)[T.200305],-0.10579390639720765,0.0035803725081475007,6.906633123509796e-192,51862,0.0339131336872277
m2,C(ubigeo)[T.200306],-0.10788977750505757,0.0030148049046892244,1.781414552779614e-280,51862,0.0339131336872277
m2,C(ubigeo)[T.200307],-0.11396208874148067,0.0031735605701464476,2.1440627310984185e-282,51862,0.0339131336872277
m2,C(ubigeo)[T.200308],-0.12339760487560833,0.0027579608134224443,0.0,51862,0.0339131336872277
m2,C(ubigeo)[T.200309],0.16718916397495104,0.00326170182126461,0.0,51862,0.0339131336872277
m2,C(ubigeo)[T.200310],-0.10924818698297965,0.002923439529607864,1.2119133989663322e-305,51862,0.0339131336872277
m2,C(ubigeo)[T.200402],0.07755455678784182,0.0021556338911877175,1.873650964702063e-283,51862,0.0339131336872277
m2,C(ubigeo)[T.200403],-0.15682731339570208,0.0036170690731991756,0.0,51862,0.0339131336872277
m2,C(ubigeo)[T.200406],-0.09129294412778224,0.00321886079281364,5.973667487538985e-177,51862,0.0339131336872277
m2,C(ubigeo)[T.200407],-0.1595894604691084,0.0030104803203328773,0.0,51862,0.0339131336872277
m2,C(ubigeo)[T.200410],-0.11558736977920547,0.0031020129210873205,6.760431745298431e-304,51862,0.0339131336872277
m2,C(ubigeo)[T.200412],-0.1441639238695946,0.003007615738729589,0.0,51862,0.0339131336872277
m2,C(ubigeo)[T.200502],-0.16648281074936142,0.003542039662942977,0.0,51862,0.0339131336872277
m2,C(ubigeo)[T.200504],-0.1275799189216451,0.0031928999197141194,0.0,51862,0.0339131336872277
m2,C(ubigeo)[T.200506],-0.16657145159830763,0.0038559768134481076,0.0,51862,0.0339131336872277
m2,C(ubigeo)[T.200507],-0.18470276965497745,0.0044097437668157375,0.0,51862,0.0339131336872277
m2,C(ubigeo)[T.200508],-0.14882333115876684,0.003817038703723339,0.0,51862,0.0339131336872277
m2,C(ubigeo)[T.200509],-0.18147595771600697,0.004220405764497651,0.0,51862,0.0339131336872277
m2,C(ubigeo)[T.200511],-0.13231808749923296,0.003183674753515588,0.0,51862,0.0339131336872277
m2,C(ubigeo)[T.200602],-0.1662542729444332,0.003552799166026757,0.0,51862,0.0339131336872277
m2,C(ubigeo)[T.200603],-0.155753036931068,0.0034861042959286387,0.0,51862,0.0339131336872277
m2,C(ubigeo)[T.200604],-0.1352804107316129,0.00387139323043351,1.6198561690939178e-267,51862,0.0339131336872277
m2,C(ubigeo)[T.200605],-0.18292686459623014,0.003980026655608127,0.0,51862,0.0339131336872277
m2,C(ubigeo)[T.200606],-0.06361346564060164,0.002761680782727687,2.111990413410341e-117,51862,0.0339131336872277
m2,C(ubigeo)[T.200607],-0.1563360851884941,0.0036743463664934113,0.0,51862,0.0339131336872277
m2,C(ubigeo)[T.200608],-0.13807398169520693,0.003093741618424215,0.0,51862,0.0339131336872277
m2,C(ubigeo)[T.200609],-0.16533241292297896,0.003833386679659923,0.0,51862,0.0339131336872277
m2,C(ubigeo)[T.200610],-0.09958334679052812,0.003106142080403508,1.585682352801676e-225,51862,0.0339131336872277
m2,C(ubigeo)[T.200702],-0.1731026875252896,0.0038018324871808024,0.0,51862,0.0339131336872277
m2,C(ubigeo)[T.200703],-0.12826643245805566,0.003025319021813196,0.0,51862,0.0339131336872277
m2,C(ubigeo)[T.200704],-0.1548579956335605,0.0035283693033384125,0.0,51862,0.0339131336872277
m2,C(ubigeo)[T.200705],-0.1452287035578113,0.0034034369078135094,0.0,51862,0.0339131336872277
m2,C(ubigeo)[T.200706],-0.17632151929809162,0.0030964190759209054,0.0,51862,0.0339131336872277
m2,C(ubigeo)[T.200707],-0.16617469572394625,0.0035656069994743356,0.0,51862,0.0339131336872277
m2,C(ubigeo)[T.200708],-0.18934503696288774,0.003950043518580485,0.0,51862,0.0339131336872277
m2,C(ubigeo)[T.200709],-0.17441601129256062,0.003212680412467992,0.0,51862,0.0339131336872277
m2,C(ubigeo)[T.200803],-0.12094013918504112,0.00333518115830807,6.443294214554061e-288,51862,0.0339131336872277
m2,C(ubigeo)[T.200804],-0.17024942668663867,0.003908852689065199,0.0,51862,0.0339131336872277
m2,C(ubigeo)[T.200805],-0.13640221072841813,0.003423827096525467,0.0,51862,0.0339131336872277
m2,C(ubigeo)[T.200806],-0.13334768729898927,0.003893382277228282,4.386639133786892e-257,51862,0.0339131336872277
m2,C(ubigeo)[T.200807],-0.04973788195574937,0.0029112649226378596,1.9316690801817292e-65,51862,0.0339131336872277
m2,C(ubigeo)[T.200808],-0.16490758013853554,0.004050202443483136,0.0,51862,0.0339131336872277
m2,C(ubigeo)[T.200810],-0.13991743895677497,0.0035251085618171105,0.0,51862,0.0339131336872277
m2,C(ubigeo)[T.200811],-0.11428120681969414,0.0031843131446911664,4.566249864901682e-282,51862,0.0339131336872277
m2,C(ubigeo)[T.200812],-0.15864053700588354,0.003989534154731189,0.0,51862,0.0339131336872277
m2,C(ubigeo)[T.200902],-0.1894926891065797,0.004121137574847255,0.0,51862,0.0339131336872277
m2,C(ubigeo)[T.200903],-0.18416318705317145,0.0036763509120118975,0.0,51862,0.0339131336872277
m2,C(ubigeo)[T.200904],-0.19139727922339222,0.004601421461152433,0.0,51862,0.0339131336872277
m2,C(ubigeo)[T.200905],-0.204678219384263,0.004080617575810542,0.0,51862,0.0339131336872277
m2,C(ubigeo)[T.201002],-0.10286638411856117,0.0038970356078433578,1.5205956731599535e-153,51862,0.0339131336872277
m2,C(ubigeo)[T.201003],-0.06790566670980608,0.0038893612999627335,2.923131124566898e-68,51862,0.0339131336872277
m2,C(ubigeo)[T.201004],-0.13929754132982702,0.0038094840664338312,9.935429089030043e-293,51862,0.0339131336872277
m2,C(ubigeo)[T.201005],0.0003378275423852606,0.0032757726187596166,0.9178604950569729,51862,0.0339131336872277
m2,C(ubigeo)[T.201006],-0.12298655029216556,0.0038305781694383295,3.575009920971544e-226,51862,0.0339131336872277
m2,C(ubigeo)[T.201007],-0.07916157422771249,0.003538693726053354,7.665184678294603e-111,51862,0.0339131336872277
m2,C(ubigeo)[T.201102],-0.11406360197680901,0.003275476629783834,1.0721056187859837e-265,51862,0.0339131336872277
m2,C(ubigeo)[T.201103],-0.00015583485228513883,0.0027586671925374714,0.9549521135186584,51862,0.0339131336872277
m2,C(ubigeo)[T.201104],-0.1048883370958278,0.003670570349726038,1.3551708862883548e-179,51862,0.0339131336872277
m2,C(ubigeo)[T.201105],-0.09876615837956282,0.0032734831455734853,5.590750581030216e-200,51862,0.0339131336872277
m2,C(ubigeo)[T.201202],-0.14097490603876706,0.0031834789045379662,0.0,51862,0.0339131336872277
m2,C(ubigeo)[T.201203],-0.10985611278847471,0.0036833283966638724,1.8398511320229714e-195,51862,0.0339131336872277
m2,C(ubigeo)[T.201204],-0.10274270615694428,0.002804585939289609,8.281299604468858e-294,51862,0.0339131336872277
m2,C(ubigeo)[T.201205],-0.11082815217574463,0.0035318798508499915,3.869421713094941e-216,51862,0.0339131336872277
m2,C(ubigeo)[T.201302],-0.14759194397829356,0.003937018299492014,1.4311546161432537e-307,51862,0.0339131336872277
m2,C(ubigeo)[T.201303],-0.1763245305786695,0.003895188366087937,0.0,51862,0.0339131336872277
m2,C(ubigeo)[T.201304],-0.1060940225127043,0.003076340813327068,1.252879703796441e-260,51862,0.0339131336872277
m2,C(ubigeo)[T.210102],-0.0442990124155826,0.003788403766481333,1.378910959789524e-31,51862,0.0339131336872277
m2,C(ubigeo)[T.210103],-0.041797848533407414,0.004183443160995831,1.6646025453398505e-23,51862,0.0339131336872277
m2,C(ubigeo)[T.210104],-0.13340984099949388,0.003931882610866047,2.384157728883675e-252,51862,0.0339131336872277
m2,C(ubigeo)[T.210105],-0.14556672707510943,0.0040204890981476475,4.858967559470934e-287,51862,0.0339131336872277
m2,C(ubigeo)[T.210106],-0.12818276569040726,0.003923883415216606,4.5486234689609664e-234,51862,0.0339131336872277
m2,C(ubigeo)[T.210202],-0.09644059041242446,0.0037616769259576624,5.804821438505757e-145,51862,0.0339131336872277
m2,C(ubigeo)[T.210203],-0.11072706606221674,0.0037798746462470714,1.2422917324878053e-188,51862,0.0339131336872277
m2,C(ubigeo)[T.210204],-0.044437633022692824,0.003694979389170322,2.5789303732560324e-33,51862,0.0339131336872277
m2,C(ubigeo)[T.210205],-0.06869559944714243,0.003730978752264296,1.0483691061489849e-75,51862,0.0339131336872277
m2,C(ubigeo)[T.210206],-0.07878468707086905,0.003740767293661151,1.8091155284383716e-98,51862,0.0339131336872277
m2,C(ubigeo)[T.210303],-0.13358542710186647,0.003830249833447749,1.6932441120629193e-266,51862,0.0339131336872277
m2,C(ubigeo)[T.210304],-0.11019034314109262,0.003840412026724043,4.7567476617115935e-181,51862,0.0339131336872277
m2,C(ubigeo)[T.210305],-0.06734786082652752,0.0037114069756627155,1.3764574069593923e-73,51862,0.0339131336872277
m2,C(ubigeo)[T.210306],-0.06975494770421414,0.0034407510536418667,2.2187100232936298e-91,51862,0.0339131336872277
m2,C(ubigeo)[T.210307],-0.03061253937370697,0.0037851110051493808,6.084188928519455e-16,51862,0.0339131336872277
m2,C(ubigeo)[T.210311],-0.044001091246805124,0.0037821113940092,2.76809008765259e-31,51862,0.0339131336872277
m2,C(ubigeo)[T.210313],-0.1420940462359071,0.004002137810996232,4.183723476875106e-276,51862,0.0339131336872277
m2,C(ubigeo)[T.210314],-0.06734786082650665,0.0037114069756627862,1.3764574071089335e-73,51862,0.0339131336872277
m2,C(ubigeo)[T.210315],-0.11488985694236618,0.003911490576986307,1.2370207801682086e-189,51862,0.0339131336872277
m2,C(ubigeo)[T.210316],-0.05731457795069669,0.0037164220747696207,1.1648208897023175e-53,51862,0.0339131336872277
m2,C(ubigeo)[T.210402],-0.15041096525892125,0.003976693117088051,0.0,51862,0.0339131336872277
m2,C(ubigeo)[T.210403],-0.1549030593228864,0.003915922491546366,0.0,51862,0.0339131336872277
m2,C(ubigeo)[T.210404],-0.1536092302470746,0.00393985377025198,0.0,51862,0.0339131336872277
m2,C(ubigeo)[T.210405],0.06519423285743184,0.003850123171892029,2.5683381509949052e-64,51862,0.0339131336872277
m2,C(ubigeo)[T.210502],-0.031073333470456564,0.0036924091635059165,3.9134540997375784e-17,51862,0.0339131336872277
m2,C(ubigeo)[T.210503],-0.1167766910112163,0.003910096416726621,5.5359556595522205e-196,51862,0.0339131336872277
m2,C(ubigeo)[T.210504],-0.12278448865234232,0.003916471033872814,9.488641179126158e-216,51862,0.0339131336872277
m2,C(ubigeo)[T.210505],-0.18489269351011345,0.004286900188393629,0.0,51862,0.0339131336872277
m2,C(ubigeo)[T.210506],0.07245195712053196,0.003710536384888341,6.600371209691664e-85,51862,0.0339131336872277
m2,C(ubigeo)[T.210507],-0.1098713318433415,0.003902511034390357,2.1403051170138136e-174,51862,0.0339131336872277
m2,C(ubigeo)[T.210508],-0.16614638794916883,0.00408990798320549,0.0,51862,0.0339131336872277
m2,C(ubigeo)[T.210509],-0.13702150772587957,0.003951325827818594,1.729579829970521e-263,51862,0.0339131336872277
m2,C(ubigeo)[T.210602],-0.056899863263606174,0.003799135874198758,1.0371336578195821e-50,51862,0.0339131336872277
m2,C(ubigeo)[T.210604],-0.05450397280419442,0.0038509908996572,1.7836402502757188e-45,51862,0.0339131336872277
m2,C(ubigeo)[T.210606],-0.12555447878621315,0.003993947825150748,6.484223689967368e-217,51862,0.0339131336872277
m2,C(ubigeo)[T.210607],-0.10858028115825932,0.004125466426120761,1.1467392920144515e-152,51862,0.0339131336872277
m2,C(ubigeo)[T.210608],-0.09504183649143208,0.0038908334116875888,8.811841095620476e-132,51862,0.0339131336872277
m2,C(ubigeo)[T.210609],-0.1324796138126336,0.004121369940504734,1.0522560821809004e-226,51862,0.0339131336872277
m2,C(ubigeo)[T.210610],-0.1100890434666835,0.0039034932294441152,5.41851433753409e-175,51862,0.0339131336872277
m2,C(ubigeo)[T.210611],-0.1853013455550171,0.0042496706846603385,0.0,51862,0.0339131336872277
m2,C(ubigeo)[T.210612],-0.12066881673802612,0.00397827255136888,4.345386787162405e-202,51862,0.0339131336872277
m2,C(ubigeo)[T.210616],0.002435784905643716,0.0036504367324468874,0.5046070354821548,51862,0.0339131336872277
m2,C(ubigeo)[T.210619],-0.11718143491040217,0.003791337471845534,9.419416222177966e-210,51862,0.0339131336872277
m2,C(ubigeo)[T.210620],-0.06842605172301626,0.0037264079685779927,2.623998350189218e-75,51862,0.0339131336872277
m2,C(ubigeo)[T.210621],-0.16628145418174656,0.0040238699354016,0.0,51862,0.0339131336872277
m2,C(ubigeo)[T.210702],-0.08970202011946625,0.003497942141840576,4.9039485212030596e-145,51862,0.0339131336872277
m2,C(ubigeo)[T.210703],0.055111662904156034,0.003670570349725502,5.903315478563889e-51,51862,0.0339131336872277
m2,C(ubigeo)[T.210704],-0.12934025940807797,0.0037286816521252533,1.1978379348019216e-263,51862,0.0339131336872277
m2,C(ubigeo)[T.210705],-0.08934139865241153,0.0035701204779714783,3.2879203808179326e-138,51862,0.0339131336872277
m2,C(ubigeo)[T.210706],-0.12278438949909146,0.00383093829626518,2.144153628147991e-225,51862,0.0339131336872277
m2,C(ubigeo)[T.210802],-0.1707898436297685,0.004223573747542193,0.0,51862,0.0339131336872277
m2,C(ubigeo)[T.210803],-0.1695980939426875,0.003948238450643348,0.0,51862,0.0339131336872277
m2,C(ubigeo)[T.210804],-0.13783685612466134,0.0038959181688533566,3.4903529059992844e-274,51862,0.0339131336872277
m2,C(ubigeo)[T.210805],-0.16412048665526016,0.003956878657196071,0.0,51862,0.0339131336872277
m2,C(ubigeo)[T.210806],-0.1324796138126219,0.004121369940504482,1.052256082210477e-226,51862,0.0339131336872277
m2,C(ubigeo)[T.210902],-0.07803066036705267,0.003891116732397623,1.879856973919539e-89,51862,0.0339131336872277
m2,C(ubigeo)[T.210903],0.002954178264527263,0.0037551988757985235,0.4314632251605742,51862,0.0339131336872277
m2,C(ubigeo)[T.210904],0.023282892254283948,0.0037329076658417465,4.454718765415633e-10,51862,0.0339131336872277
m2,C(ubigeo)[T.210905],-0.08702911100167315,0.0038908240896563502,8.106557939574244e-111,51862,0.0339131336872277
m2,C(ubigeo)[T.210906],0.02310730615193446,0.003610215748416369,1.5483516616232649e-10,51862,0.0339131336872277
m2,C(ubigeo)[T.210907],-0.07852739151604043,0.0037370828061091756,4.9861921026962573e-98,51862,0.0339131336872277
m2,C(ubigeo)[T.210908],-0.08689751488550705,0.0038134967444918722,6.193542166643813e-115,51862,0.0339131336872277
m2,C(ubigeo)[T.210909],0.13605412729301283,0.0037851110051498925,6.1567880196674265e-283,51862,0.0339131336872277
m2,C(ubigeo)[T.210910],-0.10387741613304864,0.003837017341802604,2.0793775801291404e-161,51862,0.0339131336872277
m2,C(ubigeo)[T.211002],-0.08763584126029661,0.0038220395295892194,2.383282840153767e-116,51862,0.0339131336872277
m2,C(ubigeo)[T.211003],-0.01547082194661193,0.0036767291321162777,2.5790583139188357e-05,51862,0.0339131336872277
m2,C(ubigeo)[T.211004],-0.08775035393576122,0.0037481461874658353,3.2506541808365685e-121,51862,0.0339131336872277
m2,C(ubigeo)[T.211005],-0.10319815586824099,0.003831942270698112,9.515827119880707e-160,51862,0.0339131336872277
m2,C(ubigeo)[T.220102],-0.10448693997170522,0.002500395178020158,0.0,51862,0.0339131336872277
m2,C(ubigeo)[T.220104],-0.05325060387624662,0.002109299962206154,1.264932737801818e-140,51862,0.0339131336872277
m2,C(ubigeo)[T.220107],-0.164044710663412,0.0034922061525102894,0.0,51862,0.0339131336872277
m2,C(ubigeo)[T.220108],-0.10598889295464692,0.0033062338951531287,1.737582446922101e-225,51862,0.0339131336872277
m2,C(ubigeo)[T.220109],-0.18894389027014571,0.0037097433390365846,0.0,51862,0.0339131336872277
m2,C(ubigeo)[T.220110],-0.1597415626761918,0.0034974967187749576,0.0,51862,0.0339131336872277
m2,C(ubigeo)[T.220111],-0.19969128179458856,0.004311973323649666,0.0,51862,0.0339131336872277
m2,C(ubigeo)[T.220112],-0.20303291463718853,0.004831871738813405,0.0,51862,0.0339131336872277
m2,C(ubigeo)[T.220113],-0.20131248819021824,0.004866367873210152,0.0,51862,0.0339131336872277
m2,C(ubigeo)[T.220114],-0.1839030627270553,0.0037087009275031347,0.0,51862,0.0339131336872277
m2,C(ubigeo)[T.220205],-0.07270099782582909,0.003061141279795441,1.108237400293669e-124,51862,0.0339131336872277
m2,C(ubigeo)[T.220206],0.020667704253094152,0.00334742368983922,6.649417619455671e-10,51862,0.0339131336872277
m2,C(ubigeo)[T.220207],-0.1000550553077123,0.0031069787174235843,1.5853731871545581e-227,51862,0.0339131336872277
m2,C(ubigeo)[T.220210],0.019737384523118053,0.0032438659183661143,1.1683689142842075e-09,51862,0.0339131336872277
m2,C(ubigeo)[T.220211],-0.09911152259445194,0.0030245482397556387,1.6266360774056444e-235,51862,0.0339131336872277
m2,C(ubigeo)[T.220212],-0.08411607529452166,0.0027919002816765466,2.0451928941305088e-199,51862,0.0339131336872277
m2,C(ubigeo)[T.220213],-0.11341046710688774,0.003276673599584288,1.6985908815091612e-262,51862,0.0339131336872277
m2,C(ubigeo)[T.220302],-0.130956956709977,0.003954826988942295,1.919284339590501e-240,51862,0.0339131336872277
m2,C(ubigeo)[T.220303],-0.148741786472688,0.0030458008679104514,0.0,51862,0.0339131336872277
m2,C(ubigeo)[T.220402],-0.06626940552129174,0.00347325802050568,3.7098874161563356e-81,51862,0.0339131336872277
m2,C(ubigeo)[T.220403],0.060209270292360166,0.0017236695181124318,2.5282138626915677e-267,51862,0.0339131336872277
m2,C(ubigeo)[T.220404],-0.06514049599769223,0.0023788580814314954,4.360373390013453e-165,51862,0.0339131336872277
m2,C(ubigeo)[T.220405],-0.06640428601570422,0.0023033989688331564,9.338324651374252e-183,51862,0.0339131336872277
m2,C(ubigeo)[T.220406],-0.046502109008331176,0.00324625314626289,1.5304488814123223e-46,51862,0.0339131336872277
m2,C(ubigeo)[T.230102],-0.1660017524896409,0.003272467610553936,0.0,51862,0.0339131336872277
m2,C(ubigeo)[T.230103],-0.18432069620119573,0.0038305585140503804,0.0,51862,0.0339131336872277
m2,C(ubigeo)[T.230104],-0.03260188327439074,0.0031538008335850283,4.776552769392545e-25,51862,0.0339131336872277
m2,C(ubigeo)[T.230105],-0.11000136537826624,0.002604999627998345,0.0,51862,0.0339131336872277
m2,C(ubigeo)[T.230106],-0.1654716092961791,0.003320642593421775,0.0,51862,0.0339131336872277
m2,C(ubigeo)[T.230202],0.060644693538958544,0.0017056099718339363,6.707883922335796e-277,51862,0.0339131336872277
m2,C(ubigeo)[T.230203],-0.13312890995863835,0.002973181076145834,0.0,51862,0.0339131336872277
m2,C(ubigeo)[T.230302],-0.09029154622905666,0.003165602974753667,6.127498273780677e-179,51862,0.0339131336872277
m2,C(ubigeo)[T.230303],-0.13599794418661598,0.0036652988698797637,2.4046971872307696e-301,51862,0.0339131336872277
m2,C(ubigeo)[T.230304],-0.1613017973740391,0.003764675131629138,0.0,51862,0.0339131336872277
m2,C(ubigeo)[T.240102],-0.19982231823136637,0.004691329909632066,0.0,51862,0.0339131336872277
m2,C(ubigeo)[T.240103],-0.11419501941968027,0.0033820631121846056,6.46228136290568e-250,51862,0.0339131336872277
m2,C(ubigeo)[T.240104],-0.19929131447376708,0.0047042411989553,0.0,51862,0.0339131336872277
m2,C(ubigeo)[T.240105],-0.20115226506679207,0.004503974289072492,0.0,51862,0.0339131336872277
m2,C(ubigeo)[T.240106],-0.20498444716395378,0.0048491003406146435,0.0,51862,0.0339131336872277
m2,C(ubigeo)[T.240107],-0.18801241509677108,0.0035642102367439196,0.0,51862,0.0339131336872277
m2,C(ubigeo)[T.250102],-0.1891490835669557,0.0048802411217241,0.0,51862,0.0339131336872277
m2,C(ubigeo)[T.250103],-0.14901326187522634,0.003086307990671946,0.0,51862,0.0339131336872277
m2,C(ubigeo)[T.250104],-0.16861343041197815,0.003828926715629463,0.0,51862,0.0339131336872277
m2,C(ubigeo)[T.250105],-0.16982194248677576,0.003619339282870718,0.0,51862,0.0339131336872277
m2,C(ubigeo)[T.250106],-0.07100318829413088,0.0037284238134027547,7.402575462259437e-81,51862,0.0339131336872277
m2,C(ubigeo)[T.250107],-0.1966866695903363,0.004834824119158248,0.0,51862,0.0339131336872277
m2,C(ubigeo)[T.250202],-0.16108352735199438,0.0034924498542038265,0.0,51862,0.0339131336872277
m2,C(ubigeo)[T.250203],-0.1294792980632653,0.002933868975669423,0.0,51862,0.0339131336872277
m2,C(ubigeo)[T.250204],-0.1403999661060491,0.0029169845892410965,0.0,51862,0.0339131336872277
m2,C(ubigeo)[T.250205],-0.14178234839637388,0.002675338342563716,0.0,51862,0.0339131336872277
m2,C(ubigeo)[T.250206],-0.1614326590191818,0.0029458893063477342,0.0,51862,0.0339131336872277
m2,C(ubigeo)[T.250207],-0.14039996610620226,0.0029169845892391736,0.0,51862,0.0339131336872277
m2,C(ubigeo)[T.250302],0.031221411952482344,0.0034901162628487247,3.697158745846507e-19,51862,0.0339131336872277
m2,C(ubigeo)[T.250303],-0.10532546050716335,0.0035374661719069405,8.415370771652185e-195,51862,0.0339131336872277
m2,C(ubigeo)[T.250304],-0.10689457330708063,0.0033076192713958714,3.949077362819638e-229,51862,0.0339131336872277
m2,position,-0.005660502206570296,0.0007390358741203936,1.8693990741741607e-14,51862,0.0339131336872277
m2,movement,0.06411070124487277,0.01118573665757209,9.956463409453242e-09,51862,0.0339131336872277
m2,position:movement,-0.008294293742066694,0.0022272800511249505,0.00019612483188395297,51862,0.0339131336872277
m3,Intercept,0.3179394933418919,0.005011725918857375,0.0,51862,0.03518175216991215
m3,C(ubigeo)[T.10103],-0.10264933728732889,0.0023934823993677417,0.0,51862,0.03518175216991215
m3,C(ubigeo)[T.10104],-0.014637019082491964,0.0020780936784287516,1.8749185837756947e-12,51862,0.03518175216991215
m3,C(ubigeo)[T.10105],-0.10181362657595042,0.0019320849357895079,0.0,51862,0.03518175216991215
m3,C(ubigeo)[T.10106],-0.13313255191572881,0.002838289170319004,0.0,51862,0.03518175216991215
m3,C(ubigeo)[T.10107],-0.0172117589183879,0.0009646784865682045,3.3375554860855376e-71,51862,0.03518175216991215
m3,C(ubigeo)[T.10108],-0.13489986338767934,0.0018792686963220828,0.0,51862,0.03518175216991215
m3,C(ubigeo)[T.10109],-0.15071514203896189,0.003202845415552723,0.0,51862,0.03518175216991215
m3,C(ubigeo)[T.10110],-0.0663448672179742,0.0028758606847706846,9.359129855223242e-118,51862,0.03518175216991215
m3,C(ubigeo)[T.10111],-0.11754881759594572,0.0019028272345031222,0.0,51862,0.03518175216991215
m3,C(ubigeo)[T.10112],-0.12127495590811131,0.0025397209613580514,0.0,51862,0.03518175216991215
m3,C(ubigeo)[T.10113],-0.09061521411759886,0.002372015795705695,0.0,51862,0.03518175216991215
m3,C(ubigeo)[T.10114],-0.062057214931050333,0.001649801091862232,1.22384050238283e-309,51862,0.03518175216991215
m3,C(ubigeo)[T.10115],-0.058881725522397524,0.0015627466835239153,0.0,51862,0.03518175216991215
m3,C(ubigeo)[T.10116],0.027149196702608888,0.0011519693082335891,8.278866541948158e-123,51862,0.03518175216991215
m3,C(ubigeo)[T.10117],-0.07547151686544888,0.0023398009141606143,2.942846689646924e-228,51862,0.03518175216991215
m3,C(ubigeo)[T.10118],-0.030044408715689187,0.0016181045755742991,5.871087807877404e-77,51862,0.03518175216991215
m3,C(ubigeo)[T.10119],0.023886665094326204,0.0004475148482740148,0.0,51862,0.03518175216991215
m3,C(ubigeo)[T.10120],-0.13809751682297933,0.0031730738446448807,0.0,51862,0.03518175216991215
m3,C(ubigeo)[T.10121],0.0222915228627468,0.0010247457846119532,6.4394227047593265e-105,51862,0.03518175216991215
m3,C(ubigeo)[T.10201],-0.16562994074372211,0.0030257180399457166,0.0,51862,0.03518175216991215
m3,C(ubigeo)[T.10202],-0.1752282720231654,0.0028191008220884253,0.0,51862,0.03518175216991215
m3,C(ubigeo)[T.10203],-0.1685563699993742,0.0033368657227846876,0.0,51862,0.03518175216991215
m3,C(ubigeo)[T.10204],-0.12347452209409823,0.0021037181976495184,0.0,51862,0.03518175216991215
m3,C(ubigeo)[T.10206],-0.20284349978656227,0.004318876832387622,0.0,51862,0.03518175216991215
m3,C(ubigeo)[T.10302],-0.13156022538184006,0.0017303324733792618,0.0,51862,0.03518175216991215
m3,C(ubigeo)[T.10303],-0.08114963635965529,0.0016811733264735344,0.0,51862,0.03518175216991215
m3,C(ubigeo)[T.10304],-0.0652981509935388,0.0016001707104017924,0.0,51862,0.03518175216991215
m3,C(ubigeo)[T.10305],-0.05021899756954067,0.0013183580047796428,0.0,51862,0.03518175216991215
m3,C(ubigeo)[T.10306],-0.1619463708072388,0.0027528289165801175,0.0,51862,0.03518175216991215
m3,C(ubigeo)[T.10307],0.16990701693272625,0.0010194878038890982,0.0,51862,0.03518175216991215
m3,C(ubigeo)[T.10308],-0.053523262273476244,0.001258737614508317,0.0,51862,0.03518175216991215
m3,C(ubigeo)[T.10309],-0.13573697468892937,0.0019956597240790718,0.0,51862,0.03518175216991215
m3,C(ubigeo)[T.10310],-0.12405393325261976,0.0017359668649210012,0.0,51862,0.03518175216991215
m3,C(ubigeo)[T.10311],-0.13467519551578755,0.002432903927187237,0.0,51862,0.03518175216991215
m3,C(ubigeo)[T.10312],-0.16506245112702705,0.002416365643925313,0.0,51862,0.03518175216991215
m3,C(ubigeo)[T.10402],-0.11905093290359588,0.0027502739830260184,0.0,51862,0.03518175216991215
m3,C(ubigeo)[T.10403],-0.08727099642791106,0.001803077557753645,0.0,51862,0.03518175216991215
m3,C(ubigeo)[T.10404],-0.1183691150734878,0.0018808402721553971,0.0,51862,0.03518175216991215
m3,C(ubigeo)[T.10405],-0.10182494857694666,0.0018982043647965163,0.0,51862,0.03518175216991215
m3,C(ubigeo)[T.10406],-0.08766691074947164,0.0023802329260054853,5.842037135367806e-297,51862,0.03518175216991215
m3,C(ubigeo)[T.10407],-0.04885669515354487,0.00238748081977195,4.5360357474205144e-93,51862,0.03518175216991215
m3,C(ubigeo)[T.10408],-0.05925323950552346,0.002948899336699251,8.438829547966763e-90,51862,0.03518175216991215
m3,C(ubigeo)[T.10409],-0.10160468203692472,0.0022715903052519227,0.0,51862,0.03518175216991215
m3,C(ubigeo)[T.10410],0.028479505483846937,0.0022202271479541103,1.1532262534309532e-37,51862,0.03518175216991215
m3,C(ubigeo)[T.10411],-0.10569044225073373,0.002071126782588861,0.0,51862,0.03518175216991215
m3,C(ubigeo)[T.10412],-0.11547560938095563,0.0023546839805803597,0.0,51862,0.03518175216991215
m3,C(ubigeo)[T.10413],-0.03320729776420774,0.0017140769674770708,1.2971727923172953e-83,51862,0.03518175216991215
m3,C(ubigeo)[T.10414],-0.14094905012274722,0.0029620164746687106,0.0,51862,0.03518175216991215
m3,C(ubigeo)[T.10415],-0.15369881538528704,0.002816808786683799,0.0,51862,0.03518175216991215
m3,C(ubigeo)[T.10416],-0.08689715566380098,0.0015595818778070178,0.0,51862,0.03518175216991215
m3,C(ubigeo)[T.10417],-0.07301124309601661,0.0025212602043440703,2.2103759017656865e-184,51862,0.03518175216991215
m3,C(ubigeo)[T.10418],-0.04925295082539474,0.0017871991109120273,3.477403868674923e-167,51862,0.03518175216991215
m3,C(ubigeo)[T.10419],-0.13009561959790877,0.0023429253342361063,0.0,51862,0.03518175216991215
m3,C(ubigeo)[T.10420],-0.143370944154462,0.0026927977936878696,0.0,51862,0.03518175216991215
m3,C(ubigeo)[T.10421],-0.06811061747592827,0.0026472699431289285,5.592536727984609e-146,51862,0.03518175216991215
m3,C(ubigeo)[T.10422],-0.08348970516942714,0.0019429515971694303,0.0,51862,0.03518175216991215
m3,C(ubigeo)[T.10423],-0.033849045315756734,0.001562355711061421,4.352140750906311e-104,51862,0.03518175216991215
m3,C(ubigeo)[T.10502],-0.0642749998174148,0.0025103371160936534,1.3722233111465701e-144,51862,0.03518175216991215
m3,C(ubigeo)[T.10503],-0.1531136108704146,0.0022112659354436696,0.0,51862,0.03518175216991215
m3,C(ubigeo)[T.10504],-0.14263594739103724,0.0027620713489837994,0.0,51862,0.03518175216991215
m3,C(ubigeo)[T.10505],-0.06056521313003029,0.002571478898048381,1.1785061214924654e-122,51862,0.03518175216991215
m3,C(ubigeo)[T.10506],-0.03302399852927738,0.0017427782953969983,4.496003171534375e-80,51862,0.03518175216991215
m3,C(ubigeo)[T.10507],0.02755934565364374,0.0018449220364482148,1.866400609317887e-50,51862,0.03518175216991215
m3,C(ubigeo)[T.10508],-0.03142734891903554,0.0019882498000293814,2.80454719424981e-56,51862,0.03518175216991215
m3,C(ubigeo)[T.10509],-0.1578457848388882,0.002730018178676031,0.0,51862,0.03518175216991215
m3,C(ubigeo)[T.10510],0.006063522302639349,0.0021002379238448925,0.00388854535571403,51862,0.03518175216991215
m3,C(ubigeo)[T.10511],0.05459542288206329,0.0012565946127748545,0.0,51862,0.03518175216991215
m3,C(ubigeo)[T.10512],-0.09269721110785539,0.002084792519300098,0.0,51862,0.03518175216991215
m3,C(ubigeo)[T.10602],-0.20652638484406421,0.004154694689463247,0.0,51862,0.03518175216991215
m3,C(ubigeo)[T.10603],-0.19103966441193354,0.0037295520841917817,0.0,51862,0.03518175216991215
m3,C(ubigeo)[T.10702],-0.2006327109563879,0.004313204033990502,0.0,51862,0.03518175216991215
m3,C(ubigeo)[T.10703],0.044421755309982436,0.0026521810631035597,5.7449568310645e-63,51862,0.03518175216991215
m3,C(ubigeo)[T.10704],-0.18470340204046357,0.003471344126955582,0.0,51862,0.03518175216991215
m3,C(ubigeo)[T.10705],-0.1489694208317373,0.0020584638294272,0.0,51862,0.03518175216991215
m3,C(ubigeo)[T.10706],-0.10896041937380015,0.0010599723204822132,0.0,51862,0.03518175216991215
m3,C(ubigeo)[T.10707],-0.17608406999521736,0.0031106276362016546,0.0,51862,0.03518175216991215
m3,C(ubigeo)[T.20102],-0.20480283000391103,0.004937227538840632,0.0,51862,0.03518175216991215
m3,C(ubigeo)[T.20103],-0.12379170077816459,0.0029736957956022023,0.0,51862,0.03518175216991215
m3,C(ubigeo)[T.20104],0.033656297644418944,0.001048758701111904,5.783006457140918e-226,51862,0.03518175216991215
m3,C(ubigeo)[T.20105],-0.15380918619603615,0.0026906831783680375,0.0,51862,0.03518175216991215
m3,C(ubigeo)[T.20106],-0.10106116894690724,0.002092705598847766,0.0,51862,0.03518175216991215
m3,C(ubigeo)[T.20107],-0.1468346901526003,0.002889236719368916,0.0,51862,0.03518175216991215
m3,C(ubigeo)[T.20108],0.07370274367174222,0.003321497997113455,4.327339594650882e-109,51862,0.03518175216991215
m3,C(ubigeo)[T.20109],-0.15756940060292837,0.0026219631916786393,0.0,51862,0.03518175216991215
m3,C(ubigeo)[T.20110],-0.17041343500730158,0.0025961761460922975,0.0,51862,0.03518175216991215
m3,C(ubigeo)[T.20111],-0.17989073959662252,0.004094538995174324,0.0,51862,0.03518175216991215
m3,C(ubigeo)[T.20112],-0.19077824456650072,0.003338953354178299,0.0,51862,0.03518175216991215
m3,C(ubigeo)[T.20203],-0.16099504435313083,0.002057488160150974,0.0,51862,0.03518175216991215
m3,C(ubigeo)[T.20205],-0.07678386755063185,0.0015104564974288178,0.0,51862,0.03518175216991215
m3,C(ubigeo)[T.20206],-0.15254183564046833,0.0030662787685052976,0.0,51862,0.03518175216991215
m3,C(ubigeo)[T.20208],-0.15647088297647221,0.0031221976979213567,0.0,51862,0.03518175216991215
m3,C(ubigeo)[T.20302],-0.03133258149413359,0.002063433729743278,4.4673602109853335e-52,51862,0.03518175216991215
m3,C(ubigeo)[T.20304],-0.1334665611782935,0.002550459791930839,0.0,51862,0.03518175216991215
m3,C(ubigeo)[T.20305],-0.15082698180836915,0.002659046613560772,0.0,51862,0.03518175216991215
m3,C(ubigeo)[T.20310],-0.14481633962751045,0.0031610811820710783,0.0,51862,0.03518175216991215
m3,C(ubigeo)[T.20311],-0.11736743415914269,0.0020544534699039694,0.0,51862,0.03518175216991215
m3,C(ubigeo)[T.20313],0.17351183842540535,0.0016566379199188543,0.0,51862,0.03518175216991215
m3,C(ubigeo)[T.20315],-0.10275664287534733,0.0031939298315186294,4.283294360038775e-227,51862,0.03518175216991215
m3,C(ubigeo)[T.20317],-0.02067517107560573,0.0007405816360737112,1.6371483710154177e-171,51862,0.03518175216991215
m3,C(ubigeo)[T.20320],-0.08979799326565036,0.002731678414772933,5.375828409374504e-237,51862,0.03518175216991215
m3,C(ubigeo)[T.20321],-0.13209599906410904,0.0032029598091295455,0.0,51862,0.03518175216991215
m3,C(ubigeo)[T.20322],0.14536310031353653,0.0019718002836387792,0.0,51862,0.03518175216991215
m3,C(ubigeo)[T.20323],0.10160353608843191,0.0019262393748456785,0.0,51862,0.03518175216991215
m3,C(ubigeo)[T.20324],0.0581155982633008,0.001575492124359131,7.3945407381153975e-298,51862,0.03518175216991215
m3,C(ubigeo)[T.20325],-0.1372496221777023,0.002416293218500619,0.0,51862,0.03518175216991215
m3,C(ubigeo)[T.20402],-0.16297413367553784,0.0030808930287728113,0.0,51862,0.03518175216991215
m3,C(ubigeo)[T.20403],-0.12246307618853501,0.0022450055456938846,0.0,51862,0.03518175216991215
m3,C(ubigeo)[T.20404],0.09521146665773669,0.002253987378048985,0.0,51862,0.03518175216991215
m3,C(ubigeo)[T.20405],-0.1253713379827795,0.0016461717253320315,0.0,51862,0.03518175216991215
m3,C(ubigeo)[T.20406],-0.17740624274278952,0.0032857458390542185,0.0,51862,0.03518175216991215
m3,C(ubigeo)[T.20407],-0.16377717497171917,0.0028023956955404716,0.0,51862,0.03518175216991215
m3,C(ubigeo)[T.20408],-0.16810031240541717,0.0027406872429586527,0.0,51862,0.03518175216991215
m3,C(ubigeo)[T.20409],-0.1635287587099807,0.0022260868170663676,0.0,51862,0.03518175216991215
m3,C(ubigeo)[T.20410],-0.1822642967484253,0.0032969475793773375,0.0,51862,0.03518175216991215
m3,C(ubigeo)[T.20411],-0.14443917949512047,0.0030330874871859824,0.0,51862,0.03518175216991215
m3,C(ubigeo)[T.20502],-0.18535253274232258,0.003295906735217145,0.0,51862,0.03518175216991215
m3,C(ubigeo)[T.20503],-0.20464913882112887,0.003917045265861156,0.0,51862,0.03518175216991215
m3,C(ubigeo)[T.20505],-0.19921679086315222,0.0037528183785741466,0.0,51862,0.03518175216991215
m3,C(ubigeo)[T.20602],0.23752456718878293,0.0033547614406607106,0.0,51862,0.03518175216991215
m3,C(ubigeo)[T.20603],-0.09746468572762527,0.0031542448119084355,1.2119076689853328e-209,51862,0.03518175216991215
m3,C(ubigeo)[T.20604],-0.0871020025177918,0.002929378194399504,2.7961055604635046e-194,51862,0.03518175216991215
m3,C(ubigeo)[T.20605],-0.06687279240289312,0.0031623129928519417,2.9532282195343198e-99,51862,0.03518175216991215
m3,C(ubigeo)[T.20606],-0.010297741505270703,0.0019155657302389244,7.623383215215774e-08,51862,0.03518175216991215
m3,C(ubigeo)[T.20607],0.10396024843890272,0.0034998962269190683,6.856395069581067e-194,51862,0.03518175216991215
m3,C(ubigeo)[T.20702],-0.018270115064313988,0.0016889516745616133,2.846500722604813e-27,51862,0.03518175216991215
m3,C(ubigeo)[T.20703],-0.14738962686146642,0.0028722945625696723,0.0,51862,0.03518175216991215
m3,C(ubigeo)[T.20704],-0.03512380837174619,0.001515743729596308,8.59353148996721e-119,51862,0.03518175216991215
m3,C(ubigeo)[T.20705],-0.16331859386934094,0.002894299691650307,0.0,51862,0.03518175216991215
m3,C(ubigeo)[T.20706],-0.18214624734163984,0.0033078250818237044,0.0,51862,0.03518175216991215
m3,C(ubigeo)[T.20707],-0.18768289458870843,0.0038271130083739635,0.0,51862,0.03518175216991215
m3,C(ubigeo)[T.20708],0.06447545009327643,0.004087741534866955,4.7819850963570955e-56,51862,0.03518175216991215
m3,C(ubigeo)[T.20709],-0.148462014893493,0.0030382134307674613,0.0,51862,0.03518175216991215
m3,C(ubigeo)[T.20710],-0.15204613806879572,0.002932580619840588,0.0,51862,0.03518175216991215
m3,C(ubigeo)[T.20802],-0.15500383328120215,0.002685883470167372,0.0,51862,0.03518175216991215
m3,C(ubigeo)[T.20803],-0.18327241742267442,0.0033134273767726043,0.0,51862,0.03518175216991215
m3,C(ubigeo)[T.20804],-0.1356688248368856,0.0030933968936097665,0.0,51862,0.03518175216991215
m3,C(ubigeo)[T.20805],-0.15376550011077272,0.0031627074222785774,0.0,51862,0.03518175216991215
m3,C(ubigeo)[T.20806],-0.07493860503879564,0.001398290538416332,0.0,51862,0.03518175216991215
m3,C(ubigeo)[T.20807],-0.13419436316900676,0.002481584146154976,0.0,51862,0.03518175216991215
m3,C(ubigeo)[T.20808],0.04112665403687025,0.002417197937180145,6.446345855671948e-65,51862,0.03518175216991215
m3,C(ubigeo)[T.20809],-0.1665981415160309,0.002569295420046716,0.0,51862,0.03518175216991215
m3,C(ubigeo)[T.20810],-0.13767782574980506,0.0023935688070220507,0.0,51862,0.03518175216991215
m3,C(ubigeo)[T.20811],-0.1259875125227616,0.0018015737684738777,0.0,51862,0.03518175216991215
m3,C(ubigeo)[T.20812],0.012987192057248558,0.0021433574173728744,1.3673643119454664e-09,51862,0.03518175216991215
m3,C(ubigeo)[T.20813],-0.222690386471264,0.004462080394737279,0.0,51862,0.03518175216991215
m3,C(ubigeo)[T.20814],-0.1546820302179812,0.0027198827574424584,0.0,51862,0.03518175216991215
m3,C(ubigeo)[T.20815],-0.11474506228806,0.0021935612995513986,0.0,51862,0.03518175216991215
m3,C(ubigeo)[T.20816],-0.17881509617256985,0.003168092151183625,0.0,51862,0.03518175216991215
m3,C(ubigeo)[T.20902],-0.07913966302504924,0.002863591602313765,4.054645621570264e-168,51862,0.03518175216991215
m3,C(ubigeo)[T.20903],-0.09981473252624382,0.0025797345463181524,0.0,51862,0.03518175216991215
m3,C(ubigeo)[T.20904],-0.08981960660003988,0.00261845631193084,7.201041976962657e-258,51862,0.03518175216991215
m3,C(ubigeo)[T.20905],-0.10064307285390159,0.003036251245464756,6.22518573462097e-241,51862,0.03518175216991215
m3,C(ubigeo)[T.20906],-0.16218737267650898,0.00285790626485313,0.0,51862,0.03518175216991215
m3,C(ubigeo)[T.20907],-0.055950535349279705,0.0019299737009736094,8.716989676884285e-185,51862,0.03518175216991215
m3,C(ubigeo)[T.20908],-0.0768912374831897,0.0030190680376524118,4.400776534096527e-143,51862,0.03518175216991215
m3,C(ubigeo)[T.21002],-0.12304249146714882,0.002872968304748834,0.0,51862,0.03518175216991215
m3,C(ubigeo)[T.21003],-0.1698502254917989,0.0031726734291586674,0.0,51862,0.03518175216991215
m3,C(ubigeo)[T.21004],-0.10597957545225656,0.0018594111401303017,0.0,51862,0.03518175216991215
m3,C(ubigeo)[T.21005],-0.08571953545987925,0.0019911888703476777,0.0,51862,0.03518175216991215
m3,C(ubigeo)[T.21006],-0.09914497759157409,0.0024054588822104836,0.0,51862,0.03518175216991215
m3,C(ubigeo)[T.21007],0.06432646645290503,0.0018788370341072487,6.720417088780143e-257,51862,0.03518175216991215
m3,C(ubigeo)[T.21008],-0.1672904307326085,0.0026104967000649434,0.0,51862,0.03518175216991215
m3,C(ubigeo)[T.21009],-0.08825439106304764,0.0025747480310287212,1.7335698981155492e-257,51862,0.03518175216991215
m3,C(ubigeo)[T.21010],-0.04704665735753605,0.0025996945775602397,3.3654002994051435e-73,51862,0.03518175216991215
m3,C(ubigeo)[T.21011],-0.07397510996336583,0.002184306505999397,2.0653552691049157e-251,51862,0.03518175216991215
m3,C(ubigeo)[T.21102],-0.16893722064419048,0.0032737942267319947,0.0,51862,0.03518175216991215
m3,C(ubigeo)[T.21103],-0.16902179863475858,0.003623029211945715,0.0,51862,0.03518175216991215
m3,C(ubigeo)[T.21104],-0.15421401944940985,0.0029795565612249827,0.0,51862,0.03518175216991215
m3,C(ubigeo)[T.21202],-0.10114502200887264,0.0014749096543382222,0.0,51862,0.03518175216991215
m3,C(ubigeo)[T.21203],-0.090012183036263,0.002903173521986228,4.650974066334768e-211,51862,0.03518175216991215
m3,C(ubigeo)[T.21204],-0.06085463786964973,0.0017715907795683172,1.3949616646333997e-258,51862,0.03518175216991215
m3,C(ubigeo)[T.21205],-0.07360595158488335,0.001681644830063989,0.0,51862,0.03518175216991215
m3,C(ubigeo)[T.21206],-0.18180855905569063,0.0033376102101543674,0.0,51862,0.03518175216991215
m3,C(ubigeo)[T.21207],-0.09914543274094377,0.0032309633980519377,8.743445923543256e-207,51862,0.03518175216991215
m3,C(ubigeo)[T.21208],-0.15700490880783677,0.0029820237793083773,0.0,51862,0.03518175216991215
m3,C(ubigeo)[T.21209],-0.11251483933068779,0.0028077746922440684,0.0,51862,0.03518175216991215
m3,C(ubigeo)[T.21210],-0.16117773077659134,0.003192737777943659,0.0,51862,0.03518175216991215
m3,C(ubigeo)[T.21302],-0.1970173871046416,0.003603169124910566,0.0,51862,0.03518175216991215
m3,C(ubigeo)[T.21303],-0.19005352084405502,0.0036508013135951034,0.0,51862,0.03518175216991215
m3,C(ubigeo)[T.21304],-0.18018026376719667,0.0026583827614096445,0.0,51862,0.03518175216991215
m3,C(ubigeo)[T.21305],-0.21294131235955716,0.004544061134147044,0.0,51862,0.03518175216991215
m3,C(ubigeo)[T.21306],-0.1703687909021483,0.0030113496852732704,0.0,51862,0.03518175216991215
m3,C(ubigeo)[T.21307],-0.20601199624235708,0.003936676700513178,0.0,51862,0.03518175216991215
m3,C(ubigeo)[T.21308],-0.1845675179329905,0.003537805109964706,0.0,51862,0.03518175216991215
m3,C(ubigeo)[T.21309],-0.23259750284916667,0.004775686384998539,0.0,51862,0.03518175216991215
m3,C(ubigeo)[T.21402],-0.09430854016447669,0.0023930671116410827,0.0,51862,0.03518175216991215
m3,C(ubigeo)[T.21403],-0.13995239329327955,0.0032162168340648207,0.0,51862,0.03518175216991215
m3,C(ubigeo)[T.21404],-0.11589443103173715,0.002540780828519101,0.0,51862,0.03518175216991215
m3,C(ubigeo)[T.21405],-0.13142242518645697,0.0030890108913788628,0.0,51862,0.03518175216991215
m3,C(ubigeo)[T.21406],-0.12820150154666135,0.0025032813372865663,0.0,51862,0.03518175216991215
m3,C(ubigeo)[T.21407],-0.13103724812898085,0.0029495472705335915,0.0,51862,0.03518175216991215
m3,C(ubigeo)[T.21408],-0.05361609515375493,0.003145323752831275,3.7244690176361025e-65,51862,0.03518175216991215
m3,C(ubigeo)[T.21409],-0.10158370210401815,0.0025284128288370626,0.0,51862,0.03518175216991215
m3,C(ubigeo)[T.21410],-0.12159853670084668,0.0029070472282479703,0.0,51862,0.03518175216991215
m3,C(ubigeo)[T.21502],-0.15443389703265045,0.0032336354303801815,0.0,51862,0.03518175216991215
m3,C(ubigeo)[T.21503],-0.1954704380337487,0.004246349991398197,0.0,51862,0.03518175216991215
m3,C(ubigeo)[T.21504],-0.09050684307022763,0.0027527219380501723,4.382506832225969e-237,51862,0.03518175216991215
m3,C(ubigeo)[T.21505],-0.17744125271091946,0.0039110493768804355,0.0,51862,0.03518175216991215
m3,C(ubigeo)[T.21506],-0.19361305010720598,0.003337966447609137,0.0,51862,0.03518175216991215
m3,C(ubigeo)[T.21507],-0.14484985528214092,0.0027856661497979818,0.0,51862,0.03518175216991215
m3,C(ubigeo)[T.21508],-0.1677095262573276,0.0031399762352032,0.0,51862,0.03518175216991215
m3,C(ubigeo)[T.21602],-0.1379702970923194,0.0035193860528610565,0.0,51862,0.03518175216991215
m3,C(ubigeo)[T.21603],-0.18462446443513983,0.004003389013166631,0.0,51862,0.03518175216991215
m3,C(ubigeo)[T.21604],-0.14552613231610131,0.0036741177469737495,0.0,51862,0.03518175216991215
m3,C(ubigeo)[T.21605],-0.18513180144519975,0.003921757625665571,0.0,51862,0.03518175216991215
m3,C(ubigeo)[T.21606],-0.13349375946927633,0.003169066196405295,0.0,51862,0.03518175216991215
m3,C(ubigeo)[T.21702],-0.1469575189153877,0.0025454497388843447,0.0,51862,0.03518175216991215
m3,C(ubigeo)[T.21703],-0.15371602258958506,0.0026412672081145673,0.0,51862,0.03518175216991215
m3,C(ubigeo)[T.21802],-0.02648918870075507,0.002959324231444412,3.5197720868369543e-19,51862,0.03518175216991215
m3,C(ubigeo)[T.21902],-0.06723116544181054,0.0017609940369755213,0.0,51862,0.03518175216991215
m3,C(ubigeo)[T.21903],-0.15870664987415525,0.003757714233915846,0.0,51862,0.03518175216991215
m3,C(ubigeo)[T.21904],-0.1170534104566786,0.001696909876760798,0.0,51862,0.03518175216991215
m3,C(ubigeo)[T.21905],-0.08277350075022313,0.0019822700600884632,0.0,51862,0.03518175216991215
m3,C(ubigeo)[T.22001],0.013893258570035096,0.0030108406823613197,3.942102616794241e-06,51862,0.03518175216991215
m3,C(ubigeo)[T.22002],-0.021157196150172072,0.0031635901032040577,2.2667853639325112e-11,51862,0.03518175216991215
m3,C(ubigeo)[T.22003],0.03786130717155875,0.0027565894582313307,6.279714937436243e-43,51862,0.03518175216991215
m3,C(ubigeo)[T.22004],-0.12142434094734687,0.0028008392087206105,0.0,51862,0.03518175216991215
m3,C(ubigeo)[T.22005],-0.08098279474696136,0.0029104465161747454,2.1700995884090326e-170,51862,0.03518175216991215
m3,C(ubigeo)[T.22006],0.032679555155355415,0.002907573526307601,2.60975002499008e-29,51862,0.03518175216991215
m3,C(ubigeo)[T.22008],0.10923398178733364,0.0030872186129884426,3.1565338267043327e-274,51862,0.03518175216991215
m3,C(ubigeo)[T.22009],-0.11167477955503893,0.003043795450778773,1.0810871353127093e-294,51862,0.03518175216991215
m3,C(ubigeo)[T.22010],0.1304209822212657,0.00396712461315252,4.932393862516549e-237,51862,0.03518175216991215
m3,C(ubigeo)[T.30102],-0.15743813721425431,0.0035987439879842376,0.0,51862,0.03518175216991215
m3,C(ubigeo)[T.30103],-0.17831465440926983,0.003791543314117995,0.0,51862,0.03518175216991215
m3,C(ubigeo)[T.30104],-0.11421567802941231,0.0037645157776102184,3.396936440616574e-202,51862,0.03518175216991215
m3,C(ubigeo)[T.30105],-0.17770835902911428,0.003651399771239615,0.0,51862,0.03518175216991215
m3,C(ubigeo)[T.30106],-0.1664000881425987,0.0030784676471801034,0.0,51862,0.03518175216991215
m3,C(ubigeo)[T.30107],-0.16985394384515398,0.00455544753307835,2.777958192775228e-304,51862,0.03518175216991215
m3,C(ubigeo)[T.30108],-0.15563996210645586,0.0038475994129097495,0.0,51862,0.03518175216991215
m3,C(ubigeo)[T.30109],-0.1912235277139537,0.004145634943075272,0.0,51862,0.03518175216991215
m3,C(ubigeo)[T.30202],-0.0933764979650589,0.002776690853918045,6.387784101005345e-248,51862,0.03518175216991215
m3,C(ubigeo)[T.30203],-0.04250150737510902,0.002901230879192057,1.357619162579114e-48,51862,0.03518175216991215
m3,C(ubigeo)[T.30204],-0.1150686864380697,0.0025922399590639104,0.0,51862,0.03518175216991215
m3,C(ubigeo)[T.30205],-0.12321779591065761,0.002105570984562542,0.0,51862,0.03518175216991215
m3,C(ubigeo)[T.30206],-0.16627302587785292,0.003630534154459424,0.0,51862,0.03518175216991215
m3,C(ubigeo)[T.30207],-0.11813527218783675,0.002676537881363826,0.0,51862,0.03518175216991215
m3,C(ubigeo)[T.30208],-0.1216005424556756,0.0020318367570269216,0.0,51862,0.03518175216991215
m3,C(ubigeo)[T.30209],-0.04685123349318442,0.0010044028007050792,0.0,51862,0.03518175216991215
m3,C(ubigeo)[T.30210],-0.11111820810783725,0.0025313909043052293,0.0,51862,0.03518175216991215
m3,C(ubigeo)[T.30211],-0.10212280247056807,0.0020601034910805852,0.0,51862,0.03518175216991215
m3,C(ubigeo)[T.30212],-0.1411671763899288,0.003380400934987713,0.0,51862,0.03518175216991215
m3,C(ubigeo)[T.30213],-0.1438438520969869,0.002879069403940842,0.0,51862,0.03518175216991215
m3,C(ubigeo)[T.30214],-0.12982211310651282,0.0027736547935126583,0.0,51862,0.03518175216991215
m3,C(ubigeo)[T.30215],-0.12004665090433697,0.0023778473818776248,0.0,51862,0.03518175216991215
m3,C(ubigeo)[T.30216],-0.06587758164554113,0.0016319005918692614,0.0,51862,0.03518175216991215
m3,C(ubigeo)[T.30217],-0.12638250444756918,0.0026702188513848557,0.0,51862,0.03518175216991215
m3,C(ubigeo)[T.30302],-0.1815581449369363,0.0034768729378742364,0.0,51862,0.03518175216991215
m3,C(ubigeo)[T.30303],-0.10595924986639121,0.0020161191712140397,0.0,51862,0.03518175216991215
m3,C(ubigeo)[T.30304],-0.17537608067206134,0.0041006207803573,0.0,51862,0.03518175216991215
m3,C(ubigeo)[T.30305],-0.14692984961896177,0.002689146296773595,0.0,51862,0.03518175216991215
m3,C(ubigeo)[T.30306],-0.17109932683301562,0.0031593711338009454,0.0,51862,0.03518175216991215
m3,C(ubigeo)[T.30307],-0.1889778602955363,0.003979032358315726,0.0,51862,0.03518175216991215
m3,C(ubigeo)[T.30308],-0.15737718462665123,0.003202317628989493,0.0,51862,0.03518175216991215
m3,C(ubigeo)[T.30309],-0.1355399810780483,0.002326056781790239,0.0,51862,0.03518175216991215
m3,C(ubigeo)[T.30310],-0.18343730931368207,0.003472054643396323,0.0,51862,0.03518175216991215
m3,C(ubigeo)[T.30311],-0.1771564860716549,0.0042471557357266565,0.0,51862,0.03518175216991215
m3,C(ubigeo)[T.30312],-0.12206639431807362,0.002317143946030974,0.0,51862,0.03518175216991215
m3,C(ubigeo)[T.30313],-0.15675020121857877,0.0037913166928619825,0.0,51862,0.03518175216991215
m3,C(ubigeo)[T.30314],-0.08116594491486938,0.0021662319514295734,2.977289943965676e-307,51862,0.03518175216991215
m3,C(ubigeo)[T.30315],-0.12744135059438202,0.00340809542929893,4.943404441604632e-306,51862,0.03518175216991215
m3,C(ubigeo)[T.30316],-0.14810530672950886,0.0025501464422768754,0.0,51862,0.03518175216991215
m3,C(ubigeo)[T.30317],-0.12638383324930455,0.002739099272331417,0.0,51862,0.03518175216991215
m3,C(ubigeo)[T.30318],-0.15699029979304285,0.003100648972503276,0.0,51862,0.03518175216991215
m3,C(ubigeo)[T.30319],-0.103931384206939,0.0024813399459750226,0.0,51862,0.03518175216991215
m3,C(ubigeo)[T.30320],0.14171793080945325,0.00155637060430933,0.0,51862,0.03518175216991215
m3,C(ubigeo)[T.30402],-0.10078534062895012,0.0028717575511237312,7.936377827355742e-270,51862,0.03518175216991215
m3,C(ubigeo)[T.30403],-0.0731765436640964,0.0018701648023219694,0.0,51862,0.03518175216991215
m3,C(ubigeo)[T.30404],-0.010881562180591308,0.0029795821940953116,0.00026016234667389487,51862,0.03518175216991215
m3,C(ubigeo)[T.30405],-0.13168083674916026,0.002987913499972204,0.0,51862,0.03518175216991215
m3,C(ubigeo)[T.30406],-0.13731335873143838,0.003082854344452966,0.0,51862,0.03518175216991215
m3,C(ubigeo)[T.30407],-0.11390216389126137,0.0026876171279796223,0.0,51862,0.03518175216991215
m3,C(ubigeo)[T.30502],-0.13421994680619237,0.0032108405264285648,0.0,51862,0.03518175216991215
m3,C(ubigeo)[T.30503],-0.17637765286815496,0.0035892621995419448,0.0,51862,0.03518175216991215
m3,C(ubigeo)[T.30504],-0.16514312118448532,0.0031193564391380083,0.0,51862,0.03518175216991215
m3,C(ubigeo)[T.30505],-0.16148317233754986,0.002555479279118744,0.0,51862,0.03518175216991215
m3,C(ubigeo)[T.30506],-0.12203043366603489,0.0026034952624217496,0.0,51862,0.03518175216991215
m3,C(ubigeo)[T.30602],-0.1317599487501418,0.0026480052116569703,0.0,51862,0.03518175216991215
m3,C(ubigeo)[T.30603],-0.07908542279020102,0.0019479983772706915,0.0,51862,0.03518175216991215
m3,C(ubigeo)[T.30604],-0.0835897537653886,0.0019551743241251604,0.0,51862,0.03518175216991215
m3,C(ubigeo)[T.30605],-0.15773342471019952,0.0031502367480714002,0.0,51862,0.03518175216991215
m3,C(ubigeo)[T.30606],-0.06099585013203177,0.0017441412109508623,6.027914483182675e-268,51862,0.03518175216991215
m3,C(ubigeo)[T.30607],-0.148278062497479,0.0027182005849668723,0.0,51862,0.03518175216991215
m3,C(ubigeo)[T.30608],-0.12538708068351745,0.0026037359465967444,0.0,51862,0.03518175216991215
m3,C(ubigeo)[T.30609],-0.027383529146824435,0.002662336870503679,8.189559258049561e-25,51862,0.03518175216991215
m3,C(ubigeo)[T.30610],-0.06004056626126481,0.0012330584618475404,0.0,51862,0.03518175216991215
m3,C(ubigeo)[T.30611],-0.013762841076903584,0.001028044591305096,7.164803378094298e-41,51862,0.03518175216991215
m3,C(ubigeo)[T.30612],-0.12547606318659305,0.0025916583305143426,0.0,51862,0.03518175216991215
m3,C(ubigeo)[T.30613],-0.00966322572550219,0.0010227501086342286,3.444557171711811e-21,51862,0.03518175216991215
m3,C(ubigeo)[T.30614],-0.09764783964514784,0.0020861347413849234,0.0,51862,0.03518175216991215
m3,C(ubigeo)[T.30702],-0.15592979374318577,0.00301757240949972,0.0,51862,0.03518175216991215
m3,C(ubigeo)[T.30703],-0.14323661401492457,0.002707316783564384,0.0,51862,0.03518175216991215
m3,C(ubigeo)[T.30704],-0.13940550751549186,0.0027127818447986165,0.0,51862,0.03518175216991215
m3,C(ubigeo)[T.30705],-0.1746723042532792,0.0032322943117823973,0.0,51862,0.03518175216991215
m3,C(ubigeo)[T.30706],-0.15888576094566204,0.003008480545348884,0.0,51862,0.03518175216991215
m3,C(ubigeo)[T.30707],-0.15867022542392875,0.003594235399435502,0.0,51862,0.03518175216991215
m3,C(ubigeo)[T.30708],-0.12906865191246308,0.002501576974000807,0.0,51862,0.03518175216991215
m3,C(ubigeo)[T.30709],-0.0916992321928598,0.003080069036627488,9.054479546951102e-195,51862,0.03518175216991215
m3,C(ubigeo)[T.30710],-0.09169923219277756,0.0030800690366315315,9.05447956470411e-195,51862,0.03518175216991215
m3,C(ubigeo)[T.30711],-0.13681753254030174,0.0035153723690776483,0.0,51862,0.03518175216991215
m3,C(ubigeo)[T.40102],-0.21303327750708834,0.00515745425609288,0.0,51862,0.03518175216991215
m3,C(ubigeo)[T.40103],-0.21048821991867453,0.004893299902049606,0.0,51862,0.03518175216991215
m3,C(ubigeo)[T.40104],-0.17737569535390224,0.004430939531549916,0.0,51862,0.03518175216991215
m3,C(ubigeo)[T.40105],-0.17857179965947073,0.003920693849040404,0.0,51862,0.03518175216991215
m3,C(ubigeo)[T.40106],-0.20907339099996572,0.004929543763551916,0.0,51862,0.03518175216991215
m3,C(ubigeo)[T.40107],-0.20738455308498416,0.004753088521833116,0.0,51862,0.03518175216991215
m3,C(ubigeo)[T.40108],-0.17469890782790015,0.004424645384092077,0.0,51862,0.03518175216991215
m3,C(ubigeo)[T.40109],-0.21419612335373955,0.005250355423618108,0.0,51862,0.03518175216991215
m3,C(ubigeo)[T.40110],-0.1514895134661443,0.004159893016656149,2.3178362489233148e-290,51862,0.03518175216991215
m3,C(ubigeo)[T.40111],-0.16810739144698003,0.004398249588693445,0.0,51862,0.03518175216991215
m3,C(ubigeo)[T.40112],-0.13501579563497473,0.004502199457380309,1.3714917659020885e-197,51862,0.03518175216991215
m3,C(ubigeo)[T.40113],-0.130552163893513,0.004103130284392355,3.684408203337811e-222,51862,0.03518175216991215
m3,C(ubigeo)[T.40114],-0.2045105198712041,0.004556557473984009,0.0,51862,0.03518175216991215
m3,C(ubigeo)[T.40115],-0.151159233128055,0.004215855250015861,1.5403877153378266e-281,51862,0.03518175216991215
m3,C(ubigeo)[T.40116],-0.15908442295358266,0.004051760981619981,0.0,51862,0.03518175216991215
m3,C(ubigeo)[T.40117],-0.0473791512965989,0.004362877136739518,1.7951101052188185e-27,51862,0.03518175216991215
m3,C(ubigeo)[T.40118],-0.15731686621028415,0.003935963979840774,0.0,51862,0.03518175216991215
m3,C(ubigeo)[T.40119],-0.2268884643406483,0.004995549322403234,0.0,51862,0.03518175216991215
m3,C(ubigeo)[T.40120],-0.17553406978423475,0.0037734332555769876,0.0,51862,0.03518175216991215
m3,C(ubigeo)[T.40121],-0.19869807174248416,0.0048298426561543045,0.0,51862,0.03518175216991215
m3,C(ubigeo)[T.40122],-0.17733684380878056,0.003793181446187803,0.0,51862,0.03518175216991215
m3,C(ubigeo)[T.40123],-0.20423410300556838,0.00484711245810749,0.0,51862,0.03518175216991215
m3,C(ubigeo)[T.40124],-0.15668740243461432,0.003889872557559748,0.0,51862,0.03518175216991215
m3,C(ubigeo)[T.40125],-0.19106538968920236,0.0046989543175622196,0.0,51862,0.03518175216991215
m3,C(ubigeo)[T.40126],-0.21204692493685923,0.0048950773160672655,0.0,51862,0.03518175216991215
m3,C(ubigeo)[T.40127],-0.20967795093114702,0.004805437298277743,0.0,51862,0.03518175216991215
m3,C(ubigeo)[T.40128],-0.2106853504708261,0.00492524175512676,0.0,51862,0.03518175216991215
m3,C(ubigeo)[T.40129],-0.2110577344011507,0.005211539630404732,0.0,51862,0.03518175216991215
m3,C(ubigeo)[T.40202],-0.024054071322619712,0.004135634099452506,6.01659532793338e-09,51862,0.03518175216991215
m3,C(ubigeo)[T.40203],-0.11038837379443582,0.0038497208424050334,7.962510740676854e-181,51862,0.03518175216991215
m3,C(ubigeo)[T.40204],-0.17266521356797174,0.003945755382017597,0.0,51862,0.03518175216991215
m3,C(ubigeo)[T.40205],-0.10227333545697856,0.0037473164564157543,5.218008907903572e-164,51862,0.03518175216991215
m3,C(ubigeo)[T.40206],-0.13845937857136342,0.004035476975314332,5.465292577879162e-258,51862,0.03518175216991215
m3,C(ubigeo)[T.40207],-0.11060725665131758,0.003721926039606829,4.529437428827243e-194,51862,0.03518175216991215
m3,C(ubigeo)[T.40208],-0.0178925442399022,0.0044161901695033545,5.0873099269156316e-05,51862,0.03518175216991215
m3,C(ubigeo)[T.40209],-0.08278209882490618,0.0035826511075092203,3.994315412551704e-118,51862,0.03518175216991215
m3,C(ubigeo)[T.40210],0.008079761274365521,0.004171794650516951,0.05277479701597411,51862,0.03518175216991215
m3,C(ubigeo)[T.40211],-0.03123287766245166,0.0027480291455141766,6.206838368059428e-30,51862,0.03518175216991215
m3,C(ubigeo)[T.40212],-0.12559906391591688,0.003952390056687345,1.3034413906781315e-221,51862,0.03518175216991215
m3,C(ubigeo)[T.40213],-0.0772644120029161,0.0036814041573151016,8.485859422343903e-98,51862,0.03518175216991215
m3,C(ubigeo)[T.40214],-0.1143224672888132,0.004297500922986826,6.422009395333577e-156,51862,0.03518175216991215
m3,C(ubigeo)[T.40215],-0.023842398731619596,0.0033183798266359426,6.723095665681997e-13,51862,0.03518175216991215
m3,C(ubigeo)[T.40216],-0.1448493273544626,0.004234555732459266,1.935623636943475e-256,51862,0.03518175216991215
m3,C(ubigeo)[T.40217],-0.15167379848330376,0.004042579870208903,4.503752467854251e-308,51862,0.03518175216991215
m3,C(ubigeo)[T.40218],-0.05494286983617788,0.004214394391318087,7.540907257355014e-39,51862,0.03518175216991215
m3,C(ubigeo)[T.40219],-0.09991999941114443,0.0031500253606015884,8.136257295858672e-221,51862,0.03518175216991215
m3,C(ubigeo)[T.40220],-0.20020724687464553,0.004417197617412852,0.0,51862,0.03518175216991215
m3,C(ubigeo)[T.40302],-0.15993138305134222,0.0040331909230116834,0.0,51862,0.03518175216991215
m3,C(ubigeo)[T.40303],-0.14490839246556347,0.0038884983189788904,5.85677810155526e-304,51862,0.03518175216991215
m3,C(ubigeo)[T.40304],-0.13292266038347406,0.003917051583721716,2.0746119720422156e-252,51862,0.03518175216991215
m3,C(ubigeo)[T.40305],-0.1771275115045852,0.004147590944757179,0.0,51862,0.03518175216991215
m3,C(ubigeo)[T.40306],-0.1727454460537428,0.004198200626506283,0.0,51862,0.03518175216991215
m3,C(ubigeo)[T.40307],-0.11551074042637492,0.003747572951322945,1.2965427074358147e-208,51862,0.03518175216991215
m3,C(ubigeo)[T.40308],-0.1981440523864437,0.004491289582320215,0.0,51862,0.03518175216991215
m3,C(ubigeo)[T.40402],-0.1820891222185647,0.004513148475881079,0.0,51862,0.03518175216991215
m3,C(ubigeo)[T.40403],-0.12642441759282635,0.004532413116393024,3.208078494653328e-171,51862,0.03518175216991215
m3,C(ubigeo)[T.40404],-0.05320390521255075,0.0045849791874345075,3.934516421766468e-31,51862,0.03518175216991215
m3,C(ubigeo)[T.40405],-0.1327558914724419,0.004020227902747322,3.928768543394811e-239,51862,0.03518175216991215
m3,C(ubigeo)[T.40406],-0.07970291722716209,0.003949912661886892,1.515737502957871e-90,51862,0.03518175216991215
m3,C(ubigeo)[T.40407],-0.18364660655646398,0.004761275391714239,0.0,51862,0.03518175216991215
m3,C(ubigeo)[T.40408],-0.1376982261270217,0.004503589301582588,2.6140698298017734e-205,51862,0.03518175216991215
m3,C(ubigeo)[T.40409],-0.07619103536654366,0.0044920068255222085,1.5833543130990905e-64,51862,0.03518175216991215
m3,C(ubigeo)[T.40410],-0.09381941918686718,0.004423044548792221,7.478641497183791e-100,51862,0.03518175216991215
m3,C(ubigeo)[T.40411],-0.1529664847187197,0.0043911511921805755,7.14181299483027e-266,51862,0.03518175216991215
m3,C(ubigeo)[T.40412],-0.11509971670830066,0.00438564912592122,8.232289537895846e-152,51862,0.03518175216991215
m3,C(ubigeo)[T.40413],-0.037420906613561164,0.0044923632389823175,8.091522285358849e-17,51862,0.03518175216991215
m3,C(ubigeo)[T.40502],-0.12548690995414175,0.0037507423717622404,2.066707858750241e-245,51862,0.03518175216991215
m3,C(ubigeo)[T.40503],-0.11021553068096854,0.0044056475546459415,4.00607447188504e-138,51862,0.03518175216991215
m3,C(ubigeo)[T.40504],-0.10095376876217399,0.004340383810474706,1.1486246780042192e-119,51862,0.03518175216991215
m3,C(ubigeo)[T.40505],-0.07148205269340964,0.0033728677955227825,1.1020508403727774e-99,51862,0.03518175216991215
m3,C(ubigeo)[T.40506],-0.15671115563974855,0.003971466877198906,0.0,51862,0.03518175216991215
m3,C(ubigeo)[T.40507],-0.10572015959594565,0.003957410319459658,3.195489086942322e-157,51862,0.03518175216991215
m3,C(ubigeo)[T.40508],-0.12067505410218837,0.004301056108213877,3.274587433709316e-173,51862,0.03518175216991215
m3,C(ubigeo)[T.40509],-0.16904168850487272,0.003760578531413237,0.0,51862,0.03518175216991215
m3,C(ubigeo)[T.40510],-0.11977465778222478,0.0037970743641285195,2.1717505314837397e-218,51862,0.03518175216991215
m3,C(ubigeo)[T.40511],-0.06281345820762706,0.0044427736237315565,2.2041273365467328e-45,51862,0.03518175216991215
m3,C(ubigeo)[T.40512],-0.07687809461902251,0.0037029092103942037,9.642827175931251e-96,51862,0.03518175216991215
m3,C(ubigeo)[T.40513],-0.029233454670844563,0.003787072141333394,1.1699242771559874e-14,51862,0.03518175216991215
m3,C(ubigeo)[T.40514],-0.14007570850836304,0.004091513143796675,7.126246597020676e-257,51862,0.03518175216991215
m3,C(ubigeo)[T.40602],-0.11978894649503481,0.004114591401263808,2.4431543401452052e-186,51862,0.03518175216991215
m3,C(ubigeo)[T.40603],-0.12938953240436676,0.003818167607790245,1.0056020567860512e-251,51862,0.03518175216991215
m3,C(ubigeo)[T.40604],-0.0889096360304738,0.004139151026115312,2.386708721285207e-102,51862,0.03518175216991215
m3,C(ubigeo)[T.40605],-0.12409153535528114,0.003771657520719523,2.122365360962563e-237,51862,0.03518175216991215
m3,C(ubigeo)[T.40606],-0.13103610325116608,0.004084905412645855,8.901939521393564e-226,51862,0.03518175216991215
m3,C(ubigeo)[T.40607],-0.13297189495942982,0.004159729328722677,3.1891555315051e-224,51862,0.03518175216991215
m3,C(ubigeo)[T.40608],-0.09481710833298267,0.0038829481889200435,1.0787956745349441e-131,51862,0.03518175216991215
m3,C(ubigeo)[T.40702],-0.18666310962942953,0.003996379724219178,0.0,51862,0.03518175216991215
m3,C(ubigeo)[T.40703],-0.1509837128370126,0.003658802599260549,0.0,51862,0.03518175216991215
m3,C(ubigeo)[T.40704],-0.16147084339122877,0.003993378016776747,0.0,51862,0.03518175216991215
m3,C(ubigeo)[T.40705],-0.10509841688589187,0.0035335283808006998,2.1238317099751693e-194,51862,0.03518175216991215
m3,C(ubigeo)[T.40706],-0.1797146799649745,0.004149351358750495,0.0,51862,0.03518175216991215
m3,C(ubigeo)[T.40802],-0.15808713968876864,0.004216993273315663,1.4385243231116142e-307,51862,0.03518175216991215
m3,C(ubigeo)[T.40803],-0.08629546915501134,0.003833221947239134,3.129969561140585e-112,51862,0.03518175216991215
m3,C(ubigeo)[T.40804],-0.12053229019398062,0.0038603824869746554,5.211538430517892e-214,51862,0.03518175216991215
m3,C(ubigeo)[T.40805],-0.14419837829218546,0.004024411403549463,3.6454554908733457e-281,51862,0.03518175216991215
m3,C(ubigeo)[T.40806],-0.11719362350250863,0.0037166686708653587,3.1753208425317497e-218,51862,0.03518175216991215
m3,C(ubigeo)[T.40807],-0.051491553215275834,0.003518851970626565,1.7284913881590922e-48,51862,0.03518175216991215
m3,C(ubigeo)[T.40808],-0.04106695378759934,0.003865375121704972,2.2969802137726633e-26,51862,0.03518175216991215
m3,C(ubigeo)[T.40809],0.03489006574735667,0.003465913904950366,7.759286355396755e-24,51862,0.03518175216991215
m3,C(ubigeo)[T.40810],0.04535785226252522,0.004388929895649316,4.914378803333771e-25,51862,0.03518175216991215
m3,C(ubigeo)[T.40811],-0.11421293466795979,0.0038594946995201894,1.854152691329322e-192,51862,0.03518175216991215
m3,C(ubigeo)[T.50102],-0.14931811393602995,0.002511840686024019,0.0,51862,0.03518175216991215
m3,C(ubigeo)[T.50103],-0.1889844887378769,0.0034169295937909083,0.0,51862,0.03518175216991215
m3,C(ubigeo)[T.50104],-0.15050092202794038,0.0024045351458166263,0.0,51862,0.03518175216991215
m3,C(ubigeo)[T.50105],-0.15730102065239557,0.0027237927754011383,0.0,51862,0.03518175216991215
m3,C(ubigeo)[T.50106],-0.15010256003661376,0.002963333378738062,0.0,51862,0.03518175216991215
m3,C(ubigeo)[T.50107],-0.19470405113554345,0.003419033456523181,0.0,51862,0.03518175216991215
m3,C(ubigeo)[T.50108],-0.08223265254235872,0.002068304338244345,0.0,51862,0.03518175216991215
m3,C(ubigeo)[T.50109],-0.16525075503064252,0.0028496016160685558,0.0,51862,0.03518175216991215
m3,C(ubigeo)[T.50110],-0.14175944234322954,0.0025774873973020565,0.0,51862,0.03518175216991215
m3,C(ubigeo)[T.50111],-0.15755652787626706,0.0027008760375345593,0.0,51862,0.03518175216991215
m3,C(ubigeo)[T.50112],-0.1317259842298246,0.0022904113330703326,0.0,51862,0.03518175216991215
m3,C(ubigeo)[T.50113],-0.1773637840371424,0.0033091464278228364,0.0,51862,0.03518175216991215
m3,C(ubigeo)[T.50114],-0.12103983083609686,0.002217619625267159,0.0,51862,0.03518175216991215
m3,C(ubigeo)[T.50115],-0.1839594066228227,0.00332221152990241,0.0,51862,0.03518175216991215
m3,C(ubigeo)[T.50116],-0.20301328593493553,0.0035086381455663,0.0,51862,0.03518175216991215
m3,C(ubigeo)[T.50204],-0.12059597732384848,0.0024667922865605064,0.0,51862,0.03518175216991215
m3,C(ubigeo)[T.50206],-0.16418260197609857,0.003429212035085258,0.0,51862,0.03518175216991215
m3,C(ubigeo)[T.50207],-0.17840464087581537,0.0033464311763680347,0.0,51862,0.03518175216991215
m3,C(ubigeo)[T.50208],-0.15925739576685138,0.003196042295679066,0.0,51862,0.03518175216991215
m3,C(ubigeo)[T.50211],-0.11047635962875567,0.0023730083289629257,0.0,51862,0.03518175216991215
m3,C(ubigeo)[T.50302],-0.11152677483142684,0.00274688938345068,0.0,51862,0.03518175216991215
m3,C(ubigeo)[T.50303],-0.15823482182688986,0.0025473368758502013,0.0,51862,0.03518175216991215
m3,C(ubigeo)[T.50304],-0.15035085232943757,0.0020195313698445363,0.0,51862,0.03518175216991215
m3,C(ubigeo)[T.50305],-0.1737760741611929,0.002833103751003256,0.0,51862,0.03518175216991215
m3,C(ubigeo)[T.50307],-0.12521390145269856,0.002296475811713096,0.0,51862,0.03518175216991215
m3,C(ubigeo)[T.50308],-0.17264360294472714,0.0029997384231865327,0.0,51862,0.03518175216991215
m3,C(ubigeo)[T.50309],-0.1907303098527217,0.0032511891091379047,0.0,51862,0.03518175216991215
m3,C(ubigeo)[T.50310],-0.14413730531256777,0.0020143019059384814,0.0,51862,0.03518175216991215
m3,C(ubigeo)[T.50311],-0.21033760221424389,0.003198669541410791,0.0,51862,0.03518175216991215
m3,C(ubigeo)[T.50312],-0.0916992321927605,0.00308006903663432,9.054479573473954e-195,51862,0.03518175216991215
m3,C(ubigeo)[T.50313],-0.15242625219634515,0.0019729523595282974,0.0,51862,0.03518175216991215
m3,C(ubigeo)[T.50402],-0.1662023185276635,0.0028186892959104182,0.0,51862,0.03518175216991215
m3,C(ubigeo)[T.50403],-0.17611322482469913,0.0030109856988192953,0.0,51862,0.03518175216991215
m3,C(ubigeo)[T.50404],-0.1423298695748982,0.0020342230153422695,0.0,51862,0.03518175216991215
m3,C(ubigeo)[T.50405],-0.12973380421751227,0.0019984629150275037,0.0,51862,0.03518175216991215
m3,C(ubigeo)[T.50406],-0.1739922940477684,0.002793647241966523,0.0,51862,0.03518175216991215
m3,C(ubigeo)[T.50407],-0.13943318391208329,0.0025426978384255933,0.0,51862,0.03518175216991215
m3,C(ubigeo)[T.50408],-0.18394596488314052,0.0031229293050352457,0.0,51862,0.03518175216991215
m3,C(ubigeo)[T.50409],-0.12966096586497972,0.0017810552369664243,0.0,51862,0.03518175216991215
m3,C(ubigeo)[T.50410],-0.10941664208565557,0.0018413870932610815,0.0,51862,0.03518175216991215
m3,C(ubigeo)[T.50411],-0.1112101317628843,0.0019933081469499783,0.0,51862,0.03518175216991215
m3,C(ubigeo)[T.50412],-0.17903414790037123,0.00235616358103181,0.0,51862,0.03518175216991215
m3,C(ubigeo)[T.50413],-0.152426252196334,0.0019729523595283464,0.0,51862,0.03518175216991215
m3,C(ubigeo)[T.50414],-0.101991441878792,0.001815209493010569,0.0,51862,0.03518175216991215
m3,C(ubigeo)[T.50415],-0.028485975358379215,0.0017188717159848683,1.1017734596941903e-61,51862,0.03518175216991215
m3,C(ubigeo)[T.50502],-0.15531591703355635,0.0025804034188962126,0.0,51862,0.03518175216991215
m3,C(ubigeo)[T.50503],-0.15902923056451954,0.0031113379650060556,0.0,51862,0.03518175216991215
m3,C(ubigeo)[T.50504],-0.081906067714994,0.0022676553204363232,1.1301267760151512e-285,51862,0.03518175216991215
m3,C(ubigeo)[T.50506],-0.15206733026802796,0.0027600074212011366,0.0,51862,0.03518175216991215
m3,C(ubigeo)[T.50508],-0.1732989542491445,0.0030234370879719716,0.0,51862,0.03518175216991215
m3,C(ubigeo)[T.50510],-0.03674619062842539,0.0016770507311260378,2.0316729790193922e-106,51862,0.03518175216991215
m3,C(ubigeo)[T.50511],-0.1455020565131283,0.0022823326744430953,0.0,51862,0.03518175216991215
m3,C(ubigeo)[T.50512],-0.11326381294222881,0.0017899041289320035,0.0,51862,0.03518175216991215
m3,C(ubigeo)[T.50513],-0.1168127434364078,0.0030835657670157703,0.0,51862,0.03518175216991215
m3,C(ubigeo)[T.50514],-0.14155349930897212,0.0026278227593623856,0.0,51862,0.03518175216991215
m3,C(ubigeo)[T.50516],-0.052506155277533106,0.0009078347068387766,0.0,51862,0.03518175216991215
m3,C(ubigeo)[T.50517],-0.13725961725989597,0.0018829344566259685,0.0,51862,0.03518175216991215
m3,C(ubigeo)[T.50520],-0.1747582344421439,0.0029347536901633995,0.0,51862,0.03518175216991215
m3,C(ubigeo)[T.50521],-0.15395206235452072,0.0029830800438392212,0.0,51862,0.03518175216991215
m3,C(ubigeo)[T.50522],-0.1622609723277209,0.0031631681008499456,0.0,51862,0.03518175216991215
m3,C(ubigeo)[T.50524],-0.1373200696507195,0.0023146155517343924,0.0,51862,0.03518175216991215
m3,C(ubigeo)[T.50525],-0.07566439352207956,0.0013152538643100551,0.0,51862,0.03518175216991215
m3,C(ubigeo)[T.50529],-0.022369459132221266,0.0007018243149911025,6.2601718546005684e-223,51862,0.03518175216991215
m3,C(ubigeo)[T.50531],-0.1157132426559653,0.002631408049311987,0.0,51862,0.03518175216991215
m3,C(ubigeo)[T.50532],-0.1428990552048671,0.0028781313590102286,0.0,51862,0.03518175216991215
m3,C(ubigeo)[T.50604],-0.053934102063520034,0.0011900562731691614,0.0,51862,0.03518175216991215
m3,C(ubigeo)[T.50605],-0.1228753495192551,0.001823546926996799,0.0,51862,0.03518175216991215
m3,C(ubigeo)[T.50608],-0.08870071642721908,0.0013850321302482118,0.0,51862,0.03518175216991215
m3,C(ubigeo)[T.50611],-0.10606384044273,0.0019026087047747658,0.0,51862,0.03518175216991215
m3,C(ubigeo)[T.50612],-0.13205819758060258,0.0017980421226328023,0.0,51862,0.03518175216991215
m3,C(ubigeo)[T.50615],-0.08933584868671861,0.001363127208540217,0.0,51862,0.03518175216991215
m3,C(ubigeo)[T.50616],-0.09274329918105245,0.000982361444528842,0.0,51862,0.03518175216991215
m3,C(ubigeo)[T.50702],-0.1284031979365881,0.0020886082950637066,0.0,51862,0.03518175216991215
m3,C(ubigeo)[T.50703],-0.1443942930475319,0.002568344501912917,0.0,51862,0.03518175216991215
m3,C(ubigeo)[T.50704],-0.15350298405775964,0.0023256194296745413,0.0,51862,0.03518175216991215
m3,C(ubigeo)[T.50706],-0.1251130766699363,0.0022960043833242703,0.0,51862,0.03518175216991215
m3,C(ubigeo)[T.50707],-0.151443808731977,0.002360364667699884,0.0,51862,0.03518175216991215
m3,C(ubigeo)[T.50708],-0.15244064483807934,0.002498913184761443,0.0,51862,0.03518175216991215
m3,C(ubigeo)[T.50709],-0.12292246920796143,0.0017607257286823149,0.0,51862,0.03518175216991215
m3,C(ubigeo)[T.50710],-0.13953597228166045,0.002092928000144623,0.0,51862,0.03518175216991215
m3,C(ubigeo)[T.50713],-0.1403756145479135,0.0023070654041248964,0.0,51862,0.03518175216991215
m3,C(ubigeo)[T.50714],-0.14812230432357593,0.0023521305105108146,0.0,51862,0.03518175216991215
m3,C(ubigeo)[T.50715],-0.06821955271403825,0.0012004624183201598,0.0,51862,0.03518175216991215
m3,C(ubigeo)[T.50802],-0.09603821069855352,0.0020759433201162497,0.0,51862,0.03518175216991215
m3,C(ubigeo)[T.50803],-0.12565920040522366,0.0023706008380517353,0.0,51862,0.03518175216991215
m3,C(ubigeo)[T.50804],-0.12114347520367538,0.0025317985455489004,0.0,51862,0.03518175216991215
m3,C(ubigeo)[T.50902],-0.1571728114735174,0.0029272207077411846,0.0,51862,0.03518175216991215
m3,C(ubigeo)[T.50903],-0.13720711668915478,0.0023539119207385754,0.0,51862,0.03518175216991215
m3,C(ubigeo)[T.50904],-0.10211690000722742,0.002331194916932156,0.0,51862,0.03518175216991215
m3,C(ubigeo)[T.50905],-0.11556954653883279,0.001623638510789527,0.0,51862,0.03518175216991215
m3,C(ubigeo)[T.50906],-0.14747854411473066,0.0021124059958901958,0.0,51862,0.03518175216991215
m3,C(ubigeo)[T.50907],-0.12178250418046717,0.0018363034423936107,0.0,51862,0.03518175216991215
m3,C(ubigeo)[T.50908],-0.08378849628057893,0.00177911609879016,0.0,51862,0.03518175216991215
m3,C(ubigeo)[T.51002],-0.07938664477799243,0.0025687279177573066,1.0219492427030691e-209,51862,0.03518175216991215
m3,C(ubigeo)[T.51003],0.023063202566208325,0.0016938672612282874,3.229988603882466e-42,51862,0.03518175216991215
m3,C(ubigeo)[T.51004],-0.14703486700105572,0.0025288043477799545,0.0,51862,0.03518175216991215
m3,C(ubigeo)[T.51005],-0.1356570298798952,0.0021294588108941473,0.0,51862,0.03518175216991215
m3,C(ubigeo)[T.51006],-0.1452059131194613,0.0024023386012481454,0.0,51862,0.03518175216991215
m3,C(ubigeo)[T.51007],-0.14171642968815296,0.0022970656261779993,0.0,51862,0.03518175216991215
m3,C(ubigeo)[T.51008],-0.07703122223149088,0.0017339770398195693,0.0,51862,0.03518175216991215
m3,C(ubigeo)[T.51009],-0.007172740729037809,0.0022719951167581706,0.0015938880039572177,51862,0.03518175216991215
m3,C(ubigeo)[T.51010],-0.12029731524258888,0.0021609038075490333,0.0,51862,0.03518175216991215
m3,C(ubigeo)[T.51102],-0.11637020921594107,0.001964246757404373,0.0,51862,0.03518175216991215
m3,C(ubigeo)[T.51103],-0.1215710423609389,0.0023921778146202277,0.0,51862,0.03518175216991215
m3,C(ubigeo)[T.51104],-0.1576673307973984,0.0023447568287762325,0.0,51862,0.03518175216991215
m3,C(ubigeo)[T.51105],-0.11210596540680495,0.0017444612186323844,0.0,51862,0.03518175216991215
m3,C(ubigeo)[T.51106],-0.12231403590047843,0.0020863232726557163,0.0,51862,0.03518175216991215
m3,C(ubigeo)[T.51107],-0.0850838342170812,0.0024157806345312506,9.876396697370722e-272,51862,0.03518175216991215
m3,C(ubigeo)[T.51108],-0.06369738150579066,0.0021808807946290076,1.5719358338827606e-187,51862,0.03518175216991215
m3,C(ubigeo)[T.51109],-0.1137243412998661,0.001935500390120885,0.0,51862,0.03518175216991215
m3,C(ubigeo)[T.51110],-0.11316860057280154,0.0019502610986169369,0.0,51862,0.03518175216991215
m3,C(ubigeo)[T.51111],-0.05678926874399637,0.0018171488061799663,2.1067300015006587e-214,51862,0.03518175216991215
m3,C(ubigeo)[T.60102],-0.14180331246468328,0.004231970238236481,3.7310534442213467e-246,51862,0.03518175216991215
m3,C(ubigeo)[T.60103],-0.1015777613580527,0.0037874764303418144,1.92058520915686e-158,51862,0.03518175216991215
m3,C(ubigeo)[T.60104],-0.13499815134640408,0.0042139089397780554,3.4041328156010786e-225,51862,0.03518175216991215
m3,C(ubigeo)[T.60105],-0.19429057233198854,0.005027524635332036,0.0,51862,0.03518175216991215
m3,C(ubigeo)[T.60106],-0.18289455664324591,0.004705481486783408,0.0,51862,0.03518175216991215
m3,C(ubigeo)[T.60107],-0.19288258201756994,0.004681407326425541,0.0,51862,0.03518175216991215
m3,C(ubigeo)[T.60108],-0.17523120563665562,0.004539765438840569,0.0,51862,0.03518175216991215
m3,C(ubigeo)[T.60109],-0.13603704508724634,0.0043585973703724355,7.509587592035046e-214,51862,0.03518175216991215
m3,C(ubigeo)[T.60110],-0.11412521232036901,0.003947021535144291,7.901738593753911e-184,51862,0.03518175216991215
m3,C(ubigeo)[T.60111],-0.16606444226791345,0.004523373558403676,4.610747472972154e-295,51862,0.03518175216991215
m3,C(ubigeo)[T.60112],-0.17444015008938363,0.004423008747977149,0.0,51862,0.03518175216991215
m3,C(ubigeo)[T.60202],-0.14414804097163997,0.00448670219507327,1.801762273512273e-226,51862,0.03518175216991215
m3,C(ubigeo)[T.60203],-0.17168887337901384,0.004628277816657841,3.3044797923631536e-301,51862,0.03518175216991215
m3,C(ubigeo)[T.60205],-0.1322659154587882,0.004116190131873246,1.521645223922774e-226,51862,0.03518175216991215
m3,C(ubigeo)[T.60302],-0.10693835243152486,0.003477496331807069,1.1663226484268129e-207,51862,0.03518175216991215
m3,C(ubigeo)[T.60303],-0.1307458137591365,0.003817655728683828,4.72400199831148e-257,51862,0.03518175216991215
m3,C(ubigeo)[T.60304],-0.1784121187196646,0.004107148016201706,0.0,51862,0.03518175216991215
m3,C(ubigeo)[T.60305],-0.10227396253947658,0.0036211306235314085,1.7031325703602976e-175,51862,0.03518175216991215
m3,C(ubigeo)[T.60306],-0.1602628641475889,0.004101795005125292,0.0,51862,0.03518175216991215
m3,C(ubigeo)[T.60307],-0.101369237068669,0.0037762554405260727,9.950868067680306e-159,51862,0.03518175216991215
m3,C(ubigeo)[T.60308],-0.11572740292305471,0.004043579482805063,3.7843794153755084e-180,51862,0.03518175216991215
m3,C(ubigeo)[T.60309],-0.1729468869620431,0.004262183351787118,0.0,51862,0.03518175216991215
m3,C(ubigeo)[T.60310],-0.1811710300111474,0.004598772469257774,0.0,51862,0.03518175216991215
m3,C(ubigeo)[T.60311],-0.15159702002125458,0.004279307154950624,6.891858529980524e-275,51862,0.03518175216991215
m3,C(ubigeo)[T.60312],-0.13895087408565632,0.0038252687935485686,6.648377066673005e-289,51862,0.03518175216991215
m3,C(ubigeo)[T.60403],-0.1529049511523618,0.004154981678324456,1.819851233360569e-296,51862,0.03518175216991215
m3,C(ubigeo)[T.60404],-0.13843982814069364,0.003980457737680339,4.901263694660404e-265,51862,0.03518175216991215
m3,C(ubigeo)[T.60405],-0.1695760167304947,0.004227830105539138,0.0,51862,0.03518175216991215
m3,C(ubigeo)[T.60406],-0.0979292414014989,0.004027888567382865,1.435492710175376e-130,51862,0.03518175216991215
m3,C(ubigeo)[T.60407],-0.11922320416894493,0.0037159898085398126,7.410378852739164e-226,51862,0.03518175216991215
m3,C(ubigeo)[T.60408],-0.1304390938157172,0.0039588856703506505,4.454247976218797e-238,51862,0.03518175216991215
m3,C(ubigeo)[T.60409],-0.10443182002691959,0.003781951898659676,7.7238037658261475e-168,51862,0.03518175216991215
m3,C(ubigeo)[T.60502],-0.12275276809948958,0.004073637930773106,1.7673476501974056e-199,51862,0.03518175216991215
m3,C(ubigeo)[T.60503],0.13345156449213924,0.0033765940769050155,0.0,51862,0.03518175216991215
m3,C(ubigeo)[T.60504],-0.1550313864441595,0.0043332399264826476,2.4950615516053985e-280,51862,0.03518175216991215
m3,C(ubigeo)[T.60505],-0.0014606579553102458,0.003684230656506611,0.691764135386731,51862,0.03518175216991215
m3,C(ubigeo)[T.60506],-0.17063063010255103,0.004331367509597408,0.0,51862,0.03518175216991215
m3,C(ubigeo)[T.60507],-0.10561426333083565,0.00360850264326776,2.637149176470283e-188,51862,0.03518175216991215
m3,C(ubigeo)[T.60508],-0.11257240071428229,0.00382478955832759,2.1204510441293948e-190,51862,0.03518175216991215
m3,C(ubigeo)[T.60509],-0.09842081509332497,0.003358842692745904,9.779763313391276e-189,51862,0.03518175216991215
m3,C(ubigeo)[T.60510],-0.054090266931356934,0.003443456515490143,1.3304323190620292e-55,51862,0.03518175216991215
m3,C(ubigeo)[T.60511],-0.11336033842246986,0.003949715753343565,3.719415286471045e-181,51862,0.03518175216991215
m3,C(ubigeo)[T.60512],-0.1665105582125234,0.004072436577009066,0.0,51862,0.03518175216991215
m3,C(ubigeo)[T.60513],-0.11914239568754281,0.0037063432089303274,1.0195901000946278e-226,51862,0.03518175216991215
m3,C(ubigeo)[T.60514],-0.11542843953349678,0.0038054005530608792,4.236852071051918e-202,51862,0.03518175216991215
m3,C(ubigeo)[T.60515],-0.07909240272594559,0.0034815231573651407,2.9908438855678705e-114,51862,0.03518175216991215
m3,C(ubigeo)[T.60602],0.038051346255010166,0.0031823507791676475,5.968421056120652e-33,51862,0.03518175216991215
m3,C(ubigeo)[T.60603],-0.13948331759054938,0.004156074371504483,6.156836978438546e-247,51862,0.03518175216991215
m3,C(ubigeo)[T.60604],-0.13433026146787183,0.004323891652503249,6.728843328806296e-212,51862,0.03518175216991215
m3,C(ubigeo)[T.60605],-0.07031164897207413,0.003894138601716708,7.107126056925256e-73,51862,0.03518175216991215
m3,C(ubigeo)[T.60606],-0.046820217562189057,0.0037300240376934536,3.863424129531481e-36,51862,0.03518175216991215
m3,C(ubigeo)[T.60607],0.0243784318031206,0.004008246190367219,1.1864113533220416e-09,51862,0.03518175216991215
m3,C(ubigeo)[T.60608],-0.13896707822228596,0.004536914074688234,4.8345215103190457e-206,51862,0.03518175216991215
m3,C(ubigeo)[T.60609],-0.164037605904616,0.00464980014379715,1.2583421090834549e-272,51862,0.03518175216991215
m3,C(ubigeo)[T.60610],-0.12833935486851245,0.004340349280243571,3.753738228879098e-192,51862,0.03518175216991215
m3,C(ubigeo)[T.60611],0.08736651509196651,0.004166401198668881,1.250918916417257e-97,51862,0.03518175216991215
m3,C(ubigeo)[T.60612],0.08771617890844896,0.0032629737733050313,3.5390827500208634e-159,51862,0.03518175216991215
m3,C(ubigeo)[T.60613],0.14080801125258155,0.0036503953066859413,0.0,51862,0.03518175216991215
m3,C(ubigeo)[T.60614],-0.13147922158361625,0.0037448049046497987,4.783069305291102e-270,51862,0.03518175216991215
m3,C(ubigeo)[T.60615],-0.10809458641796185,0.003959445375234557,4.191303249167481e-164,51862,0.03518175216991215
m3,C(ubigeo)[T.60616],-0.04151810211760981,0.0038556999599223527,4.8757836163016506e-27,51862,0.03518175216991215
m3,C(ubigeo)[T.60617],-0.0347905168652336,0.003623747266813879,7.940193084676333e-22,51862,0.03518175216991215
m3,C(ubigeo)[T.60618],-0.12674826496363734,0.0036937617501176453,4.828757792588369e-258,51862,0.03518175216991215
m3,C(ubigeo)[T.60619],-0.1350982591654943,0.003483282849117764,0.0,51862,0.03518175216991215
m3,C(ubigeo)[T.60702],-0.13109417811548715,0.003964398476560149,8.614426220006413e-240,51862,0.03518175216991215
m3,C(ubigeo)[T.60703],0.0055176834976135986,0.004699214894401118,0.24032639906170117,51862,0.03518175216991215
m3,C(ubigeo)[T.60802],0.009291425531915613,0.004481616807776365,0.038150814983429475,51862,0.03518175216991215
m3,C(ubigeo)[T.60803],-0.1600261243737401,0.004589619900399335,2.3556062662794242e-266,51862,0.03518175216991215
m3,C(ubigeo)[T.60804],-0.14975036681218395,0.0042439340943994045,9.716610748167636e-273,51862,0.03518175216991215
m3,C(ubigeo)[T.60805],-0.12941109036132575,0.0037082174162992097,7.844298598280663e-267,51862,0.03518175216991215
m3,C(ubigeo)[T.60806],-0.15511427839060676,0.004110868887437798,0.0,51862,0.03518175216991215
m3,C(ubigeo)[T.60807],-0.13078980346089464,0.00393529151675158,3.3514261634959315e-242,51862,0.03518175216991215
m3,C(ubigeo)[T.60808],-0.15718762261624186,0.004245860013788003,5.186196484819492e-300,51862,0.03518175216991215
m3,C(ubigeo)[T.60809],-0.14228437503953523,0.003737485465871199,0.0,51862,0.03518175216991215
m3,C(ubigeo)[T.60810],-0.12612792491590566,0.00371627756245494,1.753419905634941e-252,51862,0.03518175216991215
m3,C(ubigeo)[T.60811],-0.09039057604542275,0.003975947145062634,2.049836263579317e-114,51862,0.03518175216991215
m3,C(ubigeo)[T.60812],-0.12547204409534932,0.0032039440988115286,0.0,51862,0.03518175216991215
m3,C(ubigeo)[T.60902],-0.12948719849147558,0.004154126439246096,2.6559063749593385e-213,51862,0.03518175216991215
m3,C(ubigeo)[T.60903],-0.09487476743121233,0.0040918541633231,6.266704766993789e-119,51862,0.03518175216991215
m3,C(ubigeo)[T.60904],-0.0858924817675568,0.0035983522393391305,6.2861432281209e-126,51862,0.03518175216991215
m3,C(ubigeo)[T.60905],-0.013545482975541779,0.0037011003447994426,0.00025236003742220935,51862,0.03518175216991215
m3,C(ubigeo)[T.60906],-0.147300524681688,0.004469849016084508,3.677028869026335e-238,51862,0.03518175216991215
m3,C(ubigeo)[T.60907],0.015362045117138583,0.0032102429712080266,1.7071373916221355e-06,51862,0.03518175216991215
m3,C(ubigeo)[T.60908],0.06945230573976736,0.0028456382018532092,1.4559776832253278e-131,51862,0.03518175216991215
m3,C(ubigeo)[T.60909],-0.09683204341581977,0.0036882895304497622,6.448387384040443e-152,51862,0.03518175216991215
m3,C(ubigeo)[T.60910],-0.040342879949396164,0.003328563819183946,8.255114950370169e-34,51862,0.03518175216991215
m3,C(ubigeo)[T.60911],-0.053365486328337555,0.00343279676989008,1.69954087033366e-54,51862,0.03518175216991215
m3,C(ubigeo)[T.61002],-0.13690606603561217,0.003705445004504142,8.057941899119178e-299,51862,0.03518175216991215
m3,C(ubigeo)[T.61003],-0.15003562882279026,0.004003352662860574,2.1427083152243232e-307,51862,0.03518175216991215
m3,C(ubigeo)[T.61004],0.10449956456641951,0.004332956912213488,1.6429084043769104e-128,51862,0.03518175216991215
m3,C(ubigeo)[T.61005],-0.06466745062080516,0.00375945636541036,2.597431075558977e-66,51862,0.03518175216991215
m3,C(ubigeo)[T.61006],-0.15791310456955576,0.003933559301903951,0.0,51862,0.03518175216991215
m3,C(ubigeo)[T.61007],-0.1568657950406286,0.004087193255935101,0.0,51862,0.03518175216991215
m3,C(ubigeo)[T.61008],-0.15429738497272816,0.004382276557615141,1.435151280786999e-271,51862,0.03518175216991215
m3,C(ubigeo)[T.61009],-0.15740659624979583,0.004293110595406237,2.6462519754724552e-294,51862,0.03518175216991215
m3,C(ubigeo)[T.61010],-0.16320403433914285,0.004384946344541372,3.343060534022299e-303,51862,0.03518175216991215
m3,C(ubigeo)[T.61011],0.10915869431746524,0.0032644422714261513,3.7574437132641695e-245,51862,0.03518175216991215
m3,C(ubigeo)[T.61012],-0.0677125364166302,0.003300167874242655,1.4899103260229769e-93,51862,0.03518175216991215
m3,C(ubigeo)[T.61013],-0.12972059555030713,0.004028705920647923,1.8184377033475298e-227,51862,0.03518175216991215
m3,C(ubigeo)[T.61102],-0.15939000679265705,0.0047021415296079495,7.295218072327365e-252,51862,0.03518175216991215
m3,C(ubigeo)[T.61103],-0.16004634141913585,0.004318200608974857,1.1006646995503997e-300,51862,0.03518175216991215
m3,C(ubigeo)[T.61104],-0.10630313296691324,0.003976511947065775,1.9593240046430328e-157,51862,0.03518175216991215
m3,C(ubigeo)[T.61105],-0.1695688396132713,0.004394354491546694,0.0,51862,0.03518175216991215
m3,C(ubigeo)[T.61106],-0.18645810027670542,0.004731511849475923,0.0,51862,0.03518175216991215
m3,C(ubigeo)[T.61107],-0.1388819248485077,0.004314816544486196,2.664748943478376e-227,51862,0.03518175216991215
m3,C(ubigeo)[T.61202],-0.12076027524200096,0.003938356314385474,1.7947630314544153e-206,51862,0.03518175216991215
m3,C(ubigeo)[T.61203],-0.1260759849635053,0.004075758542305417,4.283711107349161e-210,51862,0.03518175216991215
m3,C(ubigeo)[T.61204],-0.14884475143933507,0.004275355393516972,1.4630283970488186e-265,51862,0.03518175216991215
m3,C(ubigeo)[T.61205],-0.1575515288712737,0.004532752893272145,1.032527400727773e-264,51862,0.03518175216991215
m3,C(ubigeo)[T.61206],-0.15202099486734366,0.004206059368787266,4.735609142830691e-286,51862,0.03518175216991215
m3,C(ubigeo)[T.61207],-0.06299694318328698,0.004022993371630894,2.8739483098712627e-55,51862,0.03518175216991215
m3,C(ubigeo)[T.61302],-0.1834889205795557,0.004729671265449312,0.0,51862,0.03518175216991215
m3,C(ubigeo)[T.61303],-0.14656163793413615,0.004155570275241509,1.7723485417635078e-272,51862,0.03518175216991215
m3,C(ubigeo)[T.61304],0.0587946777867235,0.004479510575743013,2.360154318095887e-39,51862,0.03518175216991215
m3,C(ubigeo)[T.70102],-0.1402995121171241,0.0032873567017245534,0.0,51862,0.03518175216991215
m3,C(ubigeo)[T.70103],-0.14707181880882653,0.002928610094084401,0.0,51862,0.03518175216991215
m3,C(ubigeo)[T.70104],-0.18801591080157032,0.0032883983793591336,0.0,51862,0.03518175216991215
m3,C(ubigeo)[T.70105],-0.19555731995741935,0.004377899196310695,0.0,51862,0.03518175216991215
m3,C(ubigeo)[T.70106],-0.19919686585315036,0.004780476026527828,0.0,51862,0.03518175216991215
m3,C(ubigeo)[T.70107],-0.16442428330329953,0.003310458229928109,0.0,51862,0.03518175216991215
m3,C(ubigeo)[T.70108],-0.20583780611981678,0.004855217382143674,0.0,51862,0.03518175216991215
m3,C(ubigeo)[T.70202],-0.15406951605768365,0.0027038486571194374,0.0,51862,0.03518175216991215
m3,C(ubigeo)[T.70203],-0.14495539130530993,0.00295542260728808,0.0,51862,0.03518175216991215
m3,C(ubigeo)[T.70204],-0.18439081624147036,0.003606962846605421,0.0,51862,0.03518175216991215
m3,C(ubigeo)[T.70205],-0.15369634347879857,0.0034554586480583507,0.0,51862,0.03518175216991215
m3,C(ubigeo)[T.70206],-0.08145116035341186,0.001874294420503442,0.0,51862,0.03518175216991215
m3,C(ubigeo)[T.70207],-0.05811731633586139,0.0015395535313810402,0.0,51862,0.03518175216991215
m3,C(ubigeo)[T.70302],-0.1822337070039719,0.003716466155668779,0.0,51862,0.03518175216991215
m3,C(ubigeo)[T.70303],-0.1673263728891633,0.0036883494414042405,0.0,51862,0.03518175216991215
m3,C(ubigeo)[T.70304],-0.15650227204112246,0.0029796840612973724,0.0,51862,0.03518175216991215
m3,C(ubigeo)[T.70305],-0.164008700780978,0.0037089321874946707,0.0,51862,0.03518175216991215
m3,C(ubigeo)[T.70306],-0.1668025816583435,0.0029257591576966565,0.0,51862,0.03518175216991215
m3,C(ubigeo)[T.70307],-0.15303497565438537,0.0026275205171685232,0.0,51862,0.03518175216991215
m3,C(ubigeo)[T.70308],-0.10157004918213533,0.0019238445267745557,0.0,51862,0.03518175216991215
m3,C(ubigeo)[T.70309],-0.14761685295932067,0.003329555898856226,0.0,51862,0.03518175216991215
m3,C(ubigeo)[T.70402],-0.1636231065779117,0.003644842462302375,0.0,51862,0.03518175216991215
m3,C(ubigeo)[T.70403],-0.15497913442515604,0.003490919302403076,0.0,51862,0.03518175216991215
m3,C(ubigeo)[T.70404],-0.16414648589476033,0.0037496305608000027,0.0,51862,0.03518175216991215
m3,C(ubigeo)[T.70405],-0.17701165276088418,0.003709610125697544,0.0,51862,0.03518175216991215
m3,C(ubigeo)[T.70406],-0.1267884413919,0.00394342902187495,8.328240376248182e-227,51862,0.03518175216991215
m3,C(ubigeo)[T.70407],-0.18072747697912736,0.0040429555705116015,0.0,51862,0.03518175216991215
m3,C(ubigeo)[T.70408],-0.1680964892569669,0.0038365712750835284,0.0,51862,0.03518175216991215
m3,C(ubigeo)[T.70502],-0.1469327671309861,0.003121718201289994,0.0,51862,0.03518175216991215
m3,C(ubigeo)[T.70503],-0.16485015823475258,0.002809231124586829,0.0,51862,0.03518175216991215
m3,C(ubigeo)[T.70504],-0.17133295559109743,0.0029675158893061934,0.0,51862,0.03518175216991215
m3,C(ubigeo)[T.70505],-0.17260884827418468,0.003603678128769165,0.0,51862,0.03518175216991215
m3,C(ubigeo)[T.70506],-0.135974310892978,0.0028662497494593973,0.0,51862,0.03518175216991215
m3,C(ubigeo)[T.70507],-0.10944533403664623,0.002804182286772459,0.0,51862,0.03518175216991215
m3,C(ubigeo)[T.70508],-0.09564162525409357,0.0026643656196184565,3.453552776307175e-282,51862,0.03518175216991215
m3,C(ubigeo)[T.70602],-0.15577700436225414,0.0028892246403457063,0.0,51862,0.03518175216991215
m3,C(ubigeo)[T.70603],-0.12800557631310155,0.0032625679475608267,0.0,51862,0.03518175216991215
m3,C(ubigeo)[T.70604],-0.18350494803947087,0.0041251043602988785,0.0,51862,0.03518175216991215
m3,C(ubigeo)[T.70605],-0.16859883078905893,0.0037054427912838893,0.0,51862,0.03518175216991215
m3,C(ubigeo)[T.70606],-0.16809537512036216,0.0033541146278597608,0.0,51862,0.03518175216991215
m3,C(ubigeo)[T.70607],-0.16009903306982173,0.0034869274948430957,0.0,51862,0.03518175216991215
m3,C(ubigeo)[T.70608],-0.14082616187153116,0.0025377598933172527,0.0,51862,0.03518175216991215
m3,C(ubigeo)[T.70702],-0.15998847807105088,0.0031570998274978784,0.0,51862,0.03518175216991215
m3,C(ubigeo)[T.70703],-0.17864172530618422,0.003820614071499628,0.0,51862,0.03518175216991215
m3,C(ubigeo)[T.70704],-0.15815724504345283,0.00283108628708595,0.0,51862,0.03518175216991215
m3,C(ubigeo)[T.70705],-0.16767727270482427,0.0036928671564893647,0.0,51862,0.03518175216991215
m3,C(ubigeo)[T.70706],-0.1709701923998997,0.0033942326588436607,0.0,51862,0.03518175216991215
m3,C(ubigeo)[T.70707],-0.14578359504653,0.0034922192744679926,0.0,51862,0.03518175216991215
m3,C(ubigeo)[T.70708],-0.1528820028898987,0.00409782602302993,1.2139737114924284e-304,51862,0.03518175216991215
m3,C(ubigeo)[T.70802],-0.1304320873716383,0.0030740401588277505,0.0,51862,0.03518175216991215
m3,C(ubigeo)[T.70803],-0.1657735607012548,0.004397418699982533,0.0,51862,0.03518175216991215
m3,C(ubigeo)[T.70804],-0.12928460394373645,0.003953134399561403,1.3554668944651126e-234,51862,0.03518175216991215
m3,C(ubigeo)[T.70805],-0.18568998188112076,0.004018883501244906,0.0,51862,0.03518175216991215
m3,C(ubigeo)[T.70806],-0.17781934182350514,0.0036146570571762575,0.0,51862,0.03518175216991215
m3,C(ubigeo)[T.70807],-0.14272753478255001,0.003081507503228817,0.0,51862,0.03518175216991215
m3,C(ubigeo)[T.70808],-0.09673447354183363,0.0030431323243415324,9.544837146482139e-222,51862,0.03518175216991215
m3,C(ubigeo)[T.70902],-0.19673296542494084,0.004416235580583976,0.0,51862,0.03518175216991215
m3,C(ubigeo)[T.70903],-0.19116130091742156,0.004193871544789704,0.0,51862,0.03518175216991215
m3,C(ubigeo)[T.70904],-0.16442217090352937,0.0035104991079814352,0.0,51862,0.03518175216991215
m3,C(ubigeo)[T.70905],-0.14896737989442257,0.003322008810507065,0.0,51862,0.03518175216991215
m3,C(ubigeo)[T.70906],-0.1635493395381253,0.00399711427495813,0.0,51862,0.03518175216991215
m3,C(ubigeo)[T.70907],-0.17850803039838134,0.004038219619618875,0.0,51862,0.03518175216991215
m3,C(ubigeo)[T.70908],-0.1677982385331523,0.003253417671036556,0.0,51862,0.03518175216991215
m3,C(ubigeo)[T.70909],-0.1669069783240316,0.0035744923714340843,0.0,51862,0.03518175216991215
m3,C(ubigeo)[T.70910],-0.1733104193459036,0.004329590261628541,0.0,51862,0.03518175216991215
m3,C(ubigeo)[T.70911],-0.013331669374492532,0.0029823289306549153,7.813881903119313e-06,51862,0.03518175216991215
m3,C(ubigeo)[T.70912],-0.08033350270487369,0.005248238911928969,6.891851214577246e-53,51862,0.03518175216991215
m3,C(ubigeo)[T.70913],-0.17965069858297386,0.0052901565558742675,8.853204744367183e-253,51862,0.03518175216991215
m3,C(ubigeo)[T.70915],-0.18614540114749148,0.00411324065437248,0.0,51862,0.03518175216991215
m3,C(ubigeo)[T.70916],-0.18491852137385548,0.004580319548375208,0.0,51862,0.03518175216991215
m3,C(ubigeo)[T.70917],0.0003912768735500477,0.0052869251501746605,0.9410037010185474,51862,0.03518175216991215
m3,C(ubigeo)[T.70918],0.6680221316809662,0.004115630662484236,0.0,51862,0.03518175216991215
m3,C(ubigeo)[T.70919],-0.09062571239094525,0.0035061736859569757,2.5979187600918115e-147,51862,0.03518175216991215
m3,C(ubigeo)[T.71002],-0.11197860724036098,0.0034053462686549243,3.8239986498267296e-237,51862,0.03518175216991215
m3,C(ubigeo)[T.71003],-0.14831526216652716,0.0032988178727416106,0.0,51862,0.03518175216991215
m3,C(ubigeo)[T.71004],-0.14682768419295725,0.003531994131049381,0.0,51862,0.03518175216991215
m3,C(ubigeo)[T.71005],-0.15850370644570907,0.00370317689367666,0.0,51862,0.03518175216991215
m3,C(ubigeo)[T.71006],-0.16302533987948337,0.0033733612069203733,0.0,51862,0.03518175216991215
m3,C(ubigeo)[T.71007],-0.14821200906539247,0.003525405692752918,0.0,51862,0.03518175216991215
m3,C(ubigeo)[T.71008],-0.13027645622225015,0.0030580522512251907,0.0,51862,0.03518175216991215
m3,C(ubigeo)[T.71009],-0.08364136049364063,0.0035074536093839185,1.094463295876245e-125,51862,0.03518175216991215
m3,C(ubigeo)[T.71102],-0.1299642085412527,0.003316072600115746,0.0,51862,0.03518175216991215
m3,C(ubigeo)[T.71103],-0.1669016772970421,0.0038159464721936143,0.0,51862,0.03518175216991215
m3,C(ubigeo)[T.71104],-0.1673310408166893,0.0037186947488445565,0.0,51862,0.03518175216991215
m3,C(ubigeo)[T.71105],-0.15712208563221386,0.003167101060861258,0.0,51862,0.03518175216991215
m3,C(ubigeo)[T.71106],-0.12302230001312525,0.003233814357703799,0.0,51862,0.03518175216991215
m3,C(ubigeo)[T.71202],-0.1680946037309038,0.003660879257123164,0.0,51862,0.03518175216991215
m3,C(ubigeo)[T.71203],-0.18677684959262378,0.004050564948305163,0.0,51862,0.03518175216991215
m3,C(ubigeo)[T.71204],-0.14119631367478336,0.003273790344481119,0.0,51862,0.03518175216991215
m3,C(ubigeo)[T.71205],-0.1708352021832945,0.0035543308989459802,0.0,51862,0.03518175216991215
m3,C(ubigeo)[T.71206],-0.13349295931681845,0.0034847258566579366,0.0,51862,0.03518175216991215
m3,C(ubigeo)[T.71207],-0.15802316776956807,0.0036240028898128266,0.0,51862,0.03518175216991215
m3,C(ubigeo)[T.71208],-0.14350456386625315,0.0032918444949673682,0.0,51862,0.03518175216991215
m3,C(ubigeo)[T.71209],-0.18448704534940652,0.004318682529530649,0.0,51862,0.03518175216991215
m3,C(ubigeo)[T.71210],-0.1374115041788853,0.003365047460562468,0.0,51862,0.03518175216991215
m3,C(ubigeo)[T.71211],-0.16139913015156915,0.003466407968714178,0.0,51862,0.03518175216991215
m3,C(ubigeo)[T.71212],-0.1734656238297424,0.003801764183055569,0.0,51862,0.03518175216991215
m3,C(ubigeo)[T.71302],-0.17480780625383166,0.003614385664439899,0.0,51862,0.03518175216991215
m3,C(ubigeo)[T.71303],-0.17059559492618695,0.003541277126676164,0.0,51862,0.03518175216991215
m3,C(ubigeo)[T.71304],-0.16597235966332335,0.0034423659001345855,0.0,51862,0.03518175216991215
m3,C(ubigeo)[T.71305],-0.18825268058126193,0.004119879450990446,0.0,51862,0.03518175216991215
m3,C(ubigeo)[T.71306],-0.17418732811743998,0.003931036547588826,0.0,51862,0.03518175216991215
m3,C(ubigeo)[T.71307],-0.10393323436900734,0.0026556637938224747,0.0,51862,0.03518175216991215
m3,C(ubigeo)[T.80102],-0.17160559565379352,0.002854794727034012,0.0,51862,0.03518175216991215
m3,C(ubigeo)[T.80103],-0.19234083840947483,0.004989679214122281,0.0,51862,0.03518175216991215
m3,C(ubigeo)[T.80104],-0.1336071736619419,0.001576047314942947,0.0,51862,0.03518175216991215
m3,C(ubigeo)[T.80105],-0.1710936842835488,0.0031750184303408033,0.0,51862,0.03518175216991215
m3,C(ubigeo)[T.80106],-0.0848711157671616,0.0015804826632435122,0.0,51862,0.03518175216991215
m3,C(ubigeo)[T.80108],-0.08713285487985481,0.0009740945651182624,0.0,51862,0.03518175216991215
m3,C(ubigeo)[T.80109],-0.14590410675089785,0.0020042511269258577,0.0,51862,0.03518175216991215
m3,C(ubigeo)[T.80110],-0.07101355604998645,0.0012557162659714313,0.0,51862,0.03518175216991215
m3,C(ubigeo)[T.80111],-0.16510213957661263,0.002309063398020844,0.0,51862,0.03518175216991215
m3,C(ubigeo)[T.80112],-0.09278429096734393,0.0009805671494417952,0.0,51862,0.03518175216991215
m3,C(ubigeo)[T.80113],-0.12319147823125771,0.0013503446216469605,0.0,51862,0.03518175216991215
m3,C(ubigeo)[T.80114],-0.16262509531170785,0.0025983842406796815,0.0,51862,0.03518175216991215
m3,C(ubigeo)[T.80115],-0.17053508884505444,0.0039038850700313355,0.0,51862,0.03518175216991215
m3,C(ubigeo)[T.80116],-0.07742608134886714,0.0012636224401435367,0.0,51862,0.03518175216991215
m3,C(ubigeo)[T.80117],-0.030764878695820255,0.002853478327284748,4.208006574538271e-27,51862,0.03518175216991215
m3,C(ubigeo)[T.80118],-0.12618278951307685,0.001404148101672695,0.0,51862,0.03518175216991215
m3,C(ubigeo)[T.80119],-0.17754428131347846,0.003956740692777395,0.0,51862,0.03518175216991215
m3,C(ubigeo)[T.80120],-0.17185321333270331,0.003222866638052828,0.0,51862,0.03518175216991215
m3,C(ubigeo)[T.80202],-0.09710248260405975,0.001005507697782491,0.0,51862,0.03518175216991215
m3,C(ubigeo)[T.80203],-0.10648108469287043,0.0010346264306099612,0.0,51862,0.03518175216991215
m3,C(ubigeo)[T.80204],-0.13320028218943614,0.0012183814685059258,0.0,51862,0.03518175216991215
m3,C(ubigeo)[T.80205],-0.13417524052810273,0.0011179118255676673,0.0,51862,0.03518175216991215
m3,C(ubigeo)[T.80206],-0.12761302430598884,0.0009247715645683967,0.0,51862,0.03518175216991215
m3,C(ubigeo)[T.80207],-0.11963664014364435,0.0010594829807016276,0.0,51862,0.03518175216991215
m3,C(ubigeo)[T.80208],-0.1324407646307476,0.0010482659729915008,0.0,51862,0.03518175216991215
m3,C(ubigeo)[T.80302],-0.13792267057813706,0.001860329444217813,0.0,51862,0.03518175216991215
m3,C(ubigeo)[T.80303],-0.09774171257406336,0.00109896235912018,0.0,51862,0.03518175216991215
m3,C(ubigeo)[T.80304],-0.15264556628599815,0.0019757994724078107,0.0,51862,0.03518175216991215
m3,C(ubigeo)[T.80305],-0.1442902278011791,0.0016078048454780257,0.0,51862,0.03518175216991215
m3,C(ubigeo)[T.80306],-0.10392621816102379,0.001344772400787689,0.0,51862,0.03518175216991215
m3,C(ubigeo)[T.80307],-0.0984552010569304,0.001053880402265709,0.0,51862,0.03518175216991215
m3,C(ubigeo)[T.80308],-0.07048675784506933,0.0011881713252876163,0.0,51862,0.03518175216991215
m3,C(ubigeo)[T.80309],-0.09935810297769783,0.0009193393656427101,0.0,51862,0.03518175216991215
m3,C(ubigeo)[T.80310],-0.05743895421750911,0.0006378622264556531,0.0,51862,0.03518175216991215
m3,C(ubigeo)[T.80311],-0.09333743019475808,0.0011468128497843656,0.0,51862,0.03518175216991215
m3,C(ubigeo)[T.80312],-0.13944744238348417,0.0017449975420308348,0.0,51862,0.03518175216991215
m3,C(ubigeo)[T.80402],-0.09714003115258711,0.0017617091701917238,0.0,51862,0.03518175216991215
m3,C(ubigeo)[T.80403],-0.15556824568893649,0.0030590252950327156,0.0,51862,0.03518175216991215
m3,C(ubigeo)[T.80405],-0.07588207597701464,0.001138690083091523,0.0,51862,0.03518175216991215
m3,C(ubigeo)[T.80406],-0.11825098029186219,0.0009140955734438912,0.0,51862,0.03518175216991215
m3,C(ubigeo)[T.80408],-0.10527801454982057,0.0008200957588348563,0.0,51862,0.03518175216991215
m3,C(ubigeo)[T.80409],-0.0979110733759141,0.0007521016228428477,0.0,51862,0.03518175216991215
m3,C(ubigeo)[T.80410],-0.06417709082358004,0.0008242275234205238,0.0,51862,0.03518175216991215
m3,C(ubigeo)[T.80414],-0.1502753054494895,0.0017731276809951875,0.0,51862,0.03518175216991215
m3,C(ubigeo)[T.80422],-0.08724115788291238,0.00067808519586561,0.0,51862,0.03518175216991215
m3,C(ubigeo)[T.80427],-0.14121336928799155,0.0019340367715231714,0.0,51862,0.03518175216991215
m3,C(ubigeo)[T.80428],-0.10739196917191378,0.001501333962811704,0.0,51862,0.03518175216991215
m3,C(ubigeo)[T.80429],-0.14680757056414542,0.001735431967972865,0.0,51862,0.03518175216991215
m3,C(ubigeo)[T.80502],-0.188450386798273,0.0030497351058891018,0.0,51862,0.03518175216991215
m3,C(ubigeo)[T.80503],-0.16991824983324147,0.0024614883167719775,0.0,51862,0.03518175216991215
m3,C(ubigeo)[T.80504],-0.1790165324189897,0.002525679072063375,0.0,51862,0.03518175216991215
m3,C(ubigeo)[T.80506],-0.1857895492281453,0.0037397319865607463,0.0,51862,0.03518175216991215
m3,C(ubigeo)[T.80509],-0.16897645119567173,0.002343307060615557,0.0,51862,0.03518175216991215
m3,C(ubigeo)[T.80511],-0.10677302943841206,0.0015928636289463853,0.0,51862,0.03518175216991215
m3,C(ubigeo)[T.80512],-0.16029244636506196,0.0023551494792180454,0.0,51862,0.03518175216991215
m3,C(ubigeo)[T.80515],-0.1677865001660574,0.0025374731900539883,0.0,51862,0.03518175216991215
m3,C(ubigeo)[T.80517],-0.18450954557892688,0.0029390523428737894,0.0,51862,0.03518175216991215
m3,C(ubigeo)[T.80518],-0.0005702482627495697,0.00046624421781830386,0.22130411118850923,51862,0.03518175216991215
m3,C(ubigeo)[T.80519],-0.17256944083681636,0.002701751055920705,0.0,51862,0.03518175216991215
m3,C(ubigeo)[T.80520],-0.13469593980075556,0.0023125128232589355,0.0,51862,0.03518175216991215
m3,C(ubigeo)[T.80523],-0.0731593630805202,0.0007400457496938024,0.0,51862,0.03518175216991215
m3,C(ubigeo)[T.80525],-0.12756724997863694,0.0016842952575952474,0.0,51862,0.03518175216991215
m3,C(ubigeo)[T.80526],-0.17278621463880556,0.0025223120972839926,0.0,51862,0.03518175216991215
m3,C(ubigeo)[T.80528],-0.11121013176290923,0.001993308146948058,0.0,51862,0.03518175216991215
m3,C(ubigeo)[T.80529],-0.04077756187044648,0.0031958644416371675,2.760448587306874e-37,51862,0.03518175216991215
m3,C(ubigeo)[T.80530],-0.11121013176294431,0.001993308146948283,0.0,51862,0.03518175216991215
m3,C(ubigeo)[T.80531],-0.14505130028913754,0.002362848170877892,0.0,51862,0.03518175216991215
m3,C(ubigeo)[T.80532],-0.15242625219635403,0.0019729523595297966,0.0,51862,0.03518175216991215
m3,C(ubigeo)[T.80534],-0.11121013176289202,0.001993308146949394,0.0,51862,0.03518175216991215
m3,C(ubigeo)[T.80601],-0.15898355728811756,0.002636947461885875,0.0,51862,0.03518175216991215
m3,C(ubigeo)[T.80602],0.1098884764226538,0.002431934897933767,0.0,51862,0.03518175216991215
m3,C(ubigeo)[T.80603],-0.01619452302177446,0.0014186513957580422,3.501470951593181e-30,51862,0.03518175216991215
m3,C(ubigeo)[T.80605],-0.08110550833414377,0.0014387440026796504,0.0,51862,0.03518175216991215
m3,C(ubigeo)[T.80606],-0.10430915517991661,0.001430050334199706,0.0,51862,0.03518175216991215
m3,C(ubigeo)[T.80607],-0.15434641039603433,0.003140194184887877,0.0,51862,0.03518175216991215
m3,C(ubigeo)[T.80608],-0.08033679161095365,0.0010828033998820314,0.0,51862,0.03518175216991215
m3,C(ubigeo)[T.80609],-0.07581865540623929,0.0007268263046183168,0.0,51862,0.03518175216991215
m3,C(ubigeo)[T.80610],-0.12796501503256297,0.0016754866298110023,0.0,51862,0.03518175216991215
m3,C(ubigeo)[T.80611],-0.08255103789781877,0.0008757177904872362,0.0,51862,0.03518175216991215
m3,C(ubigeo)[T.80612],-0.11639031498492772,0.0017410666999024774,0.0,51862,0.03518175216991215
m3,C(ubigeo)[T.80613],-0.13024031652994478,0.0022717292298955784,0.0,51862,0.03518175216991215
m3,C(ubigeo)[T.80614],-0.017822143332762084,0.0006227393314709238,3.904784517465772e-180,51862,0.03518175216991215
m3,C(ubigeo)[T.80615],-0.11954158911783279,0.0015401655786355095,0.0,51862,0.03518175216991215
m3,C(ubigeo)[T.80616],-0.08308377512100572,0.001136315639979559,0.0,51862,0.03518175216991215
m3,C(ubigeo)[T.80702],-0.14763181180129417,0.0010871559669227914,0.0,51862,0.03518175216991215
m3,C(ubigeo)[T.80703],-0.10178996615624426,0.0012945283740462817,0.0,51862,0.03518175216991215
m3,C(ubigeo)[T.80704],-0.13898183907787254,0.0012255707899598688,0.0,51862,0.03518175216991215
m3,C(ubigeo)[T.80705],-0.09930712615284026,0.0008767463104467314,0.0,51862,0.03518175216991215
m3,C(ubigeo)[T.80706],-0.13705058765534583,0.0012171718724863219,0.0,51862,0.03518175216991215
m3,C(ubigeo)[T.80707],-0.12680709193559045,0.0012332460183511716,0.0,51862,0.03518175216991215
m3,C(ubigeo)[T.80708],-0.10030955084666454,0.0015020077912099468,0.0,51862,0.03518175216991215
m3,C(ubigeo)[T.80709],-0.1660345956407792,0.001926437760614089,0.0,51862,0.03518175216991215
m3,C(ubigeo)[T.80710],-0.11615885193072908,0.001283382428602761,0.0,51862,0.03518175216991215
m3,C(ubigeo)[T.80711],-0.1434124815259608,0.0014799116675698254,0.0,51862,0.03518175216991215
m3,C(ubigeo)[T.90102],-0.21123787712411815,0.004787929423708207,0.0,51862,0.03518175216991215
m3,C(ubigeo)[T.90103],-0.20530049227782748,0.003960342872954005,0.0,51862,0.03518175216991215
m3,C(ubigeo)[T.90104],-0.19803792725388458,0.00390534247254587,0.0,51862,0.03518175216991215
m3,C(ubigeo)[T.90105],-0.18333394700641767,0.0027653486226324906,0.0,51862,0.03518175216991215
m3,C(ubigeo)[T.90106],-0.18992059293862099,0.003048896604865559,0.0,51862,0.03518175216991215
m3,C(ubigeo)[T.90107],-0.19318064194684997,0.003584279296987811,0.0,51862,0.03518175216991215
m3,C(ubigeo)[T.90108],-0.20327176485618834,0.003989258235086602,0.0,51862,0.03518175216991215
m3,C(ubigeo)[T.90109],-0.13652307031207286,0.002201867056528446,0.0,51862,0.03518175216991215
m3,C(ubigeo)[T.90110],-0.2135274838630069,0.005737547098307446,3.787260519624207e-303,51862,0.03518175216991215
m3,C(ubigeo)[T.90111],-0.2177629866369833,0.005197176901208174,0.0,51862,0.03518175216991215
m3,C(ubigeo)[T.90112],-0.12518111280148447,0.0016013071291839979,0.0,51862,0.03518175216991215
m3,C(ubigeo)[T.90113],-0.21990256906719835,0.00357856762717068,0.0,51862,0.03518175216991215
m3,C(ubigeo)[T.90202],-0.15274046339982789,0.0015068626303233184,0.0,51862,0.03518175216991215
m3,C(ubigeo)[T.90203],-0.1849930720709077,0.002969451095134685,0.0,51862,0.03518175216991215
m3,C(ubigeo)[T.90204],-0.19316817625016178,0.0030070648791998772,0.0,51862,0.03518175216991215
m3,C(ubigeo)[T.90205],-0.19263460426436982,0.0029699256528737026,0.0,51862,0.03518175216991215
m3,C(ubigeo)[T.90206],-0.17966493975876074,0.0035096882991229555,0.0,51862,0.03518175216991215
m3,C(ubigeo)[T.90207],-0.1988290075062384,0.004004370464801207,0.0,51862,0.03518175216991215
m3,C(ubigeo)[T.90208],-0.18519732260823654,0.0030161803506934177,0.0,51862,0.03518175216991215
m3,C(ubigeo)[T.90307],0.043053463455486565,0.002587359477898163,3.580760052171305e-62,51862,0.03518175216991215
m3,C(ubigeo)[T.90312],-0.12774743469862743,0.002112165805792469,0.0,51862,0.03518175216991215
m3,C(ubigeo)[T.90314],-0.16020253003223808,0.002096213691480378,0.0,51862,0.03518175216991215
m3,C(ubigeo)[T.90316],-0.11063634687329442,0.0017471553051539841,0.0,51862,0.03518175216991215
m3,C(ubigeo)[T.90317],-0.18006798254107528,0.0034561476657330864,0.0,51862,0.03518175216991215
m3,C(ubigeo)[T.90321],-0.14182109258308404,0.00196167055906686,0.0,51862,0.03518175216991215
m3,C(ubigeo)[T.90322],-0.1188816498209152,0.0020770346053129137,0.0,51862,0.03518175216991215
m3,C(ubigeo)[T.90323],-0.18297686826864684,0.0029613564208958495,0.0,51862,0.03518175216991215
m3,C(ubigeo)[T.90402],-0.16748044591846029,0.0033194478088008827,0.0,51862,0.03518175216991215
m3,C(ubigeo)[T.90403],-0.17755668173200512,0.0035934236159726523,0.0,51862,0.03518175216991215
m3,C(ubigeo)[T.90404],-0.194712874336144,0.0035652087247169707,0.0,51862,0.03518175216991215
m3,C(ubigeo)[T.90405],-0.12675858518910516,0.0021053858867097893,0.0,51862,0.03518175216991215
m3,C(ubigeo)[T.90406],-0.1830078680637037,0.002920916304551451,0.0,51862,0.03518175216991215
m3,C(ubigeo)[T.90407],-0.18678727660299976,0.0030164919049836935,0.0,51862,0.03518175216991215
m3,C(ubigeo)[T.90408],-0.12069508487154026,0.002104958903341742,0.0,51862,0.03518175216991215
m3,C(ubigeo)[T.90409],-0.170138386890966,0.0027470502293184805,0.0,51862,0.03518175216991215
m3,C(ubigeo)[T.90410],-0.11983797052102127,0.001679810007543493,0.0,51862,0.03518175216991215
m3,C(ubigeo)[T.90411],-0.16146498444791776,0.0025967847122847546,0.0,51862,0.03518175216991215
m3,C(ubigeo)[T.90502],-0.16327017958651918,0.002558316600619337,0.0,51862,0.03518175216991215
m3,C(ubigeo)[T.90505],-0.08076619953169904,0.0008714489200676331,0.0,51862,0.03518175216991215
m3,C(ubigeo)[T.90506],-0.19668104672932907,0.002972526985829119,0.0,51862,0.03518175216991215
m3,C(ubigeo)[T.90507],-0.1524262521964042,0.00197295235952834,0.0,51862,0.03518175216991215
m3,C(ubigeo)[T.90602],-0.20345145483760738,0.004668703360357835,0.0,51862,0.03518175216991215
m3,C(ubigeo)[T.90603],-0.18563719118468988,0.003295436948322491,0.0,51862,0.03518175216991215
m3,C(ubigeo)[T.90604],-0.21545331086247232,0.004912069296013156,0.0,51862,0.03518175216991215
m3,C(ubigeo)[T.90605],-0.1926954480404226,0.0038613220053941087,0.0,51862,0.03518175216991215
m3,C(ubigeo)[T.90606],-0.18237764378111518,0.004647921351444996,0.0,51862,0.03518175216991215
m3,C(ubigeo)[T.90607],-0.14419248444758173,0.002645924535589776,0.0,51862,0.03518175216991215
m3,C(ubigeo)[T.90608],-0.1972944866161215,0.0027893109406930557,0.0,51862,0.03518175216991215
m3,C(ubigeo)[T.90609],-0.17831846803241436,0.002560721984919306,0.0,51862,0.03518175216991215
m3,C(ubigeo)[T.90610],-0.19729448661615318,0.0027893109406938316,0.0,51862,0.03518175216991215
m3,C(ubigeo)[T.90702],-0.19102851001145985,0.0041833906151234335,0.0,51862,0.03518175216991215
m3,C(ubigeo)[T.90704],-0.17940680166583603,0.003571578305303652,0.0,51862,0.03518175216991215
m3,C(ubigeo)[T.90706],-0.17453850985296926,0.0031421739804382513,0.0,51862,0.03518175216991215
m3,C(ubigeo)[T.90801],-0.03175121066038243,0.0037684341949919807,3.5899457266241834e-17,51862,0.03518175216991215
m3,C(ubigeo)[T.90803],-0.15973435444646697,0.0025783217729638095,0.0,51862,0.03518175216991215
m3,C(ubigeo)[T.90804],-0.18761950300918223,0.003427463615124117,0.0,51862,0.03518175216991215
m3,C(ubigeo)[T.90805],-0.18903464055323327,0.003311336264718891,0.0,51862,0.03518175216991215
m3,C(ubigeo)[T.90902],-0.15757740488841676,0.002844903762954581,0.0,51862,0.03518175216991215
m3,C(ubigeo)[T.90903],-0.15960016447117792,0.0026365542940765844,0.0,51862,0.03518175216991215
m3,C(ubigeo)[T.90904],-0.14877750443546855,0.0025220586265538862,0.0,51862,0.03518175216991215
m3,C(ubigeo)[T.91002],-0.18585178232477512,0.0035377729591465207,0.0,51862,0.03518175216991215
m3,C(ubigeo)[T.91003],-0.17364051762096266,0.00322196790299225,0.0,51862,0.03518175216991215
m3,C(ubigeo)[T.91004],-0.12468787165826675,0.002557646235173121,0.0,51862,0.03518175216991215
m3,C(ubigeo)[T.91005],-0.12138335717274407,0.0020630150379273484,0.0,51862,0.03518175216991215
m3,C(ubigeo)[T.91006],-0.19604505846063813,0.004111939245896323,0.0,51862,0.03518175216991215
m3,C(ubigeo)[T.91007],-0.18863841412277552,0.003600552600268939,0.0,51862,0.03518175216991215
m3,C(ubigeo)[T.91102],-0.180518850582623,0.003048377815742321,0.0,51862,0.03518175216991215
m3,C(ubigeo)[T.91103],-0.14107913035882827,0.002393818856327791,0.0,51862,0.03518175216991215
m3,C(ubigeo)[T.91104],-0.1948455108277198,0.003896534038936087,0.0,51862,0.03518175216991215
m3,C(ubigeo)[T.91105],-0.19992116669524854,0.004066806485621832,0.0,51862,0.03518175216991215
m3,C(ubigeo)[T.91106],-0.20612755617833767,0.004324168138870606,0.0,51862,0.03518175216991215
m3,C(ubigeo)[T.91107],-0.14172430573974482,0.002363012882658597,0.0,51862,0.03518175216991215
m3,C(ubigeo)[T.91108],-0.19738418982706968,0.004185196733962099,0.0,51862,0.03518175216991215
m3,C(ubigeo)[T.100102],-0.17989959700893476,0.004087665914045684,0.0,51862,0.03518175216991215
m3,C(ubigeo)[T.100103],-0.1656678388768602,0.003859767957678115,0.0,51862,0.03518175216991215
m3,C(ubigeo)[T.100104],-0.18347799414044644,0.004156732559667332,0.0,51862,0.03518175216991215
m3,C(ubigeo)[T.100105],-0.13756689170464392,0.003540107854222652,0.0,51862,0.03518175216991215
m3,C(ubigeo)[T.100106],-0.17488908307802412,0.004036111657000707,0.0,51862,0.03518175216991215
m3,C(ubigeo)[T.100107],-0.14366856703245315,0.003852814660649906,2.4512327168133218e-304,51862,0.03518175216991215
m3,C(ubigeo)[T.100108],-0.16335459082146608,0.0038078911644792083,0.0,51862,0.03518175216991215
m3,C(ubigeo)[T.100109],-0.1844012607335787,0.00409378076813943,0.0,51862,0.03518175216991215
m3,C(ubigeo)[T.100110],-0.17688168637425195,0.003936031770744466,0.0,51862,0.03518175216991215
m3,C(ubigeo)[T.100111],-0.14028258836974025,0.0036481046980264085,0.0,51862,0.03518175216991215
m3,C(ubigeo)[T.100112],-0.16174080015368564,0.003882050938607141,0.0,51862,0.03518175216991215
m3,C(ubigeo)[T.100113],-0.17409499856613342,0.0038925942373055082,0.0,51862,0.03518175216991215
m3,C(ubigeo)[T.100114],-0.150918234488096,0.0037008332318899965,0.0,51862,0.03518175216991215
m3,C(ubigeo)[T.100202],-0.16952415502437845,0.00429835552548725,0.0,51862,0.03518175216991215
m3,C(ubigeo)[T.100203],-0.16609515100858074,0.003877820481815876,0.0,51862,0.03518175216991215
m3,C(ubigeo)[T.100204],-0.1628631042456265,0.003891717887397991,0.0,51862,0.03518175216991215
m3,C(ubigeo)[T.100205],-0.17665480463626898,0.004047437453821516,0.0,51862,0.03518175216991215
m3,C(ubigeo)[T.100206],-0.020846222886104847,0.00406522909618624,2.9294047831473385e-07,51862,0.03518175216991215
m3,C(ubigeo)[T.100207],-0.19117145406498548,0.004212158751394079,0.0,51862,0.03518175216991215
m3,C(ubigeo)[T.100208],-0.15863064685583464,0.0038580892261243097,0.0,51862,0.03518175216991215
m3,C(ubigeo)[T.100209],0.036078400858257205,0.004145189109668455,3.2129126471288718e-18,51862,0.03518175216991215
m3,C(ubigeo)[T.100210],-0.1951037595521285,0.00439839153918385,0.0,51862,0.03518175216991215
m3,C(ubigeo)[T.100211],-0.0895733498168898,0.004087065843911263,1.8164512433170015e-106,51862,0.03518175216991215
m3,C(ubigeo)[T.100302],-0.17462025430348332,0.0039056079925575116,0.0,51862,0.03518175216991215
m3,C(ubigeo)[T.100303],-0.1500478111408566,0.003761075034748213,0.0,51862,0.03518175216991215
m3,C(ubigeo)[T.100304],-0.1795730639035865,0.0040647576245645,0.0,51862,0.03518175216991215
m3,C(ubigeo)[T.100305],-0.17471819137103115,0.0040561109680629205,0.0,51862,0.03518175216991215
m3,C(ubigeo)[T.100402],-0.02824817552742378,0.003506460386491795,7.880761945267208e-16,51862,0.03518175216991215
m3,C(ubigeo)[T.100403],-0.14894652278161954,0.0040428889743155845,3.9854527776323545e-297,51862,0.03518175216991215
m3,C(ubigeo)[T.100404],-0.17244659765077586,0.00429227884368787,0.0,51862,0.03518175216991215
m3,C(ubigeo)[T.100405],-0.13851507516632017,0.004350740528904454,1.9841300292444496e-222,51862,0.03518175216991215
m3,C(ubigeo)[T.100406],-0.1713083083819121,0.00398884325478316,0.0,51862,0.03518175216991215
m3,C(ubigeo)[T.100407],-0.17373241258470493,0.0036913959801787824,0.0,51862,0.03518175216991215
m3,C(ubigeo)[T.100408],-0.17458695998042503,0.0039061816953893744,0.0,51862,0.03518175216991215
m3,C(ubigeo)[T.100502],-0.1425534262264025,0.0037047951761874824,0.0,51862,0.03518175216991215
m3,C(ubigeo)[T.100503],-0.12481112001156534,0.0035301549971558524,8.193282731735854e-274,51862,0.03518175216991215
m3,C(ubigeo)[T.100504],-0.11559976132566012,0.0033596758702727427,1.913694071790991e-259,51862,0.03518175216991215
m3,C(ubigeo)[T.100505],0.0012779318735252599,0.003959506880732733,0.7468843856742131,51862,0.03518175216991215
m3,C(ubigeo)[T.110103],-0.09387342108195638,0.0031963424075263378,1.3664807258160088e-189,51862,0.03518175216991215
m3,C(ubigeo)[T.110104],-0.14380913673291565,0.003779758769498511,0.0,51862,0.03518175216991215
m3,C(ubigeo)[T.110105],-0.15711937679864696,0.00378712354940487,0.0,51862,0.03518175216991215
m3,C(ubigeo)[T.110106],-0.1222248810258937,0.003226381997969515,0.0,51862,0.03518175216991215
m3,C(ubigeo)[T.110107],-0.09079339950349846,0.00308408976844981,1.7265539687062538e-190,51862,0.03518175216991215
m3,C(ubigeo)[T.110108],-0.21499880198238544,0.005750879003939077,6.752421775572665e-306,51862,0.03518175216991215
m3,C(ubigeo)[T.110109],-0.08255021064057726,0.002877948868471661,6.094335902468489e-181,51862,0.03518175216991215
m3,C(ubigeo)[T.110112],-0.16329479323491436,0.004135214152481076,0.0,51862,0.03518175216991215
m3,C(ubigeo)[T.110113],-0.21028824195210807,0.005980739914695716,7.9194702713077e-271,51862,0.03518175216991215
m3,C(ubigeo)[T.110114],-0.1661998934889656,0.004004169093686982,0.0,51862,0.03518175216991215
m3,C(ubigeo)[T.110116],-0.1774008379914012,0.004801671862521181,8.557693765036407e-299,51862,0.03518175216991215
m3,C(ubigeo)[T.110118],-0.18397958626268537,0.0043271007922680215,0.0,51862,0.03518175216991215
m3,C(ubigeo)[T.110119],-0.1365467906671929,0.004074875886041441,3.5123740168876053e-246,51862,0.03518175216991215
m3,C(ubigeo)[T.110120],0.09655051906883926,0.004322384148448389,1.6034702321133214e-110,51862,0.03518175216991215
m3,C(ubigeo)[T.110121],-0.13062359592643932,0.0033822038172637873,0.0,51862,0.03518175216991215
m3,C(ubigeo)[T.110122],-0.19625824313955578,0.0046570003873751,0.0,51862,0.03518175216991215
m3,C(ubigeo)[T.110123],-0.19613877301554833,0.00482202648170726,0.0,51862,0.03518175216991215
m3,C(ubigeo)[T.110124],-0.12187572207553896,0.0033363898027434936,3.812114390723188e-292,51862,0.03518175216991215
m3,C(ubigeo)[T.110125],-0.14443919963439272,0.0035816574800153662,0.0,51862,0.03518175216991215
m3,C(ubigeo)[T.110126],-0.17967277163771259,0.0038165021754177804,0.0,51862,0.03518175216991215
m3,C(ubigeo)[T.110127],-0.17891788079396376,0.004637772273092336,0.0,51862,0.03518175216991215
m3,C(ubigeo)[T.110128],-0.2002623555789339,0.00538806319945615,2.2631370312598535e-302,51862,0.03518175216991215
m3,C(ubigeo)[T.110131],-0.1826607451203483,0.0049147944621925005,2.4644650888599034e-302,51862,0.03518175216991215
m3,C(ubigeo)[T.110132],-0.18401325886778352,0.0040295435030666925,0.0,51862,0.03518175216991215
m3,C(ubigeo)[T.110133],-0.19965730939154808,0.005081023648022333,0.0,51862,0.03518175216991215
m3,C(ubigeo)[T.110134],-0.15762815898182558,0.0038220888457134077,0.0,51862,0.03518175216991215
m3,C(ubigeo)[T.110136],-0.13152765309474831,0.0038398761905585137,3.9220319429936506e-257,51862,0.03518175216991215
m3,C(ubigeo)[T.110202],-0.1708545749533149,0.004090605385899857,0.0,51862,0.03518175216991215
m3,C(ubigeo)[T.110203],-0.1875287866303815,0.004643791862078066,0.0,51862,0.03518175216991215
m3,C(ubigeo)[T.110204],-0.18777872308427593,0.004594525285488851,0.0,51862,0.03518175216991215
m3,C(ubigeo)[T.110205],-0.1343415293978148,0.0033106562095196134,0.0,51862,0.03518175216991215
m3,C(ubigeo)[T.110206],-0.15028510643712792,0.0035884163198560363,0.0,51862,0.03518175216991215
m3,C(ubigeo)[T.110207],-0.15440871346490412,0.0036489310128679318,0.0,51862,0.03518175216991215
m3,C(ubigeo)[T.110208],-0.11900985229846639,0.0031389980410665833,0.0,51862,0.03518175216991215
m3,C(ubigeo)[T.110209],-0.07002387576760277,0.003204144611966043,7.097127710749952e-106,51862,0.03518175216991215
m3,C(ubigeo)[T.110210],-0.1609567885020645,0.0043673427632832055,2.4657591265546877e-297,51862,0.03518175216991215
m3,C(ubigeo)[T.110211],-0.1365860942398654,0.0031164941963949533,0.0,51862,0.03518175216991215
m3,C(ubigeo)[T.110212],-0.12779503572097609,0.003409040023716648,1.494311855631693e-307,51862,0.03518175216991215
m3,C(ubigeo)[T.110213],-0.1832826862524338,0.004703223112256815,0.0,51862,0.03518175216991215
m3,C(ubigeo)[T.110214],-0.15373638358527178,0.004137535288970132,3.441188792850178e-302,51862,0.03518175216991215
m3,C(ubigeo)[T.110215],-0.14540700772916865,0.0031585557846720625,0.0,51862,0.03518175216991215
m3,C(ubigeo)[T.110302],-0.19012078257579568,0.004420443945141293,0.0,51862,0.03518175216991215
m3,C(ubigeo)[T.110303],-0.14688862424081875,0.004459266256882432,5.8658204984166836e-238,51862,0.03518175216991215
m3,C(ubigeo)[T.110304],-0.16241765098559252,0.003590731144676148,0.0,51862,0.03518175216991215
m3,C(ubigeo)[T.110305],-0.1535951827779787,0.003523367436197181,0.0,51862,0.03518175216991215
m3,C(ubigeo)[T.110306],-0.13954178487157798,0.004359995731299582,9.282058610864202e-225,51862,0.03518175216991215
m3,C(ubigeo)[T.110307],-0.16838813521714754,0.004052731764499947,0.0,51862,0.03518175216991215
m3,C(ubigeo)[T.110308],-0.1503385546397904,0.0038750299299646703,0.0,51862,0.03518175216991215
m3,C(ubigeo)[T.110309],-0.14660569569735077,0.004068933754698568,2.787011398014066e-284,51862,0.03518175216991215
m3,C(ubigeo)[T.110310],-0.10812499052052779,0.004083685250334667,1.769495758919526e-154,51862,0.03518175216991215
m3,C(ubigeo)[T.110311],-0.1237882323193162,0.003539073379004843,4.932468384512312e-268,51862,0.03518175216991215
m3,C(ubigeo)[T.110312],-0.11706350813494507,0.004215804969721818,1.0632814183000862e-169,51862,0.03518175216991215
m3,C(ubigeo)[T.110313],-0.1431956248177483,0.0035639226831150005,0.0,51862,0.03518175216991215
m3,C(ubigeo)[T.110314],-0.16756412277066618,0.0039258505983326124,0.0,51862,0.03518175216991215
m3,C(ubigeo)[T.110315],-0.15405993601802725,0.004326272474474902,9.699642545830083e-278,51862,0.03518175216991215
m3,C(ubigeo)[T.110316],-0.14887676648071735,0.0038778955267511728,0.0,51862,0.03518175216991215
m3,C(ubigeo)[T.110317],-0.10945833545705343,0.003911969725664068,2.8170601129617214e-172,51862,0.03518175216991215
m3,C(ubigeo)[T.110318],-0.10766976116549173,0.003163884056114174,7.78554181165792e-254,51862,0.03518175216991215
m3,C(ubigeo)[T.110319],-0.1448264085792433,0.003937473106943917,3.640185583891549e-296,51862,0.03518175216991215
m3,C(ubigeo)[T.110320],-0.17602451697140123,0.004176013940752169,0.0,51862,0.03518175216991215
m3,C(ubigeo)[T.110321],-0.15687576677347673,0.0044615520577864255,7.700904859023745e-271,51862,0.03518175216991215
m3,C(ubigeo)[T.110322],-0.1642091774010101,0.003932684540810275,0.0,51862,0.03518175216991215
m3,C(ubigeo)[T.110323],-0.15326184126847017,0.004244511606940491,1.6840422789423846e-285,51862,0.03518175216991215
m3,C(ubigeo)[T.110324],-0.15706739572322112,0.003924806489677709,0.0,51862,0.03518175216991215
m3,C(ubigeo)[T.110325],-0.12702659336356317,0.0034997315140078487,1.8643840444244582e-288,51862,0.03518175216991215
m3,C(ubigeo)[T.110326],-0.12518027910729257,0.0034371468909967146,2.067397319749008e-290,51862,0.03518175216991215
m3,C(ubigeo)[T.110327],-0.12096912913111119,0.003729700743406377,9.105685908466266e-231,51862,0.03518175216991215
m3,C(ubigeo)[T.110328],-0.17841817162604195,0.004682617369656044,0.0,51862,0.03518175216991215
m3,C(ubigeo)[T.110329],-0.11691633156836664,0.00414326256142372,3.4753731052539917e-175,51862,0.03518175216991215
m3,C(ubigeo)[T.110330],-0.12629306301056917,0.004092962707131888,4.6328632909321625e-209,51862,0.03518175216991215
m3,C(ubigeo)[T.110331],-0.15322522862445376,0.003757068245731402,0.0,51862,0.03518175216991215
m3,C(ubigeo)[T.110332],-0.08057181390111345,0.003226356975573441,1.201535888674187e-137,51862,0.03518175216991215
m3,C(ubigeo)[T.110333],-0.13985174027670697,0.004301393691349693,6.957312773662127e-232,51862,0.03518175216991215
m3,C(ubigeo)[T.110334],-0.19566553064813422,0.004542707332401868,0.0,51862,0.03518175216991215
m3,C(ubigeo)[T.110402],-0.15754615926847831,0.0041370321629952056,0.0,51862,0.03518175216991215
m3,C(ubigeo)[T.110403],-0.1503585708104712,0.004271178325060875,1.7948405397648121e-271,51862,0.03518175216991215
m3,C(ubigeo)[T.110404],-0.15717586542103273,0.004178766653775786,1.318936480568953e-309,51862,0.03518175216991215
m3,C(ubigeo)[T.110502],-0.1772947013495097,0.0038851941004794553,0.0,51862,0.03518175216991215
m3,C(ubigeo)[T.110503],-0.17672044734741973,0.003760404174459426,0.0,51862,0.03518175216991215
m3,C(ubigeo)[T.110504],-0.18569892825676382,0.00394305927510436,0.0,51862,0.03518175216991215
m3,C(ubigeo)[T.110505],-0.18117706728123714,0.0043918406574925874,0.0,51862,0.03518175216991215
m3,C(ubigeo)[T.110506],-0.17622837102237268,0.003782570172206043,0.0,51862,0.03518175216991215
m3,C(ubigeo)[T.110507],-0.15493832218043438,0.0035605017582729563,0.0,51862,0.03518175216991215
m3,C(ubigeo)[T.110508],-0.17882509090923984,0.0041635029078386735,0.0,51862,0.03518175216991215
m3,C(ubigeo)[T.110509],0.048444792116717324,0.0037972904790269813,2.8232229439160387e-37,51862,0.03518175216991215
m3,C(ubigeo)[T.110602],-0.11922455045785624,0.0033377776797206115,1.9523929200276735e-279,51862,0.03518175216991215
m3,C(ubigeo)[T.110603],-0.11352973945911378,0.0031442721456682267,1.7712240517228984e-285,51862,0.03518175216991215
m3,C(ubigeo)[T.110604],-0.1302465863821125,0.0034396256478583928,0.0,51862,0.03518175216991215
m3,C(ubigeo)[T.110605],-0.18864972474520939,0.004123158839375474,0.0,51862,0.03518175216991215
m3,C(ubigeo)[T.110606],-0.15029358661252903,0.0033898824284569703,0.0,51862,0.03518175216991215
m3,C(ubigeo)[T.110607],-0.0036777040378984287,0.002399321913768581,0.12532273607124814,51862,0.03518175216991215
m3,C(ubigeo)[T.110608],-0.15083161119723082,0.004772088179317641,2.954362984010727e-219,51862,0.03518175216991215
m3,C(ubigeo)[T.110609],-0.15434578873551516,0.0041069663767476505,4.317827408488787e-309,51862,0.03518175216991215
m3,C(ubigeo)[T.110610],-0.17783398409969145,0.004488436748504158,0.0,51862,0.03518175216991215
m3,C(ubigeo)[T.110702],-0.18093373533993523,0.004432066398439222,0.0,51862,0.03518175216991215
m3,C(ubigeo)[T.110703],-0.1745433063039032,0.004582513678383151,0.0,51862,0.03518175216991215
m3,C(ubigeo)[T.110704],-0.20368164057069274,0.0047795140620191905,0.0,51862,0.03518175216991215
m3,C(ubigeo)[T.110705],-0.16356485557415595,0.003691713668545747,0.0,51862,0.03518175216991215
m3,C(ubigeo)[T.110706],-0.20422794775447914,0.004905930525934587,0.0,51862,0.03518175216991215
m3,C(ubigeo)[T.110707],-0.1908931575861399,0.0044883062756815644,0.0,51862,0.03518175216991215
m3,C(ubigeo)[T.110708],-0.1687485344201364,0.004004682567067615,0.0,51862,0.03518175216991215
m3,C(ubigeo)[T.110709],-0.18553196126069454,0.004340077449140442,0.0,51862,0.03518175216991215
m3,C(ubigeo)[T.110802],-0.20184065356706973,0.004773673985878104,0.0,51862,0.03518175216991215
m3,C(ubigeo)[T.110803],-0.17442915828763192,0.004316820651947635,0.0,51862,0.03518175216991215
m3,C(ubigeo)[T.110804],-0.17629577827636708,0.004177040337876782,0.0,51862,0.03518175216991215
m3,C(ubigeo)[T.110805],-0.20778886869100477,0.005054849981504356,0.0,51862,0.03518175216991215
m3,C(ubigeo)[T.110806],-0.20585506244865392,0.00490086714766745,0.0,51862,0.03518175216991215
m3,C(ubigeo)[T.110902],-0.17129039096481685,0.004315154884193404,0.0,51862,0.03518175216991215
m3,C(ubigeo)[T.110903],-0.1490152851648035,0.0038146005637141856,0.0,51862,0.03518175216991215
m3,C(ubigeo)[T.110904],-0.16309431661484664,0.003869357586178948,0.0,51862,0.03518175216991215
m3,C(ubigeo)[T.110905],-0.18155325625652677,0.004403883615164965,0.0,51862,0.03518175216991215
m3,C(ubigeo)[T.110906],-0.16722971575894316,0.004041508742678142,0.0,51862,0.03518175216991215
m3,C(ubigeo)[T.110907],-0.16031848055845804,0.00385817930891414,0.0,51862,0.03518175216991215
m3,C(ubigeo)[T.110908],-0.1720072714462168,0.0040847772407843685,0.0,51862,0.03518175216991215
m3,C(ubigeo)[T.110909],-0.16891397786324955,0.003993985164668551,0.0,51862,0.03518175216991215
m3,C(ubigeo)[T.120102],-0.190037621428859,0.004100663202815062,0.0,51862,0.03518175216991215
m3,C(ubigeo)[T.120103],-0.1789939970623402,0.0035330718296331205,0.0,51862,0.03518175216991215
m3,C(ubigeo)[T.120104],-0.18354103538161243,0.004185397140822039,0.0,51862,0.03518175216991215
m3,C(ubigeo)[T.120105],-0.11501876790426549,0.002961300808660289,0.0,51862,0.03518175216991215
m3,C(ubigeo)[T.120106],-0.10396479717145739,0.00312382702236943,7.21705320174588e-243,51862,0.03518175216991215
m3,C(ubigeo)[T.120107],-0.1964285840566222,0.003918573450858173,0.0,51862,0.03518175216991215
m3,C(ubigeo)[T.120109],-0.15846495225876847,0.0032008979319207848,0.0,51862,0.03518175216991215
m3,C(ubigeo)[T.120110],-0.2012684240382974,0.004206680202620751,0.0,51862,0.03518175216991215
m3,C(ubigeo)[T.120111],-0.18461767154304687,0.0038996224534358958,0.0,51862,0.03518175216991215
m3,C(ubigeo)[T.120112],-0.17360797593081967,0.0035019078245949052,0.0,51862,0.03518175216991215
m3,C(ubigeo)[T.120202],-0.11599868515185495,0.002700615799201347,0.0,51862,0.03518175216991215
m3,C(ubigeo)[T.120203],-0.1117073591775553,0.0026871648047181755,0.0,51862,0.03518175216991215
m3,C(ubigeo)[T.120204],-0.06090664144049115,0.0023610780504229327,9.803269325719387e-147,51862,0.03518175216991215
m3,C(ubigeo)[T.120205],-0.014729678767042356,0.0018099032046649827,4.0060415705022576e-16,51862,0.03518175216991215
m3,C(ubigeo)[T.120206],-0.08828862094781173,0.0028755909391243476,5.226398432048901e-207,51862,0.03518175216991215
m3,C(ubigeo)[T.120302],-0.14287344550065054,0.002936692190244635,0.0,51862,0.03518175216991215
m3,C(ubigeo)[T.120303],0.06190659052417896,0.003405036079917,7.313552412790901e-74,51862,0.03518175216991215
m3,C(ubigeo)[T.120304],-0.14766714620678892,0.003145927880582363,0.0,51862,0.03518175216991215
m3,C(ubigeo)[T.120305],-0.13832837693147965,0.0030628870094367134,0.0,51862,0.03518175216991215
m3,C(ubigeo)[T.120306],-0.14231321786972728,0.0031531161315007192,0.0,51862,0.03518175216991215
m3,C(ubigeo)[T.120307],-0.156873827395516,0.0031880145232138913,0.0,51862,0.03518175216991215
m3,C(ubigeo)[T.120308],-0.1271550019876209,0.002917629857822732,0.0,51862,0.03518175216991215
m3,C(ubigeo)[T.120402],-0.16047325854301364,0.0031424618658197822,0.0,51862,0.03518175216991215
m3,C(ubigeo)[T.120403],-0.1446895054538505,0.0028389420565276668,0.0,51862,0.03518175216991215
m3,C(ubigeo)[T.120404],-0.12245001594802864,0.002749112533761551,0.0,51862,0.03518175216991215
m3,C(ubigeo)[T.120405],0.0082337677491777,0.001538190763206755,8.655991575419592e-08,51862,0.03518175216991215
m3,C(ubigeo)[T.120408],-0.03173806345158401,0.002532845613123121,5.0780047697905953e-36,51862,0.03518175216991215
m3,C(ubigeo)[T.120409],-0.16247746296754018,0.003295062353887226,0.0,51862,0.03518175216991215
m3,C(ubigeo)[T.120410],-0.15548232923927688,0.003259421372582899,0.0,51862,0.03518175216991215
m3,C(ubigeo)[T.120411],-0.09827743817348446,0.002475511455343775,0.0,51862,0.03518175216991215
m3,C(ubigeo)[T.120413],-0.10590836744847744,0.002541626069739801,0.0,51862,0.03518175216991215
m3,C(ubigeo)[T.120503],-0.17238053150516516,0.0032707322298269705,0.0,51862,0.03518175216991215
m3,C(ubigeo)[T.120504],-0.13366358132114053,0.002890403012260392,0.0,51862,0.03518175216991215
m3,C(ubigeo)[T.120506],-0.17689238893438838,0.003638221888490893,0.0,51862,0.03518175216991215
m3,C(ubigeo)[T.120508],-0.12766486564113458,0.0035283028298760573,1.1235920582990217e-286,51862,0.03518175216991215
m3,C(ubigeo)[T.120602],-0.15517761955453951,0.0036894626545339072,0.0,51862,0.03518175216991215
m3,C(ubigeo)[T.120603],-0.14066289907896506,0.0036596124629884722,0.0,51862,0.03518175216991215
m3,C(ubigeo)[T.120604],-0.10870999198962057,0.0037439914938434886,2.3217370996728284e-185,51862,0.03518175216991215
m3,C(ubigeo)[T.120605],-0.18256497200233396,0.003708708767014862,0.0,51862,0.03518175216991215
m3,C(ubigeo)[T.120606],-0.1569280349156858,0.003331555445229085,0.0,51862,0.03518175216991215
m3,C(ubigeo)[T.120607],-0.07044291226305434,0.0030409750908739525,1.0365268579783214e-118,51862,0.03518175216991215
m3,C(ubigeo)[T.120608],-0.19151751502447936,0.003860718864913129,0.0,51862,0.03518175216991215
m3,C(ubigeo)[T.120609],-0.08138275009149955,0.0031435859768460354,8.971909981232872e-148,51862,0.03518175216991215
m3,C(ubigeo)[T.120610],-0.07980589120881454,0.003234094256587649,1.9157315051136786e-134,51862,0.03518175216991215
m3,C(ubigeo)[T.120611],-0.097185635528398,0.0033005398174219295,1.4428337241963466e-190,51862,0.03518175216991215
m3,C(ubigeo)[T.120612],-0.12289876651296885,0.0036118731546013454,9.09259707180295e-254,51862,0.03518175216991215
m3,C(ubigeo)[T.120613],-0.13585195012853044,0.0035093700570639347,0.0,51862,0.03518175216991215
m3,C(ubigeo)[T.120702],-0.14366494529522186,0.0032939856630750594,0.0,51862,0.03518175216991215
m3,C(ubigeo)[T.120703],-0.057890080999425594,0.003575299294878236,5.773614122275574e-59,51862,0.03518175216991215
m3,C(ubigeo)[T.120704],0.022856734190218386,0.0033981651200839062,1.741525782890034e-11,51862,0.03518175216991215
m3,C(ubigeo)[T.120705],-0.17930253198735943,0.00351785760768552,0.0,51862,0.03518175216991215
m3,C(ubigeo)[T.120706],-0.16717539672683673,0.003210186693865306,0.0,51862,0.03518175216991215
m3,C(ubigeo)[T.120707],-0.1738267172023149,0.0036013816212031122,0.0,51862,0.03518175216991215
m3,C(ubigeo)[T.120708],-0.17795154077635092,0.0038195643941708146,0.0,51862,0.03518175216991215
m3,C(ubigeo)[T.120802],-0.15851203727728794,0.003390633033132712,0.0,51862,0.03518175216991215
m3,C(ubigeo)[T.120803],-0.17392075933444823,0.0037520427158465857,0.0,51862,0.03518175216991215
m3,C(ubigeo)[T.120804],-0.16994480523073197,0.004168933843363332,0.0,51862,0.03518175216991215
m3,C(ubigeo)[T.120805],-0.08726721269421762,0.003536947119452054,2.0833718374590216e-134,51862,0.03518175216991215
m3,C(ubigeo)[T.120806],-0.14662939421202908,0.0032500339909646635,0.0,51862,0.03518175216991215
m3,C(ubigeo)[T.120807],-0.14918359697438283,0.0032708989351978635,0.0,51862,0.03518175216991215
m3,C(ubigeo)[T.120808],-0.1879364668907823,0.004624763257231239,0.0,51862,0.03518175216991215
m3,C(ubigeo)[T.120902],-0.11367598149320074,0.003646889722089704,2.6621118513873988e-213,51862,0.03518175216991215
m3,C(ubigeo)[T.120903],-0.14188860473013326,0.003987488706873157,2.5260485359305847e-277,51862,0.03518175216991215
m3,C(ubigeo)[T.121002],-0.15241548602386137,0.0033938463000297383,0.0,51862,0.03518175216991215
m3,C(ubigeo)[T.121003],-0.15589623963847846,0.003385888484162442,0.0,51862,0.03518175216991215
m3,C(ubigeo)[T.121004],-0.1457080229811441,0.003066471801918066,0.0,51862,0.03518175216991215
m3,C(ubigeo)[T.121102],-0.17644560143292232,0.0036912670689694706,0.0,51862,0.03518175216991215
m3,C(ubigeo)[T.121103],-0.17812785839966103,0.0034990159846154762,0.0,51862,0.03518175216991215
m3,C(ubigeo)[T.121104],-0.18665904210448603,0.0039660873522567135,0.0,51862,0.03518175216991215
m3,C(ubigeo)[T.121202],-0.17141855533188133,0.0035265813937446024,0.0,51862,0.03518175216991215
m3,C(ubigeo)[T.121203],-0.13653507203909912,0.0032742661424908412,0.0,51862,0.03518175216991215
m3,C(ubigeo)[T.130102],-0.1712784418368362,0.004110441761132436,0.0,51862,0.03518175216991215
m3,C(ubigeo)[T.130103],-0.12341080786186351,0.0031605829086184803,0.0,51862,0.03518175216991215
m3,C(ubigeo)[T.130104],-0.13142164695031175,0.003218619483679794,0.0,51862,0.03518175216991215
m3,C(ubigeo)[T.130105],-0.17832226847580093,0.003954512257659594,0.0,51862,0.03518175216991215
m3,C(ubigeo)[T.130106],-0.18034359552363724,0.004403754011356566,0.0,51862,0.03518175216991215
m3,C(ubigeo)[T.130107],-0.148533450486714,0.0035608014256953177,0.0,51862,0.03518175216991215
m3,C(ubigeo)[T.130108],-0.1503684569646989,0.003613430780738489,0.0,51862,0.03518175216991215
m3,C(ubigeo)[T.130109],-0.12145136773971782,0.004203556231280828,1.4820184499436663e-183,51862,0.03518175216991215
m3,C(ubigeo)[T.130110],-0.18999260437674959,0.004275847774444453,0.0,51862,0.03518175216991215
m3,C(ubigeo)[T.130111],-0.16920535724458477,0.003985859296907783,0.0,51862,0.03518175216991215
m3,C(ubigeo)[T.130112],-0.21470755537896238,0.004762876512768267,0.0,51862,0.03518175216991215
m3,C(ubigeo)[T.130113],-0.15743754786836928,0.004369785213304418,2.9765740006016996e-284,51862,0.03518175216991215
m3,C(ubigeo)[T.130114],-0.1459416135567706,0.0034227655591099857,0.0,51862,0.03518175216991215
m3,C(ubigeo)[T.130115],-0.17930687141949378,0.003958939165277849,0.0,51862,0.03518175216991215
m3,C(ubigeo)[T.130116],-0.17411290862091655,0.0036221005161592382,0.0,51862,0.03518175216991215
m3,C(ubigeo)[T.130117],-0.17316807707916737,0.003470010609847796,0.0,51862,0.03518175216991215
m3,C(ubigeo)[T.130118],-0.2017463853949001,0.004405125706566115,0.0,51862,0.03518175216991215
m3,C(ubigeo)[T.130119],-0.17752731783090964,0.004403668559456241,0.0,51862,0.03518175216991215
m3,C(ubigeo)[T.130120],-0.18229484131743323,0.004123128531181069,0.0,51862,0.03518175216991215
m3,C(ubigeo)[T.130202],-0.193784411062686,0.00428336513306139,0.0,51862,0.03518175216991215
m3,C(ubigeo)[T.130203],-0.16139902920915405,0.0039166221043229555,0.0,51862,0.03518175216991215
m3,C(ubigeo)[T.130204],-0.17817067435963813,0.004141138488760075,0.0,51862,0.03518175216991215
m3,C(ubigeo)[T.130205],-0.16561000876293036,0.0038183356088673636,0.0,51862,0.03518175216991215
m3,C(ubigeo)[T.130206],-0.12635063442788239,0.003679601042799459,2.117697632075652e-258,51862,0.03518175216991215
m3,C(ubigeo)[T.130302],-0.017299092314065047,0.003487223519646383,7.023725613888638e-07,51862,0.03518175216991215
m3,C(ubigeo)[T.130303],-0.013290511586358932,0.00397919914305602,0.0008377941725516447,51862,0.03518175216991215
m3,C(ubigeo)[T.130304],-0.17161633545409177,0.003631762091318955,0.0,51862,0.03518175216991215
m3,C(ubigeo)[T.130305],-0.18707323351566144,0.003874482989683632,0.0,51862,0.03518175216991215
m3,C(ubigeo)[T.130306],-0.12281163716624724,0.004357699505725621,9.535282933947672e-175,51862,0.03518175216991215
m3,C(ubigeo)[T.130307],-0.16473916133973848,0.003933081696917466,0.0,51862,0.03518175216991215
m3,C(ubigeo)[T.130308],-0.19275543341500037,0.003995576329032901,0.0,51862,0.03518175216991215
m3,C(ubigeo)[T.130309],-0.15006511155097085,0.003893403484534086,0.0,51862,0.03518175216991215
m3,C(ubigeo)[T.130310],-0.1824243730080166,0.0038165222711824356,0.0,51862,0.03518175216991215
m3,C(ubigeo)[T.130311],-0.17033016637032652,0.004488668420681846,0.0,51862,0.03518175216991215
m3,C(ubigeo)[T.130312],-0.103923985973733,0.0039052266625203913,4.995053609451205e-156,51862,0.03518175216991215
m3,C(ubigeo)[T.140102],-0.18482285043831514,0.004549379585293014,0.0,51862,0.03518175216991215
m3,C(ubigeo)[T.140103],-0.202428495443055,0.004891531542269754,0.0,51862,0.03518175216991215
m3,C(ubigeo)[T.140104],-0.2054378751358852,0.00496040872935468,0.0,51862,0.03518175216991215
m3,C(ubigeo)[T.140105],-0.2101699620615316,0.0052383768394522615,0.0,51862,0.03518175216991215
m3,C(ubigeo)[T.140106],-0.20999903461089175,0.005195797249388503,0.0,51862,0.03518175216991215
m3,C(ubigeo)[T.140107],-0.1958603765182174,0.004745442222894081,0.0,51862,0.03518175216991215
m3,C(ubigeo)[T.140108],-0.20852663769062896,0.005091531397279539,0.0,51862,0.03518175216991215
m3,C(ubigeo)[T.140109],-0.2035624670720303,0.004909200677291264,0.0,51862,0.03518175216991215
m3,C(ubigeo)[T.140110],-0.197877206581247,0.00478391412970771,0.0,51862,0.03518175216991215
m3,C(ubigeo)[T.140111],-0.19384936168516279,0.004684582547084002,0.0,51862,0.03518175216991215
m3,C(ubigeo)[T.140112],-0.2015668851670419,0.004819556447179998,0.0,51862,0.03518175216991215
m3,C(ubigeo)[T.140113],-0.1818269139203895,0.004566122855527182,0.0,51862,0.03518175216991215
m3,C(ubigeo)[T.140114],-0.17705642497995164,0.0045105352893272934,0.0,51862,0.03518175216991215
m3,C(ubigeo)[T.140115],-0.18472025687767027,0.0045910556492392346,0.0,51862,0.03518175216991215
m3,C(ubigeo)[T.140116],-0.19183048946799705,0.0046961092225428075,0.0,51862,0.03518175216991215
m3,C(ubigeo)[T.140117],-0.18539104460401704,0.004628293866537106,0.0,51862,0.03518175216991215
m3,C(ubigeo)[T.140118],-0.16929191519135903,0.004618877114649531,4.224337241104651e-294,51862,0.03518175216991215
m3,C(ubigeo)[T.140119],-0.20007629756183126,0.004850900463277278,0.0,51862,0.03518175216991215
m3,C(ubigeo)[T.140120],-0.1556384714671117,0.004390618697011369,3.118497712418993e-275,51862,0.03518175216991215
m3,C(ubigeo)[T.140121],-0.1823228997261205,0.004584898393425218,0.0,51862,0.03518175216991215
m3,C(ubigeo)[T.140122],-0.20473767495025177,0.004994709103582429,0.0,51862,0.03518175216991215
m3,C(ubigeo)[T.140123],-0.1469760246980678,0.004343207411065675,5.0180689686009995e-251,51862,0.03518175216991215
m3,C(ubigeo)[T.140124],-0.1878455429963756,0.0046224486918026355,0.0,51862,0.03518175216991215
m3,C(ubigeo)[T.140125],-0.20275186680615212,0.004839867105480652,0.0,51862,0.03518175216991215
m3,C(ubigeo)[T.140126],-0.2070351156573818,0.005081911607732939,0.0,51862,0.03518175216991215
m3,C(ubigeo)[T.140127],-0.18461038996151372,0.004570466423197892,0.0,51862,0.03518175216991215
m3,C(ubigeo)[T.140128],0.022736997024439907,0.004363375333675054,1.8795355069895277e-07,51862,0.03518175216991215
m3,C(ubigeo)[T.140129],-0.18472025687763835,0.0045910556492403404,0.0,51862,0.03518175216991215
m3,C(ubigeo)[T.140130],-0.19848732831012597,0.00485108559995188,0.0,51862,0.03518175216991215
m3,C(ubigeo)[T.140131],-0.19171189966618152,0.004625606776601257,0.0,51862,0.03518175216991215
m3,C(ubigeo)[T.140132],-0.20758668368204367,0.005123534130705094,0.0,51862,0.03518175216991215
m3,C(ubigeo)[T.140133],-0.18797579105996834,0.004679031568030373,0.0,51862,0.03518175216991215
m3,C(ubigeo)[T.140134],-0.20020549035206042,0.004852599285347803,0.0,51862,0.03518175216991215
m3,C(ubigeo)[T.140135],-0.19366219495742013,0.004686752179604348,0.0,51862,0.03518175216991215
m3,C(ubigeo)[T.140136],-0.20966210998366624,0.005151573622867139,0.0,51862,0.03518175216991215
m3,C(ubigeo)[T.140137],-0.21211163003630237,0.005277488475171655,0.0,51862,0.03518175216991215
m3,C(ubigeo)[T.140138],-0.20356246707200581,0.004909200677290047,0.0,51862,0.03518175216991215
m3,C(ubigeo)[T.140139],-0.14322542202435087,0.004326209528644404,2.400339533589958e-240,51862,0.03518175216991215
m3,C(ubigeo)[T.140140],-0.19452812391490265,0.004468534100693701,0.0,51862,0.03518175216991215
m3,C(ubigeo)[T.140141],-0.20625623832011092,0.004995563957444339,0.0,51862,0.03518175216991215
m3,C(ubigeo)[T.140142],-0.20996313045373913,0.005141652245516384,0.0,51862,0.03518175216991215
m3,C(ubigeo)[T.140143],-0.20790467461016776,0.005073997414688928,0.0,51862,0.03518175216991215
m3,C(ubigeo)[T.140205],-0.07223531066205739,0.0035569923093919332,1.0931957086579463e-91,51862,0.03518175216991215
m3,C(ubigeo)[T.140206],-0.15421003864811053,0.00363220395589282,0.0,51862,0.03518175216991215
m3,C(ubigeo)[T.140207],-0.13398432475298777,0.0035461841326089156,0.0,51862,0.03518175216991215
m3,C(ubigeo)[T.140208],-0.10009258910409839,0.0035392570823311533,5.973852926267728e-176,51862,0.03518175216991215
m3,C(ubigeo)[T.140302],-0.1435306631702146,0.003915751365772495,3.85238168746639e-294,51862,0.03518175216991215
m3,C(ubigeo)[T.140303],0.18270302562915577,0.003274254133171628,0.0,51862,0.03518175216991215
m3,C(ubigeo)[T.140304],-0.12894937307983806,0.003395435422151734,0.0,51862,0.03518175216991215
m3,C(ubigeo)[T.140305],-0.14231350483848593,0.0037642640759138284,0.0,51862,0.03518175216991215
m3,C(ubigeo)[T.140306],-0.1113684717839657,0.0035847223083008703,6.614786404631085e-212,51862,0.03518175216991215
m3,C(ubigeo)[T.140307],-0.15685303427220043,0.003822747924376427,0.0,51862,0.03518175216991215
m3,C(ubigeo)[T.140402],-0.16242455261567082,0.003922122203614838,0.0,51862,0.03518175216991215
m3,C(ubigeo)[T.140403],-0.14354158828693991,0.003804624437415744,0.0,51862,0.03518175216991215
m3,C(ubigeo)[T.140404],-0.11287386626797291,0.0034649668432555395,9.047971760468561e-233,51862,0.03518175216991215
m3,C(ubigeo)[T.140405],-0.19732423512592523,0.0045315615951028775,0.0,51862,0.03518175216991215
m3,C(ubigeo)[T.140406],-0.19853421371751487,0.004629312722371456,0.0,51862,0.03518175216991215
m3,C(ubigeo)[T.140407],-0.1703884100940577,0.0038870740314950717,0.0,51862,0.03518175216991215
m3,C(ubigeo)[T.140408],-0.19145995272375477,0.0042881286399759615,0.0,51862,0.03518175216991215
m3,C(ubigeo)[T.140409],-0.18689185597780744,0.004273636589157674,0.0,51862,0.03518175216991215
m3,C(ubigeo)[T.140410],-0.16672518685672158,0.004100622165525225,0.0,51862,0.03518175216991215
m3,C(ubigeo)[T.140411],-0.1766285671127062,0.004143891393136575,0.0,51862,0.03518175216991215
m3,C(ubigeo)[T.140412],-0.14317117286442269,0.003522696748096627,0.0,51862,0.03518175216991215
m3,C(ubigeo)[T.140413],-0.19146252786726015,0.004366355115850023,0.0,51862,0.03518175216991215
m3,C(ubigeo)[T.140414],-0.10585112149695652,0.003449259549124904,8.21156025605138e-207,51862,0.03518175216991215
m3,C(ubigeo)[T.140415],-0.13541028146659995,0.0036801365523661065,2.227135326249226e-296,51862,0.03518175216991215
m3,C(ubigeo)[T.140416],-0.20627866430529926,0.004829831876274752,0.0,51862,0.03518175216991215
m3,C(ubigeo)[T.140502],-0.15210836938209404,0.004028482780074196,0.0,51862,0.03518175216991215
m3,C(ubigeo)[T.140504],-0.1772198547647081,0.004091773227860924,0.0,51862,0.03518175216991215
m3,C(ubigeo)[T.140505],-0.10692644069114465,0.0036386770402279675,8.272726137501458e-190,51862,0.03518175216991215
m3,C(ubigeo)[T.140506],-0.20790980102451803,0.004925032489407434,0.0,51862,0.03518175216991215
m3,C(ubigeo)[T.140507],-0.2002147880665174,0.004727350997910044,0.0,51862,0.03518175216991215
m3,C(ubigeo)[T.140508],-0.0568243628104737,0.0042855539383148695,3.974627459044133e-40,51862,0.03518175216991215
m3,C(ubigeo)[T.140509],0.06240465716901957,0.004041416557895777,8.636490300496021e-54,51862,0.03518175216991215
m3,C(ubigeo)[T.140511],-0.1691332305131084,0.0040494488048439204,0.0,51862,0.03518175216991215
m3,C(ubigeo)[T.140512],-0.21130043621467656,0.005240945561750811,0.0,51862,0.03518175216991215
m3,C(ubigeo)[T.140513],-0.18804696404660964,0.004464564318686384,0.0,51862,0.03518175216991215
m3,C(ubigeo)[T.140516],-0.20253998407739204,0.004668009535644457,0.0,51862,0.03518175216991215
m3,C(ubigeo)[T.140602],-0.1497301798556188,0.0035783025087018786,0.0,51862,0.03518175216991215
m3,C(ubigeo)[T.140603],-0.008728275203060909,0.003139292767817745,0.005430339925705346,51862,0.03518175216991215
m3,C(ubigeo)[T.140604],-0.07511293793568566,0.003394486923447313,1.7024802560228516e-108,51862,0.03518175216991215
m3,C(ubigeo)[T.140605],-0.13649578360210377,0.0033896514194634506,0.0,51862,0.03518175216991215
m3,C(ubigeo)[T.140606],-0.0065385299599212965,0.0039046394958823136,0.09402175727469761,51862,0.03518175216991215
m3,C(ubigeo)[T.140607],0.056551146050352934,0.00416194381366325,4.738868420548061e-42,51862,0.03518175216991215
m3,C(ubigeo)[T.140608],-0.08298730830910883,0.003496808226728832,1.6737726364099658e-124,51862,0.03518175216991215
m3,C(ubigeo)[T.140609],0.11497609820294595,0.0037517478521826597,2.986916473735794e-206,51862,0.03518175216991215
m3,C(ubigeo)[T.140610],-0.0745822370424652,0.0033005831633810315,4.67155726578407e-113,51862,0.03518175216991215
m3,C(ubigeo)[T.140611],-0.15441677705963125,0.003596636821175005,0.0,51862,0.03518175216991215
m3,C(ubigeo)[T.140612],-0.08849942218998222,0.003502565760274024,7.361987562322265e-141,51862,0.03518175216991215
m3,C(ubigeo)[T.140613],-0.15411424088602482,0.0038053171503496745,0.0,51862,0.03518175216991215
m3,C(ubigeo)[T.140614],-0.11678922444183332,0.0031332819113420404,4.3673722233341075e-304,51862,0.03518175216991215
m3,C(ubigeo)[T.140615],-0.19391082879535823,0.004211768307223189,0.0,51862,0.03518175216991215
m3,C(ubigeo)[T.140616],-0.12840728952233313,0.003387023902668658,0.0,51862,0.03518175216991215
m3,C(ubigeo)[T.140617],-0.15809734226844857,0.003862170450957556,0.0,51862,0.03518175216991215
m3,C(ubigeo)[T.140618],-0.07064119245948527,0.0029375507331509064,8.833943342657452e-128,51862,0.03518175216991215
m3,C(ubigeo)[T.140619],-0.06899941024744648,0.003293576115780564,1.8884256292312234e-97,51862,0.03518175216991215
m3,C(ubigeo)[T.140620],-0.09621385357220566,0.0034897737875139436,2.532427348931256e-167,51862,0.03518175216991215
m3,C(ubigeo)[T.140621],-0.16192218646083348,0.00358673129646513,0.0,51862,0.03518175216991215
m3,C(ubigeo)[T.140622],-0.15137741760561843,0.003738176361401329,0.0,51862,0.03518175216991215
m3,C(ubigeo)[T.140623],-0.006414659820525692,0.0025708131620992562,0.01258907330593545,51862,0.03518175216991215
m3,C(ubigeo)[T.140624],-0.1381611988573416,0.0035725675541840736,0.0,51862,0.03518175216991215
m3,C(ubigeo)[T.140625],-0.16498886718392636,0.0038447087532032854,0.0,51862,0.03518175216991215
m3,C(ubigeo)[T.140626],-0.0364344649751773,0.0030848988613294418,3.44152016060106e-32,51862,0.03518175216991215
m3,C(ubigeo)[T.140627],0.010842384504234776,0.0031071814326596634,0.0004839979639537439,51862,0.03518175216991215
m3,C(ubigeo)[T.140628],-0.0768490196161016,0.0031999727232770543,1.9144072061917876e-127,51862,0.03518175216991215
m3,C(ubigeo)[T.140629],-0.15305770241260488,0.003804199121319472,0.0,51862,0.03518175216991215
m3,C(ubigeo)[T.140630],-0.053642725893503974,0.0033006287646956435,2.1522772032784526e-59,51862,0.03518175216991215
m3,C(ubigeo)[T.140631],-0.03158156067705311,0.002869963924341738,3.648746112448838e-28,51862,0.03518175216991215
m3,C(ubigeo)[T.140632],-0.13770388522403942,0.003849359802401786,2.8847616090610837e-280,51862,0.03518175216991215
m3,C(ubigeo)[T.140702],-0.040686362701555734,0.0036472562572133394,6.743888849491972e-29,51862,0.03518175216991215
m3,C(ubigeo)[T.140703],-0.1848872399992767,0.004345739010394066,0.0,51862,0.03518175216991215
m3,C(ubigeo)[T.140704],-0.12282091150318547,0.003710193566425943,2.634234007010936e-240,51862,0.03518175216991215
m3,C(ubigeo)[T.140705],-0.16144688379690297,0.003919808538069257,0.0,51862,0.03518175216991215
m3,C(ubigeo)[T.140706],-0.11107542646768517,0.0035681818783016993,9.634083704477816e-213,51862,0.03518175216991215
m3,C(ubigeo)[T.140707],-0.1287334056270519,0.004044859440413454,2.79053151962731e-222,51862,0.03518175216991215
m3,C(ubigeo)[T.140708],-0.026867171336061972,0.003625068086184819,1.248841987240633e-13,51862,0.03518175216991215
m3,C(ubigeo)[T.140709],-0.18524635266952344,0.004355697494675997,0.0,51862,0.03518175216991215
m3,C(ubigeo)[T.140710],-0.16168424337661838,0.003963920104246484,0.0,51862,0.03518175216991215
m3,C(ubigeo)[T.140711],-0.12334561689500495,0.0036016154570854917,4.783763535638627e-257,51862,0.03518175216991215
m3,C(ubigeo)[T.140712],-0.10718854407494371,0.0035627256043795573,7.363658786535431e-199,51862,0.03518175216991215
m3,C(ubigeo)[T.140713],0.06937981364201551,0.003756907768064798,3.78791342493347e-76,51862,0.03518175216991215
m3,C(ubigeo)[T.140714],-0.13178351074608347,0.003776902531906373,9.846471296634764e-267,51862,0.03518175216991215
m3,C(ubigeo)[T.140715],-0.07963379281987838,0.0031498655044470874,5.0844737933304485e-141,51862,0.03518175216991215
m3,C(ubigeo)[T.140716],-0.05991684782884393,0.003243600659146691,3.44899926859053e-76,51862,0.03518175216991215
m3,C(ubigeo)[T.140717],-0.11282699230166249,0.0039761133808566,3.977251500282301e-177,51862,0.03518175216991215
m3,C(ubigeo)[T.140718],-0.06833252137499024,0.0033042196215910045,5.202809748898356e-95,51862,0.03518175216991215
m3,C(ubigeo)[T.140719],-0.09996110872066771,0.003449927218969809,1.3653481867737274e-184,51862,0.03518175216991215
m3,C(ubigeo)[T.140720],-0.13728811359572135,0.0036437007608045944,0.0,51862,0.03518175216991215
m3,C(ubigeo)[T.140721],-0.023437394377619457,0.003272768093714511,7.989412674039215e-13,51862,0.03518175216991215
m3,C(ubigeo)[T.140722],0.1304086130696829,0.002817699294953891,0.0,51862,0.03518175216991215
m3,C(ubigeo)[T.140723],0.01229388214363903,0.00215818977189227,1.2237360319201684e-08,51862,0.03518175216991215
m3,C(ubigeo)[T.140724],-0.09992621559404444,0.0034681065029724917,1.4784396556454308e-182,51862,0.03518175216991215
m3,C(ubigeo)[T.140725],-0.10650502824185182,0.003313362462504458,1.0681371913054735e-226,51862,0.03518175216991215
m3,C(ubigeo)[T.140726],-0.12160404003101397,0.0034530099265258902,1.1053065496842878e-271,51862,0.03518175216991215
m3,C(ubigeo)[T.140727],-0.018360020278497362,0.003190908585623695,8.723180006112866e-09,51862,0.03518175216991215
m3,C(ubigeo)[T.140728],-0.1950637450148203,0.004463573600219611,0.0,51862,0.03518175216991215
m3,C(ubigeo)[T.140729],-0.0898729517717851,0.0036213926135192716,5.841850054723506e-136,51862,0.03518175216991215
m3,C(ubigeo)[T.140730],-0.1131757100003036,0.003819375367238845,5.786868346666328e-193,51862,0.03518175216991215
m3,C(ubigeo)[T.140731],-0.16168424337661624,0.003963920104247417,0.0,51862,0.03518175216991215
m3,C(ubigeo)[T.140732],-0.12613222255566336,0.0038127622293153566,5.46884765317126e-240,51862,0.03518175216991215
m3,C(ubigeo)[T.140733],-0.16231516697332168,0.00406527203470143,0.0,51862,0.03518175216991215
m3,C(ubigeo)[T.140802],-0.1200479502231011,0.0038150756290641925,2.4786760034295324e-217,51862,0.03518175216991215
m3,C(ubigeo)[T.140803],-0.04227462315609992,0.003136642712812331,2.1169796588552078e-41,51862,0.03518175216991215
m3,C(ubigeo)[T.140804],-0.19911554433774956,0.004447252099154221,0.0,51862,0.03518175216991215
m3,C(ubigeo)[T.140805],-0.19377146618455332,0.0043423258906101795,0.0,51862,0.03518175216991215
m3,C(ubigeo)[T.140806],0.005702327243312905,0.0039995894985235154,0.15394683436385045,51862,0.03518175216991215
m3,C(ubigeo)[T.140807],-0.13737012981111854,0.00372337518404369,5.771327712761832e-298,51862,0.03518175216991215
m3,C(ubigeo)[T.140808],-0.1315820968539423,0.003811457815940143,3.6528164230507154e-261,51862,0.03518175216991215
m3,C(ubigeo)[T.140809],-0.0877976586460745,0.0034967010845375675,3.995008931164182e-139,51862,0.03518175216991215
m3,C(ubigeo)[T.140810],-0.0905027131523986,0.003154632598185784,5.259074123351826e-181,51862,0.03518175216991215
m3,C(ubigeo)[T.140811],-0.14615273577762272,0.00386465325923072,0.0,51862,0.03518175216991215
m3,C(ubigeo)[T.140812],0.11130929408606148,0.00366704247599048,2.227025837159893e-202,51862,0.03518175216991215
m3,C(ubigeo)[T.140902],-0.22878984621080664,0.005149477258273884,0.0,51862,0.03518175216991215
m3,C(ubigeo)[T.140903],-0.19917382518704657,0.004572534707466143,0.0,51862,0.03518175216991215
m3,C(ubigeo)[T.140904],-0.21135610869790042,0.004939629276420893,0.0,51862,0.03518175216991215
m3,C(ubigeo)[T.140905],-0.194401504827611,0.004591696504854191,0.0,51862,0.03518175216991215
m3,C(ubigeo)[T.141002],-0.10452207252940818,0.004187455403298756,1.631783804842886e-137,51862,0.03518175216991215
m3,C(ubigeo)[T.141003],-0.0044049328704300825,0.0027790047350965195,0.11294913634141253,51862,0.03518175216991215
m3,C(ubigeo)[T.141004],-0.07786186067404491,0.004093590049634875,1.155226047113923e-80,51862,0.03518175216991215
m3,C(ubigeo)[T.141005],-0.17450279861012447,0.003919146755920328,0.0,51862,0.03518175216991215
m3,C(ubigeo)[T.141006],-0.14553143551534903,0.003900849903155601,1.2346835967866155e-304,51862,0.03518175216991215
m3,C(ubigeo)[T.150102],-0.15954360661917344,0.0034951212193286866,0.0,51862,0.03518175216991215
m3,C(ubigeo)[T.150103],-0.18164160238431745,0.0030573690956801373,0.0,51862,0.03518175216991215
m3,C(ubigeo)[T.150104],-0.12294878468258144,0.0015536063975639478,0.0,51862,0.03518175216991215
m3,C(ubigeo)[T.150105],-0.12996244575039617,0.0025938628986862775,0.0,51862,0.03518175216991215
m3,C(ubigeo)[T.150106],-0.17944685599374843,0.0030122010438348996,0.0,51862,0.03518175216991215
m3,C(ubigeo)[T.150107],-0.17415828550590734,0.0037070389112950045,0.0,51862,0.03518175216991215
m3,C(ubigeo)[T.150108],-0.13062347211572878,0.0015580240051049435,0.0,51862,0.03518175216991215
m3,C(ubigeo)[T.150110],-0.1823919928931136,0.0038945182244529823,0.0,51862,0.03518175216991215
m3,C(ubigeo)[T.150111],-0.20591337240304586,0.004792026679982803,0.0,51862,0.03518175216991215
m3,C(ubigeo)[T.150112],-0.21453308167622645,0.0046994332408237015,0.0,51862,0.03518175216991215
m3,C(ubigeo)[T.150113],-0.20782890093686698,0.004609536721908029,0.0,51862,0.03518175216991215
m3,C(ubigeo)[T.150114],-0.10577252925310289,0.0015675992337493597,0.0,51862,0.03518175216991215
m3,C(ubigeo)[T.150202],-0.19469043464697097,0.004260038844746016,0.0,51862,0.03518175216991215
m3,C(ubigeo)[T.150205],-0.15778428813588052,0.003208672759145339,0.0,51862,0.03518175216991215
m3,C(ubigeo)[T.150206],-0.19046370829184842,0.003646987682708958,0.0,51862,0.03518175216991215
m3,C(ubigeo)[T.150210],-0.16058622008306764,0.0030618156917731737,0.0,51862,0.03518175216991215
m3,C(ubigeo)[T.150211],-0.1434325040942257,0.002666523706060254,0.0,51862,0.03518175216991215
m3,C(ubigeo)[T.150302],-0.08019502640120556,0.0037256943480499316,9.110714288896813e-103,51862,0.03518175216991215
m3,C(ubigeo)[T.150303],-0.18154441954002737,0.0031671643813715043,0.0,51862,0.03518175216991215
m3,C(ubigeo)[T.150304],-0.20286641919078263,0.0036808346126836165,0.0,51862,0.03518175216991215
m3,C(ubigeo)[T.150305],-0.17782393919009265,0.003047533067429022,0.0,51862,0.03518175216991215
m3,C(ubigeo)[T.150402],-0.14333626337864636,0.0018388936229808703,0.0,51862,0.03518175216991215
m3,C(ubigeo)[T.150403],-0.11209794509866358,0.0017443935242215881,0.0,51862,0.03518175216991215
m3,C(ubigeo)[T.150404],-0.10942888236265996,0.0024973248497583565,0.0,51862,0.03518175216991215
m3,C(ubigeo)[T.150405],-0.19192641076868194,0.0030978501509116947,0.0,51862,0.03518175216991215
m3,C(ubigeo)[T.150406],-0.14692548531151733,0.001916919757158462,0.0,51862,0.03518175216991215
m3,C(ubigeo)[T.150407],-0.18163483349116596,0.003028955144370356,0.0,51862,0.03518175216991215
m3,C(ubigeo)[T.150408],-0.059138228353748164,0.0011547589764529815,0.0,51862,0.03518175216991215
m3,C(ubigeo)[T.150409],-0.08290957004814276,0.0010842020204658842,0.0,51862,0.03518175216991215
m3,C(ubigeo)[T.150410],-0.16227173481878274,0.0023771970592597136,0.0,51862,0.03518175216991215
m3,C(ubigeo)[T.150411],-0.17494976041270033,0.0026122361660831876,0.0,51862,0.03518175216991215
m3,C(ubigeo)[T.150502],-0.15138238701223622,0.002274500181026068,0.0,51862,0.03518175216991215
m3,C(ubigeo)[T.150503],-0.14445154505006857,0.0020724913436719486,0.0,51862,0.03518175216991215
m3,C(ubigeo)[T.150504],-0.17642863475260656,0.002663317764615812,0.0,51862,0.03518175216991215
m3,C(ubigeo)[T.150505],-0.05439946190790109,0.0035213813087683647,7.742305555138418e-54,51862,0.03518175216991215
m3,C(ubigeo)[T.150506],-0.11344547527612603,0.002215785290488544,0.0,51862,0.03518175216991215
m3,C(ubigeo)[T.150602],-0.1847838290390627,0.003410756919970327,0.0,51862,0.03518175216991215
m3,C(ubigeo)[T.150603],-0.15877114764259068,0.002580215231127059,0.0,51862,0.03518175216991215
m3,C(ubigeo)[T.150604],-0.12366422962656018,0.0025913844102781894,0.0,51862,0.03518175216991215
m3,C(ubigeo)[T.150702],-0.18001508029498325,0.0029293045359032833,0.0,51862,0.03518175216991215
m3,C(ubigeo)[T.150703],-0.17701782364232302,0.0028774187352290453,0.0,51862,0.03518175216991215
m3,C(ubigeo)[T.150704],-0.1720531002474423,0.0029980389639130125,0.0,51862,0.03518175216991215
m3,C(ubigeo)[T.150705],-0.19267999523538265,0.0034495305096127974,0.0,51862,0.03518175216991215
m3,C(ubigeo)[T.150706],-0.14219277888273843,0.002288808750684077,0.0,51862,0.03518175216991215
m3,C(ubigeo)[T.150902],-0.0916992321928731,0.003080069036630375,9.054479553317227e-195,51862,0.03518175216991215
m3,C(ubigeo)[T.150903],-0.10199144187888362,0.0018152094930090925,0.0,51862,0.03518175216991215
m3,C(ubigeo)[T.150904],-0.09169923219281584,0.003080069036631104,9.054479560234686e-195,51862,0.03518175216991215
m3,C(ubigeo)[T.160102],-0.13687369074703204,0.0033049155234390172,0.0,51862,0.03518175216991215
m3,C(ubigeo)[T.160103],-0.19995519861277586,0.004139652237715167,0.0,51862,0.03518175216991215
m3,C(ubigeo)[T.160104],-0.16751845001128363,0.0028037124225691597,0.0,51862,0.03518175216991215
m3,C(ubigeo)[T.160202],-0.13286931140690617,0.001829320510421825,0.0,51862,0.03518175216991215
m3,C(ubigeo)[T.160203],-0.17520778584629393,0.0030325253645766834,0.0,51862,0.03518175216991215
m3,C(ubigeo)[T.160204],-0.17900315477892764,0.0031644402802553516,0.0,51862,0.03518175216991215
m3,C(ubigeo)[T.160302],-0.14808576379884006,0.0019031613241993646,0.0,51862,0.03518175216991215
m3,C(ubigeo)[T.160303],-0.13841608385315232,0.001691110394899356,0.0,51862,0.03518175216991215
m3,C(ubigeo)[T.170102],-0.1061770657676658,0.002970392177871683,7.873833607070546e-280,51862,0.03518175216991215
m3,C(ubigeo)[T.170103],-0.08473535193006967,0.0024083195129234085,3.459982923514348e-271,51862,0.03518175216991215
m3,C(ubigeo)[T.170104],-0.08744081064397276,0.003236974180972042,1.0361231453379279e-160,51862,0.03518175216991215
m3,C(ubigeo)[T.170105],-0.13692495609185393,0.0030237581832829514,0.0,51862,0.03518175216991215
m3,C(ubigeo)[T.170106],-0.10877004039420929,0.004231552119190382,1.040342854818184e-145,51862,0.03518175216991215
m3,C(ubigeo)[T.170107],-0.12772494894994713,0.005235823990683817,1.9594951314283364e-131,51862,0.03518175216991215
m3,C(ubigeo)[T.170202],-0.14741886599196888,0.003926484151034248,1.7160887795376403e-308,51862,0.03518175216991215
m3,C(ubigeo)[T.170203],-0.0621808920331086,0.003094346553698694,8.161557335409842e-90,51862,0.03518175216991215
m3,C(ubigeo)[T.170204],-0.1703929912564897,0.004256613881928038,0.0,51862,0.03518175216991215
m3,C(ubigeo)[T.170205],-0.13564116831807707,0.00388850500898017,1.3649425877965607e-266,51862,0.03518175216991215
m3,C(ubigeo)[T.170206],-0.10836625444341633,0.003685583812351895,5.066449722869309e-190,51862,0.03518175216991215
m3,C(ubigeo)[T.170207],-0.07884970648214282,0.003595248219993717,1.2965547287059658e-106,51862,0.03518175216991215
m3,C(ubigeo)[T.170208],-0.17153846229169725,0.004090974428651055,0.0,51862,0.03518175216991215
m3,C(ubigeo)[T.170209],0.1889016521777007,0.004354666467107474,0.0,51862,0.03518175216991215
m3,C(ubigeo)[T.170210],-0.14080701703025583,0.004218210454591788,2.6089637796996692e-244,51862,0.03518175216991215
m3,C(ubigeo)[T.170211],-0.1388794800832414,0.004049858470969555,1.0176487919070389e-257,51862,0.03518175216991215
m3,C(ubigeo)[T.170302],-0.14782062545050387,0.0029441192349984125,0.0,51862,0.03518175216991215
m3,C(ubigeo)[T.170303],-0.14812033737565522,0.004061509410285608,3.403951916807481e-291,51862,0.03518175216991215
m3,C(ubigeo)[T.180103],-0.1282168308243073,0.004066517910524819,3.3840828666894316e-218,51862,0.03518175216991215
m3,C(ubigeo)[T.180104],-0.15889362478008875,0.004157941065931588,0.0,51862,0.03518175216991215
m3,C(ubigeo)[T.180105],-0.15054102480033524,0.004001377788672233,9.28739433502455e-310,51862,0.03518175216991215
m3,C(ubigeo)[T.180106],-0.1265883438569363,0.0035319740640215435,2.5694002630140888e-281,51862,0.03518175216991215
m3,C(ubigeo)[T.180107],-0.15199432016976464,0.0037095215846461617,0.0,51862,0.03518175216991215
m3,C(ubigeo)[T.180108],-0.14618941775714517,0.003437797926296582,0.0,51862,0.03518175216991215
m3,C(ubigeo)[T.180109],-0.17477339310806927,0.004580151943917582,0.0,51862,0.03518175216991215
m3,C(ubigeo)[T.180110],-0.1727106933821542,0.0037117020778986236,0.0,51862,0.03518175216991215
m3,C(ubigeo)[T.180111],-0.1373231119439315,0.0033835623935011255,0.0,51862,0.03518175216991215
m3,C(ubigeo)[T.180112],-0.14527113261990243,0.0035541697468543312,0.0,51862,0.03518175216991215
m3,C(ubigeo)[T.180113],-0.1539339897465649,0.0040312917387077575,0.0,51862,0.03518175216991215
m3,C(ubigeo)[T.180114],-0.1979981482284869,0.004728262116975676,0.0,51862,0.03518175216991215
m3,C(ubigeo)[T.180202],-0.1239396764112943,0.0037467438679076926,5.898283251359065e-240,51862,0.03518175216991215
m3,C(ubigeo)[T.180203],-0.14893392626563642,0.0034990303011265514,0.0,51862,0.03518175216991215
m3,C(ubigeo)[T.180204],-0.11915319531726576,0.0029741459834175927,0.0,51862,0.03518175216991215
m3,C(ubigeo)[T.180205],-0.0749084579734199,0.003482625306245205,1.2770818819120259e-102,51862,0.03518175216991215
m3,C(ubigeo)[T.180206],-0.16811379714184244,0.004155595192409388,0.0,51862,0.03518175216991215
m3,C(ubigeo)[T.180207],-0.15233191765662182,0.0034422118338167185,0.0,51862,0.03518175216991215
m3,C(ubigeo)[T.180208],-0.12286072891564753,0.00393966574938438,1.6718143637293785e-213,51862,0.03518175216991215
m3,C(ubigeo)[T.180302],-0.1634848367949181,0.004272601980479642,0.0,51862,0.03518175216991215
m3,C(ubigeo)[T.180303],-0.15337816064367324,0.004032398748654776,0.0,51862,0.03518175216991215
m3,C(ubigeo)[T.180304],-0.18010046401818292,0.0039589738502506305,0.0,51862,0.03518175216991215
m3,C(ubigeo)[T.180305],-0.1739117864026362,0.0038694781585383287,0.0,51862,0.03518175216991215
m3,C(ubigeo)[T.180306],-0.10868510014086173,0.004001012159589662,1.7115256679462965e-162,51862,0.03518175216991215
m3,C(ubigeo)[T.180307],-0.15342766161461546,0.004143233186276649,3.6451904302837e-300,51862,0.03518175216991215
m3,C(ubigeo)[T.180308],-0.18774824399038398,0.004177408077790033,0.0,51862,0.03518175216991215
m3,C(ubigeo)[T.190103],-0.214471892490267,0.0048968184282517455,0.0,51862,0.03518175216991215
m3,C(ubigeo)[T.190104],-0.20223935214363592,0.004503067838570025,0.0,51862,0.03518175216991215
m3,C(ubigeo)[T.190105],-0.15860657344210682,0.0041002635790062265,0.0,51862,0.03518175216991215
m3,C(ubigeo)[T.190106],-0.18179700104512855,0.004366691366088686,0.0,51862,0.03518175216991215
m3,C(ubigeo)[T.190107],-0.1672715002648857,0.003795754718218189,0.0,51862,0.03518175216991215
m3,C(ubigeo)[T.190109],-0.19712514934621855,0.004059001008171525,0.0,51862,0.03518175216991215
m3,C(ubigeo)[T.190113],-0.18656412670915265,0.0036365764716551397,0.0,51862,0.03518175216991215
m3,C(ubigeo)[T.190114],-0.0790337797208228,0.0026756880808411856,9.437424311700873e-192,51862,0.03518175216991215
m3,C(ubigeo)[T.190115],-0.2459575980849171,0.005525707408980423,0.0,51862,0.03518175216991215
m3,C(ubigeo)[T.190202],-0.11839367775858499,0.002975341934279059,0.0,51862,0.03518175216991215
m3,C(ubigeo)[T.190203],-0.040831806781588716,0.0031086992818256196,2.083380929411946e-39,51862,0.03518175216991215
m3,C(ubigeo)[T.190204],-0.09586026145961841,0.0038830108652653347,1.4715926867865507e-134,51862,0.03518175216991215
m3,C(ubigeo)[T.190205],-0.07164211476755136,0.0033287313222274983,9.616658346276642e-103,51862,0.03518175216991215
m3,C(ubigeo)[T.190206],-0.17426995064994702,0.003496255247409265,0.0,51862,0.03518175216991215
m3,C(ubigeo)[T.190207],-0.09569800129878261,0.0030716838955965556,4.353459426325151e-213,51862,0.03518175216991215
m3,C(ubigeo)[T.190208],-0.1639918951023106,0.003212202878677601,0.0,51862,0.03518175216991215
m3,C(ubigeo)[T.190209],-0.04105855981733424,0.0030193927257573987,4.099390303853814e-42,51862,0.03518175216991215
m3,C(ubigeo)[T.190210],-0.13627823022960978,0.0036327080625236994,5.400125019077462e-308,51862,0.03518175216991215
m3,C(ubigeo)[T.190302],-0.15675683514369917,0.0031437526085280705,0.0,51862,0.03518175216991215
m3,C(ubigeo)[T.190303],-0.1634059928015803,0.0037733390930389326,0.0,51862,0.03518175216991215
m3,C(ubigeo)[T.190304],-0.1404879197448685,0.003308516488648782,0.0,51862,0.03518175216991215
m3,C(ubigeo)[T.190305],-0.14612974032571185,0.0036547434801374916,0.0,51862,0.03518175216991215
m3,C(ubigeo)[T.190306],-0.10912346785385682,0.0036194768274199485,1.1067767675466817e-199,51862,0.03518175216991215
m3,C(ubigeo)[T.190307],-0.1668364507258153,0.0036709645572535485,0.0,51862,0.03518175216991215
m3,C(ubigeo)[T.190308],-0.1387109567097864,0.0028931400079682187,0.0,51862,0.03518175216991215
m3,C(ubigeo)[T.190402],-0.10875715642382,0.00277513937199695,0.0,51862,0.03518175216991215
m3,C(ubigeo)[T.190403],-0.12791155318237313,0.0024661010482145557,0.0,51862,0.03518175216991215
m3,C(ubigeo)[T.190404],-0.1814278043580949,0.0037252069823484196,0.0,51862,0.03518175216991215
m3,C(ubigeo)[T.190405],-0.15939785895126535,0.0035254544574408846,0.0,51862,0.03518175216991215
m3,C(ubigeo)[T.190406],-0.09008074854167278,0.0036377732542651094,2.2679826094846755e-135,51862,0.03518175216991215
m3,C(ubigeo)[T.190407],-0.0796135523852305,0.0031726626784013964,5.840227393861964e-139,51862,0.03518175216991215
m3,C(ubigeo)[T.190408],-0.15710301554938128,0.0030211344953221635,0.0,51862,0.03518175216991215
m3,C(ubigeo)[T.190409],-0.1466403631181484,0.003620063114256993,0.0,51862,0.03518175216991215
m3,C(ubigeo)[T.190410],-0.11044292038238526,0.0023831295474735044,0.0,51862,0.03518175216991215
m3,C(ubigeo)[T.190502],-0.13740821710124856,0.00344526966258716,0.0,51862,0.03518175216991215
m3,C(ubigeo)[T.190503],-0.03134396565968152,0.002783917391337853,2.0925478642109173e-29,51862,0.03518175216991215
m3,C(ubigeo)[T.190504],-0.1699774973989493,0.0037998108712237067,0.0,51862,0.03518175216991215
m3,C(ubigeo)[T.190505],-0.16875680294530127,0.0037975050304456027,0.0,51862,0.03518175216991215
m3,C(ubigeo)[T.190506],-0.12915233886883482,0.0033032612327617054,0.0,51862,0.03518175216991215
m3,C(ubigeo)[T.190507],-0.14188409691772252,0.003943875978201888,1.999800721191579e-283,51862,0.03518175216991215
m3,C(ubigeo)[T.190602],-0.19893232368576563,0.004283952002342634,0.0,51862,0.03518175216991215
m3,C(ubigeo)[T.190603],0.07532937828899286,0.0038140202618398554,7.919242005280561e-87,51862,0.03518175216991215
m3,C(ubigeo)[T.190604],-0.18999185877271957,0.004305821688507309,0.0,51862,0.03518175216991215
m3,C(ubigeo)[T.190605],-0.08993972127648095,0.0023421104283264287,0.0,51862,0.03518175216991215
m3,C(ubigeo)[T.190606],-0.2013525087176486,0.004235031810188793,0.0,51862,0.03518175216991215
m3,C(ubigeo)[T.190607],-0.14212795660198047,0.003747000482672495,0.0,51862,0.03518175216991215
m3,C(ubigeo)[T.190608],-0.200340935803542,0.0042100255575046605,0.0,51862,0.03518175216991215
m3,C(ubigeo)[T.190702],-0.181184370507202,0.003899884316609868,0.0,51862,0.03518175216991215
m3,C(ubigeo)[T.190703],-0.17794167621824303,0.003503781971555698,0.0,51862,0.03518175216991215
m3,C(ubigeo)[T.190704],-0.11869782563915883,0.0033707640188151873,1.2242460653743718e-271,51862,0.03518175216991215
m3,C(ubigeo)[T.190705],-0.1700646390481555,0.003710964622656593,0.0,51862,0.03518175216991215
m3,C(ubigeo)[T.190706],-0.18200129645269753,0.003446346912501073,0.0,51862,0.03518175216991215
m3,C(ubigeo)[T.190802],-0.07750272547638425,0.0036902069616514773,6.252466044345516e-98,51862,0.03518175216991215
m3,C(ubigeo)[T.190803],-0.004625285022847751,0.004602101261987471,0.3148787224329037,51862,0.03518175216991215
m3,C(ubigeo)[T.190804],-0.07883851551159385,0.0033476951515780348,1.2527515102552474e-122,51862,0.03518175216991215
m3,C(ubigeo)[T.190805],-0.08957437554419569,0.002772887294767636,6.216560011490178e-229,51862,0.03518175216991215
m3,C(ubigeo)[T.190806],0.005353206005048065,0.0021053821704331926,0.011002194380973536,51862,0.03518175216991215
m3,C(ubigeo)[T.200102],-0.1983426998393932,0.0046144488353559564,0.0,51862,0.03518175216991215
m3,C(ubigeo)[T.200103],-0.12868541452018464,0.0040288815482982954,7.2668196604993e-224,51862,0.03518175216991215
m3,C(ubigeo)[T.200104],-0.17858327328147716,0.0040716940155551395,0.0,51862,0.03518175216991215
m3,C(ubigeo)[T.200105],-0.16446314367464265,0.004257945926905017,0.0,51862,0.03518175216991215
m3,C(ubigeo)[T.200106],-0.16628986625254316,0.003984234546233193,0.0,51862,0.03518175216991215
m3,C(ubigeo)[T.200107],-0.13229883899317024,0.003943240303014779,8.766394728110068e-247,51862,0.03518175216991215
m3,C(ubigeo)[T.200108],-0.084941303614441,0.00386473131629338,4.61684817801433e-107,51862,0.03518175216991215
m3,C(ubigeo)[T.200109],-0.1367674241303518,0.003909852501260419,4.500573619067014e-268,51862,0.03518175216991215
m3,C(ubigeo)[T.200110],-0.13088559817395318,0.0027852017900055893,0.0,51862,0.03518175216991215
m3,C(ubigeo)[T.200111],-0.06869700536556148,0.003085436154028749,8.08572935647612e-110,51862,0.03518175216991215
m3,C(ubigeo)[T.200112],-0.1511885236815479,0.004160582304304211,4.020219861824461e-289,51862,0.03518175216991215
m3,C(ubigeo)[T.200113],-0.13116656801715304,0.0034285760754679323,0.0,51862,0.03518175216991215
m3,C(ubigeo)[T.200114],-0.18544288416937116,0.004315283057472113,0.0,51862,0.03518175216991215
m3,C(ubigeo)[T.200115],-0.10855542297656579,0.0039635697574232345,3.780729641216994e-165,51862,0.03518175216991215
m3,C(ubigeo)[T.200202],-0.051337995682001515,0.003722732817986579,2.9111833522441502e-43,51862,0.03518175216991215
m3,C(ubigeo)[T.200203],-0.15667955139053572,0.003860672571981471,0.0,51862,0.03518175216991215
m3,C(ubigeo)[T.200204],-0.1677175969235259,0.004554300688474522,7.031924226771923e-297,51862,0.03518175216991215
m3,C(ubigeo)[T.200205],-0.09833655010293194,0.0033086759591964762,4.13415032204631e-194,51862,0.03518175216991215
m3,C(ubigeo)[T.200206],-0.16171028319575115,0.003958357958206771,0.0,51862,0.03518175216991215
m3,C(ubigeo)[T.200207],-0.11520307945519306,0.0034411751522172673,1.0132931820935913e-245,51862,0.03518175216991215
m3,C(ubigeo)[T.200208],-0.1445843533326836,0.003783492070538861,0.0,51862,0.03518175216991215
m3,C(ubigeo)[T.200210],-0.08278209882491175,0.0035826511075079484,3.994315411649541e-118,51862,0.03518175216991215
m3,C(ubigeo)[T.200212],-0.15262355570605873,0.003684226648636856,0.0,51862,0.03518175216991215
m3,C(ubigeo)[T.200213],-0.1349448991938012,0.0035513767557332275,0.0,51862,0.03518175216991215
m3,C(ubigeo)[T.200214],-0.1593154226465867,0.004034041894287438,0.0,51862,0.03518175216991215
m3,C(ubigeo)[T.200215],-0.13305412643001724,0.0033961767898189918,0.0,51862,0.03518175216991215
m3,C(ubigeo)[T.200216],-0.19994279089883077,0.0042668468386790545,0.0,51862,0.03518175216991215
m3,C(ubigeo)[T.200217],-0.13745145158939848,0.00347356400714387,0.0,51862,0.03518175216991215
m3,C(ubigeo)[T.200302],-0.1044039840106311,0.0035700114561138946,5.2410871521737494e-188,51862,0.03518175216991215
m3,C(ubigeo)[T.200303],-0.17543095853216104,0.0033398974482781577,0.0,51862,0.03518175216991215
m3,C(ubigeo)[T.200304],-0.1823654582494155,0.003966926683060996,0.0,51862,0.03518175216991215
m3,C(ubigeo)[T.200305],-0.11376346439068659,0.0038777241352248334,3.4306995678204554e-189,51862,0.03518175216991215
m3,C(ubigeo)[T.200306],-0.11236925326556711,0.0032054519185214358,3.1962374080047776e-269,51862,0.03518175216991215
m3,C(ubigeo)[T.200307],-0.11737079782746321,0.0033034434057128375,1.7022611902898356e-276,51862,0.03518175216991215
m3,C(ubigeo)[T.200308],-0.12777257213161425,0.00290693735645459,0.0,51862,0.03518175216991215
m3,C(ubigeo)[T.200309],0.16218929261397735,0.0034144017603394833,0.0,51862,0.03518175216991215
m3,C(ubigeo)[T.200310],-0.11496810614201113,0.003125910001570683,3.9877354759519984e-296,51862,0.03518175216991215
m3,C(ubigeo)[T.200402],0.07572793166716266,0.0022434971220412943,9.209610920747488e-250,51862,0.03518175216991215
m3,C(ubigeo)[T.200403],-0.15876738736150936,0.003707766089005399,0.0,51862,0.03518175216991215
m3,C(ubigeo)[T.200406],-0.09718413837760691,0.0034453951258042767,4.803533720739106e-175,51862,0.03518175216991215
m3,C(ubigeo)[T.200407],-0.16264570200073522,0.003112607201546708,0.0,51862,0.03518175216991215
m3,C(ubigeo)[T.200410],-0.12074379288830914,0.0032789733778948063,7.723176784329505e-297,51862,0.03518175216991215
m3,C(ubigeo)[T.200412],-0.1499633654894906,0.0032353226744059062,0.0,51862,0.03518175216991215
m3,C(ubigeo)[T.200502],-0.1717316741467565,0.0037176942102147624,0.0,51862,0.03518175216991215
m3,C(ubigeo)[T.200504],-0.13421600824938945,0.0034088152802396244,0.0,51862,0.03518175216991215
m3,C(ubigeo)[T.200506],-0.17136530311164536,0.004047137465249245,0.0,51862,0.03518175216991215
m3,C(ubigeo)[T.200507],-0.1909201792346309,0.004617727998154155,0.0,51862,0.03518175216991215
m3,C(ubigeo)[T.200508],-0.15179580191447728,0.003896414103731575,0.0,51862,0.03518175216991215
m3,C(ubigeo)[T.200509],-0.18897863868269754,0.0044642082219842226,0.0,51862,0.03518175216991215
m3,C(ubigeo)[T.200511],-0.13900049278838567,0.0033847591475201794,0.0,51862,0.03518175216991215
m3,C(ubigeo)[T.200602],-0.17089218290228986,0.003711704033699402,0.0,51862,0.03518175216991215
m3,C(ubigeo)[T.200603],-0.16056517710040946,0.00366496416175682,0.0,51862,0.03518175216991215
m3,C(ubigeo)[T.200604],-0.13871736041546165,0.0039561087797291,2.3782179424614143e-269,51862,0.03518175216991215
m3,C(ubigeo)[T.200605],-0.18849821448387458,0.004170533865062045,0.0,51862,0.03518175216991215
m3,C(ubigeo)[T.200606],-0.07033206370146061,0.00299924004039079,1.3230991057369968e-121,51862,0.03518175216991215
m3,C(ubigeo)[T.200607],-0.16447978611948205,0.003979293497337976,0.0,51862,0.03518175216991215
m3,C(ubigeo)[T.200608],-0.14315274048593912,0.0032511750921342896,0.0,51862,0.03518175216991215
m3,C(ubigeo)[T.200609],-0.1711446380304445,0.004049032628671321,0.0,51862,0.03518175216991215
m3,C(ubigeo)[T.200610],-0.10308987504308448,0.003203744168947809,3.593028789963642e-227,51862,0.03518175216991215
m3,C(ubigeo)[T.200702],-0.18029453419121322,0.0040836164117913016,0.0,51862,0.03518175216991215
m3,C(ubigeo)[T.200703],-0.13637412190443443,0.0033463446063377827,0.0,51862,0.03518175216991215
m3,C(ubigeo)[T.200704],-0.15771187248046065,0.0036495157351619204,0.0,51862,0.03518175216991215
m3,C(ubigeo)[T.200705],-0.15029423800203226,0.0036150292984536373,0.0,51862,0.03518175216991215
m3,C(ubigeo)[T.200706],-0.18426011089842928,0.0034031189042533893,0.0,51862,0.03518175216991215
m3,C(ubigeo)[T.200707],-0.17332724826260387,0.003825477904235117,0.0,51862,0.03518175216991215
m3,C(ubigeo)[T.200708],-0.19785681476625375,0.0042807077674606436,0.0,51862,0.03518175216991215
m3,C(ubigeo)[T.200709],-0.17853840342013394,0.0033517434678281078,0.0,51862,0.03518175216991215
m3,C(ubigeo)[T.200803],-0.12629544958379732,0.0035224208368579784,1.551963070887732e-281,51862,0.03518175216991215
m3,C(ubigeo)[T.200804],-0.17687879626000408,0.004155651793921114,0.0,51862,0.03518175216991215
m3,C(ubigeo)[T.200805],-0.141189382537441,0.003577477692201532,0.0,51862,0.03518175216991215
m3,C(ubigeo)[T.200806],-0.1374290904248674,0.004049827971061769,2.0616458077058306e-252,51862,0.03518175216991215
m3,C(ubigeo)[T.200807],-0.05426950300361559,0.0030398466121149314,2.753400816780881e-71,51862,0.03518175216991215
m3,C(ubigeo)[T.200808],-0.17025963898859076,0.004206163966166377,0.0,51862,0.03518175216991215
m3,C(ubigeo)[T.200810],-0.14468624127913343,0.0036859743091168878,0.0,51862,0.03518175216991215
m3,C(ubigeo)[T.200811],-0.11937438022881572,0.003344968543074349,6.1247107778969944e-279,51862,0.03518175216991215
m3,C(ubigeo)[T.200812],-0.16213586011071224,0.004098580731243521,0.0,51862,0.03518175216991215
m3,C(ubigeo)[T.200902],-0.20029389629296318,0.00452594307869684,0.0,51862,0.03518175216991215
m3,C(ubigeo)[T.200903],-0.19349759590925908,0.004020557308170363,0.0,51862,0.03518175216991215
m3,C(ubigeo)[T.200904],-0.1991302828908069,0.004868291443694454,0.0,51862,0.03518175216991215
m3,C(ubigeo)[T.200905],-0.23191969265433263,0.005288164632302001,0.0,51862,0.03518175216991215
m3,C(ubigeo)[T.201002],-0.10878023895071774,0.004103570023810531,7.697206070579845e-155,51862,0.03518175216991215
m3,C(ubigeo)[T.201003],-0.07533782462154623,0.0041389820349293435,4.9741348719005875e-74,51862,0.03518175216991215
m3,C(ubigeo)[T.201004],-0.14770554722109627,0.004093260272907562,3.8903372431841624e-285,51862,0.03518175216991215
m3,C(ubigeo)[T.201005],-0.0023971115890226782,0.003357419733122561,0.4752430372535943,51862,0.03518175216991215
m3,C(ubigeo)[T.201006],-0.1300758146989407,0.0041118373592008515,1.2399940649414912e-219,51862,0.03518175216991215
m3,C(ubigeo)[T.201007],-0.08661297447645988,0.0037516305119644788,6.290212749126438e-118,51862,0.03518175216991215
m3,C(ubigeo)[T.201102],-0.12373875883560685,0.0036034017814735287,2.0255428801774472e-258,51862,0.03518175216991215
m3,C(ubigeo)[T.201103],0.0015070015346441562,0.0027407566505123957,0.582423139354159,51862,0.03518175216991215
m3,C(ubigeo)[T.201104],-0.11275664382558687,0.00394120009327632,5.085683119465741e-180,51862,0.03518175216991215
m3,C(ubigeo)[T.201105],-0.1071619785044596,0.003595522414463097,3.43766956117384e-195,51862,0.03518175216991215
m3,C(ubigeo)[T.201202],-0.14434405812030257,0.003315218490052631,0.0,51862,0.03518175216991215
m3,C(ubigeo)[T.201203],-0.11367785664398654,0.0037883186521506618,7.841173372615064e-198,51862,0.03518175216991215
m3,C(ubigeo)[T.201204],-0.10835023348091868,0.0029872392744901004,4.63331641296646e-288,51862,0.03518175216991215
m3,C(ubigeo)[T.201205],-0.11613494453503057,0.0037866310650497568,1.4423817692698458e-206,51862,0.03518175216991215
m3,C(ubigeo)[T.201302],-0.1537736086764827,0.004132275270476007,4.234206594237078e-303,51862,0.03518175216991215
m3,C(ubigeo)[T.201303],-0.18465468702809398,0.004186366250257848,0.0,51862,0.03518175216991215
m3,C(ubigeo)[T.201304],-0.11049429356787233,0.0032281091811519062,9.019505823833874e-257,51862,0.03518175216991215
m3,C(ubigeo)[T.210102],-0.04970993686175691,0.003940033734532118,1.7098894906432234e-36,51862,0.03518175216991215
m3,C(ubigeo)[T.210103],-0.047115752194200604,0.004353580468854834,2.699185073604445e-27,51862,0.03518175216991215
m3,C(ubigeo)[T.210104],-0.13985518753606338,0.004139852601621623,3.5465384076953196e-250,51862,0.03518175216991215
m3,C(ubigeo)[T.210105],-0.1530424127887116,0.004271398768206107,3.8257713859758367e-281,51862,0.03518175216991215
m3,C(ubigeo)[T.210106],-0.13490120223421653,0.004138088214819501,4.1165629218113925e-233,51862,0.03518175216991215
m3,C(ubigeo)[T.210202],-0.10454155121591044,0.004046766152226021,3.743096677903793e-147,51862,0.03518175216991215
m3,C(ubigeo)[T.210203],-0.11772355685997868,0.00404149241469136,1.5535896964870685e-186,51862,0.03518175216991215
m3,C(ubigeo)[T.210204],-0.05560787587125971,0.0040843004062653,3.260082244592453e-42,51862,0.03518175216991215
m3,C(ubigeo)[T.210205],-0.07574678454608846,0.003966844175148859,2.7799830559954216e-81,51862,0.03518175216991215
m3,C(ubigeo)[T.210206],-0.08520071642368557,0.003962047390173702,1.4217243152654665e-102,51862,0.03518175216991215
m3,C(ubigeo)[T.210303],-0.14362273116378205,0.004209935559059266,4.392408393132762e-255,51862,0.03518175216991215
m3,C(ubigeo)[T.210304],-0.11578603466377035,0.004022488603309043,3.336217891674679e-182,51862,0.03518175216991215
m3,C(ubigeo)[T.210305],-0.07364129057560226,0.003963117086780697,4.52303523198135e-77,51862,0.03518175216991215
m3,C(ubigeo)[T.210306],-0.07379979044125602,0.003594999878365364,1.1992962205317058e-93,51862,0.03518175216991215
m3,C(ubigeo)[T.210307],-0.036257491365600344,0.003958873709087526,5.2605632040367357e-20,51862,0.03518175216991215
m3,C(ubigeo)[T.210311],-0.052803710632828696,0.004072123281820903,1.8796120828415047e-38,51862,0.03518175216991215
m3,C(ubigeo)[T.210313],-0.15219026438539696,0.004334785597856948,4.902435657413631e-270,51862,0.03518175216991215
m3,C(ubigeo)[T.210314],-0.07107035518184052,0.00385604886172571,7.427181399127547e-76,51862,0.03518175216991215
m3,C(ubigeo)[T.210315],-0.11823189291127367,0.004000519628797851,5.8110714862263736e-192,51862,0.03518175216991215
m3,C(ubigeo)[T.210316],-0.0650866041052319,0.003971907134037956,2.378690740330094e-60,51862,0.03518175216991215
m3,C(ubigeo)[T.210402],-0.1573749911194311,0.004218573095231672,1.3482298155674332e-304,51862,0.03518175216991215
m3,C(ubigeo)[T.210403],-0.16193033266906803,0.004164380457811668,0.0,51862,0.03518175216991215
m3,C(ubigeo)[T.210404],-0.16093479606389838,0.004223172909908369,0.0,51862,0.03518175216991215
m3,C(ubigeo)[T.210405],0.05957096461297071,0.004063009820202845,1.1326079273055565e-48,51862,0.03518175216991215
m3,C(ubigeo)[T.210502],-0.039946624277536785,0.003967021890726414,7.522564796818038e-24,51862,0.03518175216991215
m3,C(ubigeo)[T.210503],-0.12615513292386718,0.004238133204931575,1.0552071338086366e-194,51862,0.03518175216991215
m3,C(ubigeo)[T.210504],-0.13188662275810964,0.004223094233402145,4.191603613367134e-214,51862,0.03518175216991215
m3,C(ubigeo)[T.210505],-0.19595684177648126,0.0046891810956833846,0.0,51862,0.03518175216991215
m3,C(ubigeo)[T.210506],0.0637539879250826,0.004005186408815731,4.7641044389482285e-57,51862,0.03518175216991215
m3,C(ubigeo)[T.210507],-0.11970129279366193,0.004246964177799439,8.894261107539235e-175,51862,0.03518175216991215
m3,C(ubigeo)[T.210508],-0.17364929979544236,0.0043520910939607105,0.0,51862,0.03518175216991215
m3,C(ubigeo)[T.210509],-0.141307945857918,0.0040981935758438014,1.5700769104081171e-260,51862,0.03518175216991215
m3,C(ubigeo)[T.210602],-0.0648719001448563,0.0040622182612992915,2.0819887302574803e-57,51862,0.03518175216991215
m3,C(ubigeo)[T.210604],-0.05994287679732513,0.003994674612706042,6.737942619489991e-51,51862,0.03518175216991215
m3,C(ubigeo)[T.210606],-0.12831085755346333,0.0040898759358940565,4.755781627434577e-216,51862,0.03518175216991215
m3,C(ubigeo)[T.210607],-0.1183638412929028,0.0044769251533956144,4.928564095256835e-154,51862,0.03518175216991215
m3,C(ubigeo)[T.210608],-0.10624933951824997,0.004272449373227117,1.6320184410491824e-136,51862,0.03518175216991215
m3,C(ubigeo)[T.210609],-0.1409403102593171,0.0044065419637486745,1.8008075124789952e-224,51862,0.03518175216991215
m3,C(ubigeo)[T.210610],-0.11809054445289842,0.0041825835934446425,2.245580192644347e-175,51862,0.03518175216991215
m3,C(ubigeo)[T.210611],-0.19496971638106378,0.004601008771300958,0.0,51862,0.03518175216991215
m3,C(ubigeo)[T.210612],-0.12666869131353764,0.0041479140374759155,8.17970618516827e-205,51862,0.03518175216991215
m3,C(ubigeo)[T.210616],-0.004613189346975827,0.003857064705074063,0.23168239898584975,51862,0.03518175216991215
m3,C(ubigeo)[T.210619],-0.12386419406109189,0.004046433335373522,8.815972448498053e-206,51862,0.03518175216991215
m3,C(ubigeo)[T.210620],-0.07821767134380345,0.0040548531727655854,6.531221960281912e-83,51862,0.03518175216991215
m3,C(ubigeo)[T.210621],-0.1765474102782868,0.004417949664052928,0.0,51862,0.03518175216991215
m3,C(ubigeo)[T.210702],-0.09835385664629964,0.003802867158578501,1.7340574761303234e-147,51862,0.03518175216991215
m3,C(ubigeo)[T.210703],0.047367999654128065,0.003955111035031478,4.723839563090164e-33,51862,0.03518175216991215
m3,C(ubigeo)[T.210704],-0.13978138963133646,0.004125969711635754,1.3844430049202343e-251,51862,0.03518175216991215
m3,C(ubigeo)[T.210705],-0.09794956698743801,0.0038742084049361736,4.979513662508819e-141,51862,0.03518175216991215
m3,C(ubigeo)[T.210706],-0.127715106496204,0.004002411049788315,1.968634805789779e-223,51862,0.03518175216991215
m3,C(ubigeo)[T.210802],-0.18538623759017384,0.004755026888203245,0.0,51862,0.03518175216991215
m3,C(ubigeo)[T.210803],-0.17964497799853882,0.00434031006010201,0.0,51862,0.03518175216991215
m3,C(ubigeo)[T.210804],-0.14591886318412414,0.0042001485679137515,1.8718984749514028e-264,51862,0.03518175216991215
m3,C(ubigeo)[T.210805],-0.17324270515783832,0.004294355516609163,0.0,51862,0.03518175216991215
m3,C(ubigeo)[T.210806],-0.1584497285283789,0.005249866769523757,4.1222471461131517e-200,51862,0.03518175216991215
m3,C(ubigeo)[T.210902],-0.08495198590450487,0.004108426827843335,5.523255474304427e-95,51862,0.03518175216991215
m3,C(ubigeo)[T.210903],-0.003719236528245254,0.003952304435278753,0.34668955229339016,51862,0.03518175216991215
m3,C(ubigeo)[T.210904],0.019451029778819323,0.003838106119851515,4.022881853973227e-07,51862,0.03518175216991215
m3,C(ubigeo)[T.210905],-0.09606826875873425,0.004188547524639944,2.0357069613745857e-116,51862,0.03518175216991215
m3,C(ubigeo)[T.210906],0.019720304131863778,0.0037444592926778627,1.3902715635028648e-07,51862,0.03518175216991215
m3,C(ubigeo)[T.210907],-0.0875592901851536,0.004047343762407538,8.64299861547973e-104,51862,0.03518175216991215
m3,C(ubigeo)[T.210908],-0.09274778532570843,0.004029175297719266,3.0046039501614705e-117,51862,0.03518175216991215
m3,C(ubigeo)[T.210909],0.13040917530111856,0.003958873709087707,5.696082094916332e-238,51862,0.03518175216991215
m3,C(ubigeo)[T.210910],-0.11186228423069715,0.004103448966833345,1.2460111553808736e-163,51862,0.03518175216991215
m3,C(ubigeo)[T.211002],-0.0966993891788717,0.004115181041159856,4.254261359902366e-122,51862,0.03518175216991215
m3,C(ubigeo)[T.211003],-0.024821657276077158,0.003986066799157335,4.751321161890084e-10,51862,0.03518175216991215
m3,C(ubigeo)[T.211004],-0.09374121855036963,0.00394238447739976,5.668998356623253e-125,51862,0.03518175216991215
m3,C(ubigeo)[T.211005],-0.11327117358050778,0.004214056346528861,3.8277362435289556e-159,51862,0.03518175216991215
m3,C(ubigeo)[T.220102],-0.11183811683575887,0.0028205752209999415,0.0,51862,0.03518175216991215
m3,C(ubigeo)[T.220104],-0.05353377441374692,0.0021541375256647673,2.4846117631907583e-136,51862,0.03518175216991215
m3,C(ubigeo)[T.220107],-0.16919588442966807,0.003668964283087523,0.0,51862,0.03518175216991215
m3,C(ubigeo)[T.220108],-0.1108471431955601,0.0034877615886458216,1.1572353046666443e-221,51862,0.03518175216991215
m3,C(ubigeo)[T.220109],-0.19845128597242268,0.004065506492520172,0.0,51862,0.03518175216991215
m3,C(ubigeo)[T.220110],-0.1729797276593063,0.004061868266122496,0.0,51862,0.03518175216991215
m3,C(ubigeo)[T.220111],-0.20883039018583255,0.004623715099980624,0.0,51862,0.03518175216991215
m3,C(ubigeo)[T.220112],-0.21191067597663607,0.00513177820722393,0.0,51862,0.03518175216991215
m3,C(ubigeo)[T.220113],-0.2110651324434727,0.0052171513551807,0.0,51862,0.03518175216991215
m3,C(ubigeo)[T.220114],-0.21027681832319245,0.004922920185302636,0.0,51862,0.03518175216991215
m3,C(ubigeo)[T.220205],-0.08305629377550541,0.003449029167510995,3.947665592098868e-128,51862,0.03518175216991215
m3,C(ubigeo)[T.220206],0.016992712476457776,0.0034511823781848195,8.490717097384277e-07,51862,0.03518175216991215
m3,C(ubigeo)[T.220207],-0.10818114560397196,0.003447747212774152,4.1233841005871425e-216,51862,0.03518175216991215
m3,C(ubigeo)[T.220210],0.01255158467776643,0.0034512114462073563,0.0002759781650791586,51862,0.03518175216991215
m3,C(ubigeo)[T.220211],-0.10358977941385675,0.0031885769485204157,1.5867733886523256e-231,51862,0.03518175216991215
m3,C(ubigeo)[T.220212],-0.0874539651157758,0.002910655291894561,2.451900912904742e-198,51862,0.03518175216991215
m3,C(ubigeo)[T.220213],-0.11879125145057753,0.0034265776064234203,2.4251840430046424e-263,51862,0.03518175216991215
m3,C(ubigeo)[T.220302],-0.1427227162773444,0.004431754150295212,1.5233913812744687e-227,51862,0.03518175216991215
m3,C(ubigeo)[T.220303],-0.15751802820512237,0.003411055497462529,0.0,51862,0.03518175216991215
m3,C(ubigeo)[T.220402],-0.06839203426567839,0.003640078381356863,9.358870746721417e-79,51862,0.03518175216991215
m3,C(ubigeo)[T.220403],0.05296819218768044,0.001956294142364613,1.8992239632603012e-161,51862,0.03518175216991215
m3,C(ubigeo)[T.220404],-0.06865822820149473,0.002497326612405552,2.1470042670142976e-166,51862,0.03518175216991215
m3,C(ubigeo)[T.220405],-0.07301124309596432,0.0025212602043421612,2.2103759016893296e-184,51862,0.03518175216991215
m3,C(ubigeo)[T.220406],-0.049151003127373014,0.003311835249387612,7.954091636362066e-50,51862,0.03518175216991215
m3,C(ubigeo)[T.230102],-0.17520749488464674,0.0035992749583175997,0.0,51862,0.03518175216991215
m3,C(ubigeo)[T.230103],-0.19186337977469908,0.0041156483578626,0.0,51862,0.03518175216991215
m3,C(ubigeo)[T.230104],-0.03384396711320046,0.0032148114100758393,6.451689128948144e-26,51862,0.03518175216991215
m3,C(ubigeo)[T.230105],-0.1126324157333233,0.002687249373592314,0.0,51862,0.03518175216991215
m3,C(ubigeo)[T.230106],-0.17131685965244037,0.0035261101962515413,0.0,51862,0.03518175216991215
m3,C(ubigeo)[T.230202],0.057907525551014305,0.0017656352396051825,6.499145470933483e-236,51862,0.03518175216991215
m3,C(ubigeo)[T.230203],-0.14273911295654196,0.003449860334140009,0.0,51862,0.03518175216991215
m3,C(ubigeo)[T.230302],-0.09422355204370961,0.0032738167216452823,3.714581884279184e-182,51862,0.03518175216991215
m3,C(ubigeo)[T.230303],-0.14168444145851028,0.0038300751180260577,1.5059619117345302e-299,51862,0.03518175216991215
m3,C(ubigeo)[T.230304],-0.1658925185596203,0.0039291797709854115,0.0,51862,0.03518175216991215
m3,C(ubigeo)[T.240102],-0.21176662229003454,0.00514350697532619,0.0,51862,0.03518175216991215
m3,C(ubigeo)[T.240103],-0.12171085117664973,0.0036730427632844574,8.937506702008344e-241,51862,0.03518175216991215
m3,C(ubigeo)[T.240104],-0.2109979625232473,0.005151374910675288,0.0,51862,0.03518175216991215
m3,C(ubigeo)[T.240105],-0.21169955432863688,0.00488916378808627,0.0,51862,0.03518175216991215
m3,C(ubigeo)[T.240106],-0.21554852857666162,0.005229258538730451,0.0,51862,0.03518175216991215
m3,C(ubigeo)[T.240107],-0.2160856097714554,0.00495517873409682,0.0,51862,0.03518175216991215
m3,C(ubigeo)[T.250102],-0.19946082542852703,0.005274953920071465,0.0,51862,0.03518175216991215
m3,C(ubigeo)[T.250103],-0.15822409071317978,0.0034357070085196464,0.0,51862,0.03518175216991215
m3,C(ubigeo)[T.250104],-0.1754901213288473,0.004072005803243,0.0,51862,0.03518175216991215
m3,C(ubigeo)[T.250105],-0.18112887830500995,0.004045718397843502,0.0,51862,0.03518175216991215
m3,C(ubigeo)[T.250106],-0.08270946946205689,0.004189822084408267,9.668426237672084e-87,51862,0.03518175216991215
m3,C(ubigeo)[T.250107],-0.20660393015296016,0.005290646714369551,0.0,51862,0.03518175216991215
m3,C(ubigeo)[T.250202],-0.1710662869511932,0.0038768978567672524,0.0,51862,0.03518175216991215
m3,C(ubigeo)[T.250203],-0.137979585837473,0.0032373329032920842,0.0,51862,0.03518175216991215
m3,C(ubigeo)[T.250204],-0.16531120165234284,0.004115630662485098,0.0,51862,0.03518175216991215
m3,C(ubigeo)[T.250205],-0.16602688152027587,0.003841814019713287,0.0,51862,0.03518175216991215
m3,C(ubigeo)[T.250206],-0.18614540114742245,0.004113240654373571,0.0,51862,0.03518175216991215
m3,C(ubigeo)[T.250207],-0.1653112016524912,0.004115630662483351,0.0,51862,0.03518175216991215
m3,C(ubigeo)[T.250302],0.023785106770641225,0.0037701003389014444,2.8106378131110675e-10,51862,0.03518175216991215
m3,C(ubigeo)[T.250303],-0.11545143822845594,0.00390532762829769,4.53014604192938e-192,51862,0.03518175216991215
m3,C(ubigeo)[T.250304],-0.11692642860907863,0.0036800950988819165,1.544654555981661e-221,51862,0.03518175216991215
m3,C(year)[T.2010],-0.003116086993282493,0.003747189256102559,0.40564615264509973,51862,0.03518175216991215
m3,C(year)[T.2014],-0.00812066993919363,0.0033049395490546856,0.014005154467081503,51862,0.03518175216991215
m3,C(year)[T.2018],0.02543677813762799,0.003216771117463447,2.625039202315194e-15,51862,0.03518175216991215
m3,C(year)[T.2022],0.02543677813762571,0.0032167711174634216,2.6250392023288325e-15,51862,0.03518175216991215
m3,position,-0.005217107509840793,0.0007448584450659187,2.4847255015263755e-12,51862,0.03518175216991215
m3,movement,0.04975699715937777,0.011598928100037856,1.788399661241627e-05,51862,0.03518175216991215
m3,position:movement,-0.004294079207713927,0.0023506418837094217,0.06773454172891531,51862,0.03518175216991215
